{"GameVersion":"1.18.6","SizeX":1,"SizeY":5,"SizeZ":1,"BlockCodes":{"402":"game:bonyremains-ribcage","8613":"game:meta-underground","2621":"game:bonysoil","8109":"game:chest-east","8606":"game:clutter"},"ItemCodes":{"272":"game:stackrandomizer-seed","259":"game:stackrandomizer-cloth-mediumstatus","3080":"game:stackrandomizer-ruinedweapon","343":"game:bone","1437":"game:rot"},"Indices":[0,1048576,2097152,3145728,4194304],"BlockIds":[8613,2621,8109,8613,8606],"DecorIndices":[],"DecorIds":[],"BlockEntities":{"2097152":"!<d@[F*QX3#64c-E,TfC\"TSN&!<d@[F*`DY#64o6@VfsmCI<#NAI;p\\ATMrFARTY%\"po!]G%GQ5DfU+(#'\"^#Dfg%+!!!!'\"`nKuFE7Zf0E;+R!!!Q2!!!$\"!!!!(!AOQT!!!!$!<<*#z#6?R[!<<*\"#Rg\\5!<<*\"!!`N^z!0R?_!!*'\"!!!6)2?3aX!!$($!!!*$!!!!(!B0uZ!!!\"i\"TSN-z!!!02AoD]VCi<g!6Z6LH$=da\\F*'!F@<6Mo\"E\\p.AI;pcCi!O!F(Jl:\":8pVF(djWB5D,Zz","4194304":"!<d@[F*QX3#64c-E,TfC#64`(!<d@[F*`DY#64o6@VfsmCI<#NAHu^]F`__:EWlSfH#R='B6%F(ATMs3DIkCU\":&scFCB9&=9&=$!!EUFATMNNDJ*csjNEk)\":&scFCB9&=o\\O&!!rsADes6$@ru9m!!!"},"Entities":[],"ReplaceMode":2,"EntranceRotation":-1}