{"GameVersion":"1.18.6","SizeX":1,"SizeY":5,"SizeZ":1,"BlockCodes":{"402":"game:bonyremains-ribcage","8613":"game:meta-underground","2621":"game:bonysoil","8109":"game:chest-east","8606":"game:clutter"},"ItemCodes":{"1743":"game:spear-scrap-scrap","3080":"game:stackrandomizer-ruinedweapon","343":"game:bone","1916":"game:armor-body-improvised-wood","1437":"game:rot"},"Indices":[0,1048576,2097152,3145728,4194304],"BlockIds":[8613,2621,8109,8613,8606],"DecorIndices":[],"DecorIds":[],"BlockEntities":{"2097152":"!<d@[F*R6D#64c-E,TfC\"TSN&!<d@[F*`DY#64o6@VfsmCI<#NAI;p\\ATMrFARTY%\"po!]G%GQ5DfU+(#'\"^#Dfg%+!!!!'\"`nKuFE7Zf0E;+R!!(=L!!!$\"!!!!(!AOQT!!!!)$ig8.z#6?U\\zOoYO_!<<*\"!!`N]!!*'\"!*91$!!<3$!!!6)2#mXW!!%BO!!!$\"!!!!(!B'oY!!!\"i\"TSN-z!!!02AoD]VCi<g!6Z6LH$=da\\F*'!F@<6Mo\"E\\p.AI;pcCi!O!F(Jl:\":8pVF(djWB5D,Zz","4194304":"!<d@[F*R6D#64c-E,TfC#64`(!<d@[F*`DY#64o6@VfsmCI<#NAHu^]F`__:EWlSfH#R='B6%F(ATMs3DIkCW\":&scFCB9&=9&=$!!EUFATMNNDJ*csjNEk)\":&scFCB9&=o\\O&!!rsADes6$@ru9m!!!"},"Entities":[],"ReplaceMode":2,"EntranceRotation":-1}