{
	"editor": {
		"collapsedPaths": "Root/Band_second,Root/Musket/Band_first,Root/Band_first,Root/Carbine/Band_third,Root/Stock,Root/Carbine/Flask_origin,Root/Flintlock,Root/Barrel,Root/Musket/Patch,Root/Band_third,Root/Carbine/Flintlock,Root/Musket/Band_second,Root/Musket/Trigger_assembly,Root/Musket/Flintlock,Root/Musket/Stock,Root/Musket/Ramrod,Root/Carbine/Band_first,Root/Musket/Flintlock/Frizzen,Root/Musket/Band_third,Root/Carbine/Ramrod_origin,Root/Trigger_assembly,Root/Carbine/Patch,Root/Ramrod,Root/Carbine/Band_second,Root/Carbine/Trigger_assembly,Root/Musket/Barrel",
		"allAngles": false,
		"entityTextureMode": false
	},
	"textureWidth": 16,
	"textureHeight": 16,
	"textureSizes": {
	},
	"textures": {
		"brass": "game:block/metal/plate/brass",
		"steel": "game:block/metal/plate/steel"
	},
	"elements": [
		{
			"name": "Ramrod_origin",
			"from": [ -0.15, -0.19, -34.0 ],
			"to": [ -0.15, -0.19, -34.0 ],
			"rotationOrigin": [ -0.15, -0.19, -34.0 ],
			"faces": {
				"north": { "texture": "#steel", "uv": [ 0.0, 0.0, 0.5, 0.5 ] },
				"east": { "texture": "#steel", "uv": [ 0.0, 0.0, 0.5, 0.5 ] },
				"south": { "texture": "#steel", "uv": [ 0.0, 0.0, 0.5, 0.5 ] },
				"west": { "texture": "#steel", "uv": [ 0.0, 0.0, 0.5, 0.5 ] },
				"up": { "texture": "#steel", "uv": [ 0.0, 0.0, 0.5, 0.5 ] },
				"down": { "texture": "#steel", "uv": [ 0.0, 0.0, 0.5, 0.5 ] }
			},
			"children": [
				{
					"name": "Ramrod",
					"from": [ 0.0, -0.1, -1.0 ],
					"to": [ 0.3, 0.2, 31.0 ],
					"rotationOrigin": [ 0.05, -0.01, 6.3 ],
					"faces": {
						"north": { "texture": "#steel", "uv": [ 0.0, 0.0, 0.5, 0.5 ] },
						"east": { "texture": "#steel", "uv": [ 0.0, 0.0, 16.0, 0.5 ], "autoUv": false },
						"south": { "texture": "#steel", "uv": [ 0.0, 0.0, 0.5, 0.5 ] },
						"west": { "texture": "#steel", "uv": [ 0.0, 0.0, 16.0, 0.5 ], "autoUv": false },
						"up": { "texture": "#steel", "uv": [ 0.0, 0.0, 0.5, 16.0 ], "autoUv": false },
						"down": { "texture": "#steel", "uv": [ 0.0, 0.0, 0.5, 16.0 ], "autoUv": false }
					},
					"children": [
						{
							"name": "Ramrod_cap",
							"from": [ -0.05, -0.05, -0.2 ],
							"to": [ 0.35, 0.35, 0.0 ],
							"rotationOrigin": [ 0.0, 0.1, -0.3 ],
							"faces": {
								"north": { "texture": "#brass", "uv": [ 0.0, 0.0, 0.5, 0.5 ] },
								"east": { "texture": "#brass", "uv": [ 0.0, 0.0, 0.5, 0.5 ] },
								"south": { "texture": "#brass", "uv": [ 0.0, 0.0, 0.5, 0.5 ] },
								"west": { "texture": "#brass", "uv": [ 0.0, 0.0, 0.5, 0.5 ] },
								"up": { "texture": "#brass", "uv": [ 0.0, 0.0, 0.5, 0.5 ] },
								"down": { "texture": "#brass", "uv": [ 0.0, 0.0, 0.5, 0.5 ] }
							}
						}
					]
				}
			]
		}
	],
	"animations": [
		{
			"name": "Load",
			"code": "load",
			"quantityframes": 285,
			"onActivityStopped": "Stop",
			"onAnimationEnd": "Hold",
			"keyframes": [

			]
		},

		{
			"name": "Prime",
			"code": "prime",
			"quantityframes": 60,
			"onActivityStopped": "Stop",
			"onAnimationEnd": "Hold",
			"keyframes": [

			]
		},

		{
			"name": "Fire",
			"code": "fire",
			"quantityframes": 30,
			"onActivityStopped": "Stop",
			"onAnimationEnd": "Hold",
			"keyframes": [

			]
		}
	]
}