{
	"editor": {
		"allAngles": true,
		"entityTextureMode": true
	},
	"textureWidth": 32,
	"textureHeight": 24,
	"textureSizes": {
		"bottom": [16,16],
		"skin": [32,24]
	},
	"textures": {
	},
	"elements": [
		{
			"name": "Rotation Point",
			"from": [ 0.0, 16.0, 0.0 ],
			"to": [ 0.0, 16.0, 0.0 ],
			"uv": [ 0.0, 0.0 ],
			"rotationOrigin": [ 0.0, 16.0, 0.0 ],
			"rotationZ": -90.0,
			"faces": {
			},
			"children": [
				{
					"name": "Base",
					"from": [ 1.0, 0.0, 8.0 ],
					"to": [ 1.0, 0.0, 8.0 ],
					"uv": [ 0.0, 0.0 ],
					"rotationOrigin": [ 1.0, 0.0, 8.0 ],
					"faces": {
					},
					"children": [
						{
							"name": "PeltBody",
							"from": [ 3.2, 0.0, -1.2 ],
							"to": [ 6.4, 0.336, 1.2 ],
							"unwrapMode": 5,
							"autoUnwrap": false,
							"uv": [ 0.0, 9.0 ],
							"rotationOrigin": [ 3.2, 0.0, -1.2 ],
							"faces": {
								"north": { "texture": "#skin", "uv": [ 10.0, 3.0, 14.0, 3.5 ], "rotation": 180, "autoUv": false, "windMode": [-1,-1,-1,-1] },
								"east": { "texture": "#skin", "uv": [ 6.5, 0.0, 7.0, 3.0 ], "rotation": 90, "autoUv": false, "windMode": [-1,-1,-1,-1] },
								"south": { "texture": "#skin", "uv": [ 3.0, 3.0, 7.0, 3.5 ], "autoUv": false, "windMode": [-1,-1,-1,-1] },
								"west": { "texture": "#skin", "uv": [ 3.0, 0.0, 3.5, 3.0 ], "rotation": 270, "autoUv": false, "windMode": [-1,-1,-1,-1] },
								"up": { "texture": "#skin", "uv": [ 3.0, 0.0, 7.0, 3.0 ], "autoUv": false, "windMode": [-1,-1,-1,-1] },
								"down": { "texture": "#bottom", "uv": [ 5.0, 8.5, 9.0, 11.5 ], "autoUv": false, "windMode": [-1,-1,-1,-1] }
							},
							"children": [
								{
									"name": "LBody",
									"from": [ 0.0, 0.008, 2.0 ],
									"to": [ 3.2, 0.328, 4.0 ],
									"unwrapMode": 5,
									"autoUnwrap": false,
									"uv": [ 0.0, 2.5 ],
									"rotationOrigin": [ 0.0, -0.008, 2.0 ],
									"rotationY": -3.0,
									"faces": {
										"east": { "texture": "#skin", "uv": [ 6.5, 3.0, 7.0, 5.5 ], "rotation": 90, "autoUv": false },
										"south": { "texture": "#skin", "uv": [ 3.0, 5.0, 7.0, 5.5 ], "autoUv": false, "windMode": [-1,-1,-1,-1] },
										"west": { "texture": "#skin", "uv": [ 3.0, 3.0, 3.5, 5.5 ], "rotation": 270, "autoUv": false, "windMode": [-1,-1,-1,-1] },
										"up": { "texture": "#skin", "uv": [ 3.0, 3.0, 7.0, 5.5 ], "autoUv": false, "windMode": [-1,-1,-1,-1] },
										"down": { "texture": "#bottom", "uv": [ 4.5, 2.0, 8.5, 4.5 ], "autoUv": false }
									},
									"children": [
										{
											"name": "LArm",
											"from": [ 0.0, 0.008, 1.2 ],
											"to": [ 0.8, 0.312, 3.2 ],
											"unwrapMode": 5,
											"autoUnwrap": false,
											"uv": [ 6.5, 18.0 ],
											"rotationOrigin": [ 0.0, 0.008, 1.2 ],
											"rotationY": -30.0,
											"faces": {
												"east": { "texture": "#skin", "uv": [ 16.0, 15.5, 16.5, 18.0 ], "rotation": 90, "autoUv": false },
												"south": { "texture": "#skin", "uv": [ 15.5, 18.5, 16.5, 19.0 ], "autoUv": false, "windMode": [-1,-1,-1,-1] },
												"west": { "texture": "#skin", "uv": [ 15.5, 15.5, 16.0, 18.0 ], "rotation": 270, "autoUv": false, "windMode": [-1,-1,-1,-1] },
												"up": { "texture": "#skin", "uv": [ 15.5, 15.5, 16.5, 18.0 ], "autoUv": false, "windMode": [-1,-1,-1,-1] },
												"down": { "texture": "#bottom", "uv": [ 8.5, 11.0, 9.5, 13.5 ], "autoUv": false, "windMode": [-1,-1,-1,-1] }
											},
											"children": [
												{
													"name": "LArmLower",
													"from": [ 0.8, 0.008, 0.0 ],
													"to": [ 1.6, 0.296, 2.0 ],
													"unwrapMode": 5,
													"autoUnwrap": false,
													"uv": [ 8.0, 18.0 ],
													"rotationOrigin": [ 1.6, 0.008, 0.0 ],
													"rotationY": -10.0,
													"faces": {
														"east": { "texture": "#skin", "uv": [ 16.0, 15.5, 16.5, 18.0 ], "rotation": 90, "autoUv": false },
														"south": { "texture": "#skin", "uv": [ 17.5, 14.5, 18.5, 15.0 ], "autoUv": false, "windMode": [-1,-1,-1,-1] },
														"up": { "texture": "#skin", "uv": [ 15.5, 15.5, 16.5, 18.0 ], "autoUv": false, "windMode": [-1,-1,-1,-1] },
														"down": { "texture": "#bottom", "uv": [ 9.5, 12.0, 10.5, 14.5 ], "autoUv": false, "windMode": [-1,-1,-1,-1] }
													}
												}
											]
										}
									]
								},
								{
									"name": "RBody",
									"from": [ 0.0, -0.328, 0.24 ],
									"to": [ 3.2, -0.008, 2.24 ],
									"unwrapMode": 6,
									"autoUnwrap": false,
									"uv": [ 0.0, 9.0 ],
									"rotationOrigin": [ 0.0, 0.0, 0.24 ],
									"rotationX": 180.0,
									"rotationY": -3.0,
									"faces": {
										"east": { "texture": "#skin", "uv": [ 10.0, 3.0, 10.5, 5.5 ], "rotation": 90, "autoUv": false },
										"south": { "texture": "#skin", "uv": [ 10.0, 5.0, 14.0, 5.5 ], "rotation": 180, "autoUv": false, "windMode": [-1,-1,-1,-1] },
										"west": { "texture": "#skin", "uv": [ 13.5, 3.0, 14.0, 5.5 ], "rotation": 270, "autoUv": false, "windMode": [-1,-1,-1,-1] },
										"up": { "texture": "#bottom", "uv": [ 7.0, 6.0, 11.0, 8.5 ], "autoUv": false, "windMode": [-1,-1,-1,-1] },
										"down": { "texture": "#skin", "uv": [ 10.0, 3.0, 14.0, 5.5 ], "autoUv": false, "windMode": [-1,-1,-1,-1] }
									},
									"children": [
										{
											"name": "RArm",
											"from": [ 0.0, 0.008, 1.2 ],
											"to": [ 0.8, 0.312, 3.2 ],
											"unwrapMode": 6,
											"autoUnwrap": false,
											"uv": [ 4.0, 6.5 ],
											"rotationOrigin": [ 0.0, 0.312, 1.2 ],
											"rotationY": -30.0,
											"faces": {
												"east": { "texture": "#skin", "uv": [ 22.0, 21.0, 22.5, 23.5 ], "rotation": 90, "autoUv": false },
												"south": { "texture": "#skin", "uv": [ 21.5, 23.5, 22.5, 24.0 ], "rotation": 180, "autoUv": false, "windMode": [-1,-1,-1,-1] },
												"west": { "texture": "#skin", "uv": [ 21.5, 21.0, 22.0, 23.5 ], "rotation": 270, "autoUv": false, "windMode": [-1,-1,-1,-1] },
												"up": { "texture": "#bottom", "uv": [ 6.0, 5.5, 7.0, 8.0 ], "autoUv": false, "windMode": [-1,-1,-1,-1] },
												"down": { "texture": "#skin", "uv": [ 21.5, 21.0, 22.5, 23.5 ], "autoUv": false, "windMode": [-1,-1,-1,-1] }
											},
											"children": [
												{
													"name": "RArmLower",
													"from": [ 0.8, 0.008, 0.0 ],
													"to": [ 1.6, 0.296, 2.0 ],
													"unwrapMode": 5,
													"autoUnwrap": false,
													"uv": [ 4.5, 6.5 ],
													"rotationOrigin": [ 1.6, 0.296, 0.0 ],
													"rotationY": -10.0,
													"faces": {
														"east": { "texture": "#skin", "uv": [ 22.0, 20.5, 22.5, 23.0 ], "rotation": 90, "autoUv": false, "windMode": [-1,-1,-1,-1] },
														"south": { "texture": "#skin", "uv": [ 21.5, 23.5, 22.5, 24.0 ], "autoUv": false, "windMode": [-1,-1,-1,-1] },
														"up": { "texture": "#bottom", "uv": [ 4.5, 6.5, 5.5, 9.0 ], "autoUv": false, "windMode": [-1,-1,-1,-1] },
														"down": { "texture": "#skin", "uv": [ 21.5, 20.5, 22.5, 23.0 ], "autoUv": false, "windMode": [-1,-1,-1,-1] }
													}
												}
											]
										}
									]
								},
								{
									"name": "PeltAbdomen",
									"from": [ 3.192, 0.008, 0.12 ],
									"to": [ 6.392, 0.328, 2.28 ],
									"unwrapMode": 5,
									"autoUnwrap": false,
									"uv": [ 0.0, 0.0 ],
									"rotationOrigin": [ 3.2, 0.008, 0.12 ],
									"faces": {
										"north": { "texture": "#skin", "uv": [ 20.5, 2.5, 24.5, 3.0 ], "rotation": 180, "autoUv": false, "windMode": [-1,-1,-1,-1] },
										"east": { "texture": "#skin", "uv": [ 17.5, 0.0, 18.0, 2.5 ], "rotation": 90, "autoUv": false, "windMode": [-1,-1,-1,-1] },
										"south": { "texture": "#skin", "uv": [ 14.0, 0.0, 18.0, 0.5 ], "autoUv": false, "windMode": [-1,-1,-1,-1] },
										"up": { "texture": "#skin", "uv": [ 14.0, 0.0, 18.0, 2.5 ], "autoUv": false, "windMode": [-1,-1,-1,-1] },
										"down": { "texture": "#bottom", "uv": [ 3.0, 2.5, 7.0, 5.0 ], "autoUv": false }
									},
									"children": [
										{
											"name": "LAbdomen",
											"from": [ 0.0, 0.008, 1.76 ],
											"to": [ 3.2, 0.312, 3.92 ],
											"unwrapMode": 5,
											"autoUnwrap": false,
											"uv": [ 0.0, 10.5 ],
											"rotationOrigin": [ 0.0, 0.008, 1.76 ],
											"rotationY": -3.0,
											"faces": {
												"east": { "texture": "#skin", "uv": [ 17.5, 2.5, 18.0, 5.0 ], "rotation": 90, "autoUv": false },
												"south": { "texture": "#skin", "uv": [ 14.0, 5.0, 18.0, 5.5 ], "autoUv": false, "windMode": [-1,-1,-1,-1] },
												"west": { "texture": "#skin", "uv": [ 14.0, 2.5, 14.5, 5.0 ], "rotation": 270, "autoUv": false, "windMode": [-1,-1,-1,-1] },
												"up": { "texture": "#skin", "uv": [ 14.0, 2.5, 18.0, 5.0 ], "autoUv": false, "windMode": [-1,-1,-1,-1] },
												"down": { "texture": "#bottom", "uv": [ 6.0, 8.0, 10.0, 10.5 ], "autoUv": false, "windMode": [-1,-1,-1,-1] }
											},
											"children": [
												{
													"name": "LLeg",
													"from": [ 1.6, 0.008, 2.16 ],
													"to": [ 2.64, 0.296, 4.56 ],
													"unwrapMode": 5,
													"autoUnwrap": false,
													"uv": [ 10.0, 4.5 ],
													"rotationOrigin": [ 1.6, 0.008, 2.16 ],
													"rotationY": 72.0,
													"faces": {
														"east": { "texture": "#skin", "uv": [ 2.5, 17.5, 3.0, 20.5 ], "rotation": 90, "autoUv": false },
														"south": { "texture": "#skin", "uv": [ 1.5, 20.5, 2.5, 21.0 ], "autoUv": false, "windMode": [-1,-1,-1,-1] },
														"west": { "texture": "#skin", "uv": [ 1.0, 17.5, 1.5, 20.5 ], "rotation": 270, "autoUv": false, "windMode": [-1,-1,-1,-1] },
														"up": { "texture": "#skin", "uv": [ 1.5, 17.5, 2.5, 20.5 ], "autoUv": false, "windMode": [-1,-1,-1,-1] },
														"down": { "texture": "#bottom", "uv": [ 13.0, 4.5, 14.0, 7.5 ], "autoUv": false, "windMode": [-1,-1,-1,-1] }
													},
													"children": [
														{
															"name": "LLegEnd",
															"from": [ 0.08, -0.008, 2.0 ],
															"to": [ 1.04, 0.296, 4.4 ],
															"unwrapMode": 5,
															"autoUnwrap": false,
															"uv": [ 4.5, 7.5 ],
															"rotationOrigin": [ 0.88, -0.008, 2.0 ],
															"rotationY": -14.0,
															"faces": {
																"north": { "texture": "#skin", "uv": [ 6.0, 20.0, 7.0, 20.5 ], "rotation": 180, "autoUv": false },
																"east": { "texture": "#skin", "uv": [ 7.0, 20.5, 7.5, 23.5 ], "rotation": 90, "autoUv": false, "windMode": [-1,-1,-1,-1] },
																"south": { "texture": "#skin", "uv": [ 6.0, 23.0, 7.0, 23.5 ], "autoUv": false, "windMode": [-1,-1,-1,-1] },
																"west": { "texture": "#skin", "uv": [ 5.5, 20.5, 6.0, 23.5 ], "rotation": 270, "autoUv": false, "windMode": [-1,-1,-1,-1] },
																"up": { "texture": "#skin", "uv": [ 6.0, 20.5, 7.0, 23.5 ], "autoUv": false, "windMode": [-1,-1,-1,-1] },
																"down": { "texture": "#bottom", "uv": [ 6.5, 8.0, 7.5, 11.0 ], "autoUv": false, "windMode": [-1,-1,-1,-1] }
															}
														}
													]
												},
												{
													"name": "LLegLower",
													"from": [ 2.0, 0.016, -0.4 ],
													"to": [ 3.2, 0.288, 2.0 ],
													"unwrapMode": 5,
													"autoUnwrap": false,
													"uv": [ 0.5, 6.0 ],
													"rotationOrigin": [ 3.2, 0.016, -0.4 ],
													"rotationY": 16.0,
													"faces": {
														"east": { "texture": "#skin", "uv": [ 4.0, 17.5, 4.5, 20.5 ], "rotation": 90, "autoUv": false },
														"up": { "texture": "#skin", "uv": [ 3.0, 17.5, 4.5, 20.5 ], "autoUv": false, "windMode": [-1,-1,-1,-1] },
														"down": { "texture": "#bottom", "uv": [ 2.5, 6.0, 4.0, 9.0 ], "autoUv": false, "windMode": [-1,-1,-1,-1] }
													}
												}
											]
										},
										{
											"name": "RAbdomen",
											"from": [ 0.0, -0.296, 0.24 ],
											"to": [ 3.2, 0.008, 2.4 ],
											"unwrapMode": 5,
											"autoUnwrap": false,
											"uv": [ -0.5, 4.5 ],
											"rotationOrigin": [ 0.0, 0.008, 0.24 ],
											"rotationX": 180.0,
											"rotationY": -3.0,
											"faces": {
												"east": { "texture": "#skin", "uv": [ 20.5, 3.0, 21.0, 5.5 ], "rotation": 90, "autoUv": false },
												"south": { "texture": "#skin", "uv": [ 20.5, 5.0, 24.5, 5.5 ], "autoUv": false, "windMode": [-1,-1,-1,-1] },
												"west": { "texture": "#skin", "uv": [ 24.0, 3.0, 24.5, 5.5 ], "rotation": 270, "autoUv": false, "windMode": [-1,-1,-1,-1] },
												"up": { "texture": "#bottom", "uv": [ 0.0, 5.0, 4.0, 7.5 ], "autoUv": false, "windMode": [-1,-1,-1,-1] },
												"down": { "texture": "#skin", "uv": [ 20.5, 3.0, 24.5, 5.5 ], "autoUv": false, "windMode": [-1,-1,-1,-1] }
											},
											"children": [
												{
													"name": "RLeg",
													"from": [ 1.6, 0.008, 2.16 ],
													"to": [ 2.64, 0.296, 4.56 ],
													"unwrapMode": 5,
													"autoUnwrap": false,
													"uv": [ 1.0, 5.5 ],
													"rotationOrigin": [ 1.6, 0.296, 2.16 ],
													"rotationY": 72.0,
													"faces": {
														"east": { "texture": "#skin", "uv": [ 7.0, 15.5, 7.5, 18.5 ], "rotation": 90, "autoUv": false, "windMode": [-1,-1,-1,-1] },
														"south": { "texture": "#skin", "uv": [ 7.5, 18.0, 8.5, 18.5 ], "autoUv": false, "windMode": [-1,-1,-1,-1] },
														"west": { "texture": "#skin", "uv": [ 8.5, 15.5, 9.0, 18.5 ], "rotation": 270, "autoUv": false, "windMode": [-1,-1,-1,-1] },
														"up": { "texture": "#bottom", "uv": [ 1.5, 5.5, 2.5, 8.5 ], "autoUv": false, "windMode": [-1,-1,-1,-1] },
														"down": { "texture": "#skin", "uv": [ 7.5, 15.5, 8.5, 18.5 ], "autoUv": false, "windMode": [-1,-1,-1,-1] }
													},
													"children": [
														{
															"name": "RLegEnd",
															"from": [ 0.0, -0.008, 2.0 ],
															"to": [ 0.96, 0.296, 4.4 ],
															"unwrapMode": 5,
															"autoUnwrap": false,
															"uv": [ 0.0, 9.0 ],
															"rotationOrigin": [ 0.8, 0.304, 2.0 ],
															"rotationY": -14.0,
															"faces": {
																"north": { "texture": "#skin", "uv": [ 9.5, 18.5, 10.5, 19.0 ], "rotation": 180, "autoUv": false },
																"east": { "texture": "#skin", "uv": [ 9.0, 19.0, 9.5, 22.0 ], "rotation": 90, "autoUv": false, "windMode": [-1,-1,-1,-1] },
																"south": { "texture": "#skin", "uv": [ 9.5, 21.5, 10.5, 22.0 ], "autoUv": false, "windMode": [-1,-1,-1,-1] },
																"west": { "texture": "#skin", "uv": [ 10.5, 19.0, 11.0, 22.0 ], "rotation": 270, "autoUv": false, "windMode": [-1,-1,-1,-1] },
																"up": { "texture": "#bottom", "uv": [ 0.5, 9.5, 1.5, 12.5 ], "autoUv": false, "windMode": [-1,-1,-1,-1] },
																"down": { "texture": "#skin", "uv": [ 9.5, 19.0, 10.5, 22.0 ], "autoUv": false, "windMode": [-1,-1,-1,-1] }
															}
														}
													]
												},
												{
													"name": "RLegLower",
													"from": [ 2.0, 0.016, -0.4 ],
													"to": [ 3.2, 0.288, 2.0 ],
													"unwrapMode": 5,
													"autoUnwrap": false,
													"uv": [ 12.0, 4.0 ],
													"rotationOrigin": [ 3.2, 0.288, -0.4 ],
													"rotationY": 16.0,
													"faces": {
														"east": { "texture": "#skin", "uv": [ 10.0, 15.5, 10.5, 18.5 ], "rotation": 90, "autoUv": false, "windMode": [-1,-1,-1,-1] },
														"up": { "texture": "#bottom", "uv": [ 12.0, 4.0, 13.5, 7.0 ], "autoUv": false, "windMode": [-1,-1,-1,-1] },
														"down": { "texture": "#skin", "uv": [ 9.0, 15.5, 10.5, 18.5 ], "autoUv": false, "windMode": [-1,-1,-1,-1] }
													}
												}
											]
										},
										{
											"name": "PeltTail",
											"from": [ 3.2, 0.008, 0.68 ],
											"to": [ 4.8, 0.408, 1.48 ],
											"unwrapMode": 3,
											"autoUnwrap": false,
											"uv": [ 23.5, 5.0 ],
											"rotationOrigin": [ 3.2, 0.008, 0.68 ],
											"faces": {
												"north": { "texture": "#skin", "uv": [ 27.5, 6.0, 29.5, 6.5 ], "autoUv": false, "windMode": [-1,-1,-1,-1] },
												"east": { "texture": "#skin", "uv": [ 26.5, 6.0, 27.5, 6.5 ], "autoUv": false, "windMode": [-1,-1,-1,-1] },
												"south": { "texture": "#skin", "uv": [ 24.5, 6.0, 26.5, 6.5 ], "autoUv": false, "windMode": [-1,-1,-1,-1] },
												"west": { "texture": "#skin", "uv": [ 23.5, 6.0, 24.5, 6.5 ], "autoUv": false, "windMode": [-1,-1,-1,-1] },
												"up": { "texture": "#skin", "uv": [ 24.5, 5.0, 26.5, 6.0 ], "autoUv": false, "windMode": [-1,-1,-1,-1] },
												"down": { "texture": "#skin", "uv": [ 24.5, 7.0, 26.5, 8.0 ], "rotation": 180, "autoUv": false, "windMode": [-1,-1,-1,-1] }
											},
											"children": [
												{
													"name": "PeltTailMid",
													"from": [ 1.52, -0.008, -0.16 ],
													"to": [ 3.92, 0.464, 0.96 ],
													"unwrapMode": 3,
													"autoUnwrap": false,
													"uv": [ 20.0, 12.0 ],
													"rotationOrigin": [ 1.52, -0.008, -0.16 ],
													"faces": {
														"north": { "texture": "#skin", "uv": [ 25.0, 13.0, 28.0, 13.5 ], "autoUv": false },
														"east": { "texture": "#skin", "uv": [ 24.0, 13.0, 25.0, 13.5 ], "autoUv": false, "windMode": [-1,-1,-1,-1] },
														"south": { "texture": "#skin", "uv": [ 21.0, 13.0, 24.0, 13.5 ], "autoUv": false, "windMode": [-1,-1,-1,-1] },
														"west": { "texture": "#skin", "uv": [ 20.0, 13.0, 21.0, 13.5 ], "autoUv": false, "windMode": [-1,-1,-1,-1] },
														"up": { "texture": "#skin", "uv": [ 21.0, 12.0, 24.0, 13.0 ], "autoUv": false, "windMode": [-1,-1,-1,-1] },
														"down": { "texture": "#skin", "uv": [ 21.0, 14.5, 24.0, 15.5 ], "rotation": 180, "autoUv": false, "windMode": [-1,-1,-1,-1] }
													},
													"children": [
														{
															"name": "PeltTailEnd",
															"from": [ 2.32, 0.0, 0.16 ],
															"to": [ 4.72, 0.4, 0.96 ],
															"unwrapMode": 3,
															"autoUnwrap": false,
															"uv": [ 24.0, 18.5 ],
															"rotationOrigin": [ 2.32, 0.0, 0.16 ],
															"faces": {
																"north": { "texture": "#skin", "uv": [ 29.0, 19.5, 32.0, 20.0 ], "autoUv": false },
																"east": { "texture": "#skin", "uv": [ 28.0, 19.5, 29.0, 20.0 ], "autoUv": false, "windMode": [-1,-1,-1,-1] },
																"south": { "texture": "#skin", "uv": [ 25.0, 19.5, 28.0, 20.0 ], "autoUv": false, "windMode": [-1,-1,-1,-1] },
																"west": { "texture": "#skin", "uv": [ 24.0, 19.5, 25.0, 20.0 ], "autoUv": false, "windMode": [-1,-1,-1,-1] },
																"up": { "texture": "#skin", "uv": [ 25.0, 18.5, 28.0, 19.5 ], "autoUv": false, "windMode": [-1,-1,-1,-1] },
																"down": { "texture": "#skin", "uv": [ 25.0, 20.5, 28.0, 21.5 ], "rotation": 180, "autoUv": false, "windMode": [-1,-1,-1,-1] }
															}
														}
													]
												}
											]
										}
									]
								},
								{
									"name": "Neck",
									"from": [ -1.6, 0.0, 0.2 ],
									"to": [ 0.0, 0.352, 2.2 ],
									"autoUnwrap": false,
									"uv": [ 3.0, 2.0 ],
									"rotationOrigin": [ 0.08, 0.0, 0.2 ],
									"faces": {
										"north": { "texture": "#skin", "uv": [ 13.5, 9.5, 15.5, 10.0 ], "autoUv": false, "windMode": [-1,-1,-1,-1] },
										"south": { "texture": "#skin", "uv": [ 11.5, 9.5, 13.5, 10.0 ], "autoUv": false, "windMode": [-1,-1,-1,-1] },
										"west": { "texture": "#skin", "uv": [ 11.0, 10.5, 13.5, 11.0 ], "autoUv": false, "windMode": [-1,-1,-1,-1] },
										"up": { "texture": "#skin", "uv": [ 11.5, 7.0, 13.5, 9.5 ], "autoUv": false, "windMode": [-1,-1,-1,-1] },
										"down": { "texture": "#bottom", "uv": [ 6.0, 2.0, 8.0, 4.5 ], "autoUv": false }
									},
									"children": [
										{
											"name": "RNeck",
											"from": [ 0.0, -0.288, -0.8 ],
											"to": [ 1.6, 0.016, 0.8 ],
											"unwrapMode": 6,
											"autoUnwrap": false,
											"uv": [ 8.0, 11.0 ],
											"rotationOrigin": [ 2.4, 0.016, 0.8 ],
											"rotationX": -180.0,
											"rotationY": 75.0,
											"faces": {
												"north": { "texture": "#skin", "uv": [ 11.5, 9.5, 12.0, 11.5 ], "rotation": 90, "autoUv": false },
												"south": { "texture": "#skin", "uv": [ 12.0, 10.0, 14.0, 10.5 ], "rotation": 180, "autoUv": false, "windMode": [-1,-1,-1,-1] },
												"west": { "texture": "#skin", "uv": [ 11.5, 11.0, 13.5, 11.5 ], "rotation": 180, "autoUv": false, "windMode": [-1,-1,-1,-1] },
												"up": { "texture": "#bottom", "uv": [ 11.5, 11.5, 13.5, 13.5 ], "autoUv": false, "windMode": [-1,-1,-1,-1] },
												"down": { "texture": "#skin", "uv": [ 11.5, 9.5, 13.5, 11.5 ], "rotation": 270, "autoUv": false, "windMode": [-1,-1,-1,-1] }
											}
										},
										{
											"name": "LNeck",
											"from": [ 0.0, 0.016, -0.4 ],
											"to": [ 1.6, 0.32, 1.2 ],
											"unwrapMode": 5,
											"autoUnwrap": false,
											"uv": [ 6.0, 10.5 ],
											"rotationOrigin": [ 2.4, 0.016, 1.2 ],
											"rotationY": 75.0,
											"faces": {
												"north": { "texture": "#skin", "uv": [ 15.0, 9.5, 15.5, 11.5 ], "rotation": 90, "autoUv": false },
												"south": { "texture": "#skin", "uv": [ 10.0, 10.0, 12.0, 10.5 ], "autoUv": false, "windMode": [-1,-1,-1,-1] },
												"west": { "texture": "#skin", "uv": [ 13.5, 11.0, 15.5, 11.5 ], "rotation": 180, "autoUv": false, "windMode": [-1,-1,-1,-1] },
												"up": { "texture": "#skin", "uv": [ 13.5, 9.5, 15.5, 11.5 ], "rotation": 90, "autoUv": false, "windMode": [-1,-1,-1,-1] },
												"down": { "texture": "#bottom", "uv": [ 9.5, 11.0, 11.5, 13.0 ], "autoUv": false, "windMode": [-1,-1,-1,-1] }
											}
										},
										{
											"name": "Head",
											"from": [ -1.44, 0.0, -0.008 ],
											"to": [ 0.56, 0.36, 2.008 ],
											"autoUnwrap": false,
											"uv": [ 4.5, 3.5 ],
											"rotationOrigin": [ 0.56, 0.0, 0.0 ],
											"faces": {
												"north": { "texture": "#skin", "uv": [ 1.5, 11.5, 2.0, 14.0 ], "rotation": 270, "autoUv": false },
												"east": { "texture": "#skin", "uv": [ 2.0, 11.0, 4.5, 11.5 ], "autoUv": false, "windMode": [-1,-1,-1,-1] },
												"south": { "texture": "#skin", "uv": [ 4.5, 11.5, 5.0, 14.0 ], "rotation": 90, "autoUv": false, "windMode": [-1,-1,-1,-1] },
												"west": { "texture": "#skin", "uv": [ 2.0, 14.0, 4.5, 14.5 ], "autoUv": false, "windMode": [-1,-1,-1,-1] },
												"up": { "texture": "#skin", "uv": [ 2.0, 11.5, 4.5, 14.0 ], "rotation": 90, "autoUv": false, "windMode": [-1,-1,-1,-1] },
												"down": { "texture": "#bottom", "uv": [ 7.5, 3.5, 10.0, 6.0 ], "autoUv": false }
											},
											"children": [
												{
													"name": "Snout",
													"from": [ -1.36, 0.0, 0.6 ],
													"to": [ 0.24, 0.32, 1.4 ],
													"autoUnwrap": false,
													"uv": [ 1.5, 2.0 ],
													"rotationOrigin": [ -0.08, 0.0, 0.6 ],
													"faces": {
														"north": { "texture": "#skin", "uv": [ 0.0, 0.0, 0.5, 2.0 ], "rotation": 270, "autoUv": false },
														"south": { "texture": "#skin", "uv": [ 1.5, 0.0, 2.0, 2.0 ], "rotation": 90, "autoUv": false, "windMode": [-1,-1,-1,-1] },
														"west": { "texture": "#skin", "uv": [ 0.5, 2.0, 1.5, 2.5 ], "autoUv": false, "windMode": [-1,-1,-1,-1] },
														"up": { "texture": "#skin", "uv": [ 0.5, 0.0, 1.5, 2.0 ], "rotation": 90, "autoUv": false, "windMode": [-1,-1,-1,-1] },
														"down": { "texture": "#bottom", "uv": [ 3.0, 2.0, 5.0, 3.0 ], "autoUv": false }
													},
													"children": [
														{
															"name": "Nose",
															"from": [ -0.008, 0.12, 0.28 ],
															"to": [ 0.312, 0.36, 0.52 ],
															"unwrapMode": 3,
															"uv": [ 10.0, 0.0 ],
															"rotationOrigin": [ 0.0, 0.12, 0.28 ],
															"faces": {
																"north": { "texture": "#skin", "uv": [ 11.5, 0.5, 12.0, 1.0 ], "autoUv": false },
																"east": { "texture": "#skin", "uv": [ 11.0, 0.5, 11.5, 1.0 ], "autoUv": false, "windMode": [-1,-1,-1,-1] },
																"south": { "texture": "#skin", "uv": [ 10.5, 0.5, 11.0, 1.0 ], "autoUv": false, "windMode": [-1,-1,-1,-1] },
																"west": { "texture": "#skin", "uv": [ 10.0, 0.5, 10.5, 1.0 ], "autoUv": false, "windMode": [-1,-1,-1,-1] },
																"up": { "texture": "#skin", "uv": [ 10.5, 0.0, 11.0, 0.5 ], "autoUv": false, "windMode": [-1,-1,-1,-1] },
																"down": { "texture": "#skin", "uv": [ 10.5, 1.0, 11.0, 1.5 ], "rotation": 180, "autoUv": false, "windMode": [-1,-1,-1,-1] }
															}
														}
													]
												}
											]
										}
									]
								}
							]
						}
					]
				}
			]
		}
	]}