{
	"editor": {
		"allAngles": true,
		"entityTextureMode": true
	},
	"textureWidth": 32,
	"textureHeight": 32,
	"textureSizes": {
		"bottom": [16,16],
		"skin": [32,32]
	},
	"textures": {
	},
	"elements": [
		{
			"name": "Rotation Point",
			"from": [ 0.0, 16.0, 0.0 ],
			"to": [ 0.0, 16.0, 0.0 ],
			"uv": [ 0.0, 0.0 ],
			"rotationOrigin": [ 0.0, 16.0, 0.0 ],
			"rotationZ": -90.0,
			"faces": {
			},
			"children": [
				{
					"name": "Base",
					"from": [ 0.0, 0.0, 8.0 ],
					"to": [ 0.0, 0.0, 8.0 ],
					"uv": [ 0.0, 0.0 ],
					"rotationOrigin": [ 0.0, 0.0, 8.0 ],
					"faces": {
					},
					"children": [
						{
							"name": "PeltBody",
							"from": [ 4.2, 0.0, -2.1 ],
							"to": [ 8.925, 0.441, 2.1 ],
							"unwrapMode": 5,
							"autoUnwrap": false,
							"uv": [ 0.0, 9.0 ],
							"rotationOrigin": [ 4.2, 0.0, -2.1 ],
							"faces": {
								"north": { "texture": "#skin", "uv": [ 12.5, 4.0, 17.0, 4.5 ], "rotation": 180, "autoUv": false, "windMode": [-1,-1,-1,-1] },
								"east": { "texture": "#skin", "uv": [ 8.0, 0.0, 8.5, 4.0 ], "rotation": 90, "autoUv": false, "windMode": [-1,-1,-1,-1] },
								"south": { "texture": "#skin", "uv": [ 4.0, 4.0, 8.5, 4.5 ], "autoUv": false, "windMode": [-1,-1,-1,-1] },
								"west": { "texture": "#skin", "uv": [ 4.0, 0.0, 4.5, 4.0 ], "rotation": 270, "autoUv": false, "windMode": [-1,-1,-1,-1] },
								"up": { "texture": "#skin", "uv": [ 4.0, 0.0, 8.5, 4.0 ], "autoUv": false, "windMode": [-1,-1,-1,-1] },
								"down": { "texture": "#bottom", "uv": [ 5.0, 8.5, 9.5, 12.5 ], "autoUv": false, "windMode": [-1,-1,-1,-1] }
							},
							"children": [
								{
									"name": "LBody",
									"from": [ 0.0, 0.0105, 3.78 ],
									"to": [ 4.725, 0.4305, 6.405 ],
									"unwrapMode": 5,
									"autoUnwrap": false,
									"uv": [ 0.0, 2.5 ],
									"rotationOrigin": [ 0.0, -0.0105, 3.78 ],
									"rotationY": -3.0,
									"faces": {
										"east": { "texture": "#skin", "uv": [ 8.0, 4.0, 8.5, 6.5 ], "rotation": 90, "autoUv": false },
										"south": { "texture": "#skin", "uv": [ 4.0, 6.0, 8.5, 6.5 ], "autoUv": false, "windMode": [-1,-1,-1,-1] },
										"west": { "texture": "#skin", "uv": [ 4.0, 4.0, 4.5, 6.5 ], "rotation": 270, "autoUv": false, "windMode": [-1,-1,-1,-1] },
										"up": { "texture": "#skin", "uv": [ 4.0, 4.0, 8.5, 6.5 ], "autoUv": false, "windMode": [-1,-1,-1,-1] },
										"down": { "texture": "#bottom", "uv": [ 4.5, 2.0, 9.0, 4.5 ], "autoUv": false }
									},
									"children": [
										{
											"name": "LArm",
											"from": [ 0.0, 0.0105, 1.575 ],
											"to": [ 1.05, 0.4095, 4.2 ],
											"unwrapMode": 5,
											"autoUnwrap": false,
											"uv": [ 1.0, 27.0 ],
											"rotationOrigin": [ 0.0, 0.0105, 1.575 ],
											"rotationY": -30.0,
											"faces": {
												"east": { "texture": "#skin", "uv": [ 2.5, 27.0, 3.0, 29.5 ], "rotation": 90, "autoUv": false, "windMode": [-1,-1,-1,-1] },
												"south": { "texture": "#skin", "uv": [ 1.5, 29.5, 2.5, 30.0 ], "autoUv": false, "windMode": [-1,-1,-1,-1] },
												"west": { "texture": "#skin", "uv": [ 1.0, 27.0, 1.5, 29.5 ], "rotation": 270, "autoUv": false, "windMode": [-1,-1,-1,-1] },
												"up": { "texture": "#skin", "uv": [ 1.5, 27.0, 2.5, 29.5 ], "autoUv": false, "windMode": [-1,-1,-1,-1] },
												"down": { "texture": "#bottom", "uv": [ 2.0, 11.0, 3.0, 13.5 ], "autoUv": false, "windMode": [-1,-1,-1,-1] }
											},
											"children": [
												{
													"name": "LArmLower",
													"from": [ 1.05, 0.0105, 0.0 ],
													"to": [ 2.1, 0.3885, 2.625 ],
													"unwrapMode": 5,
													"autoUnwrap": false,
													"uv": [ 3.0, 27.0 ],
													"rotationOrigin": [ 2.1, 0.0105, 0.0 ],
													"rotationY": -10.0,
													"faces": {
														"east": { "texture": "#skin", "uv": [ 4.0, 27.0, 4.5, 29.5 ], "rotation": 90, "autoUv": false },
														"south": { "texture": "#skin", "uv": [ 3.0, 29.5, 4.0, 30.0 ], "autoUv": false, "windMode": [-1,-1,-1,-1] },
														"up": { "texture": "#skin", "uv": [ 3.0, 27.0, 4.0, 29.5 ], "autoUv": false, "windMode": [-1,-1,-1,-1] },
														"down": { "texture": "#bottom", "uv": [ 1.5, 9.0, 2.5, 11.5 ], "autoUv": false, "windMode": [-1,-1,-1,-1] }
													}
												}
											]
										}
									]
								},
								{
									"name": "RBody",
									"from": [ 0.0, -0.4305, 0.42 ],
									"to": [ 4.725, -0.0105, 3.045 ],
									"unwrapMode": 6,
									"autoUnwrap": false,
									"uv": [ 0.0, 9.0 ],
									"rotationOrigin": [ 0.0, 0.0, 0.42 ],
									"rotationX": 180.0,
									"rotationY": -3.0,
									"faces": {
										"east": { "texture": "#skin", "uv": [ 12.5, 4.0, 13.0, 6.5 ], "rotation": 90, "autoUv": false },
										"south": { "texture": "#skin", "uv": [ 12.5, 6.5, 17.0, 7.0 ], "rotation": 180, "autoUv": false, "windMode": [-1,-1,-1,-1] },
										"west": { "texture": "#skin", "uv": [ 16.5, 4.0, 17.0, 6.5 ], "rotation": 270, "autoUv": false, "windMode": [-1,-1,-1,-1] },
										"up": { "texture": "#bottom", "uv": [ 7.0, 6.0, 11.5, 8.5 ], "autoUv": false, "windMode": [-1,-1,-1,-1] },
										"down": { "texture": "#skin", "uv": [ 12.5, 4.0, 17.0, 6.5 ], "autoUv": false, "windMode": [-1,-1,-1,-1] }
									},
									"children": [
										{
											"name": "RArm",
											"from": [ 0.0, 0.0105, 1.575 ],
											"to": [ 1.05, 0.4095, 4.2 ],
											"unwrapMode": 6,
											"autoUnwrap": false,
											"uv": [ 2.5, 14.0 ],
											"rotationOrigin": [ 0.0, 0.4095, 1.575 ],
											"rotationY": -30.0,
											"faces": {
												"east": { "texture": "#skin", "uv": [ 2.5, 14.0, 3.0, 16.5 ], "rotation": 90, "autoUv": false },
												"south": { "texture": "#skin", "uv": [ 1.5, 16.5, 2.5, 17.0 ], "rotation": 180, "autoUv": false, "windMode": [-1,-1,-1,-1] },
												"west": { "texture": "#skin", "uv": [ 1.0, 14.0, 1.5, 16.5 ], "rotation": 270, "autoUv": false, "windMode": [-1,-1,-1,-1] },
												"up": { "texture": "#bottom", "uv": [ 4.5, 14.0, 5.5, 16.5 ], "autoUv": false, "windMode": [-1,-1,-1,-1] },
												"down": { "texture": "#skin", "uv": [ 1.5, 14.0, 2.5, 16.5 ], "autoUv": false, "windMode": [-1,-1,-1,-1] }
											},
											"children": [
												{
													"name": "RArmLower",
													"from": [ 1.05, 0.0105, 0.0 ],
													"to": [ 2.1, 0.3885, 2.625 ],
													"unwrapMode": 5,
													"autoUnwrap": false,
													"uv": [ 4.5, 6.5 ],
													"rotationOrigin": [ 2.1, 0.3885, 0.0 ],
													"rotationY": -10.0,
													"faces": {
														"east": { "texture": "#skin", "uv": [ 4.0, 14.0, 4.5, 16.5 ], "rotation": 90, "autoUv": false, "windMode": [-1,-1,-1,-1] },
														"south": { "texture": "#skin", "uv": [ 3.0, 17.0, 4.0, 17.5 ], "autoUv": false, "windMode": [-1,-1,-1,-1] },
														"up": { "texture": "#bottom", "uv": [ 4.5, 6.5, 5.5, 9.0 ], "autoUv": false, "windMode": [-1,-1,-1,-1] },
														"down": { "texture": "#skin", "uv": [ 3.5, 14.0, 4.5, 16.5 ], "autoUv": false, "windMode": [-1,-1,-1,-1] }
													}
												}
											]
										}
									]
								},
								{
									"name": "PeltAbdomen",
									"from": [ 4.7145, 0.0105, 0.3675 ],
									"to": [ 9.9645, 0.4305, 3.8325 ],
									"unwrapMode": 5,
									"autoUnwrap": false,
									"uv": [ 0.0, 0.0 ],
									"rotationOrigin": [ 4.725, 0.0105, 0.3675 ],
									"faces": {
										"north": { "texture": "#skin", "uv": [ 25.0, 9.0, 30.0, 9.5 ], "rotation": 180, "autoUv": false, "windMode": [-1,-1,-1,-1] },
										"east": { "texture": "#skin", "uv": [ 21.5, 6.0, 22.0, 9.0 ], "rotation": 90, "autoUv": false, "windMode": [-1,-1,-1,-1] },
										"south": { "texture": "#skin", "uv": [ 17.0, 9.0, 22.0, 9.5 ], "autoUv": false, "windMode": [-1,-1,-1,-1] },
										"up": { "texture": "#skin", "uv": [ 17.0, 6.0, 22.0, 9.0 ], "autoUv": false, "windMode": [-1,-1,-1,-1] },
										"down": { "texture": "#bottom", "uv": [ 5.5, 0.5, 10.5, 3.5 ], "autoUv": false }
									},
									"children": [
										{
											"name": "LAbdomen",
											"from": [ 0.0, 0.0105, 3.255 ],
											"to": [ 5.25, 0.4095, 6.09 ],
											"unwrapMode": 5,
											"autoUnwrap": false,
											"uv": [ 0.0, 10.5 ],
											"rotationOrigin": [ 0.0, 0.0105, 3.255 ],
											"rotationY": -3.0,
											"faces": {
												"east": { "texture": "#skin", "uv": [ 21.5, 9.0, 22.0, 11.5 ], "rotation": 90, "autoUv": false },
												"south": { "texture": "#skin", "uv": [ 17.0, 11.5, 22.0, 12.0 ], "autoUv": false, "windMode": [-1,-1,-1,-1] },
												"west": { "texture": "#skin", "uv": [ 17.0, 9.0, 17.5, 11.5 ], "rotation": 270, "autoUv": false, "windMode": [-1,-1,-1,-1] },
												"up": { "texture": "#skin", "uv": [ 17.0, 9.0, 22.0, 11.5 ], "autoUv": false, "windMode": [-1,-1,-1,-1] },
												"down": { "texture": "#bottom", "uv": [ 6.0, 8.0, 11.0, 10.5 ], "autoUv": false, "windMode": [-1,-1,-1,-1] }
											},
											"children": [
												{
													"name": "LLeg",
													"from": [ 3.15, 0.0105, 2.835 ],
													"to": [ 4.515, 0.3885, 5.985 ],
													"unwrapMode": 5,
													"autoUnwrap": false,
													"uv": [ 10.0, 4.5 ],
													"rotationOrigin": [ 3.15, 0.0105, 2.835 ],
													"rotationY": 72.0,
													"faces": {
														"east": { "texture": "#skin", "uv": [ 14.0, 26.5, 14.5, 29.5 ], "rotation": 90, "autoUv": false, "windMode": [-1,-1,-1,-1] },
														"south": { "texture": "#skin", "uv": [ 13.0, 29.5, 14.0, 30.0 ], "autoUv": false, "windMode": [-1,-1,-1,-1] },
														"west": { "texture": "#skin", "uv": [ 12.5, 26.5, 13.0, 29.5 ], "rotation": 270, "autoUv": false, "windMode": [-1,-1,-1,-1] },
														"up": { "texture": "#skin", "uv": [ 13.0, 26.5, 14.0, 29.5 ], "autoUv": false, "windMode": [-1,-1,-1,-1] },
														"down": { "texture": "#bottom", "uv": [ 13.0, 4.5, 14.0, 7.5 ], "autoUv": false, "windMode": [-1,-1,-1,-1] }
													},
													"children": [
														{
															"name": "LLegEnd",
															"from": [ 0.105, -0.0105, 2.625 ],
															"to": [ 1.365, 0.3885, 5.775 ],
															"unwrapMode": 5,
															"autoUnwrap": false,
															"uv": [ 0.5, 9.5 ],
															"rotationOrigin": [ 1.155, -0.0105, 2.625 ],
															"rotationY": -14.0,
															"faces": {
																"north": { "texture": "#skin", "uv": [ 1.0, 8.5, 2.0, 9.0 ], "rotation": 180, "autoUv": false },
																"east": { "texture": "#skin", "uv": [ 2.0, 9.0, 2.5, 12.0 ], "rotation": 90, "autoUv": false, "windMode": [-1,-1,-1,-1] },
																"south": { "texture": "#skin", "uv": [ 1.0, 12.0, 2.0, 12.5 ], "autoUv": false, "windMode": [-1,-1,-1,-1] },
																"west": { "texture": "#skin", "uv": [ 0.5, 9.0, 1.0, 12.0 ], "rotation": 270, "autoUv": false, "windMode": [-1,-1,-1,-1] },
																"up": { "texture": "#skin", "uv": [ 1.0, 9.0, 2.0, 12.0 ], "autoUv": false, "windMode": [-1,-1,-1,-1] },
																"down": { "texture": "#bottom", "uv": [ 2.5, 10.0, 3.5, 13.0 ], "autoUv": false, "windMode": [-1,-1,-1,-1] }
															}
														}
													]
												},
												{
													"name": "LLegLower",
													"from": [ 3.675, 0.021, -0.525 ],
													"to": [ 5.25, 0.378, 2.625 ],
													"unwrapMode": 5,
													"autoUnwrap": false,
													"uv": [ 0.5, 6.0 ],
													"rotationOrigin": [ 5.25, 0.021, -0.525 ],
													"rotationY": 16.0,
													"faces": {
														"east": { "texture": "#skin", "uv": [ 15.0, 26.5, 15.5, 29.5 ], "rotation": 90, "autoUv": false },
														"up": { "texture": "#skin", "uv": [ 13.5, 26.5, 15.0, 29.5 ], "autoUv": false, "windMode": [-1,-1,-1,-1] },
														"down": { "texture": "#bottom", "uv": [ 2.5, 6.0, 4.0, 9.0 ], "autoUv": false, "windMode": [-1,-1,-1,-1] }
													}
												}
											]
										},
										{
											"name": "RAbdomen",
											"from": [ 0.0, -0.3885, 0.21 ],
											"to": [ 5.25, 0.0105, 3.045 ],
											"unwrapMode": 5,
											"autoUnwrap": false,
											"uv": [ -0.5, 4.5 ],
											"rotationOrigin": [ 0.0, 0.0105, 0.21 ],
											"rotationX": 180.0,
											"rotationY": -3.0,
											"faces": {
												"east": { "texture": "#skin", "uv": [ 25.0, 9.0, 25.5, 11.5 ], "rotation": 90, "autoUv": false, "windMode": [-1,-1,-1,-1] },
												"south": { "texture": "#skin", "uv": [ 25.0, 11.5, 30.0, 12.0 ], "autoUv": false, "windMode": [-1,-1,-1,-1] },
												"west": { "texture": "#skin", "uv": [ 29.5, 9.0, 30.0, 11.5 ], "rotation": 270, "autoUv": false, "windMode": [-1,-1,-1,-1] },
												"up": { "texture": "#bottom", "uv": [ 0.0, 5.0, 5.0, 7.5 ], "autoUv": false, "windMode": [-1,-1,-1,-1] },
												"down": { "texture": "#skin", "uv": [ 25.0, 9.0, 30.0, 11.5 ], "autoUv": false, "windMode": [-1,-1,-1,-1] }
											},
											"children": [
												{
													"name": "RLeg",
													"from": [ 3.15, 0.0105, 2.835 ],
													"to": [ 4.515, 0.3885, 5.985 ],
													"unwrapMode": 5,
													"autoUnwrap": false,
													"uv": [ 27.5, 20.5 ],
													"rotationOrigin": [ 3.15, 0.3885, 2.835 ],
													"rotationY": 72.0,
													"faces": {
														"east": { "texture": "#skin", "uv": [ 28.0, 20.5, 28.5, 23.5 ], "rotation": 90, "autoUv": false, "windMode": [-1,-1,-1,-1] },
														"south": { "texture": "#skin", "uv": [ 26.5, 23.5, 27.5, 24.0 ], "autoUv": false, "windMode": [-1,-1,-1,-1] },
														"west": { "texture": "#skin", "uv": [ 26.5, 20.5, 27.0, 23.5 ], "rotation": 270, "autoUv": false, "windMode": [-1,-1,-1,-1] },
														"up": { "texture": "#bottom", "uv": [ 2.0, 2.0, 3.0, 5.0 ], "autoUv": false, "windMode": [-1,-1,-1,-1] },
														"down": { "texture": "#skin", "uv": [ 27.0, 20.5, 28.0, 23.5 ], "autoUv": false, "windMode": [-1,-1,-1,-1] }
													},
													"children": [
														{
															"name": "RLegEnd",
															"from": [ 0.0, -0.0105, 2.625 ],
															"to": [ 1.26, 0.3885, 5.775 ],
															"unwrapMode": 5,
															"autoUnwrap": false,
															"uv": [ 19.0, 2.0 ],
															"rotationOrigin": [ 1.05, 0.399, 2.625 ],
															"rotationY": -14.0,
															"faces": {
																"north": { "texture": "#skin", "uv": [ 19.5, 0.5, 20.5, 1.0 ], "rotation": 180, "autoUv": false },
																"east": { "texture": "#skin", "uv": [ 20.5, 1.0, 21.0, 4.0 ], "rotation": 90, "autoUv": false, "windMode": [-1,-1,-1,-1] },
																"south": { "texture": "#skin", "uv": [ 19.5, 4.0, 20.5, 4.5 ], "autoUv": false, "windMode": [-1,-1,-1,-1] },
																"west": { "texture": "#skin", "uv": [ 19.0, 1.0, 19.5, 4.0 ], "rotation": 270, "autoUv": false, "windMode": [-1,-1,-1,-1] },
																"up": { "texture": "#bottom", "uv": [ 5.5, 2.5, 6.5, 5.5 ], "autoUv": false, "windMode": [-1,-1,-1,-1] },
																"down": { "texture": "#skin", "uv": [ 21.0, 1.0, 22.0, 4.0 ], "autoUv": false, "windMode": [-1,-1,-1,-1] }
															}
														}
													]
												},
												{
													"name": "RLegLower",
													"from": [ 3.675, 0.021, -0.525 ],
													"to": [ 5.25, 0.378, 2.625 ],
													"unwrapMode": 5,
													"autoUnwrap": false,
													"uv": [ 12.0, 4.0 ],
													"rotationOrigin": [ 5.25, 0.378, -0.525 ],
													"rotationY": 16.0,
													"faces": {
														"east": { "texture": "#skin", "uv": [ 25.0, 20.5, 25.5, 23.5 ], "rotation": 90, "autoUv": false, "windMode": [-1,-1,-1,-1] },
														"up": { "texture": "#bottom", "uv": [ 12.0, 4.0, 13.5, 7.0 ], "autoUv": false, "windMode": [-1,-1,-1,-1] },
														"down": { "texture": "#skin", "uv": [ 25.0, 20.5, 26.5, 23.5 ], "autoUv": false, "windMode": [-1,-1,-1,-1] }
													}
												}
											]
										},
										{
											"name": "PeltTail",
											"from": [ 5.145, 0.0105, 1.2075 ],
											"to": [ 6.72, 0.5355, 2.2575 ],
											"unwrapMode": 3,
											"autoUnwrap": false,
											"uv": [ 25.0, 0.0 ],
											"rotationOrigin": [ 5.145, 0.0105, 1.2075 ],
											"faces": {
												"north": { "texture": "#skin", "uv": [ 28.5, 1.0, 30.0, 1.5 ], "autoUv": false, "windMode": [-1,-1,-1,-1] },
												"east": { "texture": "#skin", "uv": [ 27.5, 1.0, 28.5, 1.5 ], "autoUv": false, "windMode": [-1,-1,-1,-1] },
												"south": { "texture": "#skin", "uv": [ 26.0, 1.0, 27.5, 1.5 ], "autoUv": false, "windMode": [-1,-1,-1,-1] },
												"west": { "texture": "#skin", "uv": [ 25.0, 1.0, 26.0, 1.5 ], "autoUv": false, "windMode": [-1,-1,-1,-1] },
												"up": { "texture": "#skin", "uv": [ 26.0, 0.0, 27.5, 1.0 ], "autoUv": false, "windMode": [-1,-1,-1,-1] },
												"down": { "texture": "#skin", "uv": [ 26.0, 2.0, 27.5, 3.0 ], "rotation": 180, "autoUv": false, "windMode": [-1,-1,-1,-1] }
											},
											"children": [
												{
													"name": "PeltTailMid",
													"from": [ 1.47, -0.0105, -0.315 ],
													"to": [ 6.195, 0.819, 1.365 ],
													"unwrapMode": 3,
													"autoUnwrap": false,
													"uv": [ 12.5, 19.0 ],
													"rotationOrigin": [ 1.47, -0.0105, -0.315 ],
													"faces": {
														"north": { "texture": "#skin", "uv": [ 20.0, 20.5, 24.5, 21.0 ], "autoUv": false },
														"east": { "texture": "#skin", "uv": [ 18.5, 20.5, 20.0, 21.0 ], "autoUv": false, "windMode": [-1,-1,-1,-1] },
														"south": { "texture": "#skin", "uv": [ 14.0, 20.5, 18.5, 21.0 ], "autoUv": false, "windMode": [-1,-1,-1,-1] },
														"west": { "texture": "#skin", "uv": [ 12.5, 20.5, 14.0, 21.0 ], "autoUv": false, "windMode": [-1,-1,-1,-1] },
														"up": { "texture": "#skin", "uv": [ 14.0, 19.0, 18.5, 20.5 ], "autoUv": false, "windMode": [-1,-1,-1,-1] },
														"down": { "texture": "#skin", "uv": [ 14.0, 22.5, 18.5, 24.0 ], "rotation": 180, "autoUv": false, "windMode": [-1,-1,-1,-1] }
													},
													"children": [
														{
															"name": "PeltTailEnd",
															"from": [ 4.62, 0.0, 0.105 ],
															"to": [ 8.82, 0.63, 1.47 ],
															"unwrapMode": 3,
															"autoUnwrap": false,
															"uv": [ 21.0, 15.5 ],
															"rotationOrigin": [ 4.62, 0.0, 0.105 ],
															"faces": {
																"north": { "texture": "#skin", "uv": [ 27.0, 16.5, 31.0, 17.0 ], "autoUv": false },
																"east": { "texture": "#skin", "uv": [ 26.0, 16.5, 27.0, 17.0 ], "autoUv": false, "windMode": [-1,-1,-1,-1] },
																"south": { "texture": "#skin", "uv": [ 22.0, 16.5, 26.0, 17.0 ], "autoUv": false, "windMode": [-1,-1,-1,-1] },
																"west": { "texture": "#skin", "uv": [ 21.0, 16.5, 22.0, 17.0 ], "autoUv": false, "windMode": [-1,-1,-1,-1] },
																"up": { "texture": "#skin", "uv": [ 22.0, 15.5, 26.0, 16.5 ], "autoUv": false, "windMode": [-1,-1,-1,-1] },
																"down": { "texture": "#skin", "uv": [ 22.0, 18.0, 26.0, 19.0 ], "rotation": 180, "autoUv": false, "windMode": [-1,-1,-1,-1] }
															}
														}
													]
												}
											]
										}
									]
								},
								{
									"name": "Neck",
									"from": [ -3.15, 0.0, 0.5775 ],
									"to": [ 0.0, 0.462, 3.7275 ],
									"autoUnwrap": false,
									"uv": [ 3.0, 2.0 ],
									"rotationOrigin": [ -0.945, 0.0, 0.5775 ],
									"faces": {
										"north": { "texture": "#skin", "uv": [ 14.0, 14.0, 17.0, 14.5 ], "autoUv": false, "windMode": [-1,-1,-1,-1] },
										"south": { "texture": "#skin", "uv": [ 11.0, 14.0, 14.0, 14.5 ], "autoUv": false, "windMode": [-1,-1,-1,-1] },
										"west": { "texture": "#skin", "uv": [ 8.0, 14.0, 11.0, 14.5 ], "autoUv": false, "windMode": [-1,-1,-1,-1] },
										"up": { "texture": "#skin", "uv": [ 11.0, 11.0, 14.0, 14.0 ], "autoUv": false, "windMode": [-1,-1,-1,-1] },
										"down": { "texture": "#bottom", "uv": [ 6.0, 2.0, 9.0, 5.0 ], "autoUv": false }
									},
									"children": [
										{
											"name": "RNeck",
											"from": [ 0.0, -0.378, -1.05 ],
											"to": [ 2.1, 0.021, 2.1 ],
											"unwrapMode": 6,
											"autoUnwrap": false,
											"uv": [ 8.0, 11.0 ],
											"rotationOrigin": [ 3.15, 0.021, 1.05 ],
											"rotationX": -180.0,
											"rotationY": 75.0,
											"faces": {
												"north": { "texture": "#skin", "uv": [ 16.5, 14.0, 17.0, 16.0 ], "rotation": 90, "autoUv": false },
												"south": { "texture": "#skin", "uv": [ 11.0, 12.5, 13.0, 13.0 ], "rotation": 180, "autoUv": false, "windMode": [-1,-1,-1,-1] },
												"west": { "texture": "#skin", "uv": [ 14.0, 16.0, 17.0, 16.5 ], "rotation": 180, "autoUv": false, "windMode": [-1,-1,-1,-1] },
												"up": { "texture": "#bottom", "uv": [ 11.5, 11.5, 13.5, 14.5 ], "autoUv": false, "windMode": [-1,-1,-1,-1] },
												"down": { "texture": "#skin", "uv": [ 14.0, 14.0, 17.0, 16.0 ], "rotation": 270, "autoUv": false, "windMode": [-1,-1,-1,-1] }
											}
										},
										{
											"name": "LNeck",
											"from": [ 0.0, 0.021, 0.0 ],
											"to": [ 2.1, 0.42, 3.15 ],
											"unwrapMode": 5,
											"autoUnwrap": false,
											"uv": [ 6.0, 10.5 ],
											"rotationOrigin": [ 3.15, 0.021, 2.1 ],
											"rotationY": 75.0,
											"faces": {
												"north": { "texture": "#skin", "uv": [ 11.0, 14.0, 11.5, 16.0 ], "rotation": 90, "autoUv": false },
												"south": { "texture": "#skin", "uv": [ 11.0, 11.0, 13.0, 11.5 ], "autoUv": false, "windMode": [-1,-1,-1,-1] },
												"west": { "texture": "#skin", "uv": [ 11.0, 16.0, 14.0, 16.5 ], "rotation": 180, "autoUv": false, "windMode": [-1,-1,-1,-1] },
												"up": { "texture": "#skin", "uv": [ 11.0, 14.0, 14.0, 16.0 ], "rotation": 90, "autoUv": false, "windMode": [-1,-1,-1,-1] },
												"down": { "texture": "#bottom", "uv": [ 9.5, 11.0, 11.5, 14.0 ], "autoUv": false, "windMode": [-1,-1,-1,-1] }
											}
										},
										{
											"name": "Head",
											"from": [ -1.995, 0.0, 0.0 ],
											"to": [ 0.735, 0.4725, 3.171 ],
											"autoUnwrap": false,
											"uv": [ 2.5, 18.0 ],
											"rotationOrigin": [ 0.63, 0.0, 0.0 ],
											"faces": {
												"north": { "texture": "#skin", "uv": [ 2.0, 20.5, 2.5, 23.0 ], "rotation": 270, "autoUv": false },
												"east": { "texture": "#skin", "uv": [ 2.5, 20.0, 5.5, 20.5 ], "autoUv": false, "windMode": [-1,-1,-1,-1] },
												"south": { "texture": "#skin", "uv": [ 5.5, 20.5, 6.0, 23.0 ], "rotation": 90, "autoUv": false, "windMode": [-1,-1,-1,-1] },
												"west": { "texture": "#skin", "uv": [ 2.5, 23.0, 5.5, 23.5 ], "autoUv": false, "windMode": [-1,-1,-1,-1] },
												"up": { "texture": "#skin", "uv": [ 2.5, 20.5, 5.5, 23.0 ], "rotation": 90, "autoUv": false, "windMode": [-1,-1,-1,-1] },
												"down": { "texture": "#bottom", "uv": [ 3.5, 9.0, 6.0, 12.0 ], "autoUv": false, "windMode": [-1,-1,-1,-1] }
											},
											"children": [
												{
													"name": "Snout",
													"from": [ -1.575, 0.0, 0.945 ],
													"to": [ 1.05, 0.525, 2.205 ],
													"autoUnwrap": false,
													"uv": [ 1.5, 2.0 ],
													"rotationOrigin": [ 1.155, 0.0, 0.945 ],
													"faces": {
														"north": { "texture": "#skin", "uv": [ 15.0, 0.0, 15.5, 2.5 ], "rotation": 270, "autoUv": false, "windMode": [-1,-1,-1,-1] },
														"south": { "texture": "#skin", "uv": [ 17.5, 0.0, 18.0, 2.5 ], "rotation": 90, "autoUv": false, "windMode": [-1,-1,-1,-1] },
														"west": { "texture": "#skin", "uv": [ 16.0, 3.0, 17.0, 3.5 ], "autoUv": false, "windMode": [-1,-1,-1,-1] },
														"up": { "texture": "#skin", "uv": [ 16.0, 0.0, 17.0, 2.5 ], "rotation": 90, "autoUv": false, "windMode": [-1,-1,-1,-1] },
														"down": { "texture": "#bottom", "uv": [ 3.0, 2.0, 5.5, 3.0 ], "autoUv": false }
													},
													"children": [
														{
															"name": "Nose",
															"from": [ -0.0105, 0.1575, 0.2625 ],
															"to": [ 1.5645, 0.5775, 0.9975 ],
															"unwrapMode": 3,
															"uv": [ 8.5, 8.0 ],
															"rotationOrigin": [ 0.0, 0.1575, 0.2625 ],
															"rotationZ": -2.0,
															"faces": {
																"north": { "texture": "#skin", "uv": [ 11.0, 8.5, 12.5, 9.0 ], "autoUv": false },
																"east": { "texture": "#skin", "uv": [ 10.5, 8.5, 11.0, 9.0 ], "autoUv": false, "windMode": [-1,-1,-1,-1] },
																"south": { "texture": "#skin", "uv": [ 9.0, 8.5, 10.5, 9.0 ], "autoUv": false, "windMode": [-1,-1,-1,-1] },
																"west": { "texture": "#skin", "uv": [ 8.5, 8.5, 9.0, 9.0 ], "autoUv": false, "windMode": [-1,-1,-1,-1] },
																"up": { "texture": "#skin", "uv": [ 9.0, 8.0, 10.5, 8.5 ], "autoUv": false, "windMode": [-1,-1,-1,-1] },
																"down": { "texture": "#skin", "uv": [ 9.0, 9.0, 10.5, 9.5 ], "rotation": 180, "autoUv": false, "windMode": [-1,-1,-1,-1] }
															}
														}
													]
												}
											]
										}
									]
								}
							]
						}
					]
				}
			]
		}
	]}