﻿[
  {
    "op": "addeach",
    "path": "/variantgroups/0/states/-",
    "value": [ "douglasfir", "willow", "honeylocust", "bearnut", "poplar", "catalpa", "mahogany", "sal", "saxaul", "spruce", "sycamore", "elm", "beech", "eucalyptus", "cedar", "tuja", "redcedar", "yew", "kauri", "ginkgo", "dalbergia", "umnini", "banyan", "guajacum", "ghostgum", "ohia", "satinash", "bluemahoe", "jacaranda", "empresstree", "chlorociboria", "petrified" ],
    "side": "server",
    "file": "aculinaryartillery:blocktypes/bottlerack.json",
    dependsOn: [{ "modid": "wildcrafttree" }]
  },
  {
    "op": "addeach",
    "path": "/variantgroups/1/states/-",
    "value": [ "douglasfir", "willow", "honeylocust", "bearnut", "poplar", "catalpa", "mahogany", "sal", "saxaul", "spruce", "sycamore", "elm", "beech", "eucalyptus", "cedar", "tuja", "redcedar", "yew", "kauri", "ginkgo", "dalbergia", "umnini", "banyan", "guajacum", "ghostgum", "ohia", "satinash", "bluemahoe", "jacaranda", "empresstree", "chlorociboria", "petrified" ],
    "side": "server",
    "file": "aculinaryartillery:blocktypes/bottlerack.json",
    dependsOn: [{ "modid": "wildcrafttree" }]
  },
 {
    "file": "aculinaryartillery:recipes/grid/compatibility/wildcrafttree/blocks/bottlerack.json",
    op: "replace", 
    path: "/0/enabled", 
    value: "true",
    "side": "server",
    dependsOn: [{ "modid": "wildcrafttree" }]
 },
 {
    "file": "aculinaryartillery:recipes/grid/compatibility/wildcrafttree/blocks/bottlerack.json",
    op: "replace", 
    path: "/1/enabled", 
    value: "true",
    "side": "server",
    dependsOn: [{ "modid": "wildcrafttree" }]
 },
 {
    "file": "aculinaryartillery:recipes/grid/compatibility/wildcrafttree/blocks/bottlerack.json",
    op: "replace", 
    path: "/2/enabled", 
    value: "true",
    "side": "server",
    dependsOn: [{ "modid": "wildcrafttree" }]
 },
 {
    "file": "aculinaryartillery:recipes/grid/compatibility/wildcrafttree/blocks/bottlerack.json",
    op: "replace", 
    path: "/3/enabled", 
    value: "true",
    "side": "server",
    dependsOn: [{ "modid": "wildcrafttree" }]
 },
 {
    "file": "aculinaryartillery:recipes/grid/compatibility/wildcrafttree/blocks/bottlerack.json",
    op: "replace", 
    path: "/4/enabled", 
    value: "true",
    "side": "server",
    dependsOn: [{ "modid": "wildcrafttree" }]
 },
 {
    "file": "aculinaryartillery:recipes/grid/compatibility/wildcrafttree/blocks/bottlerack.json",
    op: "replace", 
    path: "/5/enabled", 
    value: "true",
    "side": "server",
    dependsOn: [{ "modid": "wildcrafttree" }]
 },
 {
    "file": "aculinaryartillery:recipes/grid/compatibility/wildcrafttree/blocks/bottlerack.json",
    op: "replace", 
    path: "/6/enabled", 
    value: "true",
    "side": "server",
    dependsOn: [{ "modid": "wildcrafttree" }]
 },
 {
    "file": "aculinaryartillery:recipes/grid/compatibility/wildcrafttree/blocks/bottlerack.json",
    op: "replace", 
    path: "/7/enabled", 
    value: "true",
    "side": "server",
    dependsOn: [{ "modid": "wildcrafttree" }]
 },
 {
    "file": "aculinaryartillery:recipes/grid/compatibility/wildcrafttree/blocks/bottlerack.json",
    op: "replace", 
    path: "/8/enabled", 
    value: "true",
    "side": "server",
    dependsOn: [{ "modid": "wildcrafttree" }]
 },
 {
    "file": "aculinaryartillery:recipes/grid/compatibility/wildcrafttree/blocks/bottlerack.json",
    op: "replace", 
    path: "/9/enabled", 
    value: "true",
    "side": "server",
    dependsOn: [{ "modid": "wildcrafttree" }]
 },
 {
    "file": "aculinaryartillery:recipes/grid/compatibility/wildcrafttree/blocks/bottlerack.json",
    op: "replace", 
    path: "/10/enabled", 
    value: "true",
    "side": "server",
    dependsOn: [{ "modid": "wildcrafttree" }]
 },
 {
    "file": "aculinaryartillery:recipes/grid/compatibility/wildcrafttree/blocks/bottlerack.json",
    op: "replace", 
    path: "/11/enabled", 
    value: "true",
    "side": "server",
    dependsOn: [{ "modid": "wildcrafttree" }]
 },
 {
    "file": "aculinaryartillery:recipes/grid/compatibility/wildcrafttree/blocks/bottlerack.json",
    op: "replace", 
    path: "/12/enabled", 
    value: "true",
    "side": "server",
    dependsOn: [{ "modid": "wildcrafttree" }]
 },
 {
    "file": "aculinaryartillery:recipes/grid/compatibility/wildcrafttree/blocks/bottlerack.json",
    op: "replace", 
    path: "/13/enabled", 
    value: "true",
    "side": "server",
    dependsOn: [{ "modid": "wildcrafttree" }]
 },
 {
    "file": "aculinaryartillery:recipes/grid/compatibility/wildcrafttree/blocks/bottlerack.json",
    op: "replace", 
    path: "/14/enabled", 
    value: "true",
    "side": "server",
    dependsOn: [{ "modid": "wildcrafttree" }]
 },
 {
    "file": "aculinaryartillery:recipes/grid/compatibility/wildcrafttree/blocks/bottlerack.json",
    op: "replace", 
    path: "/15/enabled", 
    value: "true",
    "side": "server",
    dependsOn: [{ "modid": "wildcrafttree" }]
 },
 {
    "file": "aculinaryartillery:recipes/grid/compatibility/wildcrafttree/blocks/bottlerack.json",
    op: "replace", 
    path: "/16/enabled", 
    value: "true",
    "side": "server",
    dependsOn: [{ "modid": "wildcrafttree" }]
 },
 {
    "file": "aculinaryartillery:recipes/grid/compatibility/wildcrafttree/blocks/bottlerack.json",
    op: "replace", 
    path: "/17/enabled", 
    value: "true",
    "side": "server",
    dependsOn: [{ "modid": "wildcrafttree" }]
 },
 {
    "file": "aculinaryartillery:recipes/grid/compatibility/wildcrafttree/blocks/bottlerack.json",
    op: "replace", 
    path: "/18/enabled", 
    value: "true",
    "side": "server",
    dependsOn: [{ "modid": "wildcrafttree" }]
 },
 {
    "file": "aculinaryartillery:recipes/grid/compatibility/wildcrafttree/blocks/bottlerack.json",
    op: "replace", 
    path: "/19/enabled", 
    value: "true",
    "side": "server",
    dependsOn: [{ "modid": "wildcrafttree" }]
 },
 {
    "file": "aculinaryartillery:recipes/grid/compatibility/wildcrafttree/blocks/bottlerack.json",
    op: "replace", 
    path: "/20/enabled", 
    value: "true",
    "side": "server",
    dependsOn: [{ "modid": "wildcrafttree" }]
 },
 {
    "file": "aculinaryartillery:recipes/grid/compatibility/wildcrafttree/blocks/bottlerack.json",
    op: "replace", 
    path: "/21/enabled", 
    value: "true",
    "side": "server",
    dependsOn: [{ "modid": "wildcrafttree" }]
 },
 {
    "file": "aculinaryartillery:recipes/grid/compatibility/wildcrafttree/blocks/bottlerack.json",
    op: "replace", 
    path: "/22/enabled", 
    value: "true",
    "side": "server",
    dependsOn: [{ "modid": "wildcrafttree" }]
 },
 {
    "file": "aculinaryartillery:recipes/grid/compatibility/wildcrafttree/blocks/bottlerack.json",
    op: "replace", 
    path: "/23/enabled", 
    value: "true",
    "side": "server",
    dependsOn: [{ "modid": "wildcrafttree" }]
 },
 {
    "file": "aculinaryartillery:recipes/grid/compatibility/wildcrafttree/blocks/bottlerack.json",
    op: "replace", 
    path: "/24/enabled", 
    value: "true",
    "side": "server",
    dependsOn: [{ "modid": "wildcrafttree" }]
 },
 {
    "file": "aculinaryartillery:recipes/grid/compatibility/wildcrafttree/blocks/bottlerack.json",
    op: "replace", 
    path: "/25/enabled", 
    value: "true",
    "side": "server",
    dependsOn: [{ "modid": "wildcrafttree" }]
 },
 {
    "file": "aculinaryartillery:recipes/grid/compatibility/wildcrafttree/blocks/bottlerack.json",
    op: "replace", 
    path: "/26/enabled", 
    value: "true",
    "side": "server",
    dependsOn: [{ "modid": "wildcrafttree" }]
 },
 {
    "file": "aculinaryartillery:recipes/grid/compatibility/wildcrafttree/blocks/bottlerack.json",
    op: "replace", 
    path: "/27/enabled", 
    value: "true",
    "side": "server",
    dependsOn: [{ "modid": "wildcrafttree" }]
 },
 {
    "file": "aculinaryartillery:recipes/grid/compatibility/wildcrafttree/blocks/bottlerack.json",
    op: "replace", 
    path: "/28/enabled", 
    value: "true",
    "side": "server",
    dependsOn: [{ "modid": "wildcrafttree" }]
 },
 {
    "file": "aculinaryartillery:recipes/grid/compatibility/wildcrafttree/blocks/bottlerack.json",
    op: "replace", 
    path: "/29/enabled", 
    value: "true",
    "side": "server",
    dependsOn: [{ "modid": "wildcrafttree" }]
 },
 {
    "file": "aculinaryartillery:recipes/grid/compatibility/wildcrafttree/blocks/bottlerack.json",
    op: "replace", 
    path: "/30/enabled", 
    value: "true",
    "side": "server",
    dependsOn: [{ "modid": "wildcrafttree" }]
 },
 {
    "file": "aculinaryartillery:recipes/grid/compatibility/wildcrafttree/blocks/bottlerack.json",
    op: "replace", 
    path: "/31/enabled", 
    value: "true",
    "side": "server",
    dependsOn: [{ "modid": "wildcrafttree" }]
 },
 {
    "file": "aculinaryartillery:recipes/grid/compatibility/wildcrafttree/blocks/bottlerack.json",
    op: "replace", 
    path: "/32/enabled", 
    value: "true",
    "side": "server",
    dependsOn: [{ "modid": "wildcrafttree" }]
 },
 {
    "file": "aculinaryartillery:recipes/grid/compatibility/wildcrafttree/blocks/bottlerack.json",
    op: "replace", 
    path: "/33/enabled", 
    value: "true",
    "side": "server",
    dependsOn: [{ "modid": "wildcrafttree" }]
 },
]