{
	"editor": {
		"allAngles": true,
		"entityTextureMode": true
	},
	"textureWidth": 16,
	"textureHeight": 32,
	"textureSizes": {
		"skin": [16,32]
	},
	"textures": {
	},
	"elements": [
		{
			"name": "neck",
			"from": [ 15.74, 10.21, 7.52 ], 
			"to": [ 17.1463, 12.2913, 8.5325 ], 
			"unwrapMode": 3,
			"unwrapRotation": 1,
			"uv": [ 0.0, 25.5 ],
			"rotationOrigin": [ 17.1476, 10.2144, 8.0313 ],
			"rotationZ": 49.0,
			"faces": {
						"north": { "texture": "#skin", "uv": [ 3.5, 26.5, 6.0, 28.0 ], "rotation": 270, "windMode": [-1,-1,-1,-1], "windData": [0,0,1,0] },
						"east": { "texture": "#skin", "uv": [ 1.0, 25.5, 3.5, 26.5 ], "rotation": 90, "windMode": [-1,-1,-1,-1], "windData": [1,0,0,1] },
						"south": { "texture": "#skin", "uv": [ 1.0, 26.5, 3.5, 28.0 ], "rotation": 90 },
						"west": { "texture": "#skin", "uv": [ 1.0, 28.0, 3.5, 29.0 ], "rotation": 90 },
						"up": { "texture": "#skin", "uv": [ 0.0, 26.5, 1.0, 28.0 ], "rotation": 90 },
						"down": { "texture": "#skin", "uv": [ 3.5, 26.5, 4.5, 28.0 ], "rotation": 270, "enabled": false, "windMode": [-1,-1,-1,-1], "windData": [0,1,1,0] }
			},
			"children": [
				{
					"name": "neck2",
					"from": [ 0.1688, 1.2375, 0.0563 ], 
					"to": [ 1.35, 3.15, 0.9563 ], 
					"unwrapMode": 3,
					"uv": [ 10.0, 4.0 ],
					"rotationOrigin": [ 1.35, 1.8563, 0.5625 ],
					"rotationZ": -25.0,
					"faces": {
						"north": { "texture": "#skin", "uv": [ 13.5, 5.0, 15.0, 7.5 ], "windMode": [-1,-1,-1,-1], "windData": [1,1,1,1] },
						"east": { "texture": "#skin", "uv": [ 12.5, 5.0, 13.5, 7.5 ], "windMode": [-1,-1,-1,-1], "windData": [1,1,1,1] },
						"south": { "texture": "#skin", "uv": [ 11.0, 5.0, 12.5, 7.5 ], "windMode": [-1,-1,-1,-1], "windData": [1,1,1,1] },
						"west": { "texture": "#skin", "uv": [ 10.0, 5.0, 11.0, 7.5 ], "windMode": [-1,-1,-1,-1], "windData": [1,1,1,1] },
						"up": { "texture": "#skin", "uv": [ 11.0, 4.0, 12.5, 5.0 ], "windMode": [-1,-1,-1,-1], "windData": [1,1,1,1] },
						"down": { "texture": "#skin", "uv": [ 11.0, 7.5, 12.5, 8.5 ], "rotation": 180, "enabled": false, "windMode": [-1,-1,-1,-1], "windData": [1,1,1,1] }
					},
					"children": [
						{
							"name": "head",
							"from": [ 0.45, 0.5063, -0.0562 ], 
							"to": [ 1.2, 1.9313, 0.9563 ], 
							"unwrapMode": 4,
							"uv": [ 5.5, 5.0 ],
							"rotationOrigin": [ 1.1813, 1.9125, 0.45 ],
							"rotationZ": -60.0,
							"faces": {
								"north": { "texture": "#skin", "uv": [ 5.5, 6.0, 6.5, 7.5 ] },
								"east": { "texture": "#skin", "uv": [ 8.5, 6.0, 9.5, 7.5 ] },
								"south": { "texture": "#skin", "uv": [ 7.5, 6.0, 8.5, 7.5 ] },
								"west": { "texture": "#skin", "uv": [ 6.5, 6.0, 7.5, 7.5 ] },
								"up": { "texture": "#skin", "uv": [ 6.5, 5.0, 7.5, 6.0 ], "rotation": 90 },
								"down": { "texture": "#skin", "uv": [ 6.5, 7.5, 7.5, 8.5 ], "rotation": 90 }
							},
							"children": [
								{
									"name": "mouth up",
									"from": [ -0.9, 0.1688, 0.1688 ], 
									"to": [ 0.1688, 0.3938, 0.8438 ], 
									"unwrapMode": 5,
									"unwrapRotation": 1,
									"uv": [ 0.0, 0.0 ],
									"rotationOrigin": [ 0.1125, 0.3938, 0.5063 ],
									"rotationZ": 55.0,
									"faces": {
										"north": { "texture": "#skin", "uv": [ 0.0, 0.0, 0.5, 1.0 ], "rotation": 270 },
										"east": { "texture": "#skin", "uv": [ 0.5, 0.0, 1.0, 0.5 ], "rotation": 180, "enabled": false },
										"south": { "texture": "#skin", "uv": [ 1.0, 0.0, 1.5, 1.0 ], "rotation": 90 },
										"west": { "texture": "#skin", "uv": [ 0.5, 1.0, 1.0, 1.5 ] },
										"up": { "texture": "#skin", "uv": [ 0.5, 0.0, 1.0, 1.0 ], "rotation": 90 },
										"down": { "texture": "#skin", "uv": [ 1.5, 0.0, 2.0, 1.0 ], "rotation": 270 }
									},
									"children": [
										{
											"name": "nose",
											"from": [ -0.1125, 0.1125, 0.1688 ], 
											"to": [ 0.2813, 0.45, 0.5063 ], 
											"unwrapMode": 4,
											"uv": [ 7.5, 7.5 ],
											"rotationOrigin": [ -0.1125, 0.45, 0.3375 ],
											"rotationZ": 16.0,
											"faces": {
												"north": { "texture": "#skin", "uv": [ 7.5, 8.0, 8.0, 8.5 ], "windMode": [-1,-1,-1,-1], "windData": [1,1,1,1] },
												"east": { "texture": "#skin", "uv": [ 9.0, 8.0, 9.5, 8.5 ], "windMode": [-1,-1,-1,-1], "windData": [1,1,1,1] },
												"south": { "texture": "#skin", "uv": [ 8.5, 8.0, 9.0, 8.5 ], "windMode": [-1,-1,-1,-1], "windData": [1,1,1,1] },
												"west": { "texture": "#skin", "uv": [ 8.0, 8.0, 8.5, 8.5 ], "windMode": [-1,-1,-1,-1], "windData": [1,1,1,1] },
												"up": { "texture": "#skin", "uv": [ 8.0, 7.5, 8.5, 8.0 ], "rotation": 90, "windMode": [-1,-1,-1,-1], "windData": [1,1,1,1] },
												"down": { "texture": "#skin", "uv": [ 8.0, 8.5, 8.5, 9.0 ], "rotation": 90, "windMode": [-1,-1,-1,-1], "windData": [1,1,1,1] }
											}
										},
										{
											"name": "nose bridge",
											"from": [ 0.1688, 0.0, 0.0844 ], 
											"to": [ 1.9125, 0.5063, 0.5906 ], 
											"unwrapMode": 5,
											"unwrapRotation": 1,
											"uv": [ 0.5, 6.5 ],
											"rotationOrigin": [ 0.1688, 0.0, 0.225 ],
											"rotationZ": 13.0,
											"faces": {
												"north": { "texture": "#skin", "uv": [ 0.5, 6.5, 1.0, 8.5 ], "rotation": 270 },
												"east": { "texture": "#skin", "uv": [ 1.0, 6.5, 1.5, 7.0 ], "rotation": 180, "enabled": false, "windMode": [-1,-1,-1,-1], "windData": [1,1,1,1] },
												"south": { "texture": "#skin", "uv": [ 1.5, 6.5, 2.0, 8.5 ], "rotation": 90 },
												"west": { "texture": "#skin", "uv": [ 1.0, 8.5, 1.5, 9.0 ], "windMode": [-1,-1,-1,-1], "windData": [1,1,1,1] },
												"up": { "texture": "#skin", "uv": [ 1.0, 6.5, 1.5, 8.5 ], "rotation": 90 },
												"down": { "texture": "#skin", "uv": [ 2.0, 6.5, 2.5, 8.5 ], "rotation": 270, "enabled": false }
											}
										}
									]
								},
								{
									"name": "R ear",
									"from": [ 0.3938, 1.0125, -0.9 ], 
									"to": [ 0.5063, 1.575, 0.225 ], 
									"unwrapMode": 4,
									"uv": [ 9.5, 7.5 ],
									"rotationOrigin": [ 0.5063, 1.2375, 0.1688 ],
									"rotationX": 45.0,
									"rotationZ": 22.0,
									"faces": {
										"north": { "texture": "#skin", "uv": [ 9.5, 8.0, 10.0, 8.5 ] },
										"east": { "texture": "#skin", "uv": [ 11.5, 8.0, 13.0, 8.5 ] },
										"south": { "texture": "#skin", "uv": [ 11.5, 8.0, 12.0, 8.5 ], "enabled": false, "windMode": [-1,-1,-1,-1], "windData": [1,1,1,1] },
										"west": { "texture": "#skin", "uv": [ 10.0, 8.0, 11.5, 8.5 ] },
										"up": { "texture": "#skin", "uv": [ 10.0, 7.5, 11.5, 8.0 ], "rotation": 90 },
										"down": { "texture": "#skin", "uv": [ 10.0, 8.5, 11.5, 9.0 ], "rotation": 90 }
									}
								},
								{
									"name": "L ear",
									"from": [ 0.3938, 1.0125, 0.8438 ], 
									"to": [ 0.5063, 1.575, 1.9688 ], 
									"unwrapMode": 4,
									"uv": [ 5.5, 12.0 ],
									"rotationOrigin": [ 0.5063, 1.2375, 0.8438 ],
									"rotationX": -45.0,
									"rotationZ": 22.0,
									"faces": {
										"north": { "texture": "#skin", "uv": [ 5.5, 12.5, 6.0, 13.0 ], "enabled": false },
										"east": { "texture": "#skin", "uv": [ 7.5, 12.5, 9.0, 13.0 ] },
										"south": { "texture": "#skin", "uv": [ 7.0, 12.5, 7.5, 13.0 ] },
										"west": { "texture": "#skin", "uv": [ 5.5, 12.5, 7.0, 13.0 ] },
										"up": { "texture": "#skin", "uv": [ 5.5, 12.0, 7.0, 12.5 ], "rotation": 90 },
										"down": { "texture": "#skin", "uv": [ 5.5, 13.0, 7.0, 13.5 ], "rotation": 90 }
									}
								},
								{
									"name": "jaw",
									"from": [ -0.5625, 0.0, 0.225 ], 
									"to": [ 0.5063, 0.1969, 0.7875 ], 
									"unwrapMode": 5,
									"unwrapRotation": 1,
									"uv": [ 0.0, 5.0 ],
									"rotationOrigin": [ 0.3375, 0.1688, 0.5625 ],
									"rotationZ": 42.0,
									"faces": {
										"north": { "texture": "#skin", "uv": [ 0.0, 5.0, 0.5, 6.0 ], "rotation": 270 },
										"east": { "texture": "#skin", "uv": [ 0.5, 5.0, 1.0, 5.5 ], "rotation": 180, "enabled": false },
										"south": { "texture": "#skin", "uv": [ 1.0, 5.0, 1.5, 6.0 ], "rotation": 90 },
										"west": { "texture": "#skin", "uv": [ 0.5, 6.0, 1.0, 6.5 ] },
										"up": { "texture": "#skin", "uv": [ 0.5, 5.0, 1.0, 6.0 ], "rotation": 90 },
										"down": { "texture": "#skin", "uv": [ 1.5, 5.0, 2.0, 6.0 ], "rotation": 270 }
									}
								}
							]
						}
					]
				}
			]
		}
	]}