{
	"editor": {
		"allAngles": true,
		"entityTextureMode": true
	},
	"textureWidth": 32,
	"textureHeight": 32,
	"textureSizes": {
		"skin": [32,32]
	},
	"textures": {
	},
	"elements": [
		{
			"name": "neck",
			"from": [ 15.31, 8.1, 6.98 ], 
			"to": [ 18.06, 12.17, 8.96 ], 
			"unwrapMode": 3,
			"unwrapRotation": 1,
			"uv": [ 10.5, 26.5 ],
			"rotationOrigin": [ 18.059, 8.1014, 7.97 ],
			"rotationZ": 45.0,
			"faces": {
				"north": { "texture": "#skin", "uv": [ 16.0, 28.0, 20.0, 30.5 ], "rotation": 270, "windMode": [-1,-1,-1,-1], "windData": [0,0,1,0] },
				"east": { "texture": "#skin", "uv": [ 12.0, 26.5, 16.0, 28.0 ], "rotation": 90, "windMode": [-1,-1,-1,-1], "windData": [1,0,0,1] },
				"south": { "texture": "#skin", "uv": [ 12.0, 28.0, 16.0, 30.5 ], "rotation": 90 },
				"west": { "texture": "#skin", "uv": [ 12.0, 30.5, 16.0, 32.0 ], "rotation": 90 },
				"up": { "texture": "#skin", "uv": [ 10.5, 28.0, 12.0, 30.5 ], "rotation": 90 },
				"down": { "texture": "#skin", "uv": [ 16.0, 28.0, 17.5, 30.5 ], "rotation": 270, "enabled": false, "windMode": [-1,-1,-1,-1], "windData": [0,1,1,0] }
			},
			"children": [
				{
					"name": "neck2",
					"from": [ 0.33, 2.42, 0.11 ], 
					"to": [ 2.52, 6.16, 1.87 ], 
					"unwrapMode": 3,
					"uv": [ 25.0, 0.0 ],
					"rotationOrigin": [ 2.42, 3.63, 1.1 ],
					"rotationZ": -25.0,
					"faces": {
						"north": { "texture": "#skin", "uv": [ 30.0, 1.5, 32.0, 5.0 ], "windMode": [-1,-1,-1,-1], "windData": [1,1,1,1] },
						"east": { "texture": "#skin", "uv": [ 28.5, 1.5, 30.0, 5.0 ], "windMode": [-1,-1,-1,-1], "windData": [1,1,1,1] },
						"south": { "texture": "#skin", "uv": [ 26.5, 1.5, 28.5, 5.0 ], "windMode": [-1,-1,-1,-1], "windData": [1,1,1,1] },
						"west": { "texture": "#skin", "uv": [ 25.0, 1.5, 26.5, 5.0 ], "windMode": [-1,-1,-1,-1], "windData": [1,1,1,1] },
						"up": { "texture": "#skin", "uv": [ 26.5, 0.0, 28.5, 1.5 ], "windMode": [-1,-1,-1,-1], "windData": [1,1,1,1] },
						"down": { "texture": "#skin", "uv": [ 26.5, 5.0, 28.5, 6.5 ], "rotation": 180, "enabled": false, "windMode": [-1,-1,-1,-1], "windData": [1,1,1,1] }
					},
					"children": [
						{
							"name": "head",
							"from": [ 0.55, 1.21, -0.11 ], 
							"to": [ 2.2, 3.74, 1.87 ], 
							"unwrapMode": 4,
							"uv": [ 9.0, 9.0 ],
							"rotationOrigin": [ 2.2, 3.74, 0.88 ],
							"rotationZ": -60.0,
							"faces": {
								"north": { "texture": "#skin", "uv": [ 9.0, 10.5, 10.5, 13.0 ] },
								"east": { "texture": "#skin", "uv": [ 13.5, 10.5, 15.0, 13.0 ] },
								"south": { "texture": "#skin", "uv": [ 12.0, 10.5, 13.5, 13.0 ] },
								"west": { "texture": "#skin", "uv": [ 10.5, 10.5, 12.0, 13.0 ] },
								"up": { "texture": "#skin", "uv": [ 10.5, 9.0, 12.0, 10.5 ], "rotation": 90 },
								"down": { "texture": "#skin", "uv": [ 10.5, 13.0, 12.0, 14.5 ], "rotation": 90 }
							},
							"children": [
								{
									"name": "mouth up",
									"from": [ -1.98, 0.11, 0.44 ], 
									"to": [ 0.66, 0.61, 1.54 ], 
									"unwrapMode": 5,
									"unwrapRotation": 1,
									"uv": [ 0.0, 0.0 ],
									"rotationOrigin": [ 0.55, 0.55, 0.99 ],
									"rotationZ": 55.0,
									"faces": {
										"north": { "texture": "#skin", "uv": [ 0.0, 0.0, 0.5, 2.5 ], "rotation": 270 },
										"east": { "texture": "#skin", "uv": [ 0.5, 0.0, 1.5, 0.5 ], "rotation": 180, "enabled": false },
										"south": { "texture": "#skin", "uv": [ 1.5, 0.0, 2.0, 2.5 ], "rotation": 90 },
										"west": { "texture": "#skin", "uv": [ 0.5, 2.5, 1.5, 3.0 ] },
										"up": { "texture": "#skin", "uv": [ 0.5, 0.0, 1.5, 2.5 ], "rotation": 90 },
										"down": { "texture": "#skin", "uv": [ 2.0, 0.0, 3.0, 2.5 ], "rotation": 270 }
									},
									"children": [
										{
											"name": "nose",
											"from": [ -0.22, 0.11, 0.2 ], 
											"to": [ 0.55, 0.77, 0.91 ], 
											"unwrapMode": 4,
											"uv": [ 9.0, 14.0 ],
											"rotationOrigin": [ -0.22, 0.77, 0.53 ],
											"rotationZ": 14.0,
											"faces": {
												"north": { "texture": "#skin", "uv": [ 9.0, 14.5, 9.5, 15.0 ], "windMode": [-1,-1,-1,-1], "windData": [1,1,1,1] },
												"east": { "texture": "#skin", "uv": [ 10.5, 14.5, 11.0, 15.0 ], "windMode": [-1,-1,-1,-1], "windData": [1,1,1,1] },
												"south": { "texture": "#skin", "uv": [ 10.0, 14.5, 10.5, 15.0 ], "windMode": [-1,-1,-1,-1], "windData": [1,1,1,1] },
												"west": { "texture": "#skin", "uv": [ 9.5, 14.5, 10.0, 15.0 ], "windMode": [-1,-1,-1,-1], "windData": [1,1,1,1] },
												"up": { "texture": "#skin", "uv": [ 9.5, 14.0, 10.0, 14.5 ], "rotation": 90, "windMode": [-1,-1,-1,-1], "windData": [1,1,1,1] },
												"down": { "texture": "#skin", "uv": [ 9.5, 15.0, 10.0, 15.5 ], "rotation": 90, "windMode": [-1,-1,-1,-1], "windData": [1,1,1,1] }
											}
										},
										{
											"name": "nose bridge",
											"from": [ 0.77, 0.0, 0.055 ], 
											"to": [ 3.97, 1.0, 1.055 ], 
											"unwrapMode": 5,
											"unwrapRotation": 1,
											"uv": [ 18.0, 13.5 ],
											"rotationOrigin": [ 0.77, 0.0, 0.33 ],
											"rotationZ": 24.0,
											"faces": {
												"north": { "texture": "#skin", "uv": [ 18.0, 14.5, 19.0, 17.5 ], "rotation": 270 },
												"east": { "texture": "#skin", "uv": [ 19.0, 13.5, 20.0, 14.5 ], "rotation": 180, "windMode": [-1,-1,-1,-1], "windData": [0,0,0,0] },
												"south": { "texture": "#skin", "uv": [ 20.0, 14.5, 21.0, 17.5 ], "rotation": 90 },
												"west": { "texture": "#skin", "uv": [ 19.0, 17.5, 20.0, 18.5 ], "windMode": [-1,-1,-1,-1], "windData": [0,0,0,0] },
												"up": { "texture": "#skin", "uv": [ 19.0, 14.5, 20.0, 17.5 ], "rotation": 90 },
												"down": { "texture": "#skin", "uv": [ 21.0, 14.5, 22.0, 17.5 ], "rotation": 270, "enabled": false }
											}
										}
									]
								},
								{
									"name": "R ear",
									"from": [ 0.55, 1.52, -1.3 ], 
									"to": [ 0.77, 2.62, 0.7 ], 
									"unwrapMode": 4,
									"uv": [ 12.0, 13.0 ],
									"rotationOrigin": [ 0.77, 2.4, 0.51 ],
									"rotationX": 55.0,
									"rotationZ": 22.0,
									"faces": {
										"north": { "texture": "#skin", "uv": [ 12.0, 13.5, 12.5, 14.5 ] },
										"east": { "texture": "#skin", "uv": [ 15.0, 13.5, 17.0, 14.5 ] },
										"south": { "texture": "#skin", "uv": [ 14.5, 13.5, 15.0, 14.5 ], "windMode": [-1,-1,-1,-1], "windData": [0,0,0,0] },
										"west": { "texture": "#skin", "uv": [ 12.5, 13.5, 14.5, 14.5 ] },
										"up": { "texture": "#skin", "uv": [ 12.5, 13.0, 14.5, 13.5 ], "rotation": 90 },
										"down": { "texture": "#skin", "uv": [ 12.5, 14.5, 14.5, 15.0 ], "rotation": 90 }
									}
								},
								{
									"name": "L ear",
									"from": [ 0.55, 1.52, 1.37 ], 
									"to": [ 0.77, 2.62, 3.37 ], 
									"unwrapMode": 4,
									"uv": [ 11.5, 0.0 ],
									"rotationOrigin": [ 0.77, 2.4, 1.37 ],
									"rotationX": -55.0,
									"rotationZ": 22.0,
									"faces": {
										"north": { "texture": "#skin", "uv": [ 11.5, 0.5, 12.0, 1.5 ], "windMode": [-1,-1,-1,-1] },
										"east": { "texture": "#skin", "uv": [ 14.5, 0.5, 16.5, 1.5 ] },
										"south": { "texture": "#skin", "uv": [ 14.0, 0.5, 14.5, 1.5 ], "windMode": [-1,-1,-1,-1] },
										"west": { "texture": "#skin", "uv": [ 12.0, 0.5, 14.0, 1.5 ] },
										"up": { "texture": "#skin", "uv": [ 12.0, 0.0, 14.0, 0.5 ], "rotation": 90 },
										"down": { "texture": "#skin", "uv": [ 12.0, 1.5, 14.0, 2.0 ], "rotation": 90 }
									}
								},
								{
									"name": "jaw",
									"from": [ -1.52, -0.1, 0.55 ], 
									"to": [ 1.48, 0.4, 1.43 ], 
									"unwrapMode": 5,
									"unwrapRotation": 1,
									"uv": [ 0.0, 9.0 ],
									"rotationOrigin": [ 1.1, 0.33, 1.1 ],
									"rotationZ": 48.0,
									"faces": {
										"north": { "texture": "#skin", "uv": [ 0.0, 9.0, 0.5, 12.0 ], "rotation": 270 },
										"east": { "texture": "#skin", "uv": [ 0.5, 9.0, 1.0, 9.5 ], "rotation": 180, "enabled": false },
										"south": { "texture": "#skin", "uv": [ 1.0, 9.0, 1.5, 12.0 ], "rotation": 90 },
										"west": { "texture": "#skin", "uv": [ 0.5, 12.0, 1.0, 12.5 ] },
										"up": { "texture": "#skin", "uv": [ 0.5, 9.0, 1.0, 12.0 ], "rotation": 90 },
										"down": { "texture": "#skin", "uv": [ 1.5, 9.0, 2.0, 12.0 ], "rotation": 270 }
									}
								},
								{
									"name": "Horn attachment",
									"from": [ 0.0, 2.31, 0.99 ], 
									"to": [ 0.77, 3.08, 1.76 ], 
									"uv": [ 0.0, 0.0 ],
									"rotationOrigin": [ 0.0, 2.31, 0.99 ],
									"faces": {
										"north": { "texture": "#skin", "uv": [ 0.0, 1.0, 0.792, 1.792 ], "enabled": false },
										"east": { "texture": "#skin", "uv": [ 1.0, 1.0, 1.792, 1.792 ], "enabled": false, "windMode": [-1,-1,-1,-1], "windData": [1,1,1,1] },
										"south": { "texture": "#skin", "uv": [ 1.0, 1.0, 1.792, 1.792 ], "enabled": false, "windMode": [-1,-1,-1,-1], "windData": [1,1,1,1] },
										"west": { "texture": "#skin", "uv": [ 1.0, 1.0, 1.792, 1.792 ], "enabled": false, "windMode": [-1,-1,-1,-1], "windData": [1,1,1,1] },
										"up": { "texture": "#skin", "uv": [ 0.0, 0.0, 0.792, 0.792 ], "enabled": false, "windMode": [-1,-1,-1,-1], "windData": [1,1,1,1] },
										"down": { "texture": "#skin", "uv": [ 1.0, 0.0, 1.792, 0.792 ], "enabled": false, "windMode": [-1,-1,-1,-1], "windData": [1,1,1,1] }
									},
									"children": [
										{
											"name": "R antler base",
											"from": [ -0.33, -0.66, -0.66 ], 
											"to": [ 0.11, 0.22, -0.22 ], 
											"unwrapMode": 4,
											"uv": [ 0.0, 30.5 ],
											"rotationOrigin": [ -0.33, -0.66, -0.22 ],
											"rotationX": -15.0,
											"rotationY": -25.0,
											"faces": {
												"north": { "texture": "#skin", "uv": [ 0.0, 31.0, 0.5, 31.5 ] },
												"east": { "texture": "#skin", "uv": [ 1.5, 31.0, 2.0, 31.5 ] },
												"south": { "texture": "#skin", "uv": [ 1.0, 31.0, 1.5, 31.5 ] },
												"west": { "texture": "#skin", "uv": [ 0.5, 31.0, 1.0, 31.5 ] },
												"up": { "texture": "#skin", "uv": [ 0.5, 30.5, 1.0, 31.0 ], "rotation": 90 },
												"down": { "texture": "#skin", "uv": [ 0.5, 31.5, 1.0, 32.0 ], "rotation": 90 }
											},
											"children": [
												{
													"name": "R antler",
													"from": [ 0.055, 0.88, 0.055 ], 
													"to": [ 0.385, 2.38, 0.385 ], 
													"unwrapMode": 4,
													"uv": [ 0.0, 28.0 ],
													"rotationOrigin": [ 0.0, 0.88, 0.44 ],
													"faces": {
														"north": { "texture": "#skin", "uv": [ 0.0, 28.5, 0.5, 30.0 ] },
														"east": { "texture": "#skin", "uv": [ 1.5, 28.5, 2.0, 30.0 ] },
														"south": { "texture": "#skin", "uv": [ 1.0, 28.5, 1.5, 30.0 ] },
														"west": { "texture": "#skin", "uv": [ 0.5, 28.5, 1.0, 30.0 ] },
														"up": { "texture": "#skin", "uv": [ 0.5, 28.0, 1.0, 28.5 ], "rotation": 90 },
														"down": { "texture": "#skin", "uv": [ 0.5, 30.0, 1.0, 30.5 ], "rotation": 90 }
													},
													"children": [
														{
															"name": "R antler point",
															"from": [ 0.1, 1.3, 0.05 ], 
															"to": [ 0.3, 2.3, 0.25 ], 
															"unwrapMode": 4,
															"uv": [ 0.0, 26.0 ],
															"rotationOrigin": [ 0.045, 1.3, 0.485 ],
															"rotationX": 14.0,
															"faces": {
																"north": { "texture": "#skin", "uv": [ 0.0, 26.5, 0.5, 27.5 ] },
																"east": { "texture": "#skin", "uv": [ 1.5, 26.5, 2.0, 27.5 ] },
																"south": { "texture": "#skin", "uv": [ 1.0, 26.5, 1.5, 27.5 ] },
																"west": { "texture": "#skin", "uv": [ 0.5, 26.5, 1.0, 27.5 ] },
																"up": { "texture": "#skin", "uv": [ 0.5, 26.0, 1.0, 26.5 ], "rotation": 90 },
																"down": { "texture": "#skin", "uv": [ 0.5, 27.5, 1.0, 28.0 ], "rotation": 90 }
															}
														}
													]
												}
											]
										},
										{
											"name": "L antler base",
											"from": [ -0.33, -0.66, 0.22 ], 
											"to": [ 0.11, 0.22, 0.66 ], 
											"unwrapMode": 4,
											"uv": [ 2.0, 30.5 ],
											"rotationOrigin": [ -0.33, -0.66, 0.22 ],
											"rotationX": 15.0,
											"rotationY": 25.0,
											"faces": {
												"north": { "texture": "#skin", "uv": [ 2.0, 31.0, 2.5, 31.5 ] },
												"east": { "texture": "#skin", "uv": [ 3.5, 31.0, 4.0, 31.5 ] },
												"south": { "texture": "#skin", "uv": [ 3.0, 31.0, 3.5, 31.5 ] },
												"west": { "texture": "#skin", "uv": [ 2.5, 31.0, 3.0, 31.5 ] },
												"up": { "texture": "#skin", "uv": [ 2.5, 30.5, 3.0, 31.0 ], "rotation": 90, "windMode": [-1,-1,-1,-1], "windData": [1,1,1,1] },
												"down": { "texture": "#skin", "uv": [ 2.5, 31.5, 3.0, 32.0 ], "rotation": 90, "windMode": [-1,-1,-1,-1], "windData": [1,1,1,1] }
											},
											"children": [
												{
													"name": "L antler",
													"from": [ 0.055, 0.88, 0.055 ], 
													"to": [ 0.385, 2.38, 0.385 ], 
													"unwrapMode": 4,
													"uv": [ 2.0, 28.0 ],
													"rotationOrigin": [ 0.0, 0.88, 0.0 ],
													"faces": {
														"north": { "texture": "#skin", "uv": [ 2.0, 28.5, 2.5, 30.0 ] },
														"east": { "texture": "#skin", "uv": [ 3.5, 28.5, 4.0, 30.0 ] },
														"south": { "texture": "#skin", "uv": [ 3.0, 28.5, 3.5, 30.0 ] },
														"west": { "texture": "#skin", "uv": [ 2.5, 28.5, 3.0, 30.0 ] },
														"up": { "texture": "#skin", "uv": [ 2.5, 28.0, 3.0, 28.5 ], "rotation": 90 },
														"down": { "texture": "#skin", "uv": [ 2.5, 30.0, 3.0, 30.5 ], "rotation": 90 }
													},
													"children": [
														{
															"name": "L antlerpoint",
															"from": [ 0.1, 1.3, 0.1 ], 
															"to": [ 0.3, 2.3, 0.3 ], 
															"unwrapMode": 4,
															"uv": [ 2.0, 26.0 ],
															"rotationOrigin": [ 0.045, 1.3, 0.045 ],
															"rotationX": -14.0,
															"faces": {
																"north": { "texture": "#skin", "uv": [ 2.0, 26.5, 2.5, 27.5 ] },
																"east": { "texture": "#skin", "uv": [ 3.5, 26.5, 4.0, 27.5 ] },
																"south": { "texture": "#skin", "uv": [ 3.0, 26.5, 3.5, 27.5 ] },
																"west": { "texture": "#skin", "uv": [ 2.5, 26.5, 3.0, 27.5 ] },
																"up": { "texture": "#skin", "uv": [ 2.5, 26.0, 3.0, 26.5 ], "rotation": 90 },
																"down": { "texture": "#skin", "uv": [ 2.5, 27.5, 3.0, 28.0 ], "rotation": 90 }
															}
														}
													]
												}
											]
										}
									]
								}
							]
						}
					]
				}
			]
		}
	]}