{
	"editor": {
		"allAngles": true,
		"entityTextureMode": true
	},
	"textureWidth": 32,
	"textureHeight": 24,
	"textureSizes": {
		"skin": [32,24]
	},
	"textures": {
	},
	"elements": [
		{
			"name": "Body",
			"from": [ 6.94, 1.3965, 7.2 ], 
			"to": [ 8.4345, 2.9715, 8.565 ], 
			"unwrapMode": 3,
			"uv": [ 0.0, 0.0 ],
			"rotationOrigin": [ 8.087, 2.3975, 8.0 ],
			"rotationZ": 15.0,
			"faces": {
				"north": { "texture": "#skin", "uv": [ 11.0, 3.5, 15.0, 8.0 ] },
				"east": { "texture": "#skin", "uv": [ 7.5, 3.5, 11.0, 8.0 ] },
				"south": { "texture": "#skin", "uv": [ 3.5, 3.5, 7.5, 8.0 ] },
				"west": { "texture": "#skin", "uv": [ 0.0, 3.5, 3.5, 8.0 ] },
				"up": { "texture": "#skin", "uv": [ 3.5, 0.0, 7.5, 3.5 ] },
				"down": { "texture": "#skin", "uv": [ 3.5, 8.0, 7.5, 11.5 ], "rotation": 180 }
			},
			"children": [
				{
					"name": "neck",
					"from": [ -0.3675, 0.588, 0.175 ], 
					"to": [ 0.868, 1.8375, 1.225 ], 
					"unwrapMode": 3,
					"uv": [ 4.5, 9.5 ],
					"rotationOrigin": [ 0.595, 0.938, 0.7 ],
					"rotationZ": 55.0,
					"faces": {
						"north": { "texture": "#skin", "uv": [ 14.0, 12.5, 17.5, 16.0 ], "windMode": [-1,-1,-1,-1], "windData": [0,0,1,0] },
						"east": { "texture": "#skin", "uv": [ 11.0, 12.5, 14.0, 16.0 ], "windMode": [-1,-1,-1,-1], "windData": [1,0,0,1] },
						"south": { "texture": "#skin", "uv": [ 7.5, 12.5, 11.0, 16.0 ] },
						"west": { "texture": "#skin", "uv": [ 4.5, 12.5, 7.5, 16.0 ] },
						"up": { "texture": "#skin", "uv": [ 7.5, 9.5, 11.0, 12.5 ] },
						"down": { "texture": "#skin", "uv": [ 7.5, 16.0, 11.0, 19.0 ], "rotation": 180, "enabled": false, "windMode": [-1,-1,-1,-1], "windData": [0,1,1,0] }
					},
					"children": [
						{
							"name": "neck2",
							"from": [ 0.1855, 0.707, 0.2135 ], 
							"to": [ 1.2005, 1.827, 0.8435 ], 
							"unwrapMode": 3,
							"uv": [ 20.5, 11.5 ],
							"rotationOrigin": [ 1.127, 1.1305, 0.525 ],
							"rotationZ": -15.0,
							"faces": {
								"north": { "texture": "#skin", "uv": [ 26.0, 13.0, 28.5, 16.0 ], "windMode": [-1,-1,-1,-1], "windData": [1,1,1,1] },
								"east": { "texture": "#skin", "uv": [ 24.5, 13.0, 26.0, 16.0 ], "windMode": [-1,-1,-1,-1], "windData": [1,1,1,1] },
								"south": { "texture": "#skin", "uv": [ 22.0, 13.0, 24.5, 16.0 ], "windMode": [-1,-1,-1,-1], "windData": [1,1,1,1] },
								"west": { "texture": "#skin", "uv": [ 20.5, 13.0, 22.0, 16.0 ], "windMode": [-1,-1,-1,-1], "windData": [1,1,1,1] },
								"up": { "texture": "#skin", "uv": [ 22.0, 11.5, 24.5, 13.0 ], "windMode": [-1,-1,-1,-1], "windData": [1,1,1,1] },
								"down": { "texture": "#skin", "uv": [ 22.0, 16.0, 24.5, 17.5 ], "rotation": 180, "enabled": false, "windMode": [-1,-1,-1,-1], "windData": [1,1,1,1] }
							},
							"children": [
								{
									"name": "head",
									"from": [ 0.3325, 0.21, -0.0385 ], 
									"to": [ 0.98, 1.0955, 0.6615 ], 
									"unwrapMode": 4,
									"uv": [ 16.0, 14.5 ],
									"rotationOrigin": [ 0.98, 1.099, 0.308 ],
									"rotationZ": -60.0,
									"faces": {
										"north": { "texture": "#skin", "uv": [ 16.0, 16.0, 17.5, 18.5 ] },
										"east": { "texture": "#skin", "uv": [ 21.0, 16.0, 23.0, 18.5 ] },
										"south": { "texture": "#skin", "uv": [ 19.5, 16.0, 21.0, 18.5 ] },
										"west": { "texture": "#skin", "uv": [ 17.5, 16.0, 19.5, 18.5 ] },
										"up": { "texture": "#skin", "uv": [ 17.5, 14.5, 19.5, 16.0 ], "rotation": 90 },
										"down": { "texture": "#skin", "uv": [ 17.5, 18.5, 19.5, 20.0 ], "rotation": 90 }
									},
									"children": [
										{
											"name": "mouth up",
											"from": [ -0.413, 0.0385, 0.189 ], 
											"to": [ 0.021, 0.1785, 0.504 ], 
											"unwrapMode": 5,
											"unwrapRotation": 1,
											"uv": [ 0.0, 0.0 ],
											"rotationOrigin": [ -0.0175, 0.1925, 0.3465 ],
											"rotationZ": 55.0,
											"faces": {
												"north": { "texture": "#skin", "uv": [ 0.0, 0.0, 0.5, 1.0 ], "rotation": 270 },
												"east": { "texture": "#skin", "uv": [ 0.5, 0.0, 1.0, 0.5 ], "rotation": 180, "enabled": false },
												"south": { "texture": "#skin", "uv": [ 1.0, 0.0, 1.5, 1.0 ], "rotation": 90 },
												"west": { "texture": "#skin", "uv": [ 0.5, 1.0, 1.0, 1.5 ] },
												"up": { "texture": "#skin", "uv": [ 0.5, 0.0, 1.0, 1.0 ], "rotation": 90 },
												"down": { "texture": "#skin", "uv": [ 1.5, 0.0, 2.0, 1.0 ], "rotation": 270 }
											},
											"children": [
												{
													"name": "nose",
													"from": [ -0.042, 0.0875, 0.0525 ], 
													"to": [ 0.2275, 0.2835, 0.266 ], 
													"unwrapMode": 4,
													"uv": [ 1.5, 2.0 ],
													"rotationOrigin": [ -0.042, 0.3045, 0.1855 ],
													"rotationZ": 1.0,
													"faces": {
														"north": { "texture": "#skin", "uv": [ 1.5, 2.5, 2.0, 3.0 ], "windMode": [-1,-1,-1,-1], "windData": [1,1,1,1] },
														"east": { "texture": "#skin", "uv": [ 3.0, 2.5, 3.5, 3.0 ], "windMode": [-1,-1,-1,-1], "windData": [1,1,1,1] },
														"south": { "texture": "#skin", "uv": [ 2.5, 2.5, 3.0, 3.0 ], "windMode": [-1,-1,-1,-1], "windData": [1,1,1,1] },
														"west": { "texture": "#skin", "uv": [ 2.0, 2.5, 2.5, 3.0 ], "windMode": [-1,-1,-1,-1], "windData": [1,1,1,1] },
														"up": { "texture": "#skin", "uv": [ 2.0, 2.0, 2.5, 2.5 ], "rotation": 90, "windMode": [-1,-1,-1,-1], "windData": [1,1,1,1] },
														"down": { "texture": "#skin", "uv": [ 2.0, 3.0, 2.5, 3.5 ], "rotation": 90, "windMode": [-1,-1,-1,-1], "windData": [1,1,1,1] }
													}
												},
												{
													"name": "nose bridge",
													"from": [ 0.1645, 0.07, 0.021 ], 
													"to": [ 1.0045, 0.28, 0.301 ], 
													"unwrapMode": 5,
													"unwrapRotation": 1,
													"uv": [ 0.0, 8.0 ],
													"rotationOrigin": [ 0.1645, 0.105, 0.1155 ],
													"rotationZ": 16.0,
													"faces": {
														"north": { "texture": "#skin", "uv": [ 0.0, 8.5, 0.5, 10.5 ], "rotation": 270 },
														"east": { "texture": "#skin", "uv": [ 0.5, 8.0, 1.0, 8.5 ], "rotation": 180, "windMode": [-1,-1,-1,-1], "windData": [0,0,0,0] },
														"south": { "texture": "#skin", "uv": [ 1.0, 8.5, 1.5, 10.5 ], "rotation": 90 },
														"west": { "texture": "#skin", "uv": [ 0.5, 10.5, 1.0, 11.0 ], "windMode": [-1,-1,-1,-1], "windData": [0,0,0,0] },
														"up": { "texture": "#skin", "uv": [ 0.5, 8.5, 1.0, 10.5 ], "rotation": 90 },
														"down": { "texture": "#skin", "uv": [ 1.5, 8.5, 2.0, 10.5 ], "rotation": 270, "enabled": false }
													}
												}
											]
										},
										{
											"name": "R ear",
											"from": [ 0.4025, 0.532, -0.469 ], 
											"to": [ 0.4795, 0.987, 0.112 ], 
											"unwrapMode": 4,
											"uv": [ 28.0, 11.5 ],
											"rotationOrigin": [ 0.4795, 0.84, 0.1085 ],
											"rotationX": 45.0,
											"rotationZ": 22.0,
											"faces": {
												"north": { "texture": "#skin", "uv": [ 28.0, 12.0, 28.5, 13.0 ] },
												"east": { "texture": "#skin", "uv": [ 30.5, 12.0, 32.0, 13.0 ] },
												"south": { "texture": "#skin", "uv": [ 30.0, 12.0, 30.5, 13.0 ], "windMode": [-1,-1,-1,-1], "windData": [0,0,0,0] },
												"west": { "texture": "#skin", "uv": [ 28.5, 12.0, 30.0, 13.0 ] },
												"up": { "texture": "#skin", "uv": [ 28.5, 11.5, 30.0, 12.0 ], "rotation": 90 },
												"down": { "texture": "#skin", "uv": [ 28.5, 13.0, 30.0, 13.5 ], "rotation": 90 }
											}
										},
										{
											"name": "L ear",
											"from": [ 0.4025, 0.532, 0.5845 ], 
											"to": [ 0.4795, 0.987, 1.1655 ], 
											"unwrapMode": 4,
											"uv": [ 11.0, 8.0 ],
											"rotationOrigin": [ 0.4795, 0.84, 0.5845 ],
											"rotationX": -45.0,
											"rotationZ": 22.0,
											"faces": {
												"north": { "texture": "#skin", "uv": [ 11.0, 8.5, 11.5, 9.5 ], "windMode": [-1,-1,-1,-1] },
												"east": { "texture": "#skin", "uv": [ 13.5, 8.5, 15.0, 9.5 ] },
												"south": { "texture": "#skin", "uv": [ 13.0, 8.5, 13.5, 9.5 ], "windMode": [-1,-1,-1,-1] },
												"west": { "texture": "#skin", "uv": [ 11.5, 8.5, 13.0, 9.5 ] },
												"up": { "texture": "#skin", "uv": [ 11.5, 8.0, 13.0, 8.5 ], "rotation": 90 },
												"down": { "texture": "#skin", "uv": [ 11.5, 9.5, 13.0, 10.0 ], "rotation": 90 }
											}
										},
										{
											"name": "jaw",
											"from": [ -0.287, 0.0, 0.1925 ], 
											"to": [ 0.2205, 0.1347, 0.5005 ], 
											"unwrapMode": 5,
											"unwrapRotation": 1,
											"uv": [ 0.0, 1.5 ],
											"rotationOrigin": [ 0.105, 0.1155, 0.35 ],
											"rotationZ": 51.0,
											"faces": {
												"north": { "texture": "#skin", "uv": [ 0.0, 1.5, 0.5, 2.5 ], "rotation": 270 },
												"east": { "texture": "#skin", "uv": [ 0.5, 1.5, 1.0, 2.0 ], "rotation": 180, "enabled": false },
												"south": { "texture": "#skin", "uv": [ 1.0, 1.5, 1.5, 2.5 ], "rotation": 90 },
												"west": { "texture": "#skin", "uv": [ 0.5, 2.5, 1.0, 3.0 ] },
												"up": { "texture": "#skin", "uv": [ 0.5, 1.5, 1.0, 2.5 ], "rotation": 90 },
												"down": { "texture": "#skin", "uv": [ 1.5, 1.5, 2.0, 2.5 ], "rotation": 270 }
											}
										}
									]
								}
							]
						}
					]
				},
				{
					"name": "abdomen",
					"from": [ 1.302, 0.0, -0.0385 ], 
					"to": [ 2.45, 1.61, 1.4035 ], 
					"unwrapMode": 3,
					"uv": [ 15.0, 0.0 ],
					"rotationOrigin": [ 1.302, 0.9625, 0.6545 ],
					"rotationZ": -12.0,
					"faces": {
						"north": { "texture": "#skin", "uv": [ 26.0, 4.0, 29.0, 8.5 ] },
						"east": { "texture": "#skin", "uv": [ 22.0, 4.0, 26.0, 8.5 ] },
						"south": { "texture": "#skin", "uv": [ 19.0, 4.0, 22.0, 8.5 ] },
						"west": { "texture": "#skin", "uv": [ 15.0, 4.0, 19.0, 8.5 ] },
						"up": { "texture": "#skin", "uv": [ 19.0, 0.0, 22.0, 4.0 ] },
						"down": { "texture": "#skin", "uv": [ 19.0, 8.5, 22.0, 12.5 ], "rotation": 180 }
					},
					"children": [
						{
							"name": "L back Thigh",
							"from": [ 0.0716, -0.1201, 1.2145 ], 
							"to": [ 0.9864, 0.9725, 1.5702 ], 
							"unwrapMode": 3,
							"uv": [ 7.0, 16.0 ],
							"rotationOrigin": [ 0.4273, 0.6676, 1.3909 ],
							"rotationX": 3.0,
							"rotationZ": 22.0,
							"faces": {
								"north": { "texture": "#skin", "uv": [ 11.5, 17.0, 14.0, 20.0 ] },
								"east": { "texture": "#skin", "uv": [ 10.5, 17.0, 11.5, 20.0 ] },
								"south": { "texture": "#skin", "uv": [ 8.0, 17.0, 10.5, 20.0 ] },
								"west": { "texture": "#skin", "uv": [ 7.0, 17.0, 8.0, 20.0 ] },
								"up": { "texture": "#skin", "uv": [ 8.0, 16.0, 10.5, 17.0 ], "windMode": [-1,-1,-1,-1], "windData": [0,0,1,1] },
								"down": { "texture": "#skin", "uv": [ 8.0, 20.0, 10.5, 21.0 ], "rotation": 180 }
							},
							"children": [
								{
									"name": "L back Upper Arm",
									"from": [ 0.0046, -0.9148, 0.0508 ], 
									"to": [ 0.3604, 0.1016, 0.3303 ], 
									"unwrapMode": 3,
									"uv": [ 29.0, 3.0 ],
									"rotationOrigin": [ 0.1825, 0.1016, 0.2033 ],
									"rotationX": 1.0,
									"rotationZ": 47.0,
									"faces": {
										"north": { "texture": "#skin", "uv": [ 31.0, 3.5, 32.0, 6.0 ] },
										"east": { "texture": "#skin", "uv": [ 30.5, 3.5, 31.0, 6.0 ] },
										"south": { "texture": "#skin", "uv": [ 29.5, 3.5, 30.5, 6.0 ] },
										"west": { "texture": "#skin", "uv": [ 29.0, 3.5, 29.5, 6.0 ] },
										"up": { "texture": "#skin", "uv": [ 29.5, 3.0, 30.5, 3.5 ] },
										"down": { "texture": "#skin", "uv": [ 29.5, 6.0, 30.5, 6.5 ], "rotation": 180 }
									},
									"children": [
										{
											"name": "L back lower arm",
											"from": [ 0.1201, -0.8715, 0.0508 ], 
											"to": [ 0.3234, 0.0525, 0.2287 ], 
											"unwrapMode": 3,
											"uv": [ 17.0, 0.0 ],
											"rotationOrigin": [ 0.2472, 0.0482, 0.1525 ],
											"rotationX": -4.0,
											"rotationZ": -60.0,
											"faces": {
												"north": { "texture": "#skin", "uv": [ 18.5, 0.5, 19.0, 3.0 ] },
												"east": { "texture": "#skin", "uv": [ 18.0, 0.5, 18.5, 3.0 ] },
												"south": { "texture": "#skin", "uv": [ 17.5, 0.5, 18.0, 3.0 ] },
												"west": { "texture": "#skin", "uv": [ 17.0, 0.5, 17.5, 3.0 ] },
												"up": { "texture": "#skin", "uv": [ 17.5, 0.0, 18.0, 0.5 ] },
												"down": { "texture": "#skin", "uv": [ 17.5, 3.0, 18.0, 3.5 ], "rotation": 180 }
											},
											"children": [
												{
													"name": "L back pastern",
													"from": [ 0.0127, -0.273, 0.0 ], 
													"to": [ 0.1906, 0.1844, 0.1779 ], 
													"unwrapMode": 3,
													"uv": [ 1.5, 10.0 ],
													"rotationOrigin": [ 0.127, 0.1587, 0.0762 ],
													"rotationZ": -10.0,
													"faces": {
														"north": { "texture": "#skin", "uv": [ 3.0, 10.5, 3.5, 11.5 ] },
														"east": { "texture": "#skin", "uv": [ 2.5, 10.5, 3.0, 11.5 ] },
														"south": { "texture": "#skin", "uv": [ 2.0, 10.5, 2.5, 11.5 ] },
														"west": { "texture": "#skin", "uv": [ 1.5, 10.5, 2.0, 11.5 ] },
														"up": { "texture": "#skin", "uv": [ 2.0, 10.0, 2.5, 10.5 ] },
														"down": { "texture": "#skin", "uv": [ 2.0, 11.5, 2.5, 12.0 ], "rotation": 180 }
													},
													"children": [
														{
															"name": "L origin hind hoof",
															"from": [ 0.1016, 0.127, 0.0889 ], 
															"to": [ 0.1016, 0.127, 0.0889 ], 
															"uv": [ 0.0, 0.0 ],
															"rotationOrigin": [ 0.1016, 0.127, 0.1016 ],
															"rotationZ": -19.0,
															"faces": {
																"north": { "texture": "#skin", "uv": [ 0.0, 0.5, 0.2614, 0.7614 ], "enabled": false },
																"east": { "texture": "#skin", "uv": [ 0.5, 0.5, 0.7614, 0.7614 ], "enabled": false },
																"south": { "texture": "#skin", "uv": [ 1.0, 0.5, 1.2614, 0.7614 ], "enabled": false },
																"west": { "texture": "#skin", "uv": [ 1.5, 0.5, 1.7614, 0.7614 ], "enabled": false },
																"up": { "texture": "#skin", "uv": [ 0.0, 0.0, 0.2614, 0.2614 ], "enabled": false },
																"down": { "texture": "#skin", "uv": [ 0.5, 0.0, 0.7614, 0.2614 ], "enabled": false }
															},
															"children": [
																{
																	"name": "L hind hoof 1",
																	"from": [ -0.2795, -0.0508, -0.0762 ], 
																	"to": [ -0.0762, 0.0254, 0.0762 ], 
																	"unwrapMode": 4,
																	"uv": [ 4.0, 22.5 ],
																	"rotationOrigin": [ -0.0254, 0.0, 0.0508 ],
																	"rotationZ": 55.0,
																	"faces": {
																		"north": { "texture": "#skin", "uv": [ 4.0, 23.0, 4.5, 23.5 ] },
																		"east": { "texture": "#skin", "uv": [ 5.5, 23.0, 6.0, 23.5 ] },
																		"south": { "texture": "#skin", "uv": [ 5.0, 23.0, 5.5, 23.5 ] },
																		"west": { "texture": "#skin", "uv": [ 4.5, 23.0, 5.0, 23.5 ] },
																		"up": { "texture": "#skin", "uv": [ 4.5, 22.5, 5.0, 23.0 ], "rotation": 90 },
																		"down": { "texture": "#skin", "uv": [ 4.5, 23.5, 5.0, 24.0 ], "rotation": 90 }
																	}
																},
																{
																	"name": "L hind hoof 2",
																	"from": [ -0.2033, -0.1525, -0.0762 ], 
																	"to": [ 0.0508, -0.0762, 0.0762 ], 
																	"unwrapMode": 4,
																	"uv": [ 4.5, 21.5 ],
																	"rotationOrigin": [ 0.0254, -0.0508, 0.0254 ],
																	"rotationZ": 27.0,
																	"faces": {
																		"north": { "texture": "#skin", "uv": [ 4.5, 22.0, 5.0, 22.5 ] },
																		"east": { "texture": "#skin", "uv": [ 6.0, 22.0, 6.5, 22.5 ] },
																		"south": { "texture": "#skin", "uv": [ 5.5, 22.0, 6.0, 22.5 ] },
																		"west": { "texture": "#skin", "uv": [ 5.0, 22.0, 5.5, 22.5 ] },
																		"up": { "texture": "#skin", "uv": [ 5.0, 21.5, 5.5, 22.0 ], "rotation": 90 },
																		"down": { "texture": "#skin", "uv": [ 5.0, 22.5, 5.5, 23.0 ], "rotation": 90 }
																	}
																}
															]
														}
													]
												}
											]
										}
									]
								}
							]
						},
						{
							"name": "tail",
							"from": [ 0.35, 0.35, 0.021 ], 
							"to": [ 1.2425, 1.435, 1.421 ], 
							"unwrapMode": 3,
							"uv": [ 7.5, 0.0 ],
							"rotationOrigin": [ 1.0255, 1.421, 0.721 ],
							"rotationZ": 50.0,
							"faces": {
								"north": { "texture": "#skin", "uv": [ 14.0, 0.0, 16.5, 3.0 ], "windMode": [-1,-1,-1,-1], "windData": [0,1,1,0] },
								"east": { "texture": "#skin", "uv": [ 10.0, 0.0, 14.0, 3.0 ], "windMode": [-1,-1,-1,-1], "windData": [0,1,1,0] },
								"south": { "texture": "#skin", "uv": [ 7.5, 0.0, 10.0, 3.0 ] },
								"west": { "texture": "#skin", "uv": [ 7.5, 0.0, 11.5, 3.0 ], "enabled": false, "windMode": [-1,-1,-1,-1], "windData": [0,0,0,0] },
								"up": { "texture": "#skin", "uv": [ 7.5, 0.0, 10.0, 4.0 ], "enabled": false, "windMode": [-1,-1,-1,-1], "windData": [0,0,0,0] },
								"down": { "texture": "#skin", "uv": [ 7.5, 3.0, 10.0, 7.0 ], "rotation": 180, "enabled": false, "windMode": [-1,-1,-1,-1] }
							}
						},
						{
							"name": "R back Thigh",
							"from": [ 0.0716, -0.1201, -0.127 ], 
							"to": [ 0.9864, 0.9725, 0.2287 ], 
							"unwrapMode": 1,
							"uv": [ 0.0, 15.5 ],
							"rotationOrigin": [ 0.4273, 0.6676, 0.0254 ],
							"rotationX": -3.0,
							"rotationZ": -13.0,
							"faces": {
								"north": { "texture": "#skin", "uv": [ 1.0, 16.5, 3.5, 19.5 ] },
								"east": { "texture": "#skin", "uv": [ 0.0, 16.5, 1.0, 19.5 ] },
								"south": { "texture": "#skin", "uv": [ 4.5, 16.5, 7.0, 19.5 ] },
								"west": { "texture": "#skin", "uv": [ 3.5, 16.5, 4.5, 19.5 ] },
								"up": { "texture": "#skin", "uv": [ 1.0, 15.5, 3.5, 16.5 ], "rotation": 180 },
								"down": { "texture": "#skin", "uv": [ 1.0, 19.5, 3.5, 20.5 ] }
							},
							"children": [
								{
									"name": "R back Upper Arm",
									"from": [ 0.0046, -0.9148, 0.0254 ], 
									"to": [ 0.3604, 0.1016, 0.3049 ], 
									"unwrapMode": 1,
									"uv": [ 22.0, 0.0 ],
									"rotationOrigin": [ 0.1825, 0.1016, 0.1779 ],
									"rotationX": -1.0,
									"rotationZ": 88.0,
									"faces": {
										"north": { "texture": "#skin", "uv": [ 22.5, 0.5, 23.5, 3.0 ] },
										"east": { "texture": "#skin", "uv": [ 22.0, 0.5, 22.5, 3.0 ] },
										"south": { "texture": "#skin", "uv": [ 24.0, 0.5, 25.0, 3.0 ] },
										"west": { "texture": "#skin", "uv": [ 23.5, 0.5, 24.0, 3.0 ] },
										"up": { "texture": "#skin", "uv": [ 22.5, 0.0, 23.5, 0.5 ], "rotation": 180 },
										"down": { "texture": "#skin", "uv": [ 22.5, 3.0, 23.5, 3.5 ] }
									},
									"children": [
										{
											"name": "R back lower arm",
											"from": [ 0.1201, -0.857, 0.0508 ], 
											"to": [ 0.3234, 0.067, 0.2287 ], 
											"unwrapMode": 1,
											"uv": [ 17.0, 8.5 ],
											"rotationOrigin": [ 0.2472, 0.0624, 0.1525 ],
											"rotationX": 4.0,
											"rotationZ": -127.0,
											"faces": {
												"north": { "texture": "#skin", "uv": [ 17.5, 9.0, 18.0, 11.5 ] },
												"east": { "texture": "#skin", "uv": [ 17.0, 9.0, 17.5, 11.5 ] },
												"south": { "texture": "#skin", "uv": [ 18.5, 9.0, 19.0, 11.5 ] },
												"west": { "texture": "#skin", "uv": [ 18.0, 9.0, 18.5, 11.5 ] },
												"up": { "texture": "#skin", "uv": [ 17.5, 8.5, 18.0, 9.0 ], "rotation": 180 },
												"down": { "texture": "#skin", "uv": [ 17.5, 11.5, 18.0, 12.0 ] }
											},
											"children": [
												{
													"name": "R back pastern",
													"from": [ 0.0127, -0.2033, 0.0 ], 
													"to": [ 0.1906, 0.2541, 0.1779 ], 
													"unwrapMode": 1,
													"uv": [ 1.5, 7.83 ],
													"rotationOrigin": [ 0.127, 0.2287, 0.0762 ],
													"rotationZ": 14.0,
													"faces": {
														"north": { "texture": "#skin", "uv": [ 2.0, 8.5, 2.5, 9.5 ] },
														"east": { "texture": "#skin", "uv": [ 1.5, 8.5, 2.0, 9.5 ] },
														"south": { "texture": "#skin", "uv": [ 3.0, 8.5, 3.5, 9.5 ] },
														"west": { "texture": "#skin", "uv": [ 2.5, 8.5, 3.0, 9.5 ] },
														"up": { "texture": "#skin", "uv": [ 2.0, 8.0, 2.5, 8.5 ], "rotation": 180 },
														"down": { "texture": "#skin", "uv": [ 2.0, 9.5, 2.5, 10.0 ] }
													},
													"children": [
														{
															"name": "R origin hind hoof",
															"from": [ 0.0665, 0.126, 0.0889 ], 
															"to": [ 0.0665, 0.126, 0.0889 ], 
															"uv": [ 0.0, 0.0 ],
															"rotationOrigin": [ 0.0666, 0.127, 0.1016 ],
															"rotationZ": 28.0,
															"faces": {
																"north": { "texture": "#skin", "uv": [ 0.0, 0.5, 0.2614, 0.7614 ], "enabled": false },
																"east": { "texture": "#skin", "uv": [ 0.5, 0.5, 0.7614, 0.7614 ], "enabled": false },
																"south": { "texture": "#skin", "uv": [ 1.0, 0.5, 1.2614, 0.7614 ], "enabled": false },
																"west": { "texture": "#skin", "uv": [ 1.5, 0.5, 1.7614, 0.7614 ], "enabled": false },
																"up": { "texture": "#skin", "uv": [ 0.0, 0.0, 0.2614, 0.2614 ], "enabled": false },
																"down": { "texture": "#skin", "uv": [ 0.5, 0.0, 0.7614, 0.2614 ], "enabled": false }
															},
															"children": [
																{
																	"name": "R hind hoof 1",
																	"from": [ -0.2795, -0.0508, -0.0762 ], 
																	"to": [ -0.0762, 0.0254, 0.0762 ], 
																	"unwrapMode": 4,
																	"uv": [ 0.5, 21.5 ],
																	"rotationOrigin": [ -0.0254, 0.0, 0.0508 ],
																	"rotationZ": 55.0,
																	"faces": {
																		"north": { "texture": "#skin", "uv": [ 0.5, 22.0, 1.0, 22.5 ] },
																		"east": { "texture": "#skin", "uv": [ 2.0, 22.0, 2.5, 22.5 ] },
																		"south": { "texture": "#skin", "uv": [ 1.5, 22.0, 2.0, 22.5 ] },
																		"west": { "texture": "#skin", "uv": [ 1.0, 22.0, 1.5, 22.5 ] },
																		"up": { "texture": "#skin", "uv": [ 1.0, 21.5, 1.5, 22.0 ], "rotation": 90 },
																		"down": { "texture": "#skin", "uv": [ 1.0, 22.5, 1.5, 23.0 ], "rotation": 90 }
																	}
																},
																{
																	"name": "R hind hoof 2",
																	"from": [ -0.2033, -0.1525, -0.0762 ], 
																	"to": [ 0.0508, -0.0762, 0.0762 ], 
																	"unwrapMode": 4,
																	"uv": [ 0.0, 20.5 ],
																	"rotationOrigin": [ 0.0254, -0.0508, 0.0254 ],
																	"rotationZ": 27.0,
																	"faces": {
																		"north": { "texture": "#skin", "uv": [ 0.0, 21.0, 0.5, 21.5 ] },
																		"east": { "texture": "#skin", "uv": [ 1.5, 21.0, 2.0, 21.5 ] },
																		"south": { "texture": "#skin", "uv": [ 1.0, 21.0, 1.5, 21.5 ] },
																		"west": { "texture": "#skin", "uv": [ 0.5, 21.0, 1.0, 21.5 ] },
																		"up": { "texture": "#skin", "uv": [ 0.5, 20.5, 1.0, 21.0 ], "rotation": 90 },
																		"down": { "texture": "#skin", "uv": [ 0.5, 21.5, 1.0, 22.0 ], "rotation": 90 }
																	}
																}
															]
														}
													]
												}
											]
										}
									]
								}
							]
						},
						{
							"name": "tail-end",
							"from": [ 0.5565, 0.637, 0.567 ], 
							"to": [ 1.2565, 1.4455, 0.875 ], 
							"unwrapMode": 3,
							"uv": [ 11.0, 10.5 ],
							"rotationOrigin": [ 1.2556, 1.4066, 0.7 ],
							"rotationZ": 38.0,
							"faces": {
								"north": { "texture": "#skin", "uv": [ 13.5, 10.5, 15.5, 12.5 ] },
								"east": { "texture": "#skin", "uv": [ 13.0, 10.5, 13.5, 12.5 ] },
								"south": { "texture": "#skin", "uv": [ 11.0, 10.5, 13.0, 12.5 ] },
								"west": { "texture": "#skin", "uv": [ 11.0, 10.5, 11.5, 12.5 ], "enabled": false, "windMode": [-1,-1,-1,-1] },
								"up": { "texture": "#skin", "uv": [ 11.0, 10.5, 13.0, 11.0 ], "enabled": false, "windMode": [-1,-1,-1,-1], "windData": [0,0,0,0] },
								"down": { "texture": "#skin", "uv": [ 11.0, 12.5, 13.0, 13.0 ], "rotation": 180, "enabled": false, "windMode": [-1,-1,-1,-1] }
							}
						}
					]
				},
				{
					"name": "L front Thigh",
					"from": [ -0.1706, -0.1575, 1.1725 ], 
					"to": [ 0.4069, 0.693, 1.4901 ], 
					"unwrapMode": 3,
					"uv": [ 26.0, 8.5 ],
					"rotationOrigin": [ 0.147, 0.4489, 1.3737 ],
					"rotationX": 3.0,
					"rotationZ": -17.0,
					"faces": {
						"north": { "texture": "#skin", "uv": [ 28.5, 9.0, 30.0, 11.0 ] },
						"east": { "texture": "#skin", "uv": [ 28.0, 9.0, 28.5, 11.0 ] },
						"south": { "texture": "#skin", "uv": [ 26.5, 9.0, 28.0, 11.0 ] },
						"west": { "texture": "#skin", "uv": [ 26.0, 9.0, 26.5, 11.0 ] },
						"up": { "texture": "#skin", "uv": [ 26.5, 8.5, 28.0, 9.0 ], "windMode": [-1,-1,-1,-1] },
						"down": { "texture": "#skin", "uv": [ 26.5, 11.0, 28.0, 11.5 ], "rotation": 180 }
					},
					"children": [
						{
							"name": "L front Upper Arm",
							"from": [ 0.0866, -0.693, 0.0577 ], 
							"to": [ 0.4541, 0.2021, 0.2887 ], 
							"unwrapMode": 3,
							"uv": [ 25.0, 0.0 ],
							"rotationOrigin": [ 0.2887, 0.0866, 0.1155 ],
							"rotationX": 1.0,
							"rotationZ": -30.0,
							"faces": {
								"north": { "texture": "#skin", "uv": [ 27.0, 0.5, 28.0, 3.0 ] },
								"east": { "texture": "#skin", "uv": [ 26.5, 0.5, 27.0, 3.0 ] },
								"south": { "texture": "#skin", "uv": [ 25.5, 0.5, 26.5, 3.0 ] },
								"west": { "texture": "#skin", "uv": [ 25.0, 0.5, 25.5, 3.0 ] },
								"up": { "texture": "#skin", "uv": [ 25.5, 0.0, 26.5, 0.5 ] },
								"down": { "texture": "#skin", "uv": [ 25.5, 3.0, 26.5, 3.5 ], "rotation": 180 }
							},
							"children": [
								{
									"name": "L front lower arm",
									"from": [ 0.0289, -0.3097, 0.0145 ], 
									"to": [ 0.231, 0.1365, 0.2165 ], 
									"unwrapMode": 3,
									"uv": [ 0.0, 13.0 ],
									"rotationOrigin": [ 0.2021, 0.0866, 0.1155 ],
									"rotationX": -3.0,
									"rotationZ": -4.0,
									"faces": {
										"north": { "texture": "#skin", "uv": [ 1.5, 13.5, 2.0, 14.5 ] },
										"east": { "texture": "#skin", "uv": [ 1.0, 13.5, 1.5, 14.5 ] },
										"south": { "texture": "#skin", "uv": [ 0.5, 13.5, 1.0, 14.5 ] },
										"west": { "texture": "#skin", "uv": [ 0.0, 13.5, 0.5, 14.5 ] },
										"up": { "texture": "#skin", "uv": [ 0.5, 13.0, 1.0, 13.5 ] },
										"down": { "texture": "#skin", "uv": [ 0.5, 14.5, 1.0, 15.0 ], "rotation": 180 }
									},
									"children": [
										{
											"name": "L front pastern",
											"from": [ 0.0, -0.3465, 0.0 ], 
											"to": [ 0.2021, 0.1732, 0.2021 ], 
											"unwrapMode": 3,
											"uv": [ 0.0, 11.0 ],
											"rotationOrigin": [ 0.0, 0.1155, 0.0866 ],
											"rotationX": -1.0,
											"rotationZ": -10.0,
											"faces": {
												"north": { "texture": "#skin", "uv": [ 1.5, 11.5, 2.0, 12.5 ] },
												"east": { "texture": "#skin", "uv": [ 1.0, 11.5, 1.5, 12.5 ] },
												"south": { "texture": "#skin", "uv": [ 0.5, 11.5, 1.0, 12.5 ] },
												"west": { "texture": "#skin", "uv": [ 0.0, 11.5, 0.5, 12.5 ] },
												"up": { "texture": "#skin", "uv": [ 0.5, 11.0, 1.0, 11.5 ] },
												"down": { "texture": "#skin", "uv": [ 0.5, 12.5, 1.0, 13.0 ], "rotation": 180 }
											},
											"children": [
												{
													"name": "L origin hoof",
													"from": [ 0.0866, 0.1444, 0.1011 ], 
													"to": [ 0.0866, 0.1444, 0.1011 ], 
													"uv": [ 0.0, 0.0 ],
													"rotationOrigin": [ 0.0866, 0.1444, 0.1155 ],
													"faces": {
														"north": { "texture": "#skin", "uv": [ 0.0, 0.5, 0.297, 0.797 ], "enabled": false },
														"east": { "texture": "#skin", "uv": [ 0.5, 0.5, 0.797, 0.797 ], "enabled": false },
														"south": { "texture": "#skin", "uv": [ 1.0, 0.5, 1.297, 0.797 ], "enabled": false },
														"west": { "texture": "#skin", "uv": [ 1.5, 0.5, 1.797, 0.797 ], "enabled": false },
														"up": { "texture": "#skin", "uv": [ 0.0, 0.0, 0.297, 0.297 ], "enabled": false },
														"down": { "texture": "#skin", "uv": [ 0.5, 0.0, 0.797, 0.297 ], "enabled": false }
													},
													"children": [
														{
															"name": "L front hoof 1",
															"from": [ -0.3176, -0.0577, -0.0866 ], 
															"to": [ -0.0866, 0.0289, 0.0866 ], 
															"unwrapMode": 4,
															"uv": [ 1.0, 22.5 ],
															"rotationOrigin": [ -0.0289, 0.0, 0.0577 ],
															"rotationZ": 55.0,
															"faces": {
																"north": { "texture": "#skin", "uv": [ 1.0, 23.0, 1.5, 23.5 ] },
																"east": { "texture": "#skin", "uv": [ 2.5, 23.0, 3.0, 23.5 ] },
																"south": { "texture": "#skin", "uv": [ 2.0, 23.0, 2.5, 23.5 ] },
																"west": { "texture": "#skin", "uv": [ 1.5, 23.0, 2.0, 23.5 ] },
																"up": { "texture": "#skin", "uv": [ 1.5, 22.5, 2.0, 23.0 ], "rotation": 90 },
																"down": { "texture": "#skin", "uv": [ 1.5, 23.5, 2.0, 24.0 ], "rotation": 90 }
															}
														},
														{
															"name": "L front hoof 2",
															"from": [ -0.231, -0.1732, -0.0866 ], 
															"to": [ 0.0577, -0.0866, 0.0866 ], 
															"unwrapMode": 4,
															"uv": [ 2.0, 20.5 ],
															"rotationOrigin": [ 0.0289, -0.0577, 0.0289 ],
															"rotationZ": 27.0,
															"faces": {
																"north": { "texture": "#skin", "uv": [ 2.0, 21.0, 2.5, 21.5 ] },
																"east": { "texture": "#skin", "uv": [ 3.5, 21.0, 4.0, 21.5 ] },
																"south": { "texture": "#skin", "uv": [ 3.0, 21.0, 3.5, 21.5 ] },
																"west": { "texture": "#skin", "uv": [ 2.5, 21.0, 3.0, 21.5 ] },
																"up": { "texture": "#skin", "uv": [ 2.5, 20.5, 3.0, 21.0 ], "rotation": 90 },
																"down": { "texture": "#skin", "uv": [ 2.5, 21.5, 3.0, 22.0 ], "rotation": 90 }
															}
														}
													]
												}
											]
										}
									]
								}
							]
						}
					]
				},
				{
					"name": "R front Thigh",
					"from": [ -0.1706, -0.1575, -0.1155 ], 
					"to": [ 0.4069, 0.693, 0.2021 ], 
					"unwrapMode": 1,
					"uv": [ 22.0, 8.5 ],
					"rotationOrigin": [ 0.147, 0.4515, 0.0 ],
					"rotationX": -3.0,
					"rotationZ": 55.0,
					"faces": {
						"north": { "texture": "#skin", "uv": [ 22.5, 9.0, 24.0, 11.0 ] },
						"east": { "texture": "#skin", "uv": [ 22.0, 9.0, 22.5, 11.0 ] },
						"south": { "texture": "#skin", "uv": [ 24.5, 9.0, 26.0, 11.0 ] },
						"west": { "texture": "#skin", "uv": [ 24.0, 9.0, 24.5, 11.0 ] },
						"up": { "texture": "#skin", "uv": [ 22.5, 8.5, 24.0, 9.0 ], "rotation": 180 },
						"down": { "texture": "#skin", "uv": [ 22.5, 11.0, 24.0, 11.5 ] }
					},
					"children": [
						{
							"name": "R front Upper Arm",
							"from": [ 0.0866, -0.693, 0.0289 ], 
							"to": [ 0.4541, 0.2021, 0.2599 ], 
							"unwrapMode": 1,
							"uv": [ 28.0, 0.0 ],
							"rotationOrigin": [ 0.2887, 0.0866, 0.2021 ],
							"rotationX": -1.0,
							"rotationZ": -48.0,
							"faces": {
								"north": { "texture": "#skin", "uv": [ 28.5, 0.5, 29.5, 3.0 ] },
								"east": { "texture": "#skin", "uv": [ 28.0, 0.5, 28.5, 3.0 ] },
								"south": { "texture": "#skin", "uv": [ 30.0, 0.5, 31.0, 3.0 ] },
								"west": { "texture": "#skin", "uv": [ 29.5, 0.5, 30.0, 3.0 ] },
								"up": { "texture": "#skin", "uv": [ 28.5, 0.0, 29.5, 0.5 ], "rotation": 180 },
								"down": { "texture": "#skin", "uv": [ 28.5, 3.0, 29.5, 3.5 ] }
							},
							"children": [
								{
									"name": "R front lower arm",
									"from": [ 0.0289, -0.3097, 0.0145 ], 
									"to": [ 0.231, 0.1365, 0.2165 ], 
									"unwrapMode": 1,
									"uv": [ 2.0, 13.5 ],
									"rotationOrigin": [ 0.2021, 0.0866, 0.1732 ],
									"rotationX": 3.0,
									"rotationZ": -4.0,
									"faces": {
										"north": { "texture": "#skin", "uv": [ 2.5, 14.0, 3.0, 15.0 ] },
										"east": { "texture": "#skin", "uv": [ 2.0, 14.0, 2.5, 15.0 ] },
										"south": { "texture": "#skin", "uv": [ 3.5, 14.0, 4.0, 15.0 ] },
										"west": { "texture": "#skin", "uv": [ 3.0, 14.0, 3.5, 15.0 ] },
										"up": { "texture": "#skin", "uv": [ 2.5, 13.5, 3.0, 14.0 ], "rotation": 180 },
										"down": { "texture": "#skin", "uv": [ 2.5, 15.0, 3.0, 15.5 ] }
									},
									"children": [
										{
											"name": "R front pastern",
											"from": [ 0.0, -0.3465, 0.0 ], 
											"to": [ 0.2021, 0.1732, 0.2021 ], 
											"unwrapMode": 1,
											"uv": [ 2.0, 11.5 ],
											"rotationOrigin": [ 0.0, 0.1155, 0.0866 ],
											"rotationX": -1.0,
											"rotationZ": -10.0,
											"faces": {
												"north": { "texture": "#skin", "uv": [ 2.5, 12.0, 3.0, 13.0 ] },
												"east": { "texture": "#skin", "uv": [ 2.0, 12.0, 2.5, 13.0 ] },
												"south": { "texture": "#skin", "uv": [ 3.5, 12.0, 4.0, 13.0 ] },
												"west": { "texture": "#skin", "uv": [ 3.0, 12.0, 3.5, 13.0 ] },
												"up": { "texture": "#skin", "uv": [ 2.5, 11.5, 3.0, 12.0 ], "rotation": 180 },
												"down": { "texture": "#skin", "uv": [ 2.5, 13.0, 3.0, 13.5 ] }
											},
											"children": [
												{
													"name": "R origin hoof",
													"from": [ 0.1225, 0.1435, 0.1011 ], 
													"to": [ 0.1225, 0.1435, 0.1011 ], 
													"uv": [ 0.0, 0.0 ],
													"rotationOrigin": [ 0.1216, 0.1444, 0.1155 ],
													"rotationZ": -30.0,
													"faces": {
														"north": { "texture": "#skin", "uv": [ 0.0, 0.5, 0.297, 0.797 ], "enabled": false },
														"east": { "texture": "#skin", "uv": [ 0.5, 0.5, 0.797, 0.797 ], "enabled": false },
														"south": { "texture": "#skin", "uv": [ 1.0, 0.5, 1.297, 0.797 ], "enabled": false },
														"west": { "texture": "#skin", "uv": [ 1.5, 0.5, 1.797, 0.797 ], "enabled": false },
														"up": { "texture": "#skin", "uv": [ 0.0, 0.0, 0.297, 0.297 ], "enabled": false },
														"down": { "texture": "#skin", "uv": [ 0.5, 0.0, 0.797, 0.297 ], "enabled": false }
													},
													"children": [
														{
															"name": "R front hoof 1",
															"from": [ -0.3176, -0.0577, -0.0866 ], 
															"to": [ -0.0866, 0.0289, 0.0866 ], 
															"unwrapMode": 4,
															"uv": [ 2.5, 22.0 ],
															"rotationOrigin": [ -0.0289, 0.0, 0.0577 ],
															"rotationZ": 55.0,
															"faces": {
																"north": { "texture": "#skin", "uv": [ 2.5, 22.5, 3.0, 23.0 ] },
																"east": { "texture": "#skin", "uv": [ 4.0, 22.5, 4.5, 23.0 ] },
																"south": { "texture": "#skin", "uv": [ 3.5, 22.5, 4.0, 23.0 ] },
																"west": { "texture": "#skin", "uv": [ 3.0, 22.5, 3.5, 23.0 ] },
																"up": { "texture": "#skin", "uv": [ 3.0, 22.0, 3.5, 22.5 ], "rotation": 90 },
																"down": { "texture": "#skin", "uv": [ 3.0, 23.0, 3.5, 23.5 ], "rotation": 90 }
															}
														},
														{
															"name": "R front hoof 2",
															"from": [ -0.231, -0.1732, -0.0866 ], 
															"to": [ 0.0577, -0.0866, 0.0866 ], 
															"unwrapMode": 4,
															"uv": [ 3.5, 20.0 ],
															"rotationOrigin": [ 0.0289, -0.0577, 0.0289 ],
															"rotationZ": 27.0,
															"faces": {
																"north": { "texture": "#skin", "uv": [ 3.5, 20.5, 4.0, 21.0 ] },
																"east": { "texture": "#skin", "uv": [ 5.0, 20.5, 5.5, 21.0 ] },
																"south": { "texture": "#skin", "uv": [ 4.5, 20.5, 5.0, 21.0 ] },
																"west": { "texture": "#skin", "uv": [ 4.0, 20.5, 4.5, 21.0 ] },
																"up": { "texture": "#skin", "uv": [ 4.0, 20.0, 4.5, 20.5 ], "rotation": 90 },
																"down": { "texture": "#skin", "uv": [ 4.0, 21.0, 4.5, 21.5 ], "rotation": 90 }
															}
														}
													]
												}
											]
										}
									]
								}
							]
						}
					]
				}
			],
			"attachmentpoints": [
				{
					"code": "Center",
					"posX": "9.0","posY": "4.0","posZ": "5.0",
					"rotationX": "0.0","rotationY": "0.0","rotationZ": "0.0"
				}
			]
		}
	]}