{
	"editor": {
		"allAngles": true,
		"entityTextureMode": true
	},
	"textureWidth": 64,
	"textureHeight": 32,
	"textureSizes": {
		"skin": [64,32]
	},
	"textures": {
	},
	"elements": [
		{
			"name": "Body",
			"from": [ 1.9, 7.8, 5.3 ], 
			"to": [ 9.1, 14.1, 10.1 ], 
			"unwrapMode": 3,
			"unwrapRotation": 1,
			"uv": [ 0.0, 0.0 ],
			"rotationOrigin": [ 9.1, 10.95, 8.0 ],
			"rotationZ": -6.0,
			"faces": {
				"north": { "texture": "#skin", "uv": [ 15.0, 4.5, 21.0, 11.5 ], "rotation": 270 },
				"east": { "texture": "#skin", "uv": [ 4.5, 0.0, 10.5, 4.5 ], "rotation": 90 },
				"south": { "texture": "#skin", "uv": [ 4.5, 4.5, 10.5, 11.5 ], "rotation": 90 },
				"west": { "texture": "#skin", "uv": [ 4.5, 11.5, 10.5, 16.0 ], "rotation": 90 },
				"up": { "texture": "#skin", "uv": [ 0.0, 4.5, 4.5, 11.5 ], "rotation": 90 },
				"down": { "texture": "#skin", "uv": [ 10.5, 4.5, 15.0, 11.5 ], "rotation": 270 }
			},
			"children": [
				{
					"name": "neck",
					"from": [ -0.45, 3.075, 1.275 ], 
					"to": [ 3.075, 7.725, 3.525 ], 
					"unwrapMode": 3,
					"unwrapRotation": 1,
					"uv": [ 21.0, 0.0 ],
					"rotationOrigin": [ 2.85, 3.075, 2.4 ],
					"rotationZ": 35.0,
					"faces": {
						"north": { "texture": "#skin", "uv": [ 27.5, 2.0, 32.0, 5.5 ], "rotation": 270, "windMode": [-1,-1,-1,-1], "windData": [0,0,1,0] },
						"east": { "texture": "#skin", "uv": [ 23.0, 0.0, 27.5, 2.0 ], "rotation": 90, "windMode": [-1,-1,-1,-1], "windData": [1,0,0,1] },
						"south": { "texture": "#skin", "uv": [ 23.0, 2.0, 27.5, 5.5 ], "rotation": 90 },
						"west": { "texture": "#skin", "uv": [ 23.0, 5.5, 27.5, 7.5 ], "rotation": 90 },
						"up": { "texture": "#skin", "uv": [ 21.0, 2.0, 23.0, 5.5 ], "rotation": 90 },
						"down": { "texture": "#skin", "uv": [ 27.5, 2.0, 29.5, 5.5 ], "rotation": 270, "enabled": false, "windMode": [-1,-1,-1,-1], "windData": [0,1,1,0] }
					},
					"children": [
						{
							"name": "neck2",
							"from": [ 0.3, 2.625, 0.075 ], 
							"to": [ 3.45, 7.125, 2.175 ], 
							"unwrapMode": 3,
							"uv": [ 32.5, 0.0 ],
							"rotationOrigin": [ 3.3, 4.125, 1.125 ],
							"rotationZ": -15.0,
							"faces": {
								"north": { "texture": "#skin", "uv": [ 39.5, 2.0, 42.5, 6.5 ], "windMode": [-1,-1,-1,-1], "windData": [1,1,1,1] },
								"east": { "texture": "#skin", "uv": [ 37.5, 2.0, 39.5, 6.5 ], "windMode": [-1,-1,-1,-1], "windData": [1,1,1,1] },
								"south": { "texture": "#skin", "uv": [ 34.5, 2.0, 37.5, 6.5 ], "windMode": [-1,-1,-1,-1], "windData": [1,1,1,1] },
								"west": { "texture": "#skin", "uv": [ 32.5, 2.0, 34.5, 6.5 ], "windMode": [-1,-1,-1,-1], "windData": [1,1,1,1] },
								"up": { "texture": "#skin", "uv": [ 34.5, 0.0, 37.5, 2.0 ], "windMode": [-1,-1,-1,-1], "windData": [1,1,1,1] },
								"down": { "texture": "#skin", "uv": [ 34.5, 6.5, 37.5, 8.5 ], "rotation": 180, "enabled": false, "windMode": [-1,-1,-1,-1], "windData": [1,1,1,1] }
							},
							"children": [
								{
									"name": "head",
									"from": [ 1.5, 1.3, -0.3 ], 
									"to": [ 3.15, 4.675, 2.4 ], 
									"unwrapMode": 4,
									"uv": [ 10.5, 11.5 ],
									"rotationOrigin": [ 3.15, 4.6, 1.125 ],
									"rotationZ": -57.0,
									"faces": {
										"north": { "texture": "#skin", "uv": [ 10.5, 13.0, 12.0, 16.0 ] },
										"east": { "texture": "#skin", "uv": [ 16.0, 13.0, 18.5, 16.0 ] },
										"south": { "texture": "#skin", "uv": [ 14.5, 13.0, 16.0, 16.0 ] },
										"west": { "texture": "#skin", "uv": [ 12.0, 13.0, 14.5, 16.0 ] },
										"up": { "texture": "#skin", "uv": [ 12.0, 11.5, 14.5, 13.0 ], "rotation": 90 },
										"down": { "texture": "#skin", "uv": [ 12.0, 16.0, 14.5, 17.5 ], "rotation": 90 }
									},
									"children": [
										{
											"name": "mouth up",
											"from": [ -1.8, 0.45, 0.6 ], 
											"to": [ 0.45, 0.975, 2.1 ], 
											"unwrapMode": 5,
											"unwrapRotation": 1,
											"uv": [ 0.0, 0.0 ],
											"rotationOrigin": [ 0.375, 0.975, 1.35 ],
											"rotationZ": 55.0,
											"faces": {
												"north": { "texture": "#skin", "uv": [ 0.0, 0.0, 0.5, 2.0 ], "rotation": 270 },
												"east": { "texture": "#skin", "uv": [ 0.5, 0.0, 2.0, 0.5 ], "rotation": 180, "enabled": false },
												"south": { "texture": "#skin", "uv": [ 2.0, 0.0, 2.5, 2.0 ], "rotation": 90 },
												"west": { "texture": "#skin", "uv": [ 0.5, 2.0, 2.0, 2.5 ] },
												"up": { "texture": "#skin", "uv": [ 0.5, 0.0, 2.0, 2.0 ], "rotation": 90 },
												"down": { "texture": "#skin", "uv": [ 2.5, 0.0, 4.0, 2.0 ], "rotation": 270 }
											},
											"children": [
												{
													"name": "nose",
													"from": [ -0.3, 0.15, 0.375 ], 
													"to": [ 0.6, 0.9, 1.125 ], 
													"unwrapMode": 4,
													"uv": [ 0.0, 3.0 ],
													"rotationOrigin": [ -0.3, 0.9, 0.75 ],
													"rotationZ": 16.0,
													"faces": {
														"north": { "texture": "#skin", "uv": [ 0.0, 3.5, 0.5, 4.0 ], "windMode": [-1,-1,-1,-1], "windData": [1,1,1,1] },
														"east": { "texture": "#skin", "uv": [ 1.5, 3.5, 2.0, 4.0 ], "windMode": [-1,-1,-1,-1], "windData": [1,1,1,1] },
														"south": { "texture": "#skin", "uv": [ 1.0, 3.5, 1.5, 4.0 ], "windMode": [-1,-1,-1,-1], "windData": [1,1,1,1] },
														"west": { "texture": "#skin", "uv": [ 0.5, 3.5, 1.0, 4.0 ], "windMode": [-1,-1,-1,-1], "windData": [1,1,1,1] },
														"up": { "texture": "#skin", "uv": [ 0.5, 3.0, 1.0, 3.5 ], "rotation": 90, "windMode": [-1,-1,-1,-1], "windData": [1,1,1,1] },
														"down": { "texture": "#skin", "uv": [ 0.5, 4.0, 1.0, 4.5 ], "rotation": 90, "windMode": [-1,-1,-1,-1], "windData": [1,1,1,1] }
													}
												},
												{
													"name": "nose bridge",
													"from": [ 0.45, 0.0, 0.15 ], 
													"to": [ 4.125, 1.125, 1.35 ], 
													"unwrapMode": 5,
													"unwrapRotation": 1,
													"uv": [ 1.5, 14.0 ],
													"rotationOrigin": [ 0.45, 0.0, 0.6 ],
													"rotationZ": 16.0,
													"faces": {
														"north": { "texture": "#skin", "uv": [ 1.5, 14.0, 2.5, 17.5 ], "rotation": 270 },
														"east": { "texture": "#skin", "uv": [ 2.5, 14.0, 3.5, 15.0 ], "rotation": 180, "enabled": false, "windMode": [-1,-1,-1,-1], "windData": [1,1,1,1] },
														"south": { "texture": "#skin", "uv": [ 3.5, 14.0, 4.5, 17.5 ], "rotation": 90 },
														"west": { "texture": "#skin", "uv": [ 2.5, 17.5, 3.5, 18.5 ], "windMode": [-1,-1,-1,-1], "windData": [1,1,1,1] },
														"up": { "texture": "#skin", "uv": [ 2.5, 14.0, 3.5, 17.5 ], "rotation": 90 },
														"down": { "texture": "#skin", "uv": [ 4.5, 14.0, 5.5, 17.5 ], "rotation": 270, "enabled": false }
													}
												}
											]
										},
										{
											"name": "R ear",
											"from": [ 0.9, 2.325, -2.25 ], 
											"to": [ 1.2, 3.675, 0.45 ], 
											"unwrapMode": 4,
											"uv": [ 16.0, 17.5 ],
											"rotationOrigin": [ 1.125, 2.85, 0.45 ],
											"rotationX": 45.0,
											"rotationY": 30.0,
											"rotationZ": 22.0,
											"faces": {
												"north": { "texture": "#skin", "uv": [ 16.0, 18.0, 16.5, 19.0 ] },
												"east": { "texture": "#skin", "uv": [ 19.0, 18.0, 21.5, 19.0 ] },
												"south": { "texture": "#skin", "uv": [ 19.0, 18.0, 19.5, 19.0 ], "enabled": false, "windMode": [-1,-1,-1,-1], "windData": [1,1,1,1] },
												"west": { "texture": "#skin", "uv": [ 16.5, 18.0, 19.0, 19.0 ] },
												"up": { "texture": "#skin", "uv": [ 16.5, 17.5, 19.0, 18.0 ], "rotation": 90 },
												"down": { "texture": "#skin", "uv": [ 16.5, 19.0, 19.0, 19.5 ], "rotation": 90 }
											}
										},
										{
											"name": "L ear",
											"from": [ 0.9, 2.325, 2.25 ], 
											"to": [ 1.2, 3.675, 4.95 ], 
											"unwrapMode": 4,
											"uv": [ 10.5, 17.5 ],
											"rotationOrigin": [ 1.125, 2.85, 2.25 ],
											"rotationX": -45.0,
											"rotationY": -36.0,
											"rotationZ": 22.0,
											"faces": {
												"north": { "texture": "#skin", "uv": [ 10.5, 18.0, 11.0, 19.0 ], "enabled": false },
												"east": { "texture": "#skin", "uv": [ 13.5, 18.0, 16.0, 19.0 ] },
												"south": { "texture": "#skin", "uv": [ 13.0, 18.0, 13.5, 19.0 ] },
												"west": { "texture": "#skin", "uv": [ 10.5, 18.0, 13.0, 19.0 ] },
												"up": { "texture": "#skin", "uv": [ 10.5, 17.5, 13.0, 18.0 ], "rotation": 90 },
												"down": { "texture": "#skin", "uv": [ 10.5, 19.0, 13.0, 19.5 ], "rotation": 90 }
											}
										},
										{
											"name": "jaw",
											"from": [ -1.125, 0.0, 0.675 ], 
											"to": [ 1.125, 0.45, 2.025 ], 
											"unwrapMode": 5,
											"unwrapRotation": 1,
											"uv": [ 0.0, 11.5 ],
											"rotationOrigin": [ 0.825, 0.45, 1.35 ],
											"rotationZ": 42.0,
											"faces": {
												"north": { "texture": "#skin", "uv": [ 0.0, 11.5, 0.5, 13.5 ], "rotation": 270 },
												"east": { "texture": "#skin", "uv": [ 0.5, 11.5, 1.5, 12.0 ], "rotation": 180, "enabled": false },
												"south": { "texture": "#skin", "uv": [ 1.5, 11.5, 2.0, 13.5 ], "rotation": 90 },
												"west": { "texture": "#skin", "uv": [ 0.5, 13.5, 1.5, 14.0 ] },
												"up": { "texture": "#skin", "uv": [ 0.5, 11.5, 1.5, 13.5 ], "rotation": 90 },
												"down": { "texture": "#skin", "uv": [ 2.0, 11.5, 3.0, 13.5 ], "rotation": 270 }
											}
										},
										{
											"name": "Horn attachment",
											"from": [ 0.0, 2.7, 1.35 ], 
											"to": [ 0.9, 3.6, 2.25 ], 
											"uv": [ 0.0, 0.0 ],
											"rotationOrigin": [ 0.0, 2.7, 1.35 ],
											"faces": {
												"north": { "texture": "#skin", "uv": [ 0.0, 1.0, 0.9, 1.9 ], "enabled": false },
												"east": { "texture": "#skin", "uv": [ 1.0, 1.0, 1.9, 1.9 ], "enabled": false, "windMode": [-1,-1,-1,-1], "windData": [1,1,1,1] },
												"south": { "texture": "#skin", "uv": [ 1.0, 1.0, 1.9, 1.9 ], "enabled": false, "windMode": [-1,-1,-1,-1], "windData": [1,1,1,1] },
												"west": { "texture": "#skin", "uv": [ 1.0, 1.0, 1.9, 1.9 ], "enabled": false, "windMode": [-1,-1,-1,-1], "windData": [1,1,1,1] },
												"up": { "texture": "#skin", "uv": [ 0.0, 0.0, 0.9, 0.9 ], "enabled": false, "windMode": [-1,-1,-1,-1], "windData": [1,1,1,1] },
												"down": { "texture": "#skin", "uv": [ 1.0, 0.0, 1.9, 0.9 ], "enabled": false, "windMode": [-1,-1,-1,-1], "windData": [1,1,1,1] }
											},
											"children": [
												{
													"name": "R antler base",
													"from": [ 0.075, -0.075, -0.975 ], 
													"to": [ 0.675, 1.275, -0.375 ], 
													"unwrapMode": 4,
													"uv": [ 11.0, 30.0 ],
													"rotationOrigin": [ 0.075, 0.675, -0.375 ],
													"rotationY": -25.0,
													"rotationZ": 25.0,
													"faces": {
														"north": { "texture": "#skin", "uv": [ 11.0, 30.5, 11.5, 31.5 ] },
														"east": { "texture": "#skin", "uv": [ 12.5, 30.5, 13.0, 31.5 ] },
														"south": { "texture": "#skin", "uv": [ 12.0, 30.5, 12.5, 31.5 ] },
														"west": { "texture": "#skin", "uv": [ 11.5, 30.5, 12.0, 31.5 ] },
														"up": { "texture": "#skin", "uv": [ 11.5, 30.0, 12.0, 30.5 ], "rotation": 90 },
														"down": { "texture": "#skin", "uv": [ 11.5, 31.5, 12.0, 32.0 ], "rotation": 90 }
													},
													"children": [
														{
															"name": "R antler branch 1",
															"from": [ 0.075, 1.35, 0.0375 ], 
															"to": [ 0.6, 2.85, 0.5625 ], 
															"unwrapMode": 4,
															"uv": [ 10.5, 27.5 ],
															"rotationOrigin": [ 0.075, 1.35, 0.6 ],
															"rotationZ": -15.0,
															"faces": {
																"north": { "texture": "#skin", "uv": [ 10.5, 28.0, 11.0, 29.5 ] },
																"east": { "texture": "#skin", "uv": [ 12.0, 28.0, 12.5, 29.5 ] },
																"south": { "texture": "#skin", "uv": [ 11.5, 28.0, 12.0, 29.5 ] },
																"west": { "texture": "#skin", "uv": [ 11.0, 28.0, 11.5, 29.5 ] },
																"up": { "texture": "#skin", "uv": [ 11.0, 27.5, 11.5, 28.0 ], "rotation": 90 },
																"down": { "texture": "#skin", "uv": [ 11.0, 29.5, 11.5, 30.0 ], "rotation": 90 }
															},
															"children": [
																{
																	"name": "R antler point 1",
																	"from": [ 0.075, 1.425, 0.075 ], 
																	"to": [ 0.45, 3.675, 0.45 ], 
																	"unwrapMode": 4,
																	"uv": [ 13.0, 27.5 ],
																	"rotationOrigin": [ 0.075, 1.425, 0.45 ],
																	"rotationZ": 5.0,
																	"faces": {
																		"north": { "texture": "#skin", "uv": [ 13.0, 28.0, 13.5, 30.0 ] },
																		"east": { "texture": "#skin", "uv": [ 14.5, 28.0, 15.0, 30.0 ] },
																		"south": { "texture": "#skin", "uv": [ 14.0, 28.0, 14.5, 30.0 ] },
																		"west": { "texture": "#skin", "uv": [ 13.5, 28.0, 14.0, 30.0 ] },
																		"up": { "texture": "#skin", "uv": [ 13.5, 27.5, 14.0, 28.0 ], "rotation": 90 },
																		"down": { "texture": "#skin", "uv": [ 13.5, 30.0, 14.0, 30.5 ], "rotation": 90 }
																	}
																}
															]
														},
														{
															"name": "R antler branch 2",
															"from": [ 0.0, 0.975, 0.0375 ], 
															"to": [ 0.525, 2.475, 0.5625 ], 
															"unwrapMode": 4,
															"uv": [ 0.0, 27.5 ],
															"rotationOrigin": [ 0.0, 0.9547, 0.0364 ],
															"rotationZ": 45.0,
															"faces": {
																"north": { "texture": "#skin", "uv": [ 0.0, 28.0, 0.5, 29.5 ] },
																"east": { "texture": "#skin", "uv": [ 1.5, 28.0, 2.0, 29.5 ] },
																"south": { "texture": "#skin", "uv": [ 1.0, 28.0, 1.5, 29.5 ] },
																"west": { "texture": "#skin", "uv": [ 0.5, 28.0, 1.0, 29.5 ] },
																"up": { "texture": "#skin", "uv": [ 0.5, 27.5, 1.0, 28.0 ], "rotation": 90 },
																"down": { "texture": "#skin", "uv": [ 0.5, 29.5, 1.0, 30.0 ], "rotation": 90 }
															},
															"children": [
																{
																	"name": "R antler point 2",
																	"from": [ 0.075, 1.5, 0.075 ], 
																	"to": [ 0.45, 2.7, 0.45 ], 
																	"unwrapMode": 4,
																	"uv": [ 0.0, 30.0 ],
																	"rotationOrigin": [ 0.075, 1.4797, 0.0739 ],
																	"rotationZ": -25.0,
																	"faces": {
																		"north": { "texture": "#skin", "uv": [ 0.0, 30.5, 0.5, 31.5 ] },
																		"east": { "texture": "#skin", "uv": [ 1.5, 30.5, 2.0, 31.5 ] },
																		"south": { "texture": "#skin", "uv": [ 1.0, 30.5, 1.5, 31.5 ] },
																		"west": { "texture": "#skin", "uv": [ 0.5, 30.5, 1.0, 31.5 ] },
																		"up": { "texture": "#skin", "uv": [ 0.5, 30.0, 1.0, 30.5 ], "rotation": 90 },
																		"down": { "texture": "#skin", "uv": [ 0.5, 31.5, 1.0, 32.0 ], "rotation": 90 }
																	}
																}
															]
														}
													]
												},
												{
													"name": "L antler base",
													"from": [ 0.075, -0.075, 0.375 ], 
													"to": [ 0.675, 1.275, 0.975 ], 
													"unwrapMode": 4,
													"uv": [ 16.5, 30.0 ],
													"rotationOrigin": [ 0.075, 0.675, 0.375 ],
													"rotationY": 25.0,
													"rotationZ": 25.0,
													"faces": {
														"north": { "texture": "#skin", "uv": [ 16.5, 30.5, 17.0, 31.5 ] },
														"east": { "texture": "#skin", "uv": [ 18.0, 30.5, 18.5, 31.5 ] },
														"south": { "texture": "#skin", "uv": [ 17.5, 30.5, 18.0, 31.5 ] },
														"west": { "texture": "#skin", "uv": [ 17.0, 30.5, 17.5, 31.5 ] },
														"up": { "texture": "#skin", "uv": [ 17.0, 30.0, 17.5, 30.5 ], "rotation": 90, "windMode": [-1,-1,-1,-1], "windData": [1,1,1,1] },
														"down": { "texture": "#skin", "uv": [ 17.0, 31.5, 17.5, 32.0 ], "rotation": 90, "windMode": [-1,-1,-1,-1], "windData": [1,1,1,1] }
													},
													"children": [
														{
															"name": "L antler branch 1",
															"from": [ 0.075, 1.35, 0.0375 ], 
															"to": [ 0.6, 2.85, 0.5625 ], 
															"unwrapMode": 4,
															"uv": [ 15.5, 27.5 ],
															"rotationOrigin": [ 0.075, 1.35, 0.075 ],
															"rotationZ": -15.0,
															"faces": {
																"north": { "texture": "#skin", "uv": [ 15.5, 28.0, 16.0, 29.5 ] },
																"east": { "texture": "#skin", "uv": [ 17.0, 28.0, 17.5, 29.5 ] },
																"south": { "texture": "#skin", "uv": [ 16.5, 28.0, 17.0, 29.5 ] },
																"west": { "texture": "#skin", "uv": [ 16.0, 28.0, 16.5, 29.5 ] },
																"up": { "texture": "#skin", "uv": [ 16.0, 27.5, 16.5, 28.0 ], "rotation": 90 },
																"down": { "texture": "#skin", "uv": [ 16.0, 29.5, 16.5, 30.0 ], "rotation": 90 }
															},
															"children": [
																{
																	"name": "L antler point 1",
																	"from": [ 0.075, 1.425, 0.075 ], 
																	"to": [ 0.45, 3.675, 0.45 ], 
																	"unwrapMode": 4,
																	"uv": [ 18.0, 28.0 ],
																	"rotationOrigin": [ 0.075, 1.425, 0.1125 ],
																	"rotationZ": 5.0,
																	"faces": {
																		"north": { "texture": "#skin", "uv": [ 18.0, 28.5, 18.5, 30.5 ] },
																		"east": { "texture": "#skin", "uv": [ 19.5, 28.5, 20.0, 30.5 ] },
																		"south": { "texture": "#skin", "uv": [ 19.0, 28.5, 19.5, 30.5 ] },
																		"west": { "texture": "#skin", "uv": [ 18.5, 28.5, 19.0, 30.5 ] },
																		"up": { "texture": "#skin", "uv": [ 18.5, 28.0, 19.0, 28.5 ], "rotation": 90 },
																		"down": { "texture": "#skin", "uv": [ 18.5, 30.5, 19.0, 31.0 ], "rotation": 90 }
																	}
																}
															]
														},
														{
															"name": "L antlerbranch 2",
															"from": [ 0.0, 0.975, 0.0375 ], 
															"to": [ 0.525, 2.475, 0.5625 ], 
															"unwrapMode": 4,
															"uv": [ 2.5, 27.5 ],
															"rotationOrigin": [ 0.0, 1.0037, 0.75 ],
															"rotationZ": 45.0,
															"faces": {
																"north": { "texture": "#skin", "uv": [ 2.5, 28.0, 3.0, 29.5 ] },
																"east": { "texture": "#skin", "uv": [ 4.0, 28.0, 4.5, 29.5 ] },
																"south": { "texture": "#skin", "uv": [ 3.5, 28.0, 4.0, 29.5 ] },
																"west": { "texture": "#skin", "uv": [ 3.0, 28.0, 3.5, 29.5 ] },
																"up": { "texture": "#skin", "uv": [ 3.0, 27.5, 3.5, 28.0 ], "rotation": 90 },
																"down": { "texture": "#skin", "uv": [ 3.0, 29.5, 3.5, 30.0 ], "rotation": 90 }
															},
															"children": [
																{
																	"name": "L antler point 2",
																	"from": [ 0.075, 1.5, 0.075 ], 
																	"to": [ 0.45, 2.7, 0.45 ], 
																	"unwrapMode": 4,
																	"uv": [ 2.5, 30.0 ],
																	"rotationOrigin": [ 0.075, 1.5288, 0.45 ],
																	"rotationZ": -25.0,
																	"faces": {
																		"north": { "texture": "#skin", "uv": [ 2.5, 30.5, 3.0, 31.5 ] },
																		"east": { "texture": "#skin", "uv": [ 4.0, 30.5, 4.5, 31.5 ] },
																		"south": { "texture": "#skin", "uv": [ 3.5, 30.5, 4.0, 31.5 ] },
																		"west": { "texture": "#skin", "uv": [ 3.0, 30.5, 3.5, 31.5 ] },
																		"up": { "texture": "#skin", "uv": [ 3.0, 30.0, 3.5, 30.5 ], "rotation": 90 },
																		"down": { "texture": "#skin", "uv": [ 3.0, 31.5, 3.5, 32.0 ], "rotation": 90 }
																	}
																}
															]
														}
													]
												}
											]
										}
									]
								}
							]
						}
					]
				},
				{
					"name": "abdomen",
					"from": [ 6.6, 0.0, 0.15 ], 
					"to": [ 13.95, 6.3, 4.65 ], 
					"unwrapMode": 3,
					"unwrapRotation": 1,
					"uv": [ 0.0, 16.0 ],
					"rotationOrigin": [ 6.6, 3.15, 2.4 ],
					"rotationZ": 8.0,
					"faces": {
						"north": { "texture": "#skin", "uv": [ 15.0, 20.5, 21.0, 27.5 ], "rotation": 270 },
						"east": { "texture": "#skin", "uv": [ 4.5, 16.0, 10.5, 20.5 ], "rotation": 90 },
						"south": { "texture": "#skin", "uv": [ 4.5, 20.5, 10.5, 27.5 ], "rotation": 90 },
						"west": { "texture": "#skin", "uv": [ 4.5, 27.5, 10.5, 32.0 ], "rotation": 90 },
						"up": { "texture": "#skin", "uv": [ 0.0, 20.5, 4.5, 27.5 ], "rotation": 90 },
						"down": { "texture": "#skin", "uv": [ 10.5, 20.5, 15.0, 27.5 ], "rotation": 270 }
					},
					"children": [
						{
							"name": "L back Thigh",
							"from": [ 3.3, -0.3, 3.3 ], 
							"to": [ 7.8, 5.1, 5.1 ], 
							"unwrapMode": 3,
							"uv": [ 34.0, 7.0 ],
							"rotationOrigin": [ 5.1, 3.675, 4.2 ],
							"rotationX": 3.0,
							"rotationZ": -28.0,
							"faces": {
								"north": { "texture": "#skin", "uv": [ 41.5, 8.5, 46.0, 13.5 ] },
								"east": { "texture": "#skin", "uv": [ 40.0, 8.5, 41.5, 13.5 ] },
								"south": { "texture": "#skin", "uv": [ 35.5, 8.5, 40.0, 13.5 ] },
								"west": { "texture": "#skin", "uv": [ 34.0, 8.5, 35.5, 13.5 ] },
								"up": { "texture": "#skin", "uv": [ 35.5, 7.0, 40.0, 8.5 ], "windMode": [-1,-1,-1,-1], "windData": [0,0,1,1] },
								"down": { "texture": "#skin", "uv": [ 35.5, 13.5, 40.0, 15.0 ], "rotation": 180 }
							},
							"children": [
								{
									"name": "L back Upper Arm",
									"from": [ 0.3, -4.5, 0.15 ], 
									"to": [ 2.1, 0.6, 1.575 ], 
									"unwrapMode": 3,
									"uv": [ 27.5, 16.5 ],
									"rotationOrigin": [ 1.2, 0.525, 0.9 ],
									"rotationX": 1.0,
									"rotationZ": 68.0,
									"faces": {
										"north": { "texture": "#skin", "uv": [ 31.0, 17.5, 32.5, 22.5 ] },
										"east": { "texture": "#skin", "uv": [ 30.0, 17.5, 31.0, 22.5 ] },
										"south": { "texture": "#skin", "uv": [ 28.5, 17.5, 30.0, 22.5 ] },
										"west": { "texture": "#skin", "uv": [ 27.5, 17.5, 28.5, 22.5 ] },
										"up": { "texture": "#skin", "uv": [ 28.5, 16.5, 30.0, 17.5 ] },
										"down": { "texture": "#skin", "uv": [ 28.5, 22.5, 30.0, 23.5 ], "rotation": 180 }
									},
									"children": [
										{
											"name": "L back lower arm",
											"from": [ 0.3, -4.2, 0.15 ], 
											"to": [ 1.35, 0.9, 1.05 ], 
											"unwrapMode": 3,
											"uv": [ 30.5, 23.5 ],
											"rotationOrigin": [ 0.975, 0.9, 0.675 ],
											"rotationX": -4.0,
											"rotationZ": -61.0,
											"faces": {
												"north": { "texture": "#skin", "uv": [ 32.5, 24.0, 33.5, 29.0 ] },
												"east": { "texture": "#skin", "uv": [ 32.0, 24.0, 32.5, 29.0 ] },
												"south": { "texture": "#skin", "uv": [ 31.0, 24.0, 32.0, 29.0 ] },
												"west": { "texture": "#skin", "uv": [ 30.5, 24.0, 31.0, 29.0 ] },
												"up": { "texture": "#skin", "uv": [ 31.0, 23.5, 32.0, 24.0 ] },
												"down": { "texture": "#skin", "uv": [ 31.0, 29.0, 32.0, 29.5 ], "rotation": 180 }
											},
											"children": [
												{
													"name": "L back pastern",
													"from": [ 0.075, -1.15, 0.0 ], 
													"to": [ 0.975, 1.1, 0.9 ], 
													"unwrapMode": 3,
													"uv": [ 36.0, 15.5 ],
													"rotationOrigin": [ 0.6, 1.025, 0.45 ],
													"rotationZ": -7.0,
													"faces": {
														"north": { "texture": "#skin", "uv": [ 37.5, 16.0, 38.0, 18.0 ] },
														"east": { "texture": "#skin", "uv": [ 37.0, 16.0, 37.5, 18.0 ] },
														"south": { "texture": "#skin", "uv": [ 36.5, 16.0, 37.0, 18.0 ] },
														"west": { "texture": "#skin", "uv": [ 36.0, 16.0, 36.5, 18.0 ] },
														"up": { "texture": "#skin", "uv": [ 36.5, 15.5, 37.0, 16.0 ] },
														"down": { "texture": "#skin", "uv": [ 36.5, 18.0, 37.0, 18.5 ], "rotation": 180 }
													},
													"children": [
														{
															"name": "L origin hind hoof",
															"from": [ 0.525, 0.675, 0.525 ], 
															"to": [ 0.525, 0.675, 0.525 ], 
															"uv": [ 0.0, 0.0 ],
															"rotationOrigin": [ 0.525, 0.675, 0.525 ],
															"faces": {
																"north": { "texture": "#skin", "uv": [ 0.0, 0.5, 0.45, 0.95 ], "enabled": false },
																"east": { "texture": "#skin", "uv": [ 0.5, 0.5, 0.95, 0.95 ], "enabled": false },
																"south": { "texture": "#skin", "uv": [ 1.0, 0.5, 1.45, 0.95 ], "enabled": false },
																"west": { "texture": "#skin", "uv": [ 1.5, 0.5, 1.95, 0.95 ], "enabled": false },
																"up": { "texture": "#skin", "uv": [ 0.0, 0.0, 0.45, 0.45 ], "enabled": false },
																"down": { "texture": "#skin", "uv": [ 0.5, 0.0, 0.95, 0.45 ], "enabled": false }
															},
															"children": [
																{
																	"name": "L hind hoof 1",
																	"from": [ -1.5, -0.3, -0.45 ], 
																	"to": [ -0.3, 0.15, 0.3 ], 
																	"unwrapMode": 4,
																	"uv": [ 40.0, 23.5 ],
																	"rotationOrigin": [ -0.225, 0.075, 0.3 ],
																	"rotationZ": 55.0,
																	"faces": {
																		"north": { "texture": "#skin", "uv": [ 40.0, 24.5, 41.0, 25.0 ] },
																		"east": { "texture": "#skin", "uv": [ 42.5, 24.5, 43.0, 25.0 ] },
																		"south": { "texture": "#skin", "uv": [ 41.5, 24.5, 42.5, 25.0 ] },
																		"west": { "texture": "#skin", "uv": [ 41.0, 24.5, 41.5, 25.0 ] },
																		"up": { "texture": "#skin", "uv": [ 41.0, 23.5, 41.5, 24.5 ], "rotation": 90 },
																		"down": { "texture": "#skin", "uv": [ 41.0, 25.0, 41.5, 26.0 ], "rotation": 90 }
																	}
																},
																{
																	"name": "L hind hoof 2",
																	"from": [ -0.9, -0.75, -0.45 ], 
																	"to": [ 0.3, -0.3, 0.3 ], 
																	"unwrapMode": 4,
																	"uv": [ 38.5, 27.0 ],
																	"rotationOrigin": [ 0.15, -0.3, 0.225 ],
																	"rotationZ": 27.0,
																	"faces": {
																		"north": { "texture": "#skin", "uv": [ 38.5, 28.0, 39.5, 28.5 ] },
																		"east": { "texture": "#skin", "uv": [ 41.0, 28.0, 41.5, 28.5 ] },
																		"south": { "texture": "#skin", "uv": [ 40.0, 28.0, 41.0, 28.5 ] },
																		"west": { "texture": "#skin", "uv": [ 39.5, 28.0, 40.0, 28.5 ] },
																		"up": { "texture": "#skin", "uv": [ 39.5, 27.0, 40.0, 28.0 ], "rotation": 90 },
																		"down": { "texture": "#skin", "uv": [ 39.5, 28.5, 40.0, 29.5 ], "rotation": 90 }
																	}
																}
															]
														}
													]
												}
											]
										}
									]
								}
							]
						},
						{
							"name": "tail",
							"from": [ 6.525, 4.05, 1.5 ], 
							"to": [ 7.425, 5.85, 2.85 ], 
							"unwrapMode": 3,
							"unwrapRotation": 1,
							"uv": [ 10.5, 0.0 ],
							"rotationOrigin": [ 6.525, 5.85, 2.1 ],
							"rotationZ": 28.0,
							"faces": {
								"north": { "texture": "#skin", "uv": [ 14.0, 1.0, 15.5, 1.5 ], "rotation": 270, "windMode": [-1,-1,-1,-1], "windData": [0,1,1,0] },
								"east": { "texture": "#skin", "uv": [ 11.5, 0.0, 13.0, 1.0 ], "rotation": 90, "windMode": [-1,-1,-1,-1], "windData": [0,1,1,0] },
								"south": { "texture": "#skin", "uv": [ 11.5, 1.0, 13.0, 1.5 ], "rotation": 90 },
								"west": { "texture": "#skin", "uv": [ 11.5, 1.5, 13.0, 2.5 ], "rotation": 90, "windMode": [-1,-1,-1,-1], "windData": [0,0,1,1] },
								"up": { "texture": "#skin", "uv": [ 10.5, 1.0, 11.5, 1.5 ], "rotation": 90, "windMode": [-1,-1,-1,-1], "windData": [1,1,1,1] },
								"down": { "texture": "#skin", "uv": [ 13.0, 1.0, 14.0, 1.5 ], "rotation": 270, "windMode": [-1,-1,-1,-1] }
							},
							"children": [
								{
									"name": "tail-end",
									"from": [ 0.0, -2.025, 0.075 ], 
									"to": [ 1.05, 0.375, 1.275 ], 
									"unwrapMode": 3,
									"unwrapRotation": 1,
									"uv": [ 12.0, 1.5 ],
									"rotationOrigin": [ 0.0, 0.3, 0.675 ],
									"rotationZ": -22.0,
									"faces": {
										"north": { "texture": "#skin", "uv": [ 16.0, 2.5, 18.0, 3.5 ], "rotation": 270 },
										"east": { "texture": "#skin", "uv": [ 13.0, 1.5, 15.0, 2.5 ], "rotation": 90 },
										"south": { "texture": "#skin", "uv": [ 13.0, 2.5, 15.0, 3.5 ], "rotation": 90 },
										"west": { "texture": "#skin", "uv": [ 13.0, 3.5, 15.0, 4.5 ], "rotation": 90 },
										"up": { "texture": "#skin", "uv": [ 12.0, 2.5, 13.0, 3.5 ], "rotation": 90, "windMode": [-1,-1,-1,-1], "windData": [1,1,1,1] },
										"down": { "texture": "#skin", "uv": [ 15.0, 2.5, 16.0, 3.5 ], "rotation": 270 }
									}
								}
							]
						},
						{
							"name": "R back Thigh",
							"from": [ 3.3, -0.3, -0.675 ], 
							"to": [ 7.8, 5.1, 1.125 ], 
							"unwrapMode": 1,
							"uv": [ 21.5, 8.0 ],
							"rotationOrigin": [ 5.1, 3.675, 0.225 ],
							"rotationX": -3.0,
							"rotationZ": -23.0,
							"faces": {
								"north": { "texture": "#skin", "uv": [ 23.0, 9.5, 27.5, 14.5 ] },
								"east": { "texture": "#skin", "uv": [ 21.5, 9.5, 23.0, 14.5 ] },
								"south": { "texture": "#skin", "uv": [ 29.0, 9.5, 33.5, 14.5 ] },
								"west": { "texture": "#skin", "uv": [ 27.5, 9.5, 29.0, 14.5 ] },
								"up": { "texture": "#skin", "uv": [ 23.0, 8.0, 27.5, 9.5 ], "rotation": 180 },
								"down": { "texture": "#skin", "uv": [ 23.0, 14.5, 27.5, 16.0 ] }
							},
							"children": [
								{
									"name": "R back Upper Arm",
									"from": [ 0.3, -4.5, 0.15 ], 
									"to": [ 2.1, 0.6, 1.575 ], 
									"unwrapMode": 1,
									"uv": [ 22.0, 16.5 ],
									"rotationOrigin": [ 1.2, 0.525, 0.9 ],
									"rotationX": -1.0,
									"rotationZ": 73.0,
									"faces": {
										"north": { "texture": "#skin", "uv": [ 23.0, 17.5, 24.5, 22.5 ] },
										"east": { "texture": "#skin", "uv": [ 22.0, 17.5, 23.0, 22.5 ] },
										"south": { "texture": "#skin", "uv": [ 25.5, 17.5, 27.0, 22.5 ] },
										"west": { "texture": "#skin", "uv": [ 24.5, 17.5, 25.5, 22.5 ] },
										"up": { "texture": "#skin", "uv": [ 23.0, 16.5, 24.5, 17.5 ], "rotation": 180 },
										"down": { "texture": "#skin", "uv": [ 23.0, 22.5, 24.5, 23.5 ] }
									},
									"children": [
										{
											"name": "R back lower arm",
											"from": [ 0.3, -4.2, 0.3 ], 
											"to": [ 1.35, 0.9, 1.2 ], 
											"unwrapMode": 1,
											"uv": [ 24.5, 23.5 ],
											"rotationOrigin": [ 0.975, 0.9, 0.825 ],
											"rotationX": 4.0,
											"rotationZ": -63.0,
											"faces": {
												"north": { "texture": "#skin", "uv": [ 25.0, 24.0, 26.0, 29.0 ] },
												"east": { "texture": "#skin", "uv": [ 24.5, 24.0, 25.0, 29.0 ] },
												"south": { "texture": "#skin", "uv": [ 26.5, 24.0, 27.5, 29.0 ] },
												"west": { "texture": "#skin", "uv": [ 26.0, 24.0, 26.5, 29.0 ] },
												"up": { "texture": "#skin", "uv": [ 25.0, 23.5, 26.0, 24.0 ], "rotation": 180 },
												"down": { "texture": "#skin", "uv": [ 25.0, 29.0, 26.0, 29.5 ] }
											},
											"children": [
												{
													"name": "R back pastern",
													"from": [ 0.075, -1.25, 0.0 ], 
													"to": [ 0.975, 1.0, 0.9 ], 
													"unwrapMode": 1,
													"uv": [ 33.5, 15.33 ],
													"rotationOrigin": [ 0.6, 0.925, 0.45 ],
													"rotationZ": -11.0,
													"faces": {
														"north": { "texture": "#skin", "uv": [ 34.0, 16.0, 34.5, 18.0 ] },
														"east": { "texture": "#skin", "uv": [ 33.5, 16.0, 34.0, 18.0 ] },
														"south": { "texture": "#skin", "uv": [ 35.0, 16.0, 35.5, 18.0 ] },
														"west": { "texture": "#skin", "uv": [ 34.5, 16.0, 35.0, 18.0 ] },
														"up": { "texture": "#skin", "uv": [ 34.0, 15.5, 34.5, 16.0 ], "rotation": 180 },
														"down": { "texture": "#skin", "uv": [ 34.0, 18.0, 34.5, 18.5 ] }
													},
													"children": [
														{
															"name": "R origin hind hoof",
															"from": [ 0.525, 0.675, 0.525 ], 
															"to": [ 0.525, 0.675, 0.525 ], 
															"uv": [ 0.0, 0.0 ],
															"rotationOrigin": [ 0.525, 0.675, 0.525 ],
															"faces": {
																"north": { "texture": "#skin", "uv": [ 0.0, 0.5, 0.45, 0.95 ], "enabled": false },
																"east": { "texture": "#skin", "uv": [ 0.5, 0.5, 0.95, 0.95 ], "enabled": false },
																"south": { "texture": "#skin", "uv": [ 1.0, 0.5, 1.45, 0.95 ], "enabled": false },
																"west": { "texture": "#skin", "uv": [ 1.5, 0.5, 1.95, 0.95 ], "enabled": false },
																"up": { "texture": "#skin", "uv": [ 0.0, 0.0, 0.45, 0.45 ], "enabled": false },
																"down": { "texture": "#skin", "uv": [ 0.5, 0.0, 0.95, 0.45 ], "enabled": false }
															},
															"children": [
																{
																	"name": "R hind hoof 1",
																	"from": [ -1.5, -0.3, -0.45 ], 
																	"to": [ -0.3, 0.15, 0.3 ], 
																	"unwrapMode": 4,
																	"uv": [ 34.5, 19.0 ],
																	"rotationOrigin": [ -0.225, 0.075, 0.3 ],
																	"rotationZ": 55.0,
																	"faces": {
																		"north": { "texture": "#skin", "uv": [ 34.5, 20.0, 35.5, 20.5 ] },
																		"east": { "texture": "#skin", "uv": [ 37.0, 20.0, 37.5, 20.5 ] },
																		"south": { "texture": "#skin", "uv": [ 36.0, 20.0, 37.0, 20.5 ] },
																		"west": { "texture": "#skin", "uv": [ 35.5, 20.0, 36.0, 20.5 ] },
																		"up": { "texture": "#skin", "uv": [ 35.5, 19.0, 36.0, 20.0 ], "rotation": 90 },
																		"down": { "texture": "#skin", "uv": [ 35.5, 20.5, 36.0, 21.5 ], "rotation": 90 }
																	}
																},
																{
																	"name": "R hind hoof 2",
																	"from": [ -0.9, -0.75, -0.45 ], 
																	"to": [ 0.3, -0.3, 0.3 ], 
																	"unwrapMode": 4,
																	"uv": [ 38.0, 19.5 ],
																	"rotationOrigin": [ 0.15, -0.3, 0.225 ],
																	"rotationZ": 27.0,
																	"faces": {
																		"north": { "texture": "#skin", "uv": [ 38.0, 20.5, 39.0, 21.0 ] },
																		"east": { "texture": "#skin", "uv": [ 40.5, 20.5, 41.0, 21.0 ] },
																		"south": { "texture": "#skin", "uv": [ 39.5, 20.5, 40.5, 21.0 ] },
																		"west": { "texture": "#skin", "uv": [ 39.0, 20.5, 39.5, 21.0 ] },
																		"up": { "texture": "#skin", "uv": [ 39.0, 19.5, 39.5, 20.5 ], "rotation": 90 },
																		"down": { "texture": "#skin", "uv": [ 39.0, 21.0, 39.5, 22.0 ], "rotation": 90 }
																	}
																}
															]
														}
													]
												}
											]
										}
									]
								}
							]
						}
					]
				},
				{
					"name": "L front Thigh",
					"from": [ 0.675, 0.0, 4.05 ], 
					"to": [ 3.675, 5.25, 5.475 ], 
					"unwrapMode": 3,
					"uv": [ 47.5, 0.0 ],
					"rotationOrigin": [ 2.025, 2.7, 4.95 ],
					"rotationX": 3.0,
					"rotationZ": 15.0,
					"faces": {
						"north": { "texture": "#skin", "uv": [ 52.5, 1.0, 55.5, 6.0 ] },
						"east": { "texture": "#skin", "uv": [ 51.5, 1.0, 52.5, 6.0 ] },
						"south": { "texture": "#skin", "uv": [ 48.5, 1.0, 51.5, 6.0 ] },
						"west": { "texture": "#skin", "uv": [ 47.5, 1.0, 48.5, 6.0 ] },
						"up": { "texture": "#skin", "uv": [ 48.5, 0.0, 51.5, 1.0 ], "windMode": [-1,-1,-1,-1] },
						"down": { "texture": "#skin", "uv": [ 48.5, 6.0, 51.5, 7.0 ], "rotation": 180 }
					},
					"children": [
						{
							"name": "L front Upper Arm",
							"from": [ 0.45, -3.0, 0.15 ], 
							"to": [ 1.95, 0.9, 1.2 ], 
							"unwrapMode": 3,
							"uv": [ 48.0, 7.5 ],
							"rotationOrigin": [ 1.35, 0.45, 0.9 ],
							"rotationX": 1.0,
							"rotationZ": -3.0,
							"faces": {
								"north": { "texture": "#skin", "uv": [ 51.5, 8.5, 53.0, 12.0 ] },
								"east": { "texture": "#skin", "uv": [ 50.5, 8.5, 51.5, 12.0 ] },
								"south": { "texture": "#skin", "uv": [ 49.0, 8.5, 50.5, 12.0 ] },
								"west": { "texture": "#skin", "uv": [ 48.0, 8.5, 49.0, 12.0 ] },
								"up": { "texture": "#skin", "uv": [ 49.0, 7.5, 50.5, 8.5 ] },
								"down": { "texture": "#skin", "uv": [ 49.0, 12.0, 50.5, 13.0 ], "rotation": 180 }
							},
							"children": [
								{
									"name": "L front lower arm",
									"from": [ 0.225, -3.6, 0.075 ], 
									"to": [ 1.125, 0.9, 0.975 ], 
									"unwrapMode": 3,
									"uv": [ 53.5, 6.5 ],
									"rotationOrigin": [ 0.9, 0.45, 0.6 ],
									"rotationX": -3.0,
									"rotationZ": -4.0,
									"faces": {
										"north": { "texture": "#skin", "uv": [ 55.0, 7.0, 55.5, 11.5 ] },
										"east": { "texture": "#skin", "uv": [ 54.5, 7.0, 55.0, 11.5 ] },
										"south": { "texture": "#skin", "uv": [ 54.0, 7.0, 54.5, 11.5 ] },
										"west": { "texture": "#skin", "uv": [ 53.5, 7.0, 54.0, 11.5 ] },
										"up": { "texture": "#skin", "uv": [ 54.0, 6.5, 54.5, 7.0 ] },
										"down": { "texture": "#skin", "uv": [ 54.0, 11.5, 54.5, 12.0 ], "rotation": 180 }
									},
									"children": [
										{
											"name": "L front pastern",
											"from": [ 0.0, -1.575, 0.0 ], 
											"to": [ 0.9, 0.675, 0.9 ], 
											"unwrapMode": 3,
											"uv": [ 50.5, 13.0 ],
											"rotationOrigin": [ 0.075, 0.6, 0.45 ],
											"rotationX": -1.0,
											"rotationZ": -22.0,
											"faces": {
												"north": { "texture": "#skin", "uv": [ 52.0, 13.5, 52.5, 15.5 ] },
												"east": { "texture": "#skin", "uv": [ 51.5, 13.5, 52.0, 15.5 ] },
												"south": { "texture": "#skin", "uv": [ 51.0, 13.5, 51.5, 15.5 ] },
												"west": { "texture": "#skin", "uv": [ 50.5, 13.5, 51.0, 15.5 ] },
												"up": { "texture": "#skin", "uv": [ 51.0, 13.0, 51.5, 13.5 ] },
												"down": { "texture": "#skin", "uv": [ 51.0, 15.5, 51.5, 16.0 ], "rotation": 180 }
											},
											"children": [
												{
													"name": "L origin hoof",
													"from": [ 0.45, 0.675, 0.525 ], 
													"to": [ 0.45, 0.675, 0.525 ], 
													"uv": [ 0.0, 0.0 ],
													"rotationOrigin": [ 0.45, 0.675, 0.525 ],
													"faces": {
														"north": { "texture": "#skin", "uv": [ 0.0, 0.5, 0.45, 0.95 ], "enabled": false },
														"east": { "texture": "#skin", "uv": [ 0.5, 0.5, 0.95, 0.95 ], "enabled": false },
														"south": { "texture": "#skin", "uv": [ 1.0, 0.5, 1.45, 0.95 ], "enabled": false },
														"west": { "texture": "#skin", "uv": [ 1.5, 0.5, 1.95, 0.95 ], "enabled": false },
														"up": { "texture": "#skin", "uv": [ 0.0, 0.0, 0.45, 0.45 ], "enabled": false },
														"down": { "texture": "#skin", "uv": [ 0.5, 0.0, 0.95, 0.45 ], "enabled": false }
													},
													"children": [
														{
															"name": "L front hoof 1",
															"from": [ -1.5, -0.3, -0.45 ], 
															"to": [ -0.3, 0.075, 0.3 ], 
															"unwrapMode": 4,
															"uv": [ 35.5, 21.0 ],
															"rotationOrigin": [ -0.225, 0.075, 0.3 ],
															"rotationZ": 55.0,
															"faces": {
																"north": { "texture": "#skin", "uv": [ 35.5, 22.0, 36.5, 22.5 ] },
																"east": { "texture": "#skin", "uv": [ 38.0, 22.0, 38.5, 22.5 ] },
																"south": { "texture": "#skin", "uv": [ 37.0, 22.0, 38.0, 22.5 ] },
																"west": { "texture": "#skin", "uv": [ 36.5, 22.0, 37.0, 22.5 ] },
																"up": { "texture": "#skin", "uv": [ 36.5, 21.0, 37.0, 22.0 ], "rotation": 90 },
																"down": { "texture": "#skin", "uv": [ 36.5, 22.5, 37.0, 23.5 ], "rotation": 90 }
															}
														},
														{
															"name": "L front hoof 2",
															"from": [ -0.9, -0.75, -0.45 ], 
															"to": [ 0.3, -0.3, 0.3 ], 
															"unwrapMode": 4,
															"uv": [ 36.5, 23.0 ],
															"rotationOrigin": [ 0.15, -0.3, 0.225 ],
															"rotationZ": 27.0,
															"faces": {
																"north": { "texture": "#skin", "uv": [ 36.5, 24.0, 37.5, 24.5 ] },
																"east": { "texture": "#skin", "uv": [ 39.0, 24.0, 39.5, 24.5 ] },
																"south": { "texture": "#skin", "uv": [ 38.0, 24.0, 39.0, 24.5 ] },
																"west": { "texture": "#skin", "uv": [ 37.5, 24.0, 38.0, 24.5 ] },
																"up": { "texture": "#skin", "uv": [ 37.5, 23.0, 38.0, 24.0 ], "rotation": 90 },
																"down": { "texture": "#skin", "uv": [ 37.5, 24.5, 38.0, 25.5 ], "rotation": 90 }
															}
														}
													]
												}
											]
										}
									]
								}
							]
						}
					]
				},
				{
					"name": "R front Thigh",
					"from": [ 0.675, 0.0, -0.525 ], 
					"to": [ 3.675, 5.25, 0.9 ], 
					"unwrapMode": 1,
					"uv": [ 56.0, 0.0 ],
					"rotationOrigin": [ 2.025, 2.7, 0.0 ],
					"rotationX": -3.0,
					"rotationZ": 15.0,
					"faces": {
						"north": { "texture": "#skin", "uv": [ 57.0, 1.0, 60.0, 6.0 ] },
						"east": { "texture": "#skin", "uv": [ 56.0, 1.0, 57.0, 6.0 ] },
						"south": { "texture": "#skin", "uv": [ 61.0, 1.0, 64.0, 6.0 ] },
						"west": { "texture": "#skin", "uv": [ 60.0, 1.0, 61.0, 6.0 ] },
						"up": { "texture": "#skin", "uv": [ 57.0, 0.0, 60.0, 1.0 ], "rotation": 180 },
						"down": { "texture": "#skin", "uv": [ 57.0, 6.0, 60.0, 7.0 ] }
					},
					"children": [
						{
							"name": "R front Upper Arm",
							"from": [ 0.45, -3.0, 0.15 ], 
							"to": [ 1.95, 0.9, 1.2 ], 
							"unwrapMode": 1,
							"uv": [ 56.0, 7.5 ],
							"rotationOrigin": [ 1.35, 0.45, 0.9 ],
							"rotationX": -1.0,
							"rotationZ": -8.0,
							"faces": {
								"north": { "texture": "#skin", "uv": [ 57.0, 8.5, 58.5, 12.0 ] },
								"east": { "texture": "#skin", "uv": [ 56.0, 8.5, 57.0, 12.0 ] },
								"south": { "texture": "#skin", "uv": [ 59.5, 8.5, 61.0, 12.0 ] },
								"west": { "texture": "#skin", "uv": [ 58.5, 8.5, 59.5, 12.0 ] },
								"up": { "texture": "#skin", "uv": [ 57.0, 7.5, 58.5, 8.5 ], "rotation": 180 },
								"down": { "texture": "#skin", "uv": [ 57.0, 12.0, 58.5, 13.0 ] }
							},
							"children": [
								{
									"name": "R front lower arm",
									"from": [ 0.225, -3.6, 0.075 ], 
									"to": [ 1.125, 0.9, 0.975 ], 
									"unwrapMode": 1,
									"uv": [ 61.5, 6.5 ],
									"rotationOrigin": [ 0.9, 0.45, 0.75 ],
									"rotationX": 3.0,
									"rotationZ": -4.0,
									"faces": {
										"north": { "texture": "#skin", "uv": [ 62.0, 7.0, 62.5, 11.5 ] },
										"east": { "texture": "#skin", "uv": [ 61.5, 7.0, 62.0, 11.5 ] },
										"south": { "texture": "#skin", "uv": [ 63.0, 7.0, 63.5, 11.5 ] },
										"west": { "texture": "#skin", "uv": [ 62.5, 7.0, 63.0, 11.5 ] },
										"up": { "texture": "#skin", "uv": [ 62.0, 6.5, 62.5, 7.0 ], "rotation": 180 },
										"down": { "texture": "#skin", "uv": [ 62.0, 11.5, 62.5, 12.0 ] }
									},
									"children": [
										{
											"name": "R front pastern",
											"from": [ 0.0, -1.575, 0.0 ], 
											"to": [ 0.9, 0.675, 0.9 ], 
											"unwrapMode": 1,
											"uv": [ 58.5, 13.0 ],
											"rotationOrigin": [ 0.075, 0.6, 0.45 ],
											"rotationX": -1.0,
											"rotationZ": -10.0,
											"faces": {
												"north": { "texture": "#skin", "uv": [ 59.0, 13.5, 59.5, 15.5 ] },
												"east": { "texture": "#skin", "uv": [ 58.5, 13.5, 59.0, 15.5 ] },
												"south": { "texture": "#skin", "uv": [ 60.0, 13.5, 60.5, 15.5 ] },
												"west": { "texture": "#skin", "uv": [ 59.5, 13.5, 60.0, 15.5 ] },
												"up": { "texture": "#skin", "uv": [ 59.0, 13.0, 59.5, 13.5 ], "rotation": 180 },
												"down": { "texture": "#skin", "uv": [ 59.0, 15.5, 59.5, 16.0 ] }
											},
											"children": [
												{
													"name": "R origin hoof",
													"from": [ 0.45, 0.675, 0.525 ], 
													"to": [ 0.45, 0.675, 0.525 ], 
													"uv": [ 0.0, 0.0 ],
													"rotationOrigin": [ 0.45, 0.675, 0.525 ],
													"faces": {
														"north": { "texture": "#skin", "uv": [ 0.0, 0.5, 0.45, 0.95 ], "enabled": false },
														"east": { "texture": "#skin", "uv": [ 0.5, 0.5, 0.95, 0.95 ], "enabled": false },
														"south": { "texture": "#skin", "uv": [ 1.0, 0.5, 1.45, 0.95 ], "enabled": false },
														"west": { "texture": "#skin", "uv": [ 1.5, 0.5, 1.95, 0.95 ], "enabled": false },
														"up": { "texture": "#skin", "uv": [ 0.0, 0.0, 0.45, 0.45 ], "enabled": false },
														"down": { "texture": "#skin", "uv": [ 0.5, 0.0, 0.95, 0.45 ], "enabled": false }
													},
													"children": [
														{
															"name": "R front hoof 1",
															"from": [ -1.5, -0.3, -0.45 ], 
															"to": [ -0.3, 0.075, 0.3 ], 
															"unwrapMode": 4,
															"uv": [ 39.0, 21.5 ],
															"rotationOrigin": [ -0.225, 0.075, 0.3 ],
															"rotationZ": 55.0,
															"faces": {
																"north": { "texture": "#skin", "uv": [ 39.0, 22.5, 40.0, 23.0 ] },
																"east": { "texture": "#skin", "uv": [ 41.5, 22.5, 42.0, 23.0 ] },
																"south": { "texture": "#skin", "uv": [ 40.5, 22.5, 41.5, 23.0 ] },
																"west": { "texture": "#skin", "uv": [ 40.0, 22.5, 40.5, 23.0 ] },
																"up": { "texture": "#skin", "uv": [ 40.0, 21.5, 40.5, 22.5 ], "rotation": 90 },
																"down": { "texture": "#skin", "uv": [ 40.0, 23.0, 40.5, 24.0 ], "rotation": 90 }
															}
														},
														{
															"name": "R front hoof 2",
															"from": [ -0.9, -0.75, -0.45 ], 
															"to": [ 0.3, -0.3, 0.3 ], 
															"unwrapMode": 4,
															"uv": [ 37.5, 25.0 ],
															"rotationOrigin": [ 0.15, -0.3, 0.225 ],
															"rotationZ": 27.0,
															"faces": {
																"north": { "texture": "#skin", "uv": [ 37.5, 26.0, 38.5, 26.5 ] },
																"east": { "texture": "#skin", "uv": [ 40.0, 26.0, 40.5, 26.5 ] },
																"south": { "texture": "#skin", "uv": [ 39.0, 26.0, 40.0, 26.5 ] },
																"west": { "texture": "#skin", "uv": [ 38.5, 26.0, 39.0, 26.5 ] },
																"up": { "texture": "#skin", "uv": [ 38.5, 25.0, 39.0, 26.0 ], "rotation": 90 },
																"down": { "texture": "#skin", "uv": [ 38.5, 26.5, 39.0, 27.5 ], "rotation": 90 }
															}
														}
													]
												}
											]
										}
									]
								}
							]
						}
					]
				}
			],
			"attachmentpoints": [
				{
					"code": "Center",
					"posX": "9.0","posY": "4.0","posZ": "5.0",
					"rotationX": "0.0","rotationY": "0.0","rotationZ": "0.0"
				}
			]
		}
	]}