{
	"editor": {
		"allAngles": true,
		"entityTextureMode": true
	},
	"textureWidth": 32,
	"textureHeight": 32,
	"textureSizes": {
		"skin": [32,32]
	},
	"textures": {
	},
	"elements": [
		{
			"name": "Body",
			"from": [ 4.41, 4.7438, 6.76 ], 
			"to": [ 8.3288, 8.1813, 8.8225 ], 
			"unwrapMode": 3,
			"unwrapRotation": 1,
			"uv": [ 0.0, 0.0 ],
			"rotationOrigin": [ 8.325, 6.5313, 8.0 ],
			"rotationZ": 8.0,
			"faces": {
				"north": { "texture": "#skin", "uv": [ 11.5, 3.0, 17.0, 9.0 ], "rotation": 270 },
				"east": { "texture": "#skin", "uv": [ 3.0, 0.0, 8.5, 3.0 ], "rotation": 90 },
				"south": { "texture": "#skin", "uv": [ 3.0, 3.0, 8.5, 9.0 ], "rotation": 90 },
				"west": { "texture": "#skin", "uv": [ 3.0, 9.0, 8.5, 12.0 ], "rotation": 90 },
				"up": { "texture": "#skin", "uv": [ 0.0, 3.0, 3.0, 9.0 ], "rotation": 90 },
				"down": { "texture": "#skin", "uv": [ 8.5, 3.0, 11.5, 9.0 ], "rotation": 270 }
			},
			"children": [
				{
					"name": "neck",
					"from": [ -0.2812, 1.925, 0.4125 ], 
					"to": [ 1.3, 4.4688, 1.65 ], 
					"unwrapMode": 3,
					"unwrapRotation": 1,
					"uv": [ 10.5, 26.5 ],
					"rotationOrigin": [ 1.4375, 1.925, 1.0313 ],
					"rotationZ": 34.0,
					"faces": {
						"north": { "texture": "#skin", "uv": [ 16.0, 28.0, 20.0, 30.5 ], "rotation": 270, "windMode": [-1,-1,-1,-1], "windData": [0,0,1,0] },
						"east": { "texture": "#skin", "uv": [ 12.0, 26.5, 16.0, 28.0 ], "rotation": 90, "windMode": [-1,-1,-1,-1], "windData": [1,0,0,1] },
						"south": { "texture": "#skin", "uv": [ 12.0, 28.0, 16.0, 30.5 ], "rotation": 90 },
						"west": { "texture": "#skin", "uv": [ 12.0, 30.5, 16.0, 32.0 ], "rotation": 90 },
						"up": { "texture": "#skin", "uv": [ 10.5, 28.0, 12.0, 30.5 ], "rotation": 90 },
						"down": { "texture": "#skin", "uv": [ 16.0, 28.0, 17.5, 30.5 ], "rotation": 270, "enabled": false, "windMode": [-1,-1,-1,-1], "windData": [0,1,1,0] }
					},
					"children": [
						{
							"name": "neck2",
							"from": [ 0.2063, 1.5125, 0.0688 ], 
							"to": [ 1.5125, 3.85, 1.1688 ], 
							"unwrapMode": 3,
							"uv": [ 25.0, 0.0 ],
							"rotationOrigin": [ 1.5125, 2.2688, 0.6875 ],
							"rotationY": 3.0,
							"rotationZ": -29.0,
							"faces": {
								"north": { "texture": "#skin", "uv": [ 30.0, 1.5, 32.0, 5.0 ], "windMode": [-1,-1,-1,-1], "windData": [1,1,1,1] },
								"east": { "texture": "#skin", "uv": [ 28.5, 1.5, 30.0, 5.0 ], "windMode": [-1,-1,-1,-1], "windData": [1,1,1,1] },
								"south": { "texture": "#skin", "uv": [ 26.5, 1.5, 28.5, 5.0 ], "windMode": [-1,-1,-1,-1], "windData": [1,1,1,1] },
								"west": { "texture": "#skin", "uv": [ 25.0, 1.5, 26.5, 5.0 ], "windMode": [-1,-1,-1,-1], "windData": [1,1,1,1] },
								"up": { "texture": "#skin", "uv": [ 26.5, 0.0, 28.5, 1.5 ], "windMode": [-1,-1,-1,-1], "windData": [1,1,1,1] },
								"down": { "texture": "#skin", "uv": [ 26.5, 5.0, 28.5, 6.5 ], "rotation": 180, "enabled": false, "windMode": [-1,-1,-1,-1], "windData": [1,1,1,1] }
							},
							"children": [
								{
									"name": "head",
									"from": [ 0.3438, 0.7563, -0.0687 ], 
									"to": [ 1.375, 2.3375, 1.1688 ], 
									"unwrapMode": 4,
									"uv": [ 9.0, 9.0 ],
									"rotationOrigin": [ 1.375, 2.3375, 0.55 ],
									"rotationY": 2.0,
									"rotationZ": -60.0,
									"faces": {
										"north": { "texture": "#skin", "uv": [ 9.0, 10.5, 10.5, 13.0 ] },
										"east": { "texture": "#skin", "uv": [ 13.5, 10.5, 15.0, 13.0 ] },
										"south": { "texture": "#skin", "uv": [ 12.0, 10.5, 13.5, 13.0 ] },
										"west": { "texture": "#skin", "uv": [ 10.5, 10.5, 12.0, 13.0 ] },
										"up": { "texture": "#skin", "uv": [ 10.5, 9.0, 12.0, 10.5 ], "rotation": 90 },
										"down": { "texture": "#skin", "uv": [ 10.5, 13.0, 12.0, 14.5 ], "rotation": 90 }
									},
									"children": [
										{
											"name": "mouth up",
											"from": [ -1.2375, 0.0688, 0.275 ], 
											"to": [ 0.4125, 0.3438, 0.9625 ], 
											"unwrapMode": 5,
											"unwrapRotation": 1,
											"uv": [ 0.0, 0.0 ],
											"rotationOrigin": [ 0.3438, 0.3438, 0.6188 ],
											"rotationZ": 55.0,
											"faces": {
												"north": { "texture": "#skin", "uv": [ 0.0, 0.0, 0.5, 2.5 ], "rotation": 270 },
												"east": { "texture": "#skin", "uv": [ 0.5, 0.0, 1.5, 0.5 ], "rotation": 180, "enabled": false },
												"south": { "texture": "#skin", "uv": [ 1.5, 0.0, 2.0, 2.5 ], "rotation": 90 },
												"west": { "texture": "#skin", "uv": [ 0.5, 2.5, 1.5, 3.0 ] },
												"up": { "texture": "#skin", "uv": [ 0.5, 0.0, 1.5, 2.5 ], "rotation": 90 },
												"down": { "texture": "#skin", "uv": [ 2.0, 0.0, 3.0, 2.5 ], "rotation": 270 }
											},
											"children": [
												{
													"name": "nose",
													"from": [ -0.1375, 0.0688, -0.0031 ], 
													"to": [ 0.3438, 0.4813, 0.6906 ], 
													"unwrapMode": 4,
													"uv": [ 9.0, 14.0 ],
													"rotationOrigin": [ -0.1375, 0.4813, 0.2063 ],
													"rotationZ": 14.0,
													"faces": {
														"north": { "texture": "#skin", "uv": [ 9.0, 14.5, 9.5, 15.0 ], "windMode": [-1,-1,-1,-1], "windData": [1,1,1,1] },
														"east": { "texture": "#skin", "uv": [ 11.0, 14.5, 12.0, 15.0 ], "windMode": [-1,-1,-1,-1], "windData": [1,1,1,1] },
														"south": { "texture": "#skin", "uv": [ 10.5, 14.5, 11.0, 15.0 ], "windMode": [-1,-1,-1,-1], "windData": [1,1,1,1] },
														"west": { "texture": "#skin", "uv": [ 9.5, 14.5, 10.5, 15.0 ], "windMode": [-1,-1,-1,-1], "windData": [1,1,1,1] },
														"up": { "texture": "#skin", "uv": [ 9.5, 14.0, 10.5, 14.5 ], "rotation": 90, "windMode": [-1,-1,-1,-1], "windData": [1,1,1,1] },
														"down": { "texture": "#skin", "uv": [ 9.5, 15.0, 10.5, 15.5 ], "rotation": 90, "windMode": [-1,-1,-1,-1], "windData": [1,1,1,1] }
													}
												},
												{
													"name": "nose bridge",
													"from": [ 0.4813, 0.0, 0.0344 ], 
													"to": [ 2.5438, 0.6188, 0.6531 ], 
													"unwrapMode": 5,
													"unwrapRotation": 1,
													"uv": [ 1.5, 11.0 ],
													"rotationOrigin": [ 0.4813, 0.0, 0.2063 ],
													"rotationZ": 22.0,
													"faces": {
														"north": { "texture": "#skin", "uv": [ 1.5, 11.5, 2.0, 14.5 ], "rotation": 270 },
														"east": { "texture": "#skin", "uv": [ 2.0, 11.0, 2.5, 11.5 ], "rotation": 180, "windMode": [-1,-1,-1,-1], "windData": [0,0,0,0] },
														"south": { "texture": "#skin", "uv": [ 2.5, 11.5, 3.0, 14.5 ], "rotation": 90 },
														"west": { "texture": "#skin", "uv": [ 2.0, 14.5, 2.5, 15.0 ], "windMode": [-1,-1,-1,-1], "windData": [0,0,0,0] },
														"up": { "texture": "#skin", "uv": [ 2.0, 11.5, 2.5, 14.5 ], "rotation": 90 },
														"down": { "texture": "#skin", "uv": [ 3.0, 11.5, 3.5, 14.5 ], "rotation": 270, "enabled": false }
													}
												}
											]
										},
										{
											"name": "R ear",
											"from": [ 0.3438, 0.825, -0.9625 ], 
											"to": [ 0.4813, 1.5125, 0.1375 ], 
											"unwrapMode": 4,
											"uv": [ 12.0, 13.0 ],
											"rotationOrigin": [ 0.4813, 1.375, 0.0688 ],
											"rotationX": 80.0,
											"rotationY": 17.0,
											"rotationZ": 22.0,
											"faces": {
												"north": { "texture": "#skin", "uv": [ 12.0, 13.5, 12.5, 14.5 ] },
												"east": { "texture": "#skin", "uv": [ 14.5, 13.5, 16.0, 14.5 ] },
												"south": { "texture": "#skin", "uv": [ 14.0, 13.5, 14.5, 14.5 ], "windMode": [-1,-1,-1,-1], "windData": [0,0,0,0] },
												"west": { "texture": "#skin", "uv": [ 12.5, 13.5, 14.0, 14.5 ] },
												"up": { "texture": "#skin", "uv": [ 12.5, 13.0, 14.0, 13.5 ], "rotation": 90 },
												"down": { "texture": "#skin", "uv": [ 12.5, 14.5, 14.0, 15.0 ], "rotation": 90 }
											}
										},
										{
											"name": "L ear",
											"from": [ 0.3438, 0.825, 1.1688 ], 
											"to": [ 0.4813, 1.5125, 2.2688 ], 
											"unwrapMode": 4,
											"uv": [ 11.5, 0.0 ],
											"rotationOrigin": [ 0.4813, 1.375, 1.1688 ],
											"rotationX": -80.0,
											"rotationY": -19.0,
											"rotationZ": 17.0,
											"faces": {
												"north": { "texture": "#skin", "uv": [ 11.5, 0.5, 12.0, 1.5 ], "windMode": [-1,-1,-1,-1] },
												"east": { "texture": "#skin", "uv": [ 14.0, 0.5, 15.5, 1.5 ] },
												"south": { "texture": "#skin", "uv": [ 13.5, 0.5, 14.0, 1.5 ], "windMode": [-1,-1,-1,-1] },
												"west": { "texture": "#skin", "uv": [ 12.0, 0.5, 13.5, 1.5 ] },
												"up": { "texture": "#skin", "uv": [ 12.0, 0.0, 13.5, 0.5 ], "rotation": 90 },
												"down": { "texture": "#skin", "uv": [ 12.0, 1.5, 13.5, 2.0 ], "rotation": 90 }
											}
										},
										{
											"name": "jaw",
											"from": [ -0.825, 0.0, 0.3438 ], 
											"to": [ 0.8938, 0.2406, 0.8938 ], 
											"unwrapMode": 5,
											"unwrapRotation": 1,
											"uv": [ 0.0, 9.0 ],
											"rotationOrigin": [ 0.6875, 0.2063, 0.6875 ],
											"rotationZ": 48.0,
											"faces": {
												"north": { "texture": "#skin", "uv": [ 0.0, 9.0, 0.5, 11.5 ], "rotation": 270 },
												"east": { "texture": "#skin", "uv": [ 0.5, 9.0, 1.0, 9.5 ], "rotation": 180, "enabled": false },
												"south": { "texture": "#skin", "uv": [ 1.0, 9.0, 1.5, 11.5 ], "rotation": 90 },
												"west": { "texture": "#skin", "uv": [ 0.5, 11.5, 1.0, 12.0 ] },
												"up": { "texture": "#skin", "uv": [ 0.5, 9.0, 1.0, 11.5 ], "rotation": 90 },
												"down": { "texture": "#skin", "uv": [ 1.5, 9.0, 2.0, 11.5 ], "rotation": 270 }
											}
										},
										{
											"name": "Horn attachment",
											"from": [ 0.0, 1.4438, 0.6188 ], 
											"to": [ 0.4813, 1.925, 1.1 ], 
											"uv": [ 0.0, 0.0 ],
											"rotationOrigin": [ 0.0, 1.4438, 0.6188 ],
											"faces": {
												"north": { "texture": "#skin", "uv": [ 0.0, 1.0, 0.792, 1.792 ], "enabled": false },
												"east": { "texture": "#skin", "uv": [ 1.0, 1.0, 1.792, 1.792 ], "enabled": false, "windMode": [-1,-1,-1,-1], "windData": [1,1,1,1] },
												"south": { "texture": "#skin", "uv": [ 1.0, 1.0, 1.792, 1.792 ], "enabled": false, "windMode": [-1,-1,-1,-1], "windData": [1,1,1,1] },
												"west": { "texture": "#skin", "uv": [ 1.0, 1.0, 1.792, 1.792 ], "enabled": false, "windMode": [-1,-1,-1,-1], "windData": [1,1,1,1] },
												"up": { "texture": "#skin", "uv": [ 0.0, 0.0, 0.792, 0.792 ], "enabled": false, "windMode": [-1,-1,-1,-1], "windData": [1,1,1,1] },
												"down": { "texture": "#skin", "uv": [ 1.0, 0.0, 1.792, 0.792 ], "enabled": false, "windMode": [-1,-1,-1,-1], "windData": [1,1,1,1] }
											},
											"children": [
												{
													"name": "R antler base",
													"from": [ -0.2062, -0.4125, -0.4125 ], 
													"to": [ 0.0688, 0.1375, -0.1375 ], 
													"unwrapMode": 4,
													"uv": [ 0.0, 30.5 ],
													"rotationOrigin": [ -0.2062, -0.4125, -0.1375 ],
													"rotationX": -20.0,
													"rotationY": -25.0,
													"faces": {
														"north": { "texture": "#skin", "uv": [ 0.0, 31.0, 0.5, 31.5 ] },
														"east": { "texture": "#skin", "uv": [ 1.5, 31.0, 2.0, 31.5 ] },
														"south": { "texture": "#skin", "uv": [ 1.0, 31.0, 1.5, 31.5 ] },
														"west": { "texture": "#skin", "uv": [ 0.5, 31.0, 1.0, 31.5 ] },
														"up": { "texture": "#skin", "uv": [ 0.5, 30.5, 1.0, 31.0 ], "rotation": 90 },
														"down": { "texture": "#skin", "uv": [ 0.5, 31.5, 1.0, 32.0 ], "rotation": 90 }
													},
													"children": [
														{
															"name": "R antler",
															"from": [ 0.0344, 0.55, 0.0344 ], 
															"to": [ 0.2406, 1.2375, 0.2406 ], 
															"unwrapMode": 4,
															"uv": [ 0.0, 28.5 ],
															"rotationOrigin": [ 0.0, 0.55, 0.275 ],
															"faces": {
																"north": { "texture": "#skin", "uv": [ 0.0, 29.0, 0.5, 30.0 ] },
																"east": { "texture": "#skin", "uv": [ 1.5, 29.0, 2.0, 30.0 ] },
																"south": { "texture": "#skin", "uv": [ 1.0, 29.0, 1.5, 30.0 ] },
																"west": { "texture": "#skin", "uv": [ 0.5, 29.0, 1.0, 30.0 ] },
																"up": { "texture": "#skin", "uv": [ 0.5, 28.5, 1.0, 29.0 ], "rotation": 90 },
																"down": { "texture": "#skin", "uv": [ 0.5, 30.0, 1.0, 30.5 ], "rotation": 90 }
															}
														}
													]
												},
												{
													"name": "L antler base",
													"from": [ -0.2062, -0.4125, 0.1375 ], 
													"to": [ 0.0688, 0.1375, 0.4125 ], 
													"unwrapMode": 4,
													"uv": [ 2.0, 30.5 ],
													"rotationOrigin": [ -0.2062, -0.4125, 0.1375 ],
													"rotationX": 20.0,
													"rotationY": 25.0,
													"faces": {
														"north": { "texture": "#skin", "uv": [ 2.0, 31.0, 2.5, 31.5 ] },
														"east": { "texture": "#skin", "uv": [ 3.5, 31.0, 4.0, 31.5 ] },
														"south": { "texture": "#skin", "uv": [ 3.0, 31.0, 3.5, 31.5 ] },
														"west": { "texture": "#skin", "uv": [ 2.5, 31.0, 3.0, 31.5 ] },
														"up": { "texture": "#skin", "uv": [ 2.5, 30.5, 3.0, 31.0 ], "rotation": 90, "windMode": [-1,-1,-1,-1], "windData": [1,1,1,1] },
														"down": { "texture": "#skin", "uv": [ 2.5, 31.5, 3.0, 32.0 ], "rotation": 90, "windMode": [-1,-1,-1,-1], "windData": [1,1,1,1] }
													},
													"children": [
														{
															"name": "L antler",
															"from": [ 0.0344, 0.55, 0.0344 ], 
															"to": [ 0.2406, 1.2375, 0.2406 ], 
															"unwrapMode": 4,
															"uv": [ 2.0, 28.5 ],
															"rotationOrigin": [ 0.0, 0.55, 0.0 ],
															"faces": {
																"north": { "texture": "#skin", "uv": [ 2.0, 29.0, 2.5, 30.0 ] },
																"east": { "texture": "#skin", "uv": [ 3.5, 29.0, 4.0, 30.0 ] },
																"south": { "texture": "#skin", "uv": [ 3.0, 29.0, 3.5, 30.0 ] },
																"west": { "texture": "#skin", "uv": [ 2.5, 29.0, 3.0, 30.0 ] },
																"up": { "texture": "#skin", "uv": [ 2.5, 28.5, 3.0, 29.0 ], "rotation": 90 },
																"down": { "texture": "#skin", "uv": [ 2.5, 30.0, 3.0, 30.5 ], "rotation": 90 }
															}
														}
													]
												}
											]
										}
									]
								}
							]
						}
					]
				},
				{
					"name": "abdomen",
					"from": [ 3.575, 0.0, -0.0687 ], 
					"to": [ 6.875, 3.4375, 2.1313 ], 
					"unwrapMode": 3,
					"unwrapRotation": 1,
					"uv": [ 0.0, 12.0 ],
					"rotationOrigin": [ 3.575, 1.7188, 1.1688 ],
					"rotationZ": -2.0,
					"faces": {
						"north": { "texture": "#skin", "uv": [ 12.5, 15.5, 18.0, 20.5 ], "rotation": 270 },
						"east": { "texture": "#skin", "uv": [ 3.5, 12.0, 9.0, 15.5 ], "rotation": 90 },
						"south": { "texture": "#skin", "uv": [ 3.5, 15.5, 9.0, 20.5 ], "rotation": 90 },
						"west": { "texture": "#skin", "uv": [ 3.5, 20.5, 9.0, 24.0 ], "rotation": 90 },
						"up": { "texture": "#skin", "uv": [ 0.0, 15.5, 3.5, 20.5 ], "rotation": 90 },
						"down": { "texture": "#skin", "uv": [ 9.0, 15.5, 12.5, 20.5 ], "rotation": 270 }
					},
					"children": [
						{
							"name": "L back Thigh",
							"from": [ 1.4438, -0.2625, 1.5812 ], 
							"to": [ 3.9188, 2.6937, 2.5438 ], 
							"unwrapMode": 3,
							"uv": [ 20.5, 13.5 ],
							"rotationOrigin": [ 2.4063, 1.8687, 2.0625 ],
							"rotationX": 3.0,
							"rotationZ": -32.0,
							"faces": {
								"north": { "texture": "#skin", "uv": [ 27.0, 15.0, 30.5, 19.5 ] },
								"east": { "texture": "#skin", "uv": [ 25.5, 15.0, 27.0, 19.5 ] },
								"south": { "texture": "#skin", "uv": [ 22.0, 15.0, 25.5, 19.5 ] },
								"west": { "texture": "#skin", "uv": [ 20.5, 15.0, 22.0, 19.5 ] },
								"up": { "texture": "#skin", "uv": [ 22.0, 13.5, 25.5, 15.0 ], "windMode": [-1,-1,-1,-1], "windData": [0,0,1,1] },
								"down": { "texture": "#skin", "uv": [ 22.0, 19.5, 25.5, 21.0 ], "rotation": 180 }
							},
							"children": [
								{
									"name": "L back Upper Arm",
									"from": [ 0.1375, -2.475, 0.1375 ], 
									"to": [ 1.1, 0.275, 0.8938 ], 
									"unwrapMode": 3,
									"uv": [ 27.0, 5.0 ],
									"rotationOrigin": [ 0.6188, 0.275, 0.55 ],
									"rotationX": 1.0,
									"rotationZ": 73.0,
									"faces": {
										"north": { "texture": "#skin", "uv": [ 30.5, 6.0, 32.0, 10.0 ] },
										"east": { "texture": "#skin", "uv": [ 29.5, 6.0, 30.5, 10.0 ] },
										"south": { "texture": "#skin", "uv": [ 28.0, 6.0, 29.5, 10.0 ] },
										"west": { "texture": "#skin", "uv": [ 27.0, 6.0, 28.0, 10.0 ] },
										"up": { "texture": "#skin", "uv": [ 28.0, 5.0, 29.5, 6.0 ] },
										"down": { "texture": "#skin", "uv": [ 28.0, 10.0, 29.5, 11.0 ], "rotation": 180 }
									},
									"children": [
										{
											"name": "L back lower arm",
											"from": [ 0.1375, -2.8875, 0.1375 ], 
											"to": [ 0.6875, 0.4125, 0.6188 ], 
											"unwrapMode": 3,
											"uv": [ 19.5, 20.0 ],
											"rotationOrigin": [ 0.4813, 0.4125, 0.4125 ],
											"rotationX": -4.0,
											"rotationZ": -60.0,
											"faces": {
												"north": { "texture": "#skin", "uv": [ 21.0, 20.5, 21.5, 25.5 ] },
												"east": { "texture": "#skin", "uv": [ 20.5, 20.5, 21.0, 25.5 ] },
												"south": { "texture": "#skin", "uv": [ 20.0, 20.5, 20.5, 25.5 ] },
												"west": { "texture": "#skin", "uv": [ 19.5, 20.5, 20.0, 25.5 ] },
												"up": { "texture": "#skin", "uv": [ 20.0, 20.0, 20.5, 20.5 ] },
												"down": { "texture": "#skin", "uv": [ 20.0, 25.5, 20.5, 26.0 ], "rotation": 180 }
											},
											"children": [
												{
													"name": "L back pastern",
													"from": [ 0.0344, -0.55, 0.0 ], 
													"to": [ 0.5156, 0.6875, 0.4813 ], 
													"unwrapMode": 3,
													"uv": [ 1.5, 22.0 ],
													"rotationOrigin": [ 0.3438, 0.6188, 0.2063 ],
													"rotationZ": -10.0,
													"faces": {
														"north": { "texture": "#skin", "uv": [ 3.0, 22.5, 3.5, 24.0 ] },
														"east": { "texture": "#skin", "uv": [ 2.5, 22.5, 3.0, 24.0 ] },
														"south": { "texture": "#skin", "uv": [ 2.0, 22.5, 2.5, 24.0 ] },
														"west": { "texture": "#skin", "uv": [ 1.5, 22.5, 2.0, 24.0 ] },
														"up": { "texture": "#skin", "uv": [ 2.0, 22.0, 2.5, 22.5 ] },
														"down": { "texture": "#skin", "uv": [ 2.0, 24.0, 2.5, 24.5 ], "rotation": 180 }
													},
													"children": [
														{
															"name": "L origin hind hoof",
															"from": [ 0.275, 0.3438, 0.2406 ], 
															"to": [ 0.275, 0.3438, 0.2406 ], 
															"uv": [ 0.0, 0.0 ],
															"rotationOrigin": [ 0.275, 0.3438, 0.275 ],
															"faces": {
																"north": { "texture": "#skin", "uv": [ 0.0, 0.5, 0.396, 0.896 ], "enabled": false },
																"east": { "texture": "#skin", "uv": [ 0.5, 0.5, 0.896, 0.896 ], "enabled": false },
																"south": { "texture": "#skin", "uv": [ 1.0, 0.5, 1.396, 0.896 ], "enabled": false },
																"west": { "texture": "#skin", "uv": [ 1.5, 0.5, 1.896, 0.896 ], "enabled": false },
																"up": { "texture": "#skin", "uv": [ 0.0, 0.0, 0.396, 0.396 ], "enabled": false },
																"down": { "texture": "#skin", "uv": [ 0.5, 0.0, 0.896, 0.396 ], "enabled": false }
															},
															"children": [
																{
																	"name": "L hind hoof 1",
																	"from": [ -0.7562, -0.1375, -0.2062 ], 
																	"to": [ -0.2063, 0.0688, 0.2063 ], 
																	"unwrapMode": 4,
																	"uv": [ 6.0, 30.5 ],
																	"rotationOrigin": [ -0.0687, 0.0, 0.1375 ],
																	"rotationZ": 55.0,
																	"faces": {
																		"north": { "texture": "#skin", "uv": [ 6.0, 31.0, 6.5, 31.5 ] },
																		"east": { "texture": "#skin", "uv": [ 7.5, 31.0, 8.0, 31.5 ] },
																		"south": { "texture": "#skin", "uv": [ 7.0, 31.0, 7.5, 31.5 ] },
																		"west": { "texture": "#skin", "uv": [ 6.5, 31.0, 7.0, 31.5 ] },
																		"up": { "texture": "#skin", "uv": [ 6.5, 30.5, 7.0, 31.0 ], "rotation": 90 },
																		"down": { "texture": "#skin", "uv": [ 6.5, 31.5, 7.0, 32.0 ], "rotation": 90 }
																	}
																},
																{
																	"name": "L hind hoof 2",
																	"from": [ -0.55, -0.4125, -0.2062 ], 
																	"to": [ 0.1375, -0.2062, 0.2063 ], 
																	"unwrapMode": 4,
																	"uv": [ 9.0, 29.5 ],
																	"rotationOrigin": [ 0.0688, -0.1375, 0.0688 ],
																	"rotationZ": 27.0,
																	"faces": {
																		"north": { "texture": "#skin", "uv": [ 9.0, 30.5, 10.0, 31.0 ] },
																		"east": { "texture": "#skin", "uv": [ 11.5, 30.5, 12.0, 31.0 ] },
																		"south": { "texture": "#skin", "uv": [ 10.5, 30.5, 11.5, 31.0 ] },
																		"west": { "texture": "#skin", "uv": [ 10.0, 30.5, 10.5, 31.0 ] },
																		"up": { "texture": "#skin", "uv": [ 10.0, 29.5, 10.5, 30.5 ], "rotation": 90 },
																		"down": { "texture": "#skin", "uv": [ 10.0, 31.0, 10.5, 32.0 ], "rotation": 90 }
																	}
																}
															]
														}
													]
												}
											]
										}
									]
								}
							]
						},
						{
							"name": "tail",
							"from": [ 2.9563, 2.475, 0.7906 ], 
							"to": [ 3.3, 3.1625, 1.4094 ], 
							"unwrapMode": 3,
							"unwrapRotation": 1,
							"uv": [ 8.5, 0.0 ],
							"rotationOrigin": [ 2.9563, 3.1625, 1.1 ],
							"rotationZ": 48.0,
							"faces": {
								"north": { "texture": "#skin", "uv": [ 10.5, 0.5, 11.5, 1.0 ], "rotation": 270, "windMode": [-1,-1,-1,-1], "windData": [0,1,1,0] },
								"east": { "texture": "#skin", "uv": [ 9.0, 0.0, 10.0, 0.5 ], "rotation": 90, "windMode": [-1,-1,-1,-1], "windData": [0,1,1,0] },
								"south": { "texture": "#skin", "uv": [ 9.0, 0.5, 10.0, 1.0 ], "rotation": 90 },
								"west": { "texture": "#skin", "uv": [ 9.0, 1.0, 10.0, 1.5 ], "rotation": 90, "windMode": [-1,-1,-1,-1], "windData": [0,0,1,1] },
								"up": { "texture": "#skin", "uv": [ 8.5, 0.5, 9.0, 1.0 ], "rotation": 90, "windMode": [-1,-1,-1,-1], "windData": [1,1,1,1] },
								"down": { "texture": "#skin", "uv": [ 10.0, 0.5, 10.5, 1.0 ], "rotation": 270, "windMode": [-1,-1,-1,-1] }
							},
							"children": [
								{
									"name": "tail-end",
									"from": [ -0.0687, -1.2375, 0.0344 ], 
									"to": [ 0.3438, 0.2063, 0.5844 ], 
									"unwrapMode": 3,
									"unwrapRotation": 1,
									"uv": [ 9.5, 1.5 ],
									"rotationOrigin": [ -0.0687, 0.1375, 0.275 ],
									"rotationZ": -22.0,
									"faces": {
										"north": { "texture": "#skin", "uv": [ 12.5, 2.0, 14.5, 2.5 ], "rotation": 270 },
										"east": { "texture": "#skin", "uv": [ 10.0, 1.5, 12.0, 2.0 ], "rotation": 90 },
										"south": { "texture": "#skin", "uv": [ 10.0, 2.0, 12.0, 2.5 ], "rotation": 90 },
										"west": { "texture": "#skin", "uv": [ 10.0, 2.5, 12.0, 3.0 ], "rotation": 90 },
										"up": { "texture": "#skin", "uv": [ 9.5, 2.0, 10.0, 2.5 ], "rotation": 90, "windMode": [-1,-1,-1,-1], "windData": [1,1,1,1] },
										"down": { "texture": "#skin", "uv": [ 12.0, 2.0, 12.5, 2.5 ], "rotation": 270 }
									}
								}
							]
						},
						{
							"name": "R back Thigh",
							"from": [ 1.4438, -0.1375, -0.3437 ], 
							"to": [ 3.9188, 2.8187, 0.6188 ], 
							"unwrapMode": 1,
							"uv": [ 17.0, 6.0 ],
							"rotationOrigin": [ 2.4063, 1.9938, 0.0688 ],
							"rotationX": -3.0,
							"rotationZ": -23.0,
							"faces": {
								"north": { "texture": "#skin", "uv": [ 18.5, 7.5, 22.0, 12.0 ] },
								"east": { "texture": "#skin", "uv": [ 17.0, 7.5, 18.5, 12.0 ] },
								"south": { "texture": "#skin", "uv": [ 23.5, 7.5, 27.0, 12.0 ] },
								"west": { "texture": "#skin", "uv": [ 22.0, 7.5, 23.5, 12.0 ] },
								"up": { "texture": "#skin", "uv": [ 18.5, 6.0, 22.0, 7.5 ], "rotation": 180 },
								"down": { "texture": "#skin", "uv": [ 18.5, 12.0, 22.0, 13.5 ] }
							},
							"children": [
								{
									"name": "R back Upper Arm",
									"from": [ 0.1375, -2.475, 0.0688 ], 
									"to": [ 1.1, 0.275, 0.825 ], 
									"unwrapMode": 1,
									"uv": [ 17.0, 0.0 ],
									"rotationOrigin": [ 0.6188, 0.275, 0.4813 ],
									"rotationX": -1.0,
									"rotationZ": 73.0,
									"faces": {
										"north": { "texture": "#skin", "uv": [ 18.0, 1.0, 19.5, 5.0 ] },
										"east": { "texture": "#skin", "uv": [ 17.0, 1.0, 18.0, 5.0 ] },
										"south": { "texture": "#skin", "uv": [ 20.5, 1.0, 22.0, 5.0 ] },
										"west": { "texture": "#skin", "uv": [ 19.5, 1.0, 20.5, 5.0 ] },
										"up": { "texture": "#skin", "uv": [ 18.0, 0.0, 19.5, 1.0 ], "rotation": 180 },
										"down": { "texture": "#skin", "uv": [ 18.0, 5.0, 19.5, 6.0 ] }
									},
									"children": [
										{
											"name": "R back lower arm",
											"from": [ 0.1375, -2.8187, 0.1375 ], 
											"to": [ 0.6875, 0.4813, 0.6188 ], 
											"unwrapMode": 1,
											"uv": [ 17.5, 20.0 ],
											"rotationOrigin": [ 0.4813, 0.4813, 0.4125 ],
											"rotationX": 4.0,
											"rotationZ": -60.0,
											"faces": {
												"north": { "texture": "#skin", "uv": [ 18.0, 20.5, 18.5, 25.5 ] },
												"east": { "texture": "#skin", "uv": [ 17.5, 20.5, 18.0, 25.5 ] },
												"south": { "texture": "#skin", "uv": [ 19.0, 20.5, 19.5, 25.5 ] },
												"west": { "texture": "#skin", "uv": [ 18.5, 20.5, 19.0, 25.5 ] },
												"up": { "texture": "#skin", "uv": [ 18.0, 20.0, 18.5, 20.5 ], "rotation": 180 },
												"down": { "texture": "#skin", "uv": [ 18.0, 25.5, 18.5, 26.0 ] }
											},
											"children": [
												{
													"name": "R back pastern",
													"from": [ 0.0344, -0.55, 0.0 ], 
													"to": [ 0.5156, 0.6875, 0.4813 ], 
													"unwrapMode": 1,
													"uv": [ 0.0, 20.33 ],
													"rotationOrigin": [ 0.3438, 0.6188, 0.2063 ],
													"rotationZ": -10.0,
													"faces": {
														"north": { "texture": "#skin", "uv": [ 0.5, 21.0, 1.0, 22.5 ] },
														"east": { "texture": "#skin", "uv": [ 0.0, 21.0, 0.5, 22.5 ] },
														"south": { "texture": "#skin", "uv": [ 1.5, 21.0, 2.0, 22.5 ] },
														"west": { "texture": "#skin", "uv": [ 1.0, 21.0, 1.5, 22.5 ] },
														"up": { "texture": "#skin", "uv": [ 0.5, 20.5, 1.0, 21.0 ], "rotation": 180 },
														"down": { "texture": "#skin", "uv": [ 0.5, 22.5, 1.0, 23.0 ] }
													},
													"children": [
														{
															"name": "R origin hind hoof",
															"from": [ 0.275, 0.3438, 0.2406 ], 
															"to": [ 0.275, 0.3438, 0.2406 ], 
															"uv": [ 0.0, 0.0 ],
															"rotationOrigin": [ 0.275, 0.3438, 0.275 ],
															"faces": {
																"north": { "texture": "#skin", "uv": [ 0.0, 0.5, 0.396, 0.896 ], "enabled": false },
																"east": { "texture": "#skin", "uv": [ 0.5, 0.5, 0.896, 0.896 ], "enabled": false },
																"south": { "texture": "#skin", "uv": [ 1.0, 0.5, 1.396, 0.896 ], "enabled": false },
																"west": { "texture": "#skin", "uv": [ 1.5, 0.5, 1.896, 0.896 ], "enabled": false },
																"up": { "texture": "#skin", "uv": [ 0.0, 0.0, 0.396, 0.396 ], "enabled": false },
																"down": { "texture": "#skin", "uv": [ 0.5, 0.0, 0.896, 0.396 ], "enabled": false }
															},
															"children": [
																{
																	"name": "R hind hoof 1",
																	"from": [ -0.7562, -0.1375, -0.2062 ], 
																	"to": [ -0.2063, 0.0688, 0.2063 ], 
																	"unwrapMode": 4,
																	"uv": [ 3.5, 28.0 ],
																	"rotationOrigin": [ -0.0687, 0.0, 0.1375 ],
																	"rotationZ": 55.0,
																	"faces": {
																		"north": { "texture": "#skin", "uv": [ 3.5, 28.5, 4.0, 29.0 ] },
																		"east": { "texture": "#skin", "uv": [ 5.0, 28.5, 5.5, 29.0 ] },
																		"south": { "texture": "#skin", "uv": [ 4.5, 28.5, 5.0, 29.0 ] },
																		"west": { "texture": "#skin", "uv": [ 4.0, 28.5, 4.5, 29.0 ] },
																		"up": { "texture": "#skin", "uv": [ 4.0, 28.0, 4.5, 28.5 ], "rotation": 90 },
																		"down": { "texture": "#skin", "uv": [ 4.0, 29.0, 4.5, 29.5 ], "rotation": 90 }
																	}
																},
																{
																	"name": "R hind hoof 2",
																	"from": [ -0.55, -0.4125, -0.2062 ], 
																	"to": [ 0.1375, -0.2062, 0.2063 ], 
																	"unwrapMode": 4,
																	"uv": [ 4.5, 27.0 ],
																	"rotationOrigin": [ 0.0688, -0.1375, 0.0688 ],
																	"rotationZ": 27.0,
																	"faces": {
																		"north": { "texture": "#skin", "uv": [ 4.5, 28.0, 5.5, 28.5 ] },
																		"east": { "texture": "#skin", "uv": [ 7.0, 28.0, 7.5, 28.5 ] },
																		"south": { "texture": "#skin", "uv": [ 6.0, 28.0, 7.0, 28.5 ] },
																		"west": { "texture": "#skin", "uv": [ 5.5, 28.0, 6.0, 28.5 ] },
																		"up": { "texture": "#skin", "uv": [ 5.5, 27.0, 6.0, 28.0 ], "rotation": 90 },
																		"down": { "texture": "#skin", "uv": [ 5.5, 28.5, 6.0, 29.5 ], "rotation": 90 }
																	}
																}
															]
														}
													]
												}
											]
										}
									]
								}
							]
						}
					]
				},
				{
					"name": "L front Thigh",
					"from": [ 0.3438, 0.0, 1.5812 ], 
					"to": [ 1.7188, 2.3375, 2.3375 ], 
					"unwrapMode": 3,
					"uv": [ 24.0, 22.0 ],
					"rotationOrigin": [ 1.1, 1.4438, 2.0625 ],
					"rotationX": 3.0,
					"rotationZ": 1.0,
					"faces": {
						"north": { "texture": "#skin", "uv": [ 28.0, 23.0, 30.0, 26.5 ] },
						"east": { "texture": "#skin", "uv": [ 27.0, 23.0, 28.0, 26.5 ] },
						"south": { "texture": "#skin", "uv": [ 25.0, 23.0, 27.0, 26.5 ] },
						"west": { "texture": "#skin", "uv": [ 24.0, 23.0, 25.0, 26.5 ] },
						"up": { "texture": "#skin", "uv": [ 25.0, 22.0, 27.0, 23.0 ], "windMode": [-1,-1,-1,-1] },
						"down": { "texture": "#skin", "uv": [ 25.0, 26.5, 27.0, 27.5 ], "rotation": 180 }
					},
					"children": [
						{
							"name": "L front Upper Arm",
							"from": [ 0.2063, -1.65, 0.1375 ], 
							"to": [ 0.825, 0.4813, 0.6875 ], 
							"unwrapMode": 3,
							"uv": [ 9.0, 20.5 ],
							"rotationOrigin": [ 0.6875, 0.2063, 0.275 ],
							"rotationX": 1.0,
							"rotationZ": -53.0,
							"faces": {
								"north": { "texture": "#skin", "uv": [ 10.5, 21.0, 11.0, 24.0 ] },
								"east": { "texture": "#skin", "uv": [ 10.0, 21.0, 10.5, 24.0 ] },
								"south": { "texture": "#skin", "uv": [ 9.5, 21.0, 10.0, 24.0 ] },
								"west": { "texture": "#skin", "uv": [ 9.0, 21.0, 9.5, 24.0 ] },
								"up": { "texture": "#skin", "uv": [ 9.5, 20.5, 10.0, 21.0 ] },
								"down": { "texture": "#skin", "uv": [ 9.5, 24.0, 10.0, 24.5 ], "rotation": 180 }
							},
							"children": [
								{
									"name": "L front lower arm",
									"from": [ 0.1313, -1.925, 0.0344 ], 
									"to": [ 0.6125, 0.55, 0.5156 ], 
									"unwrapMode": 3,
									"uv": [ 13.0, 20.5 ],
									"rotationOrigin": [ 0.5438, 0.2063, 0.275 ],
									"rotationX": -3.0,
									"rotationZ": 28.0,
									"faces": {
										"north": { "texture": "#skin", "uv": [ 14.5, 21.0, 15.0, 24.5 ] },
										"east": { "texture": "#skin", "uv": [ 14.0, 21.0, 14.5, 24.5 ] },
										"south": { "texture": "#skin", "uv": [ 13.5, 21.0, 14.0, 24.5 ] },
										"west": { "texture": "#skin", "uv": [ 13.0, 21.0, 13.5, 24.5 ] },
										"up": { "texture": "#skin", "uv": [ 13.5, 20.5, 14.0, 21.0 ] },
										"down": { "texture": "#skin", "uv": [ 13.5, 24.5, 14.0, 25.0 ], "rotation": 180 }
									},
									"children": [
										{
											"name": "L front pastern",
											"from": [ 0.0625, -0.95, 0.0 ], 
											"to": [ 0.5438, 0.2875, 0.4813 ], 
											"unwrapMode": 3,
											"uv": [ 0.0, 23.5 ],
											"rotationOrigin": [ 0.0625, 0.15, 0.2063 ],
											"rotationX": -1.0,
											"rotationZ": 22.0,
											"faces": {
												"north": { "texture": "#skin", "uv": [ 1.5, 24.0, 2.0, 25.5 ] },
												"east": { "texture": "#skin", "uv": [ 1.0, 24.0, 1.5, 25.5 ] },
												"south": { "texture": "#skin", "uv": [ 0.5, 24.0, 1.0, 25.5 ] },
												"west": { "texture": "#skin", "uv": [ 0.0, 24.0, 0.5, 25.5 ] },
												"up": { "texture": "#skin", "uv": [ 0.5, 23.5, 1.0, 24.0 ] },
												"down": { "texture": "#skin", "uv": [ 0.5, 25.5, 1.0, 26.0 ], "rotation": 180 }
											},
											"children": [
												{
													"name": "L origin hoof",
													"from": [ 0.2063, 0.3438, 0.2406 ], 
													"to": [ 0.2063, 0.3438, 0.2406 ], 
													"uv": [ 0.0, 0.0 ],
													"rotationOrigin": [ 0.2063, 0.3438, 0.275 ],
													"rotationZ": 25.0,
													"faces": {
														"north": { "texture": "#skin", "uv": [ 0.0, 0.5, 0.396, 0.896 ], "enabled": false },
														"east": { "texture": "#skin", "uv": [ 0.5, 0.5, 0.896, 0.896 ], "enabled": false },
														"south": { "texture": "#skin", "uv": [ 1.0, 0.5, 1.396, 0.896 ], "enabled": false },
														"west": { "texture": "#skin", "uv": [ 1.5, 0.5, 1.896, 0.896 ], "enabled": false },
														"up": { "texture": "#skin", "uv": [ 0.0, 0.0, 0.396, 0.396 ], "enabled": false },
														"down": { "texture": "#skin", "uv": [ 0.5, 0.0, 0.896, 0.396 ], "enabled": false }
													},
													"children": [
														{
															"name": "L front hoof 1",
															"from": [ -0.7562, -0.1375, -0.2062 ], 
															"to": [ -0.2063, 0.0688, 0.2063 ], 
															"unwrapMode": 4,
															"uv": [ 4.0, 29.0 ],
															"rotationOrigin": [ -0.0687, 0.0, 0.1375 ],
															"rotationZ": 55.0,
															"faces": {
																"north": { "texture": "#skin", "uv": [ 4.0, 29.5, 4.5, 30.0 ] },
																"east": { "texture": "#skin", "uv": [ 5.5, 29.5, 6.0, 30.0 ] },
																"south": { "texture": "#skin", "uv": [ 5.0, 29.5, 5.5, 30.0 ] },
																"west": { "texture": "#skin", "uv": [ 4.5, 29.5, 5.0, 30.0 ] },
																"up": { "texture": "#skin", "uv": [ 4.5, 29.0, 5.0, 29.5 ], "rotation": 90 },
																"down": { "texture": "#skin", "uv": [ 4.5, 30.0, 5.0, 30.5 ], "rotation": 90 }
															}
														},
														{
															"name": "L front hoof 2",
															"from": [ -0.55, -0.4125, -0.2062 ], 
															"to": [ 0.1375, -0.2062, 0.2063 ], 
															"unwrapMode": 4,
															"uv": [ 6.5, 27.5 ],
															"rotationOrigin": [ 0.0688, -0.1375, 0.0688 ],
															"rotationZ": 27.0,
															"faces": {
																"north": { "texture": "#skin", "uv": [ 6.5, 28.5, 7.5, 29.0 ] },
																"east": { "texture": "#skin", "uv": [ 9.0, 28.5, 9.5, 29.0 ] },
																"south": { "texture": "#skin", "uv": [ 8.0, 28.5, 9.0, 29.0 ] },
																"west": { "texture": "#skin", "uv": [ 7.5, 28.5, 8.0, 29.0 ] },
																"up": { "texture": "#skin", "uv": [ 7.5, 27.5, 8.0, 28.5 ], "rotation": 90 },
																"down": { "texture": "#skin", "uv": [ 7.5, 29.0, 8.0, 30.0 ], "rotation": 90 }
															}
														}
													]
												}
											]
										}
									]
								}
							]
						}
					]
				},
				{
					"name": "R front Thigh",
					"from": [ 0.3438, 0.0688, -0.275 ], 
					"to": [ 1.7188, 2.4063, 0.4813 ], 
					"unwrapMode": 1,
					"uv": [ 26.0, 26.5 ],
					"rotationOrigin": [ 1.1, 1.5125, 0.0 ],
					"rotationX": -3.0,
					"rotationZ": 1.0,
					"faces": {
						"north": { "texture": "#skin", "uv": [ 27.0, 27.5, 29.0, 31.0 ] },
						"east": { "texture": "#skin", "uv": [ 26.0, 27.5, 27.0, 31.0 ] },
						"south": { "texture": "#skin", "uv": [ 30.0, 27.5, 32.0, 31.0 ] },
						"west": { "texture": "#skin", "uv": [ 29.0, 27.5, 30.0, 31.0 ] },
						"up": { "texture": "#skin", "uv": [ 27.0, 26.5, 29.0, 27.5 ], "rotation": 180 },
						"down": { "texture": "#skin", "uv": [ 27.0, 31.0, 29.0, 32.0 ] }
					},
					"children": [
						{
							"name": "R front Upper Arm",
							"from": [ 0.2063, -1.65, 0.0688 ], 
							"to": [ 0.825, 0.4813, 0.6188 ], 
							"unwrapMode": 1,
							"uv": [ 11.0, 20.5 ],
							"rotationOrigin": [ 0.6875, 0.2063, 0.4813 ],
							"rotationX": -1.0,
							"rotationZ": -8.0,
							"faces": {
								"north": { "texture": "#skin", "uv": [ 11.5, 21.0, 12.0, 24.0 ] },
								"east": { "texture": "#skin", "uv": [ 11.0, 21.0, 11.5, 24.0 ] },
								"south": { "texture": "#skin", "uv": [ 12.5, 21.0, 13.0, 24.0 ] },
								"west": { "texture": "#skin", "uv": [ 12.0, 21.0, 12.5, 24.0 ] },
								"up": { "texture": "#skin", "uv": [ 11.5, 20.5, 12.0, 21.0 ], "rotation": 180 },
								"down": { "texture": "#skin", "uv": [ 11.5, 24.0, 12.0, 24.5 ] }
							},
							"children": [
								{
									"name": "R front lower arm",
									"from": [ 0.0688, -1.925, 0.0344 ], 
									"to": [ 0.55, 0.55, 0.5156 ], 
									"unwrapMode": 1,
									"uv": [ 15.0, 20.5 ],
									"rotationOrigin": [ 0.4813, 0.2063, 0.4125 ],
									"rotationX": 3.0,
									"rotationZ": -4.0,
									"faces": {
										"north": { "texture": "#skin", "uv": [ 15.5, 21.0, 16.0, 24.5 ] },
										"east": { "texture": "#skin", "uv": [ 15.0, 21.0, 15.5, 24.5 ] },
										"south": { "texture": "#skin", "uv": [ 16.5, 21.0, 17.0, 24.5 ] },
										"west": { "texture": "#skin", "uv": [ 16.0, 21.0, 16.5, 24.5 ] },
										"up": { "texture": "#skin", "uv": [ 15.5, 20.5, 16.0, 21.0 ], "rotation": 180 },
										"down": { "texture": "#skin", "uv": [ 15.5, 24.5, 16.0, 25.0 ] }
									},
									"children": [
										{
											"name": "R front pastern",
											"from": [ 0.0, -0.825, 0.0 ], 
											"to": [ 0.4813, 0.4125, 0.4813 ], 
											"unwrapMode": 1,
											"uv": [ 2.0, 24.0 ],
											"rotationOrigin": [ 0.0, 0.275, 0.2063 ],
											"rotationX": -1.0,
											"rotationZ": -10.0,
											"faces": {
												"north": { "texture": "#skin", "uv": [ 2.5, 24.5, 3.0, 26.0 ] },
												"east": { "texture": "#skin", "uv": [ 2.0, 24.5, 2.5, 26.0 ] },
												"south": { "texture": "#skin", "uv": [ 3.5, 24.5, 4.0, 26.0 ] },
												"west": { "texture": "#skin", "uv": [ 3.0, 24.5, 3.5, 26.0 ] },
												"up": { "texture": "#skin", "uv": [ 2.5, 24.0, 3.0, 24.5 ], "rotation": 180 },
												"down": { "texture": "#skin", "uv": [ 2.5, 26.0, 3.0, 26.5 ] }
											},
											"children": [
												{
													"name": "R origin hoof",
													"from": [ 0.2063, 0.3438, 0.2406 ], 
													"to": [ 0.2063, 0.3438, 0.2406 ], 
													"uv": [ 0.0, 0.0 ],
													"rotationOrigin": [ 0.2063, 0.3438, 0.275 ],
													"faces": {
														"north": { "texture": "#skin", "uv": [ 0.0, 0.5, 0.396, 0.896 ], "enabled": false },
														"east": { "texture": "#skin", "uv": [ 0.5, 0.5, 0.896, 0.896 ], "enabled": false },
														"south": { "texture": "#skin", "uv": [ 1.0, 0.5, 1.396, 0.896 ], "enabled": false },
														"west": { "texture": "#skin", "uv": [ 1.5, 0.5, 1.896, 0.896 ], "enabled": false },
														"up": { "texture": "#skin", "uv": [ 0.0, 0.0, 0.396, 0.396 ], "enabled": false },
														"down": { "texture": "#skin", "uv": [ 0.5, 0.0, 0.896, 0.396 ], "enabled": false }
													},
													"children": [
														{
															"name": "R front hoof 1",
															"from": [ -0.7562, -0.1375, -0.2062 ], 
															"to": [ -0.2063, 0.0688, 0.2063 ], 
															"unwrapMode": 4,
															"uv": [ 4.5, 30.0 ],
															"rotationOrigin": [ -0.0687, 0.0, 0.1375 ],
															"rotationZ": 55.0,
															"faces": {
																"north": { "texture": "#skin", "uv": [ 4.5, 30.5, 5.0, 31.0 ] },
																"east": { "texture": "#skin", "uv": [ 6.0, 30.5, 6.5, 31.0 ] },
																"south": { "texture": "#skin", "uv": [ 5.5, 30.5, 6.0, 31.0 ] },
																"west": { "texture": "#skin", "uv": [ 5.0, 30.5, 5.5, 31.0 ] },
																"up": { "texture": "#skin", "uv": [ 5.0, 30.0, 5.5, 30.5 ], "rotation": 90 },
																"down": { "texture": "#skin", "uv": [ 5.0, 31.0, 5.5, 31.5 ], "rotation": 90 }
															}
														},
														{
															"name": "R front hoof 2",
															"from": [ -0.55, -0.4125, -0.2062 ], 
															"to": [ 0.1375, -0.2062, 0.2063 ], 
															"unwrapMode": 4,
															"uv": [ 7.0, 29.0 ],
															"rotationOrigin": [ 0.0688, -0.1375, 0.0688 ],
															"rotationZ": 27.0,
															"faces": {
																"north": { "texture": "#skin", "uv": [ 7.0, 30.0, 8.0, 30.5 ] },
																"east": { "texture": "#skin", "uv": [ 9.5, 30.0, 10.0, 30.5 ] },
																"south": { "texture": "#skin", "uv": [ 8.5, 30.0, 9.5, 30.5 ] },
																"west": { "texture": "#skin", "uv": [ 8.0, 30.0, 8.5, 30.5 ] },
																"up": { "texture": "#skin", "uv": [ 8.0, 29.0, 8.5, 30.0 ], "rotation": 90 },
																"down": { "texture": "#skin", "uv": [ 8.0, 30.5, 8.5, 31.5 ], "rotation": 90 }
															}
														}
													]
												}
											]
										}
									]
								}
							]
						}
					]
				}
			],
			"attachmentpoints": [
				{
					"code": "Center",
					"posX": "9.0","posY": "4.0","posZ": "5.0",
					"rotationX": "0.0","rotationY": "0.0","rotationZ": "0.0"
				}
			]
		}
	]}