{
	"editor": {
		"allAngles": true,
		"entityTextureMode": true
	},
	"textureWidth": 16,
	"textureHeight": 32,
	"textureSizes": {
		"skin": [16,32]
	},
	"textures": {
	},
	"elements": [
		{
			"name": "Body",
			"from": [ 6.88, 3.2522, 7.25 ], 
			"to": [ 8.7274, 4.8162, 8.4644 ], 
			"unwrapMode": 3,
			"unwrapRotation": 1,
			"uv": [ 0.0, 0.0 ],
			"rotationOrigin": [ 9.1842, 4.3056, 7.98 ],
			"rotationZ": 8.0,
			"faces": {
				"north": { "texture": "#skin", "uv": [ 8.0, 2.5, 11.0, 6.5 ], "rotation": 270 },
				"east": { "texture": "#skin", "uv": [ 2.5, 0.0, 5.5, 2.5 ], "rotation": 90 },
				"south": { "texture": "#skin", "uv": [ 2.5, 2.5, 5.5, 6.5 ], "rotation": 90 },
				"west": { "texture": "#skin", "uv": [ 2.5, 6.5, 5.5, 9.0 ], "rotation": 90 },
				"up": { "texture": "#skin", "uv": [ 0.0, 2.5, 2.5, 6.5 ], "rotation": 90 },
				"down": { "texture": "#skin", "uv": [ 5.5, 2.5, 8.0, 6.5 ], "rotation": 270 }
			},
			"children": [
				{
					"name": "neck",
					"from": [ -0.2024, 0.6716, 0.2429 ], 
					"to": [ 0.7286, 1.7094, 0.9715 ], 
					"unwrapMode": 3,
					"unwrapRotation": 1,
					"uv": [ 2.0, 18.0 ],
					"rotationOrigin": [ 0.8096, 0.6734, 0.6072 ],
					"rotationY": -14.0,
					"rotationZ": 37.0,
					"faces": {
						"north": { "texture": "#skin", "uv": [ 5.5, 19.5, 7.5, 21.5 ], "rotation": 270, "windMode": [-1,-1,-1,-1], "windData": [0,0,1,0] },
						"east": { "texture": "#skin", "uv": [ 3.5, 18.0, 5.5, 19.5 ], "rotation": 90, "windMode": [-1,-1,-1,-1], "windData": [1,0,0,1] },
						"south": { "texture": "#skin", "uv": [ 3.5, 19.5, 5.5, 21.5 ], "rotation": 90 },
						"west": { "texture": "#skin", "uv": [ 3.5, 21.5, 5.5, 23.0 ], "rotation": 90 },
						"up": { "texture": "#skin", "uv": [ 2.0, 19.5, 3.5, 21.5 ], "rotation": 90 },
						"down": { "texture": "#skin", "uv": [ 5.5, 19.5, 7.0, 21.5 ], "rotation": 270, "enabled": false, "windMode": [-1,-1,-1,-1], "windData": [0,1,1,0] }
					},
					"children": [
						{
							"name": "neck2",
							"from": [ 0.1214, 0.4324, 0.0405 ], 
							"to": [ 0.8906, 1.8087, 0.6882 ], 
							"unwrapMode": 3,
							"uv": [ 0.0, 24.0 ],
							"rotationOrigin": [ 0.8906, 0.8758, 0.4048 ],
							"rotationX": -6.0,
							"rotationZ": -25.0,
							"faces": {
								"north": { "texture": "#skin", "uv": [ 3.5, 25.0, 5.0, 27.5 ], "windMode": [-1,-1,-1,-1], "windData": [1,1,1,1] },
								"east": { "texture": "#skin", "uv": [ 2.5, 25.0, 3.5, 27.5 ], "windMode": [-1,-1,-1,-1], "windData": [1,1,1,1] },
								"south": { "texture": "#skin", "uv": [ 1.0, 25.0, 2.5, 27.5 ], "windMode": [-1,-1,-1,-1], "windData": [1,1,1,1] },
								"west": { "texture": "#skin", "uv": [ 0.0, 25.0, 1.0, 27.5 ], "windMode": [-1,-1,-1,-1], "windData": [1,1,1,1] },
								"up": { "texture": "#skin", "uv": [ 1.0, 24.0, 2.5, 25.0 ], "windMode": [-1,-1,-1,-1], "windData": [1,1,1,1] },
								"down": { "texture": "#skin", "uv": [ 1.0, 27.5, 2.5, 28.5 ], "rotation": 180, "enabled": false, "windMode": [-1,-1,-1,-1], "windData": [1,1,1,1] }
							},
							"children": [
								{
									"name": "head",
									"from": [ 0.2024, 0.4453, -0.0405 ], 
									"to": [ 0.8096, 1.3763, 0.6882 ], 
									"unwrapMode": 4,
									"uv": [ 5.5, 6.5 ],
									"rotationOrigin": [ 0.8096, 1.3763, 0.3238 ],
									"rotationY": -8.0,
									"rotationZ": -60.0,
									"faces": {
										"north": { "texture": "#skin", "uv": [ 5.5, 7.5, 6.5, 9.5 ] },
										"east": { "texture": "#skin", "uv": [ 9.0, 7.5, 10.5, 9.5 ] },
										"south": { "texture": "#skin", "uv": [ 8.0, 7.5, 9.0, 9.5 ] },
										"west": { "texture": "#skin", "uv": [ 6.5, 7.5, 8.0, 9.5 ] },
										"up": { "texture": "#skin", "uv": [ 6.5, 6.5, 8.0, 7.5 ], "rotation": 90 },
										"down": { "texture": "#skin", "uv": [ 6.5, 9.5, 8.0, 10.5 ], "rotation": 90 }
									},
									"children": [
										{
											"name": "mouth up",
											"from": [ -0.4968, 0.0405, 0.1619 ], 
											"to": [ 0.2447, 0.2024, 0.5667 ], 
											"unwrapMode": 5,
											"unwrapRotation": 1,
											"uv": [ 0.0, 0.0 ],
											"rotationOrigin": [ 0.2024, 0.2024, 0.3643 ],
											"rotationZ": 55.0,
											"faces": {
												"north": { "texture": "#skin", "uv": [ 0.0, 0.0, 0.5, 1.5 ], "rotation": 270 },
												"east": { "texture": "#skin", "uv": [ 0.5, 0.0, 1.0, 0.5 ], "rotation": 180, "enabled": false },
												"south": { "texture": "#skin", "uv": [ 1.0, 0.0, 1.5, 1.5 ], "rotation": 90 },
												"west": { "texture": "#skin", "uv": [ 0.5, 1.5, 1.0, 2.0 ] },
												"up": { "texture": "#skin", "uv": [ 0.5, 0.0, 1.0, 1.5 ], "rotation": 90 },
												"down": { "texture": "#skin", "uv": [ 1.5, 0.0, 2.0, 1.5 ], "rotation": 270 }
											},
											"children": [
												{
													"name": "nose",
													"from": [ -0.081, 0.0405, -0.0023 ], 
													"to": [ 0.2024, 0.2834, 0.403 ], 
													"unwrapMode": 4,
													"uv": [ 0.0, 9.5 ],
													"rotationOrigin": [ -0.081, 0.2834, 0.1214 ],
													"rotationZ": 14.0,
													"faces": {
														"north": { "texture": "#skin", "uv": [ 0.0, 10.0, 0.5, 10.5 ], "windMode": [-1,-1,-1,-1], "windData": [1,1,1,1] },
														"east": { "texture": "#skin", "uv": [ 1.5, 10.0, 2.0, 10.5 ], "windMode": [-1,-1,-1,-1], "windData": [1,1,1,1] },
														"south": { "texture": "#skin", "uv": [ 1.0, 10.0, 1.5, 10.5 ], "windMode": [-1,-1,-1,-1], "windData": [1,1,1,1] },
														"west": { "texture": "#skin", "uv": [ 0.5, 10.0, 1.0, 10.5 ], "windMode": [-1,-1,-1,-1], "windData": [1,1,1,1] },
														"up": { "texture": "#skin", "uv": [ 0.5, 9.5, 1.0, 10.0 ], "rotation": 90, "windMode": [-1,-1,-1,-1], "windData": [1,1,1,1] },
														"down": { "texture": "#skin", "uv": [ 0.5, 10.5, 1.0, 11.0 ], "rotation": 90, "windMode": [-1,-1,-1,-1], "windData": [1,1,1,1] }
													}
												},
												{
													"name": "nose bridge",
													"from": [ 0.2834, 0.0, 0.0202 ], 
													"to": [ 1.2034, 0.3643, 0.3846 ], 
													"unwrapMode": 5,
													"unwrapRotation": 1,
													"uv": [ 1.0, 8.0 ],
													"rotationOrigin": [ 0.2834, 0.0, 0.1214 ],
													"rotationZ": 18.0,
													"faces": {
														"north": { "texture": "#skin", "uv": [ 1.0, 8.0, 1.5, 10.0 ], "rotation": 270 },
														"east": { "texture": "#skin", "uv": [ 1.5, 8.0, 2.0, 8.5 ], "rotation": 180, "enabled": false, "windMode": [-1,-1,-1,-1], "windData": [0,0,0,0] },
														"south": { "texture": "#skin", "uv": [ 2.0, 8.0, 2.5, 10.0 ], "rotation": 90 },
														"west": { "texture": "#skin", "uv": [ 1.5, 10.0, 2.0, 10.5 ], "enabled": false, "windMode": [-1,-1,-1,-1], "windData": [0,0,0,0] },
														"up": { "texture": "#skin", "uv": [ 1.5, 8.0, 2.0, 10.0 ], "rotation": 90 },
														"down": { "texture": "#skin", "uv": [ 2.5, 8.0, 3.0, 10.0 ], "rotation": 270, "enabled": false }
													}
												}
											]
										},
										{
											"name": "R ear",
											"from": [ 0.2024, 0.4858, -0.5667 ], 
											"to": [ 0.2834, 0.8906, 0.081 ], 
											"unwrapMode": 4,
											"uv": [ 8.0, 9.5 ],
											"rotationOrigin": [ 0.2834, 0.8096, 0.0405 ],
											"rotationX": 55.0,
											"rotationZ": 22.0,
											"faces": {
												"north": { "texture": "#skin", "uv": [ 8.0, 10.0, 8.5, 10.5 ] },
												"east": { "texture": "#skin", "uv": [ 10.0, 10.0, 11.0, 10.5 ] },
												"south": { "texture": "#skin", "uv": [ 9.5, 10.0, 10.0, 10.5 ], "windMode": [-1,-1,-1,-1], "windData": [0,0,0,0] },
												"west": { "texture": "#skin", "uv": [ 8.5, 10.0, 9.5, 10.5 ] },
												"up": { "texture": "#skin", "uv": [ 8.5, 9.5, 9.5, 10.0 ], "rotation": 90 },
												"down": { "texture": "#skin", "uv": [ 8.5, 10.5, 9.5, 11.0 ], "rotation": 90 }
											}
										},
										{
											"name": "L ear",
											"from": [ 0.2024, 0.4858, 0.6882 ], 
											"to": [ 0.2834, 0.8906, 1.3358 ], 
											"unwrapMode": 4,
											"uv": [ 7.5, 0.0 ],
											"rotationOrigin": [ 0.2834, 0.8096, 0.6882 ],
											"rotationX": -55.0,
											"rotationZ": 22.0,
											"faces": {
												"north": { "texture": "#skin", "uv": [ 7.5, 0.5, 8.0, 1.0 ], "windMode": [-1,-1,-1,-1] },
												"east": { "texture": "#skin", "uv": [ 9.5, 0.5, 10.5, 1.0 ] },
												"south": { "texture": "#skin", "uv": [ 9.0, 0.5, 9.5, 1.0 ], "windMode": [-1,-1,-1,-1] },
												"west": { "texture": "#skin", "uv": [ 8.0, 0.5, 9.0, 1.0 ] },
												"up": { "texture": "#skin", "uv": [ 8.0, 0.0, 9.0, 0.5 ], "rotation": 90 },
												"down": { "texture": "#skin", "uv": [ 8.0, 1.0, 9.0, 1.5 ], "rotation": 90 }
											}
										},
										{
											"name": "jaw",
											"from": [ -0.2576, 0.0, 0.2024 ], 
											"to": [ 0.5244, 0.1417, 0.5262 ], 
											"unwrapMode": 5,
											"unwrapRotation": 1,
											"uv": [ 0.0, 6.5 ],
											"rotationOrigin": [ 0.4048, 0.1214, 0.4048 ],
											"rotationZ": 48.0,
											"faces": {
												"north": { "texture": "#skin", "uv": [ 0.0, 6.5, 0.5, 8.0 ], "rotation": 270 },
												"east": { "texture": "#skin", "uv": [ 0.5, 6.5, 1.0, 7.0 ], "rotation": 180, "enabled": false },
												"south": { "texture": "#skin", "uv": [ 1.0, 6.5, 1.5, 8.0 ], "rotation": 90 },
												"west": { "texture": "#skin", "uv": [ 0.5, 8.0, 1.0, 8.5 ] },
												"up": { "texture": "#skin", "uv": [ 0.5, 6.5, 1.0, 8.0 ], "rotation": 90 },
												"down": { "texture": "#skin", "uv": [ 1.5, 6.5, 2.0, 8.0 ], "rotation": 270 }
											}
										}
									]
								}
							]
						}
					]
				},
				{
					"name": "abdomen",
					"from": [ 1.6468, 0.0, -0.0405 ], 
					"to": [ 3.5898, 1.564, 1.2549 ], 
					"unwrapMode": 3,
					"unwrapRotation": 1,
					"uv": [ 0.0, 9.0 ],
					"rotationOrigin": [ 1.645, 1.012, 0.6882 ],
					"rotationZ": -2.0,
					"faces": {
						"north": { "texture": "#skin", "uv": [ 8.0, 11.5, 11.0, 15.5 ], "rotation": 270 },
						"east": { "texture": "#skin", "uv": [ 2.5, 9.0, 5.5, 11.5 ], "rotation": 90 },
						"south": { "texture": "#skin", "uv": [ 2.5, 11.5, 5.5, 15.5 ], "rotation": 90 },
						"west": { "texture": "#skin", "uv": [ 2.5, 15.5, 5.5, 18.0 ], "rotation": 90 },
						"up": { "texture": "#skin", "uv": [ 0.0, 11.5, 2.5, 15.5 ], "rotation": 90 },
						"down": { "texture": "#skin", "uv": [ 5.5, 11.5, 8.0, 15.5 ], "rotation": 270 }
					},
					"children": [
						{
							"name": "L back Thigh",
							"from": [ 0.8501, -0.5428, 0.931 ], 
							"to": [ 1.8474, 1.1978, 1.4978 ], 
							"unwrapMode": 3,
							"uv": [ 6.5, 21.0 ],
							"rotationOrigin": [ 1.4168, 0.7139, 1.2144 ],
							"rotationX": 3.0,
							"rotationZ": -23.0,
							"faces": {
								"north": { "texture": "#skin", "uv": [ 10.5, 22.0, 12.5, 25.5 ] },
								"east": { "texture": "#skin", "uv": [ 9.5, 22.0, 10.5, 25.5 ] },
								"south": { "texture": "#skin", "uv": [ 7.5, 22.0, 9.5, 25.5 ] },
								"west": { "texture": "#skin", "uv": [ 6.5, 22.0, 7.5, 25.5 ] },
								"up": { "texture": "#skin", "uv": [ 7.5, 21.0, 9.5, 22.0 ], "windMode": [-1,-1,-1,-1], "windData": [0,0,1,1] },
								"down": { "texture": "#skin", "uv": [ 7.5, 25.5, 9.5, 26.5 ], "rotation": 180 }
							},
							"children": [
								{
									"name": "L back Upper Arm",
									"from": [ 0.081, -1.4573, 0.081 ], 
									"to": [ 0.6477, 0.1619, 0.5262 ], 
									"unwrapMode": 3,
									"uv": [ 12.5, 20.0 ],
									"rotationOrigin": [ 0.3643, 0.1619, 0.3238 ],
									"rotationX": 1.0,
									"rotationZ": 53.0,
									"faces": {
										"north": { "texture": "#skin", "uv": [ 14.5, 20.5, 15.5, 24.0 ] },
										"east": { "texture": "#skin", "uv": [ 14.0, 20.5, 14.5, 24.0 ] },
										"south": { "texture": "#skin", "uv": [ 13.0, 20.5, 14.0, 24.0 ] },
										"west": { "texture": "#skin", "uv": [ 12.5, 20.5, 13.0, 24.0 ] },
										"up": { "texture": "#skin", "uv": [ 13.0, 20.0, 14.0, 20.5 ] },
										"down": { "texture": "#skin", "uv": [ 13.0, 24.0, 14.0, 24.5 ], "rotation": 180 }
									},
									"children": [
										{
											"name": "L back lower arm",
											"from": [ 0.081, -1.7002, 0.081 ], 
											"to": [ 0.4048, 0.2429, 0.3643 ], 
											"unwrapMode": 3,
											"uv": [ 14.0, 0.0 ],
											"rotationOrigin": [ 0.2834, 0.2429, 0.2429 ],
											"rotationX": -4.0,
											"rotationZ": -64.0,
											"faces": {
												"north": { "texture": "#skin", "uv": [ 15.5, 0.5, 16.0, 4.5 ] },
												"east": { "texture": "#skin", "uv": [ 15.0, 0.5, 15.5, 4.5 ] },
												"south": { "texture": "#skin", "uv": [ 14.5, 0.5, 15.0, 4.5 ] },
												"west": { "texture": "#skin", "uv": [ 14.0, 0.5, 14.5, 4.5 ] },
												"up": { "texture": "#skin", "uv": [ 14.5, 0.0, 15.0, 0.5 ] },
												"down": { "texture": "#skin", "uv": [ 14.5, 4.5, 15.0, 5.0 ], "rotation": 180 }
											},
											"children": [
												{
													"name": "L back pastern",
													"from": [ 0.0202, -0.276, 0.0 ], 
													"to": [ 0.3036, 0.4526, 0.2834 ], 
													"unwrapMode": 3,
													"uv": [ 0.5, 17.5 ],
													"rotationOrigin": [ 0.2024, 0.4103, 0.1214 ],
													"rotationZ": -14.0,
													"faces": {
														"north": { "texture": "#skin", "uv": [ 2.0, 18.0, 2.5, 19.5 ] },
														"east": { "texture": "#skin", "uv": [ 1.5, 18.0, 2.0, 19.5 ] },
														"south": { "texture": "#skin", "uv": [ 1.0, 18.0, 1.5, 19.5 ] },
														"west": { "texture": "#skin", "uv": [ 0.5, 18.0, 1.0, 19.5 ] },
														"up": { "texture": "#skin", "uv": [ 1.0, 17.5, 1.5, 18.0 ] },
														"down": { "texture": "#skin", "uv": [ 1.0, 19.5, 1.5, 20.0 ], "rotation": 180 }
													},
													"children": [
														{
															"name": "L origin hind hoof",
															"from": [ 0.1619, 0.2024, 0.1417 ], 
															"to": [ 0.1619, 0.2024, 0.1417 ], 
															"uv": [ 0.0, 0.0 ],
															"rotationOrigin": [ 0.1619, 0.2024, 0.1619 ],
															"rotationZ": 14.0,
															"faces": {
																"north": { "texture": "#skin", "uv": [ 0.0, 0.5, 0.3168, 0.8168 ], "enabled": false },
																"east": { "texture": "#skin", "uv": [ 0.5, 0.5, 0.8168, 0.8168 ], "enabled": false },
																"south": { "texture": "#skin", "uv": [ 1.0, 0.5, 1.3168, 0.8168 ], "enabled": false },
																"west": { "texture": "#skin", "uv": [ 1.5, 0.5, 1.8168, 0.8168 ], "enabled": false },
																"up": { "texture": "#skin", "uv": [ 0.0, 0.0, 0.3168, 0.3168 ], "enabled": false },
																"down": { "texture": "#skin", "uv": [ 0.5, 0.0, 0.8168, 0.3168 ], "enabled": false }
															},
															"children": [
																{
																	"name": "L hind hoof 1",
																	"from": [ -0.4453, -0.081, -0.1214 ], 
																	"to": [ -0.1214, 0.0405, 0.1214 ], 
																	"unwrapMode": 4,
																	"uv": [ 8.5, 29.0 ],
																	"rotationOrigin": [ -0.0405, 0.0, 0.081 ],
																	"rotationZ": 55.0,
																	"faces": {
																		"north": { "texture": "#skin", "uv": [ 8.5, 29.5, 9.0, 30.0 ] },
																		"east": { "texture": "#skin", "uv": [ 10.0, 29.5, 10.5, 30.0 ] },
																		"south": { "texture": "#skin", "uv": [ 9.5, 29.5, 10.0, 30.0 ] },
																		"west": { "texture": "#skin", "uv": [ 9.0, 29.5, 9.5, 30.0 ] },
																		"up": { "texture": "#skin", "uv": [ 9.0, 29.0, 9.5, 29.5 ], "rotation": 90 },
																		"down": { "texture": "#skin", "uv": [ 9.0, 30.0, 9.5, 30.5 ], "rotation": 90 }
																	}
																},
																{
																	"name": "L hind hoof 2",
																	"from": [ -0.3238, -0.2429, -0.1214 ], 
																	"to": [ 0.081, -0.1214, 0.1214 ], 
																	"unwrapMode": 4,
																	"uv": [ 9.0, 30.0 ],
																	"rotationOrigin": [ 0.0405, -0.081, 0.0405 ],
																	"rotationZ": 27.0,
																	"faces": {
																		"north": { "texture": "#skin", "uv": [ 9.0, 30.5, 9.5, 31.0 ] },
																		"east": { "texture": "#skin", "uv": [ 10.5, 30.5, 11.0, 31.0 ] },
																		"south": { "texture": "#skin", "uv": [ 10.0, 30.5, 10.5, 31.0 ] },
																		"west": { "texture": "#skin", "uv": [ 9.5, 30.5, 10.0, 31.0 ] },
																		"up": { "texture": "#skin", "uv": [ 9.5, 30.0, 10.0, 30.5 ], "rotation": 90 },
																		"down": { "texture": "#skin", "uv": [ 9.5, 31.0, 10.0, 31.5 ], "rotation": 90 }
																	}
																}
															]
														}
													]
												}
											]
										}
									]
								}
							]
						},
						{
							"name": "tail",
							"from": [ 1.7406, 0.9982, 0.4655 ], 
							"to": [ 1.943, 1.403, 0.8298 ], 
							"unwrapMode": 3,
							"unwrapRotation": 1,
							"uv": [ 5.5, 0.0 ],
							"rotationOrigin": [ 1.7406, 1.4021, 0.6477 ],
							"rotationZ": 48.0,
							"faces": {
								"north": { "texture": "#skin", "uv": [ 7.0, 0.5, 7.5, 1.0 ], "rotation": 270, "windMode": [-1,-1,-1,-1], "windData": [0,1,1,0] },
								"east": { "texture": "#skin", "uv": [ 6.0, 0.0, 6.5, 0.5 ], "rotation": 90, "windMode": [-1,-1,-1,-1], "windData": [0,1,1,0] },
								"south": { "texture": "#skin", "uv": [ 6.0, 0.5, 6.5, 1.0 ], "rotation": 90 },
								"west": { "texture": "#skin", "uv": [ 6.0, 1.0, 6.5, 1.5 ], "rotation": 90, "windMode": [-1,-1,-1,-1], "windData": [0,0,1,1] },
								"up": { "texture": "#skin", "uv": [ 5.5, 0.5, 6.0, 1.0 ], "rotation": 90, "windMode": [-1,-1,-1,-1], "windData": [1,1,1,1] },
								"down": { "texture": "#skin", "uv": [ 6.5, 0.5, 7.0, 1.0 ], "rotation": 270, "windMode": [-1,-1,-1,-1] }
							},
							"children": [
								{
									"name": "tail-end",
									"from": [ 0.0, -0.6808, 0.0202 ], 
									"to": [ 0.2429, 0.1693, 0.3441 ], 
									"unwrapMode": 3,
									"unwrapRotation": 1,
									"uv": [ 6.0, 1.0 ],
									"rotationOrigin": [ 0.0055, 0.127, 0.1619 ],
									"rotationZ": -39.0,
									"faces": {
										"north": { "texture": "#skin", "uv": [ 8.5, 1.5, 10.0, 2.0 ], "rotation": 270 },
										"east": { "texture": "#skin", "uv": [ 6.5, 1.0, 8.0, 1.5 ], "rotation": 90 },
										"south": { "texture": "#skin", "uv": [ 6.5, 1.5, 8.0, 2.0 ], "rotation": 90 },
										"west": { "texture": "#skin", "uv": [ 6.5, 2.0, 8.0, 2.5 ], "rotation": 90 },
										"up": { "texture": "#skin", "uv": [ 6.0, 1.5, 6.5, 2.0 ], "rotation": 90, "windMode": [-1,-1,-1,-1], "windData": [1,1,1,1] },
										"down": { "texture": "#skin", "uv": [ 8.0, 1.5, 8.5, 2.0 ], "rotation": 270 }
									}
								}
							]
						},
						{
							"name": "R back Thigh",
							"from": [ 0.8501, -0.5428, -0.2024 ], 
							"to": [ 1.8474, 1.1978, 0.3643 ], 
							"unwrapMode": 1,
							"uv": [ 7.5, 15.5 ],
							"rotationOrigin": [ 1.4168, 0.7139, 0.0405 ],
							"rotationX": -3.0,
							"faces": {
								"north": { "texture": "#skin", "uv": [ 8.5, 16.5, 10.5, 20.0 ] },
								"east": { "texture": "#skin", "uv": [ 7.5, 16.5, 8.5, 20.0 ] },
								"south": { "texture": "#skin", "uv": [ 11.5, 16.5, 13.5, 20.0 ] },
								"west": { "texture": "#skin", "uv": [ 10.5, 16.5, 11.5, 20.0 ] },
								"up": { "texture": "#skin", "uv": [ 8.5, 15.5, 10.5, 16.5 ], "rotation": 180 },
								"down": { "texture": "#skin", "uv": [ 8.5, 20.0, 10.5, 21.0 ] }
							},
							"children": [
								{
									"name": "R back Upper Arm",
									"from": [ 0.081, -1.4573, 0.0405 ], 
									"to": [ 0.6477, 0.1619, 0.4858 ], 
									"unwrapMode": 1,
									"uv": [ 11.0, 0.0 ],
									"rotationOrigin": [ 0.3643, 0.1619, 0.2834 ],
									"rotationX": -1.0,
									"rotationZ": 56.0,
									"faces": {
										"north": { "texture": "#skin", "uv": [ 11.5, 0.5, 12.5, 4.0 ] },
										"east": { "texture": "#skin", "uv": [ 11.0, 0.5, 11.5, 4.0 ] },
										"south": { "texture": "#skin", "uv": [ 13.0, 0.5, 14.0, 4.0 ] },
										"west": { "texture": "#skin", "uv": [ 12.5, 0.5, 13.0, 4.0 ] },
										"up": { "texture": "#skin", "uv": [ 11.5, 0.0, 12.5, 0.5 ], "rotation": 180 },
										"down": { "texture": "#skin", "uv": [ 11.5, 4.0, 12.5, 4.5 ] }
									},
									"children": [
										{
											"name": "R back lower arm",
											"from": [ 0.081, -1.6597, 0.081 ], 
											"to": [ 0.4048, 0.2834, 0.3643 ], 
											"unwrapMode": 1,
											"uv": [ 12.5, 4.5 ],
											"rotationOrigin": [ 0.2834, 0.2834, 0.2429 ],
											"rotationX": 4.0,
											"rotationZ": -60.0,
											"faces": {
												"north": { "texture": "#skin", "uv": [ 13.0, 5.0, 13.5, 9.0 ] },
												"east": { "texture": "#skin", "uv": [ 12.5, 5.0, 13.0, 9.0 ] },
												"south": { "texture": "#skin", "uv": [ 14.0, 5.0, 14.5, 9.0 ] },
												"west": { "texture": "#skin", "uv": [ 13.5, 5.0, 14.0, 9.0 ] },
												"up": { "texture": "#skin", "uv": [ 13.0, 4.5, 13.5, 5.0 ], "rotation": 180 },
												"down": { "texture": "#skin", "uv": [ 13.0, 9.0, 13.5, 9.5 ] }
											},
											"children": [
												{
													"name": "R back pastern",
													"from": [ 0.0202, -0.368, 0.0 ], 
													"to": [ 0.3036, 0.3606, 0.2834 ], 
													"unwrapMode": 1,
													"uv": [ 0.0, 15.33 ],
													"rotationOrigin": [ 0.2024, 0.3183, 0.1214 ],
													"rotationZ": -25.0,
													"faces": {
														"north": { "texture": "#skin", "uv": [ 0.5, 16.0, 1.0, 17.5 ] },
														"east": { "texture": "#skin", "uv": [ 0.0, 16.0, 0.5, 17.5 ] },
														"south": { "texture": "#skin", "uv": [ 1.5, 16.0, 2.0, 17.5 ] },
														"west": { "texture": "#skin", "uv": [ 1.0, 16.0, 1.5, 17.5 ] },
														"up": { "texture": "#skin", "uv": [ 0.5, 15.5, 1.0, 16.0 ], "rotation": 180 },
														"down": { "texture": "#skin", "uv": [ 0.5, 17.5, 1.0, 18.0 ] }
													},
													"children": [
														{
															"name": "R origin hind hoof",
															"from": [ 0.1619, 0.2024, 0.1417 ], 
															"to": [ 0.1619, 0.2024, 0.1417 ], 
															"uv": [ 0.0, 0.0 ],
															"rotationOrigin": [ 0.1619, 0.2024, 0.1619 ],
															"faces": {
																"north": { "texture": "#skin", "uv": [ 0.0, 0.5, 0.3168, 0.8168 ], "enabled": false },
																"east": { "texture": "#skin", "uv": [ 0.5, 0.5, 0.8168, 0.8168 ], "enabled": false },
																"south": { "texture": "#skin", "uv": [ 1.0, 0.5, 1.3168, 0.8168 ], "enabled": false },
																"west": { "texture": "#skin", "uv": [ 1.5, 0.5, 1.8168, 0.8168 ], "enabled": false },
																"up": { "texture": "#skin", "uv": [ 0.0, 0.0, 0.3168, 0.3168 ], "enabled": false },
																"down": { "texture": "#skin", "uv": [ 0.5, 0.0, 0.8168, 0.3168 ], "enabled": false }
															},
															"children": [
																{
																	"name": "R hind hoof 1",
																	"from": [ -0.4453, -0.081, -0.1214 ], 
																	"to": [ -0.1214, 0.0405, 0.1214 ], 
																	"unwrapMode": 4,
																	"uv": [ 10.0, 28.5 ],
																	"rotationOrigin": [ -0.0405, 0.0, 0.081 ],
																	"rotationZ": 55.0,
																	"faces": {
																		"north": { "texture": "#skin", "uv": [ 10.0, 29.0, 10.5, 29.5 ] },
																		"east": { "texture": "#skin", "uv": [ 11.5, 29.0, 12.0, 29.5 ] },
																		"south": { "texture": "#skin", "uv": [ 11.0, 29.0, 11.5, 29.5 ] },
																		"west": { "texture": "#skin", "uv": [ 10.5, 29.0, 11.0, 29.5 ] },
																		"up": { "texture": "#skin", "uv": [ 10.5, 28.5, 11.0, 29.0 ], "rotation": 90 },
																		"down": { "texture": "#skin", "uv": [ 10.5, 29.5, 11.0, 30.0 ], "rotation": 90 }
																	}
																},
																{
																	"name": "R hind hoof 2",
																	"from": [ -0.3238, -0.2429, -0.1214 ], 
																	"to": [ 0.081, -0.1214, 0.1214 ], 
																	"unwrapMode": 4,
																	"uv": [ 10.5, 29.5 ],
																	"rotationOrigin": [ 0.0405, -0.081, 0.0405 ],
																	"rotationZ": 27.0,
																	"faces": {
																		"north": { "texture": "#skin", "uv": [ 10.5, 30.0, 11.0, 30.5 ] },
																		"east": { "texture": "#skin", "uv": [ 12.0, 30.0, 12.5, 30.5 ] },
																		"south": { "texture": "#skin", "uv": [ 11.5, 30.0, 12.0, 30.5 ] },
																		"west": { "texture": "#skin", "uv": [ 11.0, 30.0, 11.5, 30.5 ] },
																		"up": { "texture": "#skin", "uv": [ 11.0, 29.5, 11.5, 30.0 ], "rotation": 90 },
																		"down": { "texture": "#skin", "uv": [ 11.0, 30.5, 11.5, 31.0 ], "rotation": 90 }
																	}
																}
															]
														}
													]
												}
											]
										}
									]
								}
							]
						}
					]
				},
				{
					"name": "L front Thigh",
					"from": [ 0.2024, -0.46, 0.931 ], 
					"to": [ 1.012, 0.9163, 1.3763 ], 
					"unwrapMode": 3,
					"uv": [ 0.0, 27.5 ],
					"rotationOrigin": [ 0.6477, 0.3901, 1.2144 ],
					"rotationX": 3.0,
					"rotationZ": 1.0,
					"faces": {
						"north": { "texture": "#skin", "uv": [ 2.5, 28.0, 4.0, 30.5 ] },
						"east": { "texture": "#skin", "uv": [ 2.0, 28.0, 2.5, 30.5 ] },
						"south": { "texture": "#skin", "uv": [ 0.5, 28.0, 2.0, 30.5 ] },
						"west": { "texture": "#skin", "uv": [ 0.0, 28.0, 0.5, 30.5 ] },
						"up": { "texture": "#skin", "uv": [ 0.5, 27.5, 2.0, 28.0 ], "windMode": [-1,-1,-1,-1] },
						"down": { "texture": "#skin", "uv": [ 0.5, 30.5, 2.0, 31.0 ], "rotation": 180 }
					},
					"children": [
						{
							"name": "L front Upper Arm",
							"from": [ 0.1214, -0.9715, 0.081 ], 
							"to": [ 0.4858, 0.2834, 0.4048 ], 
							"unwrapMode": 3,
							"uv": [ 5.5, 15.5 ],
							"rotationOrigin": [ 0.4048, 0.1214, 0.1619 ],
							"rotationX": 1.0,
							"rotationZ": -22.0,
							"faces": {
								"north": { "texture": "#skin", "uv": [ 7.0, 16.0, 7.5, 18.5 ] },
								"east": { "texture": "#skin", "uv": [ 6.5, 16.0, 7.0, 18.5 ] },
								"south": { "texture": "#skin", "uv": [ 6.0, 16.0, 6.5, 18.5 ] },
								"west": { "texture": "#skin", "uv": [ 5.5, 16.0, 6.0, 18.5 ] },
								"up": { "texture": "#skin", "uv": [ 6.0, 15.5, 6.5, 16.0 ] },
								"down": { "texture": "#skin", "uv": [ 6.0, 18.5, 6.5, 19.0 ], "rotation": 180 }
							},
							"children": [
								{
									"name": "L front lower arm",
									"from": [ 0.0405, -1.1334, 0.0202 ], 
									"to": [ 0.3238, 0.3238, 0.3036 ], 
									"unwrapMode": 3,
									"uv": [ 13.0, 11.0 ],
									"rotationOrigin": [ 0.2834, 0.1214, 0.1619 ],
									"rotationX": -3.0,
									"rotationZ": 8.0,
									"faces": {
										"north": { "texture": "#skin", "uv": [ 14.5, 11.5, 15.0, 14.5 ] },
										"east": { "texture": "#skin", "uv": [ 14.0, 11.5, 14.5, 14.5 ] },
										"south": { "texture": "#skin", "uv": [ 13.5, 11.5, 14.0, 14.5 ] },
										"west": { "texture": "#skin", "uv": [ 13.0, 11.5, 13.5, 14.5 ] },
										"up": { "texture": "#skin", "uv": [ 13.5, 11.0, 14.0, 11.5 ] },
										"down": { "texture": "#skin", "uv": [ 13.5, 14.5, 14.0, 15.0 ], "rotation": 180 }
									},
									"children": [
										{
											"name": "L front pastern",
											"from": [ 0.0, -0.4858, 0.0 ], 
											"to": [ 0.2834, 0.2429, 0.2834 ], 
											"unwrapMode": 3,
											"uv": [ 0.0, 19.5 ],
											"rotationOrigin": [ 0.0, 0.1619, 0.1214 ],
											"rotationX": -1.0,
											"rotationZ": -10.0,
											"faces": {
												"north": { "texture": "#skin", "uv": [ 1.5, 20.0, 2.0, 21.5 ] },
												"east": { "texture": "#skin", "uv": [ 1.0, 20.0, 1.5, 21.5 ] },
												"south": { "texture": "#skin", "uv": [ 0.5, 20.0, 1.0, 21.5 ] },
												"west": { "texture": "#skin", "uv": [ 0.0, 20.0, 0.5, 21.5 ] },
												"up": { "texture": "#skin", "uv": [ 0.5, 19.5, 1.0, 20.0 ] },
												"down": { "texture": "#skin", "uv": [ 0.5, 21.5, 1.0, 22.0 ], "rotation": 180 }
											},
											"children": [
												{
													"name": "L origin hoof",
													"from": [ 0.1214, 0.2024, 0.1417 ], 
													"to": [ 0.1214, 0.2024, 0.1417 ], 
													"uv": [ 0.0, 0.0 ],
													"rotationOrigin": [ 0.1214, 0.2024, 0.1619 ],
													"rotationZ": -14.0,
													"faces": {
														"north": { "texture": "#skin", "uv": [ 0.0, 0.5, 0.3168, 0.8168 ], "enabled": false },
														"east": { "texture": "#skin", "uv": [ 0.5, 0.5, 0.8168, 0.8168 ], "enabled": false },
														"south": { "texture": "#skin", "uv": [ 1.0, 0.5, 1.3168, 0.8168 ], "enabled": false },
														"west": { "texture": "#skin", "uv": [ 1.5, 0.5, 1.8168, 0.8168 ], "enabled": false },
														"up": { "texture": "#skin", "uv": [ 0.0, 0.0, 0.3168, 0.3168 ], "enabled": false },
														"down": { "texture": "#skin", "uv": [ 0.5, 0.0, 0.8168, 0.3168 ], "enabled": false }
													},
													"children": [
														{
															"name": "L front hoof 1",
															"from": [ -0.4453, -0.081, -0.1214 ], 
															"to": [ -0.1214, 0.0405, 0.1214 ], 
															"unwrapMode": 4,
															"uv": [ 7.5, 27.0 ],
															"rotationOrigin": [ -0.0405, 0.0, 0.081 ],
															"rotationZ": 55.0,
															"faces": {
																"north": { "texture": "#skin", "uv": [ 7.5, 27.5, 8.0, 28.0 ] },
																"east": { "texture": "#skin", "uv": [ 9.0, 27.5, 9.5, 28.0 ] },
																"south": { "texture": "#skin", "uv": [ 8.5, 27.5, 9.0, 28.0 ] },
																"west": { "texture": "#skin", "uv": [ 8.0, 27.5, 8.5, 28.0 ] },
																"up": { "texture": "#skin", "uv": [ 8.0, 27.0, 8.5, 27.5 ], "rotation": 90 },
																"down": { "texture": "#skin", "uv": [ 8.0, 28.0, 8.5, 28.5 ], "rotation": 90 }
															}
														},
														{
															"name": "L front hoof 2",
															"from": [ -0.3238, -0.2429, -0.1214 ], 
															"to": [ 0.081, -0.1214, 0.1214 ], 
															"unwrapMode": 4,
															"uv": [ 8.0, 28.0 ],
															"rotationOrigin": [ 0.0405, -0.081, 0.0405 ],
															"rotationZ": 27.0,
															"faces": {
																"north": { "texture": "#skin", "uv": [ 8.0, 28.5, 8.5, 29.0 ] },
																"east": { "texture": "#skin", "uv": [ 9.5, 28.5, 10.0, 29.0 ] },
																"south": { "texture": "#skin", "uv": [ 9.0, 28.5, 9.5, 29.0 ] },
																"west": { "texture": "#skin", "uv": [ 8.5, 28.5, 9.0, 29.0 ] },
																"up": { "texture": "#skin", "uv": [ 8.5, 28.0, 9.0, 28.5 ], "rotation": 90 },
																"down": { "texture": "#skin", "uv": [ 8.5, 29.0, 9.0, 29.5 ], "rotation": 90 }
															}
														}
													]
												}
											]
										}
									]
								}
							]
						}
					]
				},
				{
					"name": "R front Thigh",
					"from": [ 0.2024, -0.4186, -0.1619 ], 
					"to": [ 1.012, 0.9577, 0.2834 ], 
					"unwrapMode": 1,
					"uv": [ 4.0, 27.5 ],
					"rotationOrigin": [ 0.6477, 0.4306, 0.0 ],
					"rotationX": -3.0,
					"rotationZ": 11.0,
					"faces": {
						"north": { "texture": "#skin", "uv": [ 4.5, 28.0, 6.0, 30.5 ] },
						"east": { "texture": "#skin", "uv": [ 4.0, 28.0, 4.5, 30.5 ] },
						"south": { "texture": "#skin", "uv": [ 6.5, 28.0, 8.0, 30.5 ] },
						"west": { "texture": "#skin", "uv": [ 6.0, 28.0, 6.5, 30.5 ] },
						"up": { "texture": "#skin", "uv": [ 4.5, 27.5, 6.0, 28.0 ], "rotation": 180 },
						"down": { "texture": "#skin", "uv": [ 4.5, 30.5, 6.0, 31.0 ] }
					},
					"children": [
						{
							"name": "R front Upper Arm",
							"from": [ 0.1214, -0.9715, 0.0405 ], 
							"to": [ 0.4858, 0.2834, 0.3643 ], 
							"unwrapMode": 1,
							"uv": [ 10.5, 6.0 ],
							"rotationOrigin": [ 0.4048, 0.1214, 0.2834 ],
							"rotationX": -1.0,
							"rotationZ": -8.0,
							"faces": {
								"north": { "texture": "#skin", "uv": [ 11.0, 6.5, 11.5, 9.0 ] },
								"east": { "texture": "#skin", "uv": [ 10.5, 6.5, 11.0, 9.0 ] },
								"south": { "texture": "#skin", "uv": [ 12.0, 6.5, 12.5, 9.0 ] },
								"west": { "texture": "#skin", "uv": [ 11.5, 6.5, 12.0, 9.0 ] },
								"up": { "texture": "#skin", "uv": [ 11.0, 6.0, 11.5, 6.5 ], "rotation": 180 },
								"down": { "texture": "#skin", "uv": [ 11.0, 9.0, 11.5, 9.5 ] }
							},
							"children": [
								{
									"name": "R front lower arm",
									"from": [ 0.0405, -1.1776, 0.0202 ], 
									"to": [ 0.3238, 0.2797, 0.3036 ], 
									"unwrapMode": 1,
									"uv": [ 11.0, 11.0 ],
									"rotationOrigin": [ 0.2834, 0.0754, 0.2429 ],
									"rotationX": 3.0,
									"rotationZ": -14.0,
									"faces": {
										"north": { "texture": "#skin", "uv": [ 11.5, 11.5, 12.0, 14.5 ] },
										"east": { "texture": "#skin", "uv": [ 11.0, 11.5, 11.5, 14.5 ] },
										"south": { "texture": "#skin", "uv": [ 12.5, 11.5, 13.0, 14.5 ] },
										"west": { "texture": "#skin", "uv": [ 12.0, 11.5, 12.5, 14.5 ] },
										"up": { "texture": "#skin", "uv": [ 11.5, 11.0, 12.0, 11.5 ], "rotation": 180 },
										"down": { "texture": "#skin", "uv": [ 11.5, 14.5, 12.0, 15.0 ] }
									},
									"children": [
										{
											"name": "R front pastern",
											"from": [ 0.0, -0.4858, 0.0 ], 
											"to": [ 0.2834, 0.2429, 0.2834 ], 
											"unwrapMode": 1,
											"uv": [ 0.5, 21.5 ],
											"rotationOrigin": [ 0.0, 0.1619, 0.1214 ],
											"rotationX": -1.0,
											"rotationZ": -10.0,
											"faces": {
												"north": { "texture": "#skin", "uv": [ 1.0, 22.0, 1.5, 23.5 ] },
												"east": { "texture": "#skin", "uv": [ 0.5, 22.0, 1.0, 23.5 ] },
												"south": { "texture": "#skin", "uv": [ 2.0, 22.0, 2.5, 23.5 ] },
												"west": { "texture": "#skin", "uv": [ 1.5, 22.0, 2.0, 23.5 ] },
												"up": { "texture": "#skin", "uv": [ 1.0, 21.5, 1.5, 22.0 ], "rotation": 180 },
												"down": { "texture": "#skin", "uv": [ 1.0, 23.5, 1.5, 24.0 ] }
											},
											"children": [
												{
													"name": "R origin hoof",
													"from": [ 0.1214, 0.2024, 0.1417 ], 
													"to": [ 0.1214, 0.2024, 0.1417 ], 
													"uv": [ 0.0, 0.0 ],
													"rotationOrigin": [ 0.1214, 0.2024, 0.1619 ],
													"rotationZ": -14.0,
													"faces": {
														"north": { "texture": "#skin", "uv": [ 0.0, 0.5, 0.3168, 0.8168 ], "enabled": false },
														"east": { "texture": "#skin", "uv": [ 0.5, 0.5, 0.8168, 0.8168 ], "enabled": false },
														"south": { "texture": "#skin", "uv": [ 1.0, 0.5, 1.3168, 0.8168 ], "enabled": false },
														"west": { "texture": "#skin", "uv": [ 1.5, 0.5, 1.8168, 0.8168 ], "enabled": false },
														"up": { "texture": "#skin", "uv": [ 0.0, 0.0, 0.3168, 0.3168 ], "enabled": false },
														"down": { "texture": "#skin", "uv": [ 0.5, 0.0, 0.8168, 0.3168 ], "enabled": false }
													},
													"children": [
														{
															"name": "R front hoof 1",
															"from": [ -0.4453, -0.081, -0.1214 ], 
															"to": [ -0.1214, 0.0405, 0.1214 ], 
															"unwrapMode": 4,
															"uv": [ 9.0, 26.5 ],
															"rotationOrigin": [ -0.0405, 0.0, 0.081 ],
															"rotationZ": 55.0,
															"faces": {
																"north": { "texture": "#skin", "uv": [ 9.0, 27.0, 9.5, 27.5 ] },
																"east": { "texture": "#skin", "uv": [ 10.5, 27.0, 11.0, 27.5 ] },
																"south": { "texture": "#skin", "uv": [ 10.0, 27.0, 10.5, 27.5 ] },
																"west": { "texture": "#skin", "uv": [ 9.5, 27.0, 10.0, 27.5 ] },
																"up": { "texture": "#skin", "uv": [ 9.5, 26.5, 10.0, 27.0 ], "rotation": 90 },
																"down": { "texture": "#skin", "uv": [ 9.5, 27.5, 10.0, 28.0 ], "rotation": 90 }
															}
														},
														{
															"name": "R front hoof 2",
															"from": [ -0.3238, -0.2429, -0.1214 ], 
															"to": [ 0.081, -0.1214, 0.1214 ], 
															"unwrapMode": 4,
															"uv": [ 9.5, 27.5 ],
															"rotationOrigin": [ 0.0405, -0.081, 0.0405 ],
															"rotationZ": 27.0,
															"faces": {
																"north": { "texture": "#skin", "uv": [ 9.5, 28.0, 10.0, 28.5 ] },
																"east": { "texture": "#skin", "uv": [ 11.0, 28.0, 11.5, 28.5 ] },
																"south": { "texture": "#skin", "uv": [ 10.5, 28.0, 11.0, 28.5 ] },
																"west": { "texture": "#skin", "uv": [ 10.0, 28.0, 10.5, 28.5 ] },
																"up": { "texture": "#skin", "uv": [ 10.0, 27.5, 10.5, 28.0 ], "rotation": 90 },
																"down": { "texture": "#skin", "uv": [ 10.0, 28.5, 10.5, 29.0 ], "rotation": 90 }
															}
														}
													]
												}
											]
										}
									]
								}
							]
						}
					]
				}
			],
			"attachmentpoints": [
				{
					"code": "Center",
					"posX": "9.0","posY": "4.0","posZ": "5.0",
					"rotationX": "0.0","rotationY": "0.0","rotationZ": "0.0"
				}
			]
		}
	]}