{
	"editor": {
		"allAngles": true,
		"entityTextureMode": true
	},
	"textureWidth": 16,
	"textureHeight": 32,
	"textureSizes": {
		"bottom": [16,16],
		"skin": [16,32]
	},
	"textures": {
	},
	"elements": [
		{
			"name": "Rotation Point",
			"from": [ 0.0, 16.0, 0.0 ], 
			"to": [ 0.0, 16.0, 0.0 ], 
			"uv": [ 0.0, 0.0 ],
			"rotationOrigin": [ 0.0, 16.0, 0.0 ],
			"rotationZ": -90.0,
			"faces": {
				"north": { "texture": "#null", "uv": [ 0.0, 0.5, 0.5, 1.0 ], "enabled": false },
				"east": { "texture": "#null", "uv": [ 0.5, 0.5, 1.0, 1.0 ], "enabled": false },
				"south": { "texture": "#null", "uv": [ 1.0, 0.5, 1.5, 1.0 ], "enabled": false },
				"west": { "texture": "#null", "uv": [ 1.5, 0.5, 2.0, 1.0 ], "enabled": false },
				"up": { "texture": "#null", "uv": [ 0.0, 0.0, 0.5, 0.5 ], "enabled": false },
				"down": { "texture": "#null", "uv": [ 0.5, 0.0, 1.0, 0.5 ], "enabled": false }
			},
			"children": [
				{
					"name": "Base",
					"from": [ 5.5, 0.0, 8.0 ], 
					"to": [ 5.5, 0.0, 8.0 ], 
					"uv": [ 0.0, 0.0 ],
					"rotationOrigin": [ 5.5, 0.0, 8.0 ],
					"faces": {
						"north": { "texture": "#null", "uv": [ 0.0, 0.5, 0.5, 1.0 ], "enabled": false },
						"east": { "texture": "#null", "uv": [ 0.5, 0.5, 1.0, 1.0 ], "enabled": false },
						"south": { "texture": "#null", "uv": [ 1.0, 0.5, 1.5, 1.0 ], "enabled": false },
						"west": { "texture": "#null", "uv": [ 1.5, 0.5, 2.0, 1.0 ], "enabled": false },
						"up": { "texture": "#null", "uv": [ 0.0, 0.0, 0.5, 0.5 ], "enabled": false },
						"down": { "texture": "#null", "uv": [ 0.5, 0.0, 1.0, 0.5 ], "enabled": false }
					},
					"children": [
						{
							"name": "PeltBody",
							"from": [ 0.0, 0.0, -0.825 ], 
							"to": [ 2.4, 0.315, 0.825 ], 
							"unwrapMode": 5,
							"autoUnwrap": false,
							"uv": [ -10.0, 9.5 ],
							"rotationOrigin": [ 0.0, 0.0, -0.825 ],
							"faces": {
								"north": { "texture": "#skin", "uv": [ 10.5, 2.0, 11.0, 5.0 ], "rotation": 90, "windMode": [-1,-1,-1,-1] },
								"east": { "texture": "#skin", "uv": [ 0.0, 2.0, 2.0, 2.5 ], "rotation": 180, "windMode": [-1,-1,-1,-1] },
								"south": { "texture": "#skin", "uv": [ 2.0, 2.0, 2.5, 5.0 ], "rotation": 90, "windMode": [-1,-1,-1,-1] },
								"west": { "texture": "#skin", "uv": [ 0.0, 4.5, 2.0, 5.0 ], "rotation": 180, "windMode": [-1,-1,-1,-1] },
								"up": { "texture": "#skin", "uv": [ 0.0, 2.0, 2.0, 5.0 ], "rotation": 90, "windMode": [-1,-1,-1,-1] },
								"down": { "texture": "#bottom", "uv": [ 0.0, 10.0, 3.0, 12.0 ], "windMode": [-1,-1,-1,-1] }
							},
							"children": [
								{
									"name": "LBody",
									"from": [ 0.0, 0.0075, 1.5 ], 
									"to": [ 2.4, 0.3075, 3.15 ], 
									"unwrapMode": 5,
									"autoUnwrap": false,
									"uv": [ -3.0, 4.5 ],
									"rotationOrigin": [ 0.0, -0.0075, 1.5 ],
									"rotationY": -3.0,
									"faces": {
										"north": { "texture": "#null", "uv": [ 0.0, 2.0, 3.0, 2.5 ], "enabled": false },
										"east": { "texture": "#skin", "uv": [ 3.5, 2.0, 5.5, 2.5 ], "windMode": [-1,-1,-1,-1] },
										"south": { "texture": "#skin", "uv": [ 5.5, 2.0, 6.0, 5.0 ], "rotation": 90, "windMode": [-1,-1,-1,-1] },
										"west": { "texture": "#skin", "uv": [ 3.5, 4.5, 5.5, 5.0 ], "rotation": 180, "windMode": [-1,-1,-1,-1] },
										"up": { "texture": "#skin", "uv": [ 3.5, 2.0, 5.5, 5.0 ], "rotation": 90, "windMode": [-1,-1,-1,-1] },
										"down": { "texture": "#bottom", "uv": [ 2.5, 4.5, 5.5, 6.5 ] }
									},
									"children": [
										{
											"name": "LArm",
											"from": [ 0.0, 0.0075, 1.125 ], 
											"to": [ 0.375, 0.2925, 2.625 ], 
											"unwrapMode": 5,
											"autoUnwrap": false,
											"uv": [ 13.0, 12.5 ],
											"rotationOrigin": [ 0.0, 0.0075, 1.125 ],
											"rotationY": -30.0,
											"faces": {
												"north": { "texture": "#null", "uv": [ 0.0, 2.0, 0.5, 2.5 ], "enabled": false },
												"east": { "texture": "#skin", "uv": [ 1.0, 12.5, 1.5, 14.5 ], "rotation": 90 },
												"south": { "texture": "#skin", "uv": [ 0.5, 14.5, 1.0, 15.0 ], "windMode": [-1,-1,-1,-1] },
												"west": { "texture": "#skin", "uv": [ 0.0, 12.5, 0.5, 14.5 ], "rotation": 270, "windMode": [-1,-1,-1,-1] },
												"up": { "texture": "#skin", "uv": [ 0.5, 12.5, 1.0, 14.5 ], "windMode": [-1,-1,-1,-1] },
												"down": { "texture": "#bottom", "uv": [ 14.5, 12.5, 15.0, 14.5 ], "windMode": [-1,-1,-1,-1] }
											},
											"children": [
												{
													"name": "LArmLower",
													"from": [ 0.375, 0.0075, 0.0 ], 
													"to": [ 0.75, 0.2775, 1.5 ], 
													"unwrapMode": 5,
													"autoUnwrap": false,
													"uv": [ 13.0, 11.5 ],
													"rotationOrigin": [ 1.125, 0.0075, 0.0 ],
													"rotationY": -10.0,
													"faces": {
														"north": { "texture": "#null", "uv": [ 0.0, 2.0, 0.5, 2.5 ], "enabled": false },
														"east": { "texture": "#skin", "uv": [ 1.5, 12.5, 2.0, 14.5 ], "rotation": 90 },
														"south": { "texture": "#skin", "uv": [ 0.5, 14.5, 1.0, 15.0 ], "windMode": [-1,-1,-1,-1] },
														"west": { "texture": "#null", "uv": [ 3.0, 2.0, 5.0, 2.5 ], "enabled": false },
														"up": { "texture": "#skin", "uv": [ 1.0, 12.5, 1.5, 14.5 ], "windMode": [-1,-1,-1,-1] },
														"down": { "texture": "#bottom", "uv": [ 14.0, 11.5, 14.5, 13.5 ], "windMode": [-1,-1,-1,-1] }
													}
												}
											]
										}
									]
								},
								{
									"name": "RBody",
									"from": [ 0.0, -0.3075, 0.225 ], 
									"to": [ 2.4, -0.0075, 1.875 ], 
									"unwrapMode": 6,
									"autoUnwrap": false,
									"uv": [ -3.0, 8.0 ],
									"rotationOrigin": [ 0.0, 0.0, 0.225 ],
									"rotationX": 180.0,
									"rotationY": -3.0,
									"faces": {
										"north": { "texture": "#null", "uv": [ 0.0, 2.0, 3.0, 2.5 ], "enabled": false },
										"east": { "texture": "#skin", "uv": [ 7.5, 2.0, 9.5, 2.5 ] },
										"south": { "texture": "#skin", "uv": [ 7.0, 2.0, 7.5, 5.0 ], "rotation": 90, "windMode": [-1,-1,-1,-1] },
										"west": { "texture": "#skin", "uv": [ 7.5, 4.5, 9.5, 5.0 ], "rotation": 180, "windMode": [-1,-1,-1,-1] },
										"up": { "texture": "#bottom", "uv": [ 2.5, 8.0, 5.5, 10.0 ], "windMode": [-1,-1,-1,-1] },
										"down": { "texture": "#skin", "uv": [ 7.5, 2.0, 9.5, 5.0 ], "rotation": 270, "windMode": [-1,-1,-1,-1] }
									},
									"children": [
										{
											"name": "RArm",
											"from": [ 0.0, 0.0075, 1.125 ], 
											"to": [ 0.375, 0.2925, 2.625 ], 
											"unwrapMode": 6,
											"autoUnwrap": false,
											"uv": [ 4.0, 6.5 ],
											"rotationOrigin": [ 0.0, 0.2925, 1.125 ],
											"rotationY": -30.0,
											"faces": {
												"north": { "texture": "#null", "uv": [ 0.0, 2.0, 0.5, 2.5 ], "enabled": false },
												"east": { "texture": "#skin", "uv": [ 1.5, 14.5, 2.0, 16.5 ], "rotation": 90 },
												"south": { "texture": "#skin", "uv": [ 2.0, 16.5, 2.5, 17.0 ], "rotation": 180, "windMode": [-1,-1,-1,-1] },
												"west": { "texture": "#skin", "uv": [ 2.5, 14.5, 3.0, 16.5 ], "rotation": 270, "windMode": [-1,-1,-1,-1] },
												"up": { "texture": "#bottom", "uv": [ 5.5, 6.5, 6.0, 8.5 ], "windMode": [-1,-1,-1,-1] },
												"down": { "texture": "#skin", "uv": [ 2.0, 14.5, 2.5, 16.5 ], "windMode": [-1,-1,-1,-1] }
											},
											"children": [
												{
													"name": "RArmLower",
													"from": [ 0.375, 0.0075, 0.0 ], 
													"to": [ 0.75, 0.2775, 1.5 ], 
													"unwrapMode": 5,
													"autoUnwrap": false,
													"uv": [ 4.5, 6.5 ],
													"rotationOrigin": [ 1.125, 0.2775, 0.0 ],
													"rotationY": -10.0,
													"faces": {
														"north": { "texture": "#null", "uv": [ 0.0, 2.0, 0.5, 2.5 ], "enabled": false },
														"east": { "texture": "#skin", "uv": [ 3.0, 14.5, 3.5, 16.5 ], "rotation": 90, "windMode": [-1,-1,-1,-1] },
														"south": { "texture": "#skin", "uv": [ 2.0, 16.5, 2.5, 17.0 ], "windMode": [-1,-1,-1,-1] },
														"west": { "texture": "#null", "uv": [ 3.0, 2.0, 5.0, 2.5 ], "enabled": false },
														"up": { "texture": "#bottom", "uv": [ 4.5, 6.5, 5.0, 8.5 ], "windMode": [-1,-1,-1,-1] },
														"down": { "texture": "#skin", "uv": [ 2.5, 14.5, 3.0, 16.5 ], "windMode": [-1,-1,-1,-1] }
													}
												}
											]
										}
									]
								},
								{
									"name": "PeltAbdomen",
									"from": [ 2.4, 0.0075, 0.075 ], 
									"to": [ 4.875, 0.3075, 1.575 ], 
									"unwrapMode": 5,
									"autoUnwrap": false,
									"uv": [ -11.0, 10.0 ],
									"rotationOrigin": [ 2.4, 0.0075, 0.0375 ],
									"faces": {
										"north": { "texture": "#skin", "uv": [ 10.5, 9.0, 11.0, 12.0 ], "rotation": 90 },
										"east": { "texture": "#skin", "uv": [ 0.0, 9.0, 2.0, 9.5 ], "windMode": [-1,-1,-1,-1] },
										"south": { "texture": "#skin", "uv": [ 2.0, 9.0, 2.5, 12.0 ], "rotation": 90, "windMode": [-1,-1,-1,-1] },
										"west": { "texture": "#null", "uv": [ 9.0, 3.0, 11.0, 3.5 ], "enabled": false, "windMode": [-1,-1,-1,-1] },
										"up": { "texture": "#skin", "uv": [ 0.0, 9.0, 2.0, 12.0 ], "rotation": 90, "windMode": [-1,-1,-1,-1] },
										"down": { "texture": "#bottom", "uv": [ 0.0, 10.5, 3.0, 12.5 ] }
									},
									"children": [
										{
											"name": "LAbdomen",
											"from": [ 0.0, 0.0075, 1.35 ], 
											"to": [ 2.475, 0.2925, 3.0 ], 
											"unwrapMode": 5,
											"autoUnwrap": false,
											"uv": [ -5.0, 7.5 ],
											"rotationOrigin": [ 0.0, 0.0075, 1.35 ],
											"rotationY": -3.0,
											"faces": {
												"north": { "texture": "#null", "uv": [ 0.0, 2.0, 3.0, 2.5 ], "enabled": false },
												"east": { "texture": "#skin", "uv": [ 3.0, 9.0, 5.0, 9.5 ] },
												"south": { "texture": "#skin", "uv": [ 5.0, 9.0, 5.5, 12.0 ], "rotation": 90, "windMode": [-1,-1,-1,-1] },
												"west": { "texture": "#skin", "uv": [ 3.0, 11.5, 5.0, 12.0 ], "rotation": 180, "windMode": [-1,-1,-1,-1] },
												"up": { "texture": "#skin", "uv": [ 3.5, 9.0, 5.5, 12.0 ], "rotation": 90, "windMode": [-1,-1,-1,-1] },
												"down": { "texture": "#bottom", "uv": [ 6.0, 8.0, 9.0, 10.0 ], "windMode": [-1,-1,-1,-1] }
											},
											"children": [
												{
													"name": "LLeg",
													"from": [ 1.425, 0.0075, 1.65 ], 
													"to": [ 2.175, 0.2775, 3.15 ], 
													"unwrapMode": 5,
													"autoUnwrap": false,
													"uv": [ 0.0, 5.5 ],
													"rotationOrigin": [ 1.425, 0.0075, 1.65 ],
													"rotationY": 72.0,
													"faces": {
														"north": { "texture": "#null", "uv": [ 0.0, 2.0, 1.0, 2.5 ], "enabled": false },
														"east": { "texture": "#skin", "uv": [ 1.5, 20.0, 2.0, 22.0 ], "rotation": 90 },
														"south": { "texture": "#skin", "uv": [ 2.0, 22.0, 3.0, 22.5 ], "windMode": [-1,-1,-1,-1] },
														"west": { "texture": "#skin", "uv": [ 0.0, 20.0, 0.5, 22.0 ], "rotation": 270, "windMode": [-1,-1,-1,-1] },
														"up": { "texture": "#skin", "uv": [ 2.0, 20.0, 3.0, 22.0 ], "windMode": [-1,-1,-1,-1] },
														"down": { "texture": "#bottom", "uv": [ 2.0, 5.5, 3.0, 7.5 ], "windMode": [-1,-1,-1,-1] }
													},
													"children": [
														{
															"name": "LLegEnd",
															"from": [ 0.0, -0.0075, 1.5 ], 
															"to": [ 0.75, 0.2775, 2.25 ], 
															"unwrapMode": 5,
															"autoUnwrap": false,
															"uv": [ -2.0, 7.5 ],
															"rotationOrigin": [ 0.75, -0.0075, 1.5 ],
															"rotationY": -14.0,
															"faces": {
																"north": { "texture": "#skin", "uv": [ 2.0, 22.0, 3.0, 22.5 ], "rotation": 180 },
																"east": { "texture": "#skin", "uv": [ 0.0, 22.0, 0.5, 23.0 ], "rotation": 90, "windMode": [-1,-1,-1,-1] },
																"south": { "texture": "#skin", "uv": [ 2.0, 22.5, 3.0, 23.0 ], "windMode": [-1,-1,-1,-1] },
																"west": { "texture": "#skin", "uv": [ 1.5, 22.0, 2.0, 23.0 ], "rotation": 270, "windMode": [-1,-1,-1,-1] },
																"up": { "texture": "#skin", "uv": [ 2.0, 22.0, 3.0, 23.0 ], "windMode": [-1,-1,-1,-1] },
																"down": { "texture": "#bottom", "uv": [ 0.0, 8.0, 1.0, 9.0 ], "windMode": [-1,-1,-1,-1] }
															}
														}
													]
												},
												{
													"name": "LLegLower",
													"from": [ 1.8, 0.015, -0.225 ], 
													"to": [ 2.175, 0.27, 1.65 ], 
													"unwrapMode": 5,
													"autoUnwrap": false,
													"uv": [ 0.5, 6.0 ],
													"rotationOrigin": [ 2.175, 0.015, -0.225 ],
													"rotationY": 26.0,
													"faces": {
														"north": { "texture": "#null", "uv": [ 0.0, 2.5, 0.5, 3.0 ], "enabled": false },
														"east": { "texture": "#skin", "uv": [ 2.5, 20.5, 3.0, 23.0 ], "rotation": 90 },
														"south": { "texture": "#null", "uv": [ 3.0, 2.5, 3.5, 3.0 ], "enabled": false },
														"west": { "texture": "#null", "uv": [ 3.5, 2.5, 6.0, 3.0 ], "enabled": false },
														"up": { "texture": "#skin", "uv": [ 2.5, 20.0, 3.0, 22.5 ], "windMode": [-1,-1,-1,-1] },
														"down": { "texture": "#bottom", "uv": [ 1.5, 6.0, 2.0, 8.5 ], "windMode": [-1,-1,-1,-1] }
													}
												}
											]
										},
										{
											"name": "RAbdomen",
											"from": [ 0.0, -0.2775, 0.15 ], 
											"to": [ 2.475, 0.0075, 1.8 ], 
											"unwrapMode": 5,
											"autoUnwrap": false,
											"uv": [ -0.5, 4.5 ],
											"rotationOrigin": [ 0.0, 0.0075, 0.15 ],
											"rotationX": 180.0,
											"rotationY": -3.0,
											"faces": {
												"north": { "texture": "#null", "uv": [ 0.0, 2.0, 3.0, 2.5 ], "enabled": false },
												"east": { "texture": "#skin", "uv": [ 8.0, 9.0, 10.0, 9.5 ] },
												"south": { "texture": "#skin", "uv": [ 7.5, 9.0, 8.0, 12.0 ], "rotation": 90, "windMode": [-1,-1,-1,-1] },
												"west": { "texture": "#skin", "uv": [ 8.0, 11.5, 10.0, 12.0 ], "rotation": 180, "windMode": [-1,-1,-1,-1] },
												"up": { "texture": "#bottom", "uv": [ 0.0, 4.5, 3.0, 6.5 ], "windMode": [-1,-1,-1,-1] },
												"down": { "texture": "#skin", "uv": [ 7.5, 9.0, 9.5, 12.0 ], "rotation": 270, "windMode": [-1,-1,-1,-1] }
											},
											"children": [
												{
													"name": "RLeg",
													"from": [ 1.425, 0.0075, 1.65 ], 
													"to": [ 2.175, 0.2775, 3.15 ], 
													"unwrapMode": 5,
													"autoUnwrap": false,
													"uv": [ -0.5, 4.5 ],
													"rotationOrigin": [ 1.425, 0.2775, 1.65 ],
													"rotationY": 72.0,
													"faces": {
														"north": { "texture": "#null", "uv": [ 0.0, 2.0, 1.0, 2.5 ], "enabled": false },
														"east": { "texture": "#skin", "uv": [ 13.0, 8.0, 13.5, 10.0 ], "rotation": 90 },
														"south": { "texture": "#skin", "uv": [ 15.0, 10.0, 16.0, 10.5 ], "windMode": [-1,-1,-1,-1] },
														"west": { "texture": "#skin", "uv": [ 14.5, 8.0, 15.0, 10.0 ], "rotation": 270, "windMode": [-1,-1,-1,-1] },
														"up": { "texture": "#bottom", "uv": [ 0.0, 4.5, 1.0, 6.5 ], "windMode": [-1,-1,-1,-1] },
														"down": { "texture": "#skin", "uv": [ 15.0, 8.0, 16.0, 10.0 ], "windMode": [-1,-1,-1,-1] }
													},
													"children": [
														{
															"name": "RLegEnd",
															"from": [ 0.0, -0.0075, 1.5 ], 
															"to": [ 0.75, 0.2775, 2.25 ], 
															"unwrapMode": 5,
															"autoUnwrap": false,
															"uv": [ -0.5, 7.5 ],
															"rotationOrigin": [ 0.75, 0.285, 1.5 ],
															"rotationY": -14.0,
															"faces": {
																"north": { "texture": "#skin", "uv": [ 15.0, 10.0, 16.0, 10.5 ], "rotation": 180 },
																"east": { "texture": "#skin", "uv": [ 13.0, 10.0, 13.5, 11.0 ], "rotation": 90, "windMode": [-1,-1,-1,-1] },
																"south": { "texture": "#skin", "uv": [ 15.0, 10.5, 16.0, 11.0 ], "windMode": [-1,-1,-1,-1] },
																"west": { "texture": "#skin", "uv": [ 14.5, 10.0, 15.0, 11.0 ], "rotation": 270, "windMode": [-1,-1,-1,-1] },
																"up": { "texture": "#bottom", "uv": [ 0.0, 8.0, 1.0, 9.0 ], "windMode": [-1,-1,-1,-1] },
																"down": { "texture": "#skin", "uv": [ 15.0, 10.0, 16.0, 11.0 ], "windMode": [-1,-1,-1,-1] }
															}
														}
													]
												},
												{
													"name": "RLegLower",
													"from": [ 1.8, 0.015, -0.225 ], 
													"to": [ 2.175, 0.27, 1.65 ], 
													"unwrapMode": 5,
													"autoUnwrap": false,
													"uv": [ 14.0, 4.5 ],
													"rotationOrigin": [ 2.175, 0.27, -0.225 ],
													"rotationY": 26.0,
													"faces": {
														"north": { "texture": "#null", "uv": [ 0.0, 2.5, 0.5, 3.0 ], "enabled": false },
														"east": { "texture": "#skin", "uv": [ 15.0, 8.5, 15.5, 11.0 ], "rotation": 90, "windMode": [-1,-1,-1,-1] },
														"south": { "texture": "#null", "uv": [ 3.0, 2.5, 3.5, 3.0 ], "enabled": false },
														"west": { "texture": "#null", "uv": [ 3.5, 2.5, 6.0, 3.0 ], "enabled": false },
														"up": { "texture": "#bottom", "uv": [ 14.0, 4.5, 14.5, 7.0 ], "windMode": [-1,-1,-1,-1] },
														"down": { "texture": "#skin", "uv": [ 15.5, 8.0, 16.0, 10.5 ], "windMode": [-1,-1,-1,-1] }
													}
												}
											]
										},
										{
											"name": "PeltTail",
											"from": [ 2.475, 0.0075, 0.5625 ], 
											"to": [ 2.925, 0.2925, 0.9375 ], 
											"autoUnwrap": false,
											"uv": [ 0.0, 0.0 ],
											"rotationOrigin": [ 2.475, 0.0075, 0.5625 ],
											"faces": {
												"north": { "texture": "#skin", "uv": [ 7.0, 0.5, 7.5, 1.0 ] },
												"east": { "texture": "#skin", "uv": [ 6.5, 0.5, 7.0, 1.0 ], "windMode": [-1,-1,-1,-1] },
												"south": { "texture": "#skin", "uv": [ 6.0, 0.5, 6.5, 1.0 ], "windMode": [-1,-1,-1,-1] },
												"west": { "texture": "#skin", "uv": [ 5.5, 0.5, 6.0, 1.0 ], "windMode": [-1,-1,-1,-1] },
												"up": { "texture": "#skin", "uv": [ 6.0, 0.0, 6.5, 0.5 ], "windMode": [-1,-1,-1,-1] },
												"down": { "texture": "#skin", "uv": [ 6.0, 1.0, 6.5, 1.5 ], "windMode": [-1,-1,-1,-1] }
											},
											"children": [
												{
													"name": "PeltTailEnd",
													"from": [ 0.45, -0.0075, 0.0188 ], 
													"to": [ 1.05, 0.285, 0.3562 ], 
													"autoUnwrap": false,
													"uv": [ 0.0, 0.0 ],
													"rotationOrigin": [ 0.45, -0.0075, 0.0188 ],
													"faces": {
														"north": { "texture": "#skin", "uv": [ 8.5, 1.0, 9.0, 1.5 ], "windMode": [-1,-1,-1,-1] },
														"east": { "texture": "#skin", "uv": [ 8.0, 1.0, 8.5, 1.5 ], "windMode": [-1,-1,-1,-1] },
														"south": { "texture": "#skin", "uv": [ 7.5, 1.0, 8.0, 1.5 ], "windMode": [-1,-1,-1,-1] },
														"west": { "texture": "#skin", "uv": [ 7.0, 1.0, 7.5, 1.5 ], "windMode": [-1,-1,-1,-1] },
														"up": { "texture": "#skin", "uv": [ 7.5, 0.5, 8.0, 1.0 ], "windMode": [-1,-1,-1,-1] },
														"down": { "texture": "#skin", "uv": [ 7.5, 1.5, 8.0, 2.0 ], "windMode": [-1,-1,-1,-1] }
													}
												}
											]
										}
									]
								},
								{
									"name": "LNeck",
									"from": [ -1.125, 0.015, 0.825 ], 
									"to": [ 0.0, 0.3, 2.325 ], 
									"unwrapMode": 5,
									"autoUnwrap": false,
									"uv": [ 5.0, 11.5 ],
									"rotationOrigin": [ 0.0, 0.015, 0.825 ],
									"rotationY": 22.0,
									"faces": {
										"north": { "texture": "#skin", "uv": [ 2.0, 26.0, 3.5, 26.5 ], "rotation": 180 },
										"east": { "texture": "#null", "uv": [ 1.5, 2.0, 3.5, 2.5 ], "enabled": false, "windMode": [-1,-1,-1,-1] },
										"south": { "texture": "#skin", "uv": [ 2.0, 28.0, 3.5, 28.5 ], "windMode": [-1,-1,-1,-1] },
										"west": { "texture": "#skin", "uv": [ 1.5, 26.5, 2.0, 28.5 ], "rotation": 270, "windMode": [-1,-1,-1,-1] },
										"up": { "texture": "#skin", "uv": [ 2.0, 26.5, 3.5, 28.5 ], "windMode": [-1,-1,-1,-1] },
										"down": { "texture": "#bottom", "uv": [ 7.0, 12.0, 8.5, 14.0 ], "windMode": [-1,-1,-1,-1] }
									}
								},
								{
									"name": "RNeck",
									"from": [ -1.125, -0.27, 0.825 ], 
									"to": [ 0.0, 0.015, 2.325 ], 
									"unwrapMode": 6,
									"autoUnwrap": false,
									"uv": [ 8.0, 11.5 ],
									"rotationOrigin": [ 0.0, 0.015, 0.825 ],
									"rotationX": 180.0,
									"rotationY": 22.0,
									"faces": {
										"north": { "texture": "#skin", "uv": [ 2.0, 25.5, 3.5, 26.0 ] },
										"east": { "texture": "#skin", "uv": [ 1.5, 2.0, 3.5, 2.5 ], "enabled": false, "windMode": [-1,-1,-1,-1] },
										"south": { "texture": "#skin", "uv": [ 2.0, 28.5, 3.5, 29.0 ], "rotation": 180, "windMode": [-1,-1,-1,-1] },
										"west": { "texture": "#skin", "uv": [ 1.5, 26.5, 2.0, 28.5 ], "rotation": 270, "windMode": [-1,-1,-1,-1] },
										"up": { "texture": "#bottom", "uv": [ 10.0, 12.0, 11.5, 14.0 ], "windMode": [-1,-1,-1,-1] },
										"down": { "texture": "#skin", "uv": [ 2.0, 26.5, 3.5, 28.5 ], "windMode": [-1,-1,-1,-1] }
									}
								}
							]
						}
					]
				}
			]
		}
	]}