{"GameVersion":"1.19.0","SizeX":40,"SizeY":14,"SizeZ":40,"BlockCodes":{"2666":"game:peatbrick","780":"game:storagevessel-beehive","781":"game:storagevessel-harvest","782":"game:storagevessel-honeydew","783":"game:storagevessel-rutile","784":"game:storagevessel-seasalt","785":"game:storagevessel-springflowers","605":"game:crock-burned-east","661":"game:claypot-burned","488":"game:bowl-fired","1428":"game:metal-scraps","611":"game:crucible-burned","769":"game:storagevessel-chthonic","770":"game:storagevessel-copper","771":"game:storagevessel-earthen","772":"game:storagevessel-rain","774":"game:storagevessel-burned","768":"game:storagevessel-ashforest","630":"game:jug-blue-fired","8613":"game:meta-underground","9493":"game:agedstonebricks-granite","2966":"game:cobblestone-granite","3240":"game:stonepath-free","7316":"game:plankslab-aged-east-free","5535":"game:loosestones-granite-free","4214":"game:drystonefence-granite-e-free","3023":"game:cobblestonestairs-granite-up-east-free","5122":"game:looseboulders-granite-free","2336":"game:slantedroofing-agedthatch-south-free","2316":"game:slantedroofing-agedthatch-north-free","7355":"game:plankslab-aged-up-free","7485":"game:plankstairs-aged-down-east-free","7303":"game:plankslab-aged-north-free","8611":"game:meta-filler","9610":"game:debarkedlog-veryagedrotten-ud","9526":"game:door-solid-aged","136":"game:multiblock-monolithic-0-p1-0","2985":"game:cobblestonestairs-granite-up-north-free","2596":"game:slantedroofingtip-agedthatch-free","3042":"game:cobblestonestairs-granite-down-east-free","3004":"game:cobblestonestairs-granite-down-north-free","2326":"game:slantedroofing-agedthatch-east-free","2556":"game:slantedroofingridge-agedthatch-ns-free","7277":"game:planks-aged-ns","9668":"game:planks-aged-we","8109":"game:chest-east","6540":"game:crate","636":"game:lootvessel-farming","8606":"game:clutter","1436":"game:metalpartpile-large","7498":"game:plankstairs-aged-up-south-free","7368":"game:plankslab-aged-down-free","9640":"game:debarkedlog-veryagedrotten-we","8617":"game:spiderweb","633":"game:lootvessel-forage","3061":"game:cobblestonestairs-granite-up-south-free","411":"game:drycarcass-humanoid1","3099":"game:cobblestonestairs-granite-up-west-free","883":"game:glasspane-leaded-aged-ns","3080":"game:cobblestonestairs-granite-down-south-free","1189":"game:locustnest-stalagmite-small2","1187":"game:locustnest-stalagmite-main1","1429":"game:metalpartpile-large-north","412":"game:drycarcass-humanoid2","830":"game:tapestry-north","2566":"game:slantedroofingridge-agedthatch-we-free","9625":"game:debarkedlog-veryagedrotten-ns","7524":"game:plankstairs-aged-up-west-free","402":"game:bonyremains-ribcage","1180":"game:locustnest-cage","1188":"game:locustnest-stalagmite-small1","2346":"game:slantedroofing-agedthatch-west-free","397":"game:bonyremains-cowskull-up","635":"game:lootvessel-tool","3239":"game:forge","8610":"game:groundstorage","634":"game:lootvessel-ore","9716":"game:clutteredbookshelfwithlore","9715":"game:clutteredbookshelf-agedacacia","7472":"game:plankstairs-aged-up-east-free","3118":"game:cobblestonestairs-granite-down-west-free","8424":"game:trough-genericwood-large-feet-north","8423":"game:trough-genericwood-large-head-north","4354":"game:drystonefence-granite-ew-free","896":"game:glasspane-leaded-aged-ew","1432":"game:metalpartpile-large-west","632":"game:lootvessel-food","8294":"game:painting-sleepingwolf-west","637":"game:lootvessel-arcticsupplies","7290":"game:planks-aged-ud","8244":"game:painting-sunkenruin-north","7537":"game:plankstairs-aged-down-west-free","8078":"game:bed-woodaged-feet-west","631":"game:lootvessel-seed","8060":"game:bed-woodaged-feet-north","8057":"game:bed-woodaged-head-north","7459":"game:plankstairs-aged-down-north-free","8075":"game:bed-woodaged-head-west","8200":"game:firepit-cold","4334":"game:drystonefence-granite-es-free","4394":"game:drystonefence-granite-nes-free","4274":"game:drystonefence-granite-ne-free","4374":"game:drystonefence-granite-sw-free","4434":"game:drystonefence-granite-nsw-free","4314":"game:drystonefence-granite-nw-free","4294":"game:drystonefence-granite-ns-free","7329":"game:plankslab-aged-south-free","7342":"game:plankslab-aged-west-free"},"ItemCodes":{"272":"game:stackrandomizer-seed","275":"game:stackrandomizer-resource","796":"game:hide-pelt-small","274":"game:stackrandomizer-copperweapon","259":"game:stackrandomizer-cloth-mediumstatus","277":"game:stackrandomizer-lantern","279":"game:stackrandomizer-gear","257":"game:lootrandomizer","270":"game:stackrandomizer-fuel","3638":"game:stackrandomizer-buildingblocks","258":"game:stackrandomizer-cloth-lowstatus","1554":"game:axe-scrap-scrap","1743":"game:spear-scrap-scrap","773":"game:firewood","261":"game:stackrandomizer-accessory-lowstatus","3080":"game:stackrandomizer-ruinedweapon","3639":"game:stackrandomizer-clayproducts"},"Indices":[0,1024,2048,3072,4096,5120,6144,7168,8192,9216,10240,11264,12288,13312,14336,15360,16384,17408,18432,19456,20480,21504,22528,23552,24576,25600,26624,27648,28672,29696,30720,31744,32768,33792,34816,35840,36864,37888,38912,39936,1,1025,2049,3073,4097,5121,6145,7169,8193,9217,10241,11265,12289,13313,14337,15361,16385,17409,18433,19457,20481,21505,22529,23553,24577,25601,26625,27649,28673,29697,30721,31745,32769,33793,34817,35841,36865,37889,38913,39937,2,1026,2050,3074,4098,5122,6146,7170,8194,9218,10242,11266,12290,13314,14338,15362,16386,17410,18434,19458,20482,21506,22530,23554,24578,25602,26626,27650,28674,29698,30722,31746,32770,33794,34818,35842,36866,37890,38914,39938,3,1027,2051,3075,4099,5123,6147,7171,8195,9219,10243,11267,12291,13315,14339,15363,16387,17411,18435,19459,20483,21507,22531,23555,24579,25603,26627,27651,28675,29699,30723,31747,32771,33795,34819,35843,36867,37891,38915,39939,4,1028,2052,3076,4100,5124,6148,7172,8196,9220,10244,11268,12292,13316,14340,15364,16388,17412,18436,19460,20484,21508,22532,23556,24580,25604,26628,27652,28676,29700,30724,31748,32772,33796,34820,35844,36868,37892,38916,39940,5,1029,2053,3077,4101,5125,6149,7173,8197,9221,10245,11269,12293,13317,14341,15365,16389,17413,18437,19461,20485,21509,22533,23557,24581,25605,26629,27653,28677,29701,30725,31749,32773,33797,34821,35845,36869,37893,38917,39941,6,1030,2054,3078,4102,5126,6150,7174,8198,9222,10246,11270,12294,13318,14342,15366,16390,17414,18438,19462,20486,21510,22534,23558,24582,25606,26630,27654,28678,29702,30726,31750,32774,33798,34822,35846,36870,37894,38918,39942,7,1031,2055,3079,4103,5127,6151,7175,8199,9223,10247,11271,12295,13319,14343,15367,16391,17415,18439,19463,20487,21511,22535,23559,24583,25607,26631,27655,28679,29703,30727,31751,32775,33799,34823,35847,36871,37895,38919,39943,1069063,1070087,8,1032,2056,3080,4104,5128,6152,7176,8200,9224,10248,11272,12296,13320,14344,15368,16392,17416,18440,19464,20488,21512,22536,23560,24584,25608,26632,27656,28680,29704,30728,31752,32776,33800,34824,35848,36872,37896,38920,39944,1068040,1069064,1070088,1071112,1078280,7360520,7361544,7362568,7363592,7364616,9,1033,2057,3081,4105,5129,6153,7177,8201,9225,10249,11273,12297,13321,14345,15369,16393,17417,18441,19465,20489,21513,22537,23561,24585,25609,26633,27657,28681,29705,30729,31753,32777,33801,34825,35849,36873,37897,38921,39945,1065993,1067017,1068041,1069065,1070089,1071113,1072137,1076233,1079305,2118665,2120713,2125833,2126857,2127881,3167241,3169289,3175433,4215817,4217865,5254153,5259273,6303753,6306825,6311945,6312969,6313993,6315017,6316041,6317065,7353353,7354377,7360521,10514441,10,1034,2058,3082,4106,5130,6154,7178,8202,9226,10250,11274,12298,13322,14346,15370,16394,17418,18442,19466,20490,21514,22538,23562,24586,25610,26634,27658,28682,29706,30730,31754,32778,33802,34826,35850,36874,37898,38922,39946,1059850,1060874,1061898,1062922,1063946,1064970,1065994,1067018,1068042,1069066,1070090,1071114,1072138,1073162,1074186,1075210,1076234,1077258,1078282,2108426,2109450,2110474,2111498,2112522,2113546,2117642,2118666,2119690,2120714,2121738,2122762,2123786,2124810,2125834,2126858,2127882,3157002,3158026,3159050,3160074,3161098,3162122,3166218,3167242,3168266,3169290,3170314,3171338,3172362,3173386,3174410,3176458,4205578,4206602,4207626,4208650,4209674,4210698,4214794,4215818,4216842,4217866,4218890,4219914,4220938,4221962,4222986,4224010,5254154,5255178,5256202,5257226,5258250,5259274,5263370,5264394,5265418,5266442,5267466,5268490,5270538,5271562,5272586,6303754,6304778,6305802,6306826,6311946,6312970,6313994,6315018,6316042,6317066,6318090,6319114,6320138,6321162,7353354,7354378,7360522,7361546,7362570,7363594,7364618,7365642,7368714,7369738,8409098,8410122,8411146,8412170,8413194,8415242,8416266,8417290,8418314,9457674,9458698,9459722,9460746,9461770,9462794,9463818,9464842,9465866,9466890,10505226,10506250,10507274,10508298,10509322,10510346,10511370,10512394,10513418,10514442,10515466,11,1035,2059,3083,4107,5131,6155,7179,8203,9227,10251,11275,12299,13323,14347,15371,16395,17419,18443,19467,20491,21515,22539,23563,24587,25611,26635,27659,28683,29707,30731,31755,32779,33803,34827,35851,36875,37899,38923,39947,1059851,1060875,1061899,1062923,1063947,1064971,1065995,1067019,1068043,1069067,1070091,1071115,1072139,1073163,1074187,1075211,1076235,1077259,1078283,2108427,2109451,2110475,2111499,2112523,2113547,2117643,2118667,2119691,2120715,2121739,2122763,2123787,2124811,2125835,2126859,2127883,3157003,3158027,3159051,3160075,3161099,3162123,3166219,3167243,3168267,3169291,3170315,3171339,3172363,3173387,3174411,3175435,3176459,4205579,4206603,4207627,4208651,4209675,4210699,4214795,4215819,4216843,4217867,4218891,4219915,4220939,4221963,4222987,4224011,5254155,5255179,5256203,5257227,5258251,5259275,5263371,5264395,5265419,5266443,5267467,5268491,5269515,5270539,5271563,5272587,6303755,6304779,6305803,6306827,6311947,6312971,6313995,6315019,6316043,6317067,6318091,6319115,6320139,6321163,7353355,7354379,7360523,7361547,7362571,7363595,7364619,7365643,7366667,7367691,7368715,7369739,8409099,8410123,8411147,8412171,8413195,8414219,8415243,8416267,8417291,8418315,9457675,9458699,9459723,9460747,9461771,9462795,9463819,9464843,9465867,9466891,10506251,10507275,10508299,10509323,10510347,10511371,10512395,10513419,10514443,10515467,11553803,11554827,11555851,11556875,11557899,11558923,11559947,11560971,11561995,11563019,11564043,12,1036,2060,3084,4108,5132,6156,7180,8204,9228,10252,11276,12300,13324,14348,15372,16396,17420,18444,19468,20492,21516,22540,23564,24588,25612,26636,27660,28684,29708,30732,31756,32780,33804,34828,35852,36876,37900,38924,39948,1059852,1060876,1061900,1062924,1063948,1064972,1065996,1067020,1068044,1069068,1070092,1071116,1072140,1073164,1074188,1075212,1076236,1077260,1078284,2108428,2109452,2110476,2111500,2112524,2113548,2117644,2118668,2119692,2120716,2121740,2122764,2124812,2125836,2126860,3157004,3158028,3159052,3160076,3161100,3162124,3166220,3167244,3168268,3169292,3170316,3171340,3172364,3173388,3174412,3175436,4205580,4206604,4207628,4208652,4209676,4210700,4214796,4215820,4216844,4217868,4218892,4219916,4220940,4221964,4222988,4224012,5254156,5255180,5256204,5257228,5258252,5259276,5263372,5264396,5265420,5266444,5267468,5268492,5269516,5270540,5271564,6303756,6304780,6305804,6306828,6311948,6312972,6313996,6315020,6316044,6317068,6318092,6319116,6320140,6321164,7353356,7354380,7360524,7361548,7362572,7363596,7364620,7365644,7366668,7367692,7368716,7369740,8409100,8410124,8411148,8412172,8413196,8414220,8415244,8416268,8417292,8418316,9457676,9458700,9459724,9460748,9461772,9462796,9463820,9464844,9465868,9466892,10506252,10507276,10508300,10509324,10510348,10511372,10512396,10513420,10514444,10515468,11554828,11557900,11558924,11564044,11565068,12602380,12603404,12604428,12605452,12606476,12607500,12608524,12609548,12610572,12611596,12612620,12613644,13,1037,2061,3085,4109,5133,6157,7181,8205,9229,10253,11277,12301,13325,14349,15373,16397,17421,18445,19469,20493,21517,22541,23565,24589,25613,26637,27661,28685,29709,30733,31757,32781,33805,34829,35853,36877,37901,38925,39949,1059853,1060877,1061901,1062925,1063949,1064973,1065997,1067021,1068045,1069069,1070093,1071117,1072141,1073165,1074189,1075213,1076237,1077261,1078285,1081357,2108429,2109453,2110477,2111501,2112525,2113549,2117645,2118669,2119693,2120717,2121741,2122765,2123789,2124813,2125837,2126861,3157005,3158029,3159053,3160077,3161101,3162125,3166221,3167245,3168269,3169293,3170317,3171341,3172365,3173389,3174413,3175437,4205581,4206605,4207629,4208653,4209677,4210701,4214797,4215821,4216845,4217869,4218893,4219917,4220941,4221965,4222989,4224013,5254157,5255181,5256205,5257229,5258253,5259277,5263373,5264397,5265421,5266445,5267469,5268493,5269517,5270541,5271565,5272589,6303757,6304781,6305805,6306829,6311949,6312973,6313997,6315021,6316045,6317069,6318093,6319117,6320141,6321165,7353357,7354381,7360525,7361549,7362573,7363597,7364621,7365645,7366669,7367693,7368717,8409101,8410125,8411149,8412173,8413197,8414221,8415245,8416269,8417293,8418317,9457677,9458701,9459725,9460749,9461773,9462797,9463821,9464845,9465869,9466893,10506253,10507277,10508301,10509325,10510349,10511373,10512397,10513421,10514445,10515469,11554829,11557901,11560973,11561997,11564045,11565069,12603405,12604429,12605453,12606477,12607501,12608525,12609549,12610573,12611597,12612621,13650957,13651981,13653005,13654029,13655053,13656077,13657101,13658125,13659149,13660173,13661197,13662221,14,1038,2062,3086,4110,5134,6158,7182,8206,9230,10254,11278,12302,13326,14350,15374,16398,17422,18446,19470,20494,21518,22542,23566,24590,25614,26638,27662,28686,29710,30734,31758,32782,33806,34830,35854,36878,37902,38926,39950,1059854,1060878,1061902,1062926,1063950,1064974,1065998,1067022,1068046,1069070,1070094,1071118,1072142,1073166,1074190,1075214,1076238,1077262,1078286,1080334,1081358,1082382,2108430,2109454,2110478,2111502,2112526,2113550,2117646,2118670,2119694,2120718,2121742,2122766,2123790,2124814,2125838,2126862,3157006,3158030,3159054,3160078,3161102,3162126,3166222,3167246,3168270,3169294,3170318,3171342,3172366,3173390,3174414,3175438,4205582,4206606,4207630,4208654,4209678,4210702,4214798,4215822,4216846,4217870,4218894,4219918,4220942,4221966,4222990,4224014,5254158,5255182,5256206,5257230,5258254,5259278,5263374,5264398,5265422,5266446,5267470,5268494,5269518,5270542,5271566,5272590,6302734,6303758,6304782,6305806,6306830,6311950,6312974,6313998,6315022,6316046,6317070,6318094,6319118,6320142,6321166,7360526,7361550,7362574,7363598,7364622,7365646,7366670,7367694,7368718,7369742,8409102,8410126,8411150,8412174,8413198,8414222,8415246,8416270,8417294,8418318,9457678,9458702,9459726,9460750,9461774,9462798,9463822,9464846,9465870,10506254,10507278,10508302,10509326,10510350,10511374,10512398,10513422,10514446,10515470,11554830,11556878,11557902,11559950,11560974,11561998,11563022,11564046,12602382,12603406,12604430,12605454,12606478,12607502,12608526,12609550,12610574,12611598,12612622,12613646,15,1039,2063,3087,4111,5135,6159,7183,8207,9231,10255,11279,12303,13327,14351,15375,16399,17423,18447,19471,20495,21519,22543,23567,24591,25615,26639,27663,28687,29711,30735,31759,32783,33807,34831,35855,36879,37903,38927,39951,1058831,1059855,1060879,1061903,1062927,1063951,1064975,1065999,1067023,1068047,1069071,1070095,1071119,1072143,1073167,1074191,1075215,1076239,1077263,1078287,1080335,1081359,1082383,2107407,2108431,2109455,2110479,2111503,2112527,2113551,2117647,2118671,2119695,2120719,2121743,2122767,2123791,2124815,2125839,2126863,3157007,3158031,3159055,3160079,3161103,3162127,3166223,3167247,3168271,3169295,3170319,3171343,3172367,3173391,3174415,3175439,4205583,4206607,4207631,4208655,4209679,4210703,4214799,4215823,4216847,4217871,4218895,4219919,4220943,4221967,4222991,4224015,5254159,5255183,5256207,5257231,5258255,5259279,5263375,5264399,5265423,5266447,5267471,5268495,5269519,5270543,5271567,5272591,6302735,6303759,6304783,6305807,6306831,6311951,6312975,6313999,6315023,6316047,6317071,6318095,6319119,6320143,6321167,7354383,7360527,7361551,7362575,7363599,7364623,7365647,7366671,7367695,7368719,7369743,8409103,8410127,8411151,8412175,8413199,8414223,8415247,8416271,8417295,8418319,9457679,9458703,9459727,9460751,9461775,9462799,9463823,9464847,9465871,9466895,10506255,10507279,10508303,10509327,10510351,10511375,10512399,10513423,10514447,10515471,11553807,11554831,11555855,11556879,11557903,11558927,11559951,11560975,11561999,11563023,11564047,11565071,16,1040,2064,3088,4112,5136,6160,7184,8208,9232,10256,11280,12304,13328,14352,15376,16400,17424,18448,19472,20496,21520,22544,23568,24592,25616,26640,27664,28688,29712,30736,31760,32784,33808,34832,35856,36880,37904,38928,39952,1057808,1058832,1059856,1060880,1062928,1063952,1064976,1066000,1067024,1068048,1069072,1070096,1071120,1072144,1073168,1074192,1075216,1076240,1077264,1078288,1080336,1081360,1082384,2106384,2108432,2110480,2111504,2112528,2113552,2117648,2118672,2119696,2120720,2121744,2122768,2123792,2124816,2125840,2126864,3157008,3158032,3159056,3160080,3161104,3162128,3166224,3167248,3168272,3169296,3170320,3171344,3172368,3173392,3174416,3175440,4205584,4206608,4207632,4208656,4209680,4210704,4214800,4215824,4216848,4217872,4218896,4219920,4220944,4221968,4222992,4224016,5254160,5255184,5256208,5257232,5258256,5259280,5263376,5264400,5265424,5266448,5267472,5268496,5269520,5270544,5271568,5272592,6302736,6303760,6304784,6305808,6306832,6311952,6312976,6314000,6315024,6316048,6317072,6318096,6319120,6320144,6321168,7353360,7354384,7360528,7361552,7362576,7363600,7364624,7365648,7366672,7367696,7368720,7369744,8409104,8410128,8411152,8412176,8413200,8414224,8415248,8416272,8417296,8418320,9457680,9458704,9459728,9460752,9461776,9462800,9463824,9464848,9465872,9466896,10505232,10506256,10507280,10508304,10509328,10510352,10511376,10512400,10513424,10514448,10515472,10516496,17,1041,2065,3089,4113,5137,6161,7185,8209,9233,10257,11281,12305,13329,14353,15377,16401,17425,18449,19473,20497,21521,22545,23569,24593,25617,26641,27665,28689,29713,30737,31761,32785,33809,34833,35857,36881,37905,38929,39953,1059857,1060881,1061905,1062929,1063953,1064977,1066001,1067025,1068049,1069073,1072145,1075217,1076241,1077265,1078289,1079313,1080337,1081361,2108433,2109457,2110481,2111505,2112529,2113553,2120721,2123793,3157009,3158033,3159057,3160081,3161105,3162129,3169297,3172369,4205585,4206609,4207633,4208657,4209681,4210705,4217873,4220945,5254161,5255185,5256209,5257233,5258257,5259281,5266449,5269521,6302737,6303761,6304785,6305809,6306833,6315025,6316049,6317073,6318097,7353361,7354385,7363601,7366673,18,1042,2066,3090,4114,5138,6162,7186,8210,9234,10258,11282,12306,13330,14354,15378,16402,17426,18450,19474,20498,21522,22546,23570,24594,25618,26642,27666,28690,29714,30738,31762,32786,33810,34834,35858,36882,37906,38930,39954,1059858,1060882,1061906,1062930,1063954,1064978,1066002,1067026,1068050,1069074,1070098,1075218,1076242,1077266,1078290,1079314,1080338,1081362,2108434,2109458,2110482,2111506,2112530,2113554,3157010,3158034,3159058,3160082,3161106,3162130,4205586,4206610,4207634,4209682,4210706,5254162,5255186,5256210,5257234,5258258,5259282,6303762,6304786,6305810,6306834,6315026,6316050,6317074,6318098,7353362,7354386,7363602,7366674,19,1043,2067,3091,4115,5139,6163,7187,8211,9235,10259,11283,12307,13331,14355,15379,16403,17427,18451,19475,20499,21523,22547,23571,24595,25619,26643,27667,28691,29715,30739,31763,32787,33811,34835,35859,36883,37907,38931,39955,1066003,1067027,1068051,1069075,1070099,1071123,1072147,1073171,1074195,1075219,1076243,1077267,1078291,1079315,1080339,5254163,5259283,6303763,6306835,6315027,6316051,6317075,6318099,7353363,7354387,7363603,7366675,20,1044,2068,3092,4116,5140,6164,7188,8212,9236,10260,11284,12308,13332,14356,15380,16404,17428,18452,19476,20500,21524,22548,23572,24596,25620,26644,27668,28692,29716,30740,31764,32788,33812,34836,35860,36884,37908,38932,39956,1064980,1066004,1067028,1068052,1069076,1070100,1071124,1072148,1073172,1074196,1075220,1076244,1077268,1078292,1079316,1080340,6316052,6317076,7363604,7366676,21,1045,2069,3093,4117,5141,6165,7189,8213,9237,10261,11285,12309,13333,14357,15381,16405,17429,18453,19477,20501,21525,22549,23573,24597,25621,26645,27669,28693,29717,30741,31765,32789,33813,34837,35861,36885,37909,38933,39957,1057813,1058837,1059861,1060885,1061909,1062933,1063957,1064981,1066005,1067029,1068053,1069077,1070101,1071125,1072149,1073173,1074197,1075221,1076245,1077269,1078293,1079317,1080341,1081365,6316053,6317077,7363605,7366677,22,1046,2070,3094,4118,5142,6166,7190,8214,9238,10262,11286,12310,13334,14358,15382,16406,17430,18454,19478,20502,21526,22550,23574,24598,25622,26646,27670,28694,29718,30742,31766,32790,33814,34838,35862,36886,37910,38934,39958,1057814,1058838,1059862,1060886,1061910,1062934,1063958,1064982,1066006,1067030,1068054,1069078,1070102,1071126,1072150,1073174,1074198,1075222,1076246,1077270,1078294,1079318,1080342,1081366,6315030,6316054,6317078,6318102,7363606,7366678,23,1047,2071,3095,4119,5143,6167,7191,8215,9239,10263,11287,12311,13335,14359,15383,16407,17431,18455,19479,20503,21527,22551,23575,24599,25623,26647,27671,28695,29719,30743,31767,32791,33815,34839,35863,36887,37911,38935,39959,1056791,1057815,1058839,1059863,1060887,1061911,1062935,1063959,1064983,1066007,1067031,1068055,1069079,1070103,1076247,1077271,1078295,1079319,1080343,6315031,6316055,6317079,6318103,7363607,7366679,24,1048,2072,3096,4120,5144,6168,7192,8216,9240,10264,11288,12312,13336,14360,15384,16408,17432,18456,19480,20504,21528,22552,23576,24600,25624,26648,27672,28696,29720,30744,31768,32792,33816,34840,35864,36888,37912,38936,39960,1057816,1058840,1059864,1060888,1061912,1062936,1063960,1066008,1067032,1068056,1069080,1070104,1072152,1075224,1077272,1078296,2116632,2117656,2118680,2120728,2123800,3169304,3172376,4217880,4220952,5266456,5269528,5273624,6315032,6316056,6317080,6318104,6321176,7363608,7366680,7368728,8416280,25,1049,2073,3097,4121,5145,6169,7193,8217,9241,10265,11289,12313,13337,14361,15385,16409,17433,18457,19481,20505,21529,22553,23577,24601,25625,26649,27673,28697,29721,30745,31769,32793,33817,34841,35865,36889,37913,38937,39961,1059865,1060889,1061913,1062937,1067033,1068057,1069081,1070105,1071129,1072153,1073177,1074201,1075225,1076249,1077273,1078297,1079321,2115609,2116633,2117657,2118681,2119705,2120729,2121753,2122777,2123801,2124825,2125849,2126873,2127897,3164185,3165209,3166233,3167257,3168281,3169305,3170329,3171353,3172377,3173401,3174425,3175449,3176473,4212761,4213785,4214809,4215833,4216857,4217881,4218905,4219929,4220953,4221977,4223001,4224025,4225049,5261337,5262361,5263385,5264409,5265433,5266457,5267481,5268505,5269529,5270553,5271577,5272601,5273625,6309913,6310937,6311961,6312985,6314009,6315033,6316057,6317081,6318105,6319129,6320153,6321177,7358489,7359513,7360537,7361561,7362585,7363609,7364633,7365657,7366681,7367705,7368729,8407065,8408089,8409113,8410137,8411161,8412185,8413209,8414233,8415257,8416281,9455641,9456665,9457689,9458713,9459737,9460761,9461785,9462809,9463833,10503193,10504217,10505241,10506265,10507289,10508313,10509337,10510361,10511385,10512409,10513433,26,1050,2074,3098,4122,5146,6170,7194,8218,9242,10266,11290,12314,13338,14362,15386,16410,17434,18458,19482,20506,21530,22554,23578,24602,25626,26650,27674,28698,29722,30746,31770,32794,33818,34842,35866,36890,37914,38938,39962,1059866,1060890,1061914,1062938,1063962,1064986,1066010,1067034,1075226,1076250,1077274,1078298,1079322,2108442,2109466,2110490,2111514,2112538,2113562,2114586,2115610,2116634,2117658,2118682,2119706,2120730,2121754,2122778,2123802,2124826,2125850,2126874,2127898,3157018,3158042,3159066,3160090,3161114,3162138,3163162,3164186,3165210,3166234,3167258,3168282,3169306,3170330,3171354,3172378,3173402,3174426,3175450,3176474,4205594,4206618,4207642,4208666,4209690,4210714,4211738,4212762,4213786,4214810,4215834,4216858,4217882,4218906,4219930,4220954,4221978,4223002,4224026,4225050,5253146,5254170,5255194,5256218,5257242,5258266,5259290,5260314,5261338,5262362,5263386,5264410,5265434,5266458,5267482,5268506,5269530,5270554,5271578,5272602,5273626,6309914,6310938,6311962,6312986,6314010,6315034,6316058,6317082,6318106,6319130,6320154,6321178,7358490,7359514,7360538,7361562,7362586,7363610,7364634,7365658,7366682,7367706,7368730,8407066,8408090,8409114,8410138,8411162,8412186,8413210,8414234,8415258,8416282,9455642,9456666,9457690,9458714,9459738,9460762,9461786,9462810,9463834,10504218,10505242,10506266,10507290,10508314,10509338,10510362,10511386,10512410,11551770,11552794,11553818,11554842,11555866,11556890,11557914,11558938,11559962,11560986,11562010,27,1051,2075,3099,4123,5147,6171,7195,8219,9243,10267,11291,12315,13339,14363,15387,16411,17435,18459,19483,20507,21531,22555,23579,24603,25627,26651,27675,28699,29723,30747,31771,32795,33819,34843,35867,36891,37915,38939,39963,1059867,1060891,1061915,1062939,1063963,1064987,1066011,1067035,1075227,1076251,1077275,1078299,1079323,2108443,2109467,2110491,2111515,2112539,2113563,2114587,2115611,2116635,2117659,2118683,2119707,2120731,2121755,2122779,2123803,2124827,2125851,2126875,2127899,3157019,3158043,3159067,3160091,3161115,3162139,3163163,3164187,3165211,3166235,3167259,3168283,3169307,3170331,3171355,3172379,3173403,3174427,3175451,3176475,4205595,4206619,4207643,4208667,4209691,4210715,4211739,4212763,4213787,4214811,4215835,4216859,4217883,4218907,4219931,4220955,4221979,4223003,4224027,4225051,5254171,5255195,5256219,5257243,5258267,5259291,5260315,5261339,5262363,5263387,5264411,5265435,5266459,5267483,5268507,5269531,5270555,5271579,5272603,5273627,6301723,6302747,6303771,6304795,6305819,6306843,6307867,6308891,6309915,6310939,6311963,6312987,6314011,6315035,6316059,6317083,6318107,6319131,6320155,6321179,7358491,7359515,7360539,7361563,7362587,7363611,7364635,7365659,7366683,7367707,7368731,8407067,8408091,8409115,8410139,8411163,8412187,8413211,8414235,8415259,8416283,9455643,9456667,9457691,9458715,9459739,9460763,9461787,9462811,9463835,10504219,10505243,10506267,10507291,10508315,10509339,10510363,10511387,10512411,11552795,11560987,12600347,12601371,12602395,12603419,12604443,12605467,12606491,12607515,12608539,12609563,12610587,28,1052,2076,3100,4124,5148,6172,7196,8220,9244,10268,11292,12316,13340,14364,15388,16412,17436,18460,19484,20508,21532,22556,23580,24604,25628,26652,27676,28700,29724,30748,31772,32796,33820,34844,35868,36892,37916,38940,39964,1059868,1060892,1061916,1062940,1063964,1064988,1066012,1067036,1075228,1076252,1077276,1078300,1079324,2108444,2109468,2110492,2111516,2112540,2113564,2114588,2115612,2116636,2117660,2118684,2119708,2120732,2121756,2122780,2123804,2124828,2125852,2126876,2127900,3157020,3158044,3159068,3160092,3161116,3162140,3163164,3164188,3165212,3166236,3167260,3168284,3169308,3170332,3171356,3172380,3173404,3174428,3175452,3176476,4205596,4206620,4207644,4208668,4209692,4210716,4211740,4212764,4213788,4214812,4215836,4216860,4217884,4218908,4219932,4220956,4221980,4223004,4224028,4225052,5254172,5255196,5256220,5257244,5258268,5259292,5260316,5261340,5262364,5263388,5264412,5265436,5266460,5267484,5268508,5269532,5270556,5271580,5272604,5273628,6302748,6308892,6309916,6310940,6311964,6312988,6314012,6315036,6316060,6317084,6318108,6319132,6320156,6321180,7350300,7351324,7352348,7353372,7354396,7355420,7356444,7357468,7358492,7359516,7360540,7361564,7362588,7363612,7364636,7365660,7366684,7367708,7368732,8407068,8408092,8409116,8410140,8411164,8412188,8413212,8414236,8415260,8416284,9455644,9456668,9457692,9458716,9459740,9460764,9461788,9462812,9463836,10504220,10505244,10506268,10507292,10508316,10509340,10510364,10511388,10512412,11552796,11560988,12601372,12602396,12603420,12604444,12605468,12606492,12607516,12608540,12609564,13648924,13649948,13650972,13651996,13653020,13654044,13655068,13656092,13657116,13658140,13659164,29,1053,2077,3101,4125,5149,6173,7197,8221,9245,10269,11293,12317,13341,14365,15389,16413,17437,18461,19485,20509,21533,22557,23581,24605,25629,26653,27677,28701,29725,30749,31773,32797,33821,34845,35869,36893,37917,38941,39965,1059869,1060893,1061917,1062941,1063965,1064989,1066013,1067037,1075229,1076253,1077277,1078301,1079325,1080349,2108445,2109469,2110493,2111517,2112541,2113565,2114589,2115613,2116637,2117661,2118685,2119709,2120733,2121757,2122781,2123805,2124829,2125853,2126877,2127901,2128925,3157021,3158045,3159069,3160093,3161117,3162141,3163165,3164189,3165213,3166237,3167261,3168285,3169309,3170333,3171357,3172381,3173405,3174429,3175453,3176477,4205597,4206621,4207645,4208669,4209693,4210717,4211741,4212765,4213789,4214813,4215837,4216861,4217885,4218909,4219933,4220957,4221981,4223005,4224029,4225053,5254173,5255197,5256221,5257245,5258269,5259293,5260317,5261341,5262365,5263389,5264413,5265437,5266461,5267485,5268509,5269533,5270557,5271581,5272605,5273629,6302749,6308893,6309917,6310941,6311965,6312989,6314013,6315037,6316061,6317085,6318109,6319133,6320157,6321181,7351325,7352349,7353373,7354397,7355421,7356445,7357469,7358493,7359517,7360541,7361565,7362589,7363613,7364637,7365661,7366685,7367709,7368733,8398877,8399901,8400925,8401949,8402973,8403997,8405021,8406045,8407069,8408093,8409117,8410141,8411165,8412189,8413213,8414237,8415261,8416285,9455645,9456669,9457693,9458717,9459741,9460765,9461789,9462813,9463837,10504221,10505245,10506269,10507293,10508317,10509341,10510365,10511389,11552797,11560989,12600349,12601373,12602397,12603421,12604445,12605469,12606493,12607517,12608541,12609565,12610589,30,1054,2078,3102,4126,5150,6174,7198,8222,9246,10270,11294,12318,13342,14366,15390,16414,17438,18462,19486,20510,21534,22558,23582,24606,25630,26654,27678,28702,29726,30750,31774,32798,33822,34846,35870,36894,37918,38942,39966,1059870,1060894,1061918,1062942,1063966,1064990,1066014,1067038,1075230,1076254,1077278,1078302,1079326,1080350,2108446,2109470,2110494,2111518,2112542,2113566,2114590,2115614,2116638,2117662,2118686,2119710,2120734,2121758,2122782,2123806,2124830,2125854,2127902,3157022,3158046,3159070,3160094,3161118,3162142,3163166,3164190,3165214,3166238,3167262,3168286,3169310,3170334,3171358,3172382,3173406,3174430,3175454,3176478,4205598,4206622,4207646,4208670,4209694,4210718,4211742,4212766,4213790,4214814,4215838,4216862,4219934,4220958,4221982,4223006,4224030,4225054,5254174,5255198,5256222,5257246,5258270,5259294,5260318,5261342,5262366,5263390,5264414,5265438,5266462,5268510,5269534,5270558,5271582,5272606,5273630,6302750,6308894,6309918,6310942,6311966,6312990,6314014,6315038,6316062,6317086,6318110,6319134,6320158,6321182,6322206,7350302,7351326,7352350,7353374,7354398,7355422,7356446,7357470,7358494,7359518,7360542,7361566,7362590,7363614,7364638,7365662,7366686,7367710,7368734,8407070,8408094,8409118,8410142,8411166,8412190,8413214,8414238,8415262,8416286,9455646,9456670,9457694,9458718,9459742,9460766,9461790,9462814,9463838,10504222,10505246,10506270,10507294,10508318,10509342,10510366,10511390,10512414,11551774,11552798,11553822,11554846,11555870,11556894,11557918,11558942,11559966,11560990,11562014,31,1055,2079,3103,4127,5151,6175,7199,8223,9247,10271,11295,12319,13343,14367,15391,16415,17439,18463,19487,20511,21535,22559,23583,24607,25631,26655,27679,28703,29727,30751,31775,32799,33823,34847,35871,36895,37919,38943,39967,1059871,1060895,1061919,1062943,1063967,1064991,1066015,1067039,1068063,1069087,1070111,1071135,1072159,1073183,1074207,1075231,1076255,1077279,1078303,1079327,2108447,2109471,2110495,2111519,2112543,2113567,2114591,2115615,2116639,2117663,2118687,2119711,2120735,2121759,2122783,2123807,2124831,2125855,2126879,3157023,3158047,3159071,3160095,3161119,3162143,3163167,3164191,3165215,3166239,3167263,3168287,3169311,3170335,3171359,3172383,3173407,3174431,3175455,3176479,4205599,4206623,4207647,4208671,4209695,4210719,4211743,4212767,4213791,4214815,4215839,4216863,4217887,4218911,4219935,4220959,4221983,4223007,4224031,4225055,5254175,5255199,5256223,5257247,5258271,5259295,5260319,5261343,5262367,5263391,5264415,5265439,5266463,5267487,5268511,5269535,5270559,5271583,5272607,5273631,6301727,6302751,6303775,6304799,6305823,6306847,6307871,6308895,6309919,6310943,6311967,6312991,6314015,6315039,6316063,6317087,6318111,6319135,6320159,6321183,6322207,7358495,7359519,7360543,7361567,7362591,7363615,7364639,7365663,7366687,7367711,7368735,8407071,8408095,8409119,8410143,8411167,8412191,8413215,8414239,8415263,8416287,9455647,9456671,9457695,9458719,9459743,9460767,9461791,9462815,9463839,10503199,10504223,10505247,10506271,10507295,10508319,10509343,10510367,10511391,10512415,10513439,11558943,11559967,11560991,12607519,12608543,12609567,32,1056,2080,3104,4128,5152,6176,7200,8224,9248,10272,11296,12320,13344,14368,15392,16416,17440,18464,19488,20512,21536,22560,23584,24608,25632,26656,27680,28704,29728,30752,31776,32800,33824,34848,35872,36896,37920,38944,39968,1059872,1060896,1061920,1062944,1063968,1064992,1066016,1073184,1074208,1075232,1079328,2108448,2109472,2110496,2111520,2112544,2113568,2114592,2121760,2122784,2123808,3157024,3158048,3159072,3160096,3161120,3162144,3163168,3170336,3171360,3172384,4205600,4206624,4207648,4208672,4209696,4210720,4211744,4218912,4219936,4220960,5253152,5254176,5255200,5256224,5257248,5258272,5259296,5260320,5261344,5267488,5268512,5269536,6310944,6311968,6312992,6314016,6315040,6316064,6317088,6318112,7359520,7363616,7364640,7365664,7366688,7368736,8413216,8414240,8415264,8416288,9461792,9462816,9463840,10510368,10511392,10512416,11558944,11559968,11560992,12607520,12608544,12609568,33,1057,2081,3105,4129,5153,6177,7201,8225,9249,10273,11297,12321,13345,14369,15393,16417,17441,18465,19489,20513,21537,22561,23585,24609,25633,26657,27681,28705,29729,30753,31777,32801,33825,34849,35873,36897,37921,38945,39969,7359521,7360545,7361569,7362593,7363617,34,1058,2082,3106,4130,5154,6178,7202,8226,9250,10274,11298,12322,13346,14370,15394,16418,17442,18466,19490,20514,21538,22562,23586,24610,25634,26658,27682,28706,29730,30754,31778,32802,33826,34850,35874,36898,37922,38946,39970,35,1059,2083,3107,4131,5155,6179,7203,8227,9251,10275,11299,12323,13347,14371,15395,16419,17443,18467,19491,20515,21539,22563,23587,24611,25635,26659,27683,28707,29731,30755,31779,32803,33827,34851,35875,36899,37923,38947,39971,36,1060,2084,3108,4132,5156,6180,7204,8228,9252,10276,11300,12324,13348,14372,15396,16420,17444,18468,19492,20516,21540,22564,23588,24612,25636,26660,27684,28708,29732,30756,31780,32804,33828,34852,35876,36900,37924,38948,39972,37,1061,2085,3109,4133,5157,6181,7205,8229,9253,10277,11301,12325,13349,14373,15397,16421,17445,18469,19493,20517,21541,22565,23589,24613,25637,26661,27685,28709,29733,30757,31781,32805,33829,34853,35877,36901,37925,38949,39973,38,1062,2086,3110,4134,5158,6182,7206,8230,9254,10278,11302,12326,13350,14374,15398,16422,17446,18470,19494,20518,21542,22566,23590,24614,25638,26662,27686,28710,29734,30758,31782,32806,33830,34854,35878,36902,37926,38950,39974,39,1063,2087,3111,4135,5159,6183,7207,8231,9255,10279,11303,12327,13351,14375,15399,16423,17447,18471,19495,20519,21543,22567,23591,24615,25639,26663,27687,28711,29735,30759,31783,32807,33831,34855,35879,36903,37927,38951,39975],"BlockIds":[8613,8613,8613,8613,8613,8613,8613,8613,8613,8613,8613,8613,8613,8613,8613,8613,8613,8613,8613,8613,8613,8613,8613,8613,8613,8613,8613,8613,8613,8613,8613,8613,8613,8613,8613,8613,8613,8613,8613,8613,8613,8613,8613,8613,8613,8613,8613,8613,8613,8613,8613,8613,8613,8613,8613,8613,8613,8613,8613,8613,8613,8613,8613,8613,8613,8613,8613,8613,8613,8613,8613,8613,8613,8613,8613,8613,8613,8613,8613,8613,8613,8613,8613,8613,8613,8613,8613,8613,8613,8613,8613,8613,8613,8613,8613,8613,8613,8613,8613,8613,8613,8613,8613,8613,8613,8613,8613,8613,8613,8613,8613,8613,8613,8613,8613,8613,8613,8613,8613,8613,8613,8613,8613,8613,8613,8613,8613,8613,8613,8613,8613,8613,8613,8613,8613,8613,8613,8613,8613,8613,8613,8613,8613,8613,8613,8613,8613,8613,8613,8613,8613,8613,8613,8613,8613,8613,8613,8613,8613,8613,8613,8613,8613,8613,8613,8613,8613,8613,8613,8613,8613,8613,8613,8613,8613,8613,8613,8613,8613,8613,8613,8613,8613,8613,8613,8613,8613,8613,8613,8613,8613,8613,8613,8613,8613,8613,8613,8613,8613,8613,8613,8613,8613,8613,8613,8613,8613,8613,8613,8613,8613,8613,8613,8613,8613,8613,8613,8613,8613,8613,8613,8613,8613,8613,8613,8613,8613,8613,8613,8613,8613,8613,8613,8613,8613,8613,8613,8613,8613,8613,8613,8613,8613,8613,8613,8613,8613,8613,8613,8613,8613,8613,8613,8613,8613,8613,8613,8613,8613,8613,9493,9493,8613,8613,8613,8613,8613,8613,8613,8613,8613,8613,8613,8613,8613,8613,8613,8613,8613,8613,8613,8613,8613,8613,8613,8613,8613,8613,8613,8613,8613,8613,8613,8613,8613,8613,8613,8613,8613,9493,9493,2966,9493,8613,8613,8613,8613,8613,8613,2966,8613,8613,8613,8613,8613,8613,8613,8613,8613,8613,3240,3240,8613,8613,8613,8613,8613,8613,8613,8613,8613,8613,8613,8613,8613,8613,8613,8613,8613,9493,9493,2966,2966,2966,9493,9493,8613,8613,9493,2966,9493,2966,9493,8613,8613,8613,8613,8613,8613,8613,8613,8613,3240,3240,3240,3240,9493,7316,7316,7316,7316,7316,8613,8613,8613,8613,8613,8613,8613,8613,8613,8613,8613,9493,9493,2966,9493,9493,9493,9493,2966,9493,9493,9493,9493,9493,2966,9493,9493,9493,9493,9493,8613,2966,8613,8613,8613,8613,8613,8613,8613,8613,3240,3240,3240,3240,3240,3240,3240,5535,9493,4214,4214,3023,9493,5122,4214,4214,5122,4214,4214,2336,2316,2336,2316,7355,7485,7355,7485,7355,7485,2336,2316,7303,8611,8613,8613,8613,8613,8613,8613,8613,8613,8613,8613,9493,9493,9493,9493,2966,9493,9493,2966,9493,9493,2966,2966,9493,2966,9493,2966,9493,9493,9493,9493,9493,9493,8613,8613,8613,8613,8613,8613,8613,8613,9493,9493,9493,9493,9493,2966,3240,3240,3240,9493,2966,9493,9493,9493,2966,9493,9493,9493,9493,9610,9493,2966,2966,2966,9610,2966,9493,9526,9493,9493,9493,9493,9493,9493,9493,2966,9610,3023,9493,9493,2966,9610,9493,9493,136,9493,9493,9493,2985,8611,2596,5535,9610,9493,9493,3023,9493,9610,9493,9493,3042,9493,2966,9493,8611,8611,8611,8611,2336,9493,9493,2966,2966,2316,9493,9493,9493,2966,2966,9493,8611,8611,8611,2336,9493,3042,2316,2966,9493,9493,2966,9493,9493,2966,2985,8611,8611,2336,2316,9493,2966,9526,9493,9493,2985,8611,8611,9493,9493,136,9493,9493,8611,8611,8611,8611,2966,2966,9493,9493,9493,2966,3004,8611,8611,8611,2326,2326,2326,2326,2326,2326,2326,2326,2326,2556,8611,8613,8613,8613,8613,8613,8613,8613,8613,8613,8613,2966,2966,2966,9493,9493,9493,2966,9493,9493,9493,9493,2966,9493,2966,9493,9493,9493,9493,2966,2966,9493,2966,8613,8613,8613,8613,8613,8613,8613,8613,9493,7277,7277,7277,7277,2966,3240,3240,3240,9493,9668,9668,9668,9668,9668,9668,9668,9668,2966,9493,8109,6540,6540,636,9493,2966,8606,8611,1436,8611,7498,9668,9493,2966,9493,9493,9493,8611,8611,8611,8611,9493,9493,8611,8611,8611,8611,8611,7368,5122,5535,3023,5122,9493,8611,8611,8611,8611,2966,9493,8611,8611,8611,8611,8611,8611,8611,8611,8611,2336,8611,8611,8611,8611,2316,9493,8611,8611,8611,8611,8611,8611,8611,8611,8611,2336,8611,8611,2316,9493,7277,7277,9668,9668,7303,8611,8611,8611,8611,2336,2316,9493,8606,8611,8606,5535,8611,8611,8611,8611,8611,9493,8611,8611,8611,8611,8611,8611,8611,8611,8611,9493,8611,8611,8611,8611,8611,8611,8611,8611,8611,2966,8611,8611,9640,8617,8611,9640,8611,8611,8611,2326,2556,2326,2556,2326,2326,2326,2326,2326,2326,2556,8613,8613,8613,8613,8613,8613,8613,8613,8613,8613,9493,2966,9493,9493,2966,2966,2966,9493,9493,9493,2966,9493,9493,2966,9493,9493,9493,2966,9493,9493,9493,9493,2966,8613,8613,8613,8613,8613,8613,8613,2966,7277,7277,7277,7277,9493,3240,3240,3240,2966,7277,9668,7277,9668,9668,9668,9668,9668,9493,9493,633,8606,8611,8611,9526,3061,8606,8611,8611,411,5122,3099,9493,2985,9493,8611,8611,8611,8611,136,883,8611,8611,8611,8611,8611,8611,8611,5122,8611,9493,8611,8611,8611,8611,3004,3080,8611,8611,8611,8611,8611,8611,8611,8611,8611,2336,8611,8611,8611,8611,2316,9493,8611,8611,8611,8611,8611,8611,8611,8611,2336,8611,8611,2316,9493,7277,7277,7277,7277,7355,8611,8611,8611,8611,2336,2316,3061,8611,8611,8611,8611,8611,8611,8611,8611,8611,883,8611,8611,8611,8611,8611,8611,8611,8611,8611,3080,8611,8611,8611,8611,8611,1189,8611,8611,8611,3061,8611,8611,9640,8611,8611,9640,8611,8611,8611,2966,8109,8617,1187,8611,2326,2326,2326,2326,2326,2326,2326,2326,2556,2326,2326,2326,8613,8613,8613,8613,8613,8613,8613,8613,8613,8613,9493,9493,2966,2966,9493,9493,2966,9493,9493,9493,9493,2966,9493,9493,9493,9493,2966,9493,2966,9493,2966,9493,2966,2966,8613,8613,8613,8613,8613,8613,2966,7277,7277,7277,7277,9493,3240,3240,3240,2966,9668,9668,7277,7277,9668,9668,9668,9668,2966,3240,9493,6540,1428,8611,8611,9526,9493,1429,1428,8611,8611,8606,412,5535,3061,9493,2966,8611,8611,8611,8611,136,2966,830,8611,8611,8611,8611,8611,8611,8611,9493,3061,8611,8611,8611,8611,3004,9493,830,8611,8611,8611,8611,8611,8611,8611,9493,2336,8611,8611,8611,8611,2316,9493,8611,8611,8611,8611,8611,8611,8611,8611,2966,2566,8611,8611,2316,9493,9668,9668,7277,7277,7277,8611,8611,8611,3023,2566,2316,2966,8606,8611,8611,8606,8611,8611,8611,8611,2966,8611,8611,8611,8606,8611,8611,8611,8611,8611,9493,8611,8611,8611,8611,8611,8611,8611,8611,8611,9493,8611,8611,9640,8611,8611,9640,8611,8611,8611,9493,9610,9610,8617,3042,8611,9493,9625,9625,9625,9625,9625,9625,9625,9625,9493,2556,2556,2556,2556,2556,2556,2556,2556,2556,2556,2556,2556,8613,8613,8613,8613,8613,8613,8613,8613,8613,8613,2966,9493,9493,9493,2966,9493,9493,9493,9493,9493,2966,9493,2966,9493,9493,9493,9493,2966,2966,9493,9493,9493,9493,9493,9493,8613,8613,8613,8613,8613,9493,7277,7524,2966,7277,9493,3240,3240,3240,9493,7277,7277,9668,7277,7277,7277,9668,7277,9493,3240,3240,3240,9493,5535,8611,402,5535,9493,3061,8611,8611,8606,5122,8611,5535,5122,2966,2985,3099,8611,8611,8611,8611,2966,883,8611,8611,8611,8611,8611,8611,8611,8611,8611,8611,8611,8611,8611,8611,9493,3080,8611,8611,8611,8611,8611,8611,8611,8611,3004,8611,8611,8611,8611,8611,2316,9493,8611,8611,8611,8611,8611,8611,8611,8611,2966,8611,8611,8611,8611,2316,9493,7277,9668,9668,7277,7277,7316,7355,8611,9493,3061,8611,8611,8611,8611,8611,8611,5535,8611,3023,883,8611,8611,8611,8611,8611,8611,8611,8611,8611,3080,8611,8611,8611,8611,8611,8611,8611,8611,2966,8611,8611,9640,8611,8611,9640,8611,8611,2966,3061,8617,8617,1189,1180,1188,8617,9493,2346,2346,2346,2346,2346,2346,2346,2346,2346,2346,2346,2346,8613,8613,8613,8613,8613,8613,8613,8613,8613,9493,2966,9493,9493,9493,9493,9493,9493,9493,9493,2966,2966,2966,9493,9493,9493,9493,2966,9493,9493,2966,2966,9493,9493,9493,9493,8613,8613,8613,8613,8613,9493,9493,7277,9493,2966,7498,9493,3240,3240,3240,9493,9668,9668,9668,7277,9668,9668,9668,9668,9493,3240,3240,3240,5122,9493,5122,397,5535,8611,9493,9493,635,8109,3239,8610,8606,5122,9493,634,9493,8611,8611,8611,8611,8611,9493,2966,8611,8611,8611,8611,8611,8611,5122,8611,9493,8611,8611,8611,8611,8611,2966,9493,8611,8611,8611,8611,8611,8611,8611,8611,9493,8611,8611,8611,8611,8611,2316,2966,8617,8611,8611,8611,8617,8611,8611,8611,9493,8611,8611,8611,8611,2316,2966,9668,9668,7277,9668,7277,9668,9668,9668,2966,2566,9493,9716,9715,9716,8611,8611,8611,8606,8606,9493,9493,9715,9716,9715,8611,8611,8611,8611,8611,9493,9493,8606,8606,8606,8611,8611,8611,8611,8611,9493,9493,8617,8611,9640,8611,8611,9640,8617,8611,9493,2346,2346,2346,2346,2346,2346,2346,2346,2346,2556,2346,2346,8613,8613,8613,8613,8613,8613,8613,8613,9493,9493,9493,9493,9493,9493,2966,2966,2966,2966,9493,9493,9493,9493,9493,2966,2966,2966,9493,9493,9493,2966,2966,9493,2966,9493,9493,8613,8613,8613,8613,8613,2966,2966,9493,7277,7472,7277,9493,3240,3240,3240,9493,9493,9493,9493,2966,2966,9493,9493,9493,9493,3240,3240,3240,5535,9493,8611,8611,1428,2966,3099,9493,9493,9493,9493,2966,9493,9493,2966,9493,3061,8611,8611,8611,8611,2985,3080,9493,9493,9493,9493,2966,9493,2966,2966,9493,8611,8611,8611,8611,8611,2966,9493,3099,9493,9493,9493,9493,2966,3118,9493,9493,2566,8611,8611,8611,8611,2316,2966,9493,9493,9493,9493,9493,2966,9493,9493,9493,8611,8611,8611,8611,2316,3061,2966,2966,2966,2966,2966,9493,2966,2966,2985,2566,2316,9493,9493,9493,9493,9526,9526,9493,2966,9493,3099,2966,9493,2966,9493,136,136,9493,9493,9493,9493,9493,2966,3099,9493,3118,3118,9493,9493,3118,9493,2346,2346,2346,2346,2346,2346,2346,2346,2346,2346,2346,2346,8613,8613,8613,8613,8613,8613,8613,8613,8613,2966,9493,9493,2966,2966,2966,2966,9493,2966,9493,2966,9493,2966,9493,2966,9493,2966,9493,2966,2966,9493,9493,2966,2966,2966,8613,8613,8613,8613,8613,8613,9493,7277,7277,7277,7277,2966,3240,3240,3240,3240,9493,2966,3240,3240,3240,3240,3240,3240,9493,8606,8606,8424,8423,9493,9493,9493,2966,8611,8611,8611,8611,9493,9493,9493,3023,8611,8611,8611,8611,3004,3042,2966,2336,8611,8611,8611,8611,2316,2966,9493,8611,2566,8611,8611,2316,9493,7355,7355,3004,2336,2316,4354,4354,8613,8613,8613,8613,8613,8613,8613,8613,8613,8613,9493,9493,2966,9493,9493,9493,9493,2966,9493,2966,2966,9493,9493,9493,9493,9493,2966,2966,9493,2966,9493,9493,9493,2966,8613,8613,8613,8613,8613,8613,9493,9493,9493,9493,9493,9493,3240,3240,3240,3240,3240,3240,3240,3240,3240,3240,3240,3240,9610,9493,9493,2966,2966,9610,9610,9493,9493,3099,3099,9610,9610,3118,9493,9493,9610,2336,9493,9493,3118,2966,2316,2336,2966,9493,2316,9493,7355,7355,2966,2336,2316,4354,4354,8613,8613,8613,8613,8613,8613,8613,8613,8613,8613,2966,2966,2966,9493,2966,2966,9493,2966,9493,9493,9493,2966,9493,2966,2966,2966,9493,9493,2966,9493,9493,9493,9493,9493,8613,8613,8613,8613,8613,8613,3240,3240,3240,3240,3240,3240,3240,3240,3240,3240,3240,3240,3240,3240,3240,2336,2316,2336,2316,3118,7355,7355,3118,2336,2316,4354,4354,8613,8613,8613,8613,8613,8613,8613,8613,8613,2966,2966,9493,2966,9493,9493,2966,2966,9493,9493,2966,8613,9493,9493,2966,9493,2966,2966,2966,2966,9493,2966,9493,9493,8613,8613,8613,8613,8613,8613,8613,3240,3240,3240,3240,3240,3240,3240,3240,3240,3240,3240,3240,3240,3240,3240,3240,7355,7355,4354,4354,8613,8613,8613,8613,8613,8613,8613,8613,9493,9493,2966,9493,9493,9493,2966,9493,9493,9493,9493,9493,9493,9493,2966,2966,9493,9493,9493,2966,2966,9493,2966,9493,2966,2966,8613,8613,8613,8613,8613,8613,3240,3240,3240,3240,3240,3240,3240,3240,3240,3240,3240,3240,3240,3240,3240,3240,3240,3240,3240,3240,3240,3240,3240,3240,7355,7355,4354,4354,8613,8613,8613,8613,8613,8613,8613,9493,9493,2966,9493,9493,9493,9493,9493,9493,2966,9493,2966,2966,9493,2966,9493,9493,9493,9493,9493,9493,2966,2966,9493,9493,9493,2966,8613,8613,8613,8613,8613,8613,3240,3240,3240,3240,3240,3240,3240,3240,3240,3240,3240,3240,3240,3240,3240,3240,3240,3240,3240,3240,3240,3240,3240,3240,3042,7355,7355,3042,4354,4354,8613,8613,8613,8613,8613,8613,8613,9493,2966,9493,9493,2966,9493,9493,2966,9493,2966,9493,2966,9493,9493,9493,9493,9493,9493,9493,2966,9493,2966,9493,9493,2966,9493,8613,8613,8613,8613,8613,8613,8613,3240,3240,3240,3240,3240,3240,3240,3240,3240,3240,3240,3240,3240,3240,3240,3240,3240,3240,3240,2966,7355,7355,9493,4354,4354,8613,8613,8613,8613,8613,8613,8613,8613,9493,2966,9493,2966,2966,9493,9493,9493,9493,9493,9493,9493,9493,9493,9493,9493,2966,9493,2966,9493,9493,2966,9493,9493,8613,8613,8613,8613,8613,8613,8613,8613,3240,3240,3240,3240,3240,3240,3240,3240,3240,9493,9493,9493,9493,2966,3240,3240,3061,2966,9493,2966,2966,9493,9493,2966,9493,2966,2985,2316,9493,7355,7355,9493,2316,4354,4354,2316,2566,8613,8613,8613,8613,8613,8613,8613,8613,9493,2966,9493,9493,2966,2966,2966,9493,9493,9493,9493,9493,9493,9493,2966,9493,2966,9493,9493,9493,9493,2966,9493,9493,8613,8613,8613,8613,8613,8613,8613,8613,3240,3240,3240,3240,2966,2966,2966,9493,2966,9493,2966,9493,2966,9493,9493,2966,9493,9493,9493,9493,9493,9493,9493,2966,9493,2966,2966,9526,9493,9493,9493,9493,9526,9493,9493,9493,9493,9493,9493,9493,136,2966,2985,9493,9493,136,2966,9493,9493,9493,9493,9493,9493,3042,9493,3042,3061,9493,3042,9493,2966,9493,9493,9493,9493,9493,9493,9493,2316,9493,9493,9493,9493,9493,9493,2966,2966,9493,9493,3042,2316,9493,2966,3023,9493,9493,2966,9526,9526,9493,9493,2316,3042,9493,896,9493,9493,2966,136,136,9493,2316,2966,9493,3042,9493,9493,9493,3042,3042,2966,2326,2326,2326,2326,2326,2556,2326,2326,2326,2326,2326,8613,8613,8613,8613,8613,8613,8613,8613,8613,8613,9493,2966,9493,9493,2966,2966,9493,9493,2966,9493,9493,9493,2966,9493,9493,9493,9493,2966,9493,9493,9493,9493,8613,8613,8613,8613,8613,8613,8613,8613,9493,2966,2966,9493,9493,2966,9493,9493,9668,9668,9668,9668,9493,2966,9493,9526,9493,3023,2966,2966,9493,9668,7277,7277,7277,9668,7277,7277,9493,8611,8611,8109,2966,9493,9493,136,2966,896,9493,2966,2966,8611,8611,8611,8611,1432,8610,632,9493,8611,8611,8606,9493,9493,2966,3042,9493,3042,9493,2966,9493,8611,8611,8611,8294,8611,8611,8611,2966,8611,8611,8611,9493,2326,2326,2326,2326,2326,2326,2326,2326,9493,8611,8611,8611,8611,8611,8611,8611,9493,9668,9668,9668,2316,9493,8611,9668,9668,9668,9668,9668,9668,9493,637,8617,2316,9493,8611,7303,8606,1428,8606,8611,8611,9493,8611,2316,2966,8611,8611,8611,8611,8606,8611,8611,9493,2316,2966,8611,8611,8611,8611,8611,8611,8611,9493,9493,7368,7368,9640,7368,7368,9640,7368,2966,2326,2326,2556,2326,2326,2326,2326,2326,2326,2326,2326,8613,8613,8613,8613,8613,8613,8613,8613,8613,8613,2966,9493,9493,2966,9493,2966,9493,9493,2966,9493,2966,9493,2966,2966,9493,9493,2966,9493,9493,9493,9493,9493,8613,8613,8613,8613,8613,8613,8613,8613,9493,7277,9668,7277,9668,9668,9493,2966,9668,9668,9668,9668,2966,9493,1432,8611,8611,1428,8606,2966,9493,9668,9668,7277,9668,9668,7277,9668,9493,8606,8611,8611,2966,9493,8611,8611,8611,8611,8611,3061,2966,7472,8611,8611,8611,8611,8606,8611,9493,8606,8611,8611,2966,3061,8611,8611,8611,8611,8611,2966,9493,8611,8611,8611,8611,8611,8611,8611,9493,8611,8611,8611,2966,9493,9668,7290,7277,7277,7277,9493,9493,8611,8611,8611,8611,8611,8611,8611,2966,7277,9668,7277,2316,2326,2326,2326,2326,2326,2326,2326,2326,2966,8611,9668,9668,9668,9668,9668,9668,9493,8611,8611,2316,9493,8611,7303,8606,8611,8611,8611,8611,9493,8611,2316,9493,8611,8611,8611,8611,8611,8611,8611,9493,2316,3061,8611,8611,8611,8611,8611,8611,8611,9493,2966,7368,7368,9640,7368,7368,9640,7368,2966,3080,3004,2326,2326,2326,2326,2326,2326,2326,2326,2326,2326,2326,8613,8613,8613,8613,8613,8613,8613,8613,8613,8613,9493,9493,2966,9493,9493,2966,9493,2966,2966,2966,9493,9493,9493,2966,9493,9493,9493,9493,9493,9493,2966,2966,8613,8613,8613,8613,8613,8613,8613,8613,2966,9668,9668,9668,9668,9668,2966,9493,9668,9668,9668,9668,9493,9493,8611,8611,8606,8611,8606,9493,9493,9668,9668,9668,9668,9668,9668,9668,9493,8611,5535,8611,9493,2966,8244,8611,8610,8611,8611,2966,2966,7537,8611,8606,8606,8611,8611,8611,9493,8611,8611,8611,9493,9493,8611,8611,8611,8611,8611,9493,2966,7472,8611,8611,8611,8611,8611,8611,9493,8611,8611,8611,9493,2966,7277,7277,9668,9668,7277,2966,9493,8611,8611,8611,8611,8611,8611,8611,9493,7277,7277,9668,2316,2966,2966,9493,8611,9668,9668,9668,9668,9668,9668,9493,636,8611,2316,2326,2326,2326,2326,2326,2326,2326,2326,9493,8611,7303,8606,8611,412,8611,8611,9493,8611,2316,9493,8611,8611,8611,8611,8611,8611,8611,9493,2316,9493,8611,8611,8611,8611,8611,8611,8611,2966,9493,9625,9625,9640,9625,9625,9640,9625,3004,9493,9493,2966,9625,9625,9625,9625,9625,9625,9625,9493,2556,2556,2556,2556,2556,2556,2556,2556,2556,2556,2556,8613,8613,8613,8613,8613,8613,8613,8613,8613,8613,2966,9493,9493,9493,9493,2966,9493,9493,2966,2966,2966,2966,9493,2966,2966,9493,9493,9493,9493,9493,9493,2966,9493,8613,8613,8613,8613,8613,8613,8613,9493,7277,9668,7277,7277,9668,2966,2966,9668,9668,9668,9668,9493,9493,2966,8606,8611,8611,8611,8610,9493,9493,9668,9668,9668,7277,9668,7277,7277,2966,8606,411,5122,9493,5122,9493,8611,8611,8611,8611,8611,9493,9493,8610,8611,8611,8611,8611,8611,8611,9493,8611,8611,8611,3099,2966,8611,8611,8611,8611,8611,9493,9493,7537,8611,8611,8611,8611,8611,8611,9493,8611,8611,8611,8611,9493,7277,9668,9668,7277,9668,9493,2966,7472,8611,8611,8611,8611,8611,8611,9493,9668,8611,8611,2316,3080,9493,9493,8611,9668,9668,9668,9668,9668,9668,9493,8611,8611,2316,9493,9625,9625,9625,9625,9625,9493,9493,8611,7303,8611,8611,8611,8078,8611,9493,8611,2316,2556,2556,2556,2556,2556,2556,2556,2556,2966,8611,8611,8611,8611,8611,8611,8611,2966,2316,9493,8611,8611,8611,8611,8611,8611,8611,2966,3061,7368,7368,9640,7368,7368,9640,7368,9493,9493,2346,2346,2346,2346,2346,2346,2346,2556,2346,2346,2346,8613,8613,8613,8613,8613,8613,8613,8613,8613,8613,2966,9493,2966,2966,2966,9493,2966,9493,9493,9493,9493,9493,9493,9493,2966,9493,9493,2966,2966,9493,9493,9493,9493,8613,8613,8613,8613,8613,8613,8613,2966,7277,9668,9668,7277,9668,9493,9493,9668,9668,9668,9668,9493,9493,2966,631,8611,8611,8060,8057,9493,2966,7277,7277,9668,9668,9668,9668,9668,2966,8606,5122,3099,9493,8611,8611,8611,8611,8611,9493,9493,8610,8606,8606,3004,8610,3080,3042,9493,8611,8611,8611,8611,2966,8611,8611,8611,8611,8611,3080,2966,8610,8611,8611,8610,8611,9493,8611,8611,8611,8611,3061,7277,7277,7277,7277,7277,9493,9493,7277,7459,8611,8611,8611,3023,9493,9668,8611,8611,8611,3080,9493,9493,8611,7498,9668,9668,9668,9668,9668,9493,8611,8611,2566,8611,2346,2346,2346,2346,2346,2346,2346,2346,9493,8611,8611,8611,8611,8611,8075,8606,9493,8617,2316,2966,8611,8611,8611,8611,8611,8611,8611,2966,2316,9493,8611,8611,8611,8611,8611,8611,8611,9493,9493,7368,7368,9640,7368,7368,9640,7368,2985,2346,2346,2346,2556,2346,2346,2346,2346,2346,2346,2346,8613,8613,8613,8613,8613,8613,8613,8613,8613,8613,9493,9493,9493,2966,9493,9493,9493,9493,9493,9493,2966,2966,9493,2966,9493,2966,2966,2966,9493,2966,2966,9493,2966,8613,8613,8613,8613,8613,8613,8613,9493,9668,7277,9668,9668,9668,2966,9493,9493,2966,2966,2966,9493,2966,2966,2966,9493,2966,9493,9493,2966,8109,8606,8611,8611,9715,2966,2966,3099,9493,9493,9493,2966,9493,9493,9493,9493,3099,2966,2966,8611,8611,8611,8611,9715,9493,2966,9493,2966,3099,3099,9493,2966,9493,9493,9493,8611,8611,8611,2966,8611,8611,8611,8611,9715,9493,9493,9493,9493,3118,9493,2966,9493,8200,9493,2966,3118,8611,8611,3061,9668,9668,7277,9668,7277,2966,9493,9493,9493,9493,9493,9493,2966,9493,2966,9493,2985,8611,8611,2346,2346,2346,2346,2346,2346,2346,2346,9493,9493,2966,9493,9493,9493,9493,9493,9493,9493,3004,8611,8611,2966,2966,2966,2966,9526,9493,2966,9493,9493,9493,2316,9493,9493,9493,9493,136,9493,2966,2966,9493,2316,2966,9493,9493,9493,3118,2966,9493,9493,9493,2346,2346,2346,2346,2346,2346,2346,9493,9493,2966,2346,4334,4394,4274,4334,4394,4274,8613,8613,8613,8613,8613,8613,8613,8613,8613,8613,2966,9493,2966,2966,2966,9493,9493,9493,9493,9493,9493,2966,9493,9493,9493,2966,9493,9493,2966,9493,9493,9493,8613,8613,8613,8613,8613,8613,8613,8613,9493,9493,9493,9493,2966,9493,9493,9493,2966,2966,2966,9493,9493,3099,9493,3099,9493,3099,4374,4434,4314,3080,2966,896,2966,896,9493,2966,4374,4434,4314,2966,9493,3118,9493,3118,9493,9493,4374,4294,4314,2346,2346,2346,2346,2346,2346,2346,2346,2346,4374,4434,4314,7537,7355,7537,7355,7537,4374,4434,4314,7303,7329,4434,4434,4314,2316,4374,4434,4314,2566,4374,4434,4314,4374,4434,4314,4374,4434,4314,4374,4434,4314,8613,8613,8613,8613,8613,8613,8613,8613,8613,8613,8613,9493,2966,2966,2966,9493,9493,9493,8613,8613,8613,8613,8613,2966,9493,9493,9493,9493,8613,8613,2966,8613,8613,8613,8613,8613,8613,8613,8613,8613,7342,7342,7342,7342,7342,8613,8613,8613,8613,8613,8613,8613,8613,8613,8613,8613,8613,8613,8613,8613,8613,8613,8613,8613,8613,8613,8613,8613,8613,8613,8613,8613,8613,8613,8613,8613,8613,8613,8613,8613,8613,8613,8613,8613,8613,8613,8613,8613,8613,8613,8613,8613,8613,8613,8613,8613,8613,8613,8613,8613,8613,8613,8613,8613,8613,8613,8613,8613,8613,8613,8613,8613,8613,8613,8613,8613,8613,8613,8613,8613,8613,8613,8613,8613,8613,8613,8613,8613,8613,8613,8613,8613,8613,8613,8613,8613,8613,8613,8613,8613,8613,8613,8613,8613,8613,8613,8613,8613,8613,8613,8613,8613,8613,8613,8613,8613,8613,8613,8613,8613,8613,8613,8613,8613,8613,8613,8613,8613,8613,8613,8613,8613,8613,8613,8613,8613,8613,8613,8613,8613,8613,8613,8613,8613,8613,8613,8613,8613,8613,8613,8613,8613,8613,8613,8613,8613,8613,8613,8613,8613,8613,8613,8613,8613,8613,8613,8613,8613,8613,8613,8613,8613,8613,8613,8613,8613,8613,8613,8613,8613,8613,8613,8613,8613,8613,8613,8613,8613,8613,8613,8613,8613,8613,8613,8613,8613,8613,8613,8613,8613,8613,8613,8613,8613,8613,8613,8613,8613,8613,8613,8613,8613,8613,8613,8613,8613,8613,8613,8613,8613,8613,8613,8613,8613,8613,8613,8613,8613,8613,8613,8613,8613,8613,8613,8613,8613,8613,8613,8613,8613,8613,8613,8613,8613,8613],"DecorIndices":[],"DecorIds":[],"BlockEntities":{"2119690":"!<d@[F*PD@#QOl.E,TfC\"TSN&!<d@[F*\\PH#64o6@VfsmCI<#NAIi<iDfRFNDes,u/R`:'A-<6[DffE0AQ_o>AD7X:57%O4E+NouA,uuGBl8**Ecai\\DIdQpErZ1","7362570":"!<d@[F*PD@#QOl.E,TfC$31&+!<d@[F*\\PH#64o6@VfsmCI<#NAIi<iDfRFNDes,u/R`:'A-<6[DffE0AQ_o>AD7X:57%O4E+NouA,loFBl8**Ecai\\DIdQpErZ1","2109451":"!<d@[F*PGA#QOl.E,TfC\"TSN&!<d@[F*\\2>#64o6@VfsmCI<#NAI;p\\ATMrFARTY%\"po!]G%GQ5DfU+(#'\"^#Dfg%+!!!!'\"`nKuFE7Zf0E;+R!!!Q2!!!$\"!!!-0FDl80CdVlEDI[8&bY12##6?OZ!<<*\"'*/(5!<<*\"\":K<iFCAuQBOPdgA^/Fm4obfg1&q=T!!!Q2!!!$\"!!!-0FDl80CdVlEDI[8&bY12##6?U\\!<<*\"'*/(5!<<*\"\":K<iFCAuQBOPdgA^/Fm4obfg1]ROV!!!Q2!!!$\"!!!-0FDl80CdVlEDI[8&bY12##6?[^!<<*\"'*/(5!<<*\"\":K<iFCAuQBOPdgA^/Fm4obfg2?3aX!!!Z5!!!$\"!!!-0FDl80CdVlEDI[8&bY12##6?a`!<<*\"&-2b2!<<*\"\":K<iFCAuQBOPdgA^/Fm4obQ_\"Uo!]E^FS\\@r\"GMA7Z*XBOu7,/S/@3F9MehH#R=%@rH1\"@;p:!A2=>pD.Rd%6#L=OA_Ra;56(","2110475":"!<d@[F*PGA#QOl.E,TfC\"TSN&!<d@[F*\\5?#64o6@VfsmCI<#NAHcRa@<?&b$#+:#ASuU.Ed7ZiEH>r7FE7un!!!3,F)5c:EsD_\"!!*'\"!#u(@!!N?&z\"Uo!]E^FS\\@r\"GMA7YpSEaa'$\"U/^N@V'?`E+*]sE\\1j>E--@/\"E\\p.AI3R!De(G.B4YTV$#O6pBL-NKCh;?38O!4_CggdaCdW,WDfPgX!!!0.Ch[EYFCB9&#%MIfF(Jke$>a-[ASb:e@:O'R!!","2111499":"!<d@[F*PGA#QOl.E,TfC\"TSN&!<d@[F*\\8@#64o6@VfsmCI<#NAHcRa@<?&b$#+:#ASuU.Ed7ZiEH>r7FE7un!!!3,F)5c:EsD_\"z!,;i@!$D7Az\"Uo!]E^FS\\@r\"GMA7YpSEaa'$\"U/^N@V'?U\"U&pmE+K?\"Df9/<@:s.^\":8pVF(djWB5D/-;u8c[$>a-[ASa_PCi==o!!!!&#]+3c;flGiAHlX\\Df]K##7>9U@V'@SFCAZp!<<","2118667":"!<d@[F*PGA#QOl.E,TfC\"TSN&!<d@[F*\\MG#64o6@VfsmCI<#NAHu^]F`__:EWlSfH#R=4@rc\"\"AM7P6@<?'4F)>?%Cb9^M@:O(aA-<-XDffE0AQSp4!!!-.D.Rd%6#L=OA_Ra;^'\"[]DffE0AQf'6!!!<3@rH1\"ARfgnA,lT","7361547":"!<d@[F*PGA#QOl.E,TfC$31&+!<d@[F*\\MG#64o6@VfsmCI<#NAHu^]F`__:EWlSfH#R=8@W-1#F(f-$G%G_JCh7*uF`M@O@W-1#/T5T>D?L2bDffE0AQSp4!!!-.D.Rd%6#L=OA`V%#56M43DffE0AQf'6!!!<3@rH1\"ARfgnA,lT","7363595":"!<d@[F*PGA#QOl.E,TfC$31&+!<d@[F*\\SI#64o6@VfsmCI<#NAHu^]F`__:EWlSfH#R=%@<-4!Ci!O#GqfF,Ec6&.FCePS!!!!%$#O6pBL-NKCh;\\N(-i!-Ec6&.FCeVU!!!!*$\"ImiCh7*uARkc@","2110476":"!<d@[F*PJB#QOl.E,TfC\"TSN&!<d@[F*\\5?#64o6@VfsmCI<#NAHu^]F`__:EWlSfH#R=4@rc\"\"AM7P6@<?'4F)>?%Cb9^M@:O(aA-<-XDffE0AQSp4!!!-.D.Rd%6#L=OA_R_e56M43DffE0AQf'6!!!<3@rH1\"ARfgnA,lT","2113548":"!<d@[F*PJB#QOl.E,TfC\"TSN&!<d@[F*\\>B#64o6@VfsmCI<#NAIi<iDfRFNDes,u/R`:'A-<6[DffE0AQ_o>AD7Vd^^13`E+NouA,loFBl8**Ecai\\DIdQpErc:MCh74#6uR!a:iCDW!<<*\"!=WdUAopFZDfSZmF'/JC!!!$.Ch74#6uR!a:iCDYz!!","2118668":"!<d@[F*PJB#QOl.E,TfC\"TSN&!<d@[F*\\MG#64o6@VfsmCI<#NAHu^]F`__:EWlSfH#R=3@rc\"\"AM7P6@<?'4D.R6lF_r^AD/aTB\":&scFCB9&=9&=$!!EUFATMNNDJ*csgCMCi\":&scFCB9&=o\\O&!!rsADes6$@ru9m!!!","2121740":"!<d@[F*PJB#QOl.E,TfC\"TSN&!<d@[F*\\VJ#64o6@VfsmCI<#NAJAZqH\"19'@psG\"/SK9D@;^!tA2+0\"FE1f-F(o`1Df/*aF`MOsAS-#az!:[`*'Pq3!F@0_Q@r\"AP<,ZkeCd_]WF!ld-8ZFg>5QC","11557900":"!<d@[F*PJB#QOl.E,TfC%KHJ/!<d@[F*\\SI#64o6@VfsmCI<#NAI;p\\ATMrFARTY%\"po!]G%GQ5DfU+(#'\"^#Dfg%+!!!!'\"`nKuFE7Zf1&q=T!!!W4!!!$\"!!!!(!AjcW!!!!$!<<*#z#6?[^!<<*\"'`e:7!<<*\"!!`N_!!*'\"!#GY9!!*'\"!!!6)2ZNjY!!!$#!!!$\"!!!$&F('6'!<<*\"\"pT-j@:O(,#6f0j@:O'Qz$j-J0!<<*\"\"U&pmE+K5kDfT]'C]FSB@q]:g@q>W?0L5[C#'4lp@r!e(\"`nco@qu&E!!!!.!rr<%!!!!&\"E\\p.AHm$jEc#6$!!EL9BOPdgAH2]a5l_)nF*(i#CGH+uF*(i#CB+>7!!!K2!!!$\"!!!0*FEqh:#&\\@\"D..5\\\"9r@L@;]Rd!!\"]=!!WXKFCAZp1C\"))FCAZpz!\"T/3!!*'\"!!NLIH#R=!DJsQ4@;GoH#%M=TDI[5X!&-\\=\"pT-j@:O(0#6f0j@:O'Qz&-Dn4!<<*\"\"U&pmE+K5kDfT]'C]FSB@q]:g@q>W?0L5[C#'4lp@r!q,\"`nco@qu&E!!!!2!rr<%!!!!&\"E\\p.AHm$jEc#6$!!EL9BOPdgAH2]a5l_)nF*(i#CGlD$F*(i#CB+>7!!$:+!!!$\"!!!!%#%M=TDI[5X!!#:b\"pT-j@:O(3#6f0j@:O'QzPl^pc!<<*\"!!EL9BOPdgAH2]A5l_)nF*(i#CH)P&F*(i#CB+>7!!)3`!!!*$!!!!%#%M=TDI[5X!!#:b\"pT-j@:O(5#6f0j@:O'QzkQ(Y`!rr<$!!EL9BOPdgAH2]A5l^lb!!NdCDfS0\\De!QMDe*Dd@q]FpF=h'4F*%QgFEqh:$=e!jCgh:(ARmP!$#O6pBL-NKCh;?3aZfb","2109453":"!<d@[F*PMC#QOl.E,TfC\"TSN&!<d@[F*\\2>#64o6@VfsmCI<#NAHcRa@<?&b$#+:#ASuU.Ed7ZiEH>r7FE7un!!!3,F)5c:EsD_\"z!0dWe!!E9%z\"Uo!]E^FS\\@r\"GMA7YpSEaa'$\"U/^N@V'?U\"U&pmE+K?\"Df9/<@:s.^\":8pVF(djWB5D/6%nStd$>a-[ASa_PCi==o!!!!&#]+3c;flGiAHlX\\Df]K##7>9U@V'@SFCAZp!<<","2113549":"!<d@[F*PMC#QOl.E,TfC\"TSN&!<d@[F*\\>B#64o6@VfsmCI<#NAIi<iDfRFNDes,u/R`:'A-<6[DffE0AQ_o>AD7Vd^^13`E+NouA,loFBl8**Ecai\\DIdQpErZ4MEbT0\"F@:%cE_p[q=TAF$rrERLBkM+$6uR!a:iCDXz!=a'`B4uBTDf9YmDf](^z","2122765":"!<d@[F*PMC#QOl.E,TfC\"TSN&!<d@[F*\\YK#64o6@VfsmCI<#NAHu^]F`__:EWlSfH#R=(@;^7&Cb9+:Deip%0a%`%DffE0AQSp4!!!-.D.Rd%6#L=OA_R_e5Qh=4DffE0AQf'6!!!<3@rH1\"ARfgnA,lT","2123789":"!<d@[F*PMC#QOl.E,TfC\"TSN&!<d@[F*\\\\L#64o6@VfsmCI<#NAJAZqH\"19'@psG\"/SK9D@;^!tA246#FE1f-F(o`1Df/*aF`MOsAS-#az!:[`*'Pq3!F@0_Q@r\"AP<,ZkeCd_]WF!ld-8ZFg>5QC","3167245":"!<d@[F*PMC#QOl.E,TfC\"onW'!<d@[F*\\MG#64o6@VfsmCI<#NAI`fjE+O*4Ed96SDfTr5#mPEgFED)3!!NLIH#R=#AoD^+DfT_N!!","4215821":"!<d@[F*PMC#QOl.E,TfC#64`(!<d@[F*\\MG#64o6@VfsmCI<#NAI`fjE+O*4Ed96SDfTr5#mPEgFED)3!!NLIH#R=#AoD^+DfT_M!!","7361549":"!<d@[F*PMC#QOl.E,TfC$31&+!<d@[F*\\MG#64o6@VfsmCI<#NAHu^]F`__:EWlSfH#R=&D.R3j/SJ^3E+O%m#BFa)@<?'_z\":8pVF(djWB5D/6&'7!<#BFa)@<?'az#mk*[Ci!ZmFCet_!!","7364621":"!<d@[F*PMC#QOl.E,TfC$31&+!<d@[F*\\VJ#64o6@VfsmCI<#NAHu^]F`__:EWlSfH#R=4FCAWpAM%_:DJ(PFBln#?@r-(*BJ\"79A-<-XDffE0AQSp4!!!-.D.Rd%6#L=OAH2]1!!EOIDffE0AQf'6!!!<3@rH1\"ARfgnA,lT","8413197":"!<d@[F*PMC#QOl.E,TfC$NL/,!<d@[F*\\VJ#64o6@VfsmCI<#NAHu^]F`__:EWlSfH#R=!B5DKqAMjSqEc6&.FCePS!!!!%$#O6pBL-NKCh;$nqnE7=Ec6&.FCeVU!!!!*$\"ImiCh7*uARkc@","2120718":"!<d@[F*PPD#QOl.E,TfC\"TSN&!<d@[F*\\SI#64o6@VfsmCI<#NAHu^]F`__:EWlSfH#R=1@rc\"\"AM7P6@<?'4F)>?%Cb9CEDJK@[Ec6&.FCePS!!!!%$#O6pBL-NKCh;\\N(;L%XEc6&.FCeVU!!!!*$\"ImiCh7*uARkc@","11560974":"!<d@[F*PPD#QOl.E,TfC%KHJ/!<d@[F*\\\\L#64o6@VfsmCI<#NAIiTq@s)j7DImm2/Rr4%AH<'R@<b.XF`):(!!!!%%;B^%ATDs&Ce/JeEcZ$$/jB[NASuU(FEp5lA7]f_!!!!.Ci<g+F*'!CEc5iAAH;jW1&M\"NrrE1H1&M\"NrrE1I1&M\"NrrE1G1'IXX!!*.H1'.FU!!*.I1'IXX!!*RHBl6a`@<lF);IOHUAL%6U!!*RH@<bUb@<lF);IOHUAcMf1rrEUNE+*s.;IOHUAPI)RAH;c2!!*FJE+*s.6Z7*bF8u:@!!s?\\E+*s.:Msuo6\"Y4ME_1+eDfTq\"!>]BeBln&tCf,=`DKKT7GuJZjGA^u&z!>K6cBln&tCf>:]GA^9#@;^1$FEn&j!!!$+B6%p5E)UIsAHMo4!!s$W@<5\"WE,Tc=ARkcC'5V)uFAm-eGA^AuFCAuVDfp)AzT?L;$!>&s_FCfK1@;J;>E+*6jFEn2n!!!*2Bl8$(Ec,<%6YKnKB4V&C!!!\"L6U1_aEb/`o@<-!l:h=Z<Dfp(#!!&[[RCPNa)Jii'F@0_MEbAr`E+EC!AQ3Si@;JJQF`MPVr;ZegbZ-q>%s)\\uGA^u&7;d3]FD5<-!<<*\".:N;Xz!X<=LEb%aP#QOi)z!>0$`F(o/r9Q+E`F*'cfF`):3z","2119695":"!<d@[F*PSE#QOl.E,TfC\"TSN&!<d@[F*\\PH#64o6@VfsmCI<#NAI;p\\ATMrFARTY%\"po!]G%GQ5DfU+(#'\"^#Dfg%+!!!!'\"`nKuFE7Zf0E;+R!!!Z5!!!$\"!!!-0FDl80CdVlEDI[8&bY12##6?R[!<<*\"&-2b2!<<*\"\":K<iFCAuQBOPdgA^/Fm4obfg1]ROV!!!K0!!!$\"!!!-0FDl80CdVlEDI[5X!!#4`#6?[^!<<*\"'*/(5!<<*\"\":K<iFCAuQBOPdgA^/Fm4obfg2?3aX!!!f9!!!$\"!!!-0FDl80CdVlEDI[7qor(%S#6?a`!<<*\"2@]]e!<<*\"!!!!&$taEu6>URMCI<#NAI;p\\ATMrFARTY%\"U&pmE+KAdDes5uE-#T$1'@o#ATMNNDJ*csgCME@!!","2120719":"!<d@[F*PSE#QOl.E,TfC\"TSN&!<d@[F*\\SI#64o6@VfsmCI<#NAHc[aEbAqg#\\.djFCf?3ErcCMAp%[$9P&BYC]FG8!!*=6F`MA6DJ&qL!!!*6CghC,<,#iX<,ZkeCe/JeEcV3\\!!&Y8<C$T","2121743":"!<d@[F*PSE#QOl.E,TfC\"TSN&!<d@[F*\\VJ#64o6@VfsmCI<#NAIW9mDfor.F*)>@@:s-U$#+:#ASuU.Ed7ZiEH>r7FE7Qb!!!3,F)5c:EsD_$z!+Q'1!!*'\"z#n^cfEarZZFDl2.B4Xn[DfBat\":8pVF(djWB5D/6&';Qe$=S$u@:Nt?@:NjKz","2122767":"!<d@[F*PSE#QOl.E,TfC\"TSN&!<d@[F*\\YK#64o6@VfsmCI<#NAHu^]F`__:EWlSfH#R=1@rc\"\"AM7P6@<?'4Cgh?sAM%Y>DJK@[Ec6&.FCePS!!!!%$#O6pBL-NKCh;\\N(;L%XEc6&.FCeVU!!!!*$\"ImiCh7*uARkc@","7361551":"!<d@[F*PSE#QOl.E,TfC$31&+!<d@[F*\\MG#64o6@VfsmCI<#NAK#&pF`__:Eb/cjDf9E4BOu!lGA2/4Ci=?*\"U&pmE+LD+Df9E4BOu\"'ATKM6Df9E4BOu!l/TPuJDIm?1Ap%p+/So?GAMXGoEc6&.FCePS!!!!%$#O6pBL-NKCh;?3ahIr`Ec6&.FCeVU!!!!*$\"ImiCh7*uARkcE#BjNrBjkn$\"DD4[Ad&?[H#R=M!!NXEDfTDVDe*D_C2[uuErZ","7362575":"!<d@[F*PSE#QOl.E,TfC$31&+!<d@[F*\\PH#64o6@VfsmCI<#NAK>8sF`__:Eb/cjDf9E4BOu!l/R`:'A78tV@qf?T\"E\\p.AKtZ&DejE-AScO$F\"_!@DejE-ASbs1Ecl)6ARmB)F_kkK1'@i&DffE0AQSp4!!!-.D.Rd%6#L=OA_Ra;^B=d^DffE0AQf'6!!!<3@rH1\"ARfgnA,lc<G%#E*@;^/iBOP^h\"U0!nE+Ld)!!","7363599":"!<d@[F*PSE#QOl.E,TfC$31&+!<d@[F*\\SI#64o6@VfsmCI<#NAK#&pF`__:Eb/cjDf9E4BOu!lGA2/4Ci=?*\"U&pmE+LD+Df9E4BOu\"'ATKM6Df9E4BOu!l/TPuJDIm?1Ap%p+/So?GAMsYrEc6&.FCePS!!!!%$#O6pBL-NKCh;?3ahIr`Ec6&.FCeVU!!!!*$\"ImiCh7*uARkcE#BjNrBjkn$\"DD4[Ad&?[H#R=M!!NXEDfTDVDe*D_C2[uuErZ","7367695":"!<d@[F*PSE#QOl.E,TfC$31&+!<d@[F*\\_M#64o6@VfsmCI<#NAHu^]F`__:EWlSfH#R=0@V'('@V'(%AmoReGqF&ZBl7Km1'@i&DffE0AQSp4!!!-.D.Rd%6#L=OA_Ra;^B=d^DffE0AQf'6!!!<3@rH1\"ARfgnA,lT","7368719":"!<d@[F*PSE#QOl.E,TfC$31&+!<d@[F*\\bN#64o6@VfsmCI<#NAHu^]F`__:EWlSfH#R=0@V'('@V'(%AmoReGqF&ZBl7Km0a%`%DffE0AQSp4!!!-.D.Rd%6#L=OA_Ra;^B=d^DffE0AQf'6!!!<3@rH1\"ARfgnA,lT","8410127":"!<d@[F*PSE#QOl.E,TfC$NL/,!<d@[F*\\MG#64o6@VfsmCI<#NAK>8sF`__:Eb/cjDf9E4BOu!l/R`:'A78tV@qf?T\"E\\p.AKtZ&DejE-AScO$F\"_!@DejE-ASbs1Ecl)6ARmB)F_kkK0a%`%DffE0AQSp4!!!-.D.Rd%6#L=OA_Ra;^B=d^DffE0AQf'6!!!<3@rH1\"ARfgnA,lc<G%#E*@;^/iBOP^h\"U0!nE+Ld)!!","8411151":"!<d@[F*PSE#QOl.E,TfC$NL/,!<d@[F*\\PH#64o6@VfsmCI<#NAK#&pF`__:Eb/cjDf9E4BOu!lGA2/4Ci=?*\"U&pmE+LD+Df9E4BOu\"'ATKM6Df9E4BOu!l/TPuJDIm?1Ap%p+/So?GAMjSqEc6&.FCePS!!!!%$#O6pBL-NKCh;?3ahIr`Ec6&.FCeVU!!!!*$\"ImiCh7*uARkcE#BjNrBjkn$\"DD4[Ad&?[H#R=M!!!","8412175":"!<d@[F*PSE#QOl.E,TfC$NL/,!<d@[F*\\SI#64o6@VfsmCI<#NAK>8sF`__:Eb/cjDf9E4BOu!l/R`:'A78tV@qf?T\"E\\p.AKtZ&DejE-AScO$F\"_!@DejE-ASbs1Ecl)6ARmB(D/aTB1^\"&(DffE0AQSp4!!!-.D.Rd%6#L=OA_Ra;^B=d^DffE0AQf'6!!!<3@rH1\"ARfgnA,lc<G%#E*@;^/iBOP^h\"U0!nE+Ld)!!","9458703":"!<d@[F*PSE#QOl.E,TfC$ig8-!<d@[F*\\MG#64o6@VfsmCI<#NAHu^]F`__:EWlSfH#R=(F(f-$Ah@V2@<64*0a%`%DffE0AQSp4!!!-.D.Rd%6#L=OA_Ra;^B=d^DffE0AQf'6!!!<3@rH1\"ARfgnA,lT","9459727":"!<d@[F*PSE#QOl.E,TfC$ig8-!<d@[F*\\PH#64o6@VfsmCI<#NAHu^]F`__:EWlSfH#R=/F(f-$Ah@S2E--@WF*)G2BkM+$\":&scFCB9&=9&=$!!EUFATMNNDJ*csgCME@\":&scFCB9&=o\\O&!!rsADes6$@ru9m!!!","9460751":"!<d@[F*PSE#QOl.E,TfC$ig8-!<d@[F*\\SI#64o6@VfsmCI<#NAHu^]F`__:EWlSfH#R=&F(f-$Ah@S2E--@.#BFa)@<?'_z\":8pVF(djWB5D/6&';Qh#BFa)@<?'az#mk*[Ci!ZmFCet_!!","7364624":"!<d@[F*PVF#QOl.E,TfC$31&+!<d@[F*\\VJ#64o6@VfsmCI<#NAIi<iDfRFNDes,u/R`:'A-<6[DffE0AQ_o>AD7X:^Bk*_E+NouA,loFBl8**Ecai\\DIdQpErZ4MEbT0\"F@:%cE_p[q=9&=$!!*OLBkM+$6uR!a:iCDXz!=a'`B4uBTDf9YmDf](_z","7365648":"!<d@[F*PVF#QOl.E,TfC$31&+!<d@[F*\\YK#64o6@VfsmCI<#NAIi<iDfRFNDes,u/R`:'A-<6[DffE0AQ_o>AD7X:^Bk*_E+NouA,loFBl8**Ecai\\DIdQpErc:MCh74#6uR!a:iCDWz!=WdUAopFZDfSZmF'/JC!!!$.Ch74#6uR!a:iCDYs8W-!!!","2109457":"!<d@[F*PYG#QOl.E,TfC\"TSN&!<d@[F*\\2>#64o6@VfsmCI<#NAHu^]F`__:EWlSfH#R=0@rc\"\"AM7P6@<?'4Cgh?sAM%q@F9DhhDffE0AQSp4!!!-.D.Rd%6#L=OA`V%#^B=d^DffE0AQf'6!!!<3@rH1\"ARfgnA,lT","2110481":"!<d@[F*PYG#QOl.E,TfC\"TSN&!<d@[F*\\5?#64o6@VfsmCI<#NAHu^]F`__:EWlSfH#R=9@rc\"\"AM7P6@<?'4D.R6lF_r^LDfg)4Ed96FCifdbEc6&.FCePS!!!!%$#O6pBL-NKCh;?3ahIr`Ec6&.FCeVU!!!!*$\"ImiCh7*uARkc@","2112529":"!<d@[F*PYG#QOl.E,TfC\"TSN&!<d@[F*\\;A#64o6@VfsmCI<#NAKu;;Dfo]+/SAX4ATDKpGAhD1/Snj9B4WZ.ART+$DJsQ;BEecWDK]T/FDl2F!=!ObCi=E:\"98E%\"pK'aDfg%#!!Na?Df0Z.DKJ6aA7Y`@","2125849":"!<d@[F*PqO#QOl.E,TfC\"TSN&!<d@[F*\\bN#64o6@VfsmCI<#NAIi<iDfRFNDes,u/R`:'A-<6[DffE0AQ_o>AD7X:57%O4E+NouA,loFBl8**Ecai\\DIdQpErZ1","3166233":"!<d@[F*PqO#QOl.E,TfC\"onW'!<d@[F*\\JF#64o6@VfsmCI<#NAIi<iDfRFNDes,u/R`:'A-<6[DffE0AQ_o>AD7X:57%O4E+NouA,loFBl8**Ecai\\DIdQpErZ1","7364633":"!<d@[F*PqO#QOl.E,TfC$31&+!<d@[F*\\VJ#64o6@VfsmCI<#NAIi<iDfRFNDes,u/R`:'A-<6[DffE0AQ_o>AD7X:57%O4E+NouA,loFBl8**Ecai\\DIdQpErc:MCh74#6uR!a:iCDWz!=WdUAopFZDfSZmF'/JC!!!$.Ch74#6uR!a:iCDY!<<*\"!!","7365657":"!<d@[F*PqO#QOl.E,TfC$31&+!<d@[F*\\YK#64o6@VfsmCI<#NAIi<iDfRFNDes,u/R`:'A-<6[DffE0AQ_o>AD7X:57%O4E+NouA,loFBl8**Ecai\\DIdQpErZ4MEbT0\"F@:%cE_p[q=9&=$!!*OLBkM+$6uR!a:iCDXz!=a'`B4uBTDf9YmDf]+^s8W*!","2110490":"!<d@[F*PtP#QOl.E,TfC\"TSN&!<d@[F*\\5?#64o6@VfsmCI<#NAIi<iDfRFNDes,u/R`:'A-<6[DffE0AQ_o>AD7X:57%O4E+NouA,loFBl8**Ecai\\DIdQpErZ1","2126874":"!<d@[F*PtP#QOl.E,TfC\"TSN&!<d@[F*\\eO#64o6@VfsmCI<#NAI;p\\ATMrFARTY%\"po!]G%GQ5DfU+(#'\"^#Dfg%+!!!!'\"`nKuFE7Zf1B7FU!!!Z5!!!$\"!!!!(!AjcW!!!!4!<<*#z#6?^_!<<*\"!W`9$!<<*\"!!`N`!!*'\"!!**#!!*'\"!!*4D@<Q2_!!!!'#'4lp@r!b'\"`nco@qu&E!!!!\"!rr<%!!!!&\"E\\p.AHm$jEc#6$!!EL9BOPdgAH2]q5l_)nF*(i#CG?%tF*(i#CB+>7!!!'&!!!$\"!!!0*FEqh:#&\\@\"D..5\\\"9r@L@;]Rd!!#8M!!WXKFCAZp1'[u(FCAZpz!!<<'!!*'\"!!NLIH#R=!DJsQ4@;GoH#%M=TDI[5X!'igM\"pT-j@:O(/#6f0j@:O'Qz\"9SW(!<<*\"\"U&pmE+K5kDfT]'C]FSB@q]:g@q>W?5X>AS#'4lp@r!n+\"`nco@qu&E!!!!'!rr<%!!!!&\"E\\p.AHm$jEc#6$!!EL9BOPdgAH2]Q5l_)nF*(i#CGc>#F*(i#CB+>7!!!!$!!!$\"!!!0*FEqh:#&\\@\"D..5\\\"9r@L@;]Rd!!#8M!!WXKFCAZp2?sD,FCAZpz!*oX+!!*'\"!!!-+@q]:g@q>W?+@,u3#'4lp@r\"\".\"`nco@qu&E!!!\"a!WW3$z\"9r@L@;]Rd!!\"--!!WXKFCAZp3!TV.FCAZpz!9aF`!!<3$!!!-+@q]:g@q>W?+@,u3#'4lp@r\"(0\"`nco@qu&E!!!#_!<<*%z\"9r@L@;]Rd!!\"--z\"Uo!]E^FS\\@r\"GMA7Z*XBOu7,/S/@3F9MehH#R=%@rH1\"@;p:!A2+2nD.Rd%6#L=OA_Ra;56(","3170330":"!<d@[F*PtP#QOl.E,TfC\"onW'!<d@[F*\\VJ#64o6@VfsmCI<#NAIW9mDfor.F*)>@@:s-U$#+:#ASuU.Ed7ZiEH>r7FE7Qb!!!3,F)5c:EsD_#!!*'\"!\"oJ9!!*'\"z#n^cfEarZZFDl2.B4Xn[DfBat\":8pVF(djWB5D/6&';Qe$=S$u@:Nt?@:NjNz","3175450":"!<d@[F*PtP#QOl.E,TfC\"onW'!<d@[F*\\eO#64o6@VfsmCI<#NAHu^]F`__:EWlSfH#R=(F(f-$Ah@V2@<64*1'@i&DffE0AQSp4!!!-.D.Rd%6#L=OA_Ra;56M43DffE0AQf'6!!!<3@rH1\"ARfgnA,lT","7361562":"!<d@[F*PtP#QOl.E,TfC$31&+!<d@[F*\\MG#64o6@VfsmCI<#NAHu^]F`__:EWlSfH#R=%@q]:bE\\2*GDJ'(WEc6&.FCePS!!!!%$#O6pBL-NKCh;?3ah@l_Ec6&.FCeVU!!!!*$\"ImiCh7*uARkc@","7363610":"!<d@[F*PtP#QOl.E,TfC$31&+!<d@[F*\\SI#64o6@VfsmCI<#NAHu^]F`__:EWlSfH#R=.F(f-$Ah@h-@P)/2F_Pf3ASuSm#BFa)@<?'_z\":8pVF(djWB5D/6&'7$=#BFa)@<?'az#mk*[Ci!ZmFCet_!!","8412186":"!<d@[F*PtP#QOl.E,TfC$NL/,!<d@[F*\\SI#64o6@VfsmCI<#NAHu^]F`__:EWlSfH#R=(F(f-$Ah@V2@<64*1'@i&DffE0AQSp4!!!-.D.Rd%6#L=OA_Ra;56M43DffE0AQf'6!!!<3@rH1\"ARfgnA,lT","2113563":"!<d@[F*Q\"Q#QOl.E,TfC\"TSN&!<d@[F*\\>B#64o6@VfsmCI<#NAHu^]F`__:EWlSfH#R=1@rc\"\"AM7P6@<?'4Cgh?sAM%Y>DJK@[Ec6&.FCePS!!!!%$#O6pBL-NKCh;?38O*C`Ec6&.FCeVU!!!!*$\"ImiCh7*uARkc@","2124827":"!<d@[F*Q\"Q#QOl.E,TfC\"TSN&!<d@[F*\\_M#64o6@VfsmCI<#NAHu^]F`__:EWlSfH#R=5FCAWpAM%_:DJ(PFBln#?@r-(*BJ!\\0F_([\\Ec6&.FCePS!!!!%$#O6pBL-NKCh;?3aZfn5Ec6&.FCeVU!!!!*$\"ImiCh7*uARkc@","3170331":"!<d@[F*Q\"Q#QOl.E,TfC\"onW'!<d@[F*\\VJ#64o6@VfsmCI<#NAHu^]F`__:EWlSfH#R=(FCAWpAM%qFBl7Km2$=/)DffE0AQSp4!!!-.D.Rd%6#L=OA_R_e5Qh=4DffE0AQf'6!!!<3@rH1\"ARfgnA,lT","3173403":"!<d@[F*Q\"Q#QOl.E,TfC\"onW'!<d@[F*\\_M#64o6@VfsmCI<#NAHu^]F`__:EWlSfH#R=&FCB'&/SAm.F)s5B#BFa)@<?'_z\":8pVF(djWB5D/?bEb?q#BFa)@<?'az#mk*[Ci!ZmFCet_!!","7361563":"!<d@[F*Q\"Q#QOl.E,TfC$31&+!<d@[F*\\MG#64o6@VfsmCI<#NAHu^]F`__:EWlSfH#R=%FCAWpAM%>'ARkoKEc6&.FCePS!!!!%$#O6pBL-NKCh3SH!!!-,Ec6&.FCeVU!!!!*$\"ImiCh7*uARkc@","2111516":"!<d@[F*Q%R#QOl.E,TfC\"TSN&!<d@[F*\\8@#64o6@VfsmCI<#NAHu^]F`__:EWlSfH#R=6FCAWpAM%_:DJ(PFBln#?@r-(*BJ!k;AS#`^#BFa)@<?'_z\":8pVF(djWB5D/;m4U^-#BFa)@<?'az#mk*[Ci!ZmFCet_!!","2113564":"!<d@[F*Q%R#QOl.E,TfC\"TSN&!<d@[F*\\>B#64o6@VfsmCI<#NAHu^]F`__:EWlSfH#R=1@rc\"\"AM7P6@<?'4F)>?%Cb9CEDJK@[Ec6&.FCePS!!!!%$#O6pBL-NKCh;Pl00fXFEc6&.FCeVU!!!!*$\"ImiCh7*uARkc@","3160092":"!<d@[F*Q%R#QOl.E,TfC\"onW'!<d@[F*\\8@#64o6@VfsmCI<#NAIW9mDfor.F*)>@@:s-U$#+:#ASuU.Ed7ZiEH>r7FE7Qb!!!3,F)5c:EsD_%z!-SDD!!*'\"z#n^cfEarZZFDl2.B4Xn[DfBat\":8pVF(djWB5D/6%nXP;$=S$u@:Nt?@:NjKz","3167260":"!<d@[F*Q%R#QOl.E,TfC\"onW'!<d@[F*\\MG#64o6@VfsmCI<#NAHu^]F`__:EWlSfH#R=(FCAWpAM%qFBl7Km1^\"&(DffE0AQSp4!!!-.D.Rd%6#L=OA_Ra;^B=d^DffE0AQf'6!!!<3@rH1\"ARfgnA,lT","3168284":"!<d@[F*Q%R#QOl.E,TfC\"onW'!<d@[F*\\PH#64o6@VfsmCI<#NAHu^]F`__:EWlSfH#R=9@rc\"\"AM7P6@<?'4D.R6lF_r^LDfg)4Ed96FCifdbEc6&.FCePS!!!!%$#O6pBL-NKCh;\\N(;L%XEc6&.FCeVU!!!!*$\"ImiCh7*uARkc@","7361564":"!<d@[F*Q%R#QOl.E,TfC$31&+!<d@[F*\\MG#64o6@VfsmCI<#NAHu^]F`__:EWlSfH#R=%@q]:bE\\2*GDJ'(WEc6&.FCePS!!!!%$#O6pBL-NKCh3SH!!!-,Ec6&.FCeVU!!!!*$\"ImiCh7*uARkc@","7363612":"!<d@[F*Q%R#QOl.E,TfC$31&+!<d@[F*\\SI#64o6@VfsmCI<#NAJAZqH\"19'@psG\"/SK9D@;^!tA246#FE1f-F(o`1Df/*aF`MOsAS-#az!:[`*'Pq3!F@0_Q@r\"AP<,ZkeCd_]WF!ld-8ZFg>5QC","2109469":"!<d@[F*Q(S#QOl.E,TfC\"TSN&!<d@[F*\\2>#64o6@VfsmCI<#NAHu^]F`__:EWlSfH#R=&FCB'&/SAm.F)s)>#BFa)@<?'_z\":8pVF(djWB5D/6&'7!<#BFa)@<?'az#mk*[Ci!ZmFCet_!!","2113565":"!<d@[F*Q(S#QOl.E,TfC\"TSN&!<d@[F*\\>B#64o6@VfsmCI<#NAIW9mDfor.F*)>@@:s-U$#+:#ASuU.Ed7ZiEH>r7FE7Qb!!!3,F)5c:EsD_#!!*'\"!7(iL!!*'\"z#n^cfEarZZFDl2.B4Xn[DfBat\":8pVF(djWB5D,Z!!!!\"$=S$u@:Nt?@:NjMz","2124829":"!<d@[F*Q(S#QOl.E,TfC\"TSN&!<d@[F*\\_M#64o6@VfsmCI<#NAHu^]F`__:EWlSfH#R=0@V'('@V'(%AmoReGqF&ZBl7Km1'@i&DffE0AQSp4!!!-.D.Rd%6#L=OAH2]1!!EOIDffE0AQf'6!!!<3@rH1\"ARfgnA,lT","2125853":"!<d@[F*Q(S#QOl.E,TfC\"TSN&!<d@[F*\\bN#64o6@VfsmCI<#NAJAZqH\"19'@psG\"/SK9D@;^!tA2+0\"FE1f-F(o`1Df/*aF`MOsAS-#az!:[`*'Pq3!F@0_Q@r\"AP<,ZkeCd_]WF!ld-8ZFg>5QC","3165213":"!<d@[F*Q(S#QOl.E,TfC\"onW'!<d@[F*\\GE#64o6@VfsmCI<#NAIW9mDfor.F*)>@@:s-U$#+:#ASuU.Ed7ZiEH>r7FE7Qb!!!3,F)5c:EsD_\"!!*'\"!!NH)!\"],1!!WgQASlBtEaa'4Eb,=fFCf<.ATD4$F`M%e@<6NjE+EC!AH2]1!2%J85m.R;ASlBtEaa'4Eb,4Nz!!!<;AoD^\"AQ*\\hEa`Tl:i^JnErZ=LD.Rd%6#L=OAH2]1!!*F8FECr$BLZE?AH2]1!!!","2113566":"!<d@[F*Q+T#QOl.E,TfC\"TSN&!<d@[F*\\>B#64o6@VfsmCI<#NAJ\\feA1`\"DDe*9hARmB+ART+$DJsQ;BEAc_Dfor>ARn,Q7;d3]FEpGgzz\"VPZjF`);4A3tQ<CghU#E`Hga!!!","2124830":"!<d@[F*Q+T#QOl.E,TfC\"TSN&!<d@[F*\\_M#64o6@VfsmCI<#NAHu^]F`__:EWlSfH#R=0@V'('@V'(%AmoReGqF&ZBl7Km0a%`%DffE0AQSp4!!!-.D.Rd%6#L=OAH2]1!!EOIDffE0AQf'6!!!<3@rH1\"ARfgnA,lT","3165214":"!<d@[F*Q+T#QOl.E,TfC\"onW'!<d@[F*\\GE#64o6@VfsmCI<#NAIW9mDfor.F*)>@@:s-U$#+:#ASuU.Ed7ZiEH>r7FE7Qb!!!3,F)5c:EsD_\"!!*'\"!!NH)!$D7A!!WgQASlBtEaa'4Eb,=fFCf<.ATD4$F`M%e@<6NjE+EC!AH2]1!2%J85m.R;ASlBtEaa'4Eb,4Nz!!!<;AoD^\"AQ*\\hEa`Tl:i^JnErZ=LD.Rd%6#L=OAH2]1!!*F8FECr$BLZE?AH2]1!!!","3166238":"!<d@[F*Q+T#QOl.E,TfC\"onW'!<d@[F*\\JF#64o6@VfsmCI<#NAHu^]F`__:EWlSfH#R=5@rc\"\"AM7P6@<?'4D.R6lF_r^LDfg)4Ed7cmEc6&.FCePS!!!!%$#O6pBL-NKCh;\\NQG3P-Ec6&.FCeVU!!!!*$\"ImiCh7*uARkc@","3167262":"!<d@[F*Q+T#QOl.E,TfC\"onW'!<d@[F*\\MG#64o6@VfsmCI<#NAHu^]F`__:EWlSfH#R=3@rc\"\"AM7P6@<?'4D.R6lF_r^AD/aTB\":&scFCB9&=9&=$!!EUFATMNNDJ*csdSp%X\":&scFCB9&=o\\O&!!rsADes6$@ru9m!!!","3169310":"!<d@[F*Q+T#QOl.E,TfC\"onW'!<d@[F*\\SI#64o6@VfsmCI<#NAIW9mDfor.F*)>@@:s-U$#+:#ASuU.Ed7ZiEH>r7FE7Qb!!!3,F)5c:EsD_\"z!-SDD!!*'\"!!!6)1&q:S!!)3`!!!$\"z!!s6LDfT?!;flqu@:s.JEc5o<!!EUFATMNNDJ*csgCME@!=E7WFCAZm7U]e<z!!","4213790":"!<d@[F*Q+T#QOl.E,TfC#64`(!<d@[F*\\GE#64o6@VfsmCI<#NAIW9mDfor.F*)>@@:s-U$#+:#ASuU.Ed7ZiEH>r7FE7Qb!!!3,F)5c:EsD_\"!!*'\"!!NH)!\"&]+!!WgQASlBtEaa'4Eb,=fFCf<.ATD4$F`M%e@<6NjE+EC!AH2]1!2%J85m.R;ASlBtEaa'4Eb,4Nz!!!<;AoD^\"AQ*\\hEa`Tl:i^JnErZ=LD.Rd%6#L=OAH2]1!!*F8FECr$BLZE?AH2]1!!!","4216862":"!<d@[F*Q+T#QOl.E,TfC#64`(!<d@[F*\\PH#64o6@VfsmCI<#NAIW9mDfor.F*)>@@:s-U$#+:#ASuU.Ed7ZiEH>r7FE7Qb!!!3,F)5c:EsD_#z!9aF`!!*'\"z#n^cfEarZZFDl2.B4Xn[DfBat\":8pVF(djWB5D/6&';Qe$=S$u@:Nt?@:NjKz","7364638":"!<d@[F*Q+T#QOl.E,TfC$31&+!<d@[F*\\VJ#64o6@VfsmCI<#NAJS`dA1`\"DDe*9hARmB+ART+$G@bi;!YK9fF`);4A3tQ1DKKT7GtDNHz!!!!&&oDQ0DKKH#6?uCD@<lF)<G>tD!!","7365662":"!<d@[F*Q+T#QOl.E,TfC$31&+!<d@[F*\\YK#64o6@VfsmCI<#NAHu^]F`__:EWlSfH#R=(F(f-$Ah@k2A8,O^C]ju`DffE0AQSp4!!!-.D.Rd%6#L=OA_Ra;^B=d^DffE0AQf'6!!!<3@rH1\"ARfgnA,lT","2109471":"!<d@[F*Q.U#QOl.E,TfC\"TSN&!<d@[F*\\2>#64o6@VfsmCI<#NAI;p\\ATMrFARTY%\"po!]G%GQ5DfU+(#'\"^#Dfg%+!!!!'\"`nKuFE7Zf0E;+R!!!0'!!!$\"!!!!(!AXWU!!!!)$ig8.z#6?[^!<<*\"#Rg\\5!<<*\"!!`N_!!*'\"!!30$!!*'\"!!!6)2ZNjY!!\"qf!!!$\"z!!NdCDfS0\\De!QMDe*Dd@q]FpF=h'4F*%QgFEqh:$=e!jCgh:(ARmP!$#O6pBL-NKCh3SH!!!!","2110495":"!<d@[F*Q.U#QOl.E,TfC\"TSN&!<d@[F*\\5?#64o6@VfsmCI<#NAHu^]F`__:EWlSfH#R=%@q]:bE\\2*GDJ'(WEc6&.FCePS!!!!%$#O6pBL-NKCh3SH!!!-,Ec6&.FCeVU!!!!*$\"ImiCh7*uARkc@","2113567":"!<d@[F*Q.U#QOl.E,TfC\"TSN&!<d@[F*\\>B#64o6@VfsmCI<#NAK>8sF`__:Eb/cjDf9E4BOu!l/R`:'A78tV@qf?T\"E\\p.AKkT%DejE-AScO$F\"_!@DejE-ASbs1Ecl)6ARmB)F_kkL\":&scFCB9&=9&=$!!EUFATMNNDJ*csgCHlk\":&scFCB9&=o\\O&!!rsADes6$@ru9m!!NUN@<-'jDKH\"p@;KNZ\"a#$/AMO5c","3162143":"!<d@[F*Q.U#QOl.E,TfC\"onW'!<d@[F*\\>B#64o6@VfsmCI<#NAK>8sF`__:Eb/cjDf9E4BOu!l/R`:'A78tV@qf?T\"E\\p.AKkT%DejE-AScO$F\"_!@DejE-ASbs1Ecl)6ARmB)F_kkO\":&scFCB9&=9&=$!!EUFATMNNDJ*csgCHlk\":&scFCB9&=o\\O&!!rsADes6$@ru9m!!NUN@<-'jDKH\"p@;KNZ\"a#$/AMO5c","4210719":"!<d@[F*Q.U#QOl.E,TfC#64`(!<d@[F*\\>B#64o6@VfsmCI<#NAK>8sF`__:Eb/cjDf9E4BOu!l/R`:'A78tV@qf?T\"E\\p.AKkT%DejE-AScO$F\"_!@DejE-ASbs1Ecl)6ARmB)F_kkM\":&scFCB9&=9&=$!!EUFATMNNDJ*csgCHk@\":&scFCB9&=o\\O&!!rsADes6$@ru9m!!NUN@<-'jDKH\"p@;KNZ\"a#$/AMO5c","4219935":"!<d@[F*Q.U#QOl.E,TfC#64`(!<d@[F*\\YK#64o6@VfsmCI<#NAIN0bEb03(F=h!@Ch*_VBl8**DKKf;Gl\\+hF)5c:EsD[F!!WUJCi=E:#6?OZzPl^pc!<<*\"!!!!%&nZ9,DII$d<+TocATD4$F`M$n!2)UY%W,X!<+TocATD4$F`M$n!!!!%%W?B!6Z6mYBl7Q_Bl.D]!!!!%$taWnCdN8bDH(=eAH2]1!!EgL@<b7aASa\\UEc+ijD.N\\I!!!*:AU&<2DJ+*+F(f,q<,ZkeCe/JeEcV3\\z!!!<7@ps7HB5VF*AO^fRC]FSF@prk\\ARn8QAS_>H!!!!","7362591":"!<d@[F*Q.U#QOl.E,TfC$31&+!<d@[F*\\PH#64o6@VfsmCI<#NAIi<iDfRFNDes,u/R`:'A-<6[DffE0AQ_o>AD7X:^Bk*_E+NouA,loFBl8**Ecai\\DIdQpErZ1"},"Entities":[],"ReplaceMode":2,"EntranceRotation":-1}