[
  {
    "op": "add",
    "path": "/server/behaviors/9/aitasks/0/entityCodesByType/*/-",
    "value": "sirenia-baby-*",
    "file": "game:entities/land/bear.json",
    "side": "Server"
  },
  {
    "op": "add",
    "path": "/server/behaviors/9/aitasks/1/entityCodes/0",
    "value": "sirenia-baby-*",
    "file": "game:entities/land/bear.json",
    "side": "Server"
  },
  {
    "op": "add",
    "path": "/server/behaviors/9/aitasks/3/entityCodesByType/*/-",
    "value": "sirenia-baby-*",
    "file": "game:entities/land/bear.json",
    "side": "Server"
  },


  {
    "op": "add",
    "path": "/server/behaviors/10/aitasks/1/entityCodes/0",
    "value": "sirenia-baby-*",
    "file": "game:entities/land/hyena-female.json",
    "side": "Server"
  },

  {
    "op": "add",
    "path": "/server/behaviors/10/aitasks/3/entityCodes/0",
    "value": "sirenia-baby-*",
    "file": "game:entities/land/hyena-female.json",
    "side": "Server"
  },

  {
    "op": "add",
    "path": "/server/behaviors/9/aitasks/1/entityCodes/0",
    "value": "sirenia-baby-*",
    "file": "game:entities/land/hyena-male.json",
    "side": "Server"
  },

  {
    "op": "add",
    "path": "/server/behaviors/9/aitasks/3/entityCodes/0",
    "value": "sirenia-baby-*",
    "file": "game:entities/land/hyena-male.json",
    "side": "Server"
  },





  {
    "op": "add",
    "path": "/server/behaviors/8/aitasks/1/entityCodes/0",
    "value": "sirenia-*",
    "file": "game:entities/water/salmon.json",
    "side": "Server"
  },





  {
    "op": "add",
    "path": "/server/behaviors/10/aitasks/0/entityCodes/0",
    "value": "sirenia-baby-*",
    "file": "game:entities/land/wolf-female.json",
    "side": "Server"
  },
  {
    "op": "add",
    "path": "/server/behaviors/10/aitasks/3/entityCodes/0",
    "value": "sirenia-baby-*",
    "file": "game:entities/land/wolf-female.json",
    "side": "Server"
  },

  {
    "op": "add",
    "path": "/server/behaviors/9/aitasks/0/entityCodes/0",
    "value": "sirenia-baby-*",
    "file": "game:entities/land/wolf-male.json",
    "side": "Server"
  },


  {
    "op": "add",
    "path": "/server/behaviors/9/aitasks/3/entityCodes/0",
    "value": "sirenia-baby-*",
    "file": "game:entities/land/wolf-male.json",
    "side": "Server"
  }

]