{
	"code": "caninae-canina",
	"class": "EntityAgent",
	"variantgroups": [
    {"code": "age","states": [ "adult"]},
    {"code": "gender","states": [ "male"]},
    {"code": "genus","states": [ "aenocyon","canis","cuon","cynotherium","lupulella","lycaon"]},
    {"code": "species","states": [ "dirus","aureus","familiaris","latrans","lupastor","lupus","lupusarctos","lupusdingo","lycaon","rufus","simensis","alpinus","sardous","adusta","mesomelas","pictus"]}
	],
	"allowedVariants": [
		"*-aenocyon-dirus",
		"*-canis-aureus",
		"*-canis-familiaris",
		"*-canis-latrans",
		"*-canis-lupastor",
		"*-canis-lupus",
		"*-canis-lupusarctos",
		"*-canis-lupusdingo",
		"*-canis-lycaon",
		"*-canis-rufus",
		"*-canis-simensis",
		"*-cuon-alpinus",
		"*-cynotherium-sardous",
		"*-lupulella-adusta",
		"*-lupulella-mesomelas",
		"*-lycaon-pictus"
	],
	"collisionBoxSizeByType": {
		"*-aenocyon-dirus": {	"x": 1.0,"y": 1.0},
		"*-canis-aureus": {	"x": 0.6,"y": 0.5},
		"*-canis-familiaris": {	"x": 1.0,"y": 0.9},
		"*-canis-latrans": {	"x": 0.7,"y": 0.6},
		"*-canis-lupastor": {	"x": 0.5,"y": 0.4},
		"*-canis-lupus": {	"x": 1.0,"y": 0.9},
		"*-canis-lupusarctos": {	"x": 1.0,"y": 0.9},
		"*-canis-lupusdingo": {	"x": 0.7,"y": 0.6},
		"*-canis-lycaon": {	"x": 0.8,"y": 0.8},
		"*-canis-rufus": {	"x": 0.7,"y": 0.65},
		"*-canis-simensis": {	"x": 0.7,"y": 0.6},
		"*-cuon-alpinus": {	"x": 0.7,"y": 0.6},
		"*-cynotherium-sardous": {	"x": 0.6,"y": 0.5},
		"*-lupulella-adusta": {	"x": 0.5,"y": 0.5},
		"*-lupulella-mesomelas": {	"x": 0.5,"y": 0.5},
		"*-lycaon-pictus": {	"x": 0.8,"y": 0.75}
	},
	"deadCollisionBoxSizeByType": {
		"*-aenocyon-dirus": {	"x": 1.0,"y": 0.5},
		"*-canis-aureus": {	"x": 0.6,"y": 0.25},
		"*-canis-familiaris": {	"x": 1.0,"y": 0.5},
		"*-canis-latrans": {	"x": 0.7,"y": 0.3},
		"*-canis-lupastor": {	"x": 0.5,"y": 0.2},
		"*-canis-lupus": {	"x": 1.0,"y": 0.5},
		"*-canis-lupusarctos": {	"x": 1.0,"y": 0.5},
		"*-canis-lupusdingo": {	"x": 0.7,"y": 0.3},
		"*-canis-lycaon": {	"x": 0.8,"y": 0.4},
		"*-canis-rufus": {	"x": 0.7,"y": 0.3},
		"*-canis-simensis": {	"x": 0.7,"y": 0.3},
		"*-cuon-alpinus": {	"x": 0.7,"y": 0.3},
		"*-cynotherium-sardous": {	"x": 0.6,"y": 0.2},
		"*-lupulella-adusta": {	"x": 0.5,"y": 0.2},
		"*-lupulella-mesomelas": {	"x": 0.5,"y": 0.2},
		"*-lycaon-pictus": {	"x": 0.8,"y": 0.3}
	},
	"eyeHeightByType": {
		"*-aenocyon-dirus": 1.2,
		"*-canis-aureus": 0.6,
		"*-canis-familiaris": 1.1,
		"*-canis-latrans": 0.8,
		"*-canis-lupastor": 0.5,
		"*-canis-lupus": 1.1,
		"*-canis-lupusarctos": 1.1,
		"*-canis-lupusdingo": 0.8,
		"*-canis-lycaon": 0.9,
		"*-canis-rufus": 0.7,
		"*-canis-simensis": 0.7,
		"*-cuon-alpinus": 0.6,
		"*-cynotherium-sardous": 0.5,
		"*-lupulella-adusta":0.5,
		"*-lupulella-mesomelas": 0.5,
		"*-lycaon-pictus": 0.8
	},
	"weightByType": {
		"*-aenocyon-dirus": 68,
		"*-canis-aureus": 10,
		"*-canis-familiaris": 40,
		"*-canis-latrans": 14,
		"*-canis-lupastor": 10,
		"*-canis-lupus": 40,
		"*-canis-lupusarctos": 50,
		"*-canis-lupusdingo": 16,
		"*-canis-lycaon": 30,
		"*-canis-rufus": 29,
		"*-canis-simensis": 17,
		"*-cuon-alpinus": 18,
		"*-cynotherium-sardous": 10,
		"*-lupulella-adusta":12,
		"*-lupulella-mesomelas": 12,
		"*-lycaon-pictus": 32
	},
	"attributes": {
		"creatureDiet": {
			"foodTags": ["meat"]},
		"basketCatchableByType": { "@.*-(aureus|lupastor|sardous)":  true },
		"trapChance": 0.4,
		"trapDestroyChance": 0.05,
		"handbook": {"groupcode": "creaturegroup-canina"},
	"killedByInfoText": "deadcreature-eaten-large"},
	"drops": [],
	"client": {
		"renderer": "Shape",
		"shapeByType": {
		"*-aenocyon-dirus": { "base": "entity/canina/dirus-male" },
		"*-canis-aureus": { "base": "entity/canina/aureus-male" },
		"*-canis-familiaris": { "base": "entity/canina/lupus-male" },
		"*-canis-latrans": { "base": "entity/canina/latrans-male" },
		"*-canis-lupastor": { "base": "entity/canina/lupastor-male" },
		"*-canis-lupus": { "base": "entity/canina/lupus-male" },
		"*-canis-lupusarctos": { "base": "entity/canina/lupus-male" },
		"*-canis-lupusdingo": { "base": "entity/canina/lupusdingo-male" },
		"*-canis-lycaon": { "base": "entity/canina/lupus-male" },
		"*-canis-rufus": { "base": "entity/canina/rufus-male" },
		"*-canis-simensis": { "base": "entity/canina/simensis-male" },
		"*-cuon-alpinus": { "base": "entity/canina/alpinus-male" },
		"*-cynotherium-sardous": { "base": "entity/canina/alpinus-male" },
		"*-lupulella-adusta": { "base": "entity/canina/adusta-male" },
		"*-lupulella-mesomelas": { "base": "entity/canina/adusta-male" },
		"*-lycaon-pictus": { "base": "entity/canina/pictus-male" }
		},
		"textureByType": {
			"*-aenocyon-dirus": { "base": "entity/aenocyon/dirus-adult" },
			"*-canis-aureus": { "base": "entity/canis/aureus-adult" },
			"*-canis-familiaris": { "base": "entity/canis/familiaris-adult"}, 
			"*-canis-latrans": { "base": "entity/canis/latrans-adult" },
			"*-canis-lupastor": { "base": "entity/canis/lupastor-adult" },
			"*-canis-lupus": { "base": "entity/canis/lupus-adult" },
			"*-canis-lupusarctos": { "base": "entity/canis/lupusarctos-adult" },
			"*-canis-lupusdingo": { "base": "entity/canis/lupusdingo-adult" },
			"*-canis-lycaon": { "base": "entity/canis/lycaon-adult" },
			"*-canis-rufus": { "base": "entity/canis/rufus-adult" },
			"*-canis-simensis": { "base": "entity/canis/simensis-adult" },
			"*-cuon-alpinus": { "base": "entity/cuon/alpinus-adult" },
			"*-cynotherium-sardous": { "base": "entity/cynotherium/sardous-adult" },
			"*-lupulella-adusta": { "base": "entity/lupulella/adusta-adult" },
			"*-lupulella-mesomelas": { "base": "entity/lupulella/mesomelas-adult" },
			"*-lycaon-pictus": { "base": "entity/lycaon/pictus-adult" }
		},
		"sizeByType": {
		"*-aenocyon-dirus": 1.0,
		"*-canis-aureus": 1.0,
		"*-canis-familiaris": 1.0,
		"*-canis-latrans": 1.0,
		"*-canis-lupastor": 0.8,
		"*-canis-lupus": 1.0,
		"*-canis-lupusarctos": 1.0,
		"*-canis-lupusdingo": 1.0,
		"*-canis-lycaon": 0.95,
		"*-canis-rufus": 1.05,
		"*-canis-simensis": 1.0,
		"*-cuon-alpinus": 1.0,
		"*-cynotherium-sardous": 0.9,
		"*-lupulella-adusta": 1.0,
		"*-lupulella-mesomelas": 0.96,
		"*-lycaon-pictus": 0.8
		},
		"behaviors": [
			{"code": "repulseagents" },
			{"code": "controlledphysics","stepHeight": 2.1251},
			{"code": "floatupwhenstuck","onlyWhenDead": true},
			{"code": "interpolateposition" },
			{"code": "harvestable","quantitySlots": 8},{"code": "despawn","minPlayerDistance": 8,"belowLightLevel": 8,"minSeconds": 300},
			{"code": "ropetieable","minGeneration": 2}
		],
		"animations": [
			{"code": "hurt","animation": "Hurt","animationSpeed": 2.2,"weight": 10,"blendMode": "AddAverage"},
			{"code": "die","animation": "Death","animationSpeed": 1.25,"weight": 10,"blendMode": "Average","triggeredBy": { "onControls": [ "dead" ] }},
			{"code": "idle","animation": "Idle","blendMode": "AddAverage","easeOutSpeed": 4,"triggeredBy": { "defaultAnim": true }},
			{"code": "sleep","animation": "Sleep","easeInSpeed": 4,"easeOutSpeed": 4,"blendMode": "Average"},
			{"code": "sit","animation": "Sit","easeInSpeed": 4,"easeOutSpeed": 4,"blendMode": "Average"},
			{"code": "lie","animation": "Lie","easeInSpeed": 4,"easeOutSpeed": 4,"blendMode": "Average"},
			{"code": "swim","animation": "Swim","supressDefaultAnimation": true,"blendMode": "Average"},
			{"code": "walk","animation": "Walk","supressDefaultAnimation": true,"blendMode": "AddAverage"},
			{"code": "trot","animation": "Trot","supressDefaultAnimation": true,"blendMode": "AddAverage"},
			{"code": "canter","animation": "Canter","supressDefaultAnimation": true,"blendMode": "AddAverage"},
			{"code": "gallop","animation": "Gallop","supressDefaultAnimation": true,"blendMode": "AddAverage"}
		]
	},
	"server": {
		"attributes": {
			"pathfinder": {
				"minTurnAnglePerSec": 90,
				"maxTurnAnglePerSec": 270
			}
		},
		"behaviors": [
			{ "code": "repulseagents" },
			{"code": "controlledphysics","stepHeight": 2.1251},
			{"code": "despawn","minPlayerDistance": 8,"belowLightLevel": 8,"minSeconds": 300},
			{"code": "health",
				"maxhealthByType": {
				"*-aenocyon-dirus": 15,
				"*-canis-aureus": 5,
				"*-canis-familiaris": 15,
				"*-canis-latrans": 5,
				"*-canis-lupastor": 5,
				"*-canis-lupus": 11,
				"*-canis-lupusarctos": 13,
				"*-canis-lupusdingo": 6,
				"*-canis-lycaon": 8,
				"*-canis-rufus": 8,
				"*-canis-simensis": 6,
				"*-cuon-alpinus": 6,
				"*-cynotherium-sardous": 5,
				"*-lupulella-adusta": 5,
				"*-lupulella-mesomelas": 5,
				"*-lycaon-pictus": 9
				}
			},
			{"code": "deaddecay",
				"hoursToDecay": 96,
				"decayedBlockByType": {
				"*-aenocyon-*": "carcass-medium",
				"*-canis-*": "carcass-medium",
				"*-cuon-*": "carcass-small",
				"*-cynotherium-*": "carcass-small",
				"*-lupulella-*": "carcass-small",
				"*-lycaon-*": "carcass-medium"
				}
			},
			{"code": "floatupwhenstuck","onlyWhenDead": true},
			{"code": "harvestable",
				"quantitySlots": 8,
				"drops": [
					{
						"type": "item",
						"code": "game:bushmeat-raw",
						"quantityByType": {
							"*-aenocyon-dirus": {"avg": 6,"var": 2.0},
							"*-canis-aureus": {"avg": 1,"var": 0.5},
							"*-canis-familiaris": {"avg": 3,"var": 0.5},
							"*-canis-latrans": {"avg": 2,"var": 1.0},
							"*-canis-lupastor": {"avg": 1,"var": 0.5},
							"*-canis-lupus": {"avg": 3,"var": 0.5},
							"*-canis-lupusarctos": {"avg": 4,"var": 0.5},
							"*-canis-lupusdingo": {"avg": 1,"var": 0.3},
							"*-canis-lycaon": {"avg": 2,"var": 1.0},
							"*-canis-rufus": {"avg": 2,"var": 1},
							"*-canis-simensis": {"avg": 1,"var": 0.5},
							"*-cuon-alpinus": {"avg": 1,"var": 0.3},
							"*-cynotherium-sardous": {"avg": 1,"var": 0.3},
							"*-lupulella-adusta": {"avg": 1,"var": 0.3},
							"*-lupulella-mesomelas": {"avg": 1,"var": 0.3},
							"*-lycaon-pictus": {"avg": 3,"var": 1.0}
						}
					},
					{
						"type": "item",
						"code": "game:fat",
						"quantityByType": {
							"*-aenocyon-dirus": {"avg": 1,"var": 0.6},
							"*-canis-familiaris": {"avg": 1,"var": 0.6},
							"*-canis-latrans": {"avg": 1,"var": 0.3},
							"*-canis-lupus": {"avg": 1,"var": 0.6},
							"*-canis-lupusarctos": {"avg": 2,"var": 0.6},
							"*-canis-lupusdingo": {"avg": 1,"var": 0.3},
							"*-canis-lycaon": {"avg": 1,"var": 0.3},
							"*-canis-rufus": {"avg": 1,"var": 0.3},
							"*-canis-simensis": {"avg": 1,"var": 0.3},
							"*-cuon-alpinus": {"avg": 1,"var": 0.3},
							"*-lycaon-pictus": {"avg": 1,"var": 0.3}
						}
					},
					{
						"type": "item",
						"code": "caninae:pelt-canina-male-{genus}-{species}",
						"quantityByType": {
							"*": {"avg": 1.0,"var": 0.0}
						}
					}
				]
			},
			{"code": "breathe" },
			{"code": "emotionstates",
				"states": [
					{"code": "fleeondamage","duration": 120,
						"chanceByType": {
							"*-familiaris": 0.25,
							"*": 0.75
						},
						"slot": 2,"priority": 5,"accumType": "max","whenHealthRelBelow": 0.75},
					{"code": "fleeondamage","duration": 120,
						"chanceByType": {
							"*": 1
						},
						"slot": 2,"priority": 6,"accumType": "max","whenHealthRelBelow": 0.5},
					{"code": "aggressiveondamage","duration": 30,
						"chanceByType": {
							"*-canis-simensis": 0.5,
							"*": 1.0
						},
						"slot": 2,"priority": 2,"accumType": "noaccum"},
					{"code": "fleeondamage","duration": 60,"chance": 1,"slot": 2,"priority": 1,"accumType": "max"},
					{"code": "alarmherdondamage","chance": 1,"slot": 1,"priority": 1,"accumType": "max"},
					{"code": "saturated","duration": 2880,"chance": 1,"slot": 0,"priority": 1,"accumType": "sum"},
					{ "code": "aggressivearoundentities", "duration": 10, "chanceByType": {"*-baby-*": 0.0,"@.*-(dirus|latrans|lupus|lupusarctos|lupusdingo)": 1,"*": 0.0}, "slot": 2, "priority": 2, "entityCodes": ["caninae:caninae-canina-adult-male-{genus}-{species}","caninae:caninae-canina-adult-female-{genus}-{species}"], "maxGeneration": 2 }
				
				]
			},
			{
				"code": "taskai",
				"aitasks": [
					{
						"code": "meleeattack",
						"entityCodesByType": {
							"@.*-(dirus|lupus|lupusarctos|lycaon|rufus|pictus|alpinus)": [ "player","bear-*","chicken-*","deer-*","fox-*","gazelle-*","goat-*","hare-*","hyena-*","moose-*","pig-*","raccoon-*","sheep-*","antilopinae-*","caninae-cerdocyonina-*","caninae-urocyonini-*","caninae-vulpini-*","caprinae-*","casuariidae-*","cervidae-*","hyaenidae-*","machairodontinae-*","manidae-*","pantherinae-*","procyonidae-*","rhinocerotidae-*","suidae-*","ursidae-*"  ],
							"@.*-(aureus|lupastor|adusta|mesomelas)": [ "player","fox-*","chicken-*","hare-*", "chelonoidis-*", "rana-*","antilopinae-baby-*","antilopinae-carcass-*","caprinae-baby-*","caprinae-carcass-*","casuariidae-*","cervidae-carcass","manidae-*","procyonidae-*","rhinocerotidae-carcass","suidae-baby-*","suidae-carcass-*"  ],
							"*-canis-familiaris": [ "drifter-*","bell-*","bear-*","deer-*", "fox-*","goat-*","hare-*","hyena-*", "moose-*","raccoon-*","wolf-*","caninae-cerdocyonina-*","caninae-urocyonini-*","caninae-vulpini-*","casuariidae-*","cervidae-*", "hyaenidae-*", "machairodontinae-*","manidae-*","pantherinae-*","procyonidae-*", "ursidae-*"   ],
							"@.*-(latrans|lupusdingo)": [ "player","chicken-*","fox-*", "hare-*", "chelonoidis-*","antilopinae-baby-*","antilopinae-carcass-*","caninae-cerdocyonina-*","caninae-urocyonini-*","caninae-vulpini-*","caprinae-baby-*","caprinae-carcass-*","casuariidae-*","cervidae-*","manidae-*","procyonidae-*","rhinocerotidae-carcass","suidae-baby-*","suidae-carcass-*" ],
							"@.*-(simensis|sardous)": ["chicken-*","gazelle-baby","hare-*", "pig-baby", "raccoon-*", "sheep-baby","antilopinae-baby-*","antilopinae-carcass", "caninae-canina-carcass","caninae-cerdocyonina-carcass","caninae-urocyonini-carcass", "caninae-vulpini-carcass", "caprinae-baby-*","caprinae-carcass", "casuariidae-*","cervidae-carcass", "hyaenidae-carcass","machairodontinae-carcass", "pantherinae-neofelis-carcass","pantherinae-panthera-carcass","procyonidae-*","rhinocerotidae-carcass","suidae-baby-*","suidae-carcass", "ursidae-carcass" ]},
						"knockbackStrengthByType": {"*":0.2},
						"priority": 1.5,
						"slot": 1,
						"damageByType": {"*-aenocyon-dirus": 7,"*-canis-aureus": 3,"*-canis-familiaris": 6,"*-canis-latrans": 4,"*-canis-lupastor": 3,"*-canis-lupus": 6,"*-canis-lupusarctos": 7,"*-canis-lupusdingo": 4,"*-canis-lycaon": 5,"*-canis-rufus": 5,"*-canis-simensis": 4,"*-cuon-alpinus": 4,"*-cynotherium-sardous": 4,"*-lupulella-adusta": 4,"*-lupulella-mesomelas": 4,"*-lycaon-pictus": 5},
						"damageTierByType": {"*-aenocyon-dirus": 2,"*-canis-lupusarctos": 2,"*":1},
						"damageTypeByType": {"*": "SlashingAttack"},
						"mincooldown": 1500,
						"maxcooldown": 1500,
						"attackDurationMs": 800,
						"damagePlayerAtMs": 500,
						"animation": "Attack",
						"animationSpeed": 2.5,
						"soundByType": {"*-canis-latrans":"caninae:creature/canis/latrans-attack","*-lycaon-pictus":"caninae:creature/lycaon/pictus-idle","*":"game:creature/wolf/attack"},
						"whenNotInEmotionState": "fleeondamage"
					},
					{
						"code": "fleeentity",
						"entityCodesByType": {
							"@.*-(dirus|lupus|lupusarctos|lycaon|rufus)":[ "player","bear-*","moose-*-adult", "caprinae-adult-*-ovibovini-bootherium-*","caprinae-adult-*-ovibovini-euceratherium-*","caprinae-adult-*-ovibovini-ovibos-*","cervidae-alceini-adult-*", "machairodontinae-adult-*", "pantherinae-panthera-adult-*", "rhinocerotidae-adult-*","ursidae-adult-*"  ],
							"@.*-(aureus|lupastor|simensis|alpinus|sardous|adusta|mesomelas)":[  "player","bear-*","deer-*-*-adult","goat-*-*-adult", "moose-*-adult", "sheep-female", "sheep-male", "wolf-*","caninae-canina-adult-*-canis-lupus","caprinae-adult-*","casuariidae-adult-*","cervidae-alceini-adult-*","machairodontinae-adult-*",  "pantherinae-panthera-adult-*","rhinocerotidae-adult-*", "suidae-adult-*", "ursidae-adult-*"  ],
							"*-canis-familiaris":[   ],
							"@.*-(latrans|lupusdingo|pictus)":["player","bear-*","hyena-*", "moose-*-adult","wolf-*", "caninae-canina-adult-*-aenocyon-*","caninae-canina-adult-*-canis-lupus","caprinae-adult-*-ovibovini-bootherium-*","caprinae-adult-*-ovibovini-euceratherium-*","caprinae-adult-*-ovibovini-ovibos-*","cervidae-alceini-adult-*","machairodontinae-adult-*", "pantherinae-panthera-adult-*","rhinocerotidae-adult-*","ursidae-adult-*"  ]},
						"priority": 3.81,
						"movespeedByType": {"*-aenocyon-dirus": 0.06,"*-canis-aureus": 0.03,"*-canis-familiaris":0.06,"*-canis-latrans":0.04,"*-canis-lupastor":0.024,"*-canis-lupus":0.06,"*-canis-lupusarctos":0.06,"*-canis-lupusdingo":0.04,"*-canis-lycaon":0.054,"*-canis-rufus":0.044,"*-canis-simensis":0.04,"*-cuon-alpinus":0.03,"*-cynotherium-sardous":0.027,"*-lupulella-adusta": 0.03,"*-lupulella-mesomelas": 0.03,"*-lycaon-pictus": 0.054},
						"seekingRange": 6,
						"animation": "Gallop",
						"animationSpeed": 2,
						"soundByType": {},
						"whenNotInEmotionState": "aggressiveondamage|aggressivearoundentities"
					},
					{
						"code": "fleeentity",
						"entityCodesByType": {
							"@.*-(dirus|lupus|lupusarctos|lycaon|rufus)":[ "player","bear-*","moose-*-adult", "caprinae-adult-*-ovibovini-bootherium-*","caprinae-adult-*-ovibovini-euceratherium-*","caprinae-adult-*-ovibovini-ovibos-*","cervidae-alceini-adult-*","machairodontinae-adult-*", "pantherinae-panthera-adult-*","rhinocerotidae-adult-*", "ursidae-adult-*"  ],
							"@.*-(aureus|lupastor|simensis|alpinus|sardous|adusta|mesomelas)":[  "player","bear-*","deer-*-*-adult","goat-*-*-adult", "moose-*-adult", "sheep-female", "sheep-male", "wolf-*","caninae-canina-adult-*-canis-lupus","caprinae-adult-*","casuariidae-adult-*","cervidae-alceini-adult-*","machairodontinae-adult-*",  "pantherinae-panthera-adult-*","rhinocerotidae-adult-*", "suidae-adult-*", "ursidae-adult-*"  ],
							"*-canis-familiaris":[   ],
							"@.*-(latrans|lupusdingo|pictus)":["player","bear-*","hyena-*", "moose-*-adult","wolf-*", "caninae-canina-adult-*-aenocyon-*","caninae-canina-adult-*-canis-lupus","caprinae-adult-*-ovibovini-bootherium-*","caprinae-adult-*-ovibovini-euceratherium-*","caprinae-adult-*-ovibovini-ovibos-*","cervidae-alceini-adult-*","machairodontinae-adult-*", "pantherinae-panthera-adult-*","rhinocerotidae-adult-*","ursidae-adult-*"  ]},
						"priority": 3.8,
						"movespeedByType": {"*-aenocyon-dirus": 0.02,"*-canis-aureus": 0.01,"*-canis-familiaris":0.02,"*-canis-latrans":0.012,"*-canis-lupastor":0.008,"*-canis-lupus":0.02,"*-canis-lupusarctos":0.02,"*-canis-lupusdingo":0.012,"*-canis-lycaon":0.018,"*-canis-rufus":0.015,"*-canis-simensis":0.012,"*-cuon-alpinus":0.01,"*-cynotherium-sardous":0.009,"*-lupulella-adusta": 0.01,"*-lupulella-mesomelas": 0.01,"*-lycaon-pictus": 0.018},
						"seekingRange": 25,
						"animation": "Trot",
						"animationSpeed": 2.0,
						"soundByType": {"@.*-(alpinus)":"caninae:creature/cuon/whistle","@.*-(adusta|mesomelas)":"caninae:creature/lupulella/alarm"},
						"soundRangeByType": {"*":60},
						"whenNotInEmotionState": "aggressiveondamage|aggressivearoundentities"
					},
					{
						"code": "seekentity",
						"entityCodesByType": {
							"@.*-(dirus|lupus|lupusarctos)": ["player","chicken-*","deer-*","fox-*","gazelle-*","goat-*","hare-*","pig-*","raccoon-*","sheep-*","antilopinae-*","caninae-cerdocyonina-*","caninae-urocyonini-*","caninae-vulpini-*","caprinae-*","casuariidae-*","cervidae-*","hyaenidae-*","machairodontinae-baby-*","pantherinae-neofelis-*","pantherinae-panthera-baby-*","procyonidae-*","rhinocerotidae-baby-*","suidae-*","ursidae-baby-*"  ],
							"@.*-(aureus|lupastor|adusta|mesomelas)": [ "chicken-*","deer-*-*-baby","goat-*-*-baby","hare-*", "chelonoidis-*", "rana-*","antilopinae-baby-*","antilopinae-carcass-*","caprinae-baby-*","caprinae-carcass-*","casuariidae-baby-*","casuariidae-carcass-*","casuariidae-egg-*","cervidae-carcass-*","procyonidae-*","rhinocerotidae-carcass","suidae-baby-*","suidae-carcass-*" ],
							"*-canis-familiaris": [ "bear-*", "fox-*","hare-*","hyena-*", "raccoon-*","caninae-cerdocyonina-*","caninae-urocyonini-*","caninae-vulpini-*","casuariidae-*", "hyaenidae-*", "pantherinae-*","procyonidae-*", "ursidae-*"  ],
							"@.*-(latrans|lupusdingo)": ["player","chicken-*","deer-*-*-baby","fox-*","goat-*-*-baby","hare-*","raccoon-*","antilopinae-baby-*","caninae-cerdocyonina-baby-*","caninae-urocyonini-*","caninae-vulpini-*","caprinae-baby-*","casuariidae-*","cervidae-alceini-baby-*","cervidae-capreolini-baby-*","cervidae-odocoileini-baby-*","hyaenidae-baby-*","hyaenidae-carcass-*","machairodontinae-baby-*","pantherinae-neofelis-baby-*","pantherinae-panthera-baby-*","procyonidae-*","suidae-baby-*","ursidae-baby-*"  ],
							"@.*-(lycaon|rufus|pictus|alpinus)": ["chicken-*","deer-*","fox-*","goat-*","hare-*","raccoon-*","antilopinae-*","caninae-cerdocyonina-baby-*","caninae-urocyonini-*","caninae-vulpini-*","caprinae-baby-*","casuariidae-*","cervidae-alceini-baby-*","cervidae-capreolini-*","cervidae-odocoileini-*","hyaenidae-baby-*","hyaenidae-carcass-*","machairodontinae-baby-*","pantherinae-neofelis-baby-*","pantherinae-panthera-baby-*","procyonidae-*","rhinocerotidae-baby-*","suidae-baby-*","ursidae-baby-*"  ],
							"@.*-(simensis|sardous)":  ["chicken-*","deer-*-*-baby","gazelle-baby","goat-*-*-baby","hare-*", "pig-baby", "raccoon-*", "sheep-baby","antilopinae-baby","antilopinae-carcass", "caninae-canina-carcass","caninae-cerdocyonina-carcass","caninae-urocyonini-carcass", "caninae-vulpini-carcass", "caprinae-baby","caprinae-carcass","casuariidae-baby-*","casuariidae-carcass-*","casuariidae-egg-*", "cervidae-carcass", "hyaenidae-carcass","machairodontinae-carcass", "pantherinae-neofelis-carcass","pantherinae-panthera-carcass","procyonidae-*","rhinocerotidae-carcass","suidae-baby","suidae-carcass", "ursidae-carcass" ]},
						"priority": 1.8,
						"seekingRangeByType": {"*-aenocyon-dirus": 25,"*-canis-*":8,"*":15},
						"leapAtTarget": true,
						"leapAnimation": null,
						"leapChance": 0.01,
						"movespeedByType": {"*-aenocyon-dirus": 0.09,"*-canis-aureus": 0.045, "*-canis-familiaris":0.09,"*-canis-latrans":0.062,"*-canis-lupastor":0.036,"*-canis-lupus":0.09,"*-canis-lupusarctos":0.09,"*-canis-lupusdingo":0.062,"*-canis-lycaon":0.081,"*-canis-rufus":0.07,"*-canis-simensis":0.062,"*-cuon-alpinus":0.045,"*-cynotherium-sardous":0.04,"*-lupulella-adusta": 0.045,"*-lupulella-mesomelas": 0.045,"*-lycaon-pictus": 0.081},
						"animation": "Gallop",
						"animationSpeed": 2.0,
						"soundByType": {"@.*-(dirus|lupus|lupusarctos)":"caninae:creature/aenocyon/growl","@.*-(adusta|mesomelas)":"caninae:creature/lupulella/hurt","*-lycaon-pictus":"caninae:creature/lycaon/pictus-hurt","@.*-(alpinus)":"caninae:creature/cuon/call"},
						"soundRangeByType": {"*":60},
						"whenNotInEmotionState": "saturated"
					},
					{
						"code": "seekentity",
						"entityCodesByType": {
							"@.*-(dirus|lupus|lupusarctos)": ["player","chicken-*","deer-*","fox-*","gazelle-*","goat-*","hare-*","pig-*","raccoon-*","sheep-*","antilopinae-*","caninae-cerdocyonina-*","caninae-urocyonini-*","caninae-vulpini-*","caprinae-*","casuariidae-*","cervidae-*","hyaenidae-*","machairodontinae-baby-*","pantherinae-neofelis-*","pantherinae-panthera-baby-*","procyonidae-*","rhinocerotidae-baby-*","suidae-*","ursidae-baby-*"  ],
							"@.*-(aureus|lupastor|adusta|mesomelas)": [ "chicken-*","deer-*-*-baby","goat-*-*-baby","hare-*", "chelonoidis-*", "rana-*","antilopinae-baby-*","antilopinae-carcass-*","caprinae-baby-*","caprinae-carcass-*","casuariidae-baby-*","casuariidae-carcass-*","casuariidae-egg-*","cervidae-carcass-*","procyonidae-*","rhinocerotidae-carcass","suidae-baby-*","suidae-carcass-*" ],
							"*-canis-familiaris": [ "bear-*", "fox-*","hare-*","hyena-*", "raccoon-*","caninae-cerdocyonina-*","caninae-urocyonini-*","caninae-vulpini-*","casuariidae-*", "hyaenidae-*", "pantherinae-*","procyonidae-*", "ursidae-*"  ],
							"@.*-(latrans|lupusdingo)": ["player","chicken-*","deer-*-*-baby","fox-*","goat-*-*-baby","hare-*","raccoon-*","antilopinae-baby-*","caninae-cerdocyonina-baby-*","caninae-urocyonini-*","caninae-vulpini-*","caprinae-baby-*","casuariidae-*","cervidae-alceini-baby-*","cervidae-capreolini-baby-*","cervidae-odocoileini-baby-*","hyaenidae-baby-*","hyaenidae-carcass-*","machairodontinae-baby-*","pantherinae-neofelis-baby-*","pantherinae-panthera-baby-*","procyonidae-*","suidae-baby-*","ursidae-baby-*"  ],
							"@.*-(lycaon|rufus|pictus|alpinus)": ["chicken-*","deer-*","fox-*","goat-*","hare-*","raccoon-*","antilopinae-*","caninae-cerdocyonina-baby-*","caninae-urocyonini-*","caninae-vulpini-*","caprinae-baby-*","casuariidae-*","cervidae-alceini-baby-*","cervidae-capreolini-*","cervidae-odocoileini-*","hyaenidae-baby-*","hyaenidae-carcass-*","machairodontinae-baby-*","pantherinae-neofelis-baby-*","pantherinae-panthera-baby-*","procyonidae-*","rhinocerotidae-baby-*","suidae-baby-*","ursidae-baby-*"  ],
							"@.*-(simensis|sardous)":  ["chicken-*","deer-*-*-baby","gazelle-baby","goat-*-*-baby","hare-*", "pig-baby", "raccoon-*", "sheep-baby","antilopinae-baby","antilopinae-carcass", "caninae-canina-carcass","caninae-cerdocyonina-carcass","caninae-urocyonini-carcass", "caninae-vulpini-carcass", "caprinae-baby","caprinae-carcass","casuariidae-baby-*","casuariidae-carcass-*","casuariidae-egg-*", "cervidae-carcass", "hyaenidae-carcass","machairodontinae-carcass", "pantherinae-neofelis-carcass","pantherinae-panthera-carcass","procyonidae-*","rhinocerotidae-carcass","suidae-baby","suidae-carcass", "ursidae-carcass" ]},
						"priority": 1.7,
						"priorityForCancel": 1.71,
						"seekingRange": 30,
						"movespeedByType": {"*-aenocyon-dirus": 0.06,"*-canis-aureus": 0.03,"*-canis-familiaris":0.06,"*-canis-latrans":0.032,"*-canis-lupastor":0.024,"*-canis-lupus":0.06,"*-canis-lupusarctos":0.06,"*-canis-lupusdingo":0.032,"*-canis-lycaon":0.054,"*-canis-rufus":0.045,"*-canis-simensis":0.032,"*-cuon-alpinus":0.03,"*-cynotherium-sardous":0.027,"*-lupulella-adusta": 0.03,"*-lupulella-mesomelas": 0.03,"*-lycaon-pictus": 0.054},
						"animation": "Canter",
						"animationSpeed": 2.0,
						"soundByType": {"@.*-(dirus|lupus|lupusarctos)":"caninae:creature/aenocyon/growl","@.*-(alpinus)":"caninae:creature/cuon/whistle"},
						"soundRangeByType": {"*":60},
						"whenNotInEmotionState": "saturated"
					},
					{
						"code": "seekentity",
						"entityCodesByType": {
							"*-canis-familiaris": [ "bear-*","deer-*", "fox-*","goat-*","hare-*","hyena-*","moose-*", "raccoon-*","wolf-*","antilopinae-*","caprinae-*","caninae-cerdocyonina-*","caninae-urocyonini-*","caninae-vulpini-*","casuariidae-*","cervidae-*", "hyaenidae-*", "machairodontinae-*","pantherinae-*","procyonidae-*","suidae-*", "ursidae-*"   ],							
							"@.*-(dirus|aureus|latrans|lupastor|lupus|lupusarctos|lupusdingo|lycaon|rufus|simensis|alpinus|sardous|adusta|mesomelas|pictus)":[ "player", "wolf-*", "bear-*","deer-*", "fox-*", "goat-*","hyena-*","moose-*", "sheep-*", "pig-*","antilopinae-*","caninae-cerdocyonina-*","caninae-urocyonini-*","caninae-vulpini-*","caprinae-*","casuariidae-*", "cervidae-*","machairodontinae-*", "pantherinae-*","procyonidae-*","suidae-*","ursidae-*" ]},
						"priority": 3.82,
						"seekingRange": 5,
						"movespeedByType": {"*-aenocyon-dirus": 0.06,"*-canis-aureus": 0.03,"*-canis-familiaris":0.06,"*-canis-latrans":0.032,"*-canis-lupastor":0.024,"*-canis-lupus":0.06,"*-canis-lupusarctos":0.06,"*-canis-lupusdingo":0.032,"*-canis-lycaon":0.054,"*-canis-rufus":0.045,"*-canis-simensis":0.032,"*-cuon-alpinus":0.03,"*-cynotherium-sardous":0.027,"*-lupulella-adusta": 0.03,"*-lupulella-mesomelas": 0.03,"*-lycaon-pictus": 0.054},
						"animation": "Canter",
						"animationSpeed": 1.0,
						"soundByType": {"@.*-(aureus|simensis)":"caninae:creature/canis/aureus-bark","@.*-(familiaris|lupusdingo|alpinus|sardous)":"caninae:creature/canis/dingo-hurt", "*-canis-latrans":"caninae:creature/canis/latrans-growl","*-canis-lupastor":"caninae:creature/canis/lupastor-bark","@.*-(adusta|mesomelas)":"caninae:creature/lupulella/alarm","*-lycaon-pictus":"caninae:creature/lycaon/pictus-hurt", "*":"game:creature/wolf/hurt"},
						"whenInEmotionState": "aggressiveondamage|aggressivearoundentities"
					},
					{
						"code": "fleeentity",
						"entityCodesByType": {
							"*-canis-familiaris": [ "drifter-*","bell-*", "bear-*", "deer-*","fox-*","goat-*","hare-*","hyena-*", "moose-*", "raccoon-*","wolf-*","antilopinae-*","caprinae-*","caninae-cerdocyonina-*","caninae-urocyonini-*","caninae-vulpini-*","casuariidae-*","cervidae-*", "hyaenidae-*","machairodontinae-*", "pantherinae-*","procyonidae-*","rhinocerotidae-adult-*","suidae-*", "ursidae-*"   ],	
							"@.*-(dirus|aureus|latrans|lupastor|lupus|lupusarctos|lupusdingo|lycaon|rufus|simensis|alpinus|sardous|adusta|mesomelas|pictus)":[ "player", "wolf-*", "bear-*","deer-*", "fox-*", "goat-*","hyena-*", "moose-*","sheep-*", "pig-*","antilopinae-*","caninae-cerdocyonina-*","caninae-urocyonini-*","caninae-vulpini-*","caprinae-*", "casuariidae-*","cervidae-*","machairodontinae-*", "pantherinae-*","procyonidae-*","rhinocerotidae-adult-*","suidae-*","ursidae-*"  ]},
						"priority": 3.83,
						"movespeedByType": {"*-aenocyon-dirus": 0.057,"*-canis-aureus": 0.028,"*-canis-familiaris":0.057,"*-canis-latrans":0.030,"*-canis-lupastor":0.023,"*-canis-lupus":0.057,"*-canis-lupusarctos":0.057,"*-canis-lupusdingo":0.03,"*-canis-lycaon":0.052,"*-canis-rufus":0.044,"*-canis-simensis":0.03,"*-cuon-alpinus":0.028,"*-cynotherium-sardous":0.025,"*-lupulella-adusta": 0.028,"*-lupulella-mesomelas": 0.028,"*-lycaon-pictus": 0.052},
						"seekingRange": 25,
						"animation": "Canter",
						"animationSpeed": 2.0,
						"soundByType": {"@.*-(aureus|simensis)":"caninae:creature/canis/aureus-bark","@.*-(familiaris|lupusdingo|alpinus|sardous)":"caninae:creature/canis/dingo-whimper","*-canis-lupastor":"caninae:creature/canis/lupastor-bark","@.*-(adusta|mesomelas)":"caninae:creature/lupulella/alarm","*-lycaon-pictus":"caninae:creature/lycaon/pictus-hurt","*":"game:creature/wolf/hurt"},
						"whenInEmotionState": "fleeondamage"
					},
					{
						"code": "getoutofwater",
						"priority": 1.81,
						"priorityForCancel": 1.85,
						"movespeedByType": {"*-aenocyon-dirus": 0.06,"*-canis-aureus": 0.03,"*-canis-familiaris":0.06,"*-canis-latrans":0.035,"*-canis-lupastor":0.024,"*-canis-lupus":0.06,"*-canis-lupusarctos":0.06,"*-canis-lupusdingo":0.035,"*-canis-lycaon":0.054,"*-canis-rufus":0.045,"*-canis-simensis":0.035,"*-cuon-alpinus":0.03,"*-cynotherium-sardous":0.027,"*-lupulella-adusta": 0.03,"*-lupulella-mesomelas": 0.03,"*-lycaon-pictus": 0.054},
						"animation": "Swim",
						"animationSpeed": 1
					},
					{
						"code": "stayclosetoentity",
						"priority": 1.9,
						"entityCodeByType": {
							"*-canis-familiaris": "player",
							"*": "caninae-canina-adult-female-{genus}-{species}"
						},
						"movespeedByType": {"*-aenocyon-dirus": 0.015,"*-canis-aureus": 0.0075,"*-canis-familiaris":0.06,"*-canis-latrans":0.0085,"*-canis-lupastor":0.006,"*-canis-lupus":0.015,"*-canis-lupusarctos":0.015,"*-canis-lupusdingo":0.0085,"*-canis-lycaon":0.0135,"*-canis-rufus":0.012,"*-canis-simensis":0.0085,"*-cuon-alpinus":0.0075,"*-cynotherium-sardous":0.0068,"*-lupulella-adusta": 0.0075,"*-lupulella-mesomelas": 0.0075,"*-lycaon-pictus": 0.0135},
						"maxDistance": 15,
						"searchRange": 45,
						"animationByType": {"*-canis-familiaris": "Canter","*": "Trot"},
						"animationSpeed": 2,
						"stopOnHurt": true
					},
					{
						"code": "seekentity",
						"priority": 1.34,
						"priorityForCancel": 1.35,
						"entityCodesByType": {
							"*-canis-familiaris": [  "drifter-*","bell-*","bear-*","fox-*","hyena-*", "raccoon-*", "wolf-*", "caninae-canina-adult-female-aenocyon-*","caninae-canina-adult-male-aenocyon-*","cervidae-alceini-adult-*","hyaenidae-*","machairodontinae-*","pantherinae-*","procyonidae-*","ursidae-*" ],
							"*": [ "player", "hyena-*", "wolf-*", "bear-*","hyaenidae-*","machairodontinae-*","pantherinae-*","ursidae-*" ]
						},
						"minduration": 4000,
						"maxduration": 4000,
						"movespeedByType": {"*-canina-*": 0.0001},
						"mincooldown": 6000,
						"maxcooldown": 12000,
						"seekingRangeByType": {"*":50},
						"animation": "Bark",
						"animationSpeed": 1,
						"whenNotInEmotionState": "aggressiveondamage|aggressivearoundentities|fleeondamage",
						"stopOnHurt": true,
						"soundByType": { "@.*-(aureus|simensis|sardous)":"caninae:creature/canis/aureus-bark","@.*-(familiaris|lupusdingo)":"caninae:creature/canis/dingo-hurt","*-canis-latrans":"caninae:creature/canis/latrans-bark","*-canis-lupastor":"caninae:creature/canis/lupastor-bark","@.*-(adusta|mesomelas)":"caninae:creature/lupulella/alarm","*-lycaon-pictus":"caninae:creature/lycaon/pictus-hurt","@.*-(alpinus)":"caninae:creature/cuon/whistle","*":"game:creature/wolf/hurt"},
						"soundRangeByType": {"*":60}
					},
					{
						"code": "idle",
						"priority": 1.3,
						"minduration": 200000,
						"maxduration": 800000,
						"mincooldown": 10000,
						"maxcooldown": 30000,
						"animation": "Sleep",
						"animationSpeed": 0.3,
						"whenNotInEmotionState": "aggressiveondamage|aggressivearoundentities|fleeondamage",
						"duringDayTimeFramesByType": {
							"*-aenocyon-dirus":[{"fromHour": 11,"toHour": 15},{"fromHour": 22,"toHour": 24},{"fromHour": 0,"toHour": 4}],
							"*-canis-aureus":[{"fromHour": 10,"toHour": 13},{"fromHour": 21,"toHour": 24},{"fromHour": 0,"toHour": 5}],
							"*-canis-familiaris":[{"fromHour": 21,"toHour": 24},{"fromHour": 0,"toHour": 9}],
							"*-canis-latrans":[{"fromHour": 22,"toHour": 24},{"fromHour": 0,"toHour": 6},{"fromHour": 12,"toHour": 14}],
							"*-canis-lupastor":[{"fromHour": 11,"toHour": 13},{"fromHour": 20,"toHour": 24},{"fromHour": 0,"toHour": 7}],
							"*-canis-lupus":[{"fromHour": 9,"toHour": 18}],
							"*-canis-lupusarctos":[{"fromHour": 11,"toHour": 14},{"fromHour": 21,"toHour": 24},{"fromHour": 0,"toHour": 4}],
							"*-canis-lupusdingo":[{"fromHour": 22,"toHour": 24},{"fromHour": 0,"toHour": 6},{"fromHour": 12,"toHour": 14}],
							"*-canis-lycaon":[{"fromHour": 10,"toHour": 19}],
							"*-canis-rufus":[{"fromHour": 22,"toHour": 24},{"fromHour": 0,"toHour": 6},{"fromHour": 11,"toHour": 16}],
							"*-canis-simensis":[{"fromHour": 18,"toHour": 24},{"fromHour": 0,"toHour": 6}],
							"*-cuon-alpinus":[{"fromHour": 12,"toHour": 16},{"fromHour": 20,"toHour": 24},{"fromHour": 0,"toHour": 6}],
							"*-cynotherium-sardous":[{"fromHour": 12,"toHour": 16},{"fromHour": 20,"toHour": 24},{"fromHour": 0,"toHour": 6}],
							"*-lupulella-adusta":[{"fromHour": 11,"toHour": 13},{"fromHour": 21,"toHour": 24},{"fromHour": 0,"toHour": 4}],
							"*-lupulella-mesomelas":[{"fromHour": 12,"toHour": 15},{"fromHour": 22,"toHour": 24},{"fromHour": 0,"toHour": 5}],
							"*-lycaon-pictus":[{"fromHour": 16,"toHour": 24},{"fromHour": 0,"toHour": 8}]},
						"stopOnNearbyEntityCodes": [ "player" ],
						"stopRange": 6,
						"stopOnHurt": true
					},
					{
						"code": "seekfoodandeat",
						"movespeedByType": {"*-aenocyon-dirus": 0.006,"*-canis-aureus": 0.003,"*-canis-familiaris":0.006,"*-canis-latrans":0.0036,"*-canis-lupastor":0.0024,"*-canis-lupus":0.006,"*-canis-lupusarctos":0.006,"*-canis-lupusdingo":0.0036,"*-canis-lycaon":0.0054,"*-canis-rufus":0.0045,"*-canis-simensis":0.0036,"*-cuon-alpinus":0.003,"*-cynotherium-sardous":0.0027,"*-lupulella-adusta": 0.003,"*-lupulella-mesomelas": 0.003,"*-lycaon-pictus": 0.0054},
						"priority": 1.74,
						"eatSoundByType": {"*":"game:creature/animal-eat*"},
						"eatTime": 5.0,
						"eatLooseItems": true,
						"animationSpeed": 1,
						"animation": "Walk",
						"eatAnimation": "Eat",
						"whenNotInEmotionState": "aggressiveondamage|aggressivearoundentities|fleeondamage",
						"mincooldownHours": 1,
						"maxcooldownHours": 4,
						"stopOnHurt": true
					},
					{
						"code": "idle",
						"priority": 1.0,
						"priorityForCancel": 1.35,
						"minduration": 4667,
						"maxduration": 4667,
						"chanceByType": {"*-canis-familiaris":0.001, "*": 0.05},
						"mincooldown": 8000,
						"maxcooldown": 50000,
						"animation": "Bark",
						"animationSpeed": 1.0,
						"soundByType": {"*-aenocyon-dirus":"caninae:creature/aenocyon/bark","@.*-(aureus|simensis|sardous)":"caninae:creature/canis/aureus-bark","@.*-(familiaris|lupusdingo)":"caninae:creature/canis/dingo-bark","*-canis-latrans":"caninae:creature/canis/latrans-bark","*-canis-lupastor":"caninae:creature/canis/aureus-lupastor","@.*-(adusta|mesomelas)":"caninae:creature/lupulella/bark","*-lycaon-pictus":"caninae:creature/lycaon/pictus-bark","@.*-(alpinus)":"caninae:creature/cuon/whistle","*":"game:creature/wolf/hurt"},
						"soundRangeByType": {"*": 60},
						"whenNotInEmotionState": "aggressiveondamage|aggressivearoundentities|fleeondamage",
						"stopOnHurt": true
					},
					{
						"code": "idle",
						"priority": 0.99,
						"priorityForCancel": 1.35,
						"minduration": 4667,
						"maxduration": 4667,
						"chanceByType": { "*": 0.5},
						"mincooldown": 6000,
						"maxcooldown": 20000,
						"animation": "Howl",
						"animationSpeed": 0.5,
						"whenNotInEmotionState": "aggressiveondamage|aggressivearoundentities|fleeondamage",
						"duringDayTimeFramesByType": {
							"*-aenocyon-dirus":[{"fromHour": 19,"toHour": 20}],
							"*-canis-aureus":[{"fromHour": 18,"toHour": 19}],
							"*-canis-familiaris":[{"fromHour": 0,"toHour": 1}],
							"*-canis-latrans":[{"fromHour": 18,"toHour": 22}],
							"*-canis-lupastor":[{"fromHour": 9,"toHour": 10},{"fromHour": 14,"toHour": 15}],
							"*-canis-lupus":[{"fromHour": 22,"toHour": 23}],
							"*-canis-lupusarctos":[{"fromHour": 14,"toHour": 15},{"fromHour": 5,"toHour": 6}],
							"*-canis-lupusdingo":[{"fromHour": 17,"toHour": 18},{"fromHour": 6,"toHour": 7}],
							"*-canis-lycaon":[{"fromHour": 21,"toHour": 22}],
							"*-canis-rufus":[{"fromHour": 20,"toHour": 21}],
							"*-canis-simensis":[{"fromHour": 17,"toHour": 18}],
							"*-cuon-alpinus":[{"fromHour": 8,"toHour": 9},{"fromHour": 14,"toHour": 15}],
							"*-cynotherium-sardous":[{"fromHour": 9,"toHour": 10},{"fromHour": 13,"toHour": 14}],
							"*-lupulella-adusta":[{"fromHour": 19,"toHour": 20}],
							"*-lupulella-mesomelas":[{"fromHour": 20,"toHour": 21},{"fromHour": 6,"toHour": 7}],
							"*-lycaon-pictus":[{"fromHour": 9,"toHour": 10},{"fromHour": 13,"toHour": 14}]},
						"soundByType": {"*-aenocyon-dirus":"caninae:creature/aenocyon/howl","@.*-(aureus|simensis|sardous)":"caninae:creature/canis/aureus-howl","@.*-(familiaris|lupusdingo|alpinus)":"caninae:creature/canis/dingo-howl","*-canis-latrans":"caninae:creature/canis/latrans-howl","*-canis-lupastor":"caninae:creature/canis/lupastor-howl","@.*-(adusta|mesomelas)":"caninae:creature/lupulella/howl","*-lycaon-pictus":"caninae:creature/lycaon/pictus-howl","*":"game:creature/wolf/howl*"},
						"soundRangeByType": {"*": 110},
						"stopOnHurt": true
					},
					{
						"code": "idle",
						"priority": 0.99,
						"priorityForCancel": 1.35,
						"minduration": 4667,
						"maxduration": 4667,
						"chanceByType": {
							"*-canis-familiaris":0.001, "*": 0.005},
						"mincooldown": 6000,
						"maxcooldown": 20000,
						"animation": "Howl",
						"animationSpeed": 0.5,
						"whenNotInEmotionState": "aggressiveondamage|aggressivearoundentities|fleeondamage",
						"soundByType": {"*-aenocyon-dirus":"caninae:creature/aenocyon/howl","@.*-(aureus|simensis|alpinus)":"caninae:creature/canis/aureus-howl","@.*-(familiaris|lupusdingo|sardous)":"caninae:creature/canis/dingo-howl","*-canis-latrans":"caninae:creature/canis/latrans-howl2","*-canis-lupastor":"caninae:creature/canis/lupastor-howl","@.*-(adusta|mesomelas)":"caninae:creature/lupulella/howl","*-lycaon-pictus":"caninae:creature/lycaon/pictus-howl","*":"game:creature/wolf/howl*"},
						"soundRangeByType": {"*": 110},
						"stopOnHurt": true
					},
					{
						"code": "wander",
						"priority": 1.0,
						"priorityForCancel": 1.35,
						"chance": 0.5,
						"movespeedByType": {"*-aenocyon-dirus": 0.015,"*-canis-aureus": 0.0075,"*-canis-familiaris":0.015,"*-canis-latrans":0.009,"*-canis-lupastor":0.006,"*-canis-lupus":0.015,"*-canis-lupusarctos":0.015,"*-canis-lupusdingo":0.009,"*-canis-lycaon":0.0135,"*-canis-rufus":0.012,"*-canis-simensis":0.009,"*-cuon-alpinus":0.0075,"*-cynotherium-sardous":0.0067,"*-lupulella-adusta": 0.0075,"*-lupulella-mesomelas": 0.0075,"*-lycaon-pictus": 0.0135},
						"animationSpeedByType": {"canis-familiaris": 0.66,"*": 2},
						"animation": "Trot",
						"whenNotInEmotionState": "aggressiveondamage|aggressivearoundentities|fleeondamage",
						"preferredLightLevel": 8,
						"stopOnHurt": true
					},
					{
						"code": "wander",
						"priority": 1.0,
						"priorityForCancel": 1.35,
						"chance": 0.25,
						"movespeedByType": {"*-aenocyon-dirus": 0.006,"*-canis-aureus": 0.003,"*-canis-familiaris":0.006,"*-canis-latrans":0.0036,"*-canis-lupastor":0.0024,"*-canis-lupus":0.006,"*-canis-lupusarctos":0.006,"*-canis-lupusdingo":0.0036,"*-canis-lycaon":0.0054,"*-canis-rufus":0.0045,"*-canis-simensis":0.0036,"*-cuon-alpinus":0.003,"*-cynotherium-sardous":0.0027,"*-lupulella-adusta": 0.003,"*-lupulella-mesomelas": 0.003,"*-lycaon-pictus": 0.0054},
						"animationSpeedByType": {"canis-familiaris": 0.66, "*": 1},
						"animation": "Walk",
						"whenNotInEmotionState": "aggressiveondamage|aggressivearoundentities|fleeondamage",
						"preferredLightLevel": 8,
						"stopOnHurt": true
					},
					{
						"code": "idle",
						"priority": 0.9,
						"minduration": 2500,
						"maxduration": 2500,
						"mincooldown": 6000,
						"maxcooldown": 20000,
						"priorityForCancel": 1.28,
						"stopOnHurt": true,
						"animation": "Sniff",
						"whenNotInEmotionState": "aggressiveondamage|aggressivearoundentities|fleeondamage",
						"soundByType": {},
						"animationSpeed": 1.25
					},
					{
						"code": "idle",
						"priority": 0.9,
						"minduration": 6000,
						"maxduration": 45000,
						"mincooldown": 6000,
						"maxcooldown": 12000,
						"priorityForCancel": 1.28,
						"stopOnNearbyEntityCodes": [ "player", "bear-*","wolf-*","sheep-*","pig-*","cervidae-*","caprinae-*","caninae-canina-*","pantherinae-*","suidae-*","ursidae-*" ],
						"stopRange": 8,
						"whenNotInEmotionState": "aggressiveondamage|aggressivearoundentities|fleeondamage",
						"stopOnHurt": true,
						"animation": "Lie"
					},
					{
						"code": "idle",
						"priority": 0.9,
						"minduration": 6000,
						"maxduration": 45000,
						"mincooldown": 6000,
						"maxcooldown": 12000,
						"priorityForCancel": 1.28,
						"stopOnNearbyEntityCodes": [ "player", "bear-*","wolf-*","sheep-*","pig-*","cervidae-*","caprinae-*","caninae-canina-*","pantherinae-*","suidae-*","ursidae-*" ],
						"stopRange": 8,
						"whenNotInEmotionState": "aggressiveondamage|aggressivearoundentities|fleeondamage",
						"stopOnHurt": true,
						"animation": "Sit"
					},
					{
						"code": "lookaround",
						"priority": 0.5,
						"whenNotInEmotionState": "aggressiveondamage|aggressivearoundentities|fleeondamage"
					}
				]
			},
			{"code": "ropetieable","minGeneration": 2},
			{"code": "pettable","minGeneration": 1}
			],
		"spawnconditions": {
			"runtime": {
				"group": "neutral",
				"maxQuantity": 1,
				"maxQuantityByGroup": {"code": "caninae-canina-*","maxQuantity": 2},
				"tryOnlySurface": true,
				"chanceByType": {
					"*-aenocyon-dirus": 0.00001,
					"*-canis-aureus": 0.00001,
					"*-canis-familiaris": 0.0,
					"*-canis-latrans": 0.00001,
					"*-canis-lupastor": 0.00001,
					"*-canis-lupus": 0.00001,
					"*-canis-lupusarctos": 0.00001,
					"*-canis-lupusdingo": 0.00001,
					"*-canis-lycaon": 0.00001,
					"*-canis-rufus": 0.00001,
					"*-canis-simensis": 0.00001,
					"*-cuon-alpinus": 0.00001,
					"*-cynotherium-sardous": 0.00001,
					"*-lupulella-adusta": 0.00001,
					"*-lupulella-mesomelas": 0.00001,
					"*-lycaon-pictus": 0.00001
				},
				"mindistancetoplayer": 100,
				"maxLightLevel": 7,
				"lightLevelType": "onlyBlockLight",	
				"spawnCapPlayerScaling": 0.0,
				"groupSizeByType": {
					"*-aenocyon-dirus": { "dist": "uniform", "avg": 1.5, "var": 0.5 },
					"*-canis-aureus": { "dist": "uniform", "avg": 1.5, "var": 0.5 },
					"*-canis-familiaris": { "dist": "uniform", "avg": 1.0, "var": 0.0 },
					"*-canis-latrans": { "dist": "uniform", "avg": 1.0, "var": 0.0 },
					"*-canis-lupastor": { "dist": "uniform", "avg": 1.5, "var": 0.5},
					"*-canis-lupus": { "dist": "uniform", "avg": 1.5, "var": 0.5},
					"*-canis-lupusarctos": { "dist": "uniform", "avg": 1.5, "var": 0.5},
					"*-canis-lupusdingo": { "dist": "uniform", "avg": 1.5, "var": 0.5},
					"*-canis-lycaon": { "dist": "uniform", "avg": 1.5, "var": 0.5},
					"*-canis-rufus": { "dist": "uniform", "avg": 1.0, "var": 0.5},
					"*-canis-simensis": { "dist": "uniform", "avg": 1.0, "var": 0.0},
					"*-cuon-alpinus": { "dist": "uniform", "avg": 4.0, "var": 1.0},
					"*-cynotherium-sardous": { "dist": "uniform", "avg": 4.0, "var": 1.0},
					"*-lupulella-adusta": { "dist": "uniform", "avg": 1.0, "var": 0.0},
					"*-lupulella-mesomelas": { "dist": "uniform", "avg": 1.5, "var": 0.5},
					"*-lycaon-pictus": { "dist": "uniform", "avg": 6.5, "var": 2.5}
				},
				"insideBlockCodes": [ "game:gravel-*", "game:sand-*", "game:snowlayer-1", "game:soil-*","game:tallgrass-*" ],
				"minTempByType": {
					"*-aenocyon-dirus": -12,
					"*-canis-aureus": 18,
					"*-canis-familiaris": -12,
					"*-canis-latrans": -12,
					"*-canis-lupastor": 24,
					"*-canis-lupus": -12,
					"*-canis-lupusarctos": -40,
					"*-canis-lupusdingo": 19,
					"*-canis-lycaon": -12,
					"*-canis-rufus": -2,
					"*-canis-simensis": 11,
					"*-cuon-alpinus": 11,
					"*-cynotherium-sardous": 19,
					"*-lupulella-adusta": 28,
					"*-lupulella-mesomelas": 16,
					"*-lycaon-pictus": 24},
				"maxTempByType": {
					"*-aenocyon-dirus": 28,
					"*-canis-aureus": 60,
					"*-canis-familiaris": 60,
					"*-canis-latrans": 28,
					"*-canis-lupastor": 60,
					"*-canis-lupus": 24,
					"*-canis-lupusarctos": -11,
					"*-canis-lupusdingo": 30,
					"*-canis-lycaon": -2,
					"*-canis-rufus": 28,
					"*-canis-simensis": 22,
					"*-cuon-alpinus": 60,
					"*-cynotherium-sardous": 23,
					"*-lupulella-adusta": 60,
					"*-lupulella-mesomelas": 60,
					"*-lycaon-pictus": 60},
				"minRainByType": {
					"*-aenocyon-dirus": 0.25,
					"*-canis-aureus": 0.1,
					"*-canis-familiaris": 0.0,
					"*-canis-latrans": 0.1,
					"*-canis-lupastor": 0.1,
					"*-canis-lupus": 0.1,
					"*-canis-lupusarctos": 0.1,
					"*-canis-lupusdingo": 0.1,
					"*-canis-lycaon": 0.25,
					"*-canis-rufus": 0.1,
					"*-canis-simensis": 0.25,
					"*-cuon-alpinus": 0.25,
					"*-cynotherium-sardous": 0.25,
					"*-lupulella-adusta": 0.25,
					"*-lupulella-mesomelas": 0.1,
					"*-lycaon-pictus": 0.2},
				"maxRainByType": {
					"*-aenocyon-dirus": 1.0,
					"*-canis-aureus": 1.0,
					"*-canis-familiaris": 1.0,
					"*-canis-latrans": 1.0,
					"*-canis-lupastor": 0.75,
					"*-canis-lupus": 1.0,
					"*-canis-lupusarctos": 1.0,
					"*-canis-lupusdingo": 0.8,
					"*-canis-lycaon": 1.0,
					"*-canis-rufus": 1.0,
					"*-canis-simensis": 1.0,
					"*-cuon-alpinus": 1.0,
					"*-cynotherium-sardous": 0.75,
					"*-lupulella-adusta": 0.75,
					"*-lupulella-mesomelas": 0.9,
					"*-lycaon-pictus": 0.65},
				"minForestByType": {
					"*-aenocyon-dirus": 0.0,
					"*-canis-aureus": 0.0,
					"*-canis-familiaris": 0.0,
					"*-canis-latrans": 0.0,
					"*-canis-lupastor": 0.0,
					"*-canis-lupus": 0.0,
					"*-canis-lupusarctos": 0.0,
					"*-canis-lupusdingo": 0.0,
					"*-canis-lycaon": 0.0,
					"*-canis-rufus": 0.0,
					"*-canis-simensis": 0.0,
					"*-cuon-alpinus": 0.25,
					"*-cynotherium-sardous": 0.25,
					"*-lupulella-adusta": 0.5,
					"*-lupulella-mesomelas": 0.0,
					"*-lycaon-pictus": 0.0},
				"maxForestByType": {
					"*-aenocyon-dirus": 1.0,
					"*-canis-aureus": 1.0,
					"*-canis-familiaris": 1.0,
					"*-canis-latrans": 0.75,
					"*-canis-lupastor": 0.45,
					"*-canis-lupus": 1.0,
					"*-canis-lupusarctos": 1.0,
					"*-canis-lupusdingo": 1.0,
					"*-canis-lycaon": 1.0,
					"*-canis-rufus": 1.0,
					"*-canis-simensis": 0.95,
					"*-cuon-alpinus": 1.0,
					"*-cynotherium-sardous": 1.0,
					"*-lupulella-adusta": 1.0,
					"*-lupulella-mesomelas": 0.5,
					"*-lycaon-pictus": 0.95},
				"minShrubByType": {
					"*-aenocyon-dirus": 0.0,
					"*-canis-aureus": 0.25,
					"*-canis-familiaris": 0.0,
					"*-canis-latrans": 0.0,
					"*-canis-lupastor": 0.0,
					"*-canis-lupus": 0.0,
					"*-canis-lupusarctos": 0.1,
					"*-canis-lupusdingo": 0.0,
					"*-canis-lycaon": 0.0,
					"*-canis-rufus": 0.0,
					"*-canis-simensis": 0.0,
					"*-cuon-alpinus": 0.25,
					"*-cynotherium-sardous": 0.25,
					"*-lupulella-adusta": 0.0,
					"*-lupulella-mesomelas": 0.0,
					"*-lycaon-pictus": 0.0},
				"maxShrubByType": {
					"*-aenocyon-dirus": 1.0,
					"*-canis-aureus": 1.0,
					"*-canis-familiaris": 1.0,
					"*-canis-latrans": 0.75,
					"*-canis-lupastor": 1.0,
					"*-canis-lupus": 1.0,
					"*-canis-lupusarctos": 1.0,
					"*-canis-lupusdingo": 1.0,
					"*-canis-lycaon": 1.0,
					"*-canis-rufus": 1.0,
					"*-canis-simensis": 1.0,
					"*-cuon-alpinus": 1.0,
					"*-cynotherium-sardous": 1.0,
					"*-lupulella-adusta": 0.75,
					"*-lupulella-mesomelas": 0.5,
					"*-lycaon-pictus": 0.5},
				"minYByType": {
					"*-aenocyon-dirus": 0.9,
					"*-canis-aureus": 0.9,
					"*-canis-familiaris": 0.9,
					"*-canis-latrans": 0.9,
					"*-canis-lupastor": 0.9,
					"*-canis-lupus": 0.9,
					"*-canis-lupusarctos": 0.9,
					"*-canis-lupusdingo": 0.9,
					"*-canis-lycaon": 0.9,
					"*-canis-rufus": 0.9,
					"*-canis-simensis": 1.55,
					"*-cuon-alpinus": 1.4,
					"*-cynotherium-sardous": 0.9,
					"*-lupulella-adusta": 0.9,
					"*-lupulella-mesomelas": 0.9,
					"*-lycaon-pictus": 1.0},
				"maxYByType": {
					"*-aenocyon-dirus": 1.62,
					"*-canis-aureus": 1.6,
					"*-canis-familiaris": 1.9,
					"*-canis-latrans": 1.6,
					"*-canis-lupastor": 1.5,
					"*-canis-lupus": 1.7,
					"*-canis-lupusarctos": 1.4,
					"*-canis-lupusdingo": 1.7,
					"*-canis-lycaon": 1.7,
					"*-canis-rufus": 1.7,
					"*-canis-simensis": 1.9,
					"*-cuon-alpinus": 1.9,
					"*-cynotherium-sardous": 1.4,
					"*-lupulella-adusta": 1.4,
					"*-lupulella-mesomelas": 1.7,
					"*-lycaon-pictus": 1.8},
				"companionsByType": {
				"*":["caninae:caninae-canina-adult-female-{genus}-{species}"]}
			}
		}
	},
	"soundsByType": {
"@.*-(aureus|alpinus|sardous)":{"hurt": "game:creature/wolf/hurt","death": "game:creature/wolf/hurt","idle": "caninae:creature/canis/aureus-bark"},
"@.*-(familiaris|lupusdingo)":{"hurt": "caninae:creature/canis/dingo-hurt","death": "caninae:creature/canis/dingo-whimper","idle": "caninae:creature/canis/dingo-bark"},
"*-canis-latrans":{"hurt": "game:creature/wolf/hurt","death": "game:creature/wolf/hurt","idle": "caninae:creature/canis/latrans-bark"},
"*-canis-lupastor":{"hurt": "game:creature/wolf/hurt","death": "game:creature/wolf/hurt","idle": "caninae:creature/canis/lupastor-bark"},
"@.*-(adusta|mesomelas)":{"hurt": "caninae:creature/lupulella/hurt","death": "caninae:creature/lupulella/hurt","idle": "caninae:creature/lupulella/bark"},
"*-lycaon-pictus":{"hurt": "caninae:creature/lycaon/pictus-hurt","death": "caninae:creature/lycaon/pictus-hurt","idle": "caninae:creature/lycaon/pictus-idle"},
"*":{"hurt": "game:creature/wolf/hurt","death": "game:creature/wolf/hurt","idle": "caninae:creature/aenocyon/bark"}
	},
	"idleSoundChanceByType": {"*-lycaon-pictus":0.2,"*":0.01}
}