{
  "code": "taxidermy",
  "behaviors": [{ "name": "HorizontalOrientable", "properties": {  "dropBlockFace": "north", "drop": { "type": "block", "code": "caninae:taxidermy-{tribe}-{type}-{genus}-{species}-north"} }},{ "name": "UnstableFalling" },{ "name": "RightClickPickup"}],
  "variantgroups": [
    {"code": "tribe","states": [ "canina","cerdocyonina","urocyonini","vulpini" ]},
    {"code": "type","states": [ "baby","female","male" ]},
    {"code": "genus","states": [ "aenocyon","canis","cuon","cynotherium","lupulella","lycaon","atelocynus","cerdocyon","chrysocyon","dusicyon","lycalopex","speothos","urocyon","nyctereutes","otocyon","vulpes" ]},
    {"code": "species","states": [ "dirus","aureus","familiaris","latrans","lupastor","lupus","lupusarctos","lupusdingo","lycaon","rufus","simensis","alpinus","sardous","adusta","mesomelas","pictus","microtis","thous","brachyurus","australis","avus","culpaeus","fulvipes","griseus","gymnocercus","sechurae","vetulus","pacivorus","venaticus","cinereoargenteus","littoralis","procyonoides","viverrinus","megalotis","bengalensis","cana","chama","corsac","ferrilata","lagopus","macrotis","pallida","rueppellii","velox","vulpes","zerda" ]},
    { "code": "side", "loadFromProperties": "game:abstract/horizontalorientation"}
  ],
	"allowedVariants": [
		"*-canina-*-aenocyon-dirus-*",
		"*-canina-*-canis-aureus-*",
		"*-canina-*-canis-familiaris-*",
		"*-canina-*-canis-latrans-*",
		"*-canina-*-canis-lupastor-*",
		"*-canina-*-canis-lupus-*",
		"*-canina-*-canis-lupusarctos-*",
		"*-canina-*-canis-lupusdingo-*",
		"*-canina-*-canis-lycaon-*",
		"*-canina-*-canis-rufus-*",
		"*-canina-*-canis-simensis-*",
		"*-canina-*-cuon-alpinus-*",
		"*-canina-*-cynotherium-sardous-*",
		"*-canina-*-lupulella-adusta-*",
		"*-canina-*-lupulella-mesomelas-*",
		"*-canina-*-lycaon-pictus-*",
		"*-cerdocyonina-*-atelocynus-microtis-*",
		"*-cerdocyonina-*-cerdocyon-thous-*",
		"*-cerdocyonina-*-chrysocyon-brachyurus-*",
		"*-cerdocyonina-*-dusicyon-australis-*",
		"*-cerdocyonina-*-dusicyon-avus-*",
		"*-cerdocyonina-*-lycalopex-culpaeus-*",
		"*-cerdocyonina-*-lycalopex-fulvipes-*",
		"*-cerdocyonina-*-lycalopex-griseus-*",
		"*-cerdocyonina-*-lycalopex-gymnocercus-*",
		"*-cerdocyonina-*-lycalopex-sechurae-*",
		"*-cerdocyonina-*-lycalopex-vetulus-*",
		"*-cerdocyonina-*-speothos-pacivorus-*",
		"*-cerdocyonina-*-speothos-venaticus-*",
		"*-urocyonini-*-urocyon-cinereoargenteus-*",
		"*-urocyonini-*-urocyon-littoralis-*",
		"*-vulpini-*-nyctereutes-procyonoides-*",
		"*-vulpini-*-nyctereutes-viverrinus-*",
		"*-vulpini-*-otocyon-megalotis-*",
		"*-vulpini-*-vulpes-bengalensis-*",
		"*-vulpini-*-vulpes-cana-*",
		"*-vulpini-*-vulpes-chama-*",
		"*-vulpini-*-vulpes-corsac-*",
		"*-vulpini-*-vulpes-ferrilata-*",
		"*-vulpini-*-vulpes-lagopus-*",
		"*-vulpini-*-vulpes-macrotis-*",
		"*-vulpini-*-vulpes-pallida-*",
		"*-vulpini-*-vulpes-rueppellii-*",
		"*-vulpini-*-vulpes-velox-*",
		"*-vulpini-*-vulpes-vulpes-*",
		"*-vulpini-*-vulpes-zerda-*"
	],
  "attributes": {
    "handbook": {
      "groupBy": [ "taxidermy-*" ]
    }
  },
  "shapebytype": {
    "*-north": {
      "base": "block/{tribe}/taxidermy-{species}-{type}",
      "rotateY": 90
    },
    "*-east": {
      "base": "block/{tribe}/taxidermy-{species}-{type}",
      "rotateY": 0
    },
    "*-south": {
      "base": "block/{tribe}/taxidermy-{species}-{type}",
      "rotateY": 270
    },
    "*-west": {
      "base": "block/{tribe}/taxidermy-{species}-{type}",
      "rotateY": 180
    }
  },
  "sidesolid": { "all": false },
  "sideopaque": { "all": false },
  "blockmaterial": "Cloth",
  "creativeinventory": {
    "general": [ "*-{tribe}-{type}-{genus}-{species}-north" ],
    "decorative": [ "*-{tribe}-{type}-{genus}-{species}-north" ]
  },
  "replaceable": 5001,
  "resistance": 0.5,
  "lightAbsorption": 0,
  "texturesByType": {
    "*-baby-canis-familiaris-*": {"skin": {"base": "entity/canis/latrans-baby"}},
    "*-baby-canis-lupastor-*": {"skin": {"base": "entity/canis/aureus-baby"}},
    "*-baby-canis-lupus-*": {"skin": {"base": "entity/canis/latrans-baby"}},
    "*-baby-canis-lycaon-*": {"skin": {"base": "entity/canis/latrans-baby"}},
    "*-baby-canis-rufus-*": {"skin": {"base": "entity/canis/latrans-baby"}},
    "*-baby-cuon-alpinus-*": {"skin": {"base": "entity/canis/simensis-baby"}},
    "*-baby-cynotherium-sardous-*": {"skin": {"base": "entity/canis/lupusdingo-baby"}},
    "*-baby-lupulella-*": {"skin": {"base": "entity/aenocyon/dirus-baby"}},
    "*-baby-dusicyon-avus-*": {"skin": {"base": "entity/dusicyon/australis-baby"}},
    "*-baby-lycalopex-griseus-*": {"skin": {"base": "entity/vulpes/corsac-baby"}},
    "*-baby-lycalopex-gymnocercus-*": {"skin": {"base": "entity/vulpes/pallida-baby"}},
    "*-baby-lycalopex-sechurae-*": {"skin": {"base": "entity/vulpes/macrotis-baby"}},
    "*-baby-lycalopex-vetulus-*": {"skin": {"base": "entity/vulpes/macrotis-baby"}},
    "*-baby-speothos-pacivorus-*": {"skin": {"base": "entity/speothos/venaticus-baby"}},
    "*-baby-nyctereutes-viverrinus-*": {"skin": {"base": "entity/nyctereutes/procyonoides-baby"}},
    "*-baby-vulpes-cana-*": {"skin": {"base": "entity/vulpes/bengalensis-baby"}},
    "*-baby-vulpes-ferrilata-*": {"skin": {"base": "entity/vulpes/macrotis-baby"}},
    "*-baby-vulpes-rueppellii-*": {"skin": {"base": "entity/vulpes/pallida-baby"}},
    "*-baby-vulpes-velox-*": {"skin": {"base": "entity/vulpes/corsac-baby"}},
    "*-baby-urocyon-littoralis-*": {"skin": {"base": "entity/urocyon/cinereoargenteus-baby"}},
    "*-baby-*": {"skin": {"base": "entity/{genus}/{species}-baby"}},
    "*-female-*": {"skin": {"base": "entity/{genus}/{species}-adult"}},
    "*-male-*": {"skin": {"base": "entity/{genus}/{species}-adult"}}
  },
  "selectionBoxByType": {
    "*-north": {"x1": 0.15,"y1": 0.0,"z1": 0.0,"x2": 0.85,"y2": 0.85,"z2": 1},
    "*-east": {"x1": 0,"y1": 0.0,"z1": 0.15,"x2": 1.0,"y2": 0.85,"z2": 0.85},
    "*-south": {"x1": 0.15,"y1": 0.0,"z1": 0,"x2": 0.85,"y2": 0.85,"z2": 1.0},
    "*-west": {"x1": 0.0,"y1": 0.0,"z1": 0.15,"x2": 1,"y2": 0.85,"z2": 0.85}
  },
  "collisionboxByType": {
    "*-north": {"x1": 0.15,"y1": 0.0,"z1": 0.0,"x2": 0.85,"y2": 0.85,"z2": 1},
    "*-east": {"x1": 0,"y1": 0.0,"z1": 0.15,"x2": 1.0,"y2": 0.85,"z2": 0.85},
    "*-south": {"x1": 0.15,"y1": 0.0,"z1": 0,"x2": 0.85,"y2": 0.85,"z2": 1.0},
    "*-west": {"x1": 0.0,"y1": 0.0,"z1": 0.15,"x2": 1,"y2": 0.85,"z2": 0.85}
  },
  "combustibleProps": {
    "burnTemperature": 400,
    "burnDuration": 10
  },
  "sounds": {
    "place": "game:block/cloth",
    "walk": "game:walk/cloth"
  },
	"guiTransformByType": {
		"*-canina-baby-*": {
			"rotate": true,
			"translation": { "x": 0, "y": 0.0, "z": 0 },
			"rotation": { "x": -11, "y": 122, "z": 0 },
			"origin": { "x": 0.5, "y": 0.15, "z": 0.5 },
			"scale": 5.0
		},
		"*-cerdocyonina-baby-*": {
			"rotate": true,
			"translation": { "x": 0, "y": 0.0, "z": 0 },
			"rotation": { "x": -11, "y": 122, "z": 0 },
			"origin": { "x": 0.5, "y": 0.15, "z": 0.5 },
			"scale": 3.6
		},
		"*-cerdocyonina-*": {
			"rotate": true,
			"translation": { "x": 0, "y": 0.0, "z": 0 },
			"rotation": { "x": -11, "y": 122, "z": 0 },
			"origin": { "x": 0.5, "y": 0.25, "z": 0.5 },
			"scale": 1.8
		},
		"*-urocyonini-baby-*": {
			"rotate": true,
			"translation": { "x": 0, "y": 0.0, "z": 0 },
			"rotation": { "x": -11, "y": 122, "z": 0 },
			"origin": { "x": 0.5, "y": 0.15, "z": 0.5 },
			"scale": 4.0
		},
		"*-urocyonini-*": {
			"rotate": true,
			"translation": { "x": 0, "y": 0.0, "z": 0 },
			"rotation": { "x": -11, "y": 122, "z": 0 },
			"origin": { "x": 0.5, "y": 0.25, "z": 0.5 },
			"scale": 2.5
		},
		"*-vulpini-baby-*": {
			"rotate": true,
			"translation": { "x": 0, "y": 0.0, "z": 0 },
			"rotation": { "x": -11, "y": 122, "z": 0 },
			"origin": { "x": 0.5, "y": 0.15, "z": 0.5 },
			"scale": 4.0
		},
		"*-vulpini-*": {
			"rotate": true,
			"translation": { "x": 0, "y": 0.0, "z": 0 },
			"rotation": { "x": -11, "y": 122, "z": 0 },
			"origin": { "x": 0.5, "y": 0.25, "z": 0.5 },
			"scale": 2.5
		},
		"*": {
			"rotate": true,
			"translation": { "x": 0, "y": 0, "z": 0 },
			"rotation": { "x": -11, "y": 122, "z": 0 },
			"origin": { "x": 0.5, "y": 0.4, "z": 0.5 },
			"scale": 1.25
		}			
	},
  "groundTransform": {
    "translation": {"x": 0.5,"y": 0,"z": 0},
    "rotation": {"x": 0,"y": 135,"z": 0},
    "origin": {"x": 0.5,"y": -0.02,"z": 0.5},
    "scale": 0.5
  },
  "tpHandTransform": {
    "translation": {"x": -1,"y": -0.8,"z": -1},
    "rotation": {"x": -46,"y": 300,"z": -2},
    "origin": {"x": 0.5,"y": 1,"z": 0.5},
    "scale": 0.5
  },
  "fpHandTransform": {
		"translation": { "x": 0.4, "y": 0, "z": 0 },
		"rotation": { "x": -8, "y": -63, "z": -7 },
    "origin": {"x": 0.5,"y": 0.1,"z": 0.5},
    "scale": 0.5
  },
  "materialDensity": 200
}