{
	ingredientPattern: "XSX	SCS	RDR",
	ingredients: {
		"X": {
			"type": "item",
			"code": "screw-steel",

			"quantity": 2
		},
	
		"S": {
			"type": "block",
			"code": "game:metalsheet-steel-down",
			"quantity": 2
		},
		"R": {
			"type": "item",
			"code": "rod-steel",
			"quantity": 8
		},

		"C": {
			"type": "block",
			"code": "machines:industrialcontroller-east",
			"quantity":  1
		},
		"D": {
			"type": "item",
			"code": "drillhead-steel",
			"quantity": 1
		},

	},
	width: 3,
	height: 3,
	"output": { "type": "block", "code": "miningrig", "quantity": 1  }
}