[
{"name": "Moose Head Mount (Baby)", "ingredientPattern": "_BC,DEF,GHI","ingredients": {"B": { "type": "item", "code": "game:knife-*", "isTool": true },"C": { "type": "item", "code": "game:hammer-*", "isTool": true },"D": { "type": "item", "code": "capreolinae:pelt-alceini-baby-alcesalces" },"E": { "type": "item", "code": "game:metalnailsandstrips-*" },"F": { "type": "item", "code": "game:clay-*" },"G": { "type": "block", "code": "game:debarkedlog-*" },"H": { "type": "block", "code": "game:glass-*" },"I": { "type": "item", "code": "game:powderedborax" }},"width": 3,"height": 3,"output": { "type": "block", "code": "capreolinae:headmount-cervidae-alceini-baby-alcesalces-north", "quantity": 1  }},
{"name": "Moose Head Mount (Female)", "ingredientPattern": "_BC,DEF,GHI","ingredients": {"B": { "type": "item", "code": "game:knife-*", "isTool": true },"C": { "type": "item", "code": "game:hammer-*", "isTool": true },"D": { "type": "item", "code": "capreolinae:pelt-alceini-female-alcesalces" },"E": { "type": "item", "code": "game:metalnailsandstrips-*" },"F": { "type": "item", "code": "game:clay-*" },"G": { "type": "block", "code": "game:debarkedlog-*" },"H": { "type": "block", "code": "game:glass-*" },"I": { "type": "item", "code": "game:powderedborax" }},"width": 3,"height": 3,"output": { "type": "block", "code": "capreolinae:headmount-cervidae-alceini-female-alcesalces-north", "quantity": 1  }},
{"name": "Moose Head Mount (Male)", "ingredientPattern": "_BC,DEF,GHI","ingredients": {"B": { "type": "item", "code": "game:knife-*", "isTool": true },"C": { "type": "item", "code": "game:hammer-*", "isTool": true },"D": { "type": "item", "code": "capreolinae:pelt-alceini-male-alcesalces" },"E": { "type": "item", "code": "game:metalnailsandstrips-*" },"F": { "type": "item", "code": "game:clay-*" },"G": { "type": "block", "code": "game:debarkedlog-*" },"H": { "type": "block", "code": "game:glass-*" },"I": { "type": "item", "code": "game:powderedborax" }},"width": 3,"height": 3,"output": { "type": "block", "code": "capreolinae:headmount-cervidae-alceini-male-alcesalces-north", "quantity": 1  }},
{"name": "Western Roe Deer Head Mount (Baby)", "ingredientPattern": "_BC,DEF,GHI","ingredients": {"B": { "type": "item", "code": "game:knife-*", "isTool": true },"C": { "type": "item", "code": "game:hammer-*", "isTool": true },"D": { "type": "item", "code": "capreolinae:pelt-capreolini-baby-capreoluscapreolus" },"E": { "type": "item", "code": "game:metalnailsandstrips-*" },"F": { "type": "item", "code": "game:clay-*" },"G": { "type": "block", "code": "game:debarkedlog-*" },"H": { "type": "block", "code": "game:glass-*" },"I": { "type": "item", "code": "game:powderedborax" }},"width": 3,"height": 3,"output": { "type": "block", "code": "capreolinae:headmount-cervidae-capreolini-baby-capreoluscapreolus-north", "quantity": 1  }},
{"name": "Western Roe Deer Head Mount (Female)", "ingredientPattern": "_BC,DEF,GHI","ingredients": {"B": { "type": "item", "code": "game:knife-*", "isTool": true },"C": { "type": "item", "code": "game:hammer-*", "isTool": true },"D": { "type": "item", "code": "capreolinae:pelt-capreolini-female-capreoluscapreolus" },"E": { "type": "item", "code": "game:metalnailsandstrips-*" },"F": { "type": "item", "code": "game:clay-*" },"G": { "type": "block", "code": "game:debarkedlog-*" },"H": { "type": "block", "code": "game:glass-*" },"I": { "type": "item", "code": "game:powderedborax" }},"width": 3,"height": 3,"output": { "type": "block", "code": "capreolinae:headmount-cervidae-capreolini-female-capreoluscapreolus-north", "quantity": 1  }},
{"name": "Western Roe Deer Head Mount (Male)", "ingredientPattern": "_BC,DEF,GHI","ingredients": {"B": { "type": "item", "code": "game:knife-*", "isTool": true },"C": { "type": "item", "code": "game:hammer-*", "isTool": true },"D": { "type": "item", "code": "capreolinae:pelt-capreolini-male-capreoluscapreolus" },"E": { "type": "item", "code": "game:metalnailsandstrips-*" },"F": { "type": "item", "code": "game:clay-*" },"G": { "type": "block", "code": "game:debarkedlog-*" },"H": { "type": "block", "code": "game:glass-*" },"I": { "type": "item", "code": "game:powderedborax" }},"width": 3,"height": 3,"output": { "type": "block", "code": "capreolinae:headmount-cervidae-capreolini-male-capreoluscapreolus-north", "quantity": 1  }},
{"name": "Eastern Roe Deer Head Mount (Baby)", "ingredientPattern": "_BC,DEF,GHI","ingredients": {"B": { "type": "item", "code": "game:knife-*", "isTool": true },"C": { "type": "item", "code": "game:hammer-*", "isTool": true },"D": { "type": "item", "code": "capreolinae:pelt-capreolini-baby-capreoluspygargus" },"E": { "type": "item", "code": "game:metalnailsandstrips-*" },"F": { "type": "item", "code": "game:clay-*" },"G": { "type": "block", "code": "game:debarkedlog-*" },"H": { "type": "block", "code": "game:glass-*" },"I": { "type": "item", "code": "game:powderedborax" }},"width": 3,"height": 3,"output": { "type": "block", "code": "capreolinae:headmount-cervidae-capreolini-baby-capreoluspygargus-north", "quantity": 1  }},
{"name": "Eastern Roe Deer Head Mount (Female)", "ingredientPattern": "_BC,DEF,GHI","ingredients": {"B": { "type": "item", "code": "game:knife-*", "isTool": true },"C": { "type": "item", "code": "game:hammer-*", "isTool": true },"D": { "type": "item", "code": "capreolinae:pelt-capreolini-female-capreoluspygargus" },"E": { "type": "item", "code": "game:metalnailsandstrips-*" },"F": { "type": "item", "code": "game:clay-*" },"G": { "type": "block", "code": "game:debarkedlog-*" },"H": { "type": "block", "code": "game:glass-*" },"I": { "type": "item", "code": "game:powderedborax" }},"width": 3,"height": 3,"output": { "type": "block", "code": "capreolinae:headmount-cervidae-capreolini-female-capreoluspygargus-north", "quantity": 1  }},
{"name": "Eastern Roe Deer Head Mount (Male)", "ingredientPattern": "_BC,DEF,GHI","ingredients": {"B": { "type": "item", "code": "game:knife-*", "isTool": true },"C": { "type": "item", "code": "game:hammer-*", "isTool": true },"D": { "type": "item", "code": "capreolinae:pelt-capreolini-male-capreoluspygargus" },"E": { "type": "item", "code": "game:metalnailsandstrips-*" },"F": { "type": "item", "code": "game:clay-*" },"G": { "type": "block", "code": "game:debarkedlog-*" },"H": { "type": "block", "code": "game:glass-*" },"I": { "type": "item", "code": "game:powderedborax" }},"width": 3,"height": 3,"output": { "type": "block", "code": "capreolinae:headmount-cervidae-capreolini-male-capreoluspygargus-north", "quantity": 1  }},
{"name": "Water Deer Head Mount (Baby)", "ingredientPattern": "_BC,DEF,GHI","ingredients": {"B": { "type": "item", "code": "game:knife-*", "isTool": true },"C": { "type": "item", "code": "game:hammer-*", "isTool": true },"D": { "type": "item", "code": "capreolinae:pelt-capreolini-baby-hydropotesinermis" },"E": { "type": "item", "code": "game:metalnailsandstrips-*" },"F": { "type": "item", "code": "game:clay-*" },"G": { "type": "block", "code": "game:debarkedlog-*" },"H": { "type": "block", "code": "game:glass-*" },"I": { "type": "item", "code": "game:powderedborax" }},"width": 3,"height": 3,"output": { "type": "block", "code": "capreolinae:headmount-cervidae-capreolini-baby-hydropotesinermis-north", "quantity": 1  }},
{"name": "Water Deer Head Mount (Female)", "ingredientPattern": "_BC,DEF,GHI","ingredients": {"B": { "type": "item", "code": "game:knife-*", "isTool": true },"C": { "type": "item", "code": "game:hammer-*", "isTool": true },"D": { "type": "item", "code": "capreolinae:pelt-capreolini-female-hydropotesinermis" },"E": { "type": "item", "code": "game:metalnailsandstrips-*" },"F": { "type": "item", "code": "game:clay-*" },"G": { "type": "block", "code": "game:debarkedlog-*" },"H": { "type": "block", "code": "game:glass-*" },"I": { "type": "item", "code": "game:powderedborax" }},"width": 3,"height": 3,"output": { "type": "block", "code": "capreolinae:headmount-cervidae-capreolini-female-hydropotesinermis-north", "quantity": 1  }},
{"name": "Water Deer Head Mount (Male)", "ingredientPattern": "_BC,DEF,GHI","ingredients": {"B": { "type": "item", "code": "game:knife-*", "isTool": true },"C": { "type": "item", "code": "game:hammer-*", "isTool": true },"D": { "type": "item", "code": "capreolinae:pelt-capreolini-male-hydropotesinermis" },"E": { "type": "item", "code": "game:metalnailsandstrips-*" },"F": { "type": "item", "code": "game:clay-*" },"G": { "type": "block", "code": "game:debarkedlog-*" },"H": { "type": "block", "code": "game:glass-*" },"I": { "type": "item", "code": "game:powderedborax" }},"width": 3,"height": 3,"output": { "type": "block", "code": "capreolinae:headmount-cervidae-capreolini-male-hydropotesinermis-north", "quantity": 1  }},
{"name": "Marsh Deer Head Mount (Baby)", "ingredientPattern": "_BC,DEF,GHI","ingredients": {"B": { "type": "item", "code": "game:knife-*", "isTool": true },"C": { "type": "item", "code": "game:hammer-*", "isTool": true },"D": { "type": "item", "code": "capreolinae:pelt-odocoileini-baby-blastocerusdichotomus" },"E": { "type": "item", "code": "game:metalnailsandstrips-*" },"F": { "type": "item", "code": "game:clay-*" },"G": { "type": "block", "code": "game:debarkedlog-*" },"H": { "type": "block", "code": "game:glass-*" },"I": { "type": "item", "code": "game:powderedborax" }},"width": 3,"height": 3,"output": { "type": "block", "code": "capreolinae:headmount-cervidae-odocoileini-baby-blastocerusdichotomus-north", "quantity": 1  }},
{"name": "Marsh Deer Head Mount (Female)", "ingredientPattern": "_BC,DEF,GHI","ingredients": {"B": { "type": "item", "code": "game:knife-*", "isTool": true },"C": { "type": "item", "code": "game:hammer-*", "isTool": true },"D": { "type": "item", "code": "capreolinae:pelt-odocoileini-female-blastocerusdichotomus" },"E": { "type": "item", "code": "game:metalnailsandstrips-*" },"F": { "type": "item", "code": "game:clay-*" },"G": { "type": "block", "code": "game:debarkedlog-*" },"H": { "type": "block", "code": "game:glass-*" },"I": { "type": "item", "code": "game:powderedborax" }},"width": 3,"height": 3,"output": { "type": "block", "code": "capreolinae:headmount-cervidae-odocoileini-female-blastocerusdichotomus-north", "quantity": 1  }},
{"name": "Marsh Deer Head Mount (Male)", "ingredientPattern": "_BC,DEF,GHI","ingredients": {"B": { "type": "item", "code": "game:knife-*", "isTool": true },"C": { "type": "item", "code": "game:hammer-*", "isTool": true },"D": { "type": "item", "code": "capreolinae:pelt-odocoileini-male-blastocerusdichotomus" },"E": { "type": "item", "code": "game:metalnailsandstrips-*" },"F": { "type": "item", "code": "game:clay-*" },"G": { "type": "block", "code": "game:debarkedlog-*" },"H": { "type": "block", "code": "game:glass-*" },"I": { "type": "item", "code": "game:powderedborax" }},"width": 3,"height": 3,"output": { "type": "block", "code": "capreolinae:headmount-cervidae-odocoileini-male-blastocerusdichotomus-north", "quantity": 1  }},
{"name": "Taruca Head Mount (Baby)", "ingredientPattern": "_BC,DEF,GHI","ingredients": {"B": { "type": "item", "code": "game:knife-*", "isTool": true },"C": { "type": "item", "code": "game:hammer-*", "isTool": true },"D": { "type": "item", "code": "capreolinae:pelt-odocoileini-baby-hippocamelusantisensis" },"E": { "type": "item", "code": "game:metalnailsandstrips-*" },"F": { "type": "item", "code": "game:clay-*" },"G": { "type": "block", "code": "game:debarkedlog-*" },"H": { "type": "block", "code": "game:glass-*" },"I": { "type": "item", "code": "game:powderedborax" }},"width": 3,"height": 3,"output": { "type": "block", "code": "capreolinae:headmount-cervidae-odocoileini-baby-hippocamelusantisensis-north", "quantity": 1  }},
{"name": "Taruca Head Mount (Female)", "ingredientPattern": "_BC,DEF,GHI","ingredients": {"B": { "type": "item", "code": "game:knife-*", "isTool": true },"C": { "type": "item", "code": "game:hammer-*", "isTool": true },"D": { "type": "item", "code": "capreolinae:pelt-odocoileini-female-hippocamelusantisensis" },"E": { "type": "item", "code": "game:metalnailsandstrips-*" },"F": { "type": "item", "code": "game:clay-*" },"G": { "type": "block", "code": "game:debarkedlog-*" },"H": { "type": "block", "code": "game:glass-*" },"I": { "type": "item", "code": "game:powderedborax" }},"width": 3,"height": 3,"output": { "type": "block", "code": "capreolinae:headmount-cervidae-odocoileini-female-hippocamelusantisensis-north", "quantity": 1  }},
{"name": "Taruca Head Mount (Male)", "ingredientPattern": "_BC,DEF,GHI","ingredients": {"B": { "type": "item", "code": "game:knife-*", "isTool": true },"C": { "type": "item", "code": "game:hammer-*", "isTool": true },"D": { "type": "item", "code": "capreolinae:pelt-odocoileini-male-hippocamelusantisensis" },"E": { "type": "item", "code": "game:metalnailsandstrips-*" },"F": { "type": "item", "code": "game:clay-*" },"G": { "type": "block", "code": "game:debarkedlog-*" },"H": { "type": "block", "code": "game:glass-*" },"I": { "type": "item", "code": "game:powderedborax" }},"width": 3,"height": 3,"output": { "type": "block", "code": "capreolinae:headmount-cervidae-odocoileini-male-hippocamelusantisensis-north", "quantity": 1  }},
{"name": "Huemul Head Mount (Baby)", "ingredientPattern": "_BC,DEF,GHI","ingredients": {"B": { "type": "item", "code": "game:knife-*", "isTool": true },"C": { "type": "item", "code": "game:hammer-*", "isTool": true },"D": { "type": "item", "code": "capreolinae:pelt-odocoileini-baby-hippocamelusbisulcus" },"E": { "type": "item", "code": "game:metalnailsandstrips-*" },"F": { "type": "item", "code": "game:clay-*" },"G": { "type": "block", "code": "game:debarkedlog-*" },"H": { "type": "block", "code": "game:glass-*" },"I": { "type": "item", "code": "game:powderedborax" }},"width": 3,"height": 3,"output": { "type": "block", "code": "capreolinae:headmount-cervidae-odocoileini-baby-hippocamelusbisulcus-north", "quantity": 1  }},
{"name": "Huemul Head Mount (Female)", "ingredientPattern": "_BC,DEF,GHI","ingredients": {"B": { "type": "item", "code": "game:knife-*", "isTool": true },"C": { "type": "item", "code": "game:hammer-*", "isTool": true },"D": { "type": "item", "code": "capreolinae:pelt-odocoileini-female-hippocamelusbisulcus" },"E": { "type": "item", "code": "game:metalnailsandstrips-*" },"F": { "type": "item", "code": "game:clay-*" },"G": { "type": "block", "code": "game:debarkedlog-*" },"H": { "type": "block", "code": "game:glass-*" },"I": { "type": "item", "code": "game:powderedborax" }},"width": 3,"height": 3,"output": { "type": "block", "code": "capreolinae:headmount-cervidae-odocoileini-female-hippocamelusbisulcus-north", "quantity": 1  }},
{"name": "Huemul Head Mount (Male)", "ingredientPattern": "_BC,DEF,GHI","ingredients": {"B": { "type": "item", "code": "game:knife-*", "isTool": true },"C": { "type": "item", "code": "game:hammer-*", "isTool": true },"D": { "type": "item", "code": "capreolinae:pelt-odocoileini-male-hippocamelusbisulcus" },"E": { "type": "item", "code": "game:metalnailsandstrips-*" },"F": { "type": "item", "code": "game:clay-*" },"G": { "type": "block", "code": "game:debarkedlog-*" },"H": { "type": "block", "code": "game:glass-*" },"I": { "type": "item", "code": "game:powderedborax" }},"width": 3,"height": 3,"output": { "type": "block", "code": "capreolinae:headmount-cervidae-odocoileini-male-hippocamelusbisulcus-north", "quantity": 1  }},
{"name": "Red Brocket Head Mount (Baby)", "ingredientPattern": "_BC,DEF,GHI","ingredients": {"B": { "type": "item", "code": "game:knife-*", "isTool": true },"C": { "type": "item", "code": "game:hammer-*", "isTool": true },"D": { "type": "item", "code": "capreolinae:pelt-odocoileini-baby-mazamaamericana" },"E": { "type": "item", "code": "game:metalnailsandstrips-*" },"F": { "type": "item", "code": "game:clay-*" },"G": { "type": "block", "code": "game:debarkedlog-*" },"H": { "type": "block", "code": "game:glass-*" },"I": { "type": "item", "code": "game:powderedborax" }},"width": 3,"height": 3,"output": { "type": "block", "code": "capreolinae:headmount-cervidae-odocoileini-baby-mazamaamericana-north", "quantity": 1  }},
{"name": "Red Brocket Head Mount (Female)", "ingredientPattern": "_BC,DEF,GHI","ingredients": {"B": { "type": "item", "code": "game:knife-*", "isTool": true },"C": { "type": "item", "code": "game:hammer-*", "isTool": true },"D": { "type": "item", "code": "capreolinae:pelt-odocoileini-female-mazamaamericana" },"E": { "type": "item", "code": "game:metalnailsandstrips-*" },"F": { "type": "item", "code": "game:clay-*" },"G": { "type": "block", "code": "game:debarkedlog-*" },"H": { "type": "block", "code": "game:glass-*" },"I": { "type": "item", "code": "game:powderedborax" }},"width": 3,"height": 3,"output": { "type": "block", "code": "capreolinae:headmount-cervidae-odocoileini-female-mazamaamericana-north", "quantity": 1  }},
{"name": "Red Brocket Head Mount (Male)", "ingredientPattern": "_BC,DEF,GHI","ingredients": {"B": { "type": "item", "code": "game:knife-*", "isTool": true },"C": { "type": "item", "code": "game:hammer-*", "isTool": true },"D": { "type": "item", "code": "capreolinae:pelt-odocoileini-male-mazamaamericana" },"E": { "type": "item", "code": "game:metalnailsandstrips-*" },"F": { "type": "item", "code": "game:clay-*" },"G": { "type": "block", "code": "game:debarkedlog-*" },"H": { "type": "block", "code": "game:glass-*" },"I": { "type": "item", "code": "game:powderedborax" }},"width": 3,"height": 3,"output": { "type": "block", "code": "capreolinae:headmount-cervidae-odocoileini-male-mazamaamericana-north", "quantity": 1  }},
{"name": "Dwarf Brocket Head Mount (Baby)", "ingredientPattern": "_BC,DEF,GHI","ingredients": {"B": { "type": "item", "code": "game:knife-*", "isTool": true },"C": { "type": "item", "code": "game:hammer-*", "isTool": true },"D": { "type": "item", "code": "capreolinae:pelt-odocoileini-baby-mazamachunyi" },"E": { "type": "item", "code": "game:metalnailsandstrips-*" },"F": { "type": "item", "code": "game:clay-*" },"G": { "type": "block", "code": "game:debarkedlog-*" },"H": { "type": "block", "code": "game:glass-*" },"I": { "type": "item", "code": "game:powderedborax" }},"width": 3,"height": 3,"output": { "type": "block", "code": "capreolinae:headmount-cervidae-odocoileini-baby-mazamachunyi-north", "quantity": 1  }},
{"name": "Dwarf Brocket Head Mount (Female)", "ingredientPattern": "_BC,DEF,GHI","ingredients": {"B": { "type": "item", "code": "game:knife-*", "isTool": true },"C": { "type": "item", "code": "game:hammer-*", "isTool": true },"D": { "type": "item", "code": "capreolinae:pelt-odocoileini-female-mazamachunyi" },"E": { "type": "item", "code": "game:metalnailsandstrips-*" },"F": { "type": "item", "code": "game:clay-*" },"G": { "type": "block", "code": "game:debarkedlog-*" },"H": { "type": "block", "code": "game:glass-*" },"I": { "type": "item", "code": "game:powderedborax" }},"width": 3,"height": 3,"output": { "type": "block", "code": "capreolinae:headmount-cervidae-odocoileini-female-mazamachunyi-north", "quantity": 1  }},
{"name": "Dwarf Brocket Head Mount (Male)", "ingredientPattern": "_BC,DEF,GHI","ingredients": {"B": { "type": "item", "code": "game:knife-*", "isTool": true },"C": { "type": "item", "code": "game:hammer-*", "isTool": true },"D": { "type": "item", "code": "capreolinae:pelt-odocoileini-male-mazamachunyi" },"E": { "type": "item", "code": "game:metalnailsandstrips-*" },"F": { "type": "item", "code": "game:clay-*" },"G": { "type": "block", "code": "game:debarkedlog-*" },"H": { "type": "block", "code": "game:glass-*" },"I": { "type": "item", "code": "game:powderedborax" }},"width": 3,"height": 3,"output": { "type": "block", "code": "capreolinae:headmount-cervidae-odocoileini-male-mazamachunyi-north", "quantity": 1  }},
{"name": "Gray Brocket Head Mount (Baby)", "ingredientPattern": "_BC,DEF,GHI","ingredients": {"B": { "type": "item", "code": "game:knife-*", "isTool": true },"C": { "type": "item", "code": "game:hammer-*", "isTool": true },"D": { "type": "item", "code": "capreolinae:pelt-odocoileini-baby-mazamagouazoubira" },"E": { "type": "item", "code": "game:metalnailsandstrips-*" },"F": { "type": "item", "code": "game:clay-*" },"G": { "type": "block", "code": "game:debarkedlog-*" },"H": { "type": "block", "code": "game:glass-*" },"I": { "type": "item", "code": "game:powderedborax" }},"width": 3,"height": 3,"output": { "type": "block", "code": "capreolinae:headmount-cervidae-odocoileini-baby-mazamagouazoubira-north", "quantity": 1  }},
{"name": "Gray Brocket Head Mount (Female)", "ingredientPattern": "_BC,DEF,GHI","ingredients": {"B": { "type": "item", "code": "game:knife-*", "isTool": true },"C": { "type": "item", "code": "game:hammer-*", "isTool": true },"D": { "type": "item", "code": "capreolinae:pelt-odocoileini-female-mazamagouazoubira" },"E": { "type": "item", "code": "game:metalnailsandstrips-*" },"F": { "type": "item", "code": "game:clay-*" },"G": { "type": "block", "code": "game:debarkedlog-*" },"H": { "type": "block", "code": "game:glass-*" },"I": { "type": "item", "code": "game:powderedborax" }},"width": 3,"height": 3,"output": { "type": "block", "code": "capreolinae:headmount-cervidae-odocoileini-female-mazamagouazoubira-north", "quantity": 1  }},
{"name": "Gray Brocket Head Mount (Male)", "ingredientPattern": "_BC,DEF,GHI","ingredients": {"B": { "type": "item", "code": "game:knife-*", "isTool": true },"C": { "type": "item", "code": "game:hammer-*", "isTool": true },"D": { "type": "item", "code": "capreolinae:pelt-odocoileini-male-mazamagouazoubira" },"E": { "type": "item", "code": "game:metalnailsandstrips-*" },"F": { "type": "item", "code": "game:clay-*" },"G": { "type": "block", "code": "game:debarkedlog-*" },"H": { "type": "block", "code": "game:glass-*" },"I": { "type": "item", "code": "game:powderedborax" }},"width": 3,"height": 3,"output": { "type": "block", "code": "capreolinae:headmount-cervidae-odocoileini-male-mazamagouazoubira-north", "quantity": 1  }},
{"name": "Pygmy Brocket Head Mount (Baby)", "ingredientPattern": "_BC,DEF,GHI","ingredients": {"B": { "type": "item", "code": "game:knife-*", "isTool": true },"C": { "type": "item", "code": "game:hammer-*", "isTool": true },"D": { "type": "item", "code": "capreolinae:pelt-odocoileini-baby-mazamanana" },"E": { "type": "item", "code": "game:metalnailsandstrips-*" },"F": { "type": "item", "code": "game:clay-*" },"G": { "type": "block", "code": "game:debarkedlog-*" },"H": { "type": "block", "code": "game:glass-*" },"I": { "type": "item", "code": "game:powderedborax" }},"width": 3,"height": 3,"output": { "type": "block", "code": "capreolinae:headmount-cervidae-odocoileini-baby-mazamanana-north", "quantity": 1  }},
{"name": "Pygmy Brocket Head Mount (Female)", "ingredientPattern": "_BC,DEF,GHI","ingredients": {"B": { "type": "item", "code": "game:knife-*", "isTool": true },"C": { "type": "item", "code": "game:hammer-*", "isTool": true },"D": { "type": "item", "code": "capreolinae:pelt-odocoileini-female-mazamanana" },"E": { "type": "item", "code": "game:metalnailsandstrips-*" },"F": { "type": "item", "code": "game:clay-*" },"G": { "type": "block", "code": "game:debarkedlog-*" },"H": { "type": "block", "code": "game:glass-*" },"I": { "type": "item", "code": "game:powderedborax" }},"width": 3,"height": 3,"output": { "type": "block", "code": "capreolinae:headmount-cervidae-odocoileini-female-mazamanana-north", "quantity": 1  }},
{"name": "Pygmy Brocket Head Mount (Male)", "ingredientPattern": "_BC,DEF,GHI","ingredients": {"B": { "type": "item", "code": "game:knife-*", "isTool": true },"C": { "type": "item", "code": "game:hammer-*", "isTool": true },"D": { "type": "item", "code": "capreolinae:pelt-odocoileini-male-mazamanana" },"E": { "type": "item", "code": "game:metalnailsandstrips-*" },"F": { "type": "item", "code": "game:clay-*" },"G": { "type": "block", "code": "game:debarkedlog-*" },"H": { "type": "block", "code": "game:glass-*" },"I": { "type": "item", "code": "game:powderedborax" }},"width": 3,"height": 3,"output": { "type": "block", "code": "capreolinae:headmount-cervidae-odocoileini-male-mazamanana-north", "quantity": 1  }},
{"name": "Amazonian Brown Brocket Head Mount (Baby)", "ingredientPattern": "_BC,DEF,GHI","ingredients": {"B": { "type": "item", "code": "game:knife-*", "isTool": true },"C": { "type": "item", "code": "game:hammer-*", "isTool": true },"D": { "type": "item", "code": "capreolinae:pelt-odocoileini-baby-mazamanemorivaga" },"E": { "type": "item", "code": "game:metalnailsandstrips-*" },"F": { "type": "item", "code": "game:clay-*" },"G": { "type": "block", "code": "game:debarkedlog-*" },"H": { "type": "block", "code": "game:glass-*" },"I": { "type": "item", "code": "game:powderedborax" }},"width": 3,"height": 3,"output": { "type": "block", "code": "capreolinae:headmount-cervidae-odocoileini-baby-mazamanemorivaga-north", "quantity": 1  }},
{"name": "Amazonian Brown Brocket Head Mount (Female)", "ingredientPattern": "_BC,DEF,GHI","ingredients": {"B": { "type": "item", "code": "game:knife-*", "isTool": true },"C": { "type": "item", "code": "game:hammer-*", "isTool": true },"D": { "type": "item", "code": "capreolinae:pelt-odocoileini-female-mazamanemorivaga" },"E": { "type": "item", "code": "game:metalnailsandstrips-*" },"F": { "type": "item", "code": "game:clay-*" },"G": { "type": "block", "code": "game:debarkedlog-*" },"H": { "type": "block", "code": "game:glass-*" },"I": { "type": "item", "code": "game:powderedborax" }},"width": 3,"height": 3,"output": { "type": "block", "code": "capreolinae:headmount-cervidae-odocoileini-female-mazamanemorivaga-north", "quantity": 1  }},
{"name": "Amazonian Brown Brocket Head Mount (Male)", "ingredientPattern": "_BC,DEF,GHI","ingredients": {"B": { "type": "item", "code": "game:knife-*", "isTool": true },"C": { "type": "item", "code": "game:hammer-*", "isTool": true },"D": { "type": "item", "code": "capreolinae:pelt-odocoileini-male-mazamanemorivaga" },"E": { "type": "item", "code": "game:metalnailsandstrips-*" },"F": { "type": "item", "code": "game:clay-*" },"G": { "type": "block", "code": "game:debarkedlog-*" },"H": { "type": "block", "code": "game:glass-*" },"I": { "type": "item", "code": "game:powderedborax" }},"width": 3,"height": 3,"output": { "type": "block", "code": "capreolinae:headmount-cervidae-odocoileini-male-mazamanemorivaga-north", "quantity": 1  }},
{"name": "Swamp Brocket Head Mount (Baby)", "ingredientPattern": "_BC,DEF,GHI","ingredients": {"B": { "type": "item", "code": "game:knife-*", "isTool": true },"C": { "type": "item", "code": "game:hammer-*", "isTool": true },"D": { "type": "item", "code": "capreolinae:pelt-odocoileini-baby-mazamarufina" },"E": { "type": "item", "code": "game:metalnailsandstrips-*" },"F": { "type": "item", "code": "game:clay-*" },"G": { "type": "block", "code": "game:debarkedlog-*" },"H": { "type": "block", "code": "game:glass-*" },"I": { "type": "item", "code": "game:powderedborax" }},"width": 3,"height": 3,"output": { "type": "block", "code": "capreolinae:headmount-cervidae-odocoileini-baby-mazamarufina-north", "quantity": 1  }},
{"name": "Swamp Brocket Head Mount (Female)", "ingredientPattern": "_BC,DEF,GHI","ingredients": {"B": { "type": "item", "code": "game:knife-*", "isTool": true },"C": { "type": "item", "code": "game:hammer-*", "isTool": true },"D": { "type": "item", "code": "capreolinae:pelt-odocoileini-female-mazamarufina" },"E": { "type": "item", "code": "game:metalnailsandstrips-*" },"F": { "type": "item", "code": "game:clay-*" },"G": { "type": "block", "code": "game:debarkedlog-*" },"H": { "type": "block", "code": "game:glass-*" },"I": { "type": "item", "code": "game:powderedborax" }},"width": 3,"height": 3,"output": { "type": "block", "code": "capreolinae:headmount-cervidae-odocoileini-female-mazamarufina-north", "quantity": 1  }},
{"name": "Swamp Brocket Head Mount (Male)", "ingredientPattern": "_BC,DEF,GHI","ingredients": {"B": { "type": "item", "code": "game:knife-*", "isTool": true },"C": { "type": "item", "code": "game:hammer-*", "isTool": true },"D": { "type": "item", "code": "capreolinae:pelt-odocoileini-male-mazamarufina" },"E": { "type": "item", "code": "game:metalnailsandstrips-*" },"F": { "type": "item", "code": "game:clay-*" },"G": { "type": "block", "code": "game:debarkedlog-*" },"H": { "type": "block", "code": "game:glass-*" },"I": { "type": "item", "code": "game:powderedborax" }},"width": 3,"height": 3,"output": { "type": "block", "code": "capreolinae:headmount-cervidae-odocoileini-male-mazamarufina-north", "quantity": 1  }},
{"name": "Central American Red Brocket Head Mount (Baby)", "ingredientPattern": "_BC,DEF,GHI","ingredients": {"B": { "type": "item", "code": "game:knife-*", "isTool": true },"C": { "type": "item", "code": "game:hammer-*", "isTool": true },"D": { "type": "item", "code": "capreolinae:pelt-odocoileini-baby-mazamatemama" },"E": { "type": "item", "code": "game:metalnailsandstrips-*" },"F": { "type": "item", "code": "game:clay-*" },"G": { "type": "block", "code": "game:debarkedlog-*" },"H": { "type": "block", "code": "game:glass-*" },"I": { "type": "item", "code": "game:powderedborax" }},"width": 3,"height": 3,"output": { "type": "block", "code": "capreolinae:headmount-cervidae-odocoileini-baby-mazamatemama-north", "quantity": 1  }},
{"name": "Central American Red Brocket Head Mount (Female)", "ingredientPattern": "_BC,DEF,GHI","ingredients": {"B": { "type": "item", "code": "game:knife-*", "isTool": true },"C": { "type": "item", "code": "game:hammer-*", "isTool": true },"D": { "type": "item", "code": "capreolinae:pelt-odocoileini-female-mazamatemama" },"E": { "type": "item", "code": "game:metalnailsandstrips-*" },"F": { "type": "item", "code": "game:clay-*" },"G": { "type": "block", "code": "game:debarkedlog-*" },"H": { "type": "block", "code": "game:glass-*" },"I": { "type": "item", "code": "game:powderedborax" }},"width": 3,"height": 3,"output": { "type": "block", "code": "capreolinae:headmount-cervidae-odocoileini-female-mazamatemama-north", "quantity": 1  }},
{"name": "Central American Red Brocket Head Mount (Male)", "ingredientPattern": "_BC,DEF,GHI","ingredients": {"B": { "type": "item", "code": "game:knife-*", "isTool": true },"C": { "type": "item", "code": "game:hammer-*", "isTool": true },"D": { "type": "item", "code": "capreolinae:pelt-odocoileini-male-mazamatemama" },"E": { "type": "item", "code": "game:metalnailsandstrips-*" },"F": { "type": "item", "code": "game:clay-*" },"G": { "type": "block", "code": "game:debarkedlog-*" },"H": { "type": "block", "code": "game:glass-*" },"I": { "type": "item", "code": "game:powderedborax" }},"width": 3,"height": 3,"output": { "type": "block", "code": "capreolinae:headmount-cervidae-odocoileini-male-mazamatemama-north", "quantity": 1  }},
{"name": "Fair Brocket Head Mount (Baby)", "ingredientPattern": "_BC,DEF,GHI","ingredients": {"B": { "type": "item", "code": "game:knife-*", "isTool": true },"C": { "type": "item", "code": "game:hammer-*", "isTool": true },"D": { "type": "item", "code": "capreolinae:pelt-odocoileini-baby-mazamatienhoveni" },"E": { "type": "item", "code": "game:metalnailsandstrips-*" },"F": { "type": "item", "code": "game:clay-*" },"G": { "type": "block", "code": "game:debarkedlog-*" },"H": { "type": "block", "code": "game:glass-*" },"I": { "type": "item", "code": "game:powderedborax" }},"width": 3,"height": 3,"output": { "type": "block", "code": "capreolinae:headmount-cervidae-odocoileini-baby-mazamatienhoveni-north", "quantity": 1  }},
{"name": "Fair Brocket Head Mount (Female)", "ingredientPattern": "_BC,DEF,GHI","ingredients": {"B": { "type": "item", "code": "game:knife-*", "isTool": true },"C": { "type": "item", "code": "game:hammer-*", "isTool": true },"D": { "type": "item", "code": "capreolinae:pelt-odocoileini-female-mazamatienhoveni" },"E": { "type": "item", "code": "game:metalnailsandstrips-*" },"F": { "type": "item", "code": "game:clay-*" },"G": { "type": "block", "code": "game:debarkedlog-*" },"H": { "type": "block", "code": "game:glass-*" },"I": { "type": "item", "code": "game:powderedborax" }},"width": 3,"height": 3,"output": { "type": "block", "code": "capreolinae:headmount-cervidae-odocoileini-female-mazamatienhoveni-north", "quantity": 1  }},
{"name": "Fair Brocket Head Mount (Male)", "ingredientPattern": "_BC,DEF,GHI","ingredients": {"B": { "type": "item", "code": "game:knife-*", "isTool": true },"C": { "type": "item", "code": "game:hammer-*", "isTool": true },"D": { "type": "item", "code": "capreolinae:pelt-odocoileini-male-mazamatienhoveni" },"E": { "type": "item", "code": "game:metalnailsandstrips-*" },"F": { "type": "item", "code": "game:clay-*" },"G": { "type": "block", "code": "game:debarkedlog-*" },"H": { "type": "block", "code": "game:glass-*" },"I": { "type": "item", "code": "game:powderedborax" }},"width": 3,"height": 3,"output": { "type": "block", "code": "capreolinae:headmount-cervidae-odocoileini-male-mazamatienhoveni-north", "quantity": 1  }},
{"name": "Mule Deer Head Mount (Baby)", "ingredientPattern": "_BC,DEF,GHI","ingredients": {"B": { "type": "item", "code": "game:knife-*", "isTool": true },"C": { "type": "item", "code": "game:hammer-*", "isTool": true },"D": { "type": "item", "code": "capreolinae:pelt-odocoileini-baby-odocoileushemionus" },"E": { "type": "item", "code": "game:metalnailsandstrips-*" },"F": { "type": "item", "code": "game:clay-*" },"G": { "type": "block", "code": "game:debarkedlog-*" },"H": { "type": "block", "code": "game:glass-*" },"I": { "type": "item", "code": "game:powderedborax" }},"width": 3,"height": 3,"output": { "type": "block", "code": "capreolinae:headmount-cervidae-odocoileini-baby-odocoileushemionus-north", "quantity": 1  }},
{"name": "Mule Deer Head Mount (Female)", "ingredientPattern": "_BC,DEF,GHI","ingredients": {"B": { "type": "item", "code": "game:knife-*", "isTool": true },"C": { "type": "item", "code": "game:hammer-*", "isTool": true },"D": { "type": "item", "code": "capreolinae:pelt-odocoileini-female-odocoileushemionus" },"E": { "type": "item", "code": "game:metalnailsandstrips-*" },"F": { "type": "item", "code": "game:clay-*" },"G": { "type": "block", "code": "game:debarkedlog-*" },"H": { "type": "block", "code": "game:glass-*" },"I": { "type": "item", "code": "game:powderedborax" }},"width": 3,"height": 3,"output": { "type": "block", "code": "capreolinae:headmount-cervidae-odocoileini-female-odocoileushemionus-north", "quantity": 1  }},
{"name": "Mule Deer Head Mount (Male)", "ingredientPattern": "_BC,DEF,GHI","ingredients": {"B": { "type": "item", "code": "game:knife-*", "isTool": true },"C": { "type": "item", "code": "game:hammer-*", "isTool": true },"D": { "type": "item", "code": "capreolinae:pelt-odocoileini-male-odocoileushemionus" },"E": { "type": "item", "code": "game:metalnailsandstrips-*" },"F": { "type": "item", "code": "game:clay-*" },"G": { "type": "block", "code": "game:debarkedlog-*" },"H": { "type": "block", "code": "game:glass-*" },"I": { "type": "item", "code": "game:powderedborax" }},"width": 3,"height": 3,"output": { "type": "block", "code": "capreolinae:headmount-cervidae-odocoileini-male-odocoileushemionus-north", "quantity": 1  }},
{"name": "Yucatan Brown Brocket Head Mount (Baby)", "ingredientPattern": "_BC,DEF,GHI","ingredients": {"B": { "type": "item", "code": "game:knife-*", "isTool": true },"C": { "type": "item", "code": "game:hammer-*", "isTool": true },"D": { "type": "item", "code": "capreolinae:pelt-odocoileini-baby-odocoileuspandora" },"E": { "type": "item", "code": "game:metalnailsandstrips-*" },"F": { "type": "item", "code": "game:clay-*" },"G": { "type": "block", "code": "game:debarkedlog-*" },"H": { "type": "block", "code": "game:glass-*" },"I": { "type": "item", "code": "game:powderedborax" }},"width": 3,"height": 3,"output": { "type": "block", "code": "capreolinae:headmount-cervidae-odocoileini-baby-odocoileuspandora-north", "quantity": 1  }},
{"name": "Yucatan Brown Brocket Head Mount (Female)", "ingredientPattern": "_BC,DEF,GHI","ingredients": {"B": { "type": "item", "code": "game:knife-*", "isTool": true },"C": { "type": "item", "code": "game:hammer-*", "isTool": true },"D": { "type": "item", "code": "capreolinae:pelt-odocoileini-female-odocoileuspandora" },"E": { "type": "item", "code": "game:metalnailsandstrips-*" },"F": { "type": "item", "code": "game:clay-*" },"G": { "type": "block", "code": "game:debarkedlog-*" },"H": { "type": "block", "code": "game:glass-*" },"I": { "type": "item", "code": "game:powderedborax" }},"width": 3,"height": 3,"output": { "type": "block", "code": "capreolinae:headmount-cervidae-odocoileini-female-odocoileuspandora-north", "quantity": 1  }},
{"name": "Yucatan Brown Brocket Head Mount (Male)", "ingredientPattern": "_BC,DEF,GHI","ingredients": {"B": { "type": "item", "code": "game:knife-*", "isTool": true },"C": { "type": "item", "code": "game:hammer-*", "isTool": true },"D": { "type": "item", "code": "capreolinae:pelt-odocoileini-male-odocoileuspandora" },"E": { "type": "item", "code": "game:metalnailsandstrips-*" },"F": { "type": "item", "code": "game:clay-*" },"G": { "type": "block", "code": "game:debarkedlog-*" },"H": { "type": "block", "code": "game:glass-*" },"I": { "type": "item", "code": "game:powderedborax" }},"width": 3,"height": 3,"output": { "type": "block", "code": "capreolinae:headmount-cervidae-odocoileini-male-odocoileuspandora-north", "quantity": 1  }},
{"name": "White-Tailed Deer Head Mount (Baby)", "ingredientPattern": "_BC,DEF,GHI","ingredients": {"B": { "type": "item", "code": "game:knife-*", "isTool": true },"C": { "type": "item", "code": "game:hammer-*", "isTool": true },"D": { "type": "item", "code": "capreolinae:pelt-odocoileini-baby-odocoileusvirginianus" },"E": { "type": "item", "code": "game:metalnailsandstrips-*" },"F": { "type": "item", "code": "game:clay-*" },"G": { "type": "block", "code": "game:debarkedlog-*" },"H": { "type": "block", "code": "game:glass-*" },"I": { "type": "item", "code": "game:powderedborax" }},"width": 3,"height": 3,"output": { "type": "block", "code": "capreolinae:headmount-cervidae-odocoileini-baby-odocoileusvirginianus-north", "quantity": 1  }},
{"name": "White-Tailed Deer Head Mount (Female)", "ingredientPattern": "_BC,DEF,GHI","ingredients": {"B": { "type": "item", "code": "game:knife-*", "isTool": true },"C": { "type": "item", "code": "game:hammer-*", "isTool": true },"D": { "type": "item", "code": "capreolinae:pelt-odocoileini-female-odocoileusvirginianus" },"E": { "type": "item", "code": "game:metalnailsandstrips-*" },"F": { "type": "item", "code": "game:clay-*" },"G": { "type": "block", "code": "game:debarkedlog-*" },"H": { "type": "block", "code": "game:glass-*" },"I": { "type": "item", "code": "game:powderedborax" }},"width": 3,"height": 3,"output": { "type": "block", "code": "capreolinae:headmount-cervidae-odocoileini-female-odocoileusvirginianus-north", "quantity": 1  }},
{"name": "White-Tailed Deer Head Mount (Male)", "ingredientPattern": "_BC,DEF,GHI","ingredients": {"B": { "type": "item", "code": "game:knife-*", "isTool": true },"C": { "type": "item", "code": "game:hammer-*", "isTool": true },"D": { "type": "item", "code": "capreolinae:pelt-odocoileini-male-odocoileusvirginianus" },"E": { "type": "item", "code": "game:metalnailsandstrips-*" },"F": { "type": "item", "code": "game:clay-*" },"G": { "type": "block", "code": "game:debarkedlog-*" },"H": { "type": "block", "code": "game:glass-*" },"I": { "type": "item", "code": "game:powderedborax" }},"width": 3,"height": 3,"output": { "type": "block", "code": "capreolinae:headmount-cervidae-odocoileini-male-odocoileusvirginianus-north", "quantity": 1  }},
{"name": "Pampas Deer Head Mount (Baby)", "ingredientPattern": "_BC,DEF,GHI","ingredients": {"B": { "type": "item", "code": "game:knife-*", "isTool": true },"C": { "type": "item", "code": "game:hammer-*", "isTool": true },"D": { "type": "item", "code": "capreolinae:pelt-odocoileini-baby-ozotocerosbezoarticus" },"E": { "type": "item", "code": "game:metalnailsandstrips-*" },"F": { "type": "item", "code": "game:clay-*" },"G": { "type": "block", "code": "game:debarkedlog-*" },"H": { "type": "block", "code": "game:glass-*" },"I": { "type": "item", "code": "game:powderedborax" }},"width": 3,"height": 3,"output": { "type": "block", "code": "capreolinae:headmount-cervidae-odocoileini-baby-ozotocerosbezoarticus-north", "quantity": 1  }},
{"name": "Pampas Deer Head Mount (Female)", "ingredientPattern": "_BC,DEF,GHI","ingredients": {"B": { "type": "item", "code": "game:knife-*", "isTool": true },"C": { "type": "item", "code": "game:hammer-*", "isTool": true },"D": { "type": "item", "code": "capreolinae:pelt-odocoileini-female-ozotocerosbezoarticus" },"E": { "type": "item", "code": "game:metalnailsandstrips-*" },"F": { "type": "item", "code": "game:clay-*" },"G": { "type": "block", "code": "game:debarkedlog-*" },"H": { "type": "block", "code": "game:glass-*" },"I": { "type": "item", "code": "game:powderedborax" }},"width": 3,"height": 3,"output": { "type": "block", "code": "capreolinae:headmount-cervidae-odocoileini-female-ozotocerosbezoarticus-north", "quantity": 1  }},
{"name": "Pampas Deer Head Mount (Male)", "ingredientPattern": "_BC,DEF,GHI","ingredients": {"B": { "type": "item", "code": "game:knife-*", "isTool": true },"C": { "type": "item", "code": "game:hammer-*", "isTool": true },"D": { "type": "item", "code": "capreolinae:pelt-odocoileini-male-ozotocerosbezoarticus" },"E": { "type": "item", "code": "game:metalnailsandstrips-*" },"F": { "type": "item", "code": "game:clay-*" },"G": { "type": "block", "code": "game:debarkedlog-*" },"H": { "type": "block", "code": "game:glass-*" },"I": { "type": "item", "code": "game:powderedborax" }},"width": 3,"height": 3,"output": { "type": "block", "code": "capreolinae:headmount-cervidae-odocoileini-male-ozotocerosbezoarticus-north", "quantity": 1  }},
{"name": "Northern Pudu Head Mount (Baby)", "ingredientPattern": "_BC,DEF,GHI","ingredients": {"B": { "type": "item", "code": "game:knife-*", "isTool": true },"C": { "type": "item", "code": "game:hammer-*", "isTool": true },"D": { "type": "item", "code": "capreolinae:pelt-odocoileini-baby-pudellamephistophiles" },"E": { "type": "item", "code": "game:metalnailsandstrips-*" },"F": { "type": "item", "code": "game:clay-*" },"G": { "type": "block", "code": "game:debarkedlog-*" },"H": { "type": "block", "code": "game:glass-*" },"I": { "type": "item", "code": "game:powderedborax" }},"width": 3,"height": 3,"output": { "type": "block", "code": "capreolinae:headmount-cervidae-odocoileini-baby-pudellamephistophiles-north", "quantity": 1  }},
{"name": "Northern Pudu Head Mount (Female)", "ingredientPattern": "_BC,DEF,GHI","ingredients": {"B": { "type": "item", "code": "game:knife-*", "isTool": true },"C": { "type": "item", "code": "game:hammer-*", "isTool": true },"D": { "type": "item", "code": "capreolinae:pelt-odocoileini-female-pudellamephistophiles" },"E": { "type": "item", "code": "game:metalnailsandstrips-*" },"F": { "type": "item", "code": "game:clay-*" },"G": { "type": "block", "code": "game:debarkedlog-*" },"H": { "type": "block", "code": "game:glass-*" },"I": { "type": "item", "code": "game:powderedborax" }},"width": 3,"height": 3,"output": { "type": "block", "code": "capreolinae:headmount-cervidae-odocoileini-female-pudellamephistophiles-north", "quantity": 1  }},
{"name": "Northern Pudu Head Mount (Male)", "ingredientPattern": "_BC,DEF,GHI","ingredients": {"B": { "type": "item", "code": "game:knife-*", "isTool": true },"C": { "type": "item", "code": "game:hammer-*", "isTool": true },"D": { "type": "item", "code": "capreolinae:pelt-odocoileini-male-pudellamephistophiles" },"E": { "type": "item", "code": "game:metalnailsandstrips-*" },"F": { "type": "item", "code": "game:clay-*" },"G": { "type": "block", "code": "game:debarkedlog-*" },"H": { "type": "block", "code": "game:glass-*" },"I": { "type": "item", "code": "game:powderedborax" }},"width": 3,"height": 3,"output": { "type": "block", "code": "capreolinae:headmount-cervidae-odocoileini-male-pudellamephistophiles-north", "quantity": 1  }},
{"name": "Southern Pudu Head Mount (Baby)", "ingredientPattern": "_BC,DEF,GHI","ingredients": {"B": { "type": "item", "code": "game:knife-*", "isTool": true },"C": { "type": "item", "code": "game:hammer-*", "isTool": true },"D": { "type": "item", "code": "capreolinae:pelt-odocoileini-baby-pudupuda" },"E": { "type": "item", "code": "game:metalnailsandstrips-*" },"F": { "type": "item", "code": "game:clay-*" },"G": { "type": "block", "code": "game:debarkedlog-*" },"H": { "type": "block", "code": "game:glass-*" },"I": { "type": "item", "code": "game:powderedborax" }},"width": 3,"height": 3,"output": { "type": "block", "code": "capreolinae:headmount-cervidae-odocoileini-baby-pudupuda-north", "quantity": 1  }},
{"name": "Southern Pudu Head Mount (Female)", "ingredientPattern": "_BC,DEF,GHI","ingredients": {"B": { "type": "item", "code": "game:knife-*", "isTool": true },"C": { "type": "item", "code": "game:hammer-*", "isTool": true },"D": { "type": "item", "code": "capreolinae:pelt-odocoileini-female-pudupuda" },"E": { "type": "item", "code": "game:metalnailsandstrips-*" },"F": { "type": "item", "code": "game:clay-*" },"G": { "type": "block", "code": "game:debarkedlog-*" },"H": { "type": "block", "code": "game:glass-*" },"I": { "type": "item", "code": "game:powderedborax" }},"width": 3,"height": 3,"output": { "type": "block", "code": "capreolinae:headmount-cervidae-odocoileini-female-pudupuda-north", "quantity": 1  }},
{"name": "Southern Pudu Head Mount (Male)", "ingredientPattern": "_BC,DEF,GHI","ingredients": {"B": { "type": "item", "code": "game:knife-*", "isTool": true },"C": { "type": "item", "code": "game:hammer-*", "isTool": true },"D": { "type": "item", "code": "capreolinae:pelt-odocoileini-male-pudupuda" },"E": { "type": "item", "code": "game:metalnailsandstrips-*" },"F": { "type": "item", "code": "game:clay-*" },"G": { "type": "block", "code": "game:debarkedlog-*" },"H": { "type": "block", "code": "game:glass-*" },"I": { "type": "item", "code": "game:powderedborax" }},"width": 3,"height": 3,"output": { "type": "block", "code": "capreolinae:headmount-cervidae-odocoileini-male-pudupuda-north", "quantity": 1  }},
{"name": "Reindeer Head Mount (Baby)", "ingredientPattern": "_BC,DEF,GHI","ingredients": {"B": { "type": "item", "code": "game:knife-*", "isTool": true },"C": { "type": "item", "code": "game:hammer-*", "isTool": true },"D": { "type": "item", "code": "capreolinae:pelt-odocoileini-baby-rangifertarandus" },"E": { "type": "item", "code": "game:metalnailsandstrips-*" },"F": { "type": "item", "code": "game:clay-*" },"G": { "type": "block", "code": "game:debarkedlog-*" },"H": { "type": "block", "code": "game:glass-*" },"I": { "type": "item", "code": "game:powderedborax" }},"width": 3,"height": 3,"output": { "type": "block", "code": "capreolinae:headmount-cervidae-odocoileini-baby-rangifertarandus-north", "quantity": 1  }},
{"name": "Reindeer Head Mount (Female)", "ingredientPattern": "_BC,DEF,GHI","ingredients": {"B": { "type": "item", "code": "game:knife-*", "isTool": true },"C": { "type": "item", "code": "game:hammer-*", "isTool": true },"D": { "type": "item", "code": "capreolinae:pelt-odocoileini-female-rangifertarandus" },"E": { "type": "item", "code": "game:metalnailsandstrips-*" },"F": { "type": "item", "code": "game:clay-*" },"G": { "type": "block", "code": "game:debarkedlog-*" },"H": { "type": "block", "code": "game:glass-*" },"I": { "type": "item", "code": "game:powderedborax" }},"width": 3,"height": 3,"output": { "type": "block", "code": "capreolinae:headmount-cervidae-odocoileini-female-rangifertarandus-north", "quantity": 1  }},
{"name": "Reindeer Head Mount (Male)", "ingredientPattern": "_BC,DEF,GHI","ingredients": {"B": { "type": "item", "code": "game:knife-*", "isTool": true },"C": { "type": "item", "code": "game:hammer-*", "isTool": true },"D": { "type": "item", "code": "capreolinae:pelt-odocoileini-male-rangifertarandus" },"E": { "type": "item", "code": "game:metalnailsandstrips-*" },"F": { "type": "item", "code": "game:clay-*" },"G": { "type": "block", "code": "game:debarkedlog-*" },"H": { "type": "block", "code": "game:glass-*" },"I": { "type": "item", "code": "game:powderedborax" }},"width": 3,"height": 3,"output": { "type": "block", "code": "capreolinae:headmount-cervidae-odocoileini-male-rangifertarandus-north", "quantity": 1  }}

]