{
	"editor": {
		"allAngles": false,
		"entityTextureMode": true
	},
	"textureWidth": 76,
	"textureHeight": 60,
	"textureSizes": {
	},
	"textures": {
	},
	"elements": [
		{
			"name": "origin",
			"from": [ 0.0, 8.0, 8.0 ],
			"to": [ 0.0, 8.0, 8.0 ],
			"uv": [ 0.0, 0.0 ],
			"rotationOrigin": [ 0.0, 8.0, 8.0 ],
			"rotationZ": -90.0,
			"faces": {
			},
			"children": [
				{
					"name": "Body",
					"from": [ -5.0, 0.0, -5.0 ],
					"to": [ 5.0, 1.0, 5.0 ],
					"unwrapMode": 7,
					"unwrapRotation": 1,
					"autoUnwrap": false,
					"uv": [ 9.5, 17.0 ],
					"rotationOrigin": [ -5.0, 0.0, -5.0 ],
					"faces": {
						"north": { "texture": "#skin", "uv": [ 20.5, 18.0, 21.5, 28.0 ], "rotation": 90 },
						"east": { "texture": "#skin", "uv": [ 41.5, 18.0, 51.5, 19.0 ] },
						"south": { "texture": "#skin", "uv": [ 9.5, 18.0, 10.5, 28.0 ], "rotation": 270 },
						"west": { "texture": "#skin", "uv": [ 41.5, 7.0, 51.5, 8.0 ], "rotation": 180 },
						"up": { "texture": "#skin", "uv": [ 10.5, 18.0, 20.5, 28.0 ], "rotation": 270 },
						"down": { "texture": "#skin", "uv": [ 30.5, 18.0, 40.5, 28.0 ], "rotation": 90 }
					},
					"children": [
						{
							"name": "Tail1",
							"from": [ 9.8, -0.01, 1.0 ],
							"to": [ 16.8, 0.89, 9.0 ],
							"unwrapMode": 7,
							"unwrapRotation": 1,
							"autoUnwrap": false,
							"uv": [ 11.0, 28.5 ],
							"rotationOrigin": [ 9.8, 0.0, 1.0 ],
							"faces": {
								"north": { "texture": "#skin", "uv": [ 19.5, 28.5, 20.0, 35.5 ], "rotation": 90 },
								"east": { "texture": "#skin", "uv": [ 38.5, 29.0, 46.5, 29.5 ] },
								"south": { "texture": "#skin", "uv": [ 11.0, 28.5, 11.5, 35.5 ], "rotation": 270 },
								"up": { "texture": "#skin", "uv": [ 11.5, 28.5, 19.5, 35.5 ], "rotation": 270 },
								"down": { "texture": "#skin", "uv": [ 28.5, 28.5, 36.5, 35.5 ], "rotation": 90 }
							},
							"children": [
								{
									"name": "Tail2",
									"from": [ 6.8, -0.01, 1.0 ],
									"to": [ 13.8, 0.89, 7.0 ],
									"unwrapMode": 7,
									"unwrapRotation": 1,
									"autoUnwrap": false,
									"uv": [ 12.0, 35.5 ],
									"rotationOrigin": [ 6.8, 0.01, 1.0 ],
									"faces": {
										"north": { "texture": "#skin", "uv": [ 18.5, 36.0, 19.0, 43.0 ], "rotation": 90 },
										"east": { "texture": "#skin", "uv": [ 32.0, 36.5, 38.0, 37.0 ] },
										"south": { "texture": "#skin", "uv": [ 12.0, 36.0, 12.5, 43.0 ], "rotation": 270 },
										"up": { "texture": "#skin", "uv": [ 12.5, 36.0, 18.5, 43.0 ], "rotation": 270 },
										"down": { "texture": "#skin", "uv": [ 25.0, 36.0, 31.0, 43.0 ], "rotation": 90 }
									},
									"children": [
										{
											"name": "Tail3",
											"from": [ 6.8, 0.0, 1.0 ],
											"to": [ 12.8, 0.9, 5.0 ],
											"unwrapMode": 7,
											"unwrapRotation": 1,
											"autoUnwrap": false,
											"uv": [ 13.0, 43.0 ],
											"rotationOrigin": [ 6.8, 0.02, 1.0 ],
											"faces": {
												"north": { "texture": "#skin", "uv": [ 17.5, 43.5, 18.0, 49.5 ], "rotation": 90 },
												"east": { "texture": "#skin", "uv": [ 27.0, 44.0, 31.0, 44.5 ] },
												"south": { "texture": "#skin", "uv": [ 13.0, 43.5, 13.5, 49.5 ], "rotation": 270 },
												"up": { "texture": "#skin", "uv": [ 13.5, 43.5, 17.5, 49.5 ], "rotation": 270 },
												"down": { "texture": "#skin", "uv": [ 22.0, 43.5, 26.0, 49.5 ], "rotation": 90 }
											}
										}
									]
								}
							]
						},
						{
							"name": "Neck1",
							"from": [ -4.0, -0.01, 0.7 ],
							"to": [ 0.0, 0.89, 9.3 ],
							"unwrapMode": 7,
							"unwrapRotation": 1,
							"autoUnwrap": false,
							"uv": [ 10.0, 12.5 ],
							"rotationOrigin": [ -4.0, 0.0, 0.7 ],
							"faces": {
								"north": { "texture": "#skin", "uv": [ 19.5, 13.5, 20.0, 17.5 ], "rotation": 90 },
								"south": { "texture": "#skin", "uv": [ 10.0, 13.5, 10.5, 17.5 ], "rotation": 270 },
								"west": { "texture": "#skin", "uv": [ 32.0, 3.5, 40.5, 4.0 ], "rotation": 180 },
								"up": { "texture": "#skin", "uv": [ 11.0, 13.5, 19.5, 17.5 ], "rotation": 270 },
								"down": { "texture": "#skin", "uv": [ 28.5, 13.5, 37.0, 17.5 ], "rotation": 90 }
							},
							"children": [
								{
									"name": "Neck2",
									"from": [ -3.0, -0.01, 1.3 ],
									"to": [ 0.0, 0.89, 7.3 ],
									"unwrapMode": 7,
									"unwrapRotation": 1,
									"autoUnwrap": false,
									"uv": [ 11.5, 9.5 ],
									"rotationOrigin": [ -3.0, 0.0, 1.3 ],
									"faces": {
										"north": { "texture": "#skin", "uv": [ 18.0, 10.0, 18.5, 13.0 ], "rotation": 90 },
										"south": { "texture": "#skin", "uv": [ 11.5, 10.0, 12.0, 13.0 ], "rotation": 270 },
										"west": { "texture": "#skin", "uv": [ 0.5, 2.0, 6.5, 2.5 ], "rotation": 180 },
										"up": { "texture": "#skin", "uv": [ 12.0, 10.0, 18.0, 13.0 ], "rotation": 270 },
										"down": { "texture": "#skin", "uv": [ 25.0, 10.0, 31.0, 13.0 ], "rotation": 90 }
									}
								}
							]
						}
					]
				}
			]
		}
	]}