{
	"editor": {
		"allAngles": true,
		"entityTextureMode": true
	},
	"textureWidth": 64,
	"textureHeight": 64,
	"textureSizes": {
		"skin": [64,64]
	},
	"textures": {
	},
	"elements": [
		{
			"name": "neck",
			"from": [ 15.48, 9.14, 6.8 ], 
			"to": [ 19.24, 14.1, 9.2 ], 
			"unwrapMode": 3,
			"unwrapRotation": 1,
			"uv": [ 28.5, 0.0 ],
			"rotationOrigin": [ 18.9996, 9.1432, 8.0 ],
			"rotationZ": 65.0,
			"faces": {
						"north": { "texture": "#skin", "uv": [ 37.5, 3.0, 43.5, 7.5 ], "rotation": 270, "windMode": [-1,-1,-1,-1], "windData": [0,0,1,0] },
						"east": { "texture": "#skin", "uv": [ 31.5, 0.0, 37.5, 3.0 ], "rotation": 90, "windMode": [-1,-1,-1,-1], "windData": [1,0,0,1] },
						"south": { "texture": "#skin", "uv": [ 31.5, 3.0, 37.5, 7.5 ], "rotation": 90 },
						"west": { "texture": "#skin", "uv": [ 31.5, 7.5, 37.5, 10.5 ], "rotation": 90 },
						"up": { "texture": "#skin", "uv": [ 28.5, 3.0, 31.5, 7.5 ], "rotation": 90 },
						"down": { "texture": "#skin", "uv": [ 37.5, 3.0, 40.5, 7.5 ], "rotation": 270, "enabled": false, "windMode": [-1,-1,-1,-1], "windData": [0,1,1,0] }
			},
			"children": [
				{
					"name": "neck2",
					"from": [ 0.48, 2.64, 0.08 ], 
					"to": [ 3.52, 7.44, 2.32 ], 
					"unwrapMode": 3,
					"uv": [ 29.5, 11.0 ],
					"rotationOrigin": [ 3.36, 4.24, 1.2 ],
					"rotationZ": -30.0,
					"faces": {
						"north": { "texture": "#skin", "uv": [ 38.0, 13.5, 41.5, 19.5 ], "windMode": [-1,-1,-1,-1], "windData": [1,1,1,1] },
						"east": { "texture": "#skin", "uv": [ 35.5, 13.5, 38.0, 19.5 ], "windMode": [-1,-1,-1,-1], "windData": [1,1,1,1] },
						"south": { "texture": "#skin", "uv": [ 32.0, 13.5, 35.5, 19.5 ], "windMode": [-1,-1,-1,-1], "windData": [1,1,1,1] },
						"west": { "texture": "#skin", "uv": [ 29.5, 13.5, 32.0, 19.5 ], "windMode": [-1,-1,-1,-1], "windData": [1,1,1,1] },
						"up": { "texture": "#skin", "uv": [ 32.0, 11.0, 35.5, 13.5 ], "windMode": [-1,-1,-1,-1], "windData": [1,1,1,1] },
						"down": { "texture": "#skin", "uv": [ 32.0, 19.5, 35.5, 22.0 ], "rotation": 180, "enabled": false, "windMode": [-1,-1,-1,-1], "windData": [1,1,1,1] }
					},
					"children": [
						{
							"name": "head",
							"from": [ 0.48, 0.88, -0.32 ], 
							"to": [ 3.04, 4.48, 2.56 ], 
							"unwrapMode": 4,
							"uv": [ 14.5, 16.0 ],
							"rotationOrigin": [ 3.04, 4.4, 1.2 ],
							"rotationZ": -55.0,
							"faces": {
								"north": { "texture": "#skin", "uv": [ 14.5, 19.0, 17.5, 23.5 ] },
								"east": { "texture": "#skin", "uv": [ 24.0, 19.0, 27.5, 23.5 ] },
								"south": { "texture": "#skin", "uv": [ 21.0, 19.0, 24.0, 23.5 ] },
								"west": { "texture": "#skin", "uv": [ 17.5, 19.0, 21.0, 23.5 ] },
								"up": { "texture": "#skin", "uv": [ 17.5, 16.0, 21.0, 19.0 ], "rotation": 90 },
								"down": { "texture": "#skin", "uv": [ 17.5, 23.5, 21.0, 26.5 ], "rotation": 90 }
							},
							"children": [
								{
									"name": "mouth up",
									"from": [ -2.4, 0.4, 0.64 ], 
									"to": [ 0.48, 0.96, 2.24 ], 
									"unwrapMode": 5,
									"unwrapRotation": 1,
									"uv": [ 0.5, 16.0 ],
									"rotationOrigin": [ 0.4, 0.96, 1.44 ],
									"rotationZ": 45.0,
									"faces": {
										"north": { "texture": "#skin", "uv": [ 0.5, 16.0, 1.0, 19.5 ], "rotation": 270 },
										"east": { "texture": "#skin", "uv": [ 1.0, 16.0, 3.0, 16.5 ], "rotation": 180, "enabled": false },
										"south": { "texture": "#skin", "uv": [ 3.0, 16.0, 3.5, 19.5 ], "rotation": 90 },
										"west": { "texture": "#skin", "uv": [ 1.0, 19.5, 3.0, 20.0 ] },
										"up": { "texture": "#skin", "uv": [ 1.0, 16.0, 3.0, 19.5 ], "rotation": 90 },
										"down": { "texture": "#skin", "uv": [ 3.5, 16.0, 5.5, 19.5 ], "rotation": 270 }
									},
									"children": [
										{
											"name": "nose",
											"from": [ -0.32, 0.24, 0.24 ], 
											"to": [ 0.64, 1.04, 1.36 ], 
											"unwrapMode": 4,
											"uv": [ 19.5, 39.0 ],
											"rotationOrigin": [ -0.32, 1.04, 0.8 ],
											"rotationZ": 16.0,
											"faces": {
												"north": { "texture": "#skin", "uv": [ 19.5, 40.0, 20.5, 41.0 ], "windMode": [-1,-1,-1,-1], "windData": [1,1,1,1] },
												"east": { "texture": "#skin", "uv": [ 22.5, 40.0, 23.5, 41.0 ], "windMode": [-1,-1,-1,-1], "windData": [1,1,1,1] },
												"south": { "texture": "#skin", "uv": [ 21.5, 40.0, 22.5, 41.0 ], "windMode": [-1,-1,-1,-1], "windData": [1,1,1,1] },
												"west": { "texture": "#skin", "uv": [ 20.5, 40.0, 21.5, 41.0 ], "windMode": [-1,-1,-1,-1], "windData": [1,1,1,1] },
												"up": { "texture": "#skin", "uv": [ 20.5, 39.0, 21.5, 40.0 ], "rotation": 90, "windMode": [-1,-1,-1,-1], "windData": [1,1,1,1] },
												"down": { "texture": "#skin", "uv": [ 20.5, 41.0, 21.5, 42.0 ], "rotation": 90, "windMode": [-1,-1,-1,-1], "windData": [1,1,1,1] }
											}
										},
										{
											"name": "nose bridge",
											"from": [ 0.48, 0.0, 0.16 ], 
											"to": [ 4.4, 1.2, 1.44 ], 
											"unwrapMode": 5,
											"unwrapRotation": 1,
											"uv": [ 14.5, 39.0 ],
											"rotationOrigin": [ 0.48, 0.0, 0.64 ],
											"rotationZ": 16.0,
											"faces": {
												"north": { "texture": "#skin", "uv": [ 14.5, 39.0, 16.0, 43.5 ], "rotation": 270 },
												"east": { "texture": "#skin", "uv": [ 16.0, 39.0, 17.5, 40.5 ], "rotation": 180, "enabled": false, "windMode": [-1,-1,-1,-1], "windData": [1,1,1,1] },
												"south": { "texture": "#skin", "uv": [ 17.5, 39.0, 19.0, 43.5 ], "rotation": 90 },
												"west": { "texture": "#skin", "uv": [ 16.0, 43.5, 17.5, 45.0 ], "windMode": [-1,-1,-1,-1], "windData": [1,1,1,1] },
												"up": { "texture": "#skin", "uv": [ 16.0, 39.0, 17.5, 43.5 ], "rotation": 90 },
												"down": { "texture": "#skin", "uv": [ 19.0, 39.0, 20.5, 43.5 ], "rotation": 270, "enabled": false }
											}
										}
									]
								},
								{
									"name": "R ear",
									"from": [ 1.76, 2.16, -2.4 ], 
									"to": [ 2.24, 3.92, 0.48 ], 
									"unwrapMode": 4,
									"uv": [ 0.5, 48.0 ],
									"rotationOrigin": [ 2.0, 3.04, 0.48 ],
									"rotationX": 44.0,
									"rotationY": -14.0,
									"rotationZ": 39.0,
									"faces": {
										"north": { "texture": "#skin", "uv": [ 0.5, 48.5, 1.0, 50.5 ] },
										"east": { "texture": "#skin", "uv": [ 4.5, 48.5, 8.0, 50.5 ] },
										"south": { "texture": "#skin", "uv": [ 4.5, 48.5, 5.0, 50.5 ], "enabled": false, "windMode": [-1,-1,-1,-1], "windData": [1,1,1,1] },
										"west": { "texture": "#skin", "uv": [ 1.0, 48.5, 4.5, 50.5 ] },
										"up": { "texture": "#skin", "uv": [ 1.0, 48.0, 4.5, 48.5 ], "rotation": 90 },
										"down": { "texture": "#skin", "uv": [ 1.0, 50.5, 4.5, 51.0 ], "rotation": 90 }
									}
								},
								{
									"name": "L ear",
									"from": [ 1.76, 2.16, 2.4 ], 
									"to": [ 2.24, 3.92, 5.28 ], 
									"unwrapMode": 4,
									"uv": [ 0.5, 44.5 ],
									"rotationOrigin": [ 2.0, 3.04, 2.4 ],
									"rotationX": -45.0,
									"rotationZ": 22.0,
									"faces": {
										"north": { "texture": "#skin", "uv": [ 0.5, 45.0, 1.0, 47.0 ], "enabled": false },
										"east": { "texture": "#skin", "uv": [ 4.5, 45.0, 8.0, 47.0 ] },
										"south": { "texture": "#skin", "uv": [ 4.0, 45.0, 4.5, 47.0 ] },
										"west": { "texture": "#skin", "uv": [ 0.5, 45.0, 4.0, 47.0 ] },
										"up": { "texture": "#skin", "uv": [ 0.5, 44.5, 4.0, 45.0 ], "rotation": 90 },
										"down": { "texture": "#skin", "uv": [ 0.5, 47.0, 4.0, 47.5 ], "rotation": 90 }
									}
								},
								{
									"name": "jaw",
									"from": [ -1.76, 0.0, 0.72 ], 
									"to": [ 1.12, 0.48, 2.16 ], 
									"unwrapMode": 5,
									"unwrapRotation": 1,
									"uv": [ 0.5, 20.5 ],
									"rotationOrigin": [ 0.88, 0.48, 1.44 ],
									"rotationZ": 35.0,
									"faces": {
										"north": { "texture": "#skin", "uv": [ 0.5, 20.5, 1.0, 24.0 ], "rotation": 270 },
										"east": { "texture": "#skin", "uv": [ 1.0, 20.5, 2.5, 21.0 ], "rotation": 180, "enabled": false },
										"south": { "texture": "#skin", "uv": [ 2.5, 20.5, 3.0, 24.0 ], "rotation": 90 },
										"west": { "texture": "#skin", "uv": [ 1.0, 24.0, 2.5, 24.5 ] },
										"up": { "texture": "#skin", "uv": [ 1.0, 20.5, 2.5, 24.0 ], "rotation": 90 },
										"down": { "texture": "#skin", "uv": [ 3.0, 20.5, 4.5, 24.0 ], "rotation": 270 }
									}
								}
							]
						}
					]
				}
			]
		}
	]}