{
	"editor": {
		"allAngles": true,
		"entityTextureMode": true
	},
	"textureWidth": 16,
	"textureHeight": 32,
	"textureSizes": {
		"skin": [16,32]
	},
	"textures": {
	},
	"elements": [
		{
			"name": "neck",
			"from": [ 15.64, 10.06, 7.41 ], 
			"to": [ 17.158, 11.752, 8.598 ], 
			"unwrapMode": 3,
			"unwrapRotation": 1,
			"uv": [ 2.0, 18.0 ],
			"rotationOrigin": [ 17.29, 10.0667, 8.005 ],
			"rotationZ": 45.0,
			"faces": {
						"north": { "texture": "#skin", "uv": [ 5.5, 19.5, 7.5, 21.5 ], "rotation": 270, "windMode": [-1,-1,-1,-1], "windData": [0,0,1,0] },
						"east": { "texture": "#skin", "uv": [ 3.5, 18.0, 5.5, 19.5 ], "rotation": 90, "windMode": [-1,-1,-1,-1], "windData": [1,0,0,1] },
						"south": { "texture": "#skin", "uv": [ 3.5, 19.5, 5.5, 21.5 ], "rotation": 90 },
						"west": { "texture": "#skin", "uv": [ 3.5, 21.5, 5.5, 23.0 ], "rotation": 90 },
						"up": { "texture": "#skin", "uv": [ 2.0, 19.5, 3.5, 21.5 ], "rotation": 90 },
						"down": { "texture": "#skin", "uv": [ 5.5, 19.5, 7.0, 21.5 ], "rotation": 270, "enabled": false, "windMode": [-1,-1,-1,-1], "windData": [0,1,1,0] }
			},
			"children": [
				{
					"name": "neck2",
					"from": [ 0.198, 0.705, 0.066 ], 
					"to": [ 1.452, 2.949, 1.122 ], 
					"unwrapMode": 3,
					"uv": [ 0.0, 24.0 ],
					"rotationOrigin": [ 1.452, 1.428, 0.66 ],
					"rotationZ": -25.0,
					"faces": {
						"north": { "texture": "#skin", "uv": [ 3.5, 25.0, 5.0, 27.5 ], "windMode": [-1,-1,-1,-1], "windData": [1,1,1,1] },
						"east": { "texture": "#skin", "uv": [ 2.5, 25.0, 3.5, 27.5 ], "windMode": [-1,-1,-1,-1], "windData": [1,1,1,1] },
						"south": { "texture": "#skin", "uv": [ 1.0, 25.0, 2.5, 27.5 ], "windMode": [-1,-1,-1,-1], "windData": [1,1,1,1] },
						"west": { "texture": "#skin", "uv": [ 0.0, 25.0, 1.0, 27.5 ], "windMode": [-1,-1,-1,-1], "windData": [1,1,1,1] },
						"up": { "texture": "#skin", "uv": [ 1.0, 24.0, 2.5, 25.0 ], "windMode": [-1,-1,-1,-1], "windData": [1,1,1,1] },
						"down": { "texture": "#skin", "uv": [ 1.0, 27.5, 2.5, 28.5 ], "rotation": 180, "enabled": false, "windMode": [-1,-1,-1,-1], "windData": [1,1,1,1] }
					},
					"children": [
						{
							"name": "head",
							"from": [ 0.33, 0.726, -0.066 ], 
							"to": [ 1.32, 2.244, 1.122 ], 
							"unwrapMode": 4,
							"uv": [ 5.5, 6.5 ],
							"rotationOrigin": [ 1.32, 2.244, 0.528 ],
							"rotationZ": -60.0,
							"faces": {
								"north": { "texture": "#skin", "uv": [ 5.5, 7.5, 6.5, 9.5 ] },
								"east": { "texture": "#skin", "uv": [ 9.0, 7.5, 10.5, 9.5 ] },
								"south": { "texture": "#skin", "uv": [ 8.0, 7.5, 9.0, 9.5 ] },
								"west": { "texture": "#skin", "uv": [ 6.5, 7.5, 8.0, 9.5 ] },
								"up": { "texture": "#skin", "uv": [ 6.5, 6.5, 8.0, 7.5 ], "rotation": 90 },
								"down": { "texture": "#skin", "uv": [ 6.5, 9.5, 8.0, 10.5 ], "rotation": 90 }
							},
							"children": [
								{
									"name": "mouth up",
									"from": [ -0.81, 0.066, 0.264 ], 
									"to": [ 0.399, 0.33, 0.924 ], 
									"unwrapMode": 5,
									"unwrapRotation": 1,
									"uv": [ 0.0, 0.0 ],
									"rotationOrigin": [ 0.33, 0.33, 0.594 ],
									"rotationZ": 55.0,
									"faces": {
										"north": { "texture": "#skin", "uv": [ 0.0, 0.0, 0.5, 1.5 ], "rotation": 270 },
										"east": { "texture": "#skin", "uv": [ 0.5, 0.0, 1.0, 0.5 ], "rotation": 180, "enabled": false },
										"south": { "texture": "#skin", "uv": [ 1.0, 0.0, 1.5, 1.5 ], "rotation": 90 },
										"west": { "texture": "#skin", "uv": [ 0.5, 1.5, 1.0, 2.0 ] },
										"up": { "texture": "#skin", "uv": [ 0.5, 0.0, 1.0, 1.5 ], "rotation": 90 },
										"down": { "texture": "#skin", "uv": [ 1.5, 0.0, 2.0, 1.5 ], "rotation": 270 }
									},
									"children": [
										{
											"name": "nose",
											"from": [ -0.132, 0.066, -0.0037 ], 
											"to": [ 0.33, 0.462, 0.657 ], 
											"unwrapMode": 4,
											"uv": [ 0.0, 9.5 ],
											"rotationOrigin": [ -0.132, 0.462, 0.198 ],
											"rotationZ": 14.0,
											"faces": {
												"north": { "texture": "#skin", "uv": [ 0.0, 10.0, 0.5, 10.5 ], "windMode": [-1,-1,-1,-1], "windData": [1,1,1,1] },
												"east": { "texture": "#skin", "uv": [ 1.5, 10.0, 2.0, 10.5 ], "windMode": [-1,-1,-1,-1], "windData": [1,1,1,1] },
												"south": { "texture": "#skin", "uv": [ 1.0, 10.0, 1.5, 10.5 ], "windMode": [-1,-1,-1,-1], "windData": [1,1,1,1] },
												"west": { "texture": "#skin", "uv": [ 0.5, 10.0, 1.0, 10.5 ], "windMode": [-1,-1,-1,-1], "windData": [1,1,1,1] },
												"up": { "texture": "#skin", "uv": [ 0.5, 9.5, 1.0, 10.0 ], "rotation": 90, "windMode": [-1,-1,-1,-1], "windData": [1,1,1,1] },
												"down": { "texture": "#skin", "uv": [ 0.5, 10.5, 1.0, 11.0 ], "rotation": 90, "windMode": [-1,-1,-1,-1], "windData": [1,1,1,1] }
											}
										},
										{
											"name": "nose bridge",
											"from": [ 0.462, 0.0, 0.033 ], 
											"to": [ 1.962, 0.594, 0.627 ], 
											"unwrapMode": 5,
											"unwrapRotation": 1,
											"uv": [ 1.0, 8.0 ],
											"rotationOrigin": [ 0.462, 0.0, 0.198 ],
											"rotationZ": 18.0,
											"faces": {
												"north": { "texture": "#skin", "uv": [ 1.0, 8.0, 1.5, 10.0 ], "rotation": 270 },
												"east": { "texture": "#skin", "uv": [ 1.5, 8.0, 2.0, 8.5 ], "rotation": 180, "enabled": false, "windMode": [-1,-1,-1,-1], "windData": [0,0,0,0] },
												"south": { "texture": "#skin", "uv": [ 2.0, 8.0, 2.5, 10.0 ], "rotation": 90 },
												"west": { "texture": "#skin", "uv": [ 1.5, 10.0, 2.0, 10.5 ], "enabled": false, "windMode": [-1,-1,-1,-1], "windData": [0,0,0,0] },
												"up": { "texture": "#skin", "uv": [ 1.5, 8.0, 2.0, 10.0 ], "rotation": 90 },
												"down": { "texture": "#skin", "uv": [ 2.5, 8.0, 3.0, 10.0 ], "rotation": 270, "enabled": false }
											}
										}
									]
								},
								{
									"name": "R ear",
									"from": [ 0.33, 0.792, -0.924 ], 
									"to": [ 0.462, 1.452, 0.132 ], 
									"unwrapMode": 4,
									"uv": [ 8.0, 9.5 ],
									"rotationOrigin": [ 0.462, 1.32, 0.066 ],
									"rotationX": 55.0,
									"rotationZ": 22.0,
									"faces": {
										"north": { "texture": "#skin", "uv": [ 8.0, 10.0, 8.5, 10.5 ] },
										"east": { "texture": "#skin", "uv": [ 10.0, 10.0, 11.0, 10.5 ] },
										"south": { "texture": "#skin", "uv": [ 9.5, 10.0, 10.0, 10.5 ], "windMode": [-1,-1,-1,-1], "windData": [0,0,0,0] },
										"west": { "texture": "#skin", "uv": [ 8.5, 10.0, 9.5, 10.5 ] },
										"up": { "texture": "#skin", "uv": [ 8.5, 9.5, 9.5, 10.0 ], "rotation": 90 },
										"down": { "texture": "#skin", "uv": [ 8.5, 10.5, 9.5, 11.0 ], "rotation": 90 }
									}
								},
								{
									"name": "L ear",
									"from": [ 0.33, 0.792, 1.122 ], 
									"to": [ 0.462, 1.452, 2.178 ], 
									"unwrapMode": 4,
									"uv": [ 7.5, 0.0 ],
									"rotationOrigin": [ 0.462, 1.32, 1.122 ],
									"rotationX": -55.0,
									"rotationZ": 22.0,
									"faces": {
										"north": { "texture": "#skin", "uv": [ 7.5, 0.5, 8.0, 1.0 ], "windMode": [-1,-1,-1,-1] },
										"east": { "texture": "#skin", "uv": [ 9.5, 0.5, 10.5, 1.0 ] },
										"south": { "texture": "#skin", "uv": [ 9.0, 0.5, 9.5, 1.0 ], "windMode": [-1,-1,-1,-1] },
										"west": { "texture": "#skin", "uv": [ 8.0, 0.5, 9.0, 1.0 ] },
										"up": { "texture": "#skin", "uv": [ 8.0, 0.0, 9.0, 0.5 ], "rotation": 90 },
										"down": { "texture": "#skin", "uv": [ 8.0, 1.0, 9.0, 1.5 ], "rotation": 90 }
									}
								},
								{
									"name": "jaw",
									"from": [ -0.42, 0.0, 0.33 ], 
									"to": [ 0.855, 0.231, 0.858 ], 
									"unwrapMode": 5,
									"unwrapRotation": 1,
									"uv": [ 0.0, 6.5 ],
									"rotationOrigin": [ 0.66, 0.198, 0.66 ],
									"rotationZ": 48.0,
									"faces": {
										"north": { "texture": "#skin", "uv": [ 0.0, 6.5, 0.5, 8.0 ], "rotation": 270 },
										"east": { "texture": "#skin", "uv": [ 0.5, 6.5, 1.0, 7.0 ], "rotation": 180, "enabled": false },
										"south": { "texture": "#skin", "uv": [ 1.0, 6.5, 1.5, 8.0 ], "rotation": 90 },
										"west": { "texture": "#skin", "uv": [ 0.5, 8.0, 1.0, 8.5 ] },
										"up": { "texture": "#skin", "uv": [ 0.5, 6.5, 1.0, 8.0 ], "rotation": 90 },
										"down": { "texture": "#skin", "uv": [ 1.5, 6.5, 2.0, 8.0 ], "rotation": 270 }
									}
								}
							]
						}
					]
				}
			]
		}
	]}