{
	"editor": {
		"allAngles": true,
		"entityTextureMode": true
	},
	"textureWidth": 32,
	"textureHeight": 32,
	"textureSizes": {
		"skin": [32,32]
	},
	"textures": {
	},
	"elements": [
		{
			"name": "neck",
			"from": [ 15.33, 9.77, 7.6 ], 
			"to": [ 16.5412, 11.2962, 8.3425 ], 
			"unwrapMode": 3,
			"unwrapRotation": 1,
			"uv": [ 12.5, 26.0 ],
			"rotationOrigin": [ 16.2522, 10.1464, 7.9763 ],
			"rotationZ": 55.0,
			"faces": {
						"north": { "texture": "#skin", "uv": [ 18.0, 27.5, 22.0, 30.5 ], "rotation": 270, "windMode": [-1,-1,-1,-1], "windData": [0,0,1,0] },
						"east": { "texture": "#skin", "uv": [ 14.0, 26.0, 18.0, 27.5 ], "rotation": 90, "windMode": [-1,-1,-1,-1], "windData": [1,0,0,1] },
						"south": { "texture": "#skin", "uv": [ 14.0, 27.5, 18.0, 30.5 ], "rotation": 90 },
						"west": { "texture": "#skin", "uv": [ 14.0, 30.5, 18.0, 32.0 ], "rotation": 90 },
						"up": { "texture": "#skin", "uv": [ 12.5, 27.5, 14.0, 30.5 ], "rotation": 90 },
						"down": { "texture": "#skin", "uv": [ 18.0, 27.5, 19.5, 30.5 ], "rotation": 270, "enabled": false, "windMode": [-1,-1,-1,-1], "windData": [0,1,1,0] }
			},
			"children": [
				{
					"name": "neck2",
					"from": [ 0.2363, 0.87, 0.0413 ], 
					"to": [ 1.1325, 2.46, 0.7013 ], 
					"unwrapMode": 3,
					"uv": [ 22.5, 26.5 ],
					"rotationOrigin": [ 1.17, 1.3238, 0.4125 ],
					"rotationZ": -35.0,
					"faces": {
						"north": { "texture": "#skin", "uv": [ 27.5, 28.0, 29.5, 32.0 ], "windMode": [-1,-1,-1,-1], "windData": [1,1,1,1] },
						"east": { "texture": "#skin", "uv": [ 26.0, 28.0, 27.5, 32.0 ], "windMode": [-1,-1,-1,-1], "windData": [1,1,1,1] },
						"south": { "texture": "#skin", "uv": [ 24.0, 28.0, 26.0, 32.0 ], "windMode": [-1,-1,-1,-1], "windData": [1,1,1,1] },
						"west": { "texture": "#skin", "uv": [ 22.5, 28.0, 24.0, 32.0 ], "windMode": [-1,-1,-1,-1], "windData": [1,1,1,1] },
						"up": { "texture": "#skin", "uv": [ 24.0, 26.5, 26.0, 28.0 ], "windMode": [-1,-1,-1,-1], "windData": [1,1,1,1] },
						"down": { "texture": "#skin", "uv": [ 24.0, 32.0, 26.0, 33.5 ], "rotation": 180, "enabled": false, "windMode": [-1,-1,-1,-1], "windData": [1,1,1,1] }
					},
					"children": [
						{
							"name": "head",
							"from": [ 0.2813, 0.6413, -0.0412 ], 
							"to": [ 0.975, 1.59, 0.7013 ], 
							"unwrapMode": 4,
							"uv": [ 8.0, 8.0 ],
							"rotationOrigin": [ 0.975, 1.59, 0.33 ],
							"rotationZ": -45.0,
							"faces": {
								"north": { "texture": "#skin", "uv": [ 8.0, 9.5, 9.5, 12.0 ] },
								"east": { "texture": "#skin", "uv": [ 12.5, 9.5, 14.0, 12.0 ] },
								"south": { "texture": "#skin", "uv": [ 11.0, 9.5, 12.5, 12.0 ] },
								"west": { "texture": "#skin", "uv": [ 9.5, 9.5, 11.0, 12.0 ] },
								"up": { "texture": "#skin", "uv": [ 9.5, 8.0, 11.0, 9.5 ], "rotation": 90 },
								"down": { "texture": "#skin", "uv": [ 9.5, 12.0, 11.0, 13.5 ], "rotation": 90 }
							},
							"children": [
								{
									"name": "mouth up",
									"from": [ -0.405, 0.0413, 0.165 ], 
									"to": [ 0.2475, 0.3225, 0.5775 ], 
									"unwrapMode": 5,
									"unwrapRotation": 1,
									"uv": [ 0.0, 0.0 ],
									"rotationOrigin": [ 0.2063, 0.2063, 0.3712 ],
									"rotationZ": 35.0,
									"faces": {
										"north": { "texture": "#skin", "uv": [ 0.0, 0.0, 0.5, 1.5 ], "rotation": 270 },
										"east": { "texture": "#skin", "uv": [ 0.5, 0.0, 1.5, 0.5 ], "rotation": 180, "enabled": false },
										"south": { "texture": "#skin", "uv": [ 1.5, 0.0, 2.0, 1.5 ], "rotation": 90 },
										"west": { "texture": "#skin", "uv": [ 0.5, 1.5, 1.5, 2.0 ] },
										"up": { "texture": "#skin", "uv": [ 0.5, 0.0, 1.5, 1.5 ], "rotation": 90 },
										"down": { "texture": "#skin", "uv": [ 2.0, 0.0, 3.0, 1.5 ], "rotation": 270 }
									},
									"children": [
										{
											"name": "nose",
											"from": [ -0.12, 0.0563, 0.0375 ], 
											"to": [ 0.2063, 0.3413, 0.3788 ], 
											"unwrapMode": 4,
											"uv": [ 1.0, 1.5 ],
											"rotationOrigin": [ -0.12, 0.2888, 0.1988 ],
											"rotationZ": 21.0,
											"faces": {
												"north": { "texture": "#skin", "uv": [ 1.0, 2.0, 1.5, 2.5 ], "windMode": [-1,-1,-1,-1], "windData": [1,1,1,1] },
												"east": { "texture": "#skin", "uv": [ 2.5, 2.0, 3.0, 2.5 ], "windMode": [-1,-1,-1,-1], "windData": [1,1,1,1] },
												"south": { "texture": "#skin", "uv": [ 2.0, 2.0, 2.5, 2.5 ], "windMode": [-1,-1,-1,-1], "windData": [1,1,1,1] },
												"west": { "texture": "#skin", "uv": [ 1.5, 2.0, 2.0, 2.5 ], "windMode": [-1,-1,-1,-1], "windData": [1,1,1,1] },
												"up": { "texture": "#skin", "uv": [ 1.5, 1.5, 2.0, 2.0 ], "rotation": 90, "windMode": [-1,-1,-1,-1], "windData": [1,1,1,1] },
												"down": { "texture": "#skin", "uv": [ 1.5, 2.5, 2.0, 3.0 ], "rotation": 90, "windMode": [-1,-1,-1,-1], "windData": [1,1,1,1] }
											}
										},
										{
											"name": "nose bridge",
											"from": [ 0.1763, 0.0, 0.0206 ], 
											"to": [ 1.0013, 0.3712, 0.3919 ], 
											"unwrapMode": 5,
											"unwrapRotation": 1,
											"uv": [ 2.0, 9.5 ],
											"rotationOrigin": [ 0.1763, 0.0, 0.1238 ],
											"rotationZ": 22.0,
											"faces": {
												"north": { "texture": "#skin", "uv": [ 2.0, 10.0, 2.5, 12.0 ], "rotation": 270 },
												"east": { "texture": "#skin", "uv": [ 2.5, 9.5, 3.0, 10.0 ], "rotation": 180, "windMode": [-1,-1,-1,-1], "windData": [0,0,0,0] },
												"south": { "texture": "#skin", "uv": [ 3.0, 10.0, 3.5, 12.0 ], "rotation": 90 },
												"west": { "texture": "#skin", "uv": [ 2.5, 12.0, 3.0, 12.5 ], "windMode": [-1,-1,-1,-1], "windData": [0,0,0,0] },
												"up": { "texture": "#skin", "uv": [ 2.5, 10.0, 3.0, 12.0 ], "rotation": 90 },
												"down": { "texture": "#skin", "uv": [ 3.5, 10.0, 4.0, 12.0 ], "rotation": 270, "enabled": false }
											}
										}
									]
								},
								{
									"name": "R ear",
									"from": [ 0.3562, 0.495, -0.5025 ], 
									"to": [ 0.4388, 0.9075, 0.045 ], 
									"unwrapMode": 4,
									"uv": [ 10.0, 1.0 ],
									"rotationOrigin": [ 0.4388, 0.825, 0.0413 ],
									"rotationX": 55.0,
									"rotationZ": 22.0,
									"faces": {
										"north": { "texture": "#skin", "uv": [ 10.0, 1.5, 10.5, 2.5 ] },
										"east": { "texture": "#skin", "uv": [ 12.0, 1.5, 13.0, 2.5 ] },
										"south": { "texture": "#skin", "uv": [ 11.5, 1.5, 12.0, 2.5 ], "windMode": [-1,-1,-1,-1], "windData": [0,0,0,0] },
										"west": { "texture": "#skin", "uv": [ 10.5, 1.5, 11.5, 2.5 ] },
										"up": { "texture": "#skin", "uv": [ 10.5, 1.0, 11.5, 1.5 ], "rotation": 90 },
										"down": { "texture": "#skin", "uv": [ 10.5, 2.5, 11.5, 3.0 ], "rotation": 90 }
									}
								},
								{
									"name": "L ear",
									"from": [ 0.3562, 0.495, 0.7013 ], 
									"to": [ 0.4388, 0.9075, 1.2488 ], 
									"unwrapMode": 4,
									"uv": [ 7.5, 0.0 ],
									"rotationOrigin": [ 0.4388, 0.825, 0.7013 ],
									"rotationX": -55.0,
									"rotationZ": 22.0,
									"faces": {
										"north": { "texture": "#skin", "uv": [ 7.5, 0.5, 8.0, 1.5 ], "windMode": [-1,-1,-1,-1] },
										"east": { "texture": "#skin", "uv": [ 9.5, 0.5, 10.5, 1.5 ] },
										"south": { "texture": "#skin", "uv": [ 9.0, 0.5, 9.5, 1.5 ], "windMode": [-1,-1,-1,-1] },
										"west": { "texture": "#skin", "uv": [ 8.0, 0.5, 9.0, 1.5 ] },
										"up": { "texture": "#skin", "uv": [ 8.0, 0.0, 9.0, 0.5 ], "rotation": 90 },
										"down": { "texture": "#skin", "uv": [ 8.0, 1.5, 9.0, 2.0 ], "rotation": 90 }
									}
								},
								{
									"name": "jaw",
									"from": [ -0.3075, 0.0, 0.2063 ], 
									"to": [ 0.5363, 0.1444, 0.5363 ], 
									"unwrapMode": 5,
									"unwrapRotation": 1,
									"uv": [ 0.0, 7.0 ],
									"rotationOrigin": [ 0.4125, 0.1238, 0.4125 ],
									"rotationZ": 31.0,
									"faces": {
										"north": { "texture": "#skin", "uv": [ 0.0, 7.0, 0.5, 9.0 ], "rotation": 270 },
										"east": { "texture": "#skin", "uv": [ 0.5, 7.0, 1.0, 7.5 ], "rotation": 180, "enabled": false },
										"south": { "texture": "#skin", "uv": [ 1.0, 7.0, 1.5, 9.0 ], "rotation": 90 },
										"west": { "texture": "#skin", "uv": [ 0.5, 9.0, 1.0, 9.5 ] },
										"up": { "texture": "#skin", "uv": [ 0.5, 7.0, 1.0, 9.0 ], "rotation": 90 },
										"down": { "texture": "#skin", "uv": [ 1.5, 7.0, 2.0, 9.0 ], "rotation": 270 }
									}
								}
							]
						}
					]
				}
			]
		}
	]}