{
	"editor": {
		"allAngles": true,
		"entityTextureMode": true
	},
	"textureWidth": 32,
	"textureHeight": 32,
	"textureSizes": {
		"skin": [32,32]
	},
	"textures": {
	},
	"elements": [
		{
			"name": "Body",
			"from": [ 6.44, 2.7712, 7.26 ], 
			"to": [ 8.0413, 4.4588, 8.4975 ], 
			"unwrapMode": 3,
			"unwrapRotation": 1,
			"uv": [ 0.0, 0.0 ],
			"rotationOrigin": [ 8.045, 4.2188, 8.0 ],
			"rotationZ": 8.0,
			"faces": {
				"north": { "texture": "#skin", "uv": [ 10.5, 3.0, 15.0, 7.0 ], "rotation": 270 },
				"east": { "texture": "#skin", "uv": [ 3.0, 0.0, 7.5, 3.0 ], "rotation": 90 },
				"south": { "texture": "#skin", "uv": [ 3.0, 3.0, 7.5, 7.0 ], "rotation": 90 },
				"west": { "texture": "#skin", "uv": [ 3.0, 7.0, 7.5, 10.0 ], "rotation": 90 },
				"up": { "texture": "#skin", "uv": [ 0.0, 3.0, 3.0, 7.0 ], "rotation": 90 },
				"down": { "texture": "#skin", "uv": [ 7.5, 3.0, 10.5, 7.0 ], "rotation": 270 }
			},
			"children": [
				{
					"name": "neck",
					"from": [ -0.2812, 0.63, 0.2475 ], 
					"to": [ 0.93, 2.1563, 0.99 ], 
					"unwrapMode": 3,
					"unwrapRotation": 1,
					"uv": [ 12.5, 26.0 ],
					"rotationOrigin": [ 0.6375, 1.005, 0.6187 ],
					"rotationZ": 67.0,
					"faces": {
						"north": { "texture": "#skin", "uv": [ 18.0, 27.5, 22.0, 30.5 ], "rotation": 270, "windMode": [-1,-1,-1,-1], "windData": [0,0,1,0] },
						"east": { "texture": "#skin", "uv": [ 14.0, 26.0, 18.0, 27.5 ], "rotation": 90, "windMode": [-1,-1,-1,-1], "windData": [1,0,0,1] },
						"south": { "texture": "#skin", "uv": [ 14.0, 27.5, 18.0, 30.5 ], "rotation": 90 },
						"west": { "texture": "#skin", "uv": [ 14.0, 30.5, 18.0, 32.0 ], "rotation": 90 },
						"up": { "texture": "#skin", "uv": [ 12.5, 27.5, 14.0, 30.5 ], "rotation": 90 },
						"down": { "texture": "#skin", "uv": [ 18.0, 27.5, 19.5, 30.5 ], "rotation": 270, "enabled": false, "windMode": [-1,-1,-1,-1], "windData": [0,1,1,0] }
					},
					"children": [
						{
							"name": "neck2",
							"from": [ 0.2363, 0.87, 0.0413 ], 
							"to": [ 1.1325, 2.46, 0.7013 ], 
							"unwrapMode": 3,
							"uv": [ 22.5, 26.5 ],
							"rotationOrigin": [ 1.17, 1.3238, 0.4125 ],
							"rotationZ": -25.0,
							"faces": {
								"north": { "texture": "#skin", "uv": [ 27.5, 28.0, 29.5, 32.0 ], "windMode": [-1,-1,-1,-1], "windData": [1,1,1,1] },
								"east": { "texture": "#skin", "uv": [ 26.0, 28.0, 27.5, 32.0 ], "windMode": [-1,-1,-1,-1], "windData": [1,1,1,1] },
								"south": { "texture": "#skin", "uv": [ 24.0, 28.0, 26.0, 32.0 ], "windMode": [-1,-1,-1,-1], "windData": [1,1,1,1] },
								"west": { "texture": "#skin", "uv": [ 22.5, 28.0, 24.0, 32.0 ], "windMode": [-1,-1,-1,-1], "windData": [1,1,1,1] },
								"up": { "texture": "#skin", "uv": [ 24.0, 26.5, 26.0, 28.0 ], "windMode": [-1,-1,-1,-1], "windData": [1,1,1,1] },
								"down": { "texture": "#skin", "uv": [ 24.0, 32.0, 26.0, 33.5 ], "rotation": 180, "enabled": false, "windMode": [-1,-1,-1,-1], "windData": [1,1,1,1] }
							},
							"children": [
								{
									"name": "head",
									"from": [ 0.2813, 0.6413, -0.0412 ], 
									"to": [ 0.975, 1.59, 0.7013 ], 
									"unwrapMode": 4,
									"uv": [ 8.0, 8.0 ],
									"rotationOrigin": [ 0.975, 1.59, 0.33 ],
									"rotationZ": -66.0,
									"faces": {
										"north": { "texture": "#skin", "uv": [ 8.0, 9.5, 9.5, 12.0 ] },
										"east": { "texture": "#skin", "uv": [ 12.5, 9.5, 14.0, 12.0 ] },
										"south": { "texture": "#skin", "uv": [ 11.0, 9.5, 12.5, 12.0 ] },
										"west": { "texture": "#skin", "uv": [ 9.5, 9.5, 11.0, 12.0 ] },
										"up": { "texture": "#skin", "uv": [ 9.5, 8.0, 11.0, 9.5 ], "rotation": 90 },
										"down": { "texture": "#skin", "uv": [ 9.5, 12.0, 11.0, 13.5 ], "rotation": 90 }
									},
									"children": [
										{
											"name": "mouth up",
											"from": [ -0.405, 0.0413, 0.165 ], 
											"to": [ 0.2475, 0.3225, 0.5775 ], 
											"unwrapMode": 5,
											"unwrapRotation": 1,
											"uv": [ 0.0, 0.0 ],
											"rotationOrigin": [ 0.2063, 0.2063, 0.3712 ],
											"rotationZ": 35.0,
											"faces": {
												"north": { "texture": "#skin", "uv": [ 0.0, 0.0, 0.5, 1.5 ], "rotation": 270 },
												"east": { "texture": "#skin", "uv": [ 0.5, 0.0, 1.5, 0.5 ], "rotation": 180, "enabled": false },
												"south": { "texture": "#skin", "uv": [ 1.5, 0.0, 2.0, 1.5 ], "rotation": 90 },
												"west": { "texture": "#skin", "uv": [ 0.5, 1.5, 1.5, 2.0 ] },
												"up": { "texture": "#skin", "uv": [ 0.5, 0.0, 1.5, 1.5 ], "rotation": 90 },
												"down": { "texture": "#skin", "uv": [ 2.0, 0.0, 3.0, 1.5 ], "rotation": 270 }
											},
											"children": [
												{
													"name": "nose",
													"from": [ -0.12, 0.0563, 0.0375 ], 
													"to": [ 0.2063, 0.3413, 0.3788 ], 
													"unwrapMode": 4,
													"uv": [ 1.0, 1.5 ],
													"rotationOrigin": [ -0.12, 0.2888, 0.1988 ],
													"rotationZ": 21.0,
													"faces": {
														"north": { "texture": "#skin", "uv": [ 1.0, 2.0, 1.5, 2.5 ], "windMode": [-1,-1,-1,-1], "windData": [1,1,1,1] },
														"east": { "texture": "#skin", "uv": [ 2.5, 2.0, 3.0, 2.5 ], "windMode": [-1,-1,-1,-1], "windData": [1,1,1,1] },
														"south": { "texture": "#skin", "uv": [ 2.0, 2.0, 2.5, 2.5 ], "windMode": [-1,-1,-1,-1], "windData": [1,1,1,1] },
														"west": { "texture": "#skin", "uv": [ 1.5, 2.0, 2.0, 2.5 ], "windMode": [-1,-1,-1,-1], "windData": [1,1,1,1] },
														"up": { "texture": "#skin", "uv": [ 1.5, 1.5, 2.0, 2.0 ], "rotation": 90, "windMode": [-1,-1,-1,-1], "windData": [1,1,1,1] },
														"down": { "texture": "#skin", "uv": [ 1.5, 2.5, 2.0, 3.0 ], "rotation": 90, "windMode": [-1,-1,-1,-1], "windData": [1,1,1,1] }
													}
												},
												{
													"name": "nose bridge",
													"from": [ 0.1763, 0.0, 0.0206 ], 
													"to": [ 1.0013, 0.3712, 0.3919 ], 
													"unwrapMode": 5,
													"unwrapRotation": 1,
													"uv": [ 2.0, 9.5 ],
													"rotationOrigin": [ 0.1763, 0.0, 0.1238 ],
													"rotationZ": 22.0,
													"faces": {
														"north": { "texture": "#skin", "uv": [ 2.0, 10.0, 2.5, 12.0 ], "rotation": 270 },
														"east": { "texture": "#skin", "uv": [ 2.5, 9.5, 3.0, 10.0 ], "rotation": 180, "windMode": [-1,-1,-1,-1], "windData": [0,0,0,0] },
														"south": { "texture": "#skin", "uv": [ 3.0, 10.0, 3.5, 12.0 ], "rotation": 90 },
														"west": { "texture": "#skin", "uv": [ 2.5, 12.0, 3.0, 12.5 ], "windMode": [-1,-1,-1,-1], "windData": [0,0,0,0] },
														"up": { "texture": "#skin", "uv": [ 2.5, 10.0, 3.0, 12.0 ], "rotation": 90 },
														"down": { "texture": "#skin", "uv": [ 3.5, 10.0, 4.0, 12.0 ], "rotation": 270, "enabled": false }
													}
												}
											]
										},
										{
											"name": "R ear",
											"from": [ 0.3562, 0.495, -0.5025 ], 
											"to": [ 0.4388, 0.9075, 0.045 ], 
											"unwrapMode": 4,
											"uv": [ 10.0, 1.0 ],
											"rotationOrigin": [ 0.4388, 0.825, 0.0413 ],
											"rotationX": 55.0,
											"rotationZ": 22.0,
											"faces": {
												"north": { "texture": "#skin", "uv": [ 10.0, 1.5, 10.5, 2.5 ] },
												"east": { "texture": "#skin", "uv": [ 12.0, 1.5, 13.0, 2.5 ] },
												"south": { "texture": "#skin", "uv": [ 11.5, 1.5, 12.0, 2.5 ], "windMode": [-1,-1,-1,-1], "windData": [0,0,0,0] },
												"west": { "texture": "#skin", "uv": [ 10.5, 1.5, 11.5, 2.5 ] },
												"up": { "texture": "#skin", "uv": [ 10.5, 1.0, 11.5, 1.5 ], "rotation": 90 },
												"down": { "texture": "#skin", "uv": [ 10.5, 2.5, 11.5, 3.0 ], "rotation": 90 }
											}
										},
										{
											"name": "L ear",
											"from": [ 0.3562, 0.495, 0.7013 ], 
											"to": [ 0.4388, 0.9075, 1.2488 ], 
											"unwrapMode": 4,
											"uv": [ 7.5, 0.0 ],
											"rotationOrigin": [ 0.4388, 0.825, 0.7013 ],
											"rotationX": -55.0,
											"rotationZ": 22.0,
											"faces": {
												"north": { "texture": "#skin", "uv": [ 7.5, 0.5, 8.0, 1.5 ], "windMode": [-1,-1,-1,-1] },
												"east": { "texture": "#skin", "uv": [ 9.5, 0.5, 10.5, 1.5 ] },
												"south": { "texture": "#skin", "uv": [ 9.0, 0.5, 9.5, 1.5 ], "windMode": [-1,-1,-1,-1] },
												"west": { "texture": "#skin", "uv": [ 8.0, 0.5, 9.0, 1.5 ] },
												"up": { "texture": "#skin", "uv": [ 8.0, 0.0, 9.0, 0.5 ], "rotation": 90 },
												"down": { "texture": "#skin", "uv": [ 8.0, 1.5, 9.0, 2.0 ], "rotation": 90 }
											}
										},
										{
											"name": "jaw",
											"from": [ -0.3075, 0.0, 0.2063 ], 
											"to": [ 0.5363, 0.1444, 0.5363 ], 
											"unwrapMode": 5,
											"unwrapRotation": 1,
											"uv": [ 0.0, 7.0 ],
											"rotationOrigin": [ 0.4125, 0.1238, 0.4125 ],
											"rotationZ": 31.0,
											"faces": {
												"north": { "texture": "#skin", "uv": [ 0.0, 7.0, 0.5, 9.0 ], "rotation": 270 },
												"east": { "texture": "#skin", "uv": [ 0.5, 7.0, 1.0, 7.5 ], "rotation": 180, "enabled": false },
												"south": { "texture": "#skin", "uv": [ 1.0, 7.0, 1.5, 9.0 ], "rotation": 90 },
												"west": { "texture": "#skin", "uv": [ 0.5, 9.0, 1.0, 9.5 ] },
												"up": { "texture": "#skin", "uv": [ 0.5, 7.0, 1.0, 9.0 ], "rotation": 90 },
												"down": { "texture": "#skin", "uv": [ 1.5, 7.0, 2.0, 9.0 ], "rotation": 270 }
											}
										}
									]
								}
							]
						}
					]
				},
				{
					"name": "abdomen",
					"from": [ 1.395, 0.0, -0.0412 ], 
					"to": [ 3.0, 1.725, 1.2788 ], 
					"unwrapMode": 3,
					"unwrapRotation": 1,
					"uv": [ 0.0, 10.0 ],
					"rotationOrigin": [ 1.395, 1.0313, 0.7013 ],
					"rotationZ": -2.0,
					"faces": {
						"north": { "texture": "#skin", "uv": [ 11.5, 13.5, 16.0, 17.5 ], "rotation": 270 },
						"east": { "texture": "#skin", "uv": [ 3.5, 10.0, 8.0, 13.5 ], "rotation": 90 },
						"south": { "texture": "#skin", "uv": [ 3.5, 13.5, 8.0, 17.5 ], "rotation": 90 },
						"west": { "texture": "#skin", "uv": [ 3.5, 17.5, 8.0, 21.0 ], "rotation": 90 },
						"up": { "texture": "#skin", "uv": [ 0.0, 13.5, 3.5, 17.5 ], "rotation": 90 },
						"down": { "texture": "#skin", "uv": [ 8.0, 13.5, 11.5, 17.5 ], "rotation": 270 }
					},
					"children": [
						{
							"name": "L back Thigh",
							"from": [ 0.8663, 0.03, 0.9488 ], 
							"to": [ 1.6012, 1.4288, 1.5263 ], 
							"unwrapMode": 3,
							"uv": [ 20.0, 15.5 ],
							"rotationOrigin": [ 1.0688, 1.3088, 1.2375 ],
							"rotationX": 3.0,
							"rotationZ": -39.0,
							"faces": {
								"north": { "texture": "#skin", "uv": [ 24.5, 17.0, 26.0, 20.5 ] },
								"east": { "texture": "#skin", "uv": [ 23.0, 17.0, 24.5, 20.5 ] },
								"south": { "texture": "#skin", "uv": [ 21.5, 17.0, 23.0, 20.5 ] },
								"west": { "texture": "#skin", "uv": [ 20.0, 17.0, 21.5, 20.5 ] },
								"up": { "texture": "#skin", "uv": [ 21.5, 15.5, 23.0, 17.0 ], "windMode": [-1,-1,-1,-1], "windData": [0,0,1,1] },
								"down": { "texture": "#skin", "uv": [ 21.5, 20.5, 23.0, 22.0 ], "rotation": 180 }
							},
							"children": [
								{
									"name": "L back Upper Arm",
									"from": [ 0.0825, -1.485, 0.0825 ], 
									"to": [ 0.66, 0.165, 0.5363 ], 
									"unwrapMode": 3,
									"uv": [ 25.0, 10.5 ],
									"rotationOrigin": [ 0.3712, 0.165, 0.33 ],
									"rotationX": 1.0,
									"rotationZ": 73.0,
									"faces": {
										"north": { "texture": "#skin", "uv": [ 28.5, 11.5, 30.0, 15.5 ] },
										"east": { "texture": "#skin", "uv": [ 27.5, 11.5, 28.5, 15.5 ] },
										"south": { "texture": "#skin", "uv": [ 26.0, 11.5, 27.5, 15.5 ] },
										"west": { "texture": "#skin", "uv": [ 25.0, 11.5, 26.0, 15.5 ] },
										"up": { "texture": "#skin", "uv": [ 26.0, 10.5, 27.5, 11.5 ] },
										"down": { "texture": "#skin", "uv": [ 26.0, 15.5, 27.5, 16.5 ], "rotation": 180 }
									},
									"children": [
										{
											"name": "L back lower arm",
											"from": [ 0.195, -1.845, 0.0825 ], 
											"to": [ 0.525, 0.135, 0.3713 ], 
											"unwrapMode": 3,
											"uv": [ 17.0, 18.0 ],
											"rotationOrigin": [ 0.4013, 0.135, 0.2475 ],
											"rotationX": -4.0,
											"rotationZ": -69.0,
											"faces": {
												"north": { "texture": "#skin", "uv": [ 18.5, 18.5, 19.0, 23.5 ] },
												"east": { "texture": "#skin", "uv": [ 18.0, 18.5, 18.5, 23.5 ] },
												"south": { "texture": "#skin", "uv": [ 17.5, 18.5, 18.0, 23.5 ] },
												"west": { "texture": "#skin", "uv": [ 17.0, 18.5, 17.5, 23.5 ] },
												"up": { "texture": "#skin", "uv": [ 17.5, 18.0, 18.0, 18.5 ] },
												"down": { "texture": "#skin", "uv": [ 17.5, 23.5, 18.0, 24.0 ], "rotation": 180 }
											},
											"children": [
												{
													"name": "L back pastern",
													"from": [ 0.0206, -0.33, 0.0 ], 
													"to": [ 0.3094, 0.4125, 0.2888 ], 
													"unwrapMode": 3,
													"uv": [ 2.0, 21.0 ],
													"rotationOrigin": [ 0.2063, 0.3712, 0.1238 ],
													"faces": {
														"north": { "texture": "#skin", "uv": [ 3.5, 21.5, 4.0, 23.0 ] },
														"east": { "texture": "#skin", "uv": [ 3.0, 21.5, 3.5, 23.0 ] },
														"south": { "texture": "#skin", "uv": [ 2.5, 21.5, 3.0, 23.0 ] },
														"west": { "texture": "#skin", "uv": [ 2.0, 21.5, 2.5, 23.0 ] },
														"up": { "texture": "#skin", "uv": [ 2.5, 21.0, 3.0, 21.5 ] },
														"down": { "texture": "#skin", "uv": [ 2.5, 23.0, 3.0, 23.5 ], "rotation": 180 }
													},
													"children": [
														{
															"name": "L origin hind hoof",
															"from": [ 0.165, 0.2063, 0.1444 ], 
															"to": [ 0.165, 0.2063, 0.1444 ], 
															"uv": [ 0.0, 0.0 ],
															"rotationOrigin": [ 0.165, 0.2063, 0.165 ],
															"faces": {
																"north": { "texture": "#skin", "uv": [ 0.0, 0.5, 0.396, 0.896 ], "enabled": false },
																"east": { "texture": "#skin", "uv": [ 0.5, 0.5, 0.896, 0.896 ], "enabled": false },
																"south": { "texture": "#skin", "uv": [ 1.0, 0.5, 1.396, 0.896 ], "enabled": false },
																"west": { "texture": "#skin", "uv": [ 1.5, 0.5, 1.896, 0.896 ], "enabled": false },
																"up": { "texture": "#skin", "uv": [ 0.0, 0.0, 0.396, 0.396 ], "enabled": false },
																"down": { "texture": "#skin", "uv": [ 0.5, 0.0, 0.896, 0.396 ], "enabled": false }
															},
															"children": [
																{
																	"name": "L hind hoof 1",
																	"from": [ -0.4537, -0.0825, -0.1237 ], 
																	"to": [ -0.1238, 0.0412, 0.1238 ], 
																	"unwrapMode": 4,
																	"uv": [ 6.0, 30.5 ],
																	"rotationOrigin": [ -0.0412, 0.0, 0.0825 ],
																	"rotationZ": 55.0,
																	"faces": {
																		"north": { "texture": "#skin", "uv": [ 6.0, 31.0, 6.5, 31.5 ] },
																		"east": { "texture": "#skin", "uv": [ 7.5, 31.0, 8.0, 31.5 ] },
																		"south": { "texture": "#skin", "uv": [ 7.0, 31.0, 7.5, 31.5 ] },
																		"west": { "texture": "#skin", "uv": [ 6.5, 31.0, 7.0, 31.5 ] },
																		"up": { "texture": "#skin", "uv": [ 6.5, 30.5, 7.0, 31.0 ], "rotation": 90 },
																		"down": { "texture": "#skin", "uv": [ 6.5, 31.5, 7.0, 32.0 ], "rotation": 90 }
																	}
																},
																{
																	"name": "L hind hoof 2",
																	"from": [ -0.33, -0.2475, -0.1237 ], 
																	"to": [ 0.0825, -0.1237, 0.1238 ], 
																	"unwrapMode": 4,
																	"uv": [ 9.0, 29.5 ],
																	"rotationOrigin": [ 0.0413, -0.0825, 0.0413 ],
																	"rotationZ": 27.0,
																	"faces": {
																		"north": { "texture": "#skin", "uv": [ 9.0, 30.5, 10.0, 31.0 ] },
																		"east": { "texture": "#skin", "uv": [ 11.5, 30.5, 12.0, 31.0 ] },
																		"south": { "texture": "#skin", "uv": [ 10.5, 30.5, 11.5, 31.0 ] },
																		"west": { "texture": "#skin", "uv": [ 10.0, 30.5, 10.5, 31.0 ] },
																		"up": { "texture": "#skin", "uv": [ 10.0, 29.5, 10.5, 30.5 ], "rotation": 90 },
																		"down": { "texture": "#skin", "uv": [ 10.0, 31.0, 10.5, 32.0 ], "rotation": 90 }
																	}
																}
															]
														}
													]
												}
											]
										}
									]
								}
							]
						},
						{
							"name": "tail",
							"from": [ 0.9113, 0.735, 0.0975 ], 
							"to": [ 1.6613, 1.5225, 1.2225 ], 
							"unwrapMode": 3,
							"unwrapRotation": 1,
							"uv": [ 5.0, 18.0 ],
							"rotationOrigin": [ 1.4738, 1.5225, 0.66 ],
							"rotationZ": 58.0,
							"faces": {
								"north": { "texture": "#skin", "uv": [ 13.0, 21.0, 15.0, 23.0 ], "rotation": 270, "windMode": [-1,-1,-1,-1], "windData": [0,1,1,0] },
								"east": { "texture": "#skin", "uv": [ 8.0, 18.0, 10.0, 21.0 ], "rotation": 90, "windMode": [-1,-1,-1,-1], "windData": [0,1,1,0] },
								"south": { "texture": "#skin", "uv": [ 8.0, 21.0, 10.0, 23.0 ], "rotation": 90 },
								"west": { "texture": "#skin", "uv": [ 8.0, 23.0, 10.0, 26.0 ], "rotation": 90, "windMode": [-1,-1,-1,-1], "windData": [0,0,1,1] },
								"up": { "texture": "#skin", "uv": [ 5.0, 21.0, 8.0, 23.0 ], "rotation": 90, "windMode": [-1,-1,-1,-1], "windData": [1,1,1,1] },
								"down": { "texture": "#skin", "uv": [ 10.0, 21.0, 13.0, 23.0 ], "rotation": 270, "windMode": [-1,-1,-1,-1] }
							},
							"children": [
								{
									"name": "tail-end",
									"from": [ -0.1912, -0.5175, 0.3975 ], 
									"to": [ 0.5588, 0.3488, 0.7275 ], 
									"unwrapMode": 3,
									"unwrapRotation": 1,
									"uv": [ 20.0, 11.0 ],
									"rotationOrigin": [ 0.5963, 0.3075, 0.54 ],
									"rotationZ": -22.0,
									"faces": {
										"north": { "texture": "#skin", "uv": [ 23.0, 11.5, 25.0, 13.5 ], "rotation": 270 },
										"east": { "texture": "#skin", "uv": [ 20.5, 11.0, 22.5, 11.5 ], "rotation": 90 },
										"south": { "texture": "#skin", "uv": [ 20.5, 11.5, 22.5, 13.5 ], "rotation": 90 },
										"west": { "texture": "#skin", "uv": [ 20.5, 13.5, 22.5, 14.0 ], "rotation": 90 },
										"up": { "texture": "#skin", "uv": [ 20.0, 11.5, 20.5, 13.5 ], "rotation": 90, "windMode": [-1,-1,-1,-1], "windData": [1,1,1,1] },
										"down": { "texture": "#skin", "uv": [ 22.5, 11.5, 23.0, 13.5 ], "rotation": 270 }
									}
								}
							]
						},
						{
							"name": "R back Thigh",
							"from": [ 0.8663, 0.0675, -0.2062 ], 
							"to": [ 1.6012, 1.4663, 0.3712 ], 
							"unwrapMode": 1,
							"uv": [ 21.0, 4.0 ],
							"rotationOrigin": [ 1.0688, 1.3463, 0.0413 ],
							"rotationX": -3.0,
							"rotationZ": -11.0,
							"faces": {
								"north": { "texture": "#skin", "uv": [ 22.5, 5.5, 24.0, 9.0 ] },
								"east": { "texture": "#skin", "uv": [ 21.0, 5.5, 22.5, 9.0 ] },
								"south": { "texture": "#skin", "uv": [ 25.5, 5.5, 27.0, 9.0 ] },
								"west": { "texture": "#skin", "uv": [ 24.0, 5.5, 25.5, 9.0 ] },
								"up": { "texture": "#skin", "uv": [ 22.5, 4.0, 24.0, 5.5 ], "rotation": 180 },
								"down": { "texture": "#skin", "uv": [ 22.5, 9.0, 24.0, 10.5 ] }
							},
							"children": [
								{
									"name": "R back Upper Arm",
									"from": [ 0.0825, -1.485, 0.0413 ], 
									"to": [ 0.66, 0.165, 0.495 ], 
									"unwrapMode": 1,
									"uv": [ 15.0, 0.0 ],
									"rotationOrigin": [ 0.3712, 0.165, 0.2888 ],
									"rotationX": -1.0,
									"rotationZ": 66.0,
									"faces": {
										"north": { "texture": "#skin", "uv": [ 16.0, 1.0, 17.5, 5.0 ] },
										"east": { "texture": "#skin", "uv": [ 15.0, 1.0, 16.0, 5.0 ] },
										"south": { "texture": "#skin", "uv": [ 18.5, 1.0, 20.0, 5.0 ] },
										"west": { "texture": "#skin", "uv": [ 17.5, 1.0, 18.5, 5.0 ] },
										"up": { "texture": "#skin", "uv": [ 16.0, 0.0, 17.5, 1.0 ], "rotation": 180 },
										"down": { "texture": "#skin", "uv": [ 16.0, 5.0, 17.5, 6.0 ] }
									},
									"children": [
										{
											"name": "R back lower arm",
											"from": [ 0.195, -1.8787, 0.0825 ], 
											"to": [ 0.525, 0.1012, 0.3713 ], 
											"unwrapMode": 1,
											"uv": [ 15.0, 18.0 ],
											"rotationOrigin": [ 0.4013, 0.1013, 0.2475 ],
											"rotationX": 4.0,
											"rotationZ": -60.0,
											"faces": {
												"north": { "texture": "#skin", "uv": [ 15.5, 18.5, 16.0, 23.5 ] },
												"east": { "texture": "#skin", "uv": [ 15.0, 18.5, 15.5, 23.5 ] },
												"south": { "texture": "#skin", "uv": [ 16.5, 18.5, 17.0, 23.5 ] },
												"west": { "texture": "#skin", "uv": [ 16.0, 18.5, 16.5, 23.5 ] },
												"up": { "texture": "#skin", "uv": [ 15.5, 18.0, 16.0, 18.5 ], "rotation": 180 },
												"down": { "texture": "#skin", "uv": [ 15.5, 23.5, 16.0, 24.0 ] }
											},
											"children": [
												{
													"name": "R back pastern",
													"from": [ 0.0206, -0.5175, 0.0 ], 
													"to": [ 0.3094, 0.225, 0.2888 ], 
													"unwrapMode": 1,
													"uv": [ 0.0, 20.83 ],
													"rotationOrigin": [ 0.2063, 0.1837, 0.1238 ],
													"rotationZ": -30.0,
													"faces": {
														"north": { "texture": "#skin", "uv": [ 0.5, 21.5, 1.0, 23.0 ] },
														"east": { "texture": "#skin", "uv": [ 0.0, 21.5, 0.5, 23.0 ] },
														"south": { "texture": "#skin", "uv": [ 1.5, 21.5, 2.0, 23.0 ] },
														"west": { "texture": "#skin", "uv": [ 1.0, 21.5, 1.5, 23.0 ] },
														"up": { "texture": "#skin", "uv": [ 0.5, 21.0, 1.0, 21.5 ], "rotation": 180 },
														"down": { "texture": "#skin", "uv": [ 0.5, 23.0, 1.0, 23.5 ] }
													},
													"children": [
														{
															"name": "R origin hind hoof",
															"from": [ 0.165, 0.2063, 0.1444 ], 
															"to": [ 0.165, 0.2063, 0.1444 ], 
															"uv": [ 0.0, 0.0 ],
															"rotationOrigin": [ 0.165, 0.2063, 0.165 ],
															"faces": {
																"north": { "texture": "#skin", "uv": [ 0.0, 0.5, 0.396, 0.896 ], "enabled": false },
																"east": { "texture": "#skin", "uv": [ 0.5, 0.5, 0.896, 0.896 ], "enabled": false },
																"south": { "texture": "#skin", "uv": [ 1.0, 0.5, 1.396, 0.896 ], "enabled": false },
																"west": { "texture": "#skin", "uv": [ 1.5, 0.5, 1.896, 0.896 ], "enabled": false },
																"up": { "texture": "#skin", "uv": [ 0.0, 0.0, 0.396, 0.396 ], "enabled": false },
																"down": { "texture": "#skin", "uv": [ 0.5, 0.0, 0.896, 0.396 ], "enabled": false }
															},
															"children": [
																{
																	"name": "R hind hoof 1",
																	"from": [ -0.4537, -0.0825, -0.1237 ], 
																	"to": [ -0.1238, 0.0412, 0.1238 ], 
																	"unwrapMode": 4,
																	"uv": [ 3.5, 28.0 ],
																	"rotationOrigin": [ -0.0412, 0.0, 0.0825 ],
																	"rotationZ": 55.0,
																	"faces": {
																		"north": { "texture": "#skin", "uv": [ 3.5, 28.5, 4.0, 29.0 ] },
																		"east": { "texture": "#skin", "uv": [ 5.0, 28.5, 5.5, 29.0 ] },
																		"south": { "texture": "#skin", "uv": [ 4.5, 28.5, 5.0, 29.0 ] },
																		"west": { "texture": "#skin", "uv": [ 4.0, 28.5, 4.5, 29.0 ] },
																		"up": { "texture": "#skin", "uv": [ 4.0, 28.0, 4.5, 28.5 ], "rotation": 90 },
																		"down": { "texture": "#skin", "uv": [ 4.0, 29.0, 4.5, 29.5 ], "rotation": 90 }
																	}
																},
																{
																	"name": "R hind hoof 2",
																	"from": [ -0.33, -0.2475, -0.1237 ], 
																	"to": [ 0.0825, -0.1237, 0.1238 ], 
																	"unwrapMode": 4,
																	"uv": [ 4.5, 27.0 ],
																	"rotationOrigin": [ 0.0413, -0.0825, 0.0413 ],
																	"rotationZ": 27.0,
																	"faces": {
																		"north": { "texture": "#skin", "uv": [ 4.5, 28.0, 5.5, 28.5 ] },
																		"east": { "texture": "#skin", "uv": [ 7.0, 28.0, 7.5, 28.5 ] },
																		"south": { "texture": "#skin", "uv": [ 6.0, 28.0, 7.0, 28.5 ] },
																		"west": { "texture": "#skin", "uv": [ 5.5, 28.0, 6.0, 28.5 ] },
																		"up": { "texture": "#skin", "uv": [ 5.5, 27.0, 6.0, 28.0 ], "rotation": 90 },
																		"down": { "texture": "#skin", "uv": [ 5.5, 28.5, 6.0, 29.5 ], "rotation": 90 }
																	}
																}
															]
														}
													]
												}
											]
										}
									]
								}
							]
						}
					]
				},
				{
					"name": "L front Thigh",
					"from": [ -0.1687, -0.15, 0.9488 ], 
					"to": [ 0.6563, 1.065, 1.4025 ], 
					"unwrapMode": 3,
					"uv": [ 25.5, 20.0 ],
					"rotationOrigin": [ 0.285, 0.7162, 1.2375 ],
					"rotationX": 3.0,
					"rotationZ": 15.0,
					"faces": {
						"north": { "texture": "#skin", "uv": [ 29.5, 21.0, 31.5, 24.0 ] },
						"east": { "texture": "#skin", "uv": [ 28.5, 21.0, 29.5, 24.0 ] },
						"south": { "texture": "#skin", "uv": [ 26.5, 21.0, 28.5, 24.0 ] },
						"west": { "texture": "#skin", "uv": [ 25.5, 21.0, 26.5, 24.0 ] },
						"up": { "texture": "#skin", "uv": [ 26.5, 20.0, 28.5, 21.0 ], "windMode": [-1,-1,-1,-1] },
						"down": { "texture": "#skin", "uv": [ 26.5, 24.0, 28.5, 25.0 ], "rotation": 180 }
					},
					"children": [
						{
							"name": "L front Upper Arm",
							"from": [ 0.1238, -0.99, 0.0825 ], 
							"to": [ 0.495, 0.2888, 0.4125 ], 
							"unwrapMode": 3,
							"uv": [ 14.0, 7.0 ],
							"rotationOrigin": [ 0.4125, 0.1238, 0.165 ],
							"rotationX": 1.0,
							"rotationZ": -17.0,
							"faces": {
								"north": { "texture": "#skin", "uv": [ 15.5, 7.5, 16.0, 10.5 ] },
								"east": { "texture": "#skin", "uv": [ 15.0, 7.5, 15.5, 10.5 ] },
								"south": { "texture": "#skin", "uv": [ 14.5, 7.5, 15.0, 10.5 ] },
								"west": { "texture": "#skin", "uv": [ 14.0, 7.5, 14.5, 10.5 ] },
								"up": { "texture": "#skin", "uv": [ 14.5, 7.0, 15.0, 7.5 ] },
								"down": { "texture": "#skin", "uv": [ 14.5, 10.5, 15.0, 11.0 ], "rotation": 180 }
							},
							"children": [
								{
									"name": "L front lower arm",
									"from": [ 0.0413, -0.93, 0.0206 ], 
									"to": [ 0.33, 0.18, 0.3094 ], 
									"unwrapMode": 3,
									"uv": [ 10.0, 23.0 ],
									"rotationOrigin": [ 0.2888, 0.1238, 0.165 ],
									"rotationX": -3.0,
									"rotationZ": -4.0,
									"faces": {
										"north": { "texture": "#skin", "uv": [ 11.5, 23.5, 12.0, 26.0 ] },
										"east": { "texture": "#skin", "uv": [ 11.0, 23.5, 11.5, 26.0 ] },
										"south": { "texture": "#skin", "uv": [ 10.5, 23.5, 11.0, 26.0 ] },
										"west": { "texture": "#skin", "uv": [ 10.0, 23.5, 10.5, 26.0 ] },
										"up": { "texture": "#skin", "uv": [ 10.5, 23.0, 11.0, 23.5 ] },
										"down": { "texture": "#skin", "uv": [ 10.5, 26.0, 11.0, 26.5 ], "rotation": 180 }
									},
									"children": [
										{
											"name": "L front pastern",
											"from": [ 0.0, -0.5325, 0.0 ], 
											"to": [ 0.2888, 0.21, 0.2888 ], 
											"unwrapMode": 3,
											"uv": [ 0.5, 23.5 ],
											"rotationOrigin": [ 0.0, 0.1275, 0.1238 ],
											"rotationX": -1.0,
											"rotationZ": -28.0,
											"faces": {
												"north": { "texture": "#skin", "uv": [ 2.0, 24.0, 2.5, 25.5 ] },
												"east": { "texture": "#skin", "uv": [ 1.5, 24.0, 2.0, 25.5 ] },
												"south": { "texture": "#skin", "uv": [ 1.0, 24.0, 1.5, 25.5 ] },
												"west": { "texture": "#skin", "uv": [ 0.5, 24.0, 1.0, 25.5 ] },
												"up": { "texture": "#skin", "uv": [ 1.0, 23.5, 1.5, 24.0 ] },
												"down": { "texture": "#skin", "uv": [ 1.0, 25.5, 1.5, 26.0 ], "rotation": 180 }
											},
											"children": [
												{
													"name": "L origin hoof",
													"from": [ 0.1238, 0.2063, 0.1444 ], 
													"to": [ 0.1238, 0.2063, 0.1444 ], 
													"uv": [ 0.0, 0.0 ],
													"rotationOrigin": [ 0.1238, 0.2063, 0.165 ],
													"faces": {
														"north": { "texture": "#skin", "uv": [ 0.0, 0.5, 0.396, 0.896 ], "enabled": false },
														"east": { "texture": "#skin", "uv": [ 0.5, 0.5, 0.896, 0.896 ], "enabled": false },
														"south": { "texture": "#skin", "uv": [ 1.0, 0.5, 1.396, 0.896 ], "enabled": false },
														"west": { "texture": "#skin", "uv": [ 1.5, 0.5, 1.896, 0.896 ], "enabled": false },
														"up": { "texture": "#skin", "uv": [ 0.0, 0.0, 0.396, 0.396 ], "enabled": false },
														"down": { "texture": "#skin", "uv": [ 0.5, 0.0, 0.896, 0.396 ], "enabled": false }
													},
													"children": [
														{
															"name": "L front hoof 1",
															"from": [ -0.4537, -0.0825, -0.1237 ], 
															"to": [ -0.1238, 0.0412, 0.1238 ], 
															"unwrapMode": 4,
															"uv": [ 4.0, 29.0 ],
															"rotationOrigin": [ -0.0412, 0.0, 0.0825 ],
															"rotationZ": 55.0,
															"faces": {
																"north": { "texture": "#skin", "uv": [ 4.0, 29.5, 4.5, 30.0 ] },
																"east": { "texture": "#skin", "uv": [ 5.5, 29.5, 6.0, 30.0 ] },
																"south": { "texture": "#skin", "uv": [ 5.0, 29.5, 5.5, 30.0 ] },
																"west": { "texture": "#skin", "uv": [ 4.5, 29.5, 5.0, 30.0 ] },
																"up": { "texture": "#skin", "uv": [ 4.5, 29.0, 5.0, 29.5 ], "rotation": 90 },
																"down": { "texture": "#skin", "uv": [ 4.5, 30.0, 5.0, 30.5 ], "rotation": 90 }
															}
														},
														{
															"name": "L front hoof 2",
															"from": [ -0.33, -0.2475, -0.1237 ], 
															"to": [ 0.0825, -0.1237, 0.1238 ], 
															"unwrapMode": 4,
															"uv": [ 6.5, 27.5 ],
															"rotationOrigin": [ 0.0413, -0.0825, 0.0413 ],
															"rotationZ": 27.0,
															"faces": {
																"north": { "texture": "#skin", "uv": [ 6.5, 28.5, 7.5, 29.0 ] },
																"east": { "texture": "#skin", "uv": [ 9.0, 28.5, 9.5, 29.0 ] },
																"south": { "texture": "#skin", "uv": [ 8.0, 28.5, 9.0, 29.0 ] },
																"west": { "texture": "#skin", "uv": [ 7.5, 28.5, 8.0, 29.0 ] },
																"up": { "texture": "#skin", "uv": [ 7.5, 27.5, 8.0, 28.5 ], "rotation": 90 },
																"down": { "texture": "#skin", "uv": [ 7.5, 29.0, 8.0, 30.0 ], "rotation": 90 }
															}
														}
													]
												}
											]
										}
									]
								}
							]
						}
					]
				},
				{
					"name": "R front Thigh",
					"from": [ -0.1687, -0.1087, -0.165 ], 
					"to": [ 0.6563, 1.1063, 0.2887 ], 
					"unwrapMode": 1,
					"uv": [ 25.0, 0.0 ],
					"rotationOrigin": [ 0.285, 0.7575, 0.0 ],
					"rotationX": -3.0,
					"faces": {
						"north": { "texture": "#skin", "uv": [ 26.0, 1.0, 28.0, 4.0 ] },
						"east": { "texture": "#skin", "uv": [ 25.0, 1.0, 26.0, 4.0 ] },
						"south": { "texture": "#skin", "uv": [ 29.0, 1.0, 31.0, 4.0 ] },
						"west": { "texture": "#skin", "uv": [ 28.0, 1.0, 29.0, 4.0 ] },
						"up": { "texture": "#skin", "uv": [ 26.0, 0.0, 28.0, 1.0 ], "rotation": 180 },
						"down": { "texture": "#skin", "uv": [ 26.0, 4.0, 28.0, 5.0 ] }
					},
					"children": [
						{
							"name": "R front Upper Arm",
							"from": [ 0.1238, -0.99, 0.0413 ], 
							"to": [ 0.495, 0.2888, 0.3713 ], 
							"unwrapMode": 1,
							"uv": [ 16.0, 7.0 ],
							"rotationOrigin": [ 0.4125, 0.1238, 0.2888 ],
							"rotationX": -1.0,
							"rotationZ": -30.0,
							"faces": {
								"north": { "texture": "#skin", "uv": [ 16.5, 7.5, 17.0, 10.5 ] },
								"east": { "texture": "#skin", "uv": [ 16.0, 7.5, 16.5, 10.5 ] },
								"south": { "texture": "#skin", "uv": [ 17.5, 7.5, 18.0, 10.5 ] },
								"west": { "texture": "#skin", "uv": [ 17.0, 7.5, 17.5, 10.5 ] },
								"up": { "texture": "#skin", "uv": [ 16.5, 7.0, 17.0, 7.5 ], "rotation": 180 },
								"down": { "texture": "#skin", "uv": [ 16.5, 10.5, 17.0, 11.0 ] }
							},
							"children": [
								{
									"name": "R front lower arm",
									"from": [ 0.0413, -0.93, 0.0206 ], 
									"to": [ 0.33, 0.18, 0.3094 ], 
									"unwrapMode": 1,
									"uv": [ 12.0, 23.0 ],
									"rotationOrigin": [ 0.2888, 0.1238, 0.2475 ],
									"rotationX": 3.0,
									"rotationZ": 11.0,
									"faces": {
										"north": { "texture": "#skin", "uv": [ 12.5, 23.5, 13.0, 26.0 ] },
										"east": { "texture": "#skin", "uv": [ 12.0, 23.5, 12.5, 26.0 ] },
										"south": { "texture": "#skin", "uv": [ 13.5, 23.5, 14.0, 26.0 ] },
										"west": { "texture": "#skin", "uv": [ 13.0, 23.5, 13.5, 26.0 ] },
										"up": { "texture": "#skin", "uv": [ 12.5, 23.0, 13.0, 23.5 ], "rotation": 180 },
										"down": { "texture": "#skin", "uv": [ 12.5, 26.0, 13.0, 26.5 ] }
									},
									"children": [
										{
											"name": "R front pastern",
											"from": [ 0.0, -0.495, 0.0 ], 
											"to": [ 0.2888, 0.2475, 0.2888 ], 
											"unwrapMode": 1,
											"uv": [ 2.5, 23.5 ],
											"rotationOrigin": [ 0.0, 0.165, 0.1238 ],
											"rotationX": -1.0,
											"faces": {
												"north": { "texture": "#skin", "uv": [ 3.0, 24.0, 3.5, 25.5 ] },
												"east": { "texture": "#skin", "uv": [ 2.5, 24.0, 3.0, 25.5 ] },
												"south": { "texture": "#skin", "uv": [ 4.0, 24.0, 4.5, 25.5 ] },
												"west": { "texture": "#skin", "uv": [ 3.5, 24.0, 4.0, 25.5 ] },
												"up": { "texture": "#skin", "uv": [ 3.0, 23.5, 3.5, 24.0 ], "rotation": 180 },
												"down": { "texture": "#skin", "uv": [ 3.0, 25.5, 3.5, 26.0 ] }
											},
											"children": [
												{
													"name": "R origin hoof",
													"from": [ 0.1238, 0.2063, 0.1444 ], 
													"to": [ 0.1238, 0.2063, 0.1444 ], 
													"uv": [ 0.0, 0.0 ],
													"rotationOrigin": [ 0.1238, 0.2063, 0.165 ],
													"rotationZ": 17.0,
													"faces": {
														"north": { "texture": "#skin", "uv": [ 0.0, 0.5, 0.396, 0.896 ], "enabled": false },
														"east": { "texture": "#skin", "uv": [ 0.5, 0.5, 0.896, 0.896 ], "enabled": false },
														"south": { "texture": "#skin", "uv": [ 1.0, 0.5, 1.396, 0.896 ], "enabled": false },
														"west": { "texture": "#skin", "uv": [ 1.5, 0.5, 1.896, 0.896 ], "enabled": false },
														"up": { "texture": "#skin", "uv": [ 0.0, 0.0, 0.396, 0.396 ], "enabled": false },
														"down": { "texture": "#skin", "uv": [ 0.5, 0.0, 0.896, 0.396 ], "enabled": false }
													},
													"children": [
														{
															"name": "R front hoof 1",
															"from": [ -0.4537, -0.0825, -0.1237 ], 
															"to": [ -0.1238, 0.0412, 0.1238 ], 
															"unwrapMode": 4,
															"uv": [ 4.5, 30.0 ],
															"rotationOrigin": [ -0.0412, 0.0, 0.0825 ],
															"rotationZ": 55.0,
															"faces": {
																"north": { "texture": "#skin", "uv": [ 4.5, 30.5, 5.0, 31.0 ] },
																"east": { "texture": "#skin", "uv": [ 6.0, 30.5, 6.5, 31.0 ] },
																"south": { "texture": "#skin", "uv": [ 5.5, 30.5, 6.0, 31.0 ] },
																"west": { "texture": "#skin", "uv": [ 5.0, 30.5, 5.5, 31.0 ] },
																"up": { "texture": "#skin", "uv": [ 5.0, 30.0, 5.5, 30.5 ], "rotation": 90 },
																"down": { "texture": "#skin", "uv": [ 5.0, 31.0, 5.5, 31.5 ], "rotation": 90 }
															}
														},
														{
															"name": "R front hoof 2",
															"from": [ -0.33, -0.2475, -0.1237 ], 
															"to": [ 0.0825, -0.1237, 0.1238 ], 
															"unwrapMode": 4,
															"uv": [ 7.0, 29.0 ],
															"rotationOrigin": [ 0.0413, -0.0825, 0.0413 ],
															"rotationZ": 27.0,
															"faces": {
																"north": { "texture": "#skin", "uv": [ 7.0, 30.0, 8.0, 30.5 ] },
																"east": { "texture": "#skin", "uv": [ 9.5, 30.0, 10.0, 30.5 ] },
																"south": { "texture": "#skin", "uv": [ 8.5, 30.0, 9.5, 30.5 ] },
																"west": { "texture": "#skin", "uv": [ 8.0, 30.0, 8.5, 30.5 ] },
																"up": { "texture": "#skin", "uv": [ 8.0, 29.0, 8.5, 30.0 ], "rotation": 90 },
																"down": { "texture": "#skin", "uv": [ 8.0, 30.5, 8.5, 31.5 ], "rotation": 90 }
															}
														}
													]
												}
											]
										}
									]
								}
							]
						}
					]
				}
			],
			"attachmentpoints": [
				{
					"code": "Center",
					"posX": "9.0","posY": "4.0","posZ": "5.0",
					"rotationX": "0.0","rotationY": "0.0","rotationZ": "0.0"
				}
			]
		}
	]}