{
	"editor": {
		"allAngles": true,
		"entityTextureMode": true
	},
	"textureWidth": 64,
	"textureHeight": 48,
	"textureSizes": {
		"skin": [64,48]
	},
	"textures": {
	},
	"elements": [
		{
			"name": "Body",
			"from": [ 0.17, 9.2395, 5.13 ], 
			"to": [ 7.82, 15.6145, 10.2938 ], 
			"unwrapMode": 3,
			"uv": [ 0.0, 0.0 ],
			"rotationOrigin": [ 7.8213, 12.5906, 8.0 ],
			"rotationZ": -1.0,
			"faces": {
				"north": { "texture": "#skin", "uv": [ 21.0, 6.0, 30.0, 13.5 ] },
				"east": { "texture": "#skin", "uv": [ 15.0, 6.0, 21.0, 13.5 ] },
				"south": { "texture": "#skin", "uv": [ 6.0, 6.0, 15.0, 13.5 ] },
				"west": { "texture": "#skin", "uv": [ 0.0, 6.0, 6.0, 13.5 ] },
				"up": { "texture": "#skin", "uv": [ 6.0, 0.0, 15.0, 6.0 ] },
				"down": { "texture": "#skin", "uv": [ 6.0, 13.5, 15.0, 19.5 ], "rotation": 180 }
			},
			"children": [
				{
					"name": "neck",
					"from": [ -0.4781, 4.5135, 1.1475 ], 
					"to": [ 3.3575, 10.251, 4.0163 ], 
					"unwrapMode": 3,
					"unwrapRotation": 1,
					"uv": [ 0.5, 23.0 ],
					"rotationOrigin": [ 3.3469, 4.5135, 2.5819 ],
					"rotationY": 2.0,
					"rotationZ": 55.0,
					"faces": {
						"north": { "texture": "#skin", "uv": [ 10.0, 26.0, 16.5, 30.5 ], "rotation": 270, "windMode": [-1,-1,-1,-1], "windData": [0,0,1,0] },
						"east": { "texture": "#skin", "uv": [ 3.5, 23.0, 10.0, 26.0 ], "rotation": 90, "windMode": [-1,-1,-1,-1], "windData": [1,0,0,1] },
						"south": { "texture": "#skin", "uv": [ 3.5, 26.0, 10.0, 30.5 ], "rotation": 90 },
						"west": { "texture": "#skin", "uv": [ 3.5, 30.5, 10.0, 33.5 ], "rotation": 90 },
						"up": { "texture": "#skin", "uv": [ 0.5, 26.0, 3.5, 30.5 ], "rotation": 90 },
						"down": { "texture": "#skin", "uv": [ 10.0, 26.0, 13.0, 30.5 ], "rotation": 270, "enabled": false, "windMode": [-1,-1,-1,-1] }
					},
					"children": [
						{
							"name": "neck2",
							"from": [ 0.6035, 2.737, 0.0956 ], 
							"to": [ 4.0035, 8.4745, 2.7731 ], 
							"unwrapMode": 3,
							"uv": [ 7.5, 31.0 ],
							"rotationOrigin": [ 3.876, 4.624, 1.4344 ],
							"rotationZ": -30.0,
							"faces": {
								"north": { "texture": "#skin", "uv": [ 17.5, 34.0, 21.5, 40.5 ] },
								"east": { "texture": "#skin", "uv": [ 14.5, 34.0, 17.5, 40.5 ] },
								"south": { "texture": "#skin", "uv": [ 10.5, 34.0, 14.5, 40.5 ] },
								"west": { "texture": "#skin", "uv": [ 7.5, 34.0, 10.5, 40.5 ] },
								"up": { "texture": "#skin", "uv": [ 10.5, 31.0, 14.5, 34.0 ] },
								"down": { "texture": "#skin", "uv": [ 10.5, 40.5, 14.5, 43.5 ], "rotation": 180, "enabled": false, "windMode": [-1,-1,-1,-1] }
							},
							"children": [
								{
									"name": "head",
									"from": [ 0.0255, 2.2865, -0.204 ], 
									"to": [ 3.3724, 5.9203, 2.856 ], 
									"unwrapMode": 4,
									"uv": [ 15.0, 13.5 ],
									"rotationOrigin": [ 3.264, 5.729, 1.5215 ],
									"rotationZ": -45.0,
									"faces": {
										"north": { "texture": "#skin", "uv": [ 15.0, 17.0, 18.5, 21.0 ] },
										"east": { "texture": "#skin", "uv": [ 25.5, 17.0, 29.0, 21.0 ] },
										"south": { "texture": "#skin", "uv": [ 22.0, 17.0, 25.5, 21.0 ] },
										"west": { "texture": "#skin", "uv": [ 18.5, 17.0, 22.0, 21.0 ] },
										"up": { "texture": "#skin", "uv": [ 18.5, 13.5, 22.0, 17.0 ], "rotation": 90 },
										"down": { "texture": "#skin", "uv": [ 18.5, 21.0, 22.0, 24.5 ], "rotation": 90 }
									},
									"children": [
										{
											"name": "mouth up",
											"from": [ -2.5819, 0.5738, 0.68 ], 
											"to": [ 0.2869, 1.4025, 2.38 ], 
											"unwrapMode": 5,
											"unwrapRotation": 1,
											"uv": [ 0.0, 13.5 ],
											"rotationOrigin": [ 0.2869, 1.5938, 1.5555 ],
											"rotationZ": 45.0,
											"faces": {
												"north": { "texture": "#skin", "uv": [ 0.0, 13.5, 0.5, 16.5 ], "rotation": 270 },
												"east": { "texture": "#skin", "uv": [ 0.5, 13.5, 2.5, 14.0 ], "rotation": 180, "enabled": false },
												"south": { "texture": "#skin", "uv": [ 2.5, 13.5, 3.0, 16.5 ], "rotation": 90 },
												"west": { "texture": "#skin", "uv": [ 0.5, 16.5, 2.5, 17.0 ] },
												"up": { "texture": "#skin", "uv": [ 0.5, 13.5, 2.5, 16.5 ], "rotation": 90 },
												"down": { "texture": "#skin", "uv": [ 3.0, 13.5, 5.0, 16.5 ], "rotation": 270 }
											},
											"children": [
												{
													"name": "nose",
													"from": [ -0.0956, 0.1403, 0.2975 ], 
													"to": [ 0.8606, 1.0009, 1.445 ], 
													"unwrapMode": 4,
													"uv": [ 1.0, 20.0 ],
													"rotationOrigin": [ -0.0956, 1.0519, 0.8713 ],
													"faces": {
														"north": { "texture": "#skin", "uv": [ 1.0, 21.0, 2.0, 22.0 ], "windMode": [-1,-1,-1,-1], "windData": [1,1,1,1] },
														"east": { "texture": "#skin", "uv": [ 4.0, 21.0, 5.0, 22.0 ], "windMode": [-1,-1,-1,-1], "windData": [1,1,1,1] },
														"south": { "texture": "#skin", "uv": [ 3.0, 21.0, 4.0, 22.0 ], "windMode": [-1,-1,-1,-1], "windData": [1,1,1,1] },
														"west": { "texture": "#skin", "uv": [ 2.0, 21.0, 3.0, 22.0 ], "windMode": [-1,-1,-1,-1], "windData": [1,1,1,1] },
														"up": { "texture": "#skin", "uv": [ 2.0, 20.0, 3.0, 21.0 ], "rotation": 90, "windMode": [-1,-1,-1,-1], "windData": [1,1,1,1] },
														"down": { "texture": "#skin", "uv": [ 2.0, 22.0, 3.0, 23.0 ], "rotation": 90, "windMode": [-1,-1,-1,-1], "windData": [1,1,1,1] }
													}
												},
												{
													"name": "nose bridge",
													"from": [ 0.4781, 0.0085, 0.102 ], 
													"to": [ 3.9525, 0.8585, 1.632 ], 
													"unwrapMode": 5,
													"unwrapRotation": 1,
													"uv": [ 15.0, 0.0 ],
													"rotationOrigin": [ 0.4781, 0.2168, 0.5844 ],
													"rotationZ": 18.0,
													"faces": {
														"north": { "texture": "#skin", "uv": [ 15.0, 0.0, 16.0, 4.0 ], "rotation": 270 },
														"east": { "texture": "#skin", "uv": [ 16.0, 0.0, 17.5, 1.0 ], "rotation": 180, "enabled": false, "windMode": [-1,-1,-1,-1], "windData": [1,1,1,1] },
														"south": { "texture": "#skin", "uv": [ 17.5, 0.0, 18.5, 4.0 ], "rotation": 90 },
														"west": { "texture": "#skin", "uv": [ 16.0, 4.0, 17.5, 5.0 ], "enabled": false },
														"up": { "texture": "#skin", "uv": [ 16.0, 0.0, 17.5, 4.0 ], "rotation": 90 },
														"down": { "texture": "#skin", "uv": [ 18.5, 0.0, 20.0, 4.0 ], "rotation": 270, "enabled": false }
													}
												}
											]
										},
										{
											"name": "R ear",
											"from": [ 2.125, 2.1335, -2.04 ], 
											"to": [ 2.6031, 3.5679, 0.3506 ], 
											"unwrapMode": 4,
											"uv": [ 0.0, 0.0 ],
											"rotationOrigin": [ 2.3163, 2.805, 0.3506 ],
											"rotationX": 35.0,
											"rotationZ": 22.0,
											"faces": {
												"north": { "texture": "#skin", "uv": [ 0.0, 0.5, 0.5, 2.0 ] },
												"east": { "texture": "#skin", "uv": [ 3.5, 0.5, 6.0, 2.0 ] },
												"south": { "texture": "#skin", "uv": [ 3.0, 0.5, 3.5, 2.0 ], "windMode": [-1,-1,-1,-1], "windData": [0,0,0,0] },
												"west": { "texture": "#skin", "uv": [ 0.5, 0.5, 3.0, 2.0 ] },
												"up": { "texture": "#skin", "uv": [ 0.5, 0.0, 3.0, 0.5 ], "rotation": 90 },
												"down": { "texture": "#skin", "uv": [ 0.5, 2.0, 3.0, 2.5 ], "rotation": 90 }
											}
										},
										{
											"name": "L ear",
											"from": [ 2.125, 2.1335, 2.72 ], 
											"to": [ 2.6031, 3.5679, 5.1106 ], 
											"unwrapMode": 2,
											"uv": [ 0.0, 3.0 ],
											"rotationOrigin": [ 2.3163, 2.805, 2.72 ],
											"rotationX": -35.0,
											"rotationZ": 22.0,
											"faces": {
												"north": { "texture": "#skin", "uv": [ 3.0, 3.5, 3.5, 5.0 ], "windMode": [-1,-1,-1,-1] },
												"east": { "texture": "#skin", "uv": [ 0.5, 3.5, 3.0, 5.0 ] },
												"south": { "texture": "#skin", "uv": [ 0.0, 3.5, 0.5, 5.0 ], "windMode": [-1,-1,-1,-1], "windData": [1,1,1,1] },
												"west": { "texture": "#skin", "uv": [ 3.5, 3.5, 6.0, 5.0 ] },
												"up": { "texture": "#skin", "uv": [ 0.5, 3.0, 3.0, 3.5 ], "rotation": 270 },
												"down": { "texture": "#skin", "uv": [ 0.5, 5.0, 3.0, 5.5 ], "rotation": 270 }
											}
										},
										{
											"name": "jaw",
											"from": [ -1.4535, 0.136, 0.782 ], 
											"to": [ 1.4153, 0.7735, 2.312 ], 
											"unwrapMode": 5,
											"unwrapRotation": 1,
											"uv": [ 0.0, 17.0 ],
											"rotationOrigin": [ 1.2224, 0.7565, 1.5513 ],
											"rotationZ": 34.0,
											"faces": {
												"north": { "texture": "#skin", "uv": [ 0.0, 17.0, 0.5, 20.0 ], "rotation": 270 },
												"east": { "texture": "#skin", "uv": [ 0.5, 17.0, 2.0, 17.5 ], "rotation": 180, "enabled": false },
												"south": { "texture": "#skin", "uv": [ 2.0, 17.0, 2.5, 20.0 ], "rotation": 90 },
												"west": { "texture": "#skin", "uv": [ 0.5, 20.0, 2.0, 20.5 ] },
												"up": { "texture": "#skin", "uv": [ 0.5, 17.0, 2.0, 20.0 ], "rotation": 90 },
												"down": { "texture": "#skin", "uv": [ 2.5, 17.0, 4.0, 20.0 ], "rotation": 270 }
											}
										}
									]
								}
							]
						}
					]
				},
				{
					"name": "abdomen",
					"from": [ 7.0763, 0.0, 0.1913 ], 
					"to": [ 15.6825, 6.375, 4.9725 ], 
					"unwrapMode": 3,
					"uv": [ 33.0, 0.0 ],
					"rotationOrigin": [ 7.0763, 3.3469, 2.5819 ],
					"rotationZ": 2.0,
					"faces": {
						"north": { "texture": "#skin", "uv": [ 54.0, 5.5, 64.0, 13.0 ] },
						"east": { "texture": "#skin", "uv": [ 48.5, 5.5, 54.0, 13.0 ] },
						"south": { "texture": "#skin", "uv": [ 38.5, 5.5, 48.5, 13.0 ] },
						"west": { "texture": "#skin", "uv": [ 33.0, 5.5, 38.5, 13.0 ] },
						"up": { "texture": "#skin", "uv": [ 38.5, 0.0, 48.5, 5.5 ] },
						"down": { "texture": "#skin", "uv": [ 38.5, 13.0, 48.5, 18.5 ], "rotation": 180 }
					},
					"children": [
						{
							"name": "L back Thigh",
							"from": [ 5.151, -0.017, 3.5381 ], 
							"to": [ 9.0823, 5.7205, 5.4506 ], 
							"unwrapMode": 3,
							"uv": [ 31.0, 31.0 ],
							"rotationOrigin": [ 6.2135, 4.2819, 4.4944 ],
							"rotationX": 3.0,
							"rotationZ": -8.0,
							"faces": {
								"north": { "texture": "#skin", "uv": [ 39.5, 33.0, 44.0, 39.5 ] },
								"east": { "texture": "#skin", "uv": [ 37.5, 33.0, 39.5, 39.5 ] },
								"south": { "texture": "#skin", "uv": [ 33.0, 33.0, 37.5, 39.5 ] },
								"west": { "texture": "#skin", "uv": [ 31.0, 33.0, 33.0, 39.5 ] },
								"up": { "texture": "#skin", "uv": [ 33.0, 31.0, 37.5, 33.0 ], "windMode": [-1,-1,-1,-1], "windData": [0,0,1,1] },
								"down": { "texture": "#skin", "uv": [ 33.0, 39.5, 37.5, 41.5 ], "rotation": 180 }
							},
							"children": [
								{
									"name": "L back Upper Arm",
									"from": [ -0.4675, -5.1638, 0.1913 ], 
									"to": [ 1.445, 1.0519, 1.7213 ], 
									"unwrapMode": 3,
									"uv": [ 44.5, 34.0 ],
									"rotationOrigin": [ 0.4888, 1.0519, 0.9563 ],
									"rotationX": 1.0,
									"rotationZ": 65.0,
									"faces": {
										"north": { "texture": "#skin", "uv": [ 49.5, 35.5, 51.5, 42.5 ] },
										"east": { "texture": "#skin", "uv": [ 48.0, 35.5, 49.5, 42.5 ] },
										"south": { "texture": "#skin", "uv": [ 46.0, 35.5, 48.0, 42.5 ] },
										"west": { "texture": "#skin", "uv": [ 44.5, 35.5, 46.0, 42.5 ] },
										"up": { "texture": "#skin", "uv": [ 46.0, 34.0, 48.0, 35.5 ] },
										"down": { "texture": "#skin", "uv": [ 46.0, 42.5, 48.0, 44.0 ], "rotation": 180 }
									},
									"children": [
										{
											"name": "L back lower arm",
											"from": [ 0.6375, -6.0775, 0.1913 ], 
											"to": [ 1.785, 0.6163, 1.3388 ], 
											"unwrapMode": 3,
											"uv": [ 51.5, 38.5 ],
											"rotationOrigin": [ 1.3069, 0.6163, 0.765 ],
											"rotationX": -4.0,
											"rotationZ": -50.0,
											"faces": {
												"north": { "texture": "#skin", "uv": [ 54.5, 39.5, 55.5, 47.0 ] },
												"east": { "texture": "#skin", "uv": [ 53.5, 39.5, 54.5, 47.0 ] },
												"south": { "texture": "#skin", "uv": [ 52.5, 39.5, 53.5, 47.0 ] },
												"west": { "texture": "#skin", "uv": [ 51.5, 39.5, 52.5, 47.0 ] },
												"up": { "texture": "#skin", "uv": [ 52.5, 38.5, 53.5, 39.5 ] },
												"down": { "texture": "#skin", "uv": [ 52.5, 47.0, 53.5, 48.0 ], "rotation": 180 }
											},
											"children": [
												{
													"name": "L back pastern",
													"from": [ 0.0, -1.1475, 0.0956 ], 
													"to": [ 0.85, 1.2431, 1.0519 ], 
													"unwrapMode": 1,
													"uv": [ 42.0, 42.5 ],
													"rotationOrigin": [ 0.5631, 1.2431, 0.5738 ],
													"rotationZ": -25.0,
													"faces": {
														"north": { "texture": "#skin", "uv": [ 43.0, 43.5, 44.0, 46.0 ] },
														"east": { "texture": "#skin", "uv": [ 42.0, 43.5, 43.0, 46.0 ] },
														"south": { "texture": "#skin", "uv": [ 45.0, 43.5, 46.0, 46.0 ] },
														"west": { "texture": "#skin", "uv": [ 44.0, 43.5, 45.0, 46.0 ] },
														"up": { "texture": "#skin", "uv": [ 43.0, 42.5, 44.0, 43.5 ], "rotation": 180 },
														"down": { "texture": "#skin", "uv": [ 43.0, 46.0, 44.0, 47.0 ] }
													},
													"children": [
														{
															"name": "L origin hind hoof",
															"from": [ 0.3995, 0.765, 0.5738 ], 
															"to": [ 0.3995, 0.765, 0.5738 ], 
															"uv": [ 0.0, 0.0 ],
															"rotationOrigin": [ 0.4038, 0.765, 0.5738 ],
															"rotationZ": -8.0,
															"faces": {
																"north": { "texture": "#skin", "uv": [ 0.0, 0.5, 0.5625, 1.0625 ], "enabled": false },
																"east": { "texture": "#skin", "uv": [ 0.5, 0.5, 1.0625, 1.0625 ], "enabled": false },
																"south": { "texture": "#skin", "uv": [ 1.0, 0.5, 1.5625, 1.0625 ], "enabled": false },
																"west": { "texture": "#skin", "uv": [ 1.5, 0.5, 2.0625, 1.0625 ], "enabled": false },
																"up": { "texture": "#skin", "uv": [ 0.0, 0.0, 0.5625, 0.5625 ], "enabled": false },
																"down": { "texture": "#skin", "uv": [ 0.5, 0.0, 1.0625, 0.5625 ], "enabled": false }
															},
															"children": [
																{
																	"name": "L hind hoof 1",
																	"from": [ -1.6256, -0.3825, -0.5259 ], 
																	"to": [ -0.2869, 0.0425, 0.3347 ], 
																	"unwrapMode": 4,
																	"uv": [ 45.5, 44.5 ],
																	"rotationOrigin": [ -0.2869, 0.0956, 0.3825 ],
																	"rotationZ": 60.0,
																	"faces": {
																		"north": { "texture": "#skin", "uv": [ 45.5, 46.0, 47.0, 46.5 ] },
																		"east": { "texture": "#skin", "uv": [ 49.5, 46.0, 50.5, 46.5 ] },
																		"south": { "texture": "#skin", "uv": [ 48.0, 46.0, 49.5, 46.5 ] },
																		"west": { "texture": "#skin", "uv": [ 47.0, 46.0, 48.0, 46.5 ] },
																		"up": { "texture": "#skin", "uv": [ 47.0, 44.5, 48.0, 46.0 ], "rotation": 90 },
																		"down": { "texture": "#skin", "uv": [ 47.0, 46.5, 48.0, 48.0 ], "rotation": 90 }
																	}
																},
																{
																	"name": "L hind hoof 2",
																	"from": [ -0.8606, -0.8606, -0.5259 ], 
																	"to": [ 0.2869, -0.3825, 0.3347 ], 
																	"unwrapMode": 4,
																	"uv": [ 47.0, 43.0 ],
																	"rotationOrigin": [ 0.1913, -0.3825, 0.2869 ],
																	"rotationZ": 27.0,
																	"faces": {
																		"north": { "texture": "#skin", "uv": [ 47.0, 44.0, 48.0, 44.5 ] },
																		"east": { "texture": "#skin", "uv": [ 50.0, 44.0, 51.0, 44.5 ] },
																		"south": { "texture": "#skin", "uv": [ 49.0, 44.0, 50.0, 44.5 ] },
																		"west": { "texture": "#skin", "uv": [ 48.0, 44.0, 49.0, 44.5 ] },
																		"up": { "texture": "#skin", "uv": [ 48.0, 43.0, 49.0, 44.0 ], "rotation": 90 },
																		"down": { "texture": "#skin", "uv": [ 48.0, 44.5, 49.0, 45.5 ], "rotation": 90 }
																	}
																}
															]
														}
													]
												}
											]
										}
									]
								}
							]
						},
						{
							"name": "tail",
							"from": [ 7.6585, 4.3031, 1.8169 ], 
							"to": [ 8.6148, 6.2156, 2.9644 ], 
							"unwrapMode": 3,
							"unwrapRotation": 1,
							"uv": [ 19.0, 0.5 ],
							"rotationOrigin": [ 8.5935, 6.2135, 2.295 ],
							"rotationZ": 50.0,
							"faces": {
								"north": { "texture": "#skin", "uv": [ 23.0, 1.5, 25.0, 2.5 ], "rotation": 270, "windMode": [-1,-1,-1,-1], "windData": [0,1,1,0] },
								"east": { "texture": "#skin", "uv": [ 20.0, 0.5, 22.0, 1.5 ], "rotation": 90, "windMode": [-1,-1,-1,-1], "windData": [0,1,1,0] },
								"south": { "texture": "#skin", "uv": [ 20.0, 1.5, 22.0, 2.5 ], "rotation": 90 },
								"west": { "texture": "#skin", "uv": [ 20.0, 2.5, 22.0, 3.5 ], "rotation": 90, "windMode": [-1,-1,-1,-1], "windData": [0,0,1,1] },
								"up": { "texture": "#skin", "uv": [ 19.0, 1.5, 20.0, 2.5 ], "rotation": 90, "windMode": [-1,-1,-1,-1], "windData": [1,1,1,1] },
								"down": { "texture": "#skin", "uv": [ 22.0, 1.5, 23.0, 2.5 ], "rotation": 270, "windMode": [-1,-1,-1,-1] }
							},
							"children": [
								{
									"name": "tail-end",
									"from": [ 0.0, -3.468, -0.0765 ], 
									"to": [ 0.9563, 0.0383, 1.2198 ], 
									"unwrapMode": 3,
									"unwrapRotation": 1,
									"uv": [ 25.5, 0.0 ],
									"rotationOrigin": [ 0.935, 0.0425, 0.5525 ],
									"rotationZ": -22.0,
									"faces": {
										"north": { "texture": "#skin", "uv": [ 31.0, 1.5, 35.0, 2.5 ], "rotation": 270 },
										"east": { "texture": "#skin", "uv": [ 25.5, 0.0, 29.5, 1.5 ], "rotation": 90 },
										"south": { "texture": "#skin", "uv": [ 25.5, 1.5, 29.5, 2.5 ], "rotation": 90 },
										"west": { "texture": "#skin", "uv": [ 25.5, 2.5, 29.5, 4.0 ], "rotation": 90 },
										"up": { "texture": "#skin", "uv": [ 25.5, 1.5, 27.0, 2.5 ], "rotation": 90, "enabled": false, "windMode": [-1,-1,-1,-1] },
										"down": { "texture": "#skin", "uv": [ 29.5, 1.5, 31.0, 2.5 ], "rotation": 270 }
									}
								}
							]
						},
						{
							"name": "R back Thigh",
							"from": [ 5.151, -0.017, -0.765 ], 
							"to": [ 9.0823, 5.7205, 1.1475 ], 
							"unwrapMode": 1,
							"uv": [ 20.0, 22.5 ],
							"rotationOrigin": [ 6.2135, 4.2819, 0.2869 ],
							"rotationX": -3.0,
							"rotationZ": -40.0,
							"faces": {
								"north": { "texture": "#skin", "uv": [ 22.0, 24.5, 26.5, 31.0 ] },
								"east": { "texture": "#skin", "uv": [ 20.0, 24.5, 22.0, 31.0 ] },
								"south": { "texture": "#skin", "uv": [ 28.5, 24.5, 33.0, 31.0 ] },
								"west": { "texture": "#skin", "uv": [ 26.5, 24.5, 28.5, 31.0 ] },
								"up": { "texture": "#skin", "uv": [ 22.0, 22.5, 26.5, 24.5 ], "rotation": 180 },
								"down": { "texture": "#skin", "uv": [ 22.0, 31.0, 26.5, 33.0 ] }
							},
							"children": [
								{
									"name": "R back Upper Arm",
									"from": [ 0.3825, -5.1638, 0.1913 ], 
									"to": [ 2.295, 1.0519, 1.7213 ], 
									"unwrapMode": 1,
									"uv": [ 21.5, 33.0 ],
									"rotationOrigin": [ 1.3388, 1.0519, 0.9563 ],
									"rotationX": -1.0,
									"rotationZ": 64.0,
									"faces": {
										"north": { "texture": "#skin", "uv": [ 23.0, 34.5, 25.0, 41.5 ] },
										"east": { "texture": "#skin", "uv": [ 21.5, 34.5, 23.0, 41.5 ] },
										"south": { "texture": "#skin", "uv": [ 26.5, 34.5, 28.5, 41.5 ] },
										"west": { "texture": "#skin", "uv": [ 25.0, 34.5, 26.5, 41.5 ] },
										"up": { "texture": "#skin", "uv": [ 23.0, 33.0, 25.0, 34.5 ], "rotation": 180 },
										"down": { "texture": "#skin", "uv": [ 23.0, 41.5, 25.0, 43.0 ] }
									},
									"children": [
										{
											"name": "R back lower arm",
											"from": [ 0.9775, -5.7375, 0.1913 ], 
											"to": [ 2.125, 0.9563, 1.3388 ], 
											"unwrapMode": 1,
											"uv": [ 28.5, 38.5 ],
											"rotationOrigin": [ 1.6469, 0.9563, 0.765 ],
											"rotationX": 4.0,
											"rotationZ": -60.0,
											"faces": {
												"north": { "texture": "#skin", "uv": [ 29.5, 39.5, 30.5, 47.0 ] },
												"east": { "texture": "#skin", "uv": [ 28.5, 39.5, 29.5, 47.0 ] },
												"south": { "texture": "#skin", "uv": [ 31.5, 39.5, 32.5, 47.0 ] },
												"west": { "texture": "#skin", "uv": [ 30.5, 39.5, 31.5, 47.0 ] },
												"up": { "texture": "#skin", "uv": [ 29.5, 38.5, 30.5, 39.5 ], "rotation": 180 },
												"down": { "texture": "#skin", "uv": [ 29.5, 47.0, 30.5, 48.0 ] }
											},
											"children": [
												{
													"name": "R back pastern",
													"from": [ 0.0, -1.1475, 0.0956 ], 
													"to": [ 0.85, 1.2431, 1.0519 ], 
													"unwrapMode": 3,
													"uv": [ 24.5, 43.33 ],
													"rotationOrigin": [ 0.5631, 1.2431, 0.5738 ],
													"rotationZ": 3.0,
													"faces": {
														"north": { "texture": "#skin", "uv": [ 27.5, 44.5, 28.5, 47.0 ] },
														"east": { "texture": "#skin", "uv": [ 26.5, 44.5, 27.5, 47.0 ] },
														"south": { "texture": "#skin", "uv": [ 25.5, 44.5, 26.5, 47.0 ] },
														"west": { "texture": "#skin", "uv": [ 24.5, 44.5, 25.5, 47.0 ] },
														"up": { "texture": "#skin", "uv": [ 25.5, 43.5, 26.5, 44.5 ] },
														"down": { "texture": "#skin", "uv": [ 25.5, 47.0, 26.5, 48.0 ], "rotation": 180 }
													},
													"children": [
														{
															"name": "R origin hind hoof",
															"from": [ 0.3995, 0.765, 0.5738 ], 
															"to": [ 0.3995, 0.765, 0.5738 ], 
															"uv": [ 0.0, 0.0 ],
															"rotationOrigin": [ 0.4038, 0.765, 0.5738 ],
															"faces": {
																"north": { "texture": "#skin", "uv": [ 0.0, 0.5, 0.5625, 1.0625 ], "enabled": false },
																"east": { "texture": "#skin", "uv": [ 0.5, 0.5, 1.0625, 1.0625 ], "enabled": false },
																"south": { "texture": "#skin", "uv": [ 1.0, 0.5, 1.5625, 1.0625 ], "enabled": false },
																"west": { "texture": "#skin", "uv": [ 1.5, 0.5, 2.0625, 1.0625 ], "enabled": false },
																"up": { "texture": "#skin", "uv": [ 0.0, 0.0, 0.5625, 0.5625 ], "enabled": false },
																"down": { "texture": "#skin", "uv": [ 0.5, 0.0, 1.0625, 0.5625 ], "enabled": false }
															},
															"children": [
																{
																	"name": "R hind hoof 1",
																	"from": [ -1.6256, -0.3825, -0.5259 ], 
																	"to": [ -0.2869, 0.0425, 0.3347 ], 
																	"unwrapMode": 4,
																	"uv": [ 19.5, 44.5 ],
																	"rotationOrigin": [ -0.2869, 0.0956, 0.3825 ],
																	"rotationZ": 60.0,
																	"faces": {
																		"north": { "texture": "#skin", "uv": [ 19.5, 46.0, 21.0, 46.5 ] },
																		"east": { "texture": "#skin", "uv": [ 23.5, 46.0, 24.5, 46.5 ] },
																		"south": { "texture": "#skin", "uv": [ 22.0, 46.0, 23.5, 46.5 ] },
																		"west": { "texture": "#skin", "uv": [ 21.0, 46.0, 22.0, 46.5 ] },
																		"up": { "texture": "#skin", "uv": [ 21.0, 44.5, 22.0, 46.0 ], "rotation": 90 },
																		"down": { "texture": "#skin", "uv": [ 21.0, 46.5, 22.0, 48.0 ], "rotation": 90 }
																	}
																},
																{
																	"name": "R hind hoof 2",
																	"from": [ -0.8606, -0.8606, -0.5259 ], 
																	"to": [ 0.2869, -0.3825, 0.3347 ], 
																	"unwrapMode": 4,
																	"uv": [ 21.5, 43.0 ],
																	"rotationOrigin": [ 0.1913, -0.3825, 0.2869 ],
																	"rotationZ": 27.0,
																	"faces": {
																		"north": { "texture": "#skin", "uv": [ 21.5, 44.0, 22.5, 44.5 ] },
																		"east": { "texture": "#skin", "uv": [ 24.5, 44.0, 25.5, 44.5 ] },
																		"south": { "texture": "#skin", "uv": [ 23.5, 44.0, 24.5, 44.5 ] },
																		"west": { "texture": "#skin", "uv": [ 22.5, 44.0, 23.5, 44.5 ] },
																		"up": { "texture": "#skin", "uv": [ 22.5, 43.0, 23.5, 44.0 ], "rotation": 90 },
																		"down": { "texture": "#skin", "uv": [ 22.5, 44.5, 23.5, 45.5 ], "rotation": 90 }
																	}
																}
															]
														}
													]
												}
											]
										}
									]
								}
							]
						}
					]
				},
				{
					"name": "L front Thigh",
					"from": [ 0.765, 0.204, 4.7813 ], 
					"to": [ 3.6338, 4.1353, 6.2156 ], 
					"unwrapMode": 3,
					"uv": [ 47.0, 17.0 ],
					"rotationOrigin": [ 2.1994, 3.9185, 5.2594 ],
					"rotationX": 3.0,
					"rotationZ": -5.0,
					"faces": {
						"north": { "texture": "#skin", "uv": [ 53.0, 18.5, 56.0, 23.0 ] },
						"east": { "texture": "#skin", "uv": [ 51.5, 18.5, 53.0, 23.0 ] },
						"south": { "texture": "#skin", "uv": [ 48.5, 18.5, 51.5, 23.0 ] },
						"west": { "texture": "#skin", "uv": [ 47.0, 18.5, 48.5, 23.0 ] },
						"up": { "texture": "#skin", "uv": [ 48.5, 17.0, 51.5, 18.5 ], "windMode": [-1,-1,-1,-1] },
						"down": { "texture": "#skin", "uv": [ 48.5, 23.0, 51.5, 24.5 ], "rotation": 180 }
					},
					"children": [
						{
							"name": "L front Upper Arm",
							"from": [ 0.4781, -3.927, -0.119 ], 
							"to": [ 2.1781, 0.9605, 1.1454 ], 
							"unwrapMode": 3,
							"uv": [ 55.0, 22.0 ],
							"rotationOrigin": [ 1.4344, 0.476, 0.476 ],
							"rotationX": 1.0,
							"rotationZ": -8.0,
							"faces": {
								"north": { "texture": "#skin", "uv": [ 59.0, 23.0, 61.0, 28.5 ] },
								"east": { "texture": "#skin", "uv": [ 58.0, 23.0, 59.0, 28.5 ] },
								"south": { "texture": "#skin", "uv": [ 56.0, 23.0, 58.0, 28.5 ] },
								"west": { "texture": "#skin", "uv": [ 55.0, 23.0, 56.0, 28.5 ] },
								"up": { "texture": "#skin", "uv": [ 56.0, 22.0, 58.0, 23.0 ] },
								"down": { "texture": "#skin", "uv": [ 56.0, 28.5, 58.0, 29.5 ], "rotation": 180 }
							},
							"children": [
								{
									"name": "L front lower arm",
									"from": [ 0.3995, -3.825, 0.017 ], 
									"to": [ 1.3558, 0.9563, 1.0689 ], 
									"unwrapMode": 3,
									"uv": [ 60.0, 27.5 ],
									"rotationOrigin": [ 1.0731, 0.4781, 0.595 ],
									"rotationX": -3.0,
									"rotationZ": 14.0,
									"faces": {
										"north": { "texture": "#skin", "uv": [ 63.0, 28.5, 64.0, 34.0 ] },
										"east": { "texture": "#skin", "uv": [ 62.0, 28.5, 63.0, 34.0 ] },
										"south": { "texture": "#skin", "uv": [ 61.0, 28.5, 62.0, 34.0 ] },
										"west": { "texture": "#skin", "uv": [ 60.0, 28.5, 61.0, 34.0 ] },
										"up": { "texture": "#skin", "uv": [ 61.0, 27.5, 62.0, 28.5 ] },
										"down": { "texture": "#skin", "uv": [ 61.0, 34.0, 62.0, 35.0 ], "rotation": 180 }
									},
									"children": [
										{
											"name": "L front pastern",
											"from": [ 0.0, -1.8105, 0.0479 ], 
											"to": [ 0.85, 0.5801, 1.0041 ], 
											"unwrapMode": 3,
											"uv": [ 56.0, 29.5 ],
											"rotationOrigin": [ 0.4781, 0.5844, 0.4781 ],
											"rotationX": -1.0,
											"rotationZ": -10.0,
											"faces": {
												"north": { "texture": "#skin", "uv": [ 59.0, 30.5, 60.0, 33.0 ] },
												"east": { "texture": "#skin", "uv": [ 58.0, 30.5, 59.0, 33.0 ] },
												"south": { "texture": "#skin", "uv": [ 57.0, 30.5, 58.0, 33.0 ] },
												"west": { "texture": "#skin", "uv": [ 56.0, 30.5, 57.0, 33.0 ] },
												"up": { "texture": "#skin", "uv": [ 57.0, 29.5, 58.0, 30.5 ] },
												"down": { "texture": "#skin", "uv": [ 57.0, 33.0, 58.0, 34.0 ], "rotation": 180 }
											},
											"children": [
												{
													"name": "L origin hoof",
													"from": [ 0.3995, 0.765, 0.5738 ], 
													"to": [ 0.3995, 0.765, 0.5738 ], 
													"uv": [ 0.0, 0.0 ],
													"rotationOrigin": [ 0.4038, 0.765, 0.5738 ],
													"rotationZ": -6.0,
													"faces": {
														"north": { "texture": "#skin", "uv": [ 0.0, 0.5, 0.5625, 1.0625 ], "enabled": false },
														"east": { "texture": "#skin", "uv": [ 0.5, 0.5, 1.0625, 1.0625 ], "enabled": false },
														"south": { "texture": "#skin", "uv": [ 1.0, 0.5, 1.5625, 1.0625 ], "enabled": false },
														"west": { "texture": "#skin", "uv": [ 1.5, 0.5, 2.0625, 1.0625 ], "enabled": false },
														"up": { "texture": "#skin", "uv": [ 0.0, 0.0, 0.5625, 0.5625 ], "enabled": false },
														"down": { "texture": "#skin", "uv": [ 0.5, 0.0, 1.0625, 0.5625 ], "enabled": false }
													},
													"children": [
														{
															"name": "L front hoof 1",
															"from": [ -1.6256, -0.3825, -0.5259 ], 
															"to": [ -0.2869, 0.0425, 0.3347 ], 
															"unwrapMode": 4,
															"uv": [ 51.0, 29.5 ],
															"rotationOrigin": [ -0.2869, 0.0956, 0.3825 ],
															"rotationZ": 60.0,
															"faces": {
																"north": { "texture": "#skin", "uv": [ 51.0, 31.0, 52.5, 31.5 ] },
																"east": { "texture": "#skin", "uv": [ 55.0, 31.0, 56.0, 31.5 ] },
																"south": { "texture": "#skin", "uv": [ 53.5, 31.0, 55.0, 31.5 ] },
																"west": { "texture": "#skin", "uv": [ 52.5, 31.0, 53.5, 31.5 ] },
																"up": { "texture": "#skin", "uv": [ 52.5, 29.5, 53.5, 31.0 ], "rotation": 90 },
																"down": { "texture": "#skin", "uv": [ 52.5, 31.5, 53.5, 33.0 ], "rotation": 90 }
															}
														},
														{
															"name": "L front hoof 2",
															"from": [ -0.8606, -0.8606, -0.5259 ], 
															"to": [ 0.2869, -0.3825, 0.3347 ], 
															"unwrapMode": 4,
															"uv": [ 51.0, 27.0 ],
															"rotationOrigin": [ 0.1913, -0.3825, 0.2869 ],
															"rotationZ": 27.0,
															"faces": {
																"north": { "texture": "#skin", "uv": [ 51.0, 28.0, 52.0, 28.5 ] },
																"east": { "texture": "#skin", "uv": [ 54.0, 28.0, 55.0, 28.5 ] },
																"south": { "texture": "#skin", "uv": [ 53.0, 28.0, 54.0, 28.5 ] },
																"west": { "texture": "#skin", "uv": [ 52.0, 28.0, 53.0, 28.5 ] },
																"up": { "texture": "#skin", "uv": [ 52.0, 27.0, 53.0, 28.0 ], "rotation": 90 },
																"down": { "texture": "#skin", "uv": [ 52.0, 28.5, 53.0, 29.5 ], "rotation": 90 }
															}
														}
													]
												}
											]
										}
									]
								}
							]
						}
					]
				},
				{
					"name": "R front Thigh",
					"from": [ 0.765, 0.204, -0.6694 ], 
					"to": [ 3.6338, 4.1353, 0.765 ], 
					"unwrapMode": 1,
					"uv": [ 34.0, 17.0 ],
					"rotationOrigin": [ 2.1994, 3.9185, 0.3825 ],
					"rotationX": -3.0,
					"rotationZ": 14.0,
					"faces": {
						"north": { "texture": "#skin", "uv": [ 35.5, 18.5, 38.5, 23.0 ] },
						"east": { "texture": "#skin", "uv": [ 34.0, 18.5, 35.5, 23.0 ] },
						"south": { "texture": "#skin", "uv": [ 40.0, 18.5, 43.0, 23.0 ] },
						"west": { "texture": "#skin", "uv": [ 38.5, 18.5, 40.0, 23.0 ] },
						"up": { "texture": "#skin", "uv": [ 35.5, 17.0, 38.5, 18.5 ], "rotation": 180 },
						"down": { "texture": "#skin", "uv": [ 35.5, 23.0, 38.5, 24.5 ] }
					},
					"children": [
						{
							"name": "R front Upper Arm",
							"from": [ 0.4781, -3.927, 0.2869 ], 
							"to": [ 2.1781, 0.9605, 1.5513 ], 
							"unwrapMode": 1,
							"uv": [ 42.0, 22.0 ],
							"rotationOrigin": [ 1.4344, 0.476, 0.9563 ],
							"rotationX": -1.0,
							"rotationZ": -8.0,
							"faces": {
								"north": { "texture": "#skin", "uv": [ 43.0, 23.0, 45.0, 28.5 ] },
								"east": { "texture": "#skin", "uv": [ 42.0, 23.0, 43.0, 28.5 ] },
								"south": { "texture": "#skin", "uv": [ 46.0, 23.0, 48.0, 28.5 ] },
								"west": { "texture": "#skin", "uv": [ 45.0, 23.0, 46.0, 28.5 ] },
								"up": { "texture": "#skin", "uv": [ 43.0, 22.0, 45.0, 23.0 ], "rotation": 180 },
								"down": { "texture": "#skin", "uv": [ 43.0, 28.5, 45.0, 29.5 ] }
							},
							"children": [
								{
									"name": "R front lower arm",
									"from": [ 0.3995, -3.825, 0.1913 ], 
									"to": [ 1.3558, 0.9563, 1.2431 ], 
									"unwrapMode": 1,
									"uv": [ 47.0, 27.5 ],
									"rotationOrigin": [ 1.0731, 0.4781, 0.9563 ],
									"rotationX": 3.0,
									"rotationZ": -4.0,
									"faces": {
										"north": { "texture": "#skin", "uv": [ 48.0, 28.5, 49.0, 34.0 ] },
										"east": { "texture": "#skin", "uv": [ 47.0, 28.5, 48.0, 34.0 ] },
										"south": { "texture": "#skin", "uv": [ 50.0, 28.5, 51.0, 34.0 ] },
										"west": { "texture": "#skin", "uv": [ 49.0, 28.5, 50.0, 34.0 ] },
										"up": { "texture": "#skin", "uv": [ 48.0, 27.5, 49.0, 28.5 ], "rotation": 180 },
										"down": { "texture": "#skin", "uv": [ 48.0, 34.0, 49.0, 35.0 ] }
									},
									"children": [
										{
											"name": "R front pastern",
											"from": [ 0.0, -1.8105, 0.0479 ], 
											"to": [ 0.85, 0.5801, 1.0041 ], 
											"unwrapMode": 1,
											"uv": [ 43.0, 29.5 ],
											"rotationOrigin": [ 0.4781, 0.5844, 0.5738 ],
											"rotationX": -1.0,
											"rotationZ": -10.0,
											"faces": {
												"north": { "texture": "#skin", "uv": [ 44.0, 30.5, 45.0, 33.0 ] },
												"east": { "texture": "#skin", "uv": [ 43.0, 30.5, 44.0, 33.0 ] },
												"south": { "texture": "#skin", "uv": [ 46.0, 30.5, 47.0, 33.0 ] },
												"west": { "texture": "#skin", "uv": [ 45.0, 30.5, 46.0, 33.0 ] },
												"up": { "texture": "#skin", "uv": [ 44.0, 29.5, 45.0, 30.5 ], "rotation": 180 },
												"down": { "texture": "#skin", "uv": [ 44.0, 33.0, 45.0, 34.0 ] }
											},
											"children": [
												{
													"name": "R origin hoof",
													"from": [ 0.3995, 0.765, 0.5738 ], 
													"to": [ 0.3995, 0.765, 0.5738 ], 
													"uv": [ 0.0, 0.0 ],
													"rotationOrigin": [ 0.4038, 0.765, 0.572 ],
													"rotationZ": -17.0,
													"faces": {
														"north": { "texture": "#skin", "uv": [ 0.0, 0.5, 0.5625, 1.0625 ], "enabled": false },
														"east": { "texture": "#skin", "uv": [ 0.5, 0.5, 1.0625, 1.0625 ], "enabled": false },
														"south": { "texture": "#skin", "uv": [ 1.0, 0.5, 1.5625, 1.0625 ], "enabled": false },
														"west": { "texture": "#skin", "uv": [ 1.5, 0.5, 2.0625, 1.0625 ], "enabled": false },
														"up": { "texture": "#skin", "uv": [ 0.0, 0.0, 0.5625, 0.5625 ], "enabled": false },
														"down": { "texture": "#skin", "uv": [ 0.5, 0.0, 1.0625, 0.5625 ], "enabled": false }
													},
													"children": [
														{
															"name": "R front hoof 1",
															"from": [ -1.6256, -0.3825, -0.5259 ], 
															"to": [ -0.2869, 0.0425, 0.3347 ], 
															"unwrapMode": 4,
															"uv": [ 38.0, 29.5 ],
															"rotationOrigin": [ -0.2869, 0.0956, 0.3825 ],
															"rotationZ": 60.0,
															"faces": {
																"north": { "texture": "#skin", "uv": [ 38.0, 31.0, 39.5, 31.5 ] },
																"east": { "texture": "#skin", "uv": [ 42.0, 31.0, 43.0, 31.5 ] },
																"south": { "texture": "#skin", "uv": [ 40.5, 31.0, 42.0, 31.5 ] },
																"west": { "texture": "#skin", "uv": [ 39.5, 31.0, 40.5, 31.5 ] },
																"up": { "texture": "#skin", "uv": [ 39.5, 29.5, 40.5, 31.0 ], "rotation": 90 },
																"down": { "texture": "#skin", "uv": [ 39.5, 31.5, 40.5, 33.0 ], "rotation": 90 }
															}
														},
														{
															"name": "R front hoof 2",
															"from": [ -0.8606, -0.8606, -0.5259 ], 
															"to": [ 0.2869, -0.3825, 0.3347 ], 
															"unwrapMode": 4,
															"uv": [ 38.0, 27.0 ],
															"rotationOrigin": [ 0.1913, -0.3825, 0.2869 ],
															"rotationZ": 27.0,
															"faces": {
																"north": { "texture": "#skin", "uv": [ 38.0, 28.0, 39.0, 28.5 ] },
																"east": { "texture": "#skin", "uv": [ 41.0, 28.0, 42.0, 28.5 ] },
																"south": { "texture": "#skin", "uv": [ 40.0, 28.0, 41.0, 28.5 ] },
																"west": { "texture": "#skin", "uv": [ 39.0, 28.0, 40.0, 28.5 ] },
																"up": { "texture": "#skin", "uv": [ 39.0, 27.0, 40.0, 28.0 ], "rotation": 90 },
																"down": { "texture": "#skin", "uv": [ 39.0, 28.5, 40.0, 29.5 ], "rotation": 90 }
															}
														}
													]
												}
											]
										}
									]
								}
							]
						}
					]
				}
			],
			"attachmentpoints": [
				{
					"code": "Center",
					"posX": "9.0","posY": "4.0","posZ": "5.0",
					"rotationX": "0.0","rotationY": "0.0","rotationZ": "0.0"
				}
			]
		}
	]}