{
  "code": "jerky-redmeat",
  "maxstacksize": 256,
  "attributes": {
    "inContainerTextureByType": {
      "*-raw": { "base": "game:block/wood/barrel/{type}-redmeat" },
      "*-cured": { "base": "game:block/wood/barrel/{type}-redmeat" }
    },
    "inFirePitProps": {
      "transform": {
        "scale": 1,
        "origin": {
          "x": 0.5,
          "y": 0.0625,
          "z": 0.5
        },
        "translation": {
          "x": 0.03,
          "y": 0.3,
          "z": 0.06
        },
        "rotation": {
          "x": 0,
          "y": 45,
          "z": 90
        }
      },
      "useFirepitModel": "Spit"
    },
    "nutritionPropsWhenInMeal": {
      "satiety": 105,
      "foodcategory": "Protein"
    }
  },
  "variantgroups": [
    {
      "code": "type",
      "states": [ "raw", "cooked", "cured" ]
    }
  ],
  "shapebytype": {
    "*": { "base": "item/food/meat/jerky-red" }
  },
  "texturesbytype": {
    "jerky-redmeat-raw": {
      "meat": { "base": "game:item/food/meat/raw" }
    },
    "jerky-redmeat-cooked": {
      "meat": { "base": "game:item/food/meat/cooked" }
    },
    "jerky-redmeat-cured": {
      "meat": { "base": "game:item/food/meat/cured" }
    }
  },
  "creativeinventory": {
    "general": [ "*" ],
    "primitive": [ "*" ]
  },
  "nutritionPropsByType": {
    "jerky-redmeat-cooked": {
      "satiety": 70,
      "health": 0,
      "foodcategory": "Protein"
    },
    "jerky-redmeat-cured": {
      "satiety": 50,
      "health": 0,
      "foodcategory": "Protein"
    }
  },
  "transitionablePropsByType": {
    "*-raw": [
      {
        "type": "Cure",
        "freshHours": { "avg": 0 },
        "transitionHours": { "avg": 4 },
        "transitionedStack": {
          "type": "item",
          "code": "jerky-redmeat-cured"
        },
        "transitionRatio": 1
      }
    ],
    "*-cooked": [
      {
        "type": "Perish",
        "freshHours": { "avg": 120 },
        "spoilHours": { "avg": 36 },
        "transitionedStack": {
          "type": "item",
          "code": "game:rot"
        },
        "transitionRatio": 0.25
      }
    ],
    "*-cured": [
      {
        "type": "Perish",
        "freshHours": { "avg": 336 },
        "spoilHours": { "avg": 168 },
        "transitionedStack": {
          "type": "item",
          "code": "game:rot"
        },
        "transitionRatio": 0.25
      }
    ]
  },
  "materialDensity": 150,
  "tpHandTransform": {
    "translation": {
      "x": 0,
      "y": 0,
      "z": 0
    },
    "rotation": {
      "x": 5,
      "y": 41,
      "z": -31
    },
    "origin": {
      "x": 0.23,
      "y": 0,
      "z": 0.13
    },
    "scale": 0.75
  },
  "guiTransformByType": {
    "*-cured": {
      "rotate": false,
      "translation": {
        "x": 0.5,
        "y": 0,
        "z": 0
      },
      "rotation": {
        "x": 171,
        "y": -122,
        "z": 28
      },
      "origin": {
        "x": 0.4,
        "y": 0.08,
        "z": 0.5
      },
      "scale": 4.3
    },
    "*": {
      "rotate": false,
      "translation": {
        "x": 0.5,
        "y": 0,
        "z": 0
      },
      "rotation": {
        "x": 171,
        "y": -122,
        "z": 33
      },
      "origin": {
        "x": 0.4,
        "y": 0.08,
        "z": 0.5
      },
      "scale": 4.72
    }
  },
  "groundTransformByType": {
    "*": {
      "translation": {
        "x": 0,
        "y": 0,
        "z": 0
      },
      "rotation": {
        "x": 180,
        "y": 33,
        "z": -180
      },
      "origin": {
        "x": 0.5,
        "y": 0,
        "z": 0.5
      },
      "scale": 5
    }
  },
  "fpHandTransformByType": {
    "*": {
      "translation": {
        "x": -0.06,
        "y": 0.36,
        "z": 0.23
      },
      "rotation": {
        "x": 40,
        "y": 91,
        "z": 15
      },
      "origin": {
        "x": 0.5,
        "y": 0.1,
        "z": 0.5
      },
      "scale": 2.5
    }
  },
  "combustiblePropsByType": {
    "jerky-redmeat-raw": {
      "meltingPoint": 100,
      "meltingDuration": 8,
      "smeltedRatio": 1,
      "smeltingType": "cook",
      "smeltedStack": {
        "type": "item",
        "code": "jerky-redmeat-cooked"
      },
      "requiresContainer": false
    }
  }
}
