{
	"code": "skullfloor",
		"behaviors": [
		{ "name": "GroundStorable", "properties":{ "layout": "Quadrants", "collisionBox": { "x1": 0, "y1": 0, "z1": 0, "x2": 1, "y2": 0.125, "z2": 1 } }}
	],
  "variantgroups": [
    {"code": "type","states": [ "female","male" ]},
    {"code": "tribe","states": [ "alceini", "capreolini", "odocoileini" ]},
    {"code": "genus","states": [ "alces","capreolus","hydropotes","blastocerus","hippocamelus","mazama","odocoileus","ozotoceros","pudu","rangifer" ]},
    {"code": "species","states": [ "alces","capreolus","pygargus","inermis","dichotomus","antisensis","bisulcus","americana","chunyi","gouazoubira","nana","nemorivaga","rufina","temama","tienhoveni","hemionus","pandora","virginianus","bezoarticus","mephistophiles","puda","tarandus" ]}
  ],
	"allowedVariants": [
		"*-male-alceini-alces-alces",
		"*-male-capreolini-capreolus-capreolus",
		"*-male-capreolini-capreolus-pygargus",
		"*-male-capreolini-hydropotes-inermis",
		"*-male-odocoileini-blastocerus-dichotomus",
		"*-male-odocoileini-hippocamelus-antisensis",
		"*-male-odocoileini-hippocamelus-bisulcus",
		"*-male-odocoileini-mazama-americana",
		"*-male-odocoileini-mazama-chunyi",
		"*-male-odocoileini-mazama-gouazoubira",
		"*-male-odocoileini-mazama-nana",
		"*-male-odocoileini-mazama-nemorivaga",
		"*-male-odocoileini-mazama-rufina",
		"*-male-odocoileini-mazama-temama",
		"*-male-odocoileini-mazama-tienhoveni",
		"*-male-odocoileini-odocoileus-hemionus",
		"*-male-odocoileini-odocoileus-pandora",
		"*-male-odocoileini-odocoileus-virginianus",
		"*-male-odocoileini-ozotoceros-bezoarticus",
		"*-male-odocoileini-pudu-mephistophiles",
		"*-male-odocoileini-pudu-puda",
		"*-female-odocoileini-rangifer-tarandus",
		"*-male-odocoileini-rangifer-tarandus"
	],
	  "transitionablePropsByType": {
    "*": [
      {
        "type": "Cure",
        "freshHours": { "avg": 0.001 },
        "spoilHours": { "avg": 0.001 },
        "transitionedStack": {
          "type": "item",
          "code": "game:bone"
        },
        "transitionRatio": 1
      }
    ]
  },
	"maxstacksize": 64,
	"attributes": {
		"displaycaseable": false, 
		"shelvable": false,
		"onDisplayTransform": {
			"translation": { "x": 0, "y": -0.00, "z": 0.0 },
			"rotation": { "x": 0, "y": -45, "z": 0 },
			"origin": { "x": 0.5, "y": 0.5, "z": 0.5 },
			"scale": 1.0
		},
		"groundStorageTransform": {
			"translation": { "x": 0, "y": 0.0, "z": -0.0 },
			"rotation": { "x": 0, "y": 90, "z": 0 },
			"scale": 1.00
		}
	},
	"materialDensity": 500,
	"heldTpHitAnimation": "breaktool",
	"fpHandTransform": {
		"translation": { "x": 0, "y": -0.5, "z": -1.5 },
		"rotation": { "x": 0, "y": 0, "z": 0 },
		"scale": 1
	},
	"guiTransformByType": {
    "*-alces": {"translation": { "x": 0, "y": 0, "z": 0 },"rotation": { "x": 90, "y": -90, "z": 0 },"origin": { "x": 0.5, "y": 0.0, "z": 0.5 },"scale": 1.25},
    "*-dichotomus": {"translation": { "x": 0, "y": 0, "z": 0 },"rotation": { "x": 90, "y": -90, "z": 0 },"origin": { "x": 0.5, "y": 0.0, "z": 0.5 },"scale": 1.5},
    "*-hemionus": {"translation": { "x": 0, "y": 0, "z": 0 },"rotation": { "x": 90, "y": -90, "z": 0 },"origin": { "x": 0.5, "y": 0.0, "z": 0.5 },"scale": 1.5},
    "*-virginianus": {"translation": { "x": 0, "y": 0, "z": 0 },"rotation": { "x": 90, "y": -90, "z": 0 },"origin": { "x": 0.5, "y": 0.0, "z": 0.5 },"scale": 1.5},
    "*-rangifer-*": {"translation": { "x": 0, "y": 0, "z": 0 },"rotation": { "x": 90, "y": -90, "z": 0 },"origin": { "x": 0.5, "y": 0.0, "z": 0.5 },"scale": 1.5},
    "*-capreolini-*": {"translation": { "x": 0, "y": 0, "z": 0 },"rotation": { "x": 90, "y": -90, "z": 0 },"origin": { "x": 0.5, "y": 0.0, "z": 0.5 },"scale": 3.0},
    "*-hippocamelus-*": {"translation": { "x": 0, "y": 0, "z": 0 },"rotation": { "x": 90, "y": -90, "z": 0 },"origin": { "x": 0.5, "y": 0.0, "z": 0.5 },"scale": 3.0},
    "*-ozotoceros-*": {"translation": { "x": 0, "y": 0, "z": 0 },"rotation": { "x": 90, "y": -90, "z": 0 },"origin": { "x": 0.5, "y": 0.0, "z": 0.5 },"scale": 3.5},
    "*": {"translation": { "x": 0, "y": 0, "z": 0 },"rotation": { "x": 90, "y": -90, "z": 0 },"origin": { "x": 0.5, "y": 0.0, "z": 0.5 },"scale": 5.0}
	},
	"tpHandTransform": {
		"translation": { "x": -0.55, "y": -0.10, "z": -0.45},
		"rotation": { "x": -90, "y": 90, "z": 0 },
		"origin": { "x": 0.5, "y": 0.0, "z": 0.5 },
		"scale": 1.0
	},

		"groundTransform": {
		"translation": { "x": 0, "y": 0, "z": 0 },
		"rotation": { "x": 0, "y": 0, "z": 0 },
		"origin": { "x": 0.5, "y": 0.0, "z": 0.5 },
		"scale": 1
	}
	

}