{
	ingredientPattern: "XDX	SSS	GSC",
	ingredients: {
		"X": {
			"type": "item",
			"code": "screw-steel",

			"quantity": 2
		},

		"D": {
			"type": "item",
			"code": "screwdriver-*",
			"isTool": true
		},
		
		"S": {
			"type": "block",
			"code": "metalsheet-temporalsteel-down",
			"quantity": 1
		},
		"R": {
			"type": "item",
			"code": "rod-steel",
			"quantity": 3
		},
		"G": {
			"type": "item",
			"code": "metalchannel-steel",
			"quantity": 4
		},
		"C": {
			"type": "item",
			"code": "circuitboard-temporal",
			"quantity": 1
		}
		
	},
	width: 3,
	height: 3,
	output: {
		"type": "block",
		"code": "machineryblock-temporalsteel",
		"quantity": 1
	}
}