{
	"editor": {
		"allAngles": true,
		"entityTextureMode": true
	},
	"textureWidth": 96,
	"textureHeight": 64,
	"textureSizes": {
		"skin": [96,64]
	},
	"textures": {
	},
	"elements": [
		{
			"name": "neck",
			"from": [ 10.86, 9.76, 5.61 ], 
			"to": [ 18.96, 16.321, 9.984 ], 
			"unwrapMode": 3,
			"unwrapRotation": 1,
			"uv": [ 40.5, 24.5 ],
			"rotationOrigin": [ 16.6919, 9.7601, 7.846 ],
			"rotationZ": 87.0,
			"faces": {
						"north": { "texture": "#skin", "uv": [ 52.0, 29.0, 59.0, 38.0 ], "rotation": 270, "windMode": [-1,-1,-1,-1], "windData": [0,0,1,0] },
						"east": { "texture": "#skin", "uv": [ 45.0, 24.5, 52.0, 29.0 ], "rotation": 90, "windMode": [-1,-1,-1,-1], "windData": [1,0,0,1] },
						"south": { "texture": "#skin", "uv": [ 45.0, 29.0, 52.0, 38.0 ], "rotation": 90 },
						"west": { "texture": "#skin", "uv": [ 45.0, 38.0, 52.0, 42.5 ], "rotation": 90 },
						"up": { "texture": "#skin", "uv": [ 40.5, 29.0, 45.0, 38.0 ], "rotation": 90 },
						"down": { "texture": "#skin", "uv": [ 52.0, 29.0, 56.5, 38.0 ], "rotation": 270, "enabled": false, "windMode": [-1,-1,-1,-1] }
			},
			"children": [
				{
					"name": "neck2",
					"from": [ 1.341, 4.824, 0.2916 ], 
					"to": [ 7.902, 10.3644, 4.0824 ], 
					"unwrapMode": 3,
					"unwrapRotation": 1,
					"uv": [ 22.5, 20.5 ],
					"rotationOrigin": [ 6.381, 4.824, 2.187 ],
					"faces": {
						"north": { "texture": "#skin", "uv": [ 32.5, 24.5, 38.5, 31.5 ], "rotation": 270 },
						"east": { "texture": "#skin", "uv": [ 26.5, 20.5, 32.5, 24.5 ], "rotation": 90 },
						"south": { "texture": "#skin", "uv": [ 26.5, 24.5, 32.5, 31.5 ], "rotation": 90 },
						"west": { "texture": "#skin", "uv": [ 26.5, 31.5, 32.5, 35.5 ], "rotation": 90 },
						"up": { "texture": "#skin", "uv": [ 22.5, 24.5, 26.5, 31.5 ], "rotation": 90 },
						"down": { "texture": "#skin", "uv": [ 32.5, 24.5, 36.5, 31.5 ], "rotation": 270, "enabled": false, "windMode": [-1,-1,-1,-1] }
					},
					"children": [
						{
							"name": "head",
							"from": [ 0.63, 1.323, -0.729 ], 
							"to": [ 6.12, 6.723, 4.374 ], 
							"unwrapMode": 4,
							"uv": [ 44.0, 3.0 ],
							"rotationOrigin": [ 5.103, 5.6988, 1.8954 ],
							"rotationZ": -60.0,
							"faces": {
								"north": { "texture": "#skin", "uv": [ 44.0, 9.0, 50.0, 15.0 ] },
								"east": { "texture": "#skin", "uv": [ 61.5, 9.0, 67.0, 15.0 ] },
								"south": { "texture": "#skin", "uv": [ 55.5, 9.0, 61.5, 15.0 ] },
								"west": { "texture": "#skin", "uv": [ 50.0, 9.0, 55.5, 15.0 ] },
								"up": { "texture": "#skin", "uv": [ 50.0, 3.0, 55.5, 9.0 ], "rotation": 90 },
								"down": { "texture": "#skin", "uv": [ 50.0, 15.0, 55.5, 21.0 ], "rotation": 90 }
							},
							"children": [
								{
									"name": "mouth up",
									"from": [ -3.645, 2.016, 1.1664 ], 
									"to": [ 1.458, 4.4946, 4.0824 ], 
									"unwrapMode": 5,
									"unwrapRotation": 1,
									"uv": [ 22.0, 0.0 ],
									"rotationOrigin": [ 0.2916, 3.915, 2.6244 ],
									"rotationZ": 10.0,
									"faces": {
										"north": { "texture": "#skin", "uv": [ 22.0, 0.0, 24.5, 5.5 ], "rotation": 270 },
										"east": { "texture": "#skin", "uv": [ 24.5, 0.0, 27.5, 2.5 ], "rotation": 180, "enabled": false },
										"south": { "texture": "#skin", "uv": [ 27.5, 0.0, 30.0, 5.5 ], "rotation": 90 },
										"west": { "texture": "#skin", "uv": [ 24.5, 5.5, 27.5, 8.0 ] },
										"up": { "texture": "#skin", "uv": [ 24.5, 0.0, 27.5, 5.5 ], "rotation": 90 },
										"down": { "texture": "#skin", "uv": [ 30.0, 0.0, 33.0, 5.5 ], "rotation": 270 }
									},
									"children": [
										{
											"name": "nose",
											"from": [ -1.8954, 0.621, -0.1458 ], 
											"to": [ 1.0206, 2.9196, 3.0618 ], 
											"unwrapMode": 4,
											"uv": [ 33.0, 0.5 ],
											"rotationOrigin": [ 1.0206, 0.6174, 1.458 ],
											"rotationZ": 25.0,
											"faces": {
												"north": { "texture": "#skin", "uv": [ 33.0, 3.5, 36.0, 6.0 ], "windMode": [-1,-1,-1,-1], "windData": [1,1,1,1] },
												"east": { "texture": "#skin", "uv": [ 42.5, 3.5, 46.0, 6.0 ], "windMode": [-1,-1,-1,-1], "windData": [1,1,1,1] },
												"south": { "texture": "#skin", "uv": [ 39.5, 3.5, 42.5, 6.0 ], "windMode": [-1,-1,-1,-1], "windData": [1,1,1,1] },
												"west": { "texture": "#skin", "uv": [ 36.0, 3.5, 39.5, 6.0 ], "windMode": [-1,-1,-1,-1], "windData": [1,1,1,1] },
												"up": { "texture": "#skin", "uv": [ 36.0, 0.5, 39.5, 3.5 ], "rotation": 90, "windMode": [-1,-1,-1,-1], "windData": [1,1,1,1] },
												"down": { "texture": "#skin", "uv": [ 36.0, 6.0, 39.5, 9.0 ], "rotation": 90, "windMode": [-1,-1,-1,-1], "windData": [1,1,1,1] }
											}
										},
										{
											"name": "nose bridge",
											"from": [ 0.0, 1.836, 0.2916 ], 
											"to": [ 4.5072, 3.186, 2.6244 ], 
											"unwrapMode": 5,
											"unwrapRotation": 1,
											"uv": [ 4.0, 4.5 ],
											"rotationOrigin": [ 4.374, 1.8396, 1.0206 ],
											"rotationZ": 8.0,
											"faces": {
												"north": { "texture": "#skin", "uv": [ 4.0, 4.5, 5.5, 9.5 ], "rotation": 270 },
												"east": { "texture": "#skin", "uv": [ 5.5, 4.5, 8.0, 6.0 ], "rotation": 180, "enabled": false, "windMode": [-1,-1,-1,-1], "windData": [1,1,1,1] },
												"south": { "texture": "#skin", "uv": [ 8.0, 4.5, 9.5, 9.5 ], "rotation": 90 },
												"west": { "texture": "#skin", "uv": [ 5.5, 9.5, 8.0, 11.0 ], "enabled": false },
												"up": { "texture": "#skin", "uv": [ 5.5, 4.5, 8.0, 9.5 ], "rotation": 90 },
												"down": { "texture": "#skin", "uv": [ 9.5, 4.5, 12.0, 9.5 ], "rotation": 270, "enabled": false }
											}
										}
									]
								},
								{
									"name": "R ear",
									"from": [ 4.374, 2.916, -3.96 ], 
									"to": [ 5.103, 5.103, 0.585 ], 
									"unwrapMode": 4,
									"uv": [ 39.5, 0.0 ],
									"rotationOrigin": [ 4.6656, 3.9366, 0.585 ],
									"rotationX": 45.0,
									"rotationY": -22.0,
									"rotationZ": 22.0,
									"faces": {
										"north": { "texture": "#skin", "uv": [ 39.5, 0.5, 40.0, 2.5 ] },
										"east": { "texture": "#skin", "uv": [ 45.0, 0.5, 50.0, 2.5 ] },
										"south": { "texture": "#skin", "uv": [ 45.0, 0.5, 45.5, 2.5 ], "enabled": false, "windMode": [-1,-1,-1,-1], "windData": [1,1,1,1] },
										"west": { "texture": "#skin", "uv": [ 40.0, 0.5, 45.0, 2.5 ] },
										"up": { "texture": "#skin", "uv": [ 40.0, 0.0, 45.0, 0.5 ], "rotation": 90 },
										"down": { "texture": "#skin", "uv": [ 40.0, 2.5, 45.0, 3.0 ], "rotation": 90 }
									}
								},
								{
									"name": "L ear",
									"from": [ 4.374, 2.916, 4.5198 ], 
									"to": [ 5.103, 5.103, 9.0648 ], 
									"unwrapMode": 4,
									"uv": [ 50.0, 0.0 ],
									"rotationOrigin": [ 4.6656, 3.9366, 4.5198 ],
									"rotationX": -45.0,
									"rotationY": 22.0,
									"rotationZ": 22.0,
									"faces": {
										"north": { "texture": "#skin", "uv": [ 50.0, 0.5, 50.5, 2.5 ], "enabled": false },
										"east": { "texture": "#skin", "uv": [ 55.5, 0.5, 60.5, 2.5 ] },
										"south": { "texture": "#skin", "uv": [ 55.0, 0.5, 55.5, 2.5 ] },
										"west": { "texture": "#skin", "uv": [ 50.0, 0.5, 55.0, 2.5 ] },
										"up": { "texture": "#skin", "uv": [ 50.0, 0.0, 55.0, 0.5 ], "rotation": 90 },
										"down": { "texture": "#skin", "uv": [ 50.0, 2.5, 55.0, 3.0 ], "rotation": 90 }
									}
								},
								{
									"name": "jaw",
									"from": [ -2.916, 0.765, 1.458 ], 
									"to": [ 0.8748, 2.223, 3.7908 ], 
									"unwrapMode": 5,
									"unwrapRotation": 1,
									"uv": [ 32.5, 31.5 ],
									"rotationOrigin": [ 0.729, 2.0754, 2.6244 ],
									"rotationZ": 2.0,
									"faces": {
										"north": { "texture": "#skin", "uv": [ 32.5, 31.5, 34.0, 35.5 ], "rotation": 270 },
										"east": { "texture": "#skin", "uv": [ 34.0, 31.5, 36.5, 33.0 ], "rotation": 180, "enabled": false },
										"south": { "texture": "#skin", "uv": [ 36.5, 31.5, 38.0, 35.5 ], "rotation": 90 },
										"west": { "texture": "#skin", "uv": [ 34.0, 35.5, 36.5, 37.0 ] },
										"up": { "texture": "#skin", "uv": [ 34.0, 31.5, 36.5, 35.5 ], "rotation": 90 },
										"down": { "texture": "#skin", "uv": [ 38.0, 31.5, 40.5, 35.5 ], "rotation": 270 }
									},
									"children": [
										{
											"name": "lower lip",
											"from": [ -1.7496, 0.0, -0.1458 ], 
											"to": [ 0.4374, 1.7496, 2.4786 ], 
											"unwrapMode": 5,
											"unwrapRotation": 1,
											"uv": [ 27.5, 6.0 ],
											"rotationOrigin": [ 0.729, 1.3122, 1.1664 ],
											"rotationZ": 20.0,
											"faces": {
												"north": { "texture": "#skin", "uv": [ 27.5, 6.0, 29.0, 8.0 ], "rotation": 270 },
												"east": { "texture": "#skin", "uv": [ 29.0, 6.0, 31.5, 7.5 ], "rotation": 180, "enabled": false },
												"south": { "texture": "#skin", "uv": [ 31.5, 6.0, 33.0, 8.0 ], "rotation": 90 },
												"west": { "texture": "#skin", "uv": [ 29.0, 8.0, 31.5, 9.5 ] },
												"up": { "texture": "#skin", "uv": [ 29.0, 6.0, 31.5, 8.0 ], "rotation": 90 },
												"down": { "texture": "#skin", "uv": [ 33.0, 6.0, 35.5, 8.0 ], "rotation": 270 }
											}
										}
									]
								},
								{
									"name": "wattle",
									"from": [ -1.242, -2.538, 2.367 ], 
									"to": [ 0.774, 0.648, 2.907 ], 
									"unwrapMode": 3,
									"uv": [ 0.0, 0.0 ],
									"rotationOrigin": [ 1.674, 0.648, 2.628 ],
									"rotationZ": -10.0,
									"faces": {
										"north": { "texture": "#skin", "uv": [ 4.5, 0.5, 8.5, 4.0 ], "autoUv": false },
										"east": { "texture": "#skin", "uv": [ 4.5, 0.5, 5.0, 4.0 ], "enabled": false, "autoUv": false, "windMode": [-1,-1,-1,-1], "windData": [1,1,1,1] },
										"south": { "texture": "#skin", "uv": [ 0.5, 0.5, 4.5, 4.0 ], "autoUv": false, "windMode": [-1,-1,-1,-1], "windData": [1,1,1,1] },
										"west": { "texture": "#skin", "uv": [ 0.0, 0.5, 0.5, 4.0 ], "autoUv": false, "windMode": [-1,-1,-1,-1], "windData": [1,1,1,1] },
										"up": { "texture": "#skin", "uv": [ 0.5, 0.0, 4.5, 0.5 ], "autoUv": false, "windMode": [-1,-1,-1,-1], "windData": [1,1,1,1] },
										"down": { "texture": "#skin", "uv": [ 0.5, 4.0, 4.5, 4.5 ], "rotation": 180, "autoUv": false, "windMode": [-1,-1,-1,-1], "windData": [1,1,1,1] }
									}
								}
							]
						}
					]
				},
				{
					"name": "hump",
					"from": [ 2.9826, 0.7254, -0.4374 ], 
					"to": [ 7.4826, 3.6864, 4.8114 ], 
					"unwrapMode": 5,
					"uv": [ 56.0, 20.5 ],
					"rotationOrigin": [ 5.8986, 0.7254, 2.187 ],
					"rotationZ": -80.0,
					"faces": {
						"north": { "texture": "#skin", "uv": [ 59.0, 20.5, 64.0, 23.5 ], "rotation": 180 },
						"east": { "texture": "#skin", "uv": [ 64.0, 23.5, 67.0, 29.0 ], "rotation": 90 },
						"south": { "texture": "#skin", "uv": [ 59.0, 29.0, 64.0, 32.0 ] },
						"west": { "texture": "#skin", "uv": [ 56.0, 23.5, 59.0, 29.0 ], "rotation": 270 },
						"up": { "texture": "#skin", "uv": [ 59.0, 23.5, 64.0, 29.0 ] },
						"down": { "texture": "#skin", "uv": [ 67.0, 23.5, 72.0, 29.0 ], "enabled": false }
					}
				}
			]
		}
	]}