{
	"editor": {
		"allAngles": true,
		"entityTextureMode": true
	},
	"textureWidth": 48,
	"textureHeight": 32,
	"textureSizes": {
		"skin": [48,32]
	},
	"textures": {
	},
	"elements": [
		{
			"name": "neck",
			"from": [ 13.33, 10.2, 6.54 ], 
			"to": [ 18.33, 14.574, 9.456 ], 
			"unwrapMode": 3,
			"unwrapRotation": 1,
			"uv": [ 21.5, 13.5 ],
			"rotationOrigin": [ 17.2159, 10.2018, 7.966 ],
			"rotationZ": 87.0,
			"faces": {
				"north": { "texture": "#skin", "uv": [ 28.0, 16.0, 32.0, 21.0 ], "rotation": 270, "windMode": [-1,-1,-1,-1], "windData": [0,0,1,0] },
				"east": { "texture": "#skin", "uv": [ 24.0, 13.5, 28.0, 16.0 ], "rotation": 90, "windMode": [-1,-1,-1,-1], "windData": [1,0,0,1] },
				"south": { "texture": "#skin", "uv": [ 24.0, 16.0, 28.0, 21.0 ], "rotation": 90 },
				"west": { "texture": "#skin", "uv": [ 24.0, 21.0, 28.0, 23.5 ], "rotation": 90 },
				"up": { "texture": "#skin", "uv": [ 21.5, 16.0, 24.0, 21.0 ], "rotation": 90 },
				"down": { "texture": "#skin", "uv": [ 28.0, 16.0, 30.5, 21.0 ], "rotation": 270, "enabled": false, "windMode": [-1,-1,-1,-1] }
			},
			"children": [
				{
					"name": "neck2",
					"from": [ 0.894, 3.216, 0.1944 ], 
					"to": [ 4.868, 6.9096, 2.7216 ], 
					"unwrapMode": 3,
					"unwrapRotation": 1,
					"uv": [ 12.0, 11.0 ],
					"rotationOrigin": [ 4.254, 3.216, 1.458 ],
					"faces": {
						"north": { "texture": "#skin", "uv": [ 18.0, 13.5, 21.5, 17.0 ], "rotation": 270 },
						"east": { "texture": "#skin", "uv": [ 14.5, 11.0, 18.0, 13.5 ], "rotation": 90 },
						"south": { "texture": "#skin", "uv": [ 14.5, 13.5, 18.0, 17.0 ], "rotation": 90 },
						"west": { "texture": "#skin", "uv": [ 14.5, 17.0, 18.0, 19.5 ], "rotation": 90 },
						"up": { "texture": "#skin", "uv": [ 12.0, 13.5, 14.5, 17.0 ], "rotation": 90 },
						"down": { "texture": "#skin", "uv": [ 18.0, 13.5, 20.5, 17.0 ], "rotation": 270, "enabled": false, "windMode": [-1,-1,-1,-1] }
					},
					"children": [
						{
							"name": "head",
							"from": [ 0.42, 0.882, -0.486 ], 
							"to": [ 4.08, 4.482, 2.916 ], 
							"unwrapMode": 4,
							"uv": [ 22.0, 2.0 ],
							"rotationOrigin": [ 3.402, 3.7992, 1.2636 ],
							"rotationZ": -60.0,
							"faces": {
								"north": { "texture": "#skin", "uv": [ 22.0, 5.5, 25.5, 9.0 ] },
								"east": { "texture": "#skin", "uv": [ 32.0, 5.5, 35.0, 9.0 ] },
								"south": { "texture": "#skin", "uv": [ 28.5, 5.5, 32.0, 9.0 ] },
								"west": { "texture": "#skin", "uv": [ 25.5, 5.5, 28.5, 9.0 ] },
								"up": { "texture": "#skin", "uv": [ 25.5, 2.0, 28.5, 5.5 ], "rotation": 90 },
								"down": { "texture": "#skin", "uv": [ 25.5, 9.0, 28.5, 12.5 ], "rotation": 90 }
							},
							"children": [
								{
									"name": "mouth up",
									"from": [ -1.93, 1.344, 0.7776 ], 
									"to": [ 0.472, 2.9964, 2.7216 ], 
									"unwrapMode": 5,
									"unwrapRotation": 1,
									"uv": [ 11.0, 0.0 ],
									"rotationOrigin": [ 0.19, 2.61, 1.7496 ],
									"rotationZ": 10.0,
									"faces": {
										"north": { "texture": "#skin", "uv": [ 11.0, 0.0, 12.5, 2.0 ], "rotation": 270 },
										"east": { "texture": "#skin", "uv": [ 12.5, 0.0, 14.0, 1.5 ], "rotation": 180, "enabled": false },
										"south": { "texture": "#skin", "uv": [ 14.0, 0.0, 15.5, 2.0 ], "rotation": 90 },
										"west": { "texture": "#skin", "uv": [ 12.5, 2.0, 14.0, 3.5 ] },
										"up": { "texture": "#skin", "uv": [ 12.5, 0.0, 14.0, 2.0 ], "rotation": 90 },
										"down": { "texture": "#skin", "uv": [ 15.5, 0.0, 17.0, 2.0 ], "rotation": 270 }
									},
									"children": [
										{
											"name": "nose",
											"from": [ -1.26, 0.31, 0.0 ], 
											"to": [ 0.684, 1.8424, 1.9384 ], 
											"unwrapMode": 4,
											"uv": [ 15.5, 0.5 ],
											"rotationOrigin": [ 0.6804, 0.3116, 0.97 ],
											"rotationZ": 15.0,
											"faces": {
												"north": { "texture": "#skin", "uv": [ 15.5, 2.0, 17.0, 3.5 ], "windMode": [-1,-1,-1,-1], "windData": [1,1,1,1] },
												"east": { "texture": "#skin", "uv": [ 20.0, 2.0, 21.5, 3.5 ], "windMode": [-1,-1,-1,-1], "windData": [1,1,1,1] },
												"south": { "texture": "#skin", "uv": [ 18.5, 2.0, 20.0, 3.5 ], "windMode": [-1,-1,-1,-1], "windData": [1,1,1,1] },
												"west": { "texture": "#skin", "uv": [ 17.0, 2.0, 18.5, 3.5 ], "windMode": [-1,-1,-1,-1], "windData": [1,1,1,1] },
												"up": { "texture": "#skin", "uv": [ 17.0, 0.5, 18.5, 2.0 ], "rotation": 90, "windMode": [-1,-1,-1,-1], "windData": [1,1,1,1] },
												"down": { "texture": "#skin", "uv": [ 17.0, 3.5, 18.5, 5.0 ], "rotation": 90, "windMode": [-1,-1,-1,-1], "windData": [1,1,1,1] }
											}
										},
										{
											"name": "nose bridge",
											"from": [ 0.3, 1.12, 0.1944 ], 
											"to": [ 2.3048, 2.02, 1.7496 ], 
											"unwrapMode": 5,
											"unwrapRotation": 1,
											"uv": [ 0.0, 0.0 ],
											"rotationOrigin": [ 2.32, 1.1264, 0.6804 ],
											"rotationZ": 7.0,
											"faces": {
												"north": { "texture": "#skin", "uv": [ 0.0, 0.0, 0.5, 2.0 ], "rotation": 270 },
												"east": { "texture": "#skin", "uv": [ 0.5, 0.0, 2.0, 0.5 ], "rotation": 180, "enabled": false, "windMode": [-1,-1,-1,-1], "windData": [1,1,1,1] },
												"south": { "texture": "#skin", "uv": [ 2.0, 0.0, 2.5, 2.0 ], "rotation": 90 },
												"west": { "texture": "#skin", "uv": [ 0.5, 2.0, 2.0, 2.5 ], "enabled": false },
												"up": { "texture": "#skin", "uv": [ 0.5, 0.0, 2.0, 2.0 ], "rotation": 90 },
												"down": { "texture": "#skin", "uv": [ 2.5, 0.0, 4.0, 2.0 ], "rotation": 270, "enabled": false }
											}
										}
									]
								},
								{
									"name": "R ear",
									"from": [ 2.916, 1.944, -2.64 ], 
									"to": [ 3.402, 3.402, 0.39 ], 
									"unwrapMode": 4,
									"uv": [ 18.5, 0.0 ],
									"rotationOrigin": [ 3.1104, 2.6244, 0.39 ],
									"rotationX": 45.0,
									"rotationY": -22.0,
									"rotationZ": 22.0,
									"faces": {
										"north": { "texture": "#skin", "uv": [ 18.5, 0.5, 19.0, 1.5 ] },
										"east": { "texture": "#skin", "uv": [ 22.0, 0.5, 25.0, 1.5 ] },
										"south": { "texture": "#skin", "uv": [ 22.0, 0.5, 22.5, 1.5 ], "enabled": false, "windMode": [-1,-1,-1,-1], "windData": [1,1,1,1] },
										"west": { "texture": "#skin", "uv": [ 19.0, 0.5, 22.0, 1.5 ] },
										"up": { "texture": "#skin", "uv": [ 19.0, 0.0, 22.0, 0.5 ], "rotation": 90 },
										"down": { "texture": "#skin", "uv": [ 19.0, 1.5, 22.0, 2.0 ], "rotation": 90 }
									}
								},
								{
									"name": "L ear",
									"from": [ 2.916, 1.944, 3.0132 ], 
									"to": [ 3.402, 3.402, 6.0432 ], 
									"unwrapMode": 4,
									"uv": [ 25.0, 0.0 ],
									"rotationOrigin": [ 3.1104, 2.6244, 3.0132 ],
									"rotationX": -45.0,
									"rotationY": 22.0,
									"rotationZ": 22.0,
									"faces": {
										"north": { "texture": "#skin", "uv": [ 25.0, 0.5, 25.5, 1.5 ], "enabled": false },
										"east": { "texture": "#skin", "uv": [ 28.5, 0.5, 31.5, 1.5 ] },
										"south": { "texture": "#skin", "uv": [ 28.0, 0.5, 28.5, 1.5 ] },
										"west": { "texture": "#skin", "uv": [ 25.0, 0.5, 28.0, 1.5 ] },
										"up": { "texture": "#skin", "uv": [ 25.0, 0.0, 28.0, 0.5 ], "rotation": 90 },
										"down": { "texture": "#skin", "uv": [ 25.0, 1.5, 28.0, 2.0 ], "rotation": 90 }
									}
								},
								{
									"name": "jaw",
									"from": [ -1.44, 0.51, 0.972 ], 
									"to": [ 0.5872, 1.482, 2.5272 ], 
									"unwrapMode": 5,
									"unwrapRotation": 1,
									"uv": [ 28.5, 1.5 ],
									"rotationOrigin": [ 0.49, 1.3836, 1.7496 ],
									"rotationZ": 2.0,
									"faces": {
										"north": { "texture": "#skin", "uv": [ 28.5, 1.5, 29.0, 3.5 ], "rotation": 270 },
										"east": { "texture": "#skin", "uv": [ 29.0, 1.5, 30.5, 2.0 ], "rotation": 180, "enabled": false },
										"south": { "texture": "#skin", "uv": [ 30.5, 1.5, 31.0, 3.5 ], "rotation": 90 },
										"west": { "texture": "#skin", "uv": [ 29.0, 3.5, 30.5, 4.0 ] },
										"up": { "texture": "#skin", "uv": [ 29.0, 1.5, 30.5, 3.5 ], "rotation": 90 },
										"down": { "texture": "#skin", "uv": [ 31.0, 1.5, 32.5, 3.5 ], "rotation": 270 }
									},
									"children": [
										{
											"name": "lower lip",
											"from": [ -1.1664, 0.0, -0.0972 ], 
											"to": [ 0.2916, 1.1664, 1.6524 ], 
											"unwrapMode": 5,
											"unwrapRotation": 1,
											"uv": [ 0.0, 2.0 ],
											"rotationOrigin": [ 0.486, 0.8748, 0.7776 ],
											"rotationZ": 15.0,
											"faces": {
												"north": { "texture": "#skin", "uv": [ 0.0, 2.0, 1.0, 3.0 ], "rotation": 270 },
												"east": { "texture": "#skin", "uv": [ 1.0, 2.0, 2.5, 3.0 ], "rotation": 180, "enabled": false },
												"south": { "texture": "#skin", "uv": [ 2.5, 2.0, 3.5, 3.0 ], "rotation": 90 },
												"west": { "texture": "#skin", "uv": [ 1.0, 3.0, 2.5, 4.0 ] },
												"up": { "texture": "#skin", "uv": [ 1.0, 2.0, 2.5, 3.0 ], "rotation": 90 },
												"down": { "texture": "#skin", "uv": [ 3.5, 2.0, 5.0, 3.0 ], "rotation": 270 }
											}
										}
									]
								}
							]
						}
					]
				},
				{
					"name": "hump",
					"from": [ 1.5884, 0.4816, -0.2916 ], 
					"to": [ 4.5884, 2.4556, 3.2076 ], 
					"unwrapMode": 5,
					"uv": [ 28.5, 9.0 ],
					"rotationOrigin": [ 3.5324, 0.4836, 1.458 ],
					"rotationZ": -75.0,
					"faces": {
						"north": { "texture": "#skin", "uv": [ 30.0, 9.0, 33.0, 10.5 ], "rotation": 180 },
						"east": { "texture": "#skin", "uv": [ 33.0, 10.5, 34.5, 13.5 ], "rotation": 90 },
						"south": { "texture": "#skin", "uv": [ 30.0, 13.5, 33.0, 15.0 ] },
						"west": { "texture": "#skin", "uv": [ 28.5, 10.5, 30.0, 13.5 ], "rotation": 270 },
						"up": { "texture": "#skin", "uv": [ 30.0, 10.5, 33.0, 13.5 ] },
						"down": { "texture": "#skin", "uv": [ 34.5, 10.5, 37.5, 13.5 ], "enabled": false }
					}
				}
			]
		}
	]}