{
	"editor": {
		"allAngles": true,
		"entityTextureMode": true
	},
	"textureWidth": 96,
	"textureHeight": 64,
	"textureSizes": {
		"bottom": [16,16],
		"skin": [96,64]
	},
	"textures": {
	},
	"elements": [
		{
			"name": "Rotation Point",
			"from": [ 0.0, 16.0, 0.0 ], 
			"to": [ 0.0, 16.0, 0.0 ], 
			"uv": [ 0.0, 0.0 ],
			"rotationOrigin": [ 0.0, 16.0, 0.0 ],
			"rotationX": 0.1,
			"rotationY": 0.1,
			"rotationZ": -90.0,
			"faces": {
				"north": { "texture": "#null", "uv": [ 0.0, 0.0, 0.5, 0.5 ], "enabled": false },
				"east": { "texture": "#null", "uv": [ 0.0, 0.0, 0.5, 0.5 ], "enabled": false },
				"south": { "texture": "#null", "uv": [ 0.0, 0.0, 0.5, 0.5 ], "enabled": false },
				"west": { "texture": "#null", "uv": [ 0.0, 0.0, 0.5, 0.5 ], "enabled": false },
				"up": { "texture": "#null", "uv": [ 0.0, 0.0, 0.5, 0.5 ], "enabled": false },
				"down": { "texture": "#null", "uv": [ 0.0, 0.0, 0.5, 0.5 ], "enabled": false }
			},
			"children": [
				{
					"name": "Base",
					"from": [ 0.0, 0.0, 8.0 ], 
					"to": [ 0.0, 0.0, 8.0 ], 
					"autoUnwrap": false,
					"uv": [ 0.0, 0.0 ],
					"rotationOrigin": [ 0.0, 0.0, 8.0 ],
					"faces": {
						"north": { "texture": "#null", "uv": [ 0.0, 0.0, 0.5, 0.5 ], "enabled": false },
						"east": { "texture": "#null", "uv": [ 0.0, 0.0, 0.5, 0.5 ], "enabled": false },
						"south": { "texture": "#null", "uv": [ 0.0, 0.0, 0.5, 0.5 ], "enabled": false },
						"west": { "texture": "#null", "uv": [ 0.0, 0.0, 0.5, 0.5 ], "enabled": false },
						"up": { "texture": "#null", "uv": [ 0.0, 0.0, 0.5, 0.5 ], "enabled": false },
						"down": { "texture": "#null", "uv": [ 0.0, 0.0, 0.5, 0.5 ], "enabled": false }
					},
					"children": [
						{
							"name": "PeltBody",
							"from": [ 0.0, 0.0, -5.335 ], 
							"to": [ 14.19, 0.462, 5.335 ], 
							"unwrapMode": 5,
							"autoUnwrap": false,
							"uv": [ -10.0, 9.5 ],
							"rotationOrigin": [ 0.0, 0.0, -5.335 ],
							"faces": {
								"north": { "texture": "#skin", "uv": [ 31.5, 9.5, 44.0, 10.0 ], "rotation": 180, "windMode": [-1,-1,-1,-1] },
								"east": { "texture": "#skin", "uv": [ 22.0, 9.5, 31.5, 10.0 ], "rotation": 180, "windMode": [-1,-1,-1,-1] },
								"south": { "texture": "#skin", "uv": [ 9.5, 9.5, 22.0, 10.0 ], "windMode": [-1,-1,-1,-1] },
								"west": { "texture": "#skin", "uv": [ 0.0, 9.5, 9.5, 10.0 ], "rotation": 180, "windMode": [-1,-1,-1,-1] },
								"up": { "texture": "#skin", "uv": [ 9.5, 0.0, 22.0, 9.5 ], "windMode": [-1,-1,-1,-1] },
								"down": { "texture": "#bottom", "uv": [ 0.5, 6.0, 13.0, 15.5 ], "windMode": [-1,-1,-1,-1] }
							},
							"children": [
								{
									"name": "LBody",
									"from": [ 0.0, 0.011, 9.9 ], 
									"to": [ 14.19, 0.451, 17.6 ], 
									"unwrapMode": 5,
									"autoUnwrap": false,
									"uv": [ -3.0, 4.5 ],
									"rotationOrigin": [ 0.0, -0.011, 9.9 ],
									"rotationY": -3.0,
									"faces": {
										"north": { "texture": "#null", "uv": [ 0.0, 0.0, 12.5, 0.5 ], "enabled": false },
										"east": { "texture": "#skin", "uv": [ 21.5, 10.0, 22.0, 17.0 ], "rotation": 90, "windMode": [-1,-1,-1,-1] },
										"south": { "texture": "#skin", "uv": [ 9.5, 17.0, 22.0, 17.5 ], "windMode": [-1,-1,-1,-1] },
										"west": { "texture": "#skin", "uv": [ 9.5, 10.0, 10.0, 17.0 ], "rotation": 90, "windMode": [-1,-1,-1,-1] },
										"up": { "texture": "#skin", "uv": [ 9.5, 10.0, 22.0, 17.0 ], "windMode": [-1,-1,-1,-1] },
										"down": { "texture": "#bottom", "uv": [ 2.5, 4.5, 15.0, 11.5 ] }
									},
									"children": [
										{
											"name": "LArm",
											"from": [ 0.0, 0.011, 6.6 ], 
											"to": [ 2.75, 0.429, 14.3 ], 
											"unwrapMode": 5,
											"autoUnwrap": false,
											"uv": [ 13.0, 12.5 ],
											"rotationOrigin": [ 0.0, 0.011, 6.6 ],
											"rotationY": -30.0,
											"faces": {
												"north": { "texture": "#null", "uv": [ 0.0, 0.0, 2.5, 0.5 ], "enabled": false },
												"east": { "texture": "#skin", "uv": [ 45.5, 54.0, 46.0, 61.0 ], "rotation": 90 },
												"south": { "texture": "#skin", "uv": [ 43.0, 61.0, 45.5, 61.5 ], "windMode": [-1,-1,-1,-1] },
												"west": { "texture": "#skin", "uv": [ 42.5, 54.0, 43.0, 61.0 ], "rotation": 270, "windMode": [-1,-1,-1,-1] },
												"up": { "texture": "#skin", "uv": [ 43.0, 54.0, 45.5, 61.0 ], "windMode": [-1,-1,-1,-1] },
												"down": { "texture": "#bottom", "uv": [ 1.5, 1.5, 4.0, 8.5 ], "windMode": [-1,-1,-1,-1] }
											},
											"children": [
												{
													"name": "LArmLower",
													"from": [ 2.2, 0.011, -1.32 ], 
													"to": [ 4.4, 0.407, 6.38 ], 
													"unwrapMode": 5,
													"autoUnwrap": false,
													"uv": [ 13.0, 11.5 ],
													"rotationOrigin": [ 4.4, 0.011, -1.32 ],
													"rotationY": -10.0,
													"faces": {
														"north": { "texture": "#null", "uv": [ 0.0, 0.0, 2.0, 0.5 ], "enabled": false },
														"east": { "texture": "#skin", "uv": [ 48.0, 54.0, 48.5, 61.0 ], "rotation": 90 },
														"south": { "texture": "#skin", "uv": [ 46.0, 61.0, 48.0, 61.5 ], "windMode": [-1,-1,-1,-1] },
														"west": { "texture": "#null", "uv": [ 0.0, 0.0, 7.0, 0.5 ], "enabled": false },
														"up": { "texture": "#skin", "uv": [ 46.0, 54.0, 48.0, 61.0 ], "windMode": [-1,-1,-1,-1] },
														"down": { "texture": "#bottom", "uv": [ 4.5, 0.0, 6.5, 7.0 ], "windMode": [-1,-1,-1,-1] }
													}
												}
											]
										}
									]
								},
								{
									"name": "RBody",
									"from": [ 0.0, -0.451, 0.77 ], 
									"to": [ 14.19, -0.011, 8.47 ], 
									"unwrapMode": 6,
									"autoUnwrap": false,
									"uv": [ -3.0, 8.0 ],
									"rotationOrigin": [ 0.0, 0.0, 0.77 ],
									"rotationX": 180.0,
									"rotationY": -3.0,
									"faces": {
										"north": { "texture": "#null", "uv": [ 0.0, 0.0, 12.5, 0.5 ], "enabled": false },
										"east": { "texture": "#skin", "uv": [ 31.5, 10.0, 32.0, 17.0 ], "rotation": 90 },
										"south": { "texture": "#skin", "uv": [ 31.5, 17.0, 44.0, 17.5 ], "windMode": [-1,-1,-1,-1] },
										"west": { "texture": "#skin", "uv": [ 43.5, 10.0, 44.0, 17.0 ], "rotation": 270, "windMode": [-1,-1,-1,-1] },
										"up": { "texture": "#bottom", "uv": [ 2.5, 8.0, 15.0, 15.0 ], "windMode": [-1,-1,-1,-1] },
										"down": { "texture": "#skin", "uv": [ 31.5, 10.0, 44.0, 17.0 ], "windMode": [-1,-1,-1,-1] }
									},
									"children": [
										{
											"name": "RArm",
											"from": [ 0.0, 0.011, 6.6 ], 
											"to": [ 2.75, 0.429, 14.3 ], 
											"unwrapMode": 6,
											"autoUnwrap": false,
											"uv": [ 4.0, 6.5 ],
											"rotationOrigin": [ 0.0, 0.429, 6.6 ],
											"rotationY": -30.0,
											"faces": {
												"north": { "texture": "#null", "uv": [ 0.0, 0.0, 2.5, 0.5 ], "enabled": false },
												"east": { "texture": "#skin", "uv": [ 31.0, 52.0, 31.5, 59.0 ], "rotation": 90 },
												"south": { "texture": "#skin", "uv": [ 28.5, 59.0, 31.0, 59.5 ], "rotation": 180, "windMode": [-1,-1,-1,-1] },
												"west": { "texture": "#skin", "uv": [ 28.0, 52.0, 28.5, 59.0 ], "rotation": 270, "windMode": [-1,-1,-1,-1] },
												"up": { "texture": "#bottom", "uv": [ 5.5, 6.5, 8.0, 13.5 ], "windMode": [-1,-1,-1,-1] },
												"down": { "texture": "#skin", "uv": [ 28.5, 52.0, 31.0, 59.0 ], "windMode": [-1,-1,-1,-1] }
											},
											"children": [
												{
													"name": "RArmLower",
													"from": [ 2.2, 0.011, -1.32 ], 
													"to": [ 4.4, 0.407, 6.38 ], 
													"unwrapMode": 5,
													"autoUnwrap": false,
													"uv": [ 4.5, 6.5 ],
													"rotationOrigin": [ 4.4, 0.407, -1.32 ],
													"rotationY": -10.0,
													"faces": {
														"north": { "texture": "#null", "uv": [ 0.0, 0.0, 2.0, 0.5 ], "enabled": false },
														"east": { "texture": "#skin", "uv": [ 25.5, 52.0, 26.0, 59.0 ], "rotation": 90, "windMode": [-1,-1,-1,-1] },
														"south": { "texture": "#skin", "uv": [ 26.0, 59.0, 28.0, 59.5 ], "windMode": [-1,-1,-1,-1] },
														"west": { "texture": "#null", "uv": [ 0.0, 0.0, 7.0, 0.5 ], "enabled": false },
														"up": { "texture": "#bottom", "uv": [ 4.5, 6.5, 6.5, 13.5 ], "windMode": [-1,-1,-1,-1] },
														"down": { "texture": "#skin", "uv": [ 26.0, 52.0, 28.0, 59.0 ], "windMode": [-1,-1,-1,-1] }
													}
												}
											]
										}
									]
								},
								{
									"name": "PeltAbdomen",
									"from": [ 14.19, 0.011, 0.935 ], 
									"to": [ 30.14, 0.451, 9.735 ], 
									"unwrapMode": 5,
									"autoUnwrap": false,
									"uv": [ -11.0, 10.0 ],
									"rotationOrigin": [ 14.19, 0.011, 0.935 ],
									"faces": {
										"north": { "texture": "#skin", "uv": [ 30.5, 38.0, 45.0, 38.5 ], "windMode": [-1,-1,-1,-1] },
										"east": { "texture": "#skin", "uv": [ 22.5, 38.0, 30.5, 38.5 ], "windMode": [-1,-1,-1,-1] },
										"south": { "texture": "#skin", "uv": [ 8.0, 38.0, 22.5, 38.5 ], "windMode": [-1,-1,-1,-1] },
										"west": { "texture": "#null", "uv": [ 0.0, 0.0, 8.0, 0.5 ], "enabled": false, "windMode": [-1,-1,-1,-1] },
										"up": { "texture": "#skin", "uv": [ 8.0, 30.0, 22.5, 38.0 ], "windMode": [-1,-1,-1,-1] },
										"down": { "texture": "#bottom", "uv": [ 1.0, 4.0, 15.5, 12.0 ], "windMode": [-1,-1,-1,-1] }
									},
									"children": [
										{
											"name": "LAbdomen",
											"from": [ 0.0, 0.011, 7.92 ], 
											"to": [ 15.95, 0.429, 17.27 ], 
											"unwrapMode": 5,
											"autoUnwrap": false,
											"uv": [ -5.0, 7.5 ],
											"rotationOrigin": [ 0.0, 0.011, 7.92 ],
											"rotationY": -3.0,
											"faces": {
												"north": { "texture": "#null", "uv": [ 0.0, 0.0, 14.5, 0.5 ], "enabled": false },
												"east": { "texture": "#skin", "uv": [ 22.0, 38.5, 22.5, 47.0 ], "rotation": 90 },
												"south": { "texture": "#skin", "uv": [ 8.0, 47.0, 22.5, 47.5 ], "windMode": [-1,-1,-1,-1] },
												"west": { "texture": "#skin", "uv": [ 8.0, 38.5, 8.5, 47.0 ], "rotation": 90, "windMode": [-1,-1,-1,-1] },
												"up": { "texture": "#skin", "uv": [ 8.0, 38.5, 22.5, 47.0 ], "windMode": [-1,-1,-1,-1] },
												"down": { "texture": "#bottom", "uv": [ 2.0, 5.5, 16.5, 14.0 ], "windMode": [-1,-1,-1,-1] }
											},
											"children": [
												{
													"name": "LLeg",
													"from": [ 13.31, 0.011, 9.35 ], 
													"to": [ 15.51, 0.407, 15.95 ], 
													"unwrapMode": 5,
													"autoUnwrap": false,
													"uv": [ 0.0, 5.5 ],
													"rotationOrigin": [ 13.31, 0.011, 9.35 ],
													"rotationY": 72.0,
													"faces": {
														"north": { "texture": "#null", "uv": [ 0.0, 0.0, 2.0, 0.5 ], "enabled": false },
														"east": { "texture": "#skin", "uv": [ 76.0, 41.0, 76.5, 47.0 ], "rotation": 90, "windMode": [-1,-1,-1,-1] },
														"south": { "texture": "#skin", "uv": [ 74.5, 47.0, 76.5, 47.5 ], "windMode": [-1,-1,-1,-1] },
														"west": { "texture": "#skin", "uv": [ 73.5, 41.0, 74.0, 47.0 ], "rotation": 270, "windMode": [-1,-1,-1,-1] },
														"up": { "texture": "#skin", "uv": [ 74.0, 41.0, 76.0, 47.0 ], "windMode": [-1,-1,-1,-1] },
														"down": { "texture": "#bottom", "uv": [ 2.0, 5.5, 4.0, 11.5 ], "windMode": [-1,-1,-1,-1] }
													},
													"children": [
														{
															"name": "LLegEnd",
															"from": [ 0.0, -0.011, 4.4 ], 
															"to": [ 3.3, 0.407, 7.7 ], 
															"unwrapMode": 5,
															"autoUnwrap": false,
															"uv": [ -2.0, 7.5 ],
															"rotationOrigin": [ 1.1, -0.011, 4.4 ],
															"rotationY": -14.0,
															"faces": {
																"north": { "texture": "#skin", "uv": [ 74.0, 46.5, 77.0, 47.0 ], "rotation": 180 },
																"east": { "texture": "#skin", "uv": [ 77.0, 46.5, 77.5, 49.5 ], "rotation": 90, "windMode": [-1,-1,-1,-1] },
																"south": { "texture": "#skin", "uv": [ 74.0, 49.0, 77.0, 49.5 ], "windMode": [-1,-1,-1,-1] },
																"west": { "texture": "#skin", "uv": [ 74.0, 46.5, 74.5, 49.5 ], "rotation": 270, "windMode": [-1,-1,-1,-1] },
																"up": { "texture": "#skin", "uv": [ 74.0, 46.0, 77.0, 49.0 ], "windMode": [-1,-1,-1,-1] },
																"down": { "texture": "#bottom", "uv": [ 0.0, 8.0, 3.0, 11.0 ], "windMode": [-1,-1,-1,-1] }
															}
														}
													]
												},
												{
													"name": "LLegLower",
													"from": [ 13.2, 0.022, 4.4 ], 
													"to": [ 15.95, 0.396, 10.45 ], 
													"unwrapMode": 5,
													"autoUnwrap": false,
													"uv": [ 0.5, 6.0 ],
													"rotationOrigin": [ 15.95, 0.022, 4.4 ],
													"rotationY": 45.0,
													"faces": {
														"north": { "texture": "#null", "uv": [ 0.0, 0.0, 2.5, 0.5 ], "enabled": false },
														"east": { "texture": "#skin", "uv": [ 77.5, 41.0, 78.0, 46.5 ], "rotation": 90 },
														"south": { "texture": "#null", "uv": [ 0.0, 0.0, 2.5, 0.5 ], "enabled": false, "windMode": [-1,-1,-1,-1] },
														"west": { "texture": "#null", "uv": [ 0.0, 0.0, 5.5, 0.5 ], "enabled": false },
														"up": { "texture": "#skin", "uv": [ 75.0, 41.0, 77.5, 46.5 ], "windMode": [-1,-1,-1,-1] },
														"down": { "texture": "#bottom", "uv": [ 1.5, 6.0, 4.0, 11.5 ], "windMode": [-1,-1,-1,-1] }
													}
												}
											]
										},
										{
											"name": "RAbdomen",
											"from": [ 0.0, -0.407, 0.88 ], 
											"to": [ 15.95, 0.011, 10.23 ], 
											"unwrapMode": 5,
											"autoUnwrap": false,
											"uv": [ -0.5, 4.5 ],
											"rotationOrigin": [ 0.0, 0.011, 0.88 ],
											"rotationX": 180.0,
											"rotationY": -3.0,
											"faces": {
												"north": { "texture": "#null", "uv": [ 0.0, 0.0, 14.5, 0.5 ], "enabled": false },
												"east": { "texture": "#skin", "uv": [ 30.5, 38.5, 31.0, 47.0 ], "rotation": 90 },
												"south": { "texture": "#skin", "uv": [ 30.5, 47.0, 45.0, 47.5 ], "windMode": [-1,-1,-1,-1] },
												"west": { "texture": "#skin", "uv": [ 44.5, 38.5, 45.0, 47.0 ], "rotation": 90, "windMode": [-1,-1,-1,-1] },
												"up": { "texture": "#bottom", "uv": [ 1.0, 0.0, 15.5, 8.5 ], "windMode": [-1,-1,-1,-1] },
												"down": { "texture": "#skin", "uv": [ 30.5, 38.5, 45.0, 47.0 ], "windMode": [-1,-1,-1,-1] }
											},
											"children": [
												{
													"name": "RLeg",
													"from": [ 13.31, 0.011, 9.35 ], 
													"to": [ 15.51, 0.407, 15.95 ], 
													"unwrapMode": 5,
													"autoUnwrap": false,
													"uv": [ -0.5, 4.5 ],
													"rotationOrigin": [ 13.31, 0.407, 9.35 ],
													"rotationY": 72.0,
													"faces": {
														"north": { "texture": "#null", "uv": [ 0.0, 0.0, 2.0, 0.5 ], "enabled": false },
														"east": { "texture": "#skin", "uv": [ 82.0, 32.5, 82.5, 38.5 ], "rotation": 90 },
														"south": { "texture": "#skin", "uv": [ 83.0, 38.5, 85.0, 39.0 ], "windMode": [-1,-1,-1,-1] },
														"west": { "texture": "#skin", "uv": [ 84.5, 32.5, 85.0, 38.5 ], "rotation": 270, "windMode": [-1,-1,-1,-1] },
														"up": { "texture": "#bottom", "uv": [ 0.5, 4.5, 2.5, 10.5 ], "windMode": [-1,-1,-1,-1] },
														"down": { "texture": "#skin", "uv": [ 82.5, 32.5, 84.5, 38.5 ], "windMode": [-1,-1,-1,-1] }
													},
													"children": [
														{
															"name": "RLegEnd",
															"from": [ 0.0, -0.011, 4.4 ], 
															"to": [ 3.3, 0.407, 7.7 ], 
															"unwrapMode": 5,
															"autoUnwrap": false,
															"uv": [ -0.5, 7.5 ],
															"rotationOrigin": [ 1.1, 0.418, 4.4 ],
															"rotationY": -14.0,
															"faces": {
																"north": { "texture": "#skin", "uv": [ 82.5, 38.5, 85.5, 39.0 ], "rotation": 180 },
																"east": { "texture": "#skin", "uv": [ 82.0, 37.0, 82.5, 40.0 ], "rotation": 90, "windMode": [-1,-1,-1,-1] },
																"south": { "texture": "#skin", "uv": [ 82.5, 40.0, 85.5, 40.5 ], "windMode": [-1,-1,-1,-1] },
																"west": { "texture": "#skin", "uv": [ 85.0, 37.0, 85.5, 40.0 ], "rotation": 270, "windMode": [-1,-1,-1,-1] },
																"up": { "texture": "#bottom", "uv": [ 0.0, 8.0, 3.0, 11.0 ], "windMode": [-1,-1,-1,-1] },
																"down": { "texture": "#skin", "uv": [ 82.5, 37.0, 85.5, 40.0 ], "windMode": [-1,-1,-1,-1] }
															}
														}
													]
												},
												{
													"name": "RLegLower",
													"from": [ 13.2, 0.022, 4.4 ], 
													"to": [ 15.95, 0.396, 10.45 ], 
													"unwrapMode": 5,
													"autoUnwrap": false,
													"uv": [ 14.0, 4.5 ],
													"rotationOrigin": [ 15.95, 0.396, 4.4 ],
													"rotationY": 45.0,
													"faces": {
														"north": { "texture": "#null", "uv": [ 0.0, 0.0, 2.5, 0.5 ], "enabled": false },
														"east": { "texture": "#skin", "uv": [ 88.0, 32.5, 88.5, 38.0 ], "rotation": 90, "windMode": [-1,-1,-1,-1] },
														"south": { "texture": "#null", "uv": [ 0.0, 0.0, 2.5, 0.5 ], "enabled": false, "windMode": [-1,-1,-1,-1] },
														"west": { "texture": "#null", "uv": [ 0.0, 0.0, 5.5, 0.5 ], "enabled": false },
														"up": { "texture": "#bottom", "uv": [ 14.0, 4.5, 16.5, 10.0 ], "windMode": [-1,-1,-1,-1] },
														"down": { "texture": "#skin", "uv": [ 88.5, 32.5, 91.0, 38.0 ], "windMode": [-1,-1,-1,-1] }
													}
												}
											]
										},
										{
											"name": "PeltTail",
											"from": [ 15.84, 0.011, 3.41 ], 
											"to": [ 17.6, 0.429, 5.5 ], 
											"autoUnwrap": false,
											"uv": [ 0.0, 0.0 ],
											"rotationOrigin": [ 15.84, 0.011, 3.41 ],
											"faces": {
												"north": { "texture": "#skin", "uv": [ 48.5, 16.5, 50.0, 17.0 ] },
												"east": { "texture": "#skin", "uv": [ 47.0, 16.5, 48.5, 17.0 ], "windMode": [-1,-1,-1,-1] },
												"south": { "texture": "#skin", "uv": [ 45.5, 16.5, 47.0, 17.0 ], "windMode": [-1,-1,-1,-1] },
												"west": { "texture": "#skin", "uv": [ 44.0, 16.5, 45.5, 17.0 ], "windMode": [-1,-1,-1,-1] },
												"up": { "texture": "#skin", "uv": [ 45.5, 15.0, 47.0, 16.5 ], "windMode": [-1,-1,-1,-1] },
												"down": { "texture": "#skin", "uv": [ 45.5, 18.0, 47.0, 19.5 ], "windMode": [-1,-1,-1,-1] }
											},
											"children": [
												{
													"name": "PeltTailEnd",
													"from": [ 1.76, -0.011, 0.165 ], 
													"to": [ 3.52, 0.418, 1.925 ], 
													"autoUnwrap": false,
													"uv": [ 0.0, 0.0 ],
													"rotationOrigin": [ 1.76, -0.011, 0.165 ],
													"faces": {
														"north": { "texture": "#skin", "uv": [ 48.0, 21.0, 49.5, 21.5 ], "windMode": [-1,-1,-1,-1] },
														"east": { "texture": "#skin", "uv": [ 46.5, 21.0, 48.0, 21.5 ], "windMode": [-1,-1,-1,-1] },
														"south": { "texture": "#skin", "uv": [ 45.0, 21.0, 46.5, 21.5 ], "rotation": 180, "windMode": [-1,-1,-1,-1] },
														"west": { "texture": "#skin", "uv": [ 46.5, 21.0, 48.0, 21.5 ], "windMode": [-1,-1,-1,-1] },
														"up": { "texture": "#skin", "uv": [ 45.0, 19.5, 46.5, 21.0 ], "windMode": [-1,-1,-1,-1] },
														"down": { "texture": "#skin", "uv": [ 45.0, 22.5, 46.5, 24.0 ], "rotation": 90, "windMode": [-1,-1,-1,-1] }
													}
												}
											]
										}
									]
								},
								{
									"name": "LNeck",
									"from": [ -5.5, 0.022, 5.39 ], 
									"to": [ 0.0, 0.44, 13.09 ], 
									"unwrapMode": 5,
									"autoUnwrap": false,
									"uv": [ 5.0, 11.5 ],
									"rotationOrigin": [ 0.0, 0.022, 5.39 ],
									"rotationY": 22.0,
									"faces": {
										"north": { "texture": "#skin", "uv": [ 47.0, 29.0, 52.0, 29.5 ], "rotation": 180 },
										"east": { "texture": "#skin", "uv": [ 0.0, 0.0, 7.0, 0.5 ], "enabled": false, "windMode": [-1,-1,-1,-1] },
										"south": { "texture": "#skin", "uv": [ 47.0, 36.5, 52.0, 37.0 ], "windMode": [-1,-1,-1,-1] },
										"west": { "texture": "#skin", "uv": [ 46.5, 29.5, 47.0, 36.5 ], "rotation": 270, "windMode": [-1,-1,-1,-1] },
										"up": { "texture": "#skin", "uv": [ 47.0, 29.5, 52.0, 36.5 ], "windMode": [-1,-1,-1,-1] },
										"down": { "texture": "#bottom", "uv": [ 6.0, 6.5, 11.0, 13.5 ], "windMode": [-1,-1,-1,-1] }
									}
								},
								{
									"name": "RNeck",
									"from": [ -5.5, -0.396, 5.28 ], 
									"to": [ 0.0, 0.022, 12.98 ], 
									"unwrapMode": 6,
									"autoUnwrap": false,
									"uv": [ 8.0, 11.5 ],
									"rotationOrigin": [ 0.0, 0.022, 5.28 ],
									"rotationX": 180.0,
									"rotationY": 22.0,
									"faces": {
										"north": { "texture": "#skin", "uv": [ 52.0, 29.0, 57.0, 29.5 ] },
										"east": { "texture": "#null", "uv": [ 0.0, 0.0, 7.0, 0.5 ], "enabled": false, "windMode": [-1,-1,-1,-1] },
										"south": { "texture": "#skin", "uv": [ 52.0, 36.5, 57.0, 37.0 ], "rotation": 180, "windMode": [-1,-1,-1,-1] },
										"west": { "texture": "#skin", "uv": [ 57.0, 29.5, 57.5, 36.5 ], "rotation": 270, "windMode": [-1,-1,-1,-1] },
										"up": { "texture": "#bottom", "uv": [ 6.5, 6.5, 11.5, 13.5 ], "windMode": [-1,-1,-1,-1] },
										"down": { "texture": "#skin", "uv": [ 52.0, 29.5, 57.0, 36.5 ], "windMode": [-1,-1,-1,-1] }
									}
								}
							]
						}
					]
				}
			]
		}
	]}