{
	"editor": {
		"allAngles": true,
		"entityTextureMode": true
	},
	"textureWidth": 32,
	"textureHeight": 32,
	"textureSizes": {
		"bottom": [16,16],
		"skin": [32,32]
	},
	"textures": {
	},
	"elements": [
		{
			"name": "Rotation Point",
			"from": [ 0.0, 0.0, 0.0 ], 
			"to": [ 0.0, 0.0, 0.0 ], 
			"uv": [ 0.0, 0.0 ],
			"faces": {
				"north": { "texture": "#null", "uv": [ 0.0, 0.5, 0.5, 1.0 ], "enabled": false },
				"east": { "texture": "#null", "uv": [ 0.5, 0.5, 1.0, 1.0 ], "enabled": false },
				"south": { "texture": "#null", "uv": [ 1.0, 0.5, 1.5, 1.0 ], "enabled": false },
				"west": { "texture": "#null", "uv": [ 1.5, 0.5, 2.0, 1.0 ], "enabled": false },
				"up": { "texture": "#null", "uv": [ 0.0, 0.0, 0.5, 0.5 ], "enabled": false },
				"down": { "texture": "#null", "uv": [ 0.5, 0.0, 1.0, 0.5 ], "enabled": false }
			},
			"children": [
				{
					"name": "Base",
					"from": [ 6.5, 0.0, 8.0 ], 
					"to": [ 6.5, 0.0, 8.0 ], 
					"uv": [ 0.0, 0.0 ],
					"rotationOrigin": [ 6.5, 0.0, 8.0 ],
					"faces": {
						"north": { "texture": "#null", "uv": [ 0.0, 0.5, 0.5, 1.0 ], "enabled": false },
						"east": { "texture": "#null", "uv": [ 0.5, 0.5, 1.0, 1.0 ], "enabled": false },
						"south": { "texture": "#null", "uv": [ 1.0, 0.5, 1.5, 1.0 ], "enabled": false },
						"west": { "texture": "#null", "uv": [ 1.5, 0.5, 2.0, 1.0 ], "enabled": false },
						"up": { "texture": "#null", "uv": [ 0.0, 0.0, 0.5, 0.5 ], "enabled": false },
						"down": { "texture": "#null", "uv": [ 0.5, 0.0, 1.0, 0.5 ], "enabled": false }
					},
					"children": [
						{
							"name": "PeltBody",
							"from": [ 0.0, 0.0, -0.64 ], 
							"to": [ 1.44, 0.168, 0.64 ], 
							"unwrapMode": 5,
							"autoUnwrap": false,
							"uv": [ -10.0, 9.5 ],
							"rotationOrigin": [ 0.0, 0.0, -0.64 ],
							"faces": {
								"north": { "texture": "#skin", "uv": [ 3.5, 4.0, 4.0, 7.5 ], "rotation": 90, "windMode": [-1,-1,-1,-1] },
								"east": { "texture": "#skin", "uv": [ 4.0, 3.5, 7.0, 4.0 ], "rotation": 180, "windMode": [-1,-1,-1,-1] },
								"south": { "texture": "#skin", "uv": [ 7.0, 4.0, 7.5, 7.5 ], "rotation": 90, "windMode": [-1,-1,-1,-1] },
								"west": { "texture": "#skin", "uv": [ 4.0, 7.5, 7.0, 8.0 ], "rotation": 180, "windMode": [-1,-1,-1,-1] },
								"up": { "texture": "#skin", "uv": [ 4.0, 4.0, 7.0, 7.5 ], "rotation": 90, "windMode": [-1,-1,-1,-1] },
								"down": { "texture": "#bottom", "uv": [ 0.0, 10.0, 3.5, 13.0 ], "windMode": [-1,-1,-1,-1] }
							},
							"children": [
								{
									"name": "LBody",
									"from": [ 0.0, 0.004, 1.08 ], 
									"to": [ 1.44, 0.164, 1.96 ], 
									"unwrapMode": 5,
									"autoUnwrap": false,
									"uv": [ -3.0, 4.5 ],
									"rotationOrigin": [ 0.0, -0.004, 1.08 ],
									"rotationY": -3.0,
									"faces": {
										"north": { "texture": "#null", "uv": [ 0.0, 2.0, 3.5, 2.5 ], "enabled": false },
										"east": { "texture": "#skin", "uv": [ 7.5, 4.0, 9.5, 4.5 ], "windMode": [-1,-1,-1,-1] },
										"south": { "texture": "#skin", "uv": [ 9.5, 4.0, 10.0, 7.5 ], "rotation": 90, "windMode": [-1,-1,-1,-1] },
										"west": { "texture": "#skin", "uv": [ 7.5, 7.0, 9.5, 7.5 ], "rotation": 180, "windMode": [-1,-1,-1,-1] },
										"up": { "texture": "#skin", "uv": [ 7.5, 4.0, 9.5, 7.5 ], "rotation": 90, "windMode": [-1,-1,-1,-1] },
										"down": { "texture": "#bottom", "uv": [ 2.5, 4.5, 6.0, 6.5 ] }
									},
									"children": [
										{
											"name": "LArm",
											"from": [ 0.0, 0.004, 0.6 ], 
											"to": [ 0.2, 0.156, 1.4 ], 
											"unwrapMode": 5,
											"autoUnwrap": false,
											"uv": [ 13.0, 12.5 ],
											"rotationOrigin": [ 0.0, 0.004, 0.6 ],
											"rotationY": -30.0,
											"faces": {
												"north": { "texture": "#null", "uv": [ 0.0, 2.0, 0.5, 2.5 ], "enabled": false },
												"east": { "texture": "#skin", "uv": [ 21.0, 14.5, 21.5, 16.5 ], "rotation": 90 },
												"south": { "texture": "#skin", "uv": [ 20.5, 16.5, 21.0, 17.0 ], "windMode": [-1,-1,-1,-1] },
												"west": { "texture": "#skin", "uv": [ 20.0, 14.5, 20.5, 16.5 ], "rotation": 270, "windMode": [-1,-1,-1,-1] },
												"up": { "texture": "#skin", "uv": [ 20.5, 14.5, 21.0, 16.5 ], "windMode": [-1,-1,-1,-1] },
												"down": { "texture": "#bottom", "uv": [ 14.5, 12.5, 15.0, 14.5 ], "windMode": [-1,-1,-1,-1] }
											},
											"children": [
												{
													"name": "LArmLower",
													"from": [ 0.2, 0.004, 0.0 ], 
													"to": [ 0.4, 0.148, 0.8 ], 
													"unwrapMode": 5,
													"autoUnwrap": false,
													"uv": [ 13.0, 11.5 ],
													"rotationOrigin": [ 0.6, 0.004, 0.0 ],
													"rotationY": -10.0,
													"faces": {
														"north": { "texture": "#null", "uv": [ 0.0, 2.0, 0.5, 2.5 ], "enabled": false },
														"east": { "texture": "#skin", "uv": [ 22.0, 14.5, 22.5, 16.5 ], "rotation": 90 },
														"south": { "texture": "#skin", "uv": [ 21.5, 16.5, 22.0, 17.0 ], "windMode": [-1,-1,-1,-1] },
														"west": { "texture": "#null", "uv": [ 3.0, 2.0, 5.0, 2.5 ], "enabled": false },
														"up": { "texture": "#skin", "uv": [ 21.5, 14.5, 22.0, 16.5 ], "windMode": [-1,-1,-1,-1] },
														"down": { "texture": "#bottom", "uv": [ 14.0, 11.5, 14.5, 13.5 ], "windMode": [-1,-1,-1,-1] }
													}
												}
											]
										}
									]
								},
								{
									"name": "RBody",
									"from": [ 0.0, -0.164, 0.2 ], 
									"to": [ 1.44, -0.004, 1.08 ], 
									"unwrapMode": 6,
									"autoUnwrap": false,
									"uv": [ -3.0, 8.0 ],
									"rotationOrigin": [ 0.0, 0.0, 0.2 ],
									"rotationX": 180.0,
									"rotationY": -3.0,
									"faces": {
										"north": { "texture": "#null", "uv": [ 0.0, 2.0, 3.5, 2.5 ], "enabled": false },
										"east": { "texture": "#skin", "uv": [ 1.5, 4.0, 3.5, 4.5 ] },
										"south": { "texture": "#skin", "uv": [ 1.0, 4.0, 1.5, 7.5 ], "rotation": 90, "windMode": [-1,-1,-1,-1] },
										"west": { "texture": "#skin", "uv": [ 1.5, 7.0, 3.5, 7.5 ], "rotation": 180, "windMode": [-1,-1,-1,-1] },
										"up": { "texture": "#bottom", "uv": [ 2.5, 8.0, 6.0, 10.0 ], "windMode": [-1,-1,-1,-1] },
										"down": { "texture": "#skin", "uv": [ 1.5, 4.0, 3.5, 7.5 ], "rotation": 270, "windMode": [-1,-1,-1,-1] }
									},
									"children": [
										{
											"name": "RArm",
											"from": [ 0.0, 0.004, 0.6 ], 
											"to": [ 0.2, 0.156, 1.4 ], 
											"unwrapMode": 6,
											"autoUnwrap": false,
											"uv": [ 4.0, 6.5 ],
											"rotationOrigin": [ 0.0, 0.156, 0.6 ],
											"rotationY": -30.0,
											"faces": {
												"north": { "texture": "#null", "uv": [ 0.0, 2.0, 0.5, 2.5 ], "enabled": false },
												"east": { "texture": "#skin", "uv": [ 25.0, 14.5, 25.5, 16.5 ], "rotation": 90 },
												"south": { "texture": "#skin", "uv": [ 25.5, 16.5, 26.0, 17.0 ], "rotation": 180, "windMode": [-1,-1,-1,-1] },
												"west": { "texture": "#skin", "uv": [ 26.0, 14.5, 26.5, 16.5 ], "rotation": 270, "windMode": [-1,-1,-1,-1] },
												"up": { "texture": "#bottom", "uv": [ 5.5, 6.5, 6.0, 8.5 ], "windMode": [-1,-1,-1,-1] },
												"down": { "texture": "#skin", "uv": [ 25.5, 14.5, 26.0, 16.5 ], "windMode": [-1,-1,-1,-1] }
											},
											"children": [
												{
													"name": "RArmLower",
													"from": [ 0.2, 0.004, 0.0 ], 
													"to": [ 0.4, 0.148, 0.8 ], 
													"unwrapMode": 5,
													"autoUnwrap": false,
													"uv": [ 4.5, 6.5 ],
													"rotationOrigin": [ 0.6, 0.148, 0.0 ],
													"rotationY": -10.0,
													"faces": {
														"north": { "texture": "#null", "uv": [ 0.0, 2.0, 0.5, 2.5 ], "enabled": false },
														"east": { "texture": "#skin", "uv": [ 27.0, 14.5, 27.5, 16.5 ], "rotation": 90, "windMode": [-1,-1,-1,-1] },
														"south": { "texture": "#skin", "uv": [ 26.5, 16.5, 27.0, 17.0 ], "windMode": [-1,-1,-1,-1] },
														"west": { "texture": "#null", "uv": [ 3.0, 2.0, 5.0, 2.5 ], "enabled": false },
														"up": { "texture": "#bottom", "uv": [ 4.5, 6.5, 5.0, 8.5 ], "windMode": [-1,-1,-1,-1] },
														"down": { "texture": "#skin", "uv": [ 26.5, 14.5, 27.0, 16.5 ], "windMode": [-1,-1,-1,-1] }
													}
												}
											]
										}
									]
								},
								{
									"name": "PeltAbdomen",
									"from": [ 1.44, 0.004, 0.04 ], 
									"to": [ 3.6, 0.164, 1.24 ], 
									"unwrapMode": 5,
									"autoUnwrap": false,
									"uv": [ -11.0, 10.0 ],
									"rotationOrigin": [ 1.44, 0.004, 0.02 ],
									"faces": {
										"north": { "texture": "#skin", "uv": [ 3.0, 18.0, 3.5, 23.0 ], "rotation": 90 },
										"east": { "texture": "#skin", "uv": [ 3.5, 17.5, 6.5, 18.0 ], "windMode": [-1,-1,-1,-1] },
										"south": { "texture": "#skin", "uv": [ 6.5, 18.0, 7.0, 23.0 ], "rotation": 90, "windMode": [-1,-1,-1,-1] },
										"west": { "texture": "#null", "uv": [ 9.0, 3.0, 12.0, 3.5 ], "enabled": false, "windMode": [-1,-1,-1,-1] },
										"up": { "texture": "#skin", "uv": [ 3.5, 18.0, 6.5, 23.0 ], "rotation": 90, "windMode": [-1,-1,-1,-1] },
										"down": { "texture": "#bottom", "uv": [ 0.0, 10.5, 5.0, 13.5 ] }
									},
									"children": [
										{
											"name": "LAbdomen",
											"from": [ 0.0, 0.004, 1.08 ], 
											"to": [ 2.16, 0.156, 1.96 ], 
											"unwrapMode": 5,
											"autoUnwrap": false,
											"uv": [ -5.0, 7.5 ],
											"rotationOrigin": [ 0.0, 0.004, 1.08 ],
											"rotationY": -3.0,
											"faces": {
												"north": { "texture": "#null", "uv": [ 0.0, 2.0, 5.0, 2.5 ], "enabled": false },
												"east": { "texture": "#skin", "uv": [ 7.0, 18.0, 9.0, 18.5 ] },
												"south": { "texture": "#skin", "uv": [ 9.0, 18.0, 9.5, 23.0 ], "rotation": 90, "windMode": [-1,-1,-1,-1] },
												"west": { "texture": "#skin", "uv": [ 7.0, 22.5, 9.0, 23.0 ], "rotation": 180, "windMode": [-1,-1,-1,-1] },
												"up": { "texture": "#skin", "uv": [ 7.0, 18.0, 9.0, 23.0 ], "rotation": 90, "windMode": [-1,-1,-1,-1] },
												"down": { "texture": "#bottom", "uv": [ 6.0, 8.0, 11.0, 10.0 ], "windMode": [-1,-1,-1,-1] }
											},
											"children": [
												{
													"name": "LLeg",
													"from": [ 1.6, 0.004, 0.88 ], 
													"to": [ 2.0, 0.148, 1.68 ], 
													"unwrapMode": 5,
													"autoUnwrap": false,
													"uv": [ 0.0, 5.5 ],
													"rotationOrigin": [ 1.6, 0.004, 0.88 ],
													"rotationY": 72.0,
													"faces": {
														"north": { "texture": "#null", "uv": [ 0.0, 2.0, 1.0, 2.5 ], "enabled": false },
														"east": { "texture": "#skin", "uv": [ 18.5, 8.5, 19.0, 10.5 ], "rotation": 90 },
														"south": { "texture": "#skin", "uv": [ 17.5, 10.5, 18.5, 11.0 ], "windMode": [-1,-1,-1,-1] },
														"west": { "texture": "#skin", "uv": [ 17.0, 8.5, 17.5, 10.5 ], "rotation": 270, "windMode": [-1,-1,-1,-1] },
														"up": { "texture": "#skin", "uv": [ 17.5, 8.5, 18.5, 10.5 ], "windMode": [-1,-1,-1,-1] },
														"down": { "texture": "#bottom", "uv": [ 2.0, 5.5, 3.0, 7.5 ], "windMode": [-1,-1,-1,-1] }
													},
													"children": [
														{
															"name": "LLegEnd",
															"from": [ 0.0, -0.004, 0.8 ], 
															"to": [ 0.4, 0.148, 1.2 ], 
															"unwrapMode": 5,
															"autoUnwrap": false,
															"uv": [ -2.0, 7.5 ],
															"rotationOrigin": [ 0.4, -0.004, 0.8 ],
															"rotationY": -14.0,
															"faces": {
																"north": { "texture": "#skin", "uv": [ 17.5, 10.5, 18.5, 11.0 ], "rotation": 180 },
																"east": { "texture": "#skin", "uv": [ 17.0, 11.0, 17.5, 12.0 ], "rotation": 90, "windMode": [-1,-1,-1,-1] },
																"south": { "texture": "#skin", "uv": [ 17.5, 12.0, 18.5, 12.5 ], "windMode": [-1,-1,-1,-1] },
																"west": { "texture": "#skin", "uv": [ 18.5, 11.0, 19.0, 12.0 ], "rotation": 270, "windMode": [-1,-1,-1,-1] },
																"up": { "texture": "#skin", "uv": [ 17.5, 11.0, 18.5, 12.0 ], "windMode": [-1,-1,-1,-1] },
																"down": { "texture": "#bottom", "uv": [ 0.0, 8.0, 1.0, 9.0 ], "windMode": [-1,-1,-1,-1] }
															}
														}
													]
												},
												{
													"name": "LLegLower",
													"from": [ 1.8, 0.008, -0.12 ], 
													"to": [ 2.0, 0.144, 0.88 ], 
													"unwrapMode": 5,
													"autoUnwrap": false,
													"uv": [ 0.5, 6.0 ],
													"rotationOrigin": [ 2.0, 0.008, -0.12 ],
													"rotationY": 26.0,
													"faces": {
														"north": { "texture": "#null", "uv": [ 0.0, 2.5, 0.5, 3.0 ], "enabled": false },
														"east": { "texture": "#skin", "uv": [ 19.5, 8.5, 20.0, 11.0 ], "rotation": 90 },
														"south": { "texture": "#null", "uv": [ 3.0, 2.5, 3.5, 3.0 ], "enabled": false },
														"west": { "texture": "#null", "uv": [ 3.5, 2.5, 6.0, 3.0 ], "enabled": false },
														"up": { "texture": "#skin", "uv": [ 19.0, 8.5, 19.5, 11.0 ], "windMode": [-1,-1,-1,-1] },
														"down": { "texture": "#bottom", "uv": [ 1.5, 6.0, 2.0, 8.5 ], "windMode": [-1,-1,-1,-1] }
													}
												}
											]
										},
										{
											"name": "RAbdomen",
											"from": [ 0.0, -0.148, 0.12 ], 
											"to": [ 2.16, 0.004, 1.0 ], 
											"unwrapMode": 5,
											"autoUnwrap": false,
											"uv": [ -0.5, 4.5 ],
											"rotationOrigin": [ 0.0, 0.004, 0.12 ],
											"rotationX": 180.0,
											"rotationY": -3.0,
											"faces": {
												"north": { "texture": "#null", "uv": [ 0.0, 2.0, 5.0, 2.5 ], "enabled": false },
												"east": { "texture": "#skin", "uv": [ 1.0, 18.0, 3.0, 18.5 ] },
												"south": { "texture": "#skin", "uv": [ 0.5, 18.0, 1.0, 23.0 ], "rotation": 90, "windMode": [-1,-1,-1,-1] },
												"west": { "texture": "#skin", "uv": [ 1.0, 22.5, 3.0, 23.0 ], "rotation": 180, "windMode": [-1,-1,-1,-1] },
												"up": { "texture": "#bottom", "uv": [ 0.0, 4.5, 5.0, 6.5 ], "windMode": [-1,-1,-1,-1] },
												"down": { "texture": "#skin", "uv": [ 1.0, 18.0, 3.0, 23.0 ], "rotation": 270, "windMode": [-1,-1,-1,-1] }
											},
											"children": [
												{
													"name": "RLeg",
													"from": [ 1.6, 0.004, 0.88 ], 
													"to": [ 2.0, 0.148, 1.68 ], 
													"unwrapMode": 5,
													"autoUnwrap": false,
													"uv": [ -0.5, 4.5 ],
													"rotationOrigin": [ 1.6, 0.148, 0.88 ],
													"rotationY": 72.0,
													"faces": {
														"north": { "texture": "#null", "uv": [ 0.0, 2.0, 1.0, 2.5 ], "enabled": false },
														"east": { "texture": "#skin", "uv": [ 11.5, 8.5, 12.0, 10.5 ], "rotation": 90 },
														"south": { "texture": "#skin", "uv": [ 10.5, 10.5, 11.5, 11.0 ], "windMode": [-1,-1,-1,-1] },
														"west": { "texture": "#skin", "uv": [ 10.0, 8.5, 10.5, 10.5 ], "rotation": 270, "windMode": [-1,-1,-1,-1] },
														"up": { "texture": "#bottom", "uv": [ 0.0, 4.5, 1.0, 6.5 ], "windMode": [-1,-1,-1,-1] },
														"down": { "texture": "#skin", "uv": [ 10.5, 8.5, 11.5, 10.5 ], "windMode": [-1,-1,-1,-1] }
													},
													"children": [
														{
															"name": "RLegEnd",
															"from": [ 0.0, -0.004, 0.8 ], 
															"to": [ 0.4, 0.148, 1.2 ], 
															"unwrapMode": 5,
															"autoUnwrap": false,
															"uv": [ -0.5, 7.5 ],
															"rotationOrigin": [ 0.4, 0.152, 0.8 ],
															"rotationY": -14.0,
															"faces": {
																"north": { "texture": "#skin", "uv": [ 12.5, 10.5, 13.5, 11.0 ], "rotation": 180 },
																"east": { "texture": "#skin", "uv": [ 13.5, 11.0, 14.0, 12.0 ], "rotation": 90, "windMode": [-1,-1,-1,-1] },
																"south": { "texture": "#skin", "uv": [ 12.5, 12.0, 13.5, 12.5 ], "windMode": [-1,-1,-1,-1] },
																"west": { "texture": "#skin", "uv": [ 12.0, 11.0, 12.5, 12.0 ], "rotation": 270, "windMode": [-1,-1,-1,-1] },
																"up": { "texture": "#bottom", "uv": [ 0.0, 8.0, 1.0, 9.0 ], "windMode": [-1,-1,-1,-1] },
																"down": { "texture": "#skin", "uv": [ 12.5, 11.0, 13.5, 12.0 ], "windMode": [-1,-1,-1,-1] }
															}
														}
													]
												},
												{
													"name": "RLegLower",
													"from": [ 1.8, 0.008, -0.12 ], 
													"to": [ 2.0, 0.144, 0.88 ], 
													"unwrapMode": 5,
													"autoUnwrap": false,
													"uv": [ 14.0, 4.5 ],
													"rotationOrigin": [ 2.0, 0.144, -0.12 ],
													"rotationY": 26.0,
													"faces": {
														"north": { "texture": "#null", "uv": [ 0.0, 2.5, 0.5, 3.0 ], "enabled": false },
														"east": { "texture": "#skin", "uv": [ 9.0, 8.5, 9.5, 11.0 ], "rotation": 90, "windMode": [-1,-1,-1,-1] },
														"south": { "texture": "#null", "uv": [ 3.0, 2.5, 3.5, 3.0 ], "enabled": false },
														"west": { "texture": "#null", "uv": [ 3.5, 2.5, 6.0, 3.0 ], "enabled": false },
														"up": { "texture": "#bottom", "uv": [ 14.0, 4.5, 14.5, 7.0 ], "windMode": [-1,-1,-1,-1] },
														"down": { "texture": "#skin", "uv": [ 9.5, 8.5, 10.0, 11.0 ], "windMode": [-1,-1,-1,-1] }
													}
												}
											]
										},
										{
											"name": "PeltTail",
											"from": [ 2.16, 0.004, 0.44 ], 
											"to": [ 2.64, 0.156, 0.76 ], 
											"autoUnwrap": false,
											"uv": [ 0.0, 0.0 ],
											"rotationOrigin": [ 2.16, 0.004, 0.44 ],
											"faces": {
												"north": { "texture": "#skin", "uv": [ 10.0, 1.0, 11.0, 1.5 ] },
												"east": { "texture": "#skin", "uv": [ 9.5, 1.0, 10.0, 1.5 ], "windMode": [-1,-1,-1,-1] },
												"south": { "texture": "#skin", "uv": [ 8.5, 1.0, 9.5, 1.5 ], "windMode": [-1,-1,-1,-1] },
												"west": { "texture": "#skin", "uv": [ 8.0, 1.0, 8.5, 1.5 ], "windMode": [-1,-1,-1,-1] },
												"up": { "texture": "#skin", "uv": [ 8.5, 0.5, 9.5, 1.0 ], "windMode": [-1,-1,-1,-1] },
												"down": { "texture": "#skin", "uv": [ 8.5, 1.5, 9.5, 2.0 ], "windMode": [-1,-1,-1,-1] }
											},
											"children": [
												{
													"name": "PeltTailEnd",
													"from": [ 0.48, -0.004, 0.04 ], 
													"to": [ 0.72, 0.152, 0.28 ], 
													"autoUnwrap": false,
													"uv": [ 0.0, 0.0 ],
													"rotationOrigin": [ 0.48, -0.004, 0.04 ],
													"faces": {
														"north": { "texture": "#skin", "uv": [ 12.5, 1.0, 13.0, 1.5 ], "windMode": [-1,-1,-1,-1] },
														"east": { "texture": "#skin", "uv": [ 12.0, 1.0, 12.5, 1.5 ], "windMode": [-1,-1,-1,-1] },
														"south": { "texture": "#skin", "uv": [ 11.5, 1.0, 12.0, 1.5 ], "windMode": [-1,-1,-1,-1] },
														"west": { "texture": "#skin", "uv": [ 12.0, 1.0, 12.5, 1.5 ], "windMode": [-1,-1,-1,-1] },
														"up": { "texture": "#skin", "uv": [ 11.5, 0.5, 12.0, 1.0 ], "windMode": [-1,-1,-1,-1] },
														"down": { "texture": "#skin", "uv": [ 11.5, 1.5, 12.0, 2.0 ], "windMode": [-1,-1,-1,-1] }
													}
												}
											]
										}
									]
								},
								{
									"name": "LNeck",
									"from": [ -0.6, 0.008, 0.64 ], 
									"to": [ 0.0, 0.16, 1.44 ], 
									"unwrapMode": 5,
									"autoUnwrap": false,
									"uv": [ 5.0, 11.5 ],
									"rotationOrigin": [ 0.0, 0.008, 0.64 ],
									"rotationY": 22.0,
									"faces": {
										"north": { "texture": "#skin", "uv": [ 17.0, 1.5, 17.5, 3.0 ], "rotation": 90 },
										"east": { "texture": "#null", "uv": [ 1.5, 2.0, 3.5, 2.5 ], "enabled": false, "windMode": [-1,-1,-1,-1] },
										"south": { "texture": "#skin", "uv": [ 18.0, 5.5, 19.5, 6.0 ], "windMode": [-1,-1,-1,-1] },
										"west": { "texture": "#skin", "uv": [ 17.5, 3.5, 18.0, 5.5 ], "rotation": 270, "windMode": [-1,-1,-1,-1] },
										"up": { "texture": "#skin", "uv": [ 18.0, 3.5, 19.5, 5.5 ], "windMode": [-1,-1,-1,-1] },
										"down": { "texture": "#bottom", "uv": [ 7.0, 12.0, 8.5, 14.0 ], "windMode": [-1,-1,-1,-1] }
									}
								},
								{
									"name": "RNeck",
									"from": [ -0.6, -0.144, 0.64 ], 
									"to": [ 0.0, 0.008, 1.44 ], 
									"unwrapMode": 6,
									"autoUnwrap": false,
									"uv": [ 8.0, 11.5 ],
									"rotationOrigin": [ 0.0, 0.008, 0.64 ],
									"rotationX": 180.0,
									"rotationY": 22.0,
									"faces": {
										"north": { "texture": "#skin", "uv": [ 16.0, 1.5, 16.5, 3.0 ], "rotation": 90 },
										"east": { "texture": "#null", "uv": [ 1.5, 2.0, 3.5, 2.5 ], "enabled": false },
										"south": { "texture": "#skin", "uv": [ 14.0, 5.5, 15.5, 6.0 ], "rotation": 180, "windMode": [-1,-1,-1,-1] },
										"west": { "texture": "#skin", "uv": [ 15.5, 3.5, 16.0, 5.5 ], "rotation": 270, "windMode": [-1,-1,-1,-1] },
										"up": { "texture": "#bottom", "uv": [ 10.0, 12.0, 11.5, 14.0 ], "windMode": [-1,-1,-1,-1] },
										"down": { "texture": "#skin", "uv": [ 14.0, 3.5, 15.5, 5.5 ], "windMode": [-1,-1,-1,-1] }
									}
								}
							]
						}
					]
				}
			]
		}
	]}