{
    "code": "chesspiece",
    "class": "TabletopGames.ItemBoardPiece",
    "maxStackSize": 64,
    "attributes": {
        "handbook": { "groupBy": ["tabletopgames:chesspiece"] },
        "shelvable": true,
        "displaycaseable": true,
        "onDisplayTransform": { "translation": { "x": 0, "y": 0.4, "z": 0 }, "rotation": { "x": -90, "y": 0, "z": 0 }, "origin": { "x": 0.5, "y": 0.13, "z": 0.5 }, "scale": 0.75 },
        "onshelfTransform": { "translation": { "x": 0, "y": 0.4, "z": 0 }, "rotation": { "x": -90, "y": 0, "z": 0 }, "origin": { "x": 0.5, "y": 0.1, "z": 0.5 }, "scale": 0.6 },
        "groundStorageTransform": { "translation": { "x": 0, "y": 0.4, "z": 0 }, "rotation": { "x": -90, "y": 0, "z": 0 }, "origin": { "x": 0.5, "y": 0.13, "z": 0.5 }, "scale": 0.75 },
        "onChessboardTransform": { "translation": { "x": -1.52, "y": -1.02, "z": 0 }, "rotation": { "x": -90, "y": 0, "z": 0 }, "origin": { "x": 0.5, "y": 0, "z": 0.5 }, "scale": 0.6 },
        "name": {
            "*": ["tabletopgames:item-chesspiece", " (", "tabletopgames:chesspiece-{type}", ")"]
        },
        "description": {
            "stone-*": ["tabletopgames:trivia-chesspiece-{type}", "blockmaterial-Stone", ": ", "rock-{stone}"],
            "wood-*": ["tabletopgames:trivia-chesspiece-{type}", "blockmaterial-Wood", ": ", "material-{wood}"]
        },
        "tabletopTags": {
            "tags": ["chess"]
        },
        "shape": {
            "*": { "base": "tabletopgames:item/piece/chesspiece/{type}" }
        },
        "textures": {
            "wood-*": { "material": { "base": "game:block/wood/debarked/{wood}" } },
            "stone-*": { "material": { "base": "game:block/stone/rock/{stone}1" } }
        },
        "GuiTransformBy": {
            "type-bishop": {
                "translation": { "x": 0, "y": 0, "z": 0 },
                "rotation": { "x": 155, "y": 45, "z": 0 },
                "origin": { "x": 0.5, "y": 0.7, "z": 0.5 },
                "scale": 1.2
            },
            "type-king": {
                "translation": { "x": 0, "y": 0, "z": 0 },
                "rotation": { "x": 155, "y": 45, "z": 0 },
                "origin": { "x": 0.5, "y": 0.9, "z": 0.5 }
            },
            "type-knight": {
                "translation": { "x": 0, "y": 0, "z": 0 },
                "rotation": { "x": 155, "y": 45, "z": 0 },
                "origin": { "x": 0.5, "y": 0.5, "z": 0.5 },
                "scale": 1.5
            },
            "type-pawn": {
                "translation": { "x": 0, "y": 0, "z": 0 },
                "rotation": { "x": 155, "y": 45, "z": 0 },
                "origin": { "x": 0.5, "y": 0.4, "z": 0.5 },
                "scale": 1.9
            },
            "type-queen": {
                "translation": { "x": 0, "y": 0, "z": 0 },
                "rotation": { "x": 155, "y": 45, "z": 0 },
                "origin": { "x": 0.5, "y": 0.7, "z": 0.5 },
                "scale": 1.2
            },
            "type-rook": {
                "translation": { "x": 3, "y": 0, "z": 0 },
                "rotation": { "x": 155, "y": 45, "z": 0 },
                "origin": { "x": 0.5, "y": 0.5, "z": 0.5 },
                "scale": 1.7
            }
        },
        "rotateWhenPlacedOnBoard": true
    },
    "behaviors": [
        {
            "name": "GroundStorable",
            "properties": {
                "layout": "Quadrants",
                "selectionBox": { "x1": 0, "y1": 0, "z1": 0, "x2": 1, "y2": 0.0625, "z2": 1 },
                "collisionBox": { "x1": 0, "y1": 0, "z1": 0, "x2": 0, "y2": 0, "z2": 0 }
            }
        },
        {
            "name": "TabletopGames.AdvancedToolModes",
            "properties": {
                "toolModes": {
                    "*": [
                        //
                        { "setVariants": { "type": "pawn" } },
                        { "setVariants": { "type": "knight" } },
                        { "setVariants": { "type": "bishop" } },
                        { "setVariants": { "type": "rook" } },
                        { "setVariants": { "type": "queen" } },
                        { "setVariants": { "type": "king" } }
                    ]
                }
            }
        }
    ],
    "creativeinventoryStacks": [
        {
            "tabs": ["tabletopgames"],
            "stacks": [
                { "type": "item", "code": "chesspiece", "attributes": { "types": { "type": "bishop", "stone": "basalt" } } },
                { "type": "item", "code": "chesspiece", "attributes": { "types": { "type": "king", "stone": "basalt" } } },
                { "type": "item", "code": "chesspiece", "attributes": { "types": { "type": "knight", "stone": "basalt" } } },
                { "type": "item", "code": "chesspiece", "attributes": { "types": { "type": "pawn", "stone": "basalt" } } },
                { "type": "item", "code": "chesspiece", "attributes": { "types": { "type": "queen", "stone": "basalt" } } },
                { "type": "item", "code": "chesspiece", "attributes": { "types": { "type": "rook", "stone": "basalt" } } },

                { "type": "item", "code": "chesspiece", "attributes": { "types": { "type": "bishop", "stone": "chalk" } } },
                { "type": "item", "code": "chesspiece", "attributes": { "types": { "type": "king", "stone": "chalk" } } },
                { "type": "item", "code": "chesspiece", "attributes": { "types": { "type": "knight", "stone": "chalk" } } },
                { "type": "item", "code": "chesspiece", "attributes": { "types": { "type": "pawn", "stone": "chalk" } } },
                { "type": "item", "code": "chesspiece", "attributes": { "types": { "type": "queen", "stone": "chalk" } } },
                { "type": "item", "code": "chesspiece", "attributes": { "types": { "type": "rook", "stone": "chalk" } } },

                { "type": "item", "code": "chesspiece", "attributes": { "types": { "type": "bishop", "wood": "ebony" } } },
                { "type": "item", "code": "chesspiece", "attributes": { "types": { "type": "king", "wood": "ebony" } } },
                { "type": "item", "code": "chesspiece", "attributes": { "types": { "type": "knight", "wood": "ebony" } } },
                { "type": "item", "code": "chesspiece", "attributes": { "types": { "type": "pawn", "wood": "ebony" } } },
                { "type": "item", "code": "chesspiece", "attributes": { "types": { "type": "queen", "wood": "ebony" } } },
                { "type": "item", "code": "chesspiece", "attributes": { "types": { "type": "rook", "wood": "ebony" } } },

                { "type": "item", "code": "chesspiece", "attributes": { "types": { "type": "bishop", "wood": "baldcypress" } } },
                { "type": "item", "code": "chesspiece", "attributes": { "types": { "type": "king", "wood": "baldcypress" } } },
                { "type": "item", "code": "chesspiece", "attributes": { "types": { "type": "knight", "wood": "baldcypress" } } },
                { "type": "item", "code": "chesspiece", "attributes": { "types": { "type": "pawn", "wood": "baldcypress" } } },
                { "type": "item", "code": "chesspiece", "attributes": { "types": { "type": "queen", "wood": "baldcypress" } } },
                { "type": "item", "code": "chesspiece", "attributes": { "types": { "type": "rook", "wood": "baldcypress" } } }
            ]
        }
    ],
    "groundTransform": {
        "translation": { "x": 0, "y": 0, "z": 0 },
        "rotation": { "x": 0, "y": 0, "z": 0 },
        "origin": { "x": 0.5, "y": 0, "z": 0.5 }
    },
    "tpHandTransform": {
        "translation": { "x": -2.7, "y": -1.7, "z": -2 },
        "rotation": { "x": 0, "y": 0, "z": -65 },
        "scale": 0.25
    }
}
