[
{"ingredientPattern": "LK","ingredients": {"K": { "type": "item", "code": "game:knife-*", "isTool": true },"L": { "type": "item", "code": "machairodontinae:pelt-*", "allowedVariants": ["baby-homotherium-serum","baby-smilodon-fatalis","baby-smilodon-populator"] }},"width": 2,"height": 1,"output": { "type": "item", "code": "game:hide-raw-medium", "quantity": 1  }},

{"ingredientPattern": "LK","ingredients": {"K": { "type": "item", "code": "game:knife-*", "isTool": true },"L": { "type": "item", "code": "machairodontinae:pelt-*", "allowedVariants": ["female-homotherium-serum","female-smilodon-fatalis"] }},"width": 2,"height": 1,"output": { "type": "item", "code": "game:hide-raw-large", "quantity": 4  }},

{"ingredientPattern": "LK","ingredients": {"K": { "type": "item", "code": "game:knife-*", "isTool": true },"L": { "type": "item", "code": "machairodontinae:pelt-*", "allowedVariants": ["male-homotherium-serum"] }},"width": 2,"height": 1,"output": { "type": "item", "code": "game:hide-raw-large", "quantity": 6  }},

{"ingredientPattern": "LK","ingredients": {"K": { "type": "item", "code": "game:knife-*", "isTool": true },"L": { "type": "item", "code": "machairodontinae:pelt-*", "allowedVariants": ["male-smilodon-fatalis","female-smilodon-populator"] }},"width": 2,"height": 1,"output": { "type": "item", "code": "game:hide-raw-large", "quantity": 7  }},

{"ingredientPattern": "LK","ingredients": {"K": { "type": "item", "code": "game:knife-*", "isTool": true },"L": { "type": "item", "code": "machairodontinae:pelt-*", "allowedVariants": ["male-smilodon-populator"] }},"width": 2,"height": 1,"output": { "type": "item", "code": "game:hide-raw-large", "quantity": 8  }}]