﻿{
  "code": "part",
  "class": "Item",
  "variantgroups": [{"code": "type", "states": ["halberd"]}, {"code": "material", "states": ["steel", "iron", "meteoriciron"]}],
  "shape": {"base": "halberds/parts/halberd-{material}-plain"},
  "textures": {"blade": {"base": "game:block/metal/plate/{material}"}},
  "attributes": {
    "groundStorageTransform": {"translation": {"x": 0.1, "y": 0.05, "z": 0.1}, "rotation": {"x": 4, "y": 0, "z": 0}, "origin": {"x": 0, "y": 0, "z": 0}, "scale": 0.8}
  },
  "behaviors": [
    {
      "name": "GroundStorable",
      "properties": {"layout": "Quadrants", "placeRemoveSound": "sounds/player/build", "collisionBox": {"x1": 0, "y1": 0, "z1": 0, "x2": 1, "y2": 0.1, "z2": 1}}
    }
  ],
  "creativeinventory": {"armory-parts": ["*"]},
  "guiTransform": {"translation": {"x": 0, "y": 0, "z": 0}, "rotation": {"x": -51, "y": 44, "z": -6}, "origin": {"x": 0.8799, "y": 0.8, "z": 0}, "scale": 1.29},
  "tpHandTransform": {"translation": {"x": 0.2, "y": 0, "z": -0.45}, "rotation": {"x": 0, "y": 90, "z": 0}, "origin": {"x": 0, "y": 0, "z": 0}, "scale": 0.6},
  "groundTransform": {"translation": {"x": 0, "y": 0.04, "z": 0}, "rotation": {"x": -2, "y": 0, "z": 0}, "origin": {"x": 0, "y": 0, "z": 0}, "scale": 3}
}