[
{"name": "White Rhino Head Mount (Baby)", "ingredientPattern": "_BC,DEF,GHI","ingredients": {"B": { "type": "item", "code": "game:knife-*", "isTool": true },"C": { "type": "item", "code": "game:hammer-*", "isTool": true },"D": { "type": "item", "code": "rhinocerotidae:pelt-baby-ceratotheriumsimum" },"E": { "type": "item", "code": "game:metalnailsandstrips-*" },"F": { "type": "item", "code": "game:clay-*" },"G": { "type": "block", "code": "game:debarkedlog-*" },"H": { "type": "block", "code": "game:glass-*" },"I": { "type": "item", "code": "game:powderedborax" }},"width": 3,"height": 3,"output": { "type": "item", "code": "rhinocerotidae:headmount-baby-ceratotheriumsimum-00", "quantity": 1  }},
{"name": "White Rhino Head Mount (Female)", "ingredientPattern": "_BC,DEF,GHI","ingredients": {"B": { "type": "item", "code": "game:knife-*", "isTool": true },"C": { "type": "item", "code": "game:hammer-*", "isTool": true },"D": { "type": "item", "code": "rhinocerotidae:pelt-female-ceratotheriumsimum" },"E": { "type": "item", "code": "game:metalnailsandstrips-*" },"F": { "type": "item", "code": "game:clay-*" },"G": { "type": "block", "code": "game:debarkedlog-*" },"H": { "type": "block", "code": "game:glass-*" },"I": { "type": "item", "code": "game:powderedborax" }},"width": 3,"height": 3,"output": { "type": "item", "code": "rhinocerotidae:headmount-female-ceratotheriumsimum-00", "quantity": 1  }},
{"name": "White Rhino Head Mount (Male)", "ingredientPattern": "_BC,DEF,GHI","ingredients": {"B": { "type": "item", "code": "game:knife-*", "isTool": true },"C": { "type": "item", "code": "game:hammer-*", "isTool": true },"D": { "type": "item", "code": "rhinocerotidae:pelt-male-ceratotheriumsimum" },"E": { "type": "item", "code": "game:metalnailsandstrips-*" },"F": { "type": "item", "code": "game:clay-*" },"G": { "type": "block", "code": "game:debarkedlog-*" },"H": { "type": "block", "code": "game:glass-*" },"I": { "type": "item", "code": "game:powderedborax" }},"width": 3,"height": 3,"output": { "type": "item", "code": "rhinocerotidae:headmount-male-ceratotheriumsimum-00", "quantity": 1  }},
{"name": "Woolly Rhino Head Mount (Baby)", "ingredientPattern": "_BC,DEF,GHI","ingredients": {"B": { "type": "item", "code": "game:knife-*", "isTool": true },"C": { "type": "item", "code": "game:hammer-*", "isTool": true },"D": { "type": "item", "code": "rhinocerotidae:pelt-baby-coelodontaantiquitatis" },"E": { "type": "item", "code": "game:metalnailsandstrips-*" },"F": { "type": "item", "code": "game:clay-*" },"G": { "type": "block", "code": "game:debarkedlog-*" },"H": { "type": "block", "code": "game:glass-*" },"I": { "type": "item", "code": "game:powderedborax" }},"width": 3,"height": 3,"output": { "type": "item", "code": "rhinocerotidae:headmount-baby-coelodontaantiquitatis-00", "quantity": 1  }},
{"name": "Woolly Rhino Head Mount (Female)", "ingredientPattern": "_BC,DEF,GHI","ingredients": {"B": { "type": "item", "code": "game:knife-*", "isTool": true },"C": { "type": "item", "code": "game:hammer-*", "isTool": true },"D": { "type": "item", "code": "rhinocerotidae:pelt-female-coelodontaantiquitatis" },"E": { "type": "item", "code": "game:metalnailsandstrips-*" },"F": { "type": "item", "code": "game:clay-*" },"G": { "type": "block", "code": "game:debarkedlog-*" },"H": { "type": "block", "code": "game:glass-*" },"I": { "type": "item", "code": "game:powderedborax" }},"width": 3,"height": 3,"output": { "type": "item", "code": "rhinocerotidae:headmount-female-coelodontaantiquitatis-00", "quantity": 1  }},
{"name": "Woolly Rhino Head Mount (Male)", "ingredientPattern": "_BC,DEF,GHI","ingredients": {"B": { "type": "item", "code": "game:knife-*", "isTool": true },"C": { "type": "item", "code": "game:hammer-*", "isTool": true },"D": { "type": "item", "code": "rhinocerotidae:pelt-male-coelodontaantiquitatis" },"E": { "type": "item", "code": "game:metalnailsandstrips-*" },"F": { "type": "item", "code": "game:clay-*" },"G": { "type": "block", "code": "game:debarkedlog-*" },"H": { "type": "block", "code": "game:glass-*" },"I": { "type": "item", "code": "game:powderedborax" }},"width": 3,"height": 3,"output": { "type": "item", "code": "rhinocerotidae:headmount-male-coelodontaantiquitatis-00", "quantity": 1  }},
{"name": "Sumatran Rhino Head Mount (Baby)", "ingredientPattern": "_BC,DEF,GHI","ingredients": {"B": { "type": "item", "code": "game:knife-*", "isTool": true },"C": { "type": "item", "code": "game:hammer-*", "isTool": true },"D": { "type": "item", "code": "rhinocerotidae:pelt-baby-dicerorhinussumatrensis" },"E": { "type": "item", "code": "game:metalnailsandstrips-*" },"F": { "type": "item", "code": "game:clay-*" },"G": { "type": "block", "code": "game:debarkedlog-*" },"H": { "type": "block", "code": "game:glass-*" },"I": { "type": "item", "code": "game:powderedborax" }},"width": 3,"height": 3,"output": { "type": "item", "code": "rhinocerotidae:headmount-baby-dicerorhinussumatrensis-00", "quantity": 1  }},
{"name": "Sumatran Rhino Head Mount (Female)", "ingredientPattern": "_BC,DEF,GHI","ingredients": {"B": { "type": "item", "code": "game:knife-*", "isTool": true },"C": { "type": "item", "code": "game:hammer-*", "isTool": true },"D": { "type": "item", "code": "rhinocerotidae:pelt-female-dicerorhinussumatrensis" },"E": { "type": "item", "code": "game:metalnailsandstrips-*" },"F": { "type": "item", "code": "game:clay-*" },"G": { "type": "block", "code": "game:debarkedlog-*" },"H": { "type": "block", "code": "game:glass-*" },"I": { "type": "item", "code": "game:powderedborax" }},"width": 3,"height": 3,"output": { "type": "item", "code": "rhinocerotidae:headmount-female-dicerorhinussumatrensis-00", "quantity": 1  }},
{"name": "Sumatran Rhino Head Mount (Male)", "ingredientPattern": "_BC,DEF,GHI","ingredients": {"B": { "type": "item", "code": "game:knife-*", "isTool": true },"C": { "type": "item", "code": "game:hammer-*", "isTool": true },"D": { "type": "item", "code": "rhinocerotidae:pelt-male-dicerorhinussumatrensis" },"E": { "type": "item", "code": "game:metalnailsandstrips-*" },"F": { "type": "item", "code": "game:clay-*" },"G": { "type": "block", "code": "game:debarkedlog-*" },"H": { "type": "block", "code": "game:glass-*" },"I": { "type": "item", "code": "game:powderedborax" }},"width": 3,"height": 3,"output": { "type": "item", "code": "rhinocerotidae:headmount-male-dicerorhinussumatrensis-00", "quantity": 1  }},
{"name": "Black Rhino Head Mount (Baby)", "ingredientPattern": "_BC,DEF,GHI","ingredients": {"B": { "type": "item", "code": "game:knife-*", "isTool": true },"C": { "type": "item", "code": "game:hammer-*", "isTool": true },"D": { "type": "item", "code": "rhinocerotidae:pelt-baby-dicerosbicornis" },"E": { "type": "item", "code": "game:metalnailsandstrips-*" },"F": { "type": "item", "code": "game:clay-*" },"G": { "type": "block", "code": "game:debarkedlog-*" },"H": { "type": "block", "code": "game:glass-*" },"I": { "type": "item", "code": "game:powderedborax" }},"width": 3,"height": 3,"output": { "type": "item", "code": "rhinocerotidae:headmount-baby-dicerosbicornis-00", "quantity": 1  }},
{"name": "Black Rhino Head Mount (Female)", "ingredientPattern": "_BC,DEF,GHI","ingredients": {"B": { "type": "item", "code": "game:knife-*", "isTool": true },"C": { "type": "item", "code": "game:hammer-*", "isTool": true },"D": { "type": "item", "code": "rhinocerotidae:pelt-female-dicerosbicornis" },"E": { "type": "item", "code": "game:metalnailsandstrips-*" },"F": { "type": "item", "code": "game:clay-*" },"G": { "type": "block", "code": "game:debarkedlog-*" },"H": { "type": "block", "code": "game:glass-*" },"I": { "type": "item", "code": "game:powderedborax" }},"width": 3,"height": 3,"output": { "type": "item", "code": "rhinocerotidae:headmount-female-dicerosbicornis-00", "quantity": 1  }},
{"name": "Black Rhino Head Mount (Male)", "ingredientPattern": "_BC,DEF,GHI","ingredients": {"B": { "type": "item", "code": "game:knife-*", "isTool": true },"C": { "type": "item", "code": "game:hammer-*", "isTool": true },"D": { "type": "item", "code": "rhinocerotidae:pelt-male-dicerosbicornis" },"E": { "type": "item", "code": "game:metalnailsandstrips-*" },"F": { "type": "item", "code": "game:clay-*" },"G": { "type": "block", "code": "game:debarkedlog-*" },"H": { "type": "block", "code": "game:glass-*" },"I": { "type": "item", "code": "game:powderedborax" }},"width": 3,"height": 3,"output": { "type": "item", "code": "rhinocerotidae:headmount-male-dicerosbicornis-00", "quantity": 1  }},
{"name": "Javan Rhino Head Mount (Baby)", "ingredientPattern": "_BC,DEF,GHI","ingredients": {"B": { "type": "item", "code": "game:knife-*", "isTool": true },"C": { "type": "item", "code": "game:hammer-*", "isTool": true },"D": { "type": "item", "code": "rhinocerotidae:pelt-baby-rhinocerossondaicus" },"E": { "type": "item", "code": "game:metalnailsandstrips-*" },"F": { "type": "item", "code": "game:clay-*" },"G": { "type": "block", "code": "game:debarkedlog-*" },"H": { "type": "block", "code": "game:glass-*" },"I": { "type": "item", "code": "game:powderedborax" }},"width": 3,"height": 3,"output": { "type": "item", "code": "rhinocerotidae:headmount-baby-rhinocerossondaicus-00", "quantity": 1  }},
{"name": "Javan Rhino Head Mount (Female)", "ingredientPattern": "_BC,DEF,GHI","ingredients": {"B": { "type": "item", "code": "game:knife-*", "isTool": true },"C": { "type": "item", "code": "game:hammer-*", "isTool": true },"D": { "type": "item", "code": "rhinocerotidae:pelt-female-rhinocerossondaicus" },"E": { "type": "item", "code": "game:metalnailsandstrips-*" },"F": { "type": "item", "code": "game:clay-*" },"G": { "type": "block", "code": "game:debarkedlog-*" },"H": { "type": "block", "code": "game:glass-*" },"I": { "type": "item", "code": "game:powderedborax" }},"width": 3,"height": 3,"output": { "type": "item", "code": "rhinocerotidae:headmount-female-rhinocerossondaicus-00", "quantity": 1  }},
{"name": "Javan Rhino Head Mount (Male)", "ingredientPattern": "_BC,DEF,GHI","ingredients": {"B": { "type": "item", "code": "game:knife-*", "isTool": true },"C": { "type": "item", "code": "game:hammer-*", "isTool": true },"D": { "type": "item", "code": "rhinocerotidae:pelt-male-rhinocerossondaicus" },"E": { "type": "item", "code": "game:metalnailsandstrips-*" },"F": { "type": "item", "code": "game:clay-*" },"G": { "type": "block", "code": "game:debarkedlog-*" },"H": { "type": "block", "code": "game:glass-*" },"I": { "type": "item", "code": "game:powderedborax" }},"width": 3,"height": 3,"output": { "type": "item", "code": "rhinocerotidae:headmount-male-rhinocerossondaicus-00", "quantity": 1  }},
{"name": "Indian Rhino Head Mount (Baby)", "ingredientPattern": "_BC,DEF,GHI","ingredients": {"B": { "type": "item", "code": "game:knife-*", "isTool": true },"C": { "type": "item", "code": "game:hammer-*", "isTool": true },"D": { "type": "item", "code": "rhinocerotidae:pelt-baby-rhinocerosunicornis" },"E": { "type": "item", "code": "game:metalnailsandstrips-*" },"F": { "type": "item", "code": "game:clay-*" },"G": { "type": "block", "code": "game:debarkedlog-*" },"H": { "type": "block", "code": "game:glass-*" },"I": { "type": "item", "code": "game:powderedborax" }},"width": 3,"height": 3,"output": { "type": "item", "code": "rhinocerotidae:headmount-baby-rhinocerosunicornis-00", "quantity": 1  }},
{"name": "Indian Rhino Head Mount (Female)", "ingredientPattern": "_BC,DEF,GHI","ingredients": {"B": { "type": "item", "code": "game:knife-*", "isTool": true },"C": { "type": "item", "code": "game:hammer-*", "isTool": true },"D": { "type": "item", "code": "rhinocerotidae:pelt-female-rhinocerosunicornis" },"E": { "type": "item", "code": "game:metalnailsandstrips-*" },"F": { "type": "item", "code": "game:clay-*" },"G": { "type": "block", "code": "game:debarkedlog-*" },"H": { "type": "block", "code": "game:glass-*" },"I": { "type": "item", "code": "game:powderedborax" }},"width": 3,"height": 3,"output": { "type": "item", "code": "rhinocerotidae:headmount-female-rhinocerosunicornis-00", "quantity": 1  }},
{"name": "Indian Rhino Head Mount (Male)", "ingredientPattern": "_BC,DEF,GHI","ingredients": {"B": { "type": "item", "code": "game:knife-*", "isTool": true },"C": { "type": "item", "code": "game:hammer-*", "isTool": true },"D": { "type": "item", "code": "rhinocerotidae:pelt-male-rhinocerosunicornis" },"E": { "type": "item", "code": "game:metalnailsandstrips-*" },"F": { "type": "item", "code": "game:clay-*" },"G": { "type": "block", "code": "game:debarkedlog-*" },"H": { "type": "block", "code": "game:glass-*" },"I": { "type": "item", "code": "game:powderedborax" }},"width": 3,"height": 3,"output": { "type": "item", "code": "rhinocerotidae:headmount-male-rhinocerosunicornis-00", "quantity": 1  }},


{"name": "White Rhino Head Mount (Female)","ingredientPattern": "LK","ingredients": {"K": { "type": "item", "code": "rhinocerotidae:headmount-female-ceratotheriumsimum-00"},"L": { "type": "item", "code": "game:antler-ceratotheriumsimum-*", "name": "size", "allowedVariants": ["01","02","03","04","05","06","07","08"] }},"width": 2,"height": 1,"output": { "type": "item", "code": "rhinocerotidae:headmount-female-ceratotheriumsimum-{size}", "quantity": 1  }},
{"name": "White Rhino Head Mount (Male)","ingredientPattern": "LK","ingredients": {"K": { "type": "item", "code": "rhinocerotidae:headmount-male-ceratotheriumsimum-00"},"L": { "type": "item", "code": "game:antler-ceratotheriumsimum-*", "name": "size", "allowedVariants": ["01","02","03","04","05","06","07","08"] }},"width": 2,"height": 1,"output": { "type": "item", "code": "rhinocerotidae:headmount-male-ceratotheriumsimum-{size}", "quantity": 1  }},

{"name": "Woolly Rhino Head Mount (Female)","ingredientPattern": "LK","ingredients": {"K": { "type": "item", "code": "rhinocerotidae:headmount-female-coelodontaantiquitatis-00"},"L": { "type": "item", "code": "game:antler-coelodontaantiquitatis-*", "name": "size", "allowedVariants": ["01","02","03","04","05","06","07","08","09"] }},"width": 2,"height": 1,"output": { "type": "item", "code": "rhinocerotidae:headmount-female-coelodontaantiquitatis-{size}", "quantity": 1  }},
{"name": "Woolly Rhino Head Mount (Male)","ingredientPattern": "LK","ingredients": {"K": { "type": "item", "code": "rhinocerotidae:headmount-male-coelodontaantiquitatis-00"},"L": { "type": "item", "code": "game:antler-coelodontaantiquitatis-*", "name": "size", "allowedVariants": ["01","02","03","04","05","06","07","08","09"] }},"width": 2,"height": 1,"output": { "type": "item", "code": "rhinocerotidae:headmount-male-coelodontaantiquitatis-{size}", "quantity": 1  }},

{"name": "Sumatran Rhino Head Mount (Female)","ingredientPattern": "LK","ingredients": {"K": { "type": "item", "code": "rhinocerotidae:headmount-female-dicerorhinussumatrensis-00"},"L": { "type": "item", "code": "game:antler-dicerorhinussumatrensis-*", "name": "size", "allowedVariants": ["01","02","03"] }},"width": 2,"height": 1,"output": { "type": "item", "code": "rhinocerotidae:headmount-female-dicerorhinussumatrensis-{size}", "quantity": 1  }},
{"name": "Sumatran Rhino Head Mount (Male)","ingredientPattern": "LK","ingredients": {"K": { "type": "item", "code": "rhinocerotidae:headmount-male-dicerorhinussumatrensis-00"},"L": { "type": "item", "code": "game:antler-dicerorhinussumatrensis-*", "name": "size", "allowedVariants": ["01","02","03","04","05"] }},"width": 2,"height": 1,"output": { "type": "item", "code": "rhinocerotidae:headmount-male-dicerorhinussumatrensis-{size}", "quantity": 1  }},

{"name": "Black Rhino Head Mount (Female)","ingredientPattern": "LK","ingredients": {"K": { "type": "item", "code": "rhinocerotidae:headmount-female-dicerosbicornis-00"},"L": { "type": "item", "code": "game:antler-dicerosbicornis-*", "name": "size", "allowedVariants": ["01","02","03","04","05","06","07","08","09"] }},"width": 2,"height": 1,"output": { "type": "item", "code": "rhinocerotidae:headmount-female-dicerosbicornis-{size}", "quantity": 1  }},
{"name": "Black Rhino Head Mount (Male)","ingredientPattern": "LK","ingredients": {"K": { "type": "item", "code": "rhinocerotidae:headmount-male-dicerosbicornis-00"},"L": { "type": "item", "code": "game:antler-dicerosbicornis-*", "name": "size", "allowedVariants": ["01","02","03","04","05","06","07","08","09"] }},"width": 2,"height": 1,"output": { "type": "item", "code": "rhinocerotidae:headmount-male-dicerosbicornis-{size}", "quantity": 1  }},

{"name": "Javan Rhino Head Mount (Male)","ingredientPattern": "LK","ingredients": {"K": { "type": "item", "code": "rhinocerotidae:headmount-male-rhinocerossondaicus-00"},"L": { "type": "item", "code": "game:antler-rhinocerossondaicus-*", "name": "size", "allowedVariants": ["01","02","03","04","05"] }},"width": 2,"height": 1,"output": { "type": "item", "code": "rhinocerotidae:headmount-male-rhinocerossondaicus-{size}", "quantity": 1  }},

{"name": "Indian Rhino Head Mount (Female)","ingredientPattern": "LK","ingredients": {"K": { "type": "item", "code": "rhinocerotidae:headmount-female-rhinocerosunicornis-00"},"L": { "type": "item", "code": "game:antler-rhinocerosunicornis-*", "name": "size", "allowedVariants": ["01","02","03","04","05","06","07","08","09"] }},"width": 2,"height": 1,"output": { "type": "item", "code": "rhinocerotidae:headmount-female-rhinocerosunicornis-{size}", "quantity": 1  }},
{"name": "Indian Rhino Head Mount (Male)","ingredientPattern": "LK","ingredients": {"K": { "type": "item", "code": "rhinocerotidae:headmount-male-rhinocerosunicornis-00"},"L": { "type": "item", "code": "game:antler-rhinocerosunicornis-*", "name": "size", "allowedVariants": ["01","02","03","04","05","06","07","08","09"] }},"width": 2,"height": 1,"output": { "type": "item", "code": "rhinocerotidae:headmount-male-rhinocerosunicornis-{size}", "quantity": 1  }}
]