{
	"code": "caninae-vulpini",
	"class": "EntityAgent",
	"fallDamageMultiplier": 0.25,
	"variantgroups": [
    {"code": "age","states": [ "baby"]},
    {"code": "gender","states": [ "female","male"]},
    {"code": "genus","states": [ "nyctereutes","otocyon","vulpes"]},
    {"code": "species","states": [ "procyonoides","viverrinus","megalotis","bengalensis","cana","chama","corsac","ferrilata","lagopus","macrotis","pallida","rueppellii","velox","vulpes","zerda"]}
	],
	"allowedVariants": [
		"*-nyctereutes-procyonoides",
		"*-nyctereutes-viverrinus",
		"*-otocyon-megalotis",
		"*-vulpes-bengalensis",
		"*-vulpes-cana",
		"*-vulpes-chama",
		"*-vulpes-corsac",
		"*-vulpes-ferrilata",
		"*-vulpes-lagopus",
		"*-vulpes-macrotis",
		"*-vulpes-pallida",
		"*-vulpes-rueppellii",
		"*-vulpes-velox",
		"*-vulpes-vulpes",
		"*-vulpes-zerda"
	],
	"collisionBoxSizeByType": {
		"*-nyctereutes-procyonoides": {	"x": 0.4,"y": 0.3},
		"*-nyctereutes-viverrinus": {	"x": 0.4,"y": 0.3},
		"*-otocyon-megalotis": {	"x": 0.3,"y": 0.25},
		"*-vulpes-bengalensis": {	"x": 0.8,"y": 0.4},
		"*-vulpes-cana": {	"x": 0.8,"y": 0.4},
		"*-vulpes-chama": {	"x": 0.8,"y": 0.4},
		"*-vulpes-corsac": {	"x": 0.8,"y": 0.4},
		"*-vulpes-ferrilata": {	"x": 0.8,"y": 0.4},
		"*-vulpes-lagopus": {	"x": 0.8,"y": 0.4},
		"*-vulpes-macrotis": {	"x": 0.8,"y": 0.4},
		"*-vulpes-pallida": {	"x": 0.8,"y": 0.4},
		"*-vulpes-rueppellii": {	"x": 0.8,"y": 0.4},
		"*-vulpes-velox": {	"x": 0.8,"y": 0.4},
		"*-vulpes-vulpes": {	"x": 0.8,"y": 0.4},
		"*-vulpes-zerda": {	"x": 0.8,"y": 0.4}
	},
	"deadCollisionBoxSizeByType": {
		"*-nyctereutes-procyonoides": {	"x": 0.4,"y": 0.3},
		"*-nyctereutes-viverrinus": {	"x": 0.4,"y": 0.3},
		"*-otocyon-megalotis": {	"x": 0.3,"y": 0.2},
		"*-vulpes-bengalensis": {	"x": 0.8,"y": 0.4},
		"*-vulpes-cana": {	"x": 0.8,"y": 0.4},
		"*-vulpes-chama": {	"x": 0.8,"y": 0.4},
		"*-vulpes-corsac": {	"x": 0.8,"y": 0.4},
		"*-vulpes-ferrilata": {	"x": 0.8,"y": 0.4},
		"*-vulpes-lagopus": {	"x": 0.8,"y": 0.4},
		"*-vulpes-macrotis": {	"x": 0.8,"y": 0.4},
		"*-vulpes-pallida": {	"x": 0.8,"y": 0.4},
		"*-vulpes-rueppellii": {	"x": 0.8,"y": 0.4},
		"*-vulpes-velox": {	"x": 0.8,"y": 0.4},
		"*-vulpes-vulpes": {	"x": 0.8,"y": 0.4},
		"*-vulpes-zerda": {	"x": 0.8,"y": 0.4}
	},
	"eyeHeightByType": {
		"*-nyctereutes-procyonoides": 0.5,
		"*-nyctereutes-viverrinus": 0.5,
		"*-otocyon-megalotis": 0.5,
		"*-vulpes-bengalensis": 0.5,
		"*-vulpes-cana": 0.5,
		"*-vulpes-chama": 0.5,
		"*-vulpes-corsac": 0.5,
		"*-vulpes-ferrilata": 0.5,
		"*-vulpes-lagopus": 0.5,
		"*-vulpes-macrotis": 0.5,
		"*-vulpes-pallida": 0.5,
		"*-vulpes-rueppellii": 0.5,
		"*-vulpes-velox": 0.5,
		"*-vulpes-vulpes": 0.5,
		"*-vulpes-zerda": 0.5
	},
	"weightByType": {
		"*-nyctereutes-procyonoides": 0.5,
		"*-nyctereutes-viverrinus": 0.5,
		"*-otocyon-megalotis": 0.5,
		"*-vulpes-bengalensis": 0.3,
		"*-vulpes-cana": 0.1,
		"*-vulpes-chama": 0.3,
		"*-vulpes-corsac": 0.2,
		"*-vulpes-ferrilata": 0.5,
		"*-vulpes-lagopus": 0.2,
		"*-vulpes-macrotis": 0.2,
		"*-vulpes-pallida": 0.3,
		"*-vulpes-rueppellii": 0.2,
		"*-vulpes-velox": 0.3,
		"*-vulpes-vulpes": 1,
		"*-vulpes-zerda": 0.1
	},
	"attributes": {
		"basketCatchableByType": { "*":  true },
		"trapChance": 0.4,
		"trapDestroyChance": 0.05,
		"creatureDiet": {
			"foodCategories": ["Fruit"],
			"foodTags": [ "egg","fish","fruitmash","fruit","insect","meat","sweetBerryBush"]},
		"handbook": {"groupcode": "creaturegroup-vulpini"}
	},
	"drops": [],
	"client": {
		"renderer": "Shape",
		"shapeByType": {
			"*-nyctereutes-procyonoides": { "base": "entity/vulpini/procyonoides-baby" },
		"*-nyctereutes-viverrinus": { "base": "entity/vulpini/procyonoides-baby" },
		"*-otocyon-megalotis": { "base": "entity/vulpini/megalotis-baby" },
		"*-vulpes-bengalensis": { "base": "entity/vulpini/vulpes-baby" },
		"*-vulpes-cana": { "base": "entity/vulpini/vulpes-baby" },
		"*-vulpes-chama": { "base": "entity/vulpini/vulpes-baby" },
		"*-vulpes-corsac": { "base": "entity/vulpini/vulpes-baby" },
		"*-vulpes-ferrilata": { "base": "entity/vulpini/vulpes-baby" },
		"*-vulpes-lagopus": { "base": "entity/vulpini/vulpes-baby" },
		"*-vulpes-macrotis": { "base": "entity/vulpini/vulpes-baby" },
		"*-vulpes-pallida": { "base": "entity/vulpini/vulpes-baby" },
		"*-vulpes-rueppellii": { "base": "entity/vulpini/vulpes-baby" },
		"*-vulpes-velox": { "base": "entity/vulpini/vulpes-baby" },
		"*-vulpes-vulpes": { "base": "entity/vulpini/vulpes-baby" },
		"*-vulpes-zerda": { "base": "entity/vulpini/zerda-baby" }
		},
		"textureByType": {
			"*-nyctereutes-procyonoides": { "base": "entity/nyctereutes/procyonoides-baby" },
			"*-nyctereutes-viverrinus": { "base": "entity/nyctereutes/procyonoides-baby" },
			"*-otocyon-megalotis": { "base": "entity/otocyon/megalotis-baby"}, 
			"*-vulpes-bengalensis": { "base": "entity/vulpes/bengalensis-baby" },
			"*-vulpes-cana": { "base": "entity/vulpes/bengalensis-baby" },
			"*-vulpes-chama": { "base": "entity/vulpes/chama-baby" },
			"*-vulpes-corsac": { "base": "entity/vulpes/corsac-baby" },
			"*-vulpes-ferrilata": { "base": "entity/vulpes/macrotis-baby" },
			"*-vulpes-lagopus": { "base": "entity/vulpes/lagopus-baby" },
			"*-vulpes-macrotis": { "base": "entity/vulpes/macrotis-baby" },
			"*-vulpes-pallida": { "base": "entity/vulpes/pallida-baby" },
			"*-vulpes-rueppellii": { "base": "entity/vulpes/pallida-baby" },
			"*-vulpes-velox": { "base": "entity/vulpes/corsac-baby" },
			"*-vulpes-vulpes": { "base": "entity/vulpes/vulpes-baby" },
			"*-vulpes-zerda": { "base": "entity/vulpes/zerda-baby" }
		},
		"sizeByType": {
		"*-nyctereutes-procyonoides": 0.5,
		"*-nyctereutes-viverrinus": 0.5,
		"*-otocyon-megalotis": 0.36,
		"*-vulpes-bengalensis": 0.36,
		"*-vulpes-cana": 0.3,
		"*-vulpes-chama": 0.36,
		"*-vulpes-corsac": 0.4,
		"*-vulpes-ferrilata": 0.4,
		"*-vulpes-lagopus": 0.3,
		"*-vulpes-macrotis": 0.3,
		"*-vulpes-pallida": 0.25,
		"*-vulpes-rueppellii": 0.3,
		"*-vulpes-velox": 0.3,
		"*-vulpes-vulpes": 0.5,
		"*-vulpes-zerda": 0.25
		},
		"sizeGrowthFactor": 0.2,
		"behaviors": [
			{"code": "repulseagents" },
			{"code": "controlledphysics","stepHeight": 1.1251},
			{"code": "floatupwhenstuck","onlyWhenDead": true},
			{"code": "interpolateposition" },
			{"code": "harvestable","quantitySlots": 8},
			{"code": "despawn","minPlayerDistance": 8,"belowLightLevel": 8,"minSeconds": 300},
			{"code": "ropetieable","minGeneration": 2}
		],
		"animations": [
			{"code": "hurt","animation": "Hurt","animationSpeed": 2.2,"weight": 10,"blendMode": "AddAverage"},
			{"code": "die","animation": "Death","animationSpeed": 1.25,"weight": 10,"blendMode": "Average","triggeredBy": { "onControls": [ "dead" ] }},
			{"code": "idle","animation": "Idle","blendMode": "AddAverage","easeOutSpeed": 4,"triggeredBy": { "defaultAnim": true }},
			{"code": "sleep","animation": "Sleep","easeInSpeed": 4,"easeOutSpeed": 4,"blendMode": "Average"},
			{"code": "sit","animation": "Sit","easeInSpeed": 4,"easeOutSpeed": 4,"blendMode": "Average"},
			{"code": "lie","animation": "Lie","easeInSpeed": 4,"easeOutSpeed": 4,"blendMode": "Average"},
			{"code": "swim","animation": "Swim","supressDefaultAnimation": true,"blendMode": "Average"},
			{"code": "walk","animation": "Walk","supressDefaultAnimation": true,"blendMode": "Average"},
			{"code": "trot","animation": "Trot","supressDefaultAnimation": true,"blendMode": "Average"},
			{"code": "canter","animation": "Canter","supressDefaultAnimation": true,"blendMode": "Average"},
			{"code": "gallop","animation": "Gallop","supressDefaultAnimation": true,"blendMode": "Average"}
		]
	},
	"server": {
		"attributes": {
			"pathfinder": {
				"minTurnAnglePerSec": 90,
				"maxTurnAnglePerSec": 270
			}
		},
		"behaviors": [
			{ "code": "repulseagents" },
			{"code": "controlledphysics","stepHeight": 1.1251},
			{"code": "despawn","minPlayerDistance": 8,"belowLightLevel": 8,"minSeconds": 300},
			{"code": "health",
				"maxhealthByType": {
				"*-nyctereutes-procyonoides": 2,
				"*-nyctereutes-viverrinus": 2,
				"*-otocyon-megalotis": 2,
				"*-vulpes-bengalensis": 2,
				"*-vulpes-cana": 1,
				"*-vulpes-chama": 2,
				"*-vulpes-corsac": 2,
				"*-vulpes-ferrilata": 2,
				"*-vulpes-lagopus": 2,
				"*-vulpes-macrotis": 2,
				"*-vulpes-pallida": 2,
				"*-vulpes-rueppellii": 2,
				"*-vulpes-velox": 2,
				"*-vulpes-vulpes": 3,
				"*-vulpes-zerda": 1
				}
			},
			{"code": "deaddecay",
				"hoursToDecay": 96,
				"decayedBlockByType": {
				"*-vulpini-*": "carcass-tiny"
				}
			},
			{"code": "floatupwhenstuck","onlyWhenDead": true},
			{"code": "harvestable",
				"quantitySlots": 8,
				"drops": [
					{
						"type": "item",
						"code": "caninae:pelt-vulpini-baby-{genus}-{species}",
						"quantityByType": {
							"*": {"avg": 1.0,"var": 0.0}
						}
					}
				]
			},
			{"code": "breathe" },
			{"code": "emotionstates",
				"states": [
					{"code": "fleeondamage","duration": 120,
						"chanceByType": {
							"*-vulpini-*": 0.99
						},
						"slot": 2,"priority": 5,"accumType": "max","whenHealthRelBelow": 0.99},
					{"code": "fleeondamage","duration": 60,"chance": 1,"slot": 2,"priority": 1,"accumType": "max"},
					{"code": "alarmherdondamage","chance": 1,"slot": 1,"priority": 1,"accumType": "max"},
					{"code": "saturated","duration": 1440,"chance": 1,"slot": 0,"priority": 1,"accumType": "sum"}
				]
			},
			{"code": "grow",
				"hoursToGrowByType": {
					"*-nyctereutes-procyonoides": 116,
					"*-nyctereutes-viverrinus": 116,
					"*-otocyon-megalotis": 116,
					"*-vulpes-bengalensis": 130,
					"*-vulpes-cana": 145,
					"*-vulpes-chama": 130,
					"*-vulpes-corsac": 130,
					"*-vulpes-ferrilata": 145,
					"*-vulpes-lagopus": 175,
					"*-vulpes-macrotis": 145,
					"*-vulpes-pallida": 130,
					"*-vulpes-rueppellii": 116,
					"*-vulpes-velox": 175,
					"*-vulpes-vulpes": 145,
					"*-vulpes-zerda": 130
				},
				"adultEntityCodes": [ "caninae:caninae-vulpini-adult-{gender}-{genus}-{species}" ]
			},
			{
				"code": "taskai",
				"aiCreatureType": "LandCreature",
				"aitasks": [
					{
						"code": "fleeentity",
						"entityCodesByType": {
							"*":[ "player", "bear-*","fox-*", "hyena-*", "moose-*","pig-*","wolf-*", "caninae-canina-adult-*", "caninae-cerdocyonina-adult-*", "caninae-urocyonina-adult-*","casuariidae-adult-*","felinae-adult-*", "hyaenidae-adult-*","machairodontinae-adult-*", "pantherinae-neofelis-adult-*","pantherinae-panthera-adult-*","procyonidae-*","rhinocerotidae-adult-*","suidae-adult-*","suidae-elder-*","ursidae-adult-*"  ]
						},
						"priority": 3.81,
						"movespeedByType": {"*-nyctereutes-*": 0.02,"*-otocyon-*":0.015,"*-vulpes-bengalensis":0.015,"*-vulpes-cana":0.012,"*-vulpes-chama":0.015,"*-vulpes-corsac":0.016,"*-vulpes-ferrilata":0.016,"*-vulpes-lagopus":0.012,"*-vulpes-macrotis":0.012,"*-vulpes-pallida":0.01,"*-vulpes-rueppellii":0.012,"*-vulpes-velox":0.012,"*-vulpes-vulpes":0.02,"*-vulpes-zerda":0.01},
						"seekingRange": 12,
						"animation": "Gallop",
						"soundByType": {"*-nyctereutes-*":"caninae:creature/nyctereutes/hurt", "*-vulpes-zerda":"caninae:creature/vulpes/zerda-chirp", "*-vulpes-*":"caninae:creature/vulpes/baby-hurt"},
						"animationSpeed": 2
					},
					{
						"code": "fleeentity",
						"entityCodesByType": {
							"*":[ "player", "bear-*","fox-*", "hyena-*", "moose-*","pig-*","wolf-*", "caninae-canina-adult-*", "caninae-cerdocyonina-adult-*", "caninae-urocyonina-adult-*","casuariidae-adult-*","felinae-adult-*", "hyaenidae-adult-*","machairodontinae-adult-*", "pantherinae-neofelis-adult-*","pantherinae-panthera-adult-*","procyonidae-*","rhinocerotidae-adult-*","suidae-adult-*","suidae-elder-*","ursidae-adult-*"  ]
						},
						"priority": 3.83,
						"movespeedByType": {"*-nyctereutes-*": 0.02,"*-otocyon-*":0.015,"*-vulpes-bengalensis":0.015,"*-vulpes-cana":0.012,"*-vulpes-chama":0.015,"*-vulpes-corsac":0.016,"*-vulpes-ferrilata":0.016,"*-vulpes-lagopus":0.012,"*-vulpes-macrotis":0.012,"*-vulpes-pallida":0.01,"*-vulpes-rueppellii":0.012,"*-vulpes-velox":0.012,"*-vulpes-vulpes":0.02,"*-vulpes-zerda":0.01},
						"seekingRange": 25,
						"animation": "Canter",
						"animationSpeed": 2.0,
						"soundByType": {"*-nyctereutes-*":"caninae:creature/nyctereutes/hurt", "*-vulpes-zerda":"caninae:creature/vulpes/zerda-chirp", "*-vulpes-*":"caninae:creature/vulpes/baby-hurt"},
						"whenInEmotionState": "fleeondamage"
					},
					{
						"code": "fleeentity",
						"entityCodesByType": {
							"*": [ "bear-*", "deer-*","gazelle-*","goat-*","hyena-*", "moose-*","pig-*","sheep-*", "wolf-*", "antilopinae-*", "caprinae-*", "caninae-canina-*", "caninae-cerdocyonina-*", "caninae-urocyonini-*","casuariidae-adult-*", "cervidae-*","felinae-adult-*","machairodontinae-adult-*","pantherinae-*","procyonidae-*","rhinocerotidae-*","suidae-*","ursidae-*" ]
						},
						"priority": 3.8,
						"movespeedByType": {"*-nyctereutes-*": 0.01,"*-otocyon-*":0.0075,"*-vulpes-bengalensis":0.0075,"*-vulpes-cana":0.006,"*-vulpes-chama":0.0075,"*-vulpes-corsac":0.0075,"*-vulpes-ferrilata":0.0075,"*-vulpes-lagopus":0.006,"*-vulpes-macrotis":0.006,"*-vulpes-pallida":0.005,"*-vulpes-rueppellii":0.006,"*-vulpes-velox":0.006,"*-vulpes-vulpes":0.01,"*-vulpes-zerda":0.005},
						"seekingRange": 25,
						"animation": "Trot",
						"animationSpeed": 2.0,
						"whenNotInEmotionState": "aggressiveondamage"
					},
					{
						"code": "getoutofwater",
						"priority": 1.8,
						"priorityForCancel": 1.85,
						"movespeedByType": {"*-nyctereutes-*": 0.012,"*-otocyon-*":0.009,"*-vulpes-bengalensis":0.009,"*-vulpes-cana":0.0072,"*-vulpes-chama":0.009,"*-vulpes-corsac":0.009,"*-vulpes-ferrilata":0.009,"*-vulpes-lagopus":0.0072,"*-vulpes-macrotis":0.0072,"*-vulpes-pallida":0.006,"*-vulpes-rueppellii":0.0072,"*-vulpes-velox":0.0072,"*-vulpes-vulpes":0.012,"*-vulpes-zerda":0.006},
						"animation": "Swim",
						"animationSpeed": 1
					},
					{
						"code": "stayclosetoentity",
						"priority": 1.4,
						"entityCodeByType": {
							"*": "caninae-vulpini-adult-female-{genus}-{species}"
						},
						"chance": 0.1,
						"movespeedByType": {"*-nyctereutes-*": 0.003,"*-otocyon-*":0.00225,"*-vulpes-bengalensis":0.00225,"*-vulpes-cana":0.0018,"*-vulpes-chama":0.00225,"*-vulpes-corsac":0.00225,"*-vulpes-ferrilata":0.00225,"*-vulpes-lagopus":0.0018,"*-vulpes-macrotis":0.0018,"*-vulpes-pallida":0.0015,"*-vulpes-rueppellii":0.0018,"*-vulpes-velox":0.0018,"*-vulpes-vulpes":0.003,"*-vulpes-zerda":0.0015},
						"maxDistance": 3,
						"searchRange": 25,
						"animation": "Trot",
						"animationSpeed": 2,
						"stopOnHurt": true,
						"soundByType": {"*-nyctereutes-*":"caninae:creature/nyctereutes/sniff", "*-vulpes-zerda":"caninae:creature/vulpes/zerda-chirp", "*":"caninae:creature/vulpes/whimper"}
					},
					{
						"code": "idle",
						"priority": 1.3,
						"minduration": 200000,
						"maxduration": 800000,
						"mincooldown": 10000,
						"maxcooldown": 30000,
						"animation": "Sleep",
						"animationSpeed": 0.3,
						"whenNotInEmotionState": "aggressiveondamage|fleeondamage",
						"duringDayTimeFramesByType": {
							"*-nyctereutes-*":[{"fromHour": 11,"toHour": 14},{"fromHour": 16,"toHour": 18}],
							"*-otocyon-*":[{"fromHour": 11,"toHour": 18}],
							"*-vulpes-bengalensis":[{"fromHour": 11,"toHour": 18}],
							"*-vulpes-cana":[{"fromHour": 11,"toHour": 18}],
							"*-vulpes-chama":[{"fromHour": 11,"toHour": 18}],
							"*-vulpes-corsac":[{"fromHour": 11,"toHour": 18}],
							"*-vulpes-ferrilata":[{"fromHour": 18,"toHour": 24},{"fromHour": 0,"toHour": 6}],
							"*-vulpes-lagopus":[{"fromHour": 18,"toHour": 24},{"fromHour": 0,"toHour": 6}],
							"*-vulpes-macrotis":[{"fromHour": 11,"toHour": 18}],
							"*-vulpes-pallida":[{"fromHour": 11,"toHour": 18}],
							"*-vulpes-rueppellii":[{"fromHour": 11,"toHour": 18}],
							"*-vulpes-velox":[{"fromHour": 11,"toHour": 18}],
							"*-vulpes-vulpes":[{"fromHour": 11,"toHour": 18}],
							"*-vulpes-zerda":[{"fromHour": 11,"toHour": 18}]},
						"stopOnNearbyEntityCodes": [ "player" ],
						"stopRange": 6,
						"stopOnHurt": true
					},
					{
						"code": "idle",
						"priority": 1.0,
						"priorityForCancel": 1.35,
						"minduration": 4667,
						"maxduration": 4667,
						"chance": 0.02,
						"mincooldown": 8000,
						"maxcooldown": 50000,
						"animation": "Yip",
						"whenNotInEmotionState": "aggressiveondamage|fleeondamage",
						"animationSpeed": 1.0,
						"soundByType": {"*-nyctereutes-*":"caninae:creature/nyctereutes/call"},
						"soundRangeByType": {"*-nyctereutes-*": 25},
						"stopOnHurt": true
					},
					{
						"code": "wander",
						"priority": 1.0,
						"priorityForCancel": 1.35,
						"chance": 0.5,
						"movespeedByType": {"*-nyctereutes-*": 0.003,"*-otocyon-*":0.00225,"*-vulpes-bengalensis":0.00225,"*-vulpes-cana":0.0018,"*-vulpes-chama":0.00225,"*-vulpes-corsac":0.00225,"*-vulpes-ferrilata":0.00225,"*-vulpes-lagopus":0.0018,"*-vulpes-macrotis":0.0018,"*-vulpes-pallida":0.0015,"*-vulpes-rueppellii":0.0018,"*-vulpes-velox":0.0018,"*-vulpes-vulpes":0.003,"*-vulpes-zerda":0.0015},
						"animationSpeedByType": {"*": 2},
						"animation": "Trot",
						"whenNotInEmotionState": "aggressiveondamage|fleeondamage",
						"preferredLightLevel": 8,
						"stopOnHurt": true
					},
					{
						"code": "wander",
						"priority": 1.0,
						"priorityForCancel": 1.35,
						"chance": 0.25,
						"movespeedByType": {"*-nyctereutes-*": 0.00125,"*-otocyon-*":0.0009,"*-vulpes-bengalensis":0.0009,"*-vulpes-cana":0.00072,"*-vulpes-chama":0.0009,"*-vulpes-corsac":0.0095,"*-vulpes-ferrilata":0.0095,"*-vulpes-lagopus":0.00072,"*-vulpes-macrotis":0.00072,"*-vulpes-pallida":0.000625,"*-vulpes-rueppellii":0.00072,"*-vulpes-velox":0.00072,"*-vulpes-vulpes":0.00125,"*-vulpes-zerda":0.000625},
						"animationSpeedByType": {"*": 1},
						"animation": "Walk",
						"whenNotInEmotionState": "aggressiveondamage|fleeondamage",
						"preferredLightLevel": 8,
						"stopOnHurt": true
					},
					{
						"code": "idle",
						"priority": 0.9,
						"minduration": 6000,
						"maxduration": 45000,
						"mincooldown": 6000,
						"maxcooldown": 120000,
						"priorityForCancel": 1.28,
						"stopOnNearbyEntityCodes": [ "player", "wolf-*","pig-*","caninae-canina-*","caninae-cerdocyonina-*", "caninae-urocyonini-*","machairodontinae-*", "pantherinae-*","suidae-*" ],
						"stopRange": 10,
						"stopOnHurt": true,
						"animation": "Lie",
						"whenNotInEmotionState": "aggressiveondamage|fleeondamage"
					},
					{
						"code": "idle",
						"priority": 0.9,
						"minduration": 6000,
						"maxduration": 45000,
						"mincooldown": 6000,
						"maxcooldown": 120000,
						"priorityForCancel": 1.28,
						"stopOnNearbyEntityCodes": [ "player","wolf-*","pig-*","caninae-canina-*","caninae-cerdocyonina-*", "caninae-urocyonini-*","machairodontinae-*","pantherinae-*","suidae-*" ],
						"stopRange": 10,
						"stopOnHurt": true,
						"animation": "Sit",
						"whenNotInEmotionState": "aggressiveondamage|fleeondamage"
					},
					{
						"code": "seekfoodandeat",
						"priority": 1.34,
						"eatSoundByType": {"*":"game:creature/animal-eat-small"},
						"movespeedByType": {"*-nyctereutes-*": 0.00125,"*-otocyon-*":0.0009,"*-vulpes-bengalensis":0.0009,"*-vulpes-cana":0.00072,"*-vulpes-chama":0.0009,"*-vulpes-corsac":0.0095,"*-vulpes-ferrilata":0.0095,"*-vulpes-lagopus":0.00072,"*-vulpes-macrotis":0.00072,"*-vulpes-pallida":0.000625,"*-vulpes-rueppellii":0.00072,"*-vulpes-velox":0.00072,"*-vulpes-vulpes":0.00125,"*-vulpes-zerda":0.000625},
						"animationSpeed": 0.95,
						"eatLooseItems": true,
						"eatTime": 2,
						"animation": "Walk",
						"eatAnimation": "Eat",
						"whenNotInEmotionState": "aggressiveondamage|fleeondamage",
						"stopOnHurt": true
					},
					{
						"code": "lookaround",
						"priority": 0.5,
						"whenNotInEmotionState": "aggressiveondamage|fleeondamage"
					}
				]
			},
			{"code": "ropetieable","minGeneration": 2},
			{"code": "pettable","minGeneration": 1}],
		"spawnconditions": {
			"runtime": {
				"group": "neutral",
				"maxQuantity": 1,
				"maxQuantityByGroup": {"code": "caninae-vulpini-*","maxQuantity": 4},
				"tryOnlySurface": true,
				"chanceByType": {"*": 0.0}
			}
		}
	},
	"soundsByType": {
"*-nyctereutes-*":{"hurt": "caninae:creature/nyctereutes/hurt","death": "caninae:creature/nyctereutes/hurt","idle": "caninae:creature/nyctereutes/sniff"},
"*-otocyon-*":{"hurt": "game:creature/wolf/pup-flop","death": "game:creature/wolf/pup-flop","idle": "caninae:creature/nyctereutes/sniff"},
"*-vulpes-zerda":{"hurt": "caninae:creature/vulpes/zerda-chrip","death": "caninae:creature/vulpes/zerda-chirp","idle": "caninae:creature/vulpes/zerda-bark"},
"*-vulpes-*":{"hurt": "caninae:creature/vulpes/baby-hurt","death": "game:creature/wolf/pup-flop","idle": "caninae:creature/nyctereutes/sniff"}
	},
	"idleSoundChance": 0.05
}