{
	"editor": {
		"collapsedPaths": "Root/Body/Left Shoulder,Root/Body/Right Shoulder,Root/Body/rear",
		"allAngles": false,
		"entityTextureMode": true
	},
	"textureWidth": 92,
	"textureHeight": 128,
	"textureSizes": {
	},
	"textures": {
	},
	"elements": [
		{
			"name": "Body",
			"from": [ 0.0, 0.0, -2.0 ],
			"to": [ 20.0, 23.0, 18.0 ],
			"unwrapMode": 7,
			"unwrapRotation": 1,
			"autoUnwrap": false,
			"uv": [ 1.0, 20.0 ],
			"rotationOrigin": [ 2.0, 21.0, 8.0 ],
			"faces": {
				"north": { "texture": "#skin", "uv": [ 44.0, 43.0, 67.0, 63.0 ], "rotation": 90 },
				"east": { "texture": "#skin", "uv": [ 44.0, 43.0, 67.0, 63.0 ], "rotation": 90, "windMode": [-1,-1,-1,-1], "windData": [0,1,1,0] },
				"south": { "texture": "#skin", "uv": [ 1.0, 43.0, 24.0, 63.0 ], "rotation": 270 },
				"west": { "texture": "#skin", "uv": [ 1.0, 43.0, 24.0, 63.0 ], "rotation": 270, "windMode": [-1,-1,-1,-1], "windData": [0,0,1,1] },
				"up": { "texture": "#skin", "uv": [ 24.0, 43.0, 44.0, 63.0 ], "rotation": 270 },
				"down": { "texture": "#skin", "uv": [ 67.0, 43.0, 87.0, 63.0 ], "rotation": 90 }
			},
			"children": [
				{
					"name": "Body2",
					"from": [ -4.5, 1.8, 2.0 ],
					"to": [ 0.5, 22.8, 18.0 ],
					"unwrapMode": 7,
					"unwrapRotation": 1,
					"autoUnwrap": false,
					"uv": [ 1.0, 16.5 ],
					"rotationOrigin": [ 0.5, 22.8, 10.0 ],
					"faces": {
						"north": { "texture": "#skin", "uv": [ 38.0, 37.5, 59.0, 42.5 ], "rotation": 90 },
						"south": { "texture": "#skin", "uv": [ 1.0, 37.5, 22.0, 42.5 ], "rotation": 270 },
						"west": { "texture": "#skin", "uv": [ 1.5, 43.5, 22.5, 59.5 ], "rotation": 270, "windMode": [-1,-1,-1,-1] },
						"up": { "texture": "#skin", "uv": [ 22.0, 37.5, 38.0, 42.5 ], "rotation": 270 },
						"down": { "texture": "#skin", "uv": [ 59.0, 37.5, 75.0, 42.5 ], "rotation": 90 }
					},
					"children": [
						{
							"name": "Body3",
							"from": [ -5.0, 2.8, 1.0 ],
							"to": [ 0.0, 20.8, 15.0 ],
							"unwrapMode": 7,
							"unwrapRotation": 1,
							"autoUnwrap": false,
							"uv": [ 1.0, 14.0 ],
							"rotationOrigin": [ 0.0, 20.8, 8.0 ],
							"faces": {
								"north": { "texture": "#skin", "uv": [ 33.0, 32.0, 51.0, 37.0 ], "rotation": 90 },
								"south": { "texture": "#skin", "uv": [ 1.0, 32.0, 19.0, 37.0 ], "rotation": 270 },
								"west": { "texture": "#skin", "uv": [ 3.5, 44.5, 21.5, 58.5 ], "rotation": 270, "windMode": [-1,-1,-1,-1] },
								"up": { "texture": "#skin", "uv": [ 19.0, 32.0, 33.0, 37.0 ], "rotation": 270 },
								"down": { "texture": "#skin", "uv": [ 51.0, 32.0, 65.0, 37.0 ], "rotation": 90 }
							},
							"children": [
								{
									"name": "Neck1",
									"from": [ -6.0, 1.7, 0.7 ],
									"to": [ 0.0, 17.7, 13.3 ],
									"unwrapMode": 7,
									"unwrapRotation": 1,
									"autoUnwrap": false,
									"uv": [ 1.0, 9.5 ],
									"rotationOrigin": [ 0.0, 17.7, 7.0 ],
									"rotationZ": 5.0,
									"faces": {
										"north": { "texture": "#skin", "uv": [ 29.5, 25.5, 45.5, 31.5 ], "rotation": 90 },
										"south": { "texture": "#skin", "uv": [ 1.0, 25.5, 17.0, 31.5 ], "rotation": 270 },
										"west": { "texture": "#skin", "uv": [ 3.0, 45.0, 19.0, 57.5 ], "rotation": 270, "windMode": [-1,-1,-1,-1] },
										"up": { "texture": "#skin", "uv": [ 17.0, 25.5, 29.5, 31.5 ], "rotation": 270 },
										"down": { "texture": "#skin", "uv": [ 45.5, 25.5, 58.0, 31.5 ], "rotation": 90 }
									},
									"children": [
										{
											"name": "R Shoulder",
											"from": [ 3.75, -0.5, -0.6 ],
											"to": [ 8.75, 4.0, 2.4 ],
											"unwrapMode": 1,
											"uv": [ 71.0, 1.0 ],
											"rotationOrigin": [ 5.25, 2.5, 1.65 ],
											"rotationX": 25.0,
											"faces": {
												"north": { "texture": "#skin", "uv": [ 74.0, 4.0, 79.0, 8.5 ] },
												"east": { "texture": "#skin", "uv": [ 71.0, 4.0, 74.0, 8.5 ] },
												"south": { "texture": "#skin", "uv": [ 82.0, 4.0, 87.0, 8.5 ] },
												"west": { "texture": "#skin", "uv": [ 79.0, 4.0, 82.0, 8.5 ] },
												"up": { "texture": "#skin", "uv": [ 74.0, 1.0, 79.0, 4.0 ], "rotation": 180 },
												"down": { "texture": "#skin", "uv": [ 74.0, 8.5, 79.0, 11.5 ] }
											},
											"children": [
												{
													"name": "R flipper",
													"from": [ 0.0, -8.25, -0.15 ],
													"to": [ 6.3, 0.75, 1.65 ],
													"unwrapMode": 1,
													"uv": [ 72.0, 12.0 ],
													"rotationOrigin": [ 0.0, 0.75, 0.15 ],
													"rotationZ": 15.0,
													"faces": {
														"north": { "texture": "#skin", "uv": [ 73.5, 13.5, 79.5, 22.5 ] },
														"east": { "texture": "#skin", "uv": [ 72.0, 13.5, 73.5, 22.5 ] },
														"south": { "texture": "#skin", "uv": [ 81.0, 13.5, 87.0, 22.5 ] },
														"west": { "texture": "#skin", "uv": [ 79.5, 13.5, 81.0, 22.5 ] },
														"up": { "texture": "#skin", "uv": [ 73.5, 12.0, 79.5, 13.5 ], "rotation": 180 },
														"down": { "texture": "#skin", "uv": [ 73.5, 22.5, 79.5, 24.0 ] }
													},
													"children": [
														{
															"name": "R flipper rotation",
															"from": [ 3.0, 0.75, 0.0 ],
															"to": [ 3.0, 0.75, 0.0 ],
															"uv": [ 8.0, 8.0 ],
															"rotationOrigin": [ 3.0, 0.75, 0.0 ],
															"faces": {
															},
															"children": [
																{
																	"name": "R flipper point",
																	"from": [ -3.0, -0.75, 0.15 ],
																	"to": [ 1.5, 3.75, 1.65 ],
																	"unwrapMode": 1,
																	"uv": [ 73.5, 24.5 ],
																	"rotationOrigin": [ -3.0, -0.75, 0.15 ],
																	"rotationZ": -45.0,
																	"faces": {
																		"north": { "texture": "#skin", "uv": [ 75.0, 26.0, 79.5, 30.5 ] },
																		"east": { "texture": "#skin", "uv": [ 73.5, 26.0, 75.0, 30.5 ] },
																		"south": { "texture": "#skin", "uv": [ 81.0, 26.0, 85.5, 30.5 ] },
																		"west": { "texture": "#skin", "uv": [ 79.5, 26.0, 81.0, 30.5 ] },
																		"up": { "texture": "#skin", "uv": [ 75.0, 24.5, 79.5, 26.0 ], "rotation": 180 },
																		"down": { "texture": "#skin", "uv": [ 75.0, 30.5, 79.5, 32.0 ] }
																	}
																}
															]
														}
													]
												}
											]
										},
										{
											"name": "L Shoulder",
											"from": [ 3.75, -0.5, 10.45 ],
											"to": [ 8.75, 4.0, 13.45 ],
											"unwrapMode": 3,
											"uv": [ 70.0, 71.5 ],
											"rotationOrigin": [ 5.25, 2.5, 11.2 ],
											"rotationX": -25.0,
											"faces": {
												"north": { "texture": "#skin", "uv": [ 81.0, 74.5, 86.0, 79.0 ] },
												"east": { "texture": "#skin", "uv": [ 78.0, 74.5, 81.0, 79.0 ] },
												"south": { "texture": "#skin", "uv": [ 73.0, 74.5, 78.0, 79.0 ] },
												"west": { "texture": "#skin", "uv": [ 70.0, 74.5, 73.0, 79.0 ] },
												"up": { "texture": "#skin", "uv": [ 73.0, 71.5, 78.0, 74.5 ] },
												"down": { "texture": "#skin", "uv": [ 73.0, 79.0, 78.0, 82.0 ], "rotation": 180 }
											},
											"children": [
												{
													"name": "L flipper",
													"from": [ 0.0, -8.25, 1.35 ],
													"to": [ 6.3, 0.75, 3.15 ],
													"unwrapMode": 3,
													"uv": [ 70.5, 82.5 ],
													"rotationOrigin": [ 0.0, 0.75, 3.0 ],
													"rotationZ": 15.0,
													"faces": {
														"north": { "texture": "#skin", "uv": [ 79.5, 84.0, 85.5, 93.0 ] },
														"east": { "texture": "#skin", "uv": [ 78.0, 84.0, 79.5, 93.0 ] },
														"south": { "texture": "#skin", "uv": [ 72.0, 84.0, 78.0, 93.0 ] },
														"west": { "texture": "#skin", "uv": [ 70.5, 84.0, 72.0, 93.0 ] },
														"up": { "texture": "#skin", "uv": [ 72.0, 82.5, 78.0, 84.0 ] },
														"down": { "texture": "#skin", "uv": [ 72.0, 93.0, 78.0, 94.5 ], "rotation": 180 }
													},
													"children": [
														{
															"name": "L flipper rotation",
															"from": [ 3.0, 0.75, 0.0 ],
															"to": [ 3.0, 0.75, 0.0 ],
															"uv": [ 6.0, 8.0 ],
															"rotationOrigin": [ 3.0, 0.75, 1.5 ],
															"faces": {
															},
															"children": [
																{
																	"name": "L flipper point",
																	"from": [ -3.0, -0.75, 0.15 ],
																	"to": [ 1.5, 3.75, 1.65 ],
																	"unwrapMode": 3,
																	"uv": [ 72.0, 95.0 ],
																	"rotationOrigin": [ -3.0, -0.75, 1.65 ],
																	"rotationZ": -45.0,
																	"faces": {
																		"north": { "texture": "#skin", "uv": [ 79.5, 96.5, 84.0, 101.0 ] },
																		"east": { "texture": "#skin", "uv": [ 78.0, 96.5, 79.5, 101.0 ] },
																		"south": { "texture": "#skin", "uv": [ 73.5, 96.5, 78.0, 101.0 ] },
																		"west": { "texture": "#skin", "uv": [ 72.0, 96.5, 73.5, 101.0 ] },
																		"up": { "texture": "#skin", "uv": [ 73.5, 95.0, 78.0, 96.5 ] },
																		"down": { "texture": "#skin", "uv": [ 73.5, 101.0, 78.0, 102.5 ], "rotation": 180 }
																	}
																}
															]
														}
													]
												}
											]
										},
										{
											"name": "Neck2",
											"from": [ -4.0333, 2.74, 1.0 ],
											"to": [ 1.1667, 15.74, 11.6 ],
											"unwrapMode": 7,
											"unwrapRotation": 1,
											"autoUnwrap": false,
											"uv": [ 1.0, 7.0 ],
											"rotationOrigin": [ 0.9667, 15.7381, 6.3 ],
											"faces": {
												"north": { "texture": "#skin", "uv": [ 24.5, 20.0, 37.5, 25.0 ], "rotation": 90 },
												"south": { "texture": "#skin", "uv": [ 1.0, 20.0, 14.0, 25.0 ], "rotation": 270 },
												"west": { "texture": "#skin", "uv": [ 4.0, 46.5, 17.0, 57.0 ], "rotation": 270, "windMode": [-1,-1,-1,-1] },
												"up": { "texture": "#skin", "uv": [ 14.0, 20.0, 24.5, 25.0 ], "rotation": 270 },
												"down": { "texture": "#skin", "uv": [ 37.5, 20.0, 48.0, 25.0 ], "rotation": 90 }
											},
											"children": [
												{
													"name": "Neck3",
													"from": [ -3.3, 2.8, 1.3 ],
													"to": [ 0.7, 12.8, 9.3 ],
													"unwrapMode": 7,
													"unwrapRotation": 1,
													"autoUnwrap": false,
													"uv": [ 1.0, 5.5 ],
													"rotationOrigin": [ 0.7, 12.8, 5.3 ],
													"rotationZ": 2.0,
													"faces": {
														"north": { "texture": "#skin", "uv": [ 19.0, 15.5, 29.0, 19.5 ], "rotation": 90 },
														"south": { "texture": "#skin", "uv": [ 1.0, 15.5, 11.0, 19.5 ], "rotation": 270 },
														"west": { "texture": "#skin", "uv": [ 6.5, 43.0, 16.5, 51.0 ], "rotation": 270, "windMode": [-1,-1,-1,-1] },
														"up": { "texture": "#skin", "uv": [ 11.0, 15.5, 19.0, 19.5 ], "rotation": 270 },
														"down": { "texture": "#skin", "uv": [ 29.0, 15.5, 37.0, 19.5 ], "rotation": 90 }
													},
													"children": [
														{
															"name": "Neck4",
															"from": [ -4.015, 2.6399, 1.0 ],
															"to": [ 0.285, 9.6399, 7.0 ],
															"unwrapMode": 7,
															"unwrapRotation": 1,
															"autoUnwrap": false,
															"uv": [ 1.0, 4.0 ],
															"rotationOrigin": [ -0.015, 9.6399, 5.0 ],
															"faces": {
																"north": { "texture": "#skin", "uv": [ 14.0, 11.0, 21.0, 15.0 ], "rotation": 90 },
																"south": { "texture": "#skin", "uv": [ 1.0, 11.0, 8.0, 15.0 ], "rotation": 270 },
																"west": { "texture": "#skin", "uv": [ 32.0, 1.0, 38.0, 8.0 ], "rotation": 180, "windMode": [-1,-1,-1,-1] },
																"up": { "texture": "#skin", "uv": [ 8.0, 11.0, 14.0, 15.0 ], "rotation": 270 },
																"down": { "texture": "#skin", "uv": [ 21.0, 11.0, 27.0, 15.0 ], "rotation": 90 }
															},
															"children": [
																{
																	"name": "Head",
																	"from": [ -4.0, 1.7, 0.2 ],
																	"to": [ 1.0, 6.7, 5.8 ],
																	"unwrapMode": 7,
																	"unwrapRotation": 1,
																	"autoUnwrap": false,
																	"uv": [ 1.0, 0.5 ],
																	"rotationOrigin": [ 0.0, 6.7, 3.0 ],
																	"rotationZ": -2.0,
																	"faces": {
																		"north": { "texture": "#skin", "uv": [ 11.5, 5.5, 16.5, 10.5 ], "rotation": 90 },
																		"south": { "texture": "#skin", "uv": [ 1.0, 5.5, 6.0, 10.5 ], "rotation": 270 },
																		"west": { "texture": "#skin", "uv": [ 25.5, 1.0, 31.0, 6.0 ], "rotation": 180 },
																		"up": { "texture": "#skin", "uv": [ 6.0, 5.5, 11.5, 10.5 ], "rotation": 270 },
																		"down": { "texture": "#skin", "uv": [ 16.5, 5.5, 22.0, 10.5 ], "rotation": 90 }
																	},
																	"children": [
																		{
																			"name": "Head2",
																			"from": [ -4.0, 0.6, 0.3 ],
																			"to": [ 0.0, 4.6, 5.1 ],
																			"unwrapMode": 7,
																			"unwrapRotation": 1,
																			"autoUnwrap": false,
																			"uv": [ 1.0, -3.0 ],
																			"rotationOrigin": [ 0.0, 4.6, 2.9 ],
																			"rotationZ": 25.0,
																			"faces": {
																				"north": { "texture": "#skin", "uv": [ 9.5, 1.0, 13.5, 5.0 ], "rotation": 90 },
																				"south": { "texture": "#skin", "uv": [ 1.0, 1.0, 5.0, 5.0 ], "rotation": 270 },
																				"west": { "texture": "#skin", "uv": [ 20.0, 1.0, 24.5, 5.0 ], "rotation": 180 },
																				"up": { "texture": "#skin", "uv": [ 5.0, 1.0, 9.5, 5.0 ], "rotation": 270 },
																				"down": { "texture": "#skin", "uv": [ 13.5, 1.0, 18.0, 5.0 ], "rotation": 90 }
																			},
																			"children": [
																				{
																					"name": "Front mouth",
																					"from": [ 0.0, 1.0, 0.2 ],
																					"to": [ 4.0, 4.0, 4.6 ],
																					"unwrapMode": 2,
																					"uv": [ 51.5, 2.0 ],
																					"rotationOrigin": [ 0.0, 4.0, 0.2 ],
																					"rotationZ": -45.0,
																					"faces": {
																						"north": { "texture": "#skin", "uv": [ 59.5, 2.0, 63.5, 5.0 ] },
																						"east": { "texture": "#skin", "uv": [ 55.5, 2.0, 59.5, 5.0 ] },
																						"south": { "texture": "#skin", "uv": [ 51.5, 2.0, 55.5, 5.0 ] },
																						"west": { "texture": "#skin", "uv": [ 63.5, 2.0, 67.5, 5.0 ] },
																						"down": { "texture": "#skin", "uv": [ 55.5, 5.0, 59.5, 9.0 ], "rotation": 270 }
																					}
																				}
																			]
																		},
																		{
																			"name": "Lower mouth",
																			"from": [ 0.0, -1.0, 1.1 ],
																			"to": [ 5.0, 0.5, 4.5 ],
																			"unwrapMode": 7,
																			"unwrapRotation": 1,
																			"uv": [ 55.0, 9.5 ],
																			"rotationOrigin": [ 4.0, 0.5, 1.1 ],
																			"faces": {
																				"north": { "texture": "#skin", "uv": [ 59.5, 11.0, 61.0, 16.0 ], "rotation": 90 },
																				"south": { "texture": "#skin", "uv": [ 55.0, 11.0, 56.5, 16.0 ], "rotation": 270 },
																				"west": { "texture": "#skin", "uv": [ 56.5, 9.5, 59.5, 11.0 ], "rotation": 180 },
																				"up": { "texture": "#skin", "uv": [ 56.5, 11.0, 59.5, 16.0 ], "rotation": 270 },
																				"down": { "texture": "#skin", "uv": [ 61.0, 11.0, 64.0, 16.0 ], "rotation": 90 }
																			},
																			"children": [
																				{
																					"name": "Lower lip",
																					"from": [ -0.5, -0.7, -0.2 ],
																					"to": [ 1.0, 1.3, 3.4 ],
																					"unwrapMode": 7,
																					"unwrapRotation": 1,
																					"uv": [ 55.0, 17.0 ],
																					"rotationOrigin": [ 1.0, 0.8, -0.2 ],
																					"rotationZ": -12.0,
																					"faces": {
																						"north": { "texture": "#skin", "uv": [ 60.5, 19.0, 62.5, 20.5 ], "rotation": 90 },
																						"east": { "texture": "#skin", "uv": [ 57.0, 20.5, 60.5, 22.5 ] },
																						"south": { "texture": "#skin", "uv": [ 55.0, 19.0, 57.0, 20.5 ], "rotation": 270 },
																						"west": { "texture": "#skin", "uv": [ 57.0, 17.0, 60.5, 19.0 ], "rotation": 180 },
																						"up": { "texture": "#skin", "uv": [ 57.0, 19.0, 60.5, 20.5 ], "rotation": 270 },
																						"down": { "texture": "#skin", "uv": [ 62.5, 19.0, 66.0, 20.5 ], "rotation": 90 }
																					}
																				}
																			]
																		}
																	]
																}
															]
														}
													]
												}
											]
										}
									]
								}
							]
						}
					]
				},
				{
					"name": "Tail1",
					"from": [ 19.6, 1.7, 1.0 ],
					"to": [ 26.6, 22.7, 19.0 ],
					"unwrapMode": 7,
					"unwrapRotation": 1,
					"autoUnwrap": false,
					"uv": [ 1.0, 63.5 ],
					"rotationOrigin": [ 19.6, 22.7, 10.0 ],
					"rotationZ": -2.0,
					"faces": {
						"north": { "texture": "#skin", "uv": [ 40.0, 63.5, 61.0, 70.5 ], "rotation": 90 },
						"east": { "texture": "#skin", "uv": [ 45.0, 44.5, 66.0, 62.5 ], "rotation": 90, "windMode": [-1,-1,-1,-1] },
						"south": { "texture": "#skin", "uv": [ 1.0, 63.5, 22.0, 70.5 ], "rotation": 270 },
						"up": { "texture": "#skin", "uv": [ 22.0, 63.5, 40.0, 70.5 ], "rotation": 270 },
						"down": { "texture": "#skin", "uv": [ 61.0, 63.5, 79.0, 70.5 ], "rotation": 90 }
					},
					"children": [
						{
							"name": "Tail2",
							"from": [ 6.31, 2.74, 1.0 ],
							"to": [ 13.31, 20.74, 17.0 ],
							"unwrapMode": 7,
							"unwrapRotation": 1,
							"autoUnwrap": false,
							"uv": [ 1.0, 71.0 ],
							"rotationOrigin": [ 6.3062, 20.74, 9.0 ],
							"faces": {
								"north": { "texture": "#skin", "uv": [ 35.0, 71.0, 53.0, 78.0 ], "rotation": 90 },
								"east": { "texture": "#skin", "uv": [ 45.5, 45.5, 63.5, 61.5 ], "rotation": 90, "windMode": [-1,-1,-1,-1] },
								"south": { "texture": "#skin", "uv": [ 1.0, 71.0, 19.0, 78.0 ], "rotation": 270, "windMode": [-1,-1,-1,-1] },
								"up": { "texture": "#skin", "uv": [ 19.0, 71.0, 35.0, 78.0 ], "rotation": 270 },
								"down": { "texture": "#skin", "uv": [ 53.0, 71.0, 69.0, 78.0 ], "rotation": 90 }
							},
							"children": [
								{
									"name": "Tail3",
									"from": [ 6.6, 2.8, 1.0 ],
									"to": [ 13.6, 17.8, 15.0 ],
									"unwrapMode": 7,
									"unwrapRotation": 1,
									"autoUnwrap": false,
									"uv": [ 1.0, 78.5 ],
									"rotationOrigin": [ 6.6, 17.8, 8.0 ],
									"rotationZ": -2.0,
									"faces": {
										"north": { "texture": "#skin", "uv": [ 30.0, 78.5, 45.0, 85.5 ], "rotation": 90 },
										"east": { "texture": "#skin", "uv": [ 46.0, 46.0, 61.0, 60.0 ], "rotation": 90, "windMode": [-1,-1,-1,-1] },
										"south": { "texture": "#skin", "uv": [ 1.0, 78.5, 16.0, 85.5 ], "rotation": 270 },
										"up": { "texture": "#skin", "uv": [ 16.0, 78.5, 30.0, 85.5 ], "rotation": 270 },
										"down": { "texture": "#skin", "uv": [ 45.0, 78.5, 59.0, 85.5 ], "rotation": 90 }
									},
									"children": [
										{
											"name": "Tail4",
											"from": [ 6.11, 1.8306, 1.0 ],
											"to": [ 13.51, 14.8306, 13.0 ],
											"unwrapMode": 7,
											"unwrapRotation": 1,
											"autoUnwrap": false,
											"uv": [ 1.0, 86.0 ],
											"rotationOrigin": [ 6.1099, 14.8306, 7.0 ],
											"faces": {
												"north": { "texture": "#skin", "uv": [ 26.0, 86.0, 39.0, 93.0 ], "rotation": 90 },
												"east": { "texture": "#skin", "uv": [ 49.0, 48.0, 62.0, 60.0 ], "rotation": 90, "windMode": [-1,-1,-1,-1] },
												"south": { "texture": "#skin", "uv": [ 1.0, 86.0, 14.0, 93.0 ], "rotation": 270 },
												"up": { "texture": "#skin", "uv": [ 14.0, 86.0, 26.0, 93.0 ], "rotation": 270 },
												"down": { "texture": "#skin", "uv": [ 39.0, 86.0, 51.0, 93.0 ], "rotation": 90 }
											},
											"children": [
												{
													"name": "Tail5",
													"from": [ 7.2, 3.6, 1.0 ],
													"to": [ 15.2, 12.6, 11.0 ],
													"unwrapMode": 7,
													"unwrapRotation": 1,
													"autoUnwrap": false,
													"uv": [ 1.0, 93.5 ],
													"rotationOrigin": [ 7.2, 12.6, 6.0 ],
													"rotationZ": -2.0,
													"faces": {
														"north": { "texture": "#skin", "uv": [ 20.0, 93.5, 29.0, 101.5 ], "rotation": 90 },
														"east": { "texture": "#skin", "uv": [ 50.0, 49.5, 59.0, 59.5 ], "rotation": 90, "windMode": [-1,-1,-1,-1] },
														"south": { "texture": "#skin", "uv": [ 1.0, 93.5, 10.0, 101.5 ], "rotation": 270, "windMode": [-1,-1,-1,-1] },
														"up": { "texture": "#skin", "uv": [ 10.0, 93.5, 20.0, 101.5 ], "rotation": 270 },
														"down": { "texture": "#skin", "uv": [ 29.0, 93.5, 39.0, 101.5 ], "rotation": 90 }
													},
													"children": [
														{
															"name": "Tail6",
															"from": [ 7.4164, 1.6586, 1.0 ],
															"to": [ 15.4164, 8.6586, 9.0 ],
															"unwrapMode": 7,
															"unwrapRotation": 1,
															"autoUnwrap": false,
															"uv": [ 1.0, 102.0 ],
															"rotationOrigin": [ 7.4164, 8.6586, 5.0 ],
															"faces": {
																"north": { "texture": "#skin", "uv": [ 16.0, 102.0, 23.0, 110.0 ], "rotation": 90 },
																"east": { "texture": "#skin", "uv": [ 16.0, 102.0, 23.0, 110.0 ], "rotation": 90, "windMode": [-1,-1,-1,-1] },
																"south": { "texture": "#skin", "uv": [ 1.0, 102.0, 8.0, 110.0 ], "rotation": 270 },
																"up": { "texture": "#skin", "uv": [ 8.0, 102.0, 16.0, 110.0 ], "rotation": 270 },
																"down": { "texture": "#skin", "uv": [ 23.0, 102.0, 31.0, 110.0 ], "rotation": 90 }
															},
															"children": [
																{
																	"name": "Fluke Base",
																	"from": [ 6.6, 2.4, 1.0 ],
																	"to": [ 12.6, 6.4, 7.0 ],
																	"unwrapMode": 7,
																	"unwrapRotation": 1,
																	"autoUnwrap": false,
																	"uv": [ 1.0, 110.5 ],
																	"rotationOrigin": [ 7.6, 6.0, 4.0 ],
																	"rotationZ": -2.0,
																	"faces": {
																		"north": { "texture": "#skin", "uv": [ 11.0, 110.5, 15.0, 116.5 ], "rotation": 90 },
																		"east": { "texture": "#skin", "uv": [ 11.0, 110.5, 15.0, 116.5 ], "rotation": 90, "windMode": [-1,-1,-1,-1] },
																		"south": { "texture": "#skin", "uv": [ 1.0, 110.5, 5.0, 116.5 ], "rotation": 270 },
																		"up": { "texture": "#skin", "uv": [ 5.0, 110.5, 11.0, 116.5 ], "rotation": 270 },
																		"down": { "texture": "#skin", "uv": [ 15.0, 110.5, 21.0, 116.5 ], "rotation": 90 }
																	},
																	"children": [
																		{
																			"name": "LFluke1",
																			"from": [ 3.0, 1.2, 5.4 ],
																			"to": [ 12.2, 2.8, 13.4 ],
																			"unwrapMode": 7,
																			"unwrapRotation": 1,
																			"uv": [ 32.0, 102.5 ],
																			"rotationOrigin": [ 3.0, 2.6, 5.4 ],
																			"rotationY": 9.0,
																			"rotationZ": -3.0,
																			"faces": {
																				"north": { "texture": "#skin", "uv": [ 41.5, 104.0, 43.0, 113.0 ], "rotation": 90 },
																				"east": { "texture": "#skin", "uv": [ 33.5, 113.0, 41.5, 114.5 ] },
																				"south": { "texture": "#skin", "uv": [ 32.0, 104.0, 33.5, 113.0 ], "rotation": 270 },
																				"west": { "texture": "#skin", "uv": [ 33.5, 102.5, 41.5, 104.0 ], "rotation": 180 },
																				"up": { "texture": "#skin", "uv": [ 33.5, 104.0, 41.5, 113.0 ], "rotation": 270 },
																				"down": { "texture": "#skin", "uv": [ 43.0, 104.0, 51.0, 113.0 ], "rotation": 90 }
																			},
																			"children": [
																				{
																					"name": "LFluke2",
																					"from": [ 0.0, 0.2, 7.9 ],
																					"to": [ 9.0, 1.4, 15.9 ],
																					"unwrapMode": 7,
																					"unwrapRotation": 1,
																					"uv": [ 51.5, 103.0 ],
																					"rotationOrigin": [ 0.0, 1.0, 7.9 ],
																					"rotationY": 12.0,
																					"faces": {
																						"north": { "texture": "#skin", "uv": [ 60.5, 104.0, 61.5, 113.0 ], "rotation": 90 },
																						"east": { "texture": "#skin", "uv": [ 52.5, 113.0, 60.5, 114.0 ] },
																						"south": { "texture": "#skin", "uv": [ 51.5, 104.0, 52.5, 113.0 ], "rotation": 270 },
																						"west": { "texture": "#skin", "uv": [ 52.5, 103.0, 60.5, 104.0 ], "rotation": 180 },
																						"up": { "texture": "#skin", "uv": [ 52.5, 104.0, 60.5, 113.0 ], "rotation": 270 },
																						"down": { "texture": "#skin", "uv": [ 61.5, 104.0, 69.5, 113.0 ], "rotation": 90 }
																					},
																					"children": [
																						{
																							"name": "LFluke3",
																							"from": [ 0.0, 0.2, 8.0 ],
																							"to": [ 7.0, 1.0, 13.0 ],
																							"unwrapMode": 7,
																							"unwrapRotation": 1,
																							"uv": [ 70.0, 105.5 ],
																							"rotationOrigin": [ 0.0, 1.0, 8.0 ],
																							"rotationY": 36.0,
																							"faces": {
																								"north": { "texture": "#skin", "uv": [ 75.5, 106.0, 76.0, 113.0 ], "rotation": 90 },
																								"east": { "texture": "#skin", "uv": [ 70.5, 113.0, 75.5, 113.5 ] },
																								"south": { "texture": "#skin", "uv": [ 70.0, 106.0, 70.5, 113.0 ], "rotation": 270 },
																								"west": { "texture": "#skin", "uv": [ 70.5, 105.5, 75.5, 106.0 ], "rotation": 180 },
																								"up": { "texture": "#skin", "uv": [ 70.5, 106.0, 75.5, 113.0 ], "rotation": 270 },
																								"down": { "texture": "#skin", "uv": [ 76.0, 106.0, 81.0, 113.0 ], "rotation": 90 }
																							},
																							"children": [
																								{
																									"name": "LFluke4",
																									"from": [ 0.0, 0.1, 5.0 ],
																									"to": [ 6.0, 0.7, 9.5 ],
																									"unwrapMode": 7,
																									"unwrapRotation": 1,
																									"uv": [ 81.5, 106.5 ],
																									"rotationOrigin": [ 0.0, 0.9, 5.0 ],
																									"rotationY": 36.0,
																									"faces": {
																										"north": { "texture": "#skin", "uv": [ 86.5, 107.0, 87.0, 113.0 ], "rotation": 90 },
																										"east": { "texture": "#skin", "uv": [ 82.0, 113.0, 86.5, 113.5 ] },
																										"south": { "texture": "#skin", "uv": [ 81.5, 107.0, 82.0, 113.0 ], "rotation": 270 },
																										"west": { "texture": "#skin", "uv": [ 82.0, 106.5, 86.5, 107.0 ], "rotation": 180 },
																										"up": { "texture": "#skin", "uv": [ 82.0, 107.0, 86.5, 113.0 ], "rotation": 270 },
																										"down": { "texture": "#skin", "uv": [ 87.0, 107.0, 91.5, 113.0 ], "rotation": 90 }
																									}
																								}
																							]
																						}
																					]
																				}
																			]
																		},
																		{
																			"name": "RFluke1",
																			"from": [ 3.0, 1.2, -7.4 ],
																			"to": [ 12.2, 2.8, 0.6 ],
																			"unwrapMode": 7,
																			"unwrapRotation": 1,
																			"uv": [ 21.5, 114.0 ],
																			"rotationOrigin": [ 3.0, 2.6, 0.6 ],
																			"rotationY": -9.0,
																			"rotationZ": -3.0,
																			"faces": {
																				"north": { "texture": "#skin", "uv": [ 31.0, 115.5, 32.5, 124.5 ], "rotation": 90 },
																				"east": { "texture": "#skin", "uv": [ 23.0, 124.5, 31.0, 126.0 ] },
																				"south": { "texture": "#skin", "uv": [ 21.5, 115.5, 23.0, 124.5 ], "rotation": 270 },
																				"west": { "texture": "#skin", "uv": [ 23.0, 114.0, 31.0, 115.5 ], "rotation": 180 },
																				"up": { "texture": "#skin", "uv": [ 23.0, 115.5, 31.0, 124.5 ], "rotation": 270 },
																				"down": { "texture": "#skin", "uv": [ 32.5, 115.5, 40.5, 124.5 ], "rotation": 90 }
																			},
																			"children": [
																				{
																					"name": "RFluke2",
																					"from": [ 0.0, 0.2, -7.9 ],
																					"to": [ 9.0, 1.4, 0.1 ],
																					"unwrapMode": 7,
																					"unwrapRotation": 1,
																					"uv": [ 41.0, 114.5 ],
																					"rotationOrigin": [ 0.0, 1.6, 0.1 ],
																					"rotationY": -12.0,
																					"faces": {
																						"north": { "texture": "#skin", "uv": [ 50.0, 115.5, 51.0, 124.5 ], "rotation": 90 },
																						"east": { "texture": "#skin", "uv": [ 42.0, 124.5, 50.0, 125.5 ] },
																						"south": { "texture": "#skin", "uv": [ 41.0, 115.5, 42.0, 124.5 ], "rotation": 270 },
																						"west": { "texture": "#skin", "uv": [ 42.0, 114.5, 50.0, 115.5 ], "rotation": 180 },
																						"up": { "texture": "#skin", "uv": [ 42.0, 115.5, 50.0, 124.5 ], "rotation": 270 },
																						"down": { "texture": "#skin", "uv": [ 51.0, 115.5, 59.0, 124.5 ], "rotation": 90 }
																					},
																					"children": [
																						{
																							"name": "RFluke3",
																							"from": [ 0.0, 0.2, -5.0 ],
																							"to": [ 7.0, 1.0, 0.0 ],
																							"unwrapMode": 7,
																							"unwrapRotation": 1,
																							"uv": [ 59.5, 117.0 ],
																							"rotationOrigin": [ 0.0, 1.0, 0.0 ],
																							"rotationY": -36.0,
																							"faces": {
																								"north": { "texture": "#skin", "uv": [ 65.0, 117.5, 65.5, 124.5 ], "rotation": 90 },
																								"east": { "texture": "#skin", "uv": [ 60.0, 124.5, 65.0, 125.0 ] },
																								"south": { "texture": "#skin", "uv": [ 59.5, 117.5, 60.0, 124.5 ], "rotation": 270 },
																								"west": { "texture": "#skin", "uv": [ 60.0, 117.0, 65.0, 117.5 ], "rotation": 180 },
																								"up": { "texture": "#skin", "uv": [ 60.0, 117.5, 65.0, 124.5 ], "rotation": 270 },
																								"down": { "texture": "#skin", "uv": [ 65.5, 117.5, 70.5, 124.5 ], "rotation": 90 }
																							},
																							"children": [
																								{
																									"name": "RFluke4",
																									"from": [ 0.0, 0.1, -4.5 ],
																									"to": [ 6.0, 0.7, 0.0 ],
																									"unwrapMode": 7,
																									"unwrapRotation": 1,
																									"uv": [ 71.0, 118.0 ],
																									"rotationOrigin": [ 0.0, 0.7, 0.0 ],
																									"rotationY": -36.0,
																									"faces": {
																										"north": { "texture": "#skin", "uv": [ 76.0, 118.5, 76.5, 124.5 ], "rotation": 90 },
																										"east": { "texture": "#skin", "uv": [ 71.5, 124.5, 76.0, 125.0 ] },
																										"south": { "texture": "#skin", "uv": [ 71.0, 118.5, 71.5, 124.5 ], "rotation": 270 },
																										"west": { "texture": "#skin", "uv": [ 71.5, 118.0, 76.0, 118.5 ], "rotation": 180 },
																										"up": { "texture": "#skin", "uv": [ 71.5, 118.5, 76.0, 124.5 ], "rotation": 270 },
																										"down": { "texture": "#skin", "uv": [ 76.5, 118.5, 81.0, 124.5 ], "rotation": 90 }
																									}
																								}
																							]
																						}
																					]
																				}
																			]
																		},
																		{
																			"name": "Fluke Base2",
																			"from": [ 6.0249, 0.375, 1.0 ],
																			"to": [ 12.0249, 3.375, 5.0 ],
																			"unwrapMode": 7,
																			"unwrapRotation": 1,
																			"uv": [ 1.0, 117.0 ],
																			"rotationOrigin": [ 6.0249, 2.975, 3.0 ],
																			"faces": {
																				"north": { "texture": "#skin", "uv": [ 8.0, 117.0, 11.0, 123.0 ], "rotation": 90 },
																				"east": { "texture": "#skin", "uv": [ 4.0, 123.0, 8.0, 126.0 ] },
																				"south": { "texture": "#skin", "uv": [ 1.0, 117.0, 4.0, 123.0 ], "rotation": 270 },
																				"up": { "texture": "#skin", "uv": [ 4.0, 117.0, 8.0, 123.0 ], "rotation": 270 },
																				"down": { "texture": "#skin", "uv": [ 11.0, 117.0, 15.0, 123.0 ], "rotation": 90 }
																			}
																		}
																	]
																}
															]
														}
													]
												}
											]
										}
									]
								}
							]
						}
					]
				}
			],
			"attachmentpoints": [
				{
					"code": "Center",
					"posX": "10.0","posY": "5.0","posZ": "10.0",
					"rotationX": "0.0","rotationY": "0.0","rotationZ": "0.0"
				}
			]
		}
	],
	"animations": [
		{
			"name": "Swim",
			"code": "swim",
			"quantityframes": 30,
			"onActivityStopped": "EaseOut",
			"onAnimationEnd": "Repeat",
			"keyframes": [
				{
					"frame": 0,
					"elements": {
						"Body": { "rotationX": 0.0, "rotationY": 0.0, "rotationZ": 1.0 },
						"R Shoulder": { "rotationX": 5.0, "rotationY": 0.0, "rotationZ": 0.0 },
						"L Shoulder": { "rotationX": -5.0, "rotationY": 0.0, "rotationZ": 0.0 }
					}
				},
				{
					"frame": 1,
					"elements": {
						"Tail2": { "rotationX": 0.0, "rotationY": 0.0, "rotationZ": 2.0 },
						"Neck2": { "rotationX": 0.0, "rotationY": 0.0, "rotationZ": 4.0 }
					}
				},
				{
					"frame": 2,
					"elements": {
						"Tail4": { "rotationX": 0.0, "rotationY": 0.0, "rotationZ": 4.0 },
						"Neck4": { "rotationX": 0.0, "rotationY": 0.0, "rotationZ": 2.0 }
					}
				},
				{
					"frame": 3,
					"elements": {
						"Tail6": { "rotationX": 0.0, "rotationY": 0.0, "rotationZ": 4.0 },
						"Head": { "rotationX": 0.0, "rotationY": 0.0, "rotationZ": 1.0 }
					}
				},
				{
					"frame": 4,
					"elements": {
						"Fluke Base": { "rotationX": 0.0, "rotationY": 0.0, "rotationZ": 8.0 }
					}
				},
				{
					"frame": 5,
					"elements": {
						"LFluke1": { "rotationX": 0.0, "rotationY": 0.0, "rotationZ": 8.0 },
						"RFluke1": { "rotationX": 0.0, "rotationY": 0.0, "rotationZ": 8.0 }
					}
				},
				{
					"frame": 15,
					"elements": {
						"Body": { "rotationX": 0.0, "rotationY": 0.0, "rotationZ": -1.0 },
						"R Shoulder": { "rotationX": -5.0, "rotationY": 0.0, "rotationZ": 0.0 },
						"L Shoulder": { "rotationX": 5.0, "rotationY": 0.0, "rotationZ": 0.0 }
					}
				},
				{
					"frame": 17,
					"elements": {
						"Tail2": { "rotationX": 0.0, "rotationY": 0.0, "rotationZ": -2.0 },
						"Neck2": { "rotationX": 0.0, "rotationY": 0.0, "rotationZ": -4.0 }
					}
				},
				{
					"frame": 19,
					"elements": {
						"Tail4": { "rotationX": 0.0, "rotationY": 0.0, "rotationZ": -4.0 },
						"Neck4": { "rotationX": 0.0, "rotationY": 0.0, "rotationZ": -2.0 }
					}
				},
				{
					"frame": 21,
					"elements": {
						"Tail6": { "rotationX": 0.0, "rotationY": 0.0, "rotationZ": -4.0 },
						"Head": { "rotationX": 0.0, "rotationY": 0.0, "rotationZ": -1.0 }
					}
				},
				{
					"frame": 23,
					"elements": {
						"Fluke Base": { "rotationX": 0.0, "rotationY": 0.0, "rotationZ": -8.0 }
					}
				},
				{
					"frame": 25,
					"elements": {
						"LFluke1": { "rotationX": 0.0, "rotationY": 0.0, "rotationZ": -8.0 },
						"RFluke1": { "rotationX": 0.0, "rotationY": 0.0, "rotationZ": -8.0 }
					}
				}
			]
		},

		{
			"name": "Swimfast",
			"code": "swimfast",
			"quantityframes": 30,
			"onActivityStopped": "EaseOut",
			"onAnimationEnd": "Repeat",
			"keyframes": [
				{
					"frame": 0,
					"elements": {
						"Body": { "rotationX": 0.0, "rotationY": 0.0, "rotationZ": 2.0 },
						"R Shoulder": { "rotationX": 7.0, "rotationY": 0.0, "rotationZ": 0.0 },
						"L Shoulder": { "rotationX": -7.0, "rotationY": 0.0, "rotationZ": 0.0 }
					}
				},
				{
					"frame": 1,
					"elements": {
						"Tail2": { "rotationX": 0.0, "rotationY": 0.0, "rotationZ": 3.0 },
						"Neck2": { "rotationX": 0.0, "rotationY": 0.0, "rotationZ": 6.0 }
					}
				},
				{
					"frame": 2,
					"elements": {
						"Tail4": { "rotationX": 0.0, "rotationY": 0.0, "rotationZ": 6.0 },
						"Neck4": { "rotationX": 0.0, "rotationY": 0.0, "rotationZ": 3.0 }
					}
				},
				{
					"frame": 3,
					"elements": {
						"Tail6": { "rotationX": 0.0, "rotationY": 0.0, "rotationZ": 6.0 },
						"Head": { "rotationX": 0.0, "rotationY": 0.0, "rotationZ": 2.0 }
					}
				},
				{
					"frame": 4,
					"elements": {
						"Fluke Base": { "rotationX": 0.0, "rotationY": 0.0, "rotationZ": 12.0 }
					}
				},
				{
					"frame": 5,
					"elements": {
						"LFluke1": { "rotationX": 0.0, "rotationY": 0.0, "rotationZ": 12.0 },
						"RFluke1": { "rotationX": 0.0, "rotationY": 0.0, "rotationZ": 12.0 }
					}
				},
				{
					"frame": 15,
					"elements": {
						"Body": { "rotationX": 0.0, "rotationY": 0.0, "rotationZ": -2.0 },
						"R Shoulder": { "rotationX": -7.0, "rotationY": 0.0, "rotationZ": 0.0 },
						"L Shoulder": { "rotationX": 7.0, "rotationY": 0.0, "rotationZ": 0.0 }
					}
				},
				{
					"frame": 17,
					"elements": {
						"Tail2": { "rotationX": 0.0, "rotationY": 0.0, "rotationZ": -3.0 },
						"Neck2": { "rotationX": 0.0, "rotationY": 0.0, "rotationZ": -6.0 }
					}
				},
				{
					"frame": 19,
					"elements": {
						"Tail4": { "rotationX": 0.0, "rotationY": 0.0, "rotationZ": -6.0 },
						"Neck4": { "rotationX": 0.0, "rotationY": 0.0, "rotationZ": -3.0 }
					}
				},
				{
					"frame": 21,
					"elements": {
						"Tail6": { "rotationX": 0.0, "rotationY": 0.0, "rotationZ": -6.0 },
						"Head": { "rotationX": 0.0, "rotationY": 0.0, "rotationZ": -2.0 }
					}
				},
				{
					"frame": 23,
					"elements": {
						"Fluke Base": { "rotationX": 0.0, "rotationY": 0.0, "rotationZ": -12.0 }
					}
				},
				{
					"frame": 25,
					"elements": {
						"LFluke1": { "rotationX": 0.0, "rotationY": 0.0, "rotationZ": -12.0 },
						"RFluke1": { "rotationX": 0.0, "rotationY": 0.0, "rotationZ": -12.0 }
					}
				}
			]
		},

		{
			"name": "Idle",
			"code": "idle",
			"quantityframes": 30,
			"onActivityStopped": "EaseOut",
			"onAnimationEnd": "Repeat",
			"keyframes": [
				{
					"frame": 0,
					"elements": {
						"Tail2": { "rotationX": 0.0, "rotationY": 0.0, "rotationZ": -4.0 },
						"Neck2": { "rotationX": 0.0, "rotationY": 0.0, "rotationZ": 2.0 },
						"R Shoulder": { "rotationX": -25.0, "rotationY": 0.0, "rotationZ": 0.0 },
						"R flipper": { "rotationX": -15.0, "rotationY": 0.0, "rotationZ": 0.0 },
						"R flipper rotation": { "rotationX": -5.0, "rotationY": 0.0, "rotationZ": 0.0 },
						"L Shoulder": { "rotationX": 15.0, "rotationY": 0.0, "rotationZ": 0.0 },
						"L flipper": { "rotationX": 15.0, "rotationY": 0.0, "rotationZ": 0.0 },
						"L flipper rotation": { "rotationX": 5.0, "rotationY": 0.0, "rotationZ": 0.0 }
					}
				},
				{
					"frame": 1,
					"elements": {
						"Tail4": { "rotationX": 0.0, "rotationY": 0.0, "rotationZ": -4.0 },
						"Neck4": { "rotationX": 0.0, "rotationY": 0.0, "rotationZ": 2.0 }
					}
				},
				{
					"frame": 2,
					"elements": {
						"Tail6": { "rotationX": 0.0, "rotationY": 0.0, "rotationZ": -4.0 },
						"Head": { "rotationX": 0.0, "rotationY": 0.0, "rotationZ": 2.0 }
					}
				},
				{
					"frame": 3,
					"elements": {
						"Fluke Base": { "rotationX": 0.0, "rotationY": 0.0, "rotationZ": -4.0 }
					}
				},
				{
					"frame": 4,
					"elements": {
						"LFluke1": { "rotationX": 0.0, "rotationY": 0.0, "rotationZ": -4.0 },
						"RFluke1": { "rotationX": 0.0, "rotationY": 0.0, "rotationZ": -4.0 }
					}
				},
				{
					"frame": 10,
					"elements": {
						"Tail2": { "rotationX": 0.0, "rotationY": 0.0, "rotationZ": -2.0 },
						"Neck2": { "rotationX": 0.0, "rotationY": 0.0, "rotationZ": 1.0 },
						"R Shoulder": { "rotationX": -15.0, "rotationY": 0.0, "rotationZ": 0.0 },
						"R flipper": { "rotationX": -10.0, "rotationY": 0.0, "rotationZ": 0.0 },
						"R flipper rotation": { "rotationX": -3.0, "rotationY": 0.0, "rotationZ": 0.0 },
						"L Shoulder": { "rotationX": -5.0, "rotationY": 0.0, "rotationZ": 0.0 },
						"L flipper": { "rotationX": 0.0, "rotationY": 0.0, "rotationZ": 0.0 },
						"L flipper rotation": { "rotationX": 0.0, "rotationY": 0.0, "rotationZ": 0.0 }
					}
				},
				{
					"frame": 12,
					"elements": {
						"Tail4": { "rotationX": 0.0, "rotationY": 0.0, "rotationZ": -2.0 },
						"Neck4": { "rotationX": 0.0, "rotationY": 0.0, "rotationZ": 1.0 }
					}
				},
				{
					"frame": 14,
					"elements": {
						"Tail6": { "rotationX": 0.0, "rotationY": 0.0, "rotationZ": -2.0 },
						"Head": { "rotationX": 0.0, "rotationY": 0.0, "rotationZ": 1.0 }
					}
				},
				{
					"frame": 16,
					"elements": {
						"Fluke Base": { "rotationX": 0.0, "rotationY": 0.0, "rotationZ": -2.0 }
					}
				},
				{
					"frame": 18,
					"elements": {
						"LFluke1": { "rotationX": 0.0, "rotationY": 0.0, "rotationZ": -2.0 },
						"RFluke1": { "rotationX": 0.0, "rotationY": 0.0, "rotationZ": -2.0 }
					}
				}
			]
		},

		{
			"name": "Dead-Floating",
			"code": "death",
			"quantityframes": 30,
			"onActivityStopped": "PlayTillEnd",
			"onAnimationEnd": "Hold",
			"keyframes": [
				{
					"frame": 0,
					"elements": {
						"Body": { "offsetX": 0.0, "offsetY": 0.0, "offsetZ": 0.0, "rotationX": 0.0, "rotationY": 0.0, "rotationZ": 0.0 },
						"Tail2": { "rotationX": 0.0, "rotationY": 0.0, "rotationZ": 0.0 },
						"Tail4": { "rotationX": 0.0, "rotationY": 0.0, "rotationZ": 0.0 },
						"Tail6": { "rotationX": 0.0, "rotationY": 0.0, "rotationZ": 0.0 },
						"Fluke Base": { "rotationX": 0.0, "rotationY": 0.0, "rotationZ": 0.0 },
						"Neck2": { "rotationX": 0.0, "rotationY": 0.0, "rotationZ": 0.0 },
						"Neck4": { "rotationX": 0.0, "rotationY": 0.0, "rotationZ": 0.0 },
						"Head": { "rotationX": 0.0, "rotationY": 0.0, "rotationZ": 0.0 },
						"Lower mouth": { "rotationX": 0.0, "rotationY": 0.0, "rotationZ": 0.0 },
						"R Shoulder": { "rotationX": 0.0, "rotationY": 0.0, "rotationZ": 0.0 },
						"R flipper": { "rotationX": 0.0, "rotationY": 0.0, "rotationZ": 0.0 },
						"R flipper rotation": { "rotationX": 0.0, "rotationY": 0.0, "rotationZ": 0.0 },
						"L Shoulder": { "rotationX": 0.0, "rotationY": 0.0, "rotationZ": 0.0 },
						"L flipper": { "rotationX": 0.0, "rotationY": 0.0, "rotationZ": 0.0 },
						"L flipper rotation": { "rotationX": 0.0, "rotationY": 0.0, "rotationZ": 0.0 }
					}
				},
				{
					"frame": 12,
					"elements": {
						"Body": { "offsetX": 0.0, "offsetY": 2.0, "offsetZ": 0.0, "rotationX": 5.0, "rotationY": 0.0, "rotationZ": 0.0 },
						"Tail2": { "rotationX": 0.0, "rotationY": -5.0, "rotationZ": -5.0 },
						"Tail4": { "rotationX": 0.0, "rotationY": -4.0, "rotationZ": -4.0 },
						"Tail6": { "rotationX": 0.0, "rotationY": -4.0, "rotationZ": -4.0 },
						"Fluke Base": { "rotationX": 0.0, "rotationY": -4.0, "rotationZ": -4.0 },
						"Neck2": { "rotationX": 0.0, "rotationY": 4.0, "rotationZ": 4.0 },
						"Neck4": { "rotationX": 0.0, "rotationY": 4.0, "rotationZ": 0.0 },
						"Head": { "rotationX": 0.0, "rotationY": 4.0, "rotationZ": 0.0 }
					}
				},
				{
					"frame": 28,
					"elements": {
						"Body": { "offsetX": 0.0, "offsetY": 8.0, "offsetZ": 0.0, "rotationX": -87.0, "rotationY": 0.0, "rotationZ": 0.0 },
						"Tail2": { "rotationX": 0.0, "rotationY": 5.0, "rotationZ": 0.0 },
						"Tail4": { "rotationX": 2.0, "rotationY": 8.0, "rotationZ": 0.0 },
						"Tail6": { "rotationX": 0.0, "rotationY": 12.0, "rotationZ": 0.0 },
						"Fluke Base": { "rotationX": 15.0, "rotationY": 5.0, "rotationZ": 0.0 },
						"Neck2": { "rotationX": 0.0, "rotationY": -5.0, "rotationZ": 0.0 },
						"Neck4": { "rotationX": 0.0, "rotationY": -5.0, "rotationZ": 0.0 },
						"Head": { "rotationX": 0.0, "rotationY": -3.0, "rotationZ": 0.0 },
						"Lower mouth": { "rotationX": 0.0, "rotationY": 0.0, "rotationZ": 20.0 },
						"R Shoulder": { "rotationX": 45.0, "rotationY": 0.0, "rotationZ": 0.0 },
						"R flipper": { "rotationX": 15.0, "rotationY": 0.0, "rotationZ": 0.0 },
						"R flipper rotation": { "rotationX": 5.0, "rotationY": 0.0, "rotationZ": 0.0 },
						"L Shoulder": { "rotationX": 15.0, "rotationY": 0.0, "rotationZ": 0.0 },
						"L flipper": { "rotationX": 15.0, "rotationY": 0.0, "rotationZ": 0.0 },
						"L flipper rotation": { "rotationX": 15.0, "rotationY": 0.0, "rotationZ": 0.0 }
					}
				}
			]
		},

		{
			"name": "Dead-Land",
			"code": "dead",
			"quantityframes": 10,
			"onActivityStopped": "PlayTillEnd",
			"onAnimationEnd": "Hold",
			"keyframes": [
				{
					"frame": 0,
					"elements": {
						"Body": { "offsetX": 0.0, "offsetY": -6.0, "offsetZ": 0.0, "rotationX": 0.0, "rotationY": 0.0, "rotationZ": 0.0 },
						"Tail2": { "rotationX": 0.0, "rotationY": 0.0, "rotationZ": -5.0 },
						"Tail4": { "rotationX": 0.0, "rotationY": 0.0, "rotationZ": -3.0 },
						"Tail6": { "rotationX": 0.0, "rotationY": 0.0, "rotationZ": -4.0 },
						"Fluke Base": { "rotationX": 0.0, "rotationY": 0.0, "rotationZ": 5.0 },
						"Head": { "rotationX": 0.0, "rotationY": 0.0, "rotationZ": -5.0 },
						"R Shoulder": { "rotationX": 45.0, "rotationY": 0.0, "rotationZ": 0.0 },
						"L Shoulder": { "rotationX": -45.0, "rotationY": 0.0, "rotationZ": 0.0 },
						"L flipper": { "rotationX": -5.0, "rotationY": 0.0, "rotationZ": 0.0 },
						"R flipper": { "rotationX": 5.0, "rotationY": 0.0, "rotationZ": 0.0 },
						"Body2": { "rotationX": 0.0, "rotationY": 0.0, "rotationZ": 4.0 },
						"Body3": { "rotationX": 0.0, "rotationY": 0.0, "rotationZ": 4.0 },
						"Neck1": { "rotationX": 0.0, "rotationY": 0.0, "rotationZ": 4.0 },
						"Neck2": { "rotationX": 0.0, "rotationY": 0.0, "rotationZ": 4.0 },
						"Neck3": { "rotationX": 0.0, "rotationY": 0.0, "rotationZ": 4.0 },
						"Neck4": { "rotationX": 0.0, "rotationY": 0.0, "rotationZ": 4.0 }
					}
				},
				{
					"frame": 8,
					"elements": {
						"Head": { "rotationX": 0.0, "rotationY": 0.0, "rotationZ": -2.0 }
					}
				}
			]
		},

		{
			"name": "Idle-Land",
			"code": "idle-land",
			"quantityframes": 20,
			"onActivityStopped": "EaseOut",
			"onAnimationEnd": "Repeat",
			"keyframes": [
				{
					"frame": 0,
					"elements": {
						"Body": { "offsetX": 0.0, "offsetY": -6.0, "offsetZ": 0.0, "rotationX": 0.0, "rotationY": 0.0, "rotationZ": 0.0 },
						"Tail2": { "rotationX": 0.0, "rotationY": 0.0, "rotationZ": -5.0 },
						"Tail4": { "rotationX": 0.0, "rotationY": 0.0, "rotationZ": -3.0 },
						"Tail6": { "rotationX": 0.0, "rotationY": 0.0, "rotationZ": -4.0 },
						"Fluke Base": { "rotationX": 0.0, "rotationY": 0.0, "rotationZ": 5.0 },
						"Head": { "rotationX": 0.0, "rotationY": 0.0, "rotationZ": -5.0 },
						"R Shoulder": { "rotationX": 45.0, "rotationY": 0.0, "rotationZ": 0.0 },
						"L Shoulder": { "rotationX": -45.0, "rotationY": 0.0, "rotationZ": 0.0 },
						"L flipper": { "rotationX": -5.0, "rotationY": 0.0, "rotationZ": 0.0 },
						"R flipper": { "rotationX": 5.0, "rotationY": 0.0, "rotationZ": 0.0 },
						"Body2": { "rotationX": 0.0, "rotationY": 0.0, "rotationZ": 4.0 },
						"Body3": { "rotationX": 0.0, "rotationY": 0.0, "rotationZ": 4.0 },
						"Neck1": { "rotationX": 0.0, "rotationY": 0.0, "rotationZ": 4.0 },
						"Neck2": { "rotationX": 0.0, "rotationY": 0.0, "rotationZ": 4.0 },
						"Neck3": { "rotationX": 0.0, "rotationY": 0.0, "rotationZ": 4.0 }
					}
				},
				{
					"frame": 10,
					"elements": {
						"Head": { "rotationX": 0.0, "rotationY": 0.0, "rotationZ": -2.0 },
						"R Shoulder": { "rotationX": 48.0, "rotationY": 0.0, "rotationZ": 0.0 },
						"R flipper": { "rotationX": 15.0, "rotationY": 0.0, "rotationZ": 0.0 },
						"L Shoulder": { "rotationX": -48.0, "rotationY": 0.0, "rotationZ": 0.0 },
						"L flipper": { "rotationX": -15.0, "rotationY": 0.0, "rotationZ": 0.0 },
						"Tail6": { "rotationX": 0.0, "rotationY": 0.0, "rotationZ": 0.0 }
					}
				}
			]
		},

		{
			"name": "Flopping",
			"code": "flopping",
			"quantityframes": 30,
			"onActivityStopped": "PlayTillEnd",
			"onAnimationEnd": "Repeat",
			"keyframes": [
				{
					"frame": 0,
					"elements": {
						"Body": { "offsetX": 0.0, "offsetY": -6.0, "offsetZ": 0.0, "rotationX": 0.0, "rotationY": 0.0, "rotationZ": 0.0 },
						"Tail2": { "rotationX": 0.0, "rotationY": 0.0, "rotationZ": -5.0 },
						"Tail4": { "rotationX": 0.0, "rotationY": 0.0, "rotationZ": -3.0 },
						"Tail6": { "rotationX": 0.0, "rotationY": 0.0, "rotationZ": -4.0 },
						"Fluke Base": { "rotationX": 0.0, "rotationY": 0.0, "rotationZ": 5.0 },
						"Head": { "rotationX": 0.0, "rotationY": 0.0, "rotationZ": -5.0 },
						"R Shoulder": { "rotationX": 45.0, "rotationY": 0.0, "rotationZ": 0.0 },
						"L Shoulder": { "rotationX": -45.0, "rotationY": 0.0, "rotationZ": 0.0 },
						"L flipper": { "rotationX": -5.0, "rotationY": 0.0, "rotationZ": 0.0 },
						"R flipper": { "rotationX": 5.0, "rotationY": 0.0, "rotationZ": 0.0 },
						"Neck2": { "rotationX": 0.0, "rotationY": 0.0, "rotationZ": 0.0 }
					}
				},
				{
					"frame": 4,
					"elements": {
						"Body": { "offsetX": 0.0, "offsetY": -6.0, "offsetZ": 0.0, "rotationX": -5.0, "rotationY": 0.0, "rotationZ": 0.0 },
						"R Shoulder": { "rotationX": 50.0, "rotationY": 0.0, "rotationZ": 0.0 },
						"L Shoulder": { "rotationX": -35.0, "rotationY": 0.0, "rotationZ": 0.0 },
						"Tail2": { "rotationX": 1.0, "rotationY": 0.0, "rotationZ": -5.0 },
						"Tail4": { "rotationX": 1.0, "rotationY": 0.0, "rotationZ": -3.0 },
						"Tail6": { "rotationX": 1.0, "rotationY": 0.0, "rotationZ": -4.0 },
						"Fluke Base": { "rotationX": 2.0, "rotationY": 0.0, "rotationZ": 5.0 },
						"Neck2": { "rotationX": 1.0, "rotationY": 0.0, "rotationZ": 0.0 }
					}
				},
				{
					"frame": 8,
					"elements": {
						"Body": { "offsetX": 0.0, "offsetY": -6.0, "offsetZ": 4.0, "rotationX": 15.0, "rotationY": 0.0, "rotationZ": 0.0 },
						"R Shoulder": { "rotationX": 15.0, "rotationY": 0.0, "rotationZ": 0.0 },
						"L Shoulder": { "rotationX": -67.5, "rotationY": 0.0, "rotationZ": 0.0 },
						"Tail2": { "rotationX": -3.0, "rotationY": -1.0, "rotationZ": -5.0 },
						"Tail4": { "rotationX": -3.0, "rotationY": -1.0, "rotationZ": -3.0 },
						"Tail6": { "rotationX": -3.0, "rotationY": -1.0, "rotationZ": -4.0 },
						"Fluke Base": { "rotationX": -6.0, "rotationY": -1.0, "rotationZ": 5.0 },
						"Neck2": { "rotationX": 4.0, "rotationY": 0.0, "rotationZ": 0.0 }
					}
				},
				{
					"frame": 10,
					"elements": {
						"Body": { "offsetX": 0.0, "offsetY": -6.0, "offsetZ": 4.0, "rotationX": 14.0, "rotationY": 0.0, "rotationZ": 0.0 }
					}
				},
				{
					"frame": 18,
					"elements": {
						"Body": { "offsetX": 0.0, "offsetY": -5.0, "offsetZ": -4.0, "rotationX": -29.0, "rotationY": 0.0, "rotationZ": 0.0 },
						"R Shoulder": { "rotationX": 0.0, "rotationY": 45.0, "rotationZ": 90.0 },
						"L Shoulder": { "rotationX": 0.0, "rotationY": 0.0, "rotationZ": 0.0 },
						"Tail2": { "rotationX": 6.0, "rotationY": 2.0, "rotationZ": -5.0 },
						"Tail4": { "rotationX": 6.0, "rotationY": 2.0, "rotationZ": -3.0 },
						"Tail6": { "rotationX": 6.0, "rotationY": 2.0, "rotationZ": -4.0 },
						"Fluke Base": { "rotationX": 12.0, "rotationY": 2.0, "rotationZ": 5.0 },
						"Neck2": { "rotationX": 0.0, "rotationY": 0.0, "rotationZ": 0.0 }
					}
				},
				{
					"frame": 20,
					"elements": {
						"Body": { "rotationX": -28.0, "rotationY": 0.0, "rotationZ": 0.0 }
					}
				}
			]
		},

		{
			"name": "Eat",
			"code": "eat",
			"quantityframes": 60,
			"onActivityStopped": "EaseOut",
			"onAnimationEnd": "Repeat",
			"keyframes": [
				{
					"frame": 0,
					"elements": {
						"Tail2": { "rotationX": 0.0, "rotationY": 0.0, "rotationZ": -4.0 },
						"Neck2": { "rotationX": 0.0, "rotationY": 0.0, "rotationZ": 2.0 },
						"R Shoulder": { "rotationX": -25.0, "rotationY": 0.0, "rotationZ": 0.0 },
						"R flipper": { "rotationX": -15.0, "rotationY": 0.0, "rotationZ": 0.0 },
						"R flipper rotation": { "rotationX": -5.0, "rotationY": 0.0, "rotationZ": 0.0 },
						"L Shoulder": { "rotationX": 25.0, "rotationY": 0.0, "rotationZ": 0.0 },
						"L flipper": { "rotationX": 15.0, "rotationY": 0.0, "rotationZ": 0.0 },
						"L flipper rotation": { "rotationX": 5.0, "rotationY": 0.0, "rotationZ": 0.0 },
						"Body": { "offsetX": 0.0, "offsetY": 0.0, "offsetZ": 0.0, "rotationX": 0.0, "rotationY": 0.0, "rotationZ": 5.0 },
						"Lower mouth": { "rotationX": 0.0, "rotationY": 0.0, "rotationZ": 0.0 },
						"Front mouth": { "rotationX": 0.0, "rotationY": 0.0, "rotationZ": 0.0 }
					}
				},
				{
					"frame": 1,
					"elements": {
						"Tail4": { "rotationX": 0.0, "rotationY": 0.0, "rotationZ": -4.0 },
						"Neck4": { "rotationX": 0.0, "rotationY": 0.0, "rotationZ": 2.0 }
					}
				},
				{
					"frame": 2,
					"elements": {
						"Tail6": { "rotationX": 0.0, "rotationY": 0.0, "rotationZ": -4.0 },
						"Head": { "rotationX": 0.0, "rotationY": 0.0, "rotationZ": 2.0 }
					}
				},
				{
					"frame": 3,
					"elements": {
						"Fluke Base": { "rotationX": 0.0, "rotationY": 0.0, "rotationZ": -4.0 }
					}
				},
				{
					"frame": 4,
					"elements": {
						"LFluke1": { "rotationX": 0.0, "rotationY": 0.0, "rotationZ": -4.0 },
						"RFluke1": { "rotationX": 0.0, "rotationY": 0.0, "rotationZ": -4.0 }
					}
				},
				{
					"frame": 10,
					"elements": {
						"Tail2": { "rotationX": 0.0, "rotationY": 0.0, "rotationZ": -2.0 },
						"Neck2": { "rotationX": 0.0, "rotationY": 0.0, "rotationZ": 1.0 },
						"R Shoulder": { "rotationX": 45.0, "rotationY": 0.0, "rotationZ": 0.0 },
						"R flipper": { "rotationX": -10.0, "rotationY": 0.0, "rotationZ": 0.0 },
						"R flipper rotation": { "rotationX": -3.0, "rotationY": 0.0, "rotationZ": 0.0 },
						"L Shoulder": { "rotationX": -45.0, "rotationY": 0.0, "rotationZ": 0.0 },
						"L flipper": { "rotationX": 0.0, "rotationY": 0.0, "rotationZ": 0.0 },
						"L flipper rotation": { "rotationX": 0.0, "rotationY": 0.0, "rotationZ": 0.0 },
						"Body": { "offsetX": 2.0, "offsetY": 6.0, "offsetZ": 0.0, "rotationX": 0.0, "rotationY": 0.0, "rotationZ": 10.0 },
						"Front mouth": { "rotationX": 0.0, "rotationY": 0.0, "rotationZ": -5.0 },
						"Lower mouth": { "rotationX": 0.0, "rotationY": 0.0, "rotationZ": 25.0 }
					}
				},
				{
					"frame": 12,
					"elements": {
						"Tail4": { "rotationX": 0.0, "rotationY": 0.0, "rotationZ": -2.0 },
						"Neck4": { "rotationX": 0.0, "rotationY": 0.0, "rotationZ": 1.0 }
					}
				},
				{
					"frame": 14,
					"elements": {
						"Tail6": { "rotationX": 0.0, "rotationY": 0.0, "rotationZ": -2.0 },
						"Head": { "rotationX": 0.0, "rotationY": 0.0, "rotationZ": 1.0 }
					}
				},
				{
					"frame": 16,
					"elements": {
						"Fluke Base": { "rotationX": 0.0, "rotationY": 0.0, "rotationZ": -2.0 }
					}
				},
				{
					"frame": 18,
					"elements": {
						"LFluke1": { "rotationX": 0.0, "rotationY": 0.0, "rotationZ": -2.0 },
						"RFluke1": { "rotationX": 0.0, "rotationY": 0.0, "rotationZ": -2.0 },
						"Lower mouth": { "rotationX": 0.0, "rotationY": 0.0, "rotationZ": 0.0 }
					}
				},
				{
					"frame": 30,
					"elements": {
						"Tail2": { "rotationX": 0.0, "rotationY": 0.0, "rotationZ": -4.0 },
						"Neck2": { "rotationX": 0.0, "rotationY": 0.0, "rotationZ": 2.0 },
						"R Shoulder": { "rotationX": -25.0, "rotationY": 0.0, "rotationZ": 0.0 },
						"R flipper": { "rotationX": -15.0, "rotationY": 0.0, "rotationZ": 0.0 },
						"R flipper rotation": { "rotationX": -5.0, "rotationY": 0.0, "rotationZ": 0.0 },
						"L Shoulder": { "rotationX": 25.0, "rotationY": 0.0, "rotationZ": 0.0 },
						"L flipper": { "rotationX": 15.0, "rotationY": 0.0, "rotationZ": 0.0 },
						"L flipper rotation": { "rotationX": 5.0, "rotationY": 0.0, "rotationZ": 0.0 },
						"Body": { "offsetX": 2.0, "offsetY": 6.0, "offsetZ": 0.0, "rotationX": 0.0, "rotationY": 0.0, "rotationZ": 8.0 },
						"Lower mouth": { "rotationX": 0.0, "rotationY": 0.0, "rotationZ": 20.0 }
					}
				},
				{
					"frame": 31,
					"elements": {
						"Tail4": { "rotationX": 0.0, "rotationY": 0.0, "rotationZ": -4.0 },
						"Neck4": { "rotationX": 0.0, "rotationY": 0.0, "rotationZ": 2.0 }
					}
				},
				{
					"frame": 32,
					"elements": {
						"Tail6": { "rotationX": 0.0, "rotationY": 0.0, "rotationZ": -4.0 },
						"Head": { "rotationX": 0.0, "rotationY": 0.0, "rotationZ": 2.0 }
					}
				},
				{
					"frame": 33,
					"elements": {
						"Fluke Base": { "rotationX": 0.0, "rotationY": 0.0, "rotationZ": -4.0 }
					}
				},
				{
					"frame": 34,
					"elements": {
						"LFluke1": { "rotationX": 0.0, "rotationY": 0.0, "rotationZ": -4.0 },
						"RFluke1": { "rotationX": 0.0, "rotationY": 0.0, "rotationZ": -4.0 }
					}
				},
				{
					"frame": 40,
					"elements": {
						"Tail2": { "rotationX": 0.0, "rotationY": 0.0, "rotationZ": -2.0 },
						"Neck2": { "rotationX": 0.0, "rotationY": 0.0, "rotationZ": 1.0 },
						"R Shoulder": { "rotationX": -15.0, "rotationY": 0.0, "rotationZ": 0.0 },
						"R flipper": { "rotationX": -10.0, "rotationY": 0.0, "rotationZ": 0.0 },
						"R flipper rotation": { "rotationX": -3.0, "rotationY": 0.0, "rotationZ": 0.0 },
						"L Shoulder": { "rotationX": 0.0, "rotationY": 0.0, "rotationZ": 0.0 },
						"L flipper": { "rotationX": 0.0, "rotationY": 0.0, "rotationZ": 0.0 },
						"L flipper rotation": { "rotationX": 0.0, "rotationY": 0.0, "rotationZ": 0.0 },
						"Lower mouth": { "rotationX": 0.0, "rotationY": 0.0, "rotationZ": 0.0 }
					}
				},
				{
					"frame": 42,
					"elements": {
						"Tail4": { "rotationX": 0.0, "rotationY": 0.0, "rotationZ": -2.0 },
						"Neck4": { "rotationX": 0.0, "rotationY": 0.0, "rotationZ": 1.0 }
					}
				},
				{
					"frame": 44,
					"elements": {
						"Tail6": { "rotationX": 0.0, "rotationY": 0.0, "rotationZ": -2.0 },
						"Head": { "rotationX": 0.0, "rotationY": 0.0, "rotationZ": 1.0 }
					}
				},
				{
					"frame": 46,
					"elements": {
						"Fluke Base": { "rotationX": 0.0, "rotationY": 0.0, "rotationZ": -2.0 }
					}
				},
				{
					"frame": 48,
					"elements": {
						"LFluke1": { "rotationX": 0.0, "rotationY": 0.0, "rotationZ": -2.0 },
						"RFluke1": { "rotationX": 0.0, "rotationY": 0.0, "rotationZ": -2.0 }
					}
				}
			]
		},

		{
			"name": "Hurt",
			"code": "hurt",
			"quantityframes": 20,
			"onActivityStopped": "EaseOut",
			"onAnimationEnd": "Stop",
			"keyframes": [
				{
					"frame": 0,
					"elements": {
						"Tail2": { "rotationX": 0.0, "rotationY": 0.0, "rotationZ": -4.0 },
						"Neck2": { "rotationX": 0.0, "rotationY": 0.0, "rotationZ": 2.0 },
						"R Shoulder": { "rotationX": -25.0, "rotationY": 0.0, "rotationZ": 0.0 },
						"R flipper": { "rotationX": -15.0, "rotationY": 0.0, "rotationZ": 0.0 },
						"R flipper rotation": { "rotationX": -5.0, "rotationY": 0.0, "rotationZ": 0.0 },
						"L Shoulder": { "rotationX": 25.0, "rotationY": 0.0, "rotationZ": 0.0 },
						"L flipper": { "rotationX": 15.0, "rotationY": 0.0, "rotationZ": 0.0 },
						"L flipper rotation": { "rotationX": 5.0, "rotationY": 0.0, "rotationZ": 0.0 },
						"Tail4": { "rotationX": 0.0, "rotationY": 0.0, "rotationZ": 0.0 },
						"Tail6": { "rotationX": 0.0, "rotationY": 0.0, "rotationZ": 0.0 },
						"Fluke Base": { "rotationX": 0.0, "rotationY": 0.0, "rotationZ": 0.0 },
						"Neck4": { "rotationX": 0.0, "rotationY": 0.0, "rotationZ": 0.0 },
						"Head": { "rotationX": 0.0, "rotationY": 0.0, "rotationZ": 0.0 },
						"Body": { "rotationX": 0.0, "rotationY": 0.0, "rotationZ": 0.0 }
					}
				},
				{
					"frame": 7,
					"elements": {
						"Body": { "rotationX": 9.0, "rotationY": 0.0, "rotationZ": 0.0 },
						"Tail2": { "rotationX": 0.0, "rotationY": -4.0, "rotationZ": 4.0 },
						"Tail4": { "rotationX": 0.0, "rotationY": -4.0, "rotationZ": 4.0 },
						"Tail6": { "rotationX": 0.0, "rotationY": -4.0, "rotationZ": 4.0 },
						"Fluke Base": { "rotationX": 0.0, "rotationY": -4.0, "rotationZ": 4.0 },
						"Neck2": { "rotationX": 0.0, "rotationY": -4.0, "rotationZ": 4.0 },
						"Neck4": { "rotationX": 0.0, "rotationY": -4.0, "rotationZ": 4.0 },
						"Head": { "rotationX": 0.0, "rotationY": -4.0, "rotationZ": 4.0 },
						"R Shoulder": { "rotationX": 0.0, "rotationY": 0.0, "rotationZ": 0.0 },
						"R flipper": { "rotationX": 0.0, "rotationY": 0.0, "rotationZ": 0.0 },
						"R flipper rotation": { "rotationX": 0.0, "rotationY": 0.0, "rotationZ": 0.0 },
						"L Shoulder": { "rotationX": 0.0, "rotationY": 0.0, "rotationZ": 0.0 },
						"L flipper": { "rotationX": 0.0, "rotationY": 0.0, "rotationZ": 0.0 },
						"L flipper rotation": { "rotationX": 0.0, "rotationY": 0.0, "rotationZ": 0.0 }
					}
				},
				{
					"frame": 14,
					"elements": {
						"Body": { "rotationX": -4.0, "rotationY": 0.0, "rotationZ": 0.0 },
						"Tail2": { "rotationX": 2.0, "rotationY": 2.0, "rotationZ": -2.0 },
						"Tail4": { "rotationX": 2.0, "rotationY": 2.0, "rotationZ": -2.0 },
						"Tail6": { "rotationX": 2.0, "rotationY": 2.0, "rotationZ": -2.0 },
						"Fluke Base": { "rotationX": 2.0, "rotationY": 2.0, "rotationZ": -2.0 },
						"Neck2": { "rotationX": 0.0, "rotationY": 4.0, "rotationZ": 0.0 },
						"Neck4": { "rotationX": 0.0, "rotationY": 4.0, "rotationZ": 0.0 },
						"Head": { "rotationX": 0.0, "rotationY": 4.0, "rotationZ": 0.0 }
					}
				}
			]
		}
	]
}