[{
    "file": "caninae:entities/land/canina-carcass.json",
    "op": "add",
    "path": "/attributesByType",
    "side": "Server",
    "value": {
      "*": {
        "biorealm": [
          "pacific nearctic",
	      "atlantic nearctic",
	  "atlantic palearctic",
	  "central palearctic",
	  "eastern palearctic",
	  "pacific palearctic",
	  "atlantic afrotropic",
	  "eastern afrotropic",
          "australasian"
        ]
      }
    },
    "dependsOn": [
      {
        "modid": "biomes"
      }
    ]
  },{
    "file": "caninae:entities/land/cerdocyonina-carcass.json",
    "op": "add",
    "path": "/attributesByType",
    "side": "Server",
    "value": {
      "*": {
        "biorealm": [
          "pacific neotropic",
	      "atlantic neotropic"
        ]
      }
    },
    "dependsOn": [
      {
        "modid": "biomes"
      }
    ]
  },{
    "file": "caninae:entities/land/urocyonini-carcass.json",
    "op": "add",
    "path": "/attributesByType",
    "side": "Server",
    "value": {
      "*": {
        "biorealm": [
          "pacific nearctic",
	      "atlantic nearctic"
        ]
      }
    },
    "dependsOn": [
      {
        "modid": "biomes"
      }
    ]
  },{
    "file": "caninae:entities/land/vulpini-carcass.json",
    "op": "add",
    "path": "/attributesByType",
    "side": "Server",
    "value": {
      "*": {
        "biorealm": [
          "pacific nearctic",
	      "atlantic nearctic",
	  "atlantic palearctic",
	  "central palearctic",
	  "eastern palearctic",
	  "pacific palearctic",
	  "atlantic afrotropic",
	  "eastern afrotropic"
        ]
      }
    },
    "dependsOn": [
      {
        "modid": "biomes"
      }
    ]
  },{
    "file": "caninae:entities/land/canina-baby.json",
    "op": "add",
    "path": "/attributesByType",
    "side": "Server",
    "value": {
      "*-dirus": {
        "biorealm": [
          "pacific nearctic",
	  "atlantic nearctic"
        ]
      },
      "*-aureus": {
        "biorealm": [
          "atlantic palearctic",
          "central palearctic",
	  "eastern palearctic"
        ]
      },
      "*-latrans": {
        "biorealm": [
          "pacific nearctic",
	  "atlantic nearctic"
        ]
      },
      "*-lupastor": {
        "biorealm": [
          "atlantic palearctic",
	  "eastern afrotropic"
        ]
      },
      "*-lupus": {
        "biorealm": [
          "pacific nearctic",
	  "atlantic nearctic",
	  "atlantic palearctic",
	  "central palearctic",
	  "eastern palearctic",
	  "pacific palearctic"
        ]
      },
      "*-lupusarctos": {
        "biorealm": [
          "atlantic nearctic",
	  "pacific nearctic"
        ]
      },
      "*-lupusdingo": {
        "biorealm": [
          "australasian"
        ]
      },
      "*-lycaon": {
        "biorealm": [
          "atlantic nearctic"
        ]
      },
      "*-rufus": {
        "biorealm": [
          "atlantic nearctic"
        ]
      },
      "*-simensis": {
        "biorealm": [
          "eastern afrotropic"
        ]
      },
      "*-alpinus": {
        "biorealm": [
          "central palearctic",
	  "eastern palearctic",
	  "pacific palearctic"
        ]
      },
      "*-sardous": {
        "biorealm": [
          "atlantic palearctic"
        ]
      },
      "*-adusta": {
        "biorealm": [
          "atlantic palearctic",
	  "atlantic afrotropic",
	  "eastern afrotropic"
        ]
      },
      "*-mesomelas": {
        "biorealm": [
	  "atlantic palearctic",
	  "atlantic afrotropic",
	  "eastern afrotropic"
        ]
      },
      "*-pictus": {
        "biorealm": [
          "atlantic palearctic",
	  "atlantic afrotropic",
	  "eastern afrotropic"
        ]
      }
    },
    "dependsOn": [
      {
        "modid": "biomes"
      }
    ]
  },
  {
    "file": "caninae:entities/land/canina-female.json",
    "op": "add",
    "path": "/attributesByType",
    "side": "Server",
    "value": {
      "*-dirus": {
        "biorealm": [
          "pacific nearctic",
	  "atlantic nearctic"
        ]
      },
      "*-aureus": {
        "biorealm": [
          "atlantic palearctic",
          "central palearctic",
	  "eastern palearctic"
        ]
      },
      "*-latrans": {
        "biorealm": [
          "pacific nearctic",
	  "atlantic nearctic"
        ]
      },
      "*-lupastor": {
        "biorealm": [
          "atlantic palearctic",
	  "eastern afrotropic"
        ]
      },
      "*-lupus": {
        "biorealm": [
          "pacific nearctic",
	  "atlantic nearctic",
	  "atlantic palearctic",
	  "central palearctic",
	  "eastern palearctic",
	  "pacific palearctic"
        ]
      },
      "*-lupusarctos": {
        "biorealm": [
          "atlantic nearctic",
	  "pacific nearctic"
        ]
      },
      "*-lupusdingo": {
        "biorealm": [
          "australasian"
        ]
      },
      "*-lycaon": {
        "biorealm": [
          "atlantic nearctic"
        ]
      },
      "*-rufus": {
        "biorealm": [
          "atlantic nearctic"
        ]
      },
      "*-simensis": {
        "biorealm": [
          "eastern afrotropic"
        ]
      },
      "*-alpinus": {
        "biorealm": [
          "central palearctic",
	  "eastern palearctic",
	  "pacific palearctic"
        ]
      },
      "*-sardous": {
        "biorealm": [
          "atlantic palearctic"
        ]
      },
      "*-adusta": {
        "biorealm": [
          "atlantic palearctic",
	  "atlantic afrotropic",
	  "eastern afrotropic"
        ]
      },
      "*-mesomelas": {
        "biorealm": [
	  "atlantic palearctic",
	  "atlantic afrotropic",
	  "eastern afrotropic"
        ]
      },
      "*-pictus": {
        "biorealm": [
          "atlantic palearctic",
	  "atlantic afrotropic",
	  "eastern afrotropic"
        ]
      }
    },
    "dependsOn": [
      {
        "modid": "biomes"
      }
    ]
  },
  {
    "file": "caninae:entities/land/canina-male.json",
    "op": "add",
    "path": "/attributesByType",
    "side": "Server",
    "value": {
      "*-dirus": {
        "biorealm": [
          "pacific nearctic",
	  "atlantic nearctic"
        ]
      },
      "*-aureus": {
        "biorealm": [
          "atlantic palearctic",
          "central palearctic",
	  "eastern palearctic"
        ]
      },
      "*-latrans": {
        "biorealm": [
          "pacific nearctic",
	  "atlantic nearctic"
        ]
      },
      "*-lupastor": {
        "biorealm": [
          "atlantic palearctic",
	  "eastern afrotropic"
        ]
      },
      "*-lupus": {
        "biorealm": [
          "pacific nearctic",
	  "atlantic nearctic",
	  "atlantic palearctic",
	  "central palearctic",
	  "eastern palearctic",
	  "pacific palearctic"
        ]
      },
      "*-lupusarctos": {
        "biorealm": [
          "atlantic nearctic",
	  "pacific nearctic"
        ]
      },
      "*-lupusdingo": {
        "biorealm": [
          "australasian",
        ]
      },
      "*-lycaon": {
        "biorealm": [
          "atlantic nearctic",
        ]
      },
      "*-rufus": {
        "biorealm": [
          "atlantic nearctic",
        ]
      },
      "*-simensis": {
        "biorealm": [
          "eastern afrotropic",
        ]
      },
      "*-alpinus": {
        "biorealm": [
          "central palearctic",
	  "eastern palearctic",
	  "pacific palearctic"
        ]
      },
      "*-sardous": {
        "biorealm": [
          "atlantic palearctic"
        ]
      },
      "*-adusta": {
        "biorealm": [
          "atlantic palearctic",
	  "atlantic afrotropic",
	  "eastern afrotropic"
        ]
      },
      "*-mesomelas": {
        "biorealm": [
	  "atlantic palearctic",
	  "atlantic afrotropic",
	  "eastern afrotropic"
        ]
      },
      "*-pictus": {
        "biorealm": [
          "atlantic palearctic",
	  "atlantic afrotropic",
	  "eastern afrotropic"
        ]
      }
    },
    "dependsOn": [
      {
        "modid": "biomes"
      }
    ]
  },
  {
    "file": "caninae:entities/land/cerdocyonina-baby.json",
    "op": "add",
    "path": "/attributesByType",
    "side": "Server",
    "value": {
      "*-microtis": {
        "biorealm": [
          "atlantic neotropic"
        ]
      },
      "*-thous": {
        "biorealm": [
	  "pacific neotropic",
          "atlantic neotropic"
        ]
      },
      "*-brachyurus": {
        "biorealm": [
          "atlantic neotropic"
        ]
      },
      "*-australis": {
        "biorealm": [
          "atlantic neotropic"
        ]
      },
      "*-avus": {
        "biorealm": [
          "pacific neotropic",
          "atlantic neotropic"
        ]
      },
      "*-culpaeus": {
        "biorealm": [
          "pacific neotropic",
          "atlantic neotropic"
        ]
      },
      "*-fulvipes": {
        "biorealm": [
          "pacific neotropic"
        ]
      },
      "*-griseus": {
        "biorealm": [
          "pacific neotropic",
          "atlantic neotropic"
        ]
      },
      "*-gymnocercus": {
        "biorealm": [
          "atlantic neotropic"
        ]
      },
      "*-sechurae": {
        "biorealm": [
          "pacific neotropic"
        ]
      },
      "*-vetulus": {
        "biorealm": [
          "atlantic neotropic"
        ]
      },
      "*-pacivorus": {
        "biorealm": [
          "atlantic neotropic"
        ]
      },
      "*-venaticus": {
        "biorealm": [
          "pacific neotropic",
          "atlantic neotropic"
        ]
      }
    },
    "dependsOn": [
      {
        "modid": "biomes"
      }
    ]
  },
  {
    "file": "caninae:entities/land/cerdocyonina-female.json",
    "op": "add",
    "path": "/attributesByType",
    "side": "Server",
    "value": {
      "*-microtis": {
        "biorealm": [
          "atlantic neotropic"
        ]
      },
      "*-thous": {
        "biorealm": [
	  "pacific neotropic",
          "atlantic neotropic"
        ]
      },
      "*-brachyurus": {
        "biorealm": [
          "atlantic neotropic"
        ]
      },
      "*-australis": {
        "biorealm": [
          "atlantic neotropic"
        ]
      },
      "*-avus": {
        "biorealm": [
          "pacific neotropic",
          "atlantic neotropic"
        ]
      },
      "*-culpaeus": {
        "biorealm": [
          "pacific neotropic",
          "atlantic neotropic"
        ]
      },
      "*-fulvipes": {
        "biorealm": [
          "pacific neotropic"
        ]
      },
      "*-griseus": {
        "biorealm": [
          "pacific neotropic",
          "atlantic neotropic"
        ]
      },
      "*-gymnocercus": {
        "biorealm": [
          "atlantic neotropic"
        ]
      },
      "*-sechurae": {
        "biorealm": [
          "pacific neotropic"
        ]
      },
      "*-vetulus": {
        "biorealm": [
          "atlantic neotropic"
        ]
      },
      "*-pacivorus": {
        "biorealm": [
          "atlantic neotropic"
        ]
      },
      "*-venaticus": {
        "biorealm": [
          "pacific neotropic",
          "atlantic neotropic"
        ]
      }
    },
    "dependsOn": [
      {
        "modid": "biomes"
      }
    ]
  },
  {
    "file": "caninae:entities/land/cerdocyonina-male.json",
    "op": "add",
    "path": "/attributesByType",
    "side": "Server",
    "value": {
      "*-microtis": {
        "biorealm": [
          "atlantic neotropic"
        ]
      },
      "*-thous": {
        "biorealm": [
	  "pacific neotropic",
          "atlantic neotropic"
        ]
      },
      "*-brachyurus": {
        "biorealm": [
          "atlantic neotropic"
        ]
      },
      "*-australis": {
        "biorealm": [
          "atlantic neotropic"
        ]
      },
      "*-avus": {
        "biorealm": [
          "pacific neotropic",
          "atlantic neotropic"
        ]
      },
      "*-culpaeus": {
        "biorealm": [
          "pacific neotropic",
          "atlantic neotropic"
        ]
      },
      "*-fulvipes": {
        "biorealm": [
          "pacific neotropic"
        ]
      },
      "*-griseus": {
        "biorealm": [
          "pacific neotropic",
          "atlantic neotropic"
        ]
      },
      "*-gymnocercus": {
        "biorealm": [
          "atlantic neotropic"
        ]
      },
      "*-sechurae": {
        "biorealm": [
          "pacific neotropic"
        ]
      },
      "*-vetulus": {
        "biorealm": [
          "atlantic neotropic"
        ]
      },
      "*-pacivorus": {
        "biorealm": [
          "atlantic neotropic"
        ]
      },
      "*-venaticus": {
        "biorealm": [
          "pacific neotropic",
          "atlantic neotropic"
        ]
      }
    },
    "dependsOn": [
      {
        "modid": "biomes"
      }
    ]
  },
  {
    "file": "caninae:entities/land/urocyonini-baby.json",
    "op": "add",
    "path": "/attributesByType",
    "side": "Server",
    "value": {
      "*-cinereoargenteus": {
        "biorealm": [
          "pacific nearctic",
	  "atlantic nearctic"
        ]
      },
      "*-littoralis": {
        "biorealm": [
	  "pacific nearctic"
        ]
      }
    },
    "dependsOn": [
      {
        "modid": "biomes"
      }
    ]
  },
  {
    "file": "caninae:entities/land/urocyonini-female.json",
    "op": "add",
    "path": "/attributesByType",
    "side": "Server",
    "value": {
      "*-cinereoargenteus": {
        "biorealm": [
          "pacific nearctic",
	  "atlantic nearctic"
        ]
      },
      "*-littoralis": {
        "biorealm": [
	  "pacific nearctic"
        ]
      }
    },
    "dependsOn": [
      {
        "modid": "biomes"
      }
    ]
  },
  {
    "file": "caninae:entities/land/urocyonini-male.json",
    "op": "add",
    "path": "/attributesByType",
    "side": "Server",
    "value": {
      "*-cinereoargenteus": {
        "biorealm": [
          "pacific nearctic",
	  "atlantic nearctic"
        ]
      },
      "*-littoralis": {
        "biorealm": [
	  "pacific nearctic"
        ]
      }
    },
    "dependsOn": [
      {
        "modid": "biomes"
      }
    ]
  },
  {
    "file": "caninae:entities/land/vulpini-baby.json",
    "op": "add",
    "path": "/attributesByType",
    "side": "Server",
    "value": {
      "*-procyonoides": {
        "biorealm": [
          "eastern palearctic",
        ]
      },
      "*-viverrinus": {
        "biorealm": [
	  "pacific palearctic"
        ]
      },
      "*-megalotis": {
        "biorealm": [
	  "atlantic afrotropic",
	  "eastern afrotropic"
        ]
      },
      "*-bengalensis": {
        "biorealm": [
	  "central palearctic"
        ]
      },
      "*-cana": {
        "biorealm": [
	  "central palearctic"
        ]
      },
      "*-chama": {
        "biorealm": [
	  "atlantic afrotropic",
	  "eastern afrotropic"
        ]
      },
      "*-corsac": {
        "biorealm": [
	  "central palearctic",
	  "eastern palearctic"
        ]
      },
      "*-ferrilata": {
        "biorealm": [
	  "central palearctic",
	  "eastern palearctic"
        ]
      },
      "*-lagopus": {
        "biorealm": [
	  "pacific nearctic",
	  "atlantic nearctic",
	  "atlantic palearctic",
	  "central palearctic",
	  "eastern palearctic",
	  "pacific palearctic"
        ]
      },
      "*-macrotis": {
        "biorealm": [
	  "pacific nearctic"
        ]
      },
      "*-pallida": {
        "biorealm": [
	  "atlantic palearctic"
        ]
      },
      "*-rueppellii": {
        "biorealm": [
	  "atlantic palearctic",
	  "central palearctic"
        ]
      },
      "*-velox": {
        "biorealm": [
	  "atlantic nearctic"
        ]
      },
      "*-vulpes": {
        "biorealm": [
	  "pacific nearctic",
	  "atlantic nearctic",
	  "atlantic palearctic",
	  "central palearctic",
	  "eastern palearctic",
	  "pacific palearctic"
        ]
      },
      "*-zerda": {
        "biorealm": [
	  "atlantic palearctic"
        ]
      },
    },
    "dependsOn": [
      {
        "modid": "biomes"
      }
    ]
  },
  {
    "file": "caninae:entities/land/vulpini-female.json",
    "op": "add",
    "path": "/attributesByType",
    "side": "Server",
    "value": {
      "*-procyonoides": {
        "biorealm": [
          "eastern palearctic",
        ]
      },
      "*-viverrinus": {
        "biorealm": [
	  "pacific palearctic"
        ]
      },
      "*-megalotis": {
        "biorealm": [
	  "atlantic afrotropic",
	  "eastern afrotropic"
        ]
      },
      "*-bengalensis": {
        "biorealm": [
	  "central palearctic"
        ]
      },
      "*-cana": {
        "biorealm": [
	  "central palearctic"
        ]
      },
      "*-chama": {
        "biorealm": [
	  "atlantic afrotropic",
	  "eastern afrotropic"
        ]
      },
      "*-corsac": {
        "biorealm": [
	  "central palearctic",
	  "eastern palearctic"
        ]
      },
      "*-ferrilata": {
        "biorealm": [
	  "central palearctic",
	  "eastern palearctic"
        ]
      },
      "*-lagopus": {
        "biorealm": [
	  "pacific nearctic",
	  "atlantic nearctic",
	  "atlantic palearctic",
	  "central palearctic",
	  "eastern palearctic",
	  "pacific palearctic"
        ]
      },
      "*-macrotis": {
        "biorealm": [
	  "pacific nearctic"
        ]
      },
      "*-pallida": {
        "biorealm": [
	  "atlantic palearctic"
        ]
      },
      "*-rueppellii": {
        "biorealm": [
	  "atlantic palearctic",
	  "central palearctic"
        ]
      },
      "*-velox": {
        "biorealm": [
	  "atlantic nearctic"
        ]
      },
      "*-vulpes": {
        "biorealm": [
	  "pacific nearctic",
	  "atlantic nearctic",
	  "atlantic palearctic",
	  "central palearctic",
	  "eastern palearctic",
	  "pacific palearctic"
        ]
      },
      "*-zerda": {
        "biorealm": [
	  "atlantic palearctic"
        ]
      },
    },
    "dependsOn": [
      {
        "modid": "biomes"
      }
    ]
  },
  {
    "file": "caninae:entities/land/vulpini-male.json",
    "op": "add",
    "path": "/attributesByType",
    "side": "Server",
    "value": {
      "*-procyonoides": {
        "biorealm": [
          "eastern palearctic",
        ]
      },
      "*-viverrinus": {
        "biorealm": [
	  "pacific palearctic"
        ]
      },
      "*-megalotis": {
        "biorealm": [
	  "atlantic afrotropic",
	  "eastern afrotropic"
        ]
      },
      "*-bengalensis": {
        "biorealm": [
	  "central palearctic"
        ]
      },
      "*-cana": {
        "biorealm": [
	  "central palearctic"
        ]
      },
      "*-chama": {
        "biorealm": [
	  "atlantic afrotropic",
	  "eastern afrotropic"
        ]
      },
      "*-corsac": {
        "biorealm": [
	  "central palearctic",
	  "eastern palearctic"
        ]
      },
      "*-ferrilata": {
        "biorealm": [
	  "central palearctic",
	  "eastern palearctic"
        ]
      },
      "*-lagopus": {
        "biorealm": [
	  "pacific nearctic",
	  "atlantic nearctic",
	  "atlantic palearctic",
	  "central palearctic",
	  "eastern palearctic",
	  "pacific palearctic"
        ]
      },
      "*-macrotis": {
        "biorealm": [
	  "pacific nearctic"
        ]
      },
      "*-pallida": {
        "biorealm": [
	  "atlantic palearctic"
        ]
      },
      "*-rueppellii": {
        "biorealm": [
	  "atlantic palearctic",
	  "central palearctic"
        ]
      },
      "*-velox": {
        "biorealm": [
	  "atlantic nearctic"
        ]
      },
      "*-vulpes": {
        "biorealm": [
	  "pacific nearctic",
	  "atlantic nearctic",
	  "atlantic palearctic",
	  "central palearctic",
	  "eastern palearctic",
	  "pacific palearctic"
        ]
      },
      "*-zerda": {
        "biorealm": [
	  "atlantic palearctic"
        ]
      },
    },
    "dependsOn": [
      {
        "modid": "biomes"
      }
    ]
  },
]