{"GameVersion":"1.18.6","SizeX":1,"SizeY":5,"SizeZ":1,"BlockCodes":{"402":"game:bonyremains-ribcage","8613":"game:meta-underground","2621":"game:bonysoil","8109":"game:chest-east","8606":"game:clutter"},"ItemCodes":{"1437":"game:rot","275":"game:stackrandomizer-resource","270":"game:stackrandomizer-fuel","259":"game:stackrandomizer-cloth-mediumstatus","3080":"game:stackrandomizer-ruinedweapon","343":"game:bone"},"Indices":[0,1048576,2097152,3145728,4194304],"BlockIds":[8613,2621,8109,8613,8606],"DecorIndices":[],"DecorIds":[],"BlockEntities":{"2097152":"!<d@[F*R*@#64c-E,TfC\"TSN&!<d@[F*`DY#64o6@VfsmCI<#NAI;p\\ATMrFARTY%\"po!]G%GQ5DfU+(#'\"^#Dfg%+!!!!'\"`nKuFE7Zf0E;+R!!&Pn!!!6(!!!!(!AOQT!!!!4!<<*#!!!!%$Zp</@;J;E@;]Rd!!%O5!!`N[!!*'\"!##A5!!*'\"!!E[ODffE(6YKnG@q>W?!'^Gg!Aa]V!!!!/!<<*#z#6?X]zOoYO_!<<*\"!!`N^!!*'\"!!<6%!!*'\"!!!6)2?3aX!!!95!!!$\"!!!!(!B0uZ!!!\"#!<<*%z!!!02AoD]VCi<g!6Z6LH$=da\\F*'!F@<6Mo\"E\\p.AI;pcCi!O!F(Jl:\":8pVF(djWB5D,Zz","4194304":"!<d@[F*R*@#64c-E,TfC#64`(!<d@[F*`DY#64o6@VfsmCI<#NAHu^]F`__:EWlSfH#R='B6%F(ATMs3DIkCS\":&scFCB9&=9&=$!!EUFATMNNDJ*csjNEk)\":&scFCB9&=o\\O&!!rsADes6$@ru9m!!!"},"Entities":[],"ReplaceMode":2,"EntranceRotation":-1}