﻿[
  {"file": "game:recipes/grid/combatoverhaul/armor/plate", "op": "add", "path": "/0/enabled", "value": false},
  {"file": "game:recipes/grid/combatoverhaul/armor/plate", "op": "add", "path": "/1/enabled", "value": false},
  {"file": "game:recipes/grid/combatoverhaul/armor/plate", "op": "add", "path": "/2/enabled", "value": false},
  {"file": "game:recipes/grid/combatoverhaul/armor/scale", "op": "add", "path": "/0/enabled", "value": false},
  {"file": "game:recipes/grid/combatoverhaul/armor/brigandine", "op": "add", "path": "/0/enabled", "value": false}
]