{
	"code": "pelt",
		"behaviors": [
		{ "name": "GroundStorable", "properties": { "layout": "SingleCenter"}}
	],
  "variantgroups": [
    {"code": "type","states": [ "baby","female","male" ]},
    {"code": "species","states": ["dugon", "gigas", "inunguis","manatus","senegalensis" ]}
    ],
  "shapebytype": {
    "*": {"base": "item/sirenia/floorpelt-{species}-{type}"}
  },
  "texturesByType": {
    "*-baby-*": {"skin": {"base": "entity/sirenia/{species}-baby"},"bottom": {"base": "game:block/leather/plain"}},
    "*": {"skin": {"base": "entity/sirenia/{species}-adult"},"bottom": {"base": "game:block/leather/plain"}}
  },
	"creativeinventory": { "general": ["*"], "items": ["*"] },
	"maxstacksize": 64,
	"attributes": {
		"handbook": {"groupBy": ["floorpelt-*"]},
		"displaycaseable": false, 
		"shelvable": false,
		"onDisplayTransform": {
			"translation": { "x": 0, "y": -0.05, "z": 0.0 },
			"rotation": { "x": 0, "y": -45, "z": 0 },
			"origin": { "x": 0.5, "y": 0.5, "z": 0.5 },
			"scale": 1.0
		},
		"groundStorageTransform": {
			"translation": { "x": 0, "y": 0.0, "z": -0.0 },
			"rotation": { "x": 0, "y": 90, "z": 0 },
			"scale": 1.00
		}
	},
  "sounds": {
    "walk": "game:walk/cloth"
  },
	"materialDensity": 500,
	"heldTpHitAnimation": "breaktool",
	"fpHandTransform": {
		"translation": { "x": 0, "y": -0.5, "z": -1.5 },
		"rotation": { "x": 180, "y": 0, "z": 90 },
		"scale": 1
	},
	"guiTransformByType": {
    "*": {"translation": {"x": 0,"y": 1,"z": 0},"rotation": {"x": 0,"y": 145,"z": 90},"origin": {"x": 0.5,"y": 0.1,"z": 0.5},"scale": 2.5}
	},
	"tpHandTransform": {
		"translation": { "x": -0.55, "y": -0.10, "z": -0.45},
		"rotation": { "x": -90, "y": 90, "z": 0 },
		"origin": { "x": 0.5, "y": 0.0, "z": 0.5 },
		"scale": 1.0
	},

		"groundTransform": {
		"translation": { "x": 0, "y": 0, "z": 0 },
		"rotation": { "x": 0, "y": 0, "z": 0 },
		"origin": { "x": 0.5, "y": 0.0, "z": 0.5299 },
		"scale": 1
	}
	

}