{
	"code": "landforms",
	"variants": 
	[		
		{
			"code":  "cold glaciers",
			"comment": "",
			"hexcolor": "#000099",
			"weight": 200,
			"minTemp": -20,
			"maxTemp": -19.5,
			"useClimateMap": true,
			"terrainOctaves":          [0, 0, 0, 1,   1, 1, 0.25, 0, 0.3],
			"terrainOctaveThresholds": [0, 0, 0, 0.5, 0, 0,   0,   0, 0],
			"terrainYKeyPositions":    [0.500, 0.531, 0.588, 0.601, 0.643],
			"terrainYKeyThresholds":   [1.000, 0.957, 0.962, 0.022, 0.000],
		},	
		{
			"code":  "cold mountain range",
			"comment": "",
			"hexcolor": "#000099",
			"weight": 100,
			"minTemp": -20,
			"maxTemp": -19.5,
			"useClimateMap": true,
			"terrainOctaves":          [1, 1, 1, 1, 0, 0.1, 0.1, 0.1, 0.1],
			"terrainOctaveThresholds": [0, 0, 0, 0, 0, 0, 0.03, 0.03, 0.05],
			"terrainYKeyPositions":    [0.500, 0.605, 1.000],
			"terrainYKeyThresholds":   [1.000, 0.593, 0.000]
		},{
			"code":  "wetlands",
			"comment": "Very large scale flat wetlands",
			"hexcolor": "#79E02E",
			"weight": 20,
			"terrainOctaves":          [0, 0, 0.5, 0.5, 0.5, 0.75, 1, 0.5, 0.5],
			"terrainOctaveThresholds": [0, 0, 0, 0, 0.5, 0.5, 0.2, 0.3, 0.25],
			"terrainYKeyPositions":    [0.39, 0.41,0.42, 0.432, 0.5],
			"terrainYKeyThresholds":   [1.000,0.99,0.9,0.1, 0.0]
		},{
			"code":  "coastal flatlands",
			"comment": "Very large scale coastal flat lands",
			"hexcolor": "#79E02E",
			"weight": 60,
			"terrainOctaves":          [1, 1, 1, 1, 0.1, 0.1, 0.1, 0.1, 0.05],
			"terrainOctaveThresholds": [0, 0, 0, 0, 0, 0, 0.03, 0.03, 0.05],
			"terrainYKeyPositions":    [0.4275, 0.5],
			"terrainYKeyThresholds":   [1.000, 0.0]
		},{
			"code":  "flat lowlands",
			"comment": "Very large scale low land flat lands",
			"hexcolor": "#79E02E",
			"weight": 45,
			"terrainOctaves":          [1, 1, 1, 1, 0.1, 0.1, 0.1, 0.1, 0.05],
			"terrainOctaveThresholds": [0, 0, 0, 0, 0, 0, 0.03, 0.03, 0.05],
			"terrainYKeyPositions":    [0.430, 0.500, 0.518, 0.567, 0.600],
			"terrainYKeyThresholds":   [1.000, 0.712, 0.699, 0.371, 0.000]
		},{
			"code":  "flat midlands",
			"comment": "Very large scale mid land flat lands",
			"hexcolor": "#79E02E",
			"weight": 30,
			"terrainOctaves":          [1, 1, 1, 1, 0.1, 0.1, 0.1, 0.1, 0.05],
			"terrainOctaveThresholds": [0, 0, 0, 0, 0, 0, 0.03, 0.03, 0.05],
			"terrainYKeyPositions":    [0.450, 0.532, 0.558, 0.610, 0.700],
			"terrainYKeyThresholds":   [1.000, 0.701, 0.562, 0.457, 0.000]
		},{
			"code":  "flat highlands",
			"comment": "Very large scale high land flat lands",
			"hexcolor": "#79E02E",
			"weight": 15,
			"terrainOctaves":          [1, 1, 1, 1, 1, 0.1, 0.1, 0.1, 0.09],
			"terrainOctaveThresholds": [0, 0, 0, 0, 0, 0, 0.03, 0.03, 0.05],
			"terrainYKeyPositions":    [0.5, 0.517, 0.529, 0.550, 0.604, 0.660, 0.691, 0.717, 0.767],
			"terrainYKeyThresholds":   [1.000, 0.829, 0.776, 0.720, 0.622, 0.512, 0.404, 0.227, 0.000]
		},
		{
			"code":  "Realistic mountains",
			"comment": "Very large scale mountains",
			"hexcolor": "#84A878",
			"weight": 40,
			"terrainOctaves":          [0.1, 1, 1, 0.5, 0.5, 0.1, 0.1, 0.1, 0.1, 0.05],
			"terrainOctaveThresholds": [0, 0, 0, 0, 0, 0, 0, 0.03, 0.03, 0.05],
			"terrainYKeyPositions":    [0.450, 0.535, 0.630, 0.805, 0.963, 1.000],
			"terrainYKeyThresholds":   [1.000, 0.596, 0.304, 0.160, 0.045, 0.000]
		},
		{
			"code":  "hillplateu",
			"comment": "high plateu with hills on top",
			"hexcolor": "#5BC184",
			"weight": 6,
			"terrainOctaves":          [0, 0.5, 0.25, 0.25, 0.25, 0.1, 0.25, 0.15, 0.05],
			"terrainOctaveThresholds": [0, 0, 0, 0.5, 0, 0,   0,   0, 0],
			"terrainYKeyPositions":    [0.448, 0.511, 0.605, 0.692, 0.735, 0.799, 0.851, 0.875, 0.885],
			"terrainYKeyThresholds":   [1.000, 0.618, 0.468, 0.368, 0.295, 0.197, 0.119, 0.057, 0.000]
		},	
		{
			"code":  "largelake",
			"comment": "Just water :P",
			"hexcolor": "#0000FF",
			"weight": 12,
			"minTemp": -20,
			"maxTemp": 50,
			"useClimateMap": true,
			"terrainOctaves":          [0, 0, 0.5, 0.2, 0.3, 0.1, 0.1, 0.1, 0],
			"terrainOctaveThresholds": [0, 0, 0, 0, 0, 0, 0.3, 0.3, 0],
			
			"terrainYKeyPositions":    [0.270, 0.382, 0.423, 0.435, 0.480],
			"terrainYKeyThresholds":   [1.000, 0.612, 0.337, 0.218, 0.000]
		},
		{
            "code":  "largeislands",
            "comment": "lots of water, large island and a few tiny islands",
            "hexcolor": "#79E02E",
            "weight": 3,
            "terrainOctaves":          [  0, 0, 0, 0.2, 0.3, 0,  1, 0.25, 0],
            "terrainOctaveThresholds": [  0,    0,     0,   0,   0, 0,0.4, 0.1, 0],
            "terrainYKeyPositions":    [0.271, 0.433, 0.455, 0.460, 0.611, 0.725],
            "terrainYKeyThresholds":   [0.767, 0.368, 0.288, 0.240, 0.093, 0.000]
        },
		{
			"code":  "realisticmountains-ledged",
			"comment": "Very large scale mountains with ledges",
			"hexcolor": "#79E02E",
			"weight": 5,
			"terrainOctaves":          [1, 1, 1, 1, 0, 0.1, 0.1, 0.1, 0.1],
			"terrainOctaveThresholds": [0, 0, 0, 0, 0, 0, 0.03, 0.03, 0.05],
			"terrainYKeyPositions":    [0.515, 0.546, 0.588, 0.633, 0.673, 0.685, 0.756, 0.856, 0.865, 0.943, 0.953, 0.985, 1.000],
			"terrainYKeyThresholds":   [1.000, 0.560, 0.545, 0.434, 0.425, 0.292, 0.192, 0.183, 0.103, 0.080, 0.035, 0.025, 0.000]
		},
		{
			"code":  "realisticmountains-quintupleledged",
			"comment": "Very large scale mountains with ledges",
			"hexcolor": "#79E02E",
			"weight": 0.2,
			"terrainOctaves":          [1, 1, 1, 1, 0, 0.1, 0.15, 0.15, 0.1],
			"terrainOctaveThresholds": [0, 0, 0, 0, 0, 0, 0.03, 0.03, 0.05],
			"terrainYKeyPositions":    [0.483, 0.525, 0.568, 0.590, 0.618, 0.625, 0.643, 0.658, 0.686, 0.716, 0.724, 0.763, 0.792, 0.841, 0.859, 0.902, 0.963],
			"terrainYKeyThresholds":   [1.000, 0.510, 0.450, 0.384, 0.357, 0.324, 0.279, 0.210, 0.210, 0.162, 0.115, 0.130, 0.058, 0.063, 0.030, 0.032, 0.000]
		},	
		{
			"code":  "flatmarsh",
			"comment": "very flat lands with rare small bumps",
			"hexcolor": "#79E02E",
			"weight": 4,
			"terrainOctaves":          [  0, 0, 0, 0, 0.2, 0.2,  1, 0.5, 0],
			"terrainOctaveThresholds": [  0, 0, 0, 0, 0, 0,0.4, 0.1, 0],
			"terrainYKeyPositions":    [0.3, 0.41, 0.44, 0.51, 0.6],
			"terrainYKeyThresholds":   [1,   1, 0.35, 0.15, 0]
		},
		{
			"code":  "steppedsinkholes",
			"comment": "Stepped sink holes",
			"hexcolor": "#AAAA00",
			"weight": 0.5,
			"terrainOctaves":          [0, 0, 0, 0, 0, 1, 1, 1, 0],
			"terrainOctaveThresholds": [0, 0, 0, 0, 0, 0, 0, 0, 0],
			"terrainYKeyPositions":    [0.431, 0.436, 0.457, 0.462, 0.484, 0.489, 0.513, 0.518, 0.525],
			"terrainYKeyThresholds":   [0.999, 0.814, 0.816, 0.761, 0.760, 0.719, 0.718, 0.688, 0.000],
			"mutations": [
				{
					"code":  "steppedsinkhold-cavemut",
					"comment": "Cave mutation",
					"chance": 0.05,
					"hexcolor": "#AAAA00",
						"terrainYKeyPositions":    [0.399, 0.419, 0.427, 0.437, 0.457, 0.462, 0.484, 0.489, 0.513, 0.518, 0.525],
						"terrainYKeyThresholds":   [1.000, 0.816, 0.035, 0.808, 0.816, 0.761, 0.760, 0.719, 0.718, 0.688, 0.000]
					}
			]
		},
		{
			"code":  "shallowmillionstepmountains",
			"comment": "More shallow Million steps mountain",
			"hexcolor": "#333333",
			"weight": 0.5,
			"terrainOctaves":          [0, 0, 0, 0, 1, 0, 0, 0.5, 0.2],
			"terrainOctaveThresholds": [0, 0, 0, 0, 0.25, 0, 0, 0, 0],
			"terrainYKeyPositions":    [0.518, 0.549, 0.574, 0.602, 0.607, 0.626, 0.639, 0.656, 0.663, 0.683, 0.689, 0.705, 0.710, 0.723, 0.730, 0.747, 0.752, 0.769],
			"terrainYKeyThresholds":   [1.000, 0.493, 0.439, 0.430, 0.397, 0.395, 0.360, 0.359, 0.319, 0.314, 0.287, 0.284, 0.257, 0.255, 0.224, 0.220, 0.187, 0.000]
		},
		{
			"code":  "mediummillionstepmountains",
			"comment": "More shallow Million steps mountain",
			"hexcolor": "#333333",
			"weight": 0.5,
			"terrainOctaves":          [0, 0, 0, 0, 1, 0, 0, 0.5, 0.2],
			"terrainOctaveThresholds": [0, 0, 0, 0, 0.25, 0, 0, 0, 0],
			"terrainYKeyPositions":    [0.517, 0.558, 0.583, 0.614, 0.623, 0.642, 0.648, 0.690, 0.695, 0.717, 0.723, 0.739, 0.744, 0.757, 0.762, 0.786, 0.801, 0.811],
			"terrainYKeyThresholds":   [1.000, 0.487, 0.439, 0.441, 0.400, 0.401, 0.363, 0.359, 0.317, 0.314, 0.287, 0.284, 0.257, 0.255, 0.222, 0.218, 0.190, 0.000]
		},
		{
			"code":  "tallmillionstepmountains",
			"comment": "Million steps mountain",
			"hexcolor": "#333333",
			"weight": 0.5,
			"terrainOctaves":          [0, 0, 0, 0, 1, 0, 0, 0.5, 0],
			"terrainOctaveThresholds": [0, 0, 0, 0, 0.25, 0, 0, 0, 0],
			"terrainYKeyPositions":    [0.513, 0.598, 0.647, 0.652, 0.682, 0.692, 0.720, 0.730, 0.757, 0.765, 0.787, 0.792, 0.815, 0.822, 0.845, 0.852, 0.882, 0.943, 0.992],
			"terrainYKeyThresholds":   [1.000, 0.532, 0.530, 0.482, 0.480, 0.442, 0.442, 0.402, 0.402, 0.370, 0.370, 0.340, 0.340, 0.307, 0.303, 0.270, 0.270, 0.007, 0.000]
		},
		{
			"code":  "siberiansinkholes",
			"comment": "Siberian sink holes",
			"hexcolor": "#AAAA00",
			"weight": 1,
			"terrainOctaves":          [0, 0, 0, 0, 0, 1, 1, 1, 1],
			"terrainOctaveThresholds": [0, 0, 0, 0, 0, 0, 0, 0, 0],
			"terrainYKeyPositions":    [0.335, 0.468, 0.525, 0.545],
			"terrainYKeyThresholds":   [1.000, 0.978, 0.692, 0.000]
		},
		{
			"code":  "shallowislands",
			"comment": "Medium sized shallow islands with small bumps and lots of water",
			"hexcolor": "#79E02E",
			"weight": 1,
			"terrainOctaves":          [  0, 0, 0, 0.2, 1, 0.1,  0.25, 0.3, 0.6],
			"terrainOctaveThresholds": [  0, 0, 0,   0, 0,  0, 0, 0, 0.25],
			"terrainYKeyPositions":    [0.000, 0.360, 0.410, 0.430, 0.440, 0.471, 0.497, 0.540],
			"terrainYKeyThresholds":   [1.000, 1.000, 0.805, 0.300, 0.192, 0.105, 0.016, 0.000]
		},
		{
			"code":  "singlestep near-sea level flat grasslands",
			"comment": "near-sea level flat grasslands with a single step",
			"hexcolor": "#79E02E",
			"weight": 1,
			"terrainOctaves":          [  1, 0.81, 0.729, 0.5, 0.3, 0,  1, 0.25, 0],
			"terrainOctaveThresholds": [  0,    0,     0,   0, 0.1, 0,0.4, 0.1, 0],
			"terrainYKeyPositions":    [0, 0.44, 0.5, 0.52,   0.6, 0.7],
			"terrainYKeyThresholds":   [1,    1, 0.5, 0.48,  0.15, 0.0]
		},
		{
			"code":  "rollinghills",
			"comment": "near sealevel rolling hills",
			"hexcolor": "#5BC184",
			"weight": 1,
			"terrainOctaves": [0.9, 0.81, 0.729, 0.6561, 0.59049, 0.531441, 0.2, 0.2, 0.1],
			"terrainOctaveThresholds": [  0,    0,     0,   0,   0, 0, 0, 0, 0],
			"terrainYKeyPositions":    [0, 0.41, 0.42, 0.5, 0.65],
			"terrainYKeyThresholds": [1,      1, 0.8, 0.8, 0]
		},
		{
			"code":  "lowrollinghills",
			"comment": "near sealevel low rolling hills",
			"hexcolor": "#5BC184",
			"weight": 1,
			"terrainOctaves": [0.9, 0.81, 0.729, 0.6561, 0.59049, 0.531441, 0.2, 0.4, 0],
			"terrainOctaveThresholds": [  0,    0,     0,   0,   0, 0, 0, 0, 0],
			"terrainYKeyPositions":    [0, 0.41, 0.43, 0.55],
			"terrainYKeyThresholds": [1,      1, 0.8, 0],
		},
		{
			"code":  "smallshallowislands",
			"comment": "Small shallow islands with very small hills and lots of water",
			"hexcolor": "#79E02E",
			"weight": 1,
			"terrainOctaves":          [  0, 0, 0, 0, 0.5, 0.1,  0.25, 0.1, 0.1],
			"terrainOctaveThresholds": [  0, 0, 0,   0, 0,  0, 0, 0, 0],
			"terrainYKeyPositions":    [0.000, 0.360, 0.400, 0.430, 0.440, 0.497],
			"terrainYKeyThresholds":   [1.000, 1.000, 0.800, 0.300, 0.170, 0.000]
		},
		{
			"code":  "needledflatlands",
			"comment": "Flat lands with very thin small hills",
			"hexcolor": "#79E02E",
			"weight": 0.1,
			"terrainOctaves":          [0, 0, 0, 0, 0, 0,  0.1, 0.5, 0.75],
			"terrainOctaveThresholds": [0, 0, 0, 0,   0,   0,0, 0, 0],
			"terrainYKeyPositions":    [0.476, 0.490, 0.545, 0.559],
			"terrainYKeyThresholds":   [1.000, 0.261, 0.167, 0.000]
		},
		{
			"code":  "cliffy rolling hills",
			"comment": "cliffy rolling hills",
			"hexcolor": "#5BC184",
			"weight": 0.1,
			"terrainOctaves":          [0.9, 0.81, 0.729, 0.6561, 0, 0, 0.5, 0.3, 0.1],
			"terrainOctaveThresholds": [  0,    0,     0,      0, 0, 0,   0,   0, 0],
			"terrainYKeyPositions":    [0, 0.43, 0.45, 0.74, 0.75],
			"terrainYKeyThresholds":   [1,    1,  0.8,  0.2, 0]
		},
		{
			"code":  "cliffislands",
			"comment": "Islands with tall cliffs",
			"hexcolor": "#5BC184",
			"weight": 0.1,
			"terrainOctaves": [0.9, 0.81, 0.729, 0.6561, 0.59049, 0.531441, 1, 0.2, 0.1],
			"terrainOctaveThresholds": [  0,    0,     0,   0,   0, 0, 0, 0, 0],
			"terrainYKeyPositions":    [0.000, 0.410, 0.432, 0.440, 0.498, 0.547, 0.650],
			"terrainYKeyThresholds":   [1.000, 1.000, 0.432, 0.402, 0.393, 0.167, 0.000],
		},
		{
			"code":  "cliffislands",
			"comment": "Islands with many small cliffs",
			"hexcolor": "#5BC184",
			"weight": 0.1,
			"terrainOctaves": [0, 0, 0, 0.4, 0.6, 0.5, 1, 0.3, 0.9],
			"terrainOctaveThresholds": [  0,    0.2,     0.2,   0.2,   0.2, 0.2, 0.2, 0.2, 0.2],
			"terrainYKeyPositions":    [0.188, 0.355, 0.391, 0.427, 0.433, 0.460, 0.486, 0.542],
			"terrainYKeyThresholds":   [1.000, 1.000, 0.900, 0.527, 0.398, 0.393, 0.167, 0.000]
		},
		{
			"code":  "bumplands",
			"comment": "flat with small and big bumps",
			"hexcolor": "#5BC184",
			"weight": 0.1,
			"terrainOctaves":          [0, 0, 0, 0, 0, 1.0, 0, 0.2, 0],
			"terrainOctaveThresholds": [0, 0, 0, 0, 0, 0.3, 0, 0, 0],
			"terrainYKeyPositions":    [0, 0.43, 0.45, 0.7, 0.75, 0.76],
			"terrainYKeyThresholds":   [1,  0.7, 0.5, 0.2, 0.02, 0]
		},
		{
			"code":  "roundclifflandshilly",
			"comment": "round clifflands (more hilly, less easily traversable)",
			"hexcolor": "#5BC184",
			"weight": 0.1,
			"terrainOctaves":          [0, 0, 0, 0, 0.3, 1.0, 0, 0.2, 0],
			"terrainOctaveThresholds": [0, 0, 0, 0, 0, 0.3, 0, 0, 0],
			"terrainYKeyPositions":    [0, 0.42, 0.43, 0.45, 0.7, 0.75, 0.76],
			"terrainYKeyThresholds":   [1,  0.9, 0.7, 0.5, 0.2, 0.02, 0]
		},
		{
			"code":  "sparsecliffyswamplands",
			"comment": "Swamp lands with sparse short 2-stepped cliffs",
			"hexcolor": "#5BC184",
			"weight": 0.1,
			"terrainOctaves":          [0, 0.1, 0.2, 0.3, 1.0, 0.4, 0.4, 0.5, 0.1],
			"terrainOctaveThresholds": [0, 0, 0, 0, 0.3, 0, 0, 0, 0],
			"terrainYKeyPositions":    [0.154, 0.401, 0.430, 0.446, 0.465, 0.470, 0.488, 0.498, 0.521],
			"terrainYKeyThresholds":   [1.000, 0.990, 0.682, 0.303, 0.297, 0.225, 0.222, 0.170, 0.000]
		},
		{
			"code":  "densecliffyswamplands",
			"comment": "Swamp lands with dense tall cliffs",
			"hexcolor": "#5BC184",
			"weight": 0.1,
			"terrainOctaves":          [0, 0.1, 0.2, 0.3, 1.0, 0.4, 0.4, 0.5, 0],
			"terrainOctaveThresholds": [0, 0, 0, 0, 0.3, 0, 0, 0, 0],
			"terrainYKeyPositions":    [0, 0.42, 0.43, 0.45, 0.7, 0.75],
			"terrainYKeyThresholds":   [1,  0.9, 0.7, 0.4, 0.1, 0]
		},
		{
			"code":  "roughflatlands",
			"comment": "Rough near sea level flat lands",
			"hexcolor": "#333333",
			"weight": 0.1,
			"terrainOctaves":          [0, 0, 0, 0, 1, 0, 0, 0.5, 0.1],
			"terrainOctaveThresholds": [0, 0, 0, 0, 0, 0, 0, 0, 0],
			"terrainYKeyPositions":    [0.438, 0.500, 0.600],
			"terrainYKeyThresholds":   [1.000, 0.267, 0.000]
		},
		{
			"code":  "cliffislands",
			"comment": "Islands with tall cliffs",
			"hexcolor": "#5BC184",
			"weight": 0.1,
			"terrainOctaves": [0.9, 0.81, 0.729, 0.6561, 0.59049, 0.531441, 1, 0.2, 0.1],
			"terrainOctaveThresholds": [  0,    0,     0,   0,   0, 0, 0, 0, 0],
			"terrainYKeyPositions":    [0.000, 0.410, 0.432, 0.440, 0.498, 0.547, 0.650],
			"terrainYKeyThresholds":   [1.000, 1.000, 0.432, 0.402, 0.393, 0.167, 0.000],
			"mutations": [
				{
					"chance": 0.04,
					"code":  "sharp cliff islands",
					"hexcolor": "#79E02E",
		
					"terrainOctaves": [0.9, 0.81, 0.729, 0.6561, 0.59049, 0.531441, 1, 0.3, 0.4],
				}
			]
		},
		{
			"code":  "flathillvalley",
			"comment": "Flat lands with occasional hills and valleys",
			"hexcolor": "#84A878",
			"weight": 0.1,
			"terrainOctaves":          [0, 0, 0, 0, 0.2, 0.2,   1, 0.5, 0.3],
			"terrainOctaveThresholds": [0, 0, 0, 0.3, 0.3, 0.3, 0.3, 0.3, 0.2],
			"terrainYKeyPositions":    [0.443, 0.463, 0.508, 0.548, 0.556, 0.598, 0.699, 0.800],
			"terrainYKeyThresholds":   [1.000, 0.573, 0.373, 0.300, 0.272, 0.260, 0.110, 0.000]
		},
		{
			"code":  "smallsealevelplateus",
			"comment": "Small many near sea level plateus",
			"hexcolor": "#84A878",
			"weight": 0.1,
			"terrainOctaves":          [0, 0, 0, 0.25, 0.3, 1, 1, 0.7, 0.15],
			"terrainOctaveThresholds": [0, 0, 0, 0, 0, 0, 0, 0, 0],
			"terrainYKeyPositions":  [0, 0.4, 0.43, 0.45, 0.455, 0.495, 0.505, 0.525, 0.535],
			"terrainYKeyThresholds": [1,   1,    1, 0.63, 0.27, 0.27, 0.09, 0.09, 0],
		},
		{
			"code":  "mediumseapillars",
			"comment": "medium stepped pillars in the sea",
			"hexcolor": "#79E02E",
			"weight": 0.1,
			"terrainOctaves":          [0, 0, 0, 0, 0, 0.2, 1, 0.7, 0.2],
			"terrainOctaveThresholds": [0, 0, 0, 0, 0,   0, 0,   0, 0.15],
			"terrainYKeyPositions":    [0, 0.365, 0.43, 0.46, 0.51, 0.52, 0.56, 0.57, 0.65],
			"terrainYKeyThresholds":   [1,    1,  0.4, 0.22, 0.21, 0.17, 0.16, 0.13, 0]
		},
		{
			"code":  "mediumlandpillars",
			"comment": "medium stepped pillars on flat land",
			"hexcolor": "#79E02E",
			"weight": 0.1,
			"terrainOctaves":          [0, 0, 0, 0, 0.2, 0.4, 1, 0.7, 0],
			"terrainOctaveThresholds": [0, 0, 0, 0, 0, 0, 0, 0, 0.3],
			"terrainYKeyPositions":    [0, 0.435, 0.45, 0.5, 0.54, 0.55, 0.59, 0.6, 0.64, 0.66],
			"terrainYKeyThresholds":   [1,    1, 0.4, 0.22, 0.21, 0.18, 0.17, 0.14, 0.13, 0]
		},
		{
			"code":  "marsh",
			"comment": "very flat lands with small rough hills",
			"hexcolor": "#79E02E",
			"weight": 1,
			"terrainOctaves":          [  0, 0, 0, 0, 0.2, 0.2,  1, 0.5, 0],
			"terrainOctaveThresholds": [  0, 0, 0, 0, 0, 0,0.4, 0.1, 0],
			"terrainYKeyPositions":    [0, 0.4, 0.44, 0.51, 0.55],
			"terrainYKeyThresholds":   [1,   1, 0.4, 0.2, 0]
		},
		{
			"code":  "bumpy marsh",
			"comment": "Near sea lavel lakes with small round hills",
			"hexcolor": "#79E02E",
			"weight": 0.5,
			"terrainOctaves":          [0, 0, 0, 0, 0.2, 0.2,  1, 0.5, 0],
			"terrainOctaveThresholds": [0, 0, 0, 0,   0,   0,0.4, 0.1, 0],
			"terrainYKeyPositions":    [0, 0.4, 0.44, 0.51, 0.55],
			"terrainYKeyThresholds":   [1,   1, 0.4, 0.2, 0]
		},
		{
			"code":  "deathmarsh",
			"comment": "some strange pool here",
			"hexcolor": "#79E02E",
			"weight": 0.1,
			"terrainOctaves":          [  0, 0, 0, 0, 0.2, 0.2,  1, 0.5, 0],
			"terrainOctaveThresholds": [  0, 0, 0, 0, 0, 0,0.4, 0.1, 0],
			"terrainYKeyPositions":    [0, 0.08, 0.4, 0.425, 0.43, 0.44, 0.51, 0.7],
			"terrainYKeyThresholds":   [1, 0.66, 0.55, 0.7, 0.55, 0.35, 0.15, 0],
			"mutations": [
				{
					"chance": 0.05,
					"code":  "deathmarsh hill",
					"hexcolor": "#79E02E",
		
					"terrainOctaves":          [  0, 0, 0, 0, 0.2, 0.2,  1, 0.5, 0],
					"terrainOctaveThresholds": [  0, 0, 0, 0, 0, 0,0.4, 0.1, 0],
					"terrainYKeyPositions":    [0, 0.08, 0.4, 0.42, 0.43, 0.44, 0.51, 0.7],
					"terrainYKeyThresholds":   [1, 0.66, 0.55, 0.7, 0.55, 0.5, 0.4, 0],
				}
			]
		},
	]
}