{"GameVersion":"1.19.0","SizeX":7,"SizeY":6,"SizeZ":5,"BlockCodes":{"3240":"game:stonepath-free","2966":"game:cobblestone-granite","8613":"game:meta-underground","9493":"game:agedstonebricks-granite","9639":"game:debarkedlog-veryaged-we","8606":"game:clutter","9624":"game:debarkedlog-veryaged-ns","7635":"game:roughhewnfence-aged-s-free","7602":"game:roughhewnfence-aged-empty-free","7624":"game:roughhewnfence-aged-e-free","7646":"game:roughhewnfence-aged-w-free","2621":"game:bonysoil","9668":"game:planks-aged-we","633":"game:lootvessel-forage","7679":"game:roughhewnfence-aged-nw-free"},"ItemCodes":{},"Indices":[1024,2048,1025,2049,2,1026,2050,3074,4098,1048578,1050626,1051650,1052674,2097154,2098178,2100226,2101250,3145730,3146754,3147778,3148802,3149826,4194306,4195330,4197378,5243906,5245954,3,1027,2051,3075,4099,1048579,1052675,4196355,4197379,5244931,5245955,4,1028,2052,3076,4100,1048580,1049604,1050628,1052676,2101252,3145732,4195332,4196356,4197380,5243908,5,1029,2053,3077,4101,1048581,1050629,1051653,1052677,2097157,2099205,2101253,3145733,3147781,3149829,4194309,4195333,4196357,5242885,5245957,6,1030,2054,3078,1050630,1051654,2097158,2099206,2100230,2101254,3145734,3146758,3147782,3149830,4195334,4196358,4197382,5244934,5245958],"BlockIds":[3240,3240,3240,2966,8613,2966,2966,9493,8613,9639,8606,9624,9624,9624,9624,9624,9639,9639,9624,9624,9624,9624,7635,9639,9639,7602,7624,8613,9493,2966,8613,9493,9639,9639,9624,9624,8606,7646,2966,2966,2966,2621,2966,9639,8606,8606,9639,9639,9639,9639,9668,9639,8606,9493,8613,2966,2966,8613,9639,8606,633,9639,9639,8606,9639,9639,8606,9639,9624,9624,8606,7602,7624,8613,9493,2966,9493,9624,9624,9639,9624,9624,9624,9624,9624,9624,9639,9639,9624,9639,7635,7679],"DecorIndices":[],"DecorIds":[],"BlockEntities":{"1050626":"!<d@[F*Ktk#QOl.E,TfC\"98E%!<d@[F*b[K#64o6@VfsmCI<#NAHu^]F`__:EWlSfH#R='Ecki#Ch52BDf9/C\":&scFCB9&=9&=$!!EUFATMNNDJ*csgCME@\":&scFCB9&=o\\O&!!rsADes6$@ru9m!!!","5244931":"!<d@[F*L\"l#QOl.E,TfC#QOi)!<d@[F*b[K#64o6@VfsmCI<#NAHu^]F`__:EWlSfH#R='Ecki#Ch52BDf9/A\":&scFCB9&=9&=$!!EUFATMNNDJ*csdSp%X\":&scFCB9&=o\\O&!!rsADes6$@ru9m!!!","1049604":"!<d@[F*L%m#QOl.E,TfC\"98E%!<d@[F*bXJ#64o6@VfsmCI<#NAHu^]F`__:EWlSfH#R='Ecki#Ch52BDf9/A\":&scFCB9&=9&=$!!EUFATMNNDJ*csjNEk(\":&scFCB9&=o\\O&!!rsADes6$@ru9m!!!","1050628":"!<d@[F*L%m#QOl.E,TfC\"98E%!<d@[F*b[K#64o6@VfsmCI<#NAHu^]F`__:EWlSfH#R='Ecki#Ch52BDf9/B\":&scFCB9&=9&=$!!EUFATMNNDJ*csgCME@\":&scFCB9&=o\\O&!!rsADes6$@ru9m!!!","5243908":"!<d@[F*L%m#QOl.E,TfC#QOi)!<d@[F*bXJ#64o6@VfsmCI<#NAHu^]F`__:EWlSfH#R='Ecki#Ch52BDf9/@\":&scFCB9&=9&=$!!EUFATMNNDJ*csgCME?\":&scFCB9&=o\\O&!!rsADes6$@ru9m!!!","1050629":"!<d@[F*L(n#QOl.E,TfC\"98E%!<d@[F*b[K#64o6@VfsmCI<#NAHu^]F`__:EWlSfH#R='CggjbATBA2B4YU/\":&scFCB9&=9&=$!!EUFATMNNDJ*csgCME@\":&scFCB9&=o\\O&!!rsADes6$@ru9m!!!","2099205":"!<d@[F*L(n#QOl.E,TfC\"TSN&!<d@[F*b[K#64o6@VfsmCI<#NAHu^]F`__:EWlSfH#R='CggjbATBA2B4YU1\":&scFCB9&=9&=$!!EUFATMNNDJ*csgCME@\":&scFCB9&=o\\O&!!rsADes6$@ru9m!!!","3147781":"!<d@[F*L(n#QOl.E,TfC\"onW'!<d@[F*b[K#64o6@VfsmCI<#NAHu^]F`__:EWlSfH#R='CggjbATBA2B4YU0\":&scFCB9&=9&=$!!EUFATMNNDJ*csgCME@\":&scFCB9&=o\\O&!!rsADes6$@ru9m!!!","4196357":"!<d@[F*L(n#QOl.E,TfC#64`(!<d@[F*b[K#64o6@VfsmCI<#NAHu^]F`__:EWlSfH#R='CggjbATBA2B4YU1\":&scFCB9&=9&=$!!EUFATMNNDJ*csgCME@\":&scFCB9&=o\\O&!!rsADes6$@ru9m!!!"},"Entities":[],"ReplaceMode":2,"EntranceRotation":-1}