{"GameVersion":"1.19.0","SizeX":8,"SizeY":5,"SizeZ":10,"BlockCodes":{"9700":"game:supportbeam-veryagedrotten","8613":"game:meta-underground","2966":"game:cobblestone-granite","9493":"game:agedstonebricks-granite","9639":"game:debarkedlog-veryaged-we","9625":"game:debarkedlog-veryagedrotten-ns","9624":"game:debarkedlog-veryaged-ns","9610":"game:debarkedlog-veryagedrotten-ud","6619":"game:woodenfence-aged-ns-free","7602":"game:roughhewnfence-aged-empty-free","8606":"game:clutter","1164":"game:water-s-6","1153":"game:water-se-5","9640":"game:debarkedlog-veryagedrotten-we","2668":"game:soil-verylow-none","2631":"game:farmland-dry-verylow","8611":"game:meta-filler","1179":"game:water-still-7","6593":"game:woodenfence-aged-w-free","2270":"game:tallgrass-mediumshort-free","6658":"game:woodenfence-aged-ew-free","1142":"game:water-e-4","636":"game:lootvessel-farming","2269":"game:tallgrass-short-free","1986":"game:flower-horsetail-free","6567":"game:woodenfence-aged-e-free","2268":"game:tallgrass-veryshort-free","2271":"game:tallgrass-medium-free","9609":"game:debarkedlog-veryaged-ud","7048":"game:woodenfencegate-aged-w-closed-right-free","8377":"game:torch-basic-burnedout-up"},"ItemCodes":{},"Indices":[2048,3072,4096,5120,6144,7168,1025,2049,3073,4097,5121,6145,7169,8193,1050625,1051649,1052673,1053697,1054721,1055745,1056769,2099201,2100225,2101249,2102273,2103297,2104321,2105345,3147777,3153921,2,1026,2050,3074,4098,5122,6146,7170,8194,1050626,1051650,1052674,1053698,1053698,1054722,1055746,1056770,2099202,2100226,2101250,2103298,2104322,2105346,1027,2051,3075,4099,5123,6147,7171,8195,9219,1050627,1051651,1052675,1053699,1053699,1054723,1055747,1056771,2099203,2103299,2104323,2105347,3153923,1028,2052,3076,4100,5124,6148,7172,8196,1050628,1051652,1052676,1053700,1053700,1054724,1055748,1056772,2099204,2101252,2103300,2105348,1029,2053,3077,5125,6149,7173,8197,1050629,1051653,1052677,1053701,1053701,1054725,1055749,1056773,2099205,2100229,2104325,2105349,2054,3078,4102,5126,7174,8198,1050630,1051654,1052678,1053702,1054726,1055750,1056774,2099206,2100230,2101254,2102278,2103302,2104326,2105350,3147782,3153926,4202502,2055,4103,5127,6151,7175,1054727],"BlockIds":[8613,8613,2966,8613,8613,2966,2966,9493,2966,2966,9493,2966,2966,8613,9639,9625,9625,9624,9625,9624,9625,9610,9700,6619,6619,9700,6619,9610,7602,8606,2966,2966,2966,9493,2966,1164,1153,2966,2966,9640,2668,2631,8611,1179,2668,2668,9640,6593,8606,2270,8606,8606,6658,8613,9493,2966,9493,2966,1142,2966,2966,2966,9639,636,2668,8611,1179,2631,2631,9640,8606,2269,1986,9700,9700,8613,2966,9493,2966,9493,2966,9493,2966,9640,2668,2631,8611,1179,2668,2668,9639,6567,2268,8606,6658,2966,2966,2966,9493,2966,9493,8613,9640,2631,2668,8611,1179,2668,2631,9639,6658,2268,2271,6658,9493,9493,9493,2966,2966,2966,9624,9625,9625,9625,9624,9625,9640,9609,6619,6619,7048,8606,9700,9609,7602,7602,8377,2966,8613,2966,2966,9493,8606],"DecorIndices":[],"DecorIds":[],"BlockEntities":{"2100225":"!<d@[F*P27#QOl.E,TfC\"TSN&!<d@[F*bUI#64o6@VfsmCI<#NAK#W4E,]`9FCJfiD(TpBEd;)+ARoh\"FED)3#R+[K@;U'-!\"'_R$4Qt8!'_1u!'ia]$4[%8s#qG'!!#5#j@^Ts!!","2103297":"!<d@[F*P27#QOl.E,TfC\"TSN&!<d@[F*b^L#64o6@VfsmCI<#NAK#W4E,]`9FCJfiD(TpBEd;)+ARoh\"FED)3#R+[K@;U'-!\"'_R\"UtG35X,kl%1*#b4r\"Cd;6q8D!.[9Nj@^Tu!!","3153921":"!<d@[F*P27#QOl.E,TfC\"onW'!<d@[F*bdN#64o6@VfsmCI<#NAHu^]F`__:EWlSfH#R='Ecki#Ch52BDf9/A\":&scFCB9&=9&=$!!EUFATMNNDJ*csgCHk?\":&scFCB9&=o\\O&!!rsADes6$@ru9m!!!","1052674":"!<d@[F*P58#QOl.E,TfC\"98E%!<d@[F*bXJ#64o6@VfsmCI<#NAJA`bEc#W$DIb>0Ed96[ATE'4Dg)<bD?'[05Qh+,!!&ZW\"9E9<!2)R[\"`nKuG>8,<!!!-*F)5c=:]LIq!!EIHCi=Mjz\":]3dBleB=Eb.pUG%GIi!!!!$)f/r(FB;mmATC^\\@<,jkARnbYFCAuVDfp)AKE(uPT?L;$!>9<kBkM-t@;JDEEcc#3BlnVq\"TSN&!>9<kBkM-t@;JDEEcc#3BlnVs\"TSN&!>9<kBkM-t@;JDEEcc#3BlnVn\"TSN&!u>usFCAuVDfp)A7W3<BAU&;qFCAfnzz!uQ,uFCAuVDfp)A7V-U^Bl%L*Gsc7V@r(q88kbi#<C$^0CghC,9lF`eFEMV89P&BYCfPFb@<?'[DffE(6t(@^ze.<'T\";,HYF*(JlFCfJ\\BleB)DI[5X!6.>3(34,.AOCKVE(,\"jDf]K#<,Y6HDf^\"##oIf&EbTK(6ZR*a7<iciF(Jl]DanbcF*%Bg&Tqu3BlIWSART[K@;TFcARkcI$Zf`mF@CFnDf]K#!\"'*QATDWr6>pd`FE7E^!!!$*Ec5l5DImm1z\"pnd[DfA!aFE2F&!!","2100226":"!<d@[F*P58#QOl.E,TfC\"TSN&!<d@[F*bUI#64o6@VfsmCI<#NAHu^]F`__:EWlSfH#R=(@UX:tAS`r8ATV?s1^\"&(DffE0AQSp4!!!-.D.Rd%6#L=OA`V%#56M43DffE0AQf'6!!!<3@rH1\"ARfgnA,lT","2103298":"!<d@[F*P58#QOl.E,TfC\"TSN&!<d@[F*b^L#64o6@VfsmCI<#NAHu^]F`__:EWlSfH#R=\"@Wc0rATT^2#BFa)@<?'_z\":8pVF(djWB5D/;m4U^-#BFa)@<?'az#mk*[Ci!ZmFCet_!!","2104322":"!<d@[F*P58#QOl.E,TfC\"TSN&!<d@[F*baM#64o6@VfsmCI<#NAHu^]F`__:EWlSfH#R=(FCAWpAM%qFBl7Km2$=/)DffE0AQSp4!!!-.D.Rd%6#L=OA`2r/^]Xm_DffE0AQf'6!!!<3@rH1\"ARfgnA,lT","1054723":"!<d@[F*P89#QOl.E,TfC\"98E%!<d@[F*b^L#64o6@VfsmCI<#NAJA`bEc#W$DIb>0Ed96[ATE'4Dg)<bD?'[05Qh+,!!&ZW\"9E9<!2)R[\"`nKuG>8,<!!!-*F)5c=:]LIq!!EIHCi=Mjz\":]3dBleB=Eb.pUG%GIi!!!!$)f/r(FB;mmATC^\\@<,jkARnbYFCAuVDfp)AKE(uPT?L;$!>9<kBkM-t@;JDEEcc#3BlnVq\"TSN&!>9<kBkM-t@;JDEEcc#3BlnVs\"TSN&!>9<kBkM-t@;JDEEcc#3BlnVn\"TSN&!u>usFCAuVDfp)A7W3<BAU&;qFCAfnzz!uQ,uFCAuVDfp)A7V-U^Bl%L*Gsc7V@r&E3V#6h.<C$^0CghC,9lF`eFEMV89P&BYCfPFb@<?'[DffE(6t(@^ze.<'T\";,HYF*(JlFCfJ\\BleB)DI[5X!6.>3(34,.AOCKVE(,\"jDf]K#<,Y6HDf^\"##oIf&EbTK(6ZR*a7<iciF(Jl]DanbcF*%Bg&Tqu3BlIWSART[K@;TFcARkcI$Zf`mF@CFnDf]K#!\"'*QATDWr6>pd`FE7E^!!!$*Ec5l5DImm1z\"pnd[DfA!aFE2F&!!","1055747":"!<d@[F*P89#QOl.E,TfC\"98E%!<d@[F*baM#64o6@VfsmCI<#NAJA`bEc#W$DIb>0Ed96[ATE'4Dg)<bD?'[05Qh+,!!&ZW\"9E9<!2)R[\"`nKuG>8,<!!!-*F)5c=:]LIq!!EIHCi=Mjz\":]3dBleB=Eb.pUG%GIi!!!!$)f/r(FB;mmATC^\\@<,jkARnbYFCAuVDfp)AKE(uPT?L;$!>9<kBkM-t@;JDEEcc#3BlnVq\"TSN&!>9<kBkM-t@;JDEEcc#3BlnVs\"TSN&!>9<kBkM-t@;JDEEcc#3BlnVn\"TSN&!u>usFCAuVDfp)A7W3<BAU&;qFCAfnzz!uQ,uFCAuVDfp)A7V-U^Bl%L*Gsc7V@r#hT1]!]e<C$^0CghC,9lF`eFEMV89P&BYCfPFb@<?'[DffE(6t(@^ze.<'T\";,HYF*(JlFCfJ\\BleB)DI[5X!6.>3(34,.AOCKVE(,\"jDf]K#<,Y6HDf^\"##oIf&EbTK(6ZR*a7<iciF(Jl]DanbcF*%Bg&Tqu3BlIWSART[K@;TFcARkcI$Zf`mF@CFnDf]K#!\"'*QATDWr6>pd`FE7E^!!!$*Ec5l5DImm1z\"pnd[DfA!aFE2F&!!","2099203":"!<d@[F*P89#QOl.E,TfC\"TSN&!<d@[F*bRH#64o6@VfsmCI<#NAHu^]F`__:EWlSfH#R='Ecki#Ch52BDf9/A\":&scFCB9&=9&=$!!EUFATMNNDJ*csgCHlk\":&scFCB9&=o\\O&!!rsADes6$@ru9m!!!","2105347":"!<d@[F*P89#QOl.E,TfC\"TSN&!<d@[F*bdN#64o6@VfsmCI<#NAK#W4E,]`9FCJfiD(TpBEd;)+ARoh\"FED)3#R+[K@;U'2!\"'nW$4Qt85X-7h!.[6G%h/U@J3F]X^]^ta!<>AL)!\"=4\"98","3153923":"!<d@[F*P89#QOl.E,TfC\"onW'!<d@[F*bdN#64o6@VfsmCI<#NAK#W4E,]`9FCJfiD(TpBEd;)+ARoh\"FED)3#R+[K@;U'2!\"'nW$4Qt85X-7h!'ia]%h/L=^crR?CD=)qrr<!^)!\"=4\"98","1052676":"!<d@[F*P;:#QOl.E,TfC\"98E%!<d@[F*bXJ#64o6@VfsmCI<#NAJA`bEc#W$DIb>0Ed96[ATE'4Dg)<bD?'[05Qh+,!!&ZW\"9E9<!2)R[\"`nKuG>8,<!!!-*F)5c=:]LIq!!EIHCi=Mjz\":]3dBleB=Eb.pUG%GIi!!!!$)f/r(FB;mmATC^\\@<,jkARnbYFCAuVDfp)AKE(uPT?L;$!>9<kBkM-t@;JDEEcc#3BlnVq\"TSN&!>9<kBkM-t@;JDEEcc#3BlnVs\"TSN&!>9<kBkM-t@;JDEEcc#3BlnVn\"TSN&!u>usFCAuVDfp)A7W3<BAU&;qFCAfnzz!uQ,uFCAuVDfp)A7V-U^Bl%L*Gsc7V@r\"1j..EhP<C$^0CghC,9lF`eFEMV89P&BYCfPFb@<?'[DffE(6t(@^ze.<'T\";,HYF*(JlFCfJ\\BleB)DI[5X!6.>3(34,.AOCKVE(,\"jDf]K#<,Y6HDf^\"##oIf&EbTK(6ZR*a7<iciF(Jl]DanbcF*%Bg&Tqu3BlIWSART[K@;TFcARkcI$Zf`mF@CFnDf]K#!\"'*QATDWr6>pd`FE7E^!!!$*Ec5l5DImm1z\"pnd[DfA!aFE2F&!!","2103300":"!<d@[F*P;:#QOl.E,TfC\"TSN&!<d@[F*b^L#64o6@VfsmCI<#NAHu^]F`__:EWlSfH#R=#FDl)6/SK'6\":&scFCB9&=9&=$!!EUFATMNNDJ*csjNEiR\":&scFCB9&=o\\O&!!rsADes6$@ru9m!!!","1051653":"!<d@[F*P>;#QOl.E,TfC\"98E%!<d@[F*bUI#64o6@VfsmCI<#NAJA`bEc#W$DIb>0Ed96[ATE'4Dg)<bD?'[05Qh+,!!&ZW\"9E9<!2)R[\"`nKuG>8,<!!!-*F)5c=:]LIq!!EIHCi=Mjz\":]3dBleB=Eb.pUG%GIi!!!!$)f/r(FB;mmATC^\\@<,jkARnbYFCAuVDfp)AKE(uPT?L;$!>9<kBkM-t@;JDEEcc#3BlnVq\"TSN&!>9<kBkM-t@;JDEEcc#3BlnVs\"TSN&!>9<kBkM-t@;JDEEcc#3BlnVn\"TSN&!u>usFCAuVDfp)A7W3<BAU&;qFCAfnzz!uQ,uFCAuVDfp)A7V-U^Bl%L*Gsc7V@r\"Jc8;Nk]<C$^0CghC,9lF`eFEMV89P&BYCfPFb@<?'[DffE(6t(@^ze.<'T\";,HYF*(JlFCfJ\\BleB)DI[5X!6.>3(34,.AOCKVE(,\"jDf]K#<,Y6HDf^\"##oIf&EbTK(6ZR*a7<iciF(Jl]DanbcF*%Bg&Tqu3BlIWSART[K@;TFcARkcI$Zf`mF@CFnDf]K#!\"'*QATDWr6>pd`FE7E^!!!$*Ec5l5DImm1z\"pnd[DfA!aFE2F&!!","1055749":"!<d@[F*P>;#QOl.E,TfC\"98E%!<d@[F*baM#64o6@VfsmCI<#NAJA`bEc#W$DIb>0Ed96[ATE'4Dg)<bD?'[05Qh+,!!&ZW\"9E9<!2)R[\"`nKuG>8,<!!!-*F)5c=:]LIq!!EIHCi=Mjz\":]3dBleB=Eb.pUG%GIi!!!!$)f/r(FB;mmATC^\\@<,jkARnbYFCAuVDfp)AKE(uPT?L;$!>9<kBkM-t@;JDEEcc#3BlnVq\"TSN&!>9<kBkM-t@;JDEEcc#3BlnVs\"TSN&!>9<kBkM-t@;JDEEcc#3BlnVn\"TSN&!u>usFCAuVDfp)A7W3<BAU&;qFCAfnzz!uQ,uFCAuVDfp)A7V-U^Bl%L*Gsc7V@r%FQ4bB9L<C$^0CghC,9lF`eFEMV89P&BYCfPFb@<?'[DffE(6t(@^ze.<'T\";,HYF*(JlFCfJ\\BleB)DI[5X!6.>3(34,.AOCKVE(,\"jDf]K#<,Y6HDf^\"##oIf&EbTK(6ZR*a7<iciF(Jl]DanbcF*%Bg&Tqu3BlIWSART[K@;TFcARkcI$Zf`mF@CFnDf]K#!\"'*QATDWr6>pd`FE7E^!!!$*Ec5l5DImm1z\"pnd[DfA!aFE2F&!!","2103302":"!<d@[F*PA<#QOl.E,TfC\"TSN&!<d@[F*b^L#64o6@VfsmCI<#NAHu^]F`__:EWlSfH#R='Ecki#Ch52BDf9/A\":&scFCB9&=9&=$!!EUFATMNNDJ*csgCMCj\":&scFCB9&=o\\O&!!rsADes6$@ru9m!!!","2104326":"!<d@[F*PA<#QOl.E,TfC\"TSN&!<d@[F*baM#64o6@VfsmCI<#NAK#W4E,]`9FCJfiD(TpBEd;)+ARoh\"FED)3#R+[K@;U'0!\"'hU%h/L=!'_1u!.[9S!!%O6&df*Js8P7ts8P;J)!\"<i","4202502":"!<d@[F*PA<#QOl.E,TfC#64`(!<d@[F*bdN#64o6@VfsmCI<#NAJfN-Earc7@UX=l@kD/4Ec,H!Dfp.RF`7ErFE1f-F(o`1Df/*aF`MOsAS-#az!:[`*'Pq3!F@0_Q@r\"AP<,ZkeCd_]WErZ1?!(?\\l5l^","1054727":"!<d@[F*PD=#QOl.E,TfC\"98E%!<d@[F*b^L#64o6@VfsmCI<#NAHu^]F`__:EWlSfH#R='Ecki#Ch52BDf9/@\":&scFCB9&=9&=$!!EUFATMNNDJ*csgCMCi\":&scFCB9&=o\\O&!!rsADes6$@ru9m!!!"},"Entities":[],"ReplaceMode":2,"EntranceRotation":-1}