﻿{
  "code": "pouch",
  "class": "ItemWearable",
  "variantgroups": [{"code": "category", "states": ["waist"]}, {"code": "subtype", "states": ["plain"]}],
  "shape": {"base": "pouch-waist-plain"},
  "texturesByType": {"*": {"seraph": {"base": "game:block/transparent"}}},
  "storageFlags": 128,
  "behaviors": [
    {
      "name": "CombatOverhaul:GearEquipableBag",
      "properties": {
        "canHoldWildcards": ["*bullet-*", "*pellet-*", "*slug-*", "*match-*", "*linenpatch", "*powderflask-*", "*cockinglever-*"],
        "color": "#cf9059",
        "slotsNumber": 4
      }
    }
  ],
  "attributes": {"wearableAttachment": true, "clothescategory": "waist", "warmthByType": {"*": 0}},
  "creativeinventory": {"maltiezfirearms": ["*"]},
  "renderAlphaTest": 0.25,
  "tpHandTransform": {"translation": {"x": -0.78, "y": -0.93, "z": -1.23}, "rotation": {"x": 35, "y": -90, "z": 49}, "scale": 0.67},
  "guiTransform": {"translation": {"x": 0, "y": 0, "z": 36}, "rotation": {"x": 174, "y": 69, "z": -1}, "origin": {"x": -1.05, "y": 0.8, "z": 1.1}, "scale": 2.49},
  "groundTransform": {"translation": {"x": 0.05, "y": -0.21, "z": 0}, "rotation": {"x": 0, "y": 0, "z": 0}, "origin": {"x": 0.5, "y": 0.5, "z": 0.5299}, "scale": 2.72}
}