{
	"code": "creature",
	"class": "ItemCreature",
	"maxstacksize": 64,
	"variantgroups": [
		{
			"code": "type",
			"states": ["anatidae-adult-female-cereopsisnovaehollandiae","anatidae-adult-male-cereopsisnovaehollandiae","anatidae-baby-female-cereopsisnovaehollandiae", "anatidae-baby-male-cereopsisnovaehollandiae","anatidae-nest-cereopsisnovaehollandiae-incubating","anatidae-nest-cereopsisnovaehollandiae-mature","anatidae-nest-cereopsisnovaehollandiae-empty",
				"casuariidae-carcass",
				"casuariidae-adult-female-bennetti","casuariidae-adult-male-bennetti","casuariidae-baby-female-bennetti", "casuariidae-baby-male-bennetti","casuariidae-nest-bennetti-incubating","casuariidae-nest-bennetti-mature","casuariidae-nest-bennetti-empty",
				"casuariidae-adult-female-casuarius","casuariidae-adult-male-casuarius","casuariidae-baby-female-casuarius", "casuariidae-baby-male-casuarius","casuariidae-nest-casuarius-incubating","casuariidae-nest-casuarius-mature","casuariidae-nest-casuarius-empty",
				"casuariidae-adult-female-novaehollandiae","casuariidae-adult-male-novaehollandiae","casuariidae-baby-female-novaehollandiae", "casuariidae-baby-male-novaehollandiae","casuariidae-nest-novaehollandiae-incubating","casuariidae-nest-novaehollandiae-mature","casuariidae-nest-novaehollandiae-empty",
				"casuariidae-adult-female-unappendiculatus","casuariidae-adult-male-unappendiculatus","casuariidae-baby-female-unappendiculatus", "casuariidae-baby-male-unappendiculatus","casuariidae-nest-unappendiculatus-incubating","casuariidae-nest-unappendiculatus-mature","casuariidae-nest-unappendiculatus-empty"

			]
		}
		
		],

	"shapeByType": {
		"*-carcass": {
			"base": "game:block/bone/carcass/medium"
		},
		"*-adult-male-cereopsisnovaehollandiae": {"base": "entity/land/anatidae/cereopsisnovaehollandiae-adult"},
		"*-adult-female-cereopsisnovaehollandiae": {"base": "entity/land/anatidae/cereopsisnovaehollandiae-adult"},
		"*-baby-female-cereopsisnovaehollandiae": {"base": "entity/land/anatidae/cereopsisnovaehollandiae-baby"},
		"*-baby-male-cereopsisnovaehollandiae": {"base": "entity/land/anatidae/cereopsisnovaehollandiae-baby"},
		"*anatidae-nest-*-incubating": {"base": "entity/land/anatidae/nest-incubating"},
		"*anatidae-nest-*-mature": {"base": "entity/land/anatidae/nest-mature"},
		"*anatidae-nest-*-empty": {"base": "entity/land/anatidae/nest-empty"},

		"*-adult-male-bennetti": {"base": "entity/land/casuariidae/bennetti-adult"},
		"*-adult-female-bennetti": {"base": "entity/land/casuariidae/bennetti-adult"},
		"*-baby-female-bennetti": {"base": "entity/land/casuariidae/baby"},
		"*-baby-male-bennetti": {"base": "entity/land/casuariidae/baby"},
		"*-nest-*-incubating": {"base": "entity/land/casuariidae/nest-incubating"},
		"*-nest-*-mature": {"base": "entity/land/casuariidae/nest-mature"},
		"*-nest-*-empty": {"base": "entity/land/casuariidae/nest-empty"},

		"*-adult-male-casuarius": {"base": "entity/land/casuariidae/casuarius-adult"},
		"*-adult-female-casuarius": {"base": "entity/land/casuariidae/casuarius-adult"},
		"*-baby-female-casuarius": {"base": "entity/land/casuariidae/baby"},
		"*-baby-male-casuarius": {"base": "entity/land/casuariidae/baby"},

		"*-adult-male-novaehollandiae": {"base": "entity/land/casuariidae/novaehollandiae-adult"},
		"*-adult-female-novaehollandiae": {"base": "entity/land/casuariidae/novaehollandiae-adult"},
		"*-baby-female-novaehollandiae": {"base": "entity/land/casuariidae/baby"},
		"*-baby-male-novaehollandiae": {"base": "entity/land/casuariidae/baby"},

		"*-adult-male-unappendiculatus": {"base": "entity/land/casuariidae/unappendiculatus-adult"},
		"*-adult-female-unappendiculatus": {"base": "entity/land/casuariidae/unappendiculatus-adult"},
		"*-baby-female-unappendiculatus": {"base": "entity/land/casuariidae/baby"},
		"*-baby-male-unappendiculatus": {"base": "entity/land/casuariidae/baby"}
	},
	"texturesByType": {
		"*-carcass": {
			"skin": { "base": "game:block/creature/bone" }
		},
		"*adult-male-cereopsisnovaehollandiae": {"skin": { "base": "entity/anatidae/cereopsisnovaehollandiae-adult" }},
		"*adult-female-cereopsisnovaehollandiae": {"skin": { "base": "entity/anatidae/cereopsisnovaehollandiae-adult" }},
		"*-baby-female-cereopsisnovaehollandiae": {"skin": { "base": "entity/anatidae/cereopsisnovaehollandiae-baby" }},
		"*-baby-male-cereopsisnovaehollandiae": {"skin": { "base": "entity/anatidae/cereopsisnovaehollandiae-baby" }},

		"*adult-male-bennetti": {"skin": { "base": "entity/casuariidae/bennetti-adult" }},
		"*adult-female-bennetti": {"skin": { "base": "entity/casuariidae/bennetti-adult" }},
		"*-baby-female-bennetti": {"skin": { "base": "entity/casuariidae/bennetti-baby" }},
		"*-baby-male-bennetti": {"skin": { "base": "entity/casuariidae/bennetti-baby" }},
		"*-nest-bennetti-incubating": { "flat": {"base": "game:block/plant/lichen/oldmans/flat"},"skin": {"base": "entity/casuariidae/bennetti-egg"} },
		"*-nest-bennetti-mature": { "flat": {"base": "game:block/plant/lichen/oldmans/flat"},"skin": {"base": "entity/casuariidae/bennetti-egg"} },
		"*-nest-bennetti-empty": { "flat": {"base": "game:block/plant/lichen/oldmans/flat"},"skin": {"base": "entity/casuariidae/bennetti-egg"} },
		
		"*adult-male-casuarius": {"skin": { "base": "entity/casuariidae/casuarius-adult" }},
		"*adult-female-casuarius": {"skin": { "base": "entity/casuariidae/casuarius-adult" }}, 
		"*-baby-female-casuarius": {"skin": { "base": "entity/casuariidae/bennetti-baby" }},
		"*-baby-male-casuarius": {"skin": { "base": "entity/casuariidae/bennetti-baby" }},
		"*-nest-casuarius-incubating": { "flat": {"base": "game:block/plant/lichen/oldmans/flat"},"skin": {"base": "entity/casuariidae/casuarius-egg"} },
		"*-nest-casuarius-mature": { "flat": {"base": "game:block/plant/lichen/oldmans/flat"},"skin": {"base": "entity/casuariidae/casuarius-egg"} },
		"*-nest-casuarius-empty": { "flat": {"base": "game:block/plant/lichen/oldmans/flat"},"skin": {"base": "entity/casuariidae/casuarius-egg"} },
		
		"*adult-male-novaehollandiae": {"skin": { "base": "entity/casuariidae/novaehollandiae-adult" }},
		"*adult-female-novaehollandiae": {"skin": { "base": "entity/casuariidae/novaehollandiae-adult" }}, 
		"*-baby-female-novaehollandiae": {"skin": { "base": "entity/casuariidae/novaehollandiae-baby" }},
		"*-baby-male-novaehollandiae": {"skin": { "base": "entity/casuariidae/novaehollandiae-baby" }},
		"*-nest-novaehollandiae-incubating": { "flat": {"base": "game:block/plant/lichen/oldmans/flat"},"skin": {"base": "entity/casuariidae/novaehollandiae-egg"} },
		"*-nest-novaehollandiae-mature": { "flat": {"base": "game:block/plant/lichen/oldmans/flat"},"skin": {"base": "entity/casuariidae/novaehollandiae-egg"} },
		"*-nest-novaehollandiae-empty": { "flat": {"base": "game:block/plant/lichen/oldmans/flat"},"skin": {"base": "entity/casuariidae/novaehollandiae-egg"} },

		"*adult-male-unappendiculatus": {"skin": { "base": "entity/casuariidae/unappendiculatus-adult" }},
		"*adult-female-unappendiculatus": {"skin": { "base": "entity/casuariidae/unappendiculatus-adult" }}, 
		"*-baby-female-unappendiculatus": {"skin": { "base": "entity/casuariidae/bennetti-baby" }},
		"*-baby-male-unappendiculatus": {"skin": { "base": "entity/casuariidae/bennetti-baby" }},
		"*-nest-unappendiculatus-incubating": { "flat": {"base": "game:block/plant/lichen/oldmans/flat"},"skin": {"base": "entity/casuariidae/bennetti-egg"} },
		"*-nest-unappendiculatus-mature": { "flat": {"base": "game:block/plant/lichen/oldmans/flat"},"skin": {"base": "entity/casuariidae/bennetti-egg"} },
		"*-nest-unappendiculatus-empty": { "flat": {"base": "game:block/plant/lichen/oldmans/flat"},"skin": {"base": "entity/casuariidae/bennetti-egg"} }
	},
	
	
	
	
	"creativeinventory": { "general": ["*"], "items": ["*"], "creatures": ["*-casuariidae-*"] },
	"materialDensity": 600,
	"guiTransformByType": {

		
		"creature-*": {
			"rotate": true,
			"translation": { "x": 3, "y": 0, "z": 0 },
			"rotation": { "x": -11, "y": -52, "z": -180 },
			"origin": { "x": 0.5, "y": 0.5, "z": 0.5 },
			"scale": 0.75
		}				
	},
	
	"tpHandTransformByType": {
		"creature-*": {
			"translation": { "x": -0.9, "y": -0.9, "z": -0.7 },
			"rotation": { "x": -180, "y": 0, "z": -156 },
			"scale": 0.45
		}		
	},
	
	"fpHandTransformByType": {
		"creature-*": {
			"translation": { "x": 0.2, "y": 0, "z": 0 },
			"rotation": { "x": -8, "y": -63, "z": -7 }
		}
	}}
	

	
	
	
	




