[
	{
   		"op": "addeach",
    	"path": "/attributes/tradeProps/selling/list/-",
    	"value": [
			{
			"code": "caninae:creature-caninae-canina-baby-male-canis-familiaris",
			"type": "item",
			"stacksize": 1,
			"stock": { "avg": 2, "var": 1 },
			"price": { "avg": 18, "var": 4.5 }
			},
			{
			"code": "caninae:creature-caninae-canina-baby-female-canis-familiaris",
			"type": "item",
			"stacksize": 1,
			"stock": { "avg": 2, "var": 1 },
			"price": { "avg": 18, "var": 4.5 }
			}
		],
	"file": "game:entities/humanoid/trader-treasurehunter.json"
	}
]