{
  "code": "headmount",
	"maxstacksize": 4,
  "variantgroups": [
    {"code": "tribe","states": [ "alceini", "capreolini", "odocoileini" ]},
    {"code": "type","states": [ "baby","female","male" ]},
    {"code": "species","states": [ "alcesalces","capreoluscapreolus","capreoluspygargus","hydropotesinermis","blastocerusdichotomus","hippocamelusantisensis","hippocamelusbisulcus","mazamaamericana","mazamachunyi","mazamagouazoubira","mazamanana","mazamanemorivaga","mazamarufina","mazamatemama","mazamatienhoveni","odocoileushemionus","odocoileuspandora","odocoileusvirginianus","ozotocerosbezoarticus","pudellamephistophiles","pudupuda","rangifertarandus" ]},
    {"code": "size","states": [ "00","01", "02", "03", "04", "05", "06", "07", "08", "09"]}
  ],
	"allowedVariants": [
		"*-alceini-male-alcesalces-*",
		"*-alceini-*-alcesalces-00",
		"*-capreolini-*-capreoluscapreolus-00","*-capreolini-male-capreoluscapreolus-01","*-capreolini-male-capreoluscapreolus-02","*-capreolini-male-capreoluscapreolus-03",
		"*-capreolini-*-capreoluspygargus-00","*-capreolini-male-capreoluspygargus-01","*-capreolini-male-capreoluspygargus-02","*-capreolini-male-capreoluspygargus-03","*-capreolini-male-capreoluspygargus-04",
		"*-capreolini-*-hydropotesinermis-00","*-capreolini-male-hydropotesinermis-01",
		"*-odocoileini-*-blastocerusdichotomus-00",
		"*-odocoileini-*-hippocamelusantisensis-00",
		"*-odocoileini-*-hippocamelusbisulcus-00",
		"*-odocoileini-*-mazamaamericana-00",
		"*-odocoileini-*-mazamachunyi-00",
		"*-odocoileini-*-mazamagouazoubira-00",
		"*-odocoileini-*-mazamanana-00",
		"*-odocoileini-*-mazamanemorivaga-00",
		"*-odocoileini-*-mazamarufina-00",
		"*-odocoileini-*-mazamatemama-00",
		"*-odocoileini-*-mazamatienhoveni-00",
		"*-odocoileini-*-odocoileushemionus-00",
		"*-odocoileini-*-odocoileuspandora-00",
		"*-odocoileini-*-odocoileusvirginianus-00",
		"*-odocoileini-*-ozotocerosbezoarticus-00",
		"*-odocoileini-*-pudellamephistophiles-00",
		"*-odocoileini-*-pudupuda-00",
		"*-odocoileini-*-rangifertarandus-00"
	],
  "attributes": {
    "handbook": {
      "groupBy": [ "headmount-*" ]
    },
		"antlerMountableByType": {
			"*": true
		},
		"onAntlerMountTransformByType": {
			"*-female-alcesalces-*": {"translation": { "x": -0.9, "y": 0, "z": 0 },"rotation": { "x": 0, "y": 180, "z": 0 },"origin": { "x": 1, "y": 0.5, "z": 0.5 },"scale": 0.9},	
			"*-male-alcesalces-*": {"translation": { "x": -0.9, "y": 0, "z": 0 },"rotation": { "x": 0, "y": 180, "z": 0 },"origin": { "x": 1, "y": 0.5, "z": 0.5 }, "scale": 1.1},
			"*-female-capreoluscapreolus-*": {"translation": { "x": -0.9, "y": 0, "z": 0 },"rotation": { "x": 0, "y": 180, "z": 0 },"origin": { "x": 1, "y": 0.5, "z": 0.5 },"scale": 0.9},	
			"*-baby-*-capreoluscapreolus-*": {"translation": { "x": -0.9, "y": 0, "z": 0 },"rotation": { "x": 0, "y": 180, "z": 0 },"origin": { "x": 1, "y": 0.5, "z": 0.5 }, "scale": 0.4},
			"*-baby-*-capreoluspygargus-*": {"translation": { "x": -0.9, "y": 0, "z": 0 },"rotation": { "x": 0, "y": 180, "z": 0 },"origin": { "x": 1, "y": 0.5, "z": 0.5 },"scale": 0.5},	
			"*-male-capreoluspygargus-*": {"translation": { "x": -0.9, "y": 0, "z": 0 },"rotation": { "x": 0, "y": 180, "z": 0 },"origin": { "x": 1, "y": 0.5, "z": 0.5 }, "scale": 1.06},	
			"*-female-hydropotesinermis-*": {"translation": { "x": -0.9, "y": 0, "z": 0 },"rotation": { "x": 0, "y": 180, "z": 0 },"origin": { "x": 1, "y": 0.5, "z": 0.5 },"scale": 0.96},	
			"*-baby-*-hydropotesinermis-*": {"translation": { "x": -0.9, "y": 0, "z": 0 },"rotation": { "x": 0, "y": 180, "z": 0 },"origin": { "x": 1, "y": 0.5, "z": 0.5 }, "scale": 0.4},		
			"*": {
				"translation": { "x": -0.9, "y": 0, "z": 0 },
				"rotation": { "x": 0, "y": 180, "z": 0 },
				"origin": { "x": 1, "y": 0.5, "z": 0.5 }
			}			
		}
  },
  "shapebytype": {
    "*-baby-alcesalces-*": {"base": "item/alceini/alcesalces/headmount-baby-00"},
    "*-male-alcesalces-*": {"base": "item/alceini/alcesalces/headmount-male-{size}"},
    "*-female-alcesalces-*": {"base": "item/alceini/alcesalces/headmount-male-00"},
    "*-baby-capreoluscapreolus-*": {"base": "item/capreolini/hydropotesinermis/headmount-baby-00"},
    "*-male-capreoluscapreolus-*": {"base": "item/capreolini/capreoluspygargus/headmount-male-{size}"},
    "*-female-capreoluscapreolus-*": {"base": "item/capreolini/capreoluspygargus/headmount-male-00"},
    "*-baby-capreoluspygargus-*": {"base": "item/capreolini/hydropotesinermis/headmount-baby-00"},
    "*-male-capreoluspygargus-*": {"base": "item/capreolini/capreoluspygargus/headmount-male-{size}"},
    "*-female-capreoluspygargus-*": {"base": "item/capreolini/capreoluspygargus/headmount-male-00"},
    "*-baby-hydropotesinermis-*": {"base": "item/capreolini/hydropotesinermis/headmount-baby-00"},
    "*-male-hydropotesinermis-*": {"base": "item/capreolini/hydropotesinermis/headmount-male-{size}"},
    "*-female-hydropotesinermis-*": {"base": "item/capreolini/hydropotesinermis/headmount-male-00"},
    "*": {
      "base": "item/{tribe}/headmount-{species}-{type}"
    }
  },
  "creativeinventory": {"general": [ "*" ], "decorative": [ "*" ]
  },
  "texturesByType": {
    "*-baby-alcesalces-*": {"skin": {"base": "game:entity/hooved/deer/moose-baby"}},
    "*-alcesalces-*": {"skin": {"base": "game:entity/hooved/deer/moose-adult"}},
    "*-baby-capreoluscapreolus-*": {"hide": {"base": "game:entity/hooved/deer/water-baby"}},
    "*-baby-capreoluspygargus-*": {"hide": {"base": "game:entity/hooved/deer/water-baby"}},
    "*-baby-hydropotesinermis-*": {"hide": {"base": "game:entity/hooved/deer/water-baby"}},
    "*-hydropotesinermis-*": {"skin": {"base": "game:entity/hooved/deer/water-adult"}},
    "*-baby-mazamachunyi-*": {"skin": {"base": "entity/{tribe}/mazamanana-baby"}},
    "*-baby-mazamagouazoubira-*": {"skin": {"base": "entity/{tribe}/mazamaamericana-baby"}},
    "*-baby-mazamarufina-*": {"skin": {"base": "entity/{tribe}/mazamanana-baby"}},
    "*-baby-mazamatemama-*": {"skin": {"base": "entity/{tribe}/mazamaamericana-baby"}},
    "*-baby-mazamatienhoveni-*": {"skin": {"base": "entity/{tribe}/mazamaamericana-baby"}},
    "*-baby-odocoileushemionus-*": {"skin": {"base": "entity/{tribe}/odocoileusvirginianus-baby"}},
    "*-baby-odocoileusvirginianus-*": {"skin": {"base": "entity/{tribe}/odocoileusvirginianus-baby"}},
    "*-baby-pudellamephistophiles-*": {"skin": {"base": "entity/{tribe}/pudupuda-baby"}},
    "*-baby-*": {"skin": {"base": "entity/{tribe}/{species}-baby"}},
    "*-female-*": {"skin": {"base": "entity/{tribe}/{species}-adult"}},
    "*-male-*": {"skin": {"base": "entity/{tribe}/{species}-adult"}}
  },
  "combustibleProps": {
    "burnTemperature": 400,
    "burnDuration": 10
  },
  "sounds": {
    "place": "game:block/cloth",
    "walk": "game:walk/cloth"
  },
  "guiTransformByType": {
		"*-alceini-*": {
     "translation": {"x": 0,"y": 3,"z": 0},
    "rotation": {"x": 0,"y": -60,"z": 180},
    "origin": {"x": 1,"y": 0.5,"z": 0.5},
    "scale": 1.5
      },
    "*-capreolini-*-*": {
     "translation": {"x": 0,"y": 3,"z": 0},
    "rotation": {"x": 0,"y": -60,"z": 180},
    "origin": {"x": 1,"y": 0.6,"z": 0.5},
    "scale": 2.5
      },
    "*-mazama*": {
     "translation": {"x": 0,"y": 3,"z": 0},
    "rotation": {"x": 0,"y": -60,"z": 180},
    "origin": {"x":1,"y": 0.6,"z": 0.5},
    "scale": 4.0
      },
    "*-pudu*": {
     "translation": {"x": 0,"y": 3,"z": 0},
    "rotation": {"x": 0,"y": -60,"z": 180},
    "origin": {"x": 1,"y": 0.6,"z": 0.5},
    "scale": 5.0
      },
    "*": {
     "translation": {"x": 0,"y": 3,"z": 0},
    "rotation": {"x": 0,"y": -60,"z": 180},
    "origin": {"x": 1,"y": 0.6,"z": 0.5},
    "scale": 2.0
      }
  },
  "groundTransform": {
    "translation": {"x": 0.5,"y": 0,"z": 0},
    "rotation": {"x": 0,"y": 135,"z": 0},
    "origin": {"x": 0.5,"y": -0.02,"z": 0.5},
    "scale": 1
  },
  "tpHandTransform": {
    "translation": {"x": -0.55,"y": -0.6,"z": -0.15},
    "rotation": {"x": 0,"y": 0,"z": 0},
    "origin": {"x": 0.5,"y": 0.5,"z": 0.1},
    "scale": 1.0
  },
  "fpHandTransform": {
    "rotation": {"x": 0,"y": 0,"z": 0},
    "origin": {"x": 0.5,"y": -1,"z": 1.5}
  },
  "materialDensity": 200
}