﻿[
  {
    "ingredientPattern": "WLB,MWP,__R",
    "ingredients": {
      "B": {"type": "item", "code": "maltiezfirearms:barrel-carbine-steel", "quantity": 1},
      "P": {"type": "item", "code": "game:metalplate-brass", "quantity": 1},
      "M": {"type": "item", "code": "game:metalplate-steel", "quantity": 1},
      "L": {"type": "item", "code": "maltiezfirearms:lock-flintlock", "quantity": 1},
      "W": {"type": "item", "code": "game:plank-*", "quantity": 1},
      "R": {"type": "item", "code": "maltiezfirearms:ramrod-carbine", "quantity": 1}
    },
    "width": 3,
    "height": 3,
    "output": {"type": "item", "code": "maltiezfirearms:carbine"}
  },
  {
    "ingredientPattern": "_PP,NFF,_PP",
    "ingredients": {
      "P": {"type": "item", "code": "game:metalplate-steel", "quantity": 1},
      "N": {"type": "item", "code": "game:metalnailsandstrips-steel", "quantity": 1},
      "F": {"type": "item", "code": "game:powderedborax", "quantity": 2}
    },
    "width": 3,
    "height": 3,
    "output": {"type": "item", "code": "maltiezfirearms:barrel-carbine-steel"}
  }
]