{
	"editor": {
		"allAngles": true,
		"entityTextureMode": true
	},
	"textureWidth": 32,
	"textureHeight": 48,
	"textureSizes": {
		"bottom": [16,16],
		"skin": [32,48]
	},
	"textures": {
	},
	"elements": [
		{
			"name": "Rotation Point",
			"from": [ 0.0, 0.0, 0.0 ], 
			"to": [ 0.0, 0.0, 0.0 ], 
			"uv": [ 0.0, 0.0 ],
			"faces": {
				"north": { "texture": "#null", "uv": [ 0.0, 0.0, 0.5, 0.5 ], "enabled": false },
				"east": { "texture": "#null", "uv": [ 0.0, 0.0, 0.5, 0.5 ], "enabled": false },
				"south": { "texture": "#null", "uv": [ 0.0, 0.0, 0.5, 0.5 ], "enabled": false },
				"west": { "texture": "#null", "uv": [ 0.0, 0.0, 0.5, 0.5 ], "enabled": false },
				"up": { "texture": "#null", "uv": [ 0.0, 0.0, 0.5, 0.5 ], "enabled": false },
				"down": { "texture": "#null", "uv": [ 0.0, 0.0, 0.5, 0.5 ], "enabled": false }
			},
			"children": [
				{
					"name": "Base",
					"from": [ 1.7, 0.0, 8.0 ], 
					"to": [ 1.7, 0.0, 8.0 ], 
					"autoUnwrap": false,
					"uv": [ 0.0, 0.0 ],
					"rotationOrigin": [ 1.7, 0.0, 8.0 ],
					"faces": {
						"north": { "texture": "#null", "uv": [ 0.0, 0.0, 0.5, 0.5 ], "enabled": false },
						"east": { "texture": "#null", "uv": [ 0.0, 0.0, 0.5, 0.5 ], "enabled": false },
						"south": { "texture": "#null", "uv": [ 0.0, 0.0, 0.5, 0.5 ], "enabled": false },
						"west": { "texture": "#null", "uv": [ 0.0, 0.0, 0.5, 0.5 ], "enabled": false },
						"up": { "texture": "#null", "uv": [ 0.0, 0.0, 0.5, 0.5 ], "enabled": false },
						"down": { "texture": "#null", "uv": [ 0.0, 0.0, 0.5, 0.5 ], "enabled": false }
					},
					"children": [
						{
							"name": "PeltBody",
							"from": [ 0.0, 0.0, -2.08 ], 
							"to": [ 5.6, 0.336, 2.08 ], 
							"unwrapMode": 5,
							"autoUnwrap": false,
							"uv": [ -10.0, 9.5 ],
							"rotationOrigin": [ 0.0, 0.0, -2.08 ],
							"faces": {
								"north": { "texture": "#skin", "uv": [ 17.0, 5.0, 24.0, 5.5 ], "rotation": 180, "windMode": [-1,-1,-1,-1] },
								"east": { "texture": "#skin", "uv": [ 12.0, 5.0, 17.0, 5.5 ], "rotation": 180, "windMode": [-1,-1,-1,-1] },
								"south": { "texture": "#skin", "uv": [ 5.0, 5.0, 12.0, 5.5 ], "windMode": [-1,-1,-1,-1] },
								"west": { "texture": "#skin", "uv": [ 0.0, 5.0, 5.0, 5.5 ], "rotation": 180, "windMode": [-1,-1,-1,-1] },
								"up": { "texture": "#skin", "uv": [ 5.0, 0.0, 12.0, 5.0 ], "windMode": [-1,-1,-1,-1] },
								"down": { "texture": "#bottom", "uv": [ 0.0, 10.0, 7.0, 15.0 ], "windMode": [-1,-1,-1,-1] }
							},
							"children": [
								{
									"name": "LBody",
									"from": [ 0.0, 0.008, 3.84 ], 
									"to": [ 5.6, 0.328, 7.04 ], 
									"unwrapMode": 5,
									"autoUnwrap": false,
									"uv": [ -3.0, 4.5 ],
									"rotationOrigin": [ 0.0, -0.008, 3.84 ],
									"rotationY": -3.0,
									"faces": {
										"north": { "texture": "#null", "uv": [ 0.0, 0.0, 7.0, 0.5 ], "enabled": false },
										"east": { "texture": "#skin", "uv": [ 11.5, 7.0, 12.0, 11.0 ], "rotation": 90, "windMode": [-1,-1,-1,-1] },
										"south": { "texture": "#skin", "uv": [ 5.0, 11.0, 12.0, 11.5 ], "windMode": [-1,-1,-1,-1] },
										"west": { "texture": "#skin", "uv": [ 5.0, 7.0, 5.5, 11.0 ], "rotation": 90, "windMode": [-1,-1,-1,-1] },
										"up": { "texture": "#skin", "uv": [ 5.0, 7.0, 12.0, 11.0 ], "windMode": [-1,-1,-1,-1] },
										"down": { "texture": "#bottom", "uv": [ 2.5, 4.5, 9.5, 8.5 ] }
									},
									"children": [
										{
											"name": "LArm",
											"from": [ 0.0, 0.008, 2.4 ], 
											"to": [ 1.2, 0.312, 5.6 ], 
											"unwrapMode": 5,
											"autoUnwrap": false,
											"uv": [ 13.0, 12.5 ],
											"rotationOrigin": [ 0.0, 0.008, 2.4 ],
											"rotationY": -30.0,
											"faces": {
												"north": { "texture": "#null", "uv": [ 0.0, 0.0, 1.5, 0.5 ], "enabled": false },
												"east": { "texture": "#skin", "uv": [ 28.5, 32.5, 29.0, 36.5 ], "rotation": 90 },
												"south": { "texture": "#skin", "uv": [ 27.0, 36.0, 28.5, 36.5 ], "windMode": [-1,-1,-1,-1] },
												"west": { "texture": "#skin", "uv": [ 26.5, 32.5, 27.0, 36.5 ], "rotation": 270, "windMode": [-1,-1,-1,-1] },
												"up": { "texture": "#skin", "uv": [ 27.0, 32.5, 28.5, 36.5 ], "windMode": [-1,-1,-1,-1] },
												"down": { "texture": "#bottom", "uv": [ 14.5, 12.5, 16.0, 16.5 ], "windMode": [-1,-1,-1,-1] }
											},
											"children": [
												{
													"name": "LArmLower",
													"from": [ 1.2, 0.008, -0.24 ], 
													"to": [ 2.0, 0.296, 2.96 ], 
													"unwrapMode": 5,
													"autoUnwrap": false,
													"uv": [ 13.0, 11.5 ],
													"rotationOrigin": [ 2.0, 0.008, -0.24 ],
													"rotationY": -10.0,
													"faces": {
														"north": { "texture": "#null", "uv": [ 0.0, 0.0, 1.0, 0.5 ], "enabled": false },
														"east": { "texture": "#skin", "uv": [ 29.5, 32.5, 30.0, 36.5 ], "rotation": 90 },
														"south": { "texture": "#skin", "uv": [ 27.0, 36.5, 28.0, 37.0 ], "windMode": [-1,-1,-1,-1] },
														"west": { "texture": "#null", "uv": [ 0.0, 0.0, 4.0, 0.5 ], "enabled": false },
														"up": { "texture": "#skin", "uv": [ 28.5, 32.5, 29.5, 36.5 ], "windMode": [-1,-1,-1,-1] },
														"down": { "texture": "#bottom", "uv": [ 14.0, 11.5, 15.0, 15.5 ], "windMode": [-1,-1,-1,-1] }
													}
												}
											]
										}
									]
								},
								{
									"name": "RBody",
									"from": [ 0.0, -0.328, 0.32 ], 
									"to": [ 5.6, -0.008, 3.52 ], 
									"unwrapMode": 6,
									"autoUnwrap": false,
									"uv": [ -3.0, 8.0 ],
									"rotationOrigin": [ 0.0, 0.0, 0.32 ],
									"rotationX": 180.0,
									"rotationY": -3.0,
									"faces": {
										"north": { "texture": "#null", "uv": [ 0.0, 0.0, 7.0, 0.5 ], "enabled": false },
										"east": { "texture": "#skin", "uv": [ 17.0, 7.0, 17.5, 11.0 ], "rotation": 90 },
										"south": { "texture": "#skin", "uv": [ 17.0, 11.0, 24.0, 11.5 ], "windMode": [-1,-1,-1,-1] },
										"west": { "texture": "#skin", "uv": [ 23.5, 7.0, 24.0, 11.0 ], "rotation": 270, "windMode": [-1,-1,-1,-1] },
										"up": { "texture": "#bottom", "uv": [ 2.5, 8.0, 9.5, 12.0 ], "windMode": [-1,-1,-1,-1] },
										"down": { "texture": "#skin", "uv": [ 17.0, 7.0, 24.0, 11.0 ], "windMode": [-1,-1,-1,-1] }
									},
									"children": [
										{
											"name": "RArm",
											"from": [ 0.0, 0.008, 2.4 ], 
											"to": [ 1.2, 0.312, 5.6 ], 
											"unwrapMode": 6,
											"autoUnwrap": false,
											"uv": [ 4.0, 6.5 ],
											"rotationOrigin": [ 0.0, 0.312, 2.4 ],
											"rotationY": -30.0,
											"faces": {
												"north": { "texture": "#null", "uv": [ 0.0, 0.0, 1.5, 0.5 ], "enabled": false },
												"east": { "texture": "#skin", "uv": [ 24.0, 32.5, 24.5, 36.5 ], "rotation": 90 },
												"south": { "texture": "#skin", "uv": [ 22.5, 36.0, 24.0, 36.5 ], "rotation": 180, "windMode": [-1,-1,-1,-1] },
												"west": { "texture": "#skin", "uv": [ 22.0, 32.5, 22.5, 36.5 ], "rotation": 270, "windMode": [-1,-1,-1,-1] },
												"up": { "texture": "#bottom", "uv": [ 5.5, 6.5, 7.0, 10.5 ], "windMode": [-1,-1,-1,-1] },
												"down": { "texture": "#skin", "uv": [ 22.5, 32.5, 24.0, 36.5 ], "windMode": [-1,-1,-1,-1] }
											},
											"children": [
												{
													"name": "RArmLower",
													"from": [ 1.2, 0.008, -0.24 ], 
													"to": [ 2.0, 0.296, 2.96 ], 
													"unwrapMode": 5,
													"autoUnwrap": false,
													"uv": [ 4.5, 6.5 ],
													"rotationOrigin": [ 2.0, 0.296, -0.24 ],
													"rotationY": -10.0,
													"faces": {
														"north": { "texture": "#null", "uv": [ 0.0, 0.0, 1.0, 0.5 ], "enabled": false },
														"east": { "texture": "#skin", "uv": [ 25.0, 32.5, 25.5, 36.5 ], "rotation": 90, "windMode": [-1,-1,-1,-1] },
														"south": { "texture": "#skin", "uv": [ 23.0, 36.5, 24.0, 37.0 ], "windMode": [-1,-1,-1,-1] },
														"west": { "texture": "#null", "uv": [ 0.0, 0.0, 4.0, 0.5 ], "enabled": false },
														"up": { "texture": "#bottom", "uv": [ 4.5, 6.5, 5.5, 10.5 ], "windMode": [-1,-1,-1,-1] },
														"down": { "texture": "#skin", "uv": [ 24.5, 32.5, 25.5, 36.5 ], "windMode": [-1,-1,-1,-1] }
													}
												}
											]
										}
									]
								},
								{
									"name": "PeltAbdomen",
									"from": [ 5.6, 0.008, 0.28 ], 
									"to": [ 11.6, 0.328, 3.88 ], 
									"unwrapMode": 5,
									"autoUnwrap": false,
									"uv": [ -11.0, 10.0 ],
									"rotationOrigin": [ 5.6, 0.008, 0.28 ],
									"faces": {
										"north": { "texture": "#skin", "uv": [ 16.5, 21.0, 24.0, 21.5 ], "windMode": [-1,-1,-1,-1] },
										"east": { "texture": "#skin", "uv": [ 12.0, 21.0, 16.5, 21.5 ], "windMode": [-1,-1,-1,-1] },
										"south": { "texture": "#skin", "uv": [ 4.5, 21.0, 12.0, 21.5 ], "windMode": [-1,-1,-1,-1] },
										"west": { "texture": "#null", "uv": [ 0.0, 0.0, 4.5, 0.5 ], "enabled": false, "windMode": [-1,-1,-1,-1] },
										"up": { "texture": "#skin", "uv": [ 4.5, 16.5, 12.0, 21.0 ], "windMode": [-1,-1,-1,-1] },
										"down": { "texture": "#bottom", "uv": [ 0.0, 10.5, 7.5, 15.0 ] }
									},
									"children": [
										{
											"name": "LAbdomen",
											"from": [ 0.0, 0.008, 3.28 ], 
											"to": [ 6.0, 0.312, 6.88 ], 
											"unwrapMode": 5,
											"autoUnwrap": false,
											"uv": [ -5.0, 7.5 ],
											"rotationOrigin": [ 0.0, 0.008, 3.28 ],
											"rotationY": -3.0,
											"faces": {
												"north": { "texture": "#null", "uv": [ 0.0, 0.0, 7.5, 0.5 ], "enabled": false },
												"east": { "texture": "#skin", "uv": [ 11.5, 22.5, 12.0, 27.0 ], "rotation": 90 },
												"south": { "texture": "#skin", "uv": [ 4.5, 27.0, 12.0, 27.5 ], "windMode": [-1,-1,-1,-1] },
												"west": { "texture": "#skin", "uv": [ 4.5, 22.5, 5.0, 27.0 ], "rotation": 90, "windMode": [-1,-1,-1,-1] },
												"up": { "texture": "#skin", "uv": [ 4.5, 22.5, 12.0, 27.0 ], "windMode": [-1,-1,-1,-1] },
												"down": { "texture": "#bottom", "uv": [ 6.0, 8.0, 13.5, 12.5 ], "windMode": [-1,-1,-1,-1] }
											},
											"children": [
												{
													"name": "LLeg",
													"from": [ 4.08, 0.008, 3.6 ], 
													"to": [ 5.68, 0.296, 6.8 ], 
													"unwrapMode": 5,
													"autoUnwrap": false,
													"uv": [ 0.0, 5.5 ],
													"rotationOrigin": [ 4.08, 0.008, 3.6 ],
													"rotationY": 72.0,
													"faces": {
														"north": { "texture": "#null", "uv": [ 0.0, 0.0, 2.0, 0.5 ], "enabled": false },
														"east": { "texture": "#skin", "uv": [ 13.0, 40.5, 13.5, 44.5 ], "rotation": 90, "windMode": [-1,-1,-1,-1] },
														"south": { "texture": "#skin", "uv": [ 11.0, 44.5, 13.0, 45.0 ], "windMode": [-1,-1,-1,-1] },
														"west": { "texture": "#skin", "uv": [ 10.5, 40.5, 11.0, 44.5 ], "rotation": 270, "windMode": [-1,-1,-1,-1] },
														"up": { "texture": "#skin", "uv": [ 11.0, 40.5, 13.0, 44.5 ], "windMode": [-1,-1,-1,-1] },
														"down": { "texture": "#bottom", "uv": [ 2.0, 5.5, 4.0, 9.5 ], "windMode": [-1,-1,-1,-1] }
													},
													"children": [
														{
															"name": "LLegEnd",
															"from": [ 0.0, -0.008, 3.2 ], 
															"to": [ 1.6, 0.296, 4.8 ], 
															"unwrapMode": 5,
															"autoUnwrap": false,
															"uv": [ -2.0, 7.5 ],
															"rotationOrigin": [ 0.8, -0.008, 3.2 ],
															"rotationY": -14.0,
															"faces": {
																"north": { "texture": "#skin", "uv": [ 16.5, 40.5, 18.5, 41.0 ], "rotation": 180 },
																"east": { "texture": "#skin", "uv": [ 18.5, 41.0, 19.0, 43.0 ], "rotation": 90, "windMode": [-1,-1,-1,-1] },
																"south": { "texture": "#skin", "uv": [ 16.5, 43.0, 18.5, 43.5 ], "windMode": [-1,-1,-1,-1] },
																"west": { "texture": "#skin", "uv": [ 16.0, 41.0, 16.5, 43.0 ], "rotation": 270, "windMode": [-1,-1,-1,-1] },
																"up": { "texture": "#skin", "uv": [ 16.5, 41.0, 18.5, 43.0 ], "windMode": [-1,-1,-1,-1] },
																"down": { "texture": "#bottom", "uv": [ 0.0, 8.0, 2.0, 10.0 ], "windMode": [-1,-1,-1,-1] }
															}
														}
													]
												},
												{
													"name": "LLegLower",
													"from": [ 4.8, 0.016, 1.6 ], 
													"to": [ 6.0, 0.288, 5.2 ], 
													"unwrapMode": 5,
													"autoUnwrap": false,
													"uv": [ 0.5, 6.0 ],
													"rotationOrigin": [ 5.2, 0.016, 1.6 ],
													"rotationY": 45.0,
													"faces": {
														"north": { "texture": "#null", "uv": [ 0.0, 0.0, 1.5, 0.5 ], "enabled": false },
														"east": { "texture": "#skin", "uv": [ 14.5, 40.5, 15.0, 45.0 ], "rotation": 90 },
														"south": { "texture": "#null", "uv": [ 0.0, 0.0, 1.5, 0.5 ], "enabled": false },
														"west": { "texture": "#null", "uv": [ 0.0, 0.0, 4.5, 0.5 ], "enabled": false },
														"up": { "texture": "#skin", "uv": [ 13.0, 40.5, 14.5, 45.0 ], "windMode": [-1,-1,-1,-1] },
														"down": { "texture": "#bottom", "uv": [ 1.5, 6.0, 3.0, 10.5 ], "windMode": [-1,-1,-1,-1] }
													}
												}
											]
										},
										{
											"name": "RAbdomen",
											"from": [ 0.0, -0.296, 0.32 ], 
											"to": [ 6.0, 0.008, 3.92 ], 
											"unwrapMode": 5,
											"autoUnwrap": false,
											"uv": [ -0.5, 4.5 ],
											"rotationOrigin": [ 0.0, 0.008, 0.32 ],
											"rotationX": 180.0,
											"rotationY": -3.0,
											"faces": {
												"north": { "texture": "#null", "uv": [ 0.0, 0.0, 7.5, 0.5 ], "enabled": false },
												"east": { "texture": "#skin", "uv": [ 16.5, 22.5, 17.0, 27.0 ], "rotation": 90 },
												"south": { "texture": "#skin", "uv": [ 16.5, 27.0, 24.0, 27.5 ], "windMode": [-1,-1,-1,-1] },
												"west": { "texture": "#skin", "uv": [ 23.5, 22.5, 24.0, 27.0 ], "rotation": 90, "windMode": [-1,-1,-1,-1] },
												"up": { "texture": "#bottom", "uv": [ 0.0, 4.5, 7.5, 9.0 ], "windMode": [-1,-1,-1,-1] },
												"down": { "texture": "#skin", "uv": [ 16.5, 22.5, 24.0, 27.0 ], "windMode": [-1,-1,-1,-1] }
											},
											"children": [
												{
													"name": "RLeg",
													"from": [ 4.08, 0.008, 3.6 ], 
													"to": [ 5.68, 0.296, 6.8 ], 
													"unwrapMode": 5,
													"autoUnwrap": false,
													"uv": [ -0.5, 4.5 ],
													"rotationOrigin": [ 4.08, 0.296, 3.6 ],
													"rotationY": 72.0,
													"faces": {
														"north": { "texture": "#null", "uv": [ 0.0, 0.0, 2.0, 0.5 ], "enabled": false },
														"east": { "texture": "#skin", "uv": [ 3.0, 41.0, 3.5, 45.0 ], "rotation": 90 },
														"south": { "texture": "#skin", "uv": [ 1.0, 45.0, 3.0, 45.5 ], "windMode": [-1,-1,-1,-1] },
														"west": { "texture": "#skin", "uv": [ 0.5, 41.0, 1.0, 45.0 ], "rotation": 270, "windMode": [-1,-1,-1,-1] },
														"up": { "texture": "#bottom", "uv": [ 0.0, 4.5, 2.0, 8.5 ], "windMode": [-1,-1,-1,-1] },
														"down": { "texture": "#skin", "uv": [ 1.0, 41.0, 3.0, 45.0 ], "rotation": 180, "windMode": [-1,-1,-1,-1] }
													},
													"children": [
														{
															"name": "RLegEnd",
															"from": [ 0.0, -0.008, 3.2 ], 
															"to": [ 1.6, 0.296, 4.8 ], 
															"unwrapMode": 5,
															"autoUnwrap": false,
															"uv": [ -0.5, 7.5 ],
															"rotationOrigin": [ 0.8, 0.304, 3.2 ],
															"rotationY": -14.0,
															"faces": {
																"north": { "texture": "#skin", "uv": [ 6.0, 40.0, 8.0, 40.5 ], "rotation": 180 },
																"east": { "texture": "#skin", "uv": [ 5.5, 40.5, 6.0, 42.5 ], "rotation": 90, "windMode": [-1,-1,-1,-1] },
																"south": { "texture": "#skin", "uv": [ 6.0, 42.5, 8.0, 43.0 ], "windMode": [-1,-1,-1,-1] },
																"west": { "texture": "#skin", "uv": [ 8.0, 40.5, 8.5, 42.5 ], "rotation": 270, "windMode": [-1,-1,-1,-1] },
																"up": { "texture": "#bottom", "uv": [ 0.0, 8.0, 2.0, 10.0 ], "windMode": [-1,-1,-1,-1] },
																"down": { "texture": "#skin", "uv": [ 6.0, 40.5, 8.0, 42.5 ], "windMode": [-1,-1,-1,-1] }
															}
														}
													]
												},
												{
													"name": "RLegLower",
													"from": [ 4.8, 0.016, 1.6 ], 
													"to": [ 6.0, 0.288, 5.2 ], 
													"unwrapMode": 5,
													"autoUnwrap": false,
													"uv": [ 14.0, 4.5 ],
													"rotationOrigin": [ 5.2, 0.288, 1.6 ],
													"rotationY": 45.0,
													"faces": {
														"north": { "texture": "#null", "uv": [ 0.0, 0.0, 1.5, 0.5 ], "enabled": false },
														"east": { "texture": "#skin", "uv": [ 4.5, 41.0, 5.0, 45.5 ], "rotation": 90, "windMode": [-1,-1,-1,-1] },
														"south": { "texture": "#null", "uv": [ 0.0, 0.0, 1.5, 0.5 ], "enabled": false },
														"west": { "texture": "#null", "uv": [ 0.0, 0.0, 4.5, 0.5 ], "enabled": false },
														"up": { "texture": "#bottom", "uv": [ 14.0, 4.5, 15.5, 9.0 ], "windMode": [-1,-1,-1,-1] },
														"down": { "texture": "#skin", "uv": [ 3.0, 41.0, 4.5, 45.5 ], "windMode": [-1,-1,-1,-1] }
													}
												}
											]
										},
										{
											"name": "PeltTail",
											"from": [ 5.92, 0.008, 1.16 ], 
											"to": [ 7.12, 0.312, 2.44 ], 
											"autoUnwrap": false,
											"uv": [ 0.0, 0.0 ],
											"rotationOrigin": [ 5.92, 0.008, 1.16 ],
											"faces": {
												"north": { "texture": "#skin", "uv": [ 3.5, 0.0, 4.0, 1.5 ], "rotation": 90 },
												"east": { "texture": "#skin", "uv": [ 2.0, 1.0, 3.5, 1.5 ], "windMode": [-1,-1,-1,-1] },
												"south": { "texture": "#skin", "uv": [ 1.5, 0.0, 2.0, 1.5 ], "rotation": 90, "windMode": [-1,-1,-1,-1] },
												"west": { "texture": "#skin", "uv": [ 0.0, 1.0, 1.5, 1.5 ], "windMode": [-1,-1,-1,-1] },
												"up": { "texture": "#skin", "uv": [ 2.0, 0.0, 3.5, 1.5 ], "windMode": [-1,-1,-1,-1] },
												"down": { "texture": "#skin", "uv": [ 0.0, 0.0, 1.5, 1.5 ], "windMode": [-1,-1,-1,-1] }
											},
											"children": [
												{
													"name": "PeltTailEnd",
													"from": [ 1.12, -0.008, 0.04 ], 
													"to": [ 2.32, 0.304, 1.24 ], 
													"autoUnwrap": false,
													"uv": [ 0.0, 0.0 ],
													"rotationOrigin": [ 1.12, -0.008, 0.04 ],
													"faces": {
														"north": { "texture": "#skin", "uv": [ 4.0, 1.5, 4.5, 3.0 ], "rotation": 90, "windMode": [-1,-1,-1,-1] },
														"east": { "texture": "#skin", "uv": [ 3.0, 2.5, 4.5, 3.0 ], "windMode": [-1,-1,-1,-1] },
														"south": { "texture": "#skin", "uv": [ 2.5, 1.5, 3.0, 3.0 ], "rotation": 90, "windMode": [-1,-1,-1,-1] },
														"west": { "texture": "#skin", "uv": [ 1.5, 2.5, 3.0, 3.0 ], "windMode": [-1,-1,-1,-1] },
														"up": { "texture": "#skin", "uv": [ 3.0, 1.5, 4.5, 3.0 ], "windMode": [-1,-1,-1,-1] },
														"down": { "texture": "#skin", "uv": [ 1.5, 1.5, 3.0, 3.0 ], "windMode": [-1,-1,-1,-1] }
													}
												}
											]
										}
									]
								},
								{
									"name": "LNeck",
									"from": [ -2.4, 0.016, 2.08 ], 
									"to": [ 0.0, 0.32, 4.48 ], 
									"unwrapMode": 5,
									"autoUnwrap": false,
									"uv": [ 5.0, 11.5 ],
									"rotationOrigin": [ 0.0, 0.016, 2.08 ],
									"rotationY": 22.0,
									"faces": {
										"north": { "texture": "#skin", "uv": [ 27.0, 21.0, 30.0, 21.5 ], "rotation": 180 },
										"east": { "texture": "#skin", "uv": [ 0.0, 0.0, 3.0, 0.5 ], "enabled": false, "windMode": [-1,-1,-1,-1] },
										"south": { "texture": "#skin", "uv": [ 27.0, 24.5, 30.0, 25.0 ], "windMode": [-1,-1,-1,-1] },
										"west": { "texture": "#skin", "uv": [ 26.5, 21.5, 27.0, 24.5 ], "rotation": 270, "windMode": [-1,-1,-1,-1] },
										"up": { "texture": "#skin", "uv": [ 27.0, 21.5, 30.0, 24.5 ], "windMode": [-1,-1,-1,-1] },
										"down": { "texture": "#bottom", "uv": [ 7.0, 12.0, 10.0, 15.0 ], "windMode": [-1,-1,-1,-1] }
									}
								},
								{
									"name": "RNeck",
									"from": [ -2.4, -0.288, 2.08 ], 
									"to": [ 0.0, 0.016, 4.48 ], 
									"unwrapMode": 6,
									"autoUnwrap": false,
									"uv": [ 8.0, 11.5 ],
									"rotationOrigin": [ 0.0, 0.016, 2.08 ],
									"rotationX": 180.0,
									"rotationY": 22.0,
									"faces": {
										"north": { "texture": "#skin", "uv": [ 26.5, 14.5, 29.5, 15.0 ] },
										"east": { "texture": "#null", "uv": [ 0.0, 0.0, 3.0, 0.5 ], "enabled": false, "windMode": [-1,-1,-1,-1] },
										"south": { "texture": "#skin", "uv": [ 26.5, 18.0, 29.5, 18.5 ], "rotation": 180, "windMode": [-1,-1,-1,-1] },
										"west": { "texture": "#skin", "uv": [ 29.5, 15.0, 30.0, 18.0 ], "rotation": 270, "windMode": [-1,-1,-1,-1] },
										"up": { "texture": "#bottom", "uv": [ 10.0, 12.0, 13.0, 15.0 ], "windMode": [-1,-1,-1,-1] },
										"down": { "texture": "#skin", "uv": [ 26.5, 15.0, 29.5, 18.0 ], "windMode": [-1,-1,-1,-1] }
									}
								}
							]
						}
					]
				}
			]
		}
	]}