{
	"editor": {
		"allAngles": true,
		"entityTextureMode": true
	},
	"textureWidth": 32,
	"textureHeight": 32,
	"textureSizes": {
		"skin": [32,32]
	},
	"textures": {
	},
	"elements": [
		{
			"name": "Body",
			"from": [ 5.88, 5.536, 6.62 ], 
			"to": [ 9.72, 8.096, 9.212 ], 
			"unwrapMode": 5,
			"unwrapRotation": 1,
			"uv": [ 0.0, 0.0 ],
			"rotationOrigin": [ 9.72, 7.216, 8.064 ],
			"rotationZ": 3.0,
			"faces": {
				"north": { "texture": "#skin", "uv": [ 0.0, 3.0, 3.0, 7.5 ], "rotation": 270 },
				"east": { "texture": "#skin", "uv": [ 3.0, 0.0, 6.0, 3.0 ], "rotation": 180 },
				"south": { "texture": "#skin", "uv": [ 6.0, 3.0, 9.0, 7.5 ], "rotation": 90 },
				"west": { "texture": "#skin", "uv": [ 3.0, 7.5, 6.0, 10.5 ] },
				"up": { "texture": "#skin", "uv": [ 3.0, 3.0, 6.0, 7.5 ], "rotation": 90 },
				"down": { "texture": "#skin", "uv": [ 9.0, 3.0, 12.0, 7.5 ], "rotation": 270 }
			},
			"children": [
				{
					"name": "neck",
					"from": [ -0.8, 2.048, 0.576 ], 
					"to": [ 1.552, 4.128, 2.016 ], 
					"unwrapMode": 4,
					"unwrapRotation": 1,
					"uv": [ 12.0, 0.0 ],
					"rotationOrigin": [ 1.12, 2.048, 1.296 ],
					"rotationZ": 102.0,
					"faces": {
						"north": { "texture": "#skin", "uv": [ 14.5, 4.0, 17.0, 6.5 ], "rotation": 90, "windMode": [-1,-1,-1,-1], "windData": [0,0,1,0] },
						"east": { "texture": "#skin", "uv": [ 17.0, 2.5, 19.5, 4.0 ], "rotation": 270, "windMode": [-1,-1,-1,-1], "windData": [1,0,0,1] },
						"south": { "texture": "#skin", "uv": [ 14.5, 0.0, 17.0, 2.5 ], "rotation": 90 },
						"west": { "texture": "#skin", "uv": [ 14.5, 2.5, 17.0, 4.0 ], "rotation": 90 },
						"up": { "texture": "#skin", "uv": [ 12.0, 2.5, 14.5, 4.0 ], "rotation": 180 },
						"down": { "texture": "#skin", "uv": [ 17.0, 2.5, 19.5, 4.0 ], "rotation": 180, "enabled": false, "windMode": [-1,-1,-1,-1] }
					},
					"children": [
						{
							"name": "neck2",
							"from": [ 0.432, 0.448, 0.048 ], 
							"to": [ 2.032, 3.248, 1.392 ], 
							"unwrapMode": 4,
							"uv": [ 10.0, 14.5 ],
							"rotationOrigin": [ 2.16, 1.648, 0.72 ],
							"rotationZ": -45.0,
							"faces": {
								"north": { "texture": "#skin", "uv": [ 10.0, 16.5, 12.0, 20.0 ] },
								"east": { "texture": "#skin", "uv": [ 15.5, 16.5, 17.0, 20.0 ] },
								"south": { "texture": "#skin", "uv": [ 13.5, 16.5, 15.5, 20.0 ] },
								"west": { "texture": "#skin", "uv": [ 12.0, 16.5, 13.5, 20.0 ] },
								"up": { "texture": "#skin", "uv": [ 12.0, 14.5, 13.5, 16.5 ], "rotation": 90 },
								"down": { "texture": "#skin", "uv": [ 12.0, 20.0, 13.5, 22.0 ], "rotation": 90, "enabled": false, "windMode": [-1,-1,-1,-1] }
							},
							"children": [
								{
									"name": "head",
									"from": [ -0.176, 1.336, -0.168 ], 
									"to": [ 1.504, 3.16, 1.512 ], 
									"unwrapMode": 4,
									"uv": [ 6.0, 7.5 ],
									"rotationOrigin": [ 1.36, 2.6336, 0.72 ],
									"rotationZ": -78.0,
									"faces": {
										"north": { "texture": "#skin", "uv": [ 6.0, 9.5, 8.0, 11.5 ] },
										"east": { "texture": "#skin", "uv": [ 12.0, 9.5, 14.0, 11.5 ] },
										"south": { "texture": "#skin", "uv": [ 10.0, 9.5, 12.0, 11.5 ] },
										"west": { "texture": "#skin", "uv": [ 8.0, 9.5, 10.0, 11.5 ] },
										"up": { "texture": "#skin", "uv": [ 8.0, 7.5, 10.0, 9.5 ], "rotation": 90 },
										"down": { "texture": "#skin", "uv": [ 8.0, 11.5, 10.0, 13.5 ], "rotation": 90 }
									},
									"children": [
										{
											"name": "mouth up",
											"from": [ -1.296, 0.288, 0.384 ], 
											"to": [ 0.144, 0.912, 1.344 ], 
											"unwrapMode": 5,
											"unwrapRotation": 1,
											"uv": [ 0.0, 0.0 ],
											"rotationOrigin": [ 0.144, 0.864, 0.864 ],
											"rotationZ": 45.0,
											"faces": {
												"north": { "texture": "#skin", "uv": [ 0.0, 0.0, 0.5, 1.5 ], "rotation": 270 },
												"east": { "texture": "#skin", "uv": [ 0.5, 0.0, 1.5, 0.5 ], "rotation": 180, "enabled": false },
												"south": { "texture": "#skin", "uv": [ 1.5, 0.0, 2.0, 1.5 ], "rotation": 90 },
												"west": { "texture": "#skin", "uv": [ 0.5, 1.5, 1.5, 2.0 ] },
												"up": { "texture": "#skin", "uv": [ 0.5, 0.0, 1.5, 1.5 ], "rotation": 90 },
												"down": { "texture": "#skin", "uv": [ 2.0, 0.0, 3.0, 1.5 ], "rotation": 270 }
											},
											"children": [
												{
													"name": "nose",
													"from": [ -0.048, 0.264, 0.192 ], 
													"to": [ 0.432, 0.696, 0.768 ], 
													"unwrapMode": 4,
													"uv": [ 1.0, 1.5 ],
													"rotationOrigin": [ -0.048, 0.72, 0.48 ],
													"faces": {
														"north": { "texture": "#skin", "uv": [ 1.0, 2.0, 1.5, 2.5 ], "windMode": [-1,-1,-1,-1], "windData": [1,1,1,1] },
														"east": { "texture": "#skin", "uv": [ 2.5, 2.0, 3.0, 2.5 ], "windMode": [-1,-1,-1,-1], "windData": [1,1,1,1] },
														"south": { "texture": "#skin", "uv": [ 2.0, 2.0, 2.5, 2.5 ], "windMode": [-1,-1,-1,-1], "windData": [1,1,1,1] },
														"west": { "texture": "#skin", "uv": [ 1.5, 2.0, 2.0, 2.5 ], "windMode": [-1,-1,-1,-1], "windData": [1,1,1,1] },
														"up": { "texture": "#skin", "uv": [ 1.5, 1.5, 2.0, 2.0 ], "rotation": 90, "windMode": [-1,-1,-1,-1], "windData": [1,1,1,1] },
														"down": { "texture": "#skin", "uv": [ 1.5, 2.5, 2.0, 3.0 ], "rotation": 90, "windMode": [-1,-1,-1,-1], "windData": [1,1,1,1] }
													}
												},
												{
													"name": "nose bridge",
													"from": [ 0.24, 0.24, 0.096 ], 
													"to": [ 1.92, 0.624, 0.864 ], 
													"unwrapMode": 5,
													"unwrapRotation": 1,
													"uv": [ 6.0, 7.5 ],
													"rotationOrigin": [ 0.24, 0.24, 0.336 ],
													"rotationZ": 16.0,
													"faces": {
														"north": { "texture": "#skin", "uv": [ 6.0, 7.5, 6.5, 9.5 ], "rotation": 270 },
														"east": { "texture": "#skin", "uv": [ 6.5, 7.5, 7.0, 8.0 ], "rotation": 180, "enabled": false, "windMode": [-1,-1,-1,-1], "windData": [1,1,1,1] },
														"south": { "texture": "#skin", "uv": [ 7.0, 7.5, 7.5, 9.5 ], "rotation": 90 },
														"west": { "texture": "#skin", "uv": [ 6.5, 9.5, 7.0, 10.0 ], "enabled": false },
														"up": { "texture": "#skin", "uv": [ 6.5, 7.5, 7.0, 9.5 ], "rotation": 90 },
														"down": { "texture": "#skin", "uv": [ 7.5, 7.5, 8.0, 9.5 ], "rotation": 270, "enabled": false }
													}
												}
											]
										},
										{
											"name": "R ear",
											"from": [ 1.168, 1.2, -1.36 ], 
											"to": [ 1.408, 2.08, 0.24 ], 
											"unwrapMode": 4,
											"uv": [ 5.5, 19.0 ],
											"rotationOrigin": [ 1.264, 1.536, 0.24 ],
											"rotationX": 65.0,
											"rotationZ": 22.0,
											"faces": {
												"north": { "texture": "#skin", "uv": [ 5.5, 19.5, 6.0, 20.5 ], "windMode": [-1,-1,-1,-1] },
												"east": { "texture": "#skin", "uv": [ 8.0, 19.5, 10.0, 20.5 ], "windMode": [-1,-1,-1,-1] },
												"south": { "texture": "#skin", "uv": [ 8.0, 19.5, 8.5, 20.5 ], "enabled": false, "windMode": [-1,-1,-1,-1], "windData": [0,0,0,0] },
												"west": { "texture": "#skin", "uv": [ 6.0, 19.5, 8.0, 20.5 ], "windMode": [-1,-1,-1,-1] },
												"up": { "texture": "#skin", "uv": [ 6.0, 19.0, 8.0, 19.5 ], "rotation": 90, "windMode": [-1,-1,-1,-1] },
												"down": { "texture": "#skin", "uv": [ 6.0, 20.5, 8.0, 21.0 ], "rotation": 90, "windMode": [-1,-1,-1,-1] }
											}
										},
										{
											"name": "L ear",
											"from": [ 1.168, 1.2, 1.456 ], 
											"to": [ 1.408, 2.08, 3.056 ], 
											"unwrapMode": 4,
											"uv": [ 0.0, 19.0 ],
											"rotationOrigin": [ 1.264, 1.536, 1.456 ],
											"rotationX": -65.0,
											"rotationZ": 22.0,
											"faces": {
												"north": { "texture": "#skin", "uv": [ 0.0, 19.5, 0.5, 20.5 ], "enabled": false, "windMode": [-1,-1,-1,-1] },
												"east": { "texture": "#skin", "uv": [ 2.5, 19.5, 4.5, 20.5 ], "windMode": [-1,-1,-1,-1] },
												"south": { "texture": "#skin", "uv": [ 2.0, 19.5, 2.5, 20.5 ], "windMode": [-1,-1,-1,-1] },
												"west": { "texture": "#skin", "uv": [ 0.0, 19.5, 2.0, 20.5 ], "windMode": [-1,-1,-1,-1] },
												"up": { "texture": "#skin", "uv": [ 0.0, 19.0, 2.0, 19.5 ], "rotation": 90, "windMode": [-1,-1,-1,-1] },
												"down": { "texture": "#skin", "uv": [ 0.0, 20.5, 2.0, 21.0 ], "rotation": 90, "windMode": [-1,-1,-1,-1] }
											}
										},
										{
											"name": "jaw",
											"from": [ -0.7296, -0.1008, 0.48 ], 
											"to": [ 0.7104, 0.3792, 1.248 ], 
											"unwrapMode": 5,
											"unwrapRotation": 1,
											"uv": [ 6.0, 11.5 ],
											"rotationOrigin": [ 0.6135, 0.3796, 0.864 ],
											"rotationZ": 30.0,
											"faces": {
												"north": { "texture": "#skin", "uv": [ 6.0, 11.5, 6.5, 13.0 ], "rotation": 270 },
												"east": { "texture": "#skin", "uv": [ 6.5, 11.5, 7.0, 12.0 ], "rotation": 180, "enabled": false },
												"south": { "texture": "#skin", "uv": [ 7.0, 11.5, 7.5, 13.0 ], "rotation": 90 },
												"west": { "texture": "#skin", "uv": [ 6.5, 13.0, 7.0, 13.5 ] },
												"up": { "texture": "#skin", "uv": [ 6.5, 11.5, 7.0, 13.0 ], "rotation": 90 },
												"down": { "texture": "#skin", "uv": [ 7.5, 11.5, 8.0, 13.0 ], "rotation": 270 }
											}
										}
									]
								}
							]
						}
					]
				},
				{
					"name": "abdomen",
					"from": [ 3.552, 0.0, 0.096 ], 
					"to": [ 6.272, 2.56, 2.496 ], 
					"unwrapMode": 5,
					"unwrapRotation": 1,
					"uv": [ 0.0, 10.5 ],
					"rotationOrigin": [ 3.552, 1.68, 1.296 ],
					"rotationZ": 2.0,
					"faces": {
						"north": { "texture": "#skin", "uv": [ 0.0, 13.5, 3.0, 16.5 ], "rotation": 270 },
						"east": { "texture": "#skin", "uv": [ 3.0, 10.5, 6.0, 13.5 ], "rotation": 180 },
						"south": { "texture": "#skin", "uv": [ 6.0, 13.5, 9.0, 16.5 ], "rotation": 90 },
						"west": { "texture": "#skin", "uv": [ 3.0, 16.5, 6.0, 19.5 ] },
						"up": { "texture": "#skin", "uv": [ 3.0, 13.5, 6.0, 16.5 ], "rotation": 90 },
						"down": { "texture": "#skin", "uv": [ 9.0, 13.5, 12.0, 16.5 ], "rotation": 270 }
					},
					"children": [
						{
							"name": "L back Thigh",
							"from": [ 0.56, -0.896, 1.776 ], 
							"to": [ 2.96, 1.984, 2.736 ], 
							"unwrapMode": 2,
							"uv": [ 14.0, 17.0 ],
							"rotationOrigin": [ 1.52, 1.264, 2.256 ],
							"rotationX": 3.0,
							"rotationZ": 3.0,
							"faces": {
								"north": { "texture": "#skin", "uv": [ 18.0, 20.0, 21.0, 23.5 ] },
								"east": { "texture": "#skin", "uv": [ 17.0, 20.0, 18.0, 23.5 ] },
								"south": { "texture": "#skin", "uv": [ 14.0, 20.0, 17.0, 23.5 ] },
								"west": { "texture": "#skin", "uv": [ 21.0, 20.0, 22.0, 23.5 ] },
								"up": { "texture": "#skin", "uv": [ 17.0, 17.0, 18.0, 20.0 ], "rotation": 270, "windMode": [-1,-1,-1,-1], "windData": [0,0,1,1] },
								"down": { "texture": "#skin", "uv": [ 17.0, 23.5, 18.0, 26.5 ], "rotation": 270 }
							},
							"children": [
								{
									"name": "L back Upper Arm",
									"from": [ 0.192, -2.592, 0.096 ], 
									"to": [ 1.152, 0.528, 0.864 ], 
									"unwrapMode": 2,
									"uv": [ 17.0, 7.5 ],
									"rotationOrigin": [ 0.672, 0.528, 0.48 ],
									"rotationX": 1.0,
									"rotationZ": 73.0,
									"faces": {
										"north": { "texture": "#skin", "uv": [ 18.5, 8.5, 19.5, 12.0 ] },
										"east": { "texture": "#skin", "uv": [ 18.0, 8.5, 18.5, 12.0 ] },
										"south": { "texture": "#skin", "uv": [ 17.0, 8.5, 18.0, 12.0 ] },
										"west": { "texture": "#skin", "uv": [ 19.5, 8.5, 20.0, 12.0 ] },
										"up": { "texture": "#skin", "uv": [ 18.0, 7.5, 18.5, 8.5 ], "rotation": 270 },
										"down": { "texture": "#skin", "uv": [ 18.0, 12.0, 18.5, 13.0 ], "rotation": 270 }
									},
									"children": [
										{
											"name": "L back lower arm",
											"from": [ 0.192, -2.88, 0.096 ], 
											"to": [ 0.912, 0.48, 0.672 ], 
											"unwrapMode": 2,
											"uv": [ 15.5, 11.5 ],
											"rotationOrigin": [ 0.528, 0.48, 0.384 ],
											"rotationX": -4.0,
											"rotationZ": -63.0,
											"faces": {
												"north": { "texture": "#skin", "uv": [ 16.5, 12.0, 17.0, 16.0 ] },
												"east": { "texture": "#skin", "uv": [ 16.0, 12.0, 16.5, 16.0 ] },
												"south": { "texture": "#skin", "uv": [ 15.5, 12.0, 16.0, 16.0 ] },
												"west": { "texture": "#skin", "uv": [ 17.0, 12.0, 17.5, 16.0 ] },
												"up": { "texture": "#skin", "uv": [ 16.0, 11.5, 16.5, 12.0 ], "rotation": 270 },
												"down": { "texture": "#skin", "uv": [ 16.0, 16.0, 16.5, 16.5 ], "rotation": 270 }
											},
											"children": [
												{
													"name": "L back pastern",
													"from": [ 0.048, -0.576, 0.048 ], 
													"to": [ 0.672, 0.624, 0.528 ], 
													"unwrapMode": 4,
													"uv": [ 11.5, 11.5 ],
													"rotationOrigin": [ 0.336, 0.624, 0.288 ],
													"faces": {
														"north": { "texture": "#skin", "uv": [ 11.5, 12.0, 12.0, 13.5 ] },
														"east": { "texture": "#skin", "uv": [ 13.0, 12.0, 13.5, 13.5 ] },
														"south": { "texture": "#skin", "uv": [ 12.5, 12.0, 13.0, 13.5 ] },
														"west": { "texture": "#skin", "uv": [ 12.0, 12.0, 12.5, 13.5 ] },
														"up": { "texture": "#skin", "uv": [ 12.0, 11.5, 12.5, 12.0 ], "rotation": 90 },
														"down": { "texture": "#skin", "uv": [ 12.0, 13.5, 12.5, 14.0 ], "rotation": 90 }
													},
													"children": [
														{
															"name": "L origin hind hoof",
															"from": [ 0.288, 0.384, 0.288 ], 
															"to": [ 0.288, 0.384, 0.288 ], 
															"uv": [ 0.0, 0.0 ],
															"rotationOrigin": [ 0.288, 0.384, 0.288 ],
															"faces": {
																"north": { "texture": "#skin", "uv": [ 0.0, 0.5, 0.3, 0.8 ], "enabled": false },
																"east": { "texture": "#skin", "uv": [ 0.5, 0.5, 0.8, 0.8 ], "enabled": false },
																"south": { "texture": "#skin", "uv": [ 1.0, 0.5, 1.3, 0.8 ], "enabled": false },
																"west": { "texture": "#skin", "uv": [ 1.5, 0.5, 1.8, 0.8 ], "enabled": false },
																"up": { "texture": "#skin", "uv": [ 0.0, 0.0, 0.3, 0.3 ], "enabled": false },
																"down": { "texture": "#skin", "uv": [ 0.5, 0.0, 0.8, 0.3 ], "enabled": false }
															},
															"children": [
																{
																	"name": "L hind hoof 1",
																	"from": [ -0.816, -0.192, -0.264 ], 
																	"to": [ -0.144, 0.144, 0.168 ], 
																	"unwrapMode": 4,
																	"uv": [ 8.5, 1.0 ],
																	"rotationOrigin": [ -0.144, 0.048, 0.192 ],
																	"rotationZ": 60.0,
																	"faces": {
																		"north": { "texture": "#skin", "uv": [ 8.5, 1.5, 9.0, 2.0 ] },
																		"east": { "texture": "#skin", "uv": [ 10.0, 1.5, 10.5, 2.0 ] },
																		"south": { "texture": "#skin", "uv": [ 9.5, 1.5, 10.0, 2.0 ] },
																		"west": { "texture": "#skin", "uv": [ 9.0, 1.5, 9.5, 2.0 ] },
																		"up": { "texture": "#skin", "uv": [ 9.0, 1.0, 9.5, 1.5 ], "rotation": 90 },
																		"down": { "texture": "#skin", "uv": [ 9.0, 2.0, 9.5, 2.5 ], "rotation": 90 }
																	}
																},
																{
																	"name": "L hind hoof 2",
																	"from": [ -0.432, -0.432, -0.264 ], 
																	"to": [ 0.144, -0.192, 0.168 ], 
																	"unwrapMode": 4,
																	"uv": [ 10.0, 0.5 ],
																	"rotationOrigin": [ 0.096, -0.192, 0.144 ],
																	"rotationZ": 27.0,
																	"faces": {
																		"north": { "texture": "#skin", "uv": [ 10.0, 1.0, 10.5, 1.5 ] },
																		"east": { "texture": "#skin", "uv": [ 11.5, 1.0, 12.0, 1.5 ] },
																		"south": { "texture": "#skin", "uv": [ 11.0, 1.0, 11.5, 1.5 ] },
																		"west": { "texture": "#skin", "uv": [ 10.5, 1.0, 11.0, 1.5 ] },
																		"up": { "texture": "#skin", "uv": [ 10.5, 0.5, 11.0, 1.0 ], "rotation": 90 },
																		"down": { "texture": "#skin", "uv": [ 10.5, 1.5, 11.0, 2.0 ], "rotation": 90 }
																	}
																}
															]
														}
													]
												}
											]
										}
									]
								}
							]
						},
						{
							"name": "tail",
							"from": [ 2.528, 1.12, 0.912 ], 
							"to": [ 3.008, 2.08, 1.488 ], 
							"unwrapMode": 1,
							"unwrapRotation": 1,
							"uv": [ 6.0, 0.0 ],
							"rotationOrigin": [ 2.528, 2.08, 1.152 ],
							"rotationZ": 80.0,
							"faces": {
								"north": { "texture": "#skin", "uv": [ 6.5, 0.5, 7.5, 1.0 ], "rotation": 90, "windMode": [-1,-1,-1,-1], "windData": [0,1,1,0] },
								"east": { "texture": "#skin", "uv": [ 6.5, 1.0, 7.5, 1.5 ], "rotation": 90, "windMode": [-1,-1,-1,-1], "windData": [0,1,1,0] },
								"south": { "texture": "#skin", "uv": [ 8.0, 0.5, 9.0, 1.0 ], "rotation": 270 },
								"west": { "texture": "#skin", "uv": [ 6.5, 0.0, 7.5, 0.5 ], "rotation": 90, "windMode": [-1,-1,-1,-1], "windData": [0,0,1,1] },
								"up": { "texture": "#skin", "uv": [ 6.0, 0.5, 6.5, 1.0 ], "rotation": 270, "windMode": [-1,-1,-1,-1], "windData": [1,1,1,1] },
								"down": { "texture": "#skin", "uv": [ 7.5, 0.5, 8.0, 1.0 ], "rotation": 90, "windMode": [-1,-1,-1,-1] }
							},
							"children": [
								{
									"name": "tail-end",
									"from": [ 0.0, -0.288, 0.048 ], 
									"to": [ 0.48, 0.192, 0.528 ], 
									"unwrapMode": 1,
									"unwrapRotation": 1,
									"uv": [ 6.0, 1.0 ],
									"rotationOrigin": [ 0.0, 0.192, 0.048 ],
									"faces": {
										"north": { "texture": "#skin", "uv": [ 6.0, 1.5, 6.5, 2.0 ], "rotation": 90 },
										"east": { "texture": "#skin", "uv": [ 6.0, 2.0, 6.5, 2.5 ], "rotation": 90 },
										"south": { "texture": "#skin", "uv": [ 7.0, 1.5, 7.5, 2.0 ], "rotation": 270 },
										"west": { "texture": "#skin", "uv": [ 6.0, 1.0, 6.5, 1.5 ], "rotation": 90 },
										"up": { "texture": "#skin", "uv": [ 6.0, 1.5, 6.5, 2.0 ], "rotation": 270, "enabled": false, "windMode": [-1,-1,-1,-1] },
										"down": { "texture": "#skin", "uv": [ 6.5, 1.5, 7.0, 2.0 ], "rotation": 90 }
									}
								}
							]
						},
						{
							"name": "R back Thigh",
							"from": [ 0.56, -0.896, -0.384 ], 
							"to": [ 2.96, 1.984, 0.576 ], 
							"unwrapMode": 2,
							"uv": [ 17.0, 1.0 ],
							"rotationOrigin": [ 1.52, 1.264, 0.144 ],
							"rotationX": -3.0,
							"rotationZ": -29.0,
							"faces": {
								"north": { "texture": "#skin", "uv": [ 21.0, 4.0, 24.0, 7.5 ] },
								"east": { "texture": "#skin", "uv": [ 20.0, 4.0, 21.0, 7.5 ] },
								"south": { "texture": "#skin", "uv": [ 17.0, 4.0, 20.0, 7.5 ] },
								"west": { "texture": "#skin", "uv": [ 24.0, 4.0, 25.0, 7.5 ] },
								"up": { "texture": "#skin", "uv": [ 20.0, 1.0, 21.0, 4.0 ], "rotation": 270 },
								"down": { "texture": "#skin", "uv": [ 20.0, 7.5, 21.0, 10.5 ], "rotation": 270 }
							},
							"children": [
								{
									"name": "R back Upper Arm",
									"from": [ 0.192, -2.592, 0.096 ], 
									"to": [ 1.152, 0.528, 0.864 ], 
									"unwrapMode": 2,
									"uv": [ 14.0, 6.5 ],
									"rotationOrigin": [ 0.672, 0.528, 0.48 ],
									"rotationX": -1.0,
									"rotationZ": 73.0,
									"faces": {
										"north": { "texture": "#skin", "uv": [ 15.5, 7.5, 16.5, 11.0 ] },
										"east": { "texture": "#skin", "uv": [ 15.0, 7.5, 15.5, 11.0 ] },
										"south": { "texture": "#skin", "uv": [ 14.0, 7.5, 15.0, 11.0 ] },
										"west": { "texture": "#skin", "uv": [ 16.5, 7.5, 17.0, 11.0 ] },
										"up": { "texture": "#skin", "uv": [ 15.0, 6.5, 15.5, 7.5 ], "rotation": 270 },
										"down": { "texture": "#skin", "uv": [ 15.0, 11.0, 15.5, 12.0 ], "rotation": 270 }
									},
									"children": [
										{
											"name": "R back lower arm",
											"from": [ 0.192, -2.88, 0.096 ], 
											"to": [ 0.912, 0.48, 0.672 ], 
											"unwrapMode": 2,
											"uv": [ 13.5, 11.5 ],
											"rotationOrigin": [ 0.528, 0.48, 0.384 ],
											"rotationX": 4.0,
											"rotationZ": -63.0,
											"faces": {
												"north": { "texture": "#skin", "uv": [ 14.5, 12.0, 15.0, 16.0 ] },
												"east": { "texture": "#skin", "uv": [ 14.0, 12.0, 14.5, 16.0 ] },
												"south": { "texture": "#skin", "uv": [ 13.5, 12.0, 14.0, 16.0 ] },
												"west": { "texture": "#skin", "uv": [ 15.0, 12.0, 15.5, 16.0 ] },
												"up": { "texture": "#skin", "uv": [ 14.0, 11.5, 14.5, 12.0 ], "rotation": 270 },
												"down": { "texture": "#skin", "uv": [ 14.0, 16.0, 14.5, 16.5 ], "rotation": 270 }
											},
											"children": [
												{
													"name": "R back paw",
													"from": [ 0.048, -0.576, 0.048 ], 
													"to": [ 0.672, 0.624, 0.528 ], 
													"unwrapMode": 4,
													"uv": [ 11.5, 6.8333 ],
													"rotationOrigin": [ 0.336, 0.624, 0.288 ],
													"rotationZ": 1.0,
													"faces": {
														"north": { "texture": "#skin", "uv": [ 11.5, 7.5, 12.0, 9.0 ] },
														"east": { "texture": "#skin", "uv": [ 13.0, 7.5, 13.5, 9.0 ] },
														"south": { "texture": "#skin", "uv": [ 12.5, 7.5, 13.0, 9.0 ] },
														"west": { "texture": "#skin", "uv": [ 12.0, 7.5, 12.5, 9.0 ] },
														"up": { "texture": "#skin", "uv": [ 12.0, 7.0, 12.5, 7.5 ], "rotation": 90 },
														"down": { "texture": "#skin", "uv": [ 12.0, 9.0, 12.5, 9.5 ], "rotation": 90 }
													},
													"children": [
														{
															"name": "R origin hind hoof",
															"from": [ 0.288, 0.384, 0.288 ], 
															"to": [ 0.288, 0.384, 0.288 ], 
															"uv": [ 0.0, 0.0 ],
															"rotationOrigin": [ 0.288, 0.384, 0.288 ],
															"faces": {
																"north": { "texture": "#skin", "uv": [ 0.0, 0.5, 0.3, 0.8 ], "enabled": false },
																"east": { "texture": "#skin", "uv": [ 0.5, 0.5, 0.8, 0.8 ], "enabled": false },
																"south": { "texture": "#skin", "uv": [ 1.0, 0.5, 1.3, 0.8 ], "enabled": false },
																"west": { "texture": "#skin", "uv": [ 1.5, 0.5, 1.8, 0.8 ], "enabled": false },
																"up": { "texture": "#skin", "uv": [ 0.0, 0.0, 0.3, 0.3 ], "enabled": false },
																"down": { "texture": "#skin", "uv": [ 0.5, 0.0, 0.8, 0.3 ], "enabled": false }
															},
															"children": [
																{
																	"name": "R hind hoof 1",
																	"from": [ -0.816, -0.192, -0.264 ], 
																	"to": [ -0.144, 0.144, 0.168 ], 
																	"unwrapMode": 4,
																	"uv": [ 0.5, 11.5 ],
																	"rotationOrigin": [ -0.144, 0.048, 0.192 ],
																	"rotationZ": 60.0,
																	"faces": {
																		"north": { "texture": "#skin", "uv": [ 0.5, 12.0, 1.0, 12.5 ] },
																		"east": { "texture": "#skin", "uv": [ 2.0, 12.0, 2.5, 12.5 ] },
																		"south": { "texture": "#skin", "uv": [ 1.5, 12.0, 2.0, 12.5 ] },
																		"west": { "texture": "#skin", "uv": [ 1.0, 12.0, 1.5, 12.5 ] },
																		"up": { "texture": "#skin", "uv": [ 1.0, 11.5, 1.5, 12.0 ], "rotation": 90 },
																		"down": { "texture": "#skin", "uv": [ 1.0, 12.5, 1.5, 13.0 ], "rotation": 90 }
																	}
																},
																{
																	"name": "R hind hoof 2",
																	"from": [ -0.432, -0.432, -0.264 ], 
																	"to": [ 0.144, -0.192, 0.168 ], 
																	"unwrapMode": 4,
																	"uv": [ 7.0, 1.5 ],
																	"rotationOrigin": [ 0.096, -0.192, 0.144 ],
																	"rotationZ": 27.0,
																	"faces": {
																		"north": { "texture": "#skin", "uv": [ 7.0, 2.0, 7.5, 2.5 ] },
																		"east": { "texture": "#skin", "uv": [ 8.5, 2.0, 9.0, 2.5 ] },
																		"south": { "texture": "#skin", "uv": [ 8.0, 2.0, 8.5, 2.5 ] },
																		"west": { "texture": "#skin", "uv": [ 7.5, 2.0, 8.0, 2.5 ] },
																		"up": { "texture": "#skin", "uv": [ 7.5, 1.5, 8.0, 2.0 ], "rotation": 90 },
																		"down": { "texture": "#skin", "uv": [ 7.5, 2.5, 8.0, 3.0 ], "rotation": 90 }
																	}
																}
															]
														}
													]
												}
											]
										}
									]
								}
							]
						}
					]
				},
				{
					"name": "L front Thigh",
					"from": [ 0.384, -0.272, 2.16 ], 
					"to": [ 1.824, 2.128, 3.12 ], 
					"unwrapMode": 4,
					"uv": [ 22.0, 7.5 ],
					"rotationOrigin": [ 1.104, 1.168, 2.64 ],
					"rotationX": 3.0,
					"rotationZ": 19.0,
					"faces": {
						"north": { "texture": "#skin", "uv": [ 22.0, 9.0, 23.5, 12.0 ] },
						"east": { "texture": "#skin", "uv": [ 26.0, 9.0, 27.0, 12.0 ] },
						"south": { "texture": "#skin", "uv": [ 24.5, 9.0, 26.0, 12.0 ] },
						"west": { "texture": "#skin", "uv": [ 23.5, 9.0, 24.5, 12.0 ] },
						"up": { "texture": "#skin", "uv": [ 23.5, 7.5, 24.5, 9.0 ], "rotation": 90, "windMode": [-1,-1,-1,-1] },
						"down": { "texture": "#skin", "uv": [ 23.5, 12.0, 24.5, 13.5 ], "rotation": 90 }
					},
					"children": [
						{
							"name": "L front Upper Arm",
							"from": [ 0.4, -2.16, 0.096 ], 
							"to": [ 1.36, 0.72, 0.864 ], 
							"unwrapMode": 4,
							"uv": [ 24.0, 12.5 ],
							"rotationOrigin": [ 0.88, 0.48, 0.48 ],
							"rotationX": 1.0,
							"rotationZ": -58.0,
							"faces": {
								"north": { "texture": "#skin", "uv": [ 24.0, 13.5, 25.0, 17.0 ] },
								"east": { "texture": "#skin", "uv": [ 26.5, 13.5, 27.0, 17.0 ] },
								"south": { "texture": "#skin", "uv": [ 25.5, 13.5, 26.5, 17.0 ] },
								"west": { "texture": "#skin", "uv": [ 25.0, 13.5, 25.5, 17.0 ] },
								"up": { "texture": "#skin", "uv": [ 25.0, 12.5, 25.5, 13.5 ], "rotation": 90 },
								"down": { "texture": "#skin", "uv": [ 25.0, 17.0, 25.5, 18.0 ], "rotation": 90 }
							},
							"children": [
								{
									"name": "L front lower arm",
									"from": [ 0.144, -1.92, 0.048 ], 
									"to": [ 0.864, 0.48, 0.624 ], 
									"unwrapMode": 4,
									"uv": [ 25.0, 17.5 ],
									"rotationOrigin": [ 0.48, 0.24, 0.336 ],
									"rotationX": -3.0,
									"rotationZ": 89.0,
									"faces": {
										"north": { "texture": "#skin", "uv": [ 25.0, 18.0, 25.5, 21.0 ] },
										"east": { "texture": "#skin", "uv": [ 26.5, 18.0, 27.0, 21.0 ] },
										"south": { "texture": "#skin", "uv": [ 26.0, 18.0, 26.5, 21.0 ] },
										"west": { "texture": "#skin", "uv": [ 25.5, 18.0, 26.0, 21.0 ] },
										"up": { "texture": "#skin", "uv": [ 25.5, 17.5, 26.0, 18.0 ], "rotation": 90 },
										"down": { "texture": "#skin", "uv": [ 25.5, 21.0, 26.0, 21.5 ], "rotation": 90 }
									},
									"children": [
										{
											"name": "L front pastern",
											"from": [ 0.096, -0.864, 0.048 ], 
											"to": [ 0.624, 0.336, 0.528 ], 
											"unwrapMode": 4,
											"uv": [ 25.5, 21.0 ],
											"rotationOrigin": [ 0.336, 0.336, 0.288 ],
											"rotationX": -1.0,
											"rotationZ": 61.0,
											"faces": {
												"north": { "texture": "#skin", "uv": [ 25.5, 21.5, 26.0, 23.0 ] },
												"east": { "texture": "#skin", "uv": [ 27.0, 21.5, 27.5, 23.0 ] },
												"south": { "texture": "#skin", "uv": [ 26.5, 21.5, 27.0, 23.0 ] },
												"west": { "texture": "#skin", "uv": [ 26.0, 21.5, 26.5, 23.0 ] },
												"up": { "texture": "#skin", "uv": [ 26.0, 21.0, 26.5, 21.5 ], "rotation": 90 },
												"down": { "texture": "#skin", "uv": [ 26.0, 23.0, 26.5, 23.5 ], "rotation": 90 }
											},
											"children": [
												{
													"name": "L origin hoof",
													"from": [ 0.288, 0.384, 0.288 ], 
													"to": [ 0.288, 0.384, 0.288 ], 
													"uv": [ 0.0, 0.0 ],
													"rotationOrigin": [ 0.288, 0.384, 0.288 ],
													"rotationZ": 33.0,
													"faces": {
														"north": { "texture": "#skin", "uv": [ 0.0, 0.5, 0.3, 0.8 ], "enabled": false },
														"east": { "texture": "#skin", "uv": [ 0.5, 0.5, 0.8, 0.8 ], "enabled": false },
														"south": { "texture": "#skin", "uv": [ 1.0, 0.5, 1.3, 0.8 ], "enabled": false },
														"west": { "texture": "#skin", "uv": [ 1.5, 0.5, 1.8, 0.8 ], "enabled": false },
														"up": { "texture": "#skin", "uv": [ 0.0, 0.0, 0.3, 0.3 ], "enabled": false },
														"down": { "texture": "#skin", "uv": [ 0.5, 0.0, 0.8, 0.3 ], "enabled": false }
													},
													"children": [
														{
															"name": "L front hoof 1",
															"from": [ -0.816, -0.192, -0.264 ], 
															"to": [ -0.144, 0.144, 0.168 ], 
															"unwrapMode": 4,
															"uv": [ 0.0, 10.5 ],
															"rotationOrigin": [ -0.144, 0.048, 0.192 ],
															"rotationZ": 60.0,
															"faces": {
																"north": { "texture": "#skin", "uv": [ 0.0, 11.0, 0.5, 11.5 ] },
																"east": { "texture": "#skin", "uv": [ 1.5, 11.0, 2.0, 11.5 ] },
																"south": { "texture": "#skin", "uv": [ 1.0, 11.0, 1.5, 11.5 ] },
																"west": { "texture": "#skin", "uv": [ 0.5, 11.0, 1.0, 11.5 ] },
																"up": { "texture": "#skin", "uv": [ 0.5, 10.5, 1.0, 11.0 ], "rotation": 90 },
																"down": { "texture": "#skin", "uv": [ 0.5, 11.5, 1.0, 12.0 ], "rotation": 90 }
															}
														},
														{
															"name": "L front hoof 2",
															"from": [ -0.432, -0.432, -0.264 ], 
															"to": [ 0.144, -0.192, 0.168 ], 
															"unwrapMode": 4,
															"uv": [ 1.0, 9.5 ],
															"rotationOrigin": [ 0.096, -0.192, 0.144 ],
															"rotationZ": 27.0,
															"faces": {
																"north": { "texture": "#skin", "uv": [ 1.0, 10.0, 1.5, 10.5 ] },
																"east": { "texture": "#skin", "uv": [ 2.5, 10.0, 3.0, 10.5 ] },
																"south": { "texture": "#skin", "uv": [ 2.0, 10.0, 2.5, 10.5 ] },
																"west": { "texture": "#skin", "uv": [ 1.5, 10.0, 2.0, 10.5 ] },
																"up": { "texture": "#skin", "uv": [ 1.5, 9.5, 2.0, 10.0 ], "rotation": 90 },
																"down": { "texture": "#skin", "uv": [ 1.5, 10.5, 2.0, 11.0 ], "rotation": 90 }
															}
														}
													]
												}
											]
										}
									]
								}
							]
						}
					]
				},
				{
					"name": "R front Thigh",
					"from": [ 0.384, -0.272, -0.336 ], 
					"to": [ 1.824, 2.128, 0.624 ], 
					"unwrapMode": 4,
					"uv": [ 18.5, 10.5 ],
					"rotationOrigin": [ 1.104, 1.168, 0.192 ],
					"rotationX": -3.0,
					"rotationZ": 19.0,
					"faces": {
						"north": { "texture": "#skin", "uv": [ 18.5, 12.0, 20.0, 15.0 ] },
						"east": { "texture": "#skin", "uv": [ 22.5, 12.0, 23.5, 15.0 ] },
						"south": { "texture": "#skin", "uv": [ 21.0, 12.0, 22.5, 15.0 ] },
						"west": { "texture": "#skin", "uv": [ 20.0, 12.0, 21.0, 15.0 ] },
						"up": { "texture": "#skin", "uv": [ 20.0, 10.5, 21.0, 12.0 ], "rotation": 90 },
						"down": { "texture": "#skin", "uv": [ 20.0, 15.0, 21.0, 16.5 ], "rotation": 90 }
					},
					"children": [
						{
							"name": "R front Upper Arm",
							"from": [ 0.24, -2.4, 0.096 ], 
							"to": [ 1.2, 0.48, 0.864 ], 
							"unwrapMode": 4,
							"uv": [ 21.0, 15.5 ],
							"rotationOrigin": [ 0.72, 0.24, 0.48 ],
							"rotationX": -1.0,
							"rotationZ": -83.0,
							"faces": {
								"north": { "texture": "#skin", "uv": [ 21.0, 16.5, 22.0, 20.0 ] },
								"east": { "texture": "#skin", "uv": [ 23.5, 16.5, 24.0, 20.0 ] },
								"south": { "texture": "#skin", "uv": [ 22.5, 16.5, 23.5, 20.0 ] },
								"west": { "texture": "#skin", "uv": [ 22.0, 16.5, 22.5, 20.0 ] },
								"up": { "texture": "#skin", "uv": [ 22.0, 15.5, 22.5, 16.5 ], "rotation": 90 },
								"down": { "texture": "#skin", "uv": [ 22.0, 20.0, 22.5, 21.0 ], "rotation": 90 }
							},
							"children": [
								{
									"name": "R front lower arm",
									"from": [ 0.144, -1.92, 0.144 ], 
									"to": [ 0.864, 0.48, 0.72 ], 
									"unwrapMode": 4,
									"uv": [ 22.0, 20.5 ],
									"rotationOrigin": [ 0.48, 0.24, 0.48 ],
									"rotationX": 3.0,
									"rotationZ": 86.0,
									"faces": {
										"north": { "texture": "#skin", "uv": [ 22.0, 21.0, 22.5, 24.0 ] },
										"east": { "texture": "#skin", "uv": [ 23.5, 21.0, 24.0, 24.0 ] },
										"south": { "texture": "#skin", "uv": [ 23.0, 21.0, 23.5, 24.0 ] },
										"west": { "texture": "#skin", "uv": [ 22.5, 21.0, 23.0, 24.0 ] },
										"up": { "texture": "#skin", "uv": [ 22.5, 20.5, 23.0, 21.0 ], "rotation": 90 },
										"down": { "texture": "#skin", "uv": [ 22.5, 24.0, 23.0, 24.5 ], "rotation": 90 }
									},
									"children": [
										{
											"name": "R front paw",
											"from": [ 0.096, -0.864, 0.048 ], 
											"to": [ 0.624, 0.336, 0.528 ], 
											"unwrapMode": 4,
											"uv": [ 20.5, 23.5 ],
											"rotationOrigin": [ 0.336, 0.336, 0.288 ],
											"rotationX": -1.0,
											"rotationZ": 44.0,
											"faces": {
												"north": { "texture": "#skin", "uv": [ 20.5, 24.0, 21.0, 25.5 ] },
												"east": { "texture": "#skin", "uv": [ 22.0, 24.0, 22.5, 25.5 ] },
												"south": { "texture": "#skin", "uv": [ 21.5, 24.0, 22.0, 25.5 ] },
												"west": { "texture": "#skin", "uv": [ 21.0, 24.0, 21.5, 25.5 ] },
												"up": { "texture": "#skin", "uv": [ 21.0, 23.5, 21.5, 24.0 ], "rotation": 90 },
												"down": { "texture": "#skin", "uv": [ 21.0, 25.5, 21.5, 26.0 ], "rotation": 90 }
											},
											"children": [
												{
													"name": "R origin hoof",
													"from": [ 0.288, 0.384, 0.288 ], 
													"to": [ 0.288, 0.384, 0.288 ], 
													"uv": [ 0.0, 0.0 ],
													"rotationOrigin": [ 0.288, 0.384, 0.2871 ],
													"rotationZ": 19.0,
													"faces": {
														"north": { "texture": "#skin", "uv": [ 0.0, 0.5, 0.3, 0.8 ], "enabled": false },
														"east": { "texture": "#skin", "uv": [ 0.5, 0.5, 0.8, 0.8 ], "enabled": false },
														"south": { "texture": "#skin", "uv": [ 1.0, 0.5, 1.3, 0.8 ], "enabled": false },
														"west": { "texture": "#skin", "uv": [ 1.5, 0.5, 1.8, 0.8 ], "enabled": false },
														"up": { "texture": "#skin", "uv": [ 0.0, 0.0, 0.3, 0.3 ], "enabled": false },
														"down": { "texture": "#skin", "uv": [ 0.5, 0.0, 0.8, 0.3 ], "enabled": false }
													},
													"children": [
														{
															"name": "R front hoof 1",
															"from": [ -0.816, -0.192, -0.264 ], 
															"to": [ -0.144, 0.144, 0.168 ], 
															"unwrapMode": 4,
															"uv": [ 0.0, 16.5 ],
															"rotationOrigin": [ -0.144, 0.048, 0.192 ],
															"rotationZ": 60.0,
															"faces": {
																"north": { "texture": "#skin", "uv": [ 0.0, 17.0, 0.5, 17.5 ] },
																"east": { "texture": "#skin", "uv": [ 1.5, 17.0, 2.0, 17.5 ] },
																"south": { "texture": "#skin", "uv": [ 1.0, 17.0, 1.5, 17.5 ] },
																"west": { "texture": "#skin", "uv": [ 0.5, 17.0, 1.0, 17.5 ] },
																"up": { "texture": "#skin", "uv": [ 0.5, 16.5, 1.0, 17.0 ], "rotation": 90 },
																"down": { "texture": "#skin", "uv": [ 0.5, 17.5, 1.0, 18.0 ], "rotation": 90 }
															}
														},
														{
															"name": "R front hoof 2",
															"from": [ -0.432, -0.432, -0.264 ], 
															"to": [ 0.144, -0.192, 0.168 ], 
															"unwrapMode": 4,
															"uv": [ 0.5, 8.5 ],
															"rotationOrigin": [ 0.096, -0.192, 0.144 ],
															"rotationZ": 27.0,
															"faces": {
																"north": { "texture": "#skin", "uv": [ 0.5, 9.0, 1.0, 9.5 ] },
																"east": { "texture": "#skin", "uv": [ 2.0, 9.0, 2.5, 9.5 ] },
																"south": { "texture": "#skin", "uv": [ 1.5, 9.0, 2.0, 9.5 ] },
																"west": { "texture": "#skin", "uv": [ 1.0, 9.0, 1.5, 9.5 ] },
																"up": { "texture": "#skin", "uv": [ 1.0, 8.5, 1.5, 9.0 ], "rotation": 90 },
																"down": { "texture": "#skin", "uv": [ 1.0, 9.5, 1.5, 10.0 ], "rotation": 90 }
															}
														}
													]
												}
											]
										}
									]
								}
							]
						}
					]
				}
			],
			"attachmentpoints": [
				{
					"code": "Center",
					"posX": "9.0","posY": "4.0","posZ": "5.0",
					"rotationX": "0.0","rotationY": "0.0","rotationZ": "0.0"
				}
			]
		}
	]}