{
	"editor": {
		"allAngles": true,
		"entityTextureMode": true
	},
	"textureWidth": 16,
	"textureHeight": 32,
	"textureSizes": {
		"bottom": [16,16],
		"skin": [16,32]
	},
	"textures": {
	},
	"elements": [
		{
			"name": "Rotation Point",
			"from": [ 0.0, 16.0, 0.0 ],
			"to": [ 0.0, 16.0, 0.0 ],
			"uv": [ 0.0, 0.0 ],
			"rotationOrigin": [ 0.0, 16.0, 0.0 ],
			"rotationZ": -90.0,
			"faces": {
			},
			"children": [
				{
					"name": "Base",
					"from": [ 6.0, 0.0, 8.0 ],
					"to": [ 6.0, 0.0, 8.0 ],
					"autoUnwrap": false,
					"uv": [ 0.0, 0.0 ],
					"rotationOrigin": [ 6.0, 0.0, 8.0 ],
					"faces": {
					},
					"children": [
						{
							"name": "PeltBody",
							"from": [ 0.0, 0.0, -0.75 ],
							"to": [ 2.4, 0.252, 0.75 ],
							"unwrapMode": 5,
							"autoUnwrap": false,
							"uv": [ -10.0, 9.5 ],
							"rotationOrigin": [ 0.0, 0.0, -0.75 ],
							"faces": {
								"north": { "texture": "#skin", "uv": [ 10.5, 2.5, 11.0, 6.5 ], "rotation": 90, "autoUv": false, "windMode": [-1,-1,-1,-1] },
								"east": { "texture": "#skin", "uv": [ 0.0, 2.5, 2.5, 3.0 ], "rotation": 180, "autoUv": false, "windMode": [-1,-1,-1,-1] },
								"south": { "texture": "#skin", "uv": [ 2.5, 2.5, 3.0, 6.5 ], "rotation": 90, "autoUv": false, "windMode": [-1,-1,-1,-1] },
								"west": { "texture": "#skin", "uv": [ 0.0, 6.0, 2.5, 6.5 ], "rotation": 180, "autoUv": false, "windMode": [-1,-1,-1,-1] },
								"up": { "texture": "#skin", "uv": [ 0.0, 2.5, 2.5, 6.5 ], "rotation": 90, "autoUv": false, "windMode": [-1,-1,-1,-1] },
								"down": { "texture": "#bottom", "uv": [ 0.0, 10.0, 4.0, 12.5 ], "autoUv": false, "windMode": [-1,-1,-1,-1] }
							},
							"children": [
								{
									"name": "LBody",
									"from": [ 0.0, 0.006, 1.32 ],
									"to": [ 2.4, 0.246, 2.64 ],
									"unwrapMode": 5,
									"autoUnwrap": false,
									"uv": [ -3.0, 4.5 ],
									"rotationOrigin": [ 0.0, -0.006, 1.32 ],
									"rotationY": -3.0,
									"faces": {
										"east": { "texture": "#skin", "uv": [ 2.5, 2.5, 4.5, 3.0 ], "autoUv": false, "windMode": [-1,-1,-1,-1] },
										"south": { "texture": "#skin", "uv": [ 4.5, 2.5, 5.0, 6.5 ], "rotation": 90, "autoUv": false, "windMode": [-1,-1,-1,-1] },
										"west": { "texture": "#skin", "uv": [ 2.5, 6.0, 4.5, 6.5 ], "rotation": 180, "autoUv": false, "windMode": [-1,-1,-1,-1] },
										"up": { "texture": "#skin", "uv": [ 2.5, 2.5, 4.5, 6.5 ], "rotation": 90, "autoUv": false, "windMode": [-1,-1,-1,-1] },
										"down": { "texture": "#bottom", "uv": [ 2.5, 4.5, 6.5, 6.5 ], "autoUv": false }
									},
									"children": [
										{
											"name": "LArm",
											"from": [ 0.0, 0.006, 0.9 ],
											"to": [ 0.3, 0.234, 2.1 ],
											"unwrapMode": 5,
											"autoUnwrap": false,
											"uv": [ 13.0, 12.5 ],
											"rotationOrigin": [ 0.0, 0.006, 0.9 ],
											"rotationY": -30.0,
											"faces": {
												"east": { "texture": "#skin", "uv": [ 1.0, 28.0, 1.5, 30.0 ], "rotation": 90, "autoUv": false },
												"south": { "texture": "#skin", "uv": [ 0.5, 30.0, 1.0, 30.5 ], "autoUv": false, "windMode": [-1,-1,-1,-1] },
												"west": { "texture": "#skin", "uv": [ 0.0, 28.0, 0.5, 30.0 ], "rotation": 270, "autoUv": false, "windMode": [-1,-1,-1,-1] },
												"up": { "texture": "#skin", "uv": [ 0.5, 28.0, 1.0, 30.0 ], "autoUv": false, "windMode": [-1,-1,-1,-1] },
												"down": { "texture": "#bottom", "uv": [ 14.5, 12.5, 15.0, 14.5 ], "autoUv": false, "windMode": [-1,-1,-1,-1] }
											},
											"children": [
												{
													"name": "LArmLower",
													"from": [ 0.3, 0.006, 0.0 ],
													"to": [ 0.6, 0.222, 1.2 ],
													"unwrapMode": 5,
													"autoUnwrap": false,
													"uv": [ 13.0, 11.5 ],
													"rotationOrigin": [ 0.9, 0.006, 0.0 ],
													"rotationY": -10.0,
													"faces": {
														"east": { "texture": "#skin", "uv": [ 2.0, 28.0, 2.5, 30.0 ], "rotation": 90, "autoUv": false },
														"south": { "texture": "#skin", "uv": [ 1.5, 30.0, 2.0, 30.5 ], "autoUv": false, "windMode": [-1,-1,-1,-1] },
														"up": { "texture": "#skin", "uv": [ 1.5, 28.0, 2.0, 30.0 ], "autoUv": false, "windMode": [-1,-1,-1,-1] },
														"down": { "texture": "#bottom", "uv": [ 14.0, 11.5, 14.5, 13.5 ], "autoUv": false, "windMode": [-1,-1,-1,-1] }
													}
												}
											]
										}
									]
								},
								{
									"name": "RBody",
									"from": [ 0.0, -0.246, 0.18 ],
									"to": [ 2.4, -0.006, 1.5 ],
									"unwrapMode": 6,
									"autoUnwrap": false,
									"uv": [ -3.0, 8.0 ],
									"rotationOrigin": [ 0.0, 0.0, 0.18 ],
									"rotationX": 180.0,
									"rotationY": -3.0,
									"faces": {
										"east": { "texture": "#skin", "uv": [ 9.0, 2.5, 11.0, 3.0 ], "autoUv": false },
										"south": { "texture": "#skin", "uv": [ 8.5, 2.5, 9.0, 6.5 ], "rotation": 90, "autoUv": false, "windMode": [-1,-1,-1,-1] },
										"west": { "texture": "#skin", "uv": [ 9.0, 6.0, 11.0, 6.5 ], "rotation": 180, "autoUv": false, "windMode": [-1,-1,-1,-1] },
										"up": { "texture": "#bottom", "uv": [ 2.5, 8.0, 6.5, 10.0 ], "autoUv": false, "windMode": [-1,-1,-1,-1] },
										"down": { "texture": "#skin", "uv": [ 8.5, 2.5, 10.5, 6.5 ], "rotation": 270, "autoUv": false, "windMode": [-1,-1,-1,-1] }
									},
									"children": [
										{
											"name": "RArm",
											"from": [ 0.0, 0.006, 0.9 ],
											"to": [ 0.3, 0.234, 2.1 ],
											"unwrapMode": 6,
											"autoUnwrap": false,
											"uv": [ 4.0, 6.5 ],
											"rotationOrigin": [ 0.0, 0.234, 0.9 ],
											"rotationY": -30.0,
											"faces": {
												"east": { "texture": "#skin", "uv": [ 4.0, 28.0, 4.5, 30.0 ], "rotation": 90, "autoUv": false },
												"south": { "texture": "#skin", "uv": [ 4.5, 30.0, 5.0, 30.5 ], "rotation": 180, "autoUv": false, "windMode": [-1,-1,-1,-1] },
												"west": { "texture": "#skin", "uv": [ 5.0, 28.0, 5.5, 30.0 ], "rotation": 270, "autoUv": false, "windMode": [-1,-1,-1,-1] },
												"up": { "texture": "#bottom", "uv": [ 5.5, 6.5, 6.0, 8.5 ], "autoUv": false, "windMode": [-1,-1,-1,-1] },
												"down": { "texture": "#skin", "uv": [ 4.5, 28.0, 5.0, 30.0 ], "autoUv": false, "windMode": [-1,-1,-1,-1] }
											},
											"children": [
												{
													"name": "RArmLower",
													"from": [ 0.3, 0.006, 0.0 ],
													"to": [ 0.6, 0.222, 1.2 ],
													"unwrapMode": 5,
													"autoUnwrap": false,
													"uv": [ 4.5, 6.5 ],
													"rotationOrigin": [ 0.9, 0.222, 0.0 ],
													"rotationY": -10.0,
													"faces": {
														"east": { "texture": "#skin", "uv": [ 6.0, 28.0, 6.5, 30.0 ], "rotation": 90, "autoUv": false, "windMode": [-1,-1,-1,-1] },
														"south": { "texture": "#skin", "uv": [ 5.5, 30.0, 6.0, 30.5 ], "autoUv": false, "windMode": [-1,-1,-1,-1] },
														"up": { "texture": "#bottom", "uv": [ 4.5, 6.5, 5.0, 8.5 ], "autoUv": false, "windMode": [-1,-1,-1,-1] },
														"down": { "texture": "#skin", "uv": [ 5.5, 28.0, 6.0, 30.0 ], "autoUv": false, "windMode": [-1,-1,-1,-1] }
													}
												}
											]
										}
									]
								},
								{
									"name": "PeltAbdomen",
									"from": [ 2.4, 0.006, 0.0 ],
									"to": [ 4.5, 0.246, 1.5 ],
									"unwrapMode": 5,
									"autoUnwrap": false,
									"uv": [ -11.0, 10.0 ],
									"rotationOrigin": [ 2.4, 0.006, -0.03 ],
									"faces": {
										"north": { "texture": "#skin", "uv": [ 10.5, 11.5, 11.0, 15.5 ], "rotation": 90, "autoUv": false, "windMode": [-1,-1,-1,-1] },
										"east": { "texture": "#skin", "uv": [ 0.0, 11.5, 2.5, 12.0 ], "autoUv": false, "windMode": [-1,-1,-1,-1] },
										"south": { "texture": "#skin", "uv": [ 2.5, 11.5, 3.0, 15.5 ], "rotation": 90, "autoUv": false, "windMode": [-1,-1,-1,-1] },
										"up": { "texture": "#skin", "uv": [ 0.0, 11.5, 2.5, 15.5 ], "rotation": 90, "autoUv": false, "windMode": [-1,-1,-1,-1] },
										"down": { "texture": "#bottom", "uv": [ 0.0, 10.5, 3.5, 13.0 ], "autoUv": false }
									},
									"children": [
										{
											"name": "LAbdomen",
											"from": [ 0.0, 0.006, 1.38 ],
											"to": [ 2.1, 0.234, 2.7 ],
											"unwrapMode": 5,
											"autoUnwrap": false,
											"uv": [ -5.0, 7.5 ],
											"rotationOrigin": [ 0.0, 0.006, 1.38 ],
											"rotationY": -3.0,
											"faces": {
												"east": { "texture": "#skin", "uv": [ 3.0, 11.5, 5.0, 12.0 ], "autoUv": false },
												"south": { "texture": "#skin", "uv": [ 5.0, 11.5, 5.5, 15.5 ], "rotation": 90, "autoUv": false, "windMode": [-1,-1,-1,-1] },
												"west": { "texture": "#skin", "uv": [ 3.0, 15.0, 5.0, 15.5 ], "rotation": 180, "autoUv": false, "windMode": [-1,-1,-1,-1] },
												"up": { "texture": "#skin", "uv": [ 3.0, 11.5, 5.0, 15.5 ], "rotation": 90, "autoUv": false, "windMode": [-1,-1,-1,-1] },
												"down": { "texture": "#bottom", "uv": [ 6.0, 8.0, 9.5, 10.0 ], "autoUv": false, "windMode": [-1,-1,-1,-1] }
											},
											"children": [
												{
													"name": "LLeg",
													"from": [ 1.26, 0.006, 1.32 ],
													"to": [ 1.86, 0.222, 2.52 ],
													"unwrapMode": 5,
													"autoUnwrap": false,
													"uv": [ 0.0, 5.5 ],
													"rotationOrigin": [ 1.26, 0.006, 1.32 ],
													"rotationY": 72.0,
													"faces": {
														"east": { "texture": "#skin", "uv": [ 8.5, 22.0, 9.0, 24.0 ], "rotation": 90, "autoUv": false },
														"south": { "texture": "#skin", "uv": [ 7.5, 24.0, 8.5, 24.5 ], "autoUv": false, "windMode": [-1,-1,-1,-1] },
														"west": { "texture": "#skin", "uv": [ 7.0, 22.0, 7.5, 24.0 ], "rotation": 270, "autoUv": false, "windMode": [-1,-1,-1,-1] },
														"up": { "texture": "#skin", "uv": [ 7.5, 22.0, 8.5, 24.0 ], "autoUv": false, "windMode": [-1,-1,-1,-1] },
														"down": { "texture": "#bottom", "uv": [ 2.0, 5.5, 3.0, 7.5 ], "autoUv": false, "windMode": [-1,-1,-1,-1] }
													},
													"children": [
														{
															"name": "LLegEnd",
															"from": [ 0.0, -0.006, 1.2 ],
															"to": [ 0.6, 0.222, 1.8 ],
															"unwrapMode": 5,
															"autoUnwrap": false,
															"uv": [ -2.0, 7.5 ],
															"rotationOrigin": [ 0.6, -0.006, 1.2 ],
															"rotationY": -14.0,
															"faces": {
																"north": { "texture": "#skin", "uv": [ 7.5, 24.0, 8.5, 24.5 ], "rotation": 180, "autoUv": false },
																"east": { "texture": "#skin", "uv": [ 8.5, 24.0, 9.0, 25.0 ], "rotation": 90, "autoUv": false, "windMode": [-1,-1,-1,-1] },
																"south": { "texture": "#skin", "uv": [ 7.5, 25.0, 8.5, 25.5 ], "autoUv": false, "windMode": [-1,-1,-1,-1] },
																"west": { "texture": "#skin", "uv": [ 7.0, 24.0, 7.5, 25.0 ], "rotation": 270, "autoUv": false, "windMode": [-1,-1,-1,-1] },
																"up": { "texture": "#skin", "uv": [ 7.5, 24.5, 8.5, 25.5 ], "autoUv": false, "windMode": [-1,-1,-1,-1] },
																"down": { "texture": "#bottom", "uv": [ 0.0, 8.0, 1.0, 9.0 ], "autoUv": false, "windMode": [-1,-1,-1,-1] }
															}
														}
													]
												},
												{
													"name": "LLegLower",
													"from": [ 1.56, 0.012, -0.18 ],
													"to": [ 1.86, 0.216, 1.32 ],
													"unwrapMode": 5,
													"autoUnwrap": false,
													"uv": [ 0.5, 6.0 ],
													"rotationOrigin": [ 1.86, 0.012, -0.18 ],
													"rotationY": 26.0,
													"faces": {
														"east": { "texture": "#skin", "uv": [ 9.5, 22.0, 10.0, 24.5 ], "rotation": 90, "autoUv": false },
														"up": { "texture": "#skin", "uv": [ 9.0, 21.5, 9.5, 24.0 ], "autoUv": false, "windMode": [-1,-1,-1,-1] },
														"down": { "texture": "#bottom", "uv": [ 1.5, 6.0, 2.0, 8.5 ], "autoUv": false, "windMode": [-1,-1,-1,-1] }
													}
												}
											]
										},
										{
											"name": "RAbdomen",
											"from": [ 0.0, -0.222, 0.12 ],
											"to": [ 2.1, 0.006, 1.44 ],
											"unwrapMode": 5,
											"autoUnwrap": false,
											"uv": [ -0.5, 4.5 ],
											"rotationOrigin": [ 0.0, 0.006, 0.12 ],
											"rotationX": 180.0,
											"rotationY": -3.0,
											"faces": {
												"east": { "texture": "#skin", "uv": [ 8.5, 11.5, 10.5, 12.0 ], "autoUv": false },
												"south": { "texture": "#skin", "uv": [ 8.0, 11.5, 8.5, 15.5 ], "rotation": 90, "autoUv": false, "windMode": [-1,-1,-1,-1] },
												"west": { "texture": "#skin", "uv": [ 8.5, 15.0, 10.5, 15.5 ], "rotation": 180, "autoUv": false, "windMode": [-1,-1,-1,-1] },
												"up": { "texture": "#bottom", "uv": [ 0.0, 4.5, 3.5, 6.5 ], "autoUv": false, "windMode": [-1,-1,-1,-1] },
												"down": { "texture": "#skin", "uv": [ 8.5, 11.5, 10.5, 15.5 ], "rotation": 270, "autoUv": false, "windMode": [-1,-1,-1,-1] }
											},
											"children": [
												{
													"name": "RLeg",
													"from": [ 1.26, 0.006, 1.32 ],
													"to": [ 1.86, 0.222, 2.52 ],
													"unwrapMode": 5,
													"autoUnwrap": false,
													"uv": [ -0.5, 4.5 ],
													"rotationOrigin": [ 1.26, 0.222, 1.32 ],
													"rotationY": 72.0,
													"faces": {
														"east": { "texture": "#skin", "uv": [ 8.0, 16.5, 8.5, 18.5 ], "rotation": 90, "autoUv": false },
														"south": { "texture": "#skin", "uv": [ 8.5, 18.5, 9.5, 19.0 ], "autoUv": false, "windMode": [-1,-1,-1,-1] },
														"west": { "texture": "#skin", "uv": [ 9.5, 16.5, 10.0, 18.5 ], "rotation": 270, "autoUv": false, "windMode": [-1,-1,-1,-1] },
														"up": { "texture": "#bottom", "uv": [ 0.0, 4.5, 1.0, 6.5 ], "autoUv": false, "windMode": [-1,-1,-1,-1] },
														"down": { "texture": "#skin", "uv": [ 8.5, 16.5, 9.5, 18.5 ], "autoUv": false, "windMode": [-1,-1,-1,-1] }
													},
													"children": [
														{
															"name": "RLegEnd",
															"from": [ 0.0, -0.006, 1.2 ],
															"to": [ 0.6, 0.222, 1.8 ],
															"unwrapMode": 5,
															"autoUnwrap": false,
															"uv": [ -0.5, 7.5 ],
															"rotationOrigin": [ 0.6, 0.228, 1.2 ],
															"rotationY": -14.0,
															"faces": {
																"north": { "texture": "#skin", "uv": [ 8.5, 18.5, 9.5, 19.0 ], "rotation": 180, "autoUv": false },
																"east": { "texture": "#skin", "uv": [ 8.0, 19.0, 8.5, 20.0 ], "rotation": 90, "autoUv": false, "windMode": [-1,-1,-1,-1] },
																"south": { "texture": "#skin", "uv": [ 8.5, 19.5, 9.5, 20.0 ], "autoUv": false, "windMode": [-1,-1,-1,-1] },
																"west": { "texture": "#skin", "uv": [ 9.5, 19.0, 10.0, 20.0 ], "rotation": 270, "autoUv": false, "windMode": [-1,-1,-1,-1] },
																"up": { "texture": "#bottom", "uv": [ 0.0, 8.0, 1.0, 9.0 ], "autoUv": false, "windMode": [-1,-1,-1,-1] },
																"down": { "texture": "#skin", "uv": [ 8.5, 19.0, 9.5, 20.0 ], "autoUv": false, "windMode": [-1,-1,-1,-1] }
															}
														}
													]
												},
												{
													"name": "RLegLower",
													"from": [ 1.56, 0.012, -0.18 ],
													"to": [ 1.86, 0.216, 1.32 ],
													"unwrapMode": 5,
													"autoUnwrap": false,
													"uv": [ 14.0, 4.5 ],
													"rotationOrigin": [ 1.86, 0.216, -0.18 ],
													"rotationY": 26.0,
													"faces": {
														"east": { "texture": "#skin", "uv": [ 13.0, 16.5, 13.5, 19.0 ], "rotation": 90, "autoUv": false, "windMode": [-1,-1,-1,-1] },
														"up": { "texture": "#bottom", "uv": [ 14.0, 4.5, 14.5, 7.0 ], "autoUv": false, "windMode": [-1,-1,-1,-1] },
														"down": { "texture": "#skin", "uv": [ 7.5, 16.5, 8.0, 19.0 ], "autoUv": false, "windMode": [-1,-1,-1,-1] }
													}
												}
											]
										},
										{
											"name": "PeltTail",
											"from": [ 2.04, 0.006, 0.66 ],
											"to": [ 2.4, 0.234, 1.14 ],
											"autoUnwrap": false,
											"uv": [ 0.0, 0.0 ],
											"rotationOrigin": [ 2.04, 0.006, 0.66 ],
											"faces": {
												"north": { "texture": "#skin", "uv": [ 7.0, 0.5, 7.5, 1.0 ], "autoUv": false },
												"east": { "texture": "#skin", "uv": [ 6.5, 0.5, 7.0, 1.0 ], "autoUv": false, "windMode": [-1,-1,-1,-1] },
												"south": { "texture": "#skin", "uv": [ 6.0, 0.5, 6.5, 1.0 ], "autoUv": false, "windMode": [-1,-1,-1,-1] },
												"west": { "texture": "#skin", "uv": [ 5.5, 0.5, 6.0, 1.0 ], "autoUv": false, "windMode": [-1,-1,-1,-1] },
												"up": { "texture": "#skin", "uv": [ 6.0, 0.0, 6.5, 0.5 ], "autoUv": false, "windMode": [-1,-1,-1,-1] },
												"down": { "texture": "#skin", "uv": [ 6.0, 1.0, 6.5, 1.5 ], "autoUv": false, "windMode": [-1,-1,-1,-1] }
											},
											"children": [
												{
													"name": "PeltTailEnd",
													"from": [ 0.36, -0.006, 0.06 ],
													"to": [ 1.26, 0.228, 0.42 ],
													"autoUnwrap": false,
													"uv": [ 0.0, 0.0 ],
													"rotationOrigin": [ 0.36, -0.006, 0.06 ],
													"faces": {
														"north": { "texture": "#skin", "uv": [ 8.5, 1.5, 10.0, 2.0 ], "autoUv": false, "windMode": [-1,-1,-1,-1] },
														"east": { "texture": "#skin", "uv": [ 8.0, 1.5, 8.5, 2.0 ], "autoUv": false, "windMode": [-1,-1,-1,-1] },
														"south": { "texture": "#skin", "uv": [ 6.5, 1.5, 8.0, 2.0 ], "autoUv": false, "windMode": [-1,-1,-1,-1] },
														"west": { "texture": "#skin", "uv": [ 6.0, 1.5, 6.5, 2.0 ], "autoUv": false, "windMode": [-1,-1,-1,-1] },
														"up": { "texture": "#skin", "uv": [ 6.5, 1.0, 8.0, 1.5 ], "autoUv": false, "windMode": [-1,-1,-1,-1] },
														"down": { "texture": "#skin", "uv": [ 6.5, 2.0, 8.0, 2.5 ], "autoUv": false, "windMode": [-1,-1,-1,-1] }
													}
												}
											]
										}
									]
								},
								{
									"name": "LNeck",
									"from": [ -0.9, 0.012, 0.75 ],
									"to": [ 0.0, 0.24, 1.95 ],
									"unwrapMode": 5,
									"autoUnwrap": false,
									"uv": [ 5.0, 11.5 ],
									"rotationOrigin": [ 0.0, 0.012, 0.75 ],
									"rotationY": 22.0,
									"faces": {
										"north": { "texture": "#skin", "uv": [ 4.0, 19.0, 5.5, 19.5 ], "rotation": 180, "autoUv": false },
										"south": { "texture": "#skin", "uv": [ 4.0, 21.5, 5.5, 22.0 ], "autoUv": false, "windMode": [-1,-1,-1,-1] },
										"west": { "texture": "#skin", "uv": [ 3.5, 19.5, 4.0, 21.5 ], "rotation": 270, "autoUv": false, "windMode": [-1,-1,-1,-1] },
										"up": { "texture": "#skin", "uv": [ 4.0, 19.5, 5.5, 21.5 ], "autoUv": false, "windMode": [-1,-1,-1,-1] },
										"down": { "texture": "#bottom", "uv": [ 7.0, 12.0, 8.5, 14.0 ], "autoUv": false, "windMode": [-1,-1,-1,-1] }
									}
								},
								{
									"name": "RNeck",
									"from": [ -0.9, -0.216, 0.75 ],
									"to": [ 0.0, 0.012, 1.95 ],
									"unwrapMode": 6,
									"autoUnwrap": false,
									"uv": [ 8.0, 11.5 ],
									"rotationOrigin": [ 0.0, 0.012, 0.75 ],
									"rotationX": 180.0,
									"rotationY": 22.0,
									"faces": {
										"north": { "texture": "#skin", "uv": [ 4.0, 18.0, 5.5, 18.5 ] },
										"south": { "texture": "#skin", "uv": [ 4.0, 22.5, 4.5, 23.0 ], "rotation": 180, "windMode": [-1,-1,-1,-1] },
										"west": { "texture": "#skin", "uv": [ 7.0, 19.5, 7.5, 20.5 ], "rotation": 270, "windMode": [-1,-1,-1,-1] },
										"up": { "texture": "#bottom", "uv": [ 10.0, 12.0, 11.5, 14.0 ], "windMode": [-1,-1,-1,-1] },
										"down": { "texture": "#skin", "uv": [ 5.5, 19.5, 7.0, 21.5 ], "windMode": [-1,-1,-1,-1] }
									}
								}
							]
						}
					]
				}
			]
		}
	]}