[
{"name": "White Rhino Taxidermy (Baby)", "ingredientPattern": "_BC,DEF,GHI","ingredients": {"B": { "type": "item", "code": "game:hammer-*", "isTool": true },"C": { "type": "item", "code": "game:knife-*", "isTool": true },"D": { "type": "item", "code": "rhinocerotidae:pelt-baby-ceratotheriumsimum" },"E": { "type": "item", "code": "game:metalnailsandstrips-*", "quantity": 1 },"F": { "type": "item", "code": "game:clay-*", "quantity": 4 },"G": { "type": "block", "code": "game:debarkedlog-*", "quantity": 1 },"H": { "type": "block", "code": "game:glass-*" },"I": { "type": "item", "code": "game:powderedborax", "quantity": 1 }},"width": 3,"height": 3,"output": { "type": "item", "code": "rhinocerotidae:taxidermy-baby-ceratotheriumsimum-00", "quantity": 1  }},
{"name": "White Rhino Taxidermy (Female)", "ingredientPattern": "_BC,DEF,GHI","ingredients": {"B": { "type": "item", "code": "game:hammer-*", "isTool": true },"C": { "type": "item", "code": "game:knife-*", "isTool": true },"D": { "type": "item", "code": "rhinocerotidae:pelt-female-ceratotheriumsimum" },"E": { "type": "item", "code": "game:metalnailsandstrips-*", "quantity": 1 },"F": { "type": "item", "code": "game:clay-*", "quantity": 4 },"G": { "type": "block", "code": "game:debarkedlog-*", "quantity": 6 },"H": { "type": "block", "code": "game:glass-*" },"I": { "type": "item", "code": "game:powderedborax", "quantity": 1 }},"width": 3,"height": 3,"output": { "type": "item", "code": "rhinocerotidae:taxidermy-female-ceratotheriumsimum-00", "quantity": 1  }},
{"name": "White Rhino Taxidermy (Male)", "ingredientPattern": "_BC,DEF,GHI","ingredients": {"B": { "type": "item", "code": "game:hammer-*", "isTool": true },"C": { "type": "item", "code": "game:knife-*", "isTool": true },"D": { "type": "item", "code": "rhinocerotidae:pelt-male-ceratotheriumsimum" },"E": { "type": "item", "code": "game:metalnailsandstrips-*", "quantity": 1 },"F": { "type": "item", "code": "game:clay-*", "quantity": 4 },"G": { "type": "block", "code": "game:debarkedlog-*", "quantity": 6 },"H": { "type": "block", "code": "game:glass-*" },"I": { "type": "item", "code": "game:powderedborax", "quantity": 1 }},"width": 3,"height": 3,"output": { "type": "item", "code": "rhinocerotidae:taxidermy-male-ceratotheriumsimum-00", "quantity": 1  }},
{"name": "White Rhino Taxidermy (Female)", "ingredientPattern": "ABC,DEF,GHI","ingredients": {"A": { "type": "item", "code": "game:antler-ceratotheriumsimum-*", "name": "size", "allowedVariants": ["01","02","03","04","05","06","07","08"] },"B": { "type": "item", "code": "game:hammer-*", "isTool": true },"C": { "type": "item", "code": "game:knife-*", "isTool": true },"D": { "type": "item", "code": "rhinocerotidae:pelt-female-ceratotheriumsimum" },"E": { "type": "item", "code": "game:metalnailsandstrips-*", "quantity": 1 },"F": { "type": "item", "code": "game:clay-*", "quantity": 4 },"G": { "type": "block", "code": "game:debarkedlog-*", "quantity": 6 },"H": { "type": "block", "code": "game:glass-*" },"I": { "type": "item", "code": "game:powderedborax", "quantity": 1 }},"width": 3,"height": 3,"output": { "type": "item", "code": "rhinocerotidae:taxidermy-female-ceratotheriumsimum-{size}", "quantity": 1  }},
{"name": "White Rhino Taxidermy (Male)", "ingredientPattern": "ABC,DEF,GHI","ingredients": {"A": { "type": "item", "code": "game:antler-ceratotheriumsimum-*", "name": "size", "allowedVariants": ["01","02","03","04","05","06","07","08"] },"B": { "type": "item", "code": "game:hammer-*", "isTool": true },"C": { "type": "item", "code": "game:knife-*", "isTool": true },"D": { "type": "item", "code": "rhinocerotidae:pelt-male-ceratotheriumsimum" },"E": { "type": "item", "code": "game:metalnailsandstrips-*", "quantity": 1 },"F": { "type": "item", "code": "game:clay-*", "quantity": 4 },"G": { "type": "block", "code": "game:debarkedlog-*", "quantity": 6 },"H": { "type": "block", "code": "game:glass-*" },"I": { "type": "item", "code": "game:powderedborax", "quantity": 1 }},"width": 3,"height": 3,"output": { "type": "item", "code": "rhinocerotidae:taxidermy-male-ceratotheriumsimum-{size}", "quantity": 1  }},

{"name": "Woolly Rhino Taxidermy (Baby)", "ingredientPattern": "_BC,DEF,GHI","ingredients": {"B": { "type": "item", "code": "game:hammer-*", "isTool": true },"C": { "type": "item", "code": "game:knife-*", "isTool": true },"D": { "type": "item", "code": "rhinocerotidae:pelt-baby-coelodontaantiquitatis" },"E": { "type": "item", "code": "game:metalnailsandstrips-*", "quantity": 1 },"F": { "type": "item", "code": "game:clay-*", "quantity": 4 },"G": { "type": "block", "code": "game:debarkedlog-*", "quantity": 1 },"H": { "type": "block", "code": "game:glass-*" },"I": { "type": "item", "code": "game:powderedborax", "quantity": 1 }},"width": 3,"height": 3,"output": { "type": "item", "code": "rhinocerotidae:taxidermy-baby-coelodontaantiquitatis-00", "quantity": 1  }},
{"name": "Woolly Rhino Taxidermy (Female)", "ingredientPattern": "_BC,DEF,GHI","ingredients": {"B": { "type": "item", "code": "game:hammer-*", "isTool": true },"C": { "type": "item", "code": "game:knife-*", "isTool": true },"D": { "type": "item", "code": "rhinocerotidae:pelt-female-coelodontaantiquitatis" },"E": { "type": "item", "code": "game:metalnailsandstrips-*", "quantity": 1 },"F": { "type": "item", "code": "game:clay-*", "quantity": 4 },"G": { "type": "block", "code": "game:debarkedlog-*", "quantity": 6 },"H": { "type": "block", "code": "game:glass-*" },"I": { "type": "item", "code": "game:powderedborax", "quantity": 1 }},"width": 3,"height": 3,"output": { "type": "item", "code": "rhinocerotidae:taxidermy-female-coelodontaantiquitatis-00", "quantity": 1  }},
{"name": "Woolly Rhino Taxidermy (Male)", "ingredientPattern": "_BC,DEF,GHI","ingredients": {"B": { "type": "item", "code": "game:hammer-*", "isTool": true },"C": { "type": "item", "code": "game:knife-*", "isTool": true },"D": { "type": "item", "code": "rhinocerotidae:pelt-male-coelodontaantiquitatis" },"E": { "type": "item", "code": "game:metalnailsandstrips-*", "quantity": 1 },"F": { "type": "item", "code": "game:clay-*", "quantity": 4 },"G": { "type": "block", "code": "game:debarkedlog-*", "quantity": 6 },"H": { "type": "block", "code": "game:glass-*" },"I": { "type": "item", "code": "game:powderedborax", "quantity": 1 }},"width": 3,"height": 3,"output": { "type": "item", "code": "rhinocerotidae:taxidermy-male-coelodontaantiquitatis-00", "quantity": 1  }},
{"name": "Woolly Rhino Taxidermy (Female)", "ingredientPattern": "ABC,DEF,GHI","ingredients": {"A": { "type": "item", "code": "game:antler-coelodontaantiquitatis-*", "name": "size", "allowedVariants": ["01","02","03","04","05","06","07","08","09"] },"B": { "type": "item", "code": "game:hammer-*", "isTool": true },"C": { "type": "item", "code": "game:knife-*", "isTool": true },"D": { "type": "item", "code": "rhinocerotidae:pelt-female-coelodontaantiquitatis" },"E": { "type": "item", "code": "game:metalnailsandstrips-*", "quantity": 1 },"F": { "type": "item", "code": "game:clay-*", "quantity": 4 },"G": { "type": "block", "code": "game:debarkedlog-*", "quantity": 6 },"H": { "type": "block", "code": "game:glass-*" },"I": { "type": "item", "code": "game:powderedborax", "quantity": 1 }},"width": 3,"height": 3,"output": { "type": "item", "code": "rhinocerotidae:taxidermy-female-coelodontaantiquitatis-{size}", "quantity": 1  }},
{"name": "Woolly Rhino Taxidermy (Male)", "ingredientPattern": "ABC,DEF,GHI","ingredients": {"A": { "type": "item", "code": "game:antler-coelodontaantiquitatis-*", "name": "size", "allowedVariants": ["01","02","03","04","05","06","07","08","09"] },"B": { "type": "item", "code": "game:hammer-*", "isTool": true },"C": { "type": "item", "code": "game:knife-*", "isTool": true },"D": { "type": "item", "code": "rhinocerotidae:pelt-male-coelodontaantiquitatis" },"E": { "type": "item", "code": "game:metalnailsandstrips-*", "quantity": 1 },"F": { "type": "item", "code": "game:clay-*", "quantity": 4 },"G": { "type": "block", "code": "game:debarkedlog-*", "quantity": 6 },"H": { "type": "block", "code": "game:glass-*" },"I": { "type": "item", "code": "game:powderedborax", "quantity": 1 }},"width": 3,"height": 3,"output": { "type": "item", "code": "rhinocerotidae:taxidermy-male-coelodontaantiquitatis-{size}", "quantity": 1  }},

{"name": "Sumatran Rhino Taxidermy (Baby)", "ingredientPattern": "_BC,DEF,GHI","ingredients": {"B": { "type": "item", "code": "game:hammer-*", "isTool": true },"C": { "type": "item", "code": "game:knife-*", "isTool": true },"D": { "type": "item", "code": "rhinocerotidae:pelt-baby-dicerorhinussumatrensis" },"E": { "type": "item", "code": "game:metalnailsandstrips-*", "quantity": 1 },"F": { "type": "item", "code": "game:clay-*", "quantity": 4 },"G": { "type": "block", "code": "game:debarkedlog-*", "quantity": 1 },"H": { "type": "block", "code": "game:glass-*" },"I": { "type": "item", "code": "game:powderedborax", "quantity": 1 }},"width": 3,"height": 3,"output": { "type": "item", "code": "rhinocerotidae:taxidermy-baby-dicerorhinussumatrensis-00", "quantity": 1  }},
{"name": "Sumatran Rhino Taxidermy (Female)", "ingredientPattern": "_BC,DEF,GHI","ingredients": {"B": { "type": "item", "code": "game:hammer-*", "isTool": true },"C": { "type": "item", "code": "game:knife-*", "isTool": true },"D": { "type": "item", "code": "rhinocerotidae:pelt-female-dicerorhinussumatrensis" },"E": { "type": "item", "code": "game:metalnailsandstrips-*", "quantity": 1 },"F": { "type": "item", "code": "game:clay-*", "quantity": 4 },"G": { "type": "block", "code": "game:debarkedlog-*", "quantity": 4 },"H": { "type": "block", "code": "game:glass-*" },"I": { "type": "item", "code": "game:powderedborax", "quantity": 1 }},"width": 3,"height": 3,"output": { "type": "item", "code": "rhinocerotidae:taxidermy-female-dicerorhinussumatrensis-00", "quantity": 1  }},
{"name": "Sumatran Rhino Taxidermy (Male)", "ingredientPattern": "_BC,DEF,GHI","ingredients": {"B": { "type": "item", "code": "game:hammer-*", "isTool": true },"C": { "type": "item", "code": "game:knife-*", "isTool": true },"D": { "type": "item", "code": "rhinocerotidae:pelt-male-dicerorhinussumatrensis" },"E": { "type": "item", "code": "game:metalnailsandstrips-*", "quantity": 1 },"F": { "type": "item", "code": "game:clay-*", "quantity": 4 },"G": { "type": "block", "code": "game:debarkedlog-*", "quantity": 4 },"H": { "type": "block", "code": "game:glass-*" },"I": { "type": "item", "code": "game:powderedborax", "quantity": 1 }},"width": 3,"height": 3,"output": { "type": "item", "code": "rhinocerotidae:taxidermy-male-dicerorhinussumatrensis-00", "quantity": 1  }},
{"name": "Sumatran Rhino Taxidermy (Female)", "ingredientPattern": "ABC,DEF,GHI","ingredients": {"A": { "type": "item", "code": "game:antler-dicerorhinussumatrensis-*", "name": "size", "allowedVariants": ["01","02","03"] },"B": { "type": "item", "code": "game:hammer-*", "isTool": true },"C": { "type": "item", "code": "game:knife-*", "isTool": true },"D": { "type": "item", "code": "rhinocerotidae:pelt-female-dicerorhinussumatrensis" },"E": { "type": "item", "code": "game:metalnailsandstrips-*", "quantity": 1 },"F": { "type": "item", "code": "game:clay-*", "quantity": 4 },"G": { "type": "block", "code": "game:debarkedlog-*", "quantity": 4 },"H": { "type": "block", "code": "game:glass-*" },"I": { "type": "item", "code": "game:powderedborax", "quantity": 1 }},"width": 3,"height": 3,"output": { "type": "item", "code": "rhinocerotidae:taxidermy-female-dicerorhinussumatrensis-{size}", "quantity": 1  }},
{"name": "Sumatran Rhino Taxidermy (Male)", "ingredientPattern": "ABC,DEF,GHI","ingredients": {"A": { "type": "item", "code": "game:antler-dicerorhinussumatrensis-*", "name": "size", "allowedVariants": ["01","02","03","04","05"] },"B": { "type": "item", "code": "game:hammer-*", "isTool": true },"C": { "type": "item", "code": "game:knife-*", "isTool": true },"D": { "type": "item", "code": "rhinocerotidae:pelt-male-dicerorhinussumatrensis" },"E": { "type": "item", "code": "game:metalnailsandstrips-*", "quantity": 1 },"F": { "type": "item", "code": "game:clay-*", "quantity": 4 },"G": { "type": "block", "code": "game:debarkedlog-*", "quantity": 4 },"H": { "type": "block", "code": "game:glass-*" },"I": { "type": "item", "code": "game:powderedborax", "quantity": 1 }},"width": 3,"height": 3,"output": { "type": "item", "code": "rhinocerotidae:taxidermy-male-dicerorhinussumatrensis-{size}", "quantity": 1  }},

{"name": "Black Rhino Taxidermy (Baby)", "ingredientPattern": "_BC,DEF,GHI","ingredients": {"B": { "type": "item", "code": "game:hammer-*", "isTool": true },"C": { "type": "item", "code": "game:knife-*", "isTool": true },"D": { "type": "item", "code": "rhinocerotidae:pelt-baby-dicerosbicornis" },"E": { "type": "item", "code": "game:metalnailsandstrips-*", "quantity": 1 },"F": { "type": "item", "code": "game:clay-*", "quantity": 4 },"G": { "type": "block", "code": "game:debarkedlog-*", "quantity": 1 },"H": { "type": "block", "code": "game:glass-*" },"I": { "type": "item", "code": "game:powderedborax", "quantity": 1 }},"width": 3,"height": 3,"output": { "type": "item", "code": "rhinocerotidae:taxidermy-baby-dicerosbicornis-00", "quantity": 1  }},
{"name": "Black Rhino Taxidermy (Female)", "ingredientPattern": "_BC,DEF,GHI","ingredients": {"B": { "type": "item", "code": "game:hammer-*", "isTool": true },"C": { "type": "item", "code": "game:knife-*", "isTool": true },"D": { "type": "item", "code": "rhinocerotidae:pelt-female-dicerosbicornis" },"E": { "type": "item", "code": "game:metalnailsandstrips-*", "quantity": 1 },"F": { "type": "item", "code": "game:clay-*", "quantity": 4 },"G": { "type": "block", "code": "game:debarkedlog-*", "quantity": 5 },"H": { "type": "block", "code": "game:glass-*" },"I": { "type": "item", "code": "game:powderedborax", "quantity": 1 }},"width": 3,"height": 3,"output": { "type": "item", "code": "rhinocerotidae:taxidermy-female-dicerosbicornis-00", "quantity": 1  }},
{"name": "Black Rhino Taxidermy (Male)", "ingredientPattern": "_BC,DEF,GHI","ingredients": {"B": { "type": "item", "code": "game:hammer-*", "isTool": true },"C": { "type": "item", "code": "game:knife-*", "isTool": true },"D": { "type": "item", "code": "rhinocerotidae:pelt-male-dicerosbicornis" },"E": { "type": "item", "code": "game:metalnailsandstrips-*", "quantity": 1 },"F": { "type": "item", "code": "game:clay-*", "quantity": 4 },"G": { "type": "block", "code": "game:debarkedlog-*", "quantity": 5 },"H": { "type": "block", "code": "game:glass-*" },"I": { "type": "item", "code": "game:powderedborax", "quantity": 1 }},"width": 3,"height": 3,"output": { "type": "item", "code": "rhinocerotidae:taxidermy-male-dicerosbicornis-00", "quantity": 1  }},
{"name": "Black Rhino Taxidermy (Female)", "ingredientPattern": "ABC,DEF,GHI","ingredients": {"A": { "type": "item", "code": "game:antler-dicerosbicornis-*", "name": "size", "allowedVariants": ["01","02","03","04","05","06","07","08","09"] },"B": { "type": "item", "code": "game:hammer-*", "isTool": true },"C": { "type": "item", "code": "game:knife-*", "isTool": true },"D": { "type": "item", "code": "rhinocerotidae:pelt-female-dicerosbicornis" },"E": { "type": "item", "code": "game:metalnailsandstrips-*", "quantity": 1 },"F": { "type": "item", "code": "game:clay-*", "quantity": 4 },"G": { "type": "block", "code": "game:debarkedlog-*", "quantity": 5 },"H": { "type": "block", "code": "game:glass-*" },"I": { "type": "item", "code": "game:powderedborax", "quantity": 1 }},"width": 3,"height": 3,"output": { "type": "item", "code": "rhinocerotidae:taxidermy-female-dicerosbicornis-{size}", "quantity": 1  }},
{"name": "Black Rhino Taxidermy (Male)", "ingredientPattern": "ABC,DEF,GHI","ingredients": {"A": { "type": "item", "code": "game:antler-dicerosbicornis-*", "name": "size", "allowedVariants": ["01","02","03","04","05","06","07","08","09"] },"B": { "type": "item", "code": "game:hammer-*", "isTool": true },"C": { "type": "item", "code": "game:knife-*", "isTool": true },"D": { "type": "item", "code": "rhinocerotidae:pelt-male-dicerosbicornis" },"E": { "type": "item", "code": "game:metalnailsandstrips-*", "quantity": 1 },"F": { "type": "item", "code": "game:clay-*", "quantity": 4 },"G": { "type": "block", "code": "game:debarkedlog-*", "quantity": 5 },"H": { "type": "block", "code": "game:glass-*" },"I": { "type": "item", "code": "game:powderedborax", "quantity": 1 }},"width": 3,"height": 3,"output": { "type": "item", "code": "rhinocerotidae:taxidermy-male-dicerosbicornis-{size}", "quantity": 1  }},

{"name": "Javan Rhino Taxidermy (Baby)", "ingredientPattern": "_BC,DEF,GHI","ingredients": {"B": { "type": "item", "code": "game:hammer-*", "isTool": true },"C": { "type": "item", "code": "game:knife-*", "isTool": true },"D": { "type": "item", "code": "rhinocerotidae:pelt-baby-rhinocerossondaicus" },"E": { "type": "item", "code": "game:metalnailsandstrips-*", "quantity": 1 },"F": { "type": "item", "code": "game:clay-*", "quantity": 4 },"G": { "type": "block", "code": "game:debarkedlog-*", "quantity": 1 },"H": { "type": "block", "code": "game:glass-*" },"I": { "type": "item", "code": "game:powderedborax", "quantity": 1 }},"width": 3,"height": 3,"output": { "type": "item", "code": "rhinocerotidae:taxidermy-baby-rhinocerossondaicus-00", "quantity": 1  }},
{"name": "Javan Rhino Taxidermy (Female)", "ingredientPattern": "_BC,DEF,GHI","ingredients": {"B": { "type": "item", "code": "game:hammer-*", "isTool": true },"C": { "type": "item", "code": "game:knife-*", "isTool": true },"D": { "type": "item", "code": "rhinocerotidae:pelt-female-rhinocerossondaicus" },"E": { "type": "item", "code": "game:metalnailsandstrips-*", "quantity": 1 },"F": { "type": "item", "code": "game:clay-*", "quantity": 4 },"G": { "type": "block", "code": "game:debarkedlog-*", "quantity": 5 },"H": { "type": "block", "code": "game:glass-*" },"I": { "type": "item", "code": "game:powderedborax", "quantity": 1 }},"width": 3,"height": 3,"output": { "type": "item", "code": "rhinocerotidae:taxidermy-female-rhinocerossondaicus-00", "quantity": 1  }},
{"name": "Javan Rhino Taxidermy (Male)", "ingredientPattern": "_BC,DEF,GHI","ingredients": {"B": { "type": "item", "code": "game:hammer-*", "isTool": true },"C": { "type": "item", "code": "game:knife-*", "isTool": true },"D": { "type": "item", "code": "rhinocerotidae:pelt-male-rhinocerossondaicus" },"E": { "type": "item", "code": "game:metalnailsandstrips-*", "quantity": 1 },"F": { "type": "item", "code": "game:clay-*", "quantity": 4 },"G": { "type": "block", "code": "game:debarkedlog-*", "quantity": 5 },"H": { "type": "block", "code": "game:glass-*" },"I": { "type": "item", "code": "game:powderedborax", "quantity": 1 }},"width": 3,"height": 3,"output": { "type": "item", "code": "rhinocerotidae:taxidermy-male-rhinocerossondaicus-00", "quantity": 1  }},
{"name": "Javan Rhino Taxidermy (Male)", "ingredientPattern": "ABC,DEF,GHI","ingredients": {"A": { "type": "item", "code": "game:antler-rhinocerossondaicus-*", "name": "size", "allowedVariants": ["01","02","03","04","05"] },"B": { "type": "item", "code": "game:hammer-*", "isTool": true },"C": { "type": "item", "code": "game:knife-*", "isTool": true },"D": { "type": "item", "code": "rhinocerotidae:pelt-male-rhinocerossondaicus" },"E": { "type": "item", "code": "game:metalnailsandstrips-*", "quantity": 1 },"F": { "type": "item", "code": "game:clay-*", "quantity": 4 },"G": { "type": "block", "code": "game:debarkedlog-*", "quantity": 5 },"H": { "type": "block", "code": "game:glass-*" },"I": { "type": "item", "code": "game:powderedborax", "quantity": 1 }},"width": 3,"height": 3,"output": { "type": "item", "code": "rhinocerotidae:taxidermy-male-rhinocerossondaicus-{size}", "quantity": 1  }},

{"name": "Indian Rhino Taxidermy (Baby)", "ingredientPattern": "_BC,DEF,GHI","ingredients": {"B": { "type": "item", "code": "game:hammer-*", "isTool": true },"C": { "type": "item", "code": "game:knife-*", "isTool": true },"D": { "type": "item", "code": "rhinocerotidae:pelt-baby-rhinocerosunicornis" },"E": { "type": "item", "code": "game:metalnailsandstrips-*", "quantity": 1 },"F": { "type": "item", "code": "game:clay-*", "quantity": 4 },"G": { "type": "block", "code": "game:debarkedlog-*", "quantity": 1 },"H": { "type": "block", "code": "game:glass-*" },"I": { "type": "item", "code": "game:powderedborax", "quantity": 1 }},"width": 3,"height": 3,"output": { "type": "item", "code": "rhinocerotidae:taxidermy-baby-rhinocerosunicornis-00", "quantity": 1  }},
{"name": "Indian Rhino Taxidermy (Female)", "ingredientPattern": "_BC,DEF,GHI","ingredients": {"B": { "type": "item", "code": "game:hammer-*", "isTool": true },"C": { "type": "item", "code": "game:knife-*", "isTool": true },"D": { "type": "item", "code": "rhinocerotidae:pelt-female-rhinocerosunicornis" },"E": { "type": "item", "code": "game:metalnailsandstrips-*", "quantity": 1 },"F": { "type": "item", "code": "game:clay-*", "quantity": 4 },"G": { "type": "block", "code": "game:debarkedlog-*", "quantity": 6 },"H": { "type": "block", "code": "game:glass-*" },"I": { "type": "item", "code": "game:powderedborax", "quantity": 1 }},"width": 3,"height": 3,"output": { "type": "item", "code": "rhinocerotidae:taxidermy-female-rhinocerosunicornis-00", "quantity": 1  }},
{"name": "Indian Rhino Taxidermy (Male)", "ingredientPattern": "_BC,DEF,GHI","ingredients": {"B": { "type": "item", "code": "game:hammer-*", "isTool": true },"C": { "type": "item", "code": "game:knife-*", "isTool": true },"D": { "type": "item", "code": "rhinocerotidae:pelt-male-rhinocerosunicornis" },"E": { "type": "item", "code": "game:metalnailsandstrips-*", "quantity": 1 },"F": { "type": "item", "code": "game:clay-*", "quantity": 4 },"G": { "type": "block", "code": "game:debarkedlog-*", "quantity": 6 },"H": { "type": "block", "code": "game:glass-*" },"I": { "type": "item", "code": "game:powderedborax", "quantity": 1 }},"width": 3,"height": 3,"output": { "type": "item", "code": "rhinocerotidae:taxidermy-male-rhinocerosunicornis-00", "quantity": 1  }},
{"name": "Indian Rhino Taxidermy (Female)", "ingredientPattern": "ABC,DEF,GHI","ingredients": {"A": { "type": "item", "code": "game:antler-rhinocerosunicornis-*", "name": "size", "allowedVariants": ["01","02","03","04","05","06","07","08","09"] },"B": { "type": "item", "code": "game:hammer-*", "isTool": true },"C": { "type": "item", "code": "game:knife-*", "isTool": true },"D": { "type": "item", "code": "rhinocerotidae:pelt-female-rhinocerosunicornis" },"E": { "type": "item", "code": "game:metalnailsandstrips-*", "quantity": 1 },"F": { "type": "item", "code": "game:clay-*", "quantity": 4 },"G": { "type": "block", "code": "game:debarkedlog-*", "quantity": 6 },"H": { "type": "block", "code": "game:glass-*" },"I": { "type": "item", "code": "game:powderedborax", "quantity": 1 }},"width": 3,"height": 3,"output": { "type": "item", "code": "rhinocerotidae:taxidermy-female-rhinocerosunicornis-{size}", "quantity": 1  }},
{"name": "Indian Rhino Taxidermy (Male)", "ingredientPattern": "ABC,DEF,GHI","ingredients": {"A": { "type": "item", "code": "game:antler-rhinocerosunicornis-*", "name": "size", "allowedVariants": ["01","02","03","04","05","06","07","08","09"] },"B": { "type": "item", "code": "game:hammer-*", "isTool": true },"C": { "type": "item", "code": "game:knife-*", "isTool": true },"D": { "type": "item", "code": "rhinocerotidae:pelt-male-rhinocerosunicornis" },"E": { "type": "item", "code": "game:metalnailsandstrips-*", "quantity": 1 },"F": { "type": "item", "code": "game:clay-*", "quantity": 4 },"G": { "type": "block", "code": "game:debarkedlog-*", "quantity": 6 },"H": { "type": "block", "code": "game:glass-*" },"I": { "type": "item", "code": "game:powderedborax", "quantity": 1 }},"width": 3,"height": 3,"output": { "type": "item", "code": "rhinocerotidae:taxidermy-male-rhinocerosunicornis-{size}", "quantity": 1  }}

]