[
  {
    "ingredient": {"type": "item", "code": "game:ingot-steel"},
    "pattern": [
      [
        "#######___##",
        "#__________#",
        "#######____#",
        "________#_##",
        "#########__#",
        "________#__#"
      ]
    ],
    "output": {"type": "item", "code": "maltiezcrossbows:parts-goatfoot-steel"}
  },
  {
    "ingredient": {"type": "item", "code": "game:ingot-steel"},
    "pattern": [
      [
        "##______#_#__",
        "_#_____#####_",
        "_####__#___#_",
        "____#__#___#_",
        "____##_______",
        "__#____#_____",
        "__######_____",
        "___####______",
        "___####______"
      ]
    ],
    "output": {"type": "item", "code": "maltiezcrossbows:parts-windlass-steel"}
  },
  {
    "ingredient": {"type": "item", "code": "game:ingot-steel"},
    "pattern": [
      [
        "_###########____",
        "_#______________",
        "_#_#_#__####____",
        "_#_#_#__####____",
        "_#_#_#__####____",
        "___#_#__####____"
      ],
      [
        "________________",
        "________________",
        "________________",
        "________________",
        "________####____",
        "________####____"
      ],
      [
        "________________",
        "________________",
        "________####____",
        "________####____",
        "________####____",
        "________####____"
      ]
    ],
    "output": {"type": "item", "code": "maltiezcrossbows:parts-lock-steel"}
  },
  {
    "ingredient": {"type": "item", "code": "game:ingot-tinbronze"},
    "pattern": [
      [
        "_###########____",
        "_#______________",
        "_#_#_#__####____",
        "_#_#_#__####____",
        "_#_#_#__####____",
        "___#_#__####____"
      ],
      [
        "________________",
        "________________",
        "________________",
        "________________",
        "________####____",
        "________####____"
      ],
      [
        "________________",
        "________________",
        "________####____",
        "________####____",
        "________####____",
        "________####____"
      ]
    ],
    "output": {"type": "item", "code": "maltiezcrossbows:parts-lock-tinbronze"}
  },
  {
    "ingredient": {"type": "item", "code": "game:ingot-bismuthbronze"},
    "pattern": [
      [
        "_###########____",
        "_#______________",
        "_#_#_#__####____",
        "_#_#_#__####____",
        "_#_#_#__####____",
        "___#_#__####____"
      ],
      [
        "________________",
        "________________",
        "________________",
        "________________",
        "________####____",
        "________####____"
      ],
      [
        "________________",
        "________________",
        "________####____",
        "________####____",
        "________####____",
        "________####____"
      ]
    ],
    "output": {"type": "item", "code": "maltiezcrossbows:parts-lock-bismuthbronze"}
  },
  {
    "ingredient": {"type": "item", "code": "game:ingot-blackbronze"},
    "pattern": [
      [
        "_###########____",
        "_#______________",
        "_#_#_#__####____",
        "_#_#_#__####____",
        "_#_#_#__####____",
        "___#_#__####____"
      ],
      [
        "________________",
        "________________",
        "________________",
        "________________",
        "________####____",
        "________####____"
      ],
      [
        "________________",
        "________________",
        "________####____",
        "________####____",
        "________####____",
        "________####____"
      ]
    ],
    "output": {"type": "item", "code": "maltiezcrossbows:parts-lock-blackbronze"}
  },
  {
    "ingredient": {"type": "item", "code": "game:ingot-steel"},
    "pattern": [
      [
        "_########_",
        "_#______#_",
        "_##____##_",
        "__#____#__",
        "__#____#__",
        "__######__"
      ]
    ],
    "output": {"type": "item", "code": "maltiezcrossbows:parts-stirrup-steel"}
  },
  {
    "ingredient": {"type": "item", "code": "game:ingot-tinbronze"},
    "pattern": [
      [
        "__######__",
        "__#____#__",
        "_##____##_",
        "_##____##_",
        "__#____#__",
        "__######__"
      ]
    ],
    "output": {"type": "item", "code": "maltiezcrossbows:parts-stirrup-tinbronze"}
  },
  {
    "ingredient": {"type": "item", "code": "game:ingot-bismuthbronze"},
    "pattern": [
      [
        "__######__",
        "__#____#__",
        "_##____##_",
        "_##____##_",
        "__#____#__",
        "__######__"
      ]
    ],
    "output": {"type": "item", "code": "maltiezcrossbows:parts-stirrup-bismuthbronze"}
  },
  {
    "ingredient": {"type": "item", "code": "game:ingot-blackbronze"},
    "pattern": [
      [
        "__######__",
        "__#____#__",
        "_##____##_",
        "_##____##_",
        "__#____#__",
        "__######__"
      ]
    ],
    "output": {"type": "item", "code": "maltiezcrossbows:parts-stirrup-blackbronze"}
  },
  {
    "ingredient": {"type": "item", "code": "game:ingot-iron"},
    "pattern": [
      [
        "##_______###",
        "_#_______###",
        "_#######_###",
        "____###__###",
        "###______###",
        "###_________",
        "##____#####_"
      ],
      [
        "_________###",
        "_________#_#",
        "_________#_#",
        "_________###",
        "###______#_#",
        "###_________",
        "##__________"
      ]
    ],
    "output": {"type": "item", "code": "maltiezcrossbows:parts-latch-iron"}
  },
  {
    "ingredient": {"type": "item", "code": "game:ingot-meteoriciron"},
    "pattern": [
      [
        "##_______###",
        "_#_______###",
        "_#######_###",
        "____###__###",
        "###______###",
        "###_________",
        "##____#####_"
      ],
      [
        "_________###",
        "_________#_#",
        "_________#_#",
        "_________###",
        "###______#_#",
        "###_________",
        "##__________"
      ]
    ],
    "output": {"type": "item", "code": "maltiezcrossbows:parts-latch-meteoriciron"}
  }
]