[
{"ingredientPattern": "LK","ingredients": {"K": { "type": "item", "code": "game:knife-*", "isTool": true },"L": { "type": "item", "code": "casuariidae:pelt-*", "allowedVariants": ["baby-bennetti","baby-casuarius","baby-novaehollandiae","baby-unappendiculatus"], "returnedStack": { "type": "item", "code": "game:feather", "quantity": 4 } }},"width": 2,"height": 1,"output": { "type": "item", "code": "game:hide-raw-small", "quantity": 1  }},

{"ingredientPattern": "LK","ingredients": {"K": { "type": "item", "code": "game:knife-*", "isTool": true },"L": { "type": "item", "code": "casuariidae:pelt-*", "allowedVariants": ["female-bennetti","male-bennetti","male-casuarius","female-novaehollandiae","male-novaehollandiae","male-unappendiculatus"], "returnedStack": { "type": "item", "code": "game:feather", "quantity": 16 } }},"width": 2,"height": 1,"output": { "type": "item", "code": "game:hide-raw-medium", "quantity": 2  }},

{"ingredientPattern": "LK","ingredients": {"K": { "type": "item", "code": "game:knife-*", "isTool": true },"L": { "type": "item", "code": "casuariidae:pelt-*", "allowedVariants": ["female-casuarius","female-unappendiculatus"], "returnedStack": { "type": "item", "code": "game:feather", "quantity": 24 } }},"width": 2,"height": 1,"output": { "type": "item", "code": "game:hide-raw-medium", "quantity": 3  }}]