{
	"editor": {
		"allAngles": true,
		"entityTextureMode": true
	},
	"textureWidth": 32,
	"textureHeight": 32,
	"textureSizes": {
		"skin": [32,32]
	},
	"textures": {
	},
	"elements": [
		{
			"name": "neck",
			"from": [ 14.59, 9.45, 6.94 ], 
			"to": [ 18.04, 12.45, 9.19 ], 
			"unwrapMode": 3,
			"unwrapRotation": 1,
			"uv": [ 21.0, 17.5 ],
			"rotationOrigin": [ 17.5946, 9.531, 8.065 ],
			"rotationZ": 63.0,
			"faces": {
				"north": { "texture": "#skin", "uv": [ 26.0, 19.5, 29.0, 22.5 ], "rotation": 270, "windMode": [-1,-1,-1,-1], "windData": [0,0,1,0] },
				"east": { "texture": "#skin", "uv": [ 23.0, 17.5, 26.0, 19.5 ], "rotation": 90, "windMode": [-1,-1,-1,-1], "windData": [1,0,0,1] },
				"south": { "texture": "#skin", "uv": [ 23.0, 19.5, 26.0, 22.5 ], "rotation": 90 },
				"west": { "texture": "#skin", "uv": [ 23.0, 22.5, 26.0, 24.5 ], "rotation": 90 },
				"up": { "texture": "#skin", "uv": [ 21.0, 19.5, 23.0, 22.5 ], "rotation": 90 },
				"down": { "texture": "#skin", "uv": [ 26.0, 19.5, 28.0, 22.5 ], "rotation": 270, "enabled": false, "windMode": [-1,-1,-1,-1] }
			},
			"children": [
				{
					"name": "neck2",
					"from": [ 1.05, 0.975, 0.075 ], 
					"to": [ 3.3, 5.85, 2.175 ], 
					"unwrapMode": 3,
					"uv": [ 17.0, 0.0 ],
					"rotationOrigin": [ 3.3, 2.85, 1.125 ],
					"rotationX": 1.0,
					"rotationZ": -35.0,
					"faces": {
						"north": { "texture": "#skin", "uv": [ 23.0, 2.0, 25.0, 6.5 ] },
						"east": { "texture": "#skin", "uv": [ 21.0, 2.0, 23.0, 6.5 ], "windMode": [-1,-1,-1,-1], "windData": [0,1,1,0] },
						"south": { "texture": "#skin", "uv": [ 19.0, 2.0, 21.0, 6.5 ], "windMode": [-1,-1,-1,-1], "windData": [0,0,1,1] },
						"west": { "texture": "#skin", "uv": [ 17.0, 2.0, 19.0, 6.5 ], "windMode": [-1,-1,-1,-1], "windData": [0,0,1,1] },
						"up": { "texture": "#skin", "uv": [ 19.0, 0.0, 21.0, 2.0 ], "windMode": [-1,-1,-1,-1], "windData": [1,1,1,1] },
						"down": { "texture": "#skin", "uv": [ 19.0, 6.5, 21.0, 8.5 ], "rotation": 180, "enabled": false, "windMode": [-1,-1,-1,-1] }
					},
					"children": [
						{
							"name": "head",
							"from": [ -0.375, 3.465, -0.1125 ], 
							"to": [ 2.25, 5.565, 2.2125 ], 
							"unwrapMode": 4,
							"uv": [ 10.0, 9.5 ],
							"rotationOrigin": [ 2.025, 4.74, 1.125 ],
							"rotationY": 4.0,
							"rotationZ": -7.0,
							"faces": {
								"north": { "texture": "#skin", "uv": [ 10.0, 12.0, 12.5, 14.0 ] },
								"east": { "texture": "#skin", "uv": [ 17.0, 12.0, 19.0, 14.0 ] },
								"south": { "texture": "#skin", "uv": [ 14.5, 12.0, 17.0, 14.0 ] },
								"west": { "texture": "#skin", "uv": [ 12.5, 12.0, 14.5, 14.0 ] },
								"up": { "texture": "#skin", "uv": [ 12.5, 9.5, 14.5, 12.0 ], "rotation": 90 },
								"down": { "texture": "#skin", "uv": [ 12.5, 14.0, 14.5, 16.5 ], "rotation": 90 }
							},
							"children": [
								{
									"name": "mouth up",
									"from": [ -2.025, 0.45, 0.45 ], 
									"to": [ 0.225, 1.125, 1.95 ], 
									"unwrapMode": 5,
									"unwrapRotation": 1,
									"uv": [ 0.0, 9.0 ],
									"rotationOrigin": [ 0.225, 1.35, 1.2 ],
									"rotationZ": -10.0,
									"faces": {
										"north": { "texture": "#skin", "uv": [ 0.0, 9.0, 0.5, 11.0 ], "rotation": 270 },
										"east": { "texture": "#skin", "uv": [ 0.5, 9.0, 2.0, 9.5 ], "rotation": 180, "enabled": false },
										"south": { "texture": "#skin", "uv": [ 2.0, 9.0, 2.5, 11.0 ], "rotation": 90 },
										"west": { "texture": "#skin", "uv": [ 0.5, 11.0, 2.0, 11.5 ] },
										"up": { "texture": "#skin", "uv": [ 0.5, 9.0, 2.0, 11.0 ], "rotation": 90 },
										"down": { "texture": "#skin", "uv": [ 2.5, 9.0, 4.0, 11.0 ], "rotation": 270 }
									},
									"children": [
										{
											"name": "nose",
											"from": [ -0.075, 0.1125, 0.375 ], 
											"to": [ 0.675, 0.7875, 1.125 ], 
											"unwrapMode": 4,
											"uv": [ 0.0, 11.5 ],
											"rotationOrigin": [ -0.075, 0.825, 0.825 ],
											"faces": {
												"north": { "texture": "#skin", "uv": [ 0.0, 12.0, 0.5, 12.5 ], "windMode": [-1,-1,-1,-1], "windData": [1,1,1,1] },
												"east": { "texture": "#skin", "uv": [ 1.5, 12.0, 2.0, 12.5 ], "windMode": [-1,-1,-1,-1], "windData": [1,1,1,1] },
												"south": { "texture": "#skin", "uv": [ 1.0, 12.0, 1.5, 12.5 ], "windMode": [-1,-1,-1,-1], "windData": [1,1,1,1] },
												"west": { "texture": "#skin", "uv": [ 0.5, 12.0, 1.0, 12.5 ], "windMode": [-1,-1,-1,-1], "windData": [1,1,1,1] },
												"up": { "texture": "#skin", "uv": [ 0.5, 11.5, 1.0, 12.0 ], "rotation": 90, "windMode": [-1,-1,-1,-1], "windData": [1,1,1,1] },
												"down": { "texture": "#skin", "uv": [ 0.5, 12.5, 1.0, 13.0 ], "rotation": 90, "windMode": [-1,-1,-1,-1], "windData": [1,1,1,1] }
											}
										},
										{
											"name": "nose bridge",
											"from": [ 0.15, 0.0, 0.225 ], 
											"to": [ 2.325, 0.825, 1.275 ], 
											"unwrapMode": 5,
											"unwrapRotation": 1,
											"uv": [ 2.0, 11.0 ],
											"rotationOrigin": [ 0.15, 0.825, 0.6 ],
											"rotationZ": 20.0,
											"faces": {
												"north": { "texture": "#skin", "uv": [ 2.0, 11.0, 2.5, 13.0 ], "rotation": 270 },
												"east": { "texture": "#skin", "uv": [ 2.5, 11.0, 3.5, 11.5 ], "rotation": 180, "enabled": false, "windMode": [-1,-1,-1,-1], "windData": [1,1,1,1] },
												"south": { "texture": "#skin", "uv": [ 3.5, 11.0, 4.0, 13.0 ], "rotation": 90 },
												"west": { "texture": "#skin", "uv": [ 2.5, 13.0, 3.5, 13.5 ], "windMode": [-1,-1,-1,-1], "windData": [1,1,1,1] },
												"up": { "texture": "#skin", "uv": [ 2.5, 11.0, 3.5, 13.0 ], "rotation": 90 },
												"down": { "texture": "#skin", "uv": [ 4.0, 11.0, 5.0, 13.0 ], "rotation": 270, "enabled": false }
											}
										},
										{
											"name": "R Fang",
											"from": [ 0.75, -0.825, 0.075 ], 
											"to": [ 0.975, 0.15, 0.3 ], 
											"unwrapMode": 2,
											"uv": [ 1.5, 13.5 ],
											"rotationOrigin": [ 0.75, 0.15, 0.3 ],
											"rotationZ": 15.0,
											"faces": {
												"north": { "texture": "#skin", "uv": [ 2.5, 14.0, 3.0, 14.5 ] },
												"east": { "texture": "#skin", "uv": [ 2.0, 14.0, 2.5, 14.5 ] },
												"south": { "texture": "#skin", "uv": [ 1.5, 14.0, 2.0, 14.5 ] },
												"west": { "texture": "#skin", "uv": [ 3.0, 14.0, 3.5, 14.5 ] },
												"up": { "texture": "#skin", "uv": [ 2.0, 13.5, 2.5, 14.0 ], "rotation": 270 },
												"down": { "texture": "#skin", "uv": [ 2.0, 14.5, 2.5, 15.0 ], "rotation": 270 }
											}
										},
										{
											"name": "L Fang",
											"from": [ 0.75, -0.825, 1.2 ], 
											"to": [ 0.975, 0.15, 1.425 ], 
											"unwrapMode": 2,
											"uv": [ 0.0, 13.0 ],
											"rotationOrigin": [ 0.75, 0.15, 1.2 ],
											"rotationZ": 15.0,
											"faces": {
												"north": { "texture": "#skin", "uv": [ 1.0, 13.5, 1.5, 14.0 ] },
												"east": { "texture": "#skin", "uv": [ 0.5, 13.5, 1.0, 14.0 ] },
												"south": { "texture": "#skin", "uv": [ 0.0, 13.5, 0.5, 14.0 ] },
												"west": { "texture": "#skin", "uv": [ 1.5, 13.5, 2.0, 14.0 ] },
												"up": { "texture": "#skin", "uv": [ 0.5, 13.0, 1.0, 13.5 ], "rotation": 270 },
												"down": { "texture": "#skin", "uv": [ 0.5, 14.0, 1.0, 14.5 ], "rotation": 270 }
											}
										}
									]
								},
								{
									"name": "R ear",
									"from": [ 1.95, 1.125, -1.35 ], 
									"to": [ 2.325, 2.4, 0.525 ], 
									"unwrapMode": 4,
									"uv": [ 0.0, 0.0 ],
									"rotationOrigin": [ 2.1, 1.95, 0.45 ],
									"rotationX": 70.0,
									"rotationZ": 22.0,
									"faces": {
										"north": { "texture": "#skin", "uv": [ 0.0, 0.5, 0.5, 1.5 ] },
										"east": { "texture": "#skin", "uv": [ 2.5, 0.5, 4.0, 1.5 ] },
										"south": { "texture": "#skin", "uv": [ 2.0, 0.5, 2.5, 1.5 ], "windMode": [-1,-1,-1,-1], "windData": [1,1,1,1] },
										"west": { "texture": "#skin", "uv": [ 0.5, 0.5, 2.0, 1.5 ] },
										"up": { "texture": "#skin", "uv": [ 0.5, 0.0, 2.0, 0.5 ], "rotation": 90 },
										"down": { "texture": "#skin", "uv": [ 0.5, 1.5, 2.0, 2.0 ], "rotation": 90, "windMode": [-1,-1,-1,-1], "windData": [1,1,1,1] }
									}
								},
								{
									"name": "L ear",
									"from": [ 1.95, 1.125, 1.875 ], 
									"to": [ 2.325, 2.4, 3.75 ], 
									"unwrapMode": 4,
									"uv": [ 0.0, 2.0 ],
									"rotationOrigin": [ 2.1, 1.95, 1.875 ],
									"rotationX": -70.0,
									"rotationZ": 22.0,
									"faces": {
										"north": { "texture": "#skin", "uv": [ 0.0, 2.5, 0.5, 3.5 ], "windMode": [-1,-1,-1,-1], "windData": [1,1,1,1] },
										"east": { "texture": "#skin", "uv": [ 2.5, 2.5, 4.0, 3.5 ] },
										"south": { "texture": "#skin", "uv": [ 2.0, 2.5, 2.5, 3.5 ], "windMode": [-1,-1,-1,-1], "windData": [1,1,1,1] },
										"west": { "texture": "#skin", "uv": [ 0.5, 2.5, 2.0, 3.5 ] },
										"up": { "texture": "#skin", "uv": [ 0.5, 2.0, 2.0, 2.5 ], "rotation": 90 },
										"down": { "texture": "#skin", "uv": [ 0.5, 3.5, 2.0, 4.0 ], "rotation": 90 }
									}
								},
								{
									"name": "jaw",
									"from": [ -1.89, -0.3075, 0.6 ], 
									"to": [ 1.485, 0.5175, 1.8 ], 
									"unwrapMode": 5,
									"unwrapRotation": 1,
									"uv": [ 8.5, 9.0 ],
									"rotationOrigin": [ 0.96, 0.4431, 1.2 ],
									"rotationZ": -15.0,
									"faces": {
										"north": { "texture": "#skin", "uv": [ 8.5, 9.0, 9.0, 12.0 ], "rotation": 270 },
										"east": { "texture": "#skin", "uv": [ 9.0, 9.0, 10.0, 9.5 ], "rotation": 180, "enabled": false },
										"south": { "texture": "#skin", "uv": [ 10.0, 9.0, 10.5, 12.0 ], "rotation": 90 },
										"west": { "texture": "#skin", "uv": [ 9.0, 12.0, 10.0, 12.5 ] },
										"up": { "texture": "#skin", "uv": [ 9.0, 9.0, 10.0, 12.0 ], "rotation": 90 },
										"down": { "texture": "#skin", "uv": [ 10.5, 9.0, 11.5, 12.0 ], "rotation": 270 }
									}
								},
								{
									"name": "Horn attachment",
									"from": [ 0.0, 2.25, 1.3125 ], 
									"to": [ 0.75, 3.0, 2.0625 ], 
									"uv": [ 0.0, 0.0 ],
									"rotationOrigin": [ 0.0, 2.25, 1.3125 ],
									"faces": {
										"north": { "texture": "#skin", "uv": [ 0.0, 1.0, 0.75, 1.75 ], "enabled": false },
										"east": { "texture": "#skin", "uv": [ 1.0, 1.0, 1.75, 1.75 ], "enabled": false, "windMode": [-1,-1,-1,-1], "windData": [1,1,1,1] },
										"south": { "texture": "#skin", "uv": [ 1.0, 1.0, 1.75, 1.75 ], "enabled": false, "windMode": [-1,-1,-1,-1], "windData": [1,1,1,1] },
										"west": { "texture": "#skin", "uv": [ 1.0, 1.0, 1.75, 1.75 ], "enabled": false, "windMode": [-1,-1,-1,-1], "windData": [1,1,1,1] },
										"up": { "texture": "#skin", "uv": [ 0.0, 0.0, 0.75, 0.75 ], "enabled": false, "windMode": [-1,-1,-1,-1], "windData": [1,1,1,1] },
										"down": { "texture": "#skin", "uv": [ 1.0, 0.0, 1.75, 0.75 ], "enabled": false, "windMode": [-1,-1,-1,-1], "windData": [1,1,1,1] }
									}
								}
							]
						}
					]
				}
			]
		}
	],
	"animations": [
		{
			"name": "Walk",
			"code": "walk",
			"quantityframes": 30,
			"onActivityStopped": "EaseOut",
			"onAnimationEnd": "Repeat",
			"keyframes": [

			]
		},

		{
			"name": "Run",
			"code": "run",
			"quantityframes": 30,
			"onActivityStopped": "EaseOut",
			"onAnimationEnd": "Repeat",
			"keyframes": [

			]
		},

		{
			"name": "Idle",
			"code": "idle",
			"quantityframes": 30,
			"onActivityStopped": "EaseOut",
			"onAnimationEnd": "Repeat",
			"keyframes": [

			]
		},

		{
			"name": "Sit",
			"code": "sit",
			"quantityframes": 30,
			"onActivityStopped": "EaseOut",
			"onAnimationEnd": "Repeat",
			"keyframes": [

			]
		},

		{
			"name": "Sleep",
			"code": "sleep",
			"quantityframes": 30,
			"onActivityStopped": "EaseOut",
			"onAnimationEnd": "Repeat",
			"keyframes": [

			]
		},

		{
			"name": "Eat",
			"code": "eat",
			"quantityframes": 50,
			"onActivityStopped": "EaseOut",
			"onAnimationEnd": "Repeat",
			"keyframes": [

			]
		},

		{
			"name": "Hurt",
			"code": "hurt",
			"quantityframes": 15,
			"onActivityStopped": "EaseOut",
			"onAnimationEnd": "EaseOut",
			"keyframes": [

			]
		},

		{
			"name": "Die",
			"code": "die",
			"quantityframes": 40,
			"onActivityStopped": "EaseOut",
			"onAnimationEnd": "Hold",
			"keyframes": [

			]
		},

		{
			"name": "Swim",
			"code": "swim",
			"quantityframes": 30,
			"onActivityStopped": "EaseOut",
			"onAnimationEnd": "EaseOut",
			"keyframes": [

			]
		},

		{
			"name": "Threat",
			"code": "threat",
			"quantityframes": 30,
			"onActivityStopped": "EaseOut",
			"onAnimationEnd": "Repeat",
			"keyframes": [

			]
		},

		{
			"name": "Charge",
			"code": "charge",
			"quantityframes": 30,
			"onActivityStopped": "EaseOut",
			"onAnimationEnd": "Repeat",
			"keyframes": [

			]
		},

		{
			"name": "Attack",
			"code": "attack",
			"quantityframes": 75,
			"onActivityStopped": "PlayTillEnd",
			"onAnimationEnd": "Stop",
			"keyframes": [

			]
		},

		{
			"name": "Maim",
			"code": "maim",
			"quantityframes": 30,
			"onActivityStopped": "EaseOut",
			"onAnimationEnd": "Repeat",
			"keyframes": [

			]
		},

		{
			"name": "Roar",
			"code": "roar",
			"quantityframes": 30,
			"onActivityStopped": "PlayTillEnd",
			"onAnimationEnd": "Stop",
			"keyframes": [

			]
		},

		{
			"name": "Stot",
			"code": "stot",
			"quantityframes": 30,
			"onActivityStopped": "EaseOut",
			"onAnimationEnd": "Repeat",
			"keyframes": [

			]
		},

		{
			"name": "Gallop",
			"code": "gallop",
			"quantityframes": 30,
			"onActivityStopped": "EaseOut",
			"onAnimationEnd": "Repeat",
			"keyframes": [

			]
		}
	]
}