{
	"code": "felinae",
	"class": "EntityAgent",
	"canClimb": true,
	"canClimbAnywhereByType": {"*-caracalcaracal":false,"*":true},
	"climbTouchDistance": 0.05,
	"rotateModelOnClimb": true,
	"fallDamageMultiplierByType": { "*-baby-*" :0.01,"*-adult-*" :0.05},
	"variantgroups": [
		{"code": "age","states": [ "adult","baby" ]},
		{"code": "gender","states": [ "female","male"]},
		{"code": "type","states": [ "caracalcaracal","lynxcanadensis","lynxlynx","lynxpardinus"]}
	],
	"hitBoxSizeByType": {
		"*-adult-female-caracalcaracal": {	"x": 0.5,"y": 0.4},"*-adult-male-caracalcaracal": {	"x": 0.6,"y": 0.5},"*-baby-*-caracalcaracal": {	"x": 0.25,"y": 0.2},
		"*-adult-female-lynxcanadensis": {	"x": 0.5,"y": 0.5},"*-adult-male-lynxcanadensis": {	"x": 0.6,"y": 0.6},"*-baby-*-lynxcanadensis": {	"x": 0.25,"y": 0.25},
		"*-adult-female-lynxlynx": {	"x": 0.5,"y": 0.6},"*-adult-male-lynxlynx": {	"x": 0.6,"y": 0.7},"*-baby-*-lynxlynx": {	"x": 0.25,"y": 0.25},
		"*-adult-female-lynxpardinus": {	"x": 0.5,"y": 0.6},"*-adult-male-lynxpardinus": {	"x": 0.6,"y": 0.7},"*-baby-*-lynxpardinus": {	"x": 0.25,"y": 0.25}
	},
	"deadhitBoxSizeByType": {
		"*-adult-female-caracalcaracal": {	"x": 0.5,"y": 0.2},"*-adult-male-caracalcaracal": {	"x": 0.6,"y": 0.25},"*-baby-*-caracalcaracal": {	"x": 0.25,"y": 0.1},
		"*-adult-female-lynxcanadensis": {	"x": 0.5,"y": 0.25},"*-adult-male-lynxcanadensis": {	"x": 0.6,"y": 0.3},"*-baby-*-lynxcanadensis": {	"x": 0.25,"y": 0.1},
		"*-adult-female-lynxlynx": {	"x": 0.5,"y": 0.3},"*-adult-male-lynxlynx": {	"x": 0.6,"y": 0.35},"*-baby-*-lynxlynx": {	"x": 0.25,"y": 0.1},
		"*-adult-female-lynxpardinus": {	"x": 0.5,"y": 0.3},"*-adult-male-lynxpardinus": {	"x": 0.6,"y": 0.35},"*-baby-*-lynxpardinus": {	"x": 0.25,"y": 0.1}
	},
	"eyeHeightByType": {
		"*-adult-*-caracalcaracal": 0.5,"*-baby-*-caracalcaracal": 0.25,
		"*-adult-*-lynxcanadensis": 0.6,"*-baby-*-lynxcanadensis": 0.3,
		"*-adult-*-lynxlynx": 0.7,"*-baby-*-lynxlynx": 0.3,
		"*-adult-*-lynxpardinus": 0.7,"*-baby-*-lynxpardinus": 0.3
	},
	"weightByType": {
		"*-adult-female-caracalcaracal": 12,"*-adult-male-caracalcaracal": 15,"*-baby-*-caracalcaracal": 3,
		"*-adult-female-lynxcanadensis": 10,"*-adult-male-lynxcanadensis": 14,"*-baby-*-lynxcanadensis": 3,
		"*-adult-female-lynxlynx": 18,"*-adult-male-lynxlynx": 24,"*-baby-*-lynxlynx": 4,
		"*-adult-female-lynxpardinus": 10,"*-adult-male-lynxpardinus": 13,"*-baby-*-lynxpardinus": 3
	},	
	"knockbackResistanceByType": {
		"*-adult-*": 0.2,
		"*-baby-*": 0.1	},	
	"attributes": {
		"killedByInfoText": "deadcreature-killed",
		"basketCatchable": true,
		"trapChanceByType": {"*-adult-*": 0.5,"*-baby-*": 0.8 },
		"trapDestroyChanceByType": { "*-baby-*": 0.05, "*": 0.1 },
		"creatureDiet": {
			"foodTags": ["egg","fish","insects","meat" ]
		},
		"handbook": {
			"groupcode": "creaturegroup-felinae"
		}
	},
	"drops": [],
	"client": {
		"renderer": "Shape",
		"shapeByType": {
			"*-adult-*-lynxlynx": { "base": "entity/land/felinae/lynxcanadensis-adult" },
			"*-adult-*-lynxpardinus": { "base": "entity/land/felinae/lynxcanadensis-adult" },
			"*-baby-*-lynxlynx": { "base": "entity/land/felinae/lynxcanadensis-baby" },
			"*-baby-*-lynxpardinus": { "base": "entity/land/felinae/lynxcanadensis-baby" },
			"*-adult-*": { "base": "entity/land/felinae/{type}-adult" },
			"*-baby-*": { "base": "entity/land/felinae/{type}-baby" }
		},
		"textureByType": {
			"*-adult-*": { "base": "entity/felinae/{type}-adult" },
			"*-baby-*": { "base": "entity/felinae/{type}-baby" }
		},
		"sizeByType": {
			"*-adult-male-caracalcaracal": 0.5,"*-adult-female-caracalcaracal": 0.45,"*-baby-*-caracalcaracal": 0.4,
			"*-adult-male-lynxcanadensis": 0.6,"*-adult-female-lynxcanadensis": 0.55,"*-baby-*-lynxcanadensis": 0.5,
			"*-adult-male-lynxlynx": 0.75,"*-adult-female-lynxlynx": 0.7,"*-baby-*-lynxlynx": 0.5,
			"*-adult-male-lynxpardinus": 0.75,"*-adult-female-lynxpardinus": 0.7,"*-baby-*-lynxpardinus": 0.5
		},
		"behaviors": [
			{"code": "repulseagents" },
			{"code": "controlledphysics","stepHeightByType": {"*-caracalcaracal":3.1251,"*":2.1251},"climbUpSpeed": 0.1,"climbDownSpeed": 0.1},
			{"code": "floatupwhenstuck","onlyWhenDead": true},
			{"code": "interpolateposition" },
			{"code": "harvestable","quantitySlots": 8},
			{ "code": "multiply", "enabledByType": { "*-adult-female-*": true, "*": false } },
			{"code": "despawn","minPlayerDistance": 8,"belowLightLevel": 8,"minSeconds": 300},
			{"code": "ropetieable","minGeneration": 2}
		],
		"animations": [
			{"code": "attack","animation": "Attack","animationSpeed": 1.2,"weight": 10,"blendMode": "AddAverage"},
			{"code": "die","animation": "Death","easeInSpeed": 3,"animationSpeed": 2.25,"weight": 10,"blendMode": "Average","triggeredBy": { "onControls": [ "dead" ] }},
			{"code": "eat","animation": "Eat","easeInSpeed": 2,"easeOutSpeed": 2,"blendMode": "Average"},
			{"code": "hurt","animation": "Hurt","animationSpeed": 2.2,"weight": 10,"blendMode": "AddAverage"},
			{"code": "idle","animation": "Idle","animationSpeed": 0.5,"blendMode": "AddAverage","easeOutSpeed": 4,"triggeredBy": { "defaultAnim": true }},
			{"code": "yawn","animation": "Yawn","easeInSpeed": 1.5,"easeOutSpeed": 2.5,"weight": 10,"blendMode": "AddAverage"},
			{"code": "roar","animation": "Roar","easeInSpeed": 1.5,"easeOutSpeed": 1.5,"weight": 10,"blendMode": "AddAverage"},
			{"code": "lick","animation": "Lick","easeInSpeed": 2,"easeOutSpeed": 5,"blendMode": "Average"},
			{"code": "sit","animation": "Sit","easeInSpeed": 2,"easeOutSpeed": 5,"blendMode": "Average"},
			{"code": "lie","animation": "Lie","easeInSpeed": 2,"easeOutSpeed": 5,"weight": 5,"blendMode": "Average"},
			{"code": "loaf","animation": "Loaf","easeInSpeed": 2,"easeOutSpeed": 5,"weight": 5,"blendMode": "Average"},
			{"code": "sleep","animation": "Sleep","easeInSpeed": 2,"easeOutSpeed": 5,"weight": 5,"blendMode": "Average"},
			{"code": "swim","animation": "Swim","supressDefaultAnimation": true,"blendMode": "Average"},
			{"code": "run","animation": "Run","easeInSpeed": 10,"supressDefaultAnimation": true,"blendMode": "Average"},
			{"code": "stalk","animation": "Stalk","easeInSpeed": 10,"supressDefaultAnimation": true,"blendMode": "Average"},
			{"code": "walk","animation": "Walk","easeInSpeed": 10,"supressDefaultAnimation": true,"blendMode": "Average"}
		]
	},
	"server": {
		"attributes": {
			"pathfinder": {
				"minTurnAnglePerSec": 0,
				"maxTurnAnglePerSecByType": { "*-adult-*": 650, "*-baby-*": 360}
			}
		},
		"behaviors": [
			{ "code": "repulseagents" },
			{"code": "controlledphysics","stepHeightByType": {"*-caracalcaracal":3.1251,"*":2.1251},"climbUpSpeed": 0.1,"climbDownSpeed": 0.1},
			{"code": "despawn","minPlayerDistance": 8,"belowLightLevel": 8,"minSeconds": 300},
			{"code": "health",
				"maxhealthByType": {
					"*-adult-*-caracalcaracal": 5,"*-baby-*-caracalcaracal": 3,
					"*-adult-*-lynxcanadensis": 5,"*-baby-*-lynxcanadensis": 3,
					"*-adult-male-lynxlynx": 7,"*-adult-female-lynxlynx": 6,"*-baby-*-lynxlynx": 3,
					"*-adult-*-lynxpardinus": 5,"*-baby-*-lynxpardinus": 3
				}
			},
			{"code": "deaddecay",
				"hoursToDecay": 96,
				"decayedBlockByType": {
				"*-adult-*": "carcass-small",
				"*-baby-*": "carcass-tiny"
				}
			},
			{"code": "floatupwhenstuck","onlyWhenDead": true},
			{"code": "harvestable",
				"quantitySlots": 8,
				"drops": [
					{
						"type": "item",
						"code": "game:bushmeat-raw",
						"quantityByType": {
							"*-adult-*-caracalcaracal": {"avg": 2,"var": 0.5},
							"*-adult-*-lynxcanadensis": {"avg": 2,"var": 0.5},
							"*-adult-*-lynxlynx": {"avg": 3,"var": 1},
							"*-adult-*-lynxpardinus": {"avg": 2,"var": 0.5},
							"*-baby-*": {"avg": 0,"var": 0.3}
						}
					},
					{
						"type": "item",
						"code": "felinae:pelt-{gender}-{type}",
						"quantityByType": {
							"*-adult-*": {"avg": 1.0,"var": 0.0},
							"*": {"avg": 0.0,"var": 0.0}
						}
					},
					{
						"type": "item",
						"code": "felinae:pelt-baby-{type}",
						"quantityByType": {
							"*-baby-*": {"avg": 1.0,"var": 0.0},
							"*": {"avg": 0.0,"var": 0.0}
						}
					},
					{
						"type": "item",
						"code": "game:fat",
						"quantityByType": {
							"*-adult-*-caracalcaracal": {"avg": 1,"var": 0.3},
							"*-adult-*-lynxcanadensis": {"avg": 1,"var": 0.3},
							"*-adult-*-lynxlynx": {"avg": 1,"var": 0.3},
							"*-adult-*-lynxpardinus": {"avg": 1,"var": 0.3},
							"*-baby-*": {"avg": 0,"var": 0.3}
						}
					}
				]
			},
			{"code": "breathe" },
			{"code": "multiply",
				"enabledByType": {
					"*-adult-female-*": true,
					"*": false
				},
				"spawnEntityCodesByType": {
				"*-adult-female-*": [ { "code":"felinae:felinae-baby-female-{type}"}, {"code": "felinae:felinae-baby-male-{type}"} ]},
				"requiresNearbyEntityCodeByType": {
					"*-adult-female-*": "felinae:felinae-adult-male-{type}"},
				"requiresNearbyEntityRange": 10,
				"spawnQuantityMin": 1,
				"spawnQuantityMaxByType": {"*-caracalcaracal": 6,"*-lynxcanadensis": 8,"*-lynxlynx": 8,"*-lynxpardinus": 8,"*": 3},
				"pregnancyDaysByType": {"*-caracalcaracal": 14,"*-lynxcanadensis": 12,"*-lynxlynx": 12,"*-lynxpardinus": 12,"*": 28},
				"multiplyCooldownDaysMinByType": {"*": 9},
				"multiplyCooldownDaysMaxByType": {"*": 18},
				"portionsEatenForMultiplyByType": {"*-caracalcaracal": 5,"*-lynxcanadensis": 5,"*-lynxlynx": 5,"*-lynxpardinus": 5,"*": 4}
			},
			{"code": "grow",
					"enabledByType": {
					"*-baby-*": true,
					"*": false
				},
				"hoursToGrowByType": {"*-caracalcaracal": 175,"*-lynxcanadensis": 175,"*-lynxlynx": 175,"*-lynxpardinus": 175,"*": 350},
				"adultEntityCodesByType": {
					"*-baby-male-*": ["felinae:felinae-adult-male-{type}"],
					"*-baby-female-*": ["felinae:felinae-adult-female-{type}"]
				}
			},
			{"code": "emotionstates",
				"states": [
					{"code": "fleeondamage","duration": 60,"chanceByType": {"*-adult-*": 1,"*-baby-*": 1},"slot": 2,"priority": 4,"accumType": "max","whenHealthRelBelow": 0.5},
					{"code": "fleeondamage","duration": 60,"slot": 2,"chanceByType": {"*-adult-*": 0.75,"*-baby-*": 1},"priority": 1,"accumType": "max"},
					{"code": "aggressiveondamage","duration": 300,"chanceByType": {"*-adult-female-*": 0.8,"*-adult-male-*": 0.9,"*-baby-*": 0.0},"slot": 2,"priority": 3,"accumType": "noaccum"},
					{"code": "alarmherdondamage","chance": 1,"slot": 1,"priority": 1.5,"accumType": "max"},
					{"code": "saturated","duration": 2880,"chance": 1,"slot": 0,"priority": 1,"accumType": "sum"},
					{ "code": "aggressivearoundentities", "duration": 15, "chanceByType": {"*-baby-*": 0.0,"*-caracalcaracal": 0.5,"*": 0.0}, "slot": 2, "priority": 1, "entityCodes": ["felinae:felinae-baby-female-{type}","felinae:felinae-baby-male-{type}"], "maxGeneration": 2 }
				]
			},
			{
				"code": "taskai",
				"aiCreatureType": "LandCreature",
				"aitasks": [
					{
						"code": "meleeattack",
						"animation": "Attack",
						"enabledByType": {"*-baby-*": false,"*": true},
						"entityCodesByType": {
							"@.*-(caracalcaracal|lynxcanadensis|lynxlynx|lynxpardinus)": [ "player", "chicken-*", "deer-*","fox-*","goat-*","hare-*", "pig-wild-piglet", "raccoon-*", "anatidae-*","apterygidae-*","aptornithidae-*", "cervidae-*","dinornithidae-*","emeidae-*","manidae-*","megalapterygidae-*","procyonidae-*","rallidae-*","spheniscidae-*","strigopidae-*","suidae-baby-*" ]
						},
						"priority": 1.7,
						"damageByType": {
							"*-adult-*-caracalcaracal":4,
							"*-adult-*-lynxcanadensis":4,
							"*-adult-*-lynxlynx":4,
							"*-adult-*-lynxpardinus":4
						},
						"damageType": "SlashingAttack",
						"damageTierByType": {"*": 1},
						"slot": 1,
						"mincooldown": 1500,
						"maxcooldown": 2500,
						"attackDurationMs": 1250,
						"damagePlayerAtMs": 500,
						"animationSpeed": 1,
						"whenNotInEmotionState": "aggressiveondamage",
						"soundByType": {
							"*-caracalcaracal": "felinae:creature/felinae/caracalcaracalhiss*",
							"*-lynxcanadensis": "felinae:creature/felinae/lynxgrowl*",
							"*-lynxlynx": "felinae:creature/felinae/lynxgrowl*",
							"*-lynxpardinus": "felinae:creature/felinae/lynxgrowl*"
						}
					},
					{
						"code": "meleeattack",
						"animation": "Attack",
						"enabledByType": {"*-baby-*": false,"*": true},
						"entityCodes": ["player", "bear-*","chicken-*", "deer-*","drifter-*", "fox-*", "gazelle-*", "goat-*","hare-*","hyena-*", "moose-*", "pig-*", "raccoon-*",  "sheep-*", "wolf-*","anatidae-*", "antilopinae-*","apterygidae-*","aptornithidae-*", "caninae-*", "caprinae-*","cervidae-*","dinornithidae-*","emeidae-*","hyaenidae-*","machairodontinae-*","manidae-*","megalapterygidae-*","pantherinae-panthera-*","procyonidae-*","rallidae-*","rhinocerotidae-*","spheniscidae-*","strigopidae-*", "suidae-*", "ursidae-*"],
						"priority": 1.9,
						"slot": 1,
						"damageByType": {
							"*-adult-*-caracalcaracal":4,
							"*-adult-*-lynxcanadensis":4,
							"*-adult-*-lynxlynx":4,
							"*-adult-*-lynxpardinus":4
						},
						"knockbackStrengthByType": {"*":0.2},
						"damageTierByType": {"*":1},
						"mincooldown": 1500,
						"maxcooldown": 2500,
						"attackDurationMs": 1250,
						"damagePlayerAtMs": 500,
						"animationSpeed": 1.25,
						"whenInEmotionState": "aggressiveondamage|aggressivearoundentities",
						"soundByType": {
							"*-caracalcaracal": "felinae:creature/felinae/caracalcaracalhiss*",
							"*-lynxcanadensis": "felinae:creature/felinae/lynxgrowl*",
							"*-lynxlynx": "felinae:creature/felinae/lynxgrowl*",
							"*-lynxpardinus": "felinae:creature/felinae/lynxgrowl*"
						}
					},
					{
						"code": "fleeentity",
						"animation": "Run",
						"entityCodesByType": {
							"*": [ "player", "bear-*","bell-*","bowthorn-*","deer-*","drifter-*","goat-*","hyena-*", "moose-*", "pig-*","sheep-*","wolf-*", "antilopinae-adult-*", "caninae-canina-adult-*","caninae-cerdocyonina-adult-*", "caprinae-adult-*","cervidae-*","hyaenidae-adult-*","machairodontinae-adult-*","pantherinae-panthera-adult-*","rhinocerotidae-adult-*", "suidae-adult-*","suidae-elder-*","ursidae-adult-*"  ]
						},
						"priority": 1.53,
						"movespeedByType": {
							"*-adult-*-caracalcaracal": 0.06,"*-baby-*-caracalcaracal": 0.03,
							"*-adult-*-lynxcanadensis": 0.06,"*-baby-*-lynxcanadensis": 0.03,
							"*-adult-*-lynxlynx": 0.06,"*-baby-*-lynxlynx": 0.03,
							"*-adult-*-lynxpardinus": 0.06,"*-baby-*-lynxpardinus": 0.03
						},
						"animationSpeedByType": {
							"*-adult-male-caracalcaracal": 2.7,"*-adult-female-caracalcaracal": 3,"*-baby-*-caracalcaracal": 2.5,
							"*-adult-male-lynxcanadensis": 2.4,"*-adult-female-lynxcanadensis": 2.7,"*-baby-*-lynxcanadensis": 2.0,
							"*-adult-male-lynxlynx": 2.1,"*-adult-female-lynxlynx": 2.25,"*-baby-*-lynxlynx": 2.0,
							"*-adult-male-lynxpardinus": 2.1,"*-adult-female-lynxpardinus": 2.25,"*-baby-*-lynxpardinus": 2.0,
							"*": 1
						},
						"seekingRange": 20,
						"whenInEmotionState": "fleeondamage"

					},
					{
						"code": "fleeentity",
						"animation": "Run",
						"entityCodesByType": {
							"*":["player","bear-*","bell-*","bowthorn-*","drifter-*","hyena-*","locust-*","moose-*","wolf-*","caninae-canina-adult-*","caninae-cerdocyonina-adult-*", "machairodontinae-adult-*","pantherinae-neofelis-adult-*", "pantherinae-panthera-adult-*", "rhinocerotidae-adult-*","ursidae-adult-*"  ]
						},
						"priority": 1.52,
						"movespeedByType": {
							"*-adult-*-caracalcaracal": 0.06,"*-baby-*-caracalcaracal": 0.03,
							"*-adult-*-lynxcanadensis": 0.06,"*-baby-*-lynxcanadensis": 0.03,
							"*-adult-*-lynxlynx": 0.06,"*-baby-*-lynxlynx": 0.03,
							"*-adult-*-lynxpardinus": 0.06,"*-baby-*-lynxpardinus": 0.03
						},
						"animationSpeedByType": {
							"*-adult-male-caracalcaracal": 2.7,"*-adult-female-caracalcaracal": 3,"*-baby-*-caracalcaracal": 2.5,
							"*-adult-male-lynxcanadensis": 2.4,"*-adult-female-lynxcanadensis": 2.7,"*-baby-*-lynxcanadensis": 2.0,
							"*-adult-male-lynxlynx": 2.1,"*-adult-female-lynxlynx": 2.25,"*-baby-*-lynxlynx": 2.0,
							"*-adult-male-lynxpardinus": 2.1,"*-adult-female-lynxpardinus": 2.25,"*-baby-*-lynxpardinus": 2.0,
							"*": 1
						},
						"seekingRange": 10
					},
					{
						"code": "fleeentity",
						"animation": "Walk",
						"entityCodesByType": {
							"*":["bear-*","bell-*","bowthorn-*","drifter-*","hyena-*","locust-*","moose-*","wolf-*","caninae-canina-adult-*","caninae-cerdocyonina-adult-*", "machairodontinae-adult-*","pantherinae-neofelis-adult-*", "pantherinae-panthera-adult-*", "rhinocerotidae-adult-*","ursidae-adult-*"  ]
						},
						"priority": 1.51,
						"movespeedByType": {
							"*-caracalcaracal": 0.0096,
							"*-lynxcanadensis": 0.0096,
							"*-lynxlynx": 0.0096,
							"*-lynxpardinus": 0.0096
						},
						"animationSpeedByType": {
							"*-adult-male-caracalcaracal": 1.8,"*-adult-female-caracalcaracal": 2,"*-baby-*-caracalcaracal": 2.5,
							"*-adult-male-lynxcanadensis": 1.6,"*-adult-female-lynxcanadensis": 1.8,"*-baby-*-lynxcanadensis": 2.0,
							"*-adult-male-lynxlynx": 1.4,"*-adult-female-lynxlynx": 1.5,"*-baby-*-lynxlynx": 2.0,
							"*-adult-male-lynxpardinus": 1.4,"*-adult-female-lynxpardinus": 1.5,"*-baby-*-lynxpardinus": 2.0,
							"*": 1
						},
						"seekingRange": 25
					},
					{
						"code": "seekentity",
						"animation": "Run",
						"enabledByType": {"*-baby-*": false,"*": true},
						"entityCodesByType": {
							"@.*-(caracalcaracal|lynxcanadensis|lynxlynx|lynxpardinus)": [ "chicken-*", "deer-*","fox-*","goat-*","hare-*", "pig-wild-piglet", "raccoon-*", "anatidae-*","apterygidae-*","aptornithidae-*","cervidae-alceini-baby-*","cervidae-capreolini-*", "cervidae-odocoileini-*","dinornithidae-*","emeidae-*","manidae-*","megalapterygidae-*","procyonidae-*","rallidae-*","spheniscidae-*","strigopidae-*","suidae-baby-*" ]
						},
						"priority": 1.5,
						"movespeedByType": {
							"*-adult-*-caracalcaracal": 0.04,
							"*-adult-*-lynxcanadensis": 0.04,
							"*-adult-*-lynxlynx": 0.04,
							"*-adult-*-lynxpardinus": 0.04
						},
						"animationSpeedByType": {
							"*-adult-male-caracalcaracal": 2.7,"*-adult-female-caracalcaracal": 3,
							"*-adult-male-lynxcanadensis": 2.4,"*-adult-female-lynxcanadensis": 2.7,
							"*-adult-male-lynxlynx": 2.1,"*-adult-female-lynxlynx": 2.25,
							"*-adult-male-lynxpardinus": 2.1,"*-adult-female-lynxpardinus": 2.25,
							"*": 1
						},
						"extraTargetDistance": 0.5,
						"seekingRange": 6,
						"belowTempSeekingRange": 40,
						"belowTempThreshold": -10,
						"leapAtTarget": true,
						"leapAnimation": null,
						"leapChance": 0.1,
						"soundByType": {
							"*-caracalcaracal": "felinae:creature/felinae/caracalcaracalhiss*",
							"*-lynxcanadensis": "felinae:creature/felinae/lynxgrowl*",
							"*-lynxlynx": "felinae:creature/felinae/lynxgrowl*",
							"*-lynxpardinus": "felinae:creature/felinae/lynxgrowl*"
						},
						"whenNotInEmotionState": "aggressiveondamage|fleeondamage|saturated"
					},
					{
						"code": "seekentity",
						"animation": "Stalk",
						"enabledByType": {"*-baby-*": false,"*": true},
						"entityCodesByType": {
							"@.*-(caracalcaracal|lynxcanadensis|lynxlynx|lynxpardinus)": [ "chicken-*", "deer-*","fox-*","goat-*","hare-*", "pig-wild-piglet", "raccoon-*", "anatidae-*","apterygidae-*","aptornithidae-*","cervidae-alceini-baby-*","cervidae-capreolini-*", "cervidae-odocoileini-*","dinornithidae-*","emeidae-*","manidae-*","megalapterygidae-*","procyonidae-*","rallidae-*","spheniscidae-*","strigopidae-*","suidae-baby-*" ]
						},
						"priority": 1.49,
						"movespeedByType": {
							"*-adult-*-caracalcaracal": 0.0096,
							"*-adult-*-lynxcanadensis": 0.0096,
							"*-adult-*-lynxlynx": 0.0096,
							"*-adult-*-lynxpardinus": 0.0096
						},
						"animationSpeedByType": {
							"*-adult-male-caracalcaracal": 1.8,"*-adult-female-caracalcaracal": 2,
							"*-adult-male-lynxcanadensis": 1.6,"*-adult-female-lynxcanadensis": 1.8,
							"*-adult-male-lynxlynx": 1.4,"*-adult-female-lynxlynx": 1.5,
							"*-adult-male-lynxpardinus": 1.4,"*-adult-female-lynxpardinus": 1.5,
							"*": 1
						},
						"extraTargetDistance": 0.5,
						"seekingRange": 20,
						"belowTempSeekingRange": 40,
						"belowTempThreshold": -25,
						"whenNotInEmotionState": "aggressiveondamage|fleeondamage|saturated"
					},
					{
						"code": "getoutofwater",
						"animation": "Swim",
						"priority": 1.4,
						"movespeedByType": {
							"*-adult-*": 0.02,"*-baby-*": 0.01
						},
						"animationSpeed": 1.5
					},
					{
						"code": "seekentity",
						"animation": "Run",
						"enabledByType": {"*-baby-*": false,"*": true},
						"entityCodes": [ "player" ],
						"priority": 1.51,
						"movespeedByType": {
							"*-adult-*-caracalcaracal": 0.04,
							"*-adult-*-lynxcanadensis": 0.04,
							"*-adult-*-lynxlynx": 0.04,
							"*-adult-*-lynxpardinus": 0.04
						},
						"animationSpeedByType": {
							"*-adult-male-caracalcaracal": 2.7,"*-adult-female-caracalcaracal": 3,
							"*-adult-male-lynxcanadensis": 2.4,"*-adult-female-lynxcanadensis": 2.7,
							"*-adult-male-lynxlynx": 2.1,"*-adult-female-lynxlynx": 2.25,
							"*-adult-male-lynxpardinus": 2.1,"*-adult-female-lynxpardinus": 2.25,
							"*": 1
						},
						"seekingRange": 30,
						"leapAtTarget": true,
						"leapAnimation": null,
						"leapChance": 0.1,
						"soundByType": {
							"*-caracalcaracal": "felinae:creature/felinae/caracalcaracalhiss*",
							"*-lynxcanadensis": "felinae:creature/felinae/lynxgrowl*",
							"*-lynxlynx": "felinae:creature/felinae/lynxgrowl*",
							"*-lynxpardinus": "felinae:creature/felinae/lynxgrowl*"
						},
						"whenInEmotionState": "aggressiveondamage"
					},
					{
						"code": "stayclosetoentity",
						"animation": "Walk",
						"enabledByType": {"*": true},
						"priority": 1.81,
						"entityCodeByType": {
							"*-adult-female-*": "felinae-baby-female-{type}",
							"*-baby-*": "felinae-adult-female-{type}"},
						"movespeedByType": {
							"*-adult-*-caracalcaracal": 0.0036,"*-baby-*-caracalcaracal": 0.004,
							"*-adult-*-lynxcanadensis": 0.0036,"*-baby-*-lynxcanadensis": 0.004,
							"*-adult-*-lynxlynx": 0.0036,"*-baby-*-lynxlynx": 0.004,
							"*-adult-*-lynxpardinus": 0.0036,"*-baby-*-lynxpardinus": 0.004
						},
						"animationSpeedByType": {
							"*-adult-male-caracalcaracal": 0.9,"*-adult-female-caracalcaracal": 1,"*-baby-*-caracalcaracal": 1.25,
							"*-adult-male-lynxcanadensis": 0.8,"*-adult-female-lynxcanadensis": 0.9,"*-baby-*-lynxcanadensis": 1.15,
							"*-adult-male-lynxlynx": 0.7,"*-adult-female-lynxlynx": 0.75,"*-baby-*-lynxlynx": 1.15,
							"*-adult-male-lynxpardinus": 0.7,"*-adult-female-lynxpardinus": 0.75,"*-baby-*-lynxpardinus": 1.15,
							"*": 1
						},
						"maxDistanceByType": {"*-baby-*": 5,"*": 10},
						"searchRange": 15
					},
					{
						"code": "idle",
						"animation": "Sit",
						"priority": 1.2,
						"minduration": 6000,
						"maxduration": 24000,
						"mincooldown": 48000,
						"maxcooldown": 96000,
						"chanceByType": {"*":0.7},
						"priorityForCancel": 1.28,
						"stopOnNearbyEntityCodes": [  "player","bear-*","bell-*","drifter-*","hyena-*","locust-*", "wolf-*", "caninae-canina-adult-*","caninae-cerdocyonina-adult-*", "machairodontinae-adult-*","pantherinae-neofelis-adult-*", "pantherinae-panthera-adult-*"  ],
						"stopRange": 10,
						"animationSpeedByType": {"*-baby-*": 0.6,"*": 0.5},
						"stopOnHurt": true,
						"whenNotInEmotionState": "aggressiveondamage|fleeondamage"
					},
					{
						"code": "idle",
						"animation": "Lie",
						"priority": 1.2,
						"minduration": 6000,
						"maxduration": 24000,
						"mincooldown": 48000,
						"maxcooldown": 96000,
						"chanceByType": {"*":0.5},
						"priorityForCancel": 1.28,
						"stopOnNearbyEntityCodes": [  "player","bear-*","bell-*","drifter-*","hyena-*","locust-*", "wolf-*", "caninae-canina-adult-*","caninae-cerdocyonina-adult-*", "machairodontinae-adult-*","pantherinae-neofelis-adult-*", "pantherinae-panthera-adult-*"  ],
						"stopRange": 10,
						"animationSpeedByType": {"*-baby-*": 0.6,"*": 0.5},
						"stopOnHurt": true,
						"whenNotInEmotionState": "aggressiveondamage|fleeondamage"
					},
					{
						"code": "idle",
						"animation": "Loaf",
						"priority": 1.2,
						"minduration": 6000,
						"maxduration": 24000,
						"mincooldown": 48000,
						"maxcooldown": 96000,
						"chanceByType": {"*":0.2},
						"priorityForCancel": 1.28,
						"stopOnNearbyEntityCodes": [  "player","bear-*","bell-*","drifter-*","hyena-*","locust-*", "wolf-*", "caninae-canina-adult-*","caninae-cerdocyonina-adult-*", "machairodontinae-adult-*","pantherinae-neofelis-adult-*", "pantherinae-panthera-adult-*"  ],
						"stopRange": 10,
						"animationSpeedByType": {"*-baby-*": 0.6,"*": 0.5},
						"stopOnHurt": true,
						"whenNotInEmotionState": "aggressiveondamage|fleeondamage"
					},
					{
						"code": "idle",
						"animation": "Lick",
						"priority": 1.2,
						"minduration": 6000,
						"maxduration": 24000,
						"mincooldown": 48000,
						"maxcooldown": 96000,
						"chanceByType": {"*":0.1},
						"priorityForCancel": 1.28,
						"stopOnNearbyEntityCodes": [  "player","bear-*","bell-*","drifter-*","hyena-*","locust-*", "wolf-*", "caninae-canina-adult-*","caninae-cerdocyonina-adult-*", "machairodontinae-adult-*","pantherinae-neofelis-adult-*", "pantherinae-panthera-adult-*"  ],
						"stopRange": 10,
						"animationSpeedByType": {"*-baby-*": 0.6,"*": 0.5},
						"stopOnHurt": true,
						"whenNotInEmotionState": "aggressiveondamage|fleeondamage"
					},
					{
						"code": "idle",
						"animation": "Sleep",
						"priority": 1.25,
						"minduration": 200000,
						"maxduration": 800000,
						"mincooldown": 1000,
						"maxcooldown": 3000,
						"chanceByType": {"*":0.5},
						"animationSpeed": 0.3,
						"whenNotInEmotionState": "aggressiveondamage|fleeondamage",
						"duringDayTimeFramesByType": {
							"*-caracalcaracal":[{"fromHour": 8,"toHour": 20},{"fromHour": 0,"toHour": 3}],
							"*-lynxcanadensis":[{"fromHour": 8,"toHour": 18},{"fromHour": 0,"toHour": 2}],
							"*-lynxlynx":[{"fromHour": 8,"toHour": 18},{"fromHour": 0,"toHour": 2}],
							"*-lynxpardinus":[{"fromHour": 8,"toHour": 18},{"fromHour": 0,"toHour": 2}],
							"*":[{"fromHour": 7,"toHour": 16}]},
						"stopOnNearbyEntityCodes": [ "player" ],
						"stopRange": 1,
						"stopOnHurt": true
					},
					{
						"code": "seekfoodandeat",
						"animation": "Walk",
						"eatAnimation": "Eat",
						"movespeedByType": {
							"*-adult-*-caracalcaracal": 0.0036,"*-baby-*-caracalcaracal": 0.004,
							"*-adult-*-lynxcanadensis": 0.0036,"*-baby-*-lynxcanadensis": 0.004,
							"*-adult-*-lynxlynx": 0.0036,"*-baby-*-lynxlynx": 0.004,
							"*-adult-*-lynxpardinus": 0.0036,"*-baby-*-lynxpardinus": 0.004
						},
						"animationSpeedByType": {
							"*-adult-male-caracalcaracal": 0.9,"*-adult-female-caracalcaracal": 1,"*-baby-*-caracalcaracal": 1.25,
							"*-adult-male-lynxcanadensis": 0.8,"*-adult-female-lynxcanadensis": 0.9,"*-baby-*-lynxcanadensis": 1.15,
							"*-adult-male-lynxlynx": 0.7,"*-adult-female-lynxlynx": 0.75,"*-baby-*-lynxlynx": 1.15,
							"*-adult-male-lynxpardinus": 0.7,"*-adult-female-lynxpardinus": 0.75,"*-baby-*-lynxpardinus": 1.15,
							"*": 1
						},
						"priority": 1.24,
						"eatSoundByType": {"*":"game:creature/animal-eat-small"},
						"eatTime": 1.5,
						"eatLooseItems": true,
						"mincooldownHours": 1,
						"maxcooldownHours": 4,
						"whenNotInEmotionState": "aggressiveondamage|fleeondamage"
					},
					{
						"code": "idle",
						"animation": "Yawn",
						"priority": 1.0,
						"priorityForCancel": 1.35,
						"minduration": 4667,
						"maxduration": 4667,
						"chanceByType": {"*":0.2},
						"mincooldown": 8000,
						"maxcooldown": 50000,
						"animationSpeed": 0.2,
						"whenNotInEmotionState": "aggressiveondamage|fleeondamage"
					},
					{
						"code": "idle",
						"animation": "Roar",
						"priority": 1.0,
						"priorityForCancel": 1.35,
						"minduration": 4667,
						"maxduration": 4667,
						"chanceByType": {"*":0.2},
						"mincooldown": 8000,
						"maxcooldown": 50000,
						"animationSpeedByType": {
							"*-caracalcaracal": 0.5,
							"*-lynxcanadensis": 2,
							"*-lynxlynx": 2,
							"*-lynxpardinus": 2,
							"*": 1
						},
						"whenNotInEmotionState": "aggressiveondamage|fleeondamage",
						"SoundByType": {
							"*adult-*-caracalcaracal": "felinae:creature/felinae/caracalcall*","*baby-*-caracalcaracal": "felinae:creature/felinae/caracalbabycall*",
							"*adult-*-lynxcanadensis": "felinae:creature/felinae/lynxcall*","*baby-*-lynxcanadensis": "felinae:creature/felinae/lynxbabycall*",
							"*adult-*-lynxlynx": "felinae:creature/felinae/lynxcall*","*baby-*-lynxlynx": "felinae:creature/felinae/lynxbabycall*",
							"*adult-*-lynxpardinus": "felinae:creature/felinae/lynxcall*","*baby-*-lynxpardinus": "felinae:creature/felinae/lynxbabycall*"
						},
						"soundRangeByType": {
							"*-baby-*": 24,
							"*-caracalcaracal": 60,
							"*": 120
						}
					},
					{
						"code": "wander",
						"animation": "Walk",
						"priority": 1.0,
						"priorityForCancel": 1.35,
						"movespeedByType": {
							"*-adult-*-caracalcaracal": 0.0036,"*-baby-*-caracalcaracal": 0.004,
							"*-adult-*-lynxcanadensis": 0.0036,"*-baby-*-lynxcanadensis": 0.004,
							"*-adult-*-lynxlynx": 0.0036,"*-baby-*-lynxlynx": 0.004,
							"*-adult-*-lynxpardinus": 0.0036,"*-baby-*-lynxpardinus": 0.004
						},
						"animationSpeedByType": {
							"*-adult-male-caracalcaracal": 0.9,"*-adult-female-caracalcaracal": 1,"*-baby-*-caracalcaracal": 1.25,
							"*-adult-male-lynxcanadensis": 0.8,"*-adult-female-lynxcanadensis": 0.9,"*-baby-*-lynxcanadensis": 1.15,
							"*-adult-male-lynxlynx": 0.7,"*-adult-female-lynxlynx": 0.75,"*-baby-*-lynxlynx": 1.15,
							"*-adult-male-lynxpardinus": 0.7,"*-adult-female-lynxpardinus": 0.75,"*-baby-*-lynxpardinus": 1.15,
							"*": 1
						},
						"preferredLightLevel": 6,
						"whenNotInEmotionState": "aggressiveondamage|fleeondamage"
					},
					{
						"code": "lookaround",
						"priority": 0.5,
						"animationSpeed": 0.75,
						"whenNotInEmotionState": "aggressiveondamage|fleeondamage"
					}
				]
			},
			{"code": "ropetieable","minGeneration": 2},
			{"code": "pettable","minGeneration": 1}
		],
		"spawnconditions": {
			"runtime": {
				"group": "neutral",
				"tryOnlySurface": true,
				"maxQuantityByGroup": { "code": "felinae-*", "maxQuantity": 1 },
				"chanceByType": {
					"*-adult-female-caracalcaracal": 0.0001,"*-adult-male-caracalcaracal": 0.0001,
					"*-adult-female-lynxcanadensis": 0.0001,"*-adult-male-lynxcanadensis": 0.0001,
					"*-adult-female-lynxlynx": 0.0001,"*-adult-male-lynxlynx": 0.0001,
					"*-adult-female-lynxpardinus": 0.0001,"*-adult-male-lynxpardinus": 0.0001,
					"*": 0.0
				},
				"mindistancetoplayer": 50,
				"maxLightLevel": 7,
				"lightLevelType": "onlyBlockLight",	
				"spawnCapPlayerScaling": 0.0,	
				"groupSizeByType": {
					"felinae-adult-female-caracalcaracal": { "dist": "uniform", "avg": 2.0, "var": 1.0 },
					"felinae-adult-female-*": { "dist": "uniform", "avg": 3.0, "var": 2.0 },
					"felinae-adult-male-*": { "dist": "uniform", "avg": 1.0, "var": 0.0 }
				},
				"insideBlockCodes": [ "game:air", "game:gravel-*","game:leaves-*", "game:sand-*", "game:snow-*","game:soil-*","game:tallgrass-*" ],
				"companionsByType": {
				"*-adult-female-*":["felinae:felinae-baby-female-{type}","felinae:felinae-baby-male-{type}"],
				"*-adult-male-*":["felinae:felinae-adult-female-{type}"]}
			}
		},
		"spawnconditionsByType": {
			"felinae-adult-*-caracalcaracal": {
				"climate": {
					"minTemp": 15,
					"maxTemp": 35,
					"minRain": 0.05,
					"maxRain": 0.75,
					"minForestOrShrubs": 0.25,
					"maxForest": 1.0,
					"maxShrubs": 1.0,
					"minY": 1.0,
					"maxY": 1.7				
				}
			},
			"felinae-adult-*-lynxcanadensis": {
				"climate": {
					"minTemp": -15,
					"maxTemp": 7,
					"minRain": 0.1,
					"maxRain": 1.0,
					"minForestOrShrubs": 0.25,
					"maxForest": 1.0,
					"maxShrubs": 1.0,
					"minY": 1.0,
					"maxY": 1.8				
				}
			},
			"felinae-adult-*-lynxlynx": {
				"climate": {
					"minTemp": -23,
					"maxTemp": 12,
					"minRain": 0.05,
					"maxRain": 1.0,
					"minForestOrShrubs": 0.25,
					"maxForest": 1.0,
					"maxShrubs": 1.0,
					"minY": 1.0,
					"maxY": 1.8				
				}
			},
			"felinae-adult-*-lynxpardinus": {
				"climate": {
					"minTemp": 10,
					"maxTemp": 16,
					"minRain": 0.35,
					"maxRain": 0.8,
					"minForestOrShrubs": 0.25,
					"maxForest": 1.0,
					"maxShrubs": 1.0,
					"minY": 1.0,
					"maxY": 1.6				
				}
			}
		}
	},
	"soundsByType": {
		"*-adult-*-caracalcaracal":{"hurt": "creature/felinae/caracalhiss*","death": "creature/felinae/caracalhiss*","idle": "creature/felinae/caracalcall*"},
		"*-baby-*-caracalcaracal":{"hurt": "creature/felinae/caracalbabychirp1","death": "creature/felinae/caracalbabychirp2","idle": "creature/felinae/caracalbabychirp*"},
		"*-adult-*-lynxcanadensis":{"hurt": "creature/felinae/lynxgrowl*","death": "creature/felinae/lynxgrowl*"},
		"*-baby-*-lynxcanadensis":{"hurt": "creature/felinae/lynxbabycall*","death": "creature/felinae/lynxbabycall*"},
		"*-adult-*-lynxlynx":{"hurt": "creature/felinae/lynxgrowl*","death": "creature/felinae/lynxgrowl*"},
		"*-baby-*-lynxlynx":{"hurt": "creature/felinae/lynxbabycall*","death": "creature/felinae/lynxbabycall*"},
		"*-adult-*-lynxpardinus":{"hurt": "creature/felinae/lynxgrowl*","death": "creature/felinae/lynxgrowl*"},
		"*-baby-*-lynxpardinus":{"hurt": "creature/felinae/lynxbabycall*","death": "creature/felinae/lynxbabycall*"}
	},
	"idleSoundRangeByType": {
		"*-adult-*": 36,
		"*-baby-*":12
	},
	"idleSoundChanceByType": {
		"*-adult-*":0.05,
		"*-baby-*":0.1
	}
}