{
	code: "saucepan",
	classByType: {
		"*-burned": "BlockSaucepan",
		"*-raw": "Block"
	},
	behaviorsByType: {
		"*-raw": [
			{
				name: "UnstableFalling"
			},
			{
				name: "RightClickPickup"
			},
			{
				name: "Unplaceable"
			},
			{
				name: "GroundStorable",
				"properties": {
					"layout": "SingleCenter"
				}
			}
		],
		"*": [
			{
				name: "UnstableFalling"
			},
			{
				name: "RightClickPickup"
			}
		],
	},
	entityClassByType: {
		"*-burned": "Saucepan"
	},
	attributesByType: {
		"saucepan-burned": {
			"lidSound": "game:sounds/block/planks",
			canSeal: true,
			lidPerishRate: 0.9,
			"maxTemperature": 400,
			storageType: 1,
			maxFillLevel: 2,
			maxContainerSlotStackSize: 4,
			cookingSlotCapacityLitres: 4,
			cookingContainerSlots: 4,
			"liquidContainerProps": {
				"capacityLitres": 5,
				"transferSizeLitres": 0.5,
			},
			canhold: [
				"water-*"
			],
			inFirePitProps: {
				transform: {
					translation: {
						x: 0,
						y: 0.2,
						z: 0
					}
				},
				useFirepitModel: "Wide"
			},
			meathookable: true,
			meatHookTransform: {
  				translation: { x: 0.0, y: 0.31, z: 0.1 },
  				rotation: { x: -90, y: 90, z: 0 },
  				origin: { x: 0.5, y: 0, z: 0.5 },
  				scale: 0.8
			},
			shelvable: true,
			"onDisplayTransform": {
				"translation": { "x": 0, "y": -0.1, "z": 0 },
				"scale": 0.7
			},
		},
		"*-raw": {
			maxTemperature: 600,
			inFirePitProps: {
				transform: {
					translation: {
						x: 0,
						y: 0.2,
						z: 0
					}
				},
				useFirepitModel: "Wide"
			}
		},
	},
	variantgroups: [
		{
			code: "type",
			states: [
				"raw",
				"burned"
			]
		}
	],
	creativeinventory: {
		general: ["*"],
		decorative: ["*"],
		"aculinaryartillery": ["*"]
	},
	shape: {
		base: "block/saucepan/empty"
	},
	sidesolid: {
		all: false
	},
	sideopaque: {
		all: false
	},
	blockmaterial: "Ceramic",
	heldTpIdleAnimation: "holdbothhandsmedium", heldTpUseAnimation: "twohandplaceblock", 
	texturesbyType: {
		"*-raw": {
			all: {
				base: "game:block/clay/blueclay"
			}
		},
		"*": {
			"ceramic": {
				base: "game:block/clay/ceramic"
			},
			"burned": {
				base: "game:block/clay/vessel/sides/burned"
			},
			"ceramic-dark": {
				base: "game:block/clay/ceramic-dark"
			},
		},
	},
	combustiblePropsByType: {
		"saucepan-raw": {
			meltingPoint: 600,
			meltingDuration: 450,
			smeltedRatio: 1,
			smeltingType: "fire",
			smeltedStack: {
				type: "block",
				code: "saucepan-burned"
			},
			requiresContainer: false
		}
	},
	replaceable: 500,
	resistance: 1.5,
	liquidSelectable: 1,
	lightAbsorption: 0,
	sounds: {
		"place": "game:block/planks",
		"hit": "game:block/planks",
		"break": "game:block/planks",
		"walk": "game:walk/wood"
	},
	collisionbox: {
		x1: 0,
		y1: 0,
		z1: 0,
		x2: 1,
		y2: 0.25,
		z2: 1
	},
	selectionbox: {
		x1: 0,
		y1: 0,
		z1: 0,
		x2: 1,
		y2: 0.25,
		z2: 1
	},
	materialDensity: 400,
	tpHandTransform: {
		translation: { x: -1.125, y: -0.55, z: -0.33 },
		rotation: { x: 100, y: -25, z: -107 },
		scale: 0.8
	},
	guiTransform: {
		origin: {
			x: 0.5,
			y: 0.15,
			z: 0.5
		},
		scale: 3
	},
	fpHandTransform: {
		scale: 2
	},
	groundTransform: {
		origin: {
			x: 0.5,
			y: 0,
			z: 0.5
		},
		scale: 3
	}
}
