{
	"code": "pelt",
		"behaviors": [
		{ "name": "GroundStorable", "properties": { "layout": "SingleCenter"}}
	],
  "variantgroups": [
    {"code": "type","states": [ "baby","female","male" ]},
    {"code": "tribe","states": [ "alceini", "capreolini", "odocoileini" ]},
    {"code": "genus","states": [ "alces","capreolus","hydropotes","blastocerus","hippocamelus","mazama","odocoileus","ozotoceros","pudu","rangifer" ]},
    {"code": "species","states": [ "alces","capreolus","pygargus","inermis","dichotomus","antisensis","bisulcus","americana","chunyi","gouazoubira","nana","nemorivaga","rufina","temama","tienhoveni","hemionus","pandora","virginianus","bezoarticus","mephistophiles","puda","tarandus" ]}
  ],
	"allowedVariants": [
		"*-alceini-alces-alces",
		"*-capreolini-capreolus-capreolus",
		"*-capreolini-capreolus-pygargus",
		"*-capreolini-hydropotes-inermis",
		"*-odocoileini-blastocerus-dichotomus",
		"*-odocoileini-hippocamelus-antisensis",
		"*-odocoileini-hippocamelus-bisulcus",
		"*-odocoileini-mazama-americana",
		"*-odocoileini-mazama-chunyi",
		"*-odocoileini-mazama-gouazoubira",
		"*-odocoileini-mazama-nana",
		"*-odocoileini-mazama-nemorivaga",
		"*-odocoileini-mazama-rufina",
		"*-odocoileini-mazama-temama",
		"*-odocoileini-mazama-tienhoveni",
		"*-odocoileini-odocoileus-hemionus",
		"*-odocoileini-odocoileus-pandora",
		"*-odocoileini-odocoileus-virginianus",
		"*-odocoileini-ozotoceros-bezoarticus",
		"*-odocoileini-pudu-mephistophiles",
		"*-odocoileini-pudu-puda",
		"*-odocoileini-rangifer-tarandus"
	],
	  "transitionablePropsByType": {
    "*pudu-mephistophiles-*": [
      {
        "type": "Cure",
        "freshHours": { "avg": 0.001 },
        "spoilHours": { "avg": 0.001 },
        "transitionedStack": {
          "type": "item",
          "code": "pelt-{tribe}-{type}-pudellamephistophiles"
        },
        "transitionRatio": 1
      }],
    "*": [
      {
        "type": "Cure",
        "freshHours": { "avg": 0.001 },
        "spoilHours": { "avg": 0.001 },
        "transitionedStack": {
          "type": "item",
          "code": "pelt-{tribe}-{type}-{genus}{species}"
        },
        "transitionRatio": 1
      }
    ]
  },
	"maxstacksize": 64,
	"attributes": {
		"displaycaseable": false, 
		"shelvable": false,
		"onDisplayTransform": {
			"translation": { "x": 0, "y": -0.05, "z": 0.0 },
			"rotation": { "x": 0, "y": -45, "z": 0 },
			"origin": { "x": 0.5, "y": 0.5, "z": 0.5 },
			"scale": 1.0
		},
		"groundStorageTransform": {
			"translation": { "x": 0, "y": 0.0, "z": -0.0 },
			"rotation": { "x": 0, "y": 90, "z": 0 },
			"scale": 1.00
		}
	},
  "sounds": {
    "walk": "game:walk/cloth"
  },
	"materialDensity": 500,
	"heldTpHitAnimation": "breaktool",
	"fpHandTransform": {
		"translation": { "x": 0, "y": -0.5, "z": -1.5 },
		"rotation": { "x": 180, "y": 0, "z": 90 },
		"scale": 1
	},
	"guiTransformByType": {
    "*-alces-*": {"translation": {"x": 0,"y": 1,"z": 0},"rotation": {"x": 0,"y": 145,"z": 90},"origin": {"x": 0.5,"y": 0.1,"z": 0.5},"scale": 0.8},
    "*-dichotomus-*": {"translation": {"x": 0,"y": 1,"z": 0},"rotation": {"x": 0,"y": 145,"z": 90},"origin": {"x": 0.5,"y": 0.1,"z": 0.5},"scale": 1.0},
    "*-hemionus-*": {"translation": {"x": 0,"y": 1,"z": 0},"rotation": {"x": 0,"y": 145,"z": 90},"origin": {"x": 0.5,"y": 0.1,"z": 0.5},"scale": 1.2},
    "*-virginianus-*": {"translation": {"x": 0,"y": 1,"z": 0},"rotation": {"x": 0,"y": 145,"z": 90},"origin": {"x": 0.5,"y": 0.1,"z": 0.5},"scale": 1.0},
    "*-rangifer-*": {"translation": {"x": 0,"y": 1,"z": 0},"rotation": {"x": 0,"y": 145,"z": 90},"origin": {"x": 0.5,"y": 0.1,"z": 0.5},"scale": 1.0},
    "*-capreolini-*": {"translation": {"x": 0,"y": 1,"z": 0},"rotation": {"x": 0,"y": 145,"z": 90},"origin": {"x": 0.5,"y": 0.1,"z": 0.5},"scale": 1.9},
    "*-hippocamelus-*": {"translation": {"x": 0,"y": 1,"z": 0},"rotation": {"x": 0,"y": 145,"z": 90},"origin": {"x": 0.5,"y": 0.1,"z": 0.5},"scale": 1.9},
    "*-ozotoceros-*": {"translation": {"x": 0,"y": 1,"z": 0},"rotation": {"x": 0,"y": 145,"z": 90},"origin": {"x": 0.5,"y": 0.1,"z": 0.5},"scale": 1.9},
    "*": {"translation": {"x": 0,"y": 1,"z": 0},"rotation": {"x": 0,"y": 145,"z": 90},"origin": {"x": 0.5,"y": 0.1,"z": 0.5},"scale": 2.7}
	},
	"tpHandTransform": {
		"translation": { "x": -0.55, "y": -0.10, "z": -0.45},
		"rotation": { "x": -90, "y": 90, "z": 0 },
		"origin": { "x": 0.5, "y": 0.0, "z": 0.5 },
		"scale": 1.0
	},

		"groundTransform": {
		"translation": { "x": 0, "y": 0, "z": 0 },
		"rotation": { "x": 0, "y": 0, "z": 0 },
		"origin": { "x": 0.5, "y": 0.0, "z": 0.5299 },
		"scale": 1
	}
	

}