{
	"editor": {
		"allAngles": true,
		"entityTextureMode": true
	},
	"textureWidth": 64,
	"textureHeight": 96,
	"textureSizes": {
		"bottom": [16,16],
		"skin": [64,96]
	},
	"textures": {
	},
	"elements": [
		{
			"name": "Rotation Point",
			"from": [ 0.0, 16.0, 0.0 ],
			"to": [ 0.0, 16.0, 0.0 ],
			"uv": [ 0.0, 0.0 ],
			"rotationOrigin": [ 0.0, 16.0, 0.0 ],
			"rotationZ": -90.0,
			"faces": {
			},
			"children": [
				{
					"name": "Base",
					"from": [ 0.0, 0.0, 8.0 ],
					"to": [ 0.0, 0.0, 8.0 ],
					"uv": [ 0.0, 0.0 ],
					"rotationOrigin": [ 0.0, 0.0, 8.0 ],
					"faces": {
					},
					"children": [
						{
							"name": "PeltBody",
							"from": [ 3.51, 0.0, -2.8958 ],
							"to": [ 10.0913, 0.3686, 2.8958 ],
							"unwrapMode": 5,
							"autoUnwrap": false,
							"uv": [ 0.0, 9.0 ],
							"rotationOrigin": [ 3.51, 0.0, -2.8958 ],
							"faces": {
								"north": { "texture": "#skin", "uv": [ 16.0, 46.5, 16.5, 54.0 ], "rotation": 90, "autoUv": false, "windMode": [-1,-1,-1,-1] },
								"east": { "texture": "#skin", "uv": [ 2.0, 68.5, 8.5, 69.0 ], "autoUv": false, "windMode": [-1,-1,-1,-1] },
								"south": { "texture": "#skin", "uv": [ 9.0, 46.5, 9.5, 54.0 ], "rotation": 90, "autoUv": false, "windMode": [-1,-1,-1,-1] },
								"west": { "texture": "#skin", "uv": [ 9.5, 46.0, 16.0, 46.5 ], "autoUv": false, "windMode": [-1,-1,-1,-1] },
								"up": { "texture": "#skin", "uv": [ 9.5, 46.5, 16.0, 54.0 ], "rotation": 270, "autoUv": false, "windMode": [-1,-1,-1,-1] },
								"down": { "texture": "#bottom", "uv": [ 5.0, 8.5, 12.5, 15.0 ], "autoUv": false, "windMode": [-1,-1,-1,-1] }
							},
							"children": [
								{
									"name": "LBody",
									"from": [ 0.0, 0.0088, 5.4405 ],
									"to": [ 6.5813, 0.3598, 11.1443 ],
									"unwrapMode": 5,
									"autoUnwrap": false,
									"uv": [ 0.0, 2.5 ],
									"rotationOrigin": [ 0.0, -0.0088, 5.4405 ],
									"rotationY": -3.0,
									"faces": {
										"east": { "texture": "#skin", "uv": [ 2.0, 69.0, 2.5, 75.5 ], "rotation": 270, "autoUv": false, "windMode": [-1,-1,-1,-1] },
										"south": { "texture": "#skin", "uv": [ 2.0, 46.5, 2.5, 54.0 ], "rotation": 270, "autoUv": false, "windMode": [-1,-1,-1,-1] },
										"west": { "texture": "#skin", "uv": [ 9.5, 39.5, 10.0, 46.0 ], "rotation": 90, "autoUv": false, "windMode": [-1,-1,-1,-1] },
										"up": { "texture": "#skin", "uv": [ 2.5, 46.5, 9.0, 54.0 ], "rotation": 270, "autoUv": false, "windMode": [-1,-1,-1,-1] },
										"down": { "texture": "#bottom", "uv": [ 4.5, 2.0, 12.0, 8.5 ], "autoUv": false }
									},
									"children": [
										{
											"name": "LArm",
											"from": [ 0.0, 0.0088, 3.9488 ],
											"to": [ 2.6325, 0.3422, 9.2138 ],
											"unwrapMode": 5,
											"autoUnwrap": false,
											"uv": [ 1.0, 27.0 ],
											"rotationOrigin": [ 0.0, 0.0088, 3.9488 ],
											"rotationY": -30.0,
											"faces": {
												"east": { "texture": "#skin", "uv": [ 37.5, 15.0, 38.0, 21.0 ], "rotation": 90, "autoUv": false, "windMode": [-1,-1,-1,-1] },
												"south": { "texture": "#skin", "uv": [ 34.5, 21.0, 37.5, 21.5 ], "autoUv": false, "windMode": [-1,-1,-1,-1] },
												"west": { "texture": "#skin", "uv": [ 34.0, 15.0, 34.5, 21.0 ], "rotation": 270, "autoUv": false, "windMode": [-1,-1,-1,-1] },
												"up": { "texture": "#skin", "uv": [ 34.5, 15.0, 37.5, 21.0 ], "autoUv": false, "windMode": [-1,-1,-1,-1] },
												"down": { "texture": "#bottom", "uv": [ 2.0, 11.0, 5.0, 17.0 ], "autoUv": false, "windMode": [-1,-1,-1,-1] }
											},
											"children": [
												{
													"name": "LArmLower",
													"from": [ 2.6325, 0.0088, 0.0 ],
													"to": [ 3.51, 0.3247, 5.265 ],
													"unwrapMode": 5,
													"autoUnwrap": false,
													"uv": [ 3.0, 27.0 ],
													"rotationOrigin": [ 3.51, 0.0088, 0.0 ],
													"rotationY": -10.0,
													"faces": {
														"east": { "texture": "#skin", "uv": [ 39.0, 15.0, 39.5, 21.0 ], "rotation": 90, "autoUv": false },
														"south": { "texture": "#skin", "uv": [ 37.0, 21.0, 38.0, 21.5 ], "autoUv": false, "windMode": [-1,-1,-1,-1] },
														"up": { "texture": "#skin", "uv": [ 38.0, 15.0, 39.0, 21.0 ], "autoUv": false, "windMode": [-1,-1,-1,-1] },
														"down": { "texture": "#bottom", "uv": [ 1.5, 9.0, 2.5, 15.0 ], "autoUv": false, "windMode": [-1,-1,-1,-1] }
													}
												}
											]
										}
									]
								},
								{
									"name": "RBody",
									"from": [ 0.0, -0.3598, 0.351 ],
									"to": [ 6.5813, -0.0088, 6.0548 ],
									"unwrapMode": 6,
									"autoUnwrap": false,
									"uv": [ 0.0, 9.0 ],
									"rotationOrigin": [ 0.0, 0.0, 0.351 ],
									"rotationX": 180.0,
									"rotationY": -3.0,
									"faces": {
										"east": { "texture": "#skin", "uv": [ 8.0, 69.0, 8.5, 75.5 ], "rotation": 90, "autoUv": false },
										"south": { "texture": "#skin", "uv": [ 23.0, 46.5, 23.5, 54.0 ], "rotation": 270, "autoUv": false, "windMode": [-1,-1,-1,-1] },
										"west": { "texture": "#skin", "uv": [ 15.5, 39.5, 16.0, 46.0 ], "rotation": 270, "autoUv": false, "windMode": [-1,-1,-1,-1] },
										"up": { "texture": "#bottom", "uv": [ 7.0, 6.0, 14.5, 12.5 ], "autoUv": false, "windMode": [-1,-1,-1,-1] },
										"down": { "texture": "#skin", "uv": [ 16.5, 46.5, 23.0, 54.0 ], "rotation": 90, "autoUv": false, "windMode": [-1,-1,-1,-1] }
									},
									"children": [
										{
											"name": "RArm",
											"from": [ 0.0, 0.0088, 3.9488 ],
											"to": [ 2.6325, 0.3422, 9.2138 ],
											"unwrapMode": 6,
											"autoUnwrap": false,
											"uv": [ 2.5, 14.0 ],
											"rotationOrigin": [ 0.0, 0.3422, 3.9488 ],
											"rotationY": -30.0,
											"faces": {
												"east": { "texture": "#skin", "uv": [ 53.5, 15.0, 54.0, 21.0 ], "rotation": 90, "autoUv": false },
												"south": { "texture": "#skin", "uv": [ 50.5, 21.0, 53.5, 21.5 ], "rotation": 180, "autoUv": false, "windMode": [-1,-1,-1,-1] },
												"west": { "texture": "#skin", "uv": [ 50.0, 15.0, 50.5, 21.0 ], "rotation": 270, "autoUv": false, "windMode": [-1,-1,-1,-1] },
												"up": { "texture": "#bottom", "uv": [ 4.5, 14.0, 7.5, 20.0 ], "autoUv": false, "windMode": [-1,-1,-1,-1] },
												"down": { "texture": "#skin", "uv": [ 50.5, 15.0, 53.5, 21.0 ], "autoUv": false, "windMode": [-1,-1,-1,-1] }
											},
											"children": [
												{
													"name": "RArmLower",
													"from": [ 2.6325, 0.0088, 0.0 ],
													"to": [ 3.51, 0.3247, 5.265 ],
													"unwrapMode": 5,
													"autoUnwrap": false,
													"uv": [ 4.5, 6.5 ],
													"rotationOrigin": [ 3.51, 0.3247, 0.0 ],
													"rotationY": -10.0,
													"faces": {
														"east": { "texture": "#skin", "uv": [ 48.5, 15.0, 49.0, 21.0 ], "rotation": 90, "autoUv": false, "windMode": [-1,-1,-1,-1] },
														"south": { "texture": "#skin", "uv": [ 50.0, 21.0, 51.0, 21.5 ], "autoUv": false, "windMode": [-1,-1,-1,-1] },
														"up": { "texture": "#bottom", "uv": [ 4.5, 6.5, 5.5, 12.5 ], "autoUv": false, "windMode": [-1,-1,-1,-1] },
														"down": { "texture": "#skin", "uv": [ 49.0, 15.0, 50.0, 21.0 ], "autoUv": false, "windMode": [-1,-1,-1,-1] }
													}
												}
											]
										}
									]
								},
								{
									"name": "Neck",
									"from": [ -4.3875, 0.0, 0.9214 ],
									"to": [ 0.8775, 0.3861, 4.7824 ],
									"unwrapMode": 7,
									"unwrapRotation": 1,
									"autoUnwrap": false,
									"uv": [ 7.5, 7.0 ],
									"rotationOrigin": [ -2.5448, 0.0, 0.9214 ],
									"faces": {
										"north": { "texture": "#skin", "uv": [ 12.0, 7.5, 12.5, 13.5 ], "rotation": 90, "autoUv": false, "windMode": [-1,-1,-1,-1] },
										"south": { "texture": "#skin", "uv": [ 7.5, 7.5, 8.0, 13.5 ], "rotation": 270, "autoUv": false, "windMode": [-1,-1,-1,-1] },
										"west": { "texture": "#skin", "uv": [ 8.0, 7.0, 12.0, 7.5 ], "rotation": 180, "autoUv": false, "windMode": [-1,-1,-1,-1] },
										"up": { "texture": "#skin", "uv": [ 8.0, 7.5, 12.0, 13.5 ], "rotation": 270, "autoUv": false, "windMode": [-1,-1,-1,-1] },
										"down": { "texture": "#bottom", "uv": [ 0.0, 1.0, 4.0, 7.0 ], "rotation": 90, "autoUv": false }
									},
									"children": [
										{
											"name": "RNeck",
											"from": [ 0.0, -0.3159, -2.6325 ],
											"to": [ 4.3875, 0.0176, 2.6325 ],
											"unwrapMode": 6,
											"autoUnwrap": false,
											"uv": [ 12.5, 7.0 ],
											"rotationOrigin": [ 2.6325, 0.0176, -0.8775 ],
											"rotationX": -180.0,
											"rotationY": 75.0,
											"faces": {
												"north": { "texture": "#skin", "uv": [ 11.5, 2.0, 12.0, 7.0 ], "rotation": 90, "autoUv": false },
												"west": { "texture": "#skin", "uv": [ 17.5, 7.5, 18.0, 13.5 ], "rotation": 270, "autoUv": false, "windMode": [-1,-1,-1,-1] },
												"up": { "texture": "#bottom", "uv": [ 10.5, 5.0, 15.5, 11.0 ], "autoUv": false, "windMode": [-1,-1,-1,-1] },
												"down": { "texture": "#skin", "uv": [ 12.5, 7.5, 17.5, 13.5 ], "autoUv": false, "windMode": [-1,-1,-1,-1] }
											}
										},
										{
											"name": "LNeck",
											"from": [ 0.0, 0.0176, 2.9835 ],
											"to": [ 4.3875, 0.351, 8.2485 ],
											"unwrapMode": 7,
											"autoUnwrap": false,
											"uv": [ -2.5, 1.5 ],
											"rotationOrigin": [ 2.6325, 0.0176, 4.7385 ],
											"rotationY": 75.0,
											"faces": {
												"north": { "texture": "#skin", "uv": [ 8.0, 2.0, 8.5, 7.0 ], "rotation": 90, "autoUv": false, "windMode": [-1,-1,-1,-1] },
												"west": { "texture": "#skin", "uv": [ 2.0, 7.5, 2.5, 13.5 ], "rotation": 270, "autoUv": false, "windMode": [-1,-1,-1,-1] },
												"up": { "texture": "#skin", "uv": [ 2.5, 7.5, 7.5, 13.5 ], "autoUv": false, "windMode": [-1,-1,-1,-1] },
												"down": { "texture": "#bottom", "uv": [ 3.0, 1.5, 8.0, 7.5 ], "autoUv": false, "windMode": [-1,-1,-1,-1] }
											}
										},
										{
											"name": "Head",
											"from": [ -2.3693, 0.0, -0.5265 ],
											"to": [ 1.1408, 0.3949, 4.212 ],
											"unwrapMode": 5,
											"unwrapRotation": 1,
											"autoUnwrap": false,
											"uv": [ 18.5, 80.5 ],
											"rotationOrigin": [ -0.1755, 0.0, -0.5265 ],
											"faces": {
												"north": { "texture": "#skin", "uv": [ 18.5, 81.0, 19.0, 85.0 ], "rotation": 270, "autoUv": false, "windMode": [-1,-1,-1,-1] },
												"east": { "texture": "#skin", "uv": [ 19.0, 80.0, 24.0, 80.5 ], "rotation": 180, "autoUv": false, "windMode": [-1,-1,-1,-1] },
												"south": { "texture": "#skin", "uv": [ 24.0, 81.0, 24.5, 85.0 ], "rotation": 90, "autoUv": false, "windMode": [-1,-1,-1,-1] },
												"west": { "texture": "#skin", "uv": [ 19.0, 84.5, 24.0, 85.0 ], "autoUv": false, "windMode": [-1,-1,-1,-1] },
												"up": { "texture": "#skin", "uv": [ 19.0, 80.5, 24.0, 84.5 ], "rotation": 90, "autoUv": false, "windMode": [-1,-1,-1,-1] },
												"down": { "texture": "#bottom", "uv": [ 10.5, 1.0, 15.5, 5.0 ], "rotation": 270, "autoUv": false, "windMode": [-1,-1,-1,-1] }
											},
											"children": [
												{
													"name": "Nose bridge",
													"from": [ -1.9305, 0.0, 1.4918 ],
													"to": [ 1.5795, 0.4388, 3.159 ],
													"unwrapMode": 5,
													"unwrapRotation": 1,
													"autoUnwrap": false,
													"uv": [ 25.0, 68.5 ],
													"rotationOrigin": [ 0.351, 0.0, 1.4918 ],
													"faces": {
														"north": { "texture": "#skin", "uv": [ 25.0, 68.5, 25.5, 72.5 ], "rotation": 270, "autoUv": false, "windMode": [-1,-1,-1,-1] },
														"south": { "texture": "#skin", "uv": [ 27.0, 68.5, 27.5, 72.5 ], "rotation": 90, "autoUv": false, "windMode": [-1,-1,-1,-1] },
														"west": { "texture": "#skin", "uv": [ 25.5, 72.5, 27.0, 73.0 ], "autoUv": false, "windMode": [-1,-1,-1,-1] },
														"up": { "texture": "#skin", "uv": [ 25.5, 68.5, 27.0, 72.5 ], "rotation": 90, "autoUv": false, "windMode": [-1,-1,-1,-1] },
														"down": { "texture": "#bottom", "uv": [ 7.0, 5.0, 8.5, 9.0 ], "rotation": 270, "autoUv": false }
													},
													"children": [
														{
															"name": "Right jaw",
															"from": [ -0.0878, 0.0, -0.5265 ],
															"to": [ 2.9835, 0.351, 0.7898 ],
															"unwrapMode": 7,
															"unwrapRotation": 1,
															"autoUnwrap": false,
															"uv": [ 2.5, 89.0 ],
															"rotationOrigin": [ 2.1938, 0.0, -0.5265 ],
															"faces": {
																"north": { "texture": "#skin", "uv": [ 4.5, 89.5, 5.0, 93.0 ], "rotation": 90, "autoUv": false },
																"south": { "texture": "#skin", "uv": [ 2.5, 89.5, 3.0, 93.0 ], "rotation": 270, "autoUv": false },
																"west": { "texture": "#skin", "uv": [ 3.0, 89.0, 4.5, 89.5 ], "rotation": 180, "autoUv": false },
																"up": { "texture": "#skin", "uv": [ 3.0, 89.5, 4.5, 93.0 ], "rotation": 270, "autoUv": false },
																"down": { "texture": "#bottom", "uv": [ 2.0, 5.0, 3.5, 8.5 ], "rotation": 90, "autoUv": false }
															}
														},
														{
															"name": "Left Jaw",
															"from": [ -0.0878, 0.0, 0.9653 ],
															"to": [ 2.9835, 0.351, 2.2815 ],
															"unwrapMode": 7,
															"unwrapRotation": 1,
															"autoUnwrap": false,
															"uv": [ 10.5, 89.0 ],
															"rotationOrigin": [ 2.1938, 0.0, 0.9653 ],
															"faces": {
																"north": { "texture": "#skin", "uv": [ 12.5, 89.5, 13.0, 93.0 ], "rotation": 90, "autoUv": false },
																"south": { "texture": "#skin", "uv": [ 10.5, 89.5, 11.0, 93.0 ], "rotation": 270, "autoUv": false },
																"west": { "texture": "#skin", "uv": [ 11.0, 89.0, 12.5, 89.5 ], "rotation": 180, "autoUv": false },
																"up": { "texture": "#skin", "uv": [ 11.0, 89.5, 12.5, 93.0 ], "rotation": 270, "autoUv": false },
																"down": { "texture": "#bottom", "uv": [ 3.5, 5.0, 5.0, 8.5 ], "rotation": 90, "autoUv": false }
															}
														}
													]
												}
											]
										}
									]
								},
								{
									"name": "PeltAbdomen",
									"from": [ 5.695, 0.0088, 0.2633 ],
									"to": [ 12.715, 0.3598, 5.5283 ],
									"unwrapMode": 7,
									"unwrapRotation": 1,
									"autoUnwrap": false,
									"uv": [ 9.5, 54.5 ],
									"rotationOrigin": [ 5.7038, 0.0088, 0.2633 ],
									"faces": {
										"north": { "texture": "#skin", "uv": [ 16.0, 54.5, 16.5, 62.5 ], "rotation": 90, "autoUv": false, "windMode": [-1,-1,-1,-1] },
										"east": { "texture": "#skin", "uv": [ 16.5, 68.5, 22.5, 69.0 ], "autoUv": false },
										"south": { "texture": "#skin", "uv": [ 9.5, 54.5, 10.0, 62.5 ], "rotation": 270, "autoUv": false },
										"up": { "texture": "#skin", "uv": [ 10.0, 54.5, 16.0, 62.5 ], "rotation": 270, "autoUv": false },
										"down": { "texture": "#bottom", "uv": [ 8.5, 7.5, 14.5, 15.5 ], "rotation": 90, "autoUv": false, "windMode": [-1,-1,-1,-1] }
									},
									"children": [
										{
											"name": "LAbdomen",
											"from": [ 0.0, 0.0088, 4.8263 ],
											"to": [ 7.02, 0.3422, 10.9688 ],
											"unwrapMode": 7,
											"unwrapRotation": 1,
											"autoUnwrap": false,
											"uv": [ 2.0, 54.0 ],
											"rotationOrigin": [ 0.0, 0.0088, 4.8263 ],
											"rotationY": -3.0,
											"faces": {
												"east": { "texture": "#skin", "uv": [ 16.5, 68.5, 17.0, 75.5 ], "rotation": 90, "autoUv": false },
												"south": { "texture": "#skin", "uv": [ 2.0, 54.5, 2.5, 62.5 ], "rotation": 270, "autoUv": false },
												"west": { "texture": "#skin", "uv": [ 2.0, 68.5, 2.5, 75.5 ], "rotation": 90, "autoUv": false },
												"up": { "texture": "#skin", "uv": [ 2.5, 54.5, 9.5, 62.5 ], "rotation": 270, "autoUv": false },
												"down": { "texture": "#bottom", "uv": [ 3.0, 1.5, 10.0, 9.5 ], "rotation": 90, "autoUv": false, "windMode": [-1,-1,-1,-1] }
											}
										},
										{
											"name": "RAbdomen",
											"from": [ 0.0, -0.3247, 0.4388 ],
											"to": [ 7.02, 0.0088, 6.5813 ],
											"unwrapMode": 6,
											"unwrapRotation": 1,
											"autoUnwrap": false,
											"uv": [ 16.0, 54.0 ],
											"rotationOrigin": [ 0.0, 0.0088, 0.4388 ],
											"rotationX": 180.0,
											"rotationY": -3.0,
											"faces": {
												"east": { "texture": "#skin", "uv": [ 22.0, 68.5, 22.5, 75.5 ], "rotation": 90, "autoUv": false },
												"south": { "texture": "#skin", "uv": [ 23.0, 54.5, 23.5, 62.5 ], "rotation": 270, "autoUv": false },
												"west": { "texture": "#skin", "uv": [ 8.0, 68.5, 8.5, 75.5 ], "rotation": 90, "autoUv": false },
												"up": { "texture": "#bottom", "uv": [ 1.5, 1.5, 8.5, 9.5 ], "rotation": 270, "autoUv": false },
												"down": { "texture": "#skin", "uv": [ 16.0, 54.5, 23.0, 62.5 ], "rotation": 90, "autoUv": false }
											}
										},
										{
											"name": "PeltHip",
											"from": [ 7.02, 0.0, 0.0 ],
											"to": [ 10.9688, 0.351, 5.265 ],
											"unwrapMode": 7,
											"unwrapRotation": 1,
											"autoUnwrap": false,
											"uv": [ 9.0, 63.0 ],
											"rotationOrigin": [ 7.0288, 0.0, 0.0 ],
											"faces": {
												"north": { "texture": "#skin", "uv": [ 15.5, 63.0, 16.0, 67.5 ], "rotation": 90, "autoUv": false, "windMode": [-1,-1,-1,-1] },
												"east": { "texture": "#skin", "uv": [ 9.5, 67.5, 15.5, 68.0 ], "autoUv": false, "windMode": [-1,-1,-1,-1] },
												"south": { "texture": "#skin", "uv": [ 9.0, 63.0, 9.5, 67.5 ], "rotation": 270, "autoUv": false, "windMode": [-1,-1,-1,-1] },
												"up": { "texture": "#skin", "uv": [ 9.5, 63.0, 15.5, 67.5 ], "rotation": 270, "autoUv": false, "windMode": [-1,-1,-1,-1] },
												"down": { "texture": "#bottom", "uv": [ 1.5, 11.0, 7.5, 15.5 ], "rotation": 90, "autoUv": false }
											},
											"children": [
												{
													"name": "LHip",
													"from": [ 0.0, 0.0088, 4.8263 ],
													"to": [ 3.9488, 0.3422, 10.9688 ],
													"unwrapMode": 7,
													"unwrapRotation": 1,
													"autoUnwrap": false,
													"uv": [ 2.0, 62.5 ],
													"rotationOrigin": [ 0.0, 0.0088, 4.8263 ],
													"rotationY": -3.0,
													"faces": {
														"east": { "texture": "#skin", "uv": [ 9.5, 67.5, 10.0, 74.5 ], "rotation": 90, "autoUv": false },
														"south": { "texture": "#skin", "uv": [ 2.0, 63.0, 2.5, 67.5 ], "rotation": 270, "autoUv": false, "windMode": [-1,-1,-1,-1] },
														"west": { "texture": "#skin", "uv": [ 16.5, 68.5, 17.0, 75.5 ], "rotation": 90, "autoUv": false, "windMode": [-1,-1,-1,-1] },
														"up": { "texture": "#skin", "uv": [ 2.5, 63.0, 9.5, 67.5 ], "rotation": 270, "autoUv": false, "windMode": [-1,-1,-1,-1] },
														"down": { "texture": "#bottom", "uv": [ 0.5, 1.5, 7.5, 6.0 ], "rotation": 90, "autoUv": false, "windMode": [-1,-1,-1,-1] }
													},
													"children": [
														{
															"name": "LLeg",
															"from": [ 1.1408, 0.0088, 5.8793 ],
															"to": [ 4.0365, 0.3247, 9.3893 ],
															"unwrapMode": 5,
															"autoUnwrap": false,
															"uv": [ 34.0, 59.0 ],
															"rotationOrigin": [ 1.1408, 0.0088, 5.8793 ],
															"rotationY": 72.0,
															"faces": {
																"east": { "texture": "#skin", "uv": [ 37.5, 59.0, 38.0, 63.0 ], "rotation": 90, "autoUv": false, "windMode": [-1,-1,-1,-1] },
																"south": { "texture": "#skin", "uv": [ 34.5, 63.0, 37.5, 63.5 ], "autoUv": false, "windMode": [-1,-1,-1,-1] },
																"west": { "texture": "#skin", "uv": [ 34.0, 59.0, 34.5, 63.0 ], "rotation": 270, "autoUv": false, "windMode": [-1,-1,-1,-1] },
																"up": { "texture": "#skin", "uv": [ 34.5, 59.0, 37.5, 63.0 ], "autoUv": false, "windMode": [-1,-1,-1,-1] },
																"down": { "texture": "#bottom", "uv": [ 10.0, 1.5, 13.0, 5.5 ], "autoUv": false, "windMode": [-1,-1,-1,-1] }
															},
															"children": [
																{
																	"name": "LLegEnd",
																	"from": [ 0.0878, -0.0088, 3.0713 ],
																	"to": [ 2.7203, 0.3247, 7.4588 ],
																	"unwrapMode": 5,
																	"autoUnwrap": false,
																	"uv": [ 34.5, 68.0 ],
																	"rotationOrigin": [ 0.9653, -0.0088, 3.0713 ],
																	"rotationY": -14.0,
																	"faces": {
																		"north": { "texture": "#skin", "uv": [ 35.0, 68.0, 38.0, 68.5 ], "rotation": 180, "autoUv": false },
																		"east": { "texture": "#skin", "uv": [ 38.0, 68.5, 38.5, 73.5 ], "rotation": 90, "autoUv": false, "windMode": [-1,-1,-1,-1] },
																		"south": { "texture": "#skin", "uv": [ 35.0, 73.5, 38.0, 74.0 ], "autoUv": false, "windMode": [-1,-1,-1,-1] },
																		"west": { "texture": "#skin", "uv": [ 34.5, 68.5, 35.0, 73.5 ], "rotation": 270, "autoUv": false, "windMode": [-1,-1,-1,-1] },
																		"up": { "texture": "#skin", "uv": [ 35.0, 68.5, 38.0, 73.5 ], "autoUv": false, "windMode": [-1,-1,-1,-1] },
																		"down": { "texture": "#bottom", "uv": [ 12.5, 2.0, 15.5, 7.0 ], "autoUv": false, "windMode": [-1,-1,-1,-1] }
																	}
																}
															]
														},
														{
															"name": "LLegLower",
															"from": [ 2.6325, 0.0176, 1.3163 ],
															"to": [ 3.9488, 0.3159, 4.8263 ],
															"unwrapMode": 5,
															"autoUnwrap": false,
															"uv": [ 38.0, 59.0 ],
															"rotationOrigin": [ 3.9488, 0.0176, 1.3163 ],
															"rotationY": 25.0,
															"faces": {
																"east": { "texture": "#skin", "uv": [ 39.5, 59.0, 40.0, 63.0 ], "rotation": 90, "autoUv": false },
																"up": { "texture": "#skin", "uv": [ 38.0, 59.0, 39.5, 63.0 ], "autoUv": false, "windMode": [-1,-1,-1,-1] },
																"down": { "texture": "#bottom", "uv": [ 8.0, 8.0, 9.5, 12.0 ], "autoUv": false, "windMode": [-1,-1,-1,-1] }
															}
														}
													]
												},
												{
													"name": "RHip",
													"from": [ 0.0, -0.3247, 0.4388 ],
													"to": [ 3.9488, 0.0088, 6.5813 ],
													"unwrapMode": 6,
													"unwrapRotation": 1,
													"autoUnwrap": false,
													"uv": [ 16.0, 63.0 ],
													"rotationOrigin": [ 0.0, 0.0088, 0.4388 ],
													"rotationX": 180.0,
													"rotationY": -3.0,
													"faces": {
														"east": { "texture": "#skin", "uv": [ 15.0, 67.5, 15.5, 74.5 ], "rotation": 90, "autoUv": false, "windMode": [-1,-1,-1,-1] },
														"south": { "texture": "#skin", "uv": [ 23.0, 63.0, 23.5, 67.5 ], "rotation": 270, "autoUv": false, "windMode": [-1,-1,-1,-1] },
														"up": { "texture": "#bottom", "uv": [ 1.0, 7.0, 8.0, 11.5 ], "rotation": 270, "autoUv": false, "windMode": [-1,-1,-1,-1] },
														"down": { "texture": "#skin", "uv": [ 16.0, 63.0, 23.0, 67.5 ], "rotation": 90, "autoUv": false, "windMode": [-1,-1,-1,-1] }
													},
													"children": [
														{
															"name": "RLeg",
															"from": [ 1.1408, 0.0088, 5.8793 ],
															"to": [ 4.0365, 0.3247, 9.3893 ],
															"unwrapMode": 6,
															"autoUnwrap": false,
															"uv": [ 51.0, 59.0 ],
															"rotationOrigin": [ 1.1408, 0.3247, 5.8793 ],
															"rotationY": 72.0,
															"faces": {
																"east": { "texture": "#skin", "uv": [ 51.0, 59.0, 51.5, 63.0 ], "rotation": 90, "autoUv": false, "windMode": [-1,-1,-1,-1] },
																"south": { "texture": "#skin", "uv": [ 51.5, 63.0, 54.5, 63.5 ], "rotation": 180, "autoUv": false, "windMode": [-1,-1,-1,-1] },
																"west": { "texture": "#skin", "uv": [ 54.5, 59.0, 55.0, 63.0 ], "rotation": 270, "autoUv": false, "windMode": [-1,-1,-1,-1] },
																"up": { "texture": "#bottom", "uv": [ 9.0, 4.5, 12.0, 8.5 ], "autoUv": false, "windMode": [-1,-1,-1,-1] },
																"down": { "texture": "#skin", "uv": [ 51.5, 59.0, 54.5, 63.0 ], "autoUv": false, "windMode": [-1,-1,-1,-1] }
															},
															"children": [
																{
																	"name": "RLegEnd",
																	"from": [ 0.0878, -0.0088, 3.0713 ],
																	"to": [ 2.7203, 0.3247, 7.4588 ],
																	"unwrapMode": 6,
																	"autoUnwrap": false,
																	"uv": [ 50.5, 68.0 ],
																	"rotationOrigin": [ 0.9653, 0.3335, 3.0713 ],
																	"rotationY": -14.0,
																	"faces": {
																		"north": { "texture": "#skin", "uv": [ 51.0, 68.0, 54.0, 68.5 ], "autoUv": false },
																		"east": { "texture": "#skin", "uv": [ 50.5, 68.5, 51.0, 73.5 ], "rotation": 90, "autoUv": false, "windMode": [-1,-1,-1,-1] },
																		"south": { "texture": "#skin", "uv": [ 51.0, 73.5, 54.0, 74.0 ], "rotation": 180, "autoUv": false, "windMode": [-1,-1,-1,-1] },
																		"west": { "texture": "#skin", "uv": [ 54.0, 68.5, 54.5, 73.5 ], "rotation": 270, "autoUv": false, "windMode": [-1,-1,-1,-1] },
																		"up": { "texture": "#bottom", "uv": [ 3.5, 2.0, 6.5, 7.0 ], "autoUv": false, "windMode": [-1,-1,-1,-1] },
																		"down": { "texture": "#skin", "uv": [ 51.0, 68.5, 54.0, 73.5 ], "autoUv": false, "windMode": [-1,-1,-1,-1] }
																	}
																}
															]
														},
														{
															"name": "RLegLower",
															"from": [ 2.6325, 0.0176, 1.3163 ],
															"to": [ 3.9488, 0.3159, 4.8263 ],
															"unwrapMode": 5,
															"autoUnwrap": false,
															"uv": [ 47.5, 59.0 ],
															"rotationOrigin": [ 3.9488, 0.3159, 1.3163 ],
															"rotationY": 25.0,
															"faces": {
																"east": { "texture": "#skin", "uv": [ 49.0, 59.0, 49.5, 63.0 ], "rotation": 90, "autoUv": false, "windMode": [-1,-1,-1,-1] },
																"up": { "texture": "#bottom", "uv": [ 0.0, 9.0, 1.5, 13.0 ], "autoUv": false, "windMode": [-1,-1,-1,-1] },
																"down": { "texture": "#skin", "uv": [ 49.5, 59.0, 51.0, 63.0 ], "autoUv": false, "windMode": [-1,-1,-1,-1] }
															}
														}
													]
												},
												{
													"name": "PeltTail",
													"from": [ 3.9488, 0.0088, 1.9305 ],
													"to": [ 6.2303, 0.4475, 3.4223 ],
													"unwrapMode": 7,
													"unwrapRotation": 1,
													"autoUnwrap": false,
													"uv": [ 24.5, 2.0 ],
													"rotationOrigin": [ 3.9488, 0.0088, 1.9305 ],
													"faces": {
														"north": { "texture": "#skin", "uv": [ 26.5, 2.5, 27.0, 5.0 ], "rotation": 90, "autoUv": false, "windMode": [-1,-1,-1,-1] },
														"east": { "texture": "#skin", "uv": [ 25.0, 5.0, 26.5, 5.5 ], "autoUv": false, "windMode": [-1,-1,-1,-1] },
														"south": { "texture": "#skin", "uv": [ 24.5, 2.5, 25.0, 5.0 ], "rotation": 270, "autoUv": false, "windMode": [-1,-1,-1,-1] },
														"west": { "texture": "#skin", "uv": [ 25.0, 2.0, 26.5, 2.5 ], "rotation": 180, "autoUv": false, "windMode": [-1,-1,-1,-1] },
														"up": { "texture": "#skin", "uv": [ 25.0, 2.5, 26.5, 5.0 ], "rotation": 270, "autoUv": false, "windMode": [-1,-1,-1,-1] },
														"down": { "texture": "#skin", "uv": [ 28.0, 2.5, 29.5, 5.0 ], "rotation": 90, "autoUv": false, "windMode": [-1,-1,-1,-1] }
													},
													"children": [
														{
															"name": "PeltTail 2",
															"from": [ 2.2815, -0.0088, 0.0878 ],
															"to": [ 5.7915, 0.509, 1.404 ],
															"unwrapMode": 7,
															"unwrapRotation": 1,
															"autoUnwrap": false,
															"uv": [ 24.5, 8.0 ],
															"rotationOrigin": [ 2.2815, -0.0088, 0.0878 ],
															"faces": {
																"north": { "texture": "#skin", "uv": [ 26.5, 8.5, 27.0, 12.5 ], "rotation": 90, "autoUv": false },
																"east": { "texture": "#skin", "uv": [ 25.0, 12.5, 26.5, 13.0 ], "autoUv": false, "windMode": [-1,-1,-1,-1] },
																"south": { "texture": "#skin", "uv": [ 24.5, 8.5, 25.0, 12.5 ], "rotation": 270, "autoUv": false, "windMode": [-1,-1,-1,-1] },
																"west": { "texture": "#skin", "uv": [ 25.0, 8.0, 26.5, 8.5 ], "rotation": 180, "autoUv": false, "windMode": [-1,-1,-1,-1] },
																"up": { "texture": "#skin", "uv": [ 25.0, 8.5, 26.5, 12.5 ], "rotation": 270, "autoUv": false, "windMode": [-1,-1,-1,-1] },
																"down": { "texture": "#skin", "uv": [ 28.0, 8.5, 29.5, 12.5 ], "rotation": 90, "autoUv": false, "windMode": [-1,-1,-1,-1] }
															},
															"children": [
																{
																	"name": "PeltTail 3",
																	"from": [ 3.51, 0.0, 0.0439 ],
																	"to": [ 7.8975, 0.5265, 1.2724 ],
																	"unwrapMode": 7,
																	"unwrapRotation": 1,
																	"autoUnwrap": false,
																	"uv": [ 25.0, 15.0 ],
																	"rotationOrigin": [ 3.51, 0.0, 0.0439 ],
																	"faces": {
																		"north": { "texture": "#skin", "uv": [ 26.5, 15.5, 27.0, 20.5 ], "rotation": 90, "autoUv": false },
																		"east": { "texture": "#skin", "uv": [ 25.5, 20.5, 26.5, 21.0 ], "autoUv": false },
																		"south": { "texture": "#skin", "uv": [ 25.0, 15.5, 25.5, 20.5 ], "rotation": 270, "autoUv": false },
																		"west": { "texture": "#skin", "uv": [ 25.5, 15.0, 26.5, 15.5 ], "rotation": 180, "autoUv": false },
																		"up": { "texture": "#skin", "uv": [ 25.5, 15.5, 26.5, 20.5 ], "rotation": 270, "autoUv": false },
																		"down": { "texture": "#skin", "uv": [ 27.5, 15.5, 28.5, 20.5 ], "rotation": 90, "autoUv": false }
																	},
																	"children": [
																		{
																			"name": "PeltTail 4",
																			"from": [ 4.3875, 0.0, 0.0878 ],
																			"to": [ 9.2138, 0.5353, 1.1408 ],
																			"unwrapMode": 5,
																			"unwrapRotation": 1,
																			"autoUnwrap": false,
																			"uv": [ 25.0, 22.5 ],
																			"rotationOrigin": [ 4.3875, 0.0, 0.0878 ],
																			"faces": {
																				"north": { "texture": "#skin", "uv": [ 25.0, 23.0, 25.5, 28.5 ], "rotation": 90, "autoUv": false },
																				"east": { "texture": "#skin", "uv": [ 25.5, 28.5, 26.5, 29.0 ], "rotation": 180, "autoUv": false },
																				"south": { "texture": "#skin", "uv": [ 26.5, 23.0, 27.0, 28.5 ], "rotation": 270, "autoUv": false },
																				"west": { "texture": "#skin", "uv": [ 25.5, 22.5, 26.5, 23.0 ], "autoUv": false },
																				"up": { "texture": "#skin", "uv": [ 25.5, 23.0, 26.5, 28.5 ], "rotation": 270, "autoUv": false },
																				"down": { "texture": "#skin", "uv": [ 27.5, 23.0, 28.5, 28.5 ], "rotation": 90, "autoUv": false }
																			},
																			"children": [
																				{
																					"name": "PeltTail End",
																					"from": [ 4.212, 0.0, 0.0878 ],
																					"to": [ 7.2833, 0.4563, 0.9653 ],
																					"unwrapMode": 5,
																					"unwrapRotation": 1,
																					"autoUnwrap": false,
																					"uv": [ 24.5, 31.0 ],
																					"rotationOrigin": [ 4.212, 0.0, 0.0878 ],
																					"faces": {
																						"north": { "texture": "#skin", "uv": [ 25.0, 31.0, 25.5, 34.5 ], "rotation": 90, "autoUv": false },
																						"east": { "texture": "#skin", "uv": [ 25.5, 34.5, 26.5, 35.0 ], "rotation": 180, "autoUv": false },
																						"south": { "texture": "#skin", "uv": [ 26.5, 31.0, 27.0, 34.5 ], "rotation": 270, "autoUv": false },
																						"west": { "texture": "#skin", "uv": [ 25.5, 30.5, 26.5, 31.0 ], "autoUv": false },
																						"up": { "texture": "#skin", "uv": [ 25.5, 31.0, 26.5, 34.5 ], "rotation": 270, "autoUv": false },
																						"down": { "texture": "#skin", "uv": [ 27.5, 31.0, 28.5, 34.5 ], "rotation": 90, "autoUv": false }
																					}
																				}
																			]
																		}
																	]
																}
															]
														}
													]
												}
											]
										}
									]
								}
							]
						}
					]
				}
			]
		}
	]}