{"GameVersion":"1.20.0","SizeX":5,"SizeY":7,"SizeZ":10,"BlockCodes":{"9700":"game:supportbeam-veryagedrotten","8613":"game:meta-underground","6179":"game:rock-granite","2966":"game:cobblestone-granite","9493":"game:agedstonebricks-granite","8606":"game:clutter","9624":"game:debarkedlog-veryaged-ns","9625":"game:debarkedlog-veryagedrotten-ns","2596":"game:slantedroofingtip-agedthatch-free","3240":"game:stonepath-free","9639":"game:debarkedlog-veryaged-we","632":"game:lootvessel-food","9640":"game:debarkedlog-veryagedrotten-we"},"ItemCodes":{},"Indices":[2102272,1025,2049,3073,4097,5121,1049601,1050625,1051649,1052673,1053697,2097153,2098177,2100225,2101249,2102273,3149825,4195329,4199425,5245953,5246977,5248001,6296577,1026,2050,3074,4098,5122,6146,7170,1049602,1050626,1051650,1052674,1053698,1054722,1055746,2098178,2099202,2100226,2101250,2102274,2103298,2104322,3147778,3149826,3152898,5243906,2051,3075,4099,5123,6147,7171,8195,1050627,1051651,1052675,1053699,1054723,1055747,1056771,2098179,2099203,2100227,2102275,2103299,2104323,2105347,2106371,3147779,3148803,3149827,3150851,4198403,5243907,6292483,1028,2052,3076,4100,5124,1049604,1050628,1051652,1052676,1053700,2098180,2099204,2100228,2101252,2102276,3146756,3147780,3148804,3149828,3150852,4199428,5243908,5244932,5245956,6293508],"BlockIds":[8613,6179,6179,6179,6179,6179,6179,6179,6179,6179,6179,8613,2966,9493,2966,6179,8606,9700,9700,9624,9624,9625,2596,6179,6179,6179,6179,6179,6179,6179,6179,6179,6179,6179,6179,6179,6179,9493,2966,2966,9493,2966,3240,3240,8606,8606,8606,9639,6179,6179,6179,6179,6179,6179,6179,6179,6179,6179,6179,6179,6179,6179,8613,2966,9493,9493,8613,3240,3240,8613,9700,632,9640,2596,8606,9639,2596,6179,6179,6179,6179,6179,6179,6179,6179,6179,6179,9493,9493,9493,9493,9493,9700,8606,8606,9640,9700,9700,9625,9624,9625,2596],"DecorIndices":[],"DecorIds":[],"BlockEntities":{"3149825":"\":8pVF(djWB5D/6%nStd\"E8:#H=u%=!!rsADes6$@ru9m!!EOFAnH*qFBJSD!!!0/@VfsmCI<#NAHu^]F`__:EWcVfDffE0AQf'6!!!-,De<U&ATV)U!!!!&\"E\\p.AI*BrDeq\"6G\\$mYE,TfC$31&+!<d@[F*M0)#64l7Eb02uBl[-o@<?&\\!!!!%#BFa)@<?'_z\":&jWAohO*=9&=$!!!","4195329":"!<d@[F*_BQ#65#5@V&tbF*dlo-OL@n!!!!`'`\\5a590_(!'_),%0-BY4r\"%tJA3*)!!#5#j@^U!$7?/k%0-BY4r\"%tJ3P%S!!#4r%h/XA!'_1u!._g)!!&ZW)!\"=4\"UZUa%h/L=!'_1u!.[9S!!#8K&e>EO!8p'V!!!#+*<6'>58`HS+9_oT@VfsmCI<#NAK#W4E,]`9FCJfiD(TpBEd;)+ARoh\"FED)3!<d@[F*S,n!!!$&E,TfB@^u^D!!","4199425":"!<d@[F*_NU#65#5@V&tbF\"%(r-OL@n!!!!`'`\\5a590_(5X,kl%0-BY4r\"%tJA3*)!'iacj@^U!\"USXSDe!QMDe*DtF*2G@DfTr/ARTF-G%G]>@:s.^Ec6&AASqMOE,TfC$NL/,!<d@[F*M0)#64`","3147778":"\":8pVF(djWB5D/6&';Nd\"E8:#H=bn;!!rsADes6$@ru9m!!EOFAnH*qFBJSD!!!0/@VfsmCI<#NAHu^]F`__:EWcVfDffE0AQf'6!!!-,De<U&ATV)U!!!!&\"E\\p.AINU%@Ua.b/U),OA24/gE,TfC$31&+!<d@[F*M3*#64l7Eb02uBl[-o@<?&\\!!!!%#BFa)@<?'_z\":&jWAohO*=9&=$!!!","3149826":"\":8pVF(djWB5D,Z!!!!\"\"E8:#H=u%=!!rsADes6$@ru9m!!EOFAnH*qFBJSD!!!0/@VfsmCI<#NAHu^]F`__:EWcVfDffE0AQf'6!!!-,De<U&ATV)U!!!!&\"E\\p.AINU%@Ua.b/U),OA2=5hE,TfC$31&+!<d@[F*M3*#64l7Eb02uBl[-o@<?&\\!!!!%#BFa)@<?'_z\":&jWAohO*=9&=$!!!","3152898":"\":8pVF(djWB5D/?bEfmD\"E8:#H>;7@!!rsADes6$@ru9m!!EOFAnH*qFBJSD!!!0/@VfsmCI<#NAHu^]F`__:EWcVfDffE0AQf'6!!!-,De<U&ATV)U!!!!&\"E\\p.AINU%@Ua.b/U),OA2F;iE,TfC$31&+!<d@[F*M3*#64l7Eb02uBl[-o@<?&\\!!!!%#BFa)@<?'_z\":&jWAohO*=9&=$!!!","3147779":"!<d@[F*_ER#65#5@V&tbF!L_m+pnYd!!%O5*<6(i4q\\A8!!&ZV'mcrrZQ0&H!5BB39-=?@$\"@^h@r\"GMA7Z[#F`;;<Ecbc%@;RT>ATE')B4YUoDfg)4D?0lZDf^12!!!!\"\"E8:#G\\\">i!!!","4198403":"\":8pVF(djWB5D/?b8.ko\"E8:#H=u%=!!rsADes6$@ru9m!!EOFAnH*qFBJSD!!!0/@VfsmCI<#NAHu^]F`__:EWcVfDffE0AQf'6!!!-,De<U&ATV)U!!!!&\"E\\p.AJK/uCh52BDf901DfTW-DJ+'0DesIq\"E8:#GmaTP!!*4ADf^/6\\H`*;$Z]ft@;0a\\FCB9&z\":&scFCB9&=9&=$!!EOFAnH*qFBAMC!!!!","3146756":"!<d@[F*_BQ#65#5@V&tbF\"%(r-OL@n!!!!`'`\\5a590_(5X,kl%0-A.58=.u!'hP)!'iacj@^U!\"USXSDe!QMDe*DtF*2G@DfTr/ARTF-G%G]>@:s.^Ec6&AASqMOE,TfC$31&+!<d@[F*M9,#64`","3147780":"\":8pVF(djWB5D/?bEfmD\"E8:#H=bn;!!rsADes6$@ru9m!!EOFAnH*qFBJSD!!!0/@VfsmCI<#NAHu^]F`__:EWcVfDffE0AQf'6!!!-,De<U&ATV)U!!!!&\"E\\p.AINU%@Ua.b/U),OA2=5hE,TfC$31&+!<d@[F*M9,#64l7Eb02uBl[-o@<?&\\!!!!%#BFa)@<?'_z\":&jWAohO*=9&=$!!!","3148804":"\":8pVF(djWB5D/?b8.ko\"E8:#H=kt<!!rsADes6$@ru9m!!EOFAnH*qFBJSD!!!0/@VfsmCI<#NAHu^]F`__:EWcVfDffE0AQf'6!!!-,De<U&ATV)U!!!!&\"E\\p.AJT?#ASbs1GAhD1GAhM;Bl7R*Df9H5!<d@[F*S)m!!!$&E,TfBA[r$G\":K6]E+*I$;flGiAH2]1!!EOIDffE0AQSp4!!!-,De<U&ATV#Sz","3150852":"!<d@[F*_NU#65#5@V&tbF!L_m+pnYd!!#8K*<6()58\"J9q>^IY(&n75590_(:r!q/9-=?@$\"@^h@r\"GMA7Z[#F`;;<Ecbc%@;RT>ATE')B4YUoDfg)4D?0lZDf^12!!!!\"\"E8:#G\\+Dj!!!","4199428":"!<d@[F*_NU#65#5@V&tbF\"%(r-OL@n!!!!`'`\\5a590_(5X,kl%0-An58=.uJA3*)!'iacj@^U!\"USXSDe!QMDe*DtF*2G@DfTr/ARTF-G%G]>@:s.^Ec6&AASqMOE,TfC$NL/,!<d@[F*M9,#64`"},"Entities":[],"ReplaceMode":2,"EntranceRotation":-1}