{"GameVersion":"1.20.0","SizeX":7,"SizeY":7,"SizeZ":6,"BlockCodes":{"9698":"game:supportbeam-aged","8613":"game:meta-underground","6179":"game:rock-granite","9493":"game:agedstonebricks-granite","2966":"game:cobblestone-granite","2336":"game:slantedroofing-agedthatch-south-free","2316":"game:slantedroofing-agedthatch-north-free","8606":"game:clutter","2326":"game:slantedroofing-agedthatch-east-free","633":"game:lootvessel-forage"},"ItemCodes":{},"Indices":[2100224,5243904,1025,2049,3073,4097,1049601,1050625,1051649,1052673,2098177,2099201,2100225,2101249,3146753,3148801,3149825,4195329,5243905,5244929,1026,2050,3074,4098,1049602,1050626,1051650,1052674,2098178,2099202,2100226,2101250,3149826,4198402,5243906,5245954,6293506,6294530,1027,2051,3075,4099,1049603,1050627,1051651,1052675,2097155,2098179,2099203,2100227,2101251,2102275,3147779,3148803,4195331,4198403,5246979,6293507,1028,2052,3076,4100,1049604,1050628,1051652,1052676,2098180,2099204,2100228,2101252,3147780,3148804,4195332,5243908,5245956,5246980,1029,2053,3077,4101,1049605,1050629,1051653,1052677,2098181,2099205,2100229,2101253,3146757,3149829,4196357,5243909,5244933,5246981,6293509,6294533,2100230,5246982],"BlockIds":[8613,9698,6179,6179,6179,6179,6179,6179,6179,6179,9493,9493,9493,2966,9698,9698,9698,9698,2336,9698,6179,6179,6179,6179,6179,6179,6179,6179,9493,9493,2966,9493,9698,9698,2336,9698,2336,2316,6179,6179,6179,6179,6179,6179,6179,6179,8613,9493,2966,9493,9493,8613,8606,2326,9698,9698,2316,2336,6179,6179,6179,6179,6179,6179,6179,6179,9493,2966,2966,9493,8606,2316,9698,2336,9698,2316,6179,6179,6179,6179,6179,6179,6179,6179,2966,2966,633,9493,9698,9698,9698,2336,9698,2316,2336,2316,8613,9698],"DecorIndices":[],"DecorIds":[],"BlockEntities":{"5243904":"!<d@[F*_NU#65#5@V&tbF!L_m+pnYd!!%O6*<6'>58\"J9!!'f\"'mcrrZlK,H!'_=[9-=<?$\"@^h@r\"GMA7Z<nF`;;<Ecbc%@;RT)B4YTS\"E8:#GmjZQ!!*4ADf^0`\\-E!6","3146753":"!<d@[F*_NU#65#5@V&tbF!L_m+pnYd!!!!`*<6'>58\"J9!!!!`'`\\465TKh)!'_=[9-=?@$\"@^h@r\"GMA7Z<nF`;;<Ecbc%@;RT)B4YTS\"E8:#GmXNO!!*4ADf^0a\\-E!6","3148801":"!<d@[F*_TW#65#5@V&tbF!L_m+pnYd!!#8K*<6()58\"J9!!%O6'aa$MZ5ioFTKa:Q9-=?@$\"@^h@r\"GMA7Z<nF`;;<Ecbc%@;RT)B4YTS\"E8:#GmXNO!!*4ADf^0a\\-E!6","3149825":"!<d@[F*_WX#65#5@V&tbF!L_m+pnYd!!!!`*<6'>58\"J9!!!!`'`\\5a590_(!'_=[9-=?@$\"@^h@r\"GMA7Z<nF`;;<Ecbc%@;RT)B4YTS\"E8:#GmXNO!!*4ADf^0a\\-E!6","4195329":"!<d@[F*_NU#65#5@V&tbF\"%(r-OL@n!!!!`'`\\5a590_(J3FSV%K6>,4r\"%t!'hP)!!#8$i_(Bt\"USXSDe!QMDe*DjF*2G@DfTr/ARTF-@:s.^!<d@[F*S,n!!!$&E,TfBjL>Ep!!","5244929":"!<d@[F*_QV#65#5@V&tbF!L_m+pnhi!!!!`'`\\5a590_(J3OYR%KHJ.4rs\\'^HWRp9-=BA$\"@^h@r\"GMA7Z<nF`;;<Ecbc%@;RT)B4YTS\"E8:#GmjZQ!!*4ADf^0a\\-E!6","3149826":"!<d@[F*_WX#65#5@V&tbF!L_m+pnYd!!%O6*<6'>58\"J9r;V71'uN$\\ZQ9)GIm4e09-=?@$\"@^h@r\"GMA7Z<nF`;;<Ecbc%@;RT)B4YTS\"E8:#GmXNO!!*4ADf^0b\\-E!6","4198402":"!<d@[F*_WX#65#5@V&tbF\"%(r-OL@n!!!!`'`\\5a590_(5X,kl%K6>,4r\"%t!'hP)!._g$i_(Bt\"USXSDe!QMDe*DjF*2G@DfTr/ARTF-@:s.^!<d@[F*S,n!!!$&E,TfBjgYNq!!","5245954":"!<d@[F*_TW#65#5@V&tbEutAh*=<,_!!!!`'`\\5a58\";4rr<!^*<6)T^DPs'+9_oT@VfsmCI<#NAIrp*E,]`9FCJfiD(T1/ARkfEE,TfC$ig8-!<d@[F*QfV#64`","3147779":"\":8pVF(djWB5D/-;u=<1\"E8:#H>21?!!rsADes6$@ru9m!!EOFAnH*qFBJSD!!!0/@VfsmCI<#NAHu^]F`__:EWcVfDffE0AQf'6!!!-,De<U&ATV)U!!!!&\"E\\p.AHu[e@r#Xt1'%MsDf^12!!!!\"\"E8:#GilL@!!E[MAT2'lE`7'gFCbFP!!!-,Ec6&.FCePS!!!!%#B+3dF(KGqz!!","4195331":"!<d@[F*_NU#65#5@V&tbF\"%(r-OL@n!!!!`'`\\5a590_(!'_),%K?D-4r\"%t!'hP)!!#8$i_(Bt\"USXSDe!QMDe*DjF*2G@DfTr/ARTF-@:s.^!<d@[F*S,n!!!$&E,TfBk-tWr!!","4198403":"!<d@[F*_WX#65#5@V&tbF\"%(r-OL@n!!!!`'`\\5a590_(5X,kl%K6>,4r\"%t!'hP)!._g$i_(Bt\"USXSDe!QMDe*DjF*2G@DfTr/ARTF-@:s.^!<d@[F*S,n!!!$&E,TfBk-tWr!!","3147780":"\":8pVF(djWB5D/6&';Nd\"E8:#H>21?!!rsADes6$@ru9m!!EOFAnH*qFBJSD!!!0/@VfsmCI<#NAHu^]F`__:EWcVfDffE0AQf'6!!!-,De<U&ATV)U!!!!&\"E\\p.AIW-_@;0a6Ecl)6ARmRt\"E8:#GmXNO!!*4ADf^0d\\-E!:$Z]ft@;0a\\FCB9&z\":&scFCB9&=9&=$!!EOFAnH*qFBAMC!!!!","4195332":"!<d@[F*_NU#65#5@V&tbF\"%(r-OL@n!!!!`'`\\5a590_(J3FSV%K6>,4r\"%t!'hP)!!#8$i_(Bt\"USXSDe!QMDe*DjF*2G@DfTr/ARTF-@:s.^!<d@[F*S,n!!!$&E,TfBkI:`s!!","5245956":"!<d@[F*_TW#65#5@V&tbEutAh*=<,_!!!!`'`\\5a58\";4rr<!^*<6)T58`BQ+9_oT@VfsmCI<#NAIrp*E,]`9FCJfiD(T1/ARkfEE,TfC$ig8-!<d@[F*QlX#64`","3146757":"!<d@[F*_NU#65#5@V&tbF!L_m+pnYd!!!!`*<6'>58\"J9!!!!`'`\\465TKh)!'_=[9-=?@$\"@^h@r\"GMA7Z<nF`;;<Ecbc%@;RT)B4YTS\"E8:#GmXNO!!*4ADf^0e\\-E!6","3149829":"!<d@[F*_WX#65#5@V&tbF!L_m+pnYd!!!!`*<6'>58\"J9!!!!`'`\\465TKh)!'_=[9-=?@$\"@^h@r\"GMA7Z<nF`;;<Ecbc%@;RT)B4YTS\"E8:#GmXNO!!*4ADf^0e\\-E!6","4196357":"!<d@[F*_QV#65#5@V&tbF\"%(r-OL@n!!!!`'`\\5a590_(!5B-W%K?D-4r\"%t!'hP)!.[9Ni_(Bq\"USXSDe!QMDe*DjF*2G@DfTr/ARTF-@:s.^!<d@[F*S,n!!!$&E,TfBkdUit!!","5244933":"!<d@[F*_QV#65#5@V&tbF!L_m+pnhi!!!!`'`\\5a590_(J3OYR%K?D-4rjV'+@$e'9-=BA$\"@^h@r\"GMA7Z<nF`;;<Ecbc%@;RT)B4YTS\"E8:#GmjZQ!!*4ADf^0e\\-E!6","5246982":"!<d@[F*_WX#65#5@V&tbEutAh*=;rj!!!!`&e>EO!+<SWXfs(X*<H4+58`BQ+9;WP@VfsmCI<#NAIrp*E,]`9FCJfiD(T1/ARkfEE,TfC$ig8-!<d@[F*QrZ#64`"},"Entities":[],"ReplaceMode":2,"EntranceRotation":-1}