{
	"ingredient": { "type": "item", "code": "game:clay-*", "name": "type", "allowedVariants": ["blue", "red", "fire"] },
	"pattern": [[
		"#############",
		"#############",
		"#############",
		"#############",
		"#############",
		"#############",
		"#############",
		"#############",
		"#############",
		"#############",
		"#############",
		"#############",
		"#############"
	],
	[
		"#############",
		"#_#_#_#_#_#_#",
		"#############",
		"#_#_#_#_#_#_#",
		"#############",
		"#_#_#_#_#_#_#",
		"#############",
		"#_#_#_#_#_#_#",
		"#############",
		"#_#_#_#_#_#_#",
		"#############",
		"#_#_#_#_#_#_#",
		"#############"
	],
	[
		"#############",
		"#_#_#_#_#_#_#",
		"#############",
		"#_#_#_#_#_#_#",
		"#############",
		"#_#_#_#_#_#_#",
		"#############",
		"#_#_#_#_#_#_#",
		"#############",
		"#_#_#_#_#_#_#",
		"#############",
		"#_#_#_#_#_#_#",
		"#############"
	]],
	"name": "Firearms pellets mold",
	"output": { "type": "block", "code": "ammomold-pellet-raw" }
}