{"GameVersion":"1.18.5","SizeX":10,"SizeY":4,"SizeZ":7,"BlockCodes":{"9321":"game:metalblock-corroded-riveted-rusty-iron","7292":"game:planks-oak-ud","8206":"game:genericwood","1327":"game:metalblock-new-plain-iron","7279":"game:planks-oak-ns","790":"game:leather","1321":"game:metalblock-new-plain-bismuthbronze","2688":"game:strawbedding","263":"game:creativeblock-10","456":"game:chiseledblock","8614":"game:meta-spawner","8441":"game:wagonwheels-spoked-south","8433":"game:wagonwheels-spoked-north","1182":"game:locustnest-metalspike-none-upsidedown","397":"game:bonyremains-cowskull-up","402":"game:bonyremains-ribcage","1183":"game:locustnest-metalspike-tiny","8606":"game:clutter"},"ItemCodes":{},"Indices":[3072,6144,3073,6145,3074,5122,6146,3075,4099,5123,6147,1052675,1053699,2101251,2102275,3149827,3150851,3076,4100,5124,6148,1051652,1054724,2100228,2101252,2103300,3148804,3149828,3150852,3151876,5,1029,2053,3077,4101,5125,6149,1049605,1051653,1052677,1054725,2100229,2103301,3148805,3149829,3150853,3151877,6,1030,2054,3078,4102,5126,6150,1049606,1051654,1052678,1054726,2100230,2102278,2103302,3148806,3149830,3150854,3151878,7,1031,2055,3079,4103,5127,6151,1049607,1051655,1053703,1054727,2100231,2103303,3148807,3149831,3150855,3151879,3080,4104,5128,6152,1051656,1052680,1053704,1054728,2100232,2103304,3148808,3149832,3150856,3151880,4105,5129,1052681,1053705,2101257,2102281,3149833,3150857],"BlockIds":[456,456,456,456,456,8614,456,456,456,456,456,456,456,456,456,456,456,8441,456,456,8433,456,456,456,1182,456,456,456,456,456,456,456,456,456,456,456,456,456,456,8614,456,456,456,456,456,456,456,456,456,456,456,456,456,456,456,456,397,456,456,1182,456,456,456,456,456,456,456,456,8441,456,456,8433,456,456,402,456,456,456,456,456,456,456,456,456,456,456,456,1183,8606,456,456,456,456,456,456,456,456,456,456,456,456,456,456,456],"DecorIndices":[],"DecorIds":[],"BlockEntities":{"3072":"!<d@[F*P72#64c-E,TfC!rr<$!<d@[F*^j4#64o6@VfsmCI<#NAIW-_Bldj%ARo7dDe!Pj$#O*mATDKnCi]UW!!$^Y!!!$*Ec6&.FD5Z2!2'Jq$O:0a@W,skErc7@!9!nW!!ipCD/\")jBk1d@DZKi&#RPQdA7\\\\XCh[D\\!'^`\"F(o/r6#:CVF*(?!Ch[D\\!'^Vn@VfsmCJJ;TAK=-VEcP`%ARlotEc5h<@VfsmCEP$GBm+'0ARm4t(L_JqBl$LPFCfK,@;Je`@;^1$FD5<-!<<*\"!\"],1!!","6144":"!<d@[F*P72#64c-E,TfC!rr<$!<d@[F*^s7#64o6@VfsmCI<#NAIW-_Bldj%ARo7dDe!Pj$#O*mATDKnCi]UW!!$^Y!!!$*Ec6&.FD5Z2!2'Jq$O:0a@W,skErc7@!9!>W!!ipCD/\")jBk1d@DZKi&#RPQdA7\\\\XCh[D\\!'^`\"F(o/r6#:CVF*(?!Ch[D\\!'^Vn@VfsmCJJ;TAK=-VEcP`%ARlotEc5h<@VfsmCEP$GBm+'0ARm4t(L_JqBl$LPFCfK,@;Je`@;^1$FD5<-!<<*\"!\"],1!!","3073":"!<d@[F*P:3#64c-E,TfC!rr<$!<d@[F*^j4#64o6@VfsmCI<#NAIW-_Bldj%ARo7dDe!Pj$#O*mATDKnCi]UW!!$^Y!!!$*Ec6&.FD5Z2!2'Jq$O:0a@W,skErc7@!9!nW!!ipCD/\")jBk1d@DZKi&#RPQdA7\\\\XCh[D\\!'^`\"F(o/r6#:CVF*(?!Ch[D\\!'^Vn@VfsmCJJ;TAK=-VEcP`%ARlotEc5h<@VfsmCEP$GBm+'0ARm4t(L_JqBl$LPFCfK,@;Je`@;^1$FD5<-!<<*\"!\"],1!!","6145":"!<d@[F*P:3#64c-E,TfC!rr<$!<d@[F*^s7#64o6@VfsmCI<#NAIW-_Bldj%ARo7dDe!Pj$#O*mATDKnCi]UW!!$^Y!!!$*Ec6&.FD5Z2!2'Jq$O:0a@W,skErc7@!9!>W!!ipCD/\")jBk1d@DZKi&#RPQdA7\\\\XCh[D\\!'^`\"F(o/r6#:CVF*(?!Ch[D\\!'^Vn@VfsmCJJ;TAK=-VEcP`%ARlotEc5h<@VfsmCEP$GBm+'0ARm4t(L_JqBl$LPFCfK,@;Je`@;^1$FD5<-!<<*\"!\"],1!!","3074":"!<d@[F*P=4#64c-E,TfC!rr<$!<d@[F*^j4#64o6@VfsmCI<#NAIW-_Bldj%ARo7dDe!Pj$#O*mATDKnCi]UW!!$^Y!!!$*Ec6&.FD5Z2!2'Jq$O:0a@W,skErc7@!9!nW!!ipCD/\")jBk1d@DZKi&#RPQdA7\\\\XCh[D\\!'^`\"F(o/r6#:CVF*(?!Ch[D\\!'^Vn@VfsmCJJ;TAK=-VEcP`%ARlotEc5h<@VfsmCEP$GBm+'0ARm4t(L_JqBl$LPFCfK,@;Je`@;^1$FD5<-!<<*\"!\"],1!!","5122":"!<d@[F*P=4#64c-E,TfC!rr<$!<d@[F*^p6#64o6@VfsmCI<#NAINEeFC?bBE+*s.AT@eWD..ZVDfor>!<<*\"\":]'_FCfK9@;JJQF`MO'!!!!+$Y=3tBlnVfDe*F##ljr*)J<JqANFLID..=#Bk/f;Ea`KiE\\1mADe*o/B45Xg3bWYQ@;^!tA1_nD@:Wqi/R`[ABld^#,A1G%ANFLID..=#Bk/f;Ea`KiE\\1aCBl%<s@<?($Bjkh!*G8etANFLID..=#Bk/f;Ea`KiE\\1d;DffZ,DJ())@;TR:BQ\\0#DJs6\"/Tc#AA7]d5@rH4$De*R(Bk;?,B45Xg3bWYQ@;^!tA1_nD@:Wqi/S9-GDJ=38Eb-8(@;TR:BQ\\0#DJs6\"/Tc#AA7]d5CisuFEbT*+,%k>$ANFLID..=#Bk/f;Ea`KiE\\2?TEcu/?@;KRpDe*o6B45Xg3bWYQ@;^!tA1_nD@:Wqi/Tc#E@<6R3AS?4(FCfIn!dHF\"!!!!\"!dQL#!!!!\"!dZR$!!!!\"!dHI$!!!!\"!dQO&!!!!\"!dZU&!!!!\"%W,ot:i'QcATC[WDJ*M\\!!!!\"%W,X!:i'QcATC[WDJ*P\\s8W*\"%WcStGA^;eDJ*NTDe*DZ!!!!\"$?L/pGA]cdF`):%!!!!*'Q\\5%GA^2oCjA<YFCfJaD/aE6F9)CXBl7X,BjkgTF^]00BlnW!E+*s.ARkc@!!!$6Bl7X,BjkgVE+*s.;0?;bFD5iBz!=<CZDfp\"tBmO=k!!!!*$[6$#8SrEbEcbl'!!<mN@<6NhE+*s.<,ZkeCe/JeEc]SFgkU3-PX#6\\Bl8$(Ec,<%6XaqB@qg%1z!tK$_FCfK1@;J;E@<-!lzz!tTE`@q]:kB4XnNE_(+kEW?(>z!!=-U@<6NXBOPpoAQ<\\[@<?'[DffE(88iWkErZ1?z!\"TT]E+*s.ARn5IFD5i2ATIhO!!!!","6146":"!<d@[F*P=4#64c-E,TfC!rr<$!<d@[F*^s7#64o6@VfsmCI<#NAIW-_Bldj%ARo7dDe!Pj$#O*mATDKnCi]UW!!$^Y!!!$*Ec6&.FD5Z2!2'Jq$O:0a@W,skErc7@!9!>W!!ipCD/\")jBk1d@DZKi&#RPQdA7\\\\XCh[D\\!'^`\"F(o/r6#:CVF*(?!Ch[D\\!'^Vn@VfsmCJJ;TAK=-VEcP`%ARlotEc5h<@VfsmCEP$GBm+'0ARm4t(L_JqBl$LPFCfK,@;Je`@;^1$FD5<-!<<*\"!\"],1!!","3075":"!<d@[F*P@5#64c-E,TfC!rr<$!<d@[F*^j4#64o6@VfsmCI<#NAIW-_Bldj%ARo7dDe!Pj$#O*mATDKnCi]UW!!$^Y!!!$*Ec6&.FD5Z2!2'Jq$O:0a@W,skErc7@!9!nW!!ipCD/\")jBk1d@DZKi&#RPQdA7\\\\XCh[D\\!'^`\"F(o/r6#:CVF*(?!Ch[D\\!'^Vn@VfsmCJJ;TAK=-VEcP`%ARlotEc5h<@VfsmCEP$GBm+'0ARm4t(L_JqBl$LPFCfK,@;Je`@;^1$FD5<-!<<*\"!\"],1!!","4099":"!<d@[F*P@5#64c-E,TfC!rr<$!<d@[F*^m5#64o6@VfsmCI<#NAIW-_Bldj%ARo7dDe!Pj$#O*mATDKnCi]UW!!%Bd!!!$*Ec6&.FD5Z2!2'Jq$O:0a@W,skErc7@!9!AH!!ipCD/\")jBk1d@DZKi&#RPQdA7\\\\XCh[D\\!'^`\"F(o/r6#:CVF*(?!Ch[D\\!'^Vn@VfsmCJJ;TAI;4ACERS4@;]k%$Q!5p@;0OP@<?($BjkgTF^]00Bln'#Erc7@!!!Q1!!!","5123":"!<d@[F*P@5#64c-E,TfC!rr<$!<d@[F*^p6#64o6@VfsmCI<#NAIW-_Bldj%ARo7dDe!Pj$#O*mATDKnCi]UW!!%Bd!!!$*Ec6&.FD5Z2!2'Jq$O:0a@W,skErc7@!9!AH!!ipCD/\")jBk1d@DZKi&#RPQdA7\\\\XCh[D\\!'^`\"F(o/r6#:CVF*(?!Ch[D\\!'^Vn@VfsmCJJ;TAI;4ACERS4@;]k%$Q!5p@;0OP@<?($BjkgTF^]00Bln'#Erc7@!!!Q1!!!","6147":"!<d@[F*P@5#64c-E,TfC!rr<$!<d@[F*^s7#64o6@VfsmCI<#NAIW-_Bldj%ARo7dDe!Pj$#O*mATDKnCi]UW!!$^Y!!!$*Ec6&.FD5Z2!2'Jq$O:0a@W,skErc7@!9!>W!!ipCD/\")jBk1d@DZKi&#RPQdA7\\\\XCh[D\\!'^`\"F(o/r6#:CVF*(?!Ch[D\\!'^Vn@VfsmCJJ;TAK=-VEcP`%ARlotEc5h<@VfsmCEP$GBm+'0ARm4t(L_JqBl$LPFCfK,@;Je`@;^1$FD5<-!<<*\"!\"],1!!","1052675":"!<d@[F*P@5#64c-E,TfC\"98E%!<d@[F*^m5#64o6@VfsmCI<#NAIW-_Bldj%ARo7dDe!Pj$#O*mATDKnCi]^Z!!%Bd!!$^Y!!!KO!!\"YU!!!$*Ec6&.FD5Z2!2'Jq$O:0a@W,skEs;UE!12(.!Y4]1!=o/0!M897!rh`Y!>\"_g!!ipCD/\")jBk1d@DZKi&#RPQdA7\\\\XCh[D\\!!3E:F(o/r6#:CVF*(?!Ch[D\\!!3<1@VfsmCJJ;TAI;4ACERS4@;]k%$Q!5p@;0OP@<?($BjkgTF^]00Bln'#Erc7@!!!Q1!!!","1053699":"!<d@[F*P@5#64c-E,TfC\"98E%!<d@[F*^p6#64o6@VfsmCI<#NAIW-_Bldj%ARo7dDe!Pj$#O*mATDKnCi]^Z!!%Bd!!$^Y!!!KO!!\"YU!!!$*Ec6&.FD5Z2!2'Jq$O:0a@W,skEs;UE!12(.!Y4]1!=o/0!M897!rh`Y!>\"_g!!ipCD/\")jBk1d@DZKi&#RPQdA7\\\\XCh[D\\!!3E:F(o/r6#:CVF*(?!Ch[D\\!!3<1@VfsmCJJ;TAI;4ACERS4@;]k%$Q!5p@;0OP@<?($BjkgTF^]00Bln'#Es)IC!!!Q1!!!Q1!!!Q1!!!Q1!!!","2101251":"!<d@[F*P@5#64c-E,TfC\"TSN&!<d@[F*^m5#64o6@VfsmCI<#NAIW-_Bldj%ARo7dDe!Pj$#O*mATDKnCi]XX!!%Bd!!$^Y!!!$*Ec6&.FD5Z2!2'Jq$O:0a@W,skEs)IC!\"SK/!=o/0!WMWX!>\"_g!!ipCD/\")jBk1d@DZKi&#RPQdA7\\\\XCh[D\\!'^`\"F(o/r6#:CVF*(?!Ch[D\\!'^Vn@VfsmCJJ;TAI;4ACERS4@;]k%$Q!5p@;0OP@<?($BjkgTF^]00Bln'#Erc7@!!!Q1!!!","2102275":"!<d@[F*P@5#64c-E,TfC\"TSN&!<d@[F*^p6#64o6@VfsmCI<#NAIW-_Bldj%ARo7dDe!Pj$#O*mATDKnCi]XX!!%Bd!!$^Y!!!$*Ec6&.FD5Z2!2'Jq$O:0a@W,skEs)IC!\"SK/!=o/0!WMWX!>\"_g!!ipCD/\")jBk1d@DZKi&#RPQdA7\\\\XCh[D\\!'^`\"F(o/r6#:CVF*(?!Ch[D\\!'^Vn@VfsmCJJ;TAI;4ACERS4@;]k%$Q!5p@;0OP@<?($BjkgTF^]00Bln'#Erc7@!!!Q1!!!","3149827":"!<d@[F*P@5#64c-E,TfC\"onW'!<d@[F*^m5#64o6@VfsmCI<#NAIW-_Bldj%ARo7dDe!Pj$#O*mATDKnCi]UW!!$^Y!!!$*Ec6&.FD5Z2!2'Jq$O:0a@W,skErc7@!\"SMg!!ipCD/\")jBk1d@DZKi&#RPQdA7\\\\XCh[D\\!'^`\"F(o/r6#:CVF*(?!Ch[D\\!'^Vn@VfsmCJJ;TAK=-VEcP`%ARlotEc5h<@VfsmCEP$GBm+'0ARm4t(L_JqBl$LPFCfK,@;Je`@;^1$FD5<-!<<*\"!\"],1!!","3150851":"!<d@[F*P@5#64c-E,TfC\"onW'!<d@[F*^p6#64o6@VfsmCI<#NAIW-_Bldj%ARo7dDe!Pj$#O*mATDKnCi]UW!!$^Y!!!$*Ec6&.FD5Z2!2'Jq$O:0a@W,skErc7@!\"SMg!!ipCD/\")jBk1d@DZKi&#RPQdA7\\\\XCh[D\\!'^`\"F(o/r6#:CVF*(?!Ch[D\\!'^Vn@VfsmCJJ;TAK=-VEcP`%ARlotEc5h<@VfsmCEP$GBm+'0ARm4t(L_JqBl$LPFCfK,@;Je`@;^1$FD5<-!<<*\"!\"],1!!","4100":"!<d@[F*PC6#64c-E,TfC!rr<$!<d@[F*^m5#64o6@VfsmCI<#NAIW-_Bldj%ARo7dDe!Pj$#O*mATDKnCi]XX!!!KO!!$pW!!!$*Ec6&.FD5Z2!2'Jq$O:0a@W,skErl=A!9!AH!QL6\"!!ipCD/\")jBk1d@DZKi&#RPQdA7\\\\XCh[D\\!'^`\"F(o/r6#:CVF*(?!Ch[D\\!'^Vn@VfsmCJJ;TAHY;DCh3tj@<Q'nCe\\>[ATDKnCf,=`DKKT7Bk;>dz&-)\\1","5124":"!<d@[F*PC6#64c-E,TfC!rr<$!<d@[F*^p6#64o6@VfsmCI<#NAIW-_Bldj%ARo7dDe!Pj$#O*mATDKnCi]XX!!!KO!!$pW!!!$*Ec6&.FD5Z2!2'Jq$O:0a@W,skErl=A!9!AH!QL6\"!!ipCD/\")jBk1d@DZKh<#RPQdA7\\\\XCh[D\\!\"]DHF(o/r6#:CVF*(?!Ch[D\\!\"];?@VfsmCJJ;TAHY;DCh3tj@<Q'nCe\\>[ATDKnCf,=`DKKT7Bk;>ez&-)\\1&-)\\1","1051652":"!<d@[F*PC6#64c-E,TfC\"98E%!<d@[F*^j4#64o6@VfsmCI<#NAIW-_Bldj%ARo7dDe!Pj$#O*mATDKnCi]UW!!$^Y!!!$*Ec6&.FD5Z2!2'Jq$O:0a@W,skEsD[F!!*#V!!!Q0!\"]Y/!!Qa0!\",q0!\"],0!$D4/!!ipCD/\")jBk1d@DZKi&#RPQdA7\\\\XCh[D\\!'^`\"F(o/r6#:CVF*(?!Ch[D\\!'^Vn@VfsmCJJ;TAK=-VEcP`%ARlotEc5h<@VfsmCEP$GBm+'0ARm4t(L_JqBl$LPFCfK,@;Je`@;^1$FD5<-!<<*\"!\"],1!!","1054724":"!<d@[F*PC6#64c-E,TfC\"98E%!<d@[F*^s7#64o6@VfsmCI<#NAIW-_Bldj%ARo7dDe!Pj$#O*mATDKnCi]UW!!$^Y!!!$*Ec6&.FD5Z2!2'Jq$O:0a@W,skEsD[F!!)O#!\"\\Q0!$C_Q!\",A0!!Q10!!!!0!\"]/Q!!ipCD/\")jBk1d@DZKi&#RPQdA7\\\\XCh[D\\!'^`\"F(o/r6#:CVF*(?!Ch[D\\!'^Vn@VfsmCJJ;TAK=-VEcP`%ARlotEc5h<@VfsmCEP$GBm+'0ARm4t(L_JqBl$LPFCfK,@;Je`@;^1$FD5<-!<<*\"!\"],1!!","2100228":"!<d@[F*PC6#64c-E,TfC\"TSN&!<d@[F*^j4#64o6@VfsmCI<#NAIW-_Bldj%ARo7dDe!Pj$#O*mATDKnCi]UW!!$^Y!!!$*Ec6&.FD5Z2!2'Jq$O:0a@W,skEsD[F!!*#V!!!Q0!\"]Y/!!Qa0!\",q0!\"],0!$D4/!!ipCD/\")jBk1d@DZKi&#RPQdA7\\\\XCh[D\\!'^`\"F(o/r6#:CVF*(?!Ch[D\\!'^Vn@VfsmCJJ;TAK=-VEcP`%ARlotEc5h<@VfsmCEP$GBm+'0ARm4t(L_JqBl$LPFCfK,@;Je`@;^1$FD5<-!<<*\"!\"],1!!","2103300":"!<d@[F*PC6#64c-E,TfC\"TSN&!<d@[F*^s7#64o6@VfsmCI<#NAIW-_Bldj%ARo7dDe!Pj$#O*mATDKnCi]UW!!$^Y!!!$*Ec6&.FD5Z2!2'Jq$O:0a@W,skEsD[F!!)O#!\"\\Q0!$C_Q!\",A0!!Q10!!!!0!\"]/Q!!ipCD/\")jBk1d@DZKi&#RPQdA7\\\\XCh[D\\!'^`\"F(o/r6#:CVF*(?!Ch[D\\!'^Vn@VfsmCJJ;TAK=-VEcP`%ARlotEc5h<@VfsmCEP$GBm+'0ARm4t(L_JqBl$LPFCfK,@;Je`@;^1$FD5<-!<<*\"!\"],1!!","3148804":"!<d@[F*PC6#64c-E,TfC\"onW'!<d@[F*^j4#64o6@VfsmCI<#NAIW-_Bldj%ARo7dDe!Pj$#O*mATDKnCi]UW!!$^Y!!!$*Ec6&.FD5Z2!2'Jq$O:0a@W,skErc7@!!*#g!!ipCD/\")jBk1d@DZKi&#RPQdA7\\\\XCh[D\\!'^`\"F(o/r6#:CVF*(?!Ch[D\\!'^Vn@VfsmCJJ;TAK=-VEcP`%ARlotEc5h<@VfsmCEP$GBm+'0ARm4t(L_JqBl$LPFCfK,@;Je`@;^1$FD5<-!<<*\"!\"],1!!","3149828":"!<d@[F*PC6#64c-E,TfC\"onW'!<d@[F*^m5#64o6@VfsmCI<#NAIW-_Bldj%ARo7dDe!Pj$#O*mATDKnCi]UW!!$pW!!!$*Ec6&.FD5Z2!2'Jq$O:0a@W,skErc7@!!)NX!!ipCD/\")jBk1d@DZKi&#RPQdA7\\\\XCh[D\\!'^`\"F(o/r6#:CVF*(?!Ch[D\\!'^Vn@VfsmCJJ;TAI;4ACERS4@;]k%$Q!5p@;0OP@<?($BjkgTF^]00Bln'#Erc7@!!!Q1!!!","3150852":"!<d@[F*PC6#64c-E,TfC\"onW'!<d@[F*^p6#64o6@VfsmCI<#NAIW-_Bldj%ARo7dDe!Pj$#O*mATDKnCi]UW!!$pW!!!$*Ec6&.FD5Z2!2'Jq$O:0a@W,skErc7@!!)NX!!ipCD/\")jBk1d@DZKh<#RPQdA7\\\\XCh[D\\!$DOXF(o/r6#:CVF*(?!Ch[D\\!$DFO@VfsmCJJ;TAI;4ACERS4@;]k%$Q!5p@;0OP@<?($BjkgTF^]00Bln'#Erc7@!!!Q1!!!","3151876":"!<d@[F*PC6#64c-E,TfC\"onW'!<d@[F*^s7#64o6@VfsmCI<#NAIW-_Bldj%ARo7dDe!Pj$#O*mATDKnCi]UW!!$^Y!!!$*Ec6&.FD5Z2!2'Jq$O:0a@W,skErc7@!!)L#!!ipCD/\")jBk1d@DZKi&#RPQdA7\\\\XCh[D\\!'^`\"F(o/r6#:CVF*(?!Ch[D\\!'^Vn@VfsmCJJ;TAK=-VEcP`%ARlotEc5h<@VfsmCEP$GBm+'0ARm4t(L_JqBl$LPFCfK,@;Je`@;^1$FD5<-!<<*\"!\"],1!!","5":"!<d@[F*PF7#64c-E,TfC!rr<$!<d@[F*^a1#64o6@VfsmCI<#NAIW-_Bldj%ARo7dDe!Pj$#O*mATDKnCi][Y!!%Bd!!\"YU!!!c:!!!$*Ec6&.FD5Z2!2'Jq$O:0a@W,skEtnZT!!)b5!Y4m2!YG-Z!\\jG8!`8`k!c\\%I!g*?'!jMXZ!mpr7!q?6i!Y4\\u!\"SGT!=dUh!<CYH!XQeR!XEmX!<ZqA!Wj]X!<F;A!!+/!!<<mC!XK-ED/\")jBk1d@DZKi&#RPQdA7\\\\XCh[D\\!'^`\"F(o/r6#:CVF*(?!Ch[D\\!'^Vn@VfsmCJJ;TAI;4ACERS4@;]k%$Q!5p@;0OP@<?($BjkgTF^]00Bln'#Erc7@!!!Q1!!!","1029":"!<d@[F*PF7#64c-E,TfC!rr<$!<d@[F*^d2#64o6@VfsmCI<#NAIW-_Bldj%ARo7dDe!Pj$#O*mATDKnCi]UW!!!c:!!!$*Ec6&.FD5Z2!2'Jq$O:0a@W,skErl=A!\"/5c!%[U!!!ipCD/\")jBk1d@DZKi&#RPQdA7\\\\XCh[D\\!'^`\"F(o/r6#:CVF*(?!Ch[D\\!'^Vn@VfsmCJJ;TAHtn?@<?0oEXN[lG%#*$9jr-TEbSru;0?;bFD5i2ATIkP!!!!1!!!!","2053":"!<d@[F*PF7#64c-E,TfC!rr<$!<d@[F*^g3#64o6@VfsmCI<#NAIW-_Bldj%ARo7dDe!Pj$#O*mATDKnCi][Y!!%Bd!!\"YU!!!c:!!!$*Ec6&.FD5Z2!2'Jq$O:0a@W,skEtnZT!!)eF!WX+2!YG*I!\\j=Z!`8Pk!c[d'!g*\"8!jM5I!mpHY!q>[i!W`iB!!*ZC!<O^5!<W+j!X!_0!XOXG!=?l0!Y*hG!=n#t!\"Rs!!=npe!XK-ED/\")jBk1d@DZKi&#RPQdA7\\\\XCh[D\\!'^`\"F(o/r6#:CVF*(?!Ch[D\\!'^Vn@VfsmCJJ;TAI;4ACERS4@;]k%$Q!5p@;0OP@<?($BjkgTF^]00Bln'#Erc7@!!!Q1!!!","3077":"!<d@[F*PF7#64c-E,TfC!rr<$!<d@[F*^j4#64o6@VfsmCI<#NAIW-_Bldj%ARo7dDe!Pj$#O*mATDKnCi]UW!!$^Y!!!$*Ec6&.FD5Z2!2'Jq$O:0a@W,skErc7@!9!nW!!ipCD/\")jBk1d@DZKi&#RPQdA7\\\\XCh[D\\!'^`\"F(o/r6#:CVF*(?!Ch[D\\!'^Vn@VfsmCJJ;TAK=-VEcP`%ARlotEc5h<@VfsmCEP$GBm+'0ARm4t(L_JqBl$LPFCfK,@;Je`@;^1$FD5<-!<<*\"!\"],1!!","4101":"!<d@[F*PF7#64c-E,TfC!rr<$!<d@[F*^m5#64o6@VfsmCI<#NAIW-_Bldj%ARo7dDe!Pj$#O*mATDKnCi]UW!!$pW!!!$*Ec6&.FD5Z2!2'Jq$O:0a@W,skErc7@!9!AH!!ipCD/\")jBk1d@DZKi&#RPQdA7\\\\XCh[D\\!'^`\"F(o/r6#:CVF*(?!Ch[D\\!'^Vn@VfsmCJJ;TAI;4ACERS4@;]k%$Q!5p@;0OP@<?($BjkgTF^]00Bln'#Erc7@!!!Q1!!!","5125":"!<d@[F*PF7#64c-E,TfC!rr<$!<d@[F*^p6#64o6@VfsmCI<#NAIW-_Bldj%ARo7dDe!Pj$#O*mATDKnCi]UW!!%Bd!!!$*Ec6&.FD5Z2!2'Jq$O:0a@W,skErc7@!9!AH!!ipCD/\")jBk1d@DZKi&#RPQdA7\\\\XCh[D\\!'^`\"F(o/r6#:CVF*(?!Ch[D\\!'^Vn@VfsmCJJ;TAI;4ACERS4@;]k%$Q!5p@;0OP@<?($BjkgTF^]00Bln'#Erc7@!!!Q1!!!","6149":"!<d@[F*PF7#64c-E,TfC!rr<$!<d@[F*^s7#64o6@VfsmCI<#NAIW-_Bldj%ARo7dDe!Pj$#O*mATDKnCi]UW!!$^Y!!!$*Ec6&.FD5Z2!2'Jq$O:0a@W,skErc7@!9!>W!!ipCD/\")jBk1d@DZKh<#RPQdA7\\\\XCh[D\\!!!98F(o/r6#:CVF*(?!Ch[D\\!!!0/@VfsmCJJ;TAK=-VEcP`%ARlotEc5h<@VfsmCEP$GBm+'0ARm4t(L_JqBl$LPFCfK,@;Je`@;^1$FD5<-!<<*\"!\"],1!!","1049605":"!<d@[F*PF7#64c-E,TfC\"98E%!<d@[F*^d2#64o6@VfsmCI<#NAIW-_Bldj%ARo7dDe!Pj$#O*mATDKnCi][Y!!!c:!!$pW!!\"GO!!!$*Ec6&.FD5Z2!2'Jq$O:0a@W,skEuk;]z!!!:T!WWc#!\"eZD!\"f+W!\"f.g!$Li!!$M0F!$M3V!&4%T!&455!&48E!'p6g!'o^h!DrNE!!*W2!W`nk!<F;3!YH9&!<UUJ!!;A7!<V0J!\"Roe!Y41.!=nAP!=nSf!ZpQY!>\"Z\"!\"\\jT!Y>>#!!ipCD/\")jBk1d@DZKi&#RPQdA7\\\\XCh[D\\!'^`\"F(o/r6#:CVF*(?!Ch[D\\!'^Vn@VfsmCJJ;TAHtn?@<?0oEXN[lG%#*$9jr-TEbSru;0?;bFD5i2ATIkP!!!!1!!!!","1051653":"!<d@[F*PF7#64c-E,TfC\"98E%!<d@[F*^j4#64o6@VfsmCI<#NAIW-_Bldj%ARo7dDe!Pj$#O*mATDKnCi]UW!!$^Y!!!$*Ec6&.FD5Z2!2'Jq$O:0a@W,skEsD[F!!*#V!!!Q0!\"]Y/!!Qa0!\",q0!\"],0!$D4/!!ipCD/\")jBk1d@DZKi&#RPQdA7\\\\XCh[D\\!'^`\"F(o/r6#:CVF*(?!Ch[D\\!'^Vn@VfsmCJJ;TAK=-VEcP`%ARlotEc5h<@VfsmCEP$GBm+'0ARm4t(L_JqBl$LPFCfK,@;Je`@;^1$FD5<-!<<*\"!\"],1!!","1052677":"!<d@[F*PF7#64c-E,TfC\"98E%!<d@[F*^m5#64o6@VfsmCI<#NAINEeFC?bBE+*s.AT@eWD..ZVDfor>!WW3#\":]'_FCfK9@;JJQF`MO'!!!!+$Y=3tBlnVfDe*F##ljr*)J<JqANFLID..=#Bk/f;Ea`KiE\\1mADe*o/B45Xg3bWYQ@;^!tA1_nD@:Wqi/R`[ABld^#,A1G%ANFLID..=#Bk/f;Ea`KiE\\1aCBl%<s@<?($Bjkh!*G8etANFLID..=#Bk/f;Ea`KiE\\1d;DffZ,DJ())@;TR:BQ\\0#DJs6\"/Tc#AA7]d5@rH4$De*R(Bk;?,B45Xg3bWYQ@;^!tA1_nD@:Wqi/S9-GDJ=38Eb-8(@;TR:BQ\\0#DJs6\"/Tc#AA7]d5CisuFEbT*+,%k>$ANFLID..=#Bk/f;Ea`KiE\\2?TEcu/?@;KRpDe*o6B45Xg3bWYQ@;^!tA1_nD@:Wqi/Tc#E@<6R3AS?4(FCfIn!dHF\"!!!!\"!dQL#!!!!\"!dZR$!!!!\"!dHI$!!!!\"!dQO&!!!!\"!dZU&!!!!\"%W,ot:i'QcATC[WDJ*M\\!!!!\"%W,X!:i'QcATC[WDJ*P\\s8W*\"%WcStGA^;eDJ*NTDe*DZ!!!!\"$?L/pGA]cdF`):&!!!!*'Q\\5%GA^2oCjA<YFCfJaD/aE6F9)CXBl7X,BjkgTF^]00BlnW!E+*s.ARkc@!!!$6Bl7X,BjkgVE+*s.;0?;bFD5iBz!=<CZDfp\"tBmO=k!!!!*$[6$#8SrEbEcbl'!!<mN@<6NhE+*s.<,ZkeCe/JeEc]SFgkU3-PX#6\\Bl8$(Ec,<%6XaqB@qg%1z!tK$_FCfK1@;J;E@<-!lzz!tTE`@q]:kB4XnNE_(+kEW?(>z!!=-U@<6NXBOPpoAQ<\\[@<?'[DffE(88iWkErZ1?z!\"TT]E+*s.ARn5IFD5i2ATIhO!!!!","1054725":"!<d@[F*PF7#64c-E,TfC\"98E%!<d@[F*^s7#64o6@VfsmCI<#NAIW-_Bldj%ARo7dDe!Pj$#O*mATDKnCi]UW!!$^Y!!!$*Ec6&.FD5Z2!2'Jq$O:0a@W,skEsD[F!!)O#!\"\\Q0!$C_Q!\",A0!!Q10!!!!0!\"]/Q!!ipCD/\")jBk1d@DZKi&#RPQdA7\\\\XCh[D\\!'^`\"F(o/r6#:CVF*(?!Ch[D\\!'^Vn@VfsmCJJ;TAK=-VEcP`%ARlotEc5h<@VfsmCEP$GBm+'0ARm4t(L_JqBl$LPFCfK,@;Je`@;^1$FD5<-!<<*\"!\"],1!!","2100229":"!<d@[F*PF7#64c-E,TfC\"TSN&!<d@[F*^j4#64o6@VfsmCI<#NAIW-_Bldj%ARo7dDe!Pj$#O*mATDKnCi]UW!!$^Y!!!$*Ec6&.FD5Z2!2'Jq$O:0a@W,skEsD[F!!*#V!!!Q0!\"]Y/!!Qa0!\",q0!\"],0!$D4/!!ipCD/\")jBk1d@DZKi&#RPQdA7\\\\XCh[D\\!'^`\"F(o/r6#:CVF*(?!Ch[D\\!'^Vn@VfsmCJJ;TAK=-VEcP`%ARlotEc5h<@VfsmCEP$GBm+'0ARm4t(L_JqBl$LPFCfK,@;Je`@;^1$FD5<-!<<*\"!\"],1!!","2103301":"!<d@[F*PF7#64c-E,TfC\"TSN&!<d@[F*^s7#64o6@VfsmCI<#NAIW-_Bldj%ARo7dDe!Pj$#O*mATDKnCi]UW!!$^Y!!!$*Ec6&.FD5Z2!2'Jq$O:0a@W,skEsD[F!!)O#!\"\\Q0!$C_Q!\",A0!!Q10!!!!0!\"]/Q!!ipCD/\")jBk1d@DZKi&#RPQdA7\\\\XCh[D\\!'^`\"F(o/r6#:CVF*(?!Ch[D\\!'^Vn@VfsmCJJ;TAK=-VEcP`%ARlotEc5h<@VfsmCEP$GBm+'0ARm4t(L_JqBl$LPFCfK,@;Je`@;^1$FD5<-!<<*\"!\"],1!!","3148805":"!<d@[F*PF7#64c-E,TfC\"onW'!<d@[F*^j4#64o6@VfsmCI<#NAIW-_Bldj%ARo7dDe!Pj$#O*mATDKnCi]UW!!$^Y!!!$*Ec6&.FD5Z2!2'Jq$O:0a@W,skErc7@!!*#g!!ipCD/\")jBk1d@DZKi&#RPQdA7\\\\XCh[D\\!'^`\"F(o/r6#:CVF*(?!Ch[D\\!'^Vn@VfsmCJJ;TAK=-VEcP`%ARlotEc5h<@VfsmCEP$GBm+'0ARm4t(L_JqBl$LPFCfK,@;Je`@;^1$FD5<-!<<*\"!\"],1!!","3149829":"!<d@[F*PF7#64c-E,TfC\"onW'!<d@[F*^m5#64o6@VfsmCI<#NAIW-_Bldj%ARo7dDe!Pj$#O*mATDKnCi]UW!!$pW!!!$*Ec6&.FD5Z2!2'Jq$O:0a@W,skErc7@!!)NX!!ipCD/\")jBk1d@DZKi&#RPQdA7\\\\XCh[D\\!'^`\"F(o/r6#:CVF*(?!Ch[D\\!'^Vn@VfsmCJJ;TAI;4ACERS4@;]k%$Q!5p@;0OP@<?($BjkgTF^]00Bln'#Erc7@!!!Q1!!!","3150853":"!<d@[F*PF7#64c-E,TfC\"onW'!<d@[F*^p6#64o6@VfsmCI<#NAIW-_Bldj%ARo7dDe!Pj$#O*mATDKnCi]UW!!$pW!!!$*Ec6&.FD5Z2!2'Jq$O:0a@W,skErc7@!!)NX!!ipCD/\")jBk1d@DZKi&#RPQdA7\\\\XCh[D\\!'^`\"F(o/r6#:CVF*(?!Ch[D\\!'^Vn@VfsmCJJ;TAI;4ACERS4@;]k%$Q!5p@;0OP@<?($BjkgTF^]00Bln'#Erc7@!!!Q1!!!","3151877":"!<d@[F*PF7#64c-E,TfC\"onW'!<d@[F*^s7#64o6@VfsmCI<#NAIW-_Bldj%ARo7dDe!Pj$#O*mATDKnCi]UW!!$^Y!!!$*Ec6&.FD5Z2!2'Jq$O:0a@W,skErc7@!!)L#!!ipCD/\")jBk1d@DZKi&#RPQdA7\\\\XCh[D\\!'^`\"F(o/r6#:CVF*(?!Ch[D\\!'^Vn@VfsmCJJ;TAK=-VEcP`%ARlotEc5h<@VfsmCEP$GBm+'0ARm4t(L_JqBl$LPFCfK,@;Je`@;^1$FD5<-!<<*\"!\"],1!!","6":"!<d@[F*PI8#64c-E,TfC!rr<$!<d@[F*^a1#64o6@VfsmCI<#NAIW-_Bldj%ARo7dDe!Pj$#O*mATDKnCi][Y!!%Bd!!\"YU!!!c:!!!$*Ec6&.FD5Z2!2'Jq$O:0a@W,skEtnZT!!)b5!Y4m2!YG-Z!\\jG8!`8`k!c\\%I!g*?'!jMXZ!mpr7!q?6i!Y4\\u!\"SGT!=dUh!<CYH!XQeR!XEmX!<ZqA!Wj]X!<F;A!!+/!!<<mC!XK-ED/\")jBk1d@DZKi&#RPQdA7\\\\XCh[D\\!'^`\"F(o/r6#:CVF*(?!Ch[D\\!'^Vn@VfsmCJJ;TAI;4ACERS4@;]k%$Q!5p@;0OP@<?($BjkgTF^]00Bln'#Erc7@!!!Q1!!!","1030":"!<d@[F*PI8#64c-E,TfC!rr<$!<d@[F*^d2#64o6@VfsmCI<#NAIW-_Bldj%ARo7dDe!Pj$#O*mATDKnCi][Y!!!c:!!%NV!!!6)!!!$*Ec6&.FD5Z2!2'Jq$O:0a@W,skEs2OD!!)NX!\"e\\Z!>k5+!Z1n,![mNt!XK-ED/\")jBk1d@DZKi&#RPQdA7\\\\XCh[D\\!'^`\"F(o/r6#:CVF*(?!Ch[D\\!'^Vn@VfsmCJJ;TAHtn?@<?0oEXN[lG%#*$9jr-TEbSru;0?;bFD5i2ATIkP!!!!1!!!!","2054":"!<d@[F*PI8#64c-E,TfC!rr<$!<d@[F*^g3#64o6@VfsmCI<#NAIW-_Bldj%ARo7dDe!Pj$#O*mATDKnCi][Y!!%Bd!!\"YU!!!c:!!!$*Ec6&.FD5Z2!2'Jq$O:0a@W,skEtnZT!!)eF!WX+2!YG*I!\\j=Z!`8Pk!c[d'!g*\"8!jM5I!mpHY!q>[i!W`iB!!*ZC!<O^5!<W+j!X!_0!XOXG!=?l0!Y*hG!=n#t!\"Rs!!=npe!XK-ED/\")jBk1d@DZKi&#RPQdA7\\\\XCh[D\\!'^`\"F(o/r6#:CVF*(?!Ch[D\\!'^Vn@VfsmCJJ;TAI;4ACERS4@;]k%$Q!5p@;0OP@<?($BjkgTF^]00Bln'#Erc7@!!!Q1!!!","3078":"!<d@[F*PI8#64c-E,TfC!rr<$!<d@[F*^j4#64o6@VfsmCI<#NAIW-_Bldj%ARo7dDe!Pj$#O*mATDKnCi]UW!!$^Y!!!$*Ec6&.FD5Z2!2'Jq$O:0a@W,skErc7@!9!nW!!ipCD/\")jBk1d@DZKh<#RPQdA7\\\\XCh[D\\!!!98F(o/r6#:CVF*(?!Ch[D\\!!!0/@VfsmCJJ;TAK=-VEcP`%ARlotEc5h<@VfsmCEP$GBm+'0ARm4t(L_JqBl$LPFCfK,@;Je`@;^1$FD5<-!<<*\"!\"],1!!","4102":"!<d@[F*PI8#64c-E,TfC!rr<$!<d@[F*^m5#64o6@VfsmCI<#NAIW-_Bldj%ARo7dDe!Pj$#O*mATDKnCi]UW!!$pW!!!$*Ec6&.FD5Z2!2'Jq$O:0a@W,skErc7@!9!AH!!ipCD/\")jBk1d@DZKi&#RPQdA7\\\\XCh[D\\!'^`\"F(o/r6#:CVF*(?!Ch[D\\!'^Vn@VfsmCJJ;TAI;4ACERS4@;]k%$Q!5p@;0OP@<?($BjkgTF^]00Bln'#Erc7@!!!Q1!!!","5126":"!<d@[F*PI8#64c-E,TfC!rr<$!<d@[F*^p6#64o6@VfsmCI<#NAIW-_Bldj%ARo7dDe!Pj$#O*mATDKnCi]UW!!%Bd!!!$*Ec6&.FD5Z2!2'Jq$O:0a@W,skErc7@!9!AH!!ipCD/\")jBk1d@DZKi&#RPQdA7\\\\XCh[D\\!'^`\"F(o/r6#:CVF*(?!Ch[D\\!'^Vn@VfsmCJJ;TAI;4ACERS4@;]k%$Q!5p@;0OP@<?($BjkgTF^]00Bln'#Erc7@!!!Q1!!!","6150":"!<d@[F*PI8#64c-E,TfC!rr<$!<d@[F*^s7#64o6@VfsmCI<#NAIW-_Bldj%ARo7dDe!Pj$#O*mATDKnCi]UW!!$^Y!!!$*Ec6&.FD5Z2!2'Jq$O:0a@W,skErc7@!9!>W!!ipCD/\")jBk1d@DZKi&#RPQdA7\\\\XCh[D\\!'^`\"F(o/r6#:CVF*(?!Ch[D\\!'^Vn@VfsmCJJ;TAK=-VEcP`%ARlotEc5h<@VfsmCEP$GBm+'0ARm4t(L_JqBl$LPFCfK,@;Je`@;^1$FD5<-!<<*\"!\"],1!!","1049606":"!<d@[F*PI8#64c-E,TfC\"98E%!<d@[F*^d2#64o6@VfsmCI<#NAIW-_Bldj%ARo7dDe!Pj$#O*mATDKnCi][Y!!!c:!!$pW!!\"GO!!!$*Ec6&.FD5Z2!2'Jq$O:0a@W,skEuk;]z!!!:T!WWc#!\"eZD!\"f+W!\"f.g!$Li!!$M0F!$M3V!&4%T!&455!&48E!'p6g!'o^h!DrNE!!*W2!W`nk!<F;3!YH9&!<UUJ!!;A7!<V0J!\"Roe!Y41.!=nAP!=nSf!ZpQY!>\"Z\"!\"\\jT!Y>>#!!ipCD/\")jBk1d@DZKi&#RPQdA7\\\\XCh[D\\!'^`\"F(o/r6#:CVF*(?!Ch[D\\!'^Vn@VfsmCJJ;TAHtn?@<?0oEXN[lG%#*$9jr-TEbSru;0?;bFD5i2ATIkP!!!!1!!!!","1051654":"!<d@[F*PI8#64c-E,TfC\"98E%!<d@[F*^j4#64o6@VfsmCI<#NAIW-_Bldj%ARo7dDe!Pj$#O*mATDKnCi]UW!!$^Y!!!$*Ec6&.FD5Z2!2'Jq$O:0a@W,skEsD[F!!*#V!!!Q0!\"]Y/!!Qa0!\",q0!\"],0!$D4/!!ipCD/\")jBk1d@DZKh<#RPQdA7\\\\XCh[D\\!!!98F(o/r6#:CVF*(?!Ch[D\\!!!0/@VfsmCJJ;TAK=-VEcP`%ARlotEc5h<@VfsmCEP$GBm+'0ARm4t(L_JqBl$LPFCfK,@;Je`@;^1$FD5<-!<<*\"!\"],1!!","1054726":"!<d@[F*PI8#64c-E,TfC\"98E%!<d@[F*^s7#64o6@VfsmCI<#NAIW-_Bldj%ARo7dDe!Pj$#O*mATDKnCi]UW!!$^Y!!!$*Ec6&.FD5Z2!2'Jq$O:0a@W,skEsD[F!!)O#!\"\\Q0!$C_Q!\",A0!!Q10!!!!0!\"]/Q!!ipCD/\")jBk1d@DZKi&#RPQdA7\\\\XCh[D\\!'^`\"F(o/r6#:CVF*(?!Ch[D\\!'^Vn@VfsmCJJ;TAK=-VEcP`%ARlotEc5h<@VfsmCEP$GBm+'0ARm4t(L_JqBl$LPFCfK,@;Je`@;^1$FD5<-!<<*\"!\"],1!!","2100230":"!<d@[F*PI8#64c-E,TfC\"TSN&!<d@[F*^j4#64o6@VfsmCI<#NAIW-_Bldj%ARo7dDe!Pj$#O*mATDKnCi]UW!!$^Y!!!$*Ec6&.FD5Z2!2'Jq$O:0a@W,skEsD[F!!*#V!!!Q0!\"]Y/!!Qa0!\",q0!\"],0!$D4/!!ipCD/\")jBk1d@DZKi&#RPQdA7\\\\XCh[D\\!'^`\"F(o/r6#:CVF*(?!Ch[D\\!'^Vn@VfsmCJJ;TAK=-VEcP`%ARlotEc5h<@VfsmCEP$GBm+'0ARm4t(L_JqBl$LPFCfK,@;Je`@;^1$FD5<-!<<*\"!\"],1!!","2103302":"!<d@[F*PI8#64c-E,TfC\"TSN&!<d@[F*^s7#64o6@VfsmCI<#NAIW-_Bldj%ARo7dDe!Pj$#O*mATDKnCi]UW!!$^Y!!!$*Ec6&.FD5Z2!2'Jq$O:0a@W,skEsD[F!!)O#!\"\\Q0!$C_Q!\",A0!!Q10!!!!0!\"]/Q!!ipCD/\")jBk1d@DZKi&#RPQdA7\\\\XCh[D\\!'^`\"F(o/r6#:CVF*(?!Ch[D\\!'^Vn@VfsmCJJ;TAK=-VEcP`%ARlotEc5h<@VfsmCEP$GBm+'0ARm4t(L_JqBl$LPFCfK,@;Je`@;^1$FD5<-!<<*\"!\"],1!!","3148806":"!<d@[F*PI8#64c-E,TfC\"onW'!<d@[F*^j4#64o6@VfsmCI<#NAIW-_Bldj%ARo7dDe!Pj$#O*mATDKnCi]UW!!$^Y!!!$*Ec6&.FD5Z2!2'Jq$O:0a@W,skErc7@!!*#g!!ipCD/\")jBk1d@DZKi&#RPQdA7\\\\XCh[D\\!'^`\"F(o/r6#:CVF*(?!Ch[D\\!'^Vn@VfsmCJJ;TAK=-VEcP`%ARlotEc5h<@VfsmCEP$GBm+'0ARm4t(L_JqBl$LPFCfK,@;Je`@;^1$FD5<-!<<*\"!\"],1!!","3149830":"!<d@[F*PI8#64c-E,TfC\"onW'!<d@[F*^m5#64o6@VfsmCI<#NAIW-_Bldj%ARo7dDe!Pj$#O*mATDKnCi]UW!!$pW!!!$*Ec6&.FD5Z2!2'Jq$O:0a@W,skErc7@!!)NX!!ipCD/\")jBk1d@DZKi&#RPQdA7\\\\XCh[D\\!'^`\"F(o/r6#:CVF*(?!Ch[D\\!'^Vn@VfsmCJJ;TAI;4ACERS4@;]k%$Q!5p@;0OP@<?($BjkgTF^]00Bln'#Erc7@!!!Q1!!!","3150854":"!<d@[F*PI8#64c-E,TfC\"onW'!<d@[F*^p6#64o6@VfsmCI<#NAIW-_Bldj%ARo7dDe!Pj$#O*mATDKnCi]UW!!$pW!!!$*Ec6&.FD5Z2!2'Jq$O:0a@W,skErc7@!!)NX!!ipCD/\")jBk1d@DZKi&#RPQdA7\\\\XCh[D\\!'^`\"F(o/r6#:CVF*(?!Ch[D\\!'^Vn@VfsmCJJ;TAI;4ACERS4@;]k%$Q!5p@;0OP@<?($BjkgTF^]00Bln'#Erc7@!!!Q1!!!","3151878":"!<d@[F*PI8#64c-E,TfC\"onW'!<d@[F*^s7#64o6@VfsmCI<#NAIW-_Bldj%ARo7dDe!Pj$#O*mATDKnCi]UW!!$^Y!!!$*Ec6&.FD5Z2!2'Jq$O:0a@W,skErc7@!!)L#!!ipCD/\")jBk1d@DZKi&#RPQdA7\\\\XCh[D\\!'^`\"F(o/r6#:CVF*(?!Ch[D\\!'^Vn@VfsmCJJ;TAK=-VEcP`%ARlotEc5h<@VfsmCEP$GBm+'0ARm4t(L_JqBl$LPFCfK,@;Je`@;^1$FD5<-!<<*\"!\"],1!!","7":"!<d@[F*PL9#64c-E,TfC!rr<$!<d@[F*^a1#64o6@VfsmCI<#NAIW-_Bldj%ARo7dDe!Pj$#O*mATDKnCi][Y!!%Bd!!\"YU!!!c:!!!$*Ec6&.FD5Z2!2'Jq$O:0a@W,skEtnZT!!)b5!Y4m2!YG-Z!\\jG8!`8`k!c\\%I!g*?'!jMXZ!mpr7!q?6i!Y4\\u!\"SGT!=dUh!<CYH!XQeR!XEmX!<ZqA!Wj]X!<F;A!!+/!!<<mC!XK-ED/\")jBk1d@DZKi&#RPQdA7\\\\XCh[D\\!'^`\"F(o/r6#:CVF*(?!Ch[D\\!'^Vn@VfsmCJJ;TAI;4ACERS4@;]k%$Q!5p@;0OP@<?($BjkgTF^]00Bln'#Erc7@!!!Q1!!!","1031":"!<d@[F*PL9#64c-E,TfC!rr<$!<d@[F*^d2#64o6@VfsmCI<#NAIW-_Bldj%ARo7dDe!Pj$#O*mATDKnCi][Y!!!c:!!%NV!!!6)!!!$*Ec6&.FD5Z2!2'Jq$O:0a@W,skEs2OD!!)NX!\"cs9![,nM!Zf\\I!Zp=Z!=0$DD/\")jBk1d@DZKi&#RPQdA7\\\\XCh[D\\!'^`\"F(o/r6#:CVF*(?!Ch[D\\!'^Vn@VfsmCJJ;TAHtn?@<?0oEXN[lG%#*$9jr-TEbSru;0?;bFD5i2ATIkP!!!!1!!!!","2055":"!<d@[F*PL9#64c-E,TfC!rr<$!<d@[F*^g3#64o6@VfsmCI<#NAIW-_Bldj%ARo7dDe!Pj$#O*mATDKnCi][Y!!%Bd!!\"YU!!!c:!!!$*Ec6&.FD5Z2!2'Jq$O:0a@W,skEtnZT!!)eF!WX+2!YG*I!\\j=Z!`8Pk!c[d'!g*\"8!jM5I!mpHY!q>[i!W`iB!!*ZC!<O^5!<W+j!X!_0!XOXG!=?l0!Y*hG!=n#t!\"Rs!!=npe!XK-ED/\")jBk1d@DZKi&#RPQdA7\\\\XCh[D\\!'^`\"F(o/r6#:CVF*(?!Ch[D\\!'^Vn@VfsmCJJ;TAI;4ACERS4@;]k%$Q!5p@;0OP@<?($BjkgTF^]00Bln'#Erc7@!!!Q1!!!","4103":"!<d@[F*PL9#64c-E,TfC!rr<$!<d@[F*^m5#64o6@VfsmCI<#NAIW-_Bldj%ARo7dDe!Pj$#O*mATDKnCi]XX!!!KO!!$pW!!!$*Ec6&.FD5Z2!2'Jq$O:0a@W,skErl=A!9!AH!QL6\"!!ipCD/\")jBk1d@DZKi&#RPQdA7\\\\XCh[D\\!'^`\"F(o/r6#:CVF*(?!Ch[D\\!'^Vn@VfsmCJJ;TAHY;DCh3tj@<Q'nCe\\>[ATDKnCf,=`DKKT7Bk;>dz&-)\\1","5127":"!<d@[F*PL9#64c-E,TfC!rr<$!<d@[F*^p6#64o6@VfsmCI<#NAIW-_Bldj%ARo7dDe!Pj$#O*mATDKnCi]XX!!!KO!!$pW!!!$*Ec6&.FD5Z2!2'Jq$O:0a@W,skErl=A!9!AH!QL6\"!!ipCD/\")jBk1d@DZKi&#RPQdA7\\\\XCh[D\\!'^`\"F(o/r6#:CVF*(?!Ch[D\\!'^Vn@VfsmCJJ;TAHY;DCh3tj@<Q'nCe\\>[ATDKnCf,=`DKKT7Bk;>dz&-)\\1","1049607":"!<d@[F*PL9#64c-E,TfC\"98E%!<d@[F*^d2#64o6@VfsmCI<#NAIW-_Bldj%ARo7dDe!Pj$#O*mATDKnCi][Y!!!c:!!$pW!!\"GO!!!$*Ec6&.FD5Z2!2'Jq$O:0a@W,skEuk;]z!!!:T!WWc#!\"eZD!\"f+W!\"f.g!$Li!!$M0F!$M3V!&4%T!&455!&48E!'p6g!'o^h!DrNE!!*W2!W`nk!<F;3!YH9&!<UUJ!!;A7!<V0J!\"Roe!Y41.!=nAP!=nSf!ZpQY!>\"Z\"!\"\\jT!Y>>#!!ipCD/\")jBk1d@DZKi&#RPQdA7\\\\XCh[D\\!'^`\"F(o/r6#:CVF*(?!Ch[D\\!'^Vn@VfsmCJJ;TAHtn?@<?0oEXN[lG%#*$9jr-TEbSru;0?;bFD5i2ATIkP!!!!1!!!!","1051655":"!<d@[F*PL9#64c-E,TfC\"98E%!<d@[F*^j4#64o6@VfsmCI<#NAIW-_Bldj%ARo7dDe!Pj$#O*mATDKnCi]UW!!$^Y!!!$*Ec6&.FD5Z2!2'Jq$O:0a@W,skEsD[F!!*#V!!!Q0!\"]Y/!!Qa0!\",q0!\"],0!$D4/!!ipCD/\")jBk1d@DZKi&#RPQdA7\\\\XCh[D\\!'^`\"F(o/r6#:CVF*(?!Ch[D\\!'^Vn@VfsmCJJ;TAK=-VEcP`%ARlotEc5h<@VfsmCEP$GBm+'0ARm4t(L_JqBl$LPFCfK,@;Je`@;^1$FD5<-!<<*\"!\"],1!!","1054727":"!<d@[F*PL9#64c-E,TfC\"98E%!<d@[F*^s7#64o6@VfsmCI<#NAIW-_Bldj%ARo7dDe!Pj$#O*mATDKnCi]UW!!$^Y!!!$*Ec6&.FD5Z2!2'Jq$O:0a@W,skEsD[F!!)O#!\"\\Q0!$C_Q!\",A0!!Q10!!!!0!\"]/Q!!ipCD/\")jBk1d@DZKi&#RPQdA7\\\\XCh[D\\!'^`\"F(o/r6#:CVF*(?!Ch[D\\!'^Vn@VfsmCJJ;TAK=-VEcP`%ARlotEc5h<@VfsmCEP$GBm+'0ARm4t(L_JqBl$LPFCfK,@;Je`@;^1$FD5<-!<<*\"!\"],1!!","2100231":"!<d@[F*PL9#64c-E,TfC\"TSN&!<d@[F*^j4#64o6@VfsmCI<#NAIW-_Bldj%ARo7dDe!Pj$#O*mATDKnCi]UW!!$^Y!!!$*Ec6&.FD5Z2!2'Jq$O:0a@W,skEsD[F!!*#V!!!Q0!\"]Y/!!Qa0!\",q0!\"],0!$D4/!!ipCD/\")jBk1d@DZKi&#RPQdA7\\\\XCh[D\\!'^`\"F(o/r6#:CVF*(?!Ch[D\\!'^Vn@VfsmCJJ;TAK=-VEcP`%ARlotEc5h<@VfsmCEP$GBm+'0ARm4t(L_JqBl$LPFCfK,@;Je`@;^1$FD5<-!<<*\"!\"],1!!","2103303":"!<d@[F*PL9#64c-E,TfC\"TSN&!<d@[F*^s7#64o6@VfsmCI<#NAIW-_Bldj%ARo7dDe!Pj$#O*mATDKnCi]UW!!$^Y!!!$*Ec6&.FD5Z2!2'Jq$O:0a@W,skEsD[F!!)O#!\"\\Q0!$C_Q!\",A0!!Q10!!!!0!\"]/Q!!ipCD/\")jBk1d@DZKi&#RPQdA7\\\\XCh[D\\!'^`\"F(o/r6#:CVF*(?!Ch[D\\!'^Vn@VfsmCJJ;TAK=-VEcP`%ARlotEc5h<@VfsmCEP$GBm+'0ARm4t(L_JqBl$LPFCfK,@;Je`@;^1$FD5<-!<<*\"!\"],1!!","3148807":"!<d@[F*PL9#64c-E,TfC\"onW'!<d@[F*^j4#64o6@VfsmCI<#NAIW-_Bldj%ARo7dDe!Pj$#O*mATDKnCi]UW!!$^Y!!!$*Ec6&.FD5Z2!2'Jq$O:0a@W,skErc7@!!*#g!!ipCD/\")jBk1d@DZKi&#RPQdA7\\\\XCh[D\\!'^`\"F(o/r6#:CVF*(?!Ch[D\\!'^Vn@VfsmCJJ;TAK=-VEcP`%ARlotEc5h<@VfsmCEP$GBm+'0ARm4t(L_JqBl$LPFCfK,@;Je`@;^1$FD5<-!<<*\"!\"],1!!","3149831":"!<d@[F*PL9#64c-E,TfC\"onW'!<d@[F*^m5#64o6@VfsmCI<#NAIW-_Bldj%ARo7dDe!Pj$#O*mATDKnCi]UW!!$pW!!!$*Ec6&.FD5Z2!2'Jq$O:0a@W,skErc7@!!)NX!!ipCD/\")jBk1d@DZKi&#RPQdA7\\\\XCh[D\\!'^`\"F(o/r6#:CVF*(?!Ch[D\\!'^Vn@VfsmCJJ;TAI;4ACERS4@;]k%$Q!5p@;0OP@<?($BjkgTF^]00Bln'#Erc7@!!!Q1!!!","3150855":"!<d@[F*PL9#64c-E,TfC\"onW'!<d@[F*^p6#64o6@VfsmCI<#NAIW-_Bldj%ARo7dDe!Pj$#O*mATDKnCi]UW!!$pW!!!$*Ec6&.FD5Z2!2'Jq$O:0a@W,skErc7@!!)NX!!ipCD/\")jBk1d@DZKi&#RPQdA7\\\\XCh[D\\!'^`\"F(o/r6#:CVF*(?!Ch[D\\!'^Vn@VfsmCJJ;TAI;4ACERS4@;]k%$Q!5p@;0OP@<?($BjkgTF^]00Bln'#Erc7@!!!Q1!!!","3151879":"!<d@[F*PL9#64c-E,TfC\"onW'!<d@[F*^s7#64o6@VfsmCI<#NAIW-_Bldj%ARo7dDe!Pj$#O*mATDKnCi]UW!!$^Y!!!$*Ec6&.FD5Z2!2'Jq$O:0a@W,skErc7@!!)L#!!ipCD/\")jBk1d@DZKi&#RPQdA7\\\\XCh[D\\!'^`\"F(o/r6#:CVF*(?!Ch[D\\!'^Vn@VfsmCJJ;TAK=-VEcP`%ARlotEc5h<@VfsmCEP$GBm+'0ARm4t(L_JqBl$LPFCfK,@;Je`@;^1$FD5<-!<<*\"!\"],1!!","3080":"!<d@[F*PO:#64c-E,TfC!rr<$!<d@[F*^j4#64o6@VfsmCI<#NAIW-_Bldj%ARo7dDe!Pj$#O*mATDKnCi]UW!!$^Y!!!$*Ec6&.FD5Z2!2'Jq$O:0a@W,skErc7@!9!nW!!ipCD/\")jBk1d@DZKi&#RPQdA7\\\\XCh[D\\!'^`\"F(o/r6#:CVF*(?!Ch[D\\!'^Vn@VfsmCJJ;TAK=-VEcP`%ARlotEc5h<@VfsmCEP$GBm+'0ARm4t(L_JqBl$LPFCfK,@;Je`@;^1$FD5<-!<<*\"!\"],1!!","4104":"!<d@[F*PO:#64c-E,TfC!rr<$!<d@[F*^m5#64o6@VfsmCI<#NAIW-_Bldj%ARo7dDe!Pj$#O*mATDKnCi]UW!!$pW!!!$*Ec6&.FD5Z2!2'Jq$O:0a@W,skErc7@!9!AH!!ipCD/\")jBk1d@DZKi&#RPQdA7\\\\XCh[D\\!'^`\"F(o/r6#:CVF*(?!Ch[D\\!'^Vn@VfsmCJJ;TAI;4ACERS4@;]k%$Q!5p@;0OP@<?($BjkgTF^]00Bln'#Erc7@!!!Q1!!!","5128":"!<d@[F*PO:#64c-E,TfC!rr<$!<d@[F*^p6#64o6@VfsmCI<#NAIW-_Bldj%ARo7dDe!Pj$#O*mATDKnCi]UW!!%Bd!!!$*Ec6&.FD5Z2!2'Jq$O:0a@W,skErc7@!9!AH!!ipCD/\")jBk1d@DZKh<#RPQdA7\\\\XCh[D\\!\"]DHF(o/r6#:CVF*(?!Ch[D\\!\"];?@VfsmCJJ;TAI;4ACERS4@;]k%$Q!5p@;0OP@<?($BjkgTF^]00Bln'#Erc7@!!!Q1!!!","6152":"!<d@[F*PO:#64c-E,TfC!rr<$!<d@[F*^s7#64o6@VfsmCI<#NAIW-_Bldj%ARo7dDe!Pj$#O*mATDKnCi]UW!!$^Y!!!$*Ec6&.FD5Z2!2'Jq$O:0a@W,skErc7@!9!>W!!ipCD/\")jBk1d@DZKi&#RPQdA7\\\\XCh[D\\!'^`\"F(o/r6#:CVF*(?!Ch[D\\!'^Vn@VfsmCJJ;TAK=-VEcP`%ARlotEc5h<@VfsmCEP$GBm+'0ARm4t(L_JqBl$LPFCfK,@;Je`@;^1$FD5<-!<<*\"!\"],1!!","1051656":"!<d@[F*PO:#64c-E,TfC\"98E%!<d@[F*^j4#64o6@VfsmCI<#NAIW-_Bldj%ARo7dDe!Pj$#O*mATDKnCi]UW!!$^Y!!!$*Ec6&.FD5Z2!2'Jq$O:0a@W,skEsD[F!!*#V!!!Q0!\"]Y/!!Qa0!\",q0!\"],0!$D4/!!ipCD/\")jBk1d@DZKi&#RPQdA7\\\\XCh[D\\!'^`\"F(o/r6#:CVF*(?!Ch[D\\!'^Vn@VfsmCJJ;TAK=-VEcP`%ARlotEc5h<@VfsmCEP$GBm+'0ARm4t(L_JqBl$LPFCfK,@;Je`@;^1$FD5<-!<<*\"!\"],1!!","1053704":"!<d@[F*PO:#64c-E,TfC\"98E%!<d@[F*^p6#64o6@VfsmCI<#NAHu^]F`__:EWlSfH#R=\"@Wc0rATTX0#BFa)@<?'_z\":8pVF(djWB5D/-;u8c^#BFa)@<?'az#mk*[Ci!ZmFCet_!!","1054728":"!<d@[F*PO:#64c-E,TfC\"98E%!<d@[F*^s7#64o6@VfsmCI<#NAIW-_Bldj%ARo7dDe!Pj$#O*mATDKnCi]UW!!$^Y!!!$*Ec6&.FD5Z2!2'Jq$O:0a@W,skEsD[F!!)O#!\"\\Q0!$C_Q!\",A0!!Q10!!!!0!\"]/Q!!ipCD/\")jBk1d@DZKi&#RPQdA7\\\\XCh[D\\!'^`\"F(o/r6#:CVF*(?!Ch[D\\!'^Vn@VfsmCJJ;TAK=-VEcP`%ARlotEc5h<@VfsmCEP$GBm+'0ARm4t(L_JqBl$LPFCfK,@;Je`@;^1$FD5<-!<<*\"!\"],1!!","2100232":"!<d@[F*PO:#64c-E,TfC\"TSN&!<d@[F*^j4#64o6@VfsmCI<#NAIW-_Bldj%ARo7dDe!Pj$#O*mATDKnCi]UW!!$^Y!!!$*Ec6&.FD5Z2!2'Jq$O:0a@W,skEsD[F!!*#V!!!Q0!\"]Y/!!Qa0!\",q0!\"],0!$D4/!!ipCD/\")jBk1d@DZKi&#RPQdA7\\\\XCh[D\\!'^`\"F(o/r6#:CVF*(?!Ch[D\\!'^Vn@VfsmCJJ;TAK=-VEcP`%ARlotEc5h<@VfsmCEP$GBm+'0ARm4t(L_JqBl$LPFCfK,@;Je`@;^1$FD5<-!<<*\"!\"],1!!","2103304":"!<d@[F*PO:#64c-E,TfC\"TSN&!<d@[F*^s7#64o6@VfsmCI<#NAIW-_Bldj%ARo7dDe!Pj$#O*mATDKnCi]UW!!$^Y!!!$*Ec6&.FD5Z2!2'Jq$O:0a@W,skEsD[F!!)O#!\"\\Q0!$C_Q!\",A0!!Q10!!!!0!\"]/Q!!ipCD/\")jBk1d@DZKi&#RPQdA7\\\\XCh[D\\!'^`\"F(o/r6#:CVF*(?!Ch[D\\!'^Vn@VfsmCJJ;TAK=-VEcP`%ARlotEc5h<@VfsmCEP$GBm+'0ARm4t(L_JqBl$LPFCfK,@;Je`@;^1$FD5<-!<<*\"!\"],1!!","3148808":"!<d@[F*PO:#64c-E,TfC\"onW'!<d@[F*^j4#64o6@VfsmCI<#NAIW-_Bldj%ARo7dDe!Pj$#O*mATDKnCi]UW!!$^Y!!!$*Ec6&.FD5Z2!2'Jq$O:0a@W,skErc7@!!*#g!!ipCD/\")jBk1d@DZKi&#RPQdA7\\\\XCh[D\\!'^`\"F(o/r6#:CVF*(?!Ch[D\\!'^Vn@VfsmCJJ;TAK=-VEcP`%ARlotEc5h<@VfsmCEP$GBm+'0ARm4t(L_JqBl$LPFCfK,@;Je`@;^1$FD5<-!<<*\"!\"],1!!","3149832":"!<d@[F*PO:#64c-E,TfC\"onW'!<d@[F*^m5#64o6@VfsmCI<#NAIW-_Bldj%ARo7dDe!Pj$#O*mATDKnCi]UW!!$pW!!!$*Ec6&.FD5Z2!2'Jq$O:0a@W,skErc7@!!)NX!!ipCD/\")jBk1d@DZKi&#RPQdA7\\\\XCh[D\\!'^`\"F(o/r6#:CVF*(?!Ch[D\\!'^Vn@VfsmCJJ;TAI;4ACERS4@;]k%$Q!5p@;0OP@<?($BjkgTF^]00Bln'#Erc7@!!!Q1!!!","3150856":"!<d@[F*PO:#64c-E,TfC\"onW'!<d@[F*^p6#64o6@VfsmCI<#NAIW-_Bldj%ARo7dDe!Pj$#O*mATDKnCi]UW!!$pW!!!$*Ec6&.FD5Z2!2'Jq$O:0a@W,skErc7@!!)NX!!ipCD/\")jBk1d@DZKi&#RPQdA7\\\\XCh[D\\!'^`\"F(o/r6#:CVF*(?!Ch[D\\!'^Vn@VfsmCJJ;TAI;4ACERS4@;]k%$Q!5p@;0OP@<?($BjkgTF^]00Bln'#Erc7@!!!Q1!!!","3151880":"!<d@[F*PO:#64c-E,TfC\"onW'!<d@[F*^s7#64o6@VfsmCI<#NAIW-_Bldj%ARo7dDe!Pj$#O*mATDKnCi]UW!!$^Y!!!$*Ec6&.FD5Z2!2'Jq$O:0a@W,skErc7@!!)L#!!ipCD/\")jBk1d@DZKi&#RPQdA7\\\\XCh[D\\!'^`\"F(o/r6#:CVF*(?!Ch[D\\!'^Vn@VfsmCJJ;TAK=-VEcP`%ARlotEc5h<@VfsmCEP$GBm+'0ARm4t(L_JqBl$LPFCfK,@;Je`@;^1$FD5<-!<<*\"!\"],1!!","4105":"!<d@[F*PR;#64c-E,TfC!rr<$!<d@[F*^m5#64o6@VfsmCI<#NAIW-_Bldj%ARo7dDe!Pj$#O*mATDKnCi]XX!!%Bd!!$^Y!!!$*Ec6&.FD5Z2!2'Jq$O:0a@W,skEs)IC!8qf<!T6l5!8r>+!TnF[!=0$DD/\")jBk1d@DZKi&#RPQdA7\\\\XCh[D\\!'^`\"F(o/r6#:CVF*(?!Ch[D\\!'^Vn@VfsmCJJ;TAI;4ACERS4@;]k%$Q!5p@;0OP@<?($BjkgTF^]00Bln'#Erc7@!!!Q1!!!","5129":"!<d@[F*PR;#64c-E,TfC!rr<$!<d@[F*^p6#64o6@VfsmCI<#NAIW-_Bldj%ARo7dDe!Pj$#O*mATDKnCi]UW!!$^Y!!!$*Ec6&.FD5Z2!2'Jq$O:0a@W,skErc7@!8mkW!!ipCD/\")jBk1d@DZKi&#RPQdA7\\\\XCh[D\\!'^`\"F(o/r6#:CVF*(?!Ch[D\\!'^Vn@VfsmCJJ;TAK=-VEcP`%ARlotEc5h<@VfsmCEP$GBm+'0ARm4t(L_JqBl$LPFCfK,@;Je`@;^1$FD5<-!<<*\"!\"],1!!","1052681":"!<d@[F*PR;#64c-E,TfC\"98E%!<d@[F*^m5#64o6@VfsmCI<#NAIW-_Bldj%ARo7dDe!Pj$#O*mATDKnCi]UW!!$^Y!!!$*Ec6&.FD5Z2!2'Jq$O:0a@W,skEsD[F!!*Z#!!!!0!\"fbQ!!!10!!!A0!!!Q0!\"g=Q!!ipCD/\")jBk1d@DZKi&#RPQdA7\\\\XCh[D\\!'^`\"F(o/r6#:CVF*(?!Ch[D\\!'^Vn@VfsmCJJ;TAK=-VEcP`%ARlotEc5h<@VfsmCEP$GBm+'0ARm4t(L_JqBl$LPFCfK,@;Je`@;^1$FD5<-!<<*\"!\"],1!!","1053705":"!<d@[F*PR;#64c-E,TfC\"98E%!<d@[F*^p6#64o6@VfsmCI<#NAIW-_Bldj%ARo7dDe!Pj$#O*mATDKnCi]UW!!$^Y!!!$*Ec6&.FD5Z2!2'Jq$O:0a@W,skEsD[F!!*Z#!!!!0!\"fbQ!!!10!!!A0!!!Q0!\"g=Q!!ipCD/\")jBk1d@DZKi&#RPQdA7\\\\XCh[D\\!'^`\"F(o/r6#:CVF*(?!Ch[D\\!'^Vn@VfsmCJJ;TAK=-VEcP`%ARlotEc5h<@VfsmCEP$GBm+'0ARm4t(L_JqBl$LPFCfK,@;Je`@;^1$FD5<-!<<*\"!\"],1!!","2101257":"!<d@[F*PR;#64c-E,TfC\"TSN&!<d@[F*^m5#64o6@VfsmCI<#NAIW-_Bldj%ARo7dDe!Pj$#O*mATDKnCi]XX!!$^Y!!\"GO!!!$*Ec6&.FD5Z2!2'Jq$O:0a@W,skEsr$K!!!Q@!!!a1!!!q1!!\",@!\"]<@!\"]L@!!*Zs!!*js!!+%s!\"g:5!&?e1!Acju!=0$DD/\")jBk1d@DZKi&#RPQdA7\\\\XCh[D\\!'^`\"F(o/r6#:CVF*(?!Ch[D\\!'^Vn@VfsmCJJ;TAK=-VEcP`%ARlotEc5h<@VfsmCEP$GBm+'0ARm4t(L_JqBl$LPFCfK,@;Je`@;^1$FD5<-!<<*\"!\"],1!!","2102281":"!<d@[F*PR;#64c-E,TfC\"TSN&!<d@[F*^p6#64o6@VfsmCI<#NAIW-_Bldj%ARo7dDe!Pj$#O*mATDKnCi]UW!!$^Y!!!$*Ec6&.FD5Z2!2'Jq$O:0a@W,skEsD[F!!*Z#!!!!0!\"fbQ!!!10!!!A0!!!Q0!\"g=Q!!ipCD/\")jBk1d@DZKi&#RPQdA7\\\\XCh[D\\!'^`\"F(o/r6#:CVF*(?!Ch[D\\!'^Vn@VfsmCJJ;TAK=-VEcP`%ARlotEc5h<@VfsmCEP$GBm+'0ARm4t(L_JqBl$LPFCfK,@;Je`@;^1$FD5<-!<<*\"!\"],1!!","3149833":"!<d@[F*PR;#64c-E,TfC\"onW'!<d@[F*^m5#64o6@VfsmCI<#NAIW-_Bldj%ARo7dDe!Pj$#O*mATDKnCi]UW!!$^Y!!!$*Ec6&.FD5Z2!2'Jq$O:0a@W,skErc7@!!!T#!!ipCD/\")jBk1d@DZKi&#RPQdA7\\\\XCh[D\\!'^`\"F(o/r6#:CVF*(?!Ch[D\\!'^Vn@VfsmCJJ;TAK=-VEcP`%ARlotEc5h<@VfsmCEP$GBm+'0ARm4t(L_JqBl$LPFCfK,@;Je`@;^1$FD5<-!<<*\"!\"],1!!","3150857":"!<d@[F*PR;#64c-E,TfC\"onW'!<d@[F*^p6#64o6@VfsmCI<#NAIW-_Bldj%ARo7dDe!Pj$#O*mATDKnCi]UW!!$^Y!!!$*Ec6&.FD5Z2!2'Jq$O:0a@W,skErc7@!!!T#!!ipCD/\")jBk1d@DZKi&#RPQdA7\\\\XCh[D\\!'^`\"F(o/r6#:CVF*(?!Ch[D\\!'^Vn@VfsmCJJ;TAK=-VEcP`%ARlotEc5h<@VfsmCEP$GBm+'0ARm4t(L_JqBl$LPFCfK,@;Je`@;^1$FD5<-!<<*\"!\"],1!!"},"Entities":[],"ReplaceMode":2,"EntranceRotation":-1}