{"GameVersion":"1.18.5","SizeX":10,"SizeY":5,"SizeZ":4,"BlockCodes":{"9321":"game:metalblock-corroded-riveted-rusty-iron","7292":"game:planks-oak-ud","8206":"game:genericwood","1327":"game:metalblock-new-plain-iron","7279":"game:planks-oak-ns","1321":"game:metalblock-new-plain-bismuthbronze","456":"game:chiseledblock","8614":"game:meta-spawner","8441":"game:wagonwheels-spoked-south","8433":"game:wagonwheels-spoked-north","1183":"game:locustnest-metalspike-tiny","397":"game:bonyremains-cowskull-up","402":"game:bonyremains-ribcage","8606":"game:clutter"},"ItemCodes":{},"Indices":[0,3072,1,3073,2,2050,3074,3,1027,2051,3075,1049603,1050627,2098179,2099203,3146755,3147779,4195331,4196355,4,1028,2052,3076,1048580,1050628,1051652,2097156,2100228,3145732,3148804,4194308,4195332,4196356,4197380,5,1029,2053,3077,1048581,1051653,2097157,2099205,2100229,3145733,3148805,4194309,4195333,4196357,4197381,6,1030,2054,3078,1048582,1049606,1051654,2097158,2100230,3145734,3148806,4194310,4195334,4196358,4197382,7,1031,2055,3079,1048583,1050631,1051655,2097159,2100231,3145735,3148807,4194311,4195335,4196359,4197383,8,1032,2056,3080,1048584,1050632,1051656,2097160,2100232,3145736,3148808,4194312,4195336,4196360,4197384,9,1033,2057,1049609,1050633,2098185,2099209,3146761,3147785,4195337,4196361],"BlockIds":[456,456,456,456,456,8614,456,456,456,456,456,456,456,456,456,456,456,456,456,8441,456,456,8433,456,1183,456,456,456,456,456,456,456,456,456,456,456,456,456,456,456,456,8614,456,456,456,456,456,456,456,456,456,456,456,456,397,456,456,456,456,456,456,456,456,456,8441,456,456,8433,456,402,456,456,456,456,456,456,456,456,456,456,456,456,456,456,1183,456,456,456,456,456,456,456,456,456,8606,456,456,456,456,456,456,456,456,456,456],"DecorIndices":[],"DecorIds":[],"BlockEntities":{"0":"!<d@[F*Q-K#64c-E,TfC!rr<$!<d@[F*`&V#64o6@VfsmCI<#NAIW-_Bldj%ARo7dDe!Pj$#O*mATDKnCi]UW!!$^Y!!!$*Ec6&.FD5Z2!2'Jq$O:0a@W,skErc7@!9!nW!!ipCD/\")jBk1d@DZKi&#RPQdA7\\\\XCh[D\\!'^`\"F(o/r6#:CVF*(?!Ch[D\\!'^Vn@VfsmCJJ;TAK=-VEcP`%ARlotEc5h<@VfsmCEP$GBm+'0ARm4t(L_JqBl$LPFCfK,@;Je`@;^1$FD5<-!<<*\"!\"],1!!","3072":"!<d@[F*Q-K#64c-E,TfC!rr<$!<d@[F*`/Y#64o6@VfsmCI<#NAIW-_Bldj%ARo7dDe!Pj$#O*mATDKnCi]UW!!$^Y!!!$*Ec6&.FD5Z2!2'Jq$O:0a@W,skErc7@!9!>W!!ipCD/\")jBk1d@DZKi&#RPQdA7\\\\XCh[D\\!'^`\"F(o/r6#:CVF*(?!Ch[D\\!'^Vn@VfsmCJJ;TAK=-VEcP`%ARlotEc5h<@VfsmCEP$GBm+'0ARm4t(L_JqBl$LPFCfK,@;Je`@;^1$FD5<-!<<*\"!\"],1!!","1":"!<d@[F*Q0L#64c-E,TfC!rr<$!<d@[F*`&V#64o6@VfsmCI<#NAIW-_Bldj%ARo7dDe!Pj$#O*mATDKnCi]UW!!$^Y!!!$*Ec6&.FD5Z2!2'Jq$O:0a@W,skErc7@!9!nW!!ipCD/\")jBk1d@DZKi&#RPQdA7\\\\XCh[D\\!'^`\"F(o/r6#:CVF*(?!Ch[D\\!'^Vn@VfsmCJJ;TAK=-VEcP`%ARlotEc5h<@VfsmCEP$GBm+'0ARm4t(L_JqBl$LPFCfK,@;Je`@;^1$FD5<-!<<*\"!\"],1!!","3073":"!<d@[F*Q0L#64c-E,TfC!rr<$!<d@[F*`/Y#64o6@VfsmCI<#NAIW-_Bldj%ARo7dDe!Pj$#O*mATDKnCi]UW!!$^Y!!!$*Ec6&.FD5Z2!2'Jq$O:0a@W,skErc7@!9!>W!!ipCD/\")jBk1d@DZKi&#RPQdA7\\\\XCh[D\\!'^`\"F(o/r6#:CVF*(?!Ch[D\\!'^Vn@VfsmCJJ;TAK=-VEcP`%ARlotEc5h<@VfsmCEP$GBm+'0ARm4t(L_JqBl$LPFCfK,@;Je`@;^1$FD5<-!<<*\"!\"],1!!","2":"!<d@[F*Q3M#64c-E,TfC!rr<$!<d@[F*`&V#64o6@VfsmCI<#NAIW-_Bldj%ARo7dDe!Pj$#O*mATDKnCi]UW!!$^Y!!!$*Ec6&.FD5Z2!2'Jq$O:0a@W,skErc7@!9!nW!!ipCD/\")jBk1d@DZKi&#RPQdA7\\\\XCh[D\\!'^`\"F(o/r6#:CVF*(?!Ch[D\\!'^Vn@VfsmCJJ;TAK=-VEcP`%ARlotEc5h<@VfsmCEP$GBm+'0ARm4t(L_JqBl$LPFCfK,@;Je`@;^1$FD5<-!<<*\"!\"],1!!","2050":"!<d@[F*Q3M#64c-E,TfC!rr<$!<d@[F*`,X#64o6@VfsmCI<#NAINEeFC?bBE+*s.AT@eWD..ZVDfor>!<<*\"\":]'_FCfK9@;JJQF`MO'!!!!+$Y=3tBlnVfDe*F##ljr*)J<JqANFLID..=#Bk/f;Ea`KiE\\1mADe*o/B45Xg3bWYQ@;^!tA1_nD@:Wqi/R`[ABld^#,A1G%ANFLID..=#Bk/f;Ea`KiE\\1aCBl%<s@<?($Bjkh!*G8etANFLID..=#Bk/f;Ea`KiE\\1d;DffZ,DJ())@;TR:BQ\\0#DJs6\"/Tc#AA7]d5@rH4$De*R(Bk;?,B45Xg3bWYQ@;^!tA1_nD@:Wqi/S9-GDJ=38Eb-8(@;TR:BQ\\0#DJs6\"/Tc#AA7]d5CisuFEbT*+,%k>$ANFLID..=#Bk/f;Ea`KiE\\2?TEcu/?@;KRpDe*o6B45Xg3bWYQ@;^!tA1_nD@:Wqi/Tc#E@<6R3AS?4(FCfIn!dHF\"!!!!\"!dQL#!!!!\"!dZR$!!!!\"!dHI$!!!!\"!dQO&!!!!\"!dZU&!!!!\"%W,ot:i'QcATC[WDJ*M\\!!!!\"%W,X!:i'QcATC[WDJ*P\\s8W*\"%WcStGA^;eDJ*NTDe*DZ!!!!\"$?L/pGA]cdF`):%!!!!*'Q\\5%GA^2oCjA<YFCfJaD/aE6F9)CXBl7X,BjkgTF^]00BlnW!E+*s.ARkc@!!!$6Bl7X,BjkgVE+*s.;0?;bFD5iBz!=<CZDfp\"tBmO=k!!!!*$[6$#8SrEbEcbl'!!<mN@<6NhE+*s.<,ZkeCe/JeEc]SFgkU3-PX#6\\Bl8$(Ec,<%6XaqB@qg%1z!tK$_FCfK1@;J;E@<-!lzz!tTE`@q]:kB4XnNE_(+kEW?(>z!!=-U@<6NXBOPpoAQ<\\[@<?'[DffE(88iWkErZ1?z!\"TT]E+*s.ARn5IFD5i2ATIhO!!!!","3074":"!<d@[F*Q3M#64c-E,TfC!rr<$!<d@[F*`/Y#64o6@VfsmCI<#NAIW-_Bldj%ARo7dDe!Pj$#O*mATDKnCi]UW!!$^Y!!!$*Ec6&.FD5Z2!2'Jq$O:0a@W,skErc7@!9!>W!!ipCD/\")jBk1d@DZKi&#RPQdA7\\\\XCh[D\\!'^`\"F(o/r6#:CVF*(?!Ch[D\\!'^Vn@VfsmCJJ;TAK=-VEcP`%ARlotEc5h<@VfsmCEP$GBm+'0ARm4t(L_JqBl$LPFCfK,@;Je`@;^1$FD5<-!<<*\"!\"],1!!","3":"!<d@[F*Q6N#64c-E,TfC!rr<$!<d@[F*`&V#64o6@VfsmCI<#NAIW-_Bldj%ARo7dDe!Pj$#O*mATDKnCi]UW!!$^Y!!!$*Ec6&.FD5Z2!2'Jq$O:0a@W,skErc7@!9!nW!!ipCD/\")jBk1d@DZKi&#RPQdA7\\\\XCh[D\\!'^`\"F(o/r6#:CVF*(?!Ch[D\\!'^Vn@VfsmCJJ;TAK=-VEcP`%ARlotEc5h<@VfsmCEP$GBm+'0ARm4t(L_JqBl$LPFCfK,@;Je`@;^1$FD5<-!<<*\"!\"],1!!","1027":"!<d@[F*Q6N#64c-E,TfC!rr<$!<d@[F*`)W#64o6@VfsmCI<#NAIW-_Bldj%ARo7dDe!Pj$#O*mATDKnCi]UW!!%Bd!!!$*Ec6&.FD5Z2!2'Jq$O:0a@W,skErc7@!9!AH!!ipCD/\")jBk1d@DZKi&#RPQdA7\\\\XCh[D\\!'^`\"F(o/r6#:CVF*(?!Ch[D\\!'^Vn@VfsmCJJ;TAI;4ACERS4@;]k%$Q!5p@;0OP@<?($BjkgTF^]00Bln'#Erc7@!!!Q1!!!","2051":"!<d@[F*Q6N#64c-E,TfC!rr<$!<d@[F*`,X#64o6@VfsmCI<#NAIW-_Bldj%ARo7dDe!Pj$#O*mATDKnCi]UW!!%Bd!!!$*Ec6&.FD5Z2!2'Jq$O:0a@W,skErc7@!9!AH!!ipCD/\")jBk1d@DZKi&#RPQdA7\\\\XCh[D\\!'^`\"F(o/r6#:CVF*(?!Ch[D\\!'^Vn@VfsmCJJ;TAI;4ACERS4@;]k%$Q!5p@;0OP@<?($BjkgTF^]00Bln'#Erc7@!!!Q1!!!","3075":"!<d@[F*Q6N#64c-E,TfC!rr<$!<d@[F*`/Y#64o6@VfsmCI<#NAIW-_Bldj%ARo7dDe!Pj$#O*mATDKnCi]UW!!$^Y!!!$*Ec6&.FD5Z2!2'Jq$O:0a@W,skErc7@!9!>W!!ipCD/\")jBk1d@DZKi&#RPQdA7\\\\XCh[D\\!'^`\"F(o/r6#:CVF*(?!Ch[D\\!'^Vn@VfsmCJJ;TAK=-VEcP`%ARlotEc5h<@VfsmCEP$GBm+'0ARm4t(L_JqBl$LPFCfK,@;Je`@;^1$FD5<-!<<*\"!\"],1!!","1049603":"!<d@[F*Q6N#64c-E,TfC\"98E%!<d@[F*`)W#64o6@VfsmCI<#NAIW-_Bldj%ARo7dDe!Pj$#O*mATDKnCi]^Z!!%Bd!!$^Y!!!KO!!\"YU!!!$*Ec6&.FD5Z2!2'Jq$O:0a@W,skEs;UE!12(.!Y4]1!=o/0!M897!rh`Y!>\"_g!!ipCD/\")jBk1d@DZKi&#RPQdA7\\\\XCh[D\\!!3E:F(o/r6#:CVF*(?!Ch[D\\!!3<1@VfsmCJJ;TAI;4ACERS4@;]k%$Q!5p@;0OP@<?($BjkgTF^]00Bln'#Erc7@!!!Q1!!!","1050627":"!<d@[F*Q6N#64c-E,TfC\"98E%!<d@[F*`,X#64o6@VfsmCI<#NAIW-_Bldj%ARo7dDe!Pj$#O*mATDKnCi]^Z!!%Bd!!$^Y!!!KO!!\"YU!!!$*Ec6&.FD5Z2!2'Jq$O:0a@W,skEs;UE!12(.!Y4]1!=o/0!M897!rh`Y!>\"_g!!ipCD/\")jBk1d@DZKi&#RPQdA7\\\\XCh[D\\!!3E:F(o/r6#:CVF*(?!Ch[D\\!!3<1@VfsmCJJ;TAI;4ACERS4@;]k%$Q!5p@;0OP@<?($BjkgTF^]00Bln'#Es)IC!!!Q1!!!Q1!!!Q1!!!Q1!!!","2098179":"!<d@[F*Q6N#64c-E,TfC\"TSN&!<d@[F*`)W#64o6@VfsmCI<#NAIW-_Bldj%ARo7dDe!Pj$#O*mATDKnCi]XX!!%Bd!!$^Y!!!$*Ec6&.FD5Z2!2'Jq$O:0a@W,skEs)IC!\"SK/!=o/0!WMWX!>\"_g!!ipCD/\")jBk1d@DZKi&#RPQdA7\\\\XCh[D\\!'^`\"F(o/r6#:CVF*(?!Ch[D\\!'^Vn@VfsmCJJ;TAI;4ACERS4@;]k%$Q!5p@;0OP@<?($BjkgTF^]00Bln'#Erc7@!!!Q1!!!","2099203":"!<d@[F*Q6N#64c-E,TfC\"TSN&!<d@[F*`,X#64o6@VfsmCI<#NAIW-_Bldj%ARo7dDe!Pj$#O*mATDKnCi]XX!!%Bd!!$^Y!!!$*Ec6&.FD5Z2!2'Jq$O:0a@W,skEs)IC!\"SK/!=o/0!WMWX!>\"_g!!ipCD/\")jBk1d@DZKi&#RPQdA7\\\\XCh[D\\!'^`\"F(o/r6#:CVF*(?!Ch[D\\!'^Vn@VfsmCJJ;TAI;4ACERS4@;]k%$Q!5p@;0OP@<?($BjkgTF^]00Bln'#Erc7@!!!Q1!!!","3146755":"!<d@[F*Q6N#64c-E,TfC\"onW'!<d@[F*`)W#64o6@VfsmCI<#NAIW-_Bldj%ARo7dDe!Pj$#O*mATDKnCi]XX!!%Bd!!$^Y!!!$*Ec6&.FD5Z2!2'Jq$O:0a@W,skEs)IC!\"SK/!=o/0!WMWX!>\"_g!!ipCD/\")jBk1d@DZKi&#RPQdA7\\\\XCh[D\\!'^`\"F(o/r6#:CVF*(?!Ch[D\\!'^Vn@VfsmCJJ;TAI;4ACERS4@;]k%$Q!5p@;0OP@<?($BjkgTF^]00Bln'#Erc7@!!!Q1!!!","3147779":"!<d@[F*Q6N#64c-E,TfC\"onW'!<d@[F*`,X#64o6@VfsmCI<#NAIW-_Bldj%ARo7dDe!Pj$#O*mATDKnCi]XX!!%Bd!!$^Y!!!$*Ec6&.FD5Z2!2'Jq$O:0a@W,skEs)IC!\"SK/!=o/0!WMWX!>\"_g!!ipCD/\")jBk1d@DZKi&#RPQdA7\\\\XCh[D\\!'^`\"F(o/r6#:CVF*(?!Ch[D\\!'^Vn@VfsmCJJ;TAI;4ACERS4@;]k%$Q!5p@;0OP@<?($BjkgTF^]00Bln'#Erc7@!!!Q1!!!","4195331":"!<d@[F*Q6N#64c-E,TfC#64`(!<d@[F*`)W#64o6@VfsmCI<#NAIW-_Bldj%ARo7dDe!Pj$#O*mATDKnCi]UW!!$^Y!!!$*Ec6&.FD5Z2!2'Jq$O:0a@W,skErc7@!\"SMg!!ipCD/\")jBk1d@DZKi&#RPQdA7\\\\XCh[D\\!'^`\"F(o/r6#:CVF*(?!Ch[D\\!'^Vn@VfsmCJJ;TAK=-VEcP`%ARlotEc5h<@VfsmCEP$GBm+'0ARm4t(L_JqBl$LPFCfK,@;Je`@;^1$FD5<-!<<*\"!\"],1!!","4196355":"!<d@[F*Q6N#64c-E,TfC#64`(!<d@[F*`,X#64o6@VfsmCI<#NAIW-_Bldj%ARo7dDe!Pj$#O*mATDKnCi]UW!!$^Y!!!$*Ec6&.FD5Z2!2'Jq$O:0a@W,skErc7@!\"SMg!!ipCD/\")jBk1d@DZKi&#RPQdA7\\\\XCh[D\\!'^`\"F(o/r6#:CVF*(?!Ch[D\\!'^Vn@VfsmCJJ;TAK=-VEcP`%ARlotEc5h<@VfsmCEP$GBm+'0ARm4t(L_JqBl$LPFCfK,@;Je`@;^1$FD5<-!<<*\"!\"],1!!","1028":"!<d@[F*Q9O#64c-E,TfC!rr<$!<d@[F*`)W#64o6@VfsmCI<#NAIW-_Bldj%ARo7dDe!Pj$#O*mATDKnCi]XX!!!KO!!$pW!!!$*Ec6&.FD5Z2!2'Jq$O:0a@W,skErl=A!9!AH!QL6\"!!ipCD/\")jBk1d@DZKi&#RPQdA7\\\\XCh[D\\!'^`\"F(o/r6#:CVF*(?!Ch[D\\!'^Vn@VfsmCJJ;TAHY;DCh3tj@<Q'nCe\\>[ATDKnCf,=`DKKT7Bk;>dz&-)\\1","2052":"!<d@[F*Q9O#64c-E,TfC!rr<$!<d@[F*`,X#64o6@VfsmCI<#NAIW-_Bldj%ARo7dDe!Pj$#O*mATDKnCi]XX!!!KO!!$pW!!!$*Ec6&.FD5Z2!2'Jq$O:0a@W,skErl=A!9!AH!QL6\"!!ipCD/\")jBk1d@DZKh<#RPQdA7\\\\XCh[D\\!\"]DHF(o/r6#:CVF*(?!Ch[D\\!\"];?@VfsmCJJ;TAHY;DCh3tj@<Q'nCe\\>[ATDKnCf,=`DKKT7Bk;>ez&-)\\1&-)\\1","1048580":"!<d@[F*Q9O#64c-E,TfC\"98E%!<d@[F*`&V#64o6@VfsmCI<#NAIW-_Bldj%ARo7dDe!Pj$#O*mATDKnCi]UW!!$^Y!!!$*Ec6&.FD5Z2!2'Jq$O:0a@W,skEsD[F!!*#V!!!Q0!\"]Y/!!Qa0!\",q0!\"],0!$D4/!!ipCD/\")jBk1d@DZKi&#RPQdA7\\\\XCh[D\\!'^`\"F(o/r6#:CVF*(?!Ch[D\\!'^Vn@VfsmCJJ;TAK=-VEcP`%ARlotEc5h<@VfsmCEP$GBm+'0ARm4t(L_JqBl$LPFCfK,@;Je`@;^1$FD5<-!<<*\"!\"],1!!","1051652":"!<d@[F*Q9O#64c-E,TfC\"98E%!<d@[F*`/Y#64o6@VfsmCI<#NAIW-_Bldj%ARo7dDe!Pj$#O*mATDKnCi]UW!!$^Y!!!$*Ec6&.FD5Z2!2'Jq$O:0a@W,skEsD[F!!)O#!\"\\Q0!$C_Q!\",A0!!Q10!!!!0!\"]/Q!!ipCD/\")jBk1d@DZKi&#RPQdA7\\\\XCh[D\\!'^`\"F(o/r6#:CVF*(?!Ch[D\\!'^Vn@VfsmCJJ;TAK=-VEcP`%ARlotEc5h<@VfsmCEP$GBm+'0ARm4t(L_JqBl$LPFCfK,@;Je`@;^1$FD5<-!<<*\"!\"],1!!","2097156":"!<d@[F*Q9O#64c-E,TfC\"TSN&!<d@[F*`&V#64o6@VfsmCI<#NAIW-_Bldj%ARo7dDe!Pj$#O*mATDKnCi]UW!!$^Y!!!$*Ec6&.FD5Z2!2'Jq$O:0a@W,skEsD[F!!*#V!!!Q0!\"]Y/!!Qa0!\",q0!\"],0!$D4/!!ipCD/\")jBk1d@DZKi&#RPQdA7\\\\XCh[D\\!'^`\"F(o/r6#:CVF*(?!Ch[D\\!'^Vn@VfsmCJJ;TAK=-VEcP`%ARlotEc5h<@VfsmCEP$GBm+'0ARm4t(L_JqBl$LPFCfK,@;Je`@;^1$FD5<-!<<*\"!\"],1!!","2100228":"!<d@[F*Q9O#64c-E,TfC\"TSN&!<d@[F*`/Y#64o6@VfsmCI<#NAIW-_Bldj%ARo7dDe!Pj$#O*mATDKnCi]UW!!$^Y!!!$*Ec6&.FD5Z2!2'Jq$O:0a@W,skEsD[F!!)O#!\"\\Q0!$C_Q!\",A0!!Q10!!!!0!\"]/Q!!ipCD/\")jBk1d@DZKi&#RPQdA7\\\\XCh[D\\!'^`\"F(o/r6#:CVF*(?!Ch[D\\!'^Vn@VfsmCJJ;TAK=-VEcP`%ARlotEc5h<@VfsmCEP$GBm+'0ARm4t(L_JqBl$LPFCfK,@;Je`@;^1$FD5<-!<<*\"!\"],1!!","3145732":"!<d@[F*Q9O#64c-E,TfC\"onW'!<d@[F*`&V#64o6@VfsmCI<#NAIW-_Bldj%ARo7dDe!Pj$#O*mATDKnCi]UW!!$^Y!!!$*Ec6&.FD5Z2!2'Jq$O:0a@W,skEsD[F!!*#V!!!Q0!\"]Y/!!Qa0!\",q0!\"],0!$D4/!!ipCD/\")jBk1d@DZKi&#RPQdA7\\\\XCh[D\\!'^`\"F(o/r6#:CVF*(?!Ch[D\\!'^Vn@VfsmCJJ;TAK=-VEcP`%ARlotEc5h<@VfsmCEP$GBm+'0ARm4t(L_JqBl$LPFCfK,@;Je`@;^1$FD5<-!<<*\"!\"],1!!","3148804":"!<d@[F*Q9O#64c-E,TfC\"onW'!<d@[F*`/Y#64o6@VfsmCI<#NAIW-_Bldj%ARo7dDe!Pj$#O*mATDKnCi]UW!!$^Y!!!$*Ec6&.FD5Z2!2'Jq$O:0a@W,skEsD[F!!)O#!\"\\Q0!$C_Q!\",A0!!Q10!!!!0!\"]/Q!!ipCD/\")jBk1d@DZKi&#RPQdA7\\\\XCh[D\\!'^`\"F(o/r6#:CVF*(?!Ch[D\\!'^Vn@VfsmCJJ;TAK=-VEcP`%ARlotEc5h<@VfsmCEP$GBm+'0ARm4t(L_JqBl$LPFCfK,@;Je`@;^1$FD5<-!<<*\"!\"],1!!","4194308":"!<d@[F*Q9O#64c-E,TfC#64`(!<d@[F*`&V#64o6@VfsmCI<#NAIW-_Bldj%ARo7dDe!Pj$Zg3(G@Pc)DeWa'!<<*\"&H;2\"$P@#lDfor.;f6Mt6ZljVBk28cznB_.C$#O*mATDKnCi]UW!!$^Y!!!$*Ec6&.FD5Z2!2'Jq$O:0a@W,skErc7@!!*#g!!ipCD/\")jBk1d@DZKh<#RPQdA7\\\\XCh[D\\!!!98F(o/r6#:CVF*(?!Ch[D\\!!!0/@VfsmCJJ;TAK=-VEcP`%ARlotEc5h<@VfsmCEP$GBm+'0ARm4t(L_JqBl$LPFCfK,@;Je`@;^1$FD5<-!<<*\"!\"],1!!","4195332":"!<d@[F*Q9O#64c-E,TfC#64`(!<d@[F*`)W#64o6@VfsmCI<#NAIW-_Bldj%ARo7dDe!Pj$#O*mATDKnCi]UW!!$^Y!!!$*Ec6&.FD5Z2!2'Jq$O:0a@W,skEsD[F!$C_#!!)Kg!\"e&h!!)[g!!)kg!!*&g!\"eVh!!ipCD/\")jBk1d@DZKi&#RPQdA7\\\\XCh[D\\!'^`\"F(o/r6#:CVF*(?!Ch[D\\!'^Vn@VfsmCJJ;TAK=-VEcP`%ARlotEc5h<@VfsmCEP$GBm+'0ARm4t(L_JqBl$LPFCfK,@;Je`@;^1$FD5<-!<<*\"!\"],1!!","4196356":"!<d@[F*Q9O#64c-E,TfC#64`(!<d@[F*`,X#64o6@VfsmCI<#NAIW-_Bldj%ARo7dDe!Pj$Zg3(G@Pc)DeWa'!rr<$!:VZB\"T7`h#kY>$$P@#lDfor.;f6Mt6ZljVBk28d!!!!\"FKb`H4R`=Y$#O*mATDKnCi]UW!!$^Y!!!$*Ec6&.FD5Z2!2'Jq$O:0a@W,skEsD[F!$C_#!!)Kg!\"e&h!!)[g!!)kg!!*&g!\"eVh!!ipCD/\")jBk1d@DZKh<#RPQdA7\\\\XCh[D\\!!!98F(o/r6#:CVF*(?!Ch[D\\!!!0/@VfsmCJJ;TAK=-VEcP`%ARlotEc5h<@VfsmCEP$GBm+'0ARm4t(L_JqBl$LPFCfK,@;Je`@;^1$FD5<-!<<*\"!\"],1!!","4197380":"!<d@[F*Q9O#64c-E,TfC#64`(!<d@[F*`/Y#64o6@VfsmCI<#NAIW-_Bldj%ARo7dDe!Pj$#O*mATDKnCi]UW!!$^Y!!!$*Ec6&.FD5Z2!2'Jq$O:0a@W,skErc7@!!)L#!!ipCD/\")jBk1d@DZKi&#RPQdA7\\\\XCh[D\\!'^`\"F(o/r6#:CVF*(?!Ch[D\\!'^Vn@VfsmCJJ;TAK=-VEcP`%ARlotEc5h<@VfsmCEP$GBm+'0ARm4t(L_JqBl$LPFCfK,@;Je`@;^1$FD5<-!<<*\"!\"],1!!","5":"!<d@[F*Q<P#64c-E,TfC!rr<$!<d@[F*`&V#64o6@VfsmCI<#NAIW-_Bldj%ARo7dDe!Pj$#O*mATDKnCi]UW!!$^Y!!!$*Ec6&.FD5Z2!2'Jq$O:0a@W,skErc7@!9!nW!!ipCD/\")jBk1d@DZKi&#RPQdA7\\\\XCh[D\\!'^`\"F(o/r6#:CVF*(?!Ch[D\\!'^Vn@VfsmCJJ;TAK=-VEcP`%ARlotEc5h<@VfsmCEP$GBm+'0ARm4t(L_JqBl$LPFCfK,@;Je`@;^1$FD5<-!<<*\"!\"],1!!","1029":"!<d@[F*Q<P#64c-E,TfC!rr<$!<d@[F*`)W#64o6@VfsmCI<#NAIW-_Bldj%ARo7dDe!Pj$#O*mATDKnCi]UW!!$pW!!!$*Ec6&.FD5Z2!2'Jq$O:0a@W,skErc7@!9!AH!!ipCD/\")jBk1d@DZKi&#RPQdA7\\\\XCh[D\\!'^`\"F(o/r6#:CVF*(?!Ch[D\\!'^Vn@VfsmCJJ;TAI;4ACERS4@;]k%$Q!5p@;0OP@<?($BjkgTF^]00Bln'#Erc7@!!!Q1!!!","2053":"!<d@[F*Q<P#64c-E,TfC!rr<$!<d@[F*`,X#64o6@VfsmCI<#NAIW-_Bldj%ARo7dDe!Pj$#O*mATDKnCi]UW!!%Bd!!!$*Ec6&.FD5Z2!2'Jq$O:0a@W,skErc7@!9!AH!!ipCD/\")jBk1d@DZKi&#RPQdA7\\\\XCh[D\\!'^`\"F(o/r6#:CVF*(?!Ch[D\\!'^Vn@VfsmCJJ;TAI;4ACERS4@;]k%$Q!5p@;0OP@<?($BjkgTF^]00Bln'#Erc7@!!!Q1!!!","3077":"!<d@[F*Q<P#64c-E,TfC!rr<$!<d@[F*`/Y#64o6@VfsmCI<#NAIW-_Bldj%ARo7dDe!Pj$#O*mATDKnCi]UW!!$^Y!!!$*Ec6&.FD5Z2!2'Jq$O:0a@W,skErc7@!9!>W!!ipCD/\")jBk1d@DZKh<#RPQdA7\\\\XCh[D\\!!!98F(o/r6#:CVF*(?!Ch[D\\!!!0/@VfsmCJJ;TAK=-VEcP`%ARlotEc5h<@VfsmCEP$GBm+'0ARm4t(L_JqBl$LPFCfK,@;Je`@;^1$FD5<-!<<*\"!\"],1!!","1048581":"!<d@[F*Q<P#64c-E,TfC\"98E%!<d@[F*`&V#64o6@VfsmCI<#NAIW-_Bldj%ARo7dDe!Pj$#O*mATDKnCi]UW!!$^Y!!!$*Ec6&.FD5Z2!2'Jq$O:0a@W,skEsD[F!!*#V!!!Q0!\"]Y/!!Qa0!\",q0!\"],0!$D4/!!ipCD/\")jBk1d@DZKi&#RPQdA7\\\\XCh[D\\!'^`\"F(o/r6#:CVF*(?!Ch[D\\!'^Vn@VfsmCJJ;TAK=-VEcP`%ARlotEc5h<@VfsmCEP$GBm+'0ARm4t(L_JqBl$LPFCfK,@;Je`@;^1$FD5<-!<<*\"!\"],1!!","1051653":"!<d@[F*Q<P#64c-E,TfC\"98E%!<d@[F*`/Y#64o6@VfsmCI<#NAIW-_Bldj%ARo7dDe!Pj$#O*mATDKnCi]UW!!$^Y!!!$*Ec6&.FD5Z2!2'Jq$O:0a@W,skEsD[F!!)O#!\"\\Q0!$C_Q!\",A0!!Q10!!!!0!\"]/Q!!ipCD/\")jBk1d@DZKi&#RPQdA7\\\\XCh[D\\!'^`\"F(o/r6#:CVF*(?!Ch[D\\!'^Vn@VfsmCJJ;TAK=-VEcP`%ARlotEc5h<@VfsmCEP$GBm+'0ARm4t(L_JqBl$LPFCfK,@;Je`@;^1$FD5<-!<<*\"!\"],1!!","2097157":"!<d@[F*Q<P#64c-E,TfC\"TSN&!<d@[F*`&V#64o6@VfsmCI<#NAIW-_Bldj%ARo7dDe!Pj$#O*mATDKnCi]UW!!$^Y!!!$*Ec6&.FD5Z2!2'Jq$O:0a@W,skEsD[F!!*#V!!!Q0!\"]Y/!!Qa0!\",q0!\"],0!$D4/!!ipCD/\")jBk1d@DZKi&#RPQdA7\\\\XCh[D\\!'^`\"F(o/r6#:CVF*(?!Ch[D\\!'^Vn@VfsmCJJ;TAK=-VEcP`%ARlotEc5h<@VfsmCEP$GBm+'0ARm4t(L_JqBl$LPFCfK,@;Je`@;^1$FD5<-!<<*\"!\"],1!!","2099205":"!<d@[F*Q<P#64c-E,TfC\"TSN&!<d@[F*`,X#64o6@VfsmCI<#NAINEeFC?bBE+*s.AT@eWD..ZVDfor>!<<*\"\":]'_FCfK9@;JJQF`MO'!!!!+$Y=3tBlnVfDe*F#\"onW'(2%&mANF:3@<*r3ASkjlAM%A-@:O'eB45Xg3auZ/E\\2-:Ch52-Cgggh(2%&mANF:3@<*r3ASkjlAM%A3Dg-(5B45Xg3auZ/E\\2-:Ch52-Ec6/>'PCikANF:3@<*r3ASkjlAM%tGDA$SjD.Pb;ARTU2D..6l/TZ&P!<RL#z!<RO$z!<RR%z!<RL$!<<*\"!<RO%!WW3#!<RR&!<<*\"!=is\\DGY.XH\"D\"o@;]^hz!=isTGYi3bH\"D\"o@;]^hs8W-!!=j0i@<ZTe@;]^h9lFQRz!=Eme@<ZTVDfor>!<<*\"#o%H\"@<ZTbDJXSaAoqU)8SrEbEc_<_(27Z#FD50\";0?;bFD5iB;fH/hDIm>Y!!!!\"'PVH!FD50\";fH/hDGbObDKKT7GlRgE!!*C=Ec6)>;e^Ph!<<*\"#n(rcF%L4fDfTr2A,l]FCghC,;fH/hDH(Or@;JJQF`MQM);L!nJs8M$&8?$(ATDZsCdVWM@:O\"nGlRgE!!<^FDKKH1DII?KBOPpoAH2]1z!!<aPARfC^EbAr[ATC=[F`IH^z!!!*>CghC,6YKnKB4Y(^A79Rk<,ZkeCe/JeEcV3\\z!!!N?F)YQ3DIm?IDKKT7Bk;>cz","2100229":"!<d@[F*Q<P#64c-E,TfC\"TSN&!<d@[F*`/Y#64o6@VfsmCI<#NAIW-_Bldj%ARo7dDe!Pj$#O*mATDKnCi]UW!!$^Y!!!$*Ec6&.FD5Z2!2'Jq$O:0a@W,skEsD[F!!)O#!\"\\Q0!$C_Q!\",A0!!Q10!!!!0!\"]/Q!!ipCD/\")jBk1d@DZKi&#RPQdA7\\\\XCh[D\\!'^`\"F(o/r6#:CVF*(?!Ch[D\\!'^Vn@VfsmCJJ;TAK=-VEcP`%ARlotEc5h<@VfsmCEP$GBm+'0ARm4t(L_JqBl$LPFCfK,@;Je`@;^1$FD5<-!<<*\"!\"],1!!","3145733":"!<d@[F*Q<P#64c-E,TfC\"onW'!<d@[F*`&V#64o6@VfsmCI<#NAIW-_Bldj%ARo7dDe!Pj$#O*mATDKnCi]UW!!$^Y!!!$*Ec6&.FD5Z2!2'Jq$O:0a@W,skEsD[F!!*#V!!!Q0!\"]Y/!!Qa0!\",q0!\"],0!$D4/!!ipCD/\")jBk1d@DZKi&#RPQdA7\\\\XCh[D\\!'^`\"F(o/r6#:CVF*(?!Ch[D\\!'^Vn@VfsmCJJ;TAK=-VEcP`%ARlotEc5h<@VfsmCEP$GBm+'0ARm4t(L_JqBl$LPFCfK,@;Je`@;^1$FD5<-!<<*\"!\"],1!!","3148805":"!<d@[F*Q<P#64c-E,TfC\"onW'!<d@[F*`/Y#64o6@VfsmCI<#NAIW-_Bldj%ARo7dDe!Pj$#O*mATDKnCi]UW!!$^Y!!!$*Ec6&.FD5Z2!2'Jq$O:0a@W,skEsD[F!!)O#!\"\\Q0!$C_Q!\",A0!!Q10!!!!0!\"]/Q!!ipCD/\")jBk1d@DZKi&#RPQdA7\\\\XCh[D\\!'^`\"F(o/r6#:CVF*(?!Ch[D\\!'^Vn@VfsmCJJ;TAK=-VEcP`%ARlotEc5h<@VfsmCEP$GBm+'0ARm4t(L_JqBl$LPFCfK,@;Je`@;^1$FD5<-!<<*\"!\"],1!!","4194309":"!<d@[F*Q<P#64c-E,TfC#64`(!<d@[F*`&V#64o6@VfsmCI<#NAIW-_Bldj%ARo7dDe!Pj$#O*mATDKnCi]UW!!$^Y!!!$*Ec6&.FD5Z2!2'Jq$O:0a@W,skErc7@!!*#g!!ipCD/\")jBk1d@DZKi&#RPQdA7\\\\XCh[D\\!'^`\"F(o/r6#:CVF*(?!Ch[D\\!'^Vn@VfsmCJJ;TAK=-VEcP`%ARlotEc5h<@VfsmCEP$GBm+'0ARm4t(L_JqBl$LPFCfK,@;Je`@;^1$FD5<-!<<*\"!\"],1!!","4195333":"!<d@[F*Q<P#64c-E,TfC#64`(!<d@[F*`)W#64o6@VfsmCI<#NAIW-_Bldj%ARo7dDe!Pj$#O*mATDKnCi]UW!!$^Y!!!$*Ec6&.FD5Z2!2'Jq$O:0a@W,skEsD[F!$C_#!!)Kg!\"e&h!!)[g!!)kg!!*&g!\"eVh!!ipCD/\")jBk1d@DZKi&#RPQdA7\\\\XCh[D\\!'^`\"F(o/r6#:CVF*(?!Ch[D\\!'^Vn@VfsmCJJ;TAK=-VEcP`%ARlotEc5h<@VfsmCEP$GBm+'0ARm4t(L_JqBl$LPFCfK,@;Je`@;^1$FD5<-!<<*\"!\"],1!!","4196357":"!<d@[F*Q<P#64c-E,TfC#64`(!<d@[F*`,X#64o6@VfsmCI<#NAIW-_Bldj%ARo7dDe!Pj$#O*mATDKnCi]UW!!$^Y!!!$*Ec6&.FD5Z2!2'Jq$O:0a@W,skEsD[F!$C_#!!)Kg!\"e&h!!)[g!!)kg!!*&g!\"eVh!!ipCD/\")jBk1d@DZKi&#RPQdA7\\\\XCh[D\\!'^`\"F(o/r6#:CVF*(?!Ch[D\\!'^Vn@VfsmCJJ;TAK=-VEcP`%ARlotEc5h<@VfsmCEP$GBm+'0ARm4t(L_JqBl$LPFCfK,@;Je`@;^1$FD5<-!<<*\"!\"],1!!","4197381":"!<d@[F*Q<P#64c-E,TfC#64`(!<d@[F*`/Y#64o6@VfsmCI<#NAIW-_Bldj%ARo7dDe!Pj$#O*mATDKnCi]UW!!$^Y!!!$*Ec6&.FD5Z2!2'Jq$O:0a@W,skErc7@!!)L#!!ipCD/\")jBk1d@DZKi&#RPQdA7\\\\XCh[D\\!'^`\"F(o/r6#:CVF*(?!Ch[D\\!'^Vn@VfsmCJJ;TAK=-VEcP`%ARlotEc5h<@VfsmCEP$GBm+'0ARm4t(L_JqBl$LPFCfK,@;Je`@;^1$FD5<-!<<*\"!\"],1!!","6":"!<d@[F*Q?Q#64c-E,TfC!rr<$!<d@[F*`&V#64o6@VfsmCI<#NAIW-_Bldj%ARo7dDe!Pj$#O*mATDKnCi]UW!!$^Y!!!$*Ec6&.FD5Z2!2'Jq$O:0a@W,skErc7@!9!nW!!ipCD/\")jBk1d@DZKh<#RPQdA7\\\\XCh[D\\!!!98F(o/r6#:CVF*(?!Ch[D\\!!!0/@VfsmCJJ;TAK=-VEcP`%ARlotEc5h<@VfsmCEP$GBm+'0ARm4t(L_JqBl$LPFCfK,@;Je`@;^1$FD5<-!<<*\"!\"],1!!","1030":"!<d@[F*Q?Q#64c-E,TfC!rr<$!<d@[F*`)W#64o6@VfsmCI<#NAIW-_Bldj%ARo7dDe!Pj$#O*mATDKnCi]UW!!$pW!!!$*Ec6&.FD5Z2!2'Jq$O:0a@W,skErc7@!9!AH!!ipCD/\")jBk1d@DZKi&#RPQdA7\\\\XCh[D\\!'^`\"F(o/r6#:CVF*(?!Ch[D\\!'^Vn@VfsmCJJ;TAI;4ACERS4@;]k%$Q!5p@;0OP@<?($BjkgTF^]00Bln'#Erc7@!!!Q1!!!","2054":"!<d@[F*Q?Q#64c-E,TfC!rr<$!<d@[F*`,X#64o6@VfsmCI<#NAIW-_Bldj%ARo7dDe!Pj$#O*mATDKnCi]UW!!%Bd!!!$*Ec6&.FD5Z2!2'Jq$O:0a@W,skErc7@!9!AH!!ipCD/\")jBk1d@DZKi&#RPQdA7\\\\XCh[D\\!'^`\"F(o/r6#:CVF*(?!Ch[D\\!'^Vn@VfsmCJJ;TAI;4ACERS4@;]k%$Q!5p@;0OP@<?($BjkgTF^]00Bln'#Erc7@!!!Q1!!!","3078":"!<d@[F*Q?Q#64c-E,TfC!rr<$!<d@[F*`/Y#64o6@VfsmCI<#NAIW-_Bldj%ARo7dDe!Pj$#O*mATDKnCi]UW!!$^Y!!!$*Ec6&.FD5Z2!2'Jq$O:0a@W,skErc7@!9!>W!!ipCD/\")jBk1d@DZKi&#RPQdA7\\\\XCh[D\\!'^`\"F(o/r6#:CVF*(?!Ch[D\\!'^Vn@VfsmCJJ;TAK=-VEcP`%ARlotEc5h<@VfsmCEP$GBm+'0ARm4t(L_JqBl$LPFCfK,@;Je`@;^1$FD5<-!<<*\"!\"],1!!","1048582":"!<d@[F*Q?Q#64c-E,TfC\"98E%!<d@[F*`&V#64o6@VfsmCI<#NAIW-_Bldj%ARo7dDe!Pj$#O*mATDKnCi]UW!!$^Y!!!$*Ec6&.FD5Z2!2'Jq$O:0a@W,skEsD[F!!*#V!!!Q0!\"]Y/!!Qa0!\",q0!\"],0!$D4/!!ipCD/\")jBk1d@DZKh<#RPQdA7\\\\XCh[D\\!!!98F(o/r6#:CVF*(?!Ch[D\\!!!0/@VfsmCJJ;TAK=-VEcP`%ARlotEc5h<@VfsmCEP$GBm+'0ARm4t(L_JqBl$LPFCfK,@;Je`@;^1$FD5<-!<<*\"!\"],1!!","1051654":"!<d@[F*Q?Q#64c-E,TfC\"98E%!<d@[F*`/Y#64o6@VfsmCI<#NAIW-_Bldj%ARo7dDe!Pj$#O*mATDKnCi]UW!!$^Y!!!$*Ec6&.FD5Z2!2'Jq$O:0a@W,skEsD[F!!)O#!\"\\Q0!$C_Q!\",A0!!Q10!!!!0!\"]/Q!!ipCD/\")jBk1d@DZKi&#RPQdA7\\\\XCh[D\\!'^`\"F(o/r6#:CVF*(?!Ch[D\\!'^Vn@VfsmCJJ;TAK=-VEcP`%ARlotEc5h<@VfsmCEP$GBm+'0ARm4t(L_JqBl$LPFCfK,@;Je`@;^1$FD5<-!<<*\"!\"],1!!","2097158":"!<d@[F*Q?Q#64c-E,TfC\"TSN&!<d@[F*`&V#64o6@VfsmCI<#NAIW-_Bldj%ARo7dDe!Pj$#O*mATDKnCi]UW!!$^Y!!!$*Ec6&.FD5Z2!2'Jq$O:0a@W,skEsD[F!!*#V!!!Q0!\"]Y/!!Qa0!\",q0!\"],0!$D4/!!ipCD/\")jBk1d@DZKi&#RPQdA7\\\\XCh[D\\!'^`\"F(o/r6#:CVF*(?!Ch[D\\!'^Vn@VfsmCJJ;TAK=-VEcP`%ARlotEc5h<@VfsmCEP$GBm+'0ARm4t(L_JqBl$LPFCfK,@;Je`@;^1$FD5<-!<<*\"!\"],1!!","2100230":"!<d@[F*Q?Q#64c-E,TfC\"TSN&!<d@[F*`/Y#64o6@VfsmCI<#NAIW-_Bldj%ARo7dDe!Pj$#O*mATDKnCi]UW!!$^Y!!!$*Ec6&.FD5Z2!2'Jq$O:0a@W,skEsD[F!!)O#!\"\\Q0!$C_Q!\",A0!!Q10!!!!0!\"]/Q!!ipCD/\")jBk1d@DZKi&#RPQdA7\\\\XCh[D\\!'^`\"F(o/r6#:CVF*(?!Ch[D\\!'^Vn@VfsmCJJ;TAK=-VEcP`%ARlotEc5h<@VfsmCEP$GBm+'0ARm4t(L_JqBl$LPFCfK,@;Je`@;^1$FD5<-!<<*\"!\"],1!!","3145734":"!<d@[F*Q?Q#64c-E,TfC\"onW'!<d@[F*`&V#64o6@VfsmCI<#NAIW-_Bldj%ARo7dDe!Pj$#O*mATDKnCi]UW!!$^Y!!!$*Ec6&.FD5Z2!2'Jq$O:0a@W,skEsD[F!!*#V!!!Q0!\"]Y/!!Qa0!\",q0!\"],0!$D4/!!ipCD/\")jBk1d@DZKi&#RPQdA7\\\\XCh[D\\!'^`\"F(o/r6#:CVF*(?!Ch[D\\!'^Vn@VfsmCJJ;TAK=-VEcP`%ARlotEc5h<@VfsmCEP$GBm+'0ARm4t(L_JqBl$LPFCfK,@;Je`@;^1$FD5<-!<<*\"!\"],1!!","3148806":"!<d@[F*Q?Q#64c-E,TfC\"onW'!<d@[F*`/Y#64o6@VfsmCI<#NAIW-_Bldj%ARo7dDe!Pj$#O*mATDKnCi]UW!!$^Y!!!$*Ec6&.FD5Z2!2'Jq$O:0a@W,skEsD[F!!)O#!\"\\Q0!$C_Q!\",A0!!Q10!!!!0!\"]/Q!!ipCD/\")jBk1d@DZKi&#RPQdA7\\\\XCh[D\\!'^`\"F(o/r6#:CVF*(?!Ch[D\\!'^Vn@VfsmCJJ;TAK=-VEcP`%ARlotEc5h<@VfsmCEP$GBm+'0ARm4t(L_JqBl$LPFCfK,@;Je`@;^1$FD5<-!<<*\"!\"],1!!","4194310":"!<d@[F*Q?Q#64c-E,TfC#64`(!<d@[F*`&V#64o6@VfsmCI<#NAIW-_Bldj%ARo7dDe!Pj$#O*mATDKnCi]UW!!$^Y!!!$*Ec6&.FD5Z2!2'Jq$O:0a@W,skErc7@!!*#g!!ipCD/\")jBk1d@DZKi&#RPQdA7\\\\XCh[D\\!'^`\"F(o/r6#:CVF*(?!Ch[D\\!'^Vn@VfsmCJJ;TAK=-VEcP`%ARlotEc5h<@VfsmCEP$GBm+'0ARm4t(L_JqBl$LPFCfK,@;Je`@;^1$FD5<-!<<*\"!\"],1!!","4195334":"!<d@[F*Q?Q#64c-E,TfC#64`(!<d@[F*`)W#64o6@VfsmCI<#NAIW-_Bldj%ARo7dDe!Pj$#O*mATDKnCi]UW!!$^Y!!!$*Ec6&.FD5Z2!2'Jq$O:0a@W,skEsD[F!$C_#!!)Kg!\"e&h!!)[g!!)kg!!*&g!\"eVh!!ipCD/\")jBk1d@DZKi&#RPQdA7\\\\XCh[D\\!'^`\"F(o/r6#:CVF*(?!Ch[D\\!'^Vn@VfsmCJJ;TAK=-VEcP`%ARlotEc5h<@VfsmCEP$GBm+'0ARm4t(L_JqBl$LPFCfK,@;Je`@;^1$FD5<-!<<*\"!\"],1!!","4196358":"!<d@[F*Q?Q#64c-E,TfC#64`(!<d@[F*`,X#64o6@VfsmCI<#NAIW-_Bldj%ARo7dDe!Pj$#O*mATDKnCi]UW!!$^Y!!!$*Ec6&.FD5Z2!2'Jq$O:0a@W,skEsD[F!$C_#!!)Kg!\"e&h!!)[g!!)kg!!*&g!\"eVh!!ipCD/\")jBk1d@DZKi&#RPQdA7\\\\XCh[D\\!'^`\"F(o/r6#:CVF*(?!Ch[D\\!'^Vn@VfsmCJJ;TAK=-VEcP`%ARlotEc5h<@VfsmCEP$GBm+'0ARm4t(L_JqBl$LPFCfK,@;Je`@;^1$FD5<-!<<*\"!\"],1!!","4197382":"!<d@[F*Q?Q#64c-E,TfC#64`(!<d@[F*`/Y#64o6@VfsmCI<#NAIW-_Bldj%ARo7dDe!Pj$#O*mATDKnCi]UW!!$^Y!!!$*Ec6&.FD5Z2!2'Jq$O:0a@W,skErc7@!!)L#!!ipCD/\")jBk1d@DZKi&#RPQdA7\\\\XCh[D\\!'^`\"F(o/r6#:CVF*(?!Ch[D\\!'^Vn@VfsmCJJ;TAK=-VEcP`%ARlotEc5h<@VfsmCEP$GBm+'0ARm4t(L_JqBl$LPFCfK,@;Je`@;^1$FD5<-!<<*\"!\"],1!!","1031":"!<d@[F*QBR#64c-E,TfC!rr<$!<d@[F*`)W#64o6@VfsmCI<#NAIW-_Bldj%ARo7dDe!Pj$#O*mATDKnCi]XX!!!KO!!$pW!!!$*Ec6&.FD5Z2!2'Jq$O:0a@W,skErl=A!9!AH!QL6\"!!ipCD/\")jBk1d@DZKi&#RPQdA7\\\\XCh[D\\!'^`\"F(o/r6#:CVF*(?!Ch[D\\!'^Vn@VfsmCJJ;TAHY;DCh3tj@<Q'nCe\\>[ATDKnCf,=`DKKT7Bk;>dz&-)\\1","2055":"!<d@[F*QBR#64c-E,TfC!rr<$!<d@[F*`,X#64o6@VfsmCI<#NAIW-_Bldj%ARo7dDe!Pj$#O*mATDKnCi]XX!!!KO!!$pW!!!$*Ec6&.FD5Z2!2'Jq$O:0a@W,skErl=A!9!AH!QL6\"!!ipCD/\")jBk1d@DZKi&#RPQdA7\\\\XCh[D\\!'^`\"F(o/r6#:CVF*(?!Ch[D\\!'^Vn@VfsmCJJ;TAHY;DCh3tj@<Q'nCe\\>[ATDKnCf,=`DKKT7Bk;>dz&-)\\1","1048583":"!<d@[F*QBR#64c-E,TfC\"98E%!<d@[F*`&V#64o6@VfsmCI<#NAIW-_Bldj%ARo7dDe!Pj$#O*mATDKnCi]UW!!$^Y!!!$*Ec6&.FD5Z2!2'Jq$O:0a@W,skEsD[F!!*#V!!!Q0!\"]Y/!!Qa0!\",q0!\"],0!$D4/!!ipCD/\")jBk1d@DZKi&#RPQdA7\\\\XCh[D\\!'^`\"F(o/r6#:CVF*(?!Ch[D\\!'^Vn@VfsmCJJ;TAK=-VEcP`%ARlotEc5h<@VfsmCEP$GBm+'0ARm4t(L_JqBl$LPFCfK,@;Je`@;^1$FD5<-!<<*\"!\"],1!!","1051655":"!<d@[F*QBR#64c-E,TfC\"98E%!<d@[F*`/Y#64o6@VfsmCI<#NAIW-_Bldj%ARo7dDe!Pj$#O*mATDKnCi]UW!!$^Y!!!$*Ec6&.FD5Z2!2'Jq$O:0a@W,skEsD[F!!)O#!\"\\Q0!$C_Q!\",A0!!Q10!!!!0!\"]/Q!!ipCD/\")jBk1d@DZKi&#RPQdA7\\\\XCh[D\\!'^`\"F(o/r6#:CVF*(?!Ch[D\\!'^Vn@VfsmCJJ;TAK=-VEcP`%ARlotEc5h<@VfsmCEP$GBm+'0ARm4t(L_JqBl$LPFCfK,@;Je`@;^1$FD5<-!<<*\"!\"],1!!","2097159":"!<d@[F*QBR#64c-E,TfC\"TSN&!<d@[F*`&V#64o6@VfsmCI<#NAIW-_Bldj%ARo7dDe!Pj$#O*mATDKnCi]UW!!$^Y!!!$*Ec6&.FD5Z2!2'Jq$O:0a@W,skEsD[F!!*#V!!!Q0!\"]Y/!!Qa0!\",q0!\"],0!$D4/!!ipCD/\")jBk1d@DZKi&#RPQdA7\\\\XCh[D\\!'^`\"F(o/r6#:CVF*(?!Ch[D\\!'^Vn@VfsmCJJ;TAK=-VEcP`%ARlotEc5h<@VfsmCEP$GBm+'0ARm4t(L_JqBl$LPFCfK,@;Je`@;^1$FD5<-!<<*\"!\"],1!!","2100231":"!<d@[F*QBR#64c-E,TfC\"TSN&!<d@[F*`/Y#64o6@VfsmCI<#NAIW-_Bldj%ARo7dDe!Pj$#O*mATDKnCi]UW!!$^Y!!!$*Ec6&.FD5Z2!2'Jq$O:0a@W,skEsD[F!!)O#!\"\\Q0!$C_Q!\",A0!!Q10!!!!0!\"]/Q!!ipCD/\")jBk1d@DZKi&#RPQdA7\\\\XCh[D\\!'^`\"F(o/r6#:CVF*(?!Ch[D\\!'^Vn@VfsmCJJ;TAK=-VEcP`%ARlotEc5h<@VfsmCEP$GBm+'0ARm4t(L_JqBl$LPFCfK,@;Je`@;^1$FD5<-!<<*\"!\"],1!!","3145735":"!<d@[F*QBR#64c-E,TfC\"onW'!<d@[F*`&V#64o6@VfsmCI<#NAIW-_Bldj%ARo7dDe!Pj$#O*mATDKnCi]UW!!$^Y!!!$*Ec6&.FD5Z2!2'Jq$O:0a@W,skEsD[F!!*#V!!!Q0!\"]Y/!!Qa0!\",q0!\"],0!$D4/!!ipCD/\")jBk1d@DZKi&#RPQdA7\\\\XCh[D\\!'^`\"F(o/r6#:CVF*(?!Ch[D\\!'^Vn@VfsmCJJ;TAK=-VEcP`%ARlotEc5h<@VfsmCEP$GBm+'0ARm4t(L_JqBl$LPFCfK,@;Je`@;^1$FD5<-!<<*\"!\"],1!!","3148807":"!<d@[F*QBR#64c-E,TfC\"onW'!<d@[F*`/Y#64o6@VfsmCI<#NAIW-_Bldj%ARo7dDe!Pj$#O*mATDKnCi]UW!!$^Y!!!$*Ec6&.FD5Z2!2'Jq$O:0a@W,skEsD[F!!)O#!\"\\Q0!$C_Q!\",A0!!Q10!!!!0!\"]/Q!!ipCD/\")jBk1d@DZKi&#RPQdA7\\\\XCh[D\\!'^`\"F(o/r6#:CVF*(?!Ch[D\\!'^Vn@VfsmCJJ;TAK=-VEcP`%ARlotEc5h<@VfsmCEP$GBm+'0ARm4t(L_JqBl$LPFCfK,@;Je`@;^1$FD5<-!<<*\"!\"],1!!","4194311":"!<d@[F*QBR#64c-E,TfC#64`(!<d@[F*`&V#64o6@VfsmCI<#NAIW-_Bldj%ARo7dDe!Pj$#O*mATDKnCi]UW!!$^Y!!!$*Ec6&.FD5Z2!2'Jq$O:0a@W,skErc7@!!*#g!!ipCD/\")jBk1d@DZKi&#RPQdA7\\\\XCh[D\\!'^`\"F(o/r6#:CVF*(?!Ch[D\\!'^Vn@VfsmCJJ;TAK=-VEcP`%ARlotEc5h<@VfsmCEP$GBm+'0ARm4t(L_JqBl$LPFCfK,@;Je`@;^1$FD5<-!<<*\"!\"],1!!","4195335":"!<d@[F*QBR#64c-E,TfC#64`(!<d@[F*`)W#64o6@VfsmCI<#NAIW-_Bldj%ARo7dDe!Pj$#O*mATDKnCi]UW!!$^Y!!!$*Ec6&.FD5Z2!2'Jq$O:0a@W,skEsD[F!$C_#!!)Kg!\"e&h!!)[g!!)kg!!*&g!\"eVh!!ipCD/\")jBk1d@DZKi&#RPQdA7\\\\XCh[D\\!'^`\"F(o/r6#:CVF*(?!Ch[D\\!'^Vn@VfsmCJJ;TAK=-VEcP`%ARlotEc5h<@VfsmCEP$GBm+'0ARm4t(L_JqBl$LPFCfK,@;Je`@;^1$FD5<-!<<*\"!\"],1!!","4196359":"!<d@[F*QBR#64c-E,TfC#64`(!<d@[F*`,X#64o6@VfsmCI<#NAIW-_Bldj%ARo7dDe!Pj$#O*mATDKnCi]UW!!$^Y!!!$*Ec6&.FD5Z2!2'Jq$O:0a@W,skEsD[F!$C_#!!)Kg!\"e&h!!)[g!!)kg!!*&g!\"eVh!!ipCD/\")jBk1d@DZKi&#RPQdA7\\\\XCh[D\\!'^`\"F(o/r6#:CVF*(?!Ch[D\\!'^Vn@VfsmCJJ;TAK=-VEcP`%ARlotEc5h<@VfsmCEP$GBm+'0ARm4t(L_JqBl$LPFCfK,@;Je`@;^1$FD5<-!<<*\"!\"],1!!","4197383":"!<d@[F*QBR#64c-E,TfC#64`(!<d@[F*`/Y#64o6@VfsmCI<#NAIW-_Bldj%ARo7dDe!Pj$#O*mATDKnCi]UW!!$^Y!!!$*Ec6&.FD5Z2!2'Jq$O:0a@W,skErc7@!!)L#!!ipCD/\")jBk1d@DZKi&#RPQdA7\\\\XCh[D\\!'^`\"F(o/r6#:CVF*(?!Ch[D\\!'^Vn@VfsmCJJ;TAK=-VEcP`%ARlotEc5h<@VfsmCEP$GBm+'0ARm4t(L_JqBl$LPFCfK,@;Je`@;^1$FD5<-!<<*\"!\"],1!!","8":"!<d@[F*QES#64c-E,TfC!rr<$!<d@[F*`&V#64o6@VfsmCI<#NAIW-_Bldj%ARo7dDe!Pj$#O*mATDKnCi]UW!!$^Y!!!$*Ec6&.FD5Z2!2'Jq$O:0a@W,skErc7@!9!nW!!ipCD/\")jBk1d@DZKi&#RPQdA7\\\\XCh[D\\!'^`\"F(o/r6#:CVF*(?!Ch[D\\!'^Vn@VfsmCJJ;TAK=-VEcP`%ARlotEc5h<@VfsmCEP$GBm+'0ARm4t(L_JqBl$LPFCfK,@;Je`@;^1$FD5<-!<<*\"!\"],1!!","1032":"!<d@[F*QES#64c-E,TfC!rr<$!<d@[F*`)W#64o6@VfsmCI<#NAIW-_Bldj%ARo7dDe!Pj$#O*mATDKnCi]UW!!$pW!!!$*Ec6&.FD5Z2!2'Jq$O:0a@W,skErc7@!9!AH!!ipCD/\")jBk1d@DZKi&#RPQdA7\\\\XCh[D\\!'^`\"F(o/r6#:CVF*(?!Ch[D\\!'^Vn@VfsmCJJ;TAI;4ACERS4@;]k%$Q!5p@;0OP@<?($BjkgTF^]00Bln'#Erc7@!!!Q1!!!","2056":"!<d@[F*QES#64c-E,TfC!rr<$!<d@[F*`,X#64o6@VfsmCI<#NAIW-_Bldj%ARo7dDe!Pj$#O*mATDKnCi]UW!!%Bd!!!$*Ec6&.FD5Z2!2'Jq$O:0a@W,skErc7@!9!AH!!ipCD/\")jBk1d@DZKh<#RPQdA7\\\\XCh[D\\!\"]DHF(o/r6#:CVF*(?!Ch[D\\!\"];?@VfsmCJJ;TAI;4ACERS4@;]k%$Q!5p@;0OP@<?($BjkgTF^]00Bln'#Erc7@!!!Q1!!!","3080":"!<d@[F*QES#64c-E,TfC!rr<$!<d@[F*`/Y#64o6@VfsmCI<#NAIW-_Bldj%ARo7dDe!Pj$#O*mATDKnCi]UW!!$^Y!!!$*Ec6&.FD5Z2!2'Jq$O:0a@W,skErc7@!9!>W!!ipCD/\")jBk1d@DZKi&#RPQdA7\\\\XCh[D\\!'^`\"F(o/r6#:CVF*(?!Ch[D\\!'^Vn@VfsmCJJ;TAK=-VEcP`%ARlotEc5h<@VfsmCEP$GBm+'0ARm4t(L_JqBl$LPFCfK,@;Je`@;^1$FD5<-!<<*\"!\"],1!!","1048584":"!<d@[F*QES#64c-E,TfC\"98E%!<d@[F*`&V#64o6@VfsmCI<#NAIW-_Bldj%ARo7dDe!Pj$#O*mATDKnCi]UW!!$^Y!!!$*Ec6&.FD5Z2!2'Jq$O:0a@W,skEsD[F!!*#V!!!Q0!\"]Y/!!Qa0!\",q0!\"],0!$D4/!!ipCD/\")jBk1d@DZKi&#RPQdA7\\\\XCh[D\\!'^`\"F(o/r6#:CVF*(?!Ch[D\\!'^Vn@VfsmCJJ;TAK=-VEcP`%ARlotEc5h<@VfsmCEP$GBm+'0ARm4t(L_JqBl$LPFCfK,@;Je`@;^1$FD5<-!<<*\"!\"],1!!","1051656":"!<d@[F*QES#64c-E,TfC\"98E%!<d@[F*`/Y#64o6@VfsmCI<#NAIW-_Bldj%ARo7dDe!Pj$#O*mATDKnCi]UW!!$^Y!!!$*Ec6&.FD5Z2!2'Jq$O:0a@W,skEsD[F!!)O#!\"\\Q0!$C_Q!\",A0!!Q10!!!!0!\"]/Q!!ipCD/\")jBk1d@DZKi&#RPQdA7\\\\XCh[D\\!'^`\"F(o/r6#:CVF*(?!Ch[D\\!'^Vn@VfsmCJJ;TAK=-VEcP`%ARlotEc5h<@VfsmCEP$GBm+'0ARm4t(L_JqBl$LPFCfK,@;Je`@;^1$FD5<-!<<*\"!\"],1!!","2097160":"!<d@[F*QES#64c-E,TfC\"TSN&!<d@[F*`&V#64o6@VfsmCI<#NAIW-_Bldj%ARo7dDe!Pj$#O*mATDKnCi]UW!!$^Y!!!$*Ec6&.FD5Z2!2'Jq$O:0a@W,skEsD[F!!*#V!!!Q0!\"]Y/!!Qa0!\",q0!\"],0!$D4/!!ipCD/\")jBk1d@DZKi&#RPQdA7\\\\XCh[D\\!'^`\"F(o/r6#:CVF*(?!Ch[D\\!'^Vn@VfsmCJJ;TAK=-VEcP`%ARlotEc5h<@VfsmCEP$GBm+'0ARm4t(L_JqBl$LPFCfK,@;Je`@;^1$FD5<-!<<*\"!\"],1!!","2100232":"!<d@[F*QES#64c-E,TfC\"TSN&!<d@[F*`/Y#64o6@VfsmCI<#NAIW-_Bldj%ARo7dDe!Pj$#O*mATDKnCi]UW!!$^Y!!!$*Ec6&.FD5Z2!2'Jq$O:0a@W,skEsD[F!!)O#!\"\\Q0!$C_Q!\",A0!!Q10!!!!0!\"]/Q!!ipCD/\")jBk1d@DZKi&#RPQdA7\\\\XCh[D\\!'^`\"F(o/r6#:CVF*(?!Ch[D\\!'^Vn@VfsmCJJ;TAK=-VEcP`%ARlotEc5h<@VfsmCEP$GBm+'0ARm4t(L_JqBl$LPFCfK,@;Je`@;^1$FD5<-!<<*\"!\"],1!!","3145736":"!<d@[F*QES#64c-E,TfC\"onW'!<d@[F*`&V#64o6@VfsmCI<#NAIW-_Bldj%ARo7dDe!Pj$#O*mATDKnCi]UW!!$^Y!!!$*Ec6&.FD5Z2!2'Jq$O:0a@W,skEsD[F!!*#V!!!Q0!\"]Y/!!Qa0!\",q0!\"],0!$D4/!!ipCD/\")jBk1d@DZKi&#RPQdA7\\\\XCh[D\\!'^`\"F(o/r6#:CVF*(?!Ch[D\\!'^Vn@VfsmCJJ;TAK=-VEcP`%ARlotEc5h<@VfsmCEP$GBm+'0ARm4t(L_JqBl$LPFCfK,@;Je`@;^1$FD5<-!<<*\"!\"],1!!","3148808":"!<d@[F*QES#64c-E,TfC\"onW'!<d@[F*`/Y#64o6@VfsmCI<#NAIW-_Bldj%ARo7dDe!Pj$#O*mATDKnCi]UW!!$^Y!!!$*Ec6&.FD5Z2!2'Jq$O:0a@W,skEsD[F!!)O#!\"\\Q0!$C_Q!\",A0!!Q10!!!!0!\"]/Q!!ipCD/\")jBk1d@DZKi&#RPQdA7\\\\XCh[D\\!'^`\"F(o/r6#:CVF*(?!Ch[D\\!'^Vn@VfsmCJJ;TAK=-VEcP`%ARlotEc5h<@VfsmCEP$GBm+'0ARm4t(L_JqBl$LPFCfK,@;Je`@;^1$FD5<-!<<*\"!\"],1!!","4194312":"!<d@[F*QES#64c-E,TfC#64`(!<d@[F*`&V#64o6@VfsmCI<#NAIW-_Bldj%ARo7dDe!Pj$#O*mATDKnCi]UW!!$^Y!!!$*Ec6&.FD5Z2!2'Jq$O:0a@W,skErc7@!!*#g!!ipCD/\")jBk1d@DZKi&#RPQdA7\\\\XCh[D\\!'^`\"F(o/r6#:CVF*(?!Ch[D\\!'^Vn@VfsmCJJ;TAK=-VEcP`%ARlotEc5h<@VfsmCEP$GBm+'0ARm4t(L_JqBl$LPFCfK,@;Je`@;^1$FD5<-!<<*\"!\"],1!!","4195336":"!<d@[F*QES#64c-E,TfC#64`(!<d@[F*`)W#64o6@VfsmCI<#NAIW-_Bldj%ARo7dDe!Pj$#O*mATDKnCi]UW!!$^Y!!!$*Ec6&.FD5Z2!2'Jq$O:0a@W,skEsD[F!$C_#!!)Kg!\"e&h!!)[g!!)kg!!*&g!\"eVh!!ipCD/\")jBk1d@DZKi&#RPQdA7\\\\XCh[D\\!'^`\"F(o/r6#:CVF*(?!Ch[D\\!'^Vn@VfsmCJJ;TAK=-VEcP`%ARlotEc5h<@VfsmCEP$GBm+'0ARm4t(L_JqBl$LPFCfK,@;Je`@;^1$FD5<-!<<*\"!\"],1!!","4196360":"!<d@[F*QES#64c-E,TfC#64`(!<d@[F*`,X#64o6@VfsmCI<#NAIW-_Bldj%ARo7dDe!Pj$#O*mATDKnCi]UW!!$^Y!!!$*Ec6&.FD5Z2!2'Jq$O:0a@W,skEsD[F!$C_#!!)Kg!\"e&h!!)[g!!)kg!!*&g!\"eVh!!ipCD/\")jBk1d@DZKi&#RPQdA7\\\\XCh[D\\!'^`\"F(o/r6#:CVF*(?!Ch[D\\!'^Vn@VfsmCJJ;TAK=-VEcP`%ARlotEc5h<@VfsmCEP$GBm+'0ARm4t(L_JqBl$LPFCfK,@;Je`@;^1$FD5<-!<<*\"!\"],1!!","4197384":"!<d@[F*QES#64c-E,TfC#64`(!<d@[F*`/Y#64o6@VfsmCI<#NAIW-_Bldj%ARo7dDe!Pj$#O*mATDKnCi]UW!!$^Y!!!$*Ec6&.FD5Z2!2'Jq$O:0a@W,skErc7@!!)L#!!ipCD/\")jBk1d@DZKi&#RPQdA7\\\\XCh[D\\!'^`\"F(o/r6#:CVF*(?!Ch[D\\!'^Vn@VfsmCJJ;TAK=-VEcP`%ARlotEc5h<@VfsmCEP$GBm+'0ARm4t(L_JqBl$LPFCfK,@;Je`@;^1$FD5<-!<<*\"!\"],1!!","9":"!<d@[F*QHT#64c-E,TfC!rr<$!<d@[F*`&V#64o6@VfsmCI<#NAHu^]F`__:EWlSfH#R=\"@Wc0rATTX0#BFa)@<?'_z\":8pVF(djWB5D/?bEb?q#BFa)@<?'az#mk*[Ci!ZmFCet_!!","1033":"!<d@[F*QHT#64c-E,TfC!rr<$!<d@[F*`)W#64o6@VfsmCI<#NAIW-_Bldj%ARo7dDe!Pj$#O*mATDKnCi]XX!!%Bd!!$^Y!!!$*Ec6&.FD5Z2!2'Jq$O:0a@W,skEs)IC!8qf<!T6l5!8r>+!TnF[!=0$DD/\")jBk1d@DZKi&#RPQdA7\\\\XCh[D\\!'^`\"F(o/r6#:CVF*(?!Ch[D\\!'^Vn@VfsmCJJ;TAI;4ACERS4@;]k%$Q!5p@;0OP@<?($BjkgTF^]00Bln'#Erc7@!!!Q1!!!","2057":"!<d@[F*QHT#64c-E,TfC!rr<$!<d@[F*`,X#64o6@VfsmCI<#NAIW-_Bldj%ARo7dDe!Pj$#O*mATDKnCi]UW!!$^Y!!!$*Ec6&.FD5Z2!2'Jq$O:0a@W,skErc7@!8mkW!!ipCD/\")jBk1d@DZKi&#RPQdA7\\\\XCh[D\\!'^`\"F(o/r6#:CVF*(?!Ch[D\\!'^Vn@VfsmCJJ;TAK=-VEcP`%ARlotEc5h<@VfsmCEP$GBm+'0ARm4t(L_JqBl$LPFCfK,@;Je`@;^1$FD5<-!<<*\"!\"],1!!","1049609":"!<d@[F*QHT#64c-E,TfC\"98E%!<d@[F*`)W#64o6@VfsmCI<#NAIW-_Bldj%ARo7dDe!Pj$#O*mATDKnCi]UW!!$^Y!!!$*Ec6&.FD5Z2!2'Jq$O:0a@W,skEsD[F!!*Z#!!!!0!\"fbQ!!!10!!!A0!!!Q0!\"g=Q!!ipCD/\")jBk1d@DZKi&#RPQdA7\\\\XCh[D\\!'^`\"F(o/r6#:CVF*(?!Ch[D\\!'^Vn@VfsmCJJ;TAK=-VEcP`%ARlotEc5h<@VfsmCEP$GBm+'0ARm4t(L_JqBl$LPFCfK,@;Je`@;^1$FD5<-!<<*\"!\"],1!!","1050633":"!<d@[F*QHT#64c-E,TfC\"98E%!<d@[F*`,X#64o6@VfsmCI<#NAIW-_Bldj%ARo7dDe!Pj$#O*mATDKnCi]UW!!$^Y!!!$*Ec6&.FD5Z2!2'Jq$O:0a@W,skEsD[F!!*Z#!!!!0!\"fbQ!!!10!!!A0!!!Q0!\"g=Q!!ipCD/\")jBk1d@DZKi&#RPQdA7\\\\XCh[D\\!'^`\"F(o/r6#:CVF*(?!Ch[D\\!'^Vn@VfsmCJJ;TAK=-VEcP`%ARlotEc5h<@VfsmCEP$GBm+'0ARm4t(L_JqBl$LPFCfK,@;Je`@;^1$FD5<-!<<*\"!\"],1!!","2098185":"!<d@[F*QHT#64c-E,TfC\"TSN&!<d@[F*`)W#64o6@VfsmCI<#NAIW-_Bldj%ARo7dDe!Pj$Zg3(G@Pc)DeWa'!WW3#1-b@11Ha[t$P@#lDfor.;f6Mt6ZljVBk28ez!C-Vdn?;lqr9s[o$#O*mATDKnCi]XX!!$^Y!!\"GO!!!$*Ec6&.FD5Z2!2'Jq$O:0a@W,skEsr$K!!!Q@!!!a1!!!q1!!\",@!\"]<@!\"]L@!!*Zs!!*js!!+%s!\"g:5!&?e1!Acju!=0$DD/\")jBk1d@DZKh<#RPQdA7\\\\XCh[D\\!!!98F(o/r6#:CVF*(?!Ch[D\\!!!0/@VfsmCJJ;TAK=-VEcP`%ARlotEc5h<@VfsmCEP$GBm+'0ARm4t(L_JqBl$LPFCfK,@;Je`@;^1$FD5<-!WW3#!\"],1!\"],1!!","2099209":"!<d@[F*QHT#64c-E,TfC\"TSN&!<d@[F*`,X#64o6@VfsmCI<#NAIW-_Bldj%ARo7dDe!Pj$#O*mATDKnCi]UW!!$^Y!!!$*Ec6&.FD5Z2!2'Jq$O:0a@W,skEsD[F!!*Z#!!!!0!\"fbQ!!!10!!!A0!!!Q0!\"g=Q!!ipCD/\")jBk1d@DZKi&#RPQdA7\\\\XCh[D\\!'^`\"F(o/r6#:CVF*(?!Ch[D\\!'^Vn@VfsmCJJ;TAK=-VEcP`%ARlotEc5h<@VfsmCEP$GBm+'0ARm4t(L_JqBl$LPFCfK,@;Je`@;^1$FD5<-!<<*\"!\"],1!!","3146761":"!<d@[F*QHT#64c-E,TfC\"onW'!<d@[F*`)W#64o6@VfsmCI<#NAIW-_Bldj%ARo7dDe!Pj$#O*mATDKnCi]UW!!$^Y!!!$*Ec6&.FD5Z2!2'Jq$O:0a@W,skEsD[F!!*Z#!!!!0!\"fbQ!!!10!!!A0!!!Q0!\"g=Q!!ipCD/\")jBk1d@DZKi&#RPQdA7\\\\XCh[D\\!'^`\"F(o/r6#:CVF*(?!Ch[D\\!'^Vn@VfsmCJJ;TAK=-VEcP`%ARlotEc5h<@VfsmCEP$GBm+'0ARm4t(L_JqBl$LPFCfK,@;Je`@;^1$FD5<-!<<*\"!\"],1!!","3147785":"!<d@[F*QHT#64c-E,TfC\"onW'!<d@[F*`,X#64o6@VfsmCI<#NAIW-_Bldj%ARo7dDe!Pj$#O*mATDKnCi]UW!!$^Y!!!$*Ec6&.FD5Z2!2'Jq$O:0a@W,skEsD[F!!*Z#!!!!0!\"fbQ!!!10!!!A0!!!Q0!\"g=Q!!ipCD/\")jBk1d@DZKi&#RPQdA7\\\\XCh[D\\!'^`\"F(o/r6#:CVF*(?!Ch[D\\!'^Vn@VfsmCJJ;TAK=-VEcP`%ARlotEc5h<@VfsmCEP$GBm+'0ARm4t(L_JqBl$LPFCfK,@;Je`@;^1$FD5<-!<<*\"!\"],1!!","4195337":"!<d@[F*QHT#64c-E,TfC#64`(!<d@[F*`)W#64o6@VfsmCI<#NAIW-_Bldj%ARo7dDe!Pj$#O*mATDKnCi]UW!!$^Y!!!$*Ec6&.FD5Z2!2'Jq$O:0a@W,skErc7@!!!T#!!ipCD/\")jBk1d@DZKi&#RPQdA7\\\\XCh[D\\!'^`\"F(o/r6#:CVF*(?!Ch[D\\!'^Vn@VfsmCJJ;TAK=-VEcP`%ARlotEc5h<@VfsmCEP$GBm+'0ARm4t(L_JqBl$LPFCfK,@;Je`@;^1$FD5<-!<<*\"!\"],1!!","4196361":"!<d@[F*QHT#64c-E,TfC#64`(!<d@[F*`,X#64o6@VfsmCI<#NAIW-_Bldj%ARo7dDe!Pj$#O*mATDKnCi]UW!!$^Y!!!$*Ec6&.FD5Z2!2'Jq$O:0a@W,skErc7@!!!T#!!ipCD/\")jBk1d@DZKi&#RPQdA7\\\\XCh[D\\!'^`\"F(o/r6#:CVF*(?!Ch[D\\!'^Vn@VfsmCJJ;TAK=-VEcP`%ARlotEc5h<@VfsmCEP$GBm+'0ARm4t(L_JqBl$LPFCfK,@;Je`@;^1$FD5<-!<<*\"!\"],1!!"},"Entities":[],"ReplaceMode":2,"EntranceRotation":-1}