﻿{
  "spear-ready-1h": {
    "Hold": true,
    "PlayerKeyFrames": [
      {
        "EasingTime": 300,
        "EasingFunction": "Sin",
        "DetachedAnchor": false,
        "SwitchArms": false,
        "PitchFollow": false,
        "PitchDontFollow": false,
        "FOVMultiplier": 1,
        "BobbingAmplitude": 0.8,
        "Elements": {"ItemAnchor": [11.1, 0, 0, 0, 0, 17], "LowerArmR": [0, 0, 0, 0, 0, -62], "UpperArmR": [0, 0, 0, 8, 8, 37]}
      }
    ],
    "ItemKeyFrames": [],
    "SoundFrames": [],
    "ParticlesFrames": [],
    "CallbackFrames": [],
    "ItemAnimationStart": 0,
    "ItemAnimationEnd": 0
  },
  "spear-idle-1h": {
    "Hold": true,
    "PlayerKeyFrames": [
      {
        "EasingTime": 300,
        "EasingFunction": "Sin",
        "DetachedAnchor": false,
        "SwitchArms": false,
        "PitchFollow": false,
        "PitchDontFollow": false,
        "FOVMultiplier": 1,
        "BobbingAmplitude": 0.8,
        "Elements": {"ItemAnchor": [0, -0.9, 0, 0, 0, -62], "LowerArmR": [0, 0, 0, 0, 0, -42], "UpperArmR": [0, 0, 0, 0, 0, -29]}
      }
    ],
    "ItemKeyFrames": [],
    "SoundFrames": [],
    "ParticlesFrames": [],
    "CallbackFrames": [],
    "ItemAnimationStart": 0,
    "ItemAnimationEnd": 0
  },
  "spear-ready-2h": {
    "Hold": true,
    "PlayerKeyFrames": [
      {
        "EasingTime": 300,
        "EasingFunction": "Sin",
        "DetachedAnchor": false,
        "SwitchArms": false,
        "PitchFollow": false,
        "PitchDontFollow": false,
        "FOVMultiplier": 1,
        "BobbingAmplitude": 0.8,
        "Elements": {
          "ItemAnchor": [0, 0, 0, 0, 6, 24],
          "LowerArmR": [0, 0, 0, 0, 0, -86],
          "UpperArmR": [1.6, -1.6, 0, 10, 0, 66],
          "ItemAnchorL": [0, 0, 0, 0, 0, 0],
          "LowerArmL": [0, 0, 0, 15, 0, -24],
          "UpperArmL": [3.8, -0.1, 0, -22, -58, -94]
        }
      }
    ],
    "ItemKeyFrames": [],
    "SoundFrames": [],
    "ParticlesFrames": [],
    "CallbackFrames": [],
    "ItemAnimationStart": 0,
    "ItemAnimationEnd": 0
  },
  "spear-idle-2h": {
    "Hold": true,
    "PlayerKeyFrames": [
      {
        "EasingTime": 300,
        "EasingFunction": "Sin",
        "DetachedAnchor": false,
        "SwitchArms": false,
        "PitchFollow": false,
        "FOVMultiplier": 1,
        "BobbingAmplitude": 0.8,
        "Elements": {
          "ItemAnchor": [0, 0, 0, 0, 24, -15],
          "LowerArmR": [0, 0, 0, 0, 0, -41],
          "UpperArmR": [0, 0, 0, 2, 19, -4],
          "ItemAnchorL": [0, 0, 0, 0, 0, 0],
          "LowerArmL": [0, 0, 0, 0, 0, -63],
          "UpperArmL": [0, 0, 0, -8, 20, -59]
        }
      }
    ],
    "ItemKeyFrames": [],
    "SoundFrames": [],
    "ParticlesFrames": [],
    "CallbackFrames": [],
    "ItemAnimationStart": 0,
    "ItemAnimationEnd": 0
  },
  "spear-thrust-2h-top": {
    "Hold": false,
    "PlayerKeyFrames": [
      {
        "EasingTime": 300,
        "EasingFunction": "Quadratic",
        "DetachedAnchor": false,
        "SwitchArms": false,
        "PitchFollow": true,
        "PitchDontFollow": false,
        "FOVMultiplier": 1,
        "BobbingAmplitude": 0.801,
        "Elements": {
          "ItemAnchor": [0, 0, 0, -56, 0, 139.6],
          "LowerArmR": [0, 0, 0, 1, -80, -69],
          "UpperArmR": [0.6, 0, 0, 65, 5.3, -69.9],
          "ItemAnchorL": [0, 0, 0, 0, 0, 0],
          "LowerArmL": [0, 0, 0, 0, 12, -21],
          "UpperArmL": [1, -1.4, -0.4, 0, -36, -116],
          "UpperTorso": [0, 0, 0, 0, 0, 0]
        }
      },
      {
        "EasingTime": 500,
        "EasingFunction": "Linear",
        "DetachedAnchor": false,
        "SwitchArms": false,
        "PitchFollow": true,
        "PitchDontFollow": false,
        "FOVMultiplier": 1,
        "BobbingAmplitude": 0.801,
        "Elements": {
          "ItemAnchor": [0, 0, 0, -62, 0, 143.6],
          "LowerArmR": [0, 0, 0, 1, -80, -76],
          "UpperArmR": [0.6, 0, 0, 64.6, 5.7, -70],
          "ItemAnchorL": [0, 0, 0, 0, 0, 0],
          "LowerArmL": [0, 0, 0, 0, 13, -29],
          "UpperArmL": [1, -1.4, -0.4, 0, -36, -113],
          "UpperTorso": [0, 0, 0, 0, 0, 0]
        }
      },
      {
        "EasingTime": 900,
        "EasingFunction": "Linear",
        "DetachedAnchor": false,
        "SwitchArms": false,
        "PitchFollow": true,
        "PitchDontFollow": false,
        "FOVMultiplier": 1,
        "BobbingAmplitude": 0.8,
        "Elements": {
          "ItemAnchor": [0, 0, 0, -56, 0, 66.6],
          "LowerArmR": [0, 0, 0, 0, -44, -116],
          "UpperArmR": [0, 0, 0, 64.6, -11.3, 29],
          "ItemAnchorL": [0, 0, 0, 0, 0, 0],
          "LowerArmL": [0, 0, 0, 0, 0, -66],
          "UpperArmL": [0.8, -2, 0, 0, -51, -96]
        }
      }
    ],
    "ItemKeyFrames": [],
    "SoundFrames": [
      {"Code": ["game:sounds/player/strike1", "game:sounds/player/strike2"], "DurationFraction": 0, "RandomizePitch": true, "Range": 16, "Volume": 0.5, "Synchronize": true}
    ],
    "ParticlesFrames": [],
    "CallbackFrames": [{"Code": "start", "DurationFraction": 0.083333336}, {"Code": "stop", "DurationFraction": 0.5555556}, {"Code": "ready", "DurationFraction": 0.8333333}],
    "ItemAnimationStart": 0,
    "ItemAnimationEnd": 0
  },
  "spear-thrust-2h-bottom": {
    "Hold": false,
    "PlayerKeyFrames": [
      {
        "EasingTime": 300,
        "EasingFunction": "Quintic",
        "DetachedAnchor": false,
        "SwitchArms": false,
        "PitchFollow": true,
        "PitchDontFollow": false,
        "FOVMultiplier": 1,
        "BobbingAmplitude": 0.8,
        "Elements": {
          "ItemAnchor": [0, 0, 0, 0, 0, 77.6],
          "LowerArmR": [0, 0, 0, 0, 0, -52],
          "UpperArmR": [0, 0, 0, 5.6, -0.3, -35],
          "ItemAnchorL": [0, 0, 0, 0, 0, 0],
          "LowerArmL": [0, 0, 0, 0, 0, -5],
          "UpperArmL": [0.8, -2, 0, 0, -26, -83]
        }
      },
      {
        "EasingTime": 500,
        "EasingFunction": "Linear",
        "DetachedAnchor": false,
        "SwitchArms": false,
        "PitchFollow": true,
        "PitchDontFollow": false,
        "FOVMultiplier": 1,
        "BobbingAmplitude": 0.8,
        "Elements": {
          "ItemAnchor": [0, 0, 0, 0, 0, 78.3],
          "LowerArmR": [0, 0, 0, 0, 0, -52],
          "UpperArmR": [0, 0, 0, 5.6, 0.6, -37],
          "ItemAnchorL": [0, 0, 0, 0, 0, 0],
          "LowerArmL": [0, 0, 0, 0, 0, -5],
          "UpperArmL": [0.8, -2, 0, 0, -23, -84]
        }
      },
      {
        "EasingTime": 900,
        "EasingFunction": "CosShifted",
        "DetachedAnchor": false,
        "SwitchArms": false,
        "PitchFollow": true,
        "PitchDontFollow": false,
        "FOVMultiplier": 1,
        "BobbingAmplitude": 0.8,
        "Elements": {
          "ItemAnchor": [0, 0, 0, 0, 0, 84.3],
          "LowerArmR": [0, 0, 0, 0, 0, -117],
          "UpperArmR": [0, 0, 0, 5.6, 7.6, 40],
          "ItemAnchorL": [0, 0, 0, 0, 0, 0],
          "LowerArmL": [0, 0, 0, 0, 0, -60],
          "UpperArmL": [0.8, -2, 0, 0, -47, -49]
        }
      }
    ],
    "ItemKeyFrames": [],
    "SoundFrames": [
      {"Code": ["game:sounds/player/strike1", "game:sounds/player/strike2"], "DurationFraction": 0, "RandomizePitch": true, "Range": 16, "Volume": 0.5, "Synchronize": true}
    ],
    "ParticlesFrames": [],
    "CallbackFrames": [{"Code": "start", "DurationFraction": 0.083333336}, {"Code": "stop", "DurationFraction": 0.5555556}, {"Code": "ready", "DurationFraction": 0.8333333}],
    "ItemAnimationStart": 0,
    "ItemAnimationEnd": 0
  },
  "spear-thrust-1h": {
    "Hold": false,
    "PlayerKeyFrames": [
      {
        "EasingTime": 300,
        "EasingFunction": "Quintic",
        "DetachedAnchor": false,
        "SwitchArms": false,
        "PitchFollow": true,
        "PitchDontFollow": false,
        "FOVMultiplier": 1,
        "BobbingAmplitude": 0.8,
        "Elements": {"ItemAnchor": [11.1, 0, 0, 0, 0, 76.6], "LowerArmR": [0, 0, 0, 0, 0, -3], "UpperArmR": [0, -1.6, 0, 5.6, -3.9, -81]}
      },
      {
        "EasingTime": 500,
        "EasingFunction": "Linear",
        "DetachedAnchor": false,
        "SwitchArms": false,
        "PitchFollow": true,
        "PitchDontFollow": false,
        "FOVMultiplier": 1,
        "BobbingAmplitude": 0.8,
        "Elements": {"ItemAnchor": [11.1, 0, 0, 0, 0, 73], "LowerArmR": [0, 0, 0, 0, 0, -3], "UpperArmR": [0, 0, 0, 13, -3.8, -81.2]}
      },
      {
        "EasingTime": 900,
        "EasingFunction": "CosShifted",
        "DetachedAnchor": false,
        "SwitchArms": false,
        "PitchFollow": true,
        "PitchDontFollow": false,
        "FOVMultiplier": 1,
        "BobbingAmplitude": 0.8,
        "Elements": {"ItemAnchor": [11.1, 0, 0, 0, 0, 59], "LowerArmR": [0, 0, 0, 0, 0, -68], "UpperArmR": [0, -1.6, 0, 13, -1.8, 0.8]}
      }
    ],
    "ItemKeyFrames": [],
    "SoundFrames": [
      {"Code": ["game:sounds/player/strike1", "game:sounds/player/strike2"], "DurationFraction": 0, "RandomizePitch": true, "Range": 16, "Volume": 0.5, "Synchronize": true}
    ],
    "ParticlesFrames": [],
    "CallbackFrames": [{"Code": "start", "DurationFraction": 0.083333336}, {"Code": "stop", "DurationFraction": 0.5}],
    "ItemAnimationStart": 0,
    "ItemAnimationEnd": 0
  },
  "spear-aim": {
    "Hold": true,
    "PlayerKeyFrames": [
      {
        "EasingTime": 500,
        "EasingFunction": "Sin",
        "DetachedAnchor": false,
        "SwitchArms": false,
        "PitchFollow": true,
        "FOVMultiplier": 1,
        "BobbingAmplitude": 0.651,
        "Elements": {"ItemAnchor": [8, 0, 0, 0, -3, 187], "LowerArmR": [0, 0, 0, 0, -11, -120], "UpperArmR": [0, -1.6, 0, 0, -11, -78]}
      }
    ],
    "ItemKeyFrames": [],
    "SoundFrames": [],
    "ParticlesFrames": [],
    "CallbackFrames": [],
    "ItemAnimationStart": 0,
    "ItemAnimationEnd": 0
  },
  "spear-throw": {
    "Hold": false,
    "PlayerKeyFrames": [
      {
        "EasingTime": 100,
        "EasingFunction": "Sin",
        "DetachedAnchor": false,
        "SwitchArms": false,
        "PitchFollow": true,
        "FOVMultiplier": 1,
        "BobbingAmplitude": 0.651,
        "Elements": {"ItemAnchor": [8, 0, 0, 0, -3, 208], "LowerArmR": [0, 0, 0, 0, -11, -120], "UpperArmR": [0, -1.6, 0, 0, -11, -100]}
      },
      {
        "EasingTime": 500,
        "EasingFunction": "Cubic",
        "DetachedAnchor": false,
        "SwitchArms": false,
        "PitchFollow": true,
        "FOVMultiplier": 1,
        "BobbingAmplitude": 0.651,
        "Elements": {"ItemAnchor": [6, 0, 0, 0, -3, 123], "LowerArmR": [0, 0, 0, 0, 0, -32], "UpperArmR": [0, -1.6, 0, 0, -6, -89]}
      }
    ],
    "ItemKeyFrames": [],
    "SoundFrames": [],
    "ParticlesFrames": [],
    "CallbackFrames": [],
    "ItemAnimationStart": 0,
    "ItemAnimationEnd": 0
  },
  "spear-ready-1h-tp": {
    "Hold": true,
    "PlayerKeyFrames": [
      {
        "EasingTime": 300,
        "EasingFunction": "Sin",
        "DetachedAnchor": false,
        "SwitchArms": false,
        "PitchFollow": false,
        "PitchDontFollow": false,
        "FOVMultiplier": 1,
        "BobbingAmplitude": 0.8,
        "Elements": {"ItemAnchor": [11.1, 0, 0, 0, 0, 17], "LowerArmR": [0, 0, 0, 0, 0, -62], "UpperArmR": [0, 0, 0, 8, 8, 37]}
      }
    ],
    "ItemKeyFrames": [],
    "SoundFrames": [],
    "ParticlesFrames": [],
    "CallbackFrames": [],
    "ItemAnimationStart": 0,
    "ItemAnimationEnd": 0
  },
  "spear-idle-1h-tp": {
    "Hold": true,
    "PlayerKeyFrames": [
      {
        "EasingTime": 300,
        "EasingFunction": "Sin",
        "DetachedAnchor": false,
        "SwitchArms": false,
        "PitchFollow": false,
        "PitchDontFollow": false,
        "FOVMultiplier": 1,
        "BobbingAmplitude": 0.8,
        "Elements": {"ItemAnchor": [11, -0.9, 0, 0, 0, -62], "LowerArmR": [0, 0, 0, 0, 0, -42], "UpperArmR": [0, 0, 0, 0, 0, -29]}
      }
    ],
    "ItemKeyFrames": [],
    "SoundFrames": [],
    "ParticlesFrames": [],
    "CallbackFrames": [],
    "ItemAnimationStart": 0,
    "ItemAnimationEnd": 0
  },
  "spear-ready-2h-tp": {
    "Hold": true,
    "PlayerKeyFrames": [
      {
        "EasingTime": 300,
        "EasingFunction": "Sin",
        "DetachedAnchor": false,
        "SwitchArms": false,
        "PitchFollow": false,
        "PitchDontFollow": false,
        "FOVMultiplier": 1,
        "BobbingAmplitude": 0.8,
        "Elements": {
          "ItemAnchor": [0, 0, 0, 0, 6, 24],
          "LowerArmR": [0, 0, 0, 0, 0, -86],
          "UpperArmR": [0, 0, 0, -3, 5, 66],
          "ItemAnchorL": [0, 0, 0, 0, 0, 0],
          "LowerArmL": [0, 0, 0, 15, 0, -24],
          "UpperArmL": [0, 0, 0, -22, -53, -63]
        }
      }
    ],
    "ItemKeyFrames": [],
    "SoundFrames": [],
    "ParticlesFrames": [],
    "CallbackFrames": [],
    "ItemAnimationStart": 0,
    "ItemAnimationEnd": 0
  },
  "spear-idle-2h-tp": {
    "Hold": true,
    "PlayerKeyFrames": [
      {
        "EasingTime": 300,
        "EasingFunction": "Sin",
        "DetachedAnchor": false,
        "SwitchArms": false,
        "PitchFollow": false,
        "FOVMultiplier": 1,
        "BobbingAmplitude": 0.8,
        "Elements": {
          "ItemAnchor": [0, 0, 0, 0, 24, -15],
          "LowerArmR": [0, 0, 0, 0, 0, -41],
          "UpperArmR": [0, 0, 0, 2, 19, -4],
          "ItemAnchorL": [0, 0, 0, 0, 0, 0],
          "LowerArmL": [0, 0, 0, 0, 0, -63],
          "UpperArmL": [0, 0, 0, -8, 20, -59]
        }
      }
    ],
    "ItemKeyFrames": [],
    "SoundFrames": [],
    "ParticlesFrames": [],
    "CallbackFrames": [],
    "ItemAnimationStart": 0,
    "ItemAnimationEnd": 0
  },
  "spear-thrust-2h-top-tp": {
    "Hold": false,
    "PlayerKeyFrames": [
      {
        "EasingTime": 300,
        "EasingFunction": "Quadratic",
        "DetachedAnchor": false,
        "SwitchArms": false,
        "PitchFollow": true,
        "PitchDontFollow": false,
        "FOVMultiplier": 1,
        "BobbingAmplitude": 0.801,
        "Elements": {
          "ItemAnchor": [0, 0, 0, 0, 19, 161],
          "LowerArmR": [0, 0, 0, 1, -84, -86],
          "UpperArmR": [0.6, 0, 0, 65, 22.3, -113.9],
          "ItemAnchorL": [0, 0, 0, 0, 0, 0],
          "LowerArmL": [0, 0, 0, 0, 12, 1],
          "UpperArmL": [0, 0, 0, 0, -13, -120],
          "UpperTorso": [0, 0, 0, 0, 0, 0]
        }
      },
      {
        "EasingTime": 500,
        "EasingFunction": "Linear",
        "DetachedAnchor": false,
        "SwitchArms": false,
        "PitchFollow": true,
        "PitchDontFollow": false,
        "FOVMultiplier": 1,
        "BobbingAmplitude": 0.801,
        "Elements": {
          "ItemAnchor": [0, 0, 0, 0, 19, 161],
          "LowerArmR": [0, 0, 0, 1, -84, -86],
          "UpperArmR": [0.6, 0, 0, 65, 22.3, -113.9],
          "ItemAnchorL": [0, 0, 0, 0, 0, 0],
          "LowerArmL": [0, 0, 0, 0, 13, -2],
          "UpperArmL": [0, 0, 0, 0, -10, -118],
          "UpperTorso": [0, 0, 0, 0, 0, 0]
        }
      },
      {
        "EasingTime": 900,
        "EasingFunction": "Linear",
        "DetachedAnchor": false,
        "SwitchArms": false,
        "PitchFollow": true,
        "PitchDontFollow": false,
        "FOVMultiplier": 1,
        "BobbingAmplitude": 0.8,
        "Elements": {
          "ItemAnchor": [0, 0, 0, 0, -130, 155],
          "LowerArmR": [0, 0, 0, -9, -88, -116],
          "UpperArmR": [0.6, 1.2, 1.2, 73, 21.3, 40.1],
          "ItemAnchorL": [0, 0, 0, 0, 0, 0],
          "LowerArmL": [0, 0, 0, 0, 0, -59],
          "UpperArmL": [0, 0, 0, 0, -55, -103]
        }
      }
    ],
    "ItemKeyFrames": [],
    "SoundFrames": [
      {"Code": ["game:sounds/player/strike1", "game:sounds/player/strike2"], "DurationFraction": 0, "RandomizePitch": true, "Range": 16, "Volume": 0.5, "Synchronize": true}
    ],
    "ParticlesFrames": [],
    "CallbackFrames": [{"Code": "start", "DurationFraction": 0.083333336}, {"Code": "stop", "DurationFraction": 0.5555556}, {"Code": "ready", "DurationFraction": 0.8333333}],
    "ItemAnimationStart": 0,
    "ItemAnimationEnd": 0
  },
  "spear-thrust-2h-bottom-tp": {
    "Hold": false,
    "PlayerKeyFrames": [
      {
        "EasingTime": 300,
        "EasingFunction": "Quintic",
        "DetachedAnchor": false,
        "SwitchArms": false,
        "PitchFollow": true,
        "PitchDontFollow": false,
        "FOVMultiplier": 1,
        "BobbingAmplitude": 0.8,
        "Elements": {
          "ItemAnchor": [0, 0, 0, 0, 0, 77.6],
          "LowerArmR": [0, 0, 0, 0, 0, -52],
          "UpperArmR": [0, 0, 0, 5.6, -0.3, -35],
          "ItemAnchorL": [0, 0, 0, 0, 0, 0],
          "LowerArmL": [0, 0, 0, 0, 0, -5],
          "UpperArmL": [0, 0, 0, 0, -36, -74]
        }
      },
      {
        "EasingTime": 500,
        "EasingFunction": "Linear",
        "DetachedAnchor": false,
        "SwitchArms": false,
        "PitchFollow": true,
        "PitchDontFollow": false,
        "FOVMultiplier": 1,
        "BobbingAmplitude": 0.8,
        "Elements": {
          "ItemAnchor": [0, 0, 0, 0, 0, 78.3],
          "LowerArmR": [0, 0, 0, 0, 0, -52],
          "UpperArmR": [0, 0, 0, 5.6, 0.6, -37],
          "ItemAnchorL": [0, 0, 0, 0, 0, 0],
          "LowerArmL": [0, 0, 0, 0, 0, -5],
          "UpperArmL": [0, 0, 0, 0, -30, -77]
        }
      },
      {
        "EasingTime": 900,
        "EasingFunction": "CosShifted",
        "DetachedAnchor": false,
        "SwitchArms": false,
        "PitchFollow": true,
        "PitchDontFollow": false,
        "FOVMultiplier": 1,
        "BobbingAmplitude": 0.8,
        "Elements": {
          "ItemAnchor": [0, 0, 0, 0, 0, 8.3],
          "LowerArmR": [0, 0, 0, 0, 0, -106],
          "UpperArmR": [0, 0, 0, 5.6, 7.6, 96],
          "ItemAnchorL": [0, 0, 0, 0, 0, 0],
          "LowerArmL": [0, 0, 0, 0, 0, -39],
          "UpperArmL": [0, 0, 0, 0, -51, -60]
        }
      }
    ],
    "ItemKeyFrames": [],
    "SoundFrames": [
      {"Code": ["game:sounds/player/strike1", "game:sounds/player/strike2"], "DurationFraction": 0, "RandomizePitch": true, "Range": 16, "Volume": 0.5, "Synchronize": true}
    ],
    "ParticlesFrames": [],
    "CallbackFrames": [{"Code": "start", "DurationFraction": 0.083333336}, {"Code": "stop", "DurationFraction": 0.5555556}, {"Code": "ready", "DurationFraction": 0.8333333}],
    "ItemAnimationStart": 0,
    "ItemAnimationEnd": 0
  },
  "spear-thrust-1h-tp": {
    "Hold": false,
    "PlayerKeyFrames": [
      {
        "EasingTime": 300,
        "EasingFunction": "Quintic",
        "DetachedAnchor": false,
        "SwitchArms": false,
        "PitchFollow": true,
        "PitchDontFollow": false,
        "FOVMultiplier": 1,
        "BobbingAmplitude": 0.8,
        "Elements": {"ItemAnchor": [11.1, 0, 0, 0, 0, 76.6], "LowerArmR": [0, 0, 0, 0, 0, -3], "UpperArmR": [0, 0, 0, 5.6, -3.9, -81]}
      },
      {
        "EasingTime": 500,
        "EasingFunction": "Linear",
        "DetachedAnchor": false,
        "SwitchArms": false,
        "PitchFollow": true,
        "PitchDontFollow": false,
        "FOVMultiplier": 1,
        "BobbingAmplitude": 0.8,
        "Elements": {"ItemAnchor": [11.1, 0, 0, 0, 0, 73], "LowerArmR": [0, 0, 0, 0, 0, -3], "UpperArmR": [0, 0, 0, 13, -3.8, -81.2]}
      },
      {
        "EasingTime": 900,
        "EasingFunction": "CosShifted",
        "DetachedAnchor": false,
        "SwitchArms": false,
        "PitchFollow": true,
        "PitchDontFollow": false,
        "FOVMultiplier": 1,
        "BobbingAmplitude": 0.8,
        "Elements": {"ItemAnchor": [11.1, 0, 0, 0, 16, 23], "LowerArmR": [0, 0, 0, 0, 0, -95], "UpperArmR": [0, 0, 0, 13, -1.8, 60.8]}
      }
    ],
    "ItemKeyFrames": [],
    "SoundFrames": [
      {"Code": ["game:sounds/player/strike1", "game:sounds/player/strike2"], "DurationFraction": 0, "RandomizePitch": true, "Range": 16, "Volume": 0.5, "Synchronize": true}
    ],
    "ParticlesFrames": [],
    "CallbackFrames": [{"Code": "start", "DurationFraction": 0.083333336}, {"Code": "stop", "DurationFraction": 0.5}],
    "ItemAnimationStart": 0,
    "ItemAnimationEnd": 0
  },
  "spear-aim-tp": {
    "Hold": true,
    "PlayerKeyFrames": [
      {
        "EasingTime": 500,
        "EasingFunction": "Sin",
        "DetachedAnchor": false,
        "SwitchArms": false,
        "PitchFollow": true,
        "PitchDontFollow": false,
        "FOVMultiplier": 1,
        "BobbingAmplitude": 0.651,
        "Elements": {"ItemAnchor": [20.4, 0, 0, 0, -3, 187], "LowerArmR": [0, 0, 0, 0, -11, -120], "UpperArmR": [0, 0, 0, 0, -11, -78]}
      }
    ],
    "ItemKeyFrames": [],
    "SoundFrames": [],
    "ParticlesFrames": [],
    "CallbackFrames": [],
    "ItemAnimationStart": 0,
    "ItemAnimationEnd": 0
  },
  "spear-throw-tp": {
    "Hold": false,
    "PlayerKeyFrames": [
      {
        "EasingTime": 100,
        "EasingFunction": "Sin",
        "DetachedAnchor": false,
        "SwitchArms": false,
        "PitchFollow": true,
        "PitchDontFollow": false,
        "FOVMultiplier": 1,
        "BobbingAmplitude": 0.651,
        "Elements": {"ItemAnchor": [20.4, 0, 0, 0, -3, 208], "LowerArmR": [0, 0, 0, 0, -11, -120], "UpperArmR": [0, 0, 0, 0, -11, -100]}
      },
      {
        "EasingTime": 500,
        "EasingFunction": "Cubic",
        "DetachedAnchor": false,
        "SwitchArms": false,
        "PitchFollow": true,
        "PitchDontFollow": false,
        "FOVMultiplier": 1,
        "BobbingAmplitude": 0.651,
        "Elements": {"ItemAnchor": [15.1, 0, 0, 0, -3, 123], "LowerArmR": [0, 0, 0, 0, 0, -32], "UpperArmR": [0, 0, 0, 0, -6, -89]}
      }
    ],
    "ItemKeyFrames": [],
    "SoundFrames": [],
    "ParticlesFrames": [],
    "CallbackFrames": [],
    "ItemAnimationStart": 0,
    "ItemAnimationEnd": 0
  }
}