[
{"name": "dugon Taxidermy (Calf)", "ingredientPattern": "_BC,DEF,GHI","ingredients": {"B": { "type": "item", "code": "game:hammer-*", "isTool": true },"C": { "type": "item", "code": "game:knife-*", "isTool": true },"D": { "type": "item", "code": "sirenia:pelt-baby-dugon" },"E": { "type": "item", "code": "game:metalnailsandstrips-*", "quantity": 1 },"F": { "type": "item", "code": "game:clay-*", "quantity": 4 },"G": { "type": "block", "code": "game:debarkedlog-*", "quantity": 1 },"H": { "type": "block", "code": "game:glass-*" },"I": { "type": "item", "code": "game:powderedborax", "quantity": 1 }},"width": 3,"height": 3,"output": { "type": "block", "code": "sirenia:taxidermy-baby-dugon-north", "quantity": 1  }},
{"name": "dugon Taxidermy (Female)", "ingredientPattern": "_BC,DEF,GHI","ingredients": {"B": { "type": "item", "code": "game:hammer-*", "isTool": true },"C": { "type": "item", "code": "game:knife-*", "isTool": true },"D": { "type": "item", "code": "sirenia:pelt-female-dugon" },"E": { "type": "item", "code": "game:metalnailsandstrips-*", "quantity": 1 },"F": { "type": "item", "code": "game:clay-*", "quantity": 4 },"G": { "type": "block", "code": "game:debarkedlog-*", "quantity": 2 },"H": { "type": "block", "code": "game:glass-*" },"I": { "type": "item", "code": "game:powderedborax", "quantity": 1 }},"width": 3,"height": 3,"output": { "type": "block", "code": "sirenia:taxidermy-female-dugon-north", "quantity": 1  }},
{"name": "dugon Taxidermy (Male)", "ingredientPattern": "_BC,DEF,GHI","ingredients": {"B": { "type": "item", "code": "game:hammer-*", "isTool": true },"C": { "type": "item", "code": "game:knife-*", "isTool": true },"D": { "type": "item", "code": "sirenia:pelt-male-dugon" },"E": { "type": "item", "code": "game:metalnailsandstrips-*", "quantity": 1 },"F": { "type": "item", "code": "game:clay-*", "quantity": 4 },"G": { "type": "block", "code": "game:debarkedlog-*", "quantity": 2 },"H": { "type": "block", "code": "game:glass-*" },"I": { "type": "item", "code": "game:powderedborax", "quantity": 1 }},"width": 3,"height": 3,"output": { "type": "block", "code": "sirenia:taxidermy-male-dugon-north", "quantity": 1  }},

{"name": "gigas Taxidermy (Calf)", "ingredientPattern": "_BC,DEF,GHI","ingredients": {"B": { "type": "item", "code": "game:hammer-*", "isTool": true },"C": { "type": "item", "code": "game:knife-*", "isTool": true },"D": { "type": "item", "code": "sirenia:pelt-baby-gigas" },"E": { "type": "item", "code": "game:metalnailsandstrips-*", "quantity": 1 },"F": { "type": "item", "code": "game:clay-*", "quantity": 4 },"G": { "type": "block", "code": "game:debarkedlog-*", "quantity": 2 },"H": { "type": "block", "code": "game:glass-*" },"I": { "type": "item", "code": "game:powderedborax", "quantity": 1 }},"width": 3,"height": 3,"output": { "type": "block", "code": "sirenia:taxidermy-baby-gigas-north", "quantity": 1  }},
{"name": "gigas Taxidermy (Female)", "ingredientPattern": "_BC,DEF,GHI","ingredients": {"B": { "type": "item", "code": "game:hammer-*", "isTool": true },"C": { "type": "item", "code": "game:knife-*", "isTool": true },"D": { "type": "item", "code": "sirenia:pelt-female-gigas" },"E": { "type": "item", "code": "game:metalnailsandstrips-*", "quantity": 1 },"F": { "type": "item", "code": "game:clay-*", "quantity": 4 },"G": { "type": "block", "code": "game:debarkedlog-*", "quantity": 8 },"H": { "type": "block", "code": "game:glass-*" },"I": { "type": "item", "code": "game:powderedborax", "quantity": 1 }},"width": 3,"height": 3,"output": { "type": "block", "code": "sirenia:taxidermy-female-gigas-north", "quantity": 1  }},
{"name": "gigas Taxidermy (Male)", "ingredientPattern": "_BC,DEF,GHI","ingredients": {"B": { "type": "item", "code": "game:hammer-*", "isTool": true },"C": { "type": "item", "code": "game:knife-*", "isTool": true },"D": { "type": "item", "code": "sirenia:pelt-male-gigas" },"E": { "type": "item", "code": "game:metalnailsandstrips-*", "quantity": 1 },"F": { "type": "item", "code": "game:clay-*", "quantity": 4 },"G": { "type": "block", "code": "game:debarkedlog-*", "quantity": 8 },"H": { "type": "block", "code": "game:glass-*" },"I": { "type": "item", "code": "game:powderedborax", "quantity": 1 }},"width": 3,"height": 3,"output": { "type": "block", "code": "sirenia:taxidermy-male-gigas-north", "quantity": 1  }},

{"name": "inunguis Taxidermy (Calf)", "ingredientPattern": "_BC,DEF,GHI","ingredients": {"B": { "type": "item", "code": "game:hammer-*", "isTool": true },"C": { "type": "item", "code": "game:knife-*", "isTool": true },"D": { "type": "item", "code": "sirenia:pelt-baby-inunguis" },"E": { "type": "item", "code": "game:metalnailsandstrips-*", "quantity": 1 },"F": { "type": "item", "code": "game:clay-*", "quantity": 4 },"G": { "type": "block", "code": "game:debarkedlog-*", "quantity": 1 },"H": { "type": "block", "code": "game:glass-*" },"I": { "type": "item", "code": "game:powderedborax", "quantity": 1 }},"width": 3,"height": 3,"output": { "type": "block", "code": "sirenia:taxidermy-baby-inunguis-north", "quantity": 1  }},
{"name": "inunguis Taxidermy (Female)", "ingredientPattern": "_BC,DEF,GHI","ingredients": {"B": { "type": "item", "code": "game:hammer-*", "isTool": true },"C": { "type": "item", "code": "game:knife-*", "isTool": true },"D": { "type": "item", "code": "sirenia:pelt-female-inunguis" },"E": { "type": "item", "code": "game:metalnailsandstrips-*", "quantity": 1 },"F": { "type": "item", "code": "game:clay-*", "quantity": 4 },"G": { "type": "block", "code": "game:debarkedlog-*", "quantity": 2 },"H": { "type": "block", "code": "game:glass-*" },"I": { "type": "item", "code": "game:powderedborax", "quantity": 1 }},"width": 3,"height": 3,"output": { "type": "block", "code": "sirenia:taxidermy-female-inunguis-north", "quantity": 1  }},
{"name": "inunguis Taxidermy (Male)", "ingredientPattern": "_BC,DEF,GHI","ingredients": {"B": { "type": "item", "code": "game:hammer-*", "isTool": true },"C": { "type": "item", "code": "game:knife-*", "isTool": true },"D": { "type": "item", "code": "sirenia:pelt-male-inunguis" },"E": { "type": "item", "code": "game:metalnailsandstrips-*", "quantity": 1 },"F": { "type": "item", "code": "game:clay-*", "quantity": 4 },"G": { "type": "block", "code": "game:debarkedlog-*", "quantity": 2 },"H": { "type": "block", "code": "game:glass-*" },"I": { "type": "item", "code": "game:powderedborax", "quantity": 1 }},"width": 3,"height": 3,"output": { "type": "block", "code": "sirenia:taxidermy-male-inunguis-north", "quantity": 1  }},

{"name": "manatus Taxidermy (Calf)", "ingredientPattern": "_BC,DEF,GHI","ingredients": {"B": { "type": "item", "code": "game:hammer-*", "isTool": true },"C": { "type": "item", "code": "game:knife-*", "isTool": true },"D": { "type": "item", "code": "sirenia:pelt-baby-manatus" },"E": { "type": "item", "code": "game:metalnailsandstrips-*", "quantity": 1 },"F": { "type": "item", "code": "game:clay-*", "quantity": 4 },"G": { "type": "block", "code": "game:debarkedlog-*", "quantity": 1 },"H": { "type": "block", "code": "game:glass-*" },"I": { "type": "item", "code": "game:powderedborax", "quantity": 1 }},"width": 3,"height": 3,"output": { "type": "block", "code": "sirenia:taxidermy-baby-manatus-north", "quantity": 1  }},
{"name": "manatus Taxidermy (Female)", "ingredientPattern": "_BC,DEF,GHI","ingredients": {"B": { "type": "item", "code": "game:hammer-*", "isTool": true },"C": { "type": "item", "code": "game:knife-*", "isTool": true },"D": { "type": "item", "code": "sirenia:pelt-female-manatus" },"E": { "type": "item", "code": "game:metalnailsandstrips-*", "quantity": 1 },"F": { "type": "item", "code": "game:clay-*", "quantity": 4 },"G": { "type": "block", "code": "game:debarkedlog-*", "quantity": 3 },"H": { "type": "block", "code": "game:glass-*" },"I": { "type": "item", "code": "game:powderedborax", "quantity": 1 }},"width": 3,"height": 3,"output": { "type": "block", "code": "sirenia:taxidermy-female-manatus-north", "quantity": 1  }},
{"name": "manatus Taxidermy (Male)", "ingredientPattern": "_BC,DEF,GHI","ingredients": {"B": { "type": "item", "code": "game:hammer-*", "isTool": true },"C": { "type": "item", "code": "game:knife-*", "isTool": true },"D": { "type": "item", "code": "sirenia:pelt-male-manatus" },"E": { "type": "item", "code": "game:metalnailsandstrips-*", "quantity": 1 },"F": { "type": "item", "code": "game:clay-*", "quantity": 4 },"G": { "type": "block", "code": "game:debarkedlog-*", "quantity": 3 },"H": { "type": "block", "code": "game:glass-*" },"I": { "type": "item", "code": "game:powderedborax", "quantity": 1 }},"width": 3,"height": 3,"output": { "type": "block", "code": "sirenia:taxidermy-male-manatus-north", "quantity": 1  }},

{"name": "senegalensis Taxidermy (Calf)", "ingredientPattern": "_BC,DEF,GHI","ingredients": {"B": { "type": "item", "code": "game:hammer-*", "isTool": true },"C": { "type": "item", "code": "game:knife-*", "isTool": true },"D": { "type": "item", "code": "sirenia:pelt-baby-senegalensis" },"E": { "type": "item", "code": "game:metalnailsandstrips-*", "quantity": 1 },"F": { "type": "item", "code": "game:clay-*", "quantity": 4 },"G": { "type": "block", "code": "game:debarkedlog-*", "quantity": 1 },"H": { "type": "block", "code": "game:glass-*" },"I": { "type": "item", "code": "game:powderedborax", "quantity": 1 }},"width": 3,"height": 3,"output": { "type": "block", "code": "sirenia:taxidermy-baby-senegalensis-north", "quantity": 1  }},
{"name": "senegalensis Taxidermy (Female)", "ingredientPattern": "_BC,DEF,GHI","ingredients": {"B": { "type": "item", "code": "game:hammer-*", "isTool": true },"C": { "type": "item", "code": "game:knife-*", "isTool": true },"D": { "type": "item", "code": "sirenia:pelt-female-senegalensis" },"E": { "type": "item", "code": "game:metalnailsandstrips-*", "quantity": 1 },"F": { "type": "item", "code": "game:clay-*", "quantity": 4 },"G": { "type": "block", "code": "game:debarkedlog-*", "quantity": 2 },"H": { "type": "block", "code": "game:glass-*" },"I": { "type": "item", "code": "game:powderedborax", "quantity": 1 }},"width": 3,"height": 3,"output": { "type": "block", "code": "sirenia:taxidermy-female-senegalensis-north", "quantity": 1  }},
{"name": "senegalensis Taxidermy (Male)", "ingredientPattern": "_BC,DEF,GHI","ingredients": {"B": { "type": "item", "code": "game:hammer-*", "isTool": true },"C": { "type": "item", "code": "game:knife-*", "isTool": true },"D": { "type": "item", "code": "sirenia:pelt-male-senegalensis" },"E": { "type": "item", "code": "game:metalnailsandstrips-*", "quantity": 1 },"F": { "type": "item", "code": "game:clay-*", "quantity": 4 },"G": { "type": "block", "code": "game:debarkedlog-*", "quantity": 2 },"H": { "type": "block", "code": "game:glass-*" },"I": { "type": "item", "code": "game:powderedborax", "quantity": 1 }},"width": 3,"height": 3,"output": { "type": "block", "code": "sirenia:taxidermy-male-senegalensis-north", "quantity": 1  }}
]