{
	"code": "cervidae-alceini",
	"class": "EntityAgent",
	"fallDamageMultiplierByType": { "*-baby-*" :1,"*-adult-*" :4},
	"variantgroups": [
		{"code": "age","states": [ "adult","baby" ]},
		{"code": "gender","states": [ "female","male"]},
		{"code": "type","states": [ "alcesalces"]}
	],
	"hitBoxSizeByType": {
		"*-adult-female-alcesalces": {	"x": 1.4,"y": 1.7},
		"*-adult-male-alcesalces": {	"x": 1.5,"y": 1.9},
		"*-baby-*-alcesalces": {	"x": 1.0,"y": 1.2}
	},
	"deadhitBoxSizeByType": {
		"*-adult-female-alcesalces": {	"x": 1.4,"y": 0.95},
		"*-adult-male-alcesalces": {	"x": 1.5,"y": 1.0},
		"*-baby-*-alcesalces": {	"x": 1.0,"y": 0.65}
	},
	"eyeHeightByType": {
		"*-adult-female-alcesalces": 1.6,
		"*-adult-male-alcesalces": 1.9,
		"*-baby-*-alcesalces": 1.1
	},
	"weightByType": {
		"*-adult-female-alcesalces": 370,
		"*-adult-male-alcesalces": 500,
		"*-baby-*-alcesalces": 45
	},	
	"knockbackResistanceByType": {
		"*-adult-*": 1,
		"*-baby-*": 0.5
	},	
	"attributes": {
		"killedByInfoText": "deadcreature-killed",
		"basketCatchable": true,
		"trapChanceByType": {"*": 0.0 },
		"trapDestroyChanceByType": { "*-baby-*": 0.05, "*": 0.3 },
		"creatureDiet": {
			"foodCategories": ["Fruit", "Vegetable"],
			"foodTags": ["fruitmash","sunflower", "sweetBerryBush" ]
		},
		"handbook": {
			"groupcode": "creaturegroup-cervidae"
		}
	},
	"drops": [],
	"client": {
		"renderer": "Shape",
		"shapeByType": {
			"*-adult-*-alcesalces": { "base": "entity/alceini/alcesalces/adult" },
			"*-baby-*-alcesalces": { "base": "entity/alceini/alcesalces/baby" }
		},
		"textureByType": {
			"*-adult-*-alcesalces": { "base": "game:entity/hooved/deer/moose-adult" },
			"*-baby-*-alcesalces": { "base": "game:entity/hooved/deer/moose-baby" }
		},
		"sizeByType": {
			"*-adult-female-alcesalces": 0.9,
			"*-adult-male-alcesalces": 1.1,
			"*-baby-*-alcesalces": 1.0
		},
		"behaviors": [
			{"code": "repulseagents" },
			{"code": "controlledphysics","stepHeight": 2.1251},
			{"code": "floatupwhenstuck","onlyWhenDead": true},
			{"code": "interpolateposition" },
			{"code": "harvestable","quantitySlots": 8},
			{ "code": "multiply", "enabledByType": { "*-adult-female-*": true, "*": false } },
			{ "code": "milkable", "enabledByType": { "*-adult-female-*": true, "*": false } },
			{"code": "despawn","minPlayerDistance": 8,"belowLightLevel": 8,"minSeconds": 300},
			{ "code": "antlergrowth", "enabledByType": { "*-adult-male-*": true, "*": false }},
			{"code": "ropetieable","minGeneration": 2}
		],
		"animations": [
			{"code": "attack","animation": "Attack","animationSpeed": 2.2,"weight": 10,"blendMode": "AddAverage"},
			{"code": "charge","animation": "Charge","animationSpeed": 2.2,"weight": 10,"blendMode": "AddAverage"},
			{"code": "die","animation": "Die","animationSpeed": 1.25,"weight": 10,"blendMode": "Average","triggeredBy": { "onControls": [ "dead" ] }},
			{"code": "eat","animation": "Eat","easeInSpeed": 4,"easeOutSpeed": 4,"blendMode": "Average"},
			{"code": "gallop","animation": "Gallop","supressDefaultAnimation": true,"blendMode": "AddAverage"},
			{"code": "hurt","animation": "Hurt","animationSpeed": 2.2,"weight": 10,"blendMode": "AddAverage"},
			{"code": "idle","animation": "Idle","blendMode": "AddAverage","easeOutSpeed": 4,"triggeredBy": { "defaultAnim": true }},
			{"code": "roar","animation": "Roar","animationSpeed": 2.2,"weight": 10,"blendMode": "AddAverage"},
			{"code": "run","animation": "Run","supressDefaultAnimation": true,"blendMode": "AddAverage"},
			{"code": "sit","animation": "Sit","easeInSpeed": 4,"easeOutSpeed": 4,"blendMode": "Average"},
			{"code": "sleep","animation": "Sleep","easeInSpeed": 4,"easeOutSpeed": 4,"blendMode": "Average"},
			{"code": "swim","animation": "Swim","supressDefaultAnimation": true,"blendMode": "Average"},
			{"code": "walk","animation": "Walk","supressDefaultAnimation": true,"blendMode": "AddAverage"}
		]
	},
	"server": {
		"attributes": {
			"pathfinder": {
				"minTurnAnglePerSec": 90,
				"maxTurnAnglePerSec": 180
			}
		},
		"behaviors": [
			{ "code": "repulseagents" },
			{"code": "controlledphysics","stepHeight": 2.1251},
			{"code": "despawn","minPlayerDistance": 8,"belowLightLevel": 8,"minSeconds": 300},
			{"code": "health",
				"maxhealthByType": {
					"*-adult-female-alcesalces": 26,
					"*-adult-male-alcesalces": 31,
					"*-baby-*-alcesalces": 11
				}
			},
			{"code": "deaddecay",
				"hoursToDecay": 96,
				"decayedBlockByType": {
				"*-adult-*": "carcass-large",
				"*-baby-*": "carcass-medium"
				}
			},
			{"code": "floatupwhenstuck","onlyWhenDead": true},
			{"code": "harvestable",
				"quantitySlots": 8,
				"drops": [
					{
						"type": "item",
						"code": "game:redmeat-raw",
						"quantityByType": {
							"*-adult-female-alcesalces": {"avg": 33,"var": 7},
							"*-adult-male-alcesalces": {"avg": 56,"var": 20},
							"*-baby-*-alcesalces": {"avg": 9,"var": 3}
						}
					},
					{
						"type": "item",
						"code": "game:fat",
						"quantityByType": {
							"*-adult-female-alcesalces": {"avg": 7,"var": 2},
							"*-adult-male-alcesalces": {"avg": 7,"var": 2},
							"*-baby-*-alcesalces": {"avg": 0,"var": 0.2}
						}
					},
					{
						"type": "item",
						"code": "capreolinae:pelt-alceini-{gender}-{type}",
						"quantityByType": {
							"*-adult-*": {"avg": 1.0,"var": 0.0},
							"*": {"avg": 0.0,"var": 0.0}
						}
					},
					{
						"type": "item",
						"code": "capreolinae:pelt-alceini-baby-{type}",
						"quantityByType": {
							"*-baby-*": {"avg": 1.0,"var": 0.0},
							"*": {"avg": 0.0,"var": 0.0}
						}
					}
				]
			},
			{"code": "breathe" },
			{"code": "multiply",
				"enabledByType": {
					"*-adult-female-*": true,
					"*": false
				},
				"spawnEntityCodesByType": {
				"*-adult-female-*": [ { "code":"capreolinae:cervidae-alceini-baby-female-{type}"}, {"code": "capreolinae:cervidae-alceini-baby-male-{type}"} ]},
				"requiresNearbyEntityCodeByType": {
					"*-adult-female-*": "capreolinae:cervidae-alceini-adult-male-{type}"},
				"requiresNearbyEntityRange": 10,
				"spawnQuantityMin": 1,
				"spawnQuantityMaxByType": {"*-alceini-*": 2},
				"pregnancyDaysByType": {"*-alceini-*": 48},
				"multiplyCooldownDaysMinByType": {"*-alceini-*": 8},
				"multiplyCooldownDaysMaxByType": {"*-alceini-*": 22},
				"portionsEatenForMultiplyByType": {"*-alcesalces": 15}
			},
			{"code": "grow",
					"enabledByType": {
					"*-baby-*": true,
					"*": false
				},
				"hoursToGrowByType": {"*-alceini-*": 336},
				"adultEntityCodes": [ "capreolinae:cervidae-alceini-adult-female-{type}", "capreolinae:cervidae-alceini-adult-female-{type}" ]
			},
			{"code": "emotionstates",
				"states": [
					{"code": "fleeondamage","duration": 60,
						"chanceByType": {
							"*-adult-*": 1,
							"*-baby-*": 1
						},
						"slot": 2,"priority": 4,"accumType": "max","whenHealthRelBelow": 0.6},
					{"code": "aggressiveondamage","duration": 300,
						"chanceByType": {
							"*-adult-female-*": 0.8,
							"*-adult-male-*": 0.98,
							"*-baby-*": 0.0
						},
						"slot": 2,"priority": 3,"accumType": "noaccum"},
					{"code": "fleeondamage","duration": 60,"slot": 2,"chanceByType": {"*-adult-*": 0.25,"*-baby-*": 1},"priority": 1,"accumType": "max"},
					{"code": "alarmherdondamage","chance": 1,"slot": 1,"priority": 1.5,"accumType": "max"},
					{"code": "saturated","duration": 1200,"chance": 1,"slot": 0,"priority": 1,"accumType": "sum"},
					{ "code": "aggressivearoundentities", "duration": 60, "chanceByType": {"*-baby-*": 0.0,"*-adult-*": 1.0}, "slot": 2, "priority": 5, "entityCodes": ["capreolinae:cervidae-alceini-baby-female-{species}","capreolinae:cervidae-alceini-baby-male-{species}"], "maxGeneration": 5 }
				]
			},
			{
				"code": "taskai",
				"aitasks": [
					{
						"code": "meleeattack",
						"animation": "Attack",
						"enabledByType": {
							"*-adult-male-*": true,
							"*": false
						},
						"entityCodesByType": {
							"*-adult-male-*": [ "moose-male-adult", "cervidae-alceini-adult-male-*"]},
						"priority": 1.95,
						"slot": 1,
						"damageByType": {
							"*-adult-male-alcesalces":1
						},
						"knockbackStrengthByType": {"*":0.2},
						"damageTierByType": {"*":2},
						"mincooldown": 1500,
						"maxcooldown": 2500,
						"minDistByType": {"*":2},
						"minVerDistByType": {"*":2},
						"attackDurationMs": 1250,
						"damagePlayerAtMs": 500,
						"animationSpeed": 2.5,
						"whenNotInEmotionState": "fleeondamage",
						"soundByType": {
							"*-alcesalces":"capreolinae:creature/alces/roar"}
					},
					{
						"code": "meleeattack",
						"animation": "Attack",
						"enabledByType": {
							"*-baby-*": false,
							"*": true
						},
						"entityCodesByType": {
							"*-adult-female-*": [ "player","bear-*","hyena-*", "wolf-*", "caninae-canina-adult-*", "machairodontinae-adult-*", "pantherinae-*" ],
							"*-adult-male-*": [ "player","bear-*","hyena-*", "wolf-*", "caninae-canina-adult-*", "machairodontinae-adult-*", "pantherinae-*" ]},
						"priority": 1.9,
						"slot": 1,
						"damageByType": {
							"*-adult-female-alcesalces":9,
							"*-adult-male-alcesalces":12
						},
						"knockbackStrengthByType": {"*":0.2},
						"damageTierByType": {"*":2},
						"mincooldown": 1500,
						"maxcooldown": 2500,
						"minDistByType": {"*":2},
						"minVerDistByType": {"*":2},
						"attackDurationMs": 1250,
						"damagePlayerAtMs": 500,
						"animationSpeed": 2.5,
						"soundByType": {
							"*-alcesalces":"capreolinae:creature/alces/roar"}
					},
					{
						"code": "fleeentity",
						"animation": "Gallop",
						"entityCodesByType": {
							"*-adult-*-alcesalces":["bear-male-polar","bear-female-polar","bear-male-brown","bear-female-brown","wolf-male", "wolf-female","caninae-canina-adult-*","machairodontinae-adult-*","pantherinae-panthera-adult-*"  ],
							"*-baby-*":["bear-*","hyena-male", "hyena-female","wolf-male", "wolf-female","caninae-canina-adult-*","machairodontinae-adult-*","pantherinae-panthera-adult-*"  ]
						},
						"priority": 1.8,
						"movespeedByType": {
							"*-adult-female-alcesalces": 0.115,
							"*-adult-male-alcesalces": 0.125,
							"*-baby-*-alcesalces": 0.045
						},
						"seekingRange": 20,
						"animationSpeed": 2.5
					},
					{
						"code": "fleeentity",
						"animation": "Walk",
						"entityCodesByType": {
							"*": ["bell-*","drifter-*", "rhinocerotidae-adult-*"]
						},
						"priority": 1.75,
						"movespeedByType": {
							"*-adult-female-alcesalces": 0.012,
							"*-adult-male-alcesalces": 0.012,
							"*-baby-*-alcesalces": 0.007
						},
						"animationSpeedByType": {
							"*-adult-female-alcesalces": 1.25,
							"*": 1
						},
						"seekingRange": 12,
						"whenNotInEmotionState": "aggressiveondamage|fleeondamage"
					},
					{
						"code": "seekentity",
						"animation": "Charge",
						"entityCodesByType": {
							"*-adult-female-alcesalces": [ "player","bear-*","hyena-*", "wolf-*", "caninae-canina-adult-*","machairodontinae-adult-*", "pantherinae-*" ],
							"*-adult-male-alcesalces": [ "player","bear-*","hyena-*", "moose-male-adult", "wolf-*", "caninae-canina-adult-*", "cervidae-alceini-adult-male-*", "machairodontinae-adult-*", "pantherinae-*" ],
							"*-baby-*": [ "player" ]
						},
						"priority": 1.81,
						"mincooldown": 600,
						"maxcooldown": 650,
						"seekingRange": 20,
						"movespeedByType": {
							"*-adult-female-alcesalces": 0.049,
							"*-adult-male-alcesalces": 0.055,
							"*-baby-*-alcesalces": 0.018
						},
						"animationSpeed": 1.25,
						"soundByType": {
							"*-adult-*-alcesalces":"game:creature/sheep/idle",
							"*-baby-*": "capreolinae:creature/alces/babycall"
						},
						"whenNotInEmotionState": "fleeondamage"
					},
					{
						"code": "seekentity",
						"animation": "Threat",
						"entityCodesByType": {
							"*": [ "player","bear-*","hyena-*", "wolf-*", "caninae-canina-adult-*", "machairodontinae-adult-*", "pantherinae-*"  ]
						},
						"priority": 1.5,
						"priorityForCancel": 1.51,
						"mincooldown": 600,
						"maxcooldown": 650,
						"seekingRange": 40,
						"movespeed": 0.0001,
						"animationSpeed": 1.0,
						"soundByType": {
							"*-adult-female-alcesalces":"capreolinae:creature/alces/femalethreat",
							"*-adult-male-alcesalces":"game:creature/sheep/idle",
							"*-baby-*": "capreolinae:creature/alces/babycall"
						},
						"whenNotInEmotionState": "fleeondamage"
					},
					{
						"code": "seekentity",
						"animation": "Gallop",
						"entityCodesByType": {
							"*-adult-female-alcesalces": [ "player","bear-*","hyena-*", "wolf-*", "caninae-canina-adult-*","machairodontinae-adult-*", "pantherinae-*" ],
							"*-adult-male-alcesalces": [ "player","bear-*","hyena-*", "moose-male-adult", "wolf-*", "caninae-canina-adult-*", "cervidae-alceini-adult-male-*", "machairodontinae-adult-*", "pantherinae-*" ],
						},
						"priority": 1.82,
						"mincooldown": 6000,
						"maxcooldown": 6500,
						"seekingRange": 28,
						"movespeedByType": {
							"*-adult-female-alcesalces": 0.094,
							"*-adult-male-alcesalces": 0.104
						},
						"animationSpeed": 2.5,
						"soundByType": {
							"*-adult-*-alcesalces":"capreolinae:creature/alces/roar"},
						"whenInEmotionState": "aggressiveondamage|aggressivearoundentities"
					},
					{
						"code": "fleeentity",
						"animation": "Gallop",
						"entityCodesByType": {
							"*-adult-male-alcesalces": [ "player","bear-*","hyena-*", "moose-male-adult", "wolf-*", "caninae-canina-adult-*", "cervidae-alceini-adult-male-*", "machairodontinae-adult-*", "pantherinae-*" ],
							"*-alcesalces": [ "player","bear-*","hyena-*", "wolf-*", "caninae-canina-adult-*", "machairodontinae-adult-*", "pantherinae-*" ],
						},
						"priority": 2.1,
						"movespeedByType": {
							"*-adult-female-alcesalces": 0.108,
							"*-adult-male-alcesalces": 0.12,
							"*-baby-*-alcesalces": 0.045
						},
						"seekingRange": 25,
						"animationSpeed": 2.5,
						"soundByType": {
							"*-adult-male-alcesalces":"capreolinae:creature/alces/hurt"},
						"whenInEmotionState": "fleeondamage"
					},
					{
						"code": "getoutofwater",
						"animation": "Swim",
						"priority": 1.4,
						"movespeedByType": {
							"*-adult-*-alcesalces": 0.085,
							"*-baby-*-alcesalces": 0.045},
						"animationSpeed": 1.0
					},
					{
						"code": "stayclosetoentity",
						"animation": "Gallop",
						"enabledByType": {
							"*-baby-*": true,
							"*": false
						},
						"priority": 1.39,
						"entityCode": "cervidae-alceini-adult-female-{type}",
						"movespeedByType": {
							"*-baby-*-alcesalces": 0.045
							},
						"maxDistance": 6,
						"searchRange": 25,
						"animationSpeed": 2,
						"soundByType": {
							"*-baby-*": "capreolinae:creature/alces/babycall"
						}
					},
					{
						"code": "idle",
						"animation": "Sleep",
						"priority": 1.3,
						"priorityForCancel": 1.35,
						"minduration": 200000,
						"maxduration": 800000,
						"mincooldown": 10000,
						"maxcooldown": 30000,
						"animationSpeed": 0.3,
						"whenNotInEmotionState": "aggressiveondamage|aggressivearoundentities|fleeondamage",
						"duringDayTimeFramesByType": {
							"*-alcesalces":[{"fromHour": 22,"toHour": 24},{"fromHour": 0,"toHour": 5}]},
						"stopOnNearbyEntityCodes": [ "player" ],
						"stopRange": 8,
						"stopOnHurt": true
					},
					{
						"code": "seekfoodandeat",
						"animation": "Walk",
						"eatAnimation": "Eat",
						"movespeedByType": {
							"*-adult-female-alcesalces": 0.012,
							"*-adult-male-alcesalces": 0.012,
							"*-baby-*-alcesalces": 0.007
						},
						"priority": 1.34,
						"eatSoundByType": {
							"*":"game:creature/animal-eat-small"},
						"eatTime": 1.5,
						"eatLooseItems": true,
						"animationSpeed": 1.5,
						"mincooldownHours": 1,
						"maxcooldownHours": 4,
						"whenNotInEmotionState": "aggressiveondamage|aggressivearoundentities|fleeondamage"
					},
					{
						"code": "idle",
						"animation": "Eat",
						"onBlockBelowCodes": "game:crop-*|game:fern-*|game:flower-*|game:leaves-*|game:sapling-*|game:snowblock|game:snowlayer-*|game:tallgrass-*",
						"priority": 1.2,
						"priorityForCancel": 1.35,
						"minduration": 2667,
						"maxduration": 2667,
						"mincooldown": 6000,
						"maxcooldown": 20000,
						"animationSpeed": 1.5,
						"whenNotInEmotionState": "aggressiveondamage|aggressivearoundentities|fleeondamage"
					},
					{
						"code": "idle",
						"animation": "Roar",
						"priority": 1.0,
						"priorityForCancel": 1.35,
						"minduration": 4667,
						"maxduration": 4667,
						"chance": 0.02,
						"mincooldown": 8000,
						"maxcooldown": 50000,
						"animationSpeed": 0.5,
						"soundByType": {
							"*-adult-*-alcesalces": "capreolinae:creature/alces/roar",
							"*-baby-*-alcesalces": "capreolinae:creature/alces/babycall"
						},
						"soundRangeByType": {
							"*": 100
						},
						"whenNotInEmotionState": "aggressiveondamage|aggressivearoundentities|fleeondamage"
					},
					{
						"code": "wander",
						"animation": "Walk",
						"priority": 1.0,
						"priorityForCancel": 1.35,
						"movespeedByType": {
							"*-adult-female-alcesalces": 0.012,
							"*-adult-male-alcesalces": 0.012,
							"*-baby-*-alcesalces": 0.007
						},
						"animationSpeedByType": {
							"*-adult-female-alcesalces": 1.25,
							"*": 1
						},
						"preferredLightLevel": 24,
						"whenNotInEmotionState": "aggressiveondamage|aggressivearoundentities|fleeondamage",
					},
					{
						"code": "idle",
						"animation": "Sit",
						"priority": 0.9,
						"minduration": 6000,
						"maxduration": 45000,
						"mincooldown": 6000,
						"maxcooldown": 120000,
						"priorityForCancel": 1.28,
						"stopOnNearbyEntityCodes": [ "player", "wolf-male", "wolf-female", "hyena-male", "hyena-female", "bear-*" ],
						"stopRange": 10,
						"stopOnHurt": true,
						"whenNotInEmotionState": "aggressiveondamage|aggressivearoundentities|fleeondamage"
					},
					{
						"code": "lookaround",
						"priority": 0.5
					}
				]
			},
			{"code": "ropetieable","minGeneration": 2},
			{"code": "pettable","minGeneration": 1},
			{
				"code": "antlergrowth",
				"enabledByType": { "*-adult-male-*": true, "*": false },
				"variants": ["01", "02", "03", "04", "05", "06", "07", "08"],
				"beginGrowMonth": 10,				
				"growDurationMonths": 3,
				"grownDurationMonths": 3,
				"shedDurationMonths": 0.5
			}
		],
		"spawnconditions": {
			"runtime": {
				"group": "neutral",
				"tryOnlySurface": true,
				"chanceByType": {
					"*-adult-female-alcesalces": 0.0005,"*-adult-male-alcesalces": 0.0005,
					"*": 0.0
				},
				"minLightLevel": 10,
				"groupSizeByType": {
					"*-adult-female-alcesalces": { "dist": "uniform", "avg": 1.6, "var": 0.6 },
					"*-adult-male-alcesalces": { "dist": "uniform", "avg": 1.0, "var": 0.0 }
				},
				"insideBlockCodes": [ "game:air", "game:gravel-*",  "game:sand-*","game:snowlayer-1","game:soil-*","game:tallgrass-*" ],
				"companionsByType": {
				"*-adult-female-*":["capreolinae:cervidae-alceini-baby-female-{type}","capreolinae:cervidae-alceini-baby-male-{type}"]}
			}
		},
		"spawnconditionsByType": {
			"cervidae-alceini-adult-*-alcesalces": {
				"climate": {
					"minTemp": -20,
					"maxTemp": 8,
					"minRain": 0.12,
					"maxRain": 1.0,
					"minForestOrShrubs": 0.35,
					"maxForest": 0.95,
					"maxShrubs": 0.95,
					"minY": 0.9,
					"maxY": 1.6					
				},
				"runtime": {
					"maxQuantityByGroup": { "code": "cervidae-alceini-*", "maxQuantity": 1 }
				}
			}
		}
	},
	"soundsByType": {
"*-adult-*-alcesalces":{"hurt": "capreolinae:creature/alces/hurt","death": "capreolinae:creature/alces/hurt","idle": "game:creature/sheep/idle"},
		"*-baby-*-alcesalces": {"hurt": "capreolinae:creature/alces/babyhurt","death": "capreolinae:creature/alces/babyhurt","idle": "game:creature/sheep/idle"}},
	"idleSoundChance": 0.05
}