{
"editor": {"allAngles": false,"entityTextureMode": false},
"textureWidth": 16,
"textureHeight": 16,
"textureSizes": {},
"textures": {
 "metal/bluepaintedwornsteelplate" :"block/metal/bluepaintedwornsteelplate",
 "metal/darksteelsheet" :"block/metal/darksteelsheet",
 "chevrons" :"block/chevrons"
},
"elements": [
 {
  "name" : "Lid0",
  "from": [ 2.000000, 14.250000, 2.000000 ],
  "to": [ 14.000000, 15.250000, 14.000000 ],
  "rotationOrigin": [ 8.000000, 14.750000, 8.000000 ],
  "rotationY": -0.000000,
  "rotationX": -0.000000,
  "rotationZ": -0.000000,
  "faces": {
    "north": { "texture": "#metal/bluepaintedwornsteelplate", "uv": [ 0.0, 0.0, 16.0, 16.0 ], "enabled": true },
    "east": { "texture": "#metal/bluepaintedwornsteelplate", "uv": [ 0.0, 0.0, 16.0, 16.0 ], "enabled": true },
    "south": { "texture": "#metal/bluepaintedwornsteelplate", "uv": [ 0.0, 0.0, 16.0, 16.0 ], "enabled": true },
    "west": { "texture": "#metal/bluepaintedwornsteelplate", "uv": [ 0.0, 0.0, 16.0, 16.0 ], "enabled": true },
    "up": { "texture": "#metal/bluepaintedwornsteelplate", "uv": [ 0.0, 0.0, 16.0, 16.0 ], "enabled": true },
    "down": { "texture": "#metal/bluepaintedwornsteelplate", "uv": [ 0.0, 0.0, 16.0, 16.0 ], "enabled": true }
   }
,"children": [ {
  "name" : "Handle.11",
  "from": [ 4.000000, -1.500000, 13.000000 ],
  "to": [ 8.000000, -0.500000, 14.000000 ],
  "rotationOrigin": [ 6.000000, -1.000000, 13.500000 ],
  "rotationY": -0.000000,
  "rotationX": -0.000000,
  "rotationZ": -0.000000,
  "faces": {
    "north": { "texture": "#metal/bluepaintedwornsteelplate", "uv": [ 0.0, 0.0, 16.0, 16.0 ], "enabled": true },
    "east": { "texture": "#metal/bluepaintedwornsteelplate", "uv": [ 0.0, 0.0, 16.0, 16.0 ], "enabled": true },
    "south": { "texture": "#metal/bluepaintedwornsteelplate", "uv": [ 0.0, 0.0, 16.0, 16.0 ], "enabled": true },
    "west": { "texture": "#metal/bluepaintedwornsteelplate", "uv": [ 0.0, 0.0, 16.0, 16.0 ], "enabled": true },
    "up": { "texture": "#metal/bluepaintedwornsteelplate", "uv": [ 0.0, 0.0, 16.0, 16.0 ], "enabled": true },
    "down": { "texture": "#metal/bluepaintedwornsteelplate", "uv": [ 0.0, 0.0, 16.0, 16.0 ], "enabled": true }
   }
  }, {
  "name" : "Handle.22",
  "from": [ 9.500000, -6.000000, 13.000000 ],
  "to": [ 10.500000, -5.500000, 14.000000 ],
  "rotationOrigin": [ 10.000000, -5.750000, 13.500000 ],
  "rotationY": -0.000000,
  "rotationX": -0.000000,
  "rotationZ": -0.000000,
  "faces": {
    "north": { "texture": "#metal/darksteelsheet", "uv": [ 0.0, 0.0, 16.0, 16.0 ], "enabled": true },
    "east": { "texture": "#metal/darksteelsheet", "uv": [ 0.0, 0.0, 16.0, 16.0 ], "enabled": true },
    "south": { "texture": "#metal/darksteelsheet", "uv": [ 0.0, 0.0, 16.0, 16.0 ], "enabled": true },
    "west": { "texture": "#metal/darksteelsheet", "uv": [ 0.0, 0.0, 16.0, 16.0 ], "enabled": true },
    "up": { "texture": "#metal/darksteelsheet", "uv": [ 0.0, 0.0, 16.0, 16.0 ], "enabled": true },
    "down": { "texture": "#metal/darksteelsheet", "uv": [ 0.0, 0.0, 16.0, 16.0 ], "enabled": true }
   }
  }, {
  "name" : "Handle.33",
  "from": [ 1.500000, -6.000000, 13.000000 ],
  "to": [ 2.500000, -5.500000, 14.000000 ],
  "rotationOrigin": [ 2.000000, -5.750000, 13.500000 ],
  "rotationY": -0.000000,
  "rotationX": -0.000000,
  "rotationZ": -0.000000,
  "faces": {
    "north": { "texture": "#metal/darksteelsheet", "uv": [ 0.0, 0.0, 16.0, 16.0 ], "enabled": true },
    "east": { "texture": "#metal/darksteelsheet", "uv": [ 0.0, 0.0, 16.0, 16.0 ], "enabled": true },
    "south": { "texture": "#metal/darksteelsheet", "uv": [ 0.0, 0.0, 16.0, 16.0 ], "enabled": true },
    "west": { "texture": "#metal/darksteelsheet", "uv": [ 0.0, 0.0, 16.0, 16.0 ], "enabled": true },
    "up": { "texture": "#metal/darksteelsheet", "uv": [ 0.0, 0.0, 16.0, 16.0 ], "enabled": true },
    "down": { "texture": "#metal/darksteelsheet", "uv": [ 0.0, 0.0, 16.0, 16.0 ], "enabled": true }
   }
  }, {
  "name" : "Handle.44",
  "from": [ 0.000000, -6.250000, 12.750000 ],
  "to": [ 12.000000, -5.750000, 13.750000 ],
  "rotationOrigin": [ 6.000000, -6.000000, 13.250000 ],
  "rotationY": -0.000000,
  "rotationX": -0.000000,
  "rotationZ": -0.000000,
  "faces": {
    "north": { "texture": "#metal/bluepaintedwornsteelplate", "uv": [ 0.0, 0.0, 16.0, 16.0 ], "enabled": true },
    "east": { "texture": "#metal/bluepaintedwornsteelplate", "uv": [ 0.0, 0.0, 16.0, 16.0 ], "enabled": true },
    "south": { "texture": "#metal/bluepaintedwornsteelplate", "uv": [ 0.0, 0.0, 16.0, 16.0 ], "enabled": true },
    "west": { "texture": "#metal/bluepaintedwornsteelplate", "uv": [ 0.0, 0.0, 16.0, 16.0 ], "enabled": true },
    "up": { "texture": "#metal/bluepaintedwornsteelplate", "uv": [ 0.0, 0.0, 16.0, 16.0 ], "enabled": true },
    "down": { "texture": "#metal/bluepaintedwornsteelplate", "uv": [ 0.0, 0.0, 16.0, 16.0 ], "enabled": true }
   }
  },]  }, {
  "name" : "Frame5",
  "from": [ -5.000000, 15.000000, 7.000000 ],
  "to": [ 7.000000, 15.500000, 9.000000 ],
  "rotationOrigin": [ 1.000000, 15.250000, 8.000000 ],
  "rotationY": 90.000032,
  "rotationX": -0.000000,
  "rotationZ": -0.000000,
  "faces": {
    "north": { "texture": "#metal/darksteelsheet", "uv": [ 0.0, 0.0, 16.0, 16.0 ], "enabled": true },
    "east": { "texture": "#metal/darksteelsheet", "uv": [ 0.0, 0.0, 16.0, 16.0 ], "enabled": true },
    "south": { "texture": "#metal/darksteelsheet", "uv": [ 0.0, 0.0, 16.0, 16.0 ], "enabled": true },
    "west": { "texture": "#metal/darksteelsheet", "uv": [ 0.0, 0.0, 16.0, 16.0 ], "enabled": true },
    "up": { "texture": "#metal/darksteelsheet", "uv": [ 0.0, 0.0, 16.0, 16.0 ], "enabled": true },
    "down": { "texture": "#metal/darksteelsheet", "uv": [ 0.0, 0.0, 16.0, 16.0 ], "enabled": true }
   }
  }, {
  "name" : "Frame6",
  "from": [ 9.000000, 15.000000, 7.000000 ],
  "to": [ 21.000000, 15.500000, 9.000000 ],
  "rotationOrigin": [ 15.000000, 15.250000, 8.000000 ],
  "rotationY": 90.000032,
  "rotationX": -0.000000,
  "rotationZ": -0.000000,
  "faces": {
    "north": { "texture": "#metal/darksteelsheet", "uv": [ 0.0, 0.0, 16.0, 16.0 ], "enabled": true },
    "east": { "texture": "#metal/darksteelsheet", "uv": [ 0.0, 0.0, 16.0, 16.0 ], "enabled": true },
    "south": { "texture": "#metal/darksteelsheet", "uv": [ 0.0, 0.0, 16.0, 16.0 ], "enabled": true },
    "west": { "texture": "#metal/darksteelsheet", "uv": [ 0.0, 0.0, 16.0, 16.0 ], "enabled": true },
    "up": { "texture": "#metal/darksteelsheet", "uv": [ 0.0, 0.0, 16.0, 16.0 ], "enabled": true },
    "down": { "texture": "#metal/darksteelsheet", "uv": [ 0.0, 0.0, 16.0, 16.0 ], "enabled": true }
   }
  }, {
  "name" : "Frame7",
  "from": [ -5.000000, 0.500000, 7.000000 ],
  "to": [ 7.000000, 1.000000, 9.000000 ],
  "rotationOrigin": [ 1.000000, 0.750000, 8.000000 ],
  "rotationY": 90.000032,
  "rotationX": -0.000000,
  "rotationZ": -0.000000,
  "faces": {
    "north": { "texture": "#metal/darksteelsheet", "uv": [ 0.0, 0.0, 16.0, 16.0 ], "enabled": true },
    "east": { "texture": "#metal/darksteelsheet", "uv": [ 0.0, 0.0, 16.0, 16.0 ], "enabled": true },
    "south": { "texture": "#metal/darksteelsheet", "uv": [ 0.0, 0.0, 16.0, 16.0 ], "enabled": true },
    "west": { "texture": "#metal/darksteelsheet", "uv": [ 0.0, 0.0, 16.0, 16.0 ], "enabled": true },
    "up": { "texture": "#metal/darksteelsheet", "uv": [ 0.0, 0.0, 16.0, 16.0 ], "enabled": true },
    "down": { "texture": "#metal/darksteelsheet", "uv": [ 0.0, 0.0, 16.0, 16.0 ], "enabled": true }
   }
  }, {
  "name" : "Frame8",
  "from": [ 9.000000, 0.500000, 7.000000 ],
  "to": [ 21.000000, 1.000000, 9.000000 ],
  "rotationOrigin": [ 15.000000, 0.750000, 8.000000 ],
  "rotationY": 90.000032,
  "rotationX": -0.000000,
  "rotationZ": -0.000000,
  "faces": {
    "north": { "texture": "#metal/darksteelsheet", "uv": [ 0.0, 0.0, 16.0, 16.0 ], "enabled": true },
    "east": { "texture": "#metal/darksteelsheet", "uv": [ 0.0, 0.0, 16.0, 16.0 ], "enabled": true },
    "south": { "texture": "#metal/darksteelsheet", "uv": [ 0.0, 0.0, 16.0, 16.0 ], "enabled": true },
    "west": { "texture": "#metal/darksteelsheet", "uv": [ 0.0, 0.0, 16.0, 16.0 ], "enabled": true },
    "up": { "texture": "#metal/darksteelsheet", "uv": [ 0.0, 0.0, 16.0, 16.0 ], "enabled": true },
    "down": { "texture": "#metal/darksteelsheet", "uv": [ 0.0, 0.0, 16.0, 16.0 ], "enabled": true }
   }
  }, {
  "name" : "Frame9",
  "from": [ 2.000000, 0.500000, 0.000000 ],
  "to": [ 14.000000, 1.000000, 2.000000 ],
  "rotationOrigin": [ 8.000000, 0.750000, 1.000000 ],
  "rotationY": -0.000000,
  "rotationX": -0.000000,
  "rotationZ": -0.000000,
  "faces": {
    "north": { "texture": "#metal/darksteelsheet", "uv": [ 0.0, 0.0, 16.0, 16.0 ], "enabled": true },
    "east": { "texture": "#metal/darksteelsheet", "uv": [ 0.0, 0.0, 16.0, 16.0 ], "enabled": true },
    "south": { "texture": "#metal/darksteelsheet", "uv": [ 0.0, 0.0, 16.0, 16.0 ], "enabled": true },
    "west": { "texture": "#metal/darksteelsheet", "uv": [ 0.0, 0.0, 16.0, 16.0 ], "enabled": true },
    "up": { "texture": "#metal/darksteelsheet", "uv": [ 0.0, 0.0, 16.0, 16.0 ], "enabled": true },
    "down": { "texture": "#metal/darksteelsheet", "uv": [ 0.0, 0.0, 16.0, 16.0 ], "enabled": true }
   }
  }, {
  "name" : "Frame10",
  "from": [ 2.000000, 0.500000, 14.000000 ],
  "to": [ 14.000000, 1.000000, 16.000000 ],
  "rotationOrigin": [ 8.000000, 0.750000, 15.000000 ],
  "rotationY": -0.000000,
  "rotationX": -0.000000,
  "rotationZ": -0.000000,
  "faces": {
    "north": { "texture": "#metal/darksteelsheet", "uv": [ 0.0, 0.0, 16.0, 16.0 ], "enabled": true },
    "east": { "texture": "#metal/darksteelsheet", "uv": [ 0.0, 0.0, 16.0, 16.0 ], "enabled": true },
    "south": { "texture": "#metal/darksteelsheet", "uv": [ 0.0, 0.0, 16.0, 16.0 ], "enabled": true },
    "west": { "texture": "#metal/darksteelsheet", "uv": [ 0.0, 0.0, 16.0, 16.0 ], "enabled": true },
    "up": { "texture": "#metal/darksteelsheet", "uv": [ 0.0, 0.0, 16.0, 16.0 ], "enabled": true },
    "down": { "texture": "#metal/darksteelsheet", "uv": [ 0.0, 0.0, 16.0, 16.0 ], "enabled": true }
   }
  }, {
  "name" : "Frame11",
  "from": [ 2.000000, 15.000000, 0.000000 ],
  "to": [ 14.000000, 15.500000, 2.000000 ],
  "rotationOrigin": [ 8.000000, 15.250000, 1.000000 ],
  "rotationY": -0.000000,
  "rotationX": -0.000000,
  "rotationZ": -0.000000,
  "faces": {
    "north": { "texture": "#metal/darksteelsheet", "uv": [ 0.0, 0.0, 16.0, 16.0 ], "enabled": true },
    "east": { "texture": "#metal/darksteelsheet", "uv": [ 0.0, 0.0, 16.0, 16.0 ], "enabled": true },
    "south": { "texture": "#metal/darksteelsheet", "uv": [ 0.0, 0.0, 16.0, 16.0 ], "enabled": true },
    "west": { "texture": "#metal/darksteelsheet", "uv": [ 0.0, 0.0, 16.0, 16.0 ], "enabled": true },
    "up": { "texture": "#metal/darksteelsheet", "uv": [ 0.0, 0.0, 16.0, 16.0 ], "enabled": true },
    "down": { "texture": "#metal/darksteelsheet", "uv": [ 0.0, 0.0, 16.0, 16.0 ], "enabled": true }
   }
  }, {
  "name" : "Frame12",
  "from": [ 2.000000, 15.000000, 14.000000 ],
  "to": [ 14.000000, 15.500000, 16.000000 ],
  "rotationOrigin": [ 8.000000, 15.250000, 15.000000 ],
  "rotationY": -0.000000,
  "rotationX": -0.000000,
  "rotationZ": -0.000000,
  "faces": {
    "north": { "texture": "#metal/darksteelsheet", "uv": [ 0.0, 0.0, 16.0, 16.0 ], "enabled": true },
    "east": { "texture": "#metal/darksteelsheet", "uv": [ 0.0, 0.0, 16.0, 16.0 ], "enabled": true },
    "south": { "texture": "#metal/darksteelsheet", "uv": [ 0.0, 0.0, 16.0, 16.0 ], "enabled": true },
    "west": { "texture": "#metal/darksteelsheet", "uv": [ 0.0, 0.0, 16.0, 16.0 ], "enabled": true },
    "up": { "texture": "#metal/darksteelsheet", "uv": [ 0.0, 0.0, 16.0, 16.0 ], "enabled": true },
    "down": { "texture": "#metal/darksteelsheet", "uv": [ 0.0, 0.0, 16.0, 16.0 ], "enabled": true }
   }
  }, {
  "name" : "Null.313",
  "from": [ 1.000000, 8.000000, 8.000000 ],
  "to": [ 1.000000, 8.000000, 8.000000 ],
  "rotationOrigin": [ 1.000000, 8.000000, 8.000000 ],
  "rotationY": -90.000032,
  "rotationX": -0.000000,
  "rotationZ": -0.000000,
  "faces": {
    "north": { "texture": "#", "uv": [ 0.0, 0.0, 16.0, 16.0 ], "enabled": false },
    "east": { "texture": "#", "uv": [ 0.0, 0.0, 16.0, 16.0 ], "enabled": false },
    "south": { "texture": "#", "uv": [ 0.0, 0.0, 16.0, 16.0 ], "enabled": false },
    "west": { "texture": "#", "uv": [ 0.0, 0.0, 16.0, 16.0 ], "enabled": false },
    "up": { "texture": "#", "uv": [ 0.0, 0.0, 16.0, 16.0 ], "enabled": false },
    "down": { "texture": "#", "uv": [ 0.0, 0.0, 16.0, 16.0 ], "enabled": false }
   }
,"children": [ {
  "name" : "strut.1714",
  "from": [ -6.500000, -7.000000, -0.500000 ],
  "to": [ -5.500000, 7.000000, 0.500000 ],
  "rotationOrigin": [ -6.000000, 0.000000, -0.000000 ],
  "rotationY": -0.000000,
  "rotationX": -0.000000,
  "rotationZ": -0.000000,
  "faces": {
    "north": { "texture": "#metal/bluepaintedwornsteelplate", "uv": [ 0.0, 0.0, 16.0, 16.0 ], "enabled": true },
    "east": { "texture": "#metal/bluepaintedwornsteelplate", "uv": [ 0.0, 0.0, 16.0, 16.0 ], "enabled": true },
    "south": { "texture": "#metal/bluepaintedwornsteelplate", "uv": [ 0.0, 0.0, 16.0, 16.0 ], "enabled": true },
    "west": { "texture": "#metal/bluepaintedwornsteelplate", "uv": [ 0.0, 0.0, 16.0, 16.0 ], "enabled": true },
    "up": { "texture": "#metal/bluepaintedwornsteelplate", "uv": [ 0.0, 0.0, 16.0, 16.0 ], "enabled": true },
    "down": { "texture": "#metal/bluepaintedwornsteelplate", "uv": [ 0.0, 0.0, 16.0, 16.0 ], "enabled": true }
   }
  }, {
  "name" : "strut.1615",
  "from": [ -4.500000, -7.000000, -0.500000 ],
  "to": [ -3.500000, 7.000000, 0.500000 ],
  "rotationOrigin": [ -4.000000, 0.000000, -0.000000 ],
  "rotationY": -0.000000,
  "rotationX": -0.000000,
  "rotationZ": -0.000000,
  "faces": {
    "north": { "texture": "#metal/bluepaintedwornsteelplate", "uv": [ 0.0, 0.0, 16.0, 16.0 ], "enabled": true },
    "east": { "texture": "#metal/bluepaintedwornsteelplate", "uv": [ 0.0, 0.0, 16.0, 16.0 ], "enabled": true },
    "south": { "texture": "#metal/bluepaintedwornsteelplate", "uv": [ 0.0, 0.0, 16.0, 16.0 ], "enabled": true },
    "west": { "texture": "#metal/bluepaintedwornsteelplate", "uv": [ 0.0, 0.0, 16.0, 16.0 ], "enabled": true },
    "up": { "texture": "#metal/bluepaintedwornsteelplate", "uv": [ 0.0, 0.0, 16.0, 16.0 ], "enabled": true },
    "down": { "texture": "#metal/bluepaintedwornsteelplate", "uv": [ 0.0, 0.0, 16.0, 16.0 ], "enabled": true }
   }
  }, {
  "name" : "strut.1516",
  "from": [ -2.500000, -7.000000, -0.500000 ],
  "to": [ -1.500000, 7.000000, 0.500000 ],
  "rotationOrigin": [ -2.000000, 0.000000, -0.000000 ],
  "rotationY": -0.000000,
  "rotationX": -0.000000,
  "rotationZ": -0.000000,
  "faces": {
    "north": { "texture": "#metal/bluepaintedwornsteelplate", "uv": [ 0.0, 0.0, 16.0, 16.0 ], "enabled": true },
    "east": { "texture": "#metal/bluepaintedwornsteelplate", "uv": [ 0.0, 0.0, 16.0, 16.0 ], "enabled": true },
    "south": { "texture": "#metal/bluepaintedwornsteelplate", "uv": [ 0.0, 0.0, 16.0, 16.0 ], "enabled": true },
    "west": { "texture": "#metal/bluepaintedwornsteelplate", "uv": [ 0.0, 0.0, 16.0, 16.0 ], "enabled": true },
    "up": { "texture": "#metal/bluepaintedwornsteelplate", "uv": [ 0.0, 0.0, 16.0, 16.0 ], "enabled": true },
    "down": { "texture": "#metal/bluepaintedwornsteelplate", "uv": [ 0.0, 0.0, 16.0, 16.0 ], "enabled": true }
   }
  }, {
  "name" : "strut.1417",
  "from": [ -0.500000, -7.000000, -0.500000 ],
  "to": [ 0.500000, 7.000000, 0.500000 ],
  "rotationOrigin": [ 0.000000, 0.000000, -0.000000 ],
  "rotationY": -0.000000,
  "rotationX": -0.000000,
  "rotationZ": -0.000000,
  "faces": {
    "north": { "texture": "#metal/bluepaintedwornsteelplate", "uv": [ 0.0, 0.0, 16.0, 16.0 ], "enabled": true },
    "east": { "texture": "#metal/bluepaintedwornsteelplate", "uv": [ 0.0, 0.0, 16.0, 16.0 ], "enabled": true },
    "south": { "texture": "#metal/bluepaintedwornsteelplate", "uv": [ 0.0, 0.0, 16.0, 16.0 ], "enabled": true },
    "west": { "texture": "#metal/bluepaintedwornsteelplate", "uv": [ 0.0, 0.0, 16.0, 16.0 ], "enabled": true },
    "up": { "texture": "#metal/bluepaintedwornsteelplate", "uv": [ 0.0, 0.0, 16.0, 16.0 ], "enabled": true },
    "down": { "texture": "#metal/bluepaintedwornsteelplate", "uv": [ 0.0, 0.0, 16.0, 16.0 ], "enabled": true }
   }
  }, {
  "name" : "strut.1318",
  "from": [ 1.500000, -7.000000, -0.500000 ],
  "to": [ 2.500000, 7.000000, 0.500000 ],
  "rotationOrigin": [ 2.000000, 0.000000, -0.000000 ],
  "rotationY": -0.000000,
  "rotationX": -0.000000,
  "rotationZ": -0.000000,
  "faces": {
    "north": { "texture": "#metal/bluepaintedwornsteelplate", "uv": [ 0.0, 0.0, 16.0, 16.0 ], "enabled": true },
    "east": { "texture": "#metal/bluepaintedwornsteelplate", "uv": [ 0.0, 0.0, 16.0, 16.0 ], "enabled": true },
    "south": { "texture": "#metal/bluepaintedwornsteelplate", "uv": [ 0.0, 0.0, 16.0, 16.0 ], "enabled": true },
    "west": { "texture": "#metal/bluepaintedwornsteelplate", "uv": [ 0.0, 0.0, 16.0, 16.0 ], "enabled": true },
    "up": { "texture": "#metal/bluepaintedwornsteelplate", "uv": [ 0.0, 0.0, 16.0, 16.0 ], "enabled": true },
    "down": { "texture": "#metal/bluepaintedwornsteelplate", "uv": [ 0.0, 0.0, 16.0, 16.0 ], "enabled": true }
   }
  }, {
  "name" : "strut.1219",
  "from": [ 5.500000, -7.000000, -0.500000 ],
  "to": [ 6.500000, 7.000000, 0.500000 ],
  "rotationOrigin": [ 6.000000, 0.000000, -0.000000 ],
  "rotationY": -0.000000,
  "rotationX": -0.000000,
  "rotationZ": -0.000000,
  "faces": {
    "north": { "texture": "#metal/bluepaintedwornsteelplate", "uv": [ 0.0, 0.0, 16.0, 16.0 ], "enabled": true },
    "east": { "texture": "#metal/bluepaintedwornsteelplate", "uv": [ 0.0, 0.0, 16.0, 16.0 ], "enabled": true },
    "south": { "texture": "#metal/bluepaintedwornsteelplate", "uv": [ 0.0, 0.0, 16.0, 16.0 ], "enabled": true },
    "west": { "texture": "#metal/bluepaintedwornsteelplate", "uv": [ 0.0, 0.0, 16.0, 16.0 ], "enabled": true },
    "up": { "texture": "#metal/bluepaintedwornsteelplate", "uv": [ 0.0, 0.0, 16.0, 16.0 ], "enabled": true },
    "down": { "texture": "#metal/bluepaintedwornsteelplate", "uv": [ 0.0, 0.0, 16.0, 16.0 ], "enabled": true }
   }
  }, {
  "name" : "strut.1120",
  "from": [ 3.500000, -7.000000, -0.500000 ],
  "to": [ 4.500000, 7.000000, 0.500000 ],
  "rotationOrigin": [ 4.000000, 0.000000, -0.000000 ],
  "rotationY": -0.000000,
  "rotationX": -0.000000,
  "rotationZ": -0.000000,
  "faces": {
    "north": { "texture": "#metal/bluepaintedwornsteelplate", "uv": [ 0.0, 0.0, 16.0, 16.0 ], "enabled": true },
    "east": { "texture": "#metal/bluepaintedwornsteelplate", "uv": [ 0.0, 0.0, 16.0, 16.0 ], "enabled": true },
    "south": { "texture": "#metal/bluepaintedwornsteelplate", "uv": [ 0.0, 0.0, 16.0, 16.0 ], "enabled": true },
    "west": { "texture": "#metal/bluepaintedwornsteelplate", "uv": [ 0.0, 0.0, 16.0, 16.0 ], "enabled": true },
    "up": { "texture": "#metal/bluepaintedwornsteelplate", "uv": [ 0.0, 0.0, 16.0, 16.0 ], "enabled": true },
    "down": { "texture": "#metal/bluepaintedwornsteelplate", "uv": [ 0.0, 0.0, 16.0, 16.0 ], "enabled": true }
   }
  }, {
  "name" : "strut.1021",
  "from": [ -5.500000, -7.000000, -1.000000 ],
  "to": [ -4.500000, 7.000000, 1.000000 ],
  "rotationOrigin": [ -5.000000, 0.000000, -0.000000 ],
  "rotationY": -0.000000,
  "rotationX": -0.000000,
  "rotationZ": -0.000000,
  "faces": {
    "north": { "texture": "#metal/bluepaintedwornsteelplate", "uv": [ 0.0, 0.0, 16.0, 16.0 ], "enabled": true },
    "east": { "texture": "#metal/bluepaintedwornsteelplate", "uv": [ 0.0, 0.0, 16.0, 16.0 ], "enabled": true },
    "south": { "texture": "#metal/bluepaintedwornsteelplate", "uv": [ 0.0, 0.0, 16.0, 16.0 ], "enabled": true },
    "west": { "texture": "#metal/bluepaintedwornsteelplate", "uv": [ 0.0, 0.0, 16.0, 16.0 ], "enabled": true },
    "up": { "texture": "#metal/bluepaintedwornsteelplate", "uv": [ 0.0, 0.0, 16.0, 16.0 ], "enabled": true },
    "down": { "texture": "#metal/bluepaintedwornsteelplate", "uv": [ 0.0, 0.0, 16.0, 16.0 ], "enabled": true }
   }
  }, {
  "name" : "strut.922",
  "from": [ -3.500000, -7.000000, -1.000000 ],
  "to": [ -2.500000, 7.000000, 1.000000 ],
  "rotationOrigin": [ -3.000000, 0.000000, -0.000000 ],
  "rotationY": -0.000000,
  "rotationX": -0.000000,
  "rotationZ": -0.000000,
  "faces": {
    "north": { "texture": "#metal/bluepaintedwornsteelplate", "uv": [ 0.0, 0.0, 16.0, 16.0 ], "enabled": true },
    "east": { "texture": "#metal/bluepaintedwornsteelplate", "uv": [ 0.0, 0.0, 16.0, 16.0 ], "enabled": true },
    "south": { "texture": "#metal/bluepaintedwornsteelplate", "uv": [ 0.0, 0.0, 16.0, 16.0 ], "enabled": true },
    "west": { "texture": "#metal/bluepaintedwornsteelplate", "uv": [ 0.0, 0.0, 16.0, 16.0 ], "enabled": true },
    "up": { "texture": "#metal/bluepaintedwornsteelplate", "uv": [ 0.0, 0.0, 16.0, 16.0 ], "enabled": true },
    "down": { "texture": "#metal/bluepaintedwornsteelplate", "uv": [ 0.0, 0.0, 16.0, 16.0 ], "enabled": true }
   }
  }, {
  "name" : "strut.823",
  "from": [ -1.500000, -7.000000, -1.000000 ],
  "to": [ -0.500000, 7.000000, 1.000000 ],
  "rotationOrigin": [ -1.000000, 0.000000, -0.000000 ],
  "rotationY": -0.000000,
  "rotationX": -0.000000,
  "rotationZ": -0.000000,
  "faces": {
    "north": { "texture": "#metal/bluepaintedwornsteelplate", "uv": [ 0.0, 0.0, 16.0, 16.0 ], "enabled": true },
    "east": { "texture": "#metal/bluepaintedwornsteelplate", "uv": [ 0.0, 0.0, 16.0, 16.0 ], "enabled": true },
    "south": { "texture": "#metal/bluepaintedwornsteelplate", "uv": [ 0.0, 0.0, 16.0, 16.0 ], "enabled": true },
    "west": { "texture": "#metal/bluepaintedwornsteelplate", "uv": [ 0.0, 0.0, 16.0, 16.0 ], "enabled": true },
    "up": { "texture": "#metal/bluepaintedwornsteelplate", "uv": [ 0.0, 0.0, 16.0, 16.0 ], "enabled": true },
    "down": { "texture": "#metal/bluepaintedwornsteelplate", "uv": [ 0.0, 0.0, 16.0, 16.0 ], "enabled": true }
   }
  }, {
  "name" : "strut.724",
  "from": [ 0.500000, -7.000000, -1.000000 ],
  "to": [ 1.500000, 7.000000, 1.000000 ],
  "rotationOrigin": [ 1.000000, 0.000000, -0.000000 ],
  "rotationY": -0.000000,
  "rotationX": -0.000000,
  "rotationZ": -0.000000,
  "faces": {
    "north": { "texture": "#metal/bluepaintedwornsteelplate", "uv": [ 0.0, 0.0, 16.0, 16.0 ], "enabled": true },
    "east": { "texture": "#metal/bluepaintedwornsteelplate", "uv": [ 0.0, 0.0, 16.0, 16.0 ], "enabled": true },
    "south": { "texture": "#metal/bluepaintedwornsteelplate", "uv": [ 0.0, 0.0, 16.0, 16.0 ], "enabled": true },
    "west": { "texture": "#metal/bluepaintedwornsteelplate", "uv": [ 0.0, 0.0, 16.0, 16.0 ], "enabled": true },
    "up": { "texture": "#metal/bluepaintedwornsteelplate", "uv": [ 0.0, 0.0, 16.0, 16.0 ], "enabled": true },
    "down": { "texture": "#metal/bluepaintedwornsteelplate", "uv": [ 0.0, 0.0, 16.0, 16.0 ], "enabled": true }
   }
  }, {
  "name" : "strut.625",
  "from": [ 2.500000, -7.000000, -1.000000 ],
  "to": [ 3.500000, 7.000000, 1.000000 ],
  "rotationOrigin": [ 3.000000, 0.000000, -0.000000 ],
  "rotationY": -0.000000,
  "rotationX": -0.000000,
  "rotationZ": -0.000000,
  "faces": {
    "north": { "texture": "#metal/bluepaintedwornsteelplate", "uv": [ 0.0, 0.0, 16.0, 16.0 ], "enabled": true },
    "east": { "texture": "#metal/bluepaintedwornsteelplate", "uv": [ 0.0, 0.0, 16.0, 16.0 ], "enabled": true },
    "south": { "texture": "#metal/bluepaintedwornsteelplate", "uv": [ 0.0, 0.0, 16.0, 16.0 ], "enabled": true },
    "west": { "texture": "#metal/bluepaintedwornsteelplate", "uv": [ 0.0, 0.0, 16.0, 16.0 ], "enabled": true },
    "up": { "texture": "#metal/bluepaintedwornsteelplate", "uv": [ 0.0, 0.0, 16.0, 16.0 ], "enabled": true },
    "down": { "texture": "#metal/bluepaintedwornsteelplate", "uv": [ 0.0, 0.0, 16.0, 16.0 ], "enabled": true }
   }
  }, {
  "name" : "strut.526",
  "from": [ 4.500000, -7.000000, -1.000000 ],
  "to": [ 5.500000, 7.000000, 1.000000 ],
  "rotationOrigin": [ 5.000000, 0.000000, -0.000000 ],
  "rotationY": -0.000000,
  "rotationX": -0.000000,
  "rotationZ": -0.000000,
  "faces": {
    "north": { "texture": "#metal/bluepaintedwornsteelplate", "uv": [ 0.0, 0.0, 16.0, 16.0 ], "enabled": true },
    "east": { "texture": "#metal/bluepaintedwornsteelplate", "uv": [ 0.0, 0.0, 16.0, 16.0 ], "enabled": true },
    "south": { "texture": "#metal/bluepaintedwornsteelplate", "uv": [ 0.0, 0.0, 16.0, 16.0 ], "enabled": true },
    "west": { "texture": "#metal/bluepaintedwornsteelplate", "uv": [ 0.0, 0.0, 16.0, 16.0 ], "enabled": true },
    "up": { "texture": "#metal/bluepaintedwornsteelplate", "uv": [ 0.0, 0.0, 16.0, 16.0 ], "enabled": true },
    "down": { "texture": "#metal/bluepaintedwornsteelplate", "uv": [ 0.0, 0.0, 16.0, 16.0 ], "enabled": true }
   }
  },]  }, {
  "name" : "Null.227",
  "from": [ 15.000000, 8.000000, 8.000000 ],
  "to": [ 15.000000, 8.000000, 8.000000 ],
  "rotationOrigin": [ 15.000000, 8.000000, 8.000000 ],
  "rotationY": -90.000032,
  "rotationX": -0.000000,
  "rotationZ": -0.000000,
  "faces": {
    "north": { "texture": "#", "uv": [ 0.0, 0.0, 16.0, 16.0 ], "enabled": false },
    "east": { "texture": "#", "uv": [ 0.0, 0.0, 16.0, 16.0 ], "enabled": false },
    "south": { "texture": "#", "uv": [ 0.0, 0.0, 16.0, 16.0 ], "enabled": false },
    "west": { "texture": "#", "uv": [ 0.0, 0.0, 16.0, 16.0 ], "enabled": false },
    "up": { "texture": "#", "uv": [ 0.0, 0.0, 16.0, 16.0 ], "enabled": false },
    "down": { "texture": "#", "uv": [ 0.0, 0.0, 16.0, 16.0 ], "enabled": false }
   }
,"children": [ {
  "name" : "strut.1728",
  "from": [ -6.500000, -7.000000, -0.500000 ],
  "to": [ -5.500000, 7.000000, 0.500000 ],
  "rotationOrigin": [ -6.000000, 0.000000, -0.000000 ],
  "rotationY": -0.000000,
  "rotationX": -0.000000,
  "rotationZ": -0.000000,
  "faces": {
    "north": { "texture": "#metal/bluepaintedwornsteelplate", "uv": [ 0.0, 0.0, 16.0, 16.0 ], "enabled": true },
    "east": { "texture": "#metal/bluepaintedwornsteelplate", "uv": [ 0.0, 0.0, 16.0, 16.0 ], "enabled": true },
    "south": { "texture": "#metal/bluepaintedwornsteelplate", "uv": [ 0.0, 0.0, 16.0, 16.0 ], "enabled": true },
    "west": { "texture": "#metal/bluepaintedwornsteelplate", "uv": [ 0.0, 0.0, 16.0, 16.0 ], "enabled": true },
    "up": { "texture": "#metal/bluepaintedwornsteelplate", "uv": [ 0.0, 0.0, 16.0, 16.0 ], "enabled": true },
    "down": { "texture": "#metal/bluepaintedwornsteelplate", "uv": [ 0.0, 0.0, 16.0, 16.0 ], "enabled": true }
   }
  }, {
  "name" : "strut.1629",
  "from": [ -4.500000, -7.000000, -0.500000 ],
  "to": [ -3.500000, 7.000000, 0.500000 ],
  "rotationOrigin": [ -4.000000, 0.000000, -0.000000 ],
  "rotationY": -0.000000,
  "rotationX": -0.000000,
  "rotationZ": -0.000000,
  "faces": {
    "north": { "texture": "#metal/bluepaintedwornsteelplate", "uv": [ 0.0, 0.0, 16.0, 16.0 ], "enabled": true },
    "east": { "texture": "#metal/bluepaintedwornsteelplate", "uv": [ 0.0, 0.0, 16.0, 16.0 ], "enabled": true },
    "south": { "texture": "#metal/bluepaintedwornsteelplate", "uv": [ 0.0, 0.0, 16.0, 16.0 ], "enabled": true },
    "west": { "texture": "#metal/bluepaintedwornsteelplate", "uv": [ 0.0, 0.0, 16.0, 16.0 ], "enabled": true },
    "up": { "texture": "#metal/bluepaintedwornsteelplate", "uv": [ 0.0, 0.0, 16.0, 16.0 ], "enabled": true },
    "down": { "texture": "#metal/bluepaintedwornsteelplate", "uv": [ 0.0, 0.0, 16.0, 16.0 ], "enabled": true }
   }
  }, {
  "name" : "strut.1530",
  "from": [ -2.500000, -7.000000, -0.500000 ],
  "to": [ -1.500000, 7.000000, 0.500000 ],
  "rotationOrigin": [ -2.000000, 0.000000, -0.000000 ],
  "rotationY": -0.000000,
  "rotationX": -0.000000,
  "rotationZ": -0.000000,
  "faces": {
    "north": { "texture": "#metal/bluepaintedwornsteelplate", "uv": [ 0.0, 0.0, 16.0, 16.0 ], "enabled": true },
    "east": { "texture": "#metal/bluepaintedwornsteelplate", "uv": [ 0.0, 0.0, 16.0, 16.0 ], "enabled": true },
    "south": { "texture": "#metal/bluepaintedwornsteelplate", "uv": [ 0.0, 0.0, 16.0, 16.0 ], "enabled": true },
    "west": { "texture": "#metal/bluepaintedwornsteelplate", "uv": [ 0.0, 0.0, 16.0, 16.0 ], "enabled": true },
    "up": { "texture": "#metal/bluepaintedwornsteelplate", "uv": [ 0.0, 0.0, 16.0, 16.0 ], "enabled": true },
    "down": { "texture": "#metal/bluepaintedwornsteelplate", "uv": [ 0.0, 0.0, 16.0, 16.0 ], "enabled": true }
   }
  }, {
  "name" : "strut.1431",
  "from": [ -0.500000, -7.000000, -0.500000 ],
  "to": [ 0.500000, 7.000000, 0.500000 ],
  "rotationOrigin": [ 0.000000, 0.000000, -0.000000 ],
  "rotationY": -0.000000,
  "rotationX": -0.000000,
  "rotationZ": -0.000000,
  "faces": {
    "north": { "texture": "#metal/bluepaintedwornsteelplate", "uv": [ 0.0, 0.0, 16.0, 16.0 ], "enabled": true },
    "east": { "texture": "#metal/bluepaintedwornsteelplate", "uv": [ 0.0, 0.0, 16.0, 16.0 ], "enabled": true },
    "south": { "texture": "#metal/bluepaintedwornsteelplate", "uv": [ 0.0, 0.0, 16.0, 16.0 ], "enabled": true },
    "west": { "texture": "#metal/bluepaintedwornsteelplate", "uv": [ 0.0, 0.0, 16.0, 16.0 ], "enabled": true },
    "up": { "texture": "#metal/bluepaintedwornsteelplate", "uv": [ 0.0, 0.0, 16.0, 16.0 ], "enabled": true },
    "down": { "texture": "#metal/bluepaintedwornsteelplate", "uv": [ 0.0, 0.0, 16.0, 16.0 ], "enabled": true }
   }
  }, {
  "name" : "strut.1332",
  "from": [ 1.500000, -7.000000, -0.500000 ],
  "to": [ 2.500000, 7.000000, 0.500000 ],
  "rotationOrigin": [ 2.000000, 0.000000, -0.000000 ],
  "rotationY": -0.000000,
  "rotationX": -0.000000,
  "rotationZ": -0.000000,
  "faces": {
    "north": { "texture": "#metal/bluepaintedwornsteelplate", "uv": [ 0.0, 0.0, 16.0, 16.0 ], "enabled": true },
    "east": { "texture": "#metal/bluepaintedwornsteelplate", "uv": [ 0.0, 0.0, 16.0, 16.0 ], "enabled": true },
    "south": { "texture": "#metal/bluepaintedwornsteelplate", "uv": [ 0.0, 0.0, 16.0, 16.0 ], "enabled": true },
    "west": { "texture": "#metal/bluepaintedwornsteelplate", "uv": [ 0.0, 0.0, 16.0, 16.0 ], "enabled": true },
    "up": { "texture": "#metal/bluepaintedwornsteelplate", "uv": [ 0.0, 0.0, 16.0, 16.0 ], "enabled": true },
    "down": { "texture": "#metal/bluepaintedwornsteelplate", "uv": [ 0.0, 0.0, 16.0, 16.0 ], "enabled": true }
   }
  }, {
  "name" : "strut.1233",
  "from": [ 5.500000, -7.000000, -0.500000 ],
  "to": [ 6.500000, 7.000000, 0.500000 ],
  "rotationOrigin": [ 6.000000, 0.000000, -0.000000 ],
  "rotationY": -0.000000,
  "rotationX": -0.000000,
  "rotationZ": -0.000000,
  "faces": {
    "north": { "texture": "#metal/bluepaintedwornsteelplate", "uv": [ 0.0, 0.0, 16.0, 16.0 ], "enabled": true },
    "east": { "texture": "#metal/bluepaintedwornsteelplate", "uv": [ 0.0, 0.0, 16.0, 16.0 ], "enabled": true },
    "south": { "texture": "#metal/bluepaintedwornsteelplate", "uv": [ 0.0, 0.0, 16.0, 16.0 ], "enabled": true },
    "west": { "texture": "#metal/bluepaintedwornsteelplate", "uv": [ 0.0, 0.0, 16.0, 16.0 ], "enabled": true },
    "up": { "texture": "#metal/bluepaintedwornsteelplate", "uv": [ 0.0, 0.0, 16.0, 16.0 ], "enabled": true },
    "down": { "texture": "#metal/bluepaintedwornsteelplate", "uv": [ 0.0, 0.0, 16.0, 16.0 ], "enabled": true }
   }
  }, {
  "name" : "strut.1134",
  "from": [ 3.500000, -7.000000, -0.500000 ],
  "to": [ 4.500000, 7.000000, 0.500000 ],
  "rotationOrigin": [ 4.000000, 0.000000, -0.000000 ],
  "rotationY": -0.000000,
  "rotationX": -0.000000,
  "rotationZ": -0.000000,
  "faces": {
    "north": { "texture": "#metal/bluepaintedwornsteelplate", "uv": [ 0.0, 0.0, 16.0, 16.0 ], "enabled": true },
    "east": { "texture": "#metal/bluepaintedwornsteelplate", "uv": [ 0.0, 0.0, 16.0, 16.0 ], "enabled": true },
    "south": { "texture": "#metal/bluepaintedwornsteelplate", "uv": [ 0.0, 0.0, 16.0, 16.0 ], "enabled": true },
    "west": { "texture": "#metal/bluepaintedwornsteelplate", "uv": [ 0.0, 0.0, 16.0, 16.0 ], "enabled": true },
    "up": { "texture": "#metal/bluepaintedwornsteelplate", "uv": [ 0.0, 0.0, 16.0, 16.0 ], "enabled": true },
    "down": { "texture": "#metal/bluepaintedwornsteelplate", "uv": [ 0.0, 0.0, 16.0, 16.0 ], "enabled": true }
   }
  }, {
  "name" : "strut.1035",
  "from": [ -5.500000, -7.000000, -1.000000 ],
  "to": [ -4.500000, 7.000000, 1.000000 ],
  "rotationOrigin": [ -5.000000, 0.000000, -0.000000 ],
  "rotationY": -0.000000,
  "rotationX": -0.000000,
  "rotationZ": -0.000000,
  "faces": {
    "north": { "texture": "#metal/bluepaintedwornsteelplate", "uv": [ 0.0, 0.0, 16.0, 16.0 ], "enabled": true },
    "east": { "texture": "#metal/bluepaintedwornsteelplate", "uv": [ 0.0, 0.0, 16.0, 16.0 ], "enabled": true },
    "south": { "texture": "#metal/bluepaintedwornsteelplate", "uv": [ 0.0, 0.0, 16.0, 16.0 ], "enabled": true },
    "west": { "texture": "#metal/bluepaintedwornsteelplate", "uv": [ 0.0, 0.0, 16.0, 16.0 ], "enabled": true },
    "up": { "texture": "#metal/bluepaintedwornsteelplate", "uv": [ 0.0, 0.0, 16.0, 16.0 ], "enabled": true },
    "down": { "texture": "#metal/bluepaintedwornsteelplate", "uv": [ 0.0, 0.0, 16.0, 16.0 ], "enabled": true }
   }
  }, {
  "name" : "strut.936",
  "from": [ -3.500000, -7.000000, -1.000000 ],
  "to": [ -2.500000, 7.000000, 1.000000 ],
  "rotationOrigin": [ -3.000000, 0.000000, -0.000000 ],
  "rotationY": -0.000000,
  "rotationX": -0.000000,
  "rotationZ": -0.000000,
  "faces": {
    "north": { "texture": "#metal/bluepaintedwornsteelplate", "uv": [ 0.0, 0.0, 16.0, 16.0 ], "enabled": true },
    "east": { "texture": "#metal/bluepaintedwornsteelplate", "uv": [ 0.0, 0.0, 16.0, 16.0 ], "enabled": true },
    "south": { "texture": "#metal/bluepaintedwornsteelplate", "uv": [ 0.0, 0.0, 16.0, 16.0 ], "enabled": true },
    "west": { "texture": "#metal/bluepaintedwornsteelplate", "uv": [ 0.0, 0.0, 16.0, 16.0 ], "enabled": true },
    "up": { "texture": "#metal/bluepaintedwornsteelplate", "uv": [ 0.0, 0.0, 16.0, 16.0 ], "enabled": true },
    "down": { "texture": "#metal/bluepaintedwornsteelplate", "uv": [ 0.0, 0.0, 16.0, 16.0 ], "enabled": true }
   }
  }, {
  "name" : "strut.837",
  "from": [ -1.500000, -7.000000, -1.000000 ],
  "to": [ -0.500000, 7.000000, 1.000000 ],
  "rotationOrigin": [ -1.000000, 0.000000, -0.000000 ],
  "rotationY": -0.000000,
  "rotationX": -0.000000,
  "rotationZ": -0.000000,
  "faces": {
    "north": { "texture": "#metal/bluepaintedwornsteelplate", "uv": [ 0.0, 0.0, 16.0, 16.0 ], "enabled": true },
    "east": { "texture": "#metal/bluepaintedwornsteelplate", "uv": [ 0.0, 0.0, 16.0, 16.0 ], "enabled": true },
    "south": { "texture": "#metal/bluepaintedwornsteelplate", "uv": [ 0.0, 0.0, 16.0, 16.0 ], "enabled": true },
    "west": { "texture": "#metal/bluepaintedwornsteelplate", "uv": [ 0.0, 0.0, 16.0, 16.0 ], "enabled": true },
    "up": { "texture": "#metal/bluepaintedwornsteelplate", "uv": [ 0.0, 0.0, 16.0, 16.0 ], "enabled": true },
    "down": { "texture": "#metal/bluepaintedwornsteelplate", "uv": [ 0.0, 0.0, 16.0, 16.0 ], "enabled": true }
   }
  }, {
  "name" : "strut.738",
  "from": [ 0.500000, -7.000000, -1.000000 ],
  "to": [ 1.500000, 7.000000, 1.000000 ],
  "rotationOrigin": [ 1.000000, 0.000000, -0.000000 ],
  "rotationY": -0.000000,
  "rotationX": -0.000000,
  "rotationZ": -0.000000,
  "faces": {
    "north": { "texture": "#metal/bluepaintedwornsteelplate", "uv": [ 0.0, 0.0, 16.0, 16.0 ], "enabled": true },
    "east": { "texture": "#metal/bluepaintedwornsteelplate", "uv": [ 0.0, 0.0, 16.0, 16.0 ], "enabled": true },
    "south": { "texture": "#metal/bluepaintedwornsteelplate", "uv": [ 0.0, 0.0, 16.0, 16.0 ], "enabled": true },
    "west": { "texture": "#metal/bluepaintedwornsteelplate", "uv": [ 0.0, 0.0, 16.0, 16.0 ], "enabled": true },
    "up": { "texture": "#metal/bluepaintedwornsteelplate", "uv": [ 0.0, 0.0, 16.0, 16.0 ], "enabled": true },
    "down": { "texture": "#metal/bluepaintedwornsteelplate", "uv": [ 0.0, 0.0, 16.0, 16.0 ], "enabled": true }
   }
  }, {
  "name" : "strut.639",
  "from": [ 2.500000, -7.000000, -1.000000 ],
  "to": [ 3.500000, 7.000000, 1.000000 ],
  "rotationOrigin": [ 3.000000, 0.000000, -0.000000 ],
  "rotationY": -0.000000,
  "rotationX": -0.000000,
  "rotationZ": -0.000000,
  "faces": {
    "north": { "texture": "#metal/bluepaintedwornsteelplate", "uv": [ 0.0, 0.0, 16.0, 16.0 ], "enabled": true },
    "east": { "texture": "#metal/bluepaintedwornsteelplate", "uv": [ 0.0, 0.0, 16.0, 16.0 ], "enabled": true },
    "south": { "texture": "#metal/bluepaintedwornsteelplate", "uv": [ 0.0, 0.0, 16.0, 16.0 ], "enabled": true },
    "west": { "texture": "#metal/bluepaintedwornsteelplate", "uv": [ 0.0, 0.0, 16.0, 16.0 ], "enabled": true },
    "up": { "texture": "#metal/bluepaintedwornsteelplate", "uv": [ 0.0, 0.0, 16.0, 16.0 ], "enabled": true },
    "down": { "texture": "#metal/bluepaintedwornsteelplate", "uv": [ 0.0, 0.0, 16.0, 16.0 ], "enabled": true }
   }
  }, {
  "name" : "strut.540",
  "from": [ 4.500000, -7.000000, -1.000000 ],
  "to": [ 5.500000, 7.000000, 1.000000 ],
  "rotationOrigin": [ 5.000000, 0.000000, -0.000000 ],
  "rotationY": -0.000000,
  "rotationX": -0.000000,
  "rotationZ": -0.000000,
  "faces": {
    "north": { "texture": "#metal/bluepaintedwornsteelplate", "uv": [ 0.0, 0.0, 16.0, 16.0 ], "enabled": true },
    "east": { "texture": "#metal/bluepaintedwornsteelplate", "uv": [ 0.0, 0.0, 16.0, 16.0 ], "enabled": true },
    "south": { "texture": "#metal/bluepaintedwornsteelplate", "uv": [ 0.0, 0.0, 16.0, 16.0 ], "enabled": true },
    "west": { "texture": "#metal/bluepaintedwornsteelplate", "uv": [ 0.0, 0.0, 16.0, 16.0 ], "enabled": true },
    "up": { "texture": "#metal/bluepaintedwornsteelplate", "uv": [ 0.0, 0.0, 16.0, 16.0 ], "enabled": true },
    "down": { "texture": "#metal/bluepaintedwornsteelplate", "uv": [ 0.0, 0.0, 16.0, 16.0 ], "enabled": true }
   }
  },]  }, {
  "name" : "Null.141",
  "from": [ 8.000000, 8.000000, 1.000000 ],
  "to": [ 8.000000, 8.000000, 1.000000 ],
  "rotationOrigin": [ 8.000000, 8.000000, 1.000000 ],
  "rotationY": -0.000000,
  "rotationX": -0.000000,
  "rotationZ": -0.000000,
  "faces": {
    "north": { "texture": "#", "uv": [ 0.0, 0.0, 16.0, 16.0 ], "enabled": false },
    "east": { "texture": "#", "uv": [ 0.0, 0.0, 16.0, 16.0 ], "enabled": false },
    "south": { "texture": "#", "uv": [ 0.0, 0.0, 16.0, 16.0 ], "enabled": false },
    "west": { "texture": "#", "uv": [ 0.0, 0.0, 16.0, 16.0 ], "enabled": false },
    "up": { "texture": "#", "uv": [ 0.0, 0.0, 16.0, 16.0 ], "enabled": false },
    "down": { "texture": "#", "uv": [ 0.0, 0.0, 16.0, 16.0 ], "enabled": false }
   }
,"children": [ {
  "name" : "strut.1742",
  "from": [ -6.500000, -7.000000, -0.500000 ],
  "to": [ -5.500000, 7.000000, 0.500000 ],
  "rotationOrigin": [ -6.000000, 0.000000, 0.000000 ],
  "rotationY": -0.000000,
  "rotationX": -0.000000,
  "rotationZ": -0.000000,
  "faces": {
    "north": { "texture": "#metal/bluepaintedwornsteelplate", "uv": [ 0.0, 0.0, 16.0, 16.0 ], "enabled": true },
    "east": { "texture": "#metal/bluepaintedwornsteelplate", "uv": [ 0.0, 0.0, 16.0, 16.0 ], "enabled": true },
    "south": { "texture": "#metal/bluepaintedwornsteelplate", "uv": [ 0.0, 0.0, 16.0, 16.0 ], "enabled": true },
    "west": { "texture": "#metal/bluepaintedwornsteelplate", "uv": [ 0.0, 0.0, 16.0, 16.0 ], "enabled": true },
    "up": { "texture": "#metal/bluepaintedwornsteelplate", "uv": [ 0.0, 0.0, 16.0, 16.0 ], "enabled": true },
    "down": { "texture": "#metal/bluepaintedwornsteelplate", "uv": [ 0.0, 0.0, 16.0, 16.0 ], "enabled": true }
   }
  }, {
  "name" : "strut.1643",
  "from": [ -4.500000, -7.000000, -0.500000 ],
  "to": [ -3.500000, 7.000000, 0.500000 ],
  "rotationOrigin": [ -4.000000, 0.000000, 0.000000 ],
  "rotationY": -0.000000,
  "rotationX": -0.000000,
  "rotationZ": -0.000000,
  "faces": {
    "north": { "texture": "#metal/bluepaintedwornsteelplate", "uv": [ 0.0, 0.0, 16.0, 16.0 ], "enabled": true },
    "east": { "texture": "#metal/bluepaintedwornsteelplate", "uv": [ 0.0, 0.0, 16.0, 16.0 ], "enabled": true },
    "south": { "texture": "#metal/bluepaintedwornsteelplate", "uv": [ 0.0, 0.0, 16.0, 16.0 ], "enabled": true },
    "west": { "texture": "#metal/bluepaintedwornsteelplate", "uv": [ 0.0, 0.0, 16.0, 16.0 ], "enabled": true },
    "up": { "texture": "#metal/bluepaintedwornsteelplate", "uv": [ 0.0, 0.0, 16.0, 16.0 ], "enabled": true },
    "down": { "texture": "#metal/bluepaintedwornsteelplate", "uv": [ 0.0, 0.0, 16.0, 16.0 ], "enabled": true }
   }
  }, {
  "name" : "strut.1544",
  "from": [ -2.500000, -7.000000, -0.500000 ],
  "to": [ -1.500000, 7.000000, 0.500000 ],
  "rotationOrigin": [ -2.000000, 0.000000, 0.000000 ],
  "rotationY": -0.000000,
  "rotationX": -0.000000,
  "rotationZ": -0.000000,
  "faces": {
    "north": { "texture": "#metal/bluepaintedwornsteelplate", "uv": [ 0.0, 0.0, 16.0, 16.0 ], "enabled": true },
    "east": { "texture": "#metal/bluepaintedwornsteelplate", "uv": [ 0.0, 0.0, 16.0, 16.0 ], "enabled": true },
    "south": { "texture": "#metal/bluepaintedwornsteelplate", "uv": [ 0.0, 0.0, 16.0, 16.0 ], "enabled": true },
    "west": { "texture": "#metal/bluepaintedwornsteelplate", "uv": [ 0.0, 0.0, 16.0, 16.0 ], "enabled": true },
    "up": { "texture": "#metal/bluepaintedwornsteelplate", "uv": [ 0.0, 0.0, 16.0, 16.0 ], "enabled": true },
    "down": { "texture": "#metal/bluepaintedwornsteelplate", "uv": [ 0.0, 0.0, 16.0, 16.0 ], "enabled": true }
   }
  }, {
  "name" : "strut.1445",
  "from": [ -0.500000, -7.000000, -0.500000 ],
  "to": [ 0.500000, 7.000000, 0.500000 ],
  "rotationOrigin": [ 0.000000, 0.000000, 0.000000 ],
  "rotationY": -0.000000,
  "rotationX": -0.000000,
  "rotationZ": -0.000000,
  "faces": {
    "north": { "texture": "#metal/bluepaintedwornsteelplate", "uv": [ 0.0, 0.0, 16.0, 16.0 ], "enabled": true },
    "east": { "texture": "#metal/bluepaintedwornsteelplate", "uv": [ 0.0, 0.0, 16.0, 16.0 ], "enabled": true },
    "south": { "texture": "#metal/bluepaintedwornsteelplate", "uv": [ 0.0, 0.0, 16.0, 16.0 ], "enabled": true },
    "west": { "texture": "#metal/bluepaintedwornsteelplate", "uv": [ 0.0, 0.0, 16.0, 16.0 ], "enabled": true },
    "up": { "texture": "#metal/bluepaintedwornsteelplate", "uv": [ 0.0, 0.0, 16.0, 16.0 ], "enabled": true },
    "down": { "texture": "#metal/bluepaintedwornsteelplate", "uv": [ 0.0, 0.0, 16.0, 16.0 ], "enabled": true }
   }
  }, {
  "name" : "strut.1346",
  "from": [ 1.500000, -7.000000, -0.500000 ],
  "to": [ 2.500000, 7.000000, 0.500000 ],
  "rotationOrigin": [ 2.000000, 0.000000, 0.000000 ],
  "rotationY": -0.000000,
  "rotationX": -0.000000,
  "rotationZ": -0.000000,
  "faces": {
    "north": { "texture": "#metal/bluepaintedwornsteelplate", "uv": [ 0.0, 0.0, 16.0, 16.0 ], "enabled": true },
    "east": { "texture": "#metal/bluepaintedwornsteelplate", "uv": [ 0.0, 0.0, 16.0, 16.0 ], "enabled": true },
    "south": { "texture": "#metal/bluepaintedwornsteelplate", "uv": [ 0.0, 0.0, 16.0, 16.0 ], "enabled": true },
    "west": { "texture": "#metal/bluepaintedwornsteelplate", "uv": [ 0.0, 0.0, 16.0, 16.0 ], "enabled": true },
    "up": { "texture": "#metal/bluepaintedwornsteelplate", "uv": [ 0.0, 0.0, 16.0, 16.0 ], "enabled": true },
    "down": { "texture": "#metal/bluepaintedwornsteelplate", "uv": [ 0.0, 0.0, 16.0, 16.0 ], "enabled": true }
   }
  }, {
  "name" : "strut.1247",
  "from": [ 5.500000, -7.000000, -0.500000 ],
  "to": [ 6.500000, 7.000000, 0.500000 ],
  "rotationOrigin": [ 6.000000, 0.000000, 0.000000 ],
  "rotationY": -0.000000,
  "rotationX": -0.000000,
  "rotationZ": -0.000000,
  "faces": {
    "north": { "texture": "#metal/bluepaintedwornsteelplate", "uv": [ 0.0, 0.0, 16.0, 16.0 ], "enabled": true },
    "east": { "texture": "#metal/bluepaintedwornsteelplate", "uv": [ 0.0, 0.0, 16.0, 16.0 ], "enabled": true },
    "south": { "texture": "#metal/bluepaintedwornsteelplate", "uv": [ 0.0, 0.0, 16.0, 16.0 ], "enabled": true },
    "west": { "texture": "#metal/bluepaintedwornsteelplate", "uv": [ 0.0, 0.0, 16.0, 16.0 ], "enabled": true },
    "up": { "texture": "#metal/bluepaintedwornsteelplate", "uv": [ 0.0, 0.0, 16.0, 16.0 ], "enabled": true },
    "down": { "texture": "#metal/bluepaintedwornsteelplate", "uv": [ 0.0, 0.0, 16.0, 16.0 ], "enabled": true }
   }
  }, {
  "name" : "strut.1148",
  "from": [ 3.500000, -7.000000, -0.500000 ],
  "to": [ 4.500000, 7.000000, 0.500000 ],
  "rotationOrigin": [ 4.000000, 0.000000, 0.000000 ],
  "rotationY": -0.000000,
  "rotationX": -0.000000,
  "rotationZ": -0.000000,
  "faces": {
    "north": { "texture": "#metal/bluepaintedwornsteelplate", "uv": [ 0.0, 0.0, 16.0, 16.0 ], "enabled": true },
    "east": { "texture": "#metal/bluepaintedwornsteelplate", "uv": [ 0.0, 0.0, 16.0, 16.0 ], "enabled": true },
    "south": { "texture": "#metal/bluepaintedwornsteelplate", "uv": [ 0.0, 0.0, 16.0, 16.0 ], "enabled": true },
    "west": { "texture": "#metal/bluepaintedwornsteelplate", "uv": [ 0.0, 0.0, 16.0, 16.0 ], "enabled": true },
    "up": { "texture": "#metal/bluepaintedwornsteelplate", "uv": [ 0.0, 0.0, 16.0, 16.0 ], "enabled": true },
    "down": { "texture": "#metal/bluepaintedwornsteelplate", "uv": [ 0.0, 0.0, 16.0, 16.0 ], "enabled": true }
   }
  }, {
  "name" : "strut.1049",
  "from": [ -5.500000, -7.000000, -1.000000 ],
  "to": [ -4.500000, 7.000000, 1.000000 ],
  "rotationOrigin": [ -5.000000, 0.000000, 0.000000 ],
  "rotationY": -0.000000,
  "rotationX": -0.000000,
  "rotationZ": -0.000000,
  "faces": {
    "north": { "texture": "#metal/bluepaintedwornsteelplate", "uv": [ 0.0, 0.0, 16.0, 16.0 ], "enabled": true },
    "east": { "texture": "#metal/bluepaintedwornsteelplate", "uv": [ 0.0, 0.0, 16.0, 16.0 ], "enabled": true },
    "south": { "texture": "#metal/bluepaintedwornsteelplate", "uv": [ 0.0, 0.0, 16.0, 16.0 ], "enabled": true },
    "west": { "texture": "#metal/bluepaintedwornsteelplate", "uv": [ 0.0, 0.0, 16.0, 16.0 ], "enabled": true },
    "up": { "texture": "#metal/bluepaintedwornsteelplate", "uv": [ 0.0, 0.0, 16.0, 16.0 ], "enabled": true },
    "down": { "texture": "#metal/bluepaintedwornsteelplate", "uv": [ 0.0, 0.0, 16.0, 16.0 ], "enabled": true }
   }
  }, {
  "name" : "strut.950",
  "from": [ -3.500000, -7.000000, -1.000000 ],
  "to": [ -2.500000, 7.000000, 1.000000 ],
  "rotationOrigin": [ -3.000000, 0.000000, 0.000000 ],
  "rotationY": -0.000000,
  "rotationX": -0.000000,
  "rotationZ": -0.000000,
  "faces": {
    "north": { "texture": "#metal/bluepaintedwornsteelplate", "uv": [ 0.0, 0.0, 16.0, 16.0 ], "enabled": true },
    "east": { "texture": "#metal/bluepaintedwornsteelplate", "uv": [ 0.0, 0.0, 16.0, 16.0 ], "enabled": true },
    "south": { "texture": "#metal/bluepaintedwornsteelplate", "uv": [ 0.0, 0.0, 16.0, 16.0 ], "enabled": true },
    "west": { "texture": "#metal/bluepaintedwornsteelplate", "uv": [ 0.0, 0.0, 16.0, 16.0 ], "enabled": true },
    "up": { "texture": "#metal/bluepaintedwornsteelplate", "uv": [ 0.0, 0.0, 16.0, 16.0 ], "enabled": true },
    "down": { "texture": "#metal/bluepaintedwornsteelplate", "uv": [ 0.0, 0.0, 16.0, 16.0 ], "enabled": true }
   }
  }, {
  "name" : "strut.851",
  "from": [ -1.500000, -7.000000, -1.000000 ],
  "to": [ -0.500000, 7.000000, 1.000000 ],
  "rotationOrigin": [ -1.000000, 0.000000, 0.000000 ],
  "rotationY": -0.000000,
  "rotationX": -0.000000,
  "rotationZ": -0.000000,
  "faces": {
    "north": { "texture": "#metal/bluepaintedwornsteelplate", "uv": [ 0.0, 0.0, 16.0, 16.0 ], "enabled": true },
    "east": { "texture": "#metal/bluepaintedwornsteelplate", "uv": [ 0.0, 0.0, 16.0, 16.0 ], "enabled": true },
    "south": { "texture": "#metal/bluepaintedwornsteelplate", "uv": [ 0.0, 0.0, 16.0, 16.0 ], "enabled": true },
    "west": { "texture": "#metal/bluepaintedwornsteelplate", "uv": [ 0.0, 0.0, 16.0, 16.0 ], "enabled": true },
    "up": { "texture": "#metal/bluepaintedwornsteelplate", "uv": [ 0.0, 0.0, 16.0, 16.0 ], "enabled": true },
    "down": { "texture": "#metal/bluepaintedwornsteelplate", "uv": [ 0.0, 0.0, 16.0, 16.0 ], "enabled": true }
   }
  }, {
  "name" : "strut.752",
  "from": [ 0.500000, -7.000000, -1.000000 ],
  "to": [ 1.500000, 7.000000, 1.000000 ],
  "rotationOrigin": [ 1.000000, 0.000000, 0.000000 ],
  "rotationY": -0.000000,
  "rotationX": -0.000000,
  "rotationZ": -0.000000,
  "faces": {
    "north": { "texture": "#metal/bluepaintedwornsteelplate", "uv": [ 0.0, 0.0, 16.0, 16.0 ], "enabled": true },
    "east": { "texture": "#metal/bluepaintedwornsteelplate", "uv": [ 0.0, 0.0, 16.0, 16.0 ], "enabled": true },
    "south": { "texture": "#metal/bluepaintedwornsteelplate", "uv": [ 0.0, 0.0, 16.0, 16.0 ], "enabled": true },
    "west": { "texture": "#metal/bluepaintedwornsteelplate", "uv": [ 0.0, 0.0, 16.0, 16.0 ], "enabled": true },
    "up": { "texture": "#metal/bluepaintedwornsteelplate", "uv": [ 0.0, 0.0, 16.0, 16.0 ], "enabled": true },
    "down": { "texture": "#metal/bluepaintedwornsteelplate", "uv": [ 0.0, 0.0, 16.0, 16.0 ], "enabled": true }
   }
  }, {
  "name" : "strut.653",
  "from": [ 2.500000, -7.000000, -1.000000 ],
  "to": [ 3.500000, 7.000000, 1.000000 ],
  "rotationOrigin": [ 3.000000, 0.000000, 0.000000 ],
  "rotationY": -0.000000,
  "rotationX": -0.000000,
  "rotationZ": -0.000000,
  "faces": {
    "north": { "texture": "#metal/bluepaintedwornsteelplate", "uv": [ 0.0, 0.0, 16.0, 16.0 ], "enabled": true },
    "east": { "texture": "#metal/bluepaintedwornsteelplate", "uv": [ 0.0, 0.0, 16.0, 16.0 ], "enabled": true },
    "south": { "texture": "#metal/bluepaintedwornsteelplate", "uv": [ 0.0, 0.0, 16.0, 16.0 ], "enabled": true },
    "west": { "texture": "#metal/bluepaintedwornsteelplate", "uv": [ 0.0, 0.0, 16.0, 16.0 ], "enabled": true },
    "up": { "texture": "#metal/bluepaintedwornsteelplate", "uv": [ 0.0, 0.0, 16.0, 16.0 ], "enabled": true },
    "down": { "texture": "#metal/bluepaintedwornsteelplate", "uv": [ 0.0, 0.0, 16.0, 16.0 ], "enabled": true }
   }
  }, {
  "name" : "strut.554",
  "from": [ 4.500000, -7.000000, -1.000000 ],
  "to": [ 5.500000, 7.000000, 1.000000 ],
  "rotationOrigin": [ 5.000000, 0.000000, 0.000000 ],
  "rotationY": -0.000000,
  "rotationX": -0.000000,
  "rotationZ": -0.000000,
  "faces": {
    "north": { "texture": "#metal/bluepaintedwornsteelplate", "uv": [ 0.0, 0.0, 16.0, 16.0 ], "enabled": true },
    "east": { "texture": "#metal/bluepaintedwornsteelplate", "uv": [ 0.0, 0.0, 16.0, 16.0 ], "enabled": true },
    "south": { "texture": "#metal/bluepaintedwornsteelplate", "uv": [ 0.0, 0.0, 16.0, 16.0 ], "enabled": true },
    "west": { "texture": "#metal/bluepaintedwornsteelplate", "uv": [ 0.0, 0.0, 16.0, 16.0 ], "enabled": true },
    "up": { "texture": "#metal/bluepaintedwornsteelplate", "uv": [ 0.0, 0.0, 16.0, 16.0 ], "enabled": true },
    "down": { "texture": "#metal/bluepaintedwornsteelplate", "uv": [ 0.0, 0.0, 16.0, 16.0 ], "enabled": true }
   }
  },]  }, {
  "name" : "Null55",
  "from": [ 8.000000, 8.000000, 15.000000 ],
  "to": [ 8.000000, 8.000000, 15.000000 ],
  "rotationOrigin": [ 8.000000, 8.000000, 15.000000 ],
  "rotationY": -0.000000,
  "rotationX": -0.000000,
  "rotationZ": -0.000000,
  "faces": {
    "north": { "texture": "#", "uv": [ 0.0, 0.0, 16.0, 16.0 ], "enabled": false },
    "east": { "texture": "#", "uv": [ 0.0, 0.0, 16.0, 16.0 ], "enabled": false },
    "south": { "texture": "#", "uv": [ 0.0, 0.0, 16.0, 16.0 ], "enabled": false },
    "west": { "texture": "#", "uv": [ 0.0, 0.0, 16.0, 16.0 ], "enabled": false },
    "up": { "texture": "#", "uv": [ 0.0, 0.0, 16.0, 16.0 ], "enabled": false },
    "down": { "texture": "#", "uv": [ 0.0, 0.0, 16.0, 16.0 ], "enabled": false }
   }
,"children": [ {
  "name" : "strut.1756",
  "from": [ -6.500000, -7.000000, -0.500000 ],
  "to": [ -5.500000, 0.000000, 0.500000 ],
  "rotationOrigin": [ -6.000000, -3.500000, 0.000000 ],
  "rotationY": -0.000000,
  "rotationX": -0.000000,
  "rotationZ": -0.000000,
  "faces": {
    "north": { "texture": "#metal/bluepaintedwornsteelplate", "uv": [ 0.0, 0.0, 16.0, 16.0 ], "enabled": true },
    "east": { "texture": "#metal/bluepaintedwornsteelplate", "uv": [ 0.0, 0.0, 16.0, 16.0 ], "enabled": true },
    "south": { "texture": "#metal/bluepaintedwornsteelplate", "uv": [ 0.0, 0.0, 16.0, 16.0 ], "enabled": true },
    "west": { "texture": "#metal/bluepaintedwornsteelplate", "uv": [ 0.0, 0.0, 16.0, 16.0 ], "enabled": true },
    "up": { "texture": "#metal/bluepaintedwornsteelplate", "uv": [ 0.0, 0.0, 16.0, 16.0 ], "enabled": true },
    "down": { "texture": "#metal/bluepaintedwornsteelplate", "uv": [ 0.0, 0.0, 16.0, 16.0 ], "enabled": true }
   }
  }, {
  "name" : "strut.1657",
  "from": [ -4.500000, -7.000000, -0.500000 ],
  "to": [ -3.500000, 0.000000, 0.500000 ],
  "rotationOrigin": [ -4.000000, -3.500000, 0.000000 ],
  "rotationY": -0.000000,
  "rotationX": -0.000000,
  "rotationZ": -0.000000,
  "faces": {
    "north": { "texture": "#metal/bluepaintedwornsteelplate", "uv": [ 0.0, 0.0, 16.0, 16.0 ], "enabled": true },
    "east": { "texture": "#metal/bluepaintedwornsteelplate", "uv": [ 0.0, 0.0, 16.0, 16.0 ], "enabled": true },
    "south": { "texture": "#metal/bluepaintedwornsteelplate", "uv": [ 0.0, 0.0, 16.0, 16.0 ], "enabled": true },
    "west": { "texture": "#metal/bluepaintedwornsteelplate", "uv": [ 0.0, 0.0, 16.0, 16.0 ], "enabled": true },
    "up": { "texture": "#metal/bluepaintedwornsteelplate", "uv": [ 0.0, 0.0, 16.0, 16.0 ], "enabled": true },
    "down": { "texture": "#metal/bluepaintedwornsteelplate", "uv": [ 0.0, 0.0, 16.0, 16.0 ], "enabled": true }
   }
  }, {
  "name" : "strut.1558",
  "from": [ -2.500000, -7.000000, -0.500000 ],
  "to": [ -1.500000, 0.000000, 0.500000 ],
  "rotationOrigin": [ -2.000000, -3.500000, 0.000000 ],
  "rotationY": -0.000000,
  "rotationX": -0.000000,
  "rotationZ": -0.000000,
  "faces": {
    "north": { "texture": "#metal/bluepaintedwornsteelplate", "uv": [ 0.0, 0.0, 16.0, 16.0 ], "enabled": true },
    "east": { "texture": "#metal/bluepaintedwornsteelplate", "uv": [ 0.0, 0.0, 16.0, 16.0 ], "enabled": true },
    "south": { "texture": "#metal/bluepaintedwornsteelplate", "uv": [ 0.0, 0.0, 16.0, 16.0 ], "enabled": true },
    "west": { "texture": "#metal/bluepaintedwornsteelplate", "uv": [ 0.0, 0.0, 16.0, 16.0 ], "enabled": true },
    "up": { "texture": "#metal/bluepaintedwornsteelplate", "uv": [ 0.0, 0.0, 16.0, 16.0 ], "enabled": true },
    "down": { "texture": "#metal/bluepaintedwornsteelplate", "uv": [ 0.0, 0.0, 16.0, 16.0 ], "enabled": true }
   }
  }, {
  "name" : "strut.1459",
  "from": [ -0.500000, -7.000000, -0.500000 ],
  "to": [ 0.500000, 0.000000, 0.500000 ],
  "rotationOrigin": [ 0.000000, -3.500000, 0.000000 ],
  "rotationY": -0.000000,
  "rotationX": -0.000000,
  "rotationZ": -0.000000,
  "faces": {
    "north": { "texture": "#metal/bluepaintedwornsteelplate", "uv": [ 0.0, 0.0, 16.0, 16.0 ], "enabled": true },
    "east": { "texture": "#metal/bluepaintedwornsteelplate", "uv": [ 0.0, 0.0, 16.0, 16.0 ], "enabled": true },
    "south": { "texture": "#metal/bluepaintedwornsteelplate", "uv": [ 0.0, 0.0, 16.0, 16.0 ], "enabled": true },
    "west": { "texture": "#metal/bluepaintedwornsteelplate", "uv": [ 0.0, 0.0, 16.0, 16.0 ], "enabled": true },
    "up": { "texture": "#metal/bluepaintedwornsteelplate", "uv": [ 0.0, 0.0, 16.0, 16.0 ], "enabled": true },
    "down": { "texture": "#metal/bluepaintedwornsteelplate", "uv": [ 0.0, 0.0, 16.0, 16.0 ], "enabled": true }
   }
  }, {
  "name" : "strut.1360",
  "from": [ 1.500000, -7.000000, -0.500000 ],
  "to": [ 2.500000, 0.000000, 0.500000 ],
  "rotationOrigin": [ 2.000000, -3.500000, 0.000000 ],
  "rotationY": -0.000000,
  "rotationX": -0.000000,
  "rotationZ": -0.000000,
  "faces": {
    "north": { "texture": "#metal/bluepaintedwornsteelplate", "uv": [ 0.0, 0.0, 16.0, 16.0 ], "enabled": true },
    "east": { "texture": "#metal/bluepaintedwornsteelplate", "uv": [ 0.0, 0.0, 16.0, 16.0 ], "enabled": true },
    "south": { "texture": "#metal/bluepaintedwornsteelplate", "uv": [ 0.0, 0.0, 16.0, 16.0 ], "enabled": true },
    "west": { "texture": "#metal/bluepaintedwornsteelplate", "uv": [ 0.0, 0.0, 16.0, 16.0 ], "enabled": true },
    "up": { "texture": "#metal/bluepaintedwornsteelplate", "uv": [ 0.0, 0.0, 16.0, 16.0 ], "enabled": true },
    "down": { "texture": "#metal/bluepaintedwornsteelplate", "uv": [ 0.0, 0.0, 16.0, 16.0 ], "enabled": true }
   }
  }, {
  "name" : "strut.1261",
  "from": [ 5.500000, -7.000000, -0.500000 ],
  "to": [ 6.500000, 0.000000, 0.500000 ],
  "rotationOrigin": [ 6.000000, -3.500000, 0.000000 ],
  "rotationY": -0.000000,
  "rotationX": -0.000000,
  "rotationZ": -0.000000,
  "faces": {
    "north": { "texture": "#metal/bluepaintedwornsteelplate", "uv": [ 0.0, 0.0, 16.0, 16.0 ], "enabled": true },
    "east": { "texture": "#metal/bluepaintedwornsteelplate", "uv": [ 0.0, 0.0, 16.0, 16.0 ], "enabled": true },
    "south": { "texture": "#metal/bluepaintedwornsteelplate", "uv": [ 0.0, 0.0, 16.0, 16.0 ], "enabled": true },
    "west": { "texture": "#metal/bluepaintedwornsteelplate", "uv": [ 0.0, 0.0, 16.0, 16.0 ], "enabled": true },
    "up": { "texture": "#metal/bluepaintedwornsteelplate", "uv": [ 0.0, 0.0, 16.0, 16.0 ], "enabled": true },
    "down": { "texture": "#metal/bluepaintedwornsteelplate", "uv": [ 0.0, 0.0, 16.0, 16.0 ], "enabled": true }
   }
  }, {
  "name" : "strut.1162",
  "from": [ 3.500000, -7.000000, -0.500000 ],
  "to": [ 4.500000, 0.000000, 0.500000 ],
  "rotationOrigin": [ 4.000000, -3.500000, 0.000000 ],
  "rotationY": -0.000000,
  "rotationX": -0.000000,
  "rotationZ": -0.000000,
  "faces": {
    "north": { "texture": "#metal/bluepaintedwornsteelplate", "uv": [ 0.0, 0.0, 16.0, 16.0 ], "enabled": true },
    "east": { "texture": "#metal/bluepaintedwornsteelplate", "uv": [ 0.0, 0.0, 16.0, 16.0 ], "enabled": true },
    "south": { "texture": "#metal/bluepaintedwornsteelplate", "uv": [ 0.0, 0.0, 16.0, 16.0 ], "enabled": true },
    "west": { "texture": "#metal/bluepaintedwornsteelplate", "uv": [ 0.0, 0.0, 16.0, 16.0 ], "enabled": true },
    "up": { "texture": "#metal/bluepaintedwornsteelplate", "uv": [ 0.0, 0.0, 16.0, 16.0 ], "enabled": true },
    "down": { "texture": "#metal/bluepaintedwornsteelplate", "uv": [ 0.0, 0.0, 16.0, 16.0 ], "enabled": true }
   }
  }, {
  "name" : "strut.1063",
  "from": [ -5.500000, -7.000000, -1.000000 ],
  "to": [ -4.500000, 0.000000, 1.000000 ],
  "rotationOrigin": [ -5.000000, -3.500000, 0.000000 ],
  "rotationY": -0.000000,
  "rotationX": -0.000000,
  "rotationZ": -0.000000,
  "faces": {
    "north": { "texture": "#metal/bluepaintedwornsteelplate", "uv": [ 0.0, 0.0, 16.0, 16.0 ], "enabled": true },
    "east": { "texture": "#metal/bluepaintedwornsteelplate", "uv": [ 0.0, 0.0, 16.0, 16.0 ], "enabled": true },
    "south": { "texture": "#metal/bluepaintedwornsteelplate", "uv": [ 0.0, 0.0, 16.0, 16.0 ], "enabled": true },
    "west": { "texture": "#metal/bluepaintedwornsteelplate", "uv": [ 0.0, 0.0, 16.0, 16.0 ], "enabled": true },
    "up": { "texture": "#metal/bluepaintedwornsteelplate", "uv": [ 0.0, 0.0, 16.0, 16.0 ], "enabled": true },
    "down": { "texture": "#metal/bluepaintedwornsteelplate", "uv": [ 0.0, 0.0, 16.0, 16.0 ], "enabled": true }
   }
  }, {
  "name" : "strut.964",
  "from": [ -3.500000, -7.000000, -1.000000 ],
  "to": [ -2.500000, 0.000000, 1.000000 ],
  "rotationOrigin": [ -3.000000, -3.500000, 0.000000 ],
  "rotationY": -0.000000,
  "rotationX": -0.000000,
  "rotationZ": -0.000000,
  "faces": {
    "north": { "texture": "#metal/bluepaintedwornsteelplate", "uv": [ 0.0, 0.0, 16.0, 16.0 ], "enabled": true },
    "east": { "texture": "#metal/bluepaintedwornsteelplate", "uv": [ 0.0, 0.0, 16.0, 16.0 ], "enabled": true },
    "south": { "texture": "#metal/bluepaintedwornsteelplate", "uv": [ 0.0, 0.0, 16.0, 16.0 ], "enabled": true },
    "west": { "texture": "#metal/bluepaintedwornsteelplate", "uv": [ 0.0, 0.0, 16.0, 16.0 ], "enabled": true },
    "up": { "texture": "#metal/bluepaintedwornsteelplate", "uv": [ 0.0, 0.0, 16.0, 16.0 ], "enabled": true },
    "down": { "texture": "#metal/bluepaintedwornsteelplate", "uv": [ 0.0, 0.0, 16.0, 16.0 ], "enabled": true }
   }
  }, {
  "name" : "strut.865",
  "from": [ -1.500000, -7.000000, -1.000000 ],
  "to": [ -0.500000, 0.000000, 1.000000 ],
  "rotationOrigin": [ -1.000000, -3.500000, 0.000000 ],
  "rotationY": -0.000000,
  "rotationX": -0.000000,
  "rotationZ": -0.000000,
  "faces": {
    "north": { "texture": "#metal/bluepaintedwornsteelplate", "uv": [ 0.0, 0.0, 16.0, 16.0 ], "enabled": true },
    "east": { "texture": "#metal/bluepaintedwornsteelplate", "uv": [ 0.0, 0.0, 16.0, 16.0 ], "enabled": true },
    "south": { "texture": "#metal/bluepaintedwornsteelplate", "uv": [ 0.0, 0.0, 16.0, 16.0 ], "enabled": true },
    "west": { "texture": "#metal/bluepaintedwornsteelplate", "uv": [ 0.0, 0.0, 16.0, 16.0 ], "enabled": true },
    "up": { "texture": "#metal/bluepaintedwornsteelplate", "uv": [ 0.0, 0.0, 16.0, 16.0 ], "enabled": true },
    "down": { "texture": "#metal/bluepaintedwornsteelplate", "uv": [ 0.0, 0.0, 16.0, 16.0 ], "enabled": true }
   }
  }, {
  "name" : "strut.766",
  "from": [ 0.500000, -7.000000, -1.000000 ],
  "to": [ 1.500000, 0.000000, 1.000000 ],
  "rotationOrigin": [ 1.000000, -3.500000, 0.000000 ],
  "rotationY": -0.000000,
  "rotationX": -0.000000,
  "rotationZ": -0.000000,
  "faces": {
    "north": { "texture": "#metal/bluepaintedwornsteelplate", "uv": [ 0.0, 0.0, 16.0, 16.0 ], "enabled": true },
    "east": { "texture": "#metal/bluepaintedwornsteelplate", "uv": [ 0.0, 0.0, 16.0, 16.0 ], "enabled": true },
    "south": { "texture": "#metal/bluepaintedwornsteelplate", "uv": [ 0.0, 0.0, 16.0, 16.0 ], "enabled": true },
    "west": { "texture": "#metal/bluepaintedwornsteelplate", "uv": [ 0.0, 0.0, 16.0, 16.0 ], "enabled": true },
    "up": { "texture": "#metal/bluepaintedwornsteelplate", "uv": [ 0.0, 0.0, 16.0, 16.0 ], "enabled": true },
    "down": { "texture": "#metal/bluepaintedwornsteelplate", "uv": [ 0.0, 0.0, 16.0, 16.0 ], "enabled": true }
   }
  }, {
  "name" : "strut.667",
  "from": [ 2.500000, -7.000000, -1.000000 ],
  "to": [ 3.500000, 0.000000, 1.000000 ],
  "rotationOrigin": [ 3.000000, -3.500000, 0.000000 ],
  "rotationY": -0.000000,
  "rotationX": -0.000000,
  "rotationZ": -0.000000,
  "faces": {
    "north": { "texture": "#metal/bluepaintedwornsteelplate", "uv": [ 0.0, 0.0, 16.0, 16.0 ], "enabled": true },
    "east": { "texture": "#metal/bluepaintedwornsteelplate", "uv": [ 0.0, 0.0, 16.0, 16.0 ], "enabled": true },
    "south": { "texture": "#metal/bluepaintedwornsteelplate", "uv": [ 0.0, 0.0, 16.0, 16.0 ], "enabled": true },
    "west": { "texture": "#metal/bluepaintedwornsteelplate", "uv": [ 0.0, 0.0, 16.0, 16.0 ], "enabled": true },
    "up": { "texture": "#metal/bluepaintedwornsteelplate", "uv": [ 0.0, 0.0, 16.0, 16.0 ], "enabled": true },
    "down": { "texture": "#metal/bluepaintedwornsteelplate", "uv": [ 0.0, 0.0, 16.0, 16.0 ], "enabled": true }
   }
  }, {
  "name" : "strut.568",
  "from": [ 4.500000, -7.000000, -1.000000 ],
  "to": [ 5.500000, 0.000000, 1.000000 ],
  "rotationOrigin": [ 5.000000, -3.500000, 0.000000 ],
  "rotationY": -0.000000,
  "rotationX": -0.000000,
  "rotationZ": -0.000000,
  "faces": {
    "north": { "texture": "#metal/bluepaintedwornsteelplate", "uv": [ 0.0, 0.0, 16.0, 16.0 ], "enabled": true },
    "east": { "texture": "#metal/bluepaintedwornsteelplate", "uv": [ 0.0, 0.0, 16.0, 16.0 ], "enabled": true },
    "south": { "texture": "#metal/bluepaintedwornsteelplate", "uv": [ 0.0, 0.0, 16.0, 16.0 ], "enabled": true },
    "west": { "texture": "#metal/bluepaintedwornsteelplate", "uv": [ 0.0, 0.0, 16.0, 16.0 ], "enabled": true },
    "up": { "texture": "#metal/bluepaintedwornsteelplate", "uv": [ 0.0, 0.0, 16.0, 16.0 ], "enabled": true },
    "down": { "texture": "#metal/bluepaintedwornsteelplate", "uv": [ 0.0, 0.0, 16.0, 16.0 ], "enabled": true }
   }
  }, {
  "name" : "strut69",
  "from": [ -6.000000, 0.000000, -0.500000 ],
  "to": [ 6.000000, 7.000000, 0.500000 ],
  "rotationOrigin": [ 0.000000, 3.500000, 0.000000 ],
  "rotationY": -0.000000,
  "rotationX": -0.000000,
  "rotationZ": -0.000000,
  "faces": {
    "north": { "texture": "#metal/bluepaintedwornsteelplate", "uv": [ 0.0, 0.0, 16.0, 16.0 ], "enabled": true },
    "east": { "texture": "#metal/bluepaintedwornsteelplate", "uv": [ 0.0, 0.0, 16.0, 16.0 ], "enabled": true },
    "south": { "texture": "#metal/bluepaintedwornsteelplate", "uv": [ 0.0, 0.0, 16.0, 16.0 ], "enabled": true },
    "west": { "texture": "#metal/bluepaintedwornsteelplate", "uv": [ 0.0, 0.0, 16.0, 16.0 ], "enabled": true },
    "up": { "texture": "#metal/bluepaintedwornsteelplate", "uv": [ 0.0, 0.0, 16.0, 16.0 ], "enabled": true },
    "down": { "texture": "#metal/bluepaintedwornsteelplate", "uv": [ 0.0, 0.0, 16.0, 16.0 ], "enabled": true }
   }
  },]  }, {
  "name" : "FLOOR70",
  "from": [ 1.000000, 0.500000, 1.000000 ],
  "to": [ 15.000000, 1.500000, 15.000000 ],
  "rotationOrigin": [ 8.000000, 1.000000, 8.000000 ],
  "rotationY": -0.000000,
  "rotationX": -0.000000,
  "rotationZ": -0.000000,
  "faces": {
    "north": { "texture": "#metal/bluepaintedwornsteelplate", "uv": [ 0.0, 0.0, 16.0, 16.0 ], "enabled": true },
    "east": { "texture": "#metal/bluepaintedwornsteelplate", "uv": [ 0.0, 0.0, 16.0, 16.0 ], "enabled": true },
    "south": { "texture": "#metal/bluepaintedwornsteelplate", "uv": [ 0.0, 0.0, 16.0, 16.0 ], "enabled": true },
    "west": { "texture": "#metal/bluepaintedwornsteelplate", "uv": [ 0.0, 0.0, 16.0, 16.0 ], "enabled": true },
    "up": { "texture": "#metal/bluepaintedwornsteelplate", "uv": [ 0.0, 0.0, 16.0, 16.0 ], "enabled": true },
    "down": { "texture": "#metal/bluepaintedwornsteelplate", "uv": [ 0.0, 0.0, 16.0, 16.0 ], "enabled": true }
   }
  }, {
  "name" : "strut.471",
  "from": [ 0.000000, 0.000000, 14.000000 ],
  "to": [ 2.000000, 16.000000, 16.000000 ],
  "rotationOrigin": [ 1.000000, 8.000000, 15.000000 ],
  "rotationY": -0.000000,
  "rotationX": -0.000000,
  "rotationZ": -0.000000,
  "faces": {
    "north": { "texture": "#metal/darksteelsheet", "uv": [ 0.0, 0.0, 16.0, 16.0 ], "enabled": true },
    "east": { "texture": "#metal/darksteelsheet", "uv": [ 0.0, 0.0, 16.0, 16.0 ], "enabled": true },
    "south": { "texture": "#metal/darksteelsheet", "uv": [ 0.0, 0.0, 16.0, 16.0 ], "enabled": true },
    "west": { "texture": "#metal/darksteelsheet", "uv": [ 0.0, 0.0, 16.0, 16.0 ], "enabled": true },
    "up": { "texture": "#metal/darksteelsheet", "uv": [ 0.0, 0.0, 16.0, 16.0 ], "enabled": true },
    "down": { "texture": "#metal/darksteelsheet", "uv": [ 0.0, 0.0, 16.0, 16.0 ], "enabled": true }
   }
  }, {
  "name" : "strut.272",
  "from": [ 14.000000, 0.000000, 14.000000 ],
  "to": [ 16.000000, 16.000000, 16.000000 ],
  "rotationOrigin": [ 15.000000, 8.000000, 15.000000 ],
  "rotationY": -0.000000,
  "rotationX": -0.000000,
  "rotationZ": -0.000000,
  "faces": {
    "north": { "texture": "#metal/darksteelsheet", "uv": [ 0.0, 0.0, 16.0, 16.0 ], "enabled": true },
    "east": { "texture": "#metal/darksteelsheet", "uv": [ 0.0, 0.0, 16.0, 16.0 ], "enabled": true },
    "south": { "texture": "#metal/darksteelsheet", "uv": [ 0.0, 0.0, 16.0, 16.0 ], "enabled": true },
    "west": { "texture": "#metal/darksteelsheet", "uv": [ 0.0, 0.0, 16.0, 16.0 ], "enabled": true },
    "up": { "texture": "#metal/darksteelsheet", "uv": [ 0.0, 0.0, 16.0, 16.0 ], "enabled": true },
    "down": { "texture": "#metal/darksteelsheet", "uv": [ 0.0, 0.0, 16.0, 16.0 ], "enabled": true }
   }
  }, {
  "name" : "strut.173",
  "from": [ 14.000000, 0.000000, 0.000000 ],
  "to": [ 16.000000, 16.000000, 2.000000 ],
  "rotationOrigin": [ 15.000000, 8.000000, 1.000000 ],
  "rotationY": -0.000000,
  "rotationX": -0.000000,
  "rotationZ": -0.000000,
  "faces": {
    "north": { "texture": "#metal/darksteelsheet", "uv": [ 0.0, 0.0, 16.0, 16.0 ], "enabled": true },
    "east": { "texture": "#metal/darksteelsheet", "uv": [ 0.0, 0.0, 16.0, 16.0 ], "enabled": true },
    "south": { "texture": "#metal/darksteelsheet", "uv": [ 0.0, 0.0, 16.0, 16.0 ], "enabled": true },
    "west": { "texture": "#metal/darksteelsheet", "uv": [ 0.0, 0.0, 16.0, 16.0 ], "enabled": true },
    "up": { "texture": "#metal/darksteelsheet", "uv": [ 0.0, 0.0, 16.0, 16.0 ], "enabled": true },
    "down": { "texture": "#metal/darksteelsheet", "uv": [ 0.0, 0.0, 16.0, 16.0 ], "enabled": true }
   }
  }, {
  "name" : "strut74",
  "from": [ 0.000000, 0.000000, 0.000000 ],
  "to": [ 2.000000, 16.000000, 2.000000 ],
  "rotationOrigin": [ 1.000000, 8.000000, 1.000000 ],
  "rotationY": -0.000000,
  "rotationX": -0.000000,
  "rotationZ": -0.000000,
  "faces": {
    "north": { "texture": "#metal/darksteelsheet", "uv": [ 0.0, 0.0, 16.0, 16.0 ], "enabled": true },
    "east": { "texture": "#metal/darksteelsheet", "uv": [ 0.0, 0.0, 16.0, 16.0 ], "enabled": true },
    "south": { "texture": "#metal/darksteelsheet", "uv": [ 0.0, 0.0, 16.0, 16.0 ], "enabled": true },
    "west": { "texture": "#metal/darksteelsheet", "uv": [ 0.0, 0.0, 16.0, 16.0 ], "enabled": true },
    "up": { "texture": "#metal/darksteelsheet", "uv": [ 0.0, 0.0, 16.0, 16.0 ], "enabled": true },
    "down": { "texture": "#metal/darksteelsheet", "uv": [ 0.0, 0.0, 16.0, 16.0 ], "enabled": true }
   }
  }, {
  "name" : "scene.275",
  "from": [ 0.000000, 0.000000, 0.000000 ],
  "to": [ 0.000000, 0.000000, 0.000000 ],
  "rotationOrigin": [ 0.000000, 0.000000, 0.000000 ],
  "rotationY": -0.000000,
  "rotationX": -0.000000,
  "rotationZ": 360.000129,
  "faces": {
    "north": { "texture": "#", "uv": [ 0.0, 0.0, 16.0, 16.0 ], "enabled": false },
    "east": { "texture": "#", "uv": [ 0.0, 0.0, 16.0, 16.0 ], "enabled": false },
    "south": { "texture": "#", "uv": [ 0.0, 0.0, 16.0, 16.0 ], "enabled": false },
    "west": { "texture": "#", "uv": [ 0.0, 0.0, 16.0, 16.0 ], "enabled": false },
    "up": { "texture": "#", "uv": [ 0.0, 0.0, 16.0, 16.0 ], "enabled": false },
    "down": { "texture": "#", "uv": [ 0.0, 0.0, 16.0, 16.0 ], "enabled": false }
   }
  }, {
  "name" : "scene.176",
  "from": [ 8.000000, 8.000000, 8.000000 ],
  "to": [ 8.000000, 8.000000, 8.000000 ],
  "rotationOrigin": [ 8.000000, 8.000000, 8.000000 ],
  "rotationY": -0.000000,
  "rotationX": -0.000000,
  "rotationZ": -0.000000,
  "faces": {
    "north": { "texture": "#", "uv": [ 0.0, 0.0, 16.0, 16.0 ], "enabled": false },
    "east": { "texture": "#", "uv": [ 0.0, 0.0, 16.0, 16.0 ], "enabled": false },
    "south": { "texture": "#", "uv": [ 0.0, 0.0, 16.0, 16.0 ], "enabled": false },
    "west": { "texture": "#", "uv": [ 0.0, 0.0, 16.0, 16.0 ], "enabled": false },
    "up": { "texture": "#", "uv": [ 0.0, 0.0, 16.0, 16.0 ], "enabled": false },
    "down": { "texture": "#", "uv": [ 0.0, 0.0, 16.0, 16.0 ], "enabled": false }
   }
,"children": [ {
  "name" : "Null77",
  "from": [ 0.000000, -7.586546, -0.000000 ],
  "to": [ 0.000000, -7.586546, -0.000000 ],
  "rotationOrigin": [ 0.000000, -7.586546, -0.000000 ],
  "rotationY": -0.000000,
  "rotationX": 90.000032,
  "rotationZ": 180.000064,
  "faces": {
    "north": { "texture": "#", "uv": [ 0.0, 0.0, 16.0, 16.0 ], "enabled": false },
    "east": { "texture": "#", "uv": [ 0.0, 0.0, 16.0, 16.0 ], "enabled": false },
    "south": { "texture": "#", "uv": [ 0.0, 0.0, 16.0, 16.0 ], "enabled": false },
    "west": { "texture": "#", "uv": [ 0.0, 0.0, 16.0, 16.0 ], "enabled": false },
    "up": { "texture": "#", "uv": [ 0.0, 0.0, 16.0, 16.0 ], "enabled": false },
    "down": { "texture": "#", "uv": [ 0.0, 0.0, 16.0, 16.0 ], "enabled": false }
   }
,"children": [ {
  "name" : "South78",
  "from": [ 0.658512, -38.820610, -0.000000 ],
  "to": [ 0.658512, -38.820610, -0.000000 ],
  "rotationOrigin": [ 0.658512, -38.820610, -0.000000 ],
  "rotationY": -0.000000,
  "rotationX": -0.000000,
  "rotationZ": 360.000129,
  "faces": {
    "north": { "texture": "#", "uv": [ 0.0, 0.0, 16.0, 16.0 ], "enabled": false },
    "east": { "texture": "#", "uv": [ 0.0, 0.0, 16.0, 16.0 ], "enabled": false },
    "south": { "texture": "#", "uv": [ 0.0, 0.0, 16.0, 16.0 ], "enabled": false },
    "west": { "texture": "#", "uv": [ 0.0, 0.0, 16.0, 16.0 ], "enabled": false },
    "up": { "texture": "#", "uv": [ 0.0, 0.0, 16.0, 16.0 ], "enabled": false },
    "down": { "texture": "#", "uv": [ 0.0, 0.0, 16.0, 16.0 ], "enabled": false }
   }
  }, {
  "name" : "WEST79",
  "from": [ -46.537512, -1.463390, 0.000000 ],
  "to": [ -46.537512, -1.463390, 0.000000 ],
  "rotationOrigin": [ -46.537512, -1.463390, 0.000000 ],
  "rotationY": -0.000000,
  "rotationX": -0.000000,
  "rotationZ": 360.000129,
  "faces": {
    "north": { "texture": "#", "uv": [ 0.0, 0.0, 16.0, 16.0 ], "enabled": false },
    "east": { "texture": "#", "uv": [ 0.0, 0.0, 16.0, 16.0 ], "enabled": false },
    "south": { "texture": "#", "uv": [ 0.0, 0.0, 16.0, 16.0 ], "enabled": false },
    "west": { "texture": "#", "uv": [ 0.0, 0.0, 16.0, 16.0 ], "enabled": false },
    "up": { "texture": "#", "uv": [ 0.0, 0.0, 16.0, 16.0 ], "enabled": false },
    "down": { "texture": "#", "uv": [ 0.0, 0.0, 16.0, 16.0 ], "enabled": false }
   }
  }, {
  "name" : "EAST80",
  "from": [ 45.220488, -1.463390, 0.000000 ],
  "to": [ 45.220488, -1.463390, 0.000000 ],
  "rotationOrigin": [ 45.220488, -1.463390, 0.000000 ],
  "rotationY": -0.000000,
  "rotationX": -0.000000,
  "rotationZ": 360.000129,
  "faces": {
    "north": { "texture": "#", "uv": [ 0.0, 0.0, 16.0, 16.0 ], "enabled": false },
    "east": { "texture": "#", "uv": [ 0.0, 0.0, 16.0, 16.0 ], "enabled": false },
    "south": { "texture": "#", "uv": [ 0.0, 0.0, 16.0, 16.0 ], "enabled": false },
    "west": { "texture": "#", "uv": [ 0.0, 0.0, 16.0, 16.0 ], "enabled": false },
    "up": { "texture": "#", "uv": [ 0.0, 0.0, 16.0, 16.0 ], "enabled": false },
    "down": { "texture": "#", "uv": [ 0.0, 0.0, 16.0, 16.0 ], "enabled": false }
   }
  }, {
  "name" : "NORTH81",
  "from": [ 0.658512, 41.747390, 0.000000 ],
  "to": [ 0.658512, 41.747390, 0.000000 ],
  "rotationOrigin": [ 0.658512, 41.747390, 0.000000 ],
  "rotationY": -0.000000,
  "rotationX": -0.000000,
  "rotationZ": 360.000129,
  "faces": {
    "north": { "texture": "#", "uv": [ 0.0, 0.0, 16.0, 16.0 ], "enabled": false },
    "east": { "texture": "#", "uv": [ 0.0, 0.0, 16.0, 16.0 ], "enabled": false },
    "south": { "texture": "#", "uv": [ 0.0, 0.0, 16.0, 16.0 ], "enabled": false },
    "west": { "texture": "#", "uv": [ 0.0, 0.0, 16.0, 16.0 ], "enabled": false },
    "up": { "texture": "#", "uv": [ 0.0, 0.0, 16.0, 16.0 ], "enabled": false },
    "down": { "texture": "#", "uv": [ 0.0, 0.0, 16.0, 16.0 ], "enabled": false }
   }
  },]  },]  },
]
}