{
	"editor": {
		"allAngles": true,
		"entityTextureMode": true
	},
	"textureWidth": 32,
	"textureHeight": 32,
	"textureSizes": {
		"bottom": [16,16],
		"skin": [32,32]
	},
	"textures": {
	},
	"elements": [
		{
			"name": "Rotation Point",
			"from": [ 0.0, 0.0, 0.0 ], 
			"to": [ 0.0, 0.0, 0.0 ], 
			"uv": [ 0.0, 0.0 ],
			"rotationOrigin": [ 0.0, 0.0, 0.0 ],
			"rotationZ": -90.0,
			"faces": {
				"north": { "texture": "#null", "uv": [ 0.0, 0.5, 0.5, 1.0 ], "enabled": false },
				"east": { "texture": "#null", "uv": [ 0.5, 0.5, 1.0, 1.0 ], "enabled": false },
				"south": { "texture": "#null", "uv": [ 1.0, 0.5, 1.5, 1.0 ], "enabled": false },
				"west": { "texture": "#null", "uv": [ 1.5, 0.5, 2.0, 1.0 ], "enabled": false },
				"up": { "texture": "#null", "uv": [ 0.0, 0.0, 0.5, 0.5 ], "enabled": false },
				"down": { "texture": "#null", "uv": [ 0.5, 0.0, 1.0, 0.5 ], "enabled": false }
			},
			"children": [
				{
					"name": "Base",
					"from": [ -16.0, 0.0, 8.0 ], 
					"to": [ -16.0, 0.0, 8.0 ], 
					"uv": [ 0.0, 0.0 ],
					"rotationOrigin": [ -16.0, 0.0, 8.0 ],
					"faces": {
						"north": { "texture": "#null", "uv": [ 0.0, 0.5, 0.5, 1.0 ], "enabled": false },
						"east": { "texture": "#null", "uv": [ 0.5, 0.5, 1.0, 1.0 ], "enabled": false },
						"south": { "texture": "#null", "uv": [ 1.0, 0.5, 1.5, 1.0 ], "enabled": false },
						"west": { "texture": "#null", "uv": [ 1.5, 0.5, 2.0, 1.0 ], "enabled": false },
						"up": { "texture": "#null", "uv": [ 0.0, 0.0, 0.5, 0.5 ], "enabled": false },
						"down": { "texture": "#null", "uv": [ 0.5, 0.0, 1.0, 0.5 ], "enabled": false }
					},
					"children": [
						{
							"name": "PeltBody",
							"from": [ 2.6, 0.0, -0.975 ], 
							"to": [ 5.2, 0.273, 0.975 ], 
							"unwrapMode": 5,
							"autoUnwrap": false,
							"uv": [ 0.0, 9.0 ],
							"rotationOrigin": [ 2.6, 0.0, -0.975 ],
							"faces": {
								"north": { "texture": "#skin", "uv": [ 10.0, 3.0, 14.0, 3.5 ], "rotation": 180, "windMode": [-1,-1,-1,-1] },
								"east": { "texture": "#skin", "uv": [ 6.5, 0.0, 7.0, 3.0 ], "rotation": 90, "windMode": [-1,-1,-1,-1] },
								"south": { "texture": "#skin", "uv": [ 3.0, 3.0, 7.0, 3.5 ], "windMode": [-1,-1,-1,-1] },
								"west": { "texture": "#skin", "uv": [ 3.0, 0.0, 3.5, 3.0 ], "rotation": 270, "windMode": [-1,-1,-1,-1] },
								"up": { "texture": "#skin", "uv": [ 3.0, 0.0, 7.0, 3.0 ], "windMode": [-1,-1,-1,-1] },
								"down": { "texture": "#bottom", "uv": [ 5.0, 8.5, 9.0, 11.5 ], "windMode": [-1,-1,-1,-1] }
							},
							"children": [
								{
									"name": "LBody",
									"from": [ 0.0, 0.0065, 1.495 ], 
									"to": [ 2.6, 0.2665, 3.77 ], 
									"unwrapMode": 5,
									"autoUnwrap": false,
									"uv": [ 0.0, 2.5 ],
									"rotationOrigin": [ 0.0, -0.0065, 1.495 ],
									"rotationY": -3.0,
									"faces": {
										"north": { "texture": "#null", "uv": [ 0.5, 2.5, 4.5, 3.0 ], "rotation": 180, "enabled": false },
										"east": { "texture": "#skin", "uv": [ 6.5, 3.0, 7.0, 6.5 ], "rotation": 90 },
										"south": { "texture": "#skin", "uv": [ 3.0, 6.5, 7.0, 7.0 ], "windMode": [-1,-1,-1,-1] },
										"west": { "texture": "#skin", "uv": [ 3.0, 3.0, 3.5, 6.5 ], "rotation": 270, "windMode": [-1,-1,-1,-1] },
										"up": { "texture": "#skin", "uv": [ 3.0, 3.0, 7.0, 6.5 ], "windMode": [-1,-1,-1,-1] },
										"down": { "texture": "#bottom", "uv": [ 4.5, 2.0, 8.5, 5.5 ] }
									},
									"children": [
										{
											"name": "LArm",
											"from": [ 0.0, 0.0065, 1.625 ], 
											"to": [ 0.65, 0.2535, 3.25 ], 
											"unwrapMode": 5,
											"autoUnwrap": false,
											"uv": [ 6.5, 18.0 ],
											"rotationOrigin": [ 0.0, 0.0065, 1.625 ],
											"rotationY": -30.0,
											"faces": {
												"north": { "texture": "#null", "uv": [ 7.0, 18.0, 8.0, 18.5 ], "rotation": 180, "enabled": false },
												"east": { "texture": "#skin", "uv": [ 8.0, 19.0, 8.5, 21.5 ], "rotation": 90 },
												"south": { "texture": "#skin", "uv": [ 7.0, 21.5, 8.0, 22.0 ], "windMode": [-1,-1,-1,-1] },
												"west": { "texture": "#skin", "uv": [ 6.5, 19.0, 7.0, 21.5 ], "rotation": 270, "windMode": [-1,-1,-1,-1] },
												"up": { "texture": "#skin", "uv": [ 7.0, 19.0, 8.0, 21.5 ], "windMode": [-1,-1,-1,-1] },
												"down": { "texture": "#bottom", "uv": [ 8.5, 11.0, 9.5, 13.5 ], "windMode": [-1,-1,-1,-1] }
											},
											"children": [
												{
													"name": "LArmLower",
													"from": [ 0.65, 0.0065, 0.0 ], 
													"to": [ 1.3, 0.2405, 1.625 ], 
													"unwrapMode": 5,
													"autoUnwrap": false,
													"uv": [ 8.0, 18.0 ],
													"rotationOrigin": [ 1.3, 0.0065, 0.0 ],
													"rotationY": -10.0,
													"faces": {
														"north": { "texture": "#null", "uv": [ 8.0, 18.0, 9.0, 18.5 ], "rotation": 180, "enabled": false },
														"east": { "texture": "#skin", "uv": [ 9.0, 19.0, 9.5, 21.5 ], "rotation": 90 },
														"south": { "texture": "#skin", "uv": [ 8.0, 21.0, 9.0, 21.5 ], "windMode": [-1,-1,-1,-1] },
														"west": { "texture": "#null", "uv": [ 8.0, 18.0, 8.5, 20.5 ], "rotation": 270, "enabled": false, "windMode": [-1,-1,-1,-1] },
														"up": { "texture": "#skin", "uv": [ 8.0, 19.0, 9.0, 21.5 ], "windMode": [-1,-1,-1,-1] },
														"down": { "texture": "#bottom", "uv": [ 9.5, 12.0, 10.5, 14.5 ], "windMode": [-1,-1,-1,-1] }
													}
												}
											]
										}
									]
								},
								{
									"name": "RBody",
									"from": [ 0.0, -0.2665, 0.455 ], 
									"to": [ 2.6, -0.0065, 2.73 ], 
									"unwrapMode": 6,
									"autoUnwrap": false,
									"uv": [ 0.0, 9.0 ],
									"rotationOrigin": [ 0.0, 0.0, 0.455 ],
									"rotationX": 180.0,
									"rotationY": -3.0,
									"faces": {
										"north": { "texture": "#null", "uv": [ 0.5, 9.0, 4.5, 9.5 ], "enabled": false, "windMode": [-1,-1,-1,-1] },
										"east": { "texture": "#skin", "uv": [ 10.0, 3.0, 10.5, 6.5 ], "rotation": 90 },
										"south": { "texture": "#skin", "uv": [ 10.0, 6.5, 14.0, 7.0 ], "rotation": 180, "windMode": [-1,-1,-1,-1] },
										"west": { "texture": "#skin", "uv": [ 13.5, 3.0, 14.0, 6.5 ], "rotation": 270, "windMode": [-1,-1,-1,-1] },
										"up": { "texture": "#bottom", "uv": [ 7.0, 6.0, 11.0, 9.5 ], "windMode": [-1,-1,-1,-1] },
										"down": { "texture": "#skin", "uv": [ 10.0, 3.0, 14.0, 6.5 ], "windMode": [-1,-1,-1,-1] }
									},
									"children": [
										{
											"name": "RArm",
											"from": [ 0.0, 0.0065, 1.625 ], 
											"to": [ 0.65, 0.2535, 3.25 ], 
											"unwrapMode": 6,
											"autoUnwrap": false,
											"uv": [ 4.0, 6.5 ],
											"rotationOrigin": [ 0.0, 0.2535, 1.625 ],
											"rotationY": -30.0,
											"faces": {
												"north": { "texture": "#null", "uv": [ 4.5, 6.5, 5.5, 7.0 ], "enabled": false },
												"east": { "texture": "#skin", "uv": [ 27.0, 23.0, 27.5, 25.5 ], "rotation": 90 },
												"south": { "texture": "#skin", "uv": [ 26.0, 25.5, 27.0, 26.0 ], "rotation": 180, "windMode": [-1,-1,-1,-1] },
												"west": { "texture": "#skin", "uv": [ 25.5, 23.0, 26.0, 25.5 ], "rotation": 270, "windMode": [-1,-1,-1,-1] },
												"up": { "texture": "#bottom", "uv": [ 6.0, 6.5, 7.0, 9.0 ], "windMode": [-1,-1,-1,-1] },
												"down": { "texture": "#skin", "uv": [ 26.0, 23.0, 27.0, 25.5 ], "windMode": [-1,-1,-1,-1] }
											},
											"children": [
												{
													"name": "RArmLower",
													"from": [ 0.65, 0.0065, 0.0 ], 
													"to": [ 1.3, 0.2405, 1.625 ], 
													"unwrapMode": 5,
													"autoUnwrap": false,
													"uv": [ 4.5, 6.5 ],
													"rotationOrigin": [ 1.3, 0.2405, 0.0 ],
													"rotationY": -10.0,
													"faces": {
														"north": { "texture": "#null", "uv": [ 4.5, 6.5, 5.5, 7.0 ], "rotation": 180, "enabled": false },
														"east": { "texture": "#skin", "uv": [ 28.0, 23.0, 28.5, 25.5 ], "rotation": 90, "windMode": [-1,-1,-1,-1] },
														"south": { "texture": "#skin", "uv": [ 27.5, 25.0, 28.5, 25.5 ], "windMode": [-1,-1,-1,-1] },
														"west": { "texture": "#null", "uv": [ 4.5, 6.5, 5.0, 9.0 ], "rotation": 270, "enabled": false },
														"up": { "texture": "#bottom", "uv": [ 4.5, 6.5, 5.5, 9.0 ], "windMode": [-1,-1,-1,-1] },
														"down": { "texture": "#skin", "uv": [ 27.5, 23.0, 28.5, 25.5 ], "windMode": [-1,-1,-1,-1] }
													}
												}
											]
										}
									]
								},
								{
									"name": "PeltAbdomen",
									"from": [ 2.5935, 0.0065, 0.1625 ], 
									"to": [ 5.5185, 0.2665, 1.7875 ], 
									"unwrapMode": 5,
									"autoUnwrap": false,
									"uv": [ 0.0, 0.0 ],
									"rotationOrigin": [ 2.6, 0.0065, 0.1625 ],
									"faces": {
										"north": { "texture": "#skin", "uv": [ 21.0, 2.5, 25.5, 3.0 ], "rotation": 180 },
										"east": { "texture": "#skin", "uv": [ 18.0, 0.0, 18.5, 2.5 ], "rotation": 90, "windMode": [-1,-1,-1,-1] },
										"south": { "texture": "#skin", "uv": [ 14.0, 2.5, 18.5, 3.0 ], "windMode": [-1,-1,-1,-1] },
										"west": { "texture": "#null", "uv": [ 0.0, 0.5, 0.5, 3.0 ], "rotation": 270, "enabled": false, "windMode": [-1,-1,-1,-1] },
										"up": { "texture": "#skin", "uv": [ 14.0, 0.0, 18.5, 2.5 ], "windMode": [-1,-1,-1,-1] },
										"down": { "texture": "#bottom", "uv": [ 3.0, 2.5, 7.5, 5.0 ] }
									},
									"children": [
										{
											"name": "LAbdomen",
											"from": [ 0.0, 0.0065, 1.3 ], 
											"to": [ 2.925, 0.2535, 3.705 ], 
											"unwrapMode": 5,
											"autoUnwrap": false,
											"uv": [ 0.0, 10.5 ],
											"rotationOrigin": [ 0.0, 0.0065, 1.3 ],
											"rotationY": -3.0,
											"faces": {
												"north": { "texture": "#null", "uv": [ 0.5, 10.5, 5.0, 11.0 ], "rotation": 180, "enabled": false },
												"east": { "texture": "#skin", "uv": [ 18.0, 2.5, 18.5, 6.0 ], "rotation": 90 },
												"south": { "texture": "#skin", "uv": [ 14.0, 5.5, 18.5, 6.0 ], "windMode": [-1,-1,-1,-1] },
												"west": { "texture": "#skin", "uv": [ 14.0, 2.5, 14.5, 6.0 ], "rotation": 270, "windMode": [-1,-1,-1,-1] },
												"up": { "texture": "#skin", "uv": [ 14.0, 2.5, 18.5, 6.0 ], "windMode": [-1,-1,-1,-1] },
												"down": { "texture": "#bottom", "uv": [ 6.0, 8.0, 10.5, 11.5 ], "windMode": [-1,-1,-1,-1] }
											},
											"children": [
												{
													"name": "LLeg",
													"from": [ 1.3, 0.0065, 2.405 ], 
													"to": [ 2.6, 0.2405, 4.355 ], 
													"unwrapMode": 5,
													"autoUnwrap": false,
													"uv": [ 10.0, 4.5 ],
													"rotationOrigin": [ 1.3, 0.0065, 2.405 ],
													"rotationY": 72.0,
													"faces": {
														"north": { "texture": "#null", "uv": [ 10.5, 4.5, 12.5, 5.0 ], "rotation": 180, "enabled": false },
														"east": { "texture": "#skin", "uv": [ 3.0, 19.0, 3.5, 22.0 ], "rotation": 90 },
														"south": { "texture": "#skin", "uv": [ 1.0, 22.0, 3.0, 22.5 ], "windMode": [-1,-1,-1,-1] },
														"west": { "texture": "#skin", "uv": [ 0.5, 19.0, 1.0, 22.0 ], "rotation": 270, "windMode": [-1,-1,-1,-1] },
														"up": { "texture": "#skin", "uv": [ 1.0, 19.0, 3.0, 22.0 ], "windMode": [-1,-1,-1,-1] },
														"down": { "texture": "#bottom", "uv": [ 13.0, 4.5, 15.0, 7.5 ], "windMode": [-1,-1,-1,-1] }
													},
													"children": [
														{
															"name": "LLegEnd",
															"from": [ 0.065, -0.0065, 1.625 ], 
															"to": [ 0.845, 0.2405, 3.25 ], 
															"unwrapMode": 5,
															"autoUnwrap": false,
															"uv": [ 4.5, 7.5 ],
															"rotationOrigin": [ 0.715, -0.0065, 1.625 ],
															"rotationY": -14.0,
															"faces": {
																"north": { "texture": "#skin", "uv": [ 3.5, 22.0, 4.5, 22.5 ], "rotation": 180 },
																"east": { "texture": "#skin", "uv": [ 4.5, 22.5, 5.0, 25.0 ], "rotation": 90, "windMode": [-1,-1,-1,-1] },
																"south": { "texture": "#skin", "uv": [ 3.5, 25.0, 4.5, 25.5 ], "windMode": [-1,-1,-1,-1] },
																"west": { "texture": "#skin", "uv": [ 3.0, 22.5, 3.5, 25.0 ], "rotation": 270, "windMode": [-1,-1,-1,-1] },
																"up": { "texture": "#skin", "uv": [ 3.5, 22.5, 4.5, 25.0 ], "windMode": [-1,-1,-1,-1] },
																"down": { "texture": "#bottom", "uv": [ 6.5, 8.0, 7.5, 10.5 ], "windMode": [-1,-1,-1,-1] }
															}
														}
													]
												},
												{
													"name": "LLegLower",
													"from": [ 1.95, 0.013, -0.13 ], 
													"to": [ 2.925, 0.234, 1.82 ], 
													"unwrapMode": 5,
													"autoUnwrap": false,
													"uv": [ 0.5, 6.0 ],
													"rotationOrigin": [ 2.925, 0.013, -0.13 ],
													"rotationY": 16.0,
													"faces": {
														"north": { "texture": "#null", "uv": [ 0.5, 6.0, 2.0, 6.5 ], "rotation": 180, "enabled": false },
														"east": { "texture": "#skin", "uv": [ 5.0, 19.0, 5.5, 22.0 ], "rotation": 90 },
														"south": { "texture": "#null", "uv": [ 0.5, 9.0, 2.0, 9.5 ], "enabled": false },
														"west": { "texture": "#null", "uv": [ 0.5, 6.0, 1.0, 9.0 ], "rotation": 270, "enabled": false },
														"up": { "texture": "#skin", "uv": [ 3.5, 19.0, 5.0, 22.0 ], "windMode": [-1,-1,-1,-1] },
														"down": { "texture": "#bottom", "uv": [ 2.5, 6.0, 4.0, 9.0 ], "windMode": [-1,-1,-1,-1] }
													}
												}
											]
										},
										{
											"name": "RAbdomen",
											"from": [ 0.0, -0.2405, 0.325 ], 
											"to": [ 2.925, 0.0065, 2.73 ], 
											"unwrapMode": 5,
											"autoUnwrap": false,
											"uv": [ -0.5, 4.5 ],
											"rotationOrigin": [ 0.0, 0.0065, 0.325 ],
											"rotationX": 180.0,
											"rotationY": -3.0,
											"faces": {
												"north": { "texture": "#null", "uv": [ 0.0, 4.5, 4.5, 5.0 ], "rotation": 180, "enabled": false },
												"east": { "texture": "#skin", "uv": [ 21.0, 2.5, 21.5, 6.0 ], "rotation": 90 },
												"south": { "texture": "#skin", "uv": [ 21.0, 5.5, 25.5, 6.0 ], "windMode": [-1,-1,-1,-1] },
												"west": { "texture": "#skin", "uv": [ 25.0, 2.5, 25.5, 6.0 ], "rotation": 270, "windMode": [-1,-1,-1,-1] },
												"up": { "texture": "#bottom", "uv": [ 0.0, 5.0, 4.5, 8.5 ], "windMode": [-1,-1,-1,-1] },
												"down": { "texture": "#skin", "uv": [ 21.0, 2.5, 25.5, 6.0 ], "windMode": [-1,-1,-1,-1] }
											},
											"children": [
												{
													"name": "RLeg",
													"from": [ 1.3, 0.0065, 2.405 ], 
													"to": [ 2.6, 0.2405, 4.355 ], 
													"unwrapMode": 5,
													"autoUnwrap": false,
													"uv": [ 1.0, 5.5 ],
													"rotationOrigin": [ 1.3, 0.2405, 2.405 ],
													"rotationY": 72.0,
													"faces": {
														"north": { "texture": "#null", "uv": [ 1.5, 5.5, 3.5, 6.0 ], "rotation": 180, "enabled": false },
														"east": { "texture": "#skin", "uv": [ 11.5, 22.5, 12.0, 25.5 ], "rotation": 90 },
														"south": { "texture": "#skin", "uv": [ 12.0, 25.5, 14.0, 26.0 ], "windMode": [-1,-1,-1,-1] },
														"west": { "texture": "#skin", "uv": [ 14.0, 22.5, 14.5, 25.5 ], "rotation": 270, "windMode": [-1,-1,-1,-1] },
														"up": { "texture": "#bottom", "uv": [ 1.5, 5.5, 3.5, 8.5 ], "windMode": [-1,-1,-1,-1] },
														"down": { "texture": "#skin", "uv": [ 12.0, 22.5, 14.0, 25.5 ], "windMode": [-1,-1,-1,-1] }
													},
													"children": [
														{
															"name": "RLegEnd",
															"from": [ 0.0, -0.0065, 1.625 ], 
															"to": [ 0.78, 0.2405, 3.25 ], 
															"unwrapMode": 5,
															"autoUnwrap": false,
															"uv": [ 0.0, 9.0 ],
															"rotationOrigin": [ 0.65, 0.247, 1.625 ],
															"rotationY": -14.0,
															"faces": {
																"north": { "texture": "#skin", "uv": [ 14.5, 25.5, 15.5, 26.0 ], "rotation": 180 },
																"east": { "texture": "#skin", "uv": [ 15.5, 26.0, 16.0, 28.5 ], "rotation": 90, "windMode": [-1,-1,-1,-1] },
																"south": { "texture": "#skin", "uv": [ 14.5, 28.5, 15.5, 29.0 ], "windMode": [-1,-1,-1,-1] },
																"west": { "texture": "#skin", "uv": [ 14.0, 26.0, 14.5, 28.5 ], "rotation": 270, "windMode": [-1,-1,-1,-1] },
																"up": { "texture": "#bottom", "uv": [ 0.5, 9.5, 1.5, 12.0 ], "windMode": [-1,-1,-1,-1] },
																"down": { "texture": "#skin", "uv": [ 14.5, 26.0, 15.5, 28.5 ], "windMode": [-1,-1,-1,-1] }
															}
														}
													]
												},
												{
													"name": "RLegLower",
													"from": [ 1.95, 0.013, 0.0 ], 
													"to": [ 2.925, 0.234, 1.95 ], 
													"unwrapMode": 5,
													"autoUnwrap": false,
													"uv": [ 12.0, 4.0 ],
													"rotationOrigin": [ 2.925, 0.234, 0.0 ],
													"rotationY": 16.0,
													"faces": {
														"north": { "texture": "#null", "uv": [ 12.0, 4.0, 13.5, 4.5 ], "rotation": 180, "enabled": false },
														"east": { "texture": "#skin", "uv": [ 16.0, 22.5, 16.5, 25.5 ], "rotation": 90, "windMode": [-1,-1,-1,-1] },
														"south": { "texture": "#null", "uv": [ 12.0, 7.0, 13.5, 7.5 ], "enabled": false },
														"west": { "texture": "#null", "uv": [ 12.0, 4.0, 12.5, 7.0 ], "rotation": 270, "enabled": false },
														"up": { "texture": "#bottom", "uv": [ 12.0, 4.0, 13.5, 7.0 ], "windMode": [-1,-1,-1,-1] },
														"down": { "texture": "#skin", "uv": [ 14.5, 22.5, 16.0, 25.5 ], "windMode": [-1,-1,-1,-1] }
													}
												}
											]
										},
										{
											"name": "PeltTail",
											"from": [ 2.925, 0.0065, 0.1625 ], 
											"to": [ 4.875, 0.3315, 1.4625 ], 
											"autoUnwrap": false,
											"uv": [ 4.0, 4.0 ],
											"rotationOrigin": [ 2.925, 0.0065, 0.1625 ],
											"faces": {
												"north": { "texture": "#skin", "uv": [ 23.5, 8.5, 26.5, 9.0 ] },
												"east": { "texture": "#skin", "uv": [ 21.5, 8.5, 23.5, 9.0 ], "windMode": [-1,-1,-1,-1] },
												"south": { "texture": "#skin", "uv": [ 18.5, 8.5, 21.5, 9.0 ], "windMode": [-1,-1,-1,-1] },
												"west": { "texture": "#skin", "uv": [ 16.5, 8.5, 18.5, 9.0 ], "windMode": [-1,-1,-1,-1] },
												"up": { "texture": "#skin", "uv": [ 18.5, 6.5, 21.5, 8.5 ], "windMode": [-1,-1,-1,-1] },
												"down": { "texture": "#skin", "uv": [ 18.5, 11.0, 21.5, 13.0 ], "windMode": [-1,-1,-1,-1] }
											},
											"children": [
												{
													"name": "PeltTailMid",
													"from": [ 1.625, -0.0065, -0.195 ], 
													"to": [ 3.575, 0.507, 1.495 ], 
													"autoUnwrap": false,
													"uv": [ 29.0, 10.5 ],
													"rotationOrigin": [ 1.625, -0.0065, -0.195 ],
													"faces": {
														"north": { "texture": "#skin", "uv": [ 29.0, 13.5, 32.0, 14.0 ] },
														"east": { "texture": "#skin", "uv": [ 26.5, 13.5, 29.0, 14.0 ], "windMode": [-1,-1,-1,-1] },
														"south": { "texture": "#skin", "uv": [ 23.5, 13.5, 26.5, 14.0 ], "windMode": [-1,-1,-1,-1] },
														"west": { "texture": "#skin", "uv": [ 21.0, 13.5, 23.5, 14.0 ], "windMode": [-1,-1,-1,-1] },
														"up": { "texture": "#skin", "uv": [ 23.5, 11.0, 26.5, 13.5 ], "windMode": [-1,-1,-1,-1] },
														"down": { "texture": "#skin", "uv": [ 23.5, 16.5, 26.5, 19.0 ], "windMode": [-1,-1,-1,-1] }
													},
													"children": [
														{
															"name": "PeltTailEnd",
															"from": [ 1.755, 0.0, 0.065 ], 
															"to": [ 4.03, 0.39, 1.625 ], 
															"autoUnwrap": false,
															"uv": [ 4.5, 4.5 ],
															"rotationOrigin": [ 1.755, 0.0, 0.065 ],
															"faces": {
																"north": { "texture": "#skin", "uv": [ 16.5, 16.5, 20.0, 17.0 ] },
																"east": { "texture": "#skin", "uv": [ 14.5, 16.5, 16.5, 17.0 ], "windMode": [-1,-1,-1,-1] },
																"south": { "texture": "#skin", "uv": [ 11.0, 16.5, 14.5, 17.0 ], "windMode": [-1,-1,-1,-1] },
																"west": { "texture": "#skin", "uv": [ 9.0, 16.5, 11.0, 17.0 ], "windMode": [-1,-1,-1,-1] },
																"up": { "texture": "#skin", "uv": [ 11.0, 14.5, 14.5, 16.5 ], "windMode": [-1,-1,-1,-1] },
																"down": { "texture": "#skin", "uv": [ 11.0, 18.5, 14.5, 20.5 ], "rotation": 180, "windMode": [-1,-1,-1,-1] }
															}
														}
													]
												}
											]
										}
									]
								},
								{
									"name": "Neck",
									"from": [ -1.625, 0.0, 0.325 ], 
									"to": [ 0.0, 0.286, 1.625 ], 
									"autoUnwrap": false,
									"uv": [ 3.0, 2.0 ],
									"rotationOrigin": [ 0.0, 0.0, 0.325 ],
									"faces": {
										"north": { "texture": "#skin", "uv": [ 12.5, 9.5, 15.0, 10.0 ] },
										"east": { "texture": "#skin", "uv": [ 6.0, 4.0, 8.0, 4.5 ], "enabled": false, "windMode": [-1,-1,-1,-1] },
										"south": { "texture": "#skin", "uv": [ 10.0, 9.5, 12.5, 10.0 ], "windMode": [-1,-1,-1,-1] },
										"west": { "texture": "#skin", "uv": [ 8.0, 9.5, 10.0, 10.0 ], "windMode": [-1,-1,-1,-1] },
										"up": { "texture": "#skin", "uv": [ 10.0, 7.5, 12.5, 9.5 ], "windMode": [-1,-1,-1,-1] },
										"down": { "texture": "#bottom", "uv": [ 6.0, 2.0, 8.5, 4.0 ] }
									},
									"children": [
										{
											"name": "RNeck",
											"from": [ 0.325, -0.234, -1.3 ], 
											"to": [ 1.95, 0.013, 0.65 ], 
											"unwrapMode": 6,
											"autoUnwrap": false,
											"uv": [ 8.0, 11.0 ],
											"rotationOrigin": [ 2.275, 0.013, 0.65 ],
											"rotationX": -180.0,
											"rotationY": 75.0,
											"faces": {
												"north": { "texture": "#skin", "uv": [ 12.5, 12.0, 15.0, 12.5 ] },
												"east": { "texture": "#null", "uv": [ 8.0, 11.5, 8.5, 14.5 ], "rotation": 90, "enabled": false, "windMode": [-1,-1,-1,-1] },
												"south": { "texture": "#skin", "uv": [ 12.0, 9.0, 14.5, 9.5 ], "rotation": 180, "enabled": false, "windMode": [-1,-1,-1,-1] },
												"west": { "texture": "#skin", "uv": [ 14.5, 9.5, 15.0, 12.5 ], "rotation": 270, "windMode": [-1,-1,-1,-1] },
												"up": { "texture": "#bottom", "uv": [ 11.5, 11.5, 14.0, 14.5 ], "windMode": [-1,-1,-1,-1] },
												"down": { "texture": "#skin", "uv": [ 12.5, 9.5, 15.0, 12.5 ], "windMode": [-1,-1,-1,-1] }
											}
										},
										{
											"name": "LNeck",
											"from": [ 0.325, 0.013, -1.3 ], 
											"to": [ 1.95, 0.26, 0.65 ], 
											"unwrapMode": 5,
											"autoUnwrap": false,
											"uv": [ 6.0, 10.5 ],
											"rotationOrigin": [ 2.275, 0.013, 0.65 ],
											"rotationY": 75.0,
											"faces": {
												"north": { "texture": "#skin", "uv": [ 10.0, 12.0, 12.5, 12.5 ], "rotation": 180 },
												"east": { "texture": "#null", "uv": [ 9.5, 11.0, 10.0, 14.0 ], "rotation": 90, "enabled": false, "windMode": [-1,-1,-1,-1] },
												"south": { "texture": "#skin", "uv": [ 9.0, 11.5, 11.5, 12.0 ], "enabled": false, "windMode": [-1,-1,-1,-1] },
												"west": { "texture": "#skin", "uv": [ 10.0, 9.5, 10.5, 12.5 ], "rotation": 270, "windMode": [-1,-1,-1,-1] },
												"up": { "texture": "#skin", "uv": [ 10.0, 9.5, 12.5, 12.5 ], "windMode": [-1,-1,-1,-1] },
												"down": { "texture": "#bottom", "uv": [ 9.5, 11.0, 12.0, 14.0 ], "windMode": [-1,-1,-1,-1] }
											}
										},
										{
											"name": "Head",
											"from": [ -1.3, 0.0, -0.1625 ], 
											"to": [ 0.325, 0.2925, 1.4625 ], 
											"autoUnwrap": false,
											"uv": [ 4.5, 3.5 ],
											"rotationOrigin": [ 0.26, 0.0, -0.1625 ],
											"faces": {
												"north": { "texture": "#skin", "uv": [ 2.0, 12.5, 2.5, 15.0 ], "rotation": 270 },
												"east": { "texture": "#skin", "uv": [ 2.5, 12.0, 5.0, 12.5 ], "windMode": [-1,-1,-1,-1] },
												"south": { "texture": "#skin", "uv": [ 5.0, 12.5, 5.5, 15.0 ], "rotation": 90, "windMode": [-1,-1,-1,-1] },
												"west": { "texture": "#skin", "uv": [ 2.5, 15.0, 5.0, 15.5 ], "windMode": [-1,-1,-1,-1] },
												"up": { "texture": "#skin", "uv": [ 2.5, 12.5, 5.0, 15.0 ], "rotation": 90, "windMode": [-1,-1,-1,-1] },
												"down": { "texture": "#bottom", "uv": [ 7.5, 3.5, 10.0, 6.0 ] }
											},
											"children": [
												{
													"name": "Snout",
													"from": [ -0.91, 0.0, 0.5525 ], 
													"to": [ 0.39, 0.26, 1.0725 ], 
													"autoUnwrap": false,
													"uv": [ 1.5, 2.0 ],
													"rotationOrigin": [ 0.065, 0.0, 0.5525 ],
													"faces": {
														"north": { "texture": "#skin", "uv": [ 7.0, 7.0, 7.5, 9.0 ], "rotation": 270 },
														"east": { "texture": "#skin", "uv": [ 3.0, 2.5, 3.5, 3.0 ], "enabled": false, "windMode": [-1,-1,-1,-1] },
														"south": { "texture": "#skin", "uv": [ 8.0, 7.0, 8.5, 9.0 ], "rotation": 90, "windMode": [-1,-1,-1,-1] },
														"west": { "texture": "#skin", "uv": [ 7.5, 9.0, 8.0, 9.5 ], "windMode": [-1,-1,-1,-1] },
														"up": { "texture": "#skin", "uv": [ 7.5, 7.0, 8.0, 9.0 ], "rotation": 90, "windMode": [-1,-1,-1,-1] },
														"down": { "texture": "#bottom", "uv": [ 3.0, 2.0, 5.0, 2.5 ] }
													},
													"children": [
														{
															"name": "Nose",
															"from": [ -0.0065, 0.0975, 0.1625 ], 
															"to": [ 0.2535, 0.2925, 0.3575 ], 
															"unwrapMode": 3,
															"autoUnwrap": false,
															"uv": [ 5.0, 10.0 ],
															"rotationOrigin": [ 0.0, 0.0975, 0.1625 ],
															"faces": {
																"north": { "texture": "#skin", "uv": [ 6.5, 10.5, 7.0, 11.0 ] },
																"east": { "texture": "#skin", "uv": [ 6.0, 10.5, 6.5, 11.0 ], "windMode": [-1,-1,-1,-1] },
																"south": { "texture": "#skin", "uv": [ 5.5, 10.5, 6.0, 11.0 ], "windMode": [-1,-1,-1,-1] },
																"west": { "texture": "#skin", "uv": [ 5.0, 10.5, 5.5, 11.0 ], "windMode": [-1,-1,-1,-1] },
																"up": { "texture": "#skin", "uv": [ 5.5, 10.0, 6.0, 10.5 ], "windMode": [-1,-1,-1,-1] },
																"down": { "texture": "#skin", "uv": [ 5.5, 11.0, 6.0, 11.5 ], "rotation": 180, "windMode": [-1,-1,-1,-1] }
															}
														}
													]
												}
											]
										}
									]
								}
							]
						}
					]
				}
			]
		}
	]}