{"GameVersion":"1.18.0","SizeX":9,"SizeY":6,"SizeZ":5,"BlockCodes":{"9672":"game:planks-oak-we","9702":"game:supportbeam-oak","1972":"game:flower-lupine-white-free","7279":"game:planks-oak-ns","8206":"game:genericwood","4070":"game:crystal-amethyst-small3-up","8606":"game:clutter","456":"game:chiseledblock","615":"game:flowerpot-amber","8441":"game:wagonwheels-spoked-south","8433":"game:wagonwheels-spoked-north","898":"game:glasspane-leaded-oak-ew","885":"game:glasspane-leaded-oak-ns","10988":"game:displaycase-aged4","10310":"game:bookshelf","8614":"game:meta-spawner","8372":"game:toolrack-north","642":"game:oillamp-west","8611":"game:meta-filler","8618":"game:stationarybasket-north","839":"game:wallpaper-darkpurple"},"ItemCodes":{"717":"game:crystalizedore-rich-nativecopper-slate","3058":"game:book-rotten-gray","3054":"game:book-aged-darkbeige","3045":"game:book-normal-purpleorange","1743":"game:spear-scrap-scrap","1554":"game:axe-scrap-scrap"},"Indices":[1049600,2098176,2100224,3146752,3148800,4195328,4197376,5243904,5245952,1025,2049,3073,1049601,1050625,1051649,2098177,3146753,3148801,4194305,4195329,4196353,4197377,4198401,5243905,5244929,5245953,2,1026,2050,3074,4098,1049602,1050626,1051650,2097154,2098178,2099202,2100226,2101250,3146754,3147778,3148802,4194306,4195330,4196354,4197378,4198402,5243906,5244930,5245954,1049603,1050627,1051651,2098179,2099203,2100227,3146755,3147779,3148803,4194307,4195331,4196355,4197379,4198403,5243907,5244931,5245955,1049604,1050628,1051652,2098180,2099204,2100228,3146756,3147780,3148804,4194308,4195332,4196356,4197380,4198404,5243908,5244932,5245956,1049605,1050629,1051653,2097157,2098181,2099205,2100229,2101253,3146757,3147781,3148805,4194309,4195333,4196357,4197381,4198405,5243909,5244933,5245957,6,1030,2054,3078,4102,1049606,1050630,1051654,2097158,2098182,2099206,2100230,2101254,3146758,3147782,3148806,4194310,4195334,4196358,4197382,4198406,5243910,5244934,5245958,1031,2055,3079,1049607,1051655,2098183,2100231,3146759,3148807,4194311,4195335,4197383,4198407,5243911,5244935,5245959,2100232,3146760,3148808,4195336,4197384,5243912,5245960],"BlockIds":[8606,8606,8606,8606,8606,8606,8606,8606,8606,456,456,456,8606,9702,615,9702,456,456,456,456,9702,456,456,456,456,456,8441,456,456,456,8433,456,9672,456,9702,7279,898,9672,9702,7279,898,7279,456,7279,7279,7279,456,456,456,456,456,7279,456,456,8606,456,885,10988,885,456,9672,10310,7279,456,456,456,456,456,7279,456,456,8606,456,885,8606,885,456,9672,8606,7279,456,456,456,456,456,456,456,9702,9672,8614,7279,9702,9672,8372,9672,456,9672,642,7279,456,456,456,456,8441,456,456,456,8433,456,456,456,9702,9672,8611,7279,9702,9672,456,7279,456,9672,456,7279,456,456,456,456,456,456,456,8606,8618,9702,9702,456,456,456,456,456,456,456,456,456,8606,8606,8606,8606,8606,8606,8606],"DecorIndices":[2098178,2100226,3146754,3148802,2098181,2100229,3146757,3148805],"DecorIds":[839,33555271,839,33555271,839,33555271,839,33555271],"BlockEntities":{"1049600":"!<d@[F*K:P#64c-E,TfC\"98E%!<d@[F*](X#64o6@VfsmCI<#NAHu^]F`__:EWlSfH#R=5@UX.lATBADF`)#(EbAr8Eb/c5@W-@1Df#U^Ec6&.FCePS!!!!%$#O6pBL-NKCh;?3ahIr`Ec6&.FCeVU!!!!*$\"ImiCh7*uARkc@","2098176":"!<d@[F*K:P#64c-E,TfC\"TSN&!<d@[F*](X#64o6@VfsmCI<#NAHu^]F`__:EWlSfH#R=6@UX.lATBADF`)#(EbAr8Eb/c5F(K!$ASuSm#BFa)@<?'_z\":8pVF(djWB5D/6&';Qh#BFa)@<?'az#mk*[Ci!ZmFCet_!!","2100224":"!<d@[F*K:P#64c-E,TfC\"TSN&!<d@[F*].Z#64o6@VfsmCI<#NAHu^]F`__:EWlSfH#R=5@UX.lATBADF`)#(EbAr8Eb/c5@W-@1Df#U^Ec6&.FCePS!!!!%$#O6pBL-NKCh;?3ahIr`Ec6&.FCeVU!!!!*$\"ImiCh7*uARkc@","3146752":"!<d@[F*K:P#64c-E,TfC\"onW'!<d@[F*](X#64o6@VfsmCI<#NAHu^]F`__:EWlSfH#R=6@UX.lATBADF`)#(EbAr8Eb/c5F(K!$ASuSm#BFa)@<?'_z\":8pVF(djWB5D/6&';Qh#BFa)@<?'az#mk*[Ci!ZmFCet_!!","3148800":"!<d@[F*K:P#64c-E,TfC\"onW'!<d@[F*].Z#64o6@VfsmCI<#NAHu^]F`__:EWlSfH#R=6@UX.lATBADF`)#(EbAr8Eb/c5F(K!$ASuSm#BFa)@<?'_z\":8pVF(djWB5D/6&';Qh#BFa)@<?'az#mk*[Ci!ZmFCet_!!","4195328":"!<d@[F*K:P#64c-E,TfC#64`(!<d@[F*](X#64o6@VfsmCI<#NAHu^]F`__:EWlSfH#R=6@UX.lATBADF`)#(EbAr8Eb/c5F(K!$ASuSm#BFa)@<?'_z\":8pVF(djWB5D/6&';Qh#BFa)@<?'az#mk*[Ci!ZmFCet_!!","4197376":"!<d@[F*K:P#64c-E,TfC#64`(!<d@[F*].Z#64o6@VfsmCI<#NAHu^]F`__:EWlSfH#R=6@UX.lATBADF`)#(EbAr8Eb/c5F(K!$ASuSm#BFa)@<?'_z\":8pVF(djWB5D/6&';Qh#BFa)@<?'az#mk*[Ci!ZmFCet_!!","5243904":"!<d@[F*K:P#64c-E,TfC#QOi)!<d@[F*](X#64o6@VfsmCI<#NAHu^]F`__:EWlSfH#R=2@UX.lATBADF`)#(EbAr8Eb/c5FDl+$#BFa)@<?'_z\":8pVF(djWB5D/6&';Qh#BFa)@<?'az#mk*[Ci!ZmFCet_!!","5245952":"!<d@[F*K:P#64c-E,TfC#QOi)!<d@[F*].Z#64o6@VfsmCI<#NAHu^]F`__:EWlSfH#R=2@UX.lATBADF`)#(EbAr8Eb/c5FDl+$#BFa)@<?'_z\":8pVF(djWB5D/6&';Qh#BFa)@<?'az#mk*[Ci!ZmFCet_!!","1025":"!<d@[F*K=Q#64c-E,TfC!rr<$!<d@[F*](X#64o6@VfsmCI<#NAIW-_Bldj%ARo7dDe!Pj$#O*mATDKnCi]UW!!((d!!!$*Ec6&.FD5Z2!2'Jq$O:0a@W,skErc7@!9!AH!!ipCD/\")jBk1d@DZKh<#RPQdA7\\\\XCh[D\\!\"]DHF(o/r6#:CVF*(?!Ch[D\\!\"];?@VfsmCJJ;TAI;4ACERS4@;]k%$Q!5p@;0OP@<?($BjkgTF^]00Bln'#Erc7@!!!Q1!!!","2049":"!<d@[F*K=Q#64c-E,TfC!rr<$!<d@[F*]+Y#64o6@VfsmCI<#NAIW-_Bldj%ARo7dDe!Pj$#O*mATDKnCi]UW!!((d!!!$*Ec6&.FD5Z2!2'Jq$O:0a@W,skErc7@!9!AH!!ipCD/\")jBk1d@DZKh<#RPQdA7\\\\XCh[D\\!\"]DHF(o/r6#:CVF*(?!Ch[D\\!\"];?@VfsmCJJ;TAI;4ACERS4@;]k%$Q!5p@;0OP@<?($BjkgTF^]00Bln'#Erc7@!!!Q1!!!","3073":"!<d@[F*K=Q#64c-E,TfC!rr<$!<d@[F*].Z#64o6@VfsmCI<#NAIW-_Bldj%ARo7dDe!Pj$#O*mATDKnCi]UW!!((d!!!$*Ec6&.FD5Z2!2'Jq$O:0a@W,skErc7@!9!AH!!ipCD/\")jBk1d@DZKh<#RPQdA7\\\\XCh[D\\!\"]DHF(o/r6#:CVF*(?!Ch[D\\!\"];?@VfsmCJJ;TAI;4ACERS4@;]k%$Q!5p@;0OP@<?($BjkgTF^]00Bln'#Erc7@!!!Q1!!!","1049601":"!<d@[F*K=Q#64c-E,TfC\"98E%!<d@[F*](X#64o6@VfsmCI<#NAHu^]F`__:EWlSfH#R=)B6%^(A8,po/TZ#PDIiqUEc6&.FCePS!!!!%$#O6pBL-NKCh;?38\\YB5Ec6&.FCeVU!!!!*$\"ImiCh7*uARkc@","1050625":"!<d@[F*K=Q#64c-E,TfC\"98E%!<d@[F*]+Y#64o6@VfsmCI<#NAIij)E,]`9FCJfiD(T[7CBt)QARTFs,QJ/q$4dRG!.[9K!!%O6*<6(i58\";4!!%O6*WQ.h58`NU+9MT","1051649":"!<d@[F*K=Q#64c-E,TfC\"98E%!<d@[F*].Z#64o6@VfsmCI<#NAIiBhDg,c5E,ThM@;TIbEWuhaDK]T/FDl2F!=!ObCi=E:!<<*\"\"pK'aDfg%*!AFKR!!!#+#64`)z!!!-.D.Rd%6#L=OA`2r/^]4","2098177":"!<d@[F*K=Q#64c-E,TfC\"TSN&!<d@[F*](X#64o6@VfsmCI<#NAIij)E,]`9FCJfiD(T[7CBt)QARTFs*rlWg$3^k=!.[9H%h8O<Im4\\.bm^s\"!!#8L)!4I6!rr","3146753":"!<d@[F*K=Q#64c-E,TfC\"onW'!<d@[F*](X#64o6@VfsmCI<#NAIW-_Bldj%ARo7dDe!Pg\"_)%OD0%-+$7?/k%0-BY58=.uJ3P%S!.[9H%h/L=J3ObK!._g)rVq@3)!4I6!t,KXDJs`/F^f9'A9.bO!!)rd56)''B6%p5DIc[`Dg+Qk@W,skErl=A!!'7m!\"AMh!\"0*M@<?($Bjkh!!<<*\"a<^fd!=3^aFCB9*Df,QJ\"TSo8@s)7!Bk28d!!!\"Xn36m_n2C=Q$>\"'gFAlmaAO158!!!92F(o/r;f?JdA,uZ1#S1ujA7\\&CD/XK;;f?JdA,uZ1\"USXSDe!QX@;TQ_:LS#]E,8s#CNBk\"@<Q'nCe\\>[ATDKnCf,=`DKKT7Bk;>dz&-)\\1","3148801":"!<d@[F*K=Q#64c-E,TfC\"onW'!<d@[F*].Z#64o6@VfsmCI<#NAIW-_Bldj%ARo7dDe!Pg\"_)%OD0$s&$6ffa%0-BY58=.uJ3OYW%0-BY58=.uJA3*W]fWS<k\"?g!$OLZYFCfK,@;Kuc!!!#?,ldoG#]aj*@<?4%D?-=5!\"0$AF^f9'A9.eP!!%uUrr<Q,pAbI+ASl.';e]cR6#Qc(!!imPBk1dRDes,u!<<**%s)GqAO1-LDf^#!Des,u!<<*'$\"@^h@r\"hJD.O&M@;@!)Cgh3sEsidmG%#*$9jr-TEbSru;0?;bFD5i2ATIkP!!!!1!!!!","4194305":"!<d@[F*K=Q#64c-E,TfC#64`(!<d@[F*]%W#64o6@VfsmCI<#NAIW-_Bldj%ARo7dDe!Pj$#O*mATDKnCi]UW!!((d!!!$*Ec6&.FD5Z2!71cI$O:0a@W,skEs;UE!!)L'!'p*8!.a]e!20%6!5SBC!9!_R!!ipCD/\")jBk1d@DZKh<#RPQdA7\\\\XCh[D\\!!!98F(o/r6#:CVF*(?!Ch[D\\!!!0/@VfsmCJJ;TAI;4ACERS4@;]k%$Q!5p@;0OP@<?($BjkgTF^]00Bln'#Erc7@!!!Q1!!!","4195329":"!<d@[F*K=Q#64c-E,TfC#64`(!<d@[F*](X#64o6@VfsmCI<#NAIW-_Bldj%ARo7dDe!Pg\"_)%OD0&5J$6ffa%0-BY590_(J3FSV%K?BW58ALGlE_K2!&-YTk\"?g!$6ffa%0-BY590_(J3OYW%0-BY58=.uTKaFs!.[9Nk\"?g!$O_#nDg,]6@W,skErc7@!:]J\"!\"0BOEc6)<A5dAaG=-L^DeWa'!<<*\"!;u<d$OLZYFCfK,@;Kuc!!!#?,ldoG#]aj*@<?4%D?/#b!\"0$AF^f9'A9.hQ!!(sH56+7D4TGo[1B7[fASl.';e]cR6#Qc(!!imPBk1dRDes,u!<<**%s)GqAO1-LDf^#!Des,u!<<*'$\"@^h@r\"hJD.O&M@;@!)Cgh3sEsidmG%#*$9jr-TEbSru;0?;bFD5i2ATIkP!!!!1!!!!","4196353":"!<d@[F*K=Q#64c-E,TfC#64`(!<d@[F*]+Y#64o6@VfsmCI<#NAIij)E,]`9FCJfiD(T[7CBt)QARTFs,QJ/q$474B!.[9S!!%O6&e>EO!.[9K!!&ZV*<6(i58`NU+9MT","4197377":"!<d@[F*K=Q#64c-E,TfC#64`(!<d@[F*].Z#64o6@VfsmCI<#NAIW-_Bldj%ARo7dDe!Pj$Zg3(G@Pc)DeWa'!<<*\"nG`Ff$P@#lDfor.;f6Mt6ZljVBk28czn1XhM$#O*mATDKnCi]UW!!((d!!!$*Ec6&.FD5Z2!2'Jq$O:0a@W,skEruCB!9!eT!(d%d!\"Aes!!ipCD/\")jBk1d@DZKh<#RPQdA7\\\\XCh[D\\!!!98F(o/r6#:CVF*(?!Ch[D\\!!!0/@VfsmCJJ;TAI;4ACERS4@;]k%$Q!5p@;0OP@<?($BjkgTF^]00Bln'#Erc7@!!!Q1!!!","4198401":"!<d@[F*K=Q#64c-E,TfC#64`(!<d@[F*]1[#64o6@VfsmCI<#NAIW-_Bldj%ARo7dDe!Pj$#O*mATDKnCi]UW!!((d!!!$*Ec6&.FD5Z2!2'Jq$O:0a@W,skEsD[F!!*#k!'pJ8!.aj8!.apV!5S56!5S;V!9!?2!!ipCD/\")jBk1d@DZKh<#RPQdA7\\\\XCh[D\\!!!98F(o/r6#:CVF*(?!Ch[D\\!!!0/@VfsmCJJ;TAI;4ACERS4@;]k%$Q!5p@;0OP@<?($BjkgTF^]00Bln'#Erc7@!!!Q1!!!","5243905":"!<d@[F*K=Q#64c-E,TfC#QOi)!<d@[F*](X#64o6@VfsmCI<#NAIW-_Bldj%ARo7dDe!Pj$#O*mATDKnCi]UW!!$pW!!!$*Ec6&.FD5Z2!2'Jq$O:0a@W,skErl=A!!)Sp!$M.0!!ipCD/\")jBk1d@DZKh<#RPQdA7\\\\XCh[D\\!!!98F(o/r6#:CVF*(?!Ch[D\\!!!0/@VfsmCJJ;TAI;4ACERS4@;]k%$Q!5p@;0OP@<?($BjkgTF^]00Bln'#Erc7@!!!Q1!!!","5244929":"!<d@[F*K=Q#64c-E,TfC#QOi)!<d@[F*]+Y#64o6@VfsmCI<#NAIW-_Bldj%ARo7dDe!Pj$#O*mATDKnCi]UW!!$pW!!!$*Ec6&.FD5Z2!2'Jq$O:0a@W,skEruCB!$LbG!$M:6!'p,*!!ipCD/\")jBk1d@DZKh<#RPQdA7\\\\XCh[D\\!!!98F(o/r6#:CVF*(?!Ch[D\\!!!0/@VfsmCJJ;TAI;4ACERS4@;]k%$Q!5p@;0OP@<?($BjkgTF^]00Bln'#Erc7@!!!Q1!!!","5245953":"!<d@[F*K=Q#64c-E,TfC#QOi)!<d@[F*].Z#64o6@VfsmCI<#NAIW-_Bldj%ARo7dDe!Pj$Zg3(G@Pc)DeWa'!WW3#0^r!@&GFKO$P@#lDfor.;f6Mt6ZljVBk28czrpTmq$#O*mATDKnCi]UW!!$pW!!!$*Ec6&.FD5Z2!2'Jq$O:0a@W,skEruCB!!)Xi!!)`?!$Lbe!!ipCD/\")jBk1d@DZKh<#RPQdA7\\\\XCh[D\\!$DOXF(o/r6#:CVF*(?!Ch[D\\!!!0/@VfsmCJJ;TAI;4ACERS4@;]k%$Q!5p@;0OP@<?($BjkgTF^]00Bln'#Erc7@!!!Q1!!!","1026":"!<d@[F*K@R#64c-E,TfC!rr<$!<d@[F*](X#64o6@VfsmCI<#NAIW-_Bldj%ARo7dDe!Pj$#O*mATDKnCi]UW!!!KO!!!$*Ec6&.FD5Z2!2'Jq$O:0a@W,skErc7@!61-#!!ipCD/\")jBk1d@DZKh<#RPQdA7\\\\XCh[D\\!!!98F(o/r6#:CVF*(?!Ch[D\\!!!0/@VfsmCJJ;TAHY;DCh3tj@<Q'nCe\\>[ATDKnCf,=`DKKT7Bk;>dz&-)\\1","2050":"!<d@[F*K@R#64c-E,TfC!rr<$!<d@[F*]+Y#64o6@VfsmCI<#NAIW-_Bldj%ARo7dDe!Pj$#O*mATDKnCi]UW!!!KO!!!$*Ec6&.FD5Z2!2'Jq$O:0a@W,skErc7@!61-#!!ipCD/\")jBk1d@DZKh<#RPQdA7\\\\XCh[D\\!!!98F(o/r6#:CVF*(?!Ch[D\\!!!0/@VfsmCJJ;TAHY;DCh3tj@<Q'nCe\\>[ATDKnCf,=`DKKT7Bk;>dz&-)\\1","3074":"!<d@[F*K@R#64c-E,TfC!rr<$!<d@[F*].Z#64o6@VfsmCI<#NAIW-_Bldj%ARo7dDe!Pj$#O*mATDKnCi]UW!!!KO!!!$*Ec6&.FD5Z2!2'Jq$O:0a@W,skErc7@!61-#!!ipCD/\")jBk1d@DZKh<#RPQdA7\\\\XCh[D\\!!!98F(o/r6#:CVF*(?!Ch[D\\!!!0/@VfsmCJJ;TAHY;DCh3tj@<Q'nCe\\>[ATDKnCf,=`DKKT7Bk;>dz&-)\\1","1049602":"!<d@[F*K@R#64c-E,TfC\"98E%!<d@[F*](X#64o6@VfsmCI<#NAIW-_Bldj%ARo7dDe!Pg\"_)%OD0%l@$69H\\'`\\5a590_(J3OYR%IU?T-QW6eIm4e49-=<D*=;rj!!%O5&e>FtXQm,,HE?D<*<6'n5T&WV+9MuXD..NtEbSruErc7@!,ihW!!*@GDffE0Bl@khciO1T#@hmcDeWa'#ljr*!#\"l'5SX4uTFsHhi\"-t1!quWo#a/*d8<dH]W00@Fk`?kd#RY-[Blm9fA7\\&F!<>=i$$0fkAQ*M`Bk.5E$j[AbBk1d@Ci+*3FAm*oBk.5E\"9f*@Ci<g!:18!N$;Y)G+E2.*DJO;$(L_JqBl$LPFCfK,@;Je`@;^1$FD5<-!<<*\"!\"],1!!","1051650":"!<d@[F*K@R#64c-E,TfC\"98E%!<d@[F*].Z#64o6@VfsmCI<#NAIW-_Bldj%ARo7dDe!Pj$Zg3(G@Pc)DeWa'\"98E%nF3%MnJ_E-pmV3_0FZD1$P@#lDfor.;f6Mt6ZljVBk28ez%e'H\"HLLnAqX=Im$#O*mATDKnCi]UW!!((d!!!$*Ec6&.FD5Z2!2'Jq$O:0a@W,skEsVgH!!)M\\!!!qd!'hI;!2(=h!8npu!!o%B!(`Qn!2uFF!9g$S!!ipCD/\")jBk1d@DZKi&#RPQdA7\\\\XCh[D\\!!*?9F(o/r6#:CVF*(?!Ch[D\\!!*60@VfsmCJJ;TAI;4ACERS4@;]k%$Q!5p@;0OP@<?($BjkgTF^]00Bln'#Erc7@!!!Q1!!!","2097154":"!<d@[F*K@R#64c-E,TfC\"TSN&!<d@[F*]%W#64o6@VfsmCI<#NAIij)E,]`9FCJfiD(T[7CBt)QARTFs<r`RC$3_FM!.[9H$5EO@5X6=i!.[9Nk\"?%#$3_FM!.[9H%h/L=J3Oc$]fWP@!!%O6)!4Hu+:8Gb!!!!`*<6(i58\"J9!!%O6'`\\46^E!:SJ3On59)n","2101250":"!<d@[F*K@R#64c-E,TfC\"TSN&!<d@[F*]1[#64o6@VfsmCI<#NAIij)E,]`9FCJfiD(T[7CBt)QARTFs6i[Q2$3^k=!.[9H$5G2,40oq[]t6';k\"?fu$4[CC&d9!M!'iddk\"?fu$5a*R%0-A.58\";4!!%O6'`\\46^DQ*++9DN","4194306":"!<d@[F*K@R#64c-E,TfC#64`(!<d@[F*]%W#64o6@VfsmCI<#NAIW-_Bldj%ARo7dDe!Pg\"_)%OD0$m$$6TZ_'`\\5a4rjV'J3OYW%0-C$5S`hhIm+kQ!.[9Nk\"?'gD..NtEbSruErc7@!6?Gd!!*@GDffE0Bl@khciO1T#@hmcDeWa'\"98E%!:U^'5k=^NT_A<ai;3HR#RY-[Blm9fA7\\&F!<<**$$0fkAQ*M`Bk.5E\":,NZBk1d@Ci+*3FAm*oBk.5E!!N[<Ci<g!:18!N$;Y)G+E2.*DJO;$(L_JqBl$LPFCfK,@;Je`@;^1$FD5<-!<<*\"!\"],1!!","4198402":"!<d@[F*K@R#64c-E,TfC#64`(!<d@[F*]1[#64o6@VfsmCI<#NAIW-_Bldj%ARo7dDe!Pj$#O*mATDKnCi]UW!!((d!!!$*Ec6&.FD5Z2!2'Jq$O:0a@W,skEs)IC!!*#k!'p%E!'pD6!9!?R!!ipCD/\")jBk1d@DZKh<#RPQdA7\\\\XCh[D\\!!*?9F(o/r6#:CVF*(?!Ch[D\\!!!0/@VfsmCJJ;TAI;4ACERS4@;]k%$Q!5p@;0OP@<?($BjkgTF^]00Bln'#Erc7@!!!Q1!!!","5243906":"!<d@[F*K@R#64c-E,TfC#QOi)!<d@[F*](X#64o6@VfsmCI<#NAIW-_Bldj%ARo7dDe!Pj$#O*mATDKnCi]UW!!$pW!!!$*Ec6&.FD5Z2!2'Jq$O:0a@W,skErl=A!!)T[!$M.0!!ipCD/\")jBk1d@DZKh<#RPQdA7\\\\XCh[D\\!$DOXF(o/r6#:CVF*(?!Ch[D\\!$DFO@VfsmCJJ;TAI;4ACERS4@;]k%$Q!5p@;0OP@<?($BjkgTF^]00Bln'#Erc7@!!!Q1!!!","5244930":"!<d@[F*K@R#64c-E,TfC#QOi)!<d@[F*]+Y#64o6@VfsmCI<#NAIW-_Bldj%ARo7dDe!Pg\"_)%OD0(@1$69H\\'`\\5!590_(J3OYR%5,=UZPEN?5<g\"I9-=<D+pnYl!!#8K*<6(i58\"J9!!%O6('\":u590_(J3On59-=9C+pnhi!!%O6'`\\5!590_(J3OYR%KHHX58F4u5<g\"I9-=6B)[Zo]!!%O6'`\\5!58\";<s8P;J*A5%;1Do7I$OLZYFCfK,@;Kuc!!!\";)uos>#]aj*@<?4%D?-=5!\"0$AF^f9'A9.bO!!!#grW!32ASl.';e]cR6#Qc(56qR:Bk1dRDes,u!<=bY%s)GqAO1-LDf^#!Des,u!<=bV$\"@^h@r\"hJD.O&M@;@!)Cgh3sEsidmG%#*$9jr-TEbSru;0?;bFD5i2ATIkP!!!!1!!!!","5245954":"!<d@[F*K@R#64c-E,TfC#QOi)!<d@[F*].Z#64o6@VfsmCI<#NAIW-_Bldj%ARo7dDe!Pj$Zg3(G@Pc)DeWa'!WW3#0^r!@&GFKO$P@#lDfor.;f6Mt6ZljVBk28czrpTmq$#O*mATDKnCi]UW!!$pW!!!$*Ec6&.FD5Z2!2'Jq$O:0a@W,skErl=A!!)Le!!)`?!!ipCD/\")jBk1d@DZKh<#RPQdA7\\\\XCh[D\\!$DOXF(o/r6#:CVF*(?!Ch[D\\!$DFO@VfsmCJJ;TAI;4ACERS4@;]k%$Q!5p@;0OP@<?($BjkgTF^]00Bln'#Erc7@!!!Q1!!!","1049603":"!<d@[F*KCS#64c-E,TfC\"98E%!<d@[F*](X#64o6@VfsmCI<#NAIW-_Bldj%ARo7dDe!Pg\"_)%OD0$?j$5!UK'`\\5a4q\\#6!!#h\\)!4I!$#O*mATDKnCi]UW!!$pW!!!$*Ec6&.FD5Z2!2'Jq$O:0a@W,skErl=A!!)lq!$Lg(!!ipCD/\")jBk1d@DZKi&#RPQdA7\\\\XCh[D\\!'^`\"F(o/r6#:CVF*(?!Ch[D\\!'^Vn@VfsmCJJ;TAI;4ACERS4@;]k%$Q!5p@;0OP@<?($BjkgTF^]00Bln'#Erc7@!!!Q1!!!","1051651":"!<d@[F*KCS#64c-E,TfC\"98E%!<d@[F*].Z#64o6@VfsmCI<#NAIW-_Bldj%ARo7dDe!Pg\"_)%OD0&t_$69H\\'`\\5a590_(J3OYR%IU?T-QW6eIm4e49-=9C*=;rj!!%O6&e>EO!!#8!0\"nm'*<6(i58`NU+9Dlj$47LJ!.[9S!!%O6&df?R!)Pp$!!%O6)!4I6!XfBWDJs`/F^f9'A9.bO!!)NX?N:HGB6%p5DIc[`Dg+Qk@W,skErc7@!!*&g!\"0*M@<?($Bjkh!!<<*\"D]A`W!=3^aFCB9*Df,QJ\"TSo8@s)7!Bk28dzn6Z/<p?qte$>\"'gFAlmaAO158!'^_qF(o/r;f?JdA,uZL#S1ujA7\\&CD/XK;;f?JdA,uZB\"USXSDe!QX@;TQ_:LS#]E,8s#CNBk\"@<Q'nCe\\>[ATDKnCf,=`DKKT7Bk;>dz&-)\\1","2098179":"!<d@[F*KCS#64c-E,TfC\"TSN&!<d@[F*](X#64o6@VfsmCI<#NAIW-_Bldj%ARo7dDe!Pj$#O*mATDKnCi]UW!!((d!!!$*Ec6&.FD5Z2!2'Jq$O:0a@W,skErc7@!!)P]!!ipCD/\")jBk1d@DZKh<#RPQdA7\\\\XCh[D\\!!!98F(o/r6#:CVF*(?!Ch[D\\!!!0/@VfsmCJJ;TAI;4ACERS4@;]k%$Q!5p@;0OP@<?($BjkgTF^]00Bln'#Erc7@!!!Q1!!!","2099203":"!<d@[F*KCS#64c-E,TfC\"TSN&!<d@[F*]+Y#64o6@VfsmCI<#NAHu^]F`__:EWlSfH#R=4FCAWpAM%_:DJ(PFBln#?@r-(*BJ\"79A-<-XDffE0AQSp4!!!-.D.Rd%6#L=OA_Ra;56M43DffE0AQf'6!!!<3@rH1\"ARfgnA,lcHDg#]4EbT&q<+U;rF`M%\\De*D^@:s.^!!","2100227":"!<d@[F*KCS#64c-E,TfC\"TSN&!<d@[F*].Z#64o6@VfsmCI<#NAIW-_Bldj%ARo7dDe!Pj$#O*mATDKnCi]UW!!$pW!!!$*Ec6&.FD5Z2!2'Jq$O:0a@W,skErc7@!!)`]!!ipCD/\")jBk1d@DZKh<#RPQdA7\\\\XCh[D\\!!!98F(o/r6#:CVF*(?!Ch[D\\!!!0/@VfsmCJJ;TAI;4ACERS4@;]k%$Q!5p@;0OP@<?($BjkgTF^]00Bln'#Erc7@!!!Q1!!!","3147779":"!<d@[F*KCS#64c-E,TfC\"onW'!<d@[F*]+Y#64o6@VfsmCI<#NAJ&HeF)Yr(H\"19(AM%>'ARmV%$#+:#ASuU.Ed7ZiEH>r7FE7Qb!!!3,F)5c:EsD_#z!9Odl!!*'\"!!!6)1B7FU!!(7F!!!$\"z!!s<P@<Q3LASuU$E_pR\\@qBLgDKGj]$$'s+@<?4%DD2%j!!!-.Ec6&.FD5Z21#!5\\56M:5DffE0Bl@lEz\":9*eFCB9*Df.Ac&'7$9","4194307":"!<d@[F*KCS#64c-E,TfC#64`(!<d@[F*]%W#64o6@VfsmCI<#NAIW-_Bldj%ARo7dDe!Pj$#O*mATDKnCi]UW!!((d!!!$*Ec6&.FD5Z2!71cI$O:0a@W,skEs)IC!!)L'!'p,N!20&a!9!_R!!ipCD/\")jBk1d@DZKh<#RPQdA7\\\\XCh[D\\!!EQ<F(o/r6#:CVF*(?!Ch[D\\!!!0/@VfsmCJJ;TAI;4ACERS4@;]k%$Q!5p@;0OP@<?($BjkgTF^]00Bln'#Erc7@!!!Q1!!!","4196355":"!<d@[F*KCS#64c-E,TfC#64`(!<d@[F*]+Y#64o6@VfsmCI<#NAI2gaDejE-ASbr_$#+:#ASuU.Ed7ZiEH>r7FE7ol!!!3,F)5c:EsD_#!!*'\"!:gKt!!*'\"!!!6)1&q=T!!)Ep!!!$\"!!!!(!AjcW!!!#\\$NL/-z!!!0*FEqh:#Vg@<G;3TGC]t)]@<?($Bjkf[DddDa$uKQsBL-NKCh6LQAD7X:56(","4198403":"!<d@[F*KCS#64c-E,TfC#64`(!<d@[F*]1[#64o6@VfsmCI<#NAIW-_Bldj%ARo7dDe!Pj$#O*mATDKnCi]UW!!((d!!!$*Ec6&.FD5Z2!2'Jq$O:0a@W,skEs)IC!!*#k!'p%E!'pD6!9!?R!!ipCD/\")jBk1d@DZKh<#RPQdA7\\\\XCh[D\\!!*?9F(o/r6#:CVF*(?!Ch[D\\!!!0/@VfsmCJJ;TAI;4ACERS4@;]k%$Q!5p@;0OP@<?($BjkgTF^]00Bln'#Erc7@!!!Q1!!!","5243907":"!<d@[F*KCS#64c-E,TfC#QOi)!<d@[F*](X#64o6@VfsmCI<#NAIW-_Bldj%ARo7dDe!Pj$#O*mATDKnCi]UW!!$pW!!!$*Ec6&.FD5Z2!2'Jq$O:0a@W,skErl=A!!)T[!$M.0!!ipCD/\")jBk1d@DZKh<#RPQdA7\\\\XCh[D\\!$DOXF(o/r6#:CVF*(?!Ch[D\\!$DFO@VfsmCJJ;TAI;4ACERS4@;]k%$Q!5p@;0OP@<?($BjkgTF^]00Bln'#Erc7@!!!Q1!!!","5244931":"!<d@[F*KCS#64c-E,TfC#QOi)!<d@[F*]+Y#64o6@VfsmCI<#NAIW-_Bldj%ARo7dDe!Pj$#O*mATDKnCi]UW!!$pW!!!$*Ec6&.FD5Z2!2'Jq$O:0a@W,skErc7@!!)N]!!ipCD/\")jBk1d@DZKh<#RPQdA7\\\\XCh[D\\!$DOXF(o/r6#:CVF*(?!Ch[D\\!$DFO@VfsmCJJ;TAI;4ACERS4@;]k%$Q!5p@;0OP@<?($BjkgTF^]00Bln'#Erc7@!!!Q1!!!","5245955":"!<d@[F*KCS#64c-E,TfC#QOi)!<d@[F*].Z#64o6@VfsmCI<#NAIW-_Bldj%ARo7dDe!Pj$#O*mATDKnCi]UW!!$pW!!!$*Ec6&.FD5Z2!2'Jq$O:0a@W,skErl=A!!)Le!!)`?!!ipCD/\")jBk1d@DZKh<#RPQdA7\\\\XCh[D\\!$DOXF(o/r6#:CVF*(?!Ch[D\\!$DFO@VfsmCJJ;TAI;4ACERS4@;]k%$Q!5p@;0OP@<?($BjkgTF^]00Bln'#Erc7@!!!Q1!!!","1049604":"!<d@[F*KFT#64c-E,TfC\"98E%!<d@[F*](X#64o6@VfsmCI<#NAIW-_Bldj%ARo7dDe!Pg\"_)%OD0%oA$6'<Z%0-BY58=.uJ3FSQ%0-BY58=.u:d>l[9*udK$4Qt8J3ObK!.[6G%h/L=JA2iqs*m3Q0\"j>')!4I!$#O*mATDKnCi]UW!!$pW!!!$*Ec6&.FD5Z2!2'Jq$O:0a@W,skErl=A!!)lq!$Lg(!!ipCD/\")jBk1d@DZKi&#RPQdA7\\\\XCh[D\\!'^`\"F(o/r6#:CVF*(?!Ch[D\\!'^Vn@VfsmCJJ;TAI;4ACERS4@;]k%$Q!5p@;0OP@<?($BjkgTF^]00Bln'#Erc7@!!!Q1!!!","1051652":"!<d@[F*KFT#64c-E,TfC\"98E%!<d@[F*].Z#64o6@VfsmCI<#NAIW-_Bldj%ARo7dDe!Pg\"_)%OD0$s&$6ffa%0-BY590_(J3OYW%0-BY58=.u5X6=i!.[9Nk\"?fu$O_#nDg,]6@W,skErc7@!:]Jb!\"0BOEc6)<A5dAaG=-L^DeWa'!<<*\"!<;Ng$OLZYFCfK,@;Kuc!!!\";)uos>#]aj*@<?4%D?/#b!\"0$AF^f9'A9.eP!!!#g?N;5Bmf3V#ASl.';e]cR6#Qc(56qR:Bk1dRDes,u!<=&E%s)GqAO1-LDf^#!Des,u!<<]8$\"@^h@r\"hJD.O&M@;@!)Cgh3sEsidmG%#*$9jr-TEbSru;0?;bFD5i2ATIkP!!!!1!!!!","2098180":"!<d@[F*KFT#64c-E,TfC\"TSN&!<d@[F*](X#64o6@VfsmCI<#NAIW-_Bldj%ARo7dDe!Pg\"_)%OD0$m$$6TZ_%0-BY58=.uJ3OYW%0-BY^D6eKIm4r+]fS%fk\"?'gD..NtEbSruErc7@!6?Gd!!*@GDffE0Bl@khTEP<'#@hmcDeWa'!<<*\"!:cZ]#RY-[Blm9fA7\\&F!<>=i$$0fkAQ*M`Bk.5E!=03WBk1d@Ci+*3FAm*oBk.5E!<id=Ci<g!:18!N$;Y)G+E2.*DJO;$(L_JqBl$LPFCfK,@;Je`@;^1$FD5<-!<<*\"!\"],1!!","2099204":"!<d@[F*KFT#64c-E,TfC\"TSN&!<d@[F*]+Y#64o6@VfsmCI<#NAHu^]F`__:EWlSfH#R=5@UX.lATBADF`)#(EbAr8Eb/c5@W-@1Df#U^Ec6&.FCePS!!!!%$#O6pBL-NKCh;?38\\bH6Ec6&.FCeVU!!!!*$\"ImiCh7*uARkc@","2100228":"!<d@[F*KFT#64c-E,TfC\"TSN&!<d@[F*].Z#64o6@VfsmCI<#NAIW-_Bldj%ARo7dDe!Pg\"_)%OD0%-+$7?/k%0-BY58=.uJ3P%S!.[9H%h/L=JA2j!s*m6R!<@X7)!4I6!t,EP@<?($Bjkh!!<<*\"D]A`W!=3^aFCB9*Df,QJ\"TSo8@s)7!Bk28czp?qte$>\"'gFAlmaAO158!!!92F(o/r;f?JdA,uZ1#S1ujA7\\&CD/XK;;f?JdA,uZ1\"USXSDe!QX@;TQ_:LS#]E,8s#CNBk\"@<Q'nCe\\>[ATDKnCf,=`DKKT7Bk;>dz&-)\\1","3147780":"!<d@[F*KFT#64c-E,TfC\"onW'!<d@[F*]+Y#64o6@VfsmCI<#NAHu^]F`__:EWlSfH#R=6@UX.lATBADF`)#(EbAr8Eb/c5F(K!$ASuSm#BFa)@<?'_z\":8pVF(djWB5D/6%nXP>#BFa)@<?'az#mk*[Ci!ZmFCet_!!","4194308":"!<d@[F*KFT#64c-E,TfC#64`(!<d@[F*]%W#64o6@VfsmCI<#NAIW-_Bldj%ARo7dDe!Pg\"_)%OD0$m$$6TZ_%0-BY590_(J3OYW%0-BY^D/B7]<`LY!.[9Nk\"?'gD..NtEbSruErc7@!6?Gd!!*@GDffE0Bl@khciO1T#@hmcDeWa'\"98E%!:U^'5k=^NT_A<ai;3HR#RY-[Blm9fA7\\&F!<<**$$0fkAQ*M`Bk.5E\":,NZBk1d@Ci+*3FAm*oBk.5E!!N[<Ci<g!:18!N$;Y)G+E2.*DJO;$(L_JqBl$LPFCfK,@;Je`@;^1$FD5<-!<<*\"!\"],1!!","4196356":"!<d@[F*KFT#64c-E,TfC#64`(!<d@[F*]+Y#64o6@VfsmCI<#NAHu^]F`__:EWlSfH#R=2@UX.lATBADF`)#(EbAr8Eb/c5FDl+$#BFa)@<?'_z\":8pVF(djWB5D/6%nT\"h#BFa)@<?'az#mk*[Ci!ZmFCet_!!","4198404":"!<d@[F*KFT#64c-E,TfC#64`(!<d@[F*]1[#64o6@VfsmCI<#NAIW-_Bldj%ARo7dDe!Pj$#O*mATDKnCi]UW!!((d!!!$*Ec6&.FD5Z2!2'Jq$O:0a@W,skEs)IC!!*#k!'p%E!'pD6!9!?R!!ipCD/\")jBk1d@DZKh<#RPQdA7\\\\XCh[D\\!!*?9F(o/r6#:CVF*(?!Ch[D\\!!!0/@VfsmCJJ;TAI;4ACERS4@;]k%$Q!5p@;0OP@<?($BjkgTF^]00Bln'#Erc7@!!!Q1!!!","5243908":"!<d@[F*KFT#64c-E,TfC#QOi)!<d@[F*](X#64o6@VfsmCI<#NAIW-_Bldj%ARo7dDe!Pj$#O*mATDKnCi]UW!!$pW!!!$*Ec6&.FD5Z2!2'Jq$O:0a@W,skErl=A!!)T[!$M.0!!ipCD/\")jBk1d@DZKh<#RPQdA7\\\\XCh[D\\!$DOXF(o/r6#:CVF*(?!Ch[D\\!$DFO@VfsmCJJ;TAI;4ACERS4@;]k%$Q!5p@;0OP@<?($BjkgTF^]00Bln'#Erc7@!!!Q1!!!","5244932":"!<d@[F*KFT#64c-E,TfC#QOi)!<d@[F*]+Y#64o6@VfsmCI<#NAIW-_Bldj%ARo7dDe!Pj$#O*mATDKnCi]UW!!$pW!!!$*Ec6&.FD5Z2!2'Jq$O:0a@W,skErc7@!!)N]!!ipCD/\")jBk1d@DZKh<#RPQdA7\\\\XCh[D\\!$DOXF(o/r6#:CVF*(?!Ch[D\\!$DFO@VfsmCJJ;TAI;4ACERS4@;]k%$Q!5p@;0OP@<?($BjkgTF^]00Bln'#Erc7@!!!Q1!!!","5245956":"!<d@[F*KFT#64c-E,TfC#QOi)!<d@[F*].Z#64o6@VfsmCI<#NAIW-_Bldj%ARo7dDe!Pj$#O*mATDKnCi]UW!!$pW!!!$*Ec6&.FD5Z2!2'Jq$O:0a@W,skErl=A!!)Le!!)`?!!ipCD/\")jBk1d@DZKh<#RPQdA7\\\\XCh[D\\!$DOXF(o/r6#:CVF*(?!Ch[D\\!$DFO@VfsmCJJ;TAI;4ACERS4@;]k%$Q!5p@;0OP@<?($BjkgTF^]00Bln'#Erc7@!!!Q1!!!","1049605":"!<d@[F*KIU#64c-E,TfC\"98E%!<d@[F*](X#64o6@VfsmCI<#NAIW-_Bldj%ARo7dDe!Pj$#O*mATDKnCi]UW!!((d!!!$*Ec6&.FD5Z2!71cI$O:0a@W,skEs2OD!!)`m!![IB!(M';!2ad$!9S5B!!ipCD/\")jBk1d@DZKi&#RPQdA7\\\\XCh[D\\!!*?9F(o/r6#:CVF*(?!Ch[D\\!!*60@VfsmCJJ;TAI;4ACERS4@;]k%$Q!5p@;0OP@<?($BjkgTF^]00Bln'#Erc7@!!!Q1!!!","1050629":"!<d@[F*KIU#64c-E,TfC\"98E%!<d@[F*]+Y#64o6@VfsmCI<#NAIW-_Bldj%ARo7dDe!Pj$#O*mATDKnCi]UW!!$pW!!!$*Ec6&.FD5Z2!2'Jq$O:0a@W,skEs)IC!!'7t!.]%c!5L;g!\"AAg!!ipCD/\")jBk1d@DZKi&#RPQdA7\\\\XCh[D\\!%8*`F(o/r6#:CVF*(?!Ch[D\\!%8!W@VfsmCJJ;TAI;4ACERS4@;]k%$Q!5p@;0OP@<?($BjkgTF^]00Bln'#Erc7@!!!Q1!!!","1051653":"!<d@[F*KIU#64c-E,TfC\"98E%!<d@[F*].Z#64o6@VfsmCI<#NAIW-_Bldj%ARo7dDe!Pj$#O*mATDKnCi]UW!!((d!!!$*Ec6&.FD5Z2!2'Jq$O:0a@W,skEs2OD!!)M\\!![bu!(M:L!2b/$!9Sb1!!ipCD/\")jBk1d@DZKi&#RPQdA7\\\\XCh[D\\!!*?9F(o/r6#:CVF*(?!Ch[D\\!!*60@VfsmCJJ;TAI;4ACERS4@;]k%$Q!5p@;0OP@<?($BjkgTF^]00Bln'#Erc7@!!!Q1!!!","2097157":"!<d@[F*KIU#64c-E,TfC\"TSN&!<d@[F*]%W#64o6@VfsmCI<#NAIij)E,]`9FCJfiD(T[7CBt)QARTFs3WKL+$474B!!#5(!!%O6&df?R!!'bS!!%O6)!4Hu)[Z`h!!%O6&e>EO!!#8!0\"nm'*<6(i58`NU!!","2099205":"!<d@[F*KIU#64c-E,TfC\"TSN&!<d@[F*]+Y#64o6@VfsmCI<#NAINEeFC?bBE+*s.AT@eWD..ZVDfor>!<<*\"\":]'_FCfK9@;JJQF`MO'!!!!+$Y=3tBlnVfDe*F##ljr*)J<JqANFLID..=#Bk/f;Ea`KiE\\1mADe*o/B45Xg3bWYQ@;^!tA1_nD@:Wqi/R`[ABld^#,A1G%ANFLID..=#Bk/f;Ea`KiE\\1aCBl%<s@<?($Bjkh!*G8etANFLID..=#Bk/f;Ea`KiE\\1d;DffZ,DJ())@;TR:BQ\\0#DJs6\"/Tc#AA7]d5@rH4$De*R(Bk;?,B45Xg3bWYQ@;^!tA1_nD@:Wqi/S9-GDJ=38Eb-8(@;TR:BQ\\0#DJs6\"/Tc#AA7]d5CisuFEbT*+,%k>$ANFLID..=#Bk/f;Ea`KiE\\2?TEcu/?@;KRpDe*o6B45Xg3bWYQ@;^!tA1_nD@:Wqi/Tc#E@<6R3AS?4(FCfIn!dHF\"!!!!\"!dQL#!!!!\"!dZR$!!!!\"!dHI$!!!!\"!dQO&!!!!\"!dZU&!!!!\"%W,ot:i'QcATC[WDJ*M\\!!!!\"%W,X!:i'QcATC[WDJ*P\\s8W*\"%WcStGA^;eDJ*NTDe*DZ!!!!\"$?L/pGA]cdF`):%!!!!*'Q\\5%GA^2oCjA<YFCfJaD/aE6F9)CXBl7X,BjkgTF^]00BlnW!E+*s.ARkc@!!!$6Bl7X,BjkgVE+*s.;0?;bFD5iBz!=<CZDfp\"tBmO=k!!!!*$[6$#8SrEbEcbl'!!<mN@<6NhE+*s.<,ZkeCe/JeEc]SFgkU3-PX#6\\Bl8$(Ec,<%6XaqB@qg%1z!tK$_FCfK1@;J;E@<-!lzz!tTE`@q]:kB4XnNE_(+kEW?(>z!!=-U@<6NXBOPpoAQ<\\[@<?'[DffE(88iWkErZ1?z!\"TT]E+*s.ARn5IFD5i2ATIhO!!!!","2101253":"!<d@[F*KIU#64c-E,TfC\"TSN&!<d@[F*]1[#64o6@VfsmCI<#NAIij)E,]`9FCJfiD(T[7CBt)QARTFs8H9)2$31\\G%0-A.5SYob]<`@:9-=9C(^^EU!!!!`&df'J!!#4u!!!!a)!4I6!X]bO\"UtG3!'_)''`\\46^E\"r?4#7`99-=99","3147781":"!<d@[F*KIU#64c-E,TfC\"onW'!<d@[F*]+Y#64o6@VfsmCI<#NAI`g#DesH&@r!Z6DfTr5\"po!]G%GQ5DfU+(#'\"^#Dfg%'!!!!'\"`nKuFE7Zf0`V4S!!(=L!!!$\"!!!!(!AXWU!!!!3\"onW(z!!!!","4194309":"!<d@[F*KIU#64c-E,TfC#64`(!<d@[F*]%W#64o6@VfsmCI<#NAIW-_Bldj%ARo7dDe!Pj$#O*mATDKnCi]UW!!((d!!!$*Ec6&.FD5Z2!71cI$O:0a@W,skEs)IC!!)L'!'p,N!20&a!9!_R!!ipCD/\")jBk1d@DZKh<#RPQdA7\\\\XCh[D\\!!EQ<F(o/r6#:CVF*(?!Ch[D\\!!!0/@VfsmCJJ;TAI;4ACERS4@;]k%$Q!5p@;0OP@<?($BjkgTF^]00Bln'#Erc7@!!!Q1!!!","4198405":"!<d@[F*KIU#64c-E,TfC#64`(!<d@[F*]1[#64o6@VfsmCI<#NAIW-_Bldj%ARo7dDe!Pj$#O*mATDKnCi]UW!!((d!!!$*Ec6&.FD5Z2!2'Jq$O:0a@W,skEs)IC!!*#k!'p%E!'pD6!9!?R!!ipCD/\")jBk1d@DZKh<#RPQdA7\\\\XCh[D\\!!*?9F(o/r6#:CVF*(?!Ch[D\\!!!0/@VfsmCJJ;TAI;4ACERS4@;]k%$Q!5p@;0OP@<?($BjkgTF^]00Bln'#Erc7@!!!Q1!!!","5243909":"!<d@[F*KIU#64c-E,TfC#QOi)!<d@[F*](X#64o6@VfsmCI<#NAIW-_Bldj%ARo7dDe!Pj$#O*mATDKnCi]UW!!$pW!!!$*Ec6&.FD5Z2!2'Jq$O:0a@W,skErl=A!!)T[!$M.0!!ipCD/\")jBk1d@DZKh<#RPQdA7\\\\XCh[D\\!$DOXF(o/r6#:CVF*(?!Ch[D\\!$DFO@VfsmCJJ;TAI;4ACERS4@;]k%$Q!5p@;0OP@<?($BjkgTF^]00Bln'#Erc7@!!!Q1!!!","5244933":"!<d@[F*KIU#64c-E,TfC#QOi)!<d@[F*]+Y#64o6@VfsmCI<#NAIW-_Bldj%ARo7dDe!Pg\"_)%OD0%W9$5NsP'`\\5!58\";4!!!!a('\":u58`NU$69H\\'`\\5!590_(J3OYR%5,=UZPEN?5<g\"I9-=<E$#O*mATDKnCi]UW!!$pW!!!$*Ec6&.FD5Z2!2'Jq$O:0a@W,skErc7@!!)Nf!!ipCD/\")jBk1d@DZKi&#RPQdA7\\\\XCh[D\\!&\"TgF(o/r6#:CVF*(?!Ch[D\\!&\"K^@VfsmCJJ;TAI;4ACERS4@;]k%$Q!5p@;0OP@<?($BjkgTF^]00Bln'#Erc7@!!!Q1!!!","5245957":"!<d@[F*KIU#64c-E,TfC#QOi)!<d@[F*].Z#64o6@VfsmCI<#NAIW-_Bldj%ARo7dDe!Pj$#O*mATDKnCi]UW!!$pW!!!$*Ec6&.FD5Z2!2'Jq$O:0a@W,skErl=A!!)Le!!)`?!!ipCD/\")jBk1d@DZKh<#RPQdA7\\\\XCh[D\\!$DOXF(o/r6#:CVF*(?!Ch[D\\!$DFO@VfsmCJJ;TAI;4ACERS4@;]k%$Q!5p@;0OP@<?($BjkgTF^]00Bln'#Erc7@!!!Q1!!!","1030":"!<d@[F*KLV#64c-E,TfC!rr<$!<d@[F*](X#64o6@VfsmCI<#NAIW-_Bldj%ARo7dDe!Pj$#O*mATDKnCi]UW!!!KO!!!$*Ec6&.FD5Z2!2'Jq$O:0a@W,skErc7@!61-#!!ipCD/\")jBk1d@DZKh<#RPQdA7\\\\XCh[D\\!!!98F(o/r6#:CVF*(?!Ch[D\\!!!0/@VfsmCJJ;TAHY;DCh3tj@<Q'nCe\\>[ATDKnCf,=`DKKT7Bk;>dz&-)\\1","2054":"!<d@[F*KLV#64c-E,TfC!rr<$!<d@[F*]+Y#64o6@VfsmCI<#NAIW-_Bldj%ARo7dDe!Pj$#O*mATDKnCi]UW!!!KO!!!$*Ec6&.FD5Z2!2'Jq$O:0a@W,skErc7@!61-#!!ipCD/\")jBk1d@DZKh<#RPQdA7\\\\XCh[D\\!!!98F(o/r6#:CVF*(?!Ch[D\\!!!0/@VfsmCJJ;TAHY;DCh3tj@<Q'nCe\\>[ATDKnCf,=`DKKT7Bk;>dz&-)\\1","3078":"!<d@[F*KLV#64c-E,TfC!rr<$!<d@[F*].Z#64o6@VfsmCI<#NAIW-_Bldj%ARo7dDe!Pj$#O*mATDKnCi]UW!!!KO!!!$*Ec6&.FD5Z2!2'Jq$O:0a@W,skErc7@!61-#!!ipCD/\")jBk1d@DZKh<#RPQdA7\\\\XCh[D\\!!!98F(o/r6#:CVF*(?!Ch[D\\!!!0/@VfsmCJJ;TAHY;DCh3tj@<Q'nCe\\>[ATDKnCf,=`DKKT7Bk;>dz&-)\\1","1049606":"!<d@[F*KLV#64c-E,TfC\"98E%!<d@[F*](X#64o6@VfsmCI<#NAIW-_Bldj%ARo7dDe!Pg\"_)%OD0&DO$6ffa%0-BY590_(J3OYW%0-BY58=.uLd2s\\!.[9Nk\"?ft$7?/k%0-BY58=.uJ3P%S!.[6G%h8R=Im4YJ!.ZjG!!%O6)!4I6!=K3N@<?($Bjkh!!<<*\"D]A`W!=3^aFCB9*Df,R%!WWT5@s)7!Bk28kzpAY*sE`2s-FC,$FE^'QdE$#&inl#N`oNqU$nim-Bn/hW9$>\"'gFAlmaAO158!'^_qF(o/r;f?JdA,uZ7#S1ujA7\\&CD/XK;;f?JdA,uZ5\"USXSDe!QX@;TQ_:LS#]E,8s#CNBk\"@<Q'nCe\\>[ATDKnCf,=`DKKT7Bk;>dz&-)\\1","1050630":"!<d@[F*KLV#64c-E,TfC\"98E%!<d@[F*]+Y#64o6@VfsmCI<#NAIW-_Bldj%ARo7dDe!Pj$#O*mATDKnCi]UW!!$pW!!!$*Ec6&.FD5Z2!2'Jq$O:0a@W,skErc7@!!)NX!!ipCD/\")jBk1d@DZKh<#RPQdA7\\\\XCh[D\\!$DOXF(o/r6#:CVF*(?!Ch[D\\!$DFO@VfsmCJJ;TAI;4ACERS4@;]k%$Q!5p@;0OP@<?($BjkgTF^]00Bln'#Erc7@!!!Q1!!!","1051654":"!<d@[F*KLV#64c-E,TfC\"98E%!<d@[F*].Z#64o6@VfsmCI<#NAIW-_Bldj%ARo7dDe!Pg\"_)%OD0'=i$5a*R%0-BY58\";4!!%O6'`\\5i5T&WV+9;fn$474B!.[9S!!#8K&e>HNs*m6JHE?D<*<6)t^DQ*++9;fs$4dRG!.[9K!!%O6*<6()58\"J9s8RR5'`\\5a1E?GqJ?p*T9-=6C$#O*mATDKnCi]UW!!$pW!!!$*Ec6&.FD5Z2!2'Jq$O:0a@W,skEsVgH!!)M\\!![bu!(M:L!2b/$!9Sb1!\"SkS!)EC*!3Z7W!:Kjd!!ipCD/\")jBk1d@DZKi&#RPQdA7\\\\XCh[D\\!'^`\"F(o/r6#:CVF*(?!Ch[D\\!'^Vn@VfsmCJJ;TAI;4ACERS4@;]k%$Q!5p@;0OP@<?($BjkgTF^]00Bln'#Erc7@!!!Q1!!!","2097158":"!<d@[F*KLV#64c-E,TfC\"TSN&!<d@[F*]%W#64o6@VfsmCI<#NAIij)E,]`9FCJfiD(T[7CBt)QARTFs+ohrm$474B!.[9S!!%O6&e>EO!.[9K!!#8L*<6(i58`NU!!","2101254":"!<d@[F*KLV#64c-E,TfC\"TSN&!<d@[F*]1[#64o6@VfsmCI<#NAIij)E,]`9FCJfiD(T[7CBt)QARTFs1]Rk\"$3^k=!!#4r$4Qt8!'_1u!!#8$k\"?fu$5a*R%0-BY58\";4!!%O6'`\\465T&WV+9DN","3147782":"!<d@[F*KLV#64c-E,TfC\"onW'!<d@[F*]+Y#64o6@VfsmCI<#NAIW-_Bldj%ARo7dDe!Pj$#O*mATDKnCi]UW!!$pW!!!$*Ec6&.FD5Z2!2'Jq$O:0a@W,skErc7@!\"\\T!!!ipCD/\")jBk1d@DZKi&#RPQdA7\\\\XCh[D\\!!3E:F(o/r6#:CVF*(?!Ch[D\\!!3<1@VfsmCJJ;TAI;4ACERS4@;]k%$Q!5p@;0OP@<?($BjkgTF^]00Bln'#Erc7@!!!Q1!!!","4194310":"!<d@[F*KLV#64c-E,TfC#64`(!<d@[F*]%W#64o6@VfsmCI<#NAIW-_Bldj%ARo7dDe!Pg\"_)%OD0$m$$6TZ_%0-BY590_(J3OYW%0-BY^_M0sC:\"ua!.[9Nk\"?'gD..NtEbSruErc7@!6?Gd!!*@GDffE0Bl@khciO1T#@hmcDeWa'\"98E%!:U^'5k=^NT_A<ai;3HR#RY-[Blm9fA7\\&F!<<**$$0fkAQ*M`Bk.5E\":,NZBk1d@Ci+*3FAm*oBk.5E!!N[<Ci<g!:18!N$;Y)G+E2.*DJO;$(L_JqBl$LPFCfK,@;Je`@;^1$FD5<-!<<*\"!\"],1!!","4196358":"!<d@[F*KLV#64c-E,TfC#64`(!<d@[F*]+Y#64o6@VfsmCI<#NAIW-_Bldj%ARo7dDe!Pj$#O*mATDKnCi]UW!!$pW!!!$*Ec6&.FD5Z2!2'Jq$O:0a@W,skErc7@!!)Ng!!ipCD/\")jBk1d@DZKi&#RPQdA7\\\\XCh[D\\!'^`\"F(o/r6#:CVF*(?!Ch[D\\!'^Vn@VfsmCJJ;TAI;4ACERS4@;]k%$Q!5p@;0OP@<?($BjkgTF^]00Bln'#Erc7@!!!Q1!!!","4198406":"!<d@[F*KLV#64c-E,TfC#64`(!<d@[F*]1[#64o6@VfsmCI<#NAIW-_Bldj%ARo7dDe!Pg\"_)%OD0&&E$6ffa%0-BY58=.uJ3FSV%0-BY^_QD>Im+m!XQhVZk\"?fu$69HW%0-BY58\"J9!!%Pb'mcrrZlOIol80@?9-=9D$#O*mATDKnCi]UW!!((d!!!$*Ec6&.FD5Z2!2'Jq$O:0a@W,skEs)IC!!*#k!'p%E!'pD6!9!?R!!ipCD/\")jBk1d@DZKh<#RPQdA7\\\\XCh[D\\!!*?9F(o/r6#:CVF*(?!Ch[D\\!!!0/@VfsmCJJ;TAI;4ACERS4@;]k%$Q!5p@;0OP@<?($BjkgTF^]00Bln'#Erc7@!!!Q1!!!","5243910":"!<d@[F*KLV#64c-E,TfC#QOi)!<d@[F*](X#64o6@VfsmCI<#NAIW-_Bldj%ARo7dDe!Pj$Zg3(G@Pc)DeWa'!WW3#0`(A@&Ftq`$P@#lDfor.;f6Mt6ZljVBk28czn.5R-$#O*mATDKnCi]UW!!$pW!!!$*Ec6&.FD5Z2!2'Jq$O:0a@W,skErl=A!!)T[!$M.0!!ipCD/\")jBk1d@DZKh<#RPQdA7\\\\XCh[D\\!$DOXF(o/r6#:CVF*(?!Ch[D\\!$DFO@VfsmCJJ;TAI;4ACERS4@;]k%$Q!5p@;0OP@<?($BjkgTF^]00Bln'#Erc7@!!!Q1!!!","5244934":"!<d@[F*KLV#64c-E,TfC#QOi)!<d@[F*]+Y#64o6@VfsmCI<#NAIW-_Bldj%ARo7dDe!Pg\"_)%OD0&DO$6ffa%0-BY58=.u5X,kl%KHHX58F4u5<g.g!.[9Nk\"?ft$7?/k%0-BY58=.u5X-7h!.[9H%h/L=JA2j!s$&^g!<@X7)!4I6!Xf<O@<?($Bjkh!!<<*\"D]A`W!=3^aFCB9*Df,QJ\"TSo8@s)7!Bk28cznGWCn$>\"'gFAlmaAO158!'^_qF(o/r;f?JdA,uZ`#S1ujA7\\&CD/XK;;f?JdA,uZ`\"USXSDe!QX@;TQ_:LS#]E,8s#CNBk\"@<Q'nCe\\>[ATDKnCf,=`DKKT7Bk;>dz&-)\\1","5245958":"!<d@[F*KLV#64c-E,TfC#QOi)!<d@[F*].Z#64o6@VfsmCI<#NAIW-_Bldj%ARo7dDe!Pj$#O*mATDKnCi]UW!!$pW!!!$*Ec6&.FD5Z2!2'Jq$O:0a@W,skErl=A!!)Le!!)`?!!ipCD/\")jBk1d@DZKh<#RPQdA7\\\\XCh[D\\!$DOXF(o/r6#:CVF*(?!Ch[D\\!$DFO@VfsmCJJ;TAI;4ACERS4@;]k%$Q!5p@;0OP@<?($BjkgTF^]00Bln'#Erc7@!!!Q1!!!","1031":"!<d@[F*KOW#64c-E,TfC!rr<$!<d@[F*](X#64o6@VfsmCI<#NAIW-_Bldj%ARo7dDe!Pj$#O*mATDKnCi]UW!!((d!!!$*Ec6&.FD5Z2!2'Jq$O:0a@W,skErc7@!9!AH!!ipCD/\")jBk1d@DZKh<#RPQdA7\\\\XCh[D\\!\"]DHF(o/r6#:CVF*(?!Ch[D\\!\"];?@VfsmCJJ;TAI;4ACERS4@;]k%$Q!5p@;0OP@<?($BjkgTF^]00Bln'#Erc7@!!!Q1!!!","2055":"!<d@[F*KOW#64c-E,TfC!rr<$!<d@[F*]+Y#64o6@VfsmCI<#NAIW-_Bldj%ARo7dDe!Pj$#O*mATDKnCi]UW!!((d!!!$*Ec6&.FD5Z2!2'Jq$O:0a@W,skErc7@!9!AH!!ipCD/\")jBk1d@DZKh<#RPQdA7\\\\XCh[D\\!\"]DHF(o/r6#:CVF*(?!Ch[D\\!\"];?@VfsmCJJ;TAI;4ACERS4@;]k%$Q!5p@;0OP@<?($BjkgTF^]00Bln'#Erc7@!!!Q1!!!","3079":"!<d@[F*KOW#64c-E,TfC!rr<$!<d@[F*].Z#64o6@VfsmCI<#NAIW-_Bldj%ARo7dDe!Pj$#O*mATDKnCi]UW!!((d!!!$*Ec6&.FD5Z2!2'Jq$O:0a@W,skErc7@!9!AH!!ipCD/\")jBk1d@DZKh<#RPQdA7\\\\XCh[D\\!\"]DHF(o/r6#:CVF*(?!Ch[D\\!\"];?@VfsmCJJ;TAI;4ACERS4@;]k%$Q!5p@;0OP@<?($BjkgTF^]00Bln'#Erc7@!!!Q1!!!","1049607":"!<d@[F*KOW#64c-E,TfC\"98E%!<d@[F*](X#64o6@VfsmCI<#NAHu^]F`__:EWlSfH#R=4@rc\"\"AM7P6@<?'4F)>?%Cb9[MBl7Km1B[r'DffE0AQSp4!!!-.D.Rd%6#L=OA^XNS56M43DffE0AQf'6!!!<3@rH1\"ARfgnA,lcHDg#]4EbT&q<+U;rF`M%\\De*D^@:s.^!!","1051655":"!<d@[F*KOW#64c-E,TfC\"98E%!<d@[F*].Z#64o6@VfsmCI<#NAJT?/@<?4%DIIR2@UX=nATTMADfTr5\"po!]G%GQ5DfU+(#'\"^#Dfg%+!!!!'\"`nKuFE7E^\"Uo!]E^FS\\@r\"GMA7ZNtFCB9*Df0!(H\"(3'CLqT>DJsQ;BE\\N\\H#R<u@:s.^1'@o#ATMNNDJ*csz!!","2098183":"!<d@[F*KOW#64c-E,TfC\"TSN&!<d@[F*](X#64o6@VfsmCI<#NAIij)E,]`9FCJfiD(T[7CBt)QARTFs)?:*]$31\\L%5,=UZP>++40oq-!.[9Nk\"?ft!!","2100231":"!<d@[F*KOW#64c-E,TfC\"TSN&!<d@[F*].Z#64o6@VfsmCI<#NAIij)E,]`9FCJfiD(T[7CBt)QARTFs4obp6$47LJ!.[9S!!%O6&e>H3bm^rorr7I4*<6'>^_l3,+9;fd$3_FM!.[9H$4SW$40oYS]fWP;k\"?ft!!","3146759":"!<d@[F*KOW#64c-E,TfC\"onW'!<d@[F*](X#64o6@VfsmCI<#NAIW-_Bldj%ARo7dDe!Pj$Zg3(G@Pc)DeWa'!<<*\"n1[',$P@#lDfor.;f6Mt6ZljVBk28dzo^Dh`n1XhM$#O*mATDKnCi]UW!!((d!!!$*Ec6&.FD5Z2!2'Jq$O:0a@W,skErl=A!!!Qp!.lmh!!ipCD/\")jBk1d@DZKh<#RPQdA7\\\\XCh[D\\!!!98F(o/r6#:CVF*(?!Ch[D\\!!!0/@VfsmCJJ;TAI;4ACERS4@;]k%$Q!5p@;0OP@<?($BjkgTF^]00Bln'#Erc7@!!!Q1!!!","3148807":"!<d@[F*KOW#64c-E,TfC\"onW'!<d@[F*].Z#64o6@VfsmCI<#NAIW-_Bldj%ARo7dDe!Pj$#O*mATDKnCi]UW!!((d!!!$*Ec6&.FD5Z2!2'Jq$O:0a@W,skErl=A!!\"#=!.m?5!!ipCD/\")jBk1d@DZKh<#RPQdA7\\\\XCh[D\\!!!98F(o/r6#:CVF*(?!Ch[D\\!!!0/@VfsmCJJ;TAI;4ACERS4@;]k%$Q!5p@;0OP@<?($BjkgTF^]00Bln'#Erc7@!!!Q1!!!","4194311":"!<d@[F*KOW#64c-E,TfC#64`(!<d@[F*]%W#64o6@VfsmCI<#NAIW-_Bldj%ARo7dDe!Pj$#O*mATDKnCi]UW!!((d!!!$*Ec6&.FD5Z2!71cI$O:0a@W,skEs;UE!!)L'!'p*8!.a]e!20%6!5SBC!9!_R!!ipCD/\")jBk1d@DZKh<#RPQdA7\\\\XCh[D\\!!!98F(o/r6#:CVF*(?!Ch[D\\!!!0/@VfsmCJJ;TAI;4ACERS4@;]k%$Q!5p@;0OP@<?($BjkgTF^]00Bln'#Erc7@!!!Q1!!!","4195335":"!<d@[F*KOW#64c-E,TfC#64`(!<d@[F*](X#64o6@VfsmCI<#NAIW-_Bldj%ARo7dDe!Pj$#O*mATDKnCi]UW!!((d!!!$*Ec6&.FD5Z2!71cI$O:0a@W,skEruCB!!\"];!(:cj!9io:!!ipCD/\")jBk1d@DZKh<#RPQdA7\\\\XCh[D\\!!!98F(o/r6#:CVF*(?!Ch[D\\!!!0/@VfsmCJJ;TAI;4ACERS4@;]k%$Q!5p@;0OP@<?($BjkgTF^]00Bln'#Erc7@!!!Q1!!!","4197383":"!<d@[F*KOW#64c-E,TfC#64`(!<d@[F*].Z#64o6@VfsmCI<#NAIW-_Bldj%ARo7dDe!Pg\"_)%OD0$Tq$5a*R*<6(i58\";<!!%O6*<6(i58`NU+9;iXF)Go?@s)7!Bk28c!!!#grr2s+&SH-&F`(_gDJs_dF^f9'A9.bO!!!#g0E;IeD..NtEbSruErc7@!,ihW!!*@GDffE0Bl@khTEP<'#@hmcDeWa'!rr<$!'L8]7\"#\"7kktG\\#RY-[Blm9fA7\\&F!<<**$$0fkAQ*M`Bk.5E!!j*VBk1d@Ci+*3FAm*oBk.5E!!N[<Ci<g!:18!N$;Y)G+E2.*DJO;$(L_JqBl$LPFCfK,@;Je`@;^1$FD5<-!<<*\"!\"],1!!","4198407":"!<d@[F*KOW#64c-E,TfC#64`(!<d@[F*]1[#64o6@VfsmCI<#NAIW-_Bldj%ARo7dDe!Pj$#O*mATDKnCi]UW!!((d!!!$*Ec6&.FD5Z2!2'Jq$O:0a@W,skEsD[F!!*#k!'pJ8!.aj8!.apV!5S56!5S;V!9!?2!!ipCD/\")jBk1d@DZKh<#RPQdA7\\\\XCh[D\\!!!98F(o/r6#:CVF*(?!Ch[D\\!!!0/@VfsmCJJ;TAI;4ACERS4@;]k%$Q!5p@;0OP@<?($BjkgTF^]00Bln'#Erc7@!!!Q1!!!","5243911":"!<d@[F*KOW#64c-E,TfC#QOi)!<d@[F*](X#64o6@VfsmCI<#NAIW-_Bldj%ARo7dDe!Pj$Zg3(G@Pc)DeWa'!WW3#0`(A@&Ftq`$P@#lDfor.;f6Mt6ZljVBk28czn.5R-$#O*mATDKnCi]UW!!$pW!!!$*Ec6&.FD5Z2!2'Jq$O:0a@W,skErl=A!!)Sp!$M.0!!ipCD/\")jBk1d@DZKh<#RPQdA7\\\\XCh[D\\!!!98F(o/r6#:CVF*(?!Ch[D\\!!!0/@VfsmCJJ;TAI;4ACERS4@;]k%$Q!5p@;0OP@<?($BjkgTF^]00Bln'#Erc7@!!!Q1!!!","5244935":"!<d@[F*KOW#64c-E,TfC#QOi)!<d@[F*]+Y#64o6@VfsmCI<#NAIW-_Bldj%ARo7dDe!Pj$#O*mATDKnCi]UW!!$pW!!!$*Ec6&.FD5Z2!2'Jq$O:0a@W,skEruCB!$LbG!$M:6!'p,*!!ipCD/\")jBk1d@DZKh<#RPQdA7\\\\XCh[D\\!!!98F(o/r6#:CVF*(?!Ch[D\\!!!0/@VfsmCJJ;TAI;4ACERS4@;]k%$Q!5p@;0OP@<?($BjkgTF^]00Bln'#Erc7@!!!Q1!!!","5245959":"!<d@[F*KOW#64c-E,TfC#QOi)!<d@[F*].Z#64o6@VfsmCI<#NAIW-_Bldj%ARo7dDe!Pj$#O*mATDKnCi]UW!!$pW!!!$*Ec6&.FD5Z2!2'Jq$O:0a@W,skEruCB!!)Xi!!)`?!$Lbe!!ipCD/\")jBk1d@DZKh<#RPQdA7\\\\XCh[D\\!$DOXF(o/r6#:CVF*(?!Ch[D\\!!!0/@VfsmCJJ;TAI;4ACERS4@;]k%$Q!5p@;0OP@<?($BjkgTF^]00Bln'#Erc7@!!!Q1!!!","2100232":"!<d@[F*KRX#64c-E,TfC\"TSN&!<d@[F*].Z#64o6@VfsmCI<#NAHu^]F`__:EWlSfH#R=5@UX.lATBADF`)#(EbAr8Eb/c5@W-@1Df#U^Ec6&.FCePS!!!!%$#O6pBL-NKCh;?3aZfn5Ec6&.FCeVU!!!!*$\"ImiCh7*uARkc@","3146760":"!<d@[F*KRX#64c-E,TfC\"onW'!<d@[F*](X#64o6@VfsmCI<#NAHu^]F`__:EWlSfH#R=5@UX.lATBADF`)#(EbAr8Eb/c5@W-@1Df#U^Ec6&.FCePS!!!!%$#O6pBL-NKCh;?3aZfn5Ec6&.FCeVU!!!!*$\"ImiCh7*uARkc@","3148808":"!<d@[F*KRX#64c-E,TfC\"onW'!<d@[F*].Z#64o6@VfsmCI<#NAHu^]F`__:EWlSfH#R=6@UX.lATBADF`)#(EbAr8Eb/c5F(K!$ASuSm#BFa)@<?'_z\":8pVF(djWB5D/6&'7$=#BFa)@<?'az#mk*[Ci!ZmFCet_!!","4195336":"!<d@[F*KRX#64c-E,TfC#64`(!<d@[F*](X#64o6@VfsmCI<#NAHu^]F`__:EWlSfH#R=6@UX.lATBADF`)#(EbAr8Eb/c5F(K!$ASuSm#BFa)@<?'_z\":8pVF(djWB5D/6&'7$=#BFa)@<?'az#mk*[Ci!ZmFCet_!!","4197384":"!<d@[F*KRX#64c-E,TfC#64`(!<d@[F*].Z#64o6@VfsmCI<#NAHu^]F`__:EWlSfH#R=6@UX.lATBADF`)#(EbAr8Eb/c5F(K!$ASuSm#BFa)@<?'_z\":8pVF(djWB5D/6&'7$=#BFa)@<?'az#mk*[Ci!ZmFCet_!!","5243912":"!<d@[F*KRX#64c-E,TfC#QOi)!<d@[F*](X#64o6@VfsmCI<#NAHu^]F`__:EWlSfH#R=2@UX.lATBADF`)#(EbAr8Eb/c5FDl+$#BFa)@<?'_z\":8pVF(djWB5D/6&'7$=#BFa)@<?'az#mk*[Ci!ZmFCet_!!","5245960":"!<d@[F*KRX#64c-E,TfC#QOi)!<d@[F*].Z#64o6@VfsmCI<#NAHu^]F`__:EWlSfH#R=2@UX.lATBADF`)#(EbAr8Eb/c5FDl+$#BFa)@<?'_z\":8pVF(djWB5D/6&'7$=#BFa)@<?'az#mk*[Ci!ZmFCet_!!"},"Entities":[],"ReplaceMode":2,"EntranceRotation":-1}