[
  {
    "ingredient": {"type": "item", "code": "game:ingot-*", "name": "metal", "allowedVariants": ["copper", "tinbronze", "bismuthbronze", "blackbronze", "iron", "meteoriciron", "steel"]},
    "name": "sword",
    "pattern": [[
      "__#########",
      "###########",
      "__#########"
    ],
    [
      "___________",
      "__#########",
      "___________"
    ]],
    "output": {"type": "item", "code": "armory:part-shortsword-{metal}"}
  },
  {
    "ingredient": {"type": "item", "code": "game:ingot-*", "name": "metal", "allowedVariants": ["tinbronze", "bismuthbronze", "blackbronze", "iron", "meteoriciron", "steel"]},
    "name": "sword",
    "pattern": [[
      "__############",
      "##############",
      "__############"
    ],
    [
      "______________",
      "__############",
      "______________"
    ]],
    "output": {"type": "item", "code": "armory:part-longsword-{metal}"}
  },
  {
    "ingredient": {"type": "item", "code": "game:ingot-*", "name": "metal", "allowedVariants": ["steel", "iron", "meteoriciron"]},
    "name": "sword",
    "pattern": [[
      "__##############",
      "################",
      "__##############"
    ],
    [
      "________________",
      "__##############",
      "________________"
    ]],
    "output": {"type": "item", "code": "armory:part-greatsword-{metal}"}
  }
]