{
	"editor": {
		"allAngles": false,
		"entityTextureMode": false
	},
	"textureWidth": 16,
	"textureHeight": 16,
	"textureSizes": {
	},
	"textures": {
	},
	"elements": [
		{
			"name": "rotor",
			"from": [ 0.0, 7.0, 0.0 ], 
			"to": [ 0.0, 7.0, 0.0 ], 
			"rotationOrigin": [ 8.0, 8.0, 8.0 ],
			"rotationX": -60.0,
			"rotationZ": -180.0,
			"faces": {
				"north": { "texture": "#null", "uv": [ 6.5, 12.0, 7.0, 12.5 ], "enabled": false },
				"east": { "texture": "#null", "uv": [ 3.0, 14.0, 3.5, 14.5 ], "enabled": false },
				"south": { "texture": "#null", "uv": [ 11.5, 9.0, 12.0, 9.5 ], "enabled": false },
				"west": { "texture": "#null", "uv": [ 11.0, 11.5, 11.5, 12.0 ], "enabled": false },
				"up": { "texture": "#null", "uv": [ 12.0, 15.0, 12.5, 15.5 ], "enabled": false },
				"down": { "texture": "#null", "uv": [ 6.0, 2.5, 6.5, 3.0 ], "enabled": false }
			},
			"children": [
				{
					"name": "mainbeam-l139",
					"from": [ 9.4, -8.0, 13.0 ], 
					"to": [ 9.4, -8.0, 13.0 ], 
					"rotationOrigin": [ 9.4, -7.0, 14.0 ],
					"rotationX": 170.0,
					"rotationY": -10.0,
					"rotationZ": 90.0,
					"faces": {
						"north": { "texture": "#wood", "uv": [ 11.5, 8.5, 12.0, 9.0 ] },
						"east": { "texture": "#wood", "uv": [ 10.5, 5.5, 11.0, 6.0 ], "enabled": false },
						"south": { "texture": "#wood", "uv": [ 6.5, 2.0, 7.0, 2.5 ] },
						"west": { "texture": "#wood", "uv": [ 12.0, 11.5, 12.5, 12.0 ], "enabled": false },
						"up": { "texture": "#wood", "uv": [ 14.5, 1.0, 15.0, 1.5 ] },
						"down": { "texture": "#wood", "uv": [ 4.5, 13.5, 5.0, 14.0 ] }
					},
					"children": [
						{
							"name": "beam150",
							"from": [ -1.0, 0.7, -4.3 ], 
							"to": [ 0.0, 1.9, 1.3 ], 
							"rotationOrigin": [ -1.0, 0.7, -6.3 ],
							"rotationX": 1.0,
							"rotationY": 9.0,
							"faces": {
								"north": { "texture": "#wood", "uv": [ 1.0, 14.5, 2.0, 15.5 ] },
								"east": { "texture": "#wood", "uv": [ 8.5, 10.5, 14.0, 11.5 ] },
								"south": { "texture": "#wood", "uv": [ 0.5, 7.0, 1.5, 8.0 ] },
								"west": { "texture": "#wood", "uv": [ 1.5, 3.5, 7.0, 4.5 ] },
								"up": { "texture": "#wood", "uv": [ 4.5, 3.0, 5.5, 8.5 ] },
								"down": { "texture": "#wood", "uv": [ 12.0, 1.0, 13.0, 6.5 ] }
							}
						},
						{
							"name": "beam150",
							"from": [ 14.0, 0.5, -6.8 ], 
							"to": [ 15.0, 1.7, 1.3 ], 
							"rotationOrigin": [ 14.0, 0.5, -8.8 ],
							"rotationY": 9.0,
							"faces": {
								"north": { "texture": "#wood", "uv": [ 7.5, 12.5, 8.5, 13.5 ] },
								"east": { "texture": "#wood", "uv": [ 4.0, 9.0, 12.0, 10.0 ] },
								"south": { "texture": "#wood", "uv": [ 14.0, 9.5, 15.0, 10.5 ] },
								"west": { "texture": "#wood", "uv": [ 3.0, 1.5, 11.0, 2.5 ] },
								"up": { "texture": "#wood", "uv": [ 3.0, 6.0, 4.0, 14.0 ] },
								"down": { "texture": "#wood", "uv": [ 10.5, 6.0, 11.5, 14.0 ] }
							}
						},
						{
							"name": "beam150",
							"from": [ 29.0, 0.5, -9.2 ], 
							"to": [ 30.0, 1.7, 1.3 ], 
							"rotationOrigin": [ 29.0, 0.5, -11.2 ],
							"rotationY": 9.0,
							"faces": {
								"north": { "texture": "#wood", "uv": [ 7.0, 4.0, 8.0, 5.0 ] },
								"east": { "texture": "#wood", "uv": [ 3.5, 11.0, 14.0, 12.0 ] },
								"south": { "texture": "#wood", "uv": [ 4.0, 2.0, 5.0, 3.0 ] },
								"west": { "texture": "#wood", "uv": [ 3.5, 9.5, 14.0, 10.5 ] },
								"up": { "texture": "#wood", "uv": [ 5.0, 0.0, 6.0, 10.5 ] },
								"down": { "texture": "#wood", "uv": [ 5.5, 5.0, 6.5, 15.5 ] }
							}
						},
						{
							"name": "beam150",
							"from": [ 44.0, 0.5, -11.7 ], 
							"to": [ 45.0, 1.7, 1.6 ], 
							"rotationOrigin": [ 44.0, 0.5, -13.7 ],
							"rotationY": 9.0,
							"faces": {
								"north": { "texture": "#wood", "uv": [ 13.0, 0.5, 14.0, 1.5 ] },
								"east": { "texture": "#wood", "uv": [ 0.0, 7.0, 13.0, 8.0 ] },
								"south": { "texture": "#wood", "uv": [ 3.5, 1.5, 4.5, 2.5 ] },
								"west": { "texture": "#wood", "uv": [ 1.0, 3.5, 14.0, 4.5 ] },
								"up": { "texture": "#wood", "uv": [ 3.5, 0.5, 4.5, 13.5 ] },
								"down": { "texture": "#wood", "uv": [ 12.5, 0.5, 13.5, 13.5 ] }
							}
						},
						{
							"name": "beam150",
							"from": [ 59.8, 0.5, -14.3 ], 
							"to": [ 60.8, 1.7, 0.7 ], 
							"rotationOrigin": [ 59.8, 0.5, -16.3 ],
							"rotationY": 9.0,
							"faces": {
								"north": { "texture": "#wood", "uv": [ 5.5, 4.0, 6.5, 5.0 ] },
								"east": { "texture": "#wood", "uv": [ 0.0, 5.0, 15.0, 6.0 ] },
								"south": { "texture": "#wood", "uv": [ 6.5, 11.0, 7.5, 12.0 ] },
								"west": { "texture": "#wood", "uv": [ 0.0, 2.0, 15.0, 3.0 ] },
								"up": { "texture": "#wood", "uv": [ 5.0, 0.0, 6.0, 15.0 ] },
								"down": { "texture": "#wood", "uv": [ 7.5, 0.0, 8.5, 15.0 ] }
							}
						},
						{
							"name": "beam150",
							"from": [ 75.4, 0.5, -16.9 ], 
							"to": [ 76.4, 1.7, -1.1 ], 
							"rotationOrigin": [ 75.4, 0.5, -18.9 ],
							"rotationY": 9.0,
							"faces": {
								"north": { "texture": "#wood", "uv": [ 3.0, 3.5, 4.0, 4.5 ] },
								"east": { "texture": "#wood", "uv": [ 0.0, 9.5, 15.5, 10.5 ] },
								"south": { "texture": "#wood", "uv": [ 4.5, 0.5, 5.5, 1.5 ] },
								"west": { "texture": "#wood", "uv": [ 0.0, 9.5, 15.5, 10.5 ] },
								"up": { "texture": "#wood", "uv": [ 2.0, 0.0, 3.0, 15.5 ] },
								"down": { "texture": "#wood", "uv": [ 0.5, 0.0, 1.5, 15.5 ] }
							}
						},
						{
							"name": "beam150",
							"from": [ 78.83, 0.5, 1.0 ], 
							"to": [ 79.83, 1.7, 16.9 ], 
							"rotationOrigin": [ 78.8, 0.5, -1.0 ],
							"rotationY": -6.0,
							"faces": {
								"north": { "texture": "#wood", "uv": [ 3.5, 10.0, 4.5, 11.0 ] },
								"east": { "texture": "#wood", "uv": [ 0.0, 5.0, 15.5, 6.0 ] },
								"south": { "texture": "#wood", "uv": [ 12.0, 13.5, 13.0, 14.5 ] },
								"west": { "texture": "#wood", "uv": [ 0.0, 14.5, 15.5, 15.5 ] },
								"up": { "texture": "#wood", "uv": [ 6.0, 0.0, 7.0, 15.5 ] },
								"down": { "texture": "#wood", "uv": [ 6.5, 0.0, 7.5, 15.5 ] }
							}
						},
						{
							"name": "beam150",
							"from": [ 62.9, 0.5, 1.5 ], 
							"to": [ 63.9, 1.7, 17.5 ], 
							"rotationOrigin": [ 62.9, 0.5, -0.5 ],
							"rotationY": -9.0,
							"faces": {
								"north": { "texture": "#wood", "uv": [ 13.5, 8.0, 14.5, 9.0 ] },
								"east": { "texture": "#wood", "uv": [ 0.0, 0.5, 16.0, 1.5 ] },
								"south": { "texture": "#wood", "uv": [ 11.5, 6.5, 12.5, 7.5 ] },
								"west": { "texture": "#wood", "uv": [ 0.0, 10.5, 16.0, 11.5 ] },
								"up": { "texture": "#wood", "uv": [ 4.5, 0.0, 5.5, 16.0 ] },
								"down": { "texture": "#wood", "uv": [ 14.5, 0.0, 15.5, 16.0 ] }
							}
						},
						{
							"name": "beam150",
							"from": [ 46.8, 0.5, 1.1 ], 
							"to": [ 47.8, 1.7, 14.5 ], 
							"rotationOrigin": [ 46.8, 0.5, -0.9 ],
							"rotationY": -9.0,
							"faces": {
								"north": { "texture": "#wood", "uv": [ 6.5, 6.5, 7.5, 7.5 ] },
								"east": { "texture": "#wood", "uv": [ 0.5, 10.5, 13.5, 11.5 ] },
								"south": { "texture": "#wood", "uv": [ 2.5, 2.0, 3.5, 3.0 ] },
								"west": { "texture": "#wood", "uv": [ 1.0, 2.0, 14.0, 3.0 ] },
								"up": { "texture": "#wood", "uv": [ 13.5, 0.5, 14.5, 13.5 ] },
								"down": { "texture": "#wood", "uv": [ 0.0, 0.5, 1.0, 13.5 ] }
							}
						},
						{
							"name": "beam150",
							"from": [ 31.3, 0.5, 0.8 ], 
							"to": [ 32.3, 1.7, 12.6 ], 
							"rotationOrigin": [ 31.3, 0.5, -1.2 ],
							"rotationY": -9.0,
							"faces": {
								"north": { "texture": "#wood", "uv": [ 11.0, 0.5, 12.0, 1.5 ] },
								"east": { "texture": "#wood", "uv": [ 0.5, 9.0, 12.0, 10.0 ] },
								"south": { "texture": "#wood", "uv": [ 11.5, 6.0, 12.5, 7.0 ] },
								"west": { "texture": "#wood", "uv": [ 2.5, 3.5, 14.0, 4.5 ] },
								"up": { "texture": "#wood", "uv": [ 5.0, 1.5, 6.0, 13.0 ] },
								"down": { "texture": "#wood", "uv": [ 14.0, 1.5, 15.0, 13.0 ] }
							}
						},
						{
							"name": "beam150",
							"from": [ 15.9, 0.5, 0.8 ], 
							"to": [ 16.9, 1.7, 9.8 ], 
							"rotationOrigin": [ 15.9, 0.5, -1.2 ],
							"rotationY": -9.0,
							"faces": {
								"north": { "texture": "#wood", "uv": [ 0.0, 13.5, 1.0, 14.5 ] },
								"east": { "texture": "#wood", "uv": [ 2.5, 5.5, 11.5, 6.5 ] },
								"south": { "texture": "#wood", "uv": [ 7.0, 12.0, 8.0, 13.0 ] },
								"west": { "texture": "#wood", "uv": [ 5.5, 4.5, 14.5, 5.5 ] },
								"up": { "texture": "#wood", "uv": [ 9.5, 4.0, 10.5, 13.0 ] },
								"down": { "texture": "#wood", "uv": [ 0.5, 6.0, 1.5, 15.0 ] }
							}
						},
						{
							"name": "beam151",
							"from": [ 0.5, 0.5, 0.9 ], 
							"to": [ 1.5, 1.7, 7.1 ], 
							"rotationOrigin": [ 0.5, 0.5, -1.1 ],
							"rotationY": -9.0,
							"faces": {
								"north": { "texture": "#wood", "uv": [ 13.0, 14.0, 14.0, 15.0 ] },
								"east": { "texture": "#wood", "uv": [ 4.5, 13.5, 10.5, 14.5 ] },
								"south": { "texture": "#wood", "uv": [ 10.5, 8.5, 11.5, 9.5 ] },
								"west": { "texture": "#wood", "uv": [ 5.5, 6.5, 11.5, 7.5 ] },
								"up": { "texture": "#wood", "uv": [ 6.0, 3.0, 7.0, 9.0 ] },
								"down": { "texture": "#wood", "uv": [ 7.5, 7.0, 8.5, 13.0 ] }
							}
						},
						{
							"name": "cloth169",
							"from": [ 31.3, 1.1, -1.3 ], 
							"to": [ 47.1, 1.3, 7.9 ], 
							"renderPass": 1,
							"rotationOrigin": [ -0.7, 3.1, -2.3 ],
							"rotationY": -9.0,
							"faces": {
								"north": { "texture": "#cloth", "uv": [ 0.0, 8.0, 15.5, 8.5 ], "enabled": false },
								"east": { "texture": "#cloth", "uv": [ 5.5, 9.5, 14.5, 10.0 ] },
								"south": { "texture": "#cloth", "uv": [ 0.0, 4.0, 15.5, 4.5 ], "enabled": false },
								"west": { "texture": "#cloth", "uv": [ 0.5, 10.0, 9.5, 10.5 ] },
								"up": { "texture": "#cloth", "uv": [ 0.0, 3.5, 15.5, 12.5 ] },
								"down": { "texture": "#cloth", "uv": [ 0.0, 4.5, 15.5, 13.5 ] }
							}
						},
						{
							"name": "cloth169",
							"from": [ 47.0, 1.1, -3.0 ], 
							"to": [ 63.0, 1.3, 8.0 ], 
							"renderPass": 1,
							"rotationOrigin": [ -1.0, 3.1, -2.7 ],
							"rotationY": -9.0,
							"faces": {
								"north": { "texture": "#cloth", "uv": [ 0.0, 6.0, 16.0, 6.5 ], "enabled": false },
								"east": { "texture": "#cloth", "uv": [ 5.5, 7.0, 16.5, 7.5 ] },
								"south": { "texture": "#cloth", "uv": [ 0.0, 5.0, 16.0, 5.5 ], "enabled": false },
								"west": { "texture": "#cloth", "uv": [ 6.0, 10.5, 17.0, 11.0 ] },
								"up": { "texture": "#cloth", "uv": [ 0.0, 1.5, 16.0, 12.5 ] },
								"down": { "texture": "#cloth", "uv": [ 0.0, 4.0, 16.0, 15.0 ] }
							}
						},
						{
							"name": "cloth169",
							"from": [ 63.6, 1.1, -3.7 ], 
							"to": [ 79.4, 1.3, 8.1 ], 
							"renderPass": 1,
							"rotationOrigin": [ -0.5, 3.1, -3.7 ],
							"rotationY": -9.0,
							"faces": {
								"north": { "texture": "#cloth", "uv": [ 0.0, 1.5, 15.5, 2.0 ], "enabled": false },
								"east": { "texture": "#cloth", "uv": [ 4.5, 8.5, 16.0, 9.0 ] },
								"south": { "texture": "#cloth", "uv": [ 0.0, 12.5, 15.5, 13.0 ], "enabled": false },
								"west": { "texture": "#cloth", "uv": [ 1.0, 8.0, 12.5, 8.5 ] },
								"up": { "texture": "#cloth", "uv": [ 0.5, 1.5, 16.0, 13.0 ] },
								"down": { "texture": "#cloth", "uv": [ 0.5, 3.0, 16.0, 14.5 ] }
							}
						},
						{
							"name": "cloth169",
							"from": [ 0.7, 1.1, 1.4 ], 
							"to": [ 16.0, 1.3, 7.9 ], 
							"renderPass": 1,
							"rotationOrigin": [ 0.7, 3.1, 0.0 ],
							"rotationY": -9.0,
							"faces": {
								"north": { "texture": "#cloth", "uv": [ 0.5, 11.0, 15.5, 11.5 ], "enabled": false },
								"east": { "texture": "#cloth", "uv": [ 7.5, 12.0, 14.0, 12.5 ] },
								"south": { "texture": "#cloth", "uv": [ 0.5, 14.5, 15.5, 15.0 ], "enabled": false },
								"west": { "texture": "#cloth", "uv": [ 2.0, 6.0, 8.5, 6.5 ] },
								"up": { "texture": "#cloth", "uv": [ 0.5, 1.5, 15.5, 8.0 ] },
								"down": { "texture": "#cloth", "uv": [ 0.5, 7.5, 15.5, 14.0 ] }
							}
						},
						{
							"name": "cloth169",
							"from": [ 15.6, 1.1, -0.1 ], 
							"to": [ 31.2, 1.3, 7.9 ], 
							"renderPass": 1,
							"rotationOrigin": [ -0.4, 3.1, -0.1 ],
							"rotationY": -9.0,
							"faces": {
								"north": { "texture": "#cloth", "uv": [ 0.0, 8.0, 15.5, 8.5 ], "enabled": false },
								"east": { "texture": "#cloth", "uv": [ 0.0, 5.0, 8.0, 5.5 ] },
								"south": { "texture": "#cloth", "uv": [ 0.0, 3.5, 15.5, 4.0 ], "enabled": false },
								"west": { "texture": "#cloth", "uv": [ 3.5, 0.5, 11.5, 1.0 ] },
								"up": { "texture": "#cloth", "uv": [ 0.0, 5.5, 15.5, 13.5 ] },
								"down": { "texture": "#cloth", "uv": [ 0.0, 7.0, 15.5, 15.0 ] }
							}
						},
						{
							"name": "cloth169",
							"from": [ 0.6, 1.0, -0.4 ], 
							"to": [ 16.0, 1.2, 3.0 ], 
							"renderPass": 1,
							"rotationOrigin": [ 0.6, 2.9, -0.4 ],
							"rotationY": -4.5,
							"faces": {
								"north": { "texture": "#cloth", "uv": [ 0.0, 13.5, 15.0, 14.0 ], "enabled": false },
								"east": { "texture": "#cloth", "uv": [ 7.0, 7.0, 10.0, 7.5 ] },
								"south": { "texture": "#cloth", "uv": [ 0.0, 0.5, 15.0, 1.0 ], "enabled": false },
								"west": { "texture": "#cloth", "uv": [ 11.0, 12.0, 14.0, 12.5 ] },
								"up": { "texture": "#cloth", "uv": [ 0.0, 9.0, 15.0, 12.0 ] },
								"down": { "texture": "#cloth", "uv": [ 0.0, 12.5, 15.0, 15.5 ] }
							}
						},
						{
							"name": "cloth169",
							"from": [ 15.75, 1.0, -1.6 ], 
							"to": [ 31.45, 1.2, 2.8 ], 
							"renderPass": 1,
							"rotationOrigin": [ -0.2, 2.9, -1.6 ],
							"rotationY": -4.5,
							"faces": {
								"north": { "texture": "#cloth", "uv": [ 0.0, 10.0, 15.5, 10.5 ], "enabled": false },
								"east": { "texture": "#cloth", "uv": [ 7.5, 2.5, 11.5, 3.0 ] },
								"south": { "texture": "#cloth", "uv": [ 0.0, 0.0, 15.5, 0.5 ], "enabled": false },
								"west": { "texture": "#cloth", "uv": [ 10.0, 12.0, 14.0, 12.5 ] },
								"up": { "texture": "#cloth", "uv": [ 0.0, 3.0, 15.5, 7.0 ] },
								"down": { "texture": "#cloth", "uv": [ 0.0, 1.0, 15.5, 5.0 ] }
							}
						},
						{
							"name": "cloth169",
							"from": [ 31.4, 1.0, -1.9 ], 
							"to": [ 46.8, 1.2, 3.0 ], 
							"renderPass": 1,
							"rotationOrigin": [ -0.6, 2.9, -1.9 ],
							"rotationY": -4.5,
							"faces": {
								"north": { "texture": "#cloth", "uv": [ 0.0, 14.5, 15.0, 15.0 ], "enabled": false },
								"east": { "texture": "#cloth", "uv": [ 2.5, 3.0, 7.0, 3.5 ] },
								"south": { "texture": "#cloth", "uv": [ 0.0, 5.0, 15.0, 5.5 ], "enabled": false },
								"west": { "texture": "#cloth", "uv": [ 1.5, 14.0, 6.0, 14.5 ] },
								"up": { "texture": "#cloth", "uv": [ 0.0, 1.0, 15.0, 5.5 ] },
								"down": { "texture": "#cloth", "uv": [ 0.0, 1.0, 15.0, 5.5 ] }
							}
						},
						{
							"name": "cloth169",
							"from": [ 47.1, 1.0, -4.0 ], 
							"to": [ 63.1, 1.2, 2.7 ], 
							"renderPass": 1,
							"rotationOrigin": [ -0.9, 2.9, -4.0 ],
							"rotationY": -4.5,
							"faces": {
								"north": { "texture": "#cloth", "uv": [ 0.0, 4.0, 16.0, 4.5 ], "enabled": false },
								"east": { "texture": "#cloth", "uv": [ 6.5, 2.5, 13.0, 3.0 ] },
								"south": { "texture": "#cloth", "uv": [ 0.0, 4.0, 16.0, 4.5 ], "enabled": false },
								"west": { "texture": "#cloth", "uv": [ 8.0, 0.0, 14.5, 0.5 ] },
								"up": { "texture": "#cloth", "uv": [ 0.0, 3.0, 16.0, 9.5 ] },
								"down": { "texture": "#cloth", "uv": [ 0.0, 8.0, 16.0, 14.5 ] }
							}
						},
						{
							"name": "cloth169",
							"from": [ 63.6, 1.0, -5.2 ], 
							"to": [ 79.0, 1.2, 3.4 ], 
							"renderPass": 1,
							"rotationOrigin": [ -0.4, 2.9, -5.2 ],
							"rotationY": -4.5,
							"faces": {
								"north": { "texture": "#cloth", "uv": [ 0.0, 5.0, 15.0, 5.5 ], "enabled": false },
								"east": { "texture": "#cloth", "uv": [ 5.5, 13.0, 14.0, 13.5 ] },
								"south": { "texture": "#cloth", "uv": [ 0.0, 1.0, 15.0, 1.5 ], "enabled": false },
								"west": { "texture": "#cloth", "uv": [ 4.0, 10.0, 12.5, 10.5 ] },
								"up": { "texture": "#cloth", "uv": [ 0.5, 6.0, 15.5, 14.5 ] },
								"down": { "texture": "#cloth", "uv": [ 0.5, 2.0, 15.5, 10.5 ] }
							}
						},
						{
							"name": "cloth169",
							"from": [ 62.1, 1.1, -4.2 ], 
							"to": [ 77.5, 1.3, 6.2 ], 
							"renderPass": 1,
							"rotationOrigin": [ -1.9, 3.1, -4.2 ],
							"rotationY": 9.0,
							"faces": {
								"north": { "texture": "#cloth", "uv": [ 0.5, 6.5, 15.5, 7.0 ] },
								"east": { "texture": "#cloth", "uv": [ 3.5, 14.0, 13.5, 14.5 ] },
								"south": { "texture": "#cloth", "uv": [ 0.5, 11.0, 15.5, 11.5 ], "enabled": false },
								"west": { "texture": "#cloth", "uv": [ 0.0, 6.5, 10.0, 7.0 ] },
								"up": { "texture": "#cloth", "uv": [ 0.5, 4.5, 15.5, 14.5 ] },
								"down": { "texture": "#cloth", "uv": [ 1.0, 3.0, 16.0, 13.0 ] }
							}
						},
						{
							"name": "cloth169",
							"from": [ 45.5, 1.1, -4.2 ], 
							"to": [ 61.5, 1.3, 4.9 ], 
							"renderPass": 1,
							"rotationOrigin": [ -2.5, 3.1, -4.2 ],
							"rotationY": 9.0,
							"faces": {
								"north": { "texture": "#cloth", "uv": [ 0.0, 11.5, 16.0, 12.0 ] },
								"east": { "texture": "#cloth", "uv": [ 3.0, 0.5, 12.0, 1.0 ] },
								"south": { "texture": "#cloth", "uv": [ 0.0, 4.5, 16.0, 5.0 ], "enabled": false },
								"west": { "texture": "#cloth", "uv": [ 3.5, 6.0, 12.5, 6.5 ] },
								"up": { "texture": "#cloth", "uv": [ 0.0, 6.0, 16.0, 15.0 ] },
								"down": { "texture": "#cloth", "uv": [ 0.0, 5.0, 16.0, 14.0 ] }
							}
						},
						{
							"name": "cloth169",
							"from": [ 30.2, 1.1, -4.2 ], 
							"to": [ 45.4, 1.3, 3.5 ], 
							"renderPass": 1,
							"rotationOrigin": [ -1.8, 3.1, -4.2 ],
							"rotationY": 9.0,
							"faces": {
								"north": { "texture": "#cloth", "uv": [ 0.5, 7.0, 15.5, 7.5 ] },
								"east": { "texture": "#cloth", "uv": [ 6.0, 0.5, 13.5, 1.0 ] },
								"south": { "texture": "#cloth", "uv": [ 0.5, 6.5, 15.5, 7.0 ], "enabled": false },
								"west": { "texture": "#cloth", "uv": [ 4.0, 6.0, 11.5, 6.5 ] },
								"up": { "texture": "#cloth", "uv": [ 0.5, 1.0, 15.5, 8.5 ] },
								"down": { "texture": "#cloth", "uv": [ 0.5, 7.0, 15.5, 14.5 ] }
							}
						},
						{
							"name": "cloth169",
							"from": [ 14.5, 1.1, -4.2 ], 
							"to": [ 30.1, 1.3, 2.3 ], 
							"renderPass": 1,
							"rotationOrigin": [ -1.5, 3.1, -4.2 ],
							"rotationY": 9.0,
							"faces": {
								"north": { "texture": "#cloth", "uv": [ 0.0, 6.5, 15.5, 7.0 ] },
								"east": { "texture": "#cloth", "uv": [ 0.0, 9.5, 6.5, 10.0 ] },
								"south": { "texture": "#cloth", "uv": [ 0.0, 3.0, 15.5, 3.5 ], "enabled": false },
								"west": { "texture": "#cloth", "uv": [ 4.5, 2.5, 11.0, 3.0 ] },
								"up": { "texture": "#cloth", "uv": [ 0.0, 5.0, 15.5, 11.5 ] },
								"down": { "texture": "#cloth", "uv": [ 0.0, 5.5, 15.5, 12.0 ] }
							}
						},
						{
							"name": "cloth169",
							"from": [ -0.5, 1.1, -4.2 ], 
							"to": [ 15.5, 1.3, 0.5 ], 
							"renderPass": 1,
							"rotationOrigin": [ -0.5, 3.1, -4.2 ],
							"rotationY": 9.0,
							"faces": {
								"north": { "texture": "#cloth", "uv": [ 0.0, 9.5, 16.0, 10.0 ] },
								"east": { "texture": "#cloth", "uv": [ 4.0, 10.5, 8.5, 11.0 ] },
								"south": { "texture": "#cloth", "uv": [ 0.0, 7.0, 16.0, 7.5 ], "enabled": false },
								"west": { "texture": "#cloth", "uv": [ 5.5, 12.0, 10.0, 12.5 ] },
								"up": { "texture": "#cloth", "uv": [ 0.0, 3.5, 16.0, 8.0 ] },
								"down": { "texture": "#cloth", "uv": [ 0.0, 9.0, 16.0, 13.5 ] }
							}
						},
						{
							"name": "cloth169",
							"from": [ 63.0, 1.0, -0.8 ], 
							"to": [ 78.4, 1.2, 7.8 ], 
							"renderPass": 1,
							"rotationOrigin": [ -1.0, 2.9, -0.8 ],
							"rotationX": 2.0,
							"rotationY": 4.5,
							"faces": {
								"north": { "texture": "#cloth", "uv": [ 0.0, 9.0, 15.0, 9.5 ], "enabled": false },
								"east": { "texture": "#cloth", "uv": [ 7.5, 12.5, 16.0, 13.0 ] },
								"south": { "texture": "#cloth", "uv": [ 0.0, 14.5, 15.0, 15.0 ], "enabled": false },
								"west": { "texture": "#cloth", "uv": [ 9.0, 12.0, 17.5, 12.5 ] },
								"up": { "texture": "#cloth", "uv": [ 0.5, 0.5, 15.5, 9.0 ] },
								"down": { "texture": "#cloth", "uv": [ 0.0, 0.5, 15.0, 9.0 ] }
							}
						},
						{
							"name": "cloth169",
							"from": [ 46.7, 1.0, -0.6 ], 
							"to": [ 62.7, 1.2, 6.5 ], 
							"renderPass": 1,
							"rotationOrigin": [ -1.3, 2.9, -0.6 ],
							"rotationX": 2.0,
							"rotationY": 4.5,
							"faces": {
								"north": { "texture": "#cloth", "uv": [ 0.0, 2.5, 16.0, 3.0 ], "enabled": false },
								"east": { "texture": "#cloth", "uv": [ 7.0, 4.0, 14.0, 4.5 ] },
								"south": { "texture": "#cloth", "uv": [ 0.0, 9.5, 16.0, 10.0 ], "enabled": false },
								"west": { "texture": "#cloth", "uv": [ 5.0, 2.0, 12.0, 2.5 ] },
								"up": { "texture": "#cloth", "uv": [ 0.0, 2.0, 16.0, 9.0 ] },
								"down": { "texture": "#cloth", "uv": [ 0.0, 4.5, 16.0, 11.5 ] }
							}
						},
						{
							"name": "cloth169",
							"from": [ 31.1, 1.0, -0.4 ], 
							"to": [ 46.4, 1.2, 6.0 ], 
							"renderPass": 1,
							"rotationOrigin": [ -0.9, 2.9, -0.4 ],
							"rotationX": 2.0,
							"rotationY": 4.5,
							"faces": {
								"north": { "texture": "#cloth", "uv": [ 0.0, 1.5, 15.0, 2.0 ], "enabled": false },
								"east": { "texture": "#cloth", "uv": [ 9.5, 1.0, 15.5, 1.5 ] },
								"south": { "texture": "#cloth", "uv": [ 0.5, 3.0, 15.5, 3.5 ], "enabled": false },
								"west": { "texture": "#cloth", "uv": [ 0.5, 9.0, 6.5, 9.5 ] },
								"up": { "texture": "#cloth", "uv": [ 0.5, 5.5, 15.5, 11.5 ] },
								"down": { "texture": "#cloth", "uv": [ 0.5, 1.0, 15.5, 7.0 ] }
							}
						},
						{
							"name": "cloth170",
							"from": [ 15.3, 1.0, -0.8 ], 
							"to": [ 31.1, 1.2, 3.6 ], 
							"renderPass": 1,
							"rotationOrigin": [ -0.7, 2.9, -0.8 ],
							"rotationX": 2.0,
							"rotationY": 4.5,
							"faces": {
								"north": { "texture": "#cloth", "uv": [ 0.0, 3.5, 15.5, 4.0 ], "enabled": false },
								"east": { "texture": "#cloth", "uv": [ 7.0, 1.5, 11.0, 2.0 ] },
								"south": { "texture": "#cloth", "uv": [ 0.0, 4.0, 15.5, 4.5 ], "enabled": false },
								"west": { "texture": "#cloth", "uv": [ 2.5, 15.0, 6.5, 15.5 ] },
								"up": { "texture": "#cloth", "uv": [ 0.0, 8.0, 15.5, 12.0 ] },
								"down": { "texture": "#cloth", "uv": [ 0.0, 8.0, 15.5, 12.0 ] }
							}
						},
						{
							"name": "cloth171",
							"from": [ 0.0, 1.0, -1.1 ], 
							"to": [ 15.75, 1.2, 2.3 ], 
							"renderPass": 1,
							"rotationOrigin": [ 0.0, 2.9, -1.6 ],
							"rotationX": 2.0,
							"rotationY": 4.5,
							"faces": {
								"north": { "texture": "#cloth", "uv": [ 0.0, 1.5, 15.5, 2.0 ], "enabled": false },
								"east": { "texture": "#cloth", "uv": [ 3.0, 7.5, 6.0, 8.0 ] },
								"south": { "texture": "#cloth", "uv": [ 0.0, 4.5, 15.5, 5.0 ], "enabled": false },
								"west": { "texture": "#cloth", "uv": [ 7.5, 1.0, 10.5, 1.5 ] },
								"up": { "texture": "#cloth", "uv": [ 0.0, 3.0, 15.5, 6.0 ] },
								"down": { "texture": "#cloth", "uv": [ 0.0, 11.5, 15.5, 14.5 ] }
							}
						},
						{
							"name": "beam173",
							"from": [ 78.83, 0.5, 16.9 ], 
							"to": [ 79.83, 1.7, 20.9 ], 
							"rotationOrigin": [ 78.9, 0.5, -1.1 ],
							"rotationY": -6.0,
							"faces": {
								"north": { "texture": "#wood", "uv": [ 6.0, 8.0, 7.0, 9.0 ] },
								"east": { "texture": "#wood", "uv": [ 10.0, 7.0, 14.0, 8.0 ] },
								"south": { "texture": "#wood", "uv": [ 11.5, 9.5, 12.5, 10.5 ] },
								"west": { "texture": "#wood", "uv": [ 11.5, 10.5, 15.5, 11.5 ] },
								"up": { "texture": "#wood", "uv": [ 5.0, 11.5, 6.0, 15.5 ] },
								"down": { "texture": "#wood", "uv": [ 8.5, 2.5, 9.5, 6.5 ] }
							}
						},
						{
							"name": "beam173",
							"from": [ 75.4, 0.5, -1.1 ], 
							"to": [ 76.4, 1.7, 1.5 ], 
							"rotationOrigin": [ 75.4, 0.5, -19.1 ],
							"rotationY": 9.0,
							"faces": {
								"north": { "texture": "#wood", "uv": [ 1.0, 5.0, 2.0, 6.0 ] },
								"east": { "texture": "#wood", "uv": [ 9.0, 2.0, 11.5, 3.0 ] },
								"south": { "texture": "#wood", "uv": [ 13.0, 12.5, 14.0, 13.5 ] },
								"west": { "texture": "#wood", "uv": [ 7.5, 9.5, 10.0, 10.5 ] },
								"up": { "texture": "#wood", "uv": [ 9.5, 12.5, 10.5, 15.0 ] },
								"down": { "texture": "#wood", "uv": [ 11.5, 2.5, 12.5, 5.0 ] }
							}
						},
						{
							"name": "blade176",
							"from": [ -2.0419, 0.3527, 7.0622 ], 
							"to": [ -0.0419, 2.3527, 23.0622 ], 
							"rotationOrigin": [ -1.0419, 1.3527, 7.0622 ],
							"rotationX": -1.371,
							"rotationY": 79.804,
							"rotationZ": -88.805,
							"faces": {
								"north": { "texture": "#wood", "uv": [ 3.5, 6.5, 5.5, 8.5 ], "enabled": false },
								"east": { "texture": "#wood", "uv": [ 0.0, 0.5, 16.0, 2.5 ] },
								"south": { "texture": "#wood", "uv": [ 9.5, 5.0, 11.5, 7.0 ] },
								"west": { "texture": "#wood", "uv": [ 0.0, 9.5, 16.0, 11.5 ] },
								"up": { "texture": "#wood", "uv": [ 0.0, 10.5, 16.0, 12.5 ], "rotation": 90 },
								"down": { "texture": "#wood", "uv": [ 0.0, 5.0, 16.0, 7.0 ], "rotation": 90 }
							}
						},
						{
							"name": "blade176",
							"from": [ 13.61, 0.3626, 9.8852 ], 
							"to": [ 15.61, 2.3626, 25.8852 ], 
							"rotationOrigin": [ 14.615, 1.3626, 9.8852 ],
							"rotationX": -1.371,
							"rotationY": 79.804,
							"rotationZ": -88.805,
							"faces": {
								"north": { "texture": "#wood", "uv": [ 5.0, 10.5, 7.0, 12.5 ], "enabled": false },
								"east": { "texture": "#wood", "uv": [ 0.0, 11.0, 16.0, 13.0 ] },
								"south": { "texture": "#wood", "uv": [ 4.0, 10.0, 6.0, 12.0 ], "enabled": false },
								"west": { "texture": "#wood", "uv": [ 0.0, 12.5, 16.0, 14.5 ] },
								"up": { "texture": "#wood", "uv": [ 0.0, 10.0, 16.0, 12.0 ], "rotation": 90 },
								"down": { "texture": "#wood", "uv": [ 0.0, 4.0, 16.0, 6.0 ], "rotation": 90 }
							}
						},
						{
							"name": "blade176",
							"from": [ 29.27, 0.3725, 12.7082 ], 
							"to": [ 31.27, 2.3725, 28.7082 ], 
							"rotationOrigin": [ 30.272, 1.3726, 12.7082 ],
							"rotationX": -1.371,
							"rotationY": 79.804,
							"rotationZ": -88.805,
							"faces": {
								"north": { "texture": "#wood", "uv": [ 1.0, 6.5, 3.0, 8.5 ], "enabled": false },
								"east": { "texture": "#wood", "uv": [ 0.0, 5.0, 16.0, 7.0 ] },
								"south": { "texture": "#wood", "uv": [ 2.5, 3.0, 4.5, 5.0 ], "enabled": false },
								"west": { "texture": "#wood", "uv": [ 0.0, 1.5, 16.0, 3.5 ] },
								"up": { "texture": "#wood", "uv": [ 0.0, 4.5, 16.0, 6.5 ], "rotation": 90 },
								"down": { "texture": "#wood", "uv": [ 0.0, 5.0, 16.0, 7.0 ], "rotation": 90 }
							}
						},
						{
							"name": "blade177",
							"from": [ 44.93, 0.3825, 15.5312 ], 
							"to": [ 46.93, 2.3825, 31.5312 ], 
							"rotationOrigin": [ 45.9289, 1.3825, 15.5311 ],
							"rotationX": -1.371,
							"rotationY": 79.804,
							"rotationZ": -88.805,
							"faces": {
								"north": { "texture": "#wood", "uv": [ 4.0, 5.0, 6.0, 7.0 ], "enabled": false },
								"east": { "texture": "#wood", "uv": [ 0.0, 10.5, 16.0, 12.5 ] },
								"south": { "texture": "#wood", "uv": [ 7.0, 6.0, 9.0, 8.0 ], "enabled": false },
								"west": { "texture": "#wood", "uv": [ 0.0, 1.5, 16.0, 3.5 ] },
								"up": { "texture": "#wood", "uv": [ 0.0, 12.5, 16.0, 14.5 ], "rotation": 90 },
								"down": { "texture": "#wood", "uv": [ 0.0, 5.0, 16.0, 7.0 ], "rotation": 90 }
							}
						},
						{
							"name": "blade178",
							"from": [ 60.59, 0.4909, 18.3715 ], 
							"to": [ 62.59, 2.4909, 34.3715 ], 
							"rotationOrigin": [ 61.5858, 1.4909, 18.3715 ],
							"rotationX": -1.371,
							"rotationY": 79.804,
							"rotationZ": -88.805,
							"faces": {
								"north": { "texture": "#wood", "uv": [ 8.5, 10.5, 10.5, 12.5 ], "enabled": false },
								"east": { "texture": "#wood", "uv": [ 0.0, 0.0, 16.0, 2.0 ] },
								"south": { "texture": "#wood", "uv": [ 9.5, 6.5, 11.5, 8.5 ] },
								"west": { "texture": "#wood", "uv": [ 0.0, 11.5, 16.0, 13.5 ] },
								"up": { "texture": "#wood", "uv": [ 0.0, 8.5, 16.0, 10.5 ], "rotation": 90 },
								"down": { "texture": "#wood", "uv": [ 0.0, 11.5, 16.0, 13.5 ], "rotation": 90 }
							}
						},
						{
							"name": "beam179",
							"from": [ 59.56, 0.6, 0.7 ], 
							"to": [ 60.56, 1.8, 2.4 ], 
							"rotationOrigin": [ 59.5, 0.6, -17.3 ],
							"rotationY": 9.0,
							"faces": {
								"north": { "texture": "#wood", "uv": [ 1.0, 5.0, 2.0, 6.0 ], "enabled": false },
								"east": { "texture": "#wood", "uv": [ 9.0, 2.0, 10.5, 3.0 ] },
								"south": { "texture": "#wood", "uv": [ 13.0, 12.5, 14.0, 13.5 ], "enabled": false },
								"west": { "texture": "#wood", "uv": [ 7.5, 9.5, 9.0, 10.5 ] },
								"up": { "texture": "#wood", "uv": [ 9.5, 12.5, 10.5, 14.0 ] },
								"down": { "texture": "#wood", "uv": [ 11.5, 2.5, 12.5, 4.0 ] }
							}
						}
					]
				},
				{
					"name": "mainbeam-l223",
					"from": [ 7.3, 9.2, 10.6 ], 
					"to": [ 7.3, 9.2, 10.6 ], 
					"rotationOrigin": [ 7.3, 10.2, 11.6 ],
					"rotationX": 50.0,
					"rotationY": 10.0,
					"rotationZ": 90.0,
					"faces": {
						"north": { "texture": "#wood", "uv": [ 11.5, 8.5, 12.0, 9.0 ] },
						"east": { "texture": "#wood", "uv": [ 10.5, 5.5, 11.0, 6.0 ], "enabled": false },
						"south": { "texture": "#wood", "uv": [ 6.5, 2.0, 7.0, 2.5 ] },
						"west": { "texture": "#wood", "uv": [ 12.0, 11.5, 12.5, 12.0 ], "enabled": false },
						"up": { "texture": "#wood", "uv": [ 14.5, 1.0, 15.0, 1.5 ] },
						"down": { "texture": "#wood", "uv": [ 4.5, 13.5, 5.0, 14.0 ] }
					},
					"children": [
						{
							"name": "beam224",
							"from": [ -1.0, 0.7, -4.3 ], 
							"to": [ 0.0, 1.9, 1.3 ], 
							"rotationOrigin": [ -1.0, 0.7, -6.3 ],
							"rotationX": 1.0,
							"rotationY": 9.0,
							"faces": {
								"north": { "texture": "#wood", "uv": [ 1.0, 14.5, 2.0, 15.5 ] },
								"east": { "texture": "#wood", "uv": [ 8.5, 10.5, 14.0, 11.5 ] },
								"south": { "texture": "#wood", "uv": [ 0.5, 7.0, 1.5, 8.0 ] },
								"west": { "texture": "#wood", "uv": [ 1.5, 3.5, 7.0, 4.5 ] },
								"up": { "texture": "#wood", "uv": [ 4.5, 3.0, 5.5, 8.5 ] },
								"down": { "texture": "#wood", "uv": [ 12.0, 1.0, 13.0, 6.5 ] }
							}
						},
						{
							"name": "beam225",
							"from": [ 14.0, 0.5, -6.8 ], 
							"to": [ 15.0, 1.7, 1.3 ], 
							"rotationOrigin": [ 14.0, 0.5, -8.8 ],
							"rotationY": 9.0,
							"faces": {
								"north": { "texture": "#wood", "uv": [ 7.5, 12.5, 8.5, 13.5 ] },
								"east": { "texture": "#wood", "uv": [ 4.0, 9.0, 12.0, 10.0 ] },
								"south": { "texture": "#wood", "uv": [ 14.0, 9.5, 15.0, 10.5 ] },
								"west": { "texture": "#wood", "uv": [ 3.0, 1.5, 11.0, 2.5 ] },
								"up": { "texture": "#wood", "uv": [ 3.0, 6.0, 4.0, 14.0 ] },
								"down": { "texture": "#wood", "uv": [ 10.5, 6.0, 11.5, 14.0 ] }
							}
						},
						{
							"name": "beam226",
							"from": [ 29.0, 0.5, -9.2 ], 
							"to": [ 30.0, 1.7, 1.3 ], 
							"rotationOrigin": [ 29.0, 0.5, -11.2 ],
							"rotationY": 9.0,
							"faces": {
								"north": { "texture": "#wood", "uv": [ 7.0, 4.0, 8.0, 5.0 ] },
								"east": { "texture": "#wood", "uv": [ 3.5, 11.0, 14.0, 12.0 ] },
								"south": { "texture": "#wood", "uv": [ 4.0, 2.0, 5.0, 3.0 ] },
								"west": { "texture": "#wood", "uv": [ 3.5, 9.5, 14.0, 10.5 ] },
								"up": { "texture": "#wood", "uv": [ 5.0, 0.0, 6.0, 10.5 ] },
								"down": { "texture": "#wood", "uv": [ 5.5, 5.0, 6.5, 15.5 ] }
							}
						},
						{
							"name": "beam227",
							"from": [ 44.0, 0.5, -11.7 ], 
							"to": [ 45.0, 1.7, 1.6 ], 
							"rotationOrigin": [ 44.0, 0.5, -13.7 ],
							"rotationY": 9.0,
							"faces": {
								"north": { "texture": "#wood", "uv": [ 13.0, 0.5, 14.0, 1.5 ] },
								"east": { "texture": "#wood", "uv": [ 0.0, 7.0, 13.0, 8.0 ] },
								"south": { "texture": "#wood", "uv": [ 3.5, 1.5, 4.5, 2.5 ] },
								"west": { "texture": "#wood", "uv": [ 1.0, 3.5, 14.0, 4.5 ] },
								"up": { "texture": "#wood", "uv": [ 3.5, 0.5, 4.5, 13.5 ] },
								"down": { "texture": "#wood", "uv": [ 12.5, 0.5, 13.5, 13.5 ] }
							}
						},
						{
							"name": "beam228",
							"from": [ 59.8, 0.5, -14.3 ], 
							"to": [ 60.8, 1.7, 0.7 ], 
							"rotationOrigin": [ 59.8, 0.5, -16.3 ],
							"rotationY": 9.0,
							"faces": {
								"north": { "texture": "#wood", "uv": [ 5.5, 4.0, 6.5, 5.0 ] },
								"east": { "texture": "#wood", "uv": [ 0.0, 5.0, 15.0, 6.0 ] },
								"south": { "texture": "#wood", "uv": [ 6.5, 11.0, 7.5, 12.0 ] },
								"west": { "texture": "#wood", "uv": [ 0.0, 2.0, 15.0, 3.0 ] },
								"up": { "texture": "#wood", "uv": [ 5.0, 0.0, 6.0, 15.0 ] },
								"down": { "texture": "#wood", "uv": [ 7.5, 0.0, 8.5, 15.0 ] }
							}
						},
						{
							"name": "beam229",
							"from": [ 75.4, 0.5, -16.9 ], 
							"to": [ 76.4, 1.7, -1.1 ], 
							"rotationOrigin": [ 75.4, 0.5, -18.9 ],
							"rotationY": 9.0,
							"faces": {
								"north": { "texture": "#wood", "uv": [ 3.0, 3.5, 4.0, 4.5 ] },
								"east": { "texture": "#wood", "uv": [ 0.0, 9.5, 15.5, 10.5 ] },
								"south": { "texture": "#wood", "uv": [ 4.5, 0.5, 5.5, 1.5 ] },
								"west": { "texture": "#wood", "uv": [ 0.0, 9.5, 15.5, 10.5 ] },
								"up": { "texture": "#wood", "uv": [ 2.0, 0.0, 3.0, 15.5 ] },
								"down": { "texture": "#wood", "uv": [ 0.5, 0.0, 1.5, 15.5 ] }
							}
						},
						{
							"name": "beam230",
							"from": [ 78.83, 0.5, 1.0 ], 
							"to": [ 79.83, 1.7, 16.9 ], 
							"rotationOrigin": [ 78.8, 0.5, -1.0 ],
							"rotationY": -6.0,
							"faces": {
								"north": { "texture": "#wood", "uv": [ 3.5, 10.0, 4.5, 11.0 ] },
								"east": { "texture": "#wood", "uv": [ 0.0, 5.0, 15.5, 6.0 ] },
								"south": { "texture": "#wood", "uv": [ 12.0, 13.5, 13.0, 14.5 ] },
								"west": { "texture": "#wood", "uv": [ 0.0, 14.5, 15.5, 15.5 ] },
								"up": { "texture": "#wood", "uv": [ 6.0, 0.0, 7.0, 15.5 ] },
								"down": { "texture": "#wood", "uv": [ 6.5, 0.0, 7.5, 15.5 ] }
							}
						},
						{
							"name": "beam231",
							"from": [ 62.9, 0.5, 1.5 ], 
							"to": [ 63.9, 1.7, 17.5 ], 
							"rotationOrigin": [ 62.9, 0.5, -0.5 ],
							"rotationY": -9.0,
							"faces": {
								"north": { "texture": "#wood", "uv": [ 13.5, 8.0, 14.5, 9.0 ] },
								"east": { "texture": "#wood", "uv": [ 0.0, 0.5, 16.0, 1.5 ] },
								"south": { "texture": "#wood", "uv": [ 11.5, 6.5, 12.5, 7.5 ] },
								"west": { "texture": "#wood", "uv": [ 0.0, 10.5, 16.0, 11.5 ] },
								"up": { "texture": "#wood", "uv": [ 4.5, 0.0, 5.5, 16.0 ] },
								"down": { "texture": "#wood", "uv": [ 14.5, 0.0, 15.5, 16.0 ] }
							}
						},
						{
							"name": "beam232",
							"from": [ 46.8, 0.5, 1.1 ], 
							"to": [ 47.8, 1.7, 14.5 ], 
							"rotationOrigin": [ 46.8, 0.5, -0.9 ],
							"rotationY": -9.0,
							"faces": {
								"north": { "texture": "#wood", "uv": [ 6.5, 6.5, 7.5, 7.5 ] },
								"east": { "texture": "#wood", "uv": [ 0.5, 10.5, 13.5, 11.5 ] },
								"south": { "texture": "#wood", "uv": [ 2.5, 2.0, 3.5, 3.0 ] },
								"west": { "texture": "#wood", "uv": [ 1.0, 2.0, 14.0, 3.0 ] },
								"up": { "texture": "#wood", "uv": [ 13.5, 0.5, 14.5, 13.5 ] },
								"down": { "texture": "#wood", "uv": [ 0.0, 0.5, 1.0, 13.5 ] }
							}
						},
						{
							"name": "beam233",
							"from": [ 31.3, 0.5, 0.8 ], 
							"to": [ 32.3, 1.7, 12.6 ], 
							"rotationOrigin": [ 31.3, 0.5, -1.2 ],
							"rotationY": -9.0,
							"faces": {
								"north": { "texture": "#wood", "uv": [ 11.0, 0.5, 12.0, 1.5 ] },
								"east": { "texture": "#wood", "uv": [ 0.5, 9.0, 12.0, 10.0 ] },
								"south": { "texture": "#wood", "uv": [ 11.5, 6.0, 12.5, 7.0 ] },
								"west": { "texture": "#wood", "uv": [ 2.5, 3.5, 14.0, 4.5 ] },
								"up": { "texture": "#wood", "uv": [ 5.0, 1.5, 6.0, 13.0 ] },
								"down": { "texture": "#wood", "uv": [ 14.0, 1.5, 15.0, 13.0 ] }
							}
						},
						{
							"name": "beam234",
							"from": [ 15.9, 0.5, 0.8 ], 
							"to": [ 16.9, 1.7, 9.8 ], 
							"rotationOrigin": [ 15.9, 0.5, -1.2 ],
							"rotationY": -9.0,
							"faces": {
								"north": { "texture": "#wood", "uv": [ 0.0, 13.5, 1.0, 14.5 ] },
								"east": { "texture": "#wood", "uv": [ 2.5, 5.5, 11.5, 6.5 ] },
								"south": { "texture": "#wood", "uv": [ 7.0, 12.0, 8.0, 13.0 ] },
								"west": { "texture": "#wood", "uv": [ 5.5, 4.5, 14.5, 5.5 ] },
								"up": { "texture": "#wood", "uv": [ 9.5, 4.0, 10.5, 13.0 ] },
								"down": { "texture": "#wood", "uv": [ 0.5, 6.0, 1.5, 15.0 ] }
							}
						},
						{
							"name": "beam235",
							"from": [ 0.5, 0.5, 0.9 ], 
							"to": [ 1.5, 1.7, 7.1 ], 
							"rotationOrigin": [ 0.5, 0.5, -1.1 ],
							"rotationY": -9.0,
							"faces": {
								"north": { "texture": "#wood", "uv": [ 13.0, 14.0, 14.0, 15.0 ] },
								"east": { "texture": "#wood", "uv": [ 4.5, 13.5, 10.5, 14.5 ] },
								"south": { "texture": "#wood", "uv": [ 10.5, 8.5, 11.5, 9.5 ] },
								"west": { "texture": "#wood", "uv": [ 5.5, 6.5, 11.5, 7.5 ] },
								"up": { "texture": "#wood", "uv": [ 6.0, 3.0, 7.0, 9.0 ] },
								"down": { "texture": "#wood", "uv": [ 7.5, 7.0, 8.5, 13.0 ] }
							}
						},
						{
							"name": "cloth236",
							"from": [ 31.3, 1.1, -1.3 ], 
							"to": [ 47.1, 1.3, 7.9 ], 
							"renderPass": 1,
							"rotationOrigin": [ -0.7, 3.1, -2.3 ],
							"rotationY": -9.0,
							"faces": {
								"north": { "texture": "#cloth", "uv": [ 0.0, 8.0, 15.5, 8.5 ], "enabled": false },
								"east": { "texture": "#cloth", "uv": [ 5.5, 9.5, 14.5, 10.0 ] },
								"south": { "texture": "#cloth", "uv": [ 0.0, 4.0, 15.5, 4.5 ], "enabled": false },
								"west": { "texture": "#cloth", "uv": [ 0.5, 10.0, 9.5, 10.5 ] },
								"up": { "texture": "#cloth", "uv": [ 0.0, 3.5, 15.5, 12.5 ] },
								"down": { "texture": "#cloth", "uv": [ 0.0, 4.5, 15.5, 13.5 ] }
							}
						},
						{
							"name": "cloth237",
							"from": [ 47.0, 1.1, -3.0 ], 
							"to": [ 63.0, 1.3, 8.0 ], 
							"renderPass": 1,
							"rotationOrigin": [ -1.0, 3.1, -2.7 ],
							"rotationY": -9.0,
							"faces": {
								"north": { "texture": "#cloth", "uv": [ 0.0, 6.0, 16.0, 6.5 ], "enabled": false },
								"east": { "texture": "#cloth", "uv": [ 5.5, 7.0, 16.5, 7.5 ] },
								"south": { "texture": "#cloth", "uv": [ 0.0, 5.0, 16.0, 5.5 ], "enabled": false },
								"west": { "texture": "#cloth", "uv": [ 6.0, 10.5, 17.0, 11.0 ] },
								"up": { "texture": "#cloth", "uv": [ 0.0, 1.5, 16.0, 12.5 ] },
								"down": { "texture": "#cloth", "uv": [ 0.0, 4.0, 16.0, 15.0 ] }
							}
						},
						{
							"name": "cloth238",
							"from": [ 63.6, 1.1, -3.7 ], 
							"to": [ 79.4, 1.3, 8.1 ], 
							"renderPass": 1,
							"rotationOrigin": [ -0.5, 3.1, -3.7 ],
							"rotationY": -9.0,
							"faces": {
								"north": { "texture": "#cloth", "uv": [ 0.0, 1.5, 15.5, 2.0 ], "enabled": false },
								"east": { "texture": "#cloth", "uv": [ 4.5, 8.5, 16.0, 9.0 ] },
								"south": { "texture": "#cloth", "uv": [ 0.0, 12.5, 15.5, 13.0 ], "enabled": false },
								"west": { "texture": "#cloth", "uv": [ 1.0, 8.0, 12.5, 8.5 ] },
								"up": { "texture": "#cloth", "uv": [ 0.5, 1.5, 16.0, 13.0 ] },
								"down": { "texture": "#cloth", "uv": [ 0.5, 3.0, 16.0, 14.5 ] }
							}
						},
						{
							"name": "cloth239",
							"from": [ 0.7, 1.1, 1.4 ], 
							"to": [ 16.0, 1.3, 7.9 ], 
							"renderPass": 1,
							"rotationOrigin": [ 0.7, 3.1, 0.0 ],
							"rotationY": -9.0,
							"faces": {
								"north": { "texture": "#cloth", "uv": [ 0.5, 11.0, 15.5, 11.5 ], "enabled": false },
								"east": { "texture": "#cloth", "uv": [ 7.5, 12.0, 14.0, 12.5 ] },
								"south": { "texture": "#cloth", "uv": [ 0.5, 14.5, 15.5, 15.0 ], "enabled": false },
								"west": { "texture": "#cloth", "uv": [ 2.0, 6.0, 8.5, 6.5 ] },
								"up": { "texture": "#cloth", "uv": [ 0.5, 1.5, 15.5, 8.0 ] },
								"down": { "texture": "#cloth", "uv": [ 0.5, 7.5, 15.5, 14.0 ] }
							}
						},
						{
							"name": "cloth240",
							"from": [ 15.6, 1.1, -0.1 ], 
							"to": [ 31.2, 1.3, 7.9 ], 
							"renderPass": 1,
							"rotationOrigin": [ -0.4, 3.1, -0.1 ],
							"rotationY": -9.0,
							"faces": {
								"north": { "texture": "#cloth", "uv": [ 0.0, 8.0, 15.5, 8.5 ], "enabled": false },
								"east": { "texture": "#cloth", "uv": [ 0.0, 5.0, 8.0, 5.5 ] },
								"south": { "texture": "#cloth", "uv": [ 0.0, 3.5, 15.5, 4.0 ], "enabled": false },
								"west": { "texture": "#cloth", "uv": [ 3.5, 0.5, 11.5, 1.0 ] },
								"up": { "texture": "#cloth", "uv": [ 0.0, 5.5, 15.5, 13.5 ] },
								"down": { "texture": "#cloth", "uv": [ 0.0, 7.0, 15.5, 15.0 ] }
							}
						},
						{
							"name": "cloth241",
							"from": [ 0.6, 1.0, -0.4 ], 
							"to": [ 16.0, 1.2, 3.0 ], 
							"renderPass": 1,
							"rotationOrigin": [ 0.6, 2.9, -0.4 ],
							"rotationY": -4.5,
							"faces": {
								"north": { "texture": "#cloth", "uv": [ 0.0, 13.5, 15.0, 14.0 ], "enabled": false },
								"east": { "texture": "#cloth", "uv": [ 7.0, 7.0, 10.0, 7.5 ] },
								"south": { "texture": "#cloth", "uv": [ 0.0, 0.5, 15.0, 1.0 ], "enabled": false },
								"west": { "texture": "#cloth", "uv": [ 11.0, 12.0, 14.0, 12.5 ] },
								"up": { "texture": "#cloth", "uv": [ 0.0, 9.0, 15.0, 12.0 ] },
								"down": { "texture": "#cloth", "uv": [ 0.0, 12.5, 15.0, 15.5 ] }
							}
						},
						{
							"name": "cloth242",
							"from": [ 15.75, 1.0, -1.6 ], 
							"to": [ 31.45, 1.2, 2.8 ], 
							"renderPass": 1,
							"rotationOrigin": [ -0.2, 2.9, -1.6 ],
							"rotationY": -4.5,
							"faces": {
								"north": { "texture": "#cloth", "uv": [ 0.0, 10.0, 15.5, 10.5 ], "enabled": false },
								"east": { "texture": "#cloth", "uv": [ 7.5, 2.5, 11.5, 3.0 ] },
								"south": { "texture": "#cloth", "uv": [ 0.0, 0.0, 15.5, 0.5 ], "enabled": false },
								"west": { "texture": "#cloth", "uv": [ 10.0, 12.0, 14.0, 12.5 ] },
								"up": { "texture": "#cloth", "uv": [ 0.0, 3.0, 15.5, 7.0 ] },
								"down": { "texture": "#cloth", "uv": [ 0.0, 1.0, 15.5, 5.0 ] }
							}
						},
						{
							"name": "cloth243",
							"from": [ 31.4, 1.0, -1.9 ], 
							"to": [ 46.8, 1.2, 3.0 ], 
							"renderPass": 1,
							"rotationOrigin": [ -0.6, 2.9, -1.9 ],
							"rotationY": -4.5,
							"faces": {
								"north": { "texture": "#cloth", "uv": [ 0.0, 14.5, 15.0, 15.0 ], "enabled": false },
								"east": { "texture": "#cloth", "uv": [ 2.5, 3.0, 7.0, 3.5 ] },
								"south": { "texture": "#cloth", "uv": [ 0.0, 5.0, 15.0, 5.5 ], "enabled": false },
								"west": { "texture": "#cloth", "uv": [ 1.5, 14.0, 6.0, 14.5 ] },
								"up": { "texture": "#cloth", "uv": [ 0.0, 1.0, 15.0, 5.5 ] },
								"down": { "texture": "#cloth", "uv": [ 0.0, 1.0, 15.0, 5.5 ] }
							}
						},
						{
							"name": "cloth244",
							"from": [ 47.1, 1.0, -4.0 ], 
							"to": [ 63.1, 1.2, 2.7 ], 
							"renderPass": 1,
							"rotationOrigin": [ -0.9, 2.9, -4.0 ],
							"rotationY": -4.5,
							"faces": {
								"north": { "texture": "#cloth", "uv": [ 0.0, 4.0, 16.0, 4.5 ], "enabled": false },
								"east": { "texture": "#cloth", "uv": [ 6.5, 2.5, 13.0, 3.0 ] },
								"south": { "texture": "#cloth", "uv": [ 0.0, 4.0, 16.0, 4.5 ], "enabled": false },
								"west": { "texture": "#cloth", "uv": [ 8.0, 0.0, 14.5, 0.5 ] },
								"up": { "texture": "#cloth", "uv": [ 0.0, 3.0, 16.0, 9.5 ] },
								"down": { "texture": "#cloth", "uv": [ 0.0, 8.0, 16.0, 14.5 ] }
							}
						},
						{
							"name": "cloth245",
							"from": [ 63.6, 1.0, -5.2 ], 
							"to": [ 79.0, 1.2, 3.4 ], 
							"renderPass": 1,
							"rotationOrigin": [ -0.4, 2.9, -5.2 ],
							"rotationY": -4.5,
							"faces": {
								"north": { "texture": "#cloth", "uv": [ 0.0, 5.0, 15.0, 5.5 ], "enabled": false },
								"east": { "texture": "#cloth", "uv": [ 5.5, 13.0, 14.0, 13.5 ] },
								"south": { "texture": "#cloth", "uv": [ 0.0, 1.0, 15.0, 1.5 ], "enabled": false },
								"west": { "texture": "#cloth", "uv": [ 4.0, 10.0, 12.5, 10.5 ] },
								"up": { "texture": "#cloth", "uv": [ 0.5, 6.0, 15.5, 14.5 ] },
								"down": { "texture": "#cloth", "uv": [ 0.5, 2.0, 15.5, 10.5 ] }
							}
						},
						{
							"name": "cloth246",
							"from": [ 62.1, 1.1, -4.2 ], 
							"to": [ 77.5, 1.3, 6.2 ], 
							"renderPass": 1,
							"rotationOrigin": [ -1.9, 3.1, -4.2 ],
							"rotationY": 9.0,
							"faces": {
								"north": { "texture": "#cloth", "uv": [ 0.5, 6.5, 15.5, 7.0 ] },
								"east": { "texture": "#cloth", "uv": [ 3.5, 14.0, 13.5, 14.5 ] },
								"south": { "texture": "#cloth", "uv": [ 0.5, 11.0, 15.5, 11.5 ], "enabled": false },
								"west": { "texture": "#cloth", "uv": [ 0.0, 6.5, 10.0, 7.0 ] },
								"up": { "texture": "#cloth", "uv": [ 0.5, 4.5, 15.5, 14.5 ] },
								"down": { "texture": "#cloth", "uv": [ 1.0, 3.0, 16.0, 13.0 ] }
							}
						},
						{
							"name": "cloth247",
							"from": [ 45.5, 1.1, -4.2 ], 
							"to": [ 61.5, 1.3, 4.9 ], 
							"renderPass": 1,
							"rotationOrigin": [ -2.5, 3.1, -4.2 ],
							"rotationY": 9.0,
							"faces": {
								"north": { "texture": "#cloth", "uv": [ 0.0, 11.5, 16.0, 12.0 ] },
								"east": { "texture": "#cloth", "uv": [ 3.0, 0.5, 12.0, 1.0 ] },
								"south": { "texture": "#cloth", "uv": [ 0.0, 4.5, 16.0, 5.0 ], "enabled": false },
								"west": { "texture": "#cloth", "uv": [ 3.5, 6.0, 12.5, 6.5 ] },
								"up": { "texture": "#cloth", "uv": [ 0.0, 6.0, 16.0, 15.0 ] },
								"down": { "texture": "#cloth", "uv": [ 0.0, 5.0, 16.0, 14.0 ] }
							}
						},
						{
							"name": "cloth248",
							"from": [ 30.2, 1.1, -4.2 ], 
							"to": [ 45.4, 1.3, 3.5 ], 
							"renderPass": 1,
							"rotationOrigin": [ -1.8, 3.1, -4.2 ],
							"rotationY": 9.0,
							"faces": {
								"north": { "texture": "#cloth", "uv": [ 0.5, 7.0, 15.5, 7.5 ] },
								"east": { "texture": "#cloth", "uv": [ 6.0, 0.5, 13.5, 1.0 ] },
								"south": { "texture": "#cloth", "uv": [ 0.5, 6.5, 15.5, 7.0 ], "enabled": false },
								"west": { "texture": "#cloth", "uv": [ 4.0, 6.0, 11.5, 6.5 ] },
								"up": { "texture": "#cloth", "uv": [ 0.5, 1.0, 15.5, 8.5 ] },
								"down": { "texture": "#cloth", "uv": [ 0.5, 7.0, 15.5, 14.5 ] }
							}
						},
						{
							"name": "cloth249",
							"from": [ 14.5, 1.1, -4.2 ], 
							"to": [ 30.1, 1.3, 2.3 ], 
							"renderPass": 1,
							"rotationOrigin": [ -1.5, 3.1, -4.2 ],
							"rotationY": 9.0,
							"faces": {
								"north": { "texture": "#cloth", "uv": [ 0.0, 6.5, 15.5, 7.0 ] },
								"east": { "texture": "#cloth", "uv": [ 0.0, 9.5, 6.5, 10.0 ] },
								"south": { "texture": "#cloth", "uv": [ 0.0, 3.0, 15.5, 3.5 ], "enabled": false },
								"west": { "texture": "#cloth", "uv": [ 4.5, 2.5, 11.0, 3.0 ] },
								"up": { "texture": "#cloth", "uv": [ 0.0, 5.0, 15.5, 11.5 ] },
								"down": { "texture": "#cloth", "uv": [ 0.0, 5.5, 15.5, 12.0 ] }
							}
						},
						{
							"name": "cloth250",
							"from": [ -0.5, 1.1, -4.2 ], 
							"to": [ 15.5, 1.3, 0.5 ], 
							"renderPass": 1,
							"rotationOrigin": [ -0.5, 3.1, -4.2 ],
							"rotationY": 9.0,
							"faces": {
								"north": { "texture": "#cloth", "uv": [ 0.0, 9.5, 16.0, 10.0 ] },
								"east": { "texture": "#cloth", "uv": [ 4.0, 10.5, 8.5, 11.0 ] },
								"south": { "texture": "#cloth", "uv": [ 0.0, 7.0, 16.0, 7.5 ], "enabled": false },
								"west": { "texture": "#cloth", "uv": [ 5.5, 12.0, 10.0, 12.5 ] },
								"up": { "texture": "#cloth", "uv": [ 0.0, 3.5, 16.0, 8.0 ] },
								"down": { "texture": "#cloth", "uv": [ 0.0, 9.0, 16.0, 13.5 ] }
							}
						},
						{
							"name": "cloth251",
							"from": [ 63.0, 1.0, -0.8 ], 
							"to": [ 78.4, 1.2, 7.8 ], 
							"renderPass": 1,
							"rotationOrigin": [ -1.0, 2.9, -0.8 ],
							"rotationX": 2.0,
							"rotationY": 4.5,
							"faces": {
								"north": { "texture": "#cloth", "uv": [ 0.0, 9.0, 15.0, 9.5 ], "enabled": false },
								"east": { "texture": "#cloth", "uv": [ 7.5, 12.5, 16.0, 13.0 ] },
								"south": { "texture": "#cloth", "uv": [ 0.0, 14.5, 15.0, 15.0 ], "enabled": false },
								"west": { "texture": "#cloth", "uv": [ 9.0, 12.0, 17.5, 12.5 ] },
								"up": { "texture": "#cloth", "uv": [ 0.5, 0.5, 15.5, 9.0 ] },
								"down": { "texture": "#cloth", "uv": [ 0.0, 0.5, 15.0, 9.0 ] }
							}
						},
						{
							"name": "cloth252",
							"from": [ 46.7, 1.0, -0.6 ], 
							"to": [ 62.7, 1.2, 6.5 ], 
							"renderPass": 1,
							"rotationOrigin": [ -1.3, 2.9, -0.6 ],
							"rotationX": 2.0,
							"rotationY": 4.5,
							"faces": {
								"north": { "texture": "#cloth", "uv": [ 0.0, 2.5, 16.0, 3.0 ], "enabled": false },
								"east": { "texture": "#cloth", "uv": [ 7.0, 4.0, 14.0, 4.5 ] },
								"south": { "texture": "#cloth", "uv": [ 0.0, 9.5, 16.0, 10.0 ], "enabled": false },
								"west": { "texture": "#cloth", "uv": [ 5.0, 2.0, 12.0, 2.5 ] },
								"up": { "texture": "#cloth", "uv": [ 0.0, 2.0, 16.0, 9.0 ] },
								"down": { "texture": "#cloth", "uv": [ 0.0, 4.5, 16.0, 11.5 ] }
							}
						},
						{
							"name": "cloth253",
							"from": [ 31.1, 1.0, -0.4 ], 
							"to": [ 46.4, 1.2, 6.0 ], 
							"renderPass": 1,
							"rotationOrigin": [ -0.9, 2.9, -0.4 ],
							"rotationX": 2.0,
							"rotationY": 4.5,
							"faces": {
								"north": { "texture": "#cloth", "uv": [ 0.0, 1.5, 15.0, 2.0 ], "enabled": false },
								"east": { "texture": "#cloth", "uv": [ 9.5, 1.0, 15.5, 1.5 ] },
								"south": { "texture": "#cloth", "uv": [ 0.5, 3.0, 15.5, 3.5 ], "enabled": false },
								"west": { "texture": "#cloth", "uv": [ 0.5, 9.0, 6.5, 9.5 ] },
								"up": { "texture": "#cloth", "uv": [ 0.5, 5.5, 15.5, 11.5 ] },
								"down": { "texture": "#cloth", "uv": [ 0.5, 1.0, 15.5, 7.0 ] }
							}
						},
						{
							"name": "cloth254",
							"from": [ 15.3, 1.0, -0.8 ], 
							"to": [ 31.1, 1.2, 3.6 ], 
							"renderPass": 1,
							"rotationOrigin": [ -0.7, 2.9, -0.8 ],
							"rotationX": 2.0,
							"rotationY": 4.5,
							"faces": {
								"north": { "texture": "#cloth", "uv": [ 0.0, 3.5, 15.5, 4.0 ], "enabled": false },
								"east": { "texture": "#cloth", "uv": [ 7.0, 1.5, 11.0, 2.0 ] },
								"south": { "texture": "#cloth", "uv": [ 0.0, 4.0, 15.5, 4.5 ], "enabled": false },
								"west": { "texture": "#cloth", "uv": [ 2.5, 15.0, 6.5, 15.5 ] },
								"up": { "texture": "#cloth", "uv": [ 0.0, 8.0, 15.5, 12.0 ] },
								"down": { "texture": "#cloth", "uv": [ 0.0, 8.0, 15.5, 12.0 ] }
							}
						},
						{
							"name": "cloth255",
							"from": [ 0.0, 1.0, -1.1 ], 
							"to": [ 15.75, 1.2, 2.3 ], 
							"renderPass": 1,
							"rotationOrigin": [ 0.0, 2.9, -1.6 ],
							"rotationX": 2.0,
							"rotationY": 4.5,
							"faces": {
								"north": { "texture": "#cloth", "uv": [ 0.0, 1.5, 15.5, 2.0 ], "enabled": false },
								"east": { "texture": "#cloth", "uv": [ 3.0, 7.5, 6.0, 8.0 ] },
								"south": { "texture": "#cloth", "uv": [ 0.0, 4.5, 15.5, 5.0 ], "enabled": false },
								"west": { "texture": "#cloth", "uv": [ 7.5, 1.0, 10.5, 1.5 ] },
								"up": { "texture": "#cloth", "uv": [ 0.0, 3.0, 15.5, 6.0 ] },
								"down": { "texture": "#cloth", "uv": [ 0.0, 11.5, 15.5, 14.5 ] }
							}
						},
						{
							"name": "beam256",
							"from": [ 78.83, 0.5, 16.9 ], 
							"to": [ 79.83, 1.7, 20.9 ], 
							"rotationOrigin": [ 78.9, 0.5, -1.1 ],
							"rotationY": -6.0,
							"faces": {
								"north": { "texture": "#wood", "uv": [ 6.0, 8.0, 7.0, 9.0 ] },
								"east": { "texture": "#wood", "uv": [ 10.0, 7.0, 14.0, 8.0 ] },
								"south": { "texture": "#wood", "uv": [ 11.5, 9.5, 12.5, 10.5 ] },
								"west": { "texture": "#wood", "uv": [ 11.5, 10.5, 15.5, 11.5 ] },
								"up": { "texture": "#wood", "uv": [ 5.0, 11.5, 6.0, 15.5 ] },
								"down": { "texture": "#wood", "uv": [ 8.5, 2.5, 9.5, 6.5 ] }
							}
						},
						{
							"name": "beam257",
							"from": [ 75.4, 0.5, -1.1 ], 
							"to": [ 76.4, 1.7, 1.5 ], 
							"rotationOrigin": [ 75.4, 0.5, -19.1 ],
							"rotationY": 9.0,
							"faces": {
								"north": { "texture": "#wood", "uv": [ 1.0, 5.0, 2.0, 6.0 ] },
								"east": { "texture": "#wood", "uv": [ 9.0, 2.0, 11.5, 3.0 ] },
								"south": { "texture": "#wood", "uv": [ 13.0, 12.5, 14.0, 13.5 ] },
								"west": { "texture": "#wood", "uv": [ 7.5, 9.5, 10.0, 10.5 ] },
								"up": { "texture": "#wood", "uv": [ 9.5, 12.5, 10.5, 15.0 ] },
								"down": { "texture": "#wood", "uv": [ 11.5, 2.5, 12.5, 5.0 ] }
							}
						},
						{
							"name": "blade258",
							"from": [ -2.0419, 0.3527, 7.0622 ], 
							"to": [ -0.0419, 2.3527, 23.0622 ], 
							"rotationOrigin": [ -1.0419, 1.3527, 7.0622 ],
							"rotationX": -1.371,
							"rotationY": 79.804,
							"rotationZ": -88.805,
							"faces": {
								"north": { "texture": "#wood", "uv": [ 3.5, 6.5, 5.5, 8.5 ], "enabled": false },
								"east": { "texture": "#wood", "uv": [ 0.0, 0.5, 16.0, 2.5 ] },
								"south": { "texture": "#wood", "uv": [ 9.5, 5.0, 11.5, 7.0 ] },
								"west": { "texture": "#wood", "uv": [ 0.0, 9.5, 16.0, 11.5 ] },
								"up": { "texture": "#wood", "uv": [ 0.0, 10.5, 16.0, 12.5 ], "rotation": 90 },
								"down": { "texture": "#wood", "uv": [ 0.0, 5.0, 16.0, 7.0 ], "rotation": 90 }
							}
						},
						{
							"name": "blade259",
							"from": [ 13.61, 0.3626, 9.8852 ], 
							"to": [ 15.61, 2.3626, 25.8852 ], 
							"rotationOrigin": [ 14.615, 1.3626, 9.8852 ],
							"rotationX": -1.371,
							"rotationY": 79.804,
							"rotationZ": -88.805,
							"faces": {
								"north": { "texture": "#wood", "uv": [ 5.0, 10.5, 7.0, 12.5 ], "enabled": false },
								"east": { "texture": "#wood", "uv": [ 0.0, 11.0, 16.0, 13.0 ] },
								"south": { "texture": "#wood", "uv": [ 4.0, 10.0, 6.0, 12.0 ], "enabled": false },
								"west": { "texture": "#wood", "uv": [ 0.0, 12.5, 16.0, 14.5 ] },
								"up": { "texture": "#wood", "uv": [ 0.0, 10.0, 16.0, 12.0 ], "rotation": 90 },
								"down": { "texture": "#wood", "uv": [ 0.0, 4.0, 16.0, 6.0 ], "rotation": 90 }
							}
						},
						{
							"name": "blade260",
							"from": [ 29.27, 0.3725, 12.7082 ], 
							"to": [ 31.27, 2.3725, 28.7082 ], 
							"rotationOrigin": [ 30.272, 1.3726, 12.7082 ],
							"rotationX": -1.371,
							"rotationY": 79.804,
							"rotationZ": -88.805,
							"faces": {
								"north": { "texture": "#wood", "uv": [ 1.0, 6.5, 3.0, 8.5 ], "enabled": false },
								"east": { "texture": "#wood", "uv": [ 0.0, 5.0, 16.0, 7.0 ] },
								"south": { "texture": "#wood", "uv": [ 2.5, 3.0, 4.5, 5.0 ], "enabled": false },
								"west": { "texture": "#wood", "uv": [ 0.0, 1.5, 16.0, 3.5 ] },
								"up": { "texture": "#wood", "uv": [ 0.0, 4.5, 16.0, 6.5 ], "rotation": 90 },
								"down": { "texture": "#wood", "uv": [ 0.0, 5.0, 16.0, 7.0 ], "rotation": 90 }
							}
						},
						{
							"name": "blade261",
							"from": [ 44.93, 0.3825, 15.5312 ], 
							"to": [ 46.93, 2.3825, 31.5312 ], 
							"rotationOrigin": [ 45.9289, 1.3825, 15.5311 ],
							"rotationX": -1.371,
							"rotationY": 79.804,
							"rotationZ": -88.805,
							"faces": {
								"north": { "texture": "#wood", "uv": [ 4.0, 5.0, 6.0, 7.0 ], "enabled": false },
								"east": { "texture": "#wood", "uv": [ 0.0, 10.5, 16.0, 12.5 ] },
								"south": { "texture": "#wood", "uv": [ 7.0, 6.0, 9.0, 8.0 ], "enabled": false },
								"west": { "texture": "#wood", "uv": [ 0.0, 1.5, 16.0, 3.5 ] },
								"up": { "texture": "#wood", "uv": [ 0.0, 12.5, 16.0, 14.5 ], "rotation": 90 },
								"down": { "texture": "#wood", "uv": [ 0.0, 5.0, 16.0, 7.0 ], "rotation": 90 }
							}
						},
						{
							"name": "blade262",
							"from": [ 60.59, 0.4909, 18.3715 ], 
							"to": [ 62.59, 2.4909, 34.3715 ], 
							"rotationOrigin": [ 61.5858, 1.4909, 18.3715 ],
							"rotationX": -1.371,
							"rotationY": 79.804,
							"rotationZ": -88.805,
							"faces": {
								"north": { "texture": "#wood", "uv": [ 8.5, 10.5, 10.5, 12.5 ], "enabled": false },
								"east": { "texture": "#wood", "uv": [ 0.0, 0.0, 16.0, 2.0 ] },
								"south": { "texture": "#wood", "uv": [ 9.5, 6.5, 11.5, 8.5 ] },
								"west": { "texture": "#wood", "uv": [ 0.0, 11.5, 16.0, 13.5 ] },
								"up": { "texture": "#wood", "uv": [ 0.0, 8.5, 16.0, 10.5 ], "rotation": 90 },
								"down": { "texture": "#wood", "uv": [ 0.0, 11.5, 16.0, 13.5 ], "rotation": 90 }
							}
						},
						{
							"name": "beam263",
							"from": [ 59.56, 0.6, 0.7 ], 
							"to": [ 60.56, 1.8, 2.4 ], 
							"rotationOrigin": [ 59.5, 0.6, -17.3 ],
							"rotationY": 9.0,
							"faces": {
								"north": { "texture": "#wood", "uv": [ 1.0, 5.0, 2.0, 6.0 ], "enabled": false },
								"east": { "texture": "#wood", "uv": [ 9.0, 2.0, 10.5, 3.0 ] },
								"south": { "texture": "#wood", "uv": [ 13.0, 12.5, 14.0, 13.5 ], "enabled": false },
								"west": { "texture": "#wood", "uv": [ 7.5, 9.5, 9.0, 10.5 ] },
								"up": { "texture": "#wood", "uv": [ 9.5, 12.5, 10.5, 14.0 ] },
								"down": { "texture": "#wood", "uv": [ 11.5, 2.5, 12.5, 4.0 ] }
							}
						}
					]
				},
				{
					"name": "mainbeam-l264",
					"from": [ 9.4, -1.2, -2.9 ], 
					"to": [ 9.4, -1.2, -2.9 ], 
					"rotationOrigin": [ 9.4, -0.2, -1.9 ],
					"rotationX": -70.0,
					"rotationY": -10.0,
					"rotationZ": 90.0,
					"faces": {
						"north": { "texture": "#wood", "uv": [ 11.5, 8.5, 12.0, 9.0 ] },
						"east": { "texture": "#wood", "uv": [ 10.5, 5.5, 11.0, 6.0 ], "enabled": false },
						"south": { "texture": "#wood", "uv": [ 6.5, 2.0, 7.0, 2.5 ] },
						"west": { "texture": "#wood", "uv": [ 12.0, 11.5, 12.5, 12.0 ], "enabled": false },
						"up": { "texture": "#wood", "uv": [ 14.5, 1.0, 15.0, 1.5 ] },
						"down": { "texture": "#wood", "uv": [ 4.5, 13.5, 5.0, 14.0 ] }
					},
					"children": [
						{
							"name": "beam265",
							"from": [ -1.0, 0.7, -4.3 ], 
							"to": [ 0.0, 1.9, 1.3 ], 
							"rotationOrigin": [ -1.0, 0.7, -6.3 ],
							"rotationX": 1.0,
							"rotationY": 9.0,
							"faces": {
								"north": { "texture": "#wood", "uv": [ 1.0, 14.5, 2.0, 15.5 ] },
								"east": { "texture": "#wood", "uv": [ 8.5, 10.5, 14.0, 11.5 ] },
								"south": { "texture": "#wood", "uv": [ 0.5, 7.0, 1.5, 8.0 ] },
								"west": { "texture": "#wood", "uv": [ 1.5, 3.5, 7.0, 4.5 ] },
								"up": { "texture": "#wood", "uv": [ 4.5, 3.0, 5.5, 8.5 ] },
								"down": { "texture": "#wood", "uv": [ 12.0, 1.0, 13.0, 6.5 ] }
							}
						},
						{
							"name": "beam266",
							"from": [ 14.0, 0.5, -6.8 ], 
							"to": [ 15.0, 1.7, 1.3 ], 
							"rotationOrigin": [ 14.0, 0.5, -8.8 ],
							"rotationY": 9.0,
							"faces": {
								"north": { "texture": "#wood", "uv": [ 7.5, 12.5, 8.5, 13.5 ] },
								"east": { "texture": "#wood", "uv": [ 4.0, 9.0, 12.0, 10.0 ] },
								"south": { "texture": "#wood", "uv": [ 14.0, 9.5, 15.0, 10.5 ] },
								"west": { "texture": "#wood", "uv": [ 3.0, 1.5, 11.0, 2.5 ] },
								"up": { "texture": "#wood", "uv": [ 3.0, 6.0, 4.0, 14.0 ] },
								"down": { "texture": "#wood", "uv": [ 10.5, 6.0, 11.5, 14.0 ] }
							}
						},
						{
							"name": "beam267",
							"from": [ 29.0, 0.5, -9.2 ], 
							"to": [ 30.0, 1.7, 1.3 ], 
							"rotationOrigin": [ 29.0, 0.5, -11.2 ],
							"rotationY": 9.0,
							"faces": {
								"north": { "texture": "#wood", "uv": [ 7.0, 4.0, 8.0, 5.0 ] },
								"east": { "texture": "#wood", "uv": [ 3.5, 11.0, 14.0, 12.0 ] },
								"south": { "texture": "#wood", "uv": [ 4.0, 2.0, 5.0, 3.0 ] },
								"west": { "texture": "#wood", "uv": [ 3.5, 9.5, 14.0, 10.5 ] },
								"up": { "texture": "#wood", "uv": [ 5.0, 0.0, 6.0, 10.5 ] },
								"down": { "texture": "#wood", "uv": [ 5.5, 5.0, 6.5, 15.5 ] }
							}
						},
						{
							"name": "beam268",
							"from": [ 44.0, 0.5, -11.7 ], 
							"to": [ 45.0, 1.7, 1.6 ], 
							"rotationOrigin": [ 44.0, 0.5, -13.7 ],
							"rotationY": 9.0,
							"faces": {
								"north": { "texture": "#wood", "uv": [ 13.0, 0.5, 14.0, 1.5 ] },
								"east": { "texture": "#wood", "uv": [ 0.0, 7.0, 13.0, 8.0 ] },
								"south": { "texture": "#wood", "uv": [ 3.5, 1.5, 4.5, 2.5 ] },
								"west": { "texture": "#wood", "uv": [ 1.0, 3.5, 14.0, 4.5 ] },
								"up": { "texture": "#wood", "uv": [ 3.5, 0.5, 4.5, 13.5 ] },
								"down": { "texture": "#wood", "uv": [ 12.5, 0.5, 13.5, 13.5 ] }
							}
						},
						{
							"name": "beam269",
							"from": [ 59.8, 0.5, -14.3 ], 
							"to": [ 60.8, 1.7, 0.7 ], 
							"rotationOrigin": [ 59.8, 0.5, -16.3 ],
							"rotationY": 9.0,
							"faces": {
								"north": { "texture": "#wood", "uv": [ 5.5, 4.0, 6.5, 5.0 ] },
								"east": { "texture": "#wood", "uv": [ 0.0, 5.0, 15.0, 6.0 ] },
								"south": { "texture": "#wood", "uv": [ 6.5, 11.0, 7.5, 12.0 ] },
								"west": { "texture": "#wood", "uv": [ 0.0, 2.0, 15.0, 3.0 ] },
								"up": { "texture": "#wood", "uv": [ 5.0, 0.0, 6.0, 15.0 ] },
								"down": { "texture": "#wood", "uv": [ 7.5, 0.0, 8.5, 15.0 ] }
							}
						},
						{
							"name": "beam270",
							"from": [ 75.4, 0.5, -16.9 ], 
							"to": [ 76.4, 1.7, -1.1 ], 
							"rotationOrigin": [ 75.4, 0.5, -18.9 ],
							"rotationY": 9.0,
							"faces": {
								"north": { "texture": "#wood", "uv": [ 3.0, 3.5, 4.0, 4.5 ] },
								"east": { "texture": "#wood", "uv": [ 0.0, 9.5, 15.5, 10.5 ] },
								"south": { "texture": "#wood", "uv": [ 4.5, 0.5, 5.5, 1.5 ] },
								"west": { "texture": "#wood", "uv": [ 0.0, 9.5, 15.5, 10.5 ] },
								"up": { "texture": "#wood", "uv": [ 2.0, 0.0, 3.0, 15.5 ] },
								"down": { "texture": "#wood", "uv": [ 0.5, 0.0, 1.5, 15.5 ] }
							}
						},
						{
							"name": "beam271",
							"from": [ 78.83, 0.5, 1.0 ], 
							"to": [ 79.83, 1.7, 16.9 ], 
							"rotationOrigin": [ 78.8, 0.5, -1.0 ],
							"rotationY": -6.0,
							"faces": {
								"north": { "texture": "#wood", "uv": [ 3.5, 10.0, 4.5, 11.0 ] },
								"east": { "texture": "#wood", "uv": [ 0.0, 5.0, 15.5, 6.0 ] },
								"south": { "texture": "#wood", "uv": [ 12.0, 13.5, 13.0, 14.5 ] },
								"west": { "texture": "#wood", "uv": [ 0.0, 14.5, 15.5, 15.5 ] },
								"up": { "texture": "#wood", "uv": [ 6.0, 0.0, 7.0, 15.5 ] },
								"down": { "texture": "#wood", "uv": [ 6.5, 0.0, 7.5, 15.5 ] }
							}
						},
						{
							"name": "beam272",
							"from": [ 62.9, 0.5, 1.5 ], 
							"to": [ 63.9, 1.7, 17.5 ], 
							"rotationOrigin": [ 62.9, 0.5, -0.5 ],
							"rotationY": -9.0,
							"faces": {
								"north": { "texture": "#wood", "uv": [ 13.5, 8.0, 14.5, 9.0 ] },
								"east": { "texture": "#wood", "uv": [ 0.0, 0.5, 16.0, 1.5 ] },
								"south": { "texture": "#wood", "uv": [ 11.5, 6.5, 12.5, 7.5 ] },
								"west": { "texture": "#wood", "uv": [ 0.0, 10.5, 16.0, 11.5 ] },
								"up": { "texture": "#wood", "uv": [ 4.5, 0.0, 5.5, 16.0 ] },
								"down": { "texture": "#wood", "uv": [ 14.5, 0.0, 15.5, 16.0 ] }
							}
						},
						{
							"name": "beam273",
							"from": [ 46.8, 0.5, 1.1 ], 
							"to": [ 47.8, 1.7, 14.5 ], 
							"rotationOrigin": [ 46.8, 0.5, -0.9 ],
							"rotationY": -9.0,
							"faces": {
								"north": { "texture": "#wood", "uv": [ 6.5, 6.5, 7.5, 7.5 ] },
								"east": { "texture": "#wood", "uv": [ 0.5, 10.5, 13.5, 11.5 ] },
								"south": { "texture": "#wood", "uv": [ 2.5, 2.0, 3.5, 3.0 ] },
								"west": { "texture": "#wood", "uv": [ 1.0, 2.0, 14.0, 3.0 ] },
								"up": { "texture": "#wood", "uv": [ 13.5, 0.5, 14.5, 13.5 ] },
								"down": { "texture": "#wood", "uv": [ 0.0, 0.5, 1.0, 13.5 ] }
							}
						},
						{
							"name": "beam274",
							"from": [ 31.3, 0.5, 0.8 ], 
							"to": [ 32.3, 1.7, 12.6 ], 
							"rotationOrigin": [ 31.3, 0.5, -1.2 ],
							"rotationY": -9.0,
							"faces": {
								"north": { "texture": "#wood", "uv": [ 11.0, 0.5, 12.0, 1.5 ] },
								"east": { "texture": "#wood", "uv": [ 0.5, 9.0, 12.0, 10.0 ] },
								"south": { "texture": "#wood", "uv": [ 11.5, 6.0, 12.5, 7.0 ] },
								"west": { "texture": "#wood", "uv": [ 2.5, 3.5, 14.0, 4.5 ] },
								"up": { "texture": "#wood", "uv": [ 5.0, 1.5, 6.0, 13.0 ] },
								"down": { "texture": "#wood", "uv": [ 14.0, 1.5, 15.0, 13.0 ] }
							}
						},
						{
							"name": "beam275",
							"from": [ 15.9, 0.5, 0.8 ], 
							"to": [ 16.9, 1.7, 9.8 ], 
							"rotationOrigin": [ 15.9, 0.5, -1.2 ],
							"rotationY": -9.0,
							"faces": {
								"north": { "texture": "#wood", "uv": [ 0.0, 13.5, 1.0, 14.5 ] },
								"east": { "texture": "#wood", "uv": [ 2.5, 5.5, 11.5, 6.5 ] },
								"south": { "texture": "#wood", "uv": [ 7.0, 12.0, 8.0, 13.0 ] },
								"west": { "texture": "#wood", "uv": [ 5.5, 4.5, 14.5, 5.5 ] },
								"up": { "texture": "#wood", "uv": [ 9.5, 4.0, 10.5, 13.0 ] },
								"down": { "texture": "#wood", "uv": [ 0.5, 6.0, 1.5, 15.0 ] }
							}
						},
						{
							"name": "beam276",
							"from": [ 0.5, 0.5, 0.9 ], 
							"to": [ 1.5, 1.7, 7.1 ], 
							"rotationOrigin": [ 0.5, 0.5, -1.1 ],
							"rotationY": -9.0,
							"faces": {
								"north": { "texture": "#wood", "uv": [ 13.0, 14.0, 14.0, 15.0 ] },
								"east": { "texture": "#wood", "uv": [ 4.5, 13.5, 10.5, 14.5 ] },
								"south": { "texture": "#wood", "uv": [ 10.5, 8.5, 11.5, 9.5 ] },
								"west": { "texture": "#wood", "uv": [ 5.5, 6.5, 11.5, 7.5 ] },
								"up": { "texture": "#wood", "uv": [ 6.0, 3.0, 7.0, 9.0 ] },
								"down": { "texture": "#wood", "uv": [ 7.5, 7.0, 8.5, 13.0 ] }
							}
						},
						{
							"name": "cloth277",
							"from": [ 31.3, 1.1, -1.3 ], 
							"to": [ 47.1, 1.3, 7.9 ], 
							"renderPass": 1,
							"rotationOrigin": [ -0.7, 3.1, -2.3 ],
							"rotationY": -9.0,
							"faces": {
								"north": { "texture": "#cloth", "uv": [ 0.0, 8.0, 15.5, 8.5 ], "enabled": false },
								"east": { "texture": "#cloth", "uv": [ 5.5, 9.5, 14.5, 10.0 ] },
								"south": { "texture": "#cloth", "uv": [ 0.0, 4.0, 15.5, 4.5 ], "enabled": false },
								"west": { "texture": "#cloth", "uv": [ 0.5, 10.0, 9.5, 10.5 ] },
								"up": { "texture": "#cloth", "uv": [ 0.0, 3.5, 15.5, 12.5 ] },
								"down": { "texture": "#cloth", "uv": [ 0.0, 4.5, 15.5, 13.5 ] }
							}
						},
						{
							"name": "cloth278",
							"from": [ 47.0, 1.1, -3.0 ], 
							"to": [ 63.0, 1.3, 8.0 ], 
							"renderPass": 1,
							"rotationOrigin": [ -1.0, 3.1, -2.7 ],
							"rotationY": -9.0,
							"faces": {
								"north": { "texture": "#cloth", "uv": [ 0.0, 6.0, 16.0, 6.5 ], "enabled": false },
								"east": { "texture": "#cloth", "uv": [ 5.5, 7.0, 16.5, 7.5 ] },
								"south": { "texture": "#cloth", "uv": [ 0.0, 5.0, 16.0, 5.5 ], "enabled": false },
								"west": { "texture": "#cloth", "uv": [ 6.0, 10.5, 17.0, 11.0 ] },
								"up": { "texture": "#cloth", "uv": [ 0.0, 1.5, 16.0, 12.5 ] },
								"down": { "texture": "#cloth", "uv": [ 0.0, 4.0, 16.0, 15.0 ] }
							}
						},
						{
							"name": "cloth279",
							"from": [ 63.6, 1.1, -3.7 ], 
							"to": [ 79.4, 1.3, 8.1 ], 
							"renderPass": 1,
							"rotationOrigin": [ -0.5, 3.1, -3.7 ],
							"rotationY": -9.0,
							"faces": {
								"north": { "texture": "#cloth", "uv": [ 0.0, 1.5, 15.5, 2.0 ], "enabled": false },
								"east": { "texture": "#cloth", "uv": [ 4.5, 8.5, 16.0, 9.0 ] },
								"south": { "texture": "#cloth", "uv": [ 0.0, 12.5, 15.5, 13.0 ], "enabled": false },
								"west": { "texture": "#cloth", "uv": [ 1.0, 8.0, 12.5, 8.5 ] },
								"up": { "texture": "#cloth", "uv": [ 0.5, 1.5, 16.0, 13.0 ] },
								"down": { "texture": "#cloth", "uv": [ 0.5, 3.0, 16.0, 14.5 ] }
							}
						},
						{
							"name": "cloth280",
							"from": [ 0.7, 1.1, 1.4 ], 
							"to": [ 16.0, 1.3, 7.9 ], 
							"renderPass": 1,
							"rotationOrigin": [ 0.7, 3.1, 0.0 ],
							"rotationY": -9.0,
							"faces": {
								"north": { "texture": "#cloth", "uv": [ 0.5, 11.0, 15.5, 11.5 ], "enabled": false },
								"east": { "texture": "#cloth", "uv": [ 7.5, 12.0, 14.0, 12.5 ] },
								"south": { "texture": "#cloth", "uv": [ 0.5, 14.5, 15.5, 15.0 ], "enabled": false },
								"west": { "texture": "#cloth", "uv": [ 2.0, 6.0, 8.5, 6.5 ] },
								"up": { "texture": "#cloth", "uv": [ 0.5, 1.5, 15.5, 8.0 ] },
								"down": { "texture": "#cloth", "uv": [ 0.5, 7.5, 15.5, 14.0 ] }
							}
						},
						{
							"name": "cloth281",
							"from": [ 15.6, 1.1, -0.1 ], 
							"to": [ 31.2, 1.3, 7.9 ], 
							"renderPass": 1,
							"rotationOrigin": [ -0.4, 3.1, -0.1 ],
							"rotationY": -9.0,
							"faces": {
								"north": { "texture": "#cloth", "uv": [ 0.0, 8.0, 15.5, 8.5 ], "enabled": false },
								"east": { "texture": "#cloth", "uv": [ 0.0, 5.0, 8.0, 5.5 ] },
								"south": { "texture": "#cloth", "uv": [ 0.0, 3.5, 15.5, 4.0 ], "enabled": false },
								"west": { "texture": "#cloth", "uv": [ 3.5, 0.5, 11.5, 1.0 ] },
								"up": { "texture": "#cloth", "uv": [ 0.0, 5.5, 15.5, 13.5 ] },
								"down": { "texture": "#cloth", "uv": [ 0.0, 7.0, 15.5, 15.0 ] }
							}
						},
						{
							"name": "cloth282",
							"from": [ 0.6, 1.0, -0.4 ], 
							"to": [ 16.0, 1.2, 3.0 ], 
							"renderPass": 1,
							"rotationOrigin": [ 0.6, 2.9, -0.4 ],
							"rotationY": -4.5,
							"faces": {
								"north": { "texture": "#cloth", "uv": [ 0.0, 13.5, 15.0, 14.0 ], "enabled": false },
								"east": { "texture": "#cloth", "uv": [ 7.0, 7.0, 10.0, 7.5 ] },
								"south": { "texture": "#cloth", "uv": [ 0.0, 0.5, 15.0, 1.0 ], "enabled": false },
								"west": { "texture": "#cloth", "uv": [ 11.0, 12.0, 14.0, 12.5 ] },
								"up": { "texture": "#cloth", "uv": [ 0.0, 9.0, 15.0, 12.0 ] },
								"down": { "texture": "#cloth", "uv": [ 0.0, 12.5, 15.0, 15.5 ] }
							}
						},
						{
							"name": "cloth283",
							"from": [ 15.75, 1.0, -1.6 ], 
							"to": [ 31.45, 1.2, 2.8 ], 
							"renderPass": 1,
							"rotationOrigin": [ -0.2, 2.9, -1.6 ],
							"rotationY": -4.5,
							"faces": {
								"north": { "texture": "#cloth", "uv": [ 0.0, 10.0, 15.5, 10.5 ], "enabled": false },
								"east": { "texture": "#cloth", "uv": [ 7.5, 2.5, 11.5, 3.0 ] },
								"south": { "texture": "#cloth", "uv": [ 0.0, 0.0, 15.5, 0.5 ], "enabled": false },
								"west": { "texture": "#cloth", "uv": [ 10.0, 12.0, 14.0, 12.5 ] },
								"up": { "texture": "#cloth", "uv": [ 0.0, 3.0, 15.5, 7.0 ] },
								"down": { "texture": "#cloth", "uv": [ 0.0, 1.0, 15.5, 5.0 ] }
							}
						},
						{
							"name": "cloth284",
							"from": [ 31.4, 1.0, -1.9 ], 
							"to": [ 46.8, 1.2, 3.0 ], 
							"renderPass": 1,
							"rotationOrigin": [ -0.6, 2.9, -1.9 ],
							"rotationY": -4.5,
							"faces": {
								"north": { "texture": "#cloth", "uv": [ 0.0, 14.5, 15.0, 15.0 ], "enabled": false },
								"east": { "texture": "#cloth", "uv": [ 2.5, 3.0, 7.0, 3.5 ] },
								"south": { "texture": "#cloth", "uv": [ 0.0, 5.0, 15.0, 5.5 ], "enabled": false },
								"west": { "texture": "#cloth", "uv": [ 1.5, 14.0, 6.0, 14.5 ] },
								"up": { "texture": "#cloth", "uv": [ 0.0, 1.0, 15.0, 5.5 ] },
								"down": { "texture": "#cloth", "uv": [ 0.0, 1.0, 15.0, 5.5 ] }
							}
						},
						{
							"name": "cloth285",
							"from": [ 47.1, 1.0, -4.0 ], 
							"to": [ 63.1, 1.2, 2.7 ], 
							"renderPass": 1,
							"rotationOrigin": [ -0.9, 2.9, -4.0 ],
							"rotationY": -4.5,
							"faces": {
								"north": { "texture": "#cloth", "uv": [ 0.0, 4.0, 16.0, 4.5 ], "enabled": false },
								"east": { "texture": "#cloth", "uv": [ 6.5, 2.5, 13.0, 3.0 ] },
								"south": { "texture": "#cloth", "uv": [ 0.0, 4.0, 16.0, 4.5 ], "enabled": false },
								"west": { "texture": "#cloth", "uv": [ 8.0, 0.0, 14.5, 0.5 ] },
								"up": { "texture": "#cloth", "uv": [ 0.0, 3.0, 16.0, 9.5 ] },
								"down": { "texture": "#cloth", "uv": [ 0.0, 8.0, 16.0, 14.5 ] }
							}
						},
						{
							"name": "cloth286",
							"from": [ 63.6, 1.0, -5.2 ], 
							"to": [ 79.0, 1.2, 3.4 ], 
							"renderPass": 1,
							"rotationOrigin": [ -0.4, 2.9, -5.2 ],
							"rotationY": -4.5,
							"faces": {
								"north": { "texture": "#cloth", "uv": [ 0.0, 5.0, 15.0, 5.5 ], "enabled": false },
								"east": { "texture": "#cloth", "uv": [ 5.5, 13.0, 14.0, 13.5 ] },
								"south": { "texture": "#cloth", "uv": [ 0.0, 1.0, 15.0, 1.5 ], "enabled": false },
								"west": { "texture": "#cloth", "uv": [ 4.0, 10.0, 12.5, 10.5 ] },
								"up": { "texture": "#cloth", "uv": [ 0.5, 6.0, 15.5, 14.5 ] },
								"down": { "texture": "#cloth", "uv": [ 0.5, 2.0, 15.5, 10.5 ] }
							}
						},
						{
							"name": "cloth287",
							"from": [ 62.1, 1.1, -4.2 ], 
							"to": [ 77.5, 1.3, 6.2 ], 
							"renderPass": 1,
							"rotationOrigin": [ -1.9, 3.1, -4.2 ],
							"rotationY": 9.0,
							"faces": {
								"north": { "texture": "#cloth", "uv": [ 0.5, 6.5, 15.5, 7.0 ] },
								"east": { "texture": "#cloth", "uv": [ 3.5, 14.0, 13.5, 14.5 ] },
								"south": { "texture": "#cloth", "uv": [ 0.5, 11.0, 15.5, 11.5 ], "enabled": false },
								"west": { "texture": "#cloth", "uv": [ 0.0, 6.5, 10.0, 7.0 ] },
								"up": { "texture": "#cloth", "uv": [ 0.5, 4.5, 15.5, 14.5 ] },
								"down": { "texture": "#cloth", "uv": [ 1.0, 3.0, 16.0, 13.0 ] }
							}
						},
						{
							"name": "cloth288",
							"from": [ 45.5, 1.1, -4.2 ], 
							"to": [ 61.5, 1.3, 4.9 ], 
							"renderPass": 1,
							"rotationOrigin": [ -2.5, 3.1, -4.2 ],
							"rotationY": 9.0,
							"faces": {
								"north": { "texture": "#cloth", "uv": [ 0.0, 11.5, 16.0, 12.0 ] },
								"east": { "texture": "#cloth", "uv": [ 3.0, 0.5, 12.0, 1.0 ] },
								"south": { "texture": "#cloth", "uv": [ 0.0, 4.5, 16.0, 5.0 ], "enabled": false },
								"west": { "texture": "#cloth", "uv": [ 3.5, 6.0, 12.5, 6.5 ] },
								"up": { "texture": "#cloth", "uv": [ 0.0, 6.0, 16.0, 15.0 ] },
								"down": { "texture": "#cloth", "uv": [ 0.0, 5.0, 16.0, 14.0 ] }
							}
						},
						{
							"name": "cloth289",
							"from": [ 30.2, 1.1, -4.2 ], 
							"to": [ 45.4, 1.3, 3.5 ], 
							"renderPass": 1,
							"rotationOrigin": [ -1.8, 3.1, -4.2 ],
							"rotationY": 9.0,
							"faces": {
								"north": { "texture": "#cloth", "uv": [ 0.5, 7.0, 15.5, 7.5 ] },
								"east": { "texture": "#cloth", "uv": [ 6.0, 0.5, 13.5, 1.0 ] },
								"south": { "texture": "#cloth", "uv": [ 0.5, 6.5, 15.5, 7.0 ], "enabled": false },
								"west": { "texture": "#cloth", "uv": [ 4.0, 6.0, 11.5, 6.5 ] },
								"up": { "texture": "#cloth", "uv": [ 0.5, 1.0, 15.5, 8.5 ] },
								"down": { "texture": "#cloth", "uv": [ 0.5, 7.0, 15.5, 14.5 ] }
							}
						},
						{
							"name": "cloth290",
							"from": [ 14.5, 1.1, -4.2 ], 
							"to": [ 30.1, 1.3, 2.3 ], 
							"renderPass": 1,
							"rotationOrigin": [ -1.5, 3.1, -4.2 ],
							"rotationY": 9.0,
							"faces": {
								"north": { "texture": "#cloth", "uv": [ 0.0, 6.5, 15.5, 7.0 ] },
								"east": { "texture": "#cloth", "uv": [ 0.0, 9.5, 6.5, 10.0 ] },
								"south": { "texture": "#cloth", "uv": [ 0.0, 3.0, 15.5, 3.5 ], "enabled": false },
								"west": { "texture": "#cloth", "uv": [ 4.5, 2.5, 11.0, 3.0 ] },
								"up": { "texture": "#cloth", "uv": [ 0.0, 5.0, 15.5, 11.5 ] },
								"down": { "texture": "#cloth", "uv": [ 0.0, 5.5, 15.5, 12.0 ] }
							}
						},
						{
							"name": "cloth291",
							"from": [ -0.5, 1.1, -4.2 ], 
							"to": [ 15.5, 1.3, 0.5 ], 
							"renderPass": 1,
							"rotationOrigin": [ -0.5, 3.1, -4.2 ],
							"rotationY": 9.0,
							"faces": {
								"north": { "texture": "#cloth", "uv": [ 0.0, 9.5, 16.0, 10.0 ] },
								"east": { "texture": "#cloth", "uv": [ 4.0, 10.5, 8.5, 11.0 ] },
								"south": { "texture": "#cloth", "uv": [ 0.0, 7.0, 16.0, 7.5 ], "enabled": false },
								"west": { "texture": "#cloth", "uv": [ 5.5, 12.0, 10.0, 12.5 ] },
								"up": { "texture": "#cloth", "uv": [ 0.0, 3.5, 16.0, 8.0 ] },
								"down": { "texture": "#cloth", "uv": [ 0.0, 9.0, 16.0, 13.5 ] }
							}
						},
						{
							"name": "cloth292",
							"from": [ 63.0, 1.0, -0.8 ], 
							"to": [ 78.4, 1.2, 7.8 ], 
							"renderPass": 1,
							"rotationOrigin": [ -1.0, 2.9, -0.8 ],
							"rotationX": 2.0,
							"rotationY": 4.5,
							"faces": {
								"north": { "texture": "#cloth", "uv": [ 0.0, 9.0, 15.0, 9.5 ], "enabled": false },
								"east": { "texture": "#cloth", "uv": [ 7.5, 12.5, 16.0, 13.0 ] },
								"south": { "texture": "#cloth", "uv": [ 0.0, 14.5, 15.0, 15.0 ], "enabled": false },
								"west": { "texture": "#cloth", "uv": [ 9.0, 12.0, 17.5, 12.5 ] },
								"up": { "texture": "#cloth", "uv": [ 0.5, 0.5, 15.5, 9.0 ] },
								"down": { "texture": "#cloth", "uv": [ 0.0, 0.5, 15.0, 9.0 ] }
							}
						},
						{
							"name": "cloth293",
							"from": [ 46.7, 1.0, -0.6 ], 
							"to": [ 62.7, 1.2, 6.5 ], 
							"renderPass": 1,
							"rotationOrigin": [ -1.3, 2.9, -0.6 ],
							"rotationX": 2.0,
							"rotationY": 4.5,
							"faces": {
								"north": { "texture": "#cloth", "uv": [ 0.0, 2.5, 16.0, 3.0 ], "enabled": false },
								"east": { "texture": "#cloth", "uv": [ 7.0, 4.0, 14.0, 4.5 ] },
								"south": { "texture": "#cloth", "uv": [ 0.0, 9.5, 16.0, 10.0 ], "enabled": false },
								"west": { "texture": "#cloth", "uv": [ 5.0, 2.0, 12.0, 2.5 ] },
								"up": { "texture": "#cloth", "uv": [ 0.0, 2.0, 16.0, 9.0 ] },
								"down": { "texture": "#cloth", "uv": [ 0.0, 4.5, 16.0, 11.5 ] }
							}
						},
						{
							"name": "cloth294",
							"from": [ 31.1, 1.0, -0.4 ], 
							"to": [ 46.4, 1.2, 6.0 ], 
							"renderPass": 1,
							"rotationOrigin": [ -0.9, 2.9, -0.4 ],
							"rotationX": 2.0,
							"rotationY": 4.5,
							"faces": {
								"north": { "texture": "#cloth", "uv": [ 0.0, 1.5, 15.0, 2.0 ], "enabled": false },
								"east": { "texture": "#cloth", "uv": [ 9.5, 1.0, 15.5, 1.5 ] },
								"south": { "texture": "#cloth", "uv": [ 0.5, 3.0, 15.5, 3.5 ], "enabled": false },
								"west": { "texture": "#cloth", "uv": [ 0.5, 9.0, 6.5, 9.5 ] },
								"up": { "texture": "#cloth", "uv": [ 0.5, 5.5, 15.5, 11.5 ] },
								"down": { "texture": "#cloth", "uv": [ 0.5, 1.0, 15.5, 7.0 ] }
							}
						},
						{
							"name": "cloth295",
							"from": [ 15.3, 1.0, -0.8 ], 
							"to": [ 31.1, 1.2, 3.6 ], 
							"renderPass": 1,
							"rotationOrigin": [ -0.7, 2.9, -0.8 ],
							"rotationX": 2.0,
							"rotationY": 4.5,
							"faces": {
								"north": { "texture": "#cloth", "uv": [ 0.0, 3.5, 15.5, 4.0 ], "enabled": false },
								"east": { "texture": "#cloth", "uv": [ 7.0, 1.5, 11.0, 2.0 ] },
								"south": { "texture": "#cloth", "uv": [ 0.0, 4.0, 15.5, 4.5 ], "enabled": false },
								"west": { "texture": "#cloth", "uv": [ 2.5, 15.0, 6.5, 15.5 ] },
								"up": { "texture": "#cloth", "uv": [ 0.0, 8.0, 15.5, 12.0 ] },
								"down": { "texture": "#cloth", "uv": [ 0.0, 8.0, 15.5, 12.0 ] }
							}
						},
						{
							"name": "cloth296",
							"from": [ 0.0, 1.0, -1.1 ], 
							"to": [ 15.75, 1.2, 2.3 ], 
							"renderPass": 1,
							"rotationOrigin": [ 0.0, 2.9, -1.6 ],
							"rotationX": 2.0,
							"rotationY": 4.5,
							"faces": {
								"north": { "texture": "#cloth", "uv": [ 0.0, 1.5, 15.5, 2.0 ], "enabled": false },
								"east": { "texture": "#cloth", "uv": [ 3.0, 7.5, 6.0, 8.0 ] },
								"south": { "texture": "#cloth", "uv": [ 0.0, 4.5, 15.5, 5.0 ], "enabled": false },
								"west": { "texture": "#cloth", "uv": [ 7.5, 1.0, 10.5, 1.5 ] },
								"up": { "texture": "#cloth", "uv": [ 0.0, 3.0, 15.5, 6.0 ] },
								"down": { "texture": "#cloth", "uv": [ 0.0, 11.5, 15.5, 14.5 ] }
							}
						},
						{
							"name": "beam297",
							"from": [ 78.83, 0.5, 16.9 ], 
							"to": [ 79.83, 1.7, 20.9 ], 
							"rotationOrigin": [ 78.9, 0.5, -1.1 ],
							"rotationY": -6.0,
							"faces": {
								"north": { "texture": "#wood", "uv": [ 6.0, 8.0, 7.0, 9.0 ] },
								"east": { "texture": "#wood", "uv": [ 10.0, 7.0, 14.0, 8.0 ] },
								"south": { "texture": "#wood", "uv": [ 11.5, 9.5, 12.5, 10.5 ] },
								"west": { "texture": "#wood", "uv": [ 11.5, 10.5, 15.5, 11.5 ] },
								"up": { "texture": "#wood", "uv": [ 5.0, 11.5, 6.0, 15.5 ] },
								"down": { "texture": "#wood", "uv": [ 8.5, 2.5, 9.5, 6.5 ] }
							}
						},
						{
							"name": "beam298",
							"from": [ 75.4, 0.5, -1.1 ], 
							"to": [ 76.4, 1.7, 1.5 ], 
							"rotationOrigin": [ 75.4, 0.5, -19.1 ],
							"rotationY": 9.0,
							"faces": {
								"north": { "texture": "#wood", "uv": [ 1.0, 5.0, 2.0, 6.0 ] },
								"east": { "texture": "#wood", "uv": [ 9.0, 2.0, 11.5, 3.0 ] },
								"south": { "texture": "#wood", "uv": [ 13.0, 12.5, 14.0, 13.5 ] },
								"west": { "texture": "#wood", "uv": [ 7.5, 9.5, 10.0, 10.5 ] },
								"up": { "texture": "#wood", "uv": [ 9.5, 12.5, 10.5, 15.0 ] },
								"down": { "texture": "#wood", "uv": [ 11.5, 2.5, 12.5, 5.0 ] }
							}
						},
						{
							"name": "blade299",
							"from": [ -2.0419, 0.3527, 7.0622 ], 
							"to": [ -0.0419, 2.3527, 23.0622 ], 
							"rotationOrigin": [ -1.0419, 1.3527, 7.0622 ],
							"rotationX": -1.371,
							"rotationY": 79.804,
							"rotationZ": -88.805,
							"faces": {
								"north": { "texture": "#wood", "uv": [ 3.5, 6.5, 5.5, 8.5 ], "enabled": false },
								"east": { "texture": "#wood", "uv": [ 0.0, 0.5, 16.0, 2.5 ] },
								"south": { "texture": "#wood", "uv": [ 9.5, 5.0, 11.5, 7.0 ] },
								"west": { "texture": "#wood", "uv": [ 0.0, 9.5, 16.0, 11.5 ] },
								"up": { "texture": "#wood", "uv": [ 0.0, 10.5, 16.0, 12.5 ], "rotation": 90 },
								"down": { "texture": "#wood", "uv": [ 0.0, 5.0, 16.0, 7.0 ], "rotation": 90 }
							}
						},
						{
							"name": "blade300",
							"from": [ 13.61, 0.3626, 9.8852 ], 
							"to": [ 15.61, 2.3626, 25.8852 ], 
							"rotationOrigin": [ 14.615, 1.3626, 9.8852 ],
							"rotationX": -1.371,
							"rotationY": 79.804,
							"rotationZ": -88.805,
							"faces": {
								"north": { "texture": "#wood", "uv": [ 5.0, 10.5, 7.0, 12.5 ], "enabled": false },
								"east": { "texture": "#wood", "uv": [ 0.0, 11.0, 16.0, 13.0 ] },
								"south": { "texture": "#wood", "uv": [ 4.0, 10.0, 6.0, 12.0 ], "enabled": false },
								"west": { "texture": "#wood", "uv": [ 0.0, 12.5, 16.0, 14.5 ] },
								"up": { "texture": "#wood", "uv": [ 0.0, 10.0, 16.0, 12.0 ], "rotation": 90 },
								"down": { "texture": "#wood", "uv": [ 0.0, 4.0, 16.0, 6.0 ], "rotation": 90 }
							}
						},
						{
							"name": "blade301",
							"from": [ 29.27, 0.3725, 12.7082 ], 
							"to": [ 31.27, 2.3725, 28.7082 ], 
							"rotationOrigin": [ 30.272, 1.3726, 12.7082 ],
							"rotationX": -1.371,
							"rotationY": 79.804,
							"rotationZ": -88.805,
							"faces": {
								"north": { "texture": "#wood", "uv": [ 1.0, 6.5, 3.0, 8.5 ], "enabled": false },
								"east": { "texture": "#wood", "uv": [ 0.0, 5.0, 16.0, 7.0 ] },
								"south": { "texture": "#wood", "uv": [ 2.5, 3.0, 4.5, 5.0 ], "enabled": false },
								"west": { "texture": "#wood", "uv": [ 0.0, 1.5, 16.0, 3.5 ] },
								"up": { "texture": "#wood", "uv": [ 0.0, 4.5, 16.0, 6.5 ], "rotation": 90 },
								"down": { "texture": "#wood", "uv": [ 0.0, 5.0, 16.0, 7.0 ], "rotation": 90 }
							}
						},
						{
							"name": "blade302",
							"from": [ 44.93, 0.3825, 15.5312 ], 
							"to": [ 46.93, 2.3825, 31.5312 ], 
							"rotationOrigin": [ 45.9289, 1.3825, 15.5311 ],
							"rotationX": -1.371,
							"rotationY": 79.804,
							"rotationZ": -88.805,
							"faces": {
								"north": { "texture": "#wood", "uv": [ 4.0, 5.0, 6.0, 7.0 ], "enabled": false },
								"east": { "texture": "#wood", "uv": [ 0.0, 10.5, 16.0, 12.5 ] },
								"south": { "texture": "#wood", "uv": [ 7.0, 6.0, 9.0, 8.0 ], "enabled": false },
								"west": { "texture": "#wood", "uv": [ 0.0, 1.5, 16.0, 3.5 ] },
								"up": { "texture": "#wood", "uv": [ 0.0, 12.5, 16.0, 14.5 ], "rotation": 90 },
								"down": { "texture": "#wood", "uv": [ 0.0, 5.0, 16.0, 7.0 ], "rotation": 90 }
							}
						},
						{
							"name": "blade303",
							"from": [ 60.59, 0.4909, 18.3715 ], 
							"to": [ 62.59, 2.4909, 34.3715 ], 
							"rotationOrigin": [ 61.5858, 1.4909, 18.3715 ],
							"rotationX": -1.371,
							"rotationY": 79.804,
							"rotationZ": -88.805,
							"faces": {
								"north": { "texture": "#wood", "uv": [ 8.5, 10.5, 10.5, 12.5 ], "enabled": false },
								"east": { "texture": "#wood", "uv": [ 0.0, 0.0, 16.0, 2.0 ] },
								"south": { "texture": "#wood", "uv": [ 9.5, 6.5, 11.5, 8.5 ] },
								"west": { "texture": "#wood", "uv": [ 0.0, 11.5, 16.0, 13.5 ] },
								"up": { "texture": "#wood", "uv": [ 0.0, 8.5, 16.0, 10.5 ], "rotation": 90 },
								"down": { "texture": "#wood", "uv": [ 0.0, 11.5, 16.0, 13.5 ], "rotation": 90 }
							}
						},
						{
							"name": "beam304",
							"from": [ 59.56, 0.6, 0.7 ], 
							"to": [ 60.56, 1.8, 2.4 ], 
							"rotationOrigin": [ 59.5, 0.6, -17.3 ],
							"rotationY": 9.0,
							"faces": {
								"north": { "texture": "#wood", "uv": [ 1.0, 5.0, 2.0, 6.0 ], "enabled": false },
								"east": { "texture": "#wood", "uv": [ 9.0, 2.0, 10.5, 3.0 ] },
								"south": { "texture": "#wood", "uv": [ 13.0, 12.5, 14.0, 13.5 ], "enabled": false },
								"west": { "texture": "#wood", "uv": [ 7.5, 9.5, 9.0, 10.5 ] },
								"up": { "texture": "#wood", "uv": [ 9.5, 12.5, 10.5, 14.0 ] },
								"down": { "texture": "#wood", "uv": [ 11.5, 2.5, 12.5, 4.0 ] }
							}
						}
					]
				}
			]
		},
		{
			"name": "hori",
			"from": [ 0.01, 6.5, 5.01 ], 
			"to": [ 12.0, 9.5, 6.51 ], 
			"faces": {
				"north": { "texture": "#wood", "uv": [ 2.5, 4.0, 14.5, 7.0 ], "autoUv": false },
				"east": { "texture": "#wood", "uv": [ 8.0, 10.5, 9.5, 13.5 ] },
				"south": { "texture": "#wood", "uv": [ 2.5, 0.5, 14.5, 3.5 ], "enabled": false, "autoUv": false },
				"west": { "texture": "#wood", "uv": [ 9.5, 4.0, 11.0, 7.0 ] },
				"up": { "texture": "#wood", "uv": [ 2.0, 0.0, 14.0, 1.5 ], "autoUv": false },
				"down": { "texture": "#wood", "uv": [ 2.5, 1.5, 14.5, 3.0 ], "autoUv": false }
			}
		},
		{
			"name": "verti",
			"from": [ 0.0, 5.0, 6.5 ], 
			"to": [ 12.01, 11.0, 9.5 ], 
			"faces": {
				"north": { "texture": "#wood", "uv": [ 2.0, 2.0, 14.0, 8.0 ] },
				"east": { "texture": "#wood", "uv": [ 2.0, 3.0, 5.0, 9.0 ] },
				"south": { "texture": "#wood", "uv": [ 0.0, 2.5, 12.0, 8.5 ] },
				"west": { "texture": "#wood", "uv": [ 7.5, 3.5, 10.5, 9.5 ] },
				"up": { "texture": "#wood", "uv": [ 2.0, 6.0, 14.0, 9.0 ] },
				"down": { "texture": "#wood", "uv": [ 1.5, 6.0, 13.5, 9.0 ] }
			}
		},
		{
			"name": "blade2",
			"from": [ 7.0, 0.0, 7.0 ], 
			"to": [ 9.0, 5.0, 9.0 ], 
			"rotationOrigin": [ 8.0, 8.0, 8.0 ],
			"rotationY": 10.0,
			"faces": {
				"north": { "texture": "#wood", "uv": [ 6.5, 8.5, 11.5, 10.5 ], "rotation": 90 },
				"east": { "texture": "#wood", "uv": [ 8.5, 4.0, 13.5, 6.0 ], "rotation": 90 },
				"south": { "texture": "#wood", "uv": [ 8.5, 8.0, 13.5, 10.0 ], "rotation": 90 },
				"west": { "texture": "#wood", "uv": [ 4.5, 4.0, 9.5, 6.0 ], "rotation": 90 },
				"up": { "texture": "#wood", "uv": [ 4.5, 5.5, 6.5, 7.5 ], "enabled": false },
				"down": { "texture": "#wood", "uv": [ 10.5, 6.5, 12.5, 8.5 ], "enabled": false }
			}
		},
		{
			"name": "hori-r",
			"from": [ 0.01, 6.5, 9.49 ], 
			"to": [ 12.0, 9.5, 10.99 ], 
			"rotationOrigin": [ 0.0, 0.0, 5.0 ],
			"faces": {
				"north": { "texture": "#wood", "uv": [ 1.5, 3.0, 13.5, 6.0 ], "enabled": false, "autoUv": false },
				"east": { "texture": "#wood", "uv": [ 4.5, 4.0, 6.0, 7.0 ] },
				"south": { "texture": "#wood", "uv": [ 2.0, 6.5, 14.0, 9.5 ], "autoUv": false },
				"west": { "texture": "#wood", "uv": [ 13.5, 3.5, 15.0, 6.5 ] },
				"up": { "texture": "#wood", "uv": [ 1.5, 8.0, 13.5, 9.5 ], "autoUv": false },
				"down": { "texture": "#wood", "uv": [ 0.0, 7.0, 12.0, 8.5 ], "autoUv": false }
			}
		},
		{
			"name": "blade89",
			"from": [ 7.0, 0.0, 7.0 ], 
			"to": [ 9.0, 6.0, 9.0 ], 
			"rotationOrigin": [ 8.0, 8.0, 8.0 ],
			"rotationX": 240.0,
			"rotationY": -10.0,
			"faces": {
				"north": { "texture": "#wood", "uv": [ 7.0, 0.0, 13.0, 2.0 ], "rotation": 90 },
				"east": { "texture": "#wood", "uv": [ 0.0, 6.0, 6.0, 8.0 ], "rotation": 90 },
				"south": { "texture": "#wood", "uv": [ 6.0, 5.0, 12.0, 7.0 ], "rotation": 90 },
				"west": { "texture": "#wood", "uv": [ 1.5, 12.5, 7.5, 14.5 ], "rotation": 90 },
				"up": { "texture": "#wood", "uv": [ 1.0, 5.0, 3.0, 7.0 ], "enabled": false },
				"down": { "texture": "#wood", "uv": [ 10.0, 1.0, 12.0, 3.0 ], "enabled": false }
			}
		},
		{
			"name": "blade92",
			"from": [ 7.0, 0.0, 7.0 ], 
			"to": [ 9.0, 6.0, 9.0 ], 
			"rotationOrigin": [ 8.0, 8.0, 8.0 ],
			"rotationX": 120.0,
			"rotationY": 10.0,
			"faces": {
				"north": { "texture": "#wood", "uv": [ 7.0, 11.5, 13.0, 13.5 ], "rotation": 90 },
				"east": { "texture": "#wood", "uv": [ 3.0, 8.0, 9.0, 10.0 ], "rotation": 90 },
				"south": { "texture": "#wood", "uv": [ 8.0, 7.5, 14.0, 9.5 ], "rotation": 90 },
				"west": { "texture": "#wood", "uv": [ 2.5, 9.5, 8.5, 11.5 ], "rotation": 90 },
				"up": { "texture": "#wood", "uv": [ 13.5, 4.0, 15.5, 6.0 ], "enabled": false },
				"down": { "texture": "#wood", "uv": [ 6.5, 1.0, 8.5, 3.0 ], "enabled": false }
			}
		},
		{
			"name": "reinforce",
			"from": [ 6.0, 4.5, 6.0 ], 
			"to": [ 10.01, 11.5, 10.0 ], 
			"rotationOrigin": [ 6.0, -0.5, -0.5 ],
			"faces": {
				"north": { "texture": "#iron", "uv": [ 9.0, 1.5, 13.0, 8.5 ] },
				"east": { "texture": "#iron", "uv": [ 1.5, 2.5, 5.5, 9.5 ] },
				"south": { "texture": "#iron", "uv": [ 11.0, 2.5, 15.0, 9.5 ] },
				"west": { "texture": "#iron", "uv": [ 0.5, 3.5, 4.5, 10.5 ] },
				"up": { "texture": "#iron", "uv": [ 0.5, 8.0, 4.5, 12.0 ] },
				"down": { "texture": "#iron", "uv": [ 4.5, 10.5, 8.5, 14.5 ] }
			}
		},
		{
			"name": "reinforce2",
			"from": [ 6.01, 6.0, 9.98 ], 
			"to": [ 10.0, 10.0, 11.48 ], 
			"rotationOrigin": [ 6.0, -0.5, 5.5 ],
			"faces": {
				"north": { "texture": "#iron", "uv": [ 3.5, 5.5, 15.5, 8.5 ], "enabled": false, "autoUv": false },
				"east": { "texture": "#iron", "uv": [ 8.5, 5.5, 10.0, 9.5 ] },
				"south": { "texture": "#iron", "uv": [ 3.5, 4.5, 6.5, 7.5 ], "autoUv": false },
				"west": { "texture": "#iron", "uv": [ 10.5, 6.5, 12.0, 10.5 ] },
				"up": { "texture": "#iron", "uv": [ 1.5, 2.5, 4.5, 4.0 ], "autoUv": false },
				"down": { "texture": "#iron", "uv": [ 0.5, 4.0, 3.5, 5.5 ], "autoUv": false }
			}
		},
		{
			"name": "reinforce15",
			"from": [ 6.01, 6.0, 4.5 ], 
			"to": [ 10.0, 10.0, 6.0 ], 
			"rotationOrigin": [ 6.0, -0.5, 0.0 ],
			"faces": {
				"north": { "texture": "#iron", "uv": [ 3.0, 6.0, 6.0, 9.0 ], "autoUv": false, "windMode": [-1,-1,-1,-1] },
				"east": { "texture": "#iron", "uv": [ 8.5, 9.0, 10.0, 13.0 ] },
				"south": { "texture": "#iron", "uv": [ 0.5, 9.0, 12.5, 12.0 ], "enabled": false, "autoUv": false, "windMode": [-1,-1,-1,-1] },
				"west": { "texture": "#iron", "uv": [ 9.0, 1.5, 10.5, 5.5 ] },
				"up": { "texture": "#iron", "uv": [ 1.5, 7.0, 5.0, 8.5 ], "autoUv": false },
				"down": { "texture": "#iron", "uv": [ 3.0, 10.5, 7.0, 12.0 ], "autoUv": false }
			}
		}
	]}