{
	"editor": {
		"allAngles": false,
		"entityTextureMode": false
	},
	"textureWidth": 16,
	"textureHeight": 16,
	"textureSizes": {
	},
	"textures": {
	},
	"elements": [
		{
			"name": "origin",
			"from": [ 8.0, 0.0, 8.0 ], 
			"to": [ 8.0, 0.0, 8.0 ], 
			"rotationOrigin": [ 8.0, 0.0, 8.0 ],
			"faces": {
				"north": { "texture": "#meat", "uv": [ 0.0, 0.0, 0.5, 0.5 ], "enabled": false },
				"east": { "texture": "#meat", "uv": [ 0.0, 0.0, 0.5, 0.5 ], "enabled": false },
				"south": { "texture": "#meat", "uv": [ 0.0, 0.0, 0.5, 0.5 ], "enabled": false },
				"west": { "texture": "#meat", "uv": [ 0.0, 0.0, 0.5, 0.5 ], "enabled": false },
				"up": { "texture": "#meat", "uv": [ 0.0, 0.0, 0.5, 0.5 ], "enabled": false },
				"down": { "texture": "#meat", "uv": [ 0.0, 0.0, 0.5, 0.5 ], "enabled": false }
			},
			"children": [
				{
					"name": "main-mid",
					"from": [ -3.0, 0.0, -1.0 ], 
					"to": [ 2.0, 1.0, 1.0 ], 
					"faces": {
						"north": { "texture": "#meat", "uv": [ 3.0, 3.0, 8.0, 4.0 ] },
						"east": { "texture": "#meat", "uv": [ 3.0, 3.0, 5.0, 4.0 ] },
						"south": { "texture": "#meat", "uv": [ 3.0, 3.0, 8.0, 4.0 ] },
						"west": { "texture": "#meat", "uv": [ 2.5, 2.5, 4.5, 3.5 ] },
						"up": { "texture": "#meat", "uv": [ 0.0, 2.0, 5.0, 4.0 ] },
						"down": { "texture": "#meat", "uv": [ 2.5, 5.0, 7.5, 7.0 ] }
					},
					"children": [
						{
							"name": "main-south",
							"from": [ 0.0, 0.0, 2.0 ], 
							"to": [ 5.0, 0.8, 2.8 ], 
							"rotationOrigin": [ 3.0, 0.0, 2.0 ],
							"faces": {
								"north": { "texture": "#meat", "uv": [ 0.0, 0.0, 5.0, 0.5 ], "enabled": false },
								"east": { "texture": "#meat", "uv": [ 2.5, 6.0, 3.0, 6.5 ] },
								"south": { "texture": "#meat", "uv": [ 2.5, 6.5, 7.5, 7.0 ] },
								"west": { "texture": "#meat", "uv": [ 7.0, 7.0, 7.5, 7.5 ] },
								"up": { "texture": "#meat", "uv": [ 3.0, 6.5, 8.0, 7.0 ] },
								"down": { "texture": "#meat", "uv": [ 3.0, 7.0, 8.0, 7.5 ] }
							},
							"children": [
								{
									"name": "south",
									"from": [ 0.6, 0.0, 0.8 ], 
									"to": [ 4.6, 0.5, 1.4 ], 
									"rotationOrigin": [ 3.1, 0.0, 0.8 ],
									"faces": {
										"north": { "texture": "#meat", "uv": [ 0.0, 0.0, 4.0, 0.5 ], "enabled": false },
										"east": { "texture": "#meat", "uv": [ 7.0, 7.0, 7.5, 7.5 ] },
										"south": { "texture": "#meat", "uv": [ 3.0, 7.0, 7.0, 7.5 ] },
										"west": { "texture": "#meat", "uv": [ 5.5, 5.5, 6.0, 6.0 ] },
										"up": { "texture": "#meat", "uv": [ 2.5, 5.5, 6.5, 6.0 ] },
										"down": { "texture": "#meat", "uv": [ 3.0, 4.5, 7.0, 5.0 ] }
									}
								}
							]
						},
						{
							"name": "main-north",
							"from": [ 0.0, 0.0, -2.0 ], 
							"to": [ 5.0, 0.8, 0.0 ], 
							"rotationOrigin": [ 3.0, 0.0, -1.0 ],
							"faces": {
								"north": { "texture": "#meat", "uv": [ 3.0, 4.0, 8.0, 4.5 ] },
								"east": { "texture": "#meat", "uv": [ 2.5, 6.0, 4.5, 6.5 ] },
								"south": { "texture": "#meat", "uv": [ 0.0, 0.0, 5.0, 0.5 ], "enabled": false },
								"west": { "texture": "#meat", "uv": [ 4.0, 4.5, 6.0, 5.0 ] },
								"up": { "texture": "#meat", "uv": [ 0.0, 0.0, 5.0, 2.0 ] },
								"down": { "texture": "#meat", "uv": [ 2.5, 6.0, 7.5, 8.0 ] }
							},
							"children": [
								{
									"name": "north",
									"from": [ 0.5, 0.0, -0.6 ], 
									"to": [ 4.5, 0.5, 0.0 ], 
									"rotationOrigin": [ 3.5, 0.0, 0.0 ],
									"faces": {
										"north": { "texture": "#meat", "uv": [ 0.5, 7.0, 4.5, 7.5 ] },
										"east": { "texture": "#meat", "uv": [ 4.5, 6.5, 5.0, 7.0 ] },
										"south": { "texture": "#meat", "uv": [ 0.0, 0.0, 4.0, 0.5 ], "enabled": false },
										"west": { "texture": "#meat", "uv": [ 4.5, 6.0, 5.0, 6.5 ] },
										"up": { "texture": "#meat", "uv": [ 0.5, 6.5, 4.5, 7.0 ], "windMode": [-1,-1,-1,-1] },
										"down": { "texture": "#meat", "uv": [ 0.5, 7.5, 4.5, 8.0 ] }
									}
								}
							]
						},
						{
							"name": "main-west",
							"from": [ -1.0, 0.0, -1.3 ], 
							"to": [ 0.0, 0.8, 2.3 ], 
							"faces": {
								"north": { "texture": "#meat", "uv": [ 0.5, 7.5, 1.5, 8.0 ] },
								"east": { "texture": "#meat", "uv": [ 0.0, 0.0, 3.5, 0.5 ], "enabled": false },
								"south": { "texture": "#meat", "uv": [ 0.0, 7.0, 1.0, 7.5 ] },
								"west": { "texture": "#meat", "uv": [ 0.0, 7.5, 3.5, 8.0 ] },
								"up": { "texture": "#meat", "uv": [ 5.5, 4.0, 6.5, 7.5 ] },
								"down": { "texture": "#meat", "uv": [ 5.5, 4.0, 6.5, 7.5 ] }
							},
							"children": [
								{
									"name": "west",
									"from": [ -0.5, 0.0, 0.3 ], 
									"to": [ 0.0, 0.5, 3.3 ], 
									"rotationOrigin": [ 0.0, 0.0, 1.3 ],
									"faces": {
										"north": { "texture": "#meat", "uv": [ 7.5, 7.0, 8.0, 7.5 ] },
										"east": { "texture": "#meat", "uv": [ 0.0, 0.0, 3.0, 0.5 ], "enabled": false },
										"south": { "texture": "#meat", "uv": [ 4.5, 5.0, 5.0, 5.5 ] },
										"west": { "texture": "#meat", "uv": [ 3.5, 5.0, 6.5, 5.5 ] },
										"up": { "texture": "#meat", "uv": [ 0.0, 4.5, 0.5, 7.5 ] },
										"down": { "texture": "#meat", "uv": [ 0.0, 4.0, 0.5, 7.0 ] }
									}
								}
							]
						},
						{
							"name": "main-east",
							"from": [ 5.0, 0.0, -1.3 ], 
							"to": [ 7.0, 0.8, 2.3 ], 
							"rotationOrigin": [ 6.0, 0.0, 0.0 ],
							"faces": {
								"north": { "texture": "#meat", "uv": [ 5.0, 0.0, 7.0, 0.5 ] },
								"east": { "texture": "#meat", "uv": [ 0.5, 7.0, 4.0, 7.5 ] },
								"south": { "texture": "#meat", "uv": [ 2.0, 5.5, 4.0, 6.0 ] },
								"west": { "texture": "#meat", "uv": [ 0.0, 0.0, 3.5, 0.5 ], "enabled": false },
								"up": { "texture": "#meat", "uv": [ 5.0, 3.0, 7.0, 6.5 ] },
								"down": { "texture": "#meat", "uv": [ 5.0, 4.0, 7.0, 7.5 ] }
							},
							"children": [
								{
									"name": "east",
									"from": [ 2.0, 0.0, 0.3 ], 
									"to": [ 3.0, 0.5, 3.3 ], 
									"rotationOrigin": [ 2.0, 0.0, 1.3 ],
									"faces": {
										"north": { "texture": "#meat", "uv": [ 5.5, 4.0, 6.5, 4.5 ] },
										"east": { "texture": "#meat", "uv": [ 3.0, 7.5, 6.0, 8.0 ] },
										"south": { "texture": "#meat", "uv": [ 4.5, 7.0, 5.5, 7.5 ] },
										"west": { "texture": "#meat", "uv": [ 0.0, 0.0, 3.0, 0.5 ], "enabled": false },
										"up": { "texture": "#meat", "uv": [ 4.0, 4.0, 5.0, 7.0 ] },
										"down": { "texture": "#meat", "uv": [ 4.0, 3.5, 5.0, 6.5 ] }
									},
									"children": [
										{
											"name": "east2",
											"from": [ 1.0, 0.0, 0.6 ], 
											"to": [ 2.0, 0.3, 2.3 ], 
											"rotationOrigin": [ 1.0, 0.0, 0.6 ],
											"faces": {
												"north": { "texture": "#meat", "uv": [ 0.0, 1.0, 1.0, 1.5 ] },
												"east": { "texture": "#meat", "uv": [ 4.5, 6.0, 6.0, 6.5 ] },
												"south": { "texture": "#meat", "uv": [ 3.0, 6.5, 4.0, 7.0 ] },
												"west": { "texture": "#meat", "uv": [ 0.0, 0.0, 1.5, 0.5 ], "enabled": false },
												"up": { "texture": "#meat", "uv": [ 5.0, 3.5, 6.0, 5.0 ] },
												"down": { "texture": "#meat", "uv": [ 4.5, 4.0, 5.5, 5.5 ] }
											}
										}
									]
								},
								{
									"name": "east-south",
									"from": [ -0.4, 0.0, 3.6 ], 
									"to": [ 1.7, 0.4, 4.3 ], 
									"rotationOrigin": [ -0.4, 0.0, 3.6 ],
									"faces": {
										"north": { "texture": "#meat", "uv": [ 1.5, 1.5, 3.5, 2.0 ] },
										"east": { "texture": "#meat", "uv": [ 2.5, 5.0, 3.0, 5.5 ] },
										"south": { "texture": "#meat", "uv": [ 2.0, 5.0, 4.0, 5.5 ] },
										"west": { "texture": "#meat", "uv": [ 0.0, 0.0, 0.5, 0.5 ], "enabled": false },
										"up": { "texture": "#meat", "uv": [ 2.0, 5.0, 4.0, 5.5 ] },
										"down": { "texture": "#meat", "uv": [ 2.0, 5.5, 4.0, 6.0 ] }
									}
								}
							]
						}
					]
				}
			]
		}
	]}