{"GameVersion":"1.18.6","SizeX":1,"SizeY":5,"SizeZ":1,"BlockCodes":{"8328":"game:pan-wooden","8613":"game:meta-underground","2673":"game:soil-verylow-verysparse","8109":"game:chest-east","8606":"game:clutter"},"ItemCodes":{"261":"game:stackrandomizer-accessory-lowstatus","269":"game:stackrandomizer-ore","275":"game:stackrandomizer-resource","279":"game:stackrandomizer-gear"},"Indices":[0,1048576,2097152,3145728,4194304],"BlockIds":[8613,2673,8109,8613,8606],"DecorIndices":[],"DecorIds":[],"BlockEntities":{"2097152":"!<d@[F*O&?#64c-E,TfC\"TSN&!<d@[F*`AX#64o6@VfsmCI<#NAI;p\\ATMrFARTY%\"po!]G%GQ5DfU+(#'\"^#Dfg%+!!!!'\"`nKuFE7Zf0`V4S!!!0'!!!$\"!!!!(!AXWU!!!!.!<<*#!!!!%$Zp</@;J;E@;]Rd!!!!`!!`N\\!!*'\"!##A5!!*'\"!!E[ODffE(6YKnG@q>W?J3Er<!AjcW!!!!4!<<*#!!!!%$Zp</@;J;E@;]Rd!!%O5!!`N^!!*'\"!\"Ar/!!*'\"!!E[ODffE(6YKnG@q>W?!'^Gg!B'oX!!!\"T+92BBz#6?a`!<<*\"(BFL9!<<*\"!!!!&$taEu6>URMCI<#NAI;p\\ATMrFARTY%\"U&pmE+KAdDes5uE-#T$0a%f\"ATMNNDJ*csz!!","4194304":"!<d@[F*O&?#64c-E,TfC#64`(!<d@[F*`AX#64o6@VfsmCI<#NAHu^]F`__:EWlSfH#R='B6%F(ATMs3DIkCT\":&scFCB9&=9&=$!!EUFATMNNDJ*csjNEk)\":&scFCB9&=o\\O&!!rsADes6$@ru9m!!!"},"Entities":[],"ReplaceMode":2,"EntranceRotation":-1}