{
	"editor": {
		"allAngles": true,
		"entityTextureMode": true
	},
	"textureWidth": 96,
	"textureHeight": 64,
	"textureSizes": {
		"skin": [96,64]
	},
	"textures": {
	},
	"elements": [
		{
			"name": "Body",
			"from": [ -0.486, 16.308, 3.57 ], 
			"to": [ 11.178, 26.514, 12.318 ], 
			"unwrapMode": 3,
			"uv": [ 0.0, 0.0 ],
			"rotationOrigin": [ 11.178, 21.411, 8.036 ],
			"rotationZ": -3.0,
			"faces": {
				"north": { "texture": "#skin", "uv": [ 31.5, 9.5, 44.0, 20.5 ] },
				"east": { "texture": "#skin", "uv": [ 22.0, 9.5, 31.5, 20.5 ] },
				"south": { "texture": "#skin", "uv": [ 9.5, 9.5, 22.0, 20.5 ] },
				"west": { "texture": "#skin", "uv": [ 0.0, 9.5, 9.5, 20.5 ] },
				"up": { "texture": "#skin", "uv": [ 9.5, 0.0, 22.0, 9.5 ] },
				"down": { "texture": "#skin", "uv": [ 9.5, 20.5, 22.0, 30.0 ], "rotation": 180 }
			},
			"children": [
				{
					"name": "neck",
					"from": [ -2.187, 7.65, 2.187 ], 
					"to": [ 5.913, 14.211, 6.561 ], 
					"unwrapMode": 3,
					"unwrapRotation": 1,
					"uv": [ 40.5, 24.5 ],
					"rotationOrigin": [ 3.645, 7.6464, 4.374 ],
					"rotationY": 10.0,
					"rotationZ": 80.0,
					"faces": {
						"north": { "texture": "#skin", "uv": [ 52.0, 29.0, 59.0, 38.0 ], "rotation": 270, "windMode": [-1,-1,-1,-1], "windData": [0,0,1,0] },
						"east": { "texture": "#skin", "uv": [ 45.0, 24.5, 52.0, 29.0 ], "rotation": 90, "windMode": [-1,-1,-1,-1], "windData": [1,0,0,1] },
						"south": { "texture": "#skin", "uv": [ 45.0, 29.0, 52.0, 38.0 ], "rotation": 90 },
						"west": { "texture": "#skin", "uv": [ 45.0, 38.0, 52.0, 42.5 ], "rotation": 90 },
						"up": { "texture": "#skin", "uv": [ 40.5, 29.0, 45.0, 38.0 ], "rotation": 90 },
						"down": { "texture": "#skin", "uv": [ 52.0, 29.0, 56.5, 38.0 ], "rotation": 270, "enabled": false, "windMode": [-1,-1,-1,-1] }
					},
					"children": [
						{
							"name": "neck2",
							"from": [ 1.341, 4.824, 0.2916 ], 
							"to": [ 7.902, 10.3644, 4.0824 ], 
							"unwrapMode": 3,
							"unwrapRotation": 1,
							"uv": [ 22.5, 20.5 ],
							"rotationOrigin": [ 6.381, 4.824, 2.187 ],
							"rotationX": 15.0,
							"rotationZ": 5.0,
							"faces": {
								"north": { "texture": "#skin", "uv": [ 32.5, 24.5, 38.5, 31.5 ], "rotation": 270 },
								"east": { "texture": "#skin", "uv": [ 26.5, 20.5, 32.5, 24.5 ], "rotation": 90 },
								"south": { "texture": "#skin", "uv": [ 26.5, 24.5, 32.5, 31.5 ], "rotation": 90 },
								"west": { "texture": "#skin", "uv": [ 26.5, 31.5, 32.5, 35.5 ], "rotation": 90 },
								"up": { "texture": "#skin", "uv": [ 22.5, 24.5, 26.5, 31.5 ], "rotation": 90 },
								"down": { "texture": "#skin", "uv": [ 32.5, 24.5, 36.5, 31.5 ], "rotation": 270, "enabled": false, "windMode": [-1,-1,-1,-1] }
							},
							"children": [
								{
									"name": "head",
									"from": [ 0.63, 1.323, -0.729 ], 
									"to": [ 6.12, 6.723, 4.374 ], 
									"unwrapMode": 4,
									"uv": [ 44.0, 3.0 ],
									"rotationOrigin": [ 5.103, 5.6988, 1.8954 ],
									"rotationZ": -60.0,
									"faces": {
										"north": { "texture": "#skin", "uv": [ 44.0, 9.0, 50.0, 15.0 ] },
										"east": { "texture": "#skin", "uv": [ 61.5, 9.0, 67.0, 15.0 ] },
										"south": { "texture": "#skin", "uv": [ 55.5, 9.0, 61.5, 15.0 ] },
										"west": { "texture": "#skin", "uv": [ 50.0, 9.0, 55.5, 15.0 ] },
										"up": { "texture": "#skin", "uv": [ 50.0, 3.0, 55.5, 9.0 ], "rotation": 90 },
										"down": { "texture": "#skin", "uv": [ 50.0, 15.0, 55.5, 21.0 ], "rotation": 90 }
									},
									"children": [
										{
											"name": "mouth up",
											"from": [ -3.645, 2.016, 1.1664 ], 
											"to": [ 1.458, 4.4946, 4.0824 ], 
											"unwrapMode": 5,
											"unwrapRotation": 1,
											"uv": [ 22.0, 0.0 ],
											"rotationOrigin": [ 0.2916, 3.915, 2.6244 ],
											"rotationZ": 10.0,
											"faces": {
												"north": { "texture": "#skin", "uv": [ 22.0, 0.0, 24.5, 5.5 ], "rotation": 270 },
												"east": { "texture": "#skin", "uv": [ 24.5, 0.0, 27.5, 2.5 ], "rotation": 180, "enabled": false },
												"south": { "texture": "#skin", "uv": [ 27.5, 0.0, 30.0, 5.5 ], "rotation": 90 },
												"west": { "texture": "#skin", "uv": [ 24.5, 5.5, 27.5, 8.0 ] },
												"up": { "texture": "#skin", "uv": [ 24.5, 0.0, 27.5, 5.5 ], "rotation": 90 },
												"down": { "texture": "#skin", "uv": [ 30.0, 0.0, 33.0, 5.5 ], "rotation": 270 }
											},
											"children": [
												{
													"name": "nose",
													"from": [ -1.8954, 0.621, -0.1458 ], 
													"to": [ 1.0206, 2.9196, 3.0618 ], 
													"unwrapMode": 4,
													"uv": [ 33.0, 0.5 ],
													"rotationOrigin": [ 1.0206, 0.6174, 1.458 ],
													"rotationZ": 25.0,
													"faces": {
														"north": { "texture": "#skin", "uv": [ 33.0, 3.5, 36.0, 6.0 ], "windMode": [-1,-1,-1,-1], "windData": [1,1,1,1] },
														"east": { "texture": "#skin", "uv": [ 42.5, 3.5, 46.0, 6.0 ], "windMode": [-1,-1,-1,-1], "windData": [1,1,1,1] },
														"south": { "texture": "#skin", "uv": [ 39.5, 3.5, 42.5, 6.0 ], "windMode": [-1,-1,-1,-1], "windData": [1,1,1,1] },
														"west": { "texture": "#skin", "uv": [ 36.0, 3.5, 39.5, 6.0 ], "windMode": [-1,-1,-1,-1], "windData": [1,1,1,1] },
														"up": { "texture": "#skin", "uv": [ 36.0, 0.5, 39.5, 3.5 ], "rotation": 90, "windMode": [-1,-1,-1,-1], "windData": [1,1,1,1] },
														"down": { "texture": "#skin", "uv": [ 36.0, 6.0, 39.5, 9.0 ], "rotation": 90, "windMode": [-1,-1,-1,-1], "windData": [1,1,1,1] }
													}
												},
												{
													"name": "nose bridge",
													"from": [ 0.0, 1.836, 0.2916 ], 
													"to": [ 4.5072, 3.186, 2.6244 ], 
													"unwrapMode": 5,
													"unwrapRotation": 1,
													"uv": [ 4.0, 4.5 ],
													"rotationOrigin": [ 4.374, 1.8396, 1.0206 ],
													"rotationZ": 8.0,
													"faces": {
														"north": { "texture": "#skin", "uv": [ 4.0, 4.5, 5.5, 9.5 ], "rotation": 270 },
														"east": { "texture": "#skin", "uv": [ 5.5, 4.5, 8.0, 6.0 ], "rotation": 180, "enabled": false, "windMode": [-1,-1,-1,-1], "windData": [1,1,1,1] },
														"south": { "texture": "#skin", "uv": [ 8.0, 4.5, 9.5, 9.5 ], "rotation": 90 },
														"west": { "texture": "#skin", "uv": [ 5.5, 9.5, 8.0, 11.0 ], "enabled": false },
														"up": { "texture": "#skin", "uv": [ 5.5, 4.5, 8.0, 9.5 ], "rotation": 90 },
														"down": { "texture": "#skin", "uv": [ 9.5, 4.5, 12.0, 9.5 ], "rotation": 270, "enabled": false }
													}
												}
											]
										},
										{
											"name": "R ear",
											"from": [ 4.374, 2.916, -3.96 ], 
											"to": [ 5.103, 5.103, 0.585 ], 
											"unwrapMode": 4,
											"uv": [ 39.5, 0.0 ],
											"rotationOrigin": [ 4.6656, 3.9366, 0.585 ],
											"rotationX": 80.0,
											"rotationY": -22.0,
											"rotationZ": 19.0,
											"faces": {
												"north": { "texture": "#skin", "uv": [ 39.5, 0.5, 40.0, 2.5 ] },
												"east": { "texture": "#skin", "uv": [ 45.0, 0.5, 50.0, 2.5 ] },
												"south": { "texture": "#skin", "uv": [ 45.0, 0.5, 45.5, 2.5 ], "enabled": false, "windMode": [-1,-1,-1,-1], "windData": [1,1,1,1] },
												"west": { "texture": "#skin", "uv": [ 40.0, 0.5, 45.0, 2.5 ] },
												"up": { "texture": "#skin", "uv": [ 40.0, 0.0, 45.0, 0.5 ], "rotation": 90 },
												"down": { "texture": "#skin", "uv": [ 40.0, 2.5, 45.0, 3.0 ], "rotation": 90 }
											}
										},
										{
											"name": "L ear",
											"from": [ 4.374, 2.916, 4.5198 ], 
											"to": [ 5.103, 5.103, 9.0648 ], 
											"unwrapMode": 4,
											"uv": [ 50.0, 0.0 ],
											"rotationOrigin": [ 4.6656, 3.9366, 4.5198 ],
											"rotationX": -72.0,
											"rotationY": 22.0,
											"rotationZ": 22.0,
											"faces": {
												"north": { "texture": "#skin", "uv": [ 50.0, 0.5, 50.5, 2.5 ], "enabled": false },
												"east": { "texture": "#skin", "uv": [ 55.5, 0.5, 60.5, 2.5 ] },
												"south": { "texture": "#skin", "uv": [ 55.0, 0.5, 55.5, 2.5 ] },
												"west": { "texture": "#skin", "uv": [ 50.0, 0.5, 55.0, 2.5 ] },
												"up": { "texture": "#skin", "uv": [ 50.0, 0.0, 55.0, 0.5 ], "rotation": 90 },
												"down": { "texture": "#skin", "uv": [ 50.0, 2.5, 55.0, 3.0 ], "rotation": 90 }
											}
										},
										{
											"name": "jaw",
											"from": [ -2.916, 0.765, 1.458 ], 
											"to": [ 0.8748, 2.223, 3.7908 ], 
											"unwrapMode": 5,
											"unwrapRotation": 1,
											"uv": [ 32.5, 31.5 ],
											"rotationOrigin": [ 0.729, 2.0754, 2.6244 ],
											"rotationZ": 2.0,
											"faces": {
												"north": { "texture": "#skin", "uv": [ 32.5, 31.5, 34.0, 35.5 ], "rotation": 270 },
												"east": { "texture": "#skin", "uv": [ 34.0, 31.5, 36.5, 33.0 ], "rotation": 180, "enabled": false },
												"south": { "texture": "#skin", "uv": [ 36.5, 31.5, 38.0, 35.5 ], "rotation": 90 },
												"west": { "texture": "#skin", "uv": [ 34.0, 35.5, 36.5, 37.0 ] },
												"up": { "texture": "#skin", "uv": [ 34.0, 31.5, 36.5, 35.5 ], "rotation": 90 },
												"down": { "texture": "#skin", "uv": [ 38.0, 31.5, 40.5, 35.5 ], "rotation": 270 }
											},
											"children": [
												{
													"name": "lower lip",
													"from": [ -1.7496, 0.0, -0.1458 ], 
													"to": [ 0.4374, 1.7496, 2.4786 ], 
													"unwrapMode": 5,
													"unwrapRotation": 1,
													"uv": [ 27.5, 6.0 ],
													"rotationOrigin": [ 0.729, 1.3122, 1.1664 ],
													"rotationZ": 20.0,
													"faces": {
														"north": { "texture": "#skin", "uv": [ 27.5, 6.0, 29.0, 8.0 ], "rotation": 270 },
														"east": { "texture": "#skin", "uv": [ 29.0, 6.0, 31.5, 7.5 ], "rotation": 180, "enabled": false },
														"south": { "texture": "#skin", "uv": [ 31.5, 6.0, 33.0, 8.0 ], "rotation": 90 },
														"west": { "texture": "#skin", "uv": [ 29.0, 8.0, 31.5, 9.5 ] },
														"up": { "texture": "#skin", "uv": [ 29.0, 6.0, 31.5, 8.0 ], "rotation": 90 },
														"down": { "texture": "#skin", "uv": [ 33.0, 6.0, 35.5, 8.0 ], "rotation": 270 }
													}
												}
											]
										},
										{
											"name": "wattle",
											"from": [ -1.242, -2.538, 2.367 ], 
											"to": [ 0.774, 0.648, 2.907 ], 
											"unwrapMode": 3,
											"uv": [ 0.0, 0.0 ],
											"rotationOrigin": [ 1.674, 0.648, 2.628 ],
											"rotationZ": -10.0,
											"faces": {
												"north": { "texture": "#skin", "uv": [ 4.5, 0.5, 8.5, 4.0 ], "autoUv": false },
												"east": { "texture": "#skin", "uv": [ 4.5, 0.5, 5.0, 4.0 ], "enabled": false, "autoUv": false, "windMode": [-1,-1,-1,-1], "windData": [1,1,1,1] },
												"south": { "texture": "#skin", "uv": [ 0.5, 0.5, 4.5, 4.0 ], "autoUv": false, "windMode": [-1,-1,-1,-1], "windData": [1,1,1,1] },
												"west": { "texture": "#skin", "uv": [ 0.0, 0.5, 0.5, 4.0 ], "autoUv": false, "windMode": [-1,-1,-1,-1], "windData": [1,1,1,1] },
												"up": { "texture": "#skin", "uv": [ 0.5, 0.0, 4.5, 0.5 ], "autoUv": false, "windMode": [-1,-1,-1,-1], "windData": [1,1,1,1] },
												"down": { "texture": "#skin", "uv": [ 0.5, 4.0, 4.5, 4.5 ], "rotation": 180, "autoUv": false, "windMode": [-1,-1,-1,-1], "windData": [1,1,1,1] }
											}
										}
									]
								}
							]
						}
					]
				},
				{
					"name": "abdomen",
					"from": [ 10.7892, 0.0, 0.729 ], 
					"to": [ 23.9112, 10.206, 8.019 ], 
					"unwrapMode": 3,
					"uv": [ 0.0, 30.0 ],
					"rotationOrigin": [ 10.7892, 5.103, 4.374 ],
					"rotationY": -4.0,
					"rotationZ": 2.0,
					"faces": {
						"north": { "texture": "#skin", "uv": [ 30.5, 38.0, 45.0, 49.0 ] },
						"east": { "texture": "#skin", "uv": [ 22.5, 38.0, 30.5, 49.0 ] },
						"south": { "texture": "#skin", "uv": [ 8.0, 38.0, 22.5, 49.0 ] },
						"west": { "texture": "#skin", "uv": [ 0.0, 38.0, 8.0, 49.0 ] },
						"up": { "texture": "#skin", "uv": [ 8.0, 30.0, 22.5, 38.0 ] },
						"down": { "texture": "#skin", "uv": [ 8.0, 49.0, 22.5, 57.0 ], "rotation": 180 }
					},
					"children": [
						{
							"name": "L back Thigh",
							"from": [ 7.1442, -0.63, 5.3946 ], 
							"to": [ 12.9762, 8.118, 8.3106 ], 
							"unwrapMode": 3,
							"uv": [ 67.0, 15.5 ],
							"rotationOrigin": [ 10.0602, 7.389, 6.8526 ],
							"rotationX": 3.0,
							"rotationZ": -19.0,
							"faces": {
								"north": { "texture": "#skin", "uv": [ 79.0, 18.5, 85.0, 28.0 ] },
								"east": { "texture": "#skin", "uv": [ 76.0, 18.5, 79.0, 28.0 ] },
								"south": { "texture": "#skin", "uv": [ 70.0, 18.5, 76.0, 28.0 ] },
								"west": { "texture": "#skin", "uv": [ 67.0, 18.5, 70.0, 28.0 ] },
								"up": { "texture": "#skin", "uv": [ 70.0, 15.5, 76.0, 18.5 ], "windMode": [-1,-1,-1,-1], "windData": [0,0,1,1] },
								"down": { "texture": "#skin", "uv": [ 70.0, 28.0, 76.0, 31.0 ], "rotation": 180 }
							},
							"children": [
								{
									"name": "L back Upper Arm",
									"from": [ 0.5832, -6.4152, 0.2916 ], 
									"to": [ 3.4992, 1.6038, 2.6244 ], 
									"unwrapMode": 3,
									"uv": [ 71.5, 38.5 ],
									"rotationOrigin": [ 2.0412, 1.6038, 1.458 ],
									"rotationX": 1.0,
									"rotationZ": 53.0,
									"faces": {
										"north": { "texture": "#skin", "uv": [ 79.5, 41.0, 82.5, 49.5 ] },
										"east": { "texture": "#skin", "uv": [ 77.0, 41.0, 79.5, 49.5 ] },
										"south": { "texture": "#skin", "uv": [ 74.0, 41.0, 77.0, 49.5 ] },
										"west": { "texture": "#skin", "uv": [ 71.5, 41.0, 74.0, 49.5 ] },
										"up": { "texture": "#skin", "uv": [ 74.0, 38.5, 77.0, 41.0 ] },
										"down": { "texture": "#skin", "uv": [ 74.0, 49.5, 77.0, 52.0 ], "rotation": 180 }
									},
									"children": [
										{
											"name": "L back lower arm",
											"from": [ 0.5832, -8.748, 0.2916 ], 
											"to": [ 2.3832, 0.729, 2.0412 ], 
											"unwrapMode": 3,
											"uv": [ 77.5, 50.5 ],
											"rotationOrigin": [ 1.6038, 0.729, 1.1664 ],
											"rotationX": -4.0,
											"rotationZ": -33.0,
											"faces": {
												"north": { "texture": "#skin", "uv": [ 82.5, 52.0, 84.5, 62.5 ] },
												"east": { "texture": "#skin", "uv": [ 81.0, 52.0, 82.5, 62.5 ] },
												"south": { "texture": "#skin", "uv": [ 79.0, 52.0, 81.0, 62.5 ] },
												"west": { "texture": "#skin", "uv": [ 77.5, 52.0, 79.0, 62.5 ] },
												"up": { "texture": "#skin", "uv": [ 79.0, 50.5, 81.0, 52.0 ] },
												"down": { "texture": "#skin", "uv": [ 79.0, 62.5, 81.0, 64.0 ], "rotation": 180 }
											},
											"children": [
												{
													"name": "L back pastern",
													"from": [ 0.1458, -2.016, 0.1458 ], 
													"to": [ 1.5012, 1.629, 1.6038 ], 
													"unwrapMode": 3,
													"uv": [ 45.0, 42.5 ],
													"rotationOrigin": [ 1.0206, 1.6254, 0.8748 ],
													"rotationZ": -22.0,
													"faces": {
														"north": { "texture": "#skin", "uv": [ 49.5, 44.0, 51.0, 48.0 ] },
														"east": { "texture": "#skin", "uv": [ 48.0, 44.0, 49.5, 48.0 ] },
														"south": { "texture": "#skin", "uv": [ 46.5, 44.0, 48.0, 48.0 ] },
														"west": { "texture": "#skin", "uv": [ 45.0, 44.0, 46.5, 48.0 ] },
														"up": { "texture": "#skin", "uv": [ 46.5, 42.5, 48.0, 44.0 ] },
														"down": { "texture": "#skin", "uv": [ 46.5, 48.0, 48.0, 49.5 ], "rotation": 180 }
													},
													"children": [
														{
															"name": "L origin hind hoof",
															"from": [ 0.8748, 1.1664, 0.8748 ], 
															"to": [ 0.8748, 1.1664, 0.8748 ], 
															"uv": [ 0.0, 0.0 ],
															"rotationOrigin": [ 0.8748, 1.1664, 0.8748 ],
															"faces": {
																"north": { "texture": "#skin", "uv": [ 0.0, 0.5, 0.81, 1.31 ], "enabled": false },
																"east": { "texture": "#skin", "uv": [ 0.5, 0.5, 1.31, 1.31 ], "enabled": false },
																"south": { "texture": "#skin", "uv": [ 1.0, 0.5, 1.81, 1.31 ], "enabled": false },
																"west": { "texture": "#skin", "uv": [ 1.5, 0.5, 2.31, 1.31 ], "enabled": false },
																"up": { "texture": "#skin", "uv": [ 0.0, 0.0, 0.81, 0.81 ], "enabled": false },
																"down": { "texture": "#skin", "uv": [ 0.5, 0.0, 1.31, 0.81 ], "enabled": false }
															},
															"children": [
																{
																	"name": "L hind hoof 1",
																	"from": [ -2.4786, -0.855, -0.8019 ], 
																	"to": [ -0.4374, -0.18, 0.5103 ], 
																	"unwrapMode": 5,
																	"uv": [ 60.5, 15.0 ],
																	"rotationOrigin": [ -0.4374, -0.1242, 0.5832 ],
																	"rotationZ": 45.0,
																	"faces": {
																		"north": { "texture": "#skin", "uv": [ 61.0, 15.0, 63.0, 15.5 ], "rotation": 180 },
																		"east": { "texture": "#skin", "uv": [ 63.0, 15.5, 63.5, 16.5 ], "rotation": 90 },
																		"south": { "texture": "#skin", "uv": [ 61.0, 16.5, 63.0, 17.0 ] },
																		"west": { "texture": "#skin", "uv": [ 60.5, 15.5, 61.0, 16.5 ], "rotation": 270 },
																		"up": { "texture": "#skin", "uv": [ 61.0, 15.5, 63.0, 16.5 ] },
																		"down": { "texture": "#skin", "uv": [ 63.5, 15.5, 65.5, 16.5 ] }
																	}
																},
																{
																	"name": "L hind hoof 2",
																	"from": [ -1.854, -1.3122, -0.8019 ], 
																	"to": [ 0.4356, -0.5832, 0.5103 ], 
																	"unwrapMode": 5,
																	"uv": [ 60.5, 17.0 ],
																	"rotationOrigin": [ 0.288, -0.5832, 0.4374 ],
																	"rotationZ": 23.0,
																	"faces": {
																		"north": { "texture": "#skin", "uv": [ 61.0, 17.0, 63.5, 17.5 ], "rotation": 180 },
																		"east": { "texture": "#skin", "uv": [ 63.5, 17.5, 64.0, 18.5 ], "rotation": 90 },
																		"south": { "texture": "#skin", "uv": [ 61.0, 18.5, 63.5, 19.0 ] },
																		"west": { "texture": "#skin", "uv": [ 60.5, 17.5, 61.0, 18.5 ], "rotation": 270 },
																		"up": { "texture": "#skin", "uv": [ 61.0, 17.5, 63.5, 18.5 ] },
																		"down": { "texture": "#skin", "uv": [ 64.0, 17.5, 66.5, 18.5 ] }
																	}
																}
															]
														}
													]
												}
											]
										}
									]
								}
							]
						},
						{
							"name": "tail",
							"from": [ 11.8098, 8.6022, 2.7702 ], 
							"to": [ 13.2678, 10.0602, 4.5198 ], 
							"unwrapMode": 3,
							"unwrapRotation": 1,
							"uv": [ 44.0, 15.0 ],
							"rotationOrigin": [ 13.2678, 10.0602, 3.4992 ],
							"rotationZ": 48.0,
							"faces": {
								"north": { "texture": "#skin", "uv": [ 48.5, 16.5, 50.0, 18.0 ], "rotation": 270, "windMode": [-1,-1,-1,-1], "windData": [0,1,1,0] },
								"east": { "texture": "#skin", "uv": [ 45.5, 15.0, 47.0, 16.5 ], "rotation": 90, "windMode": [-1,-1,-1,-1], "windData": [0,1,1,0] },
								"south": { "texture": "#skin", "uv": [ 45.5, 16.5, 47.0, 18.0 ], "rotation": 90 },
								"west": { "texture": "#skin", "uv": [ 45.5, 18.0, 47.0, 19.5 ], "rotation": 90, "windMode": [-1,-1,-1,-1], "windData": [0,0,1,1] },
								"up": { "texture": "#skin", "uv": [ 44.0, 16.5, 45.5, 18.0 ], "rotation": 90, "windMode": [-1,-1,-1,-1], "windData": [1,1,1,1] },
								"down": { "texture": "#skin", "uv": [ 47.0, 16.5, 48.5, 18.0 ], "rotation": 270, "windMode": [-1,-1,-1,-1] }
							},
							"children": [
								{
									"name": "tail-end",
									"from": [ 0.0, -0.8748, 0.1458 ], 
									"to": [ 1.458, 0.5832, 1.6038 ], 
									"unwrapMode": 3,
									"unwrapRotation": 1,
									"uv": [ 45.0, 19.5 ],
									"rotationOrigin": [ 0.0, 0.5832, 0.1458 ],
									"rotationZ": -22.0,
									"faces": {
										"north": { "texture": "#skin", "uv": [ 48.0, 21.0, 49.5, 22.5 ], "rotation": 270 },
										"east": { "texture": "#skin", "uv": [ 45.0, 19.5, 46.5, 21.0 ], "rotation": 90 },
										"south": { "texture": "#skin", "uv": [ 45.0, 21.0, 46.5, 22.5 ], "rotation": 90 },
										"west": { "texture": "#skin", "uv": [ 45.0, 22.5, 46.5, 24.0 ], "rotation": 90 },
										"up": { "texture": "#skin", "uv": [ 45.0, 21.0, 46.5, 22.5 ], "rotation": 90, "enabled": false, "windMode": [-1,-1,-1,-1] },
										"down": { "texture": "#skin", "uv": [ 46.5, 21.0, 48.0, 22.5 ], "rotation": 270 }
									}
								}
							]
						},
						{
							"name": "R back Thigh",
							"from": [ 7.1442, 0.0, -1.1664 ], 
							"to": [ 12.9762, 8.748, 1.7496 ], 
							"unwrapMode": 1,
							"uv": [ 67.0, 0.0 ],
							"rotationOrigin": [ 10.0602, 8.019, 0.4374 ],
							"rotationX": -3.0,
							"rotationZ": -24.0,
							"faces": {
								"north": { "texture": "#skin", "uv": [ 70.0, 3.0, 76.0, 12.5 ] },
								"east": { "texture": "#skin", "uv": [ 67.0, 3.0, 70.0, 12.5 ] },
								"south": { "texture": "#skin", "uv": [ 79.0, 3.0, 85.0, 12.5 ] },
								"west": { "texture": "#skin", "uv": [ 76.0, 3.0, 79.0, 12.5 ] },
								"up": { "texture": "#skin", "uv": [ 70.0, 0.0, 76.0, 3.0 ], "rotation": 180 },
								"down": { "texture": "#skin", "uv": [ 70.0, 12.5, 76.0, 15.5 ] }
							},
							"children": [
								{
									"name": "R back Upper Arm",
									"from": [ 0.5832, -6.4152, 0.2916 ], 
									"to": [ 3.4992, 1.6038, 2.6244 ], 
									"unwrapMode": 1,
									"uv": [ 80.0, 30.0 ],
									"rotationOrigin": [ 2.0412, 1.6038, 1.458 ],
									"rotationX": -1.0,
									"rotationZ": 31.0,
									"faces": {
										"north": { "texture": "#skin", "uv": [ 82.5, 32.5, 85.5, 41.0 ] },
										"east": { "texture": "#skin", "uv": [ 80.0, 32.5, 82.5, 41.0 ] },
										"south": { "texture": "#skin", "uv": [ 88.0, 32.5, 91.0, 41.0 ] },
										"west": { "texture": "#skin", "uv": [ 85.5, 32.5, 88.0, 41.0 ] },
										"up": { "texture": "#skin", "uv": [ 82.5, 30.0, 85.5, 32.5 ], "rotation": 180 },
										"down": { "texture": "#skin", "uv": [ 82.5, 41.0, 85.5, 43.5 ] }
									},
									"children": [
										{
											"name": "R back lower arm",
											"from": [ 0.5832, -8.928, 0.2916 ], 
											"to": [ 2.3832, 0.549, 2.0412 ], 
											"unwrapMode": 1,
											"uv": [ 70.5, 50.5 ],
											"rotationOrigin": [ 1.6038, 0.549, 1.1664 ],
											"rotationX": 4.0,
											"rotationZ": -16.0,
											"faces": {
												"north": { "texture": "#skin", "uv": [ 72.0, 52.0, 74.0, 62.5 ] },
												"east": { "texture": "#skin", "uv": [ 70.5, 52.0, 72.0, 62.5 ] },
												"south": { "texture": "#skin", "uv": [ 75.5, 52.0, 77.5, 62.5 ] },
												"west": { "texture": "#skin", "uv": [ 74.0, 52.0, 75.5, 62.5 ] },
												"up": { "texture": "#skin", "uv": [ 72.0, 50.5, 74.0, 52.0 ], "rotation": 180 },
												"down": { "texture": "#skin", "uv": [ 72.0, 62.5, 74.0, 64.0 ] }
											},
											"children": [
												{
													"name": "R back pastern",
													"from": [ 0.1458, -2.106, 0.1458 ], 
													"to": [ 1.5012, 1.539, 1.6038 ], 
													"unwrapMode": 1,
													"uv": [ 65.5, 43.33 ],
													"rotationOrigin": [ 1.0206, 1.5354, 0.8748 ],
													"rotationZ": -14.0,
													"faces": {
														"north": { "texture": "#skin", "uv": [ 67.0, 45.0, 68.5, 49.0 ] },
														"east": { "texture": "#skin", "uv": [ 65.5, 45.0, 67.0, 49.0 ] },
														"south": { "texture": "#skin", "uv": [ 70.0, 45.0, 71.5, 49.0 ] },
														"west": { "texture": "#skin", "uv": [ 68.5, 45.0, 70.0, 49.0 ] },
														"up": { "texture": "#skin", "uv": [ 67.0, 43.5, 68.5, 45.0 ], "rotation": 180 },
														"down": { "texture": "#skin", "uv": [ 67.0, 49.0, 68.5, 50.5 ] }
													},
													"children": [
														{
															"name": "R origin hind hoof",
															"from": [ 0.8748, 1.1664, 0.8748 ], 
															"to": [ 0.8748, 1.1664, 0.8748 ], 
															"uv": [ 0.0, 0.0 ],
															"rotationOrigin": [ 0.8748, 1.1664, 0.8748 ],
															"faces": {
																"north": { "texture": "#skin", "uv": [ 0.0, 0.5, 0.81, 1.31 ], "enabled": false },
																"east": { "texture": "#skin", "uv": [ 0.5, 0.5, 1.31, 1.31 ], "enabled": false },
																"south": { "texture": "#skin", "uv": [ 1.0, 0.5, 1.81, 1.31 ], "enabled": false },
																"west": { "texture": "#skin", "uv": [ 1.5, 0.5, 2.31, 1.31 ], "enabled": false },
																"up": { "texture": "#skin", "uv": [ 0.0, 0.0, 0.81, 0.81 ], "enabled": false },
																"down": { "texture": "#skin", "uv": [ 0.5, 0.0, 1.31, 0.81 ], "enabled": false }
															},
															"children": [
																{
																	"name": "R hind hoof 1",
																	"from": [ -2.4786, -0.855, -0.8019 ], 
																	"to": [ -0.4374, -0.18, 0.5103 ], 
																	"unwrapMode": 5,
																	"uv": [ 60.5, 15.0 ],
																	"rotationOrigin": [ -0.4374, -0.1242, 0.5832 ],
																	"rotationZ": 45.0,
																	"faces": {
																		"north": { "texture": "#skin", "uv": [ 61.0, 15.0, 63.0, 15.5 ], "rotation": 180 },
																		"east": { "texture": "#skin", "uv": [ 63.0, 15.5, 63.5, 16.5 ], "rotation": 90 },
																		"south": { "texture": "#skin", "uv": [ 61.0, 16.5, 63.0, 17.0 ] },
																		"west": { "texture": "#skin", "uv": [ 60.5, 15.5, 61.0, 16.5 ], "rotation": 270 },
																		"up": { "texture": "#skin", "uv": [ 61.0, 15.5, 63.0, 16.5 ] },
																		"down": { "texture": "#skin", "uv": [ 63.5, 15.5, 65.5, 16.5 ] }
																	}
																},
																{
																	"name": "R hind hoof 2",
																	"from": [ -1.854, -1.3122, -0.8019 ], 
																	"to": [ 0.4356, -0.5832, 0.5103 ], 
																	"unwrapMode": 5,
																	"uv": [ 60.5, 17.0 ],
																	"rotationOrigin": [ 0.288, -0.5832, 0.4374 ],
																	"rotationZ": 24.0,
																	"faces": {
																		"north": { "texture": "#skin", "uv": [ 61.0, 17.0, 63.5, 17.5 ], "rotation": 180 },
																		"east": { "texture": "#skin", "uv": [ 63.5, 17.5, 64.0, 18.5 ], "rotation": 90 },
																		"south": { "texture": "#skin", "uv": [ 61.0, 18.5, 63.5, 19.0 ] },
																		"west": { "texture": "#skin", "uv": [ 60.5, 17.5, 61.0, 18.5 ], "rotation": 270 },
																		"up": { "texture": "#skin", "uv": [ 61.0, 17.5, 63.5, 18.5 ] },
																		"down": { "texture": "#skin", "uv": [ 64.0, 17.5, 66.5, 18.5 ] }
																	}
																}
															]
														}
													]
												}
											]
										}
									]
								}
							]
						}
					]
				},
				{
					"name": "L front Thigh",
					"from": [ -1.53, -0.783, 6.9984 ], 
					"to": [ 3.573, 5.517, 9.7344 ], 
					"unwrapMode": 3,
					"uv": [ 39.5, 51.0 ],
					"rotationOrigin": [ 0.6534, 3.5946, 8.4564 ],
					"rotationX": 3.0,
					"rotationZ": 35.0,
					"faces": {
						"north": { "texture": "#skin", "uv": [ 51.0, 54.0, 56.5, 61.0 ] },
						"east": { "texture": "#skin", "uv": [ 48.0, 54.0, 51.0, 61.0 ] },
						"south": { "texture": "#skin", "uv": [ 42.5, 54.0, 48.0, 61.0 ] },
						"west": { "texture": "#skin", "uv": [ 39.5, 54.0, 42.5, 61.0 ] },
						"up": { "texture": "#skin", "uv": [ 42.5, 51.0, 48.0, 54.0 ], "windMode": [-1,-1,-1,-1] },
						"down": { "texture": "#skin", "uv": [ 42.5, 61.0, 48.0, 64.0 ], "rotation": 180 }
					},
					"children": [
						{
							"name": "L front Upper Arm",
							"from": [ 0.729, -6.669, 0.2916 ], 
							"to": [ 3.645, 1.458, 2.6244 ], 
							"unwrapMode": 3,
							"uv": [ 63.0, 29.5 ],
							"rotationOrigin": [ 2.187, 1.35, 1.458 ],
							"rotationX": 1.0,
							"rotationZ": -28.0,
							"faces": {
								"north": { "texture": "#skin", "uv": [ 71.0, 32.0, 74.0, 41.0 ] },
								"east": { "texture": "#skin", "uv": [ 68.5, 32.0, 71.0, 41.0 ] },
								"south": { "texture": "#skin", "uv": [ 65.5, 32.0, 68.5, 41.0 ] },
								"west": { "texture": "#skin", "uv": [ 63.0, 32.0, 65.5, 41.0 ] },
								"up": { "texture": "#skin", "uv": [ 65.5, 29.5, 68.5, 32.0 ] },
								"down": { "texture": "#skin", "uv": [ 65.5, 41.0, 68.5, 43.5 ], "rotation": 180 }
							},
							"children": [
								{
									"name": "L front lower arm",
									"from": [ 0.4374, -7.38, 0.1458 ], 
									"to": [ 2.2374, 1.368, 1.8954 ], 
									"unwrapMode": 3,
									"uv": [ 63.5, 49.0 ],
									"rotationOrigin": [ 1.458, 0.639, 1.0206 ],
									"rotationX": -3.0,
									"rotationZ": -4.0,
									"faces": {
										"north": { "texture": "#skin", "uv": [ 68.5, 50.5, 70.5, 60.0 ] },
										"east": { "texture": "#skin", "uv": [ 67.0, 50.5, 68.5, 60.0 ] },
										"south": { "texture": "#skin", "uv": [ 65.0, 50.5, 67.0, 60.0 ] },
										"west": { "texture": "#skin", "uv": [ 63.5, 50.5, 65.0, 60.0 ] },
										"up": { "texture": "#skin", "uv": [ 65.0, 49.0, 67.0, 50.5 ] },
										"down": { "texture": "#skin", "uv": [ 65.0, 60.0, 67.0, 61.5 ], "rotation": 180 }
									},
									"children": [
										{
											"name": "L front pastern",
											"from": [ 0.2916, -2.6244, 0.1458 ], 
											"to": [ 1.6416, 1.0206, 1.6038 ], 
											"unwrapMode": 3,
											"uv": [ 89.5, 13.0 ],
											"rotationOrigin": [ 1.0206, 1.0206, 0.8748 ],
											"rotationX": -1.0,
											"rotationZ": -30.0,
											"faces": {
												"north": { "texture": "#skin", "uv": [ 94.0, 14.5, 95.5, 18.5 ] },
												"east": { "texture": "#skin", "uv": [ 92.5, 14.5, 94.0, 18.5 ] },
												"south": { "texture": "#skin", "uv": [ 91.0, 14.5, 92.5, 18.5 ] },
												"west": { "texture": "#skin", "uv": [ 89.5, 14.5, 91.0, 18.5 ] },
												"up": { "texture": "#skin", "uv": [ 91.0, 13.0, 92.5, 14.5 ] },
												"down": { "texture": "#skin", "uv": [ 91.0, 18.5, 92.5, 20.0 ], "rotation": 180 }
											},
											"children": [
												{
													"name": "L origin hoof",
													"from": [ 0.8748, 1.1664, 0.8748 ], 
													"to": [ 0.8748, 1.1664, 0.8748 ], 
													"uv": [ 0.0, 0.0 ],
													"rotationOrigin": [ 0.8748, 1.1664, 0.8748 ],
													"faces": {
														"north": { "texture": "#skin", "uv": [ 0.0, 0.5, 0.81, 1.31 ], "enabled": false },
														"east": { "texture": "#skin", "uv": [ 0.5, 0.5, 1.31, 1.31 ], "enabled": false },
														"south": { "texture": "#skin", "uv": [ 1.0, 0.5, 1.81, 1.31 ], "enabled": false },
														"west": { "texture": "#skin", "uv": [ 1.5, 0.5, 2.31, 1.31 ], "enabled": false },
														"up": { "texture": "#skin", "uv": [ 0.0, 0.0, 0.81, 0.81 ], "enabled": false },
														"down": { "texture": "#skin", "uv": [ 0.5, 0.0, 1.31, 0.81 ], "enabled": false }
													},
													"children": [
														{
															"name": "L front hoof 1",
															"from": [ -2.4786, -0.855, -0.8019 ], 
															"to": [ -0.4374, -0.18, 0.5103 ], 
															"unwrapMode": 5,
															"uv": [ 55.5, 15.0 ],
															"rotationOrigin": [ -0.4374, -0.1242, 0.5832 ],
															"rotationZ": 55.0,
															"faces": {
																"north": { "texture": "#skin", "uv": [ 56.0, 15.0, 58.0, 15.5 ], "rotation": 180 },
																"east": { "texture": "#skin", "uv": [ 58.0, 15.5, 58.5, 16.5 ], "rotation": 90 },
																"south": { "texture": "#skin", "uv": [ 56.0, 16.5, 58.0, 17.0 ] },
																"west": { "texture": "#skin", "uv": [ 55.5, 15.5, 56.0, 16.5 ], "rotation": 270 },
																"up": { "texture": "#skin", "uv": [ 56.0, 15.5, 58.0, 16.5 ] },
																"down": { "texture": "#skin", "uv": [ 58.5, 15.5, 60.5, 16.5 ] }
															}
														},
														{
															"name": "L front hoof 2",
															"from": [ -1.674, -1.3122, -0.8019 ], 
															"to": [ 0.3456, -0.5832, 0.5103 ], 
															"unwrapMode": 5,
															"uv": [ 55.5, 17.0 ],
															"rotationOrigin": [ 0.288, -0.5832, 0.4374 ],
															"rotationZ": 32.0,
															"faces": {
																"north": { "texture": "#skin", "uv": [ 56.0, 17.0, 58.0, 17.5 ], "rotation": 180 },
																"east": { "texture": "#skin", "uv": [ 58.0, 17.5, 58.5, 18.5 ], "rotation": 90 },
																"south": { "texture": "#skin", "uv": [ 56.0, 18.5, 58.0, 19.0 ] },
																"west": { "texture": "#skin", "uv": [ 55.5, 17.5, 56.0, 18.5 ], "rotation": 270 },
																"up": { "texture": "#skin", "uv": [ 56.0, 17.5, 58.0, 18.5 ] },
																"down": { "texture": "#skin", "uv": [ 58.5, 17.5, 60.5, 18.5 ] }
															}
														}
													]
												}
											]
										}
									]
								}
							]
						}
					]
				},
				{
					"name": "R front Thigh",
					"from": [ -1.53, -0.783, -0.837 ], 
					"to": [ 3.573, 5.517, 1.899 ], 
					"unwrapMode": 1,
					"uv": [ 22.5, 49.0 ],
					"rotationOrigin": [ 0.6534, 3.5946, 0.585 ],
					"rotationX": -3.0,
					"rotationZ": 45.0,
					"faces": {
						"north": { "texture": "#skin", "uv": [ 25.5, 52.0, 31.0, 59.0 ] },
						"east": { "texture": "#skin", "uv": [ 22.5, 52.0, 25.5, 59.0 ] },
						"south": { "texture": "#skin", "uv": [ 34.0, 52.0, 39.5, 59.0 ] },
						"west": { "texture": "#skin", "uv": [ 31.0, 52.0, 34.0, 59.0 ] },
						"up": { "texture": "#skin", "uv": [ 25.5, 49.0, 31.0, 52.0 ], "rotation": 180 },
						"down": { "texture": "#skin", "uv": [ 25.5, 59.0, 31.0, 62.0 ] }
					},
					"children": [
						{
							"name": "R front Upper Arm",
							"from": [ 0.729, -6.669, 0.108 ], 
							"to": [ 3.645, 1.458, 2.4408 ], 
							"unwrapMode": 1,
							"uv": [ 52.0, 38.0 ],
							"rotationOrigin": [ 2.187, 1.35, 1.458 ],
							"rotationX": -1.0,
							"rotationZ": -91.0,
							"faces": {
								"north": { "texture": "#skin", "uv": [ 54.5, 40.5, 57.5, 49.5 ] },
								"east": { "texture": "#skin", "uv": [ 52.0, 40.5, 54.5, 49.5 ] },
								"south": { "texture": "#skin", "uv": [ 60.0, 40.5, 63.0, 49.5 ] },
								"west": { "texture": "#skin", "uv": [ 57.5, 40.5, 60.0, 49.5 ] },
								"up": { "texture": "#skin", "uv": [ 54.5, 38.0, 57.5, 40.5 ], "rotation": 180 },
								"down": { "texture": "#skin", "uv": [ 54.5, 49.5, 57.5, 52.0 ] }
							},
							"children": [
								{
									"name": "R front lower arm",
									"from": [ 0.4374, -7.29, 0.4374 ], 
									"to": [ 2.2374, 1.458, 2.187 ], 
									"unwrapMode": 1,
									"uv": [ 56.5, 50.5 ],
									"rotationOrigin": [ 1.458, 0.729, 1.458 ],
									"rotationX": 3.0,
									"rotationZ": 64.0,
									"faces": {
										"north": { "texture": "#skin", "uv": [ 58.0, 52.0, 60.0, 61.5 ] },
										"east": { "texture": "#skin", "uv": [ 56.5, 52.0, 58.0, 61.5 ] },
										"south": { "texture": "#skin", "uv": [ 61.5, 52.0, 63.5, 61.5 ] },
										"west": { "texture": "#skin", "uv": [ 60.0, 52.0, 61.5, 61.5 ] },
										"up": { "texture": "#skin", "uv": [ 58.0, 50.5, 60.0, 52.0 ], "rotation": 180 },
										"down": { "texture": "#skin", "uv": [ 58.0, 61.5, 60.0, 63.0 ] }
									},
									"children": [
										{
											"name": "R front pastern",
											"from": [ 0.2916, -2.6244, 0.1458 ], 
											"to": [ 1.6416, 1.0206, 1.6038 ], 
											"unwrapMode": 1,
											"uv": [ 83.5, 13.0 ],
											"rotationOrigin": [ 1.0206, 1.0206, 0.8748 ],
											"rotationX": -1.0,
											"rotationZ": 72.0,
											"faces": {
												"north": { "texture": "#skin", "uv": [ 85.0, 14.5, 86.5, 18.5 ] },
												"east": { "texture": "#skin", "uv": [ 83.5, 14.5, 85.0, 18.5 ] },
												"south": { "texture": "#skin", "uv": [ 88.0, 14.5, 89.5, 18.5 ] },
												"west": { "texture": "#skin", "uv": [ 86.5, 14.5, 88.0, 18.5 ] },
												"up": { "texture": "#skin", "uv": [ 85.0, 13.0, 86.5, 14.5 ], "rotation": 180 },
												"down": { "texture": "#skin", "uv": [ 85.0, 18.5, 86.5, 20.0 ] }
											},
											"children": [
												{
													"name": "R origin hoof",
													"from": [ 0.423, 1.08, 0.8748 ], 
													"to": [ 0.423, 1.08, 0.8748 ], 
													"uv": [ 0.0, 0.0 ],
													"rotationOrigin": [ 0.4248, 1.0764, 0.872 ],
													"rotationZ": 25.0,
													"faces": {
														"north": { "texture": "#skin", "uv": [ 0.0, 0.5, 0.81, 1.31 ], "enabled": false },
														"east": { "texture": "#skin", "uv": [ 0.5, 0.5, 1.31, 1.31 ], "enabled": false },
														"south": { "texture": "#skin", "uv": [ 1.0, 0.5, 1.81, 1.31 ], "enabled": false },
														"west": { "texture": "#skin", "uv": [ 1.5, 0.5, 2.31, 1.31 ], "enabled": false },
														"up": { "texture": "#skin", "uv": [ 0.0, 0.0, 0.81, 0.81 ], "enabled": false },
														"down": { "texture": "#skin", "uv": [ 0.5, 0.0, 1.31, 0.81 ], "enabled": false }
													},
													"children": [
														{
															"name": "R front hoof 1",
															"from": [ -2.4786, -0.855, -0.8019 ], 
															"to": [ -0.4374, -0.18, 0.5103 ], 
															"unwrapMode": 5,
															"uv": [ 55.5, 15.0 ],
															"rotationOrigin": [ -0.4374, -0.1242, 0.5832 ],
															"rotationZ": 55.0,
															"faces": {
																"north": { "texture": "#skin", "uv": [ 56.0, 15.0, 58.0, 15.5 ], "rotation": 180 },
																"east": { "texture": "#skin", "uv": [ 58.0, 15.5, 58.5, 16.5 ], "rotation": 90 },
																"south": { "texture": "#skin", "uv": [ 56.0, 16.5, 58.0, 17.0 ] },
																"west": { "texture": "#skin", "uv": [ 55.5, 15.5, 56.0, 16.5 ], "rotation": 270 },
																"up": { "texture": "#skin", "uv": [ 56.0, 15.5, 58.0, 16.5 ] },
																"down": { "texture": "#skin", "uv": [ 58.5, 15.5, 60.5, 16.5 ] }
															}
														},
														{
															"name": "R front hoof 2",
															"from": [ -1.674, -1.3122, -0.8019 ], 
															"to": [ 0.3456, -0.5832, 0.5103 ], 
															"unwrapMode": 5,
															"uv": [ 55.5, 17.0 ],
															"rotationOrigin": [ 0.288, -0.5832, 0.4374 ],
															"rotationZ": 32.0,
															"faces": {
																"north": { "texture": "#skin", "uv": [ 56.0, 17.0, 58.0, 17.5 ], "rotation": 180 },
																"east": { "texture": "#skin", "uv": [ 58.0, 17.5, 58.5, 18.5 ], "rotation": 90 },
																"south": { "texture": "#skin", "uv": [ 56.0, 18.5, 58.0, 19.0 ] },
																"west": { "texture": "#skin", "uv": [ 55.5, 17.5, 56.0, 18.5 ], "rotation": 270 },
																"up": { "texture": "#skin", "uv": [ 56.0, 17.5, 58.0, 18.5 ] },
																"down": { "texture": "#skin", "uv": [ 58.5, 17.5, 60.5, 18.5 ] }
															}
														}
													]
												}
											]
										}
									]
								}
							]
						}
					]
				},
				{
					"name": "hump",
					"from": [ 0.0, 8.073, 1.7496 ], 
					"to": [ 4.5, 11.034, 6.9984 ], 
					"unwrapMode": 5,
					"uv": [ 56.0, 20.5 ],
					"rotationOrigin": [ 2.916, 8.073, 4.374 ],
					"rotationZ": 10.0,
					"faces": {
						"north": { "texture": "#skin", "uv": [ 59.0, 20.5, 64.0, 23.5 ], "rotation": 180 },
						"east": { "texture": "#skin", "uv": [ 64.0, 23.5, 67.0, 29.0 ], "rotation": 90 },
						"south": { "texture": "#skin", "uv": [ 59.0, 29.0, 64.0, 32.0 ] },
						"west": { "texture": "#skin", "uv": [ 56.0, 23.5, 59.0, 29.0 ], "rotation": 270 },
						"up": { "texture": "#skin", "uv": [ 59.0, 23.5, 64.0, 29.0 ] },
						"down": { "texture": "#skin", "uv": [ 67.0, 23.5, 72.0, 29.0 ], "enabled": false }
					},
					"children": [
						{
							"name": "back hump",
							"from": [ 4.32, 1.62, 0.09 ], 
							"to": [ 9.72, 2.97, 5.1588 ], 
							"unwrapMode": 5,
							"uv": [ 39.0, 20.5 ],
							"rotationOrigin": [ 4.356, 2.79, 2.7144 ],
							"rotationZ": -22.0,
							"faces": {
								"north": { "texture": "#skin", "uv": [ 39.0, 20.5, 45.0, 22.0 ], "rotation": 180 },
								"east": { "texture": "#skin", "uv": [ 45.0, 22.0, 46.5, 27.5 ], "rotation": 90, "enabled": false, "windMode": [-1,-1,-1,-1], "windData": [1,1,1,1] },
								"south": { "texture": "#skin", "uv": [ 39.0, 27.5, 45.0, 29.0 ] },
								"west": { "texture": "#skin", "uv": [ 39.0, 22.0, 40.5, 27.5 ], "rotation": 270, "enabled": false, "windMode": [-1,-1,-1,-1], "windData": [1,1,1,1] },
								"up": { "texture": "#skin", "uv": [ 39.0, 22.0, 45.0, 27.5 ] },
								"down": { "texture": "#skin", "uv": [ 45.0, 22.0, 51.0, 27.5 ], "enabled": false }
							}
						}
					]
				}
			],
			"attachmentpoints": [
				{
					"code": "Center",
					"posX": "9.0","posY": "4.0","posZ": "5.0",
					"rotationX": "0.0","rotationY": "0.0","rotationZ": "0.0"
				}
			]
		}
	]}