{
	"editor": {
		"allAngles": true,
		"entityTextureMode": true
	},
	"textureWidth": 32,
	"textureHeight": 24,
	"textureSizes": {
		"bottom": [16,16],
		"skin": [32,24]
	},
	"textures": {
	},
	"elements": [
		{
			"name": "Rotation Point",
			"from": [ 0.0, 16.0, 0.0 ],
			"to": [ 0.0, 16.0, 0.0 ],
			"uv": [ 0.0, 0.0 ],
			"rotationOrigin": [ 0.0, 16.0, 0.0 ],
			"rotationZ": -90.0,
			"faces": {
			},
			"children": [
				{
					"name": "Base",
					"from": [ 2.0, 0.0, 8.0 ],
					"to": [ 2.0, 0.0, 8.0 ],
					"uv": [ 0.0, 0.0 ],
					"rotationOrigin": [ 2.0, 0.0, 8.0 ],
					"faces": {
					},
					"children": [
						{
							"name": "PeltBody",
							"from": [ 2.6, 0.0, -0.715 ],
							"to": [ 5.2, 0.273, 0.715 ],
							"unwrapMode": 5,
							"autoUnwrap": false,
							"uv": [ 0.0, 9.0 ],
							"rotationOrigin": [ 2.6, 0.0, -0.715 ],
							"faces": {
								"north": { "texture": "#skin", "uv": [ 8.0, 2.0, 12.0, 2.5 ], "rotation": 180, "autoUv": false, "windMode": [-1,-1,-1,-1] },
								"east": { "texture": "#skin", "uv": [ 5.5, 0.0, 6.0, 2.0 ], "rotation": 90, "autoUv": false, "windMode": [-1,-1,-1,-1] },
								"south": { "texture": "#skin", "uv": [ 2.0, 2.0, 6.0, 2.5 ], "autoUv": false, "windMode": [-1,-1,-1,-1] },
								"west": { "texture": "#skin", "uv": [ 2.0, 0.0, 2.5, 2.0 ], "rotation": 270, "autoUv": false, "windMode": [-1,-1,-1,-1] },
								"up": { "texture": "#skin", "uv": [ 2.0, 0.0, 6.0, 2.0 ], "autoUv": false, "windMode": [-1,-1,-1,-1] },
								"down": { "texture": "#bottom", "uv": [ 5.0, 8.5, 9.0, 10.5 ], "autoUv": false, "windMode": [-1,-1,-1,-1] }
							},
							"children": [
								{
									"name": "LBody",
									"from": [ 0.0, 0.0065, 1.235 ],
									"to": [ 2.6, 0.2665, 2.86 ],
									"unwrapMode": 5,
									"autoUnwrap": false,
									"uv": [ 0.0, 2.5 ],
									"rotationOrigin": [ 0.0, -0.0065, 1.235 ],
									"rotationY": -3.0,
									"faces": {
										"east": { "texture": "#skin", "uv": [ 5.5, 2.5, 6.0, 5.0 ], "rotation": 90, "autoUv": false },
										"south": { "texture": "#skin", "uv": [ 2.0, 5.0, 6.0, 5.5 ], "autoUv": false, "windMode": [-1,-1,-1,-1] },
										"west": { "texture": "#skin", "uv": [ 2.0, 2.5, 2.5, 5.0 ], "rotation": 270, "autoUv": false, "windMode": [-1,-1,-1,-1] },
										"up": { "texture": "#skin", "uv": [ 2.0, 2.5, 6.0, 5.0 ], "autoUv": false, "windMode": [-1,-1,-1,-1] },
										"down": { "texture": "#bottom", "uv": [ 4.5, 2.0, 8.5, 4.5 ], "autoUv": false }
									},
									"children": [
										{
											"name": "LArm",
											"from": [ 0.0, 0.0065, 0.975 ],
											"to": [ 0.65, 0.2535, 2.6 ],
											"unwrapMode": 5,
											"autoUnwrap": false,
											"uv": [ 6.5, 18.0 ],
											"rotationOrigin": [ 0.0, 0.0065, 0.975 ],
											"rotationY": -30.0,
											"faces": {
												"east": { "texture": "#skin", "uv": [ 18.0, 12.5, 18.5, 15.0 ], "rotation": 90, "autoUv": false },
												"south": { "texture": "#skin", "uv": [ 17.5, 12.5, 18.5, 13.0 ], "autoUv": false, "windMode": [-1,-1,-1,-1] },
												"west": { "texture": "#skin", "uv": [ 17.5, 12.5, 18.0, 15.0 ], "rotation": 270, "autoUv": false, "windMode": [-1,-1,-1,-1] },
												"up": { "texture": "#skin", "uv": [ 17.5, 12.5, 18.5, 15.0 ], "autoUv": false, "windMode": [-1,-1,-1,-1] },
												"down": { "texture": "#bottom", "uv": [ 8.5, 11.0, 9.5, 13.5 ], "autoUv": false, "windMode": [-1,-1,-1,-1] }
											},
											"children": [
												{
													"name": "LArmLower",
													"from": [ 0.65, 0.0065, 0.0 ],
													"to": [ 1.3, 0.2405, 1.625 ],
													"unwrapMode": 5,
													"autoUnwrap": false,
													"uv": [ 8.0, 18.0 ],
													"rotationOrigin": [ 1.3, 0.0065, 0.0 ],
													"rotationY": -10.0,
													"faces": {
														"east": { "texture": "#skin", "uv": [ 18.0, 12.5, 18.5, 15.0 ], "rotation": 90, "autoUv": false },
														"south": { "texture": "#skin", "uv": [ 17.5, 14.5, 18.5, 15.0 ], "autoUv": false, "windMode": [-1,-1,-1,-1] },
														"up": { "texture": "#skin", "uv": [ 17.5, 12.5, 18.5, 15.0 ], "autoUv": false, "windMode": [-1,-1,-1,-1] },
														"down": { "texture": "#bottom", "uv": [ 9.5, 11.0, 10.5, 13.5 ], "autoUv": false, "windMode": [-1,-1,-1,-1] }
													}
												}
											]
										}
									]
								},
								{
									"name": "RBody",
									"from": [ 0.0, -0.2665, 0.195 ],
									"to": [ 2.6, -0.0065, 1.82 ],
									"unwrapMode": 6,
									"autoUnwrap": false,
									"uv": [ 0.0, 9.0 ],
									"rotationOrigin": [ 0.0, 0.0, 0.195 ],
									"rotationX": 180.0,
									"rotationY": -3.0,
									"faces": {
										"east": { "texture": "#skin", "uv": [ 8.0, 2.5, 8.5, 5.0 ], "rotation": 90, "autoUv": false },
										"south": { "texture": "#skin", "uv": [ 8.0, 5.0, 12.0, 5.5 ], "rotation": 180, "autoUv": false, "windMode": [-1,-1,-1,-1] },
										"west": { "texture": "#skin", "uv": [ 11.5, 2.5, 12.0, 5.0 ], "rotation": 270, "autoUv": false, "windMode": [-1,-1,-1,-1] },
										"up": { "texture": "#bottom", "uv": [ 7.0, 6.0, 11.0, 8.5 ], "autoUv": false, "windMode": [-1,-1,-1,-1] },
										"down": { "texture": "#skin", "uv": [ 8.0, 2.5, 12.0, 5.0 ], "autoUv": false, "windMode": [-1,-1,-1,-1] }
									},
									"children": [
										{
											"name": "RArm",
											"from": [ 0.0, 0.0065, 0.975 ],
											"to": [ 0.65, 0.2535, 2.6 ],
											"unwrapMode": 6,
											"autoUnwrap": false,
											"uv": [ 4.0, 6.5 ],
											"rotationOrigin": [ 0.0, 0.2535, 0.975 ],
											"rotationY": -30.0,
											"faces": {
												"east": { "texture": "#skin", "uv": [ 24.0, 6.5, 24.5, 9.0 ], "rotation": 90, "autoUv": false },
												"south": { "texture": "#skin", "uv": [ 23.5, 8.5, 24.5, 9.0 ], "rotation": 180, "autoUv": false, "windMode": [-1,-1,-1,-1] },
												"west": { "texture": "#skin", "uv": [ 23.5, 6.5, 24.0, 9.0 ], "rotation": 270, "autoUv": false, "windMode": [-1,-1,-1,-1] },
												"up": { "texture": "#bottom", "uv": [ 6.0, 5.5, 7.0, 8.0 ], "autoUv": false, "windMode": [-1,-1,-1,-1] },
												"down": { "texture": "#skin", "uv": [ 23.5, 6.5, 24.5, 9.0 ], "autoUv": false, "windMode": [-1,-1,-1,-1] }
											},
											"children": [
												{
													"name": "RArmLower",
													"from": [ 0.65, 0.0065, 0.0 ],
													"to": [ 1.3, 0.2405, 1.625 ],
													"unwrapMode": 5,
													"autoUnwrap": false,
													"uv": [ 4.5, 6.5 ],
													"rotationOrigin": [ 1.3, 0.2405, 0.0 ],
													"rotationY": -10.0,
													"faces": {
														"east": { "texture": "#skin", "uv": [ 24.0, 6.5, 24.5, 9.0 ], "rotation": 90, "autoUv": false, "windMode": [-1,-1,-1,-1] },
														"south": { "texture": "#skin", "uv": [ 23.5, 8.5, 24.5, 9.0 ], "autoUv": false, "windMode": [-1,-1,-1,-1] },
														"up": { "texture": "#bottom", "uv": [ 4.5, 6.5, 5.5, 9.0 ], "autoUv": false, "windMode": [-1,-1,-1,-1] },
														"down": { "texture": "#skin", "uv": [ 23.5, 6.5, 24.5, 9.0 ], "autoUv": false, "windMode": [-1,-1,-1,-1] }
													}
												}
											]
										}
									]
								},
								{
									"name": "PeltAbdomen",
									"from": [ 2.5935, 0.0065, -0.0975 ],
									"to": [ 5.1935, 0.2665, 1.5275 ],
									"unwrapMode": 5,
									"autoUnwrap": false,
									"uv": [ 0.0, 0.0 ],
									"rotationOrigin": [ 2.6, 0.0065, -0.0975 ],
									"faces": {
										"north": { "texture": "#skin", "uv": [ 18.5, 2.5, 22.5, 3.0 ], "rotation": 180, "autoUv": false, "windMode": [-1,-1,-1,-1] },
										"east": { "texture": "#skin", "uv": [ 15.5, 0.0, 16.0, 2.5 ], "rotation": 90, "autoUv": false, "windMode": [-1,-1,-1,-1] },
										"south": { "texture": "#skin", "uv": [ 12.0, 0.0, 16.0, 0.5 ], "autoUv": false, "windMode": [-1,-1,-1,-1] },
										"up": { "texture": "#skin", "uv": [ 12.0, 0.0, 16.0, 2.5 ], "autoUv": false, "windMode": [-1,-1,-1,-1] },
										"down": { "texture": "#bottom", "uv": [ 3.0, 2.5, 7.0, 5.0 ], "autoUv": false }
									},
									"children": [
										{
											"name": "LAbdomen",
											"from": [ 0.0, 0.0065, 1.3 ],
											"to": [ 2.6, 0.2535, 3.055 ],
											"unwrapMode": 5,
											"autoUnwrap": false,
											"uv": [ 0.0, 10.5 ],
											"rotationOrigin": [ 0.0, 0.0065, 1.3 ],
											"rotationY": -3.0,
											"faces": {
												"east": { "texture": "#skin", "uv": [ 15.5, 2.5, 16.0, 5.0 ], "rotation": 90, "autoUv": false },
												"south": { "texture": "#skin", "uv": [ 12.0, 4.5, 16.0, 5.0 ], "autoUv": false, "windMode": [-1,-1,-1,-1] },
												"west": { "texture": "#skin", "uv": [ 12.0, 2.5, 12.5, 5.0 ], "rotation": 270, "autoUv": false, "windMode": [-1,-1,-1,-1] },
												"up": { "texture": "#skin", "uv": [ 12.0, 2.5, 16.0, 5.0 ], "autoUv": false, "windMode": [-1,-1,-1,-1] },
												"down": { "texture": "#bottom", "uv": [ 6.0, 8.0, 10.0, 10.5 ], "autoUv": false, "windMode": [-1,-1,-1,-1] }
											},
											"children": [
												{
													"name": "LLeg",
													"from": [ 1.3, 0.0065, 1.755 ],
													"to": [ 2.145, 0.2405, 3.705 ],
													"unwrapMode": 5,
													"autoUnwrap": false,
													"uv": [ 10.0, 4.5 ],
													"rotationOrigin": [ 1.3, 0.0065, 1.755 ],
													"rotationY": 72.0,
													"faces": {
														"east": { "texture": "#skin", "uv": [ 5.5, 13.5, 6.0, 16.5 ], "rotation": 90, "autoUv": false },
														"south": { "texture": "#skin", "uv": [ 4.5, 16.5, 5.5, 17.0 ], "autoUv": false, "windMode": [-1,-1,-1,-1] },
														"west": { "texture": "#skin", "uv": [ 4.0, 13.5, 4.5, 16.5 ], "rotation": 270, "autoUv": false, "windMode": [-1,-1,-1,-1] },
														"up": { "texture": "#skin", "uv": [ 4.5, 13.5, 5.5, 16.5 ], "autoUv": false, "windMode": [-1,-1,-1,-1] },
														"down": { "texture": "#bottom", "uv": [ 13.0, 4.5, 14.0, 7.5 ], "autoUv": false, "windMode": [-1,-1,-1,-1] }
													},
													"children": [
														{
															"name": "LLegEnd",
															"from": [ 0.065, -0.0065, 1.625 ],
															"to": [ 0.845, 0.2405, 3.575 ],
															"unwrapMode": 5,
															"autoUnwrap": false,
															"uv": [ 4.5, 7.5 ],
															"rotationOrigin": [ 0.715, -0.0065, 1.625 ],
															"rotationY": -14.0,
															"faces": {
																"north": { "texture": "#skin", "uv": [ 0.5, 13.0, 1.5, 13.5 ], "rotation": 180, "autoUv": false },
																"east": { "texture": "#skin", "uv": [ 1.5, 13.5, 2.0, 16.5 ], "rotation": 90, "autoUv": false, "windMode": [-1,-1,-1,-1] },
																"south": { "texture": "#skin", "uv": [ 0.5, 16.5, 1.5, 17.0 ], "autoUv": false, "windMode": [-1,-1,-1,-1] },
																"west": { "texture": "#skin", "uv": [ 0.0, 13.5, 0.5, 16.5 ], "rotation": 270, "autoUv": false, "windMode": [-1,-1,-1,-1] },
																"up": { "texture": "#skin", "uv": [ 0.5, 13.5, 1.5, 16.5 ], "autoUv": false, "windMode": [-1,-1,-1,-1] },
																"down": { "texture": "#bottom", "uv": [ 6.5, 8.0, 7.5, 11.0 ], "autoUv": false, "windMode": [-1,-1,-1,-1] }
															}
														}
													]
												},
												{
													"name": "LLegLower",
													"from": [ 1.625, 0.013, -0.325 ],
													"to": [ 2.6, 0.234, 1.625 ],
													"unwrapMode": 5,
													"autoUnwrap": false,
													"uv": [ 0.5, 6.0 ],
													"rotationOrigin": [ 2.6, 0.013, -0.325 ],
													"rotationY": 16.0,
													"faces": {
														"east": { "texture": "#skin", "uv": [ 7.0, 13.5, 7.5, 16.5 ], "rotation": 90, "autoUv": false },
														"up": { "texture": "#skin", "uv": [ 6.0, 13.5, 7.5, 16.5 ], "autoUv": false, "windMode": [-1,-1,-1,-1] },
														"down": { "texture": "#bottom", "uv": [ 2.5, 6.0, 4.0, 9.0 ], "autoUv": false, "windMode": [-1,-1,-1,-1] }
													}
												}
											]
										},
										{
											"name": "RAbdomen",
											"from": [ 0.0, -0.2405, 0.325 ],
											"to": [ 2.6, 0.0065, 2.08 ],
											"unwrapMode": 5,
											"autoUnwrap": false,
											"uv": [ -0.5, 4.5 ],
											"rotationOrigin": [ 0.0, 0.0065, 0.325 ],
											"rotationX": 180.0,
											"rotationY": -3.0,
											"faces": {
												"east": { "texture": "#skin", "uv": [ 18.0, 2.5, 18.5, 5.0 ], "rotation": 90, "autoUv": false },
												"south": { "texture": "#skin", "uv": [ 18.5, 4.5, 22.5, 5.0 ], "autoUv": false, "windMode": [-1,-1,-1,-1] },
												"west": { "texture": "#skin", "uv": [ 22.0, 2.5, 22.5, 5.0 ], "rotation": 270, "autoUv": false, "windMode": [-1,-1,-1,-1] },
												"up": { "texture": "#bottom", "uv": [ 0.0, 5.0, 4.0, 7.5 ], "autoUv": false, "windMode": [-1,-1,-1,-1] },
												"down": { "texture": "#skin", "uv": [ 18.5, 2.5, 22.5, 5.0 ], "autoUv": false, "windMode": [-1,-1,-1,-1] }
											},
											"children": [
												{
													"name": "RLeg",
													"from": [ 1.3, 0.0065, 1.755 ],
													"to": [ 2.145, 0.2405, 3.705 ],
													"unwrapMode": 5,
													"autoUnwrap": false,
													"uv": [ 1.0, 5.5 ],
													"rotationOrigin": [ 1.3, 0.2405, 1.755 ],
													"rotationY": 72.0,
													"faces": {
														"east": { "texture": "#skin", "uv": [ 16.5, 15.5, 17.0, 18.5 ], "rotation": 90, "autoUv": false, "windMode": [-1,-1,-1,-1] },
														"south": { "texture": "#skin", "uv": [ 15.5, 18.0, 16.5, 18.5 ], "autoUv": false, "windMode": [-1,-1,-1,-1] },
														"west": { "texture": "#skin", "uv": [ 15.0, 15.5, 15.5, 18.5 ], "rotation": 270, "autoUv": false, "windMode": [-1,-1,-1,-1] },
														"up": { "texture": "#bottom", "uv": [ 1.5, 5.5, 2.5, 8.5 ], "autoUv": false, "windMode": [-1,-1,-1,-1] },
														"down": { "texture": "#skin", "uv": [ 15.5, 15.5, 16.5, 18.5 ], "autoUv": false, "windMode": [-1,-1,-1,-1] }
													},
													"children": [
														{
															"name": "RLegEnd",
															"from": [ 0.0, -0.0065, 1.625 ],
															"to": [ 0.78, 0.2405, 3.575 ],
															"unwrapMode": 5,
															"autoUnwrap": false,
															"uv": [ 0.0, 9.0 ],
															"rotationOrigin": [ 0.65, 0.247, 1.625 ],
															"rotationY": -14.0,
															"faces": {
																"north": { "texture": "#skin", "uv": [ 11.5, 14.0, 12.5, 14.5 ], "rotation": 180, "autoUv": false },
																"east": { "texture": "#skin", "uv": [ 12.5, 14.5, 13.0, 17.5 ], "rotation": 90, "autoUv": false, "windMode": [-1,-1,-1,-1] },
																"south": { "texture": "#skin", "uv": [ 11.5, 17.5, 12.5, 18.0 ], "autoUv": false, "windMode": [-1,-1,-1,-1] },
																"west": { "texture": "#skin", "uv": [ 11.0, 14.5, 11.5, 17.5 ], "rotation": 270, "autoUv": false, "windMode": [-1,-1,-1,-1] },
																"up": { "texture": "#bottom", "uv": [ 0.5, 9.5, 1.5, 12.5 ], "autoUv": false, "windMode": [-1,-1,-1,-1] },
																"down": { "texture": "#skin", "uv": [ 11.5, 14.5, 12.5, 17.5 ], "autoUv": false, "windMode": [-1,-1,-1,-1] }
															}
														}
													]
												},
												{
													"name": "RLegLower",
													"from": [ 1.625, 0.013, -0.325 ],
													"to": [ 2.6, 0.234, 1.625 ],
													"unwrapMode": 5,
													"autoUnwrap": false,
													"uv": [ 12.0, 4.0 ],
													"rotationOrigin": [ 2.6, 0.234, -0.325 ],
													"rotationY": 16.0,
													"faces": {
														"east": { "texture": "#skin", "uv": [ 19.0, 15.5, 19.5, 18.5 ], "rotation": 90, "autoUv": false, "windMode": [-1,-1,-1,-1] },
														"up": { "texture": "#bottom", "uv": [ 12.0, 4.0, 13.5, 7.0 ], "autoUv": false, "windMode": [-1,-1,-1,-1] },
														"down": { "texture": "#skin", "uv": [ 18.0, 15.5, 19.5, 18.5 ], "autoUv": false, "windMode": [-1,-1,-1,-1] }
													}
												}
											]
										},
										{
											"name": "PeltTail",
											"from": [ 2.6, 0.0065, 0.4875 ],
											"to": [ 3.575, 0.3315, 1.1375 ],
											"unwrapMode": 3,
											"autoUnwrap": false,
											"uv": [ 23.5, 2.5 ],
											"rotationOrigin": [ 2.6, 0.0065, 0.4875 ],
											"faces": {
												"north": { "texture": "#skin", "uv": [ 27.0, 3.5, 28.5, 4.0 ], "autoUv": false },
												"east": { "texture": "#skin", "uv": [ 26.0, 3.5, 27.0, 4.0 ], "autoUv": false, "windMode": [-1,-1,-1,-1] },
												"south": { "texture": "#skin", "uv": [ 24.5, 3.5, 26.0, 4.0 ], "autoUv": false, "windMode": [-1,-1,-1,-1] },
												"west": { "texture": "#skin", "uv": [ 23.5, 3.5, 24.5, 4.0 ], "autoUv": false, "windMode": [-1,-1,-1,-1] },
												"up": { "texture": "#skin", "uv": [ 24.5, 2.5, 26.0, 3.5 ], "autoUv": false, "windMode": [-1,-1,-1,-1] },
												"down": { "texture": "#skin", "uv": [ 24.5, 4.5, 26.0, 5.5 ], "rotation": 180, "autoUv": false, "windMode": [-1,-1,-1,-1] }
											},
											"children": [
												{
													"name": "PeltTailMid",
													"from": [ 0.91, -0.0065, -0.195 ],
													"to": [ 3.185, 0.507, 0.845 ],
													"unwrapMode": 3,
													"autoUnwrap": false,
													"uv": [ 18.0, 17.0 ],
													"rotationOrigin": [ 0.91, -0.0065, -0.195 ],
													"faces": {
														"north": { "texture": "#skin", "uv": [ 25.0, 18.5, 28.5, 19.0 ], "autoUv": false },
														"east": { "texture": "#skin", "uv": [ 23.5, 18.5, 25.0, 19.0 ], "autoUv": false, "windMode": [-1,-1,-1,-1] },
														"south": { "texture": "#skin", "uv": [ 20.0, 18.5, 23.5, 19.0 ], "autoUv": false, "windMode": [-1,-1,-1,-1] },
														"west": { "texture": "#skin", "uv": [ 18.5, 18.5, 20.0, 19.0 ], "autoUv": false, "windMode": [-1,-1,-1,-1] },
														"up": { "texture": "#skin", "uv": [ 20.0, 17.0, 23.5, 18.5 ], "autoUv": false, "windMode": [-1,-1,-1,-1] },
														"down": { "texture": "#skin", "uv": [ 20.0, 20.5, 23.5, 22.0 ], "rotation": 180, "autoUv": false, "windMode": [-1,-1,-1,-1] }
													},
													"children": [
														{
															"name": "PeltTailEnd",
															"from": [ 2.08, 0.0, 0.0325 ],
															"to": [ 4.03, 0.39, 1.0075 ],
															"unwrapMode": 3,
															"autoUnwrap": false,
															"uv": [ 22.0, 9.5 ],
															"rotationOrigin": [ 2.08, 0.0, 0.0325 ],
															"faces": {
																"north": { "texture": "#skin", "uv": [ 28.0, 11.0, 31.0, 11.5 ], "autoUv": false },
																"east": { "texture": "#skin", "uv": [ 26.5, 11.0, 28.0, 11.5 ], "autoUv": false, "windMode": [-1,-1,-1,-1] },
																"south": { "texture": "#skin", "uv": [ 23.5, 11.0, 26.5, 11.5 ], "autoUv": false, "windMode": [-1,-1,-1,-1] },
																"west": { "texture": "#skin", "uv": [ 22.0, 11.0, 23.5, 11.5 ], "autoUv": false, "windMode": [-1,-1,-1,-1] },
																"up": { "texture": "#skin", "uv": [ 23.5, 9.5, 26.5, 11.0 ], "autoUv": false, "windMode": [-1,-1,-1,-1] },
																"down": { "texture": "#skin", "uv": [ 23.5, 12.5, 26.5, 14.0 ], "rotation": 180, "autoUv": false, "windMode": [-1,-1,-1,-1] }
															}
														}
													]
												}
											]
										}
									]
								},
								{
									"name": "Neck",
									"from": [ -1.3, 0.0, 0.065 ],
									"to": [ 0.0, 0.286, 1.365 ],
									"autoUnwrap": false,
									"uv": [ 3.0, 2.0 ],
									"rotationOrigin": [ 0.065, 0.0, 0.065 ],
									"faces": {
										"north": { "texture": "#skin", "uv": [ 12.0, 8.5, 14.0, 9.0 ], "autoUv": false },
										"south": { "texture": "#skin", "uv": [ 10.0, 8.5, 12.0, 9.0 ], "autoUv": false, "windMode": [-1,-1,-1,-1] },
										"west": { "texture": "#skin", "uv": [ 8.0, 8.5, 10.0, 9.0 ], "autoUv": false, "windMode": [-1,-1,-1,-1] },
										"up": { "texture": "#skin", "uv": [ 10.0, 6.5, 12.0, 8.5 ], "autoUv": false, "windMode": [-1,-1,-1,-1] },
										"down": { "texture": "#bottom", "uv": [ 6.0, 2.0, 8.0, 4.0 ], "autoUv": false }
									},
									"children": [
										{
											"name": "RNeck",
											"from": [ 0.0, -0.234, -0.65 ],
											"to": [ 1.3, 0.013, 0.65 ],
											"unwrapMode": 6,
											"autoUnwrap": false,
											"uv": [ 8.0, 11.0 ],
											"rotationOrigin": [ 1.95, 0.013, 0.65 ],
											"rotationX": -180.0,
											"rotationY": 75.0,
											"faces": {
												"north": { "texture": "#skin", "uv": [ 12.0, 8.5, 12.5, 10.5 ], "rotation": 90, "autoUv": false },
												"south": { "texture": "#skin", "uv": [ 12.0, 10.0, 14.0, 10.5 ], "rotation": 180, "autoUv": false, "windMode": [-1,-1,-1,-1] },
												"west": { "texture": "#skin", "uv": [ 11.5, 11.0, 13.5, 11.5 ], "rotation": 180, "autoUv": false, "windMode": [-1,-1,-1,-1] },
												"up": { "texture": "#bottom", "uv": [ 11.5, 11.0, 13.5, 13.0 ], "autoUv": false, "windMode": [-1,-1,-1,-1] },
												"down": { "texture": "#skin", "uv": [ 12.0, 8.5, 14.0, 10.5 ], "rotation": 270, "autoUv": false, "windMode": [-1,-1,-1,-1] }
											}
										},
										{
											"name": "LNeck",
											"from": [ 0.0, 0.013, -0.65 ],
											"to": [ 1.3, 0.26, 0.65 ],
											"unwrapMode": 5,
											"autoUnwrap": false,
											"uv": [ 6.0, 10.5 ],
											"rotationOrigin": [ 1.95, 0.013, 0.65 ],
											"rotationY": 75.0,
											"faces": {
												"north": { "texture": "#skin", "uv": [ 11.5, 8.5, 12.0, 10.5 ], "rotation": 90, "autoUv": false },
												"south": { "texture": "#skin", "uv": [ 10.0, 10.0, 12.0, 10.5 ], "autoUv": false, "windMode": [-1,-1,-1,-1] },
												"west": { "texture": "#skin", "uv": [ 10.0, 10.0, 12.0, 10.5 ], "rotation": 180, "autoUv": false, "windMode": [-1,-1,-1,-1] },
												"up": { "texture": "#skin", "uv": [ 10.0, 8.5, 12.0, 10.5 ], "rotation": 90, "autoUv": false, "windMode": [-1,-1,-1,-1] },
												"down": { "texture": "#bottom", "uv": [ 9.5, 11.0, 11.5, 13.0 ], "autoUv": false, "windMode": [-1,-1,-1,-1] }
											}
										},
										{
											"name": "Head",
											"from": [ -0.52, 0.0, -0.1625 ],
											"to": [ 0.455, 0.2925, 1.4625 ],
											"autoUnwrap": false,
											"uv": [ 4.5, 3.5 ],
											"rotationOrigin": [ 0.455, 0.0, -0.1625 ],
											"faces": {
												"north": { "texture": "#skin", "uv": [ 1.0, 10.0, 1.5, 11.5 ], "rotation": 270, "autoUv": false },
												"east": { "texture": "#skin", "uv": [ 1.5, 9.5, 4.0, 10.0 ], "autoUv": false, "windMode": [-1,-1,-1,-1] },
												"south": { "texture": "#skin", "uv": [ 4.0, 10.0, 4.5, 11.5 ], "rotation": 90, "autoUv": false, "windMode": [-1,-1,-1,-1] },
												"west": { "texture": "#skin", "uv": [ 1.5, 11.0, 4.0, 11.5 ], "autoUv": false, "windMode": [-1,-1,-1,-1] },
												"up": { "texture": "#skin", "uv": [ 1.5, 10.0, 4.0, 11.5 ], "rotation": 90, "autoUv": false, "windMode": [-1,-1,-1,-1] },
												"down": { "texture": "#bottom", "uv": [ 7.5, 3.5, 9.0, 6.0 ], "autoUv": false }
											},
											"children": [
												{
													"name": "Snout",
													"from": [ -0.78, 0.0, 0.6175 ],
													"to": [ 0.195, 0.26, 1.0075 ],
													"autoUnwrap": false,
													"uv": [ 1.5, 2.0 ],
													"rotationOrigin": [ 0.065, 0.0, 0.6175 ],
													"faces": {
														"north": { "texture": "#skin", "uv": [ 6.0, 0.0, 6.5, 1.5 ], "rotation": 270, "autoUv": false },
														"south": { "texture": "#skin", "uv": [ 7.0, 0.0, 7.5, 1.5 ], "rotation": 90, "autoUv": false, "windMode": [-1,-1,-1,-1] },
														"west": { "texture": "#skin", "uv": [ 6.5, 1.5, 7.0, 2.0 ], "autoUv": false, "windMode": [-1,-1,-1,-1] },
														"up": { "texture": "#skin", "uv": [ 6.5, 0.0, 7.0, 1.5 ], "rotation": 90, "autoUv": false, "windMode": [-1,-1,-1,-1] },
														"down": { "texture": "#bottom", "uv": [ 3.0, 2.0, 4.5, 2.5 ], "autoUv": false }
													},
													"children": [
														{
															"name": "Nose",
															"from": [ -0.0065, 0.0975, 0.0975 ],
															"to": [ 0.2535, 0.2925, 0.2925 ],
															"unwrapMode": 3,
															"uv": [ 10.0, 0.0 ],
															"rotationOrigin": [ 0.0, 0.0975, 0.0975 ],
															"faces": {
																"north": { "texture": "#skin", "uv": [ 11.5, 0.5, 12.0, 1.0 ], "autoUv": false },
																"east": { "texture": "#skin", "uv": [ 11.0, 0.5, 11.5, 1.0 ], "autoUv": false, "windMode": [-1,-1,-1,-1] },
																"south": { "texture": "#skin", "uv": [ 10.5, 0.5, 11.0, 1.0 ], "autoUv": false, "windMode": [-1,-1,-1,-1] },
																"west": { "texture": "#skin", "uv": [ 10.0, 0.5, 10.5, 1.0 ], "autoUv": false, "windMode": [-1,-1,-1,-1] },
																"up": { "texture": "#skin", "uv": [ 10.5, 0.0, 11.0, 0.5 ], "autoUv": false, "windMode": [-1,-1,-1,-1] },
																"down": { "texture": "#skin", "uv": [ 10.5, 1.0, 11.0, 1.5 ], "rotation": 180, "autoUv": false, "windMode": [-1,-1,-1,-1] }
															}
														}
													]
												}
											]
										}
									]
								}
							]
						}
					]
				}
			]
		}
	]}