{
	"code": "pantherinae-panthera",
	"class": "EntityAgent",
	"canClimb": true,
	"fallDamageMultiplier": 0.1,
	"variantgroups": [
    {"code": "age","states": [ "baby"]},
    {"code": "gender","states": [ "female","male"]},
		{"code": "species","states": [ "atrox", "leo", "onca", "pardus", "spelaea", "tigris", "uncia" ]},
		{"code": "pigment","states": [ "normal", "albino", "melanistic" ]}
	],
	"allowedVariants": [
		"*-atrox-normal",
		"*-leo-normal",
		"*-onca-melanistic",
		"*-onca-normal",
		"*-pardus-melanistic",
		"*-pardus-normal",
		"*-spelaea-normal",
		"*-tigris-normal",
		"*-uncia-normal"
	],
	"collisionBoxSizeByType": {
		"*-onca-*": {	"x": 1.0,"y": 0.5},
		"*-pardus-*": {	"x": 1.0,"y": 0.5},
		"*": {	"x": 1.0,"y": 0.5}
	},
	"deadCollisionBoxSizeByType": {
		"*-onca-*": {"x": 1.0,"y": 0.35},
		"*-pardus-*": {"x": 1.0,"y": 0.35},
		"*": {"x": 1.0,"y": 0.35}
	},
	"selectionBoxSizeByType": {
		"*-onca-*": {"x": 1.0,"y": 1.0},
		"*-pardus-*": {"x": 1.0,"y": 1.0},
		"*": {"x": 1.0,"y": 1.0}
	},
	"deadSelectionBoxSizeByType": {
		"*-onca-*": {"x": 1.0,"y": 1.0},
		"*-pardus-*": {"x": 1.0,"y": 1.0},
		"*": {"x": 1.0,"y": 1.0}
	},
	"eyeHeight": 0.4,
	"weight": 20,
	"drops": [],
	"attributes": {
	"basketCatchableByType": { "*":  true },
		"creatureDiet": {"foodTags": ["egg","fish","meat"]},
		"handbook": {
			"groupcode": "creaturegroup-panthera"
		}},
	"client": {
		"renderer": "Shape",
		"shape": { "base": "entity/land/panthera-cub" },
		"textureByType": {
			"*-atrox-normal": { "base": "entity/pantherinae/cub-atrox" },
			"*-leo-normal": { "base": "entity/pantherinae/cub-leo" },
			"*-onca-normal": { "base": "entity/pantherinae/cub-onca" },
			"*-onca-melanistic": { "base": "entity/pantherinae/cub-onca-melanistic" },
			"*-pardus-normal": { "base": "entity/pantherinae/cub-pardus" },
			"*-pardus-melanistic": { "base": "entity/pantherinae/cub-pardus-melanistic" },
			"*-spelaea-normal": { "base": "entity/pantherinae/cub-spelaea" },
			"*-tigris-normal": { "base": "entity/pantherinae/cub-tigris"},
			"*-uncia-normal": { "base": "entity/pantherinae/cub-uncia" }
		},
		"sizeByType": {
			"*-atrox-*": 0.52,
			"*-leo-*": 0.52,
			"*-onca-*": 0.4,
			"*-pardus-*": 0.4,
			"*-spelaea-*": 0.52,
			"*-tigris-*": 0.52,
			"*-uncia-*": 0.35,
			"*": 0.4
		},
		"behaviors": [
			{ "code": "repulseagents" },
			{
				"code": "controlledphysics",
				"stepHeight": 2.1251
			},
			{
				"code": "floatupwhenstuck",
				"onlyWhenDead": true
			},
			{ "code": "interpolateposition" },
			{ "code": "harvestable","quantitySlots": 8 },
			{
				"code": "despawn",
				"minPlayerDistance": 8,
				"belowLightLevel": 8,
				"minSeconds": 300
			},
			{
				"code": "ropetieable",
				"minGeneration": 2
			}
		],
		"animations": [
			{
				"code": "hurt",
				"animation": "hurt",
				"animationSpeed": 2.2,
				"weight": 10,
				"blendMode": "AddAverage"
			},
			{
				"code": "die",
				"animation": "death",
				"animationSpeed": 2.25,
				"weight": 10,
				"blendMode": "Average",
				"triggeredBy": { "onControls": [ "dead" ] }
			},
			{
				"code": "idle",
				"animation": "idle",
				"blendMode": "AddAverage",
				"easeOutSpeed": 4,
				"triggeredBy": { "defaultAnim": true }
			},
			{
				"code": "sleep",
				"animation": "sleep",
				"easeInSpeed": 4,
				"easeOutSpeed": 4,
				"blendMode": "Average"
			},
				{
					"code": "sit",
					"animation": "sit",
					"easeInSpeed": 4,
					"easeOutSpeed": 4,
					"blendMode": "Average"
				},
				{
					"code": "lie",
					"animation": "lie",
					"blendMode": "Average"
				},
				{
					"code": "loaf",
					"animation": "loaf",
					"blendMode": "Average"
				},
				{
					"code": "lick",
					"animation": "lick",
					"blendMode": "Average"
				},
				{
					"code": "swim",
					"animation": "swim",
					"blendMode": "Average"
				},
				{
					"code": "walk",
					"animation": "walk",
					"supressDefaultAnimation": true,
					"blendMode": "AddAverage"
				}
		]
	},
	"server": {
		"attributes": {
			"pathfinder": {
				"minTurnAnglePerSec": 180,
				"maxTurnAnglePerSec": 360
			}
		},
		"behaviors": [
			{ "code": "repulseagents" },
			{
				"code": "controlledphysics",
				"stepHeight": 2.1251
			},
			{
				"code": "despawn",
				"minPlayerDistance": 8,
				"belowLightLevel": 8,
				"minSeconds": 300
			},
			{
				"code": "health",
				"maxhealthByType": {
					"*-atrox-*": 6,
					"*-leo-*": 6,
					"*-onca-*": 5,
					"*-pardus-*": 5,
					"*-spelaea-*": 6,
					"*-tigris-*": 6,
					"*-uncia-*": 5,
					"*": 5
				}
			},
			{
				"code": "deaddecay",
				"hoursToDecay": 96,
				"decayedBlock": "carcass-small"
			},
			{
				"code": "floatupwhenstuck",
				"onlyWhenDead": true
			},
			{
				"code": "harvestable","quantitySlots": 8,
				"drops": [
					{
						"type": "item",
						"code": "game:bushmeat-raw",
						"quantityByType": {
							"*": {
								"avg": 1,
								"var": 0.5
							}
						}
					},
					{
						"type": "item",
						"code": "game:fat",
						"quantityByType": {
							"*": {
								"avg": 0.5,
								"var": 0.3
							}
						}
					},
					{
						"type": "item",
						"code": "pantherinae:pelt-panthera-baby-{species}-{pigment}",
						"quantityByType": {
							"*": {"avg": 1,"var": 0.0}
						}
					}
				]
			},
			{ "code": "breathe" },
			{
				"code": "emotionstates",
				"states": [
					{
						"code": "fleeondamage",
						"duration": 60,
						"chanceByType": {
							"*": 0.99
						},
						"slot": 2,
						"priority": 5,
						"accumType": "max",
						"whenHealthRelBelow": 0.99
					},
					{
						"code": "alarmherdondamage",
						"chance": 1,
						"slot": 1,
						"priority": 1,
						"accumType": "max"
					}
				]
			},
			{
				"code": "grow",
				"hoursToGrowByType": {
					"*-atrox-*": 584,
					"*-leo-*": 584,
					"*-onca-*": 438,
					"*-pardus-*": 438,
					"*-spelaea-*": 584,
					"*-tigris-*": 584,
					"*-uncia-*": 438,
					"*": 438
				},
				"adultEntityCodes": [ "pantherinae:pantherinae-panthera-adult-{gender}-{species}-{pigment}" ]
			},
			{
				"code": "taskai",
				"aitasks": [
					{
						"code": "fleeentity",
						"entityCodes": [ "bear-*","hyena-*","moose-*","wolf-male", "wolf-female",  "caninae-canina-adult-*","caninae-cerdocyonina-adult-*","hyaenidae-adult-*","machairodontinae-adult-*","pantherinae-neofelis-adult-*","rhinocerotidae-adult-*","ursidae-adult-*" ],
						"priority": 1.5,
						"movespeedByType": {
							"*-atrox-*": 0.033,
							"*-leo-*": 0.033,
							"*-onca-*": 0.0222,
							"*-pardus-*": 0.0222,
							"*-spelaea-*": 0.033,
							"*-tigris-*": 0.033,
							"*-uncia-*": 0.022,
							"*": 0.033
						},
						"seekingRange": 11,
						"animationSpeed": 2.2,
						"animation": "Run",
						"sound": "pantherinae:creature/pantherinae/cubhurt"
					},
					{
						"code": "fleeentity",
						"entityCodesByType": {
							"*": [ "player","bear-*","hyena-*","moose-*","wolf-male", "wolf-female",  "caninae-canina-adult-*","caninae-cerdocyonina-adult-*","cervidae-*","hyaenidae-adult-*","machairodontinae-adult-*","pantherinae-neofelis-adult-*","rhinocerotidae-adult-*","ursidae-adult-*" ]
						},
						"priority": 1.53,
						"movespeedByType": {
							"*-atrox-*": 0.033,
							"*-leo-*": 0.033,
							"*-onca-*": 0.0222,
							"*-pardus-*": 0.0222,
							"*-spelaea-*": 0.033,
							"*-tigris-*": 0.033,
							"*-uncia-*": 0.022,
							"*": 0.033
						},
						"seekingRange": 20,
						"animation": "Run",
						"whenInEmotionState": "fleeondamage",
						"animationSpeed": 2.0,
						"sound": "pantherinae:creature/pantherinae/cubhurt"
					},
					{
						"code": "getoutofwater",
						"priority": 1.4,
						"movespeed": 0.01,
						"animation": "Swim",
						"animationSpeed": 1.5
					},
					{
						"code": "stayclosetoentity",
						"priority": 1.4,
						"entityCode": "pantherinae-panthera-adult-female-{species}-{pigment}",
						"movespeedByType": {
							"*-atrox-*": 0.033,
							"*-leo-*": 0.033,
							"*-onca-*": 0.0222,
							"*-pardus-*": 0.0222,
							"*-spelaea-*": 0.033,
							"*-tigris-*": 0.033,
							"*-uncia-*": 0.022,
							"*": 0.033
						},
						"maxDistance": 7,
						"searchRange": 25,
						"animation": "Run",
						"animationSpeed": 2.2
					},
					{
						"code": "idle",
						"priority": 1.35,
						"priorityForCancel": 1.35,
						"minduration": 5000000,
						"maxduration": 5000000,
						"mincooldown": 10000,
						"maxcooldown": 30000,
						"animation": "Sleep",
						"whenNotInEmotionState": "fleeondamage",
						"duringDayTimeFramesByType": {
							"*-atrox-*": [{"fromHour": 9,"toHour": 18},{"fromHour": 0,"toHour": 4}],
							"*-leo-*": [{"fromHour": 10,"toHour": 16},{"fromHour": 0,"toHour": 3}],
							"*-onca-*": [{"fromHour": 11,"toHour": 15},{"fromHour": 2,"toHour": 3}],
							"*-pardus-*": [{"fromHour": 11,"toHour": 15},{"fromHour": 0,"toHour": 3}],
							"*-spelaea-*": [{"fromHour": 9,"toHour": 16},{"fromHour": 0,"toHour": 4}],
							"*-tigris-*": [{"fromHour": 21,"toHour": 24},{"fromHour": 0,"toHour": 3}],
							"*-uncia-*": [{"fromHour": 10,"toHour": 15},{"fromHour": 21,"toHour": 24},{"fromHour": 0,"toHour": 3}],
							"*": [{"fromHour": 10,"toHour": 16},{"fromHour": 0,"toHour": 4}]
						},
						"stopOnNearbyEntityCodes": [ "player", "wolf-male", "wolf-female", "bear-*", "hyena-*" ],
						"stopRange": 8,
						"stopOnHurt": true
					},
					{
						"code": "idle",
						"priority": 1.3,
						"priorityForCancel": 1.35,
						"minduration": 4667,
						"maxduration": 4667,
						"chance": 0.25,
						"mincooldown": 80000,
						"maxcooldown": 500000,
						"animation": "Roar",
						"whenNotInEmotionState": "fleeondamage",
						"animationSpeed": 0.25,
						"soundByType": {
							"*": "pantherinae:creature/pantherinae/cubidle"
						},
						"soundRangeByType": {
							"*": 10
						}
					},
					{
						"code": "wander",
						"priority": 0.95,
						"priorityForCancel": 1.35,
						"movespeedByType": {
							"*-atrox-*": 0.003,
							"*-leo-*": 0.003,
							"*-onca-*": 0.0022,
							"*-pardus-*": 0.0022,
							"*-spelaea-*": 0.003,
							"*-tigris-*": 0.003,
							"*-uncia-*": 0.002,
							"*": 0.005
						},
						"animationSpeed": 1.05,
						"animation": "Walk",
						"whenNotInEmotionState": "fleeondamage",
						"preferredLightLevel": 10
					},
					{
						"code": "idle",
						"priority": 1,
						"minduration": 6000,
						"maxduration": 45000,
						"mincooldown": 6000,
						"maxcooldown": 120000,
						"priorityForCancel": 1.28,
						"stopOnNearbyEntityCodes": [ "player", "wolf-male", "wolf-female", "bear-*", "hyena-*" ],
						"stopRange": 15,
						"stopOnHurt": true,
						"whenNotInEmotionState": "fleeondamage",
						"animation": "Sit"
					},
					{
						"code": "idle",
						"priority": 1,
						"minduration": 6000,
						"maxduration": 45000,
						"chance": 0.25,
						"mincooldown": 6000,
						"maxcooldown": 120000,
						"priorityForCancel": 1.28,
						"stopOnNearbyEntityCodes": [ "player", "wolf-male", "wolf-female", "bear-*", "hyena-*" ],
						"stopRange": 15,
						"stopOnHurt": true,
						"whenNotInEmotionState": "fleeondamage",
						"animation": "Lick"
					},
					{
						"code": "idle",
						"priority": 1,
						"minduration": 6000,
						"maxduration": 45000,
						"mincooldown": 6000,
						"maxcooldown": 120000,
						"priorityForCancel": 1.28,
						"stopOnNearbyEntityCodes": [ "player", "wolf-male", "wolf-female", "bear-*", "hyena-*" ],
						"stopRange": 15,
						"stopOnHurt": true,
						"whenNotInEmotionState": "fleeondamage",
						"animation": "Lie"
					},
					{
						"code": "idle",
						"priority": 0.9,
						"minduration": 6000,
						"maxduration": 45000,
						"chance": 0.1,
						"mincooldown": 6000,
						"maxcooldown": 120000,
						"priorityForCancel": 1.28,
						"stopOnNearbyEntityCodes": [ "player", "wolf-male", "wolf-female", "bear-*", "hyena-*" ],
						"stopRange": 15,
						"stopOnHurt": true,
						"whenNotInEmotionState": "fleeondamage",
						"animation": "Loaf"
					},
					{
						"code": "seekfoodandeat",
						"movespeedByType": {
							"*-atrox-*": 0.003,
							"*-leo-*": 0.003,
							"*-onca-*": 0.0022,
							"*-pardus-*": 0.0022,
							"*-spelaea-*": 0.003,
							"*-tigris-*": 0.003,
							"*-uncia-*": 0.002,
							"*": 0.005
						},
						"priority": 1.34,
						"animationSpeed": 0.95,
						"eatTime": 2,
						"eatLooseItems": true,
						"animation": "Walk",
						"eatAnimation": "Eat",
						"whenNotInEmotionState": "fleeondamage",
						"eatAnimationLooseItems": "Eat"
					},
					{
						"code": "lookaround",
						"priority": 0.5,
						"whenNotInEmotionState": "fleeondamage"
					}
				]
			},

			{
				"code": "ropetieable",
				"minGeneration": 2
			}
		],
		"spawnconditions": {
			"runtime": {
				"group": "hostile",
				"tryOnlySurface": true,
				"maxQuantity": 1,
				"maxQuantityByGroup": {
					"code": "pantherinae-panthera-*",
					"maxQuantity": 1
				},
				"chanceByType": {
					"*-panthera-*": 0
				}
			}
		}
	},
	"sounds": {
		"hurt": "pantherinae:creature/pantherinae/cubhurt",
		"death": "pantherinae:creature/pantherinae/cubdeath",
		"idle": "pantherinae:creature/pantherinae/cubidle"
	},
	"idleSoundChance": 0.04
}