{
	"code": "pantherinae-panthera",
	"class": "EntityAgent",
	"fallDamageMultiplierByType": {"*-atrox-*" :1.5,"*-leo-*" :1,"*-onca-*" :0.75,"*-pardus-*" :0.5,"*-spelaea-*" :1.3,"*-tigris-*" :1.2,"*-uncia-*" :0.5},
	"canClimb": true,
	"variantgroups": [
    {"code": "age","states": [ "adult"]},
    {"code": "gender","states": [ "female"]},
		{"code": "species","states": [ "atrox","leo","onca","pardus","spelaea","tigris","uncia" ]},
		{"code": "pigment","states": [ "normal", "albino", "melanistic" ]}
	],
	"allowedVariants": [
		"*-atrox-normal",
		"*-leo-normal",
		"*-onca-melanistic",
		"*-onca-normal",
		"*-pardus-melanistic",
		"*-pardus-normal",
		"*-spelaea-normal",
		"*-tigris-normal",
		"*-uncia-normal"
	],
	"collisionBoxSizeByType": {
		"*-atrox-*": {	"x": 1.6,"y": 1.0},
		"*-leo-*": {	"x": 1.5,"y": 0.9},
		"*-onca-*": {	"x": 1.3,"y": 0.9},
		"*-pardus-*": {	"x": 1.2,"y": 0.85},
		"*-spelaea-*": {	"x": 1.5,"y": 0.9},
		"*-tigris-*": {	"x": 1.5,"y": 0.9},
		"*-uncia-*": {	"x": 0.8,"y": 0.7},
		"*": {	"x": 1.2,"y": 0.85}
	},
	"deadCollisionBoxSizeByType": {
		"*-atrox-*": {	"x": 1.3,"y": 0.6},
		"*-leo-*": {	"x": 1.3,"y": 0.55},
		"*-onca-*": {"x": 1.2,"y": 0.45},
		"*-pardus-*": {"x": 1.2,"y": 0.45},
		"*-spelaea-*": {	"x": 1.3,"y": 0.55},
		"*-tigris-*": {	"x": 1.3,"y": 0.55},
		"*-uncia-*": {	"x": 1.3,"y": 0.4},
		"*": {"x": 1.2,"y": 0.45}
	},
	"selectionBoxSizeByType": {
		"*-atrox-*": {	"x": 2,"y": 2},
		"*-leo-*": {	"x": 2,"y": 2},
		"*-onca-*": {"x": 1.5,"y": 1.8},
		"*-pardus-*": {"x": 1.5,"y": 1.8},
		"*-spelaea-*": {	"x": 2,"y": 2},
		"*-tigris-*": {	"x": 2,"y": 2},
		"*-uncia-*": {	"x": 1.25,"y": 0.75},
		"*": {"x": 1.5,"y": 1.8}
	},
	"deadSelectionBoxSizeByType": {
		"*-atrox-*": {	"x": 2,"y": 1},
		"*-leo-*": {	"x": 2,"y": 1},
		"*-onca-*": {"x": 1.2,"y": 1.0},
		"*-pardus-*": {"x": 1.2,"y": 1.0},
		"*-spelaea-*": {	"x": 2,"y": 1},
		"*-tigris-*": {	"x": 2,"y": 1},
		"*-uncia-*": {	"x": 1.25,"y": 0.75},
		"*": {"x": 1.2,"y": 1.0}
	},
	"knockbackResistanceByType": {
		"*-atrox-*": 0.75,
		"*-leo-*": 0.7,
		"*-onca-*": 0.5,
		"*-pardus-*": 0.4,
		"*-spelaea-*": 0.7,
		"*-tigris-*": 0.75,
		"*-uncia-*": 0.3,
		"*": 0.5
	},
	"eyeHeight": 0.6,
	"weightByType": {
		"*-atrox-*": 162,
		"*-leo-*": 118,
		"*-onca-*": 67,
		"*-pardus-*": 43,
		"*-spelaea-*": 132,
		"*-tigris-*": 116,
		"*-uncia-*": 37
	},	
	"drops": [],
	"attributes": {
		"creatureDiet": {"foodTags": ["egg","fish","meat"]},
		"killedByInfoText": "deadcreature-eaten-large",
		"handbook": {
			"groupcode": "creaturegroup-panthera"
		}
	},
	"client": {
		"renderer": "Shape",
		"shapeByType": {
			"*-atrox-*": { "base": "entity/land/atrox" },
			"*-leo-*": { "base": "entity/land/atrox" },
			"*-onca-*": { "base": "entity/land/onca" },
			"*-pardus-*": { "base": "entity/land/pardus" },
			"*-spelaea-*": { "base": "entity/land/spelaea" },
			"*-tigris-*": { "base": "entity/land/tigris" },
			"*-uncia-*": { "base": "entity/land/uncia" },
			"*": { "base": "entity/land/onca" }

		},
		"textureByType": {
			"*-atrox-normal": { "base": "entity/pantherinae/panthera-atrox" },
			"*-leo-normal": { "base": "entity/pantherinae/panthera-leo" },
			"*-onca-normal": { "base": "entity/pantherinae/panthera-onca" },
			"*-onca-melanistic": { "base": "entity/pantherinae/panthera-onca-melanistic" },
			"*-pardus-normal": { "base": "entity/pantherinae/panthera-pardus" },
			"*-pardus-melanistic": { "base": "entity/pantherinae/panthera-pardus-melanistic" },
			"*-spelaea-normal": { "base": "entity/pantherinae/panthera-spelaea" },
			"*-tigris-normal": { "base": "entity/pantherinae/panthera-tigris"},
			"*-uncia-normal": { "base": "entity/pantherinae/panthera-uncia" }
		},
		"sizeByType": {
			"*-atrox-*": 0.95,
			"*-leo-*":  0.9,
			"*-onca-*": 0.6,
			"*-pardus-*": 0.52,
			"*-spelaea-*": 0.9,
			"*-tigris-*": 0.9,
			"*-uncia-*": 0.5,
			"*": 0.5
		},
			"behaviors": [
				{ "code": "repulseagents" },
				{
					"code": "controlledphysics",
					"stepHeight": 3.1251
				},
				{ "code": "interpolateposition" },
				{
					"code": "floatupwhenstuck",
					"onlyWhenDead": true
				},
				{ "code": "multiply" },
				{ "code": "harvestable","quantitySlots": 8 },
				{
					"code": "despawn",
					"minPlayerDistance": 8,
					"belowLightLevel": 8,
					"minSeconds": 300
				}

			],
			"animations": [
				{
					"code": "hurt",
					"animation": "hurt",
					"animationSpeed": 2.2,
					"weight": 10,
					"blendMode": "AddAverage"
				},
				{
					"code": "die",
					"animation": "death",
					"animationSpeed": 2.25,
					"weight": 10,
					"blendMode": "Average",
					"triggeredBy": { "onControls": [ "dead" ] }
				},
				{
					"code": "idle",
					"animation": "idle",
					"blendMode": "AddAverage",
					"easeOutSpeed": 4,
					"triggeredBy": { "defaultAnim": true }
				},
				{
					"code": "sleep",
					"animation": "sleep",
					"easeInSpeed": 2,
					"easeOutSpeed": 4,
					"blendMode": "Average"
				},
				{
					"code": "sit",
					"animation": "sit",
					"easeInSpeed": 2,
					"easeOutSpeed": 2,
					"blendMode": "Average"
				},
				{
					"code": "lie",
					"animation": "lie",
					"blendMode": "Average"
				},
				{
					"code": "loaf",
					"animation": "loaf",
					"blendMode": "Average"
				},
				{
					"code": "lick",
					"animation": "lick",
					"blendMode": "Average"
				},
				{
					"code": "swim",
					"animation": "swim",
					"blendMode": "Average"
				},
				{
					"code": "walk",
					"animation": "walk",
					"supressDefaultAnimation": true,
					"blendMode": "AddAverage"
				}
			]
		},
	"server": {
		"attributes": {
			"pathfinder": {
				"minTurnAnglePerSec": 350,
				"maxTurnAnglePerSec": 650
			}
		},
		"behaviors": [
			{ "code": "repulseagents" },
			{
				"code": "controlledphysics",
				"stepHeight": 3.1251
			},
			{
				"code": "despawn",
				"minPlayerDistance": 8,
				"belowLightLevel": 8,
				"minSeconds": 300
			},
			{
				"code": "health",
				"maxhealthByType": {
					"*-atrox-*": 33,
					"*-leo-*": 24,
					"*-onca-*": 15,
					"*-pardus-*": 11,
					"*-spelaea-*": 27,
					"*-tigris-*": 24,
					"*-uncia-*": 10,
					"*": 10
				}
			},
			{
				"code": "deaddecay",
				"hoursToDecay": 96,
				"decayedBlock": "carcass-medium"
			},
			{
				"code": "floatupwhenstuck",
				"onlyWhenDead": true
			},
			{
				"code": "harvestable","quantitySlots": 8,
				"drops": [
					{
						"type": "item",
						"code": "game:bushmeat-raw",
						"quantityByType": {
							"*-atrox-*": {"avg": 19,"var": 2},
							"*-leo-*": {"avg": 15,"var": 2},
							"*-onca-*": {"avg": 6,"var": 2},
							"*-pardus-*": {"avg": 4,"var": 2},
							"*-spelaea-*": {"avg": 16,"var": 2},
							"*-tigris-*": {"avg": 15,"var": 2},
							"*-uncia-*": {"avg": 4,"var": 2}
						}
					},
					{
						"type": "item",
						"code": "game:fat",
						"quantityByType": {
							"*-onca-*": {"avg": 1,"var": 0.3},
							"*-pardus-*": {"avg": 1,"var": 0.3},
							"*-uncia-*": {"avg": 1,"var": 0.3},
							"*": {"avg": 2,"var": 0.3}
						}
					},
					{
						"type": "item",
						"code": "pantherinae:pelt-panthera-female-{species}-{pigment}",
						"quantityByType": {
							"*": {"avg": 1.0,"var": 0.0}
						}
					}
				]
			},
			{ "code": "breathe" },
			{
				"code": "multiply",
				"spawnEntityCodesByType": {"*": [ { "code":"pantherinae:pantherinae-panthera-baby-female-{species}-{pigment}"}, {"code": "pantherinae:pantherinae-panthera-baby-female-{species}-{pigment}"} ]},
				"requiresNearbyEntityCode": "pantherinae:pantherinae-panthera-male-{species}-*",
				"requiresNearbyEntityRange": 10,
				"spawnQuantityMin": 1,
				"spawnQuantityMaxByType": {
					"*-atrox-*": 3,
					"*-leo-*": 4,
					"*-onca-*": 2,
					"*-pardus-*": 4,
					"*-spelaea-*": 4,
					"*-tigris-*": 6,
					"*-uncia-*": 7,
					"*": 1
				},
				"pregnancyDaysByType": {
					"*-atrox-*": 24,
					"*-leo-*": 22,
					"*-onca-*": 18,
					"*-pardus-*": 18,
					"*-spelaea-*": 24,
					"*-tigris-*": 20,
					"*-uncia-*": 18,
					"*": 18
				},
				"multiplyCooldownDaysMin": 4,
				"multiplyCooldownDaysMax": 11,
				"portionsEatenForMultiplyByType": {
					"*-atrox-*": 14,
					"*-leo-*": 11,
					"*-onca-*": 9,
					"*-pardus-*": 7,
					"*-spelaea-*": 12,
					"*-tigris-*": 11,
					"*-uncia-*": 7,
					"*": 7
				}
			},
			{
				"code": "emotionstates",
				"states": [
					{
						"code": "fleeondamage",
						"duration": 60,
						"chanceByType": {
							"*-onca-*": 0.75,
							"*-pardus-*": 0.85,
							"*-uncia-*": 0.95,
							"*": 0.45
						},
						"slot": 2,
						"priority": 5,
						"accumType": "max",
						"whenHealthRelBelow": 0.6
					},
					{
						"code": "aggressiveondamage",
						"duration": 30,
						"chance": 1,
						"slot": 2,
						"priority": 2,
						"accumType": "noaccum"
					},
					{
						"code": "alarmherdondamage",
						"chance": 1,
						"slot": 1,
						"priority": 1,
						"accumType": "max"
					},
					{
						"code": "saturated",
						"duration": 5760,
						"chance": 1,
						"slot": 0,
						"priority": 1,
						"accumType": "sum",
						"belowTempDuration": 2880,
						"belowTempThreshold": 0
					},
					{ "code": "aggressivearoundentities", "duration": 60, "chanceByType": {"*": 1.0}, "slot": 2, "priority": 4, "entityCodes": ["pantherinae:pantherinae-panthera-baby-female-{species}-{pigment}","pantherinae:pantherinae-panthera-baby-male-{species}-{pigment}"], "maxGeneration": 2 }
				
				]
			},
			{
				"code": "taskai",
				"aitasks": [
					{
						"code": "meleeattack",
						"entityCodesByType": {
							"@.*-(atrox|leo||spelaea|tigris)-.*": [ "player", "bear-*","chicken-*", "deer-*","drifter-*", "fox-*", "gazelle-*", "goat-*","hare-*","hyena-*", "moose-*", "pig-*", "raccoon-*",  "sheep-*", "wolf-*", "antilopinae-*", "caninae-*", "caprinae-*","casuariidae-*","cervidae-*","hyaenidae-*","pantherinae-neofelis-*","procyonidae-*","rhinocerotidae-*", "suidae-*", "ursidae-*" ],
							"@.*-(onca|pardus)-.*": [ "player","chicken-*","drifter-*","fox-*","gazelle-*","goat-*", "hare-*","hyena-*","pig-*",  "raccoon-*", "salmon-*", "sheep-*",  "wolf-*",  "caninae-*","casuariidae-*","cervidae-*","manidae-*","pantherinae-neofelis-*","rhinocerotidae-baby-*"  ],
							"*-uncia-*": [ "player", "chicken-*",  "fox-*", "gazelle-*","hare-*","pig-*","raccoon-*", "pig-*", "sheep-*", "caninae-*","casuariidae-*","cervidae-*","manidae-*","rhinocerotidae-baby-*" ]
						},
						"priority": 1.7,
						"damageByType": {
							"*-atrox-*": 9,
							"*-leo-*": 8,
							"*-onca-*": 6,
							"*-pardus-*": 5,
							"*-spelaea-*": 8,
							"*-tigris-*": 8,
							"*-uncia-*": 5,
							"*": 4
						},
						"damageType": "SlashingAttack",
						"damageTierByType": {
							"*-onca-*": 1,
							"*-pardus-*": 1,
							"*-uncia-*": 1,
							"*": 2
						},
						"slot": 1,
						"mincooldown": 1500,
						"maxcooldown": 1500,
						"minDist": 2,
						"minVerDist": 1.5,
						"attackDurationMs": 800,
						"damagePlayerAtMs": 500,
						"animation": "Attack",
						"whenNotInEmotionState": "aggressiveondamage|aggressivearoundentities",
						"animationSpeed": 1,
						"soundByType": {
							"*-atrox-*": "pantherinae:creature/pantherinae/atroxattack",
							"*-leo-*": "pantherinae:creature/pantherinae/leoattack",
							"*-onca-*": "pantherinae:creature/pantherinae/oncaattack",
							"*-pardus-*": "pantherinae:creature/pantherinae/pardusattack",
							"*-spelaea-*": "pantherinae:creature/pantherinae/spelaeaattack",
							"*-tigris-*": "pantherinae:creature/pantherinae/tigrisattack",
							"*": ""
						}
					},
					{
						"code": "meleeattack",
						"entityCodes": [ "player", "bear-*","chicken-*", "deer-*","drifter-*", "fox-*", "gazelle-*", "goat-*","hare-*","hyena-*", "moose-*", "pig-*", "raccoon-*",  "sheep-*", "wolf-*", "antilopinae-*", "caninae-*", "caprinae-*","casuariidae-*","cervidae-*","hyaenidae-*","machairodontinae-*","rhinocerotidae-*", "suidae-*", "ursidae-*" ],
						"priority": 2,
						"damageByType": {
							"*-atrox-*": 9,
							"*-leo-*": 8,
							"*-onca-*": 6,
							"*-pardus-*": 5,
							"*-spelaea-*": 8,
							"*-tigris-*": 8,
							"*-uncia-*": 5,
							"*": 4
						},
						"damageType": "SlashingAttack",
						"damageTierByType": {
							"*-onca-*": 1,
							"*-pardus-*": 1,
							"*-uncia-*": 1,
							"*": 2
						},
						"slot": 1,
						"mincooldown": 1500,
						"maxcooldown": 1500,
						"minDist": 2,
						"minVerDist": 1.5,
						"attackDurationMs": 800,
						"damagePlayerAtMs": 500,
						"animation": "Attack",
						"animationSpeed": 1,
						"soundByType": {
							"*-atrox-*": "pantherinae:creature/pantherinae/atroxattack",
							"*-leo-*": "pantherinae:creature/pantherinae/leoattack",
							"*-onca-*": "pantherinae:creature/pantherinae/oncaattack",
							"*-pardus-*": "pantherinae:creature/pantherinae/pardusattack",
							"*-spelaea-*": "pantherinae:creature/pantherinae/spelaeaattack",
							"*-tigris-*": "pantherinae:creature/pantherinae/tigrisattack",
							"*": ""
						},
						"whenInEmotionState": "aggressiveondamage|aggressivearoundentities"
					},
					{
						"code": "fleeentity",
						"entityCodesByType": {
							"*": [ "player", "bear-*","deer-*","drifter-*", "fox-*", "goat-*","hyena-*", "moose-*", "pig-*", "sheep-*", "wolf-*", "antilopinae-*", "caninae-*", "caprinae-*","cervidae-*","hyaenidae-*","machairodontinae-*","pantherinae-neofelis-*","rhinocerotidae-*","suidae-*", "ursidae-*" ]
						},
						"priority": 1.53,
						"movespeedByType": {
							"*-atrox-*": 0.085,
							"*-leo-*": 0.07,
							"*-onca-*": 0.061,
							"*-pardus-*": 0.049,
							"*-spelaea-*": 0.076,
							"*-tigris-*": 0.09,
							"*-uncia-*": 0.04,
							"*": 0.5
						},
						"seekingRange": 20,
						"animation": "Run",
						"whenInEmotionState": "fleeondamage",
						"animationSpeed": 2.0

					},
					{
						"code": "fleeentity",
						"entityCodesByType": {
							"@.*-(atrox|leo|spelaea)-.*": [ "bear-male-brown", "bear-female-brown", "bear-male-polar", "bear-female-polar","rhinocerotidae-adult-*", "ursidae-adult-*"],
							"*-onca-*": [  "bear-male-brown", "bear-female-brown", "bear-male-polar", "bear-female-polar", "moose-adult-*","wolf-female", "wolf-male", "caninae-canina-adult-*","cervidae-alceini-adult-*","machairodontinae-adult-*", "pantherinae-panthera-adult-female-atrox-*","pantherinae-panthera-adult-male-atrox-*","pantherinae-panthera-adult-female-leo-*","pantherinae-panthera-adult-male-leo-*","pantherinae-panthera-adult-female-spelaea-*","pantherinae-panthera-adult-male-spelaea-*","pantherinae-panthera-adult-female-tigris-*","pantherinae-panthera-adult-male-tigris-*","rhinocerotidae-adult-*", "ursidae-adult-*"  ],
							"*-pardus-*": [  "bear-male-brown", "bear-female-brown", "bear-male-polar", "bear-female-polar","hyena-female", "hyena-male", "moose-adult-*","wolf-female", "wolf-male", "caninae-canina-adult-*","cervidae-alceini-adult-*", "hyaenidae-adult-*","machairodontinae-adult-*", "pantherinae-panthera-adult-female-atrox-*","pantherinae-panthera-adult-male-atrox-*","pantherinae-panthera-adult-female-leo-*","pantherinae-panthera-adult-male-leo-*","pantherinae-panthera-adult-female-spelaea-*","pantherinae-panthera-adult-male-spelaea-*","pantherinae-panthera-adult-female-tigris-*","pantherinae-panthera-adult-male-tigris-*","rhinocerotidae-adult-*", "ursidae-adult-*"  ],
							"*-tigris-*": [ "bear-male-polar", "bear-female-polar", "wolf-female","wolf-male", "caninae-canina-adult-*","rhinocerotidae-adult-*", "ursidae-adult-*" ],
							"*-uncia-*": [ "player", "bear-male-brown", "bear-female-brown", "bear-male-polar", "bear-female-polar","hyena-female", "hyena-male", "moose-adult-*","wolf-female", "wolf-male", "caninae-canina-adult-*","cervidae-alceini-adult-*", "hyaenidae-adult-*","machairodontinae-adult-*", "pantherinae-panthera-adult-female-atrox-*","pantherinae-panthera-adult-male-atrox-*","pantherinae-panthera-adult-female-leo-*","pantherinae-panthera-adult-male-leo-*","pantherinae-panthera-adult-female-spelaea-*","pantherinae-panthera-adult-male-spelaea-*","pantherinae-panthera-adult-female-tigris-*","pantherinae-panthera-adult-male-tigris-*","rhinocerotidae-adult-*", "ursidae-adult-*" ]
						},
						"priority": 1.52,
						"movespeedByType": {
							"*-atrox-*": 0.085,
							"*-leo-*": 0.07,
							"*-onca-*": 0.061,
							"*-pardus-*": 0.049,
							"*-spelaea-*": 0.076,
							"*-tigris-*": 0.09,
							"*-uncia-*": 0.04,
							"*": 0.5
						},
						"seekingRange": 20,
						"animation": "Run",
						"animationSpeed": 2.2
					},
					{
						"code": "fleeentity",
						"entityCodesByType": {
							"@.*-(atrox|leo|spelaea)-.*": [ "bear-male-brown", "bear-female-brown", "bear-male-polar", "bear-female-polar","rhinocerotidae-adult-*", "ursidae-adult-*"],
							"*-onca-*": [  "bear-male-brown", "bear-female-brown", "bear-male-polar", "bear-female-polar", "moose-adult-*","wolf-female", "wolf-male", "caninae-canina-adult-*","cervidae-alceini-adult-*","machairodontinae-adult-*", "pantherinae-panthera-adult-female-atrox-*","pantherinae-panthera-adult-male-atrox-*","pantherinae-panthera-adult-female-leo-*","pantherinae-panthera-adult-male-leo-*","pantherinae-panthera-adult-female-spelaea-*","pantherinae-panthera-adult-male-spelaea-*","pantherinae-panthera-adult-female-tigris-*","pantherinae-panthera-adult-male-tigris-*","rhinocerotidae-adult-*", "ursidae-adult-*"  ],
							"*-pardus-*": [  "bear-male-brown", "bear-female-brown", "bear-male-polar", "bear-female-polar","hyena-female", "hyena-male", "moose-adult-*","wolf-female", "wolf-male", "caninae-canina-adult-*","cervidae-alceini-adult-*", "hyaenidae-adult-*","machairodontinae-adult-*", "pantherinae-panthera-adult-female-atrox-*","pantherinae-panthera-adult-male-atrox-*","pantherinae-panthera-adult-female-leo-*","pantherinae-panthera-adult-male-leo-*","pantherinae-panthera-adult-female-spelaea-*","pantherinae-panthera-adult-male-spelaea-*","pantherinae-panthera-adult-female-tigris-*","pantherinae-panthera-adult-male-tigris-*","rhinocerotidae-adult-*", "ursidae-adult-*"  ],
							"*-tigris-*": [ "bear-male-polar", "bear-female-polar", "wolf-female","wolf-male", "caninae-canina-adult-*","rhinocerotidae-adult-*", "ursidae-adult-*" ],
							"*-uncia-*": [ "player", "bear-male-brown", "bear-female-brown", "bear-male-polar", "bear-female-polar","hyena-female", "hyena-male", "moose-adult-*","wolf-female", "wolf-male", "caninae-canina-adult-*","cervidae-alceini-adult-*", "hyaenidae-adult-*","machairodontinae-adult-*", "pantherinae-panthera-adult-female-atrox-*","pantherinae-panthera-adult-male-atrox-*","pantherinae-panthera-adult-female-leo-*","pantherinae-panthera-adult-male-leo-*","pantherinae-panthera-adult-female-spelaea-*","pantherinae-panthera-adult-male-spelaea-*","pantherinae-panthera-adult-female-tigris-*","pantherinae-panthera-adult-male-tigris-*","rhinocerotidae-adult-*", "ursidae-adult-*" ]
						},
						"priority": 1.51,
						"movespeedByType": {
							"*-atrox-*": 0.0076,
							"*-leo-*": 0.0062,
							"*-onca-*": 0.0054,
							"*-pardus-*": 0.0043,
							"*-spelaea-*": 0.00675,
							"*-tigris-*": 0.0079,
							"*-uncia-*": 0.0037,
							"*": 0.005
						},
						"seekingRange": 30,
						"animation": "Walk",
						"animationSpeed": 0.95
					},
					{
						"code": "seekentity",
						"entityCodesByType": {
							"@.*-(atrox|leo|spelaea|tigris)-.*": [ "player", "deer-*","fox-*","gazelle-*","goat-*","moose-*", "pig-*","raccoon-*","sheep-*", "antilopinae-*","caninae-canina-baby-*","caninae-cerdocyonina-*","caninae-urocyonini-*","caninae-vulpini-*","caprinae-*","casuariidae-*","cervidae-*","procyonidae-*","rhinocerotidae-baby-*", "suidae-*" ],
							"@.*-(onca|pardus)-.*": [ "chicken-*", "deer-*","fox-*","gazelle-*","goat-*","hare-*","pig-*","raccoon-*","sheep-*", "antilopinae-*","caninae-canina-baby-*","caninae-cerdocyonina-*","caninae-urocyonini-*","caninae-vulpini-*","caprinae-*","casuariidae-*","cervidae-alceini-baby-*","cervidae-capreolini-*","cervidae-odocoileini-*","procyonidae-*","rhinocerotidae-baby-*", "suidae-*" ],
							"*-uncia-*": [ "chicken-*", "deer-*","fox-*","gazelle-*","goat-*","hare-*","pig-*","raccoon-*","sheep-*", "antilopinae-*","caninae-canina-baby-*","caninae-cerdocyonina-*","caninae-urocyonini-*","caninae-vulpini-*","caprinae-*","casuariidae-*","cervidae-alceini-baby-*","cervidae-capreolini-*","cervidae-odocoileini-*","procyonidae-*","rhinocerotidae-baby-*", "suidae-*"],
						},
						"priority": 1.5,
						"extraTargetDistance": 0.5,
						"seekingRange": 6,
						"belowTempSeekingRange": 40,
						"belowTempThreshold": -10,
						"animation": "Run",
						"leapAtTarget": true,
						"leapAnimation": null,
						"leapChance": 0.1,
						"soundByType": {
							"*": "pantherinae:creature/pantherinae/pantheracharge"
						},
						"whenNotInEmotionState": "fleeondamage|saturated",
						"animationSpeed": 2.0,
						"movespeedByType": {
							"*-atrox-*": 0.085,
							"*-leo-*": 0.07,
							"*-onca-*": 0.061,
							"*-pardus-*": 0.049,
							"*-spelaea-*": 0.076,
							"*-tigris-*": 0.09,
							"*-uncia-*": 0.04,
							"*": 0.5
						}
					},
					{
						"code": "seekentity",
						"entityCodesByType": {
							"@.*-(atrox|leo|spelaea|tigris)-.*": [ "player", "deer-*","fox-*","gazelle-*","goat-*","moose-*", "pig-*","raccoon-*","sheep-*", "antilopinae-*","caninae-canina-baby-*","caninae-cerdocyonina-*","caninae-urocyonini-*","caninae-vulpini-*","caprinae-*","casuariidae-*","cervidae-*","procyonidae-*","rhinocerotidae-baby-*", "suidae-*" ],
							"@.*-(onca|pardus)-.*": [ "player","chicken-*", "deer-*","fox-*","gazelle-*","goat-*","hare-*","pig-*","raccoon-*","sheep-*", "antilopinae-*","caninae-canina-baby-*","caninae-cerdocyonina-*","caninae-urocyonini-*","caninae-vulpini-*","caprinae-*","casuariidae-*","cervidae-alceini-baby-*","cervidae-capreolini-*","cervidae-odocoileini-*","manidae-*","procyonidae-*","rhinocerotidae-baby-*", "suidae-*" ],
							"*-uncia-*": [ "chicken-*", "deer-*","fox-*","gazelle-*","goat-*","hare-*","pig-*","raccoon-*","sheep-*", "antilopinae-*","caninae-canina-baby-*","caninae-cerdocyonina-*","caninae-urocyonini-*","caninae-vulpini-*","caprinae-*","casuariidae-*","cervidae-alceini-baby-*","cervidae-capreolini-*","cervidae-odocoileini-*","manidae-*","procyonidae-*","rhinocerotidae-baby-*", "suidae-*"],
						},
						"priority": 1.49,
						"extraTargetDistance": 0.5,
						"seekingRange": 20,
						"belowTempSeekingRange": 40,
						"belowTempThreshold": -25,
						"animation": "Stalk",
						"soundByType": {
							"*": ""
						},
						"whenNotInEmotionState": "fleeondamage|saturated",
						"animationSpeed": 0.75,
						"movespeedByType": {
							"*-atrox-*": 0.005625,
							"*-leo-*": 0.0046,
							"*-onca-*": 0.004,
							"*-pardus-*": 0.0032,
							"*-spelaea-*": 0.005625,
							"*-tigris-*": 0.005875,
							"*-uncia-*": 0.0028,
							"*": 0.005
						}
					},
					{
						"code": "getoutofwater",
						"priority": 1.4,
						"movespeedByType": {
							"*-onca-*": 0.051,
							"*": 0.04
						},
						"animation": "Swim",
						"animationSpeed": 1
					},
					{
						"code": "stayclosetoentity",
						"priority": 1.4,
						"entityCode": "pantherinae-panthera-adult-male-{species}-{pigment}",
						"movespeedByType": {
							"*-atrox-*": 0.0076,
							"*-leo-*": 0.0062,
							"*-onca-*": 0.0054,
							"*-pardus-*": 0.0043,
							"*-spelaea-*": 0.00675,
							"*-tigris-*": 0.0079,
							"*-uncia-*": 0.0037,
							"*": 0.005
						},
						"maxDistance": 20,
						"searchRange": 35,
						"animation": "Walk",
						"animationSpeed": 0.95
					},
					{
						"code": "seekentity",
						"entityCodes": [ "player" ],
						"priority": 1.51,
						"seekingRange": 30,
						"animation": "Run",
						"leapAtTarget": true,
						"leapAnimation": null,
						"leapChance": 0.1,
						"soundByType": {
							"*": "pantherinae:creature/pantherinae/pantheracharge"
						},
						"whenInEmotionState": "aggressiveondamage|aggressivearoundentities",
						"animationSpeed": 2.2,
						"movespeedByType": {
							"*-atrox-*": 0.085,
							"*-leo-*": 0.07,
							"*-onca-*": 0.061,
							"*-pardus-*": 0.049,
							"*-spelaea-*": 0.076,
							"*-tigris-*": 0.09,
							"*-uncia-*": 0.04,
							"*": 0.5
						}
					},
					{
						"code": "idle",
						"priority": 1.3,
						"priorityForCancel": 1.35,
						"minduration": 200000,
						"maxduration": 800000,
						"mincooldown": 10000,
						"maxcooldown": 30000,
						"animation": "Sleep",
						"animationSpeed": 0.3,
						"whenNotInEmotionState": "aggressiveondamage|aggressivearoundentities|fleeondamage",
						"duringDayTimeFramesByType": {
							"*-atrox-*": [{"fromHour": 8,"toHour": 18},{"fromHour": 0,"toHour": 5}],
							"*-leo-*": [{"fromHour": 9,"toHour": 17},{"fromHour": 0,"toHour": 4}],
							"*-onca-*": [{"fromHour": 10,"toHour": 16},{"fromHour": 2,"toHour": 4}],
							"*-pardus-*": [{"fromHour": 10,"toHour": 16},{"fromHour": 0,"toHour": 4}],
							"*-spelaea-*": [{"fromHour": 8,"toHour": 17},{"fromHour": 0,"toHour": 5}],
							"*-tigris-*": [{"fromHour": 20,"toHour": 24},{"fromHour": 0,"toHour": 4}],
							"*-uncia-*": [{"fromHour": 9,"toHour": 16},{"fromHour": 20,"toHour": 24},{"fromHour": 0,"toHour": 3}],
							"*": [{"fromHour": 10,"toHour": 16},{"fromHour": 0,"toHour": 4}]
						},
						"stopOnNearbyEntityCodes": [ "player", "wolf-*", "hyena-*", "bear-*" ],
						"stopRange": 10,
						"stopOnHurt": true
					},
					{
						"code": "idle",
						"priority": 1.0,
						"priorityForCancel": 1.35,
						"minduration": 4667,
						"maxduration": 4667,
						"chance": 0.25,
						"mincooldown": 8000,
						"maxcooldown": 50000,
						"animation": "Roar",
						"whenNotInEmotionState": "aggressiveondamage|aggressivearoundentities|fleeondamage",
						"animationSpeed": 0.75,
						"soundByType": {
							"*-atrox-*": "pantherinae:creature/pantherinae/atroxroar",
							"*-leo-*": "pantherinae:creature/pantherinae/leoroar",
							"*-onca-*": "pantherinae:creature/pantherinae/oncaroar",
							"*-pardus-*": "pantherinae:creature/pantherinae/pardusroar",
							"*-spelaea-*": "pantherinae:creature/pantherinae/spelaearoar",
							"*-tigris-*": "pantherinae:creature/pantherinae/tigrisroar",
							"*-uncia-*": "pantherinae:creature/pantherinae/unciaroar",
							"*": ""
						},
						"soundRangeByType": {
							"*": 120
						}
					},
					{
						"code": "wander",
						"priority": 0.95,
						"priorityForCancel": 1.35,
						"movespeedByType": {
							"*-atrox-*": 0.0076,
							"*-leo-*": 0.0062,
							"*-onca-*": 0.0054,
							"*-pardus-*": 0.0043,
							"*-spelaea-*": 0.00675,
							"*-tigris-*": 0.0079,
							"*-uncia-*": 0.0037,
							"*": 0.005
						},
						"animationSpeed": 0.95,
						"animation": "Walk",
						"whenNotInEmotionState": "aggressiveondamage|aggressivearoundentities|fleeondamage|saturated",
						"preferredLightLevel": 10
					},
					{
						"code": "idle",
						"priority": 1,
						"minduration": 6000,
						"maxduration": 45000,
						"mincooldown": 6000,
						"maxcooldown": 120000,
						"priorityForCancel": 1.28,
						"stopOnNearbyEntityCodes": [ "player", "wolf-male", "wolf-female", "bear-*", "hyena-*" ],
						"stopRange": 15,
						"stopOnHurt": true,
						"whenNotInEmotionState": "aggressiveondamage|aggressivearoundentities|fleeondamage",
						"animation": "Sit"
					},
					{
						"code": "idle",
						"priority": 1,
						"minduration": 6000,
						"maxduration": 45000,
						"chance": 0.25,
						"mincooldown": 6000,
						"maxcooldown": 120000,
						"priorityForCancel": 1.28,
						"stopOnNearbyEntityCodes": [ "player", "wolf-male", "wolf-female", "bear-*", "hyena-*" ],
						"stopRange": 15,
						"stopOnHurt": true,
						"whenNotInEmotionState": "aggressiveondamage|aggressivearoundentities|fleeondamage",
						"animation": "Lick"
					},
					{
						"code": "idle",
						"priority": 1,
						"minduration": 6000,
						"maxduration": 45000,
						"mincooldown": 6000,
						"maxcooldown": 120000,
						"priorityForCancel": 1.28,
						"stopOnNearbyEntityCodes": [ "player", "wolf-male", "wolf-female", "bear-*", "hyena-*" ],
						"stopRange": 15,
						"stopOnHurt": true,
						"whenNotInEmotionState": "aggressiveondamage|aggressivearoundentities|fleeondamage",
						"animation": "Lie"
					},
					{
						"code": "idle",
						"priority": 0.9,
						"minduration": 6000,
						"maxduration": 45000,
						"chance": 0.1,
						"mincooldown": 6000,
						"maxcooldown": 120000,
						"priorityForCancel": 1.28,
						"stopOnNearbyEntityCodes": [ "player", "wolf-male", "wolf-female", "bear-*", "hyena-*" ],
						"stopRange": 15,
						"stopOnHurt": true,
						"whenNotInEmotionState": "aggressiveondamage|aggressivearoundentities|fleeondamage",
						"animation": "Loaf"
					},
					{
						"code": "seekfoodandeat",
						"movespeedByType": {
							"*-atrox-*": 0.0076,
							"*-leo-*": 0.0062,
							"*-onca-*": 0.0054,
							"*-pardus-*": 0.0043,
							"*-spelaea-*": 0.00675,
							"*-tigris-*": 0.0079,
							"*-uncia-*": 0.0037,
							"*": 0.005
						},
						"priority": 1.34,
						"animationSpeed": 0.95,
						"eatTime": 2,
						"eatLooseItems": true,
						"animation": "Walk",
						"eatAnimation": "Eat",
						"eatAnimationLooseItems": "Eat",
						"whenNotInEmotionState": "aggressiveondamage|aggressivearoundentities|fleeondamage"
					},
					{
						"code": "lookaround",
						"priority": 0.5,
						"whenNotInEmotionState": "aggressiveondamage|aggressivearoundentities|fleeondamage"
					}
				]
			}
		],
		"spawnconditions": {
			"runtime": {
				"group": "hostile",
				"tryOnlySurface": true,
				"maxQuantity": 1,
				"mindistancetoplayer": 100,
				"maxQuantityByGroup": {
					"code": "pantherinae-panthera-*",
					"maxQuantity": 1
				},
				"maxLightLevel": 7,
				"lightLevelType": "onlyBlockLight",		
				"spawnCapPlayerScaling": 0.0,
				"chanceByType": {
					"*-atrox-normal": 0.00001,
					"*-leo-normal": 0.00001,
					"*-onca-normal": 0.00001,"*-onca-melanistic": 0.000001,
					"*-pardus-normal": 0.00001,"*-pardus-melanistic": 0.000001,
					"*-spelaea-normal": 0.00001,
					"*-tigris-normal": 0.00001,
					"*-uncia-normal": 0.00001
				},
				"groupSize": {
					"dist": "verynarrowgaussian",
					"avg": 1.9,
					"var": 0.6
				},
				"insideBlockCodes": [ "game:soil-*", "game:tallgrass-*", "game:snowlayer-*", "game:gravel-*", "game:sand-*" ],
				"minYByType": {
					"*-onca-*": 1,
					"*-pardus-*": 1,
					"*-uncia-*": 1.4,
					"*": 0.9
				},
				"maxYByType": {
					"*-atrox-*": 1.5,
					"*-leo-*": 1.5,
					"*-onca-*": 1.6,
					"*-pardus-*": 1.6,
					"*-spelaea-*": 1.8,
					"*-tigris-*": 1.8,
					"*": 2
				},
				"minTempByType": {
					"*-atrox-*": 8,
					"*-leo-*": 18,
					"*-onca-*": 18,
					"*-pardus-*": 8,
					"*-spelaea-*": -12,
					"*-tigris-*": -2,
					"*-uncia-*": -40,
					"*": 0.0
				},
				"maxTempByType": {
					"*-atrox-*": 28,
					"*-leo-*": 60,
					"*-onca-*": 60,
					"*-pardus-*": 60,
					"*-spelaea-*": 8,
					"*-tigris-*": 60,
					"*-uncia-*": 8,
					"*": 30
				},
				"minForestByType": {
					"*-onca-*": 0.1,
					"*-pardus-*": 0.1,
					"*-spelaea-*": 0.25,
					"*-tigris-*": 0.4,
					"*": 0.0
				},	
				"maxForestByType": {
					"*-atrox-*": 0.65,
					"*-leo-*": 1.0,
					"*": 1.0
				},
				"minPrecipitationByType": {
					"*-atrox-*": 0.1,
					"*-leo-*": 0.1,
					"*-onca-*": 0.0,
					"*-pardus-*": 0.1,
					"*-spelaea-*": 0.1,
					"*-tigris-*": 0.25,
					"*-uncia-*": 0.0,
					"*": 0.0
				},
				"maxPrecipitationByType": {
					"*-atrox-*": 0.75,
					"*-leo-*": 0.75,
					"*-onca-*": 1.0,
					"*-pardus-*": 1.0,
					"*-spelaea-*": 0.75,
					"*-tigris-*": 1.0,
					"*-uncia-*": 1.0,
					"*": 1.0
				},
				"companions": [ "pantherinae:pantherinae-panthera-baby-female-{species}-{pigment}", "pantherinae:pantherinae-panthera-baby-male-{species}-{pigment}" ]
			}
		}
	},
	"sounds": {
		"hurt": "pantherinae:creature/pantherinae/pantherahurt",
		"death": "pantherinae:creature/pantherinae/pantheradeath",
		"idle": "pantherinae:creature/pantherinae/pantherinaeidle"
	},
	"idleSoundChance": 0.01
}