{
  "code": "treehollowgrown",
  "class": "blocktreehollowgrown",
  "entityClass": "betreehollowgrown",
    "behaviors": [
      {
        "name": "PushEventOnBlockBroken",
        "properties": { "eventName": "testForDecay" }
      }
    ],
  "attributes": {
    "preventsDecay": true,
    "forageStatAffected": true,
    "treeFellingGroupCodeByType": {
      "treehollowgrown-*": "{wood}"
    },
    "treeFellingGroupSpreadIndexByType": {
      "*-birch-*": 4,
      "*-oak-*": 4,
      "*-maple-*": 4,
      "*-pine-*": 3,
      "*-acacia-*": 4,
      "*-kapok-*": 3,
      "*-larch-*": 3,
      "*-walnut-*": 4,
      "*": 4
      //JHR
    },
    "primitivesurvival": {
      "treeHollowTypeByType": {
        "*-base-*": "base",
        "*-base2-*": "base",
        "*-up-*": "up",
        "*-up2-*": "up"
      },
      "treeHollowContentsByHollowType": {
        "base": [
          {
            "code": "primitivesurvival:item-earthworm",
            "amount": 1
          },
          {
            "code": "primitivesurvival:item-earthwormcastings",
            "amount": 1
          },
          {
            "code": "block-mushroom-kingbolete-normal",
            "amount": 1
          },
          {
            "code": "block-mushroom-fieldmushroom-normal",
            "amount": 1
          },
          {
            "code": "block-mushroom-devilstooth-normal",
            "amount": 1
          },
          {
            "code": "block-mushroom-violetwebcap-normal",
            "amount": 1
          },
          {
            "code": "block-mushroom-chanterelle-normal",
            "amount": 1
          },
          {
            "code": "block-mushroom-greencrackedrussula-normal",
            "amount": 1
          },
          {
            "code": "item-creature-wolf-pup",
            "amount": 1
          }
        ],
        "up": [
          {
            "code": "item-honeycomb",
            "amount": 1
          },
          {
            "code": "item-resin",
            "amount": 1
          },
          {
            "code": "item-stick",
            "amount": 1
          },
          {
            "code": "item-insect-grub",
            "amount": 1
          },
          {
            "code": "item-insect-termite",
            "amount": 1
          },
          {
            "code": "item-fruit-pomegranate",
            "amount": 1
          },
          {
            "code": "item-fruit-mango",
            "amount": 1
          }
        ],
        "all": [
          {
            "code": "item-seeds-turnip",
            "amount": 1
          },
          {
            "code": "item-seeds-turnip",
            "amount": 1
          },
          {
            "code": "item-seeds-onion",
            "amount": 1
          },
          {
            "code": "item-seeds-onion",
            "amount": 1
          },
          {
            "code": "item-seeds-peanut",
            "amount": 1
          },
          {
            "code": "item-seeds-flax",
            "amount": 1
          },
          {
            "code": "item-seeds-flax",
            "amount": 1
          },
          {
            "code": "item-seeds-spelt",
            "amount": 1
          },
          {
            "code": "item-seeds-spelt",
            "amount": 1
          },
          {
            "code": "item-seeds-pumpkin",
            "amount": 1
          },
          {
            "code": "item-seeds-pineapple",
            "amount": 1
          },
          {
            "code": "item-seeds-carrot",
            "amount": 1
          },
          {
            "code": "item-seeds-carrot",
            "amount": 1
          },
          {
            "code": "item-seeds-rice",
            "amount": 3
          },
          {
            "code": "item-seeds-rye",
            "amount": 1
          },
          {
            "code": "item-seeds-rye",
            "amount": 1
          },
          {
            "code": "item-seeds-cabbage",
            "amount": 1
          },
          {
            "code": "item-seeds-cassava",
            "amount": 1
          },
          {
            "code": "item-seeds-amaranth",
            "amount": 1
          },
          {
            "code": "item-seeds-sunflower",
            "amount": 1
          },
          {
            "code": "item-seeds-turnip",
            "amount": 1
          },
          {
            "code": "item-seeds-turnip",
            "amount": 1
          },
          {
            "code": "item-seeds-onion",
            "amount": 1
          },
          {
            "code": "item-seeds-onion",
            "amount": 1
          },
          {
            "code": "item-seeds-peanut",
            "amount": 1
          },
          {
            "code": "item-seeds-flax",
            "amount": 1
          },
          {
            "code": "item-seeds-flax",
            "amount": 1
          },
          {
            "code": "item-seeds-spelt",
            "amount": 1
          },
          {
            "code": "item-seeds-spelt",
            "amount": 1
          },
          {
            "code": "item-seeds-pumpkin",
            "amount": 1
          },
          {
            "code": "item-seeds-pineapple",
            "amount": 1
          },
          {
            "code": "item-seeds-carrot",
            "amount": 1
          },
          {
            "code": "item-seeds-carrot",
            "amount": 1
          },
          {
            "code": "item-seeds-rice",
            "amount": 3
          },
          {
            "code": "item-seeds-rye",
            "amount": 1
          },
          {
            "code": "item-seeds-rye",
            "amount": 1
          },
          {
            "code": "item-seeds-cabbage",
            "amount": 1
          },
          {
            "code": "item-seeds-cassava",
            "amount": 1
          },
          {
            "code": "item-seeds-amaranth",
            "amount": 1
          },
          {
            "code": "item-seeds-sunflower",
            "amount": 1
          },
          {
            "code": "item-treeseed-oak",
            "amount": 1
          },
          {
            "code": "item-treeseed-oak",
            "amount": 1
          },
          {
            "code": "item-treeseed-pine",
            "amount": 1
          },
          {
            "code": "item-treeseed-pine",
            "amount": 1
          },
          {
            "code": "item-treeseed-larch",
            "amount": 1
          },
          {
            "code": "item-treeseed-crimsonkingmaple",
            "amount": 1
          },
          {
            "code": "item-treeseed-redwood",
            "amount": 1
          },
          {
            "code": "item-treeseed-ebony",
            "amount": 1
          },
          {
            "code": "item-treeseed-acacia",
            "amount": 1
          },
          {
            "code": "item-treeseed-walnut",
            "amount": 1
          },
          {
            "code": "item-treeseed-baldcypress",
            "amount": 1
          },
          {
            "code": "item-treeseed-birch",
            "amount": 1
          },
          {
            "code": "item-treeseed-birch",
            "amount": 1
          },
          {
            "code": "item-treeseed-maple",
            "amount": 1
          },
          {
            "code": "item-treeseed-maple",
            "amount": 1
          },
          {
            "code": "item-treeseed-kapok",
            "amount": 1
          },
          {
            "code": "item-gear-rusty",
            "amount": 1
          },
          {
            "code": "item-gear-temporal",
            "amount": 1
          },
          {
            "code": "primitivesurvival:item-psgear-astral",
            "amount": 1
          },
          {
            "code": "primitivesurvival:item-psgear-ethereal",
            "amount": 1
          },
          {
            "code": "item-crystalizedore-poor-cassiterite-andesite",
            "amount": 1
          },
          {
            "code": "item-crystalizedore-poor-quartz_nativegold-granite",
            "amount": 1
          },
          {
            "code": "item-crystalizedore-poor-nativecopper-slate",
            "amount": 1
          },
          {
            "code": "item-wrench-copper",
            "amount": 1
          },
          {
            "code": "item-knife-generic-tinbronze",
            "amount": 1
          }
        ]
      }
      //END JHR
    }
  },
    "variantgroups": [
      {
        "code": "type",
        "states": [ "base", "base2", "up", "up2" ]
      },
      {
        "code": "wood",
        "states": [ "acacia", "birch", "kapok", "larch", "maple", "oak", "pine", "walnut" ]
      },
      {
        "code": "side",
        "loadFromProperties": "abstract/horizontalorientation"
      }
    ],
    "drops": [],
    "sideopaque": {
      "all": false
    },
    "sidesolid": {
      "all": false
    },
    "shapebytype": {
      "*-north": {
        "base": "primitivesurvival:block/wood/treehollow-{type}"
      },
      "*-east": {
        "base": "primitivesurvival:block/wood/treehollow-{type}",
        "rotateY": 270
      },
      "*-south": {
        "base": "primitivesurvival:block/wood/treehollow-{type}",
        "rotateY": 180
      },
      "*-west": {
        "base": "primitivesurvival:block/wood/treehollow-{type}",
        "rotateY": 90
      }
    },
    "sounds": {
      "place": "game:block/planks",
      "walk": "game:walk/wood",
      "hit": "game:block/planks",
      "break": "game:block/planks",
      "byTool": {
        "Axe": {
          "hit": "game:block/chop",
          "break": "game:block/planks"
        }
      }
    },
    "combustiblePropsByType": {
      "treehollow*-birch-*": {
        "burnTemperature": 800,
        "burnDuration": 58
      },
      "treehollow*-oak-*": {
        "burnTemperature": 800,
        "burnDuration": 78
      },
      "treehollow*-pine-*": {
        "burnTemperature": 800,
        "burnDuration": 40
      },
      "treehollow*-acacia-*": {
        "burnTemperature": 800,
        "burnDuration": 69
      },
      "treehollow*-kapok-*": {
        "burnTemperature": 800,
        "burnDuration": 27
      },
      "treehollow*-maple-*": {
        "burnTemperature": 800,
        "burnDuration": 59
      },
      "*": {
        "burnTemperature": 800,
        "burnDuration": 52
      }
    },
    "replaceable": 500,
    "resistance": 4.5,
    "lightAbsorption": 0,
    "textures": {
      "sides": {
        "base": "game:block/wood/bark/{wood}"
      },
      "inside": {
        "base": "block/wood/inside"
      },
      "topbottom": {
        "base": "game:block/wood/treetrunk/{wood}"
      },
      "baitmaterial": {
        "base": "primitivesurvival:item/seeds"
      }
    },
    "maxStackSize": 16,
    "materialDensity": 700,
    "drawtype": "json",
    "blockmaterial": "Wood",
    "requiredMiningTier": 1,
    "heldTpIdleAnimation": "holdbothhandslarge",
    "heldTpUseAnimation": "twohandplaceblock",
    "tpHandTransform": {
      "translation": {
        "x": -1.2,
        "y": -1.1,
        "z": -0.8
      },
      "rotation": {
        "x": -2,
        "y": 25,
        "z": -78
      },
      "scale": 0.37
    },
    "guiTransform": {
      "rotation": {
        "x": -22.6,
        "y": -145,
        "z": 0
      }
    },
    "CollisionSelectionBoxesByType": {
      "treehollow*-up*": [
        {
          "x1": 0,
          "y1": 0.7799,
          "z1": 0,
          "x2": 1,
          "y2": 1,
          "z2": 1,
          "rotateYByType": {
            "*-west": 90,
            "*-south": 180,
            "*-east": 270
          }
        },
        {
          "x1": 0.25,
          "y1": 0.23,
          "z1": 0,
          "x2": 0,
          "y2": 0.7799,
          "z2": 1,
          "rotateYByType": {
            "*-west": 90,
            "*-south": 180,
            "*-east": 270
          }
        },
        {
          "x1": 1,
          "y1": 0.23,
          "z1": 0,
          "x2": 0.75,
          "y2": 0.7799,
          "z2": 1,
          "rotateYByType": {
            "*-west": 90,
            "*-south": 180,
            "*-east": 270
          }
        },
        {
          "x1": 0,
          "y1": 0,
          "z1": 0,
          "x2": 1,
          "y2": 0.23,
          "z2": 1,
          "rotateYByType": {
            "*-west": 90,
            "*-south": 180,
            "*-east": 270
          }
        },
        {
          "x1": 0.25,
          "y1": 0.23,
          "z1": 0,
          "x2": 0.75,
          "y2": 0.78,
          "z2": 0.25,
          "rotateYByType": {
            "*-west": 90,
            "*-south": 180,
            "*-east": 270
          }
        }
      ],
      "treehollow*-base*": [
        {
          "x1": 0,
          "y1": 0.8114,
          "z1": 0,
          "x2": 1,
          "y2": 1,
          "z2": 1,
          "rotateYByType": {
            "*-west": 90,
            "*-south": 180,
            "*-east": 270
          }
        },
        {
          "x1": 0.7185,
          "y1": 0.03,
          "z1": 0,
          "x2": 1,
          "y2": 0.8114,
          "z2": 1,
          "rotateYByType": {
            "*-west": 90,
            "*-south": 180,
            "*-east": 270
          }
        },
        {
          "x1": 0,
          "y1": 0.03,
          "z1": 0,
          "x2": 0.2873,
          "y2": 0.8114,
          "z2": 1,
          "rotateYByType": {
            "*-west": 90,
            "*-south": 180,
            "*-east": 270
          }
        },
        {
          "x1": 0,
          "y1": 0,
          "z1": 0,
          "x2": 1,
          "y2": 0.03,
          "z2": 1,
          "rotateYByType": {
            "*-west": 90,
            "*-south": 180,
            "*-east": 270
          }
        },
        {
          "x1": 0.2873,
          "y1": 0.03,
          "z1": 0,
          "x2": 0.7185,
          "y2": 0.8114,
          "z2": 0.25,
          "rotateYByType": {
            "*-west": 90,
            "*-south": 180,
            "*-east": 270
          }
        },
        {
          "x1": 0.5935,
          "y1": 0.625,
          "z1": 0.75,
          "x2": 0.7185,
          "y2": 0.8125,
          "z2": 1,
          "rotateYByType": {
            "*-west": 90,
            "*-south": 180,
            "*-east": 270
          }
        },
        {
          "x1": 0.2873,
          "y1": 0.5625,
          "z1": 0.75,
          "x2": 0.406,
          "y2": 0.8125,
          "z2": 1,
          "rotateYByType": {
            "*-west": 90,
            "*-south": 180,
            "*-east": 270
          }
        }
      ]
    }
  }
