{
	"editor": {
		"allAngles": true,
		"entityTextureMode": true
	},
	"textureWidth": 64,
	"textureHeight": 96,
	"textureSizes": {
		"bottom": [16,16],
		"skin": [64,96]
	},
	"textures": {
	},
	"elements": [
		{
			"name": "Rotation Point",
			"from": [ 0.0, 16.0, 0.0 ],
			"to": [ 0.0, 16.0, 0.0 ],
			"uv": [ 0.0, 0.0 ],
			"rotationOrigin": [ 0.0, 16.0, 0.0 ],
			"rotationZ": -90.0,
			"faces": {
			},
			"children": [
				{
					"name": "Base",
					"from": [ 0.0, 0.0, 8.0 ],
					"to": [ 0.0, 0.0, 8.0 ],
					"uv": [ 0.0, 0.0 ],
					"rotationOrigin": [ 0.0, 0.0, 8.0 ],
					"faces": {
					},
					"children": [
						{
							"name": "PeltBody",
							"from": [ 3.48, 0.0, -2.871 ],
							"to": [ 10.005, 0.3654, 2.871 ],
							"unwrapMode": 5,
							"autoUnwrap": false,
							"uv": [ 0.0, 9.0 ],
							"rotationOrigin": [ 3.48, 0.0, -2.871 ],
							"faces": {
								"north": { "texture": "#skin", "uv": [ 16.0, 46.5, 16.5, 54.0 ], "rotation": 90, "autoUv": false, "windMode": [-1,-1,-1,-1] },
								"east": { "texture": "#skin", "uv": [ 2.0, 68.5, 8.5, 69.0 ], "autoUv": false, "windMode": [-1,-1,-1,-1] },
								"south": { "texture": "#skin", "uv": [ 9.0, 46.5, 9.5, 54.0 ], "rotation": 90, "autoUv": false, "windMode": [-1,-1,-1,-1] },
								"west": { "texture": "#skin", "uv": [ 9.5, 46.0, 16.0, 46.5 ], "autoUv": false, "windMode": [-1,-1,-1,-1] },
								"up": { "texture": "#skin", "uv": [ 9.5, 46.5, 16.0, 54.0 ], "rotation": 270, "autoUv": false, "windMode": [-1,-1,-1,-1] },
								"down": { "texture": "#bottom", "uv": [ 5.0, 8.5, 12.5, 15.0 ], "autoUv": false, "windMode": [-1,-1,-1,-1] }
							},
							"children": [
								{
									"name": "LBody",
									"from": [ 0.0, 0.0087, 5.394 ],
									"to": [ 6.525, 0.3567, 11.049 ],
									"unwrapMode": 5,
									"autoUnwrap": false,
									"uv": [ 0.0, 2.5 ],
									"rotationOrigin": [ 0.0, -0.0087, 5.394 ],
									"rotationY": -3.0,
									"faces": {
										"east": { "texture": "#skin", "uv": [ 2.0, 69.0, 2.5, 75.5 ], "rotation": 270, "autoUv": false, "windMode": [-1,-1,-1,-1] },
										"south": { "texture": "#skin", "uv": [ 2.0, 46.5, 2.5, 54.0 ], "rotation": 270, "autoUv": false, "windMode": [-1,-1,-1,-1] },
										"west": { "texture": "#skin", "uv": [ 9.5, 39.5, 10.0, 46.0 ], "rotation": 90, "autoUv": false, "windMode": [-1,-1,-1,-1] },
										"up": { "texture": "#skin", "uv": [ 2.5, 46.5, 9.0, 54.0 ], "rotation": 270, "autoUv": false, "windMode": [-1,-1,-1,-1] },
										"down": { "texture": "#bottom", "uv": [ 4.5, 2.0, 12.0, 8.5 ], "autoUv": false }
									},
									"children": [
										{
											"name": "LArm",
											"from": [ 0.0, 0.0087, 3.915 ],
											"to": [ 2.61, 0.3393, 9.135 ],
											"unwrapMode": 5,
											"autoUnwrap": false,
											"uv": [ 1.0, 27.0 ],
											"rotationOrigin": [ 0.0, 0.0087, 3.915 ],
											"rotationY": -30.0,
											"faces": {
												"east": { "texture": "#skin", "uv": [ 37.5, 15.5, 38.0, 21.5 ], "rotation": 90, "autoUv": false, "windMode": [-1,-1,-1,-1] },
												"south": { "texture": "#skin", "uv": [ 34.5, 21.5, 37.5, 22.0 ], "autoUv": false, "windMode": [-1,-1,-1,-1] },
												"west": { "texture": "#skin", "uv": [ 34.0, 15.5, 34.5, 21.5 ], "rotation": 270, "autoUv": false, "windMode": [-1,-1,-1,-1] },
												"up": { "texture": "#skin", "uv": [ 34.5, 15.5, 37.5, 21.5 ], "autoUv": false, "windMode": [-1,-1,-1,-1] },
												"down": { "texture": "#bottom", "uv": [ 4.5, 10.0, 7.5, 16.0], "autoUv": false, "windMode": [-1,-1,-1,-1] }
											},
											"children": [
												{
													"name": "LArmLower",
													"from": [ 2.61, 0.0087, 0.0 ],
													"to": [ 3.48, 0.3219, 5.22 ],
													"unwrapMode": 5,
													"autoUnwrap": false,
													"uv": [ 3.0, 27.0 ],
													"rotationOrigin": [ 3.48, 0.0087, 0.0 ],
													"rotationY": -10.0,
													"faces": {
														"east": { "texture": "#skin", "uv": [ 39.0, 15.5, 39.5, 21.5 ], "rotation": 90, "autoUv": false },
														"south": { "texture": "#skin", "uv": [ 37.0, 21.0, 38.0, 21.5 ], "autoUv": false, "windMode": [-1,-1,-1,-1] },
														"up": { "texture": "#skin", "uv": [ 38.0, 15.5, 39.0, 21.5 ], "autoUv": false, "windMode": [-1,-1,-1,-1] },
														"down": { "texture": "#bottom", "uv": [ 1.5, 9.0, 2.5, 15.0 ], "autoUv": false, "windMode": [-1,-1,-1,-1] }
													}
												}
											]
										}
									]
								},
								{
									"name": "RBody",
									"from": [ 0.0, -0.3567, 0.348 ],
									"to": [ 6.525, -0.0087, 6.003 ],
									"unwrapMode": 6,
									"autoUnwrap": false,
									"uv": [ 0.0, 9.0 ],
									"rotationOrigin": [ 0.0, 0.0, 0.348 ],
									"rotationX": 180.0,
									"rotationY": -3.0,
									"faces": {
										"east": { "texture": "#skin", "uv": [ 8.0, 69.0, 8.5, 75.5 ], "rotation": 90, "autoUv": false },
										"south": { "texture": "#skin", "uv": [ 23.0, 46.5, 23.5, 54.0 ], "rotation": 270, "autoUv": false, "windMode": [-1,-1,-1,-1] },
										"west": { "texture": "#skin", "uv": [ 15.5, 39.5, 16.0, 46.0 ], "rotation": 270, "autoUv": false, "windMode": [-1,-1,-1,-1] },
										"up": { "texture": "#bottom", "uv": [ 7.0, 6.0, 14.5, 12.5 ], "autoUv": false, "windMode": [-1,-1,-1,-1] },
										"down": { "texture": "#skin", "uv": [ 16.5, 46.5, 23.0, 54.0 ], "rotation": 90, "autoUv": false, "windMode": [-1,-1,-1,-1] }
									},
									"children": [
										{
											"name": "RArm",
											"from": [ 0.0, 0.0087, 3.915 ],
											"to": [ 2.61, 0.3393, 9.135 ],
											"unwrapMode": 6,
											"autoUnwrap": false,
											"uv": [ 2.5, 14.0 ],
											"rotationOrigin": [ 0.0, 0.3393, 3.915 ],
											"rotationY": -30.0,
											"faces": {
												"east": { "texture": "#skin", "uv": [ 53.5, 15.5, 54.0, 21.5 ], "rotation": 90, "autoUv": false },
												"south": { "texture": "#skin", "uv": [ 50.5, 21.5, 53.5, 22.0 ], "rotation": 180, "autoUv": false, "windMode": [-1,-1,-1,-1] },
												"west": { "texture": "#skin", "uv": [ 50.0, 15.5, 50.5, 21.5 ], "rotation": 270, "autoUv": false, "windMode": [-1,-1,-1,-1] },
												"up": { "texture": "#bottom", "uv": [ 4.5, 10.0, 7.5, 16.0 ], "autoUv": false, "windMode": [-1,-1,-1,-1] },
												"down": { "texture": "#skin", "uv": [ 50.5, 15.5, 53.5, 21.5 ], "autoUv": false, "windMode": [-1,-1,-1,-1] }
											},
											"children": [
												{
													"name": "RArmLower",
													"from": [ 2.61, 0.0087, 0.0 ],
													"to": [ 3.48, 0.3219, 5.22 ],
													"unwrapMode": 5,
													"autoUnwrap": false,
													"uv": [ 4.5, 6.5 ],
													"rotationOrigin": [ 3.48, 0.3219, 0.0 ],
													"rotationY": -10.0,
													"faces": {
														"east": { "texture": "#skin", "uv": [ 48.5, 15.5, 49.0, 21.5 ], "rotation": 90, "autoUv": false, "windMode": [-1,-1,-1,-1] },
														"south": { "texture": "#skin", "uv": [ 50.0, 21.0, 51.0, 21.5 ], "autoUv": false, "windMode": [-1,-1,-1,-1] },
														"up": { "texture": "#bottom", "uv": [ 4.5, 6.5, 5.5, 12.5 ], "autoUv": false, "windMode": [-1,-1,-1,-1] },
														"down": { "texture": "#skin", "uv": [ 49.0, 15.5, 50.0, 21.5 ], "autoUv": false, "windMode": [-1,-1,-1,-1] }
													}
												}
											]
										}
									]
								},
								{
									"name": "Neck",
									"from": [ -4.35, 0.0, 0.9135 ],
									"to": [ 0.87, 0.3828, 4.7415 ],
									"unwrapMode": 7,
									"unwrapRotation": 1,
									"autoUnwrap": false,
									"uv": [ 7.5, 7.0 ],
									"rotationOrigin": [ -2.523, 0.0, 0.9135 ],
									"faces": {
										"north": { "texture": "#skin", "uv": [ 12.0, 7.5, 12.5, 13.5 ], "rotation": 90, "autoUv": false, "windMode": [-1,-1,-1,-1] },
										"south": { "texture": "#skin", "uv": [ 7.5, 7.5, 8.0, 13.5 ], "rotation": 270, "autoUv": false, "windMode": [-1,-1,-1,-1] },
										"west": { "texture": "#skin", "uv": [ 8.0, 7.0, 12.0, 7.5 ], "rotation": 180, "autoUv": false, "windMode": [-1,-1,-1,-1] },
										"up": { "texture": "#skin", "uv": [ 8.0, 7.5, 12.0, 13.5 ], "rotation": 270, "autoUv": false, "windMode": [-1,-1,-1,-1] },
										"down": { "texture": "#bottom", "uv": [ 0.0, 1.0, 4.0, 7.0 ], "rotation": 90, "autoUv": false }
									},
									"children": [
										{
											"name": "RNeck",
											"from": [ 0.0, -0.3132, -2.61 ],
											"to": [ 4.35, 0.0174, 2.61 ],
											"unwrapMode": 6,
											"autoUnwrap": false,
											"uv": [ 12.5, 7.0 ],
											"rotationOrigin": [ 2.61, 0.0174, -0.87 ],
											"rotationX": -180.0,
											"rotationY": 75.0,
											"faces": {
												"north": { "texture": "#skin", "uv": [ 11.5, 2.0, 12.0, 7.0 ], "rotation": 90, "autoUv": false },
												"west": { "texture": "#skin", "uv": [ 17.5, 7.5, 18.0, 13.5 ], "rotation": 270, "autoUv": false, "windMode": [-1,-1,-1,-1] },
												"up": { "texture": "#bottom", "uv": [ 10.5, 5.0, 15.5, 11.0 ], "autoUv": false, "windMode": [-1,-1,-1,-1] },
												"down": { "texture": "#skin", "uv": [ 12.5, 7.5, 17.5, 13.5 ], "autoUv": false, "windMode": [-1,-1,-1,-1] }
											}
										},
										{
											"name": "LNeck",
											"from": [ 0.0, 0.0174, 2.958 ],
											"to": [ 4.35, 0.348, 8.178 ],
											"unwrapMode": 7,
											"autoUnwrap": false,
											"uv": [ -2.5, 1.5 ],
											"rotationOrigin": [ 2.61, 0.0174, 4.698 ],
											"rotationY": 75.0,
											"faces": {
												"north": { "texture": "#skin", "uv": [ 8.0, 2.0, 8.5, 7.0 ], "rotation": 90, "autoUv": false, "windMode": [-1,-1,-1,-1] },
												"west": { "texture": "#skin", "uv": [ 2.0, 7.5, 2.5, 13.5 ], "rotation": 270, "autoUv": false, "windMode": [-1,-1,-1,-1] },
												"up": { "texture": "#skin", "uv": [ 2.5, 7.5, 7.5, 13.5 ], "autoUv": false, "windMode": [-1,-1,-1,-1] },
												"down": { "texture": "#bottom", "uv": [ 3.0, 1.5, 8.0, 7.5 ], "autoUv": false, "windMode": [-1,-1,-1,-1] }
											}
										},
										{
											"name": "Head",
											"from": [ -2.349, 0.0, -0.522 ],
											"to": [ 1.131, 0.3915, 4.176 ],
											"unwrapMode": 5,
											"unwrapRotation": 1,
											"autoUnwrap": false,
											"uv": [ 18.5, 80.5 ],
											"rotationOrigin": [ -0.174, 0.0, -0.522 ],
											"faces": {
												"north": { "texture": "#skin", "uv": [ 18.5, 81.0, 19.0, 85.0 ], "rotation": 270, "autoUv": false, "windMode": [-1,-1,-1,-1] },
												"east": { "texture": "#skin", "uv": [ 19.0, 80.0, 24.0, 80.5 ], "rotation": 180, "autoUv": false, "windMode": [-1,-1,-1,-1] },
												"south": { "texture": "#skin", "uv": [ 24.0, 81.0, 24.5, 85.0 ], "rotation": 90, "autoUv": false, "windMode": [-1,-1,-1,-1] },
												"west": { "texture": "#skin", "uv": [ 19.0, 84.5, 24.0, 85.0 ], "autoUv": false, "windMode": [-1,-1,-1,-1] },
												"up": { "texture": "#skin", "uv": [ 19.0, 80.5, 24.0, 84.5 ], "rotation": 90, "autoUv": false, "windMode": [-1,-1,-1,-1] },
												"down": { "texture": "#bottom", "uv": [ 10.5, 1.0, 15.5, 5.0 ], "rotation": 270, "autoUv": false, "windMode": [-1,-1,-1,-1] }
											},
											"children": [
												{
													"name": "Nose bridge",
													"from": [ -1.914, 0.0, 1.479 ],
													"to": [ 1.566, 0.435, 3.132 ],
													"unwrapMode": 5,
													"unwrapRotation": 1,
													"autoUnwrap": false,
													"uv": [ 25.0, 68.5 ],
													"rotationOrigin": [ 0.348, 0.0, 1.479 ],
													"faces": {
														"north": { "texture": "#skin", "uv": [ 25.0, 68.5, 25.5, 72.5 ], "rotation": 270, "autoUv": false, "windMode": [-1,-1,-1,-1] },
														"south": { "texture": "#skin", "uv": [ 27.0, 68.5, 27.5, 72.5 ], "rotation": 90, "autoUv": false, "windMode": [-1,-1,-1,-1] },
														"west": { "texture": "#skin", "uv": [ 25.5, 72.5, 27.0, 73.0 ], "autoUv": false, "windMode": [-1,-1,-1,-1] },
														"up": { "texture": "#skin", "uv": [ 25.5, 68.5, 27.0, 72.5 ], "rotation": 90, "autoUv": false, "windMode": [-1,-1,-1,-1] },
														"down": { "texture": "#bottom", "uv": [ 7.0, 5.0, 8.5, 9.0 ], "rotation": 270, "autoUv": false }
													},
													"children": [
														{
															"name": "Right jaw",
															"from": [ -0.087, 0.0, -0.522 ],
															"to": [ 2.958, 0.348, 0.783 ],
															"unwrapMode": 7,
															"unwrapRotation": 1,
															"autoUnwrap": false,
															"uv": [ 2.5, 89.0 ],
															"rotationOrigin": [ 2.175, 0.0, -0.522 ],
															"faces": {
																"north": { "texture": "#skin", "uv": [ 4.5, 89.5, 5.0, 93.0 ], "rotation": 90, "autoUv": false },
																"south": { "texture": "#skin", "uv": [ 2.5, 89.5, 3.0, 93.0 ], "rotation": 270, "autoUv": false },
																"west": { "texture": "#skin", "uv": [ 3.0, 89.0, 4.5, 89.5 ], "rotation": 180, "autoUv": false },
																"up": { "texture": "#skin", "uv": [ 3.0, 89.5, 4.5, 93.0 ], "rotation": 270, "autoUv": false },
																"down": { "texture": "#bottom", "uv": [ 2.0, 5.0, 3.5, 8.5 ], "rotation": 90, "autoUv": false }
															}
														},
														{
															"name": "Left Jaw",
															"from": [ -0.087, 0.0, 0.957 ],
															"to": [ 2.958, 0.348, 2.262 ],
															"unwrapMode": 7,
															"unwrapRotation": 1,
															"autoUnwrap": false,
															"uv": [ 10.5, 89.0 ],
															"rotationOrigin": [ 2.175, 0.0, 0.957 ],
															"faces": {
																"north": { "texture": "#skin", "uv": [ 12.5, 89.5, 13.0, 93.0 ], "rotation": 90, "autoUv": false },
																"south": { "texture": "#skin", "uv": [ 10.5, 89.5, 11.0, 93.0 ], "rotation": 270, "autoUv": false },
																"west": { "texture": "#skin", "uv": [ 11.0, 89.0, 12.5, 89.5 ], "rotation": 180, "autoUv": false },
																"up": { "texture": "#skin", "uv": [ 11.0, 89.5, 12.5, 93.0 ], "rotation": 270, "autoUv": false },
																"down": { "texture": "#bottom", "uv": [ 3.5, 5.0, 5.0, 8.5 ], "rotation": 90, "autoUv": false }
															}
														}
													]
												}
											]
										}
									]
								},
								{
									"name": "PeltAbdomen",
									"from": [ 5.6463, 0.0087, 0.261 ],
									"to": [ 12.6063, 0.3567, 5.481 ],
									"unwrapMode": 7,
									"unwrapRotation": 1,
									"autoUnwrap": false,
									"uv": [ 9.5, 54.5 ],
									"rotationOrigin": [ 5.655, 0.0087, 0.261 ],
									"faces": {
										"north": { "texture": "#skin", "uv": [ 16.0, 54.5, 16.5, 62.5 ], "rotation": 90, "autoUv": false, "windMode": [-1,-1,-1,-1] },
										"east": { "texture": "#skin", "uv": [ 16.5, 68.5, 22.5, 69.0 ], "autoUv": false },
										"south": { "texture": "#skin", "uv": [ 9.5, 54.5, 10.0, 62.5 ], "rotation": 270, "autoUv": false },
										"up": { "texture": "#skin", "uv": [ 10.0, 54.5, 16.0, 62.5 ], "rotation": 270, "autoUv": false },
										"down": { "texture": "#bottom", "uv": [ 8.5, 7.5, 14.5, 15.5 ], "rotation": 90, "autoUv": false, "windMode": [-1,-1,-1,-1] }
									},
									"children": [
										{
											"name": "LAbdomen",
											"from": [ 0.0, 0.0087, 4.785 ],
											"to": [ 6.96, 0.3393, 10.875 ],
											"unwrapMode": 7,
											"unwrapRotation": 1,
											"autoUnwrap": false,
											"uv": [ 2.0, 54.0 ],
											"rotationOrigin": [ 0.0, 0.0087, 4.785 ],
											"rotationY": -3.0,
											"faces": {
												"east": { "texture": "#skin", "uv": [ 16.5, 68.5, 17.0, 75.5 ], "rotation": 90, "autoUv": false },
												"south": { "texture": "#skin", "uv": [ 2.0, 54.5, 2.5, 62.5 ], "rotation": 270, "autoUv": false },
												"west": { "texture": "#skin", "uv": [ 2.0, 68.5, 2.5, 75.5 ], "rotation": 90, "autoUv": false },
												"up": { "texture": "#skin", "uv": [ 2.5, 54.5, 9.5, 62.5 ], "rotation": 270, "autoUv": false },
												"down": { "texture": "#bottom", "uv": [ 3.0, 1.5, 10.0, 9.5 ], "rotation": 90, "autoUv": false, "windMode": [-1,-1,-1,-1] }
											}
										},
										{
											"name": "RAbdomen",
											"from": [ 0.0, -0.3219, 0.435 ],
											"to": [ 6.96, 0.0087, 6.525 ],
											"unwrapMode": 6,
											"unwrapRotation": 1,
											"autoUnwrap": false,
											"uv": [ 16.0, 54.0 ],
											"rotationOrigin": [ 0.0, 0.0087, 0.435 ],
											"rotationX": 180.0,
											"rotationY": -3.0,
											"faces": {
												"east": { "texture": "#skin", "uv": [ 22.0, 68.5, 22.5, 75.5 ], "rotation": 90, "autoUv": false },
												"south": { "texture": "#skin", "uv": [ 23.0, 54.5, 23.5, 62.5 ], "rotation": 270, "autoUv": false },
												"west": { "texture": "#skin", "uv": [ 8.0, 68.5, 8.5, 75.5 ], "rotation": 90, "autoUv": false },
												"up": { "texture": "#bottom", "uv": [ 1.5, 1.5, 8.5, 9.5 ], "rotation": 270, "autoUv": false },
												"down": { "texture": "#skin", "uv": [ 16.0, 54.5, 23.0, 62.5 ], "rotation": 90, "autoUv": false }
											}
										},
										{
											"name": "PeltHip",
											"from": [ 6.96, 0.0, 0.0 ],
											"to": [ 10.875, 0.348, 5.22 ],
											"unwrapMode": 7,
											"unwrapRotation": 1,
											"autoUnwrap": false,
											"uv": [ 9.0, 63.0 ],
											"rotationOrigin": [ 6.9687, 0.0, 0.0 ],
											"faces": {
												"north": { "texture": "#skin", "uv": [ 15.5, 63.0, 16.0, 67.5 ], "rotation": 90, "autoUv": false, "windMode": [-1,-1,-1,-1] },
												"east": { "texture": "#skin", "uv": [ 9.5, 67.5, 15.5, 68.0 ], "autoUv": false, "windMode": [-1,-1,-1,-1] },
												"south": { "texture": "#skin", "uv": [ 9.0, 63.0, 9.5, 67.5 ], "rotation": 270, "autoUv": false, "windMode": [-1,-1,-1,-1] },
												"up": { "texture": "#skin", "uv": [ 9.5, 63.0, 15.5, 67.5 ], "rotation": 270, "autoUv": false, "windMode": [-1,-1,-1,-1] },
												"down": { "texture": "#bottom", "uv": [ 1.5, 11.0, 7.5, 15.5 ], "rotation": 90, "autoUv": false }
											},
											"children": [
												{
													"name": "LHip",
													"from": [ 0.0, 0.0087, 4.785 ],
													"to": [ 3.915, 0.3393, 10.875 ],
													"unwrapMode": 7,
													"unwrapRotation": 1,
													"autoUnwrap": false,
													"uv": [ 2.0, 62.5 ],
													"rotationOrigin": [ 0.0, 0.0087, 4.785 ],
													"rotationY": -3.0,
													"faces": {
														"east": { "texture": "#skin", "uv": [ 9.5, 67.5, 10.0, 74.5 ], "rotation": 90, "autoUv": false },
														"south": { "texture": "#skin", "uv": [ 2.0, 63.0, 2.5, 67.5 ], "rotation": 270, "autoUv": false, "windMode": [-1,-1,-1,-1] },
														"west": { "texture": "#skin", "uv": [ 16.5, 68.5, 17.0, 75.5 ], "rotation": 90, "autoUv": false, "windMode": [-1,-1,-1,-1] },
														"up": { "texture": "#skin", "uv": [ 2.5, 63.0, 9.5, 67.5 ], "rotation": 270, "autoUv": false, "windMode": [-1,-1,-1,-1] },
														"down": { "texture": "#bottom", "uv": [ 0.5, 1.5, 7.5, 6.0 ], "rotation": 90, "autoUv": false, "windMode": [-1,-1,-1,-1] }
													},
													"children": [
														{
															"name": "LLeg",
															"from": [ 1.131, 0.0087, 5.829 ],
															"to": [ 4.002, 0.3219, 9.309 ],
															"unwrapMode": 5,
															"autoUnwrap": false,
															"uv": [ 34.0, 59.0 ],
															"rotationOrigin": [ 1.131, 0.0087, 5.829 ],
															"rotationY": 72.0,
															"faces": {
																"east": { "texture": "#skin", "uv": [ 37.5, 58.0, 38.0, 62.0 ], "rotation": 90, "autoUv": false, "windMode": [-1,-1,-1,-1] },
																"south": { "texture": "#skin", "uv": [ 34.5, 62.0, 37.5, 62.5 ], "autoUv": false, "windMode": [-1,-1,-1,-1] },
																"west": { "texture": "#skin", "uv": [ 34.0, 58.0, 34.5, 62.0 ], "rotation": 270, "autoUv": false, "windMode": [-1,-1,-1,-1] },
																"up": { "texture": "#skin", "uv": [ 34.5, 58.0, 37.5, 62.0 ], "autoUv": false, "windMode": [-1,-1,-1,-1] },
																"down": { "texture": "#bottom", "uv": [ 10.0, 1.5, 13.0, 5.5 ], "autoUv": false, "windMode": [-1,-1,-1,-1] }
															},
															"children": [
																{
																	"name": "LLegEnd",
																	"from": [ 0.087, -0.0087, 3.045 ],
																	"to": [ 2.697, 0.3219, 7.395 ],
																	"unwrapMode": 5,
																	"autoUnwrap": false,
																	"uv": [ 34.5, 68.0 ],
																	"rotationOrigin": [ 0.957, -0.0087, 3.045 ],
																	"rotationY": -14.0,
																	"faces": {
																		"north": { "texture": "#skin", "uv": [ 35.0, 67.5, 38.0, 68.0 ], "rotation": 180, "autoUv": false },
																		"east": { "texture": "#skin", "uv": [ 38.0, 68.0, 38.5, 73.0 ], "rotation": 90, "autoUv": false, "windMode": [-1,-1,-1,-1] },
																		"south": { "texture": "#skin", "uv": [ 35.0, 73.0, 38.0, 73.5 ], "autoUv": false, "windMode": [-1,-1,-1,-1] },
																		"west": { "texture": "#skin", "uv": [ 34.5, 68.0, 35.0, 73.0 ], "rotation": 270, "autoUv": false, "windMode": [-1,-1,-1,-1] },
																		"up": { "texture": "#skin", "uv": [ 35.0, 68.0, 38.0, 73.0 ], "autoUv": false, "windMode": [-1,-1,-1,-1] },
																		"down": { "texture": "#bottom", "uv": [ 12.5, 2.0, 15.5, 7.0 ], "autoUv": false, "windMode": [-1,-1,-1,-1] }
																	}
																}
															]
														},
														{
															"name": "LLegLower",
															"from": [ 2.61, 0.0174, 1.305 ],
															"to": [ 3.915, 0.3132, 4.785 ],
															"unwrapMode": 5,
															"autoUnwrap": false,
															"uv": [ 38.0, 59.0 ],
															"rotationOrigin": [ 3.915, 0.0174, 1.305 ],
															"rotationY": 25.0,
															"faces": {
																"east": { "texture": "#skin", "uv": [ 39.5, 58.0, 40.0, 62.0 ], "rotation": 90, "autoUv": false },
																"up": { "texture": "#skin", "uv": [ 38.0, 58.0, 39.5, 62.0 ], "autoUv": false, "windMode": [-1,-1,-1,-1] },
																"down": { "texture": "#bottom", "uv": [ 8.0, 8.0, 9.5, 12.0 ], "autoUv": false, "windMode": [-1,-1,-1,-1] }
															}
														}
													]
												},
												{
													"name": "RHip",
													"from": [ 0.0, -0.3219, 0.435 ],
													"to": [ 3.915, 0.0087, 6.525 ],
													"unwrapMode": 6,
													"unwrapRotation": 1,
													"autoUnwrap": false,
													"uv": [ 16.0, 63.0 ],
													"rotationOrigin": [ 0.0, 0.0087, 0.435 ],
													"rotationX": 180.0,
													"rotationY": -3.0,
													"faces": {
														"east": { "texture": "#skin", "uv": [ 15.0, 67.5, 15.5, 74.5 ], "rotation": 90, "autoUv": false, "windMode": [-1,-1,-1,-1] },
														"south": { "texture": "#skin", "uv": [ 23.0, 63.0, 23.5, 67.5 ], "rotation": 270, "autoUv": false, "windMode": [-1,-1,-1,-1] },
														"up": { "texture": "#bottom", "uv": [ 1.0, 7.0, 8.0, 11.5 ], "rotation": 270, "autoUv": false, "windMode": [-1,-1,-1,-1] },
														"down": { "texture": "#skin", "uv": [ 16.0, 63.0, 23.0, 67.5 ], "rotation": 90, "autoUv": false, "windMode": [-1,-1,-1,-1] }
													},
													"children": [
														{
															"name": "RLeg",
															"from": [ 1.131, 0.0087, 5.829 ],
															"to": [ 4.002, 0.3219, 9.309 ],
															"unwrapMode": 6,
															"autoUnwrap": false,
															"uv": [ 51.0, 59.0 ],
															"rotationOrigin": [ 1.131, 0.3219, 5.829 ],
															"rotationY": 72.0,
															"faces": {
																"east": { "texture": "#skin", "uv": [ 51.0, 58.0, 51.5, 62.0 ], "rotation": 90, "autoUv": false, "windMode": [-1,-1,-1,-1] },
																"south": { "texture": "#skin", "uv": [ 51.5, 62.0, 54.5, 62.5 ], "rotation": 180, "autoUv": false, "windMode": [-1,-1,-1,-1] },
																"west": { "texture": "#skin", "uv": [ 54.5, 58.0, 55.0, 62.0 ], "rotation": 270, "autoUv": false, "windMode": [-1,-1,-1,-1] },
																"up": { "texture": "#bottom", "uv": [ 9.0, 4.5, 12.0, 8.5 ], "autoUv": false, "windMode": [-1,-1,-1,-1] },
																"down": { "texture": "#skin", "uv": [ 51.5, 58.0, 54.5, 62.0 ], "autoUv": false, "windMode": [-1,-1,-1,-1] }
															},
															"children": [
																{
																	"name": "RLegEnd",
																	"from": [ 0.087, -0.0087, 3.045 ],
																	"to": [ 2.697, 0.3219, 7.395 ],
																	"unwrapMode": 6,
																	"autoUnwrap": false,
																	"uv": [ 50.5, 68.0 ],
																	"rotationOrigin": [ 0.957, 0.3306, 3.045 ],
																	"rotationY": -14.0,
																	"faces": {
																		"north": { "texture": "#skin", "uv": [ 51.0, 67.5, 54.0, 68.0 ], "autoUv": false },
																		"east": { "texture": "#skin", "uv": [ 50.5, 68.0, 51.0, 73.0 ], "rotation": 90, "autoUv": false, "windMode": [-1,-1,-1,-1] },
																		"south": { "texture": "#skin", "uv": [ 51.0, 73.0, 54.0, 73.5 ], "rotation": 180, "autoUv": false, "windMode": [-1,-1,-1,-1] },
																		"west": { "texture": "#skin", "uv": [ 54.0, 68.0, 54.5, 73.0 ], "rotation": 270, "autoUv": false, "windMode": [-1,-1,-1,-1] },
																		"up": { "texture": "#bottom", "uv": [ 3.5, 2.0, 6.5, 7.0 ], "autoUv": false, "windMode": [-1,-1,-1,-1] },
																		"down": { "texture": "#skin", "uv": [ 51.0, 68.0, 54.0, 73.0 ], "autoUv": false, "windMode": [-1,-1,-1,-1] }
																	}
																}
															]
														},
														{
															"name": "RLegLower",
															"from": [ 2.61, 0.0174, 1.305 ],
															"to": [ 3.915, 0.3132, 4.785 ],
															"unwrapMode": 5,
															"autoUnwrap": false,
															"uv": [ 47.5, 59.0 ],
															"rotationOrigin": [ 3.915, 0.3132, 1.305 ],
															"rotationY": 25.0,
															"faces": {
																"east": { "texture": "#skin", "uv": [ 49.0, 58.0, 49.5, 62.0 ], "rotation": 90, "autoUv": false, "windMode": [-1,-1,-1,-1] },
																"up": { "texture": "#bottom", "uv": [ 0.0, 9.0, 1.5, 13.0 ], "autoUv": false, "windMode": [-1,-1,-1,-1] },
																"down": { "texture": "#skin", "uv": [ 49.5, 58.0, 51.0, 62.0 ], "autoUv": false, "windMode": [-1,-1,-1,-1] }
															}
														}
													]
												},
												{
													"name": "PeltTail",
													"from": [ 3.915, 0.0087, 1.827 ],
													"to": [ 6.09, 0.4437, 3.306 ],
													"unwrapMode": 7,
													"unwrapRotation": 1,
													"autoUnwrap": false,
													"uv": [ 24.5, 2.0 ],
													"rotationOrigin": [ 3.915, 0.0087, 1.827 ],
													"faces": {
														"north": { "texture": "#skin", "uv": [ 26.5, 2.5, 27.0, 5.0 ], "rotation": 90, "autoUv": false, "windMode": [-1,-1,-1,-1] },
														"east": { "texture": "#skin", "uv": [ 25.0, 5.0, 26.5, 5.5 ], "autoUv": false, "windMode": [-1,-1,-1,-1] },
														"south": { "texture": "#skin", "uv": [ 24.5, 2.5, 25.0, 5.0 ], "rotation": 270, "autoUv": false, "windMode": [-1,-1,-1,-1] },
														"west": { "texture": "#skin", "uv": [ 25.0, 2.0, 26.5, 2.5 ], "rotation": 180, "autoUv": false, "windMode": [-1,-1,-1,-1] },
														"up": { "texture": "#skin", "uv": [ 25.0, 2.5, 26.5, 5.0 ], "rotation": 270, "autoUv": false, "windMode": [-1,-1,-1,-1] },
														"down": { "texture": "#skin", "uv": [ 28.0, 2.5, 29.5, 5.0 ], "rotation": 90, "autoUv": false, "windMode": [-1,-1,-1,-1] }
													},
													"children": [
														{
															"name": "PeltTail End",
															"from": [ 1.827, 0.0, -0.0435 ],
															"to": [ 4.872, 0.6264, 1.5225 ],
															"unwrapMode": 5,
															"unwrapRotation": 1,
															"autoUnwrap": false,
															"uv": [ 24.5, 31.0 ],
															"rotationOrigin": [ 1.827, 0.0, -0.087 ],
															"faces": {
																"north": { "texture": "#skin", "uv": [ 24.5, 31.5, 25.0, 35.0 ], "rotation": 90, "autoUv": false },
																"east": { "texture": "#skin", "uv": [ 25.0, 35.0, 26.5, 35.5 ], "rotation": 180, "autoUv": false },
																"south": { "texture": "#skin", "uv": [ 26.5, 31.5, 27.0, 35.0 ], "rotation": 270, "autoUv": false },
																"west": { "texture": "#skin", "uv": [ 25.0, 31.0, 26.5, 31.5 ], "autoUv": false },
																"up": { "texture": "#skin", "uv": [ 25.0, 31.5, 26.5, 35.0 ], "rotation": 270, "autoUv": false },
																"down": { "texture": "#skin", "uv": [ 28.0, 31.5, 29.5, 35.0 ], "rotation": 90, "autoUv": false }
															}
														}
													]
												}
											]
										}
									]
								}
							]
						}
					]
				}
			]
		}
	]}