{"GameVersion":"1.19.3","SizeX":3,"SizeY":4,"SizeZ":3,"BlockCodes":{"2650":"game:mudbrick-dark","2649":"game:mudbrick-light","9469":"game:creativegrass-medium-normal","3305":"game:rockpolished-granite","3927":"game:crackedrock-obsidian","456":"game:chiseledblock"},"ItemCodes":{},"Indices":[0,1024,2048,1,1025,2049,1049601,2098177,3146753,2,1026,2050],"BlockIds":[456,456,456,456,456,456,456,456,456,456,456,456],"DecorIndices":[],"DecorIds":[],"BlockEntities":{"0":"!<d@[F*QC_#QOl.E,TfC!rr<$!<d@[F*ai?#QP#7@VfsmCI<#NAIW-_Bldj%ARo7dDe!Pj$Zg3(G@Pc)DeWa'!rr<$q\"XjhE-V*WGjonW$P@#lDfor.;f6Mt6ZljVBk28czE,Ydb$#O*mATDKnCi]UW!!$10!!!$*Ec6&.FD5Z2!2'Jq$O:0a@W,skEsVgH!!)fg!!r(<!/UFG!2u9W!3#ns!9j::!35nO!:'?O!3Z*f!!ipCD/\")jBk1d@DZKh<#RPQdA7\\\\XCh[D\\!!!98F(o/r6#:CVF*(?!Ch[D\\!!!0/@VfsmCJJ;TAIV%9EbcdlF_\"s%Bk(od(L_JqBl$LPFCfK,@;Je`@;^1$FD5<-!<<*\"!\"],1!!","1024":"!<d@[F*QC_#QOl.E,TfC!rr<$!<d@[F*al@#QP#7@VfsmCI<#NAIW-_Bldj%ARo7dDe!Pj$#O*mATDKnCi]UW!!$./!!!$*Ec6&.FD5Z2!2'Jq$O:0a@W,skEs)IC!!)N_!/U4#!/g7d!/gdS!!ipCD/\")jBk1d@DZKh\\#RPQdA7\\\\XCh[D\\!$DOXF(o/r6#:CVF*(?!Ch[D\\!$DFO@VfsmCJJ;TAI_CJB4uB09m'uUEbT$!$Q!5p@;0OP@<?($BjkgTF^]00Bln'#Erc7@!!!Q1!!!","2048":"!<d@[F*QC_#QOl.E,TfC!rr<$!<d@[F*aoA#QP#7@VfsmCI<#NAIW-_Bldj%ARo7dDe!Pj$Zg3(G@Pc)DeWa'!rr<$q!`b5E,^\"$Gkh\"5$P@#lDfor.;f6Mt6ZljVBk28czGjk\\@$#O*mATDKnCi]UW!!$10!!!$*Ec6&.FD5Z2!2'Jq$O:0a@W,skEsVgH!!)M4!!rAo!/U+d!/U2k!2u35!9iu\\!35Tq!:'9-!3Z$D!!ipCD/\")jBk1d@DZKh<#RPQdA7\\\\XCh[D\\!!!98F(o/r6#:CVF*(?!Ch[D\\!!!0/@VfsmCJJ;TAIV%9EbcdlF_\"s%Bk(od(L_JqBl$LPFCfK,@;Je`@;^1$FD5<-!<<*\"!\"],1!!","1":"!<d@[F*QF`#QOl.E,TfC!rr<$!<d@[F*ai?#QP#7@VfsmCI<#NAIW-_Bldj%ARo7dDe!Pj$#O*mATDKnCi]XX!!$./!!)sC!!!$*Ec6&.FD5Z2!2'Jq$O:0a@W,skEs2OD!!)N_!.aqC!5KNO!.rjm!7(H>!!ipCD/\")jBk1d@DZKh\\#RPQdA7\\\\XCh[D\\!$DOXF(o/r6#:CVF*(?!Ch[D\\!$DFO@VfsmCJJ;TAI_CJB4uB09m'uUEbT$!$Q!5p@;0OP@<?($BjkgTF^]00Bln'#Erl=A!!!Q1!!!Q1!!!","1025":"!<d@[F*QF`#QOl.E,TfC!rr<$!<d@[F*al@#QP#7@VfsmCI<#NAIW-_Bldj%ARo7dDe!Pj$#O*mATDKnCi]UW!!$10!!!$*Ec6&.FD5Z2!2'Jq$O:0a@W,skErc7@!!)Ng!!ipCD/\")jBk1d@DZKi&#RPQdA7\\\\XCh[D\\!'^`\"F(o/r6#:CVF*(?!Ch[D\\!'^Vn@VfsmCJJ;TAIV%9EbcdlF_\"s%Bk(od(L_JqBl$LPFCfK,@;Je`@;^1$FD5<-!<<*\"!\"],1!!","2049":"!<d@[F*QF`#QOl.E,TfC!rr<$!<d@[F*aoA#QP#7@VfsmCI<#NAIW-_Bldj%ARo7dDe!Pj$#O*mATDKnCi]UW!!$./!!!$*Ec6&.FD5Z2!2'Jq$O:0a@W,skEs2OD!!)N_!.aQC!5K.O!.rdK!7((>!!ipCD/\")jBk1d@DZKh\\#RPQdA7\\\\XCh[D\\!$DOXF(o/r6#:CVF*(?!Ch[D\\!$DFO@VfsmCJJ;TAI_CJB4uB09m'uUEbT$!$Q!5p@;0OP@<?($BjkgTF^]00Bln'#Erc7@!!!Q1!!!","1049601":"!<d@[F*QF`#QOl.E,TfC\"98E%!<d@[F*al@#QP#7@VfsmCI<#NAIW-_Bldj%ARo7dDe!Pj$#O*mATDKnCi]XX!!)6l!!$(2!!!$*Ec6&.FD5Z2!&t)]$O:0a@W,skF//d9!!!QP!!\")?!!:Rm!!4Cn!&?;S!&>cT!&>fe!AYsr!&?(2!AZ4T!(%k_!(%ne!CA&(!(%u2!CA,t!(&02!CA<J!(&6T!CABq!)b%'!)b+H!)b.V!E(;%!)b84!E(DI!)bAk!.lP3!.lYf!2:fX!MUs1!O<tG!O=\"U!O=)6!4\"&F!O=2e!Q$'D!Q$-i!5^4h!5^8#!Q$D3!R`2W!7EFE!:hC2!:hIT!:hS2!:hYT!!D'*!&Hde!(/Le!CK$\"!E2lG!)m1W!4+F2!4+iC!5h,S!Q.Xe!RieW!7O*g!&R\"e!AmO\"!CT7\"!(9Q2!462c!OQ^u!RsFg!Rsj#!VFen!;,+)!&^Jq!&^n-!(Bd2!C^;D!Q@qh!6&7#!(N+s!(NO/!*3PV!EO'h!J]#O!/B=_!2bo/!N)FA!QJS$!QK!5!EXk#!*>03!4RP4!4RsE!*PI4!EkuF!P,Kd!P,nu!QgKW!Qgnh!D9(3!D9KD!F!o!!*\\41!34Hs!34l/!6V#g!6VG#!'@J2!B\\!D!DB^D!)(#T!6`51!R&aC!San4!Sb<E!BedT!'K)d!)16T!DLbf!PHi2!5..B!8Q!T!8QDe!\"IDo!'Sde!'Sh!!Bnu.!'T)C!Bo5U!):le!):p!!DV'9!);!C!DV.0!);1C!DV=[!);7e!DVD\"!+\"&8!+\",Y!+\"/g!F=<6!+\"9E!F=EZ!+\"C'!0,QD!0,[\"!3Ogi!NjtB!PQuX!PR#f!PR*G!57'W!PR4!!R9%D!6rtT!R9/%!6s6$!6s94!R9ED!R9HU!8Z*g!8ZGV!<(DC!<(Je!<(TC!<(Ze!\"SK?!\"T#.!!ipCD/\")jBk1d@DZKh<#RPQdA7\\\\XCh[D\\!!!98F(o/r6#:CVF*(?!Ch[D\\!!!0/@VfsmCJJ;TAI<BmBl8$+?YsLf$Q!5p@;0OP@<?($BjkgTF^]00Bln'#Erl=A!!!Q1!!!Q1!!!","2098177":"!<d@[F*QF`#QOl.E,TfC\"TSN&!<d@[F*al@#QP#7@VfsmCI<#NAIW-_Bldj%ARo7dDe!Pj$#O*mATDKnCi]XX!!)6l!!$(2!!!$*Ec6&.FD5Z2!,)B5$O:0a@W,skF5-`q!!!QP!!\")?!!4>f!!4B$!<ON5!!4HF!<OTX!!4O0!!4XF!<OdW!!4^h!<Ok#!\"pZ1!>6iF!$X0B!?rnD!$XSS!AYiP!&>fe!AZ13!AZ7a!(%o1!(&#s!CA9E!(&6U!)b/2!+I05!Fd<T!+IM$!HKGX!HKJf!-0Qe!-0U$!J2V%!J2f%!KndF!Kngh!0Se#!MUf%!2;$h!4!kF!4\",h!5^%!!5^1e!7E6S!TG=f!TGD3!9,>C!TGJf!9,H!!TGT3!9,QT!V.I\"!:hCB!V.RU!:hS2!:hVS!V.ef!!=u\"!<YL4!AdUu!Ae$1!CKa2!(1&B!+Rc5!Fn:G!M_D%!2D^5!95ge!TQ?\"!V8'\"!:rA2!!GV4!!H$E!+`A^!+`do!-COW!H_&i!OP0G!45JW!;'/B!VB[T!<l@F!<lcW!Hk+a!-PEq!/4<$!JOh6!QAM\"!6&g2!9I*2!9IMC!!\\T/!!]\"@!#B#g!#BG#!(N+s!CiX0!ERVp!*7q+!/?Xb!/@&s!1%(E!L@TW!TmiD!Tn7U!VV[0!;;u@!#L51!>gaC!@O$T!%4>d!1/9g!1/]#!7ufS!S<=e!U#%e!9]?u!#^qC!#_?T!1C,B!L^XT!P+pT!P,>e!QibA!6O'Q!9oY!!U603!=GPG!=GsX!D:cc!(u(s!/eWA!K,.S!U?sC!:%8S!;`uS!W'Le!=Q1W!\"6Kg!'A%B!B\\QT!IM[2!IN)C!P?c1!5%(A!\"?^g!=[6$!GoV\"!Gp$3!M%\"U!M%Ef!Na^!!3G#1!:7QT!US(f!W:A!!;t[1!\"I@\"!\"IC5!=dOF!\"IIW!=dUi!\"IPA!\"IYW!=deh!\"I`$!=dl4!$0[B!?KjW!%lVC!A2oU!%m$T!BnjU!'Sh!!Bo2D!Bo8f!):pB!);%/!DV:V!);7f!+\"0C!,^.5!,^1F!H$=e!,^N5!H$ZG!.E?h!I`L\"!.ES!!.EV5!KGW6!KGg6!M.eW!M.i$!1hf4!Njg6!3P&$!56lW!57.$!6s&2!6s3!!8Z7d!U\\;f!:A6!!U\\ED!:A?T!U\\L\"!:AI2!U\\UD!:ARe!U\\_\"!<(A2!<(DS!WCSf!<(TC!<(Wd!WCg\"!\"SK?!\"T#.!!ipCD/\")jBk1d@DZKh<#RPQdA7\\\\XCh[D\\!!!98F(o/r6#:CVF*(?!Ch[D\\!!!0/@VfsmCJJ;TAI<BmBl8$+?YsLf$Q!5p@;0OP@<?($BjkgTF^]00Bln'#Erl=A!!!Q1!!!Q1!!!","3146753":"!<d@[F*QF`#QOl.E,TfC\"onW'!<d@[F*al@#QP#7@VfsmCI<#NAIW-_Bldj%ARo7dDe!Pj$Zg3(G@Pc)DeWa''EA+5o$kDSo><cmoWg+Mot9/^r63IeckO.ne?Bqne\\:t^hXnJ]Z8*p1ZT[%C][A;1^!f%CE%i(.E=t21E^'3tI..pPIK&s@Ie#DtJ,Imu$P@#lDfor.;f6Mt6ZljVBk28hz!\\aTT*7+Zf9Y^W2:@J5lcL:fDm*G_?$#O*mATDKnCi]XX!!)6l!!$(2!!!$*Ec6&.FD5Z2!,)B5$O:0a@W,skF+=5j!!!QH!!\")7!+7!P!+7:i!+7A0!.Z>#!5KqP!!6UR!!4BS!!4Oq!$WeB!?ru@!&>`E!&>cT!AYp!!&>m2!AZ$X!&?!e!AZ.2!&?+C!AZ7W!(%nf!(%r1!CA,K!(&-(!(&0B!CA?V!)b(B!)b;S!+Jb@!+K:/!.nZ1!.lFW!.m.d!J2lW!2:j!!9,9=!!@)d!&HAT!Acmf!CJUi!(/p(!4+IG!4+f6!;\"^T!&RRu!&S!1!(9^1!CU5C!E@Jp!*%e+!/+/h!/+YV!5u/r!9CN$!9CiN!;+/n!;+L]!&e:2!B+fD!Ci4t!(NO/!/>@H!625`!62bO!!gpq!!h?-!%3@B!@NlT!B5TT!&ond!/H.d!JcWe!N4?r!2mNd!%H>?!%HaP!'-2e!BH_\"!K#5R!/]Ob!'7D1!'7gB!(sOB!D:&T!G_*?!,DN-!/e!\"!/eMf!'J+C!BeWU!DLoe!)24u!0#Nd!Nb,3!5-cB!5.+1!6i>E!6i[4!\"ICd!\"IPr!%lfS!A3!A!'SaT!'Sde!Bnq2!'SnC!Bo%i!'T#!!Bo/C!'T,T!Bo8f!):p'!):sB!DV-_!);.<!);1S!DV@l!+\")\\!+\"<m!3Ok5!\"SK5!\"T#$!,h@/!,hYH!,h_d!06\\W!7(;/!!ipCD/\")jBk1d@DZKh<#RPQdA7\\\\XCh[D\\!\"]DHF(o/r6#:CVF*(?!Ch[D\\!!!0/@VfsmCJJ;TAI<BmBl8$+?Z^4*$Q!5p@;0OP@<?($BjkgTF^]00Bln'#Erl=A!!!Q1!!!Q1!!!","2":"!<d@[F*QIa#QOl.E,TfC!rr<$!<d@[F*ai?#QP#7@VfsmCI<#NAIW-_Bldj%ARo7dDe!Pj$Zg3(G@Pc)DeWa'!rr<$n9Fs5E,^\"$Gkh\"5$P@#lDfor.;f6Mt6ZljVBk28c!!!!)n8J@8$#O*mATDKnCi]UW!!$10!!!$*Ec6&.FD5Z2!2'Jq$O:0a@W,skEsVgH!!%!4!.]=i!2(2/!2<Zs!9/6q!2b\"3!2b5F!9SUb!!rAo!!ipCD/\")jBk1d@DZKh<#RPQdA7\\\\XCh[D\\!!!98F(o/r6#:CVF*(?!Ch[D\\!!!0/@VfsmCJJ;TAIV%9EbcdlF_\"s%Bk(od(L_JqBl$LPFCfK,@;Je`@;^1$FD5<-!<<*\"!\"],1!!","1026":"!<d@[F*QIa#QOl.E,TfC!rr<$!<d@[F*al@#QP#7@VfsmCI<#NAIW-_Bldj%ARo7dDe!Pj$#O*mATDKnCi]UW!!$./!!!$*Ec6&.FD5Z2!2'Jq$O:0a@W,skEs2OD!!)N_!.[oC!5MDO!5Mq>!/>OK!!ipCD/\")jBk1d@DZKh\\#RPQdA7\\\\XCh[D\\!$DOXF(o/r6#:CVF*(?!Ch[D\\!$DFO@VfsmCJJ;TAI_CJB4uB09m'uUEbT$!$Q!5p@;0OP@<?($BjkgTF^]00Bln'#Erc7@!!!Q1!!!","2050":"!<d@[F*QIa#QOl.E,TfC!rr<$!<d@[F*aoA#QP#7@VfsmCI<#NAIW-_Bldj%ARo7dDe!Pj$Zg3(G@Pc)DeWa'!rr<$n8NjWE-V*WGjonW$P@#lDfor.;f6Mt6ZljVBk28c!!!!)q!\\7k$#O*mATDKnCi]UW!!$10!!!$*Ec6&.FD5Z2!2'Jq$O:0a@W,skEs_mI!!)M4!!%9<!.[mQ!.]6<!2(*W!9/0O!/>G7!/>Ms!2apf!9S</!!ipCD/\")jBk1d@DZKh<#RPQdA7\\\\XCh[D\\!!!98F(o/r6#:CVF*(?!Ch[D\\!!!0/@VfsmCJJ;TAIV%9EbcdlF_\"s%Bk(od(L_JqBl$LPFCfK,@;Je`@;^1$FD5<-!<<*\"!\"],1!!"},"Entities":[],"ReplaceMode":2,"EntranceRotation":-1}