{
	"editor": {
		"allAngles": true,
		"entityTextureMode": true
	},
	"textureWidth": 64,
	"textureHeight": 96,
	"textureSizes": {
		"bottom": [16,16],
		"skin": [64,96]
	},
	"textures": {
	},
	"elements": [
		{
			"name": "Rotation Point",
			"from": [ 0.0, 16.0, 0.0 ],
			"to": [ 0.0, 16.0, 0.0 ],
			"uv": [ 0.0, 0.0 ],
			"rotationOrigin": [ 0.0, 16.0, 0.0 ],
			"rotationZ": -90.0,
			"faces": {
			},
			"children": [
				{
					"name": "Base",
					"from": [ 0.0, 0.0, 8.0 ],
					"to": [ 0.0, 0.0, 8.0 ],
					"uv": [ 0.0, 0.0 ],
					"rotationOrigin": [ 0.0, 0.0, 8.0 ],
					"faces": {
					},
					"children": [
						{
							"name": "PeltBody",
							"from": [ 2.32, 0.0, -1.914 ],
							"to": [ 6.67, 0.2436, 1.914 ],
							"unwrapMode": 5,
							"autoUnwrap": false,
							"uv": [ 0.0, 9.0 ],
							"rotationOrigin": [ 2.32, 0.0, -1.914 ],
							"faces": {
								"north": { "texture": "#skin", "uv": [ 16.0, 46.5, 16.5, 54.0 ], "rotation": 90, "autoUv": false, "windMode": [-1,-1,-1,-1] },
								"east": { "texture": "#skin", "uv": [ 2.0, 68.5, 8.5, 69.0 ], "autoUv": false, "windMode": [-1,-1,-1,-1] },
								"south": { "texture": "#skin", "uv": [ 9.0, 46.5, 9.5, 54.0 ], "rotation": 90, "autoUv": false, "windMode": [-1,-1,-1,-1] },
								"west": { "texture": "#skin", "uv": [ 9.5, 46.0, 16.0, 46.5 ], "autoUv": false, "windMode": [-1,-1,-1,-1] },
								"up": { "texture": "#skin", "uv": [ 9.5, 46.5, 16.0, 54.0 ], "rotation": 270, "autoUv": false, "windMode": [-1,-1,-1,-1] },
								"down": { "texture": "#bottom", "uv": [ 5.0, 8.5, 12.5, 15.0 ], "autoUv": false, "windMode": [-1,-1,-1,-1] }
							},
							"children": [
								{
									"name": "LBody",
									"from": [ 0.0, 0.0058, 3.596 ],
									"to": [ 4.35, 0.2378, 7.366 ],
									"unwrapMode": 5,
									"autoUnwrap": false,
									"uv": [ 0.0, 2.5 ],
									"rotationOrigin": [ 0.0, -0.0058, 3.596 ],
									"rotationY": -3.0,
									"faces": {
										"east": { "texture": "#skin", "uv": [ 2.0, 69.0, 2.5, 75.5 ], "rotation": 270, "autoUv": false, "windMode": [-1,-1,-1,-1] },
										"south": { "texture": "#skin", "uv": [ 2.0, 46.5, 2.5, 54.0 ], "rotation": 270, "autoUv": false, "windMode": [-1,-1,-1,-1] },
										"west": { "texture": "#skin", "uv": [ 9.5, 39.5, 10.0, 46.0 ], "rotation": 90, "autoUv": false, "windMode": [-1,-1,-1,-1] },
										"up": { "texture": "#skin", "uv": [ 2.5, 46.5, 9.0, 54.0 ], "rotation": 270, "autoUv": false, "windMode": [-1,-1,-1,-1] },
										"down": { "texture": "#bottom", "uv": [ 4.5, 2.0, 12.0, 8.5 ], "autoUv": false }
									},
									"children": [
										{
											"name": "LArm",
											"from": [ 0.0, 0.0058, 2.61 ],
											"to": [ 1.74, 0.2262, 6.09 ],
											"unwrapMode": 5,
											"autoUnwrap": false,
											"uv": [ 1.0, 27.0 ],
											"rotationOrigin": [ 0.0, 0.0058, 2.61 ],
											"rotationY": -30.0,
											"faces": {
												"east": { "texture": "#skin", "uv": [ 37.5, 15.0, 38.0, 21.0 ], "rotation": 90, "autoUv": false, "windMode": [-1,-1,-1,-1] },
												"south": { "texture": "#skin", "uv": [ 34.5, 21.0, 37.5, 21.5 ], "autoUv": false, "windMode": [-1,-1,-1,-1] },
												"west": { "texture": "#skin", "uv": [ 34.0, 15.0, 34.5, 21.0 ], "rotation": 270, "autoUv": false, "windMode": [-1,-1,-1,-1] },
												"up": { "texture": "#skin", "uv": [ 34.5, 15.0, 37.5, 21.0 ], "autoUv": false, "windMode": [-1,-1,-1,-1] },
												"down": { "texture": "#bottom", "uv": [ 2.0, 11.0, 5.0, 17.0 ], "autoUv": false, "windMode": [-1,-1,-1,-1] }
											},
											"children": [
												{
													"name": "LArmLower",
													"from": [ 1.74, 0.0058, 0.0 ],
													"to": [ 2.32, 0.2146, 3.48 ],
													"unwrapMode": 5,
													"autoUnwrap": false,
													"uv": [ 3.0, 27.0 ],
													"rotationOrigin": [ 2.32, 0.0058, 0.0 ],
													"rotationY": -10.0,
													"faces": {
														"east": { "texture": "#skin", "uv": [ 39.0, 15.0, 39.5, 21.0 ], "rotation": 90, "autoUv": false },
														"south": { "texture": "#skin", "uv": [ 37.0, 21.0, 38.0, 21.5 ], "autoUv": false, "windMode": [-1,-1,-1,-1] },
														"up": { "texture": "#skin", "uv": [ 38.0, 15.0, 39.0, 21.0 ], "autoUv": false, "windMode": [-1,-1,-1,-1] },
														"down": { "texture": "#bottom", "uv": [ 1.5, 9.0, 2.5, 15.0 ], "autoUv": false, "windMode": [-1,-1,-1,-1] }
													}
												}
											]
										}
									]
								},
								{
									"name": "RBody",
									"from": [ 0.0, -0.2378, 0.232 ],
									"to": [ 4.35, -0.0058, 4.002 ],
									"unwrapMode": 6,
									"autoUnwrap": false,
									"uv": [ 0.0, 9.0 ],
									"rotationOrigin": [ 0.0, 0.0, 0.232 ],
									"rotationX": 180.0,
									"rotationY": -3.0,
									"faces": {
										"east": { "texture": "#skin", "uv": [ 8.0, 69.0, 8.5, 75.5 ], "rotation": 90, "autoUv": false },
										"south": { "texture": "#skin", "uv": [ 23.0, 46.5, 23.5, 54.0 ], "rotation": 270, "autoUv": false, "windMode": [-1,-1,-1,-1] },
										"west": { "texture": "#skin", "uv": [ 15.5, 39.5, 16.0, 46.0 ], "rotation": 270, "autoUv": false, "windMode": [-1,-1,-1,-1] },
										"up": { "texture": "#bottom", "uv": [ 7.0, 6.0, 14.5, 12.5 ], "autoUv": false, "windMode": [-1,-1,-1,-1] },
										"down": { "texture": "#skin", "uv": [ 16.5, 46.5, 23.0, 54.0 ], "rotation": 90, "autoUv": false, "windMode": [-1,-1,-1,-1] }
									},
									"children": [
										{
											"name": "RArm",
											"from": [ 0.0, 0.0058, 2.61 ],
											"to": [ 1.74, 0.2262, 6.09 ],
											"unwrapMode": 6,
											"autoUnwrap": false,
											"uv": [ 2.5, 14.0 ],
											"rotationOrigin": [ 0.0, 0.2262, 2.61 ],
											"rotationY": -30.0,
											"faces": {
												"east": { "texture": "#skin", "uv": [ 53.5, 15.0, 54.0, 21.0 ], "rotation": 90, "autoUv": false },
												"south": { "texture": "#skin", "uv": [ 50.5, 21.0, 53.5, 21.5 ], "rotation": 180, "autoUv": false, "windMode": [-1,-1,-1,-1] },
												"west": { "texture": "#skin", "uv": [ 50.0, 15.0, 50.5, 21.0 ], "rotation": 270, "autoUv": false, "windMode": [-1,-1,-1,-1] },
												"up": { "texture": "#bottom", "uv": [ 4.5, 14.0, 7.5, 20.0 ], "autoUv": false, "windMode": [-1,-1,-1,-1] },
												"down": { "texture": "#skin", "uv": [ 50.5, 15.0, 53.5, 21.0 ], "autoUv": false, "windMode": [-1,-1,-1,-1] }
											},
											"children": [
												{
													"name": "RArmLower",
													"from": [ 1.74, 0.0058, 0.0 ],
													"to": [ 2.32, 0.2146, 3.48 ],
													"unwrapMode": 5,
													"autoUnwrap": false,
													"uv": [ 4.5, 6.5 ],
													"rotationOrigin": [ 2.32, 0.2146, 0.0 ],
													"rotationY": -10.0,
													"faces": {
														"east": { "texture": "#skin", "uv": [ 48.5, 15.0, 49.0, 21.0 ], "rotation": 90, "autoUv": false, "windMode": [-1,-1,-1,-1] },
														"south": { "texture": "#skin", "uv": [ 50.0, 21.0, 51.0, 21.5 ], "autoUv": false, "windMode": [-1,-1,-1,-1] },
														"up": { "texture": "#bottom", "uv": [ 4.5, 6.5, 5.5, 12.5 ], "autoUv": false, "windMode": [-1,-1,-1,-1] },
														"down": { "texture": "#skin", "uv": [ 49.0, 15.0, 50.0, 21.0 ], "autoUv": false, "windMode": [-1,-1,-1,-1] }
													}
												}
											]
										}
									]
								},
								{
									"name": "Neck",
									"from": [ -2.9, 0.0, 0.609 ],
									"to": [ 0.0, 0.2552, 3.161 ],
									"unwrapMode": 7,
									"unwrapRotation": 1,
									"autoUnwrap": false,
									"uv": [ 7.5, 7.0 ],
									"rotationOrigin": [ -1.682, 0.0, 0.609 ],
									"faces": {
										"north": { "texture": "#skin", "uv": [ 12.0, 7.5, 12.5, 12.5 ], "rotation": 90, "autoUv": false, "windMode": [-1,-1,-1,-1] },
										"south": { "texture": "#skin", "uv": [ 7.5, 7.5, 8.0, 12.5 ], "rotation": 270, "autoUv": false, "windMode": [-1,-1,-1,-1] },
										"west": { "texture": "#skin", "uv": [ 8.0, 7.0, 12.0, 7.5 ], "rotation": 180, "autoUv": false, "windMode": [-1,-1,-1,-1] },
										"up": { "texture": "#skin", "uv": [ 8.0, 7.5, 12.0, 12.5 ], "rotation": 270, "autoUv": false, "windMode": [-1,-1,-1,-1] },
										"down": { "texture": "#bottom", "uv": [ 0.0, 1.0, 4.0, 6.0 ], "rotation": 90, "autoUv": false }
									},
									"children": [
										{
											"name": "RNeck",
											"from": [ 0.0, -0.2088, -1.74 ],
											"to": [ 2.9, 0.0116, 1.16 ],
											"unwrapMode": 6,
											"autoUnwrap": false,
											"uv": [ 12.5, 7.0 ],
											"rotationOrigin": [ 1.74, 0.0116, -0.58 ],
											"rotationX": -180.0,
											"rotationY": 75.0,
											"faces": {
												"north": { "texture": "#skin", "uv": [ 11.5, 2.0, 12.0, 7.0 ], "rotation": 90, "autoUv": false },
												"west": { "texture": "#skin", "uv": [ 17.5, 7.5, 18.0, 12.5 ], "rotation": 270, "autoUv": false, "windMode": [-1,-1,-1,-1] },
												"up": { "texture": "#bottom", "uv": [ 10.5, 5.0, 15.5, 10.0 ], "autoUv": false, "windMode": [-1,-1,-1,-1] },
												"down": { "texture": "#skin", "uv": [ 12.5, 7.5, 17.5, 12.5 ], "autoUv": false, "windMode": [-1,-1,-1,-1] }
											}
										},
										{
											"name": "LNeck",
											"from": [ 0.0, 0.0116, 1.972 ],
											"to": [ 2.9, 0.232, 4.872 ],
											"unwrapMode": 7,
											"autoUnwrap": false,
											"uv": [ -2.5, 1.5 ],
											"rotationOrigin": [ 1.74, 0.0116, 3.132 ],
											"rotationY": 75.0,
											"faces": {
												"north": { "texture": "#skin", "uv": [ 8.0, 2.0, 8.5, 7.0 ], "rotation": 90, "autoUv": false, "windMode": [-1,-1,-1,-1] },
												"west": { "texture": "#skin", "uv": [ 2.0, 7.5, 2.5, 12.5 ], "rotation": 270, "autoUv": false, "windMode": [-1,-1,-1,-1] },
												"up": { "texture": "#skin", "uv": [ 2.5, 7.5, 7.5, 12.5 ], "autoUv": false, "windMode": [-1,-1,-1,-1] },
												"down": { "texture": "#bottom", "uv": [ 3.0, 1.5, 8.0, 6.5 ], "autoUv": false, "windMode": [-1,-1,-1,-1] }
											}
										},
										{
											"name": "Head",
											"from": [ -1.566, 0.0, -0.348 ],
											"to": [ 0.754, 0.261, 2.784 ],
											"unwrapMode": 5,
											"unwrapRotation": 1,
											"autoUnwrap": false,
											"uv": [ 18.5, 80.5 ],
											"rotationOrigin": [ -0.116, 0.0, -0.348 ],
											"faces": {
												"north": { "texture": "#skin", "uv": [ 18.5, 81.0, 19.0, 85.0 ], "rotation": 270, "autoUv": false, "windMode": [-1,-1,-1,-1] },
												"east": { "texture": "#skin", "uv": [ 19.0, 80.0, 24.0, 80.5 ], "rotation": 180, "autoUv": false, "windMode": [-1,-1,-1,-1] },
												"south": { "texture": "#skin", "uv": [ 24.0, 81.0, 24.5, 85.0 ], "rotation": 90, "autoUv": false, "windMode": [-1,-1,-1,-1] },
												"west": { "texture": "#skin", "uv": [ 19.0, 84.5, 24.0, 85.0 ], "autoUv": false, "windMode": [-1,-1,-1,-1] },
												"up": { "texture": "#skin", "uv": [ 19.0, 80.5, 24.0, 84.5 ], "rotation": 90, "autoUv": false, "windMode": [-1,-1,-1,-1] },
												"down": { "texture": "#bottom", "uv": [ 10.5, 1.0, 15.5, 5.0 ], "rotation": 270, "autoUv": false, "windMode": [-1,-1,-1,-1] }
											},
											"children": [
												{
													"name": "Nose bridge",
													"from": [ -1.276, 0.0, 0.986 ],
													"to": [ 1.044, 0.29, 2.088 ],
													"unwrapMode": 5,
													"unwrapRotation": 1,
													"autoUnwrap": false,
													"uv": [ 25.0, 68.5 ],
													"rotationOrigin": [ 0.232, 0.0, 0.986 ],
													"faces": {
														"north": { "texture": "#skin", "uv": [ 25.0, 68.5, 25.5, 72.5 ], "rotation": 270, "autoUv": false, "windMode": [-1,-1,-1,-1] },
														"south": { "texture": "#skin", "uv": [ 27.0, 68.5, 27.5, 72.5 ], "rotation": 90, "autoUv": false, "windMode": [-1,-1,-1,-1] },
														"west": { "texture": "#skin", "uv": [ 25.5, 72.5, 27.0, 73.0 ], "autoUv": false, "windMode": [-1,-1,-1,-1] },
														"up": { "texture": "#skin", "uv": [ 25.5, 68.5, 27.0, 72.5 ], "rotation": 90, "autoUv": false, "windMode": [-1,-1,-1,-1] },
														"down": { "texture": "#bottom", "uv": [ 7.0, 5.0, 8.5, 9.0 ], "rotation": 270, "autoUv": false }
													},
													"children": [
														{
															"name": "Right jaw",
															"from": [ -0.058, 0.0, -0.348 ],
															"to": [ 1.972, 0.232, 0.522 ],
															"unwrapMode": 7,
															"unwrapRotation": 1,
															"autoUnwrap": false,
															"uv": [ 2.5, 89.0 ],
															"rotationOrigin": [ 1.45, 0.0, -0.348 ],
															"faces": {
																"north": { "texture": "#skin", "uv": [ 4.5, 89.5, 5.0, 93.0 ], "rotation": 90, "autoUv": false },
																"south": { "texture": "#skin", "uv": [ 2.5, 89.5, 3.0, 93.0 ], "rotation": 270, "autoUv": false },
																"west": { "texture": "#skin", "uv": [ 3.0, 89.0, 4.5, 89.5 ], "rotation": 180, "autoUv": false },
																"up": { "texture": "#skin", "uv": [ 3.0, 89.5, 4.5, 93.0 ], "rotation": 270, "autoUv": false },
																"down": { "texture": "#bottom", "uv": [ 2.0, 5.0, 3.5, 8.5 ], "rotation": 90, "autoUv": false }
															}
														},
														{
															"name": "Left Jaw",
															"from": [ -0.058, 0.0, 0.638 ],
															"to": [ 1.972, 0.232, 1.508 ],
															"unwrapMode": 7,
															"unwrapRotation": 1,
															"autoUnwrap": false,
															"uv": [ 10.5, 89.0 ],
															"rotationOrigin": [ 1.45, 0.0, 0.638 ],
															"faces": {
																"north": { "texture": "#skin", "uv": [ 12.5, 89.5, 13.0, 93.0 ], "rotation": 90, "autoUv": false },
																"south": { "texture": "#skin", "uv": [ 10.5, 89.5, 11.0, 93.0 ], "rotation": 270, "autoUv": false },
																"west": { "texture": "#skin", "uv": [ 11.0, 89.0, 12.5, 89.5 ], "rotation": 180, "autoUv": false },
																"up": { "texture": "#skin", "uv": [ 11.0, 89.5, 12.5, 93.0 ], "rotation": 270, "autoUv": false },
																"down": { "texture": "#bottom", "uv": [ 3.5, 5.0, 5.0, 8.5 ], "rotation": 90, "autoUv": false }
															}
														}
													]
												}
											]
										}
									]
								},
								{
									"name": "PeltAbdomen",
									"from": [ 3.7642, 0.0058, 0.174 ],
									"to": [ 8.4042, 0.2378, 3.654 ],
									"unwrapMode": 7,
									"unwrapRotation": 1,
									"autoUnwrap": false,
									"uv": [ 9.5, 54.5 ],
									"rotationOrigin": [ 3.77, 0.0058, 0.174 ],
									"faces": {
										"north": { "texture": "#skin", "uv": [ 16.0, 54.5, 16.5, 62.5 ], "rotation": 90, "autoUv": false, "windMode": [-1,-1,-1,-1] },
										"east": { "texture": "#skin", "uv": [ 16.5, 68.5, 22.5, 69.0 ], "autoUv": false },
										"south": { "texture": "#skin", "uv": [ 9.5, 54.5, 10.0, 62.5 ], "rotation": 270, "autoUv": false },
										"up": { "texture": "#skin", "uv": [ 10.0, 54.5, 16.0, 62.5 ], "rotation": 270, "autoUv": false },
										"down": { "texture": "#bottom", "uv": [ 8.5, 7.5, 14.5, 15.5 ], "rotation": 90, "autoUv": false, "windMode": [-1,-1,-1,-1] }
									},
									"children": [
										{
											"name": "LAbdomen",
											"from": [ 0.0, 0.0058, 3.19 ],
											"to": [ 4.64, 0.2262, 7.25 ],
											"unwrapMode": 7,
											"unwrapRotation": 1,
											"autoUnwrap": false,
											"uv": [ 2.0, 54.0 ],
											"rotationOrigin": [ 0.0, 0.0058, 3.19 ],
											"rotationY": -3.0,
											"faces": {
												"east": { "texture": "#skin", "uv": [ 16.5, 68.5, 17.0, 75.5 ], "rotation": 90, "autoUv": false },
												"south": { "texture": "#skin", "uv": [ 2.0, 54.5, 2.5, 62.5 ], "rotation": 270, "autoUv": false },
												"west": { "texture": "#skin", "uv": [ 2.0, 68.5, 2.5, 75.5 ], "rotation": 90, "autoUv": false },
												"up": { "texture": "#skin", "uv": [ 2.5, 54.5, 9.5, 62.5 ], "rotation": 270, "autoUv": false },
												"down": { "texture": "#bottom", "uv": [ 3.0, 1.5, 10.0, 9.5 ], "rotation": 90, "autoUv": false, "windMode": [-1,-1,-1,-1] }
											}
										},
										{
											"name": "RAbdomen",
											"from": [ 0.0, -0.2146, 0.29 ],
											"to": [ 4.64, 0.0058, 4.35 ],
											"unwrapMode": 6,
											"unwrapRotation": 1,
											"autoUnwrap": false,
											"uv": [ 16.0, 54.0 ],
											"rotationOrigin": [ 0.0, 0.0058, 0.29 ],
											"rotationX": 180.0,
											"rotationY": -3.0,
											"faces": {
												"east": { "texture": "#skin", "uv": [ 22.0, 68.5, 22.5, 75.5 ], "rotation": 90, "autoUv": false },
												"south": { "texture": "#skin", "uv": [ 23.0, 54.5, 23.5, 62.5 ], "rotation": 270, "autoUv": false },
												"west": { "texture": "#skin", "uv": [ 8.0, 68.5, 8.5, 75.5 ], "rotation": 90, "autoUv": false },
												"up": { "texture": "#bottom", "uv": [ 1.5, 1.5, 8.5, 9.5 ], "rotation": 270, "autoUv": false },
												"down": { "texture": "#skin", "uv": [ 16.0, 54.5, 23.0, 62.5 ], "rotation": 90, "autoUv": false }
											}
										},
										{
											"name": "PeltHip",
											"from": [ 4.64, 0.0, 0.0 ],
											"to": [ 7.25, 0.232, 3.48 ],
											"unwrapMode": 7,
											"unwrapRotation": 1,
											"autoUnwrap": false,
											"uv": [ 9.0, 63.0 ],
											"rotationOrigin": [ 4.6458, 0.0, 0.0 ],
											"faces": {
												"north": { "texture": "#skin", "uv": [ 15.5, 63.0, 16.0, 67.5 ], "rotation": 90, "autoUv": false, "windMode": [-1,-1,-1,-1] },
												"east": { "texture": "#skin", "uv": [ 9.5, 67.5, 15.5, 68.0 ], "autoUv": false, "windMode": [-1,-1,-1,-1] },
												"south": { "texture": "#skin", "uv": [ 9.0, 63.0, 9.5, 67.5 ], "rotation": 270, "autoUv": false, "windMode": [-1,-1,-1,-1] },
												"up": { "texture": "#skin", "uv": [ 9.5, 63.0, 15.5, 67.5 ], "rotation": 270, "autoUv": false, "windMode": [-1,-1,-1,-1] },
												"down": { "texture": "#bottom", "uv": [ 1.5, 11.0, 7.5, 15.5 ], "rotation": 90, "autoUv": false }
											},
											"children": [
												{
													"name": "LHip",
													"from": [ 0.0, 0.0058, 3.19 ],
													"to": [ 2.61, 0.2262, 7.25 ],
													"unwrapMode": 7,
													"unwrapRotation": 1,
													"autoUnwrap": false,
													"uv": [ 2.0, 62.5 ],
													"rotationOrigin": [ 0.0, 0.0058, 3.19 ],
													"rotationY": -3.0,
													"faces": {
														"east": { "texture": "#skin", "uv": [ 9.5, 67.5, 10.0, 74.5 ], "rotation": 90, "autoUv": false },
														"south": { "texture": "#skin", "uv": [ 2.0, 63.0, 2.5, 67.5 ], "rotation": 270, "autoUv": false, "windMode": [-1,-1,-1,-1] },
														"west": { "texture": "#skin", "uv": [ 16.5, 68.5, 17.0, 75.5 ], "rotation": 90, "autoUv": false, "windMode": [-1,-1,-1,-1] },
														"up": { "texture": "#skin", "uv": [ 2.5, 63.0, 9.5, 67.5 ], "rotation": 270, "autoUv": false, "windMode": [-1,-1,-1,-1] },
														"down": { "texture": "#bottom", "uv": [ 0.5, 1.5, 7.5, 6.0 ], "rotation": 90, "autoUv": false, "windMode": [-1,-1,-1,-1] }
													},
													"children": [
														{
															"name": "LLeg",
															"from": [ 0.754, 0.0058, 3.886 ],
															"to": [ 2.668, 0.2146, 6.206 ],
															"unwrapMode": 5,
															"autoUnwrap": false,
															"uv": [ 34.0, 59.0 ],
															"rotationOrigin": [ 0.754, 0.0058, 3.886 ],
															"rotationY": 72.0,
															"faces": {
																"east": { "texture": "#skin", "uv": [ 37.5, 59.0, 38.0, 63.0 ], "rotation": 90, "autoUv": false, "windMode": [-1,-1,-1,-1] },
																"south": { "texture": "#skin", "uv": [ 34.5, 63.0, 37.5, 63.5 ], "autoUv": false, "windMode": [-1,-1,-1,-1] },
																"west": { "texture": "#skin", "uv": [ 34.0, 59.0, 34.5, 63.0 ], "rotation": 270, "autoUv": false, "windMode": [-1,-1,-1,-1] },
																"up": { "texture": "#skin", "uv": [ 34.5, 59.0, 37.5, 63.0 ], "autoUv": false, "windMode": [-1,-1,-1,-1] },
																"down": { "texture": "#bottom", "uv": [ 10.0, 1.5, 13.0, 5.5 ], "autoUv": false, "windMode": [-1,-1,-1,-1] }
															},
															"children": [
																{
																	"name": "LLegEnd",
																	"from": [ 0.058, -0.0058, 2.03 ],
																	"to": [ 1.798, 0.2146, 4.93 ],
																	"unwrapMode": 5,
																	"autoUnwrap": false,
																	"uv": [ 34.5, 68.0 ],
																	"rotationOrigin": [ 0.638, -0.0058, 2.03 ],
																	"rotationY": -14.0,
																	"faces": {
																		"north": { "texture": "#skin", "uv": [ 35.0, 68.0, 38.0, 68.5 ], "rotation": 180, "autoUv": false },
																		"east": { "texture": "#skin", "uv": [ 38.0, 68.5, 38.5, 73.5 ], "rotation": 90, "autoUv": false, "windMode": [-1,-1,-1,-1] },
																		"south": { "texture": "#skin", "uv": [ 35.0, 73.5, 38.0, 74.0 ], "autoUv": false, "windMode": [-1,-1,-1,-1] },
																		"west": { "texture": "#skin", "uv": [ 34.5, 68.5, 35.0, 73.5 ], "rotation": 270, "autoUv": false, "windMode": [-1,-1,-1,-1] },
																		"up": { "texture": "#skin", "uv": [ 35.0, 68.5, 38.0, 73.5 ], "autoUv": false, "windMode": [-1,-1,-1,-1] },
																		"down": { "texture": "#bottom", "uv": [ 12.5, 2.0, 15.5, 7.0 ], "autoUv": false, "windMode": [-1,-1,-1,-1] }
																	}
																}
															]
														},
														{
															"name": "LLegLower",
															"from": [ 1.74, 0.0116, 0.87 ],
															"to": [ 2.61, 0.2088, 3.19 ],
															"unwrapMode": 5,
															"autoUnwrap": false,
															"uv": [ 38.0, 59.0 ],
															"rotationOrigin": [ 2.61, 0.0116, 0.87 ],
															"rotationY": 25.0,
															"faces": {
																"east": { "texture": "#skin", "uv": [ 39.5, 59.0, 40.0, 63.0 ], "rotation": 90, "autoUv": false },
																"up": { "texture": "#skin", "uv": [ 38.0, 59.0, 39.5, 63.0 ], "autoUv": false, "windMode": [-1,-1,-1,-1] },
																"down": { "texture": "#bottom", "uv": [ 8.0, 8.0, 9.5, 12.0 ], "autoUv": false, "windMode": [-1,-1,-1,-1] }
															}
														}
													]
												},
												{
													"name": "RHip",
													"from": [ 0.0, -0.2146, 0.29 ],
													"to": [ 2.61, 0.0058, 4.35 ],
													"unwrapMode": 6,
													"unwrapRotation": 1,
													"autoUnwrap": false,
													"uv": [ 16.0, 63.0 ],
													"rotationOrigin": [ 0.0, 0.0058, 0.29 ],
													"rotationX": 180.0,
													"rotationY": -3.0,
													"faces": {
														"east": { "texture": "#skin", "uv": [ 15.0, 67.5, 15.5, 74.5 ], "rotation": 90, "autoUv": false, "windMode": [-1,-1,-1,-1] },
														"south": { "texture": "#skin", "uv": [ 23.0, 63.0, 23.5, 67.5 ], "rotation": 270, "autoUv": false, "windMode": [-1,-1,-1,-1] },
														"up": { "texture": "#bottom", "uv": [ 1.0, 7.0, 8.0, 11.5 ], "rotation": 270, "autoUv": false, "windMode": [-1,-1,-1,-1] },
														"down": { "texture": "#skin", "uv": [ 16.0, 63.0, 23.0, 67.5 ], "rotation": 90, "autoUv": false, "windMode": [-1,-1,-1,-1] }
													},
													"children": [
														{
															"name": "RLeg",
															"from": [ 0.754, 0.0058, 3.886 ],
															"to": [ 2.668, 0.2146, 6.206 ],
															"unwrapMode": 6,
															"autoUnwrap": false,
															"uv": [ 51.0, 59.0 ],
															"rotationOrigin": [ 0.754, 0.2146, 3.886 ],
															"rotationY": 72.0,
															"faces": {
																"east": { "texture": "#skin", "uv": [ 51.0, 59.0, 51.5, 63.0 ], "rotation": 90, "autoUv": false, "windMode": [-1,-1,-1,-1] },
																"south": { "texture": "#skin", "uv": [ 51.5, 63.0, 54.5, 63.5 ], "rotation": 180, "autoUv": false, "windMode": [-1,-1,-1,-1] },
																"west": { "texture": "#skin", "uv": [ 54.5, 59.0, 55.0, 63.0 ], "rotation": 270, "autoUv": false, "windMode": [-1,-1,-1,-1] },
																"up": { "texture": "#bottom", "uv": [ 9.0, 4.5, 12.0, 8.5 ], "autoUv": false, "windMode": [-1,-1,-1,-1] },
																"down": { "texture": "#skin", "uv": [ 51.5, 59.0, 54.5, 63.0 ], "autoUv": false, "windMode": [-1,-1,-1,-1] }
															},
															"children": [
																{
																	"name": "RLegEnd",
																	"from": [ 0.058, -0.0058, 2.03 ],
																	"to": [ 1.798, 0.2146, 4.93 ],
																	"unwrapMode": 6,
																	"autoUnwrap": false,
																	"uv": [ 50.5, 68.0 ],
																	"rotationOrigin": [ 0.638, 0.2204, 2.03 ],
																	"rotationY": -14.0,
																	"faces": {
																		"north": { "texture": "#skin", "uv": [ 51.0, 68.0, 54.0, 68.5 ], "autoUv": false },
																		"east": { "texture": "#skin", "uv": [ 50.5, 68.5, 51.0, 73.5 ], "rotation": 90, "autoUv": false, "windMode": [-1,-1,-1,-1] },
																		"south": { "texture": "#skin", "uv": [ 51.0, 73.5, 54.0, 74.0 ], "rotation": 180, "autoUv": false, "windMode": [-1,-1,-1,-1] },
																		"west": { "texture": "#skin", "uv": [ 54.0, 68.5, 54.5, 73.5 ], "rotation": 270, "autoUv": false, "windMode": [-1,-1,-1,-1] },
																		"up": { "texture": "#bottom", "uv": [ 3.5, 2.0, 6.5, 7.0 ], "autoUv": false, "windMode": [-1,-1,-1,-1] },
																		"down": { "texture": "#skin", "uv": [ 51.0, 68.5, 54.0, 73.5 ], "autoUv": false, "windMode": [-1,-1,-1,-1] }
																	}
																}
															]
														},
														{
															"name": "RLegLower",
															"from": [ 1.74, 0.0116, 0.87 ],
															"to": [ 2.61, 0.2088, 3.19 ],
															"unwrapMode": 5,
															"autoUnwrap": false,
															"uv": [ 47.5, 59.0 ],
															"rotationOrigin": [ 2.61, 0.2088, 0.87 ],
															"rotationY": 25.0,
															"faces": {
																"east": { "texture": "#skin", "uv": [ 49.0, 59.0, 49.5, 63.0 ], "rotation": 90, "autoUv": false, "windMode": [-1,-1,-1,-1] },
																"up": { "texture": "#bottom", "uv": [ 0.0, 9.0, 1.5, 13.0 ], "autoUv": false, "windMode": [-1,-1,-1,-1] },
																"down": { "texture": "#skin", "uv": [ 49.5, 59.0, 51.0, 63.0 ], "autoUv": false, "windMode": [-1,-1,-1,-1] }
															}
														}
													]
												},
												{
													"name": "PeltTail",
													"from": [ 2.61, 0.0058, 1.276 ],
													"to": [ 4.292, 0.2958, 2.262 ],
													"unwrapMode": 7,
													"unwrapRotation": 1,
													"autoUnwrap": false,
													"uv": [ 23.0, 2.5 ],
													"rotationOrigin": [ 2.61, 0.0058, 1.276 ],
													"faces": {
														"north": { "texture": "#skin", "uv": [ 26.5, 2.5, 27.0, 5.0 ], "rotation": 90, "autoUv": false, "windMode": [-1,-1,-1,-1] },
														"east": { "texture": "#skin", "uv": [ 25.0, 5.0, 26.5, 5.5 ], "autoUv": false, "windMode": [-1,-1,-1,-1] },
														"south": { "texture": "#skin", "uv": [ 24.5, 2.5, 25.0, 5.0 ], "rotation": 270, "autoUv": false, "windMode": [-1,-1,-1,-1] },
														"west": { "texture": "#skin", "uv": [ 25.0, 2.0, 26.5, 2.5 ], "rotation": 180, "autoUv": false, "windMode": [-1,-1,-1,-1] },
														"up": { "texture": "#skin", "uv": [ 25.0, 2.5, 26.5, 5.0 ], "rotation": 270, "autoUv": false, "windMode": [-1,-1,-1,-1] },
														"down": { "texture": "#skin", "uv": [ 28.0, 2.5, 29.5, 5.0 ], "rotation": 90, "autoUv": false, "windMode": [-1,-1,-1,-1] }
													},
													"children": [
														{
															"name": "PeltTail 2",
															"from": [ 1.682, -0.0058, 0.058 ],
															"to": [ 4.176, 0.3364, 0.928 ],
															"unwrapMode": 7,
															"unwrapRotation": 1,
															"autoUnwrap": false,
															"uv": [ 24.5, 9.0 ],
															"rotationOrigin": [ 1.682, -0.0058, 0.058 ],
															"faces": {
																"north": { "texture": "#skin", "uv": [ 26.5, 8.5, 27.0, 12.5 ], "rotation": 90, "autoUv": false },
																"east": { "texture": "#skin", "uv": [ 25.0, 12.5, 26.5, 13.0 ], "autoUv": false, "windMode": [-1,-1,-1,-1] },
																"south": { "texture": "#skin", "uv": [ 24.5, 8.5, 25.0, 12.5 ], "rotation": 270, "autoUv": false, "windMode": [-1,-1,-1,-1] },
																"west": { "texture": "#skin", "uv": [ 25.0, 8.0, 26.5, 8.5 ], "rotation": 180, "autoUv": false, "windMode": [-1,-1,-1,-1] },
																"up": { "texture": "#skin", "uv": [ 25.0, 8.5, 26.5, 12.5 ], "rotation": 270, "autoUv": false, "windMode": [-1,-1,-1,-1] },
																"down": { "texture": "#skin", "uv": [ 28.0, 8.5, 29.5, 12.5 ], "rotation": 90, "autoUv": false, "windMode": [-1,-1,-1,-1] }
															},
															"children": [
																{
																	"name": "PeltTail 3",
																	"from": [ 2.494, 0.0, 0.029 ],
																	"to": [ 5.568, 0.348, 0.841 ],
																	"unwrapMode": 7,
																	"unwrapRotation": 1,
																	"autoUnwrap": false,
																	"uv": [ 24.5, 16.5 ],
																	"rotationOrigin": [ 2.494, 0.0, 0.029 ],
																	"faces": {
																		"north": { "texture": "#skin", "uv": [ 26.5, 15.5, 27.0, 20.5 ], "rotation": 90, "autoUv": false },
																		"east": { "texture": "#skin", "uv": [ 25.5, 20.5, 26.5, 21.0 ], "autoUv": false },
																		"south": { "texture": "#skin", "uv": [ 25.0, 15.5, 25.5, 20.5 ], "rotation": 270, "autoUv": false },
																		"west": { "texture": "#skin", "uv": [ 25.5, 15.0, 26.5, 15.5 ], "rotation": 180, "autoUv": false },
																		"up": { "texture": "#skin", "uv": [ 25.5, 15.5, 26.5, 20.5 ], "rotation": 270, "autoUv": false },
																		"down": { "texture": "#skin", "uv": [ 27.5, 15.5, 28.5, 20.5 ], "rotation": 90, "autoUv": false }
																	},
																	"children": [
																		{
																			"name": "PeltTail 4",
																			"from": [ 2.9, 0.0, 0.058 ],
																			"to": [ 4.93, 0.3538, 0.754 ],
																			"unwrapMode": 5,
																			"unwrapRotation": 1,
																			"autoUnwrap": false,
																			"uv": [ 24.5, 24.5 ],
																			"rotationOrigin": [ 2.9, 0.0, 0.058 ],
																			"faces": {
																				"north": { "texture": "#skin", "uv": [ 25.0, 23.0, 25.5, 26.5 ], "rotation": 270, "autoUv": false },
																				"east": { "texture": "#skin", "uv": [ 25.5, 22.5, 26.5, 23.0 ], "rotation": 180, "autoUv": false },
																				"south": { "texture": "#skin", "uv": [ 26.5, 23.0, 27.0, 26.5 ], "rotation": 90, "autoUv": false },
																				"west": { "texture": "#skin", "uv": [ 25.5, 26.5, 26.5, 27.0 ], "autoUv": false },
																				"up": { "texture": "#skin", "uv": [ 25.5, 23.0, 26.5, 26.5 ], "rotation": 90, "autoUv": false },
																				"down": { "texture": "#skin", "uv": [ 27.5, 23.0, 28.5, 26.5 ], "rotation": 270, "autoUv": false }
																			},
																			"children": [
																				{
																					"name": "PeltTail 5",
																					"from": [ 2.03, 0.0, 0.0 ],
																					"to": [ 4.06, 0.3596, 0.696 ],
																					"unwrapMode": 5,
																					"unwrapRotation": 1,
																					"autoUnwrap": false,
																					"uv": [ 24.5, 32.0 ],
																					"rotationOrigin": [ 2.03, 0.0, 0.0 ],
																					"faces": {
																						"north": { "texture": "#skin", "uv": [ 25.0, 29.0, 25.5, 32.5 ], "rotation": 270, "autoUv": false },
																						"east": { "texture": "#skin", "uv": [ 25.5, 28.5, 26.5, 29.0 ], "rotation": 180, "autoUv": false },
																						"south": { "texture": "#skin", "uv": [ 26.5, 29.0, 27.0, 32.5 ], "rotation": 90, "autoUv": false },
																						"west": { "texture": "#skin", "uv": [ 25.5, 32.5, 26.5, 33.0 ], "autoUv": false },
																						"up": { "texture": "#skin", "uv": [ 25.5, 29.0, 26.5, 32.5 ], "rotation": 90, "autoUv": false },
																						"down": { "texture": "#skin", "uv": [ 27.5, 29.0, 28.5, 32.5 ], "rotation": 270, "autoUv": false }
																					},
																					"children": [
																						{
																							"name": "PeltTail End",
																							"from": [ 2.03, 0.0, -0.116 ],
																							"to": [ 4.06, 0.3654, 0.812 ],
																							"unwrapMode": 5,
																							"unwrapRotation": 1,
																							"autoUnwrap": false,
																							"uv": [ 28.0, 39.5 ],
																							"rotationOrigin": [ 2.03, 0.0, -0.116 ],
																							"faces": {
																								"north": { "texture": "#skin", "uv": [ 25.0, 35.5, 25.5, 39.0 ], "rotation": 270, "autoUv": false },
																								"east": { "texture": "#skin", "uv": [ 25.5, 35.0, 27.0, 35.5 ], "rotation": 180, "autoUv": false },
																								"south": { "texture": "#skin", "uv": [ 27.0, 35.5, 27.5, 39.0 ], "rotation": 90, "autoUv": false },
																								"west": { "texture": "#skin", "uv": [ 25.5, 39.0, 27.0, 39.5 ], "autoUv": false },
																								"up": { "texture": "#skin", "uv": [ 25.5, 35.5, 27.0, 39.0 ], "rotation": 90, "autoUv": false },
																								"down": { "texture": "#skin", "uv": [ 28.5, 35.5, 30.0, 39.0 ], "rotation": 270, "autoUv": false }
																							}
																						}
																					]
																				}
																			]
																		}
																	]
																}
															]
														}
													]
												}
											]
										}
									]
								}
							]
						}
					]
				}
			]
		}
	]}