{"GameVersion":"1.19.0","SizeX":5,"SizeY":4,"SizeZ":6,"BlockCodes":{"2966":"game:cobblestone-granite","8613":"game:meta-underground","9493":"game:agedstonebricks-granite","9670":"game:planks-rottenebony-we","9655":"game:planks-rottenebony-ns","8607":"game:coalpile","8606":"game:clutter","637":"game:lootvessel-arcticsupplies","9639":"game:debarkedlog-veryaged-we","9521":"game:door-ruined-rough3","136":"game:multiblock-monolithic-0-p1-0","8105":"game:trunk-east","176":"game:multiblock-monolithic-0-0-p1","8389":"game:torch-basic-burnedout-west","9625":"game:debarkedlog-veryagedrotten-ns","9685":"game:planks-rottenebony-ud","9459":"game:oxidation-rust-normal","9449":"game:attachingplant-mold"},"ItemCodes":{"351":"game:charcoal","260":"game:stackrandomizer-cloth-highstatus","3639":"game:stackrandomizer-clayproducts","275":"game:stackrandomizer-resource","3638":"game:stackrandomizer-buildingblocks","277":"game:stackrandomizer-lantern","278":"game:stackrandomizer-painting"},"Indices":[0,1024,2048,3072,4096,5120,1048576,1049600,1052672,1053696,2098176,1,1025,2049,3073,4097,5121,1048577,1049601,1050625,1053697,2097153,2,1026,2050,3074,4098,5122,1048578,1049602,1051650,1052674,1053698,2097154,2102274,3,1027,2051,3075,4099,5123,1048579,1049603,1050627,1051651,1052675,1053699,2099203,4,1028,2052,3076,4100,5124,1048580,1049604,1050628,1051652,1052676,1053700,2099204,2100228,3147780],"BlockIds":[2966,8613,8613,9493,2966,2966,9670,9655,8607,9655,8606,9493,637,2966,9493,8613,2966,9670,8606,8606,8606,9670,9493,2966,2966,9493,2966,9493,9639,8606,8606,8606,9521,9670,136,8613,9493,9493,2966,9493,8613,9670,8606,8105,176,8606,9670,8389,8613,9493,637,2966,2966,9493,9625,9625,9655,9655,9655,9655,9685,9655,8606],"DecorIndices":[1048576,1048576,1049600,1049600,1053696,1053696,1053696,1048577,2097153,2050,1048578,1048578,2097154,2097154,2097154,1048579,1053699,1053699,1048580,1048580,1048580,1049604,1049604,1051652,1052676,1053700,2099204,2100228,2100228],"DecorIds":[50341107,67118313,33563891,50341097,33563891,50341097,67118313,9449,33563881,67118313,9449,33563881,9459,33563891,67118313,67118323,33563881,67118313,9459,16786665,67118313,16786665,67118313,16786675,67118323,67118313,16786665,50341097,67118313],"BlockEntities":{"1052672":"!<d@[F*Qjf#QOl.E,TfC\"98E%!<d@[F*baM#64o6@VfsmCI<#NAI)da@;KmsCh3eWBl8**DKKf;Gl\\+hF)5c:Erc7@!!WUJCi=E:#6?LY!<<*\"?NC-,!<<*\"!!!!*#@_grDJ=!$!!<jM@<6NiBk(pXDffE(88iWkErZ1?z!!rsGF$jk]@:F%a!!!","2098176":"!<d@[F*Qjf#QOl.E,TfC\"TSN&!<d@[F*bXJ#64o6@VfsmCI<#NAHu^]F`__:EWlSfH#R='Ecki#Ch52BDf9/A\":&scFCB9&=9&=$!!EUFATMNNDJ*csgCMCi\":&scFCB9&=o\\O&!!rsADes6$@ru9m!!!","1049601":"!<d@[F*Qmg#QOl.E,TfC\"98E%!<d@[F*bXJ#64o6@VfsmCI<#NAHu^]F`__:EWlSfH#R=*@V'('@V'(%Ecl)6ARmS\"#BFa)@<?'_z\":8pVF(djWB5D/6&'7!<#BFa)@<?'az#mk*[Ci!ZmFCet_!!","1050625":"!<d@[F*Qmg#QOl.E,TfC\"98E%!<d@[F*b[K#64o6@VfsmCI<#NAHu^]F`__:EWlSfH#R=*@V'('@V'(%Ecl)6ARmP!#BFa)@<?'_z\":8pVF(djWB5D/6%nStg#BFa)@<?'az#mk*[Ci!ZmFCet_!!","1053697":"!<d@[F*Qmg#QOl.E,TfC\"98E%!<d@[F*bdN#64o6@VfsmCI<#NAHu^]F`__:EWlSfH#R=&E+s-\"/TboLCi_E9#BFa)@<?'_z\":8pVF(djWB5D/;m4Z6X#BFa)@<?'az#mk*[Ci!ZmFCet_!!","1049602":"!<d@[F*Qph#QOl.E,TfC\"98E%!<d@[F*bXJ#64o6@VfsmCI<#NAHu^]F`__:EWlSfH#R=*Cgh4'ATDZAB6%p5DIbX.#BFa)@<?'_z\":8pVF(djWB5D/6%nXM=#BFa)@<?'az#mk*[Ci!ZmFCet_!!","1051650":"!<d@[F*Qph#QOl.E,TfC\"98E%!<d@[F*b^L#64o6@VfsmCI<#NAHu^]F`__:EWlSfH#R=,D.R3j@;]dhF\"METBl7Km2$=/)DffE0AQSp4!!!-.D.Rd%6#L=OA_R_e^B=d^DffE0AQf'6!!!<3@rH1\"ARfgnA,lT","1052674":"!<d@[F*Qph#QOl.E,TfC\"98E%!<d@[F*baM#64o6@VfsmCI<#NAHu^]F`__:EWlSfH#R=-@q]:gA7]RkATBACF_P`)A248mEc6&.FCePS!!!!%$#O6pBL-NKCh;\\N(;L%XEc6&.FCeVU!!!!*$\"ImiCh7*uARkc@","1053698":"!<d@[F*Qph#QOl.E,TfC\"98E%!<d@[F*bdN#64o6@VfsmCI<#NAJ/NlDfRFMF_P`)A1_h?F_>AD\":B0fFCB9&=]/[=z#mP<eASu'i!!s*KDK]T3F@]hXA8Ggu!!!","1049603":"!<d@[F*Qsi#QOl.E,TfC\"98E%!<d@[F*bXJ#64o6@VfsmCI<#NAHu^]F`__:EWlSfH#R=,D.R3j@;]dhF\"METBl7Km1'@i&DffE0AQSp4!!!-.D.Rd%6#L=OA_Ra;^'\"[]DffE0AQf'6!!!<3@rH1\"ARfgnA,lT","1050627":"!<d@[F*Qsi#QOl.E,TfC\"98E%!<d@[F*b[K#64o6@VfsmCI<#NAI<O\"F`(tHARTY%\"po!]G%GQ5DfU+(#'\"^#Dfg%5!!!!'\"`nKuFE7Zf0E;+R!!!-&!!!$\"!!!-0FDl80CdVlEDI[5X!.[65#6?OZ!<<*\"2\\#ff!<<*\"\":K<iFCAuQBOPdgAH2]156(oh1&q=T!!!Z5!!!$\"!!!-0FDl80CdVlEDI[8&bY12##6?U\\!<<*\"2\\#ff!<<*\"\":K<iFCAuQBOPdgAH2]156(oh1]ROV!!!Z5!!!$\"!!!-0FDl80CdVlEDI[8&bY12##6?[^!<<*\"2@]]e!<<*\"\":K<iFCAuQBOPdgAH2]156(oh2?3aX!!!Z5!!!$\"!!!-0FDl80CdVlEDI[8&bY12##6?a`!<<*\"2@]]e!<<*\"\":K<iFCAuQBOPdgAH2]156(oh2uisZ!!\"ne!!!$\"!!!-0FDl80CdVlEDI[5X!!#4`#6?gb!<<*\"'`e:7!<<*\"\":K<iFCAuQBOPdgAX]#)56(oi0eiY/!!!!W%KHJ0!!!!%$Zp</@;J;E@;]Rd!!!!`!!`Q[1&q=T!!!-&!!!$\"!!!-0FDl80CdVlEDI[5X!.[65#6HV9!!*'\"!##A5!!*'\"!!E[ODffE(6YKnG@qEp/9KiF]!\\lM3!<<*\"('+C8!<<*\"\":K<iFCAuQBOPdgAX]#)56(oi0f8q3!!!!4!<<*#!!!!%$Zp</@;J;E@;]Rdc-/jF!!`Q[2?3aX!!\"ne!!!$\"!!!-0FDl80CdVlEDI[5X!!#4`#6HV=!!*'\"!##A5!!*'\"!!E[ODffE(6YKnG@qEp/9KiFV!!NdCDfS0\\De!QMDe*DdFE2MACFs++F*%QgFEqh:$=e!jCgh:(ARmS\"$#O6pBL-NKCh;\\NQG3D","1052675":"!<d@[F*Qsi#QOl.E,TfC\"98E%!<d@[F*baM#64o6@VfsmCI<#NAHu^]F`__:EWlSfH#R=,D.R3j@;]dhF\"METBl7Km1^\"&(DffE0AQSp4!!!-.D.Rd%6#L=OA`V#M^]Xm_DffE0AQf'6!!!<3@rH1\"ARfgnA,lT","2099203":"!<d@[F*Qsi#QOl.E,TfC\"TSN&!<d@[F*b[K#64o6@VfsmCI<#NAK#Z/Earc7@UX=l@kD/4Ec,H!Dfp.RG@bi;!u#cs@;^.#FD5Z288iWkF%g.WF8u:@!!!#g^B50d@<6NXBOt[h6$-(EFCAuR@<lolgNPGZmp\\N^","3147780":"!<d@[F*R!j#QOl.E,TfC\"onW'!<d@[F*b[K#64o6@VfsmCI<#NAHu^]F`__:EWlSfH#R='Ecki#Ch52BDf9/A\":&scFCB9&=9&=$!!EUFATMNNDJ*csjNEk(\":&scFCB9&=o\\O&!!rsADes6$@ru9m!!!"},"Entities":[],"ReplaceMode":2,"EntranceRotation":-1}