{"GameVersion":"1.19.0","SizeX":5,"SizeY":5,"SizeZ":8,"BlockCodes":{"9700":"game:supportbeam-veryagedrotten","2966":"game:cobblestone-granite","8613":"game:meta-underground","9493":"game:agedstonebricks-granite","8606":"game:clutter","9624":"game:debarkedlog-veryaged-ns","9625":"game:debarkedlog-veryagedrotten-ns","2596":"game:slantedroofingtip-agedthatch-free","3240":"game:stonepath-free","9639":"game:debarkedlog-veryaged-we","632":"game:lootvessel-food","9640":"game:debarkedlog-veryagedrotten-we"},"ItemCodes":{},"Indices":[0,1024,2048,3072,4096,1051648,2097152,2101248,3147776,3148800,3149824,4198400,1,1025,2049,3073,4097,5121,6145,1049601,1051649,1054721,3145729,2,1026,2050,4098,6146,7170,1049602,1050626,1051650,1052674,2100226,3145730,4194306,3,1027,2051,3075,4099,1048579,1049603,1050627,1051651,1052675,2101251,3145731,3146755,3147779,4195331,2052],"BlockIds":[2966,8613,9493,2966,8613,8606,9700,9700,9624,9624,9625,2596,9493,2966,2966,9493,2966,3240,3240,8606,8606,8606,9639,8613,2966,9493,9493,3240,3240,9700,632,9640,2596,8606,9639,2596,9493,9493,9493,9493,9493,9700,8606,8606,9640,9700,9700,9625,9624,9625,2596,8613],"DecorIndices":[],"DecorIds":[],"BlockEntities":{"1051648":"!<d@[F*O>t#QOl.E,TfC\"98E%!<d@[F*cZg#64o6@VfsmCI<#NAHu^]F`__:EWlSfH#R=#FDl)6/R`m8\":&scFCB9&=9&=$!!EUFATMNNDJ*csgCHk?\":&scFCB9&=o\\O&!!rsADes6$@ru9m!!!","2097152":"!<d@[F*O>t#QOl.E,TfC\"TSN&!<d@[F*cQd#64o6@VfsmCI<#NAK#W4E,]`9FCJfiD(TpBEd;)+ARoh\"FED)3#R+[K@;U(4!\"((\\%h/L=!'_1u!.[9S!!!!`&e>EO!.[6J!!%Pa*<6'>58`HS+9`*\"$4dRG!.[6J!!%O6*<6'>58\"J9\"98Ed'`\\5a^E!:STKj@T9-=BF-OL@n!!!!`'`\\5a590_(5X,kl%0-Cd58=.u!43aH!!#5#j@^U!!!","2101248":"!<d@[F*O>t#QOl.E,TfC\"TSN&!<d@[F*c]h#64o6@VfsmCI<#NAK#W4E,]`9FCJfiD(TpBEd;)+ARoh\"FED)3#R+[K@;U'7!\"((\\%h/L=!'_1u!.[9S!!#8K&e>EO!.[6J!!%Pa*<6()58`HS+9_`","1049601":"!<d@[F*OAu#QOl.E,TfC\"98E%!<d@[F*cTe#64o6@VfsmCI<#NAHu^]F`__:EWlSfH#R='Ecki#Ch52BDf9/A\":&scFCB9&=9&=$!!EUFATMNNDJ*csgCME?\":&scFCB9&=o\\O&!!rsADes6$@ru9m!!!","1051649":"!<d@[F*OAu#QOl.E,TfC\"98E%!<d@[F*cZg#64o6@VfsmCI<#NAHu^]F`__:EWlSfH#R='Ecki#Ch52BDf9/B\":&scFCB9&=9&=$!!EUFATMNNDJ*csz\":&scFCB9&=o\\O&!!rsADes6$@ru9m!!!","1054721":"!<d@[F*OAu#QOl.E,TfC\"98E%!<d@[F*ccj#64o6@VfsmCI<#NAHu^]F`__:EWlSfH#R='Ecki#Ch52BDf9/C\":&scFCB9&=9&=$!!EUFATMNNDJ*csjNEk(\":&scFCB9&=o\\O&!!rsADes6$@ru9m!!!","1049602":"!<d@[F*OE!#QOl.E,TfC\"98E%!<d@[F*cTe#64o6@VfsmCI<#NAK#W4E,]`9FCJfiD(TpBEd;)+ARoh\"FED)3#R+[K@;U'2!\"'nW$4Qt8J3FtR!.[6G%h/L=TKa0;XD5'^!<<,7)!\"=4\"98","2100226":"!<d@[F*OE!#QOl.E,TfC\"TSN&!<d@[F*cZg#64o6@VfsmCI<#NAHu^]F`__:EWlSfH#R=0E+s-\"/U),OA9Vs4CM@[!FDl)6Es)_gDffE0AQSp4!!!-.D.Rd%6#L=OA`V#M^]Xm_DffE0AQf'6!!!<3@rH1\"ARfgnA,lT","1048579":"!<d@[F*OH\"#QOl.E,TfC\"98E%!<d@[F*cQd#64o6@VfsmCI<#NAK#W4E,]`9FCJfiD(TpBEd;)+ARoh\"FED)3#R+[K@;U'7!\"((\\%h/L=!'_1u!.[9S!!#8K&e>EO!!#4u!!!!a*<6()58`HS+9_`","1049603":"!<d@[F*OH\"#QOl.E,TfC\"98E%!<d@[F*cTe#64o6@VfsmCI<#NAHu^]F`__:EWlSfH#R='Ecki#Ch52BDf9/B\":&scFCB9&=9&=$!!EUFATMNNDJ*csjNEk(\":&scFCB9&=o\\O&!!rsADes6$@ru9m!!!","1050627":"!<d@[F*OH\"#QOl.E,TfC\"98E%!<d@[F*cWf#64o6@VfsmCI<#NAHu^]F`__:EWlSfH#R=1F(f-$AhA4FDe+'1EbfB,B68'1Ci]^aEc6&.FCePS!!!!%$#O6pBL-NKCh;\\N(;L%XEc6&.FCeVU!!!!*$\"ImiCh7*uARkc@","1052675":"!<d@[F*OH\"#QOl.E,TfC\"98E%!<d@[F*c]h#64o6@VfsmCI<#NAK#W4E,]`9FCJfiD(TpBEd;)+ARoh\"FED)3#R+[K@;U'2!\"'nW$4Qt85X-7h!'ia]%h8@7s#q1ss8P;(!!#j2)!\"=4\"98","2101251":"!<d@[F*OH\"#QOl.E,TfC\"TSN&!<d@[F*c]h#64o6@VfsmCI<#NAK#W4E,]`9FCJfiD(TpBEd;)+ARoh\"FED)3#R+[K@;U'7!\"((\\%h/L=!'_1u!.[9S!!#8K&e>EO!'ia`!!%Pa*<6()58`HS+9_`"},"Entities":[],"ReplaceMode":2,"EntranceRotation":-1}