{"GameVersion":"1.19.0","SizeX":7,"SizeY":5,"SizeZ":8,"BlockCodes":{"8613":"game:meta-underground","9493":"game:agedstonebricks-granite","2966":"game:cobblestone-granite","9639":"game:debarkedlog-veryaged-we","9625":"game:debarkedlog-veryagedrotten-ns","9624":"game:debarkedlog-veryaged-ns","2621":"game:bonysoil","9640":"game:debarkedlog-veryagedrotten-we","637":"game:lootvessel-arcticsupplies","8606":"game:clutter","8386":"game:torch-basic-burnedout-south","8200":"game:firepit-cold","8380":"game:torch-basic-burnedout-north","8079":"game:clutteredbookshelf"},"ItemCodes":{},"Indices":[0,1024,2048,3072,4096,7168,1048576,1050624,1051648,2097152,2098176,3145728,1,1025,2049,3073,4097,5121,6145,7169,1048577,1049601,1052673,1054721,1055745,2097153,3145729,2,1026,2050,3074,4098,5122,6146,7170,1048578,1049602,1051650,1054722,3,3075,4099,5123,6147,7171,1052675,1055747,2097155,2098179,3145731,4,3076,4100,5124,7172,1048580,1049604,1052676,1053700,1055748,2097156,2103300,2104324,5,1029,2053,3077,4101,5125,6149,7173,1048581,1049605,1054725,1055749,2103301,2104325,6,1030,2054,3078,4102,6150,7174,1048582,1049606,1050630,1051654,1052678,1054726,1055750,2097158,2098182,2099206,2100230,2104326,3145734,3152902,4194310],"BlockIds":[8613,8613,8613,9493,9493,2966,9639,9625,9624,9624,9625,9639,8613,9493,2966,2621,2966,2966,2966,8613,9640,637,8606,8606,9640,8606,9640,8613,9493,2621,2966,9493,9493,9493,8613,9639,8606,8606,8606,2966,2966,2966,9493,2621,8613,8606,9640,9640,8386,8606,2966,2621,2966,2966,8613,9640,8606,8200,8606,9640,9639,8380,9639,8613,9493,9493,9493,2966,2966,9493,9493,9640,8606,8079,9639,8079,9640,8613,8613,2966,8613,8613,9493,2966,9624,9624,9625,9625,9624,9625,9639,9639,9625,9624,8606,9624,9624,9639,8606],"DecorIndices":[],"DecorIds":[],"BlockEntities":{"1052673":"!<d@[F*PqL#QOl.E,TfC\"98E%!<d@[F*b[K#64o6@VfsmCI<#NAHu^]F`__:EWlSfH#R='Ecki#Ch52BDf9/A\":&scFCB9&=9&=$!!EUFATMNNDJ*csgCHlj\":&scFCB9&=o\\O&!!rsADes6$@ru9m!!!","1054721":"!<d@[F*PqL#QOl.E,TfC\"98E%!<d@[F*baM#64o6@VfsmCI<#NAHu^]F`__:EWlSfH#R='Ecki#Ch52BDf9/A\":&scFCB9&=9&=$!!EUFATMNNDJ*csi9`25\":&scFCB9&=o\\O&!!rsADes6$@ru9m!!!","2097153":"!<d@[F*PqL#QOl.E,TfC\"TSN&!<d@[F*bOG#64o6@VfsmCI<#NAHu^]F`__:EWlSfH#R='Ecki#Ch52BDf9/A\":&scFCB9&=9&=$!!EUFATMNNDJ*csgCME?\":&scFCB9&=o\\O&!!rsADes6$@ru9m!!!","1049602":"!<d@[F*PtM#QOl.E,TfC\"98E%!<d@[F*bRH#64o6@VfsmCI<#NAHu^]F`__:EWlSfH#R='Ecki#Ch52BDf9/A\":&scFCB9&=9&=$!!EUFATMNNDJ*csz\":&scFCB9&=o\\O&!!rsADes6$@ru9m!!!","1051650":"!<d@[F*PtM#QOl.E,TfC\"98E%!<d@[F*bXJ#64o6@VfsmCI<#NAHu^]F`__:EWlSfH#R='Ecki#Ch52BDf9/@\":&scFCB9&=9&=$!!EUFATMNNDJ*csgCHk?\":&scFCB9&=o\\O&!!rsADes6$@ru9m!!!","1054722":"!<d@[F*PtM#QOl.E,TfC\"98E%!<d@[F*baM#64o6@VfsmCI<#NAHu^]F`__:EWlSfH#R='Ecki#Ch52BDf9/B\":&scFCB9&=9&=$!!EUFATMNNDJ*csgCMCi\":&scFCB9&=o\\O&!!rsADes6$@ru9m!!!","1052675":"!<d@[F*Q\"N#QOl.E,TfC\"98E%!<d@[F*b[K#64o6@VfsmCI<#NAHu^]F`__:EWlSfH#R='Ecki#Ch52BDf9/B\":&scFCB9&=9&=$!!EUFATMNNDJ*csgCHk?\":&scFCB9&=o\\O&!!rsADes6$@ru9m!!!","2098179":"!<d@[F*Q\"N#QOl.E,TfC\"TSN&!<d@[F*bRH#64o6@VfsmCI<#NAK,`0Earc7@UX=l@kD/4Ec,H!Dfp.RF)Q2CBEJoiEa`j,Bln'-DFe\\gEcXocAon\"Qzn@o&>CghC,6YL%@CI*&ADffE(6t(@^D.Cc>e+H$m!!","3145731":"!<d@[F*Q\"N#QOl.E,TfC\"onW'!<d@[F*bOG#64o6@VfsmCI<#NAHu^]F`__:EWlSfH#R='Ecki#Ch52BDf9/A\":&scFCB9&=9&=$!!EUFATMNNDJ*csgCHlj\":&scFCB9&=o\\O&!!rsADes6$@ru9m!!!","1049604":"!<d@[F*Q%O#QOl.E,TfC\"98E%!<d@[F*bRH#64o6@VfsmCI<#NAHu^]F`__:EWlSfH#R='Ecki#Ch52BDf9/@\":&scFCB9&=9&=$!!EUFATMNNDJ*csgCHlj\":&scFCB9&=o\\O&!!rsADes6$@ru9m!!!","1052676":"!<d@[F*Q%O#QOl.E,TfC\"98E%!<d@[F*b[K#64o6@VfsmCI<#NAIN0bEb03(F=h!@Ch*_VBl8**DKKf;Gl\\+hF)5c:EsD[F!!WUJCi=E:!!!-7Ap&-3@:NkJASlBtEaa'4Eb,4NTKrSgD..ZgASlBtEaa'4Eb,4N!!!-3DfTDVDf9E*DJ)p_D.N\\I!!!-1Ap%[$6?R<d<,$2\\z\":o?XGXcgeCdN8bDH(=eAH2]1!!=!JG][Y;B6@p0BOt^RDffE(88iWkErZ1?z!!s*E@;\\YLDJ=3(7Wi9Y!!EX=@:Nt^A4C]QC]FG8!!!","1053700":"!<d@[F*Q%O#QOl.E,TfC\"98E%!<d@[F*b^L#64o6@VfsmCI<#NAHu^]F`__:EWlSfH#R='Ecki#Ch52BDf9/C\":&scFCB9&=9&=$!!EUFATMNNDJ*csjNEk(\":&scFCB9&=o\\O&!!rsADes6$@ru9m!!!","2103300":"!<d@[F*Q%O#QOl.E,TfC\"TSN&!<d@[F*baM#64o6@VfsmCI<#NAK,`0Earc7@UX=l@kD/4Ec,H!Dfp.RDJsQ;BEJoiEa`j,Bln'-DFe\\gEcXocAon\"Qzn@o&>CghC,6YL%@CI*&ADffE(6t(@^OfBVhkk.8-!!","1049605":"!<d@[F*Q(P#QOl.E,TfC\"98E%!<d@[F*bRH#64o6@VfsmCI<#NAHu^]F`__:EWlSfH#R=0@V'('@V'(%AmoReGqF&ZBl7Km1'@i&DffE0AQSp4!!!-.D.Rd%6#L=OA_Ra;^B=d^DffE0AQf'6!!!<3@rH1\"ARfgnA,lT","1054725":"!<d@[F*Q(P#QOl.E,TfC\"98E%!<d@[F*baM#64o6@VfsmCI<#NAJ/KhF`__:Eb/cjDf9E4BOu!l\"U&pmE+L8'Df9E4BOu\"'ATKM6Df9E4BOu!l/TPuJDIm?1ASlC.Gr5^0Ec6&.FCePS!!!!%$#O6pBL-NKCh;Pl0>I\\qEc6&.FCeVU!!!!*$\"ImiCh7*uARkcE#BjNrBjkn$\"D2dmC]suaH#R=M!!!","2103301":"!<d@[F*Q(P#QOl.E,TfC\"TSN&!<d@[F*baM#64o6@VfsmCI<#NAJ/KhF`__:Eb/cjDf9E4BOu!l\"U&pmE+L5&Df9E4BOu\"'ATKM6Df9E4BOu!l/TPuJDIm?1Ap%p+1'@i&DffE0AQSp4!!!-.D.Rd%6#L=OA`2r/^]Xm_DffE0AQf'6!!!<3@rH1\"ARfgnA,lc<G%#E*@;^/iAp%p+\"U0!nE+Ld)!!","2100230":"!<d@[F*Q+Q#QOl.E,TfC\"TSN&!<d@[F*bXJ#64o6@VfsmCI<#NAHu^]F`__:EWlSfH#R='Ecki#Ch52BDf9/C\":&scFCB9&=9&=$!!EUFATMNNDJ*csgCME?\":&scFCB9&=o\\O&!!rsADes6$@ru9m!!!","4194310":"!<d@[F*Q+Q#QOl.E,TfC#64`(!<d@[F*bOG#64o6@VfsmCI<#NAHu^]F`__:EWlSfH#R='Ecki#Ch52BDf9/B\":&scFCB9&=9&=$!!EUFATMNNDJ*csgCME?\":&scFCB9&=o\\O&!!rsADes6$@ru9m!!!"},"Entities":[],"ReplaceMode":2,"EntranceRotation":-1}