{"GameVersion":"1.19.0","SizeX":4,"SizeY":3,"SizeZ":6,"BlockCodes":{"8613":"game:meta-underground","9493":"game:agedstonebricks-granite","9655":"game:planks-rottenebony-ns","8606":"game:clutter","2966":"game:cobblestone-granite","3240":"game:stonepath-free","8607":"game:coalpile","9670":"game:planks-rottenebony-we","411":"game:drycarcass-humanoid1","8109":"game:chest-east","9685":"game:planks-rottenebony-ud","9449":"game:attachingplant-mold","9459":"game:oxidation-rust-normal"},"ItemCodes":{"351":"game:charcoal","272":"game:stackrandomizer-seed","275":"game:stackrandomizer-resource","271":"game:stackrandomizer-ingot","279":"game:stackrandomizer-gear"},"Indices":[0,1024,2048,3072,1050624,2099200,1,1025,2049,3073,4097,5121,1048577,1051649,2,1026,2050,3074,4098,1048578,1049602,1050626,1052674,2097154,3,1027,2051,3075,4099,1048579,1050627,1051651,2097155],"BlockIds":[8613,9493,9493,8613,9655,8606,2966,2966,2966,2966,2966,3240,8606,8607,9493,9493,2966,9493,2966,9670,8606,411,8606,8109,9493,8613,2966,9493,8613,9670,8606,9685,8607],"DecorIndices":[1024,1050624,1050624,1025,2049,3073,4097,2050,3074,1048578,1048578,1048578,1048578,3,1048579,1051651,1051651],"DecorIds":[67118313,33563891,50341097,67118323,67118313,33563891,67118323,67118313,67118313,9459,33563881,50341107,67118313,33563881,33563891,50341107,67118313],"BlockEntities":{"2099200":"!<d@[F*PqL#QOl.E,TfC\"TSN&!<d@[F*c`i#64o6@VfsmCI<#NAHu^]F`__:EWlSfH#R='Ecki#Ch52BDf9/A\":&scFCB9&=9&=$!!EUFATMNNDJ*csgCMCi\":&scFCB9&=o\\O&!!rsADes6$@ru9m!!!","1048577":"!<d@[F*PtM#QOl.E,TfC\"98E%!<d@[F*cZg#64o6@VfsmCI<#NAHu^]F`__:EWlSfH#R='Ecki#Ch52BDf9/@\":&scFCB9&=9&=$!!EUFATMNNDJ*csz\":&scFCB9&=o\\O&!!rsADes6$@ru9m!!!","1051649":"!<d@[F*PtM#QOl.E,TfC\"98E%!<d@[F*ccj#64o6@VfsmCI<#NAI)da@;KmsCh3eWBl8**DKKf;Gl\\+hF)5c:Erc7@!!WUJCi=E:#6?LY!<<*\"?NC-,!<<*\"!!!!*#@_grDJ=!$!!<jM@<6NiBk(pXDffE(88iWkErZ1?z!!rsGF$jk]@:F%a!!!","1049602":"!<d@[F*Q\"N#QOl.E,TfC\"98E%!<d@[F*c]h#64o6@VfsmCI<#NAHu^]F`__:EWlSfH#R=0@V'('@V'(%AmoReGqF&ZBl7Km0a%`%DffE0AQSp4!!!-.D.Rd%6#L=OA_Ra;^'\"[]DffE0AQf'6!!!<3@rH1\"ARfgnA,lT","1050626":"!<d@[F*Q\"N#QOl.E,TfC\"98E%!<d@[F*c`i#64o6@VfsmCI<#NAJAZqH\"19'@psG\"/SK9D@;^!tA2+0\"FE1f-F(o`1Df/*aF`MOsAS-#az!:[`*'Pq3!F@0_Q@r\"AP<,ZkeCd_]WF#+;Fe(XD&5QC","1052674":"!<d@[F*Q\"N#QOl.E,TfC\"98E%!<d@[F*cfk#64o6@VfsmCI<#NAHu^]F`__:EWlSfH#R='Ecki#Ch52BDf9/B\":&scFCB9&=9&=$!!EUFATMNNDJ*csgCMCi\":&scFCB9&=o\\O&!!rsADes6$@ru9m!!!","2097154":"!<d@[F*Q\"N#QOl.E,TfC\"TSN&!<d@[F*cZg#64o6@VfsmCI<#NAI;p\\ATMrFARTY%\"po!]G%GQ5DfU+(#'\"^#Dfg%'!!!!'\"`nKuFE7Zf0E;+R!!!Q2!!!$\"!!!-0FDl80CdVlEDI[8&bY12##6?OZ!<<*\"'*/(5!<<*\"!!`N[!!*'\"!\"T)1!!*'\"!!E[ODffE(6YKnG@q>W?J3Er<!Aa]V!!!!8!<<*#!!!!%$Zp</@;J;E@;]Rd_tBrl!!!!&$taEu6>URMCI<#NAI;p\\ATMrFARTY%\"U&pmE+K;nGAJj>B4YTV$#O6pBL-NKCh;?3aZ]\\","1050627":"!<d@[F*Q%O#QOl.E,TfC\"98E%!<d@[F*c`i#64o6@VfsmCI<#NAHu^]F`__:EWlSfH#R='Ecki#Ch52BDf9/A\":&scFCB9&=9&=$!!EUFATMNNDJ*csgCME@\":&scFCB9&=o\\O&!!rsADes6$@ru9m!!!","2097155":"!<d@[F*Q%O#QOl.E,TfC\"TSN&!<d@[F*cZg#64o6@VfsmCI<#NAI)da@;KmsCh3eWBl8**DKKf;Gl\\+hF)5c:Erc7@!!WUJCi=E:#6?LY!<<*\"?NC-,!<<*\"!!!!*#@_grDJ=!$!!<jM@<6NiBk(pXDffE(88iWkErZ1?z!!rsGF$jk]@:F%a!!!"},"Entities":[],"ReplaceMode":2,"EntranceRotation":-1}