{"GameVersion":"1.18.6","SizeX":1,"SizeY":5,"SizeZ":1,"BlockCodes":{"8190":"game:resonator-north","8613":"game:meta-underground","2668":"game:soil-verylow-none","8109":"game:chest-east","8606":"game:clutter"},"ItemCodes":{"276":"game:stackrandomizer-tuningcylinder","3647":"game:stackrandomizer-jonasparts"},"Indices":[0,1048576,2097152,3145728,4194304],"BlockIds":[8613,2668,8109,8613,8606],"DecorIndices":[],"DecorIds":[],"BlockEntities":{"2097152":"!<d@[F*No;#64c-E,TfC\"TSN&!<d@[F*]:V#64o6@VfsmCI<#NAI;p\\ATMrFARTY%\"po!]G%GQ5DfU+(#'\"^#Dfg%+!!!!'\"`nKuFE7Zf1B7FU!!!]6!!!$\"!!!!(!AjcW!!!!5!<<*#z#6?[^zrZ;+?!<<*\"!!`N_!!*'\"!'^qn!!*'\"z\"Uo!]E^FS\\@r\"GMA7Z*XBOu7,/S/@3F9MehH#R=%@rH1\"@;p:!A2+2nD.Rd%6#L=OAH2]1!!!","4194304":"!<d@[F*No;#64c-E,TfC#64`(!<d@[F*]:V#64o6@VfsmCI<#NAHu^]F`__:EWlSfH#R='B6%F(ATMs3DIkCV\":&scFCB9&=9&=$!!EUFATMNNDJ*csjNEk)\":&scFCB9&=o\\O&!!rsADes6$@ru9m!!!"},"Entities":[],"ReplaceMode":2,"EntranceRotation":-1}