{
	"code": "caninae-cerdocyonina",
	"class": "EntityAgent",
	"variantgroups": [
    {"code": "age","states": [ "adult"]},
    {"code": "gender","states": [ "female"]},
    {"code": "genus","states": [ "atelocynus","cerdocyon","chrysocyon","dusicyon","lycalopex","speothos"]},
    {"code": "species","states": [ "microtis","thous","brachyurus","australis","avus","culpaeus","fulvipes","griseus","gymnocercus","sechurae","vetulus","pacivorus","venaticus"]}
	],
	"allowedVariants": [
		"*-atelocynus-microtis",
		"*-cerdocyon-thous",
		"*-chrysocyon-brachyurus",
		"*-dusicyon-australis",
		"*-dusicyon-avus",
		"*-lycalopex-culpaeus",
		"*-lycalopex-fulvipes",
		"*-lycalopex-griseus",
		"*-lycalopex-gymnocercus",
		"*-lycalopex-sechurae",
		"*-lycalopex-vetulus",
		"*-speothos-pacivorus",
		"*-speothos-venaticus"
	],
	"collisionBoxSizeByType": {
		"*-atelocynus-microtis": {	"x": 0.5,"y": 0.3},
		"*-cerdocyon-thous": {	"x": 0.6,"y": 0.4},
		"*-chrysocyon-brachyurus": {	"x": 1.0,"y": 1.1},
		"*-dusicyon-australis": {	"x": 0.9,"y": 0.6},
		"*-dusicyon-avus": {	"x": 1.0,"y": 0.65},
		"*-lycalopex-culpaeus": {	"x": 0.8,"y": 0.55},
		"*-lycalopex-fulvipes": {	"x": 0.5,"y": 0.3},
		"*-lycalopex-griseus": {	"x": 0.6,"y": 0.45},
		"*-lycalopex-gymnocercus": {	"x": 0.6,"y": 0.4},
		"*-lycalopex-sechurae": {	"x": 0.5,"y": 0.25},
		"*-lycalopex-vetulus": {	"x": 0.5,"y": 0.3},
		"*-speothos-pacivorus": {	"x": 1.0,"y": 0.6},
		"*-speothos-venaticus": {	"x": 0.5,"y": 0.3}
	},
	"deadCollisionBoxSizeByType": {
		"*-atelocynus-microtis": {	"x": 0.5,"y": 0.2},
		"*-cerdocyon-thous": {	"x": 0.6,"y": 0.2},
		"*-chrysocyon-brachyurus": {	"x": 1.0,"y": 0.5},
		"*-dusicyon-australis": {	"x": 0.9,"y": 0.3},
		"*-dusicyon-avus": {	"x": 1.0,"y": 0.3},
		"*-lycalopex-culpaeus": {	"x": 0.8,"y": 0.2},
		"*-lycalopex-fulvipes": {	"x": 0.5,"y": 0.2},
		"*-lycalopex-griseus": {	"x": 0.6,"y": 0.2},
		"*-lycalopex-gymnocercus": {	"x": 0.6,"y": 0.2},
		"*-lycalopex-sechurae": {	"x": 0.5,"y": 0.2},
		"*-lycalopex-vetulus": {	"x": 0.5,"y": 0.2},
		"*-speothos-pacivorus": {	"x": 1.0,"y": 0.3},
		"*-speothos-venaticus": {	"x": 0.5,"y": 0.2}
	},
	"eyeHeightByType": {
		"*-atelocynus-microtis": 0.3,
		"*-cerdocyon-thous": 0.4,
		"*-chrysocyon-brachyurus": 1.1,
		"*-dusicyon-australis": 0.6,
		"*-dusicyon-avus": 0.7,
		"*-lycalopex-culpaeus": 0.6,
		"*-lycalopex-fulvipes": 0.4,
		"*-lycalopex-griseus": 0.5,
		"*-lycalopex-gymnocercus": 0.5,
		"*-lycalopex-sechurae": 0.3,
		"*-lycalopex-vetulus": 0.4,
		"*-speothos-pacivorus": 0.6,
		"*-speothos-venaticus": 0.3
	},
	"weightByType": {
		"*-atelocynus-microtis": 10,
		"*-cerdocyon-thous": 6,
		"*-chrysocyon-brachyurus": 23,
		"*-dusicyon-australis": 20,
		"*-dusicyon-avus": 27,
		"*-lycalopex-culpaeus": 8,
		"*-lycalopex-fulvipes": 3,
		"*-lycalopex-griseus": 4,
		"*-lycalopex-gymnocercus": 5.5,
		"*-lycalopex-sechurae": 4,
		"*-lycalopex-vetulus": 3.5,
		"*-speothos-pacivorus": 35,
		"*-speothos-venaticus": 6
	},
	"attributes": {
		"basketCatchableByType": { "@.*-(microtis|thous|culpaeus|fulvipes|griseus|gymnocercus|sechurae|vetulus|venaticus)":  true },
		"trapChance": 0.4,
		"trapDestroyChance": 0.05,
		"creatureDiet": {
			"foodCategoriesByType": {"*-speothos-*":["Protein"],"*":["Fruit", "Protein"]},
			"foodTagsByType": {"*-speothos-*":["meat"],"*":["egg","fish","fruit", "fruitmash","insect","meat","sweetBerryBush"]}},
		"handbook": {"groupcode": "creaturegroup-caninae"},
	"killedByInfoText": "deadcreature-eaten"},
	"drops": [],
	"client": {
		"renderer": "Shape",
		"shapeByType": {
		"*-atelocynus-microtis": { "base": "entity/cerdocyonina/microtis-male" },
		"*-cerdocyon-thous": { "base": "entity/cerdocyonina/thous-male" },
		"*-chrysocyon-brachyurus": { "base": "entity/cerdocyonina/brachyurus-male" },
		"*-dusicyon-australis": { "base": "entity/cerdocyonina/australis-male" },
		"*-dusicyon-avus": { "base": "entity/cerdocyonina/avus-male" },
		"*-lycalopex-culpaeus": { "base": "entity/cerdocyonina/culpaeus-male" },
		"*-lycalopex-fulvipes": { "base": "entity/cerdocyonina/fulvipes-male" },
		"*-lycalopex-griseus": { "base": "entity/cerdocyonina/culpaeus-male" },
		"*-lycalopex-gymnocercus": { "base": "entity/cerdocyonina/gymnocercus-male" },
		"*-lycalopex-sechurae": { "base": "entity/cerdocyonina/sechurae-male" },
		"*-lycalopex-vetulus": { "base": "entity/cerdocyonina/sechurae-male" },
		"*-speothos-pacivorus": { "base": "entity/cerdocyonina/pacivorus-male" },
		"*-speothos-venaticus": { "base": "entity/cerdocyonina/venaticus-male" }
		},
		"textureByType": {
			"*-atelocynus-microtis": { "base": "entity/atelocynus/microtis-adult" },
			"*-cerdocyon-thous": { "base": "entity/cerdocyon/thous-adult" },
			"*-chrysocyon-brachyurus": { "base": "entity/chrysocyon/brachyurus-adult"}, 
			"*-dusicyon-australis": { "base": "entity/dusicyon/australis-adult" },
			"*-dusicyon-avus": { "base": "entity/dusicyon/avus-adult" },
			"*-lycalopex-culpaeus": { "base": "entity/lycalopex/culpaeus-adult" },
			"*-lycalopex-fulvipes": { "base": "entity/lycalopex/fulvipes-adult" },
			"*-lycalopex-griseus": { "base": "entity/lycalopex/griseus-adult" },
			"*-lycalopex-gymnocercus": { "base": "entity/lycalopex/gymnocercus-adult" },
			"*-lycalopex-sechurae": { "base": "entity/lycalopex/sechurae-adult" },
			"*-lycalopex-vetulus": { "base": "entity/lycalopex/vetulus-adult" },
			"*-speothos-pacivorus": { "base": "entity/speothos/pacivorus-adult" },
			"*-speothos-venaticus": { "base": "entity/speothos/venaticus-adult" }
		},
		"sizeByType": {
		"*-atelocynus-microtis": 0.66,
		"*-cerdocyon-thous": 0.86,
		"*-chrysocyon-brachyurus": 0.95,
		"*-dusicyon-australis": 0.95,
		"*-dusicyon-avus": 0.95,
		"*-lycalopex-culpaeus": 0.95,
		"*-lycalopex-fulvipes": 0.475,
		"*-lycalopex-griseus": 0.76,
		"*-lycalopex-gymnocercus": 0.67,
		"*-lycalopex-sechurae": 0.63,
		"*-lycalopex-vetulus": 0.6,
		"*-speothos-pacivorus": 0.95,
		"*-speothos-venaticus": 0.7
		},
		"behaviors": [
			{"code": "repulseagents" },
			{"code": "controlledphysics","stepHeight": 2.1251},
			{"code": "floatupwhenstuck","onlyWhenDead": true},
			{ "code": "multiply" },
			{"code": "interpolateposition" },
			{"code": "harvestable","quantitySlots": 8},
			{"code": "despawn","minPlayerDistance": 8,"belowLightLevel": 8,"minSeconds": 300},
			{"code": "ropetieable","minGeneration": 2}
		],
		"animations": [
			{"code": "hurt","animation": "Hurt","animationSpeed": 2.2,"weight": 10,"blendMode": "AddAverage"},
			{"code": "die","animation": "Death","animationSpeed": 1.25,"weight": 10,"blendMode": "Average","triggeredBy": { "onControls": [ "dead" ] }},
			{"code": "idle","animation": "Idle","blendMode": "AddAverage","easeOutSpeed": 4,"triggeredBy": { "defaultAnim": true }},
			{"code": "sleep","animation": "Sleep","easeInSpeed": 4,"easeOutSpeed": 4,"blendMode": "Average"},
			{"code": "sit","animation": "Sit","easeInSpeed": 4,"easeOutSpeed": 4,"blendMode": "Average"},
			{"code": "lie","animation": "Lie","easeInSpeed": 4,"easeOutSpeed": 4,"blendMode": "Average"},
			{"code": "swim","animation": "Swim","supressDefaultAnimation": true,"blendMode": "Average"},
			{"code": "walk","animation": "Walk","supressDefaultAnimation": true,"blendMode": "AddAverage"},
			{"code": "trot","animation": "Trot","supressDefaultAnimation": true,"blendMode": "AddAverage"},
			{"code": "canter","animation": "Canter","supressDefaultAnimation": true,"blendMode": "AddAverage"},
			{"code": "gallop","animation": "Gallop","supressDefaultAnimation": true,"blendMode": "AddAverage"}
		]
	},
	"server": {
		"attributes": {
			"pathfinder": {
				"minTurnAnglePerSec": 90,
				"maxTurnAnglePerSec": 270
			}
		},
		"behaviors": [
			{ "code": "repulseagents" },
			{"code": "controlledphysics","stepHeight": 1.1251},
			{"code": "despawn","minPlayerDistance": 8,"belowLightLevel": 8,"minSeconds": 300},
			{"code": "health",
				"maxhealthByType": {
				"*-atelocynus-microtis": 5,
				"*-cerdocyon-thous": 4,
				"*-chrysocyon-brachyurus": 7,
				"*-dusicyon-australis": 7,
				"*-dusicyon-avus": 8,
				"*-lycalopex-culpaeus": 4,
				"*-lycalopex-fulvipes": 3,
				"*-lycalopex-griseus": 3,
				"*-lycalopex-gymnocercus": 4,
				"*-lycalopex-sechurae": 3,
				"*-lycalopex-vetulus": 3,
				"*-speothos-pacivorus": 10,
				"*-speothos-venaticus": 4
				}
			},
			{"code": "deaddecay",
				"hoursToDecay": 96,
				"decayedBlockByType": {
				"*-atelocynus-*": "carcass-tiny",
				"*-cerdocyon-*": "carcass-tiny",
				"*-chrysocyon-*": "carcass-medium",
				"*-dusicyon-*": "carcass-small",
				"*-lycalopex-*": "carcass-tiny",
				"*-speothos-*": "carcass-small"
				}
			},
			{"code": "floatupwhenstuck","onlyWhenDead": true},
			{"code": "harvestable",
				"quantitySlots": 8,
				"drops": [
					{
						"type": "item",
						"code": "game:bushmeat-raw",
						"quantityByType": {
							"*-atelocynus-microtis": {"avg": 2,"var": 0.6},
							"*-cerdocyon-thous": {"avg": 1,"var": 0.3},
							"*-chrysocyon-brachyurus": {"avg": 2,"var": 1.0},
							"*-dusicyon-australis": {"avg": 2,"var": 1.0},
							"*-dusicyon-avus": {"avg": 2,"var": 1.0},
							"*-lycalopex-culpaeus": {"avg": 2,"var": 0.6},
							"*-lycalopex-fulvipes": {"avg": 1,"var": 0.3},
							"*-lycalopex-griseus": {"avg": 1,"var": 0.3},
							"*-lycalopex-gymnocercus": {"avg": 1,"var": 0.3},
							"*-lycalopex-sechurae": {"avg": 0,"var": 0},
							"*-lycalopex-vetulus": {"avg": 1,"var": 0.3},
							"*-speothos-pacivorus": {"avg": 3,"var": 1.0},
							"*-speothos-venaticus": {"avg": 1,"var": 0.3}
						}
					},
					{
						"type": "item",
						"code": "game:fat",
						"quantityByType": {
							"*-chrysocyon-brachyurus": {"avg": 1,"var": 0.3},
							"*-dusicyon-australis": {"avg": 1,"var": 0.3},
							"*-dusicyon-avus": {"avg": 1,"var": 0.3},
							"*-lycalopex-culpaeus": {"avg": 1,"var": 0.3},
							"*-speothos-pacivorus": {"avg": 1,"var": 0.6}
						}
					},
					{
						"type": "item",
						"code": "caninae:pelt-cerdocyonina-female-{genus}-{species}",
						"quantityByType": {
							"*": {"avg": 1.0,"var": 0.0}
						}
					}
				]
			},
			{"code": "breathe" },
			{"code": "multiply",
				"spawnEntityCodesByType": {
				"*": [ { "code":"caninae:caninae-cerdocyonina-baby-female-{genus}-{species}"}, {"code": "caninae:caninae-cerdocyonina-baby-male-{genus}-{species}"} ]
				},
				"requiresNearbyEntityCodeByType": {
					"*": "caninae:caninae-cerdocyonina-adult-male-{genus}-{species}"
				},
				"requiresNearbyEntityRange": 10,
				"spawnQuantityMin": 1,
				"spawnQuantityMaxByType": {"*-microtis": 6,"*-thous": 6,"*-brachyurus": 6,"*-dusicyon-*": 6,"*-culpaeus": 5,"*-fulvipes": 4,"*-griseus": 4,"*-gymnocercus": 8,"*-sechurae": 6,"*-vetulus": 4,"*-pacivorus": 12,"*-venaticus": 10},
				"pregnancyDaysByType": {"*-microtis": 10,"*-thous": 10,"*-brachyurus": 12,"*-dusicyon-*": 12,"*-culpaeus": 12,"*-fulvipes": 12,"*-griseus": 12,"*-gymnocercus": 12,"*-sechurae": 12,"*-vetulus": 10,"*-pacivorus": 14,"*-venaticus": 13},
				"multiplyCooldownDaysMinByType": {"*-microtis": 9,"*-thous": 9,"*-brachyurus": 18,"*-dusicyon-*": 18,"*-culpaeus": 9,"*-fulvipes": 9,"*-griseus": 9,"*-gymnocercus": 9,"*-sechurae": 9,"*-vetulus": 9,"*-pacivorus": 9,"*-venaticus": 9},
				"multiplyCooldownDaysMaxByType": {"*-microtis": 18,"*-thous": 18,"*-brachyurus": 27,"*-dusicyon-*": 27,"*-culpaeus": 18,"*-fulvipes": 18,"*-griseus": 18,"*-gymnocercus": 18,"*-sechurae": 18,"*-vetulus": 18,"*-pacivorus": 18,"*-venaticus": 18},
				"portionsEatenForMultiplyByType": {"*-microtis": 4,"*-thous": 4,"*-brachyurus": 6,"*-dusicyon-*": 6,"*-culpaeus": 5,"*-fulvipes": 3,"*-griseus": 4,"*-gymnocercus": 4,"*-sechurae": 4,"*-vetulus": 4,"*-pacivorus": 6,"*-venaticus": 4}
			},
			{"code": "emotionstates",
				"states": [
					{"code": "fleeondamage","duration": 120,
						"chanceByType": {
							"*-speothos-pacivorus": 0.45,
							"*": 0.95
						},
						"slot": 2,"priority": 5,"accumType": "max","whenHealthRelBelow": 0.75},
					{"code": "aggressiveondamage","duration": 30,
						"chanceByType": {
							"*-dusicyon-avus": 0.9,
							"*-speothos-pacivorus": 1.0,
							"*": 0.55
						},
						"slot": 2,"priority": 2,"accumType": "noaccum"},
					{"code": "fleeondamage","duration": 60,"chance": 1,"slot": 2,"priority": 1,"accumType": "max"},
					{"code": "alarmherdondamage","chance": 1,"slot": 1,"priority": 1,"accumType": "max"},
					{"code": "saturated","duration": 2880,"chance": 1,"slot": 0,"priority": 1,"accumType": "sum"}
				]
			},
			{
				"code": "taskai",
				"aitasks": [
					{
						"code": "meleeattack",
						"entityCodesByType": {
							"*-atelocynus-microtis": [ "player","chicla-*","casuariidae-egg-*", "rana-*"  ],
							"*-cerdocyon-thous": [ "player","chicken-*","hare-*", "chelonoidis-*","casuariidae-egg-*", "rana-*" ],
							"*-chrysocyon-brachyurus": [ "player","chicken-*","hare-*", "chelonoidis-*", "casuariidae-egg-*","rana-*"  ],
							"*-dusicyon-australis": [ "player","chicken-*","casuariidae-egg-*","hare-*" ],
							"*-dusicyon-avus": [ "player","chicken-*","deer-*","hare-*", "antilopinae-baby-*", "antilopinae-carcass", "caninae-canina-carcass","caninae-urocyonini-carcass", "caninae-vulpini-carcass","caprinae-baby-*", "caprinae-carcass", "casuariidae-*", "cerviade-capreolini-*", "cerviade-odocoileini-*", "cervidae-carcass","chelonoidis-*", "hyaenidae-carcass", "pantherinae-neofelis-carcass","machairodontinae-carcass","manidae-*","pantherinae-panthera-carcass", "procyonidae-*","suidae-carcass", "ursidae-carcass" ],
							"*-lycalopex-culpaeus": [ "player","chicken-*","deer-*-*-baby","hare-*", "antilopinae-baby-*", "antilopinae-carcass", "caninae-canina-carcass","caninae-urocyonini-carcass", "caninae-vulpini-carcass","caprinae-baby-*", "caprinae-carcass", "casuariidae-baby-*","casuariidae-carcass-*","casuariidae-egg-*","cerviade-odocoileini-baby-*", "cervidae-carcass", "chelonoidis-*", "hyaenidae-carcass","machairodontinae-carcass", "pantherinae-neofelis-carcass","pantherinae-panthera-carcass", "procyonidae-*","suidae-carcass", "ursidae-carcass" ],
							"*-lycalopex-vetulus": [ "player","chicken-*","hare-*", "antilopinae-carcass", "caninae-canina-carcass","caninae-urocyonini-carcass", "caninae-vulpini-carcass", "caprinae-carcass", "casuariidae-baby-*","casuariidae-carcass-*","casuariidae-egg-*", "cervidae-carcass", "hyaenidae-carcass","machairodontinae-carcass", "pantherinae-neofelis-carcass","pantherinae-panthera-carcass","rana-*","suidae-carcass", "ursidae-carcass" ],
							"*-lycalopex-*": [ "player","chicken-*","hare-*", "antilopinae-carcass", "caninae-canina-carcass","caninae-urocyonini-carcass", "caninae-vulpini-carcass", "caprinae-carcass", "casuariidae-baby-*","casuariidae-carcass-*","casuariidae-egg-*",  "cervidae-carcass","chelonoidis-*", "hyaenidae-carcass","machairodontinae-carcass", "pantherinae-neofelis-carcass","pantherinae-panthera-carcass", "procyonidae-*", "rana-*","suidae-carcass", "ursidae-carcass" ],
							"*-speothos-pacivorus": [ "player","chicken-*","deer-*","hare-*", "antilopinae-baby-*", "antilopinae-carcass", "caninae-canina-carcass","caninae-urocyonini-carcass", "caninae-vulpini-carcass","caprinae-baby-*", "caprinae-carcass","casuariidae-*","cerviade-odocoileini-baby-*", "cervidae-carcass", "chelonoidis-*", "hyaenidae-carcass","machairodontinae-carcass","manidae-*", "pantherinae-neofelis-carcass","pantherinae-panthera-carcass", "procyonidae-*","suidae-carcass", "ursidae-carcass" ],
							"*-speothos-venaticus": [ "player","chicken-*","deer-*-*-baby","hare-*", "antilopinae-baby-*", "antilopinae-carcass", "caninae-canina-carcass","caninae-urocyonini-carcass", "caninae-vulpini-carcass","caprinae-baby-*", "caprinae-carcass","casuariidae-baby-*","casuariidae-carcass-*","casuariidae-egg-*", "cerviade-odocoileini-baby-*", "cervidae-carcass", "chelonoidis-*", "hyaenidae-carcass","machairodontinae-carcass", "pantherinae-neofelis-carcass","pantherinae-panthera-carcass", "procyonidae-*","suidae-carcass", "ursidae-carcass" ]},
						"knockbackStrengthByType": {"*":0.1},
						"priority": 3,
						"slot": 1,
						"damageByType": {"*-atelocynus-microtis": 3,"*-cerdocyon-thous": 3,"*-chrysocyon-brachyurus": 4,"*-dusicyon-australis": 4,"*-dusicyon-avus": 5,"*-lycalopex-culpaeus": 3,"*-lycalopex-fulvipes": 2,"*-lycalopex-griseus": 2,"*-lycalopex-gymnocercus": 3,"*-lycalopex-sechurae": 2,"*-lycalopex-vetulus": 2,"*-speothos-pacivorus": 5,"*-speothos-venaticus": 3},
						"damageTierByType": {"*":1},
						"damageTypeByType": {"*": "SlashingAttack"},
						"mincooldown": 1500,
						"maxcooldown": 1500,
						"attackDurationMs": 800,
						"damagePlayerAtMs": 500,
						"animation": "Attack",
						"animationSpeed": 2.5,
						"soundByType": {"*-dusicyon-*":"caninae:creature/dusicyon/growl","@.*-(atelocynus|cerdocyon|lycalopex|speothos)-.*":"caninae:creature/urocyon/attack"},
						"whenNotInEmotionState": "aggressiveondamage|fleeondamage"
					},
					{
						"code": "meleeattack",
						"entityCodesByType": {"*": ["player","wolf-*","bear-*","hyena-*","antilopinae-*","caprinae-*","caninae-canina-*","caninae-urocyonini-*", "caninae-vulpini-*", "casuariidae-*","cervidae-*","machairodontinae-*","pantherinae-*","procyonidae-*","rhinocerotidae-*","suidae-*","ursidae-*"]},
						"knockbackStrengthByType": {"*":0.1},
						"priority": 3.1,
						"slot": 1,
						"damageByType": {"*-atelocynus-microtis": 3,"*-cerdocyon-thous": 3,"*-chrysocyon-brachyurus": 4,"*-dusicyon-australis": 4,"*-dusicyon-avus": 5,"*-lycalopex-culpaeus": 3,"*-lycalopex-fulvipes": 2,"*-lycalopex-griseus": 2,"*-lycalopex-gymnocercus": 3,"*-lycalopex-sechurae": 2,"*-lycalopex-vetulus": 2,"*-speothos-pacivorus": 5,"*-speothos-venaticus": 3},
						"damageTierByType": {"*": 1},
						"damageTypeByType": {"*": "SlashingAttack"},
						"mincooldown": 1500,
						"maxcooldown": 1500,
						"attackDurationMs": 800,
						"damagePlayerAtMs": 500,
						"animation": "Attack",
						"animationSpeed": 2.5,
						"soundByType": {"*-dusicyon-*":"caninae:creature/dusicyon/growl","@.*-(atelocynus|cerdocyon|lycalopex|speothos)-.*":"caninae:creature/urocyon/attack"},
						"whenInEmotionState": "aggressiveondamage"
					},
					{
						"code": "fleeentity",
						"entityCodesByType": {
							"*-atelocynus-microtis":[ "player", "wolf-*", "bear-*","deer-*-adult-*", "fox-*", "goat-*-adult-*", "hyena-*","moose-*", "sheep-*", "pig-*","antilopinae-adult-*","caninae-canina-adult-*","caprinae-adult-*","casuariidae-adult-*","cervidae-alceini-adult-*","cervidae-capreolini-adult-*","cervidae-odocoileini-adult-*","machairodontinae-adult-*","pantherinae-neofelis-adult-*","pantherinae-panthera-adult-*","rhinocerotidae-adult-*","suidae-adult-*","suidae-elder-*","ursidae-*"  ],
							"*-cerdocyon-thous":[ "player", "wolf-*", "bear-*","deer-*-adult-*", "fox-*", "goat-*-adult-*", "hyena-*","moose-*","sheep-*", "pig-*","antilopinae-adult-*","caninae-canina-adult-*","caprinae-adult-*","casuariidae-adult-*","cervidae-alceini-adult-*","cervidae-capreolini-adult-*","cervidae-odocoileini-adult-*","machairodontinae-adult-*","pantherinae-neofelis-adult-*","pantherinae-panthera-adult-*","rhinocerotidae-adult-*","suidae-adult-*","suidae-elder-*","ursidae-*"  ],
							"*-chrysocyon-brachyurus":[ "player", "wolf-*", "bear-*", "hyena-*", "moose-*", "caninae-canina-adult-*","cervidae-alceini-adult-*","machairodontinae-adult-*","pantherinae-neofelis-adult-*","pantherinae-panthera-adult-*","rhinocerotidae-adult-*","ursidae-adult-*"  ],
							"*-dusicyon-australis":[ "wolf-*", "bear-*", "hyena-*", "moose-*", "caninae-canina-adult-*","casuariidae-adult-*","cervidae-alceini-adult-*","cervidae-capreolini-adult-*","cervidae-odocoileini-adult-*","machairodontinae-adult-*","pantherinae-neofelis-adult-*","pantherinae-panthera-adult-*","rhinocerotidae-adult-*","ursidae-adult-*"  ],
							"*-dusicyon-avus":[ "player", "wolf-*", "bear-*", "hyena-*", "moose-*", "caninae-canina-adult-*","cervidae-alceini-adult-*","machairodontinae-adult-*","pantherinae-neofelis-adult-*","pantherinae-panthera-adult-*","rhinocerotidae-adult-*","ursidae-adult-*"  ],
							"*-lycalopex-*":[ "player", "wolf-*", "bear-*", "fox-*", "hyena-*","moose-*", "sheep-*", "pig-*","antilopinae-adult-*","caninae-canina-adult-*","caprinae-adult-*","casuariidae-adult-*","cervidae-alceini-adult-*","cervidae-capreolini-adult-*","cervidae-odocoileini-adult-*","machairodontinae-adult-*","pantherinae-neofelis-adult-*","pantherinae-panthera-adult-*","rhinocerotidae-adult-*","suidae-adult-*","suidae-elder-*","ursidae-*"  ],
							"*-speothos-pacivorus":[ "bear-*", "moose-*","cervidae-alceini-adult-*","machairodontinae-adult-*","pantherinae-neofelis-adult-*","pantherinae-panthera-adult-*","rhinocerotidae-adult-*","ursidae-*"  ],
							"*-speothos-venaticus":[ "player", "wolf-*", "bear-*", "moose-*","hyena-*", "caninae-canina-adult-*","casuariidae-adult-*","cervidae-alceini-adult-*","machairodontinae-adult-*","pantherinae-neofelis-adult-*","pantherinae-panthera-adult-*","rhinocerotidae-adult-*","ursidae-*"  ]},
						"priority": 3.81,
						"movespeedByType": {"*-atelocynus-microtis": 0.024,"*-cerdocyon-thous": 0.024,"*-chrysocyon-brachyurus":0.06,"*-dusicyon-australis":0.032,"*-dusicyon-avus":0.035,"*-lycalopex-culpaeus":0.03,"*-lycalopex-fulvipes":0.018,"*-lycalopex-griseus":0.024,"*-lycalopex-gymnocercus":0.021,"*-lycalopex-sechurae":0.02,"*-lycalopex-vetulus":0.02,"*-speothos-pacivorus":0.03,"*-speothos-venaticus":0.02},
						"seekingRange": 6,
						"animation": "Gallop",
						"animationSpeed": 2,
						"soundByType": {}
					},
					{
						"code": "fleeentity",
						"entityCodesByType": {
							"*-atelocynus-microtis":[ "player", "wolf-*", "bear-*","deer-*-adult-*", "fox-*", "goat-*-adult-*", "hyena-*","moose-*", "sheep-*", "pig-*","antilopinae-adult-*","caninae-canina-adult-*","caprinae-adult-*","casuariidae-adult-*","cervidae-alceini-adult-*","cervidae-capreolini-adult-*","cervidae-odocoileini-adult-*","machairodontinae-adult-*","pantherinae-neofelis-adult-*","pantherinae-panthera-adult-*","rhinocerotidae-adult-*","suidae-adult-*","suidae-elder-*","ursidae-*"  ],
							"*-cerdocyon-thous":[ "player", "wolf-*", "bear-*","deer-*-adult-*", "fox-*", "goat-*-adult-*", "hyena-*","moose-*","sheep-*", "pig-*","antilopinae-adult-*","caninae-canina-adult-*","caprinae-adult-*","casuariidae-adult-*","cervidae-alceini-adult-*","cervidae-capreolini-adult-*","cervidae-odocoileini-adult-*","machairodontinae-adult-*","pantherinae-neofelis-adult-*","pantherinae-panthera-adult-*","rhinocerotidae-adult-*","suidae-adult-*","suidae-elder-*","ursidae-*"  ],
							"*-chrysocyon-brachyurus":[ "player", "wolf-*", "bear-*", "hyena-*", "moose-*", "caninae-canina-adult-*","cervidae-alceini-adult-*","machairodontinae-adult-*","pantherinae-neofelis-adult-*","pantherinae-panthera-adult-*","rhinocerotidae-adult-*","ursidae-adult-*"  ],
							"*-dusicyon-australis":[ "wolf-*", "bear-*", "hyena-*", "moose-*", "caninae-canina-adult-*","casuariidae-adult-*","cervidae-alceini-adult-*","cervidae-capreolini-adult-*","cervidae-odocoileini-adult-*","machairodontinae-adult-*","pantherinae-neofelis-adult-*","pantherinae-panthera-adult-*","rhinocerotidae-adult-*","ursidae-adult-*"  ],
							"*-dusicyon-avus":[ "player", "wolf-*", "bear-*", "hyena-*", "moose-*", "caninae-canina-adult-*","cervidae-alceini-adult-*","machairodontinae-adult-*","pantherinae-neofelis-adult-*","pantherinae-panthera-adult-*","rhinocerotidae-adult-*","ursidae-adult-*"  ],
							"*-lycalopex-*":[ "player", "wolf-*", "bear-*", "fox-*", "hyena-*","moose-*", "sheep-*", "pig-*","antilopinae-adult-*","caninae-canina-adult-*","caprinae-adult-*","casuariidae-adult-*","cervidae-alceini-adult-*","cervidae-capreolini-adult-*","cervidae-odocoileini-adult-*","machairodontinae-adult-*","pantherinae-neofelis-adult-*","pantherinae-panthera-adult-*","rhinocerotidae-adult-*","suidae-adult-*","suidae-elder-*","ursidae-*"  ],
							"*-speothos-pacivorus":[ "bear-*", "moose-*","cervidae-alceini-adult-*","machairodontinae-adult-*","pantherinae-neofelis-adult-*","pantherinae-panthera-adult-*","rhinocerotidae-adult-*","ursidae-*"  ],
							"*-speothos-venaticus":[ "player", "wolf-*", "bear-*", "moose-*","hyena-*", "caninae-canina-adult-*","casuariidae-adult-*","cervidae-alceini-adult-*","machairodontinae-adult-*","pantherinae-neofelis-adult-*","pantherinae-panthera-adult-*","rhinocerotidae-adult-*","ursidae-*"  ]},
						"priority": 3.8,
						"movespeedByType": {"*-atelocynus-microtis": 0.008,"*-cerdocyon-thous": 0.008,"*-chrysocyon-brachyurus":0.02,"*-dusicyon-australis":0.012,"*-dusicyon-avus":0.013,"*-lycalopex-culpaeus":0.0108,"*-lycalopex-fulvipes":0.006,"*-lycalopex-griseus":0.0085,"*-lycalopex-gymnocercus":0.0074,"*-lycalopex-sechurae":0.0066,"*-lycalopex-vetulus":0.0066,"*-speothos-pacivorus":0.0108,"*-speothos-venaticus":0.0066},
						"seekingRange": 25,
						"animation": "Trot",
						"animationSpeed": 2.0,
						"whenNotInEmotionState": "aggressiveondamage"
					},
					{
						"code": "seekentity",
						"entityCodesByType": {
							"*-atelocynus-microtis": ["chicla-*", "rana-*"  ],
							"*-cerdocyon-thous": [ "chicken-*","hare-*", "chelonoidis-*", "rana-*" ],
							"*-chrysocyon-brachyurus": [ "chicken-*","hare-*", "chelonoidis-*", "rana-*"  ],
							"*-dusicyon-australis": [ "chicken-*","hare-*" ],
							"*-dusicyon-avus": ["chicken-*","deer-*-*-baby","hare-*", "antilopinae-baby-*","caprinae-baby-*",  "cervidae-capreolini-*","cervidae-odocoileini-*", "chelonoidis-*", "procyonidae-*" ],
							"*-lycalopex-culpaeus": [ "chicken-*","deer-*-*-baby","hare-*", "antilopinae-baby-*","caprinae-baby-*", "cervidae-capreolini-baby-*","cervidae-odocoileini-baby-*", "chelonoidis-*", "procyonidae-*" ],
							"*-lycalopex-vetulus": [ "chicken-*","hare-*", "rana-*" ],
							"*-lycalopex-*": [ "chicken-*","hare-*", "chelonoidis-*", "procyonidae-*", "rana-*" ],
							"*-speothos-pacivorus": [ "chicken-*","deer-*-*-baby","hare-*", "antilopinae-baby-*","caprinae-baby-*", "cervidae-capreolini-baby-*","cervidae-odocoileini-baby-*","chelonoidis-*", "procyonidae-*" ],
							"*-speothos-venaticus": [ "chicken-*","hare-*", "antilopinae-baby-*", "caprinae-baby-*",  "cervidae-capreolini-baby-*","cervidae-odocoileini-baby-*", "chelonoidis-*", "procyonidae-*" ]},
						"priority": 1.8,
						"seekingRange": 15,
						"movespeedByType": {"*-atelocynus-microtis": 0.024,"*-cerdocyon-thous": 0.024, "*-chrysocyon-brachyurus":0.06,"*-dusicyon-australis":0.032,"*-dusicyon-avus":0.035,"*-lycalopex-culpaeus":0.03,"*-lycalopex-fulvipes":0.018,"*-lycalopex-griseus":0.024,"*-lycalopex-gymnocercus":0.021,"*-lycalopex-sechurae":0.02,"*-lycalopex-vetulus":0.02,"*-speothos-pacivorus":0.03,"*-speothos-venaticus":0.02},
						"animation": "Gallop",
						"animationSpeed": 2.0,
						"whenNotInEmotionState": "fleeondamage|saturated"
					},
					{
						"code": "seekentity",
						"entityCodesByType": {
							"*-atelocynus-microtis": ["casuariidae-egg-*","chicla-*", "rana-*"  ],
							"*-cerdocyon-thous": [ "chicken-*","hare-*","casuariidae-egg-*", "chelonoidis-*", "rana-*" ],
							"*-chrysocyon-brachyurus": [ "chicken-*","hare-*","casuariidae-baby-*","casuariidae-egg-*", "chelonoidis-*", "rana-*"  ],
							"*-dusicyon-australis": [ "chicken-*","hare-*","casuariidae-baby-*","casuariidae-egg-*" ],
							"*-dusicyon-avus": [ "chicken-*","deer-*-*-baby","hare-*", "antilopinae-baby-*", "antilopinae-carcass", "caninae-canina-carcass","caninae-urocyonini-carcass", "caninae-vulpini-carcass","caprinae-baby-*", "caprinae-carcass", "cervidae-capreolini-*","cervidae-odocoileini-*", "cervidae-carcass", "casuariidae-baby-*","casuariidae-carcass-*","casuariidae-egg-*","chelonoidis-*", "hyaenidae-carcass","machairodontinae-carcass", "pantherinae-neofelis-carcass","pantherinae-panthera-carcass", "procyonidae-*","suidae-carcass", "ursidae-carcass" ],
							"*-lycalopex-culpaeus": [ "chicken-*","deer-*-*-baby","hare-*", "antilopinae-baby-*", "antilopinae-carcass", "caninae-canina-carcass","caninae-urocyonini-carcass", "caninae-vulpini-carcass","caprinae-baby-*", "caprinae-carcass", "cervidae-capreolini-baby-*","cervidae-odocoileini-baby-*",  "cervidae-carcass", "casuariidae-baby-*","casuariidae-carcass-*","casuariidae-egg-*","chelonoidis-*", "hyaenidae-carcass","machairodontinae-carcass", "pantherinae-neofelis-carcass","pantherinae-panthera-carcass", "procyonidae-*","suidae-carcass", "ursidae-carcass" ],
							"*-lycalopex-vetulus": [ "chicken-*","deer-*-*-baby","hare-*", "antilopinae-carcass", "caninae-canina-carcass","caninae-urocyonini-carcass", "caninae-vulpini-carcass", "caprinae-carcass",  "cervidae-carcass","casuariidae-baby-*","casuariidae-carcass-*","casuariidae-egg-*", "hyaenidae-carcass","machairodontinae-carcass", "pantherinae-neofelis-carcass","pantherinae-panthera-carcass","rana-*","suidae-carcass", "ursidae-carcass" ],
							"*-lycalopex-*": [ "chicken-*","deer-*-*-baby","hare-*", "antilopinae-carcass", "caninae-canina-carcass","caninae-urocyonini-carcass", "caninae-vulpini-carcass", "caprinae-carcass",  "cervidae-carcass","casuariidae-baby-*","casuariidae-carcass-*","casuariidae-egg-*", "chelonoidis-*", "hyaenidae-carcass","machairodontinae-carcass", "pantherinae-neofelis-carcass","pantherinae-panthera-carcass", "procyonidae-*", "rana-*","suidae-carcass", "ursidae-carcass" ],
							"*-speothos-pacivorus": [ "chicken-*","deer-*-*-baby","hare-*", "antilopinae-baby-*", "antilopinae-carcass", "caninae-canina-carcass","caninae-urocyonini-carcass", "caninae-vulpini-carcass","caprinae-baby-*", "caprinae-carcass","casuariidae-baby-*","casuariidae-carcass-*","casuariidae-egg-*", "cervidae-capreolini-baby-*","cervidae-odocoileini-baby-*", "cervidae-carcass", "chelonoidis-*", "hyaenidae-carcass","machairodontinae-carcass", "pantherinae-neofelis-carcass","pantherinae-panthera-carcass", "procyonidae-*","suidae-carcass", "ursidae-carcass" ],
							"*-speothos-venaticus": [ "chicken-*","deer-*-*-baby","hare-*", "antilopinae-baby-*", "antilopinae-carcass", "caninae-canina-carcass","caninae-urocyonini-carcass", "caninae-vulpini-carcass","caprinae-baby-*", "caprinae-carcass","casuariidae-baby-*","casuariidae-carcass-*","casuariidae-egg-*", "cervidae-capreolini-baby-*","cervidae-odocoileini-baby-*",  "cervidae-carcass", "chelonoidis-*", "hyaenidae-carcass","machairodontinae-carcass", "pantherinae-neofelis-carcass","pantherinae-panthera-carcass", "procyonidae-*","suidae-carcass", "ursidae-carcass" ]},
						"priority": 1.7,
						"priorityForCancel": 1.71,
						"seekingRange": 30,
						"movespeedByType": {"*-atelocynus-microtis": 0.006,"*-cerdocyon-thous": 0.006,"*-chrysocyon-brachyurus":0.015,"*-dusicyon-australis":0.008,"*-dusicyon-avus":0.0088,"*-lycalopex-culpaeus":0.0072,"*-lycalopex-fulvipes":0.0045,"*-lycalopex-griseus":0.00575,"*-lycalopex-gymnocercus":0.005,"*-lycalopex-sechurae":0.0048,"*-lycalopex-vetulus":0.0048,"*-speothos-pacivorus":0.0072,"*-speothos-venaticus":0.0048},
						"animation": "Trot",
						"animationSpeed": 2.0,
						"whenNotInEmotionState": "fleeondamage|saturated"
					},
					{
						"code": "seekentity",
						"entityCodesByType": {
							"*":[ "player", "wolf-*", "bear-*", "deer-*","fox-*","goat-*", "hyena-*", "moose-*","sheep-*", "pig-*","antilopinae-*","caninae-canina-*","caninae-vulpini-*","caprinae-*","casuariidae-*", "cervidae-*","machairodontinae-*", "pantherinae-*","suidae-*","ursidae-*" ]},
						"priority": 3.82,
						"seekingRange": 5,
						"movespeedByType": {"*-atelocynus-microtis": 0.024,"*-cerdocyon-thous": 0.024,"*-chrysocyon-brachyurus":0.06,"*-dusicyon-australis":0.032,"*-dusicyon-avus":0.035,"*-lycalopex-culpaeus":0.03,"*-lycalopex-fulvipes":0.018,"*-lycalopex-griseus":0.024,"*-lycalopex-gymnocercus":0.021,"*-lycalopex-sechurae":0.02,"*-lycalopex-vetulus":0.02,"*-speothos-pacivorus":0.03,"*-speothos-venaticus":0.02},
						"animation": "Canter",
						"animationSpeed": 1.0,
						"soundByType": {"@.*-(atelocynus|cerdocyon|lycalopex|speothos)-.*":"caninae:creature/urocyon/hurt"},
						"whenInEmotionState": "aggressiveondamage"
					},
					{
						"code": "fleeentity",
						"entityCodesByType": {
							"*":[ "player", "wolf-*", "bear-*", "deer-*","fox-*","goat-*", "hyena-*", "moose-*","sheep-*", "pig-*","antilopinae-*","caninae-canina-*","caninae-vulpini-*","caprinae-*", "casuariidae-adult-*", "cervidae-*","machairodontinae-*", "pantherinae-*","suidae-*","ursidae-*" ]},
						"priority": 3.83,
						"movespeedByType": {"*-atelocynus-microtis": 0.022,"*-cerdocyon-thous": 0.022,"*-chrysocyon-brachyurus":0.057,"*-dusicyon-australis":0.030,"*-dusicyon-avus":0.033,"*-lycalopex-culpaeus":0.027,"*-lycalopex-fulvipes":0.017,"*-lycalopex-griseus":0.022,"*-lycalopex-gymnocercus":0.02,"*-lycalopex-sechurae":0.018,"*-lycalopex-vetulus":0.018,"*-speothos-pacivorus":0.027,"*-speothos-venaticus":0.018},
						"seekingRange": 25,
						"animation": "Canter",
						"animationSpeed": 2.0,
						"soundByType": {"@.*-(atelocynus|cerdocyon|lycalopex|speothos)-.*":"caninae:creature/urocyon/hurt"},
						"whenInEmotionState": "fleeondamage"
					},
					{
						"code": "getoutofwater",
						"priority": 1.81,
						"priorityForCancel": 1.85,
						"movespeedByType": {"*-atelocynus-microtis": 0.024,"*-cerdocyon-thous": 0.024,"*-chrysocyon-brachyurus":0.06,"*-dusicyon-australis":0.032,"*-dusicyon-avus":0.035,"*-lycalopex-culpaeus":0.03,"*-lycalopex-fulvipes":0.018,"*-lycalopex-griseus":0.024,"*-lycalopex-gymnocercus":0.021,"*-lycalopex-sechurae":0.02,"*-lycalopex-vetulus":0.02,"*-speothos-pacivorus":0.03,"*-speothos-venaticus":0.02},
						"animation": "Swim",
						"animationSpeed": 1
					},
					{
						"code": "stayclosetoentity",
						"priority": 1.4,
						"entityCodeByType": {"*": "caninae-cerdocyonina-adult-male-{genus}-{species}"},
						"movespeedByType": {"*-atelocynus-microtis": 0.006,"*-cerdocyon-thous": 0.006,"*-chrysocyon-brachyurus":0.015,"*-dusicyon-australis":0.008,"*-dusicyon-avus":0.009,"*-lycalopex-culpaeus":0.0072,"*-lycalopex-fulvipes":0.0045,"*-lycalopex-griseus":0.00575,"*-lycalopex-gymnocercus":0.005,"*-lycalopex-sechurae":0.0048,"*-lycalopex-vetulus":0.0045,"*-speothos-pacivorus":0.0072,"*-speothos-venaticus":0.0045},
						"animationSpeedByType": {"chrysocyon-brachyurus": 0.66, "*": 2},
						"maxDistance": 8,
						"searchRange": 25,
						"animation": "Trot",
						"stopOnHurt": true,
						"soundByType": {}
					},
					{
						"code": "seekentity",
						"priority": 1.34,
						"entityCodesByType": {
							"*": [ "player", "hyena-*", "wolf-*", "moose-*","bear-*", "caninae-canina-*","hyaenidae-*","machairodontinae-*","pantherinae-*","ursidae-*" ]
						},
						"minduration": 4000,
						"maxduration": 4000,
						"movespeedByType": {"*-cerdocyonina-*": 0.0001},
						"mincooldown": 6000,
						"maxcooldown": 12000,
						"seekingRangeByType": {"*":35},
						"animation": "Yip",
						"animationSpeed": 1,
						"stopOnHurt": true,
						"soundByType": {"*-chrysocyon-brachyurus":"caninae:creature/chrysocyon/brachyurus-call","*-dusicyon-*":"caninae:creature/dusicyon/growl","*-lycalopex-*":"caninae:creature/lycalopex/call", "@.*-(atelocynus|cerdocyon|lycalopex|speothos)-.*":"caninae:creature/otocyon/growl"},
						"soundRangeByType": {"*-chrysocyon-brachyurus":120,"*": 50}
					},
					{
						"code": "idle",
						"priority": 1.3,
						"minduration": 200000,
						"maxduration": 800000,
						"mincooldown": 10000,
						"maxcooldown": 30000,
						"animation": "Sleep",
						"animationSpeed": 0.3,
						"whenNotInEmotionState": "aggressiveondamage|fleeondamage",
						"duringDayTimeFramesByType": {
							"*-atelocynus-microtis":[{"fromHour": 11,"toHour": 14},{"fromHour": 16,"toHour": 18}],
							"*-cerdocyon-thous":[{"fromHour": 8,"toHour": 18}],
							"*-chrysocyon-brachyurus":[{"fromHour": 11,"toHour": 19},{"fromHour": 23,"toHour": 24},{"fromHour": 0,"toHour": 7}],
							"*-dusicyon-australis":[{"fromHour": 18,"toHour": 24},{"fromHour": 0,"toHour": 6}],
							"*-dusicyon-avus":[{"fromHour": 11,"toHour": 19},{"fromHour": 23,"toHour": 24},{"fromHour": 0,"toHour": 7}],
							"*-lycalopex-culpaeus":[{"fromHour": 11,"toHour": 18}],
							"*-lycalopex-fulvipes":[{"fromHour": 7,"toHour": 18},{"fromHour": 21,"toHour": 24},{"fromHour": 0,"toHour": 4}],
							"*-lycalopex-griseus":[{"fromHour": 11,"toHour": 18}],
							"*-lycalopex-gymnocercus":[{"fromHour": 11,"toHour": 18}],
							"*-lycalopex-sechurae":[{"fromHour": 7,"toHour": 18}],
							"*-lycalopex-vetulus":[{"fromHour": 8,"toHour": 18}],
							"*-speothos-pacivorus":[{"fromHour": 18,"toHour": 24},{"fromHour": 0,"toHour": 6}],
							"*-speothos-venaticus":[{"fromHour": 18,"toHour": 24},{"fromHour": 0,"toHour": 6}]},
						"stopOnNearbyEntityCodes": [ "player" ],
						"stopRange": 6,
						"stopOnHurt": true
					},
					{
						"code": "seekfoodandeat",
						"movespeedByType": {"*-atelocynus-microtis": 0.0024,"*-cerdocyon-thous": 0.0024,"*-chrysocyon-brachyurus":0.006,"*-dusicyon-australis":0.0032,"*-dusicyon-avus":0.0035,"*-lycalopex-culpaeus":0.003,"*-lycalopex-fulvipes":0.0018,"*-lycalopex-griseus":0.0024,"*-lycalopex-gymnocercus":0.0021,"*-lycalopex-sechurae":0.002,"*-lycalopex-vetulus":0.002,"*-speothos-pacivorus":0.003,"*-speothos-venaticus":0.002},
						"priority": 1.34,
						"eatSoundByType": {"*":"game:creature/animal-eat*"},
						"eatTime": 5.0,
						"animationSpeed": 1,
						"eatLooseItems": true,
						"animation": "Walk",
						"eatAnimation": "Eat",
						"whenNotInEmotionState": "aggressiveondamage|fleeondamage",
						"eatAnimationLooseItems": "Eat",
						"stopOnHurt": true
					},
					{
						"code": "idle",
						"priority": 1.0,
						"priorityForCancel": 1.35,
						"minduration": 4667,
						"maxduration": 4667,
						"chanceByType": { "*": 0.05},
						"mincooldown": 8000,
						"maxcooldown": 50000,
						"animation": "Yip",
						"whenNotInEmotionState": "aggressiveondamage|fleeondamage",
						"animationSpeed": 1.0,
						"soundByType": {"*-chrysocyon-brachyurus":"caninae:creature/chrysocyon/brachyurus-call","*-dusicyon-australis":"caninae:creature/dusicyon/australis-call","*-dusicyon-avus":"caninae:creature/dusicyon/avus-call","*-lycalopex-*":"caninae:creature/lycalopex/call"},
						"soundRangeByType": {"*": 110},
						"stopOnHurt": true
					},
					{
						"code": "wander",
						"priority": 1.0,
						"priorityForCancel": 1.35,
						"chance": 0.5,
						"movespeedByType": {"*-atelocynus-microtis": 0.006,"*-cerdocyon-thous": 0.006,"*-chrysocyon-brachyurus":0.015,"*-dusicyon-australis":0.008,"*-dusicyon-avus":0.009,"*-lycalopex-culpaeus":0.0072,"*-lycalopex-fulvipes":0.0045,"*-lycalopex-griseus":0.00575,"*-lycalopex-gymnocercus":0.005,"*-lycalopex-sechurae":0.0048,"*-lycalopex-vetulus":0.0045,"*-speothos-pacivorus":0.0072,"*-speothos-venaticus":0.0045},
						"animationSpeedByType": {"chrysocyon-brachyurus": 0.66, "*": 2},
						"animation": "Trot",
						"whenNotInEmotionState": "aggressiveondamage|fleeondamage",
						"preferredLightLevel": 8,
						"stopOnHurt": true
					},
					{
						"code": "wander",
						"priority": 1.0,
						"priorityForCancel": 1.35,
						"chance": 0.25,
						"movespeedByType": {"*-atelocynus-microtis": 0.0024,"*-cerdocyon-thous": 0.0024,"*-chrysocyon-brachyurus":0.006,"*-dusicyon-australis":0.0032,"*-dusicyon-avus":0.0035,"*-lycalopex-culpaeus":0.003,"*-lycalopex-fulvipes":0.0018,"*-lycalopex-griseus":0.0024,"*-lycalopex-gymnocercus":0.0021,"*-lycalopex-sechurae":0.002,"*-lycalopex-vetulus":0.002,"*-speothos-pacivorus":0.003,"*-speothos-venaticus":0.002},
						"animationSpeedByType": {"chrysocyon-brachyurus": 0.66, "*": 1},
						"animation": "Walk",
						"whenNotInEmotionState": "aggressiveondamage|fleeondamage",
						"preferredLightLevel": 8,
						"stopOnHurt": true
					},
					{
						"code": "idle",
						"priority": 0.9,
						"minduration": 2500,
						"maxduration": 2500,
						"mincooldown": 6000,
						"maxcooldown": 20000,
						"priorityForCancel": 1.28,
						"stopOnHurt": true,
						"animation": "Sniff",
						"whenNotInEmotionState": "aggressiveondamage|fleeondamage",
						"soundByType": {"@.*-(atelocynus|cerdocyon|lycalopex|speothos)-.*":"caninae:creature/nyctereutes/sniff"},
						"animationSpeed": 1.25
					},
					{
						"code": "idle",
						"priority": 0.9,
						"minduration": 6000,
						"maxduration": 45000,
						"mincooldown": 6000,
						"maxcooldown": 120000,
						"priorityForCancel": 1.28,
						"stopOnNearbyEntityCodes": [ "player", "bear-*","wolf-*","sheep-*","pig-*","cervidae-*","caprinae-*","caninae-canina-*","machairodontinae-*","pantherinae-*","suidae-*","ursidae-*" ],
						"stopRange": 8,
						"stopOnHurt": true,
						"whenNotInEmotionState": "aggressiveondamage|fleeondamage",
						"animation": "Lie"
					},
					{
						"code": "idle",
						"priority": 0.9,
						"minduration": 6000,
						"maxduration": 45000,
						"mincooldown": 6000,
						"maxcooldown": 120000,
						"priorityForCancel": 1.28,
						"stopOnNearbyEntityCodes": [ "player", "bear-*","wolf-*","sheep-*","pig-*","cervidae-*","caprinae-*","caninae-canina-*","machairodontinae-*","pantherinae-*","suidae-*","ursidae-*" ],
						"stopRange": 8,
						"stopOnHurt": true,
						"whenNotInEmotionState": "aggressiveondamage|fleeondamage",
						"animation": "Sit"
					},
					{
						"code": "lookaround",
						"priority": 0.5,
						"whenNotInEmotionState": "aggressiveondamage|fleeondamage"
					}
				]
			},
			{"code": "ropetieable","minGeneration": 2},
			{"code": "pettable","minGeneration": 1}],
		"spawnconditions": {
			"runtime": {
				"group": "neutral",
				"maxQuantity": 1,
				"maxQuantityByGroup": {"code": "caninae-cerdocyonina-*","maxQuantity": 4},
				"tryOnlySurface": true,
				"chanceByType": {
					"*-atelocynus-microtis": 0.005,
					"*-cerdocyon-thous": 0.005,
					"*-chrysocyon-brachyurus": 0.005,
					"*-dusicyon-australis": 0.001,
					"*-dusicyon-avus": 0.005,
					"*-lycalopex-culpaeus": 0.005,
					"*-lycalopex-fulvipes": 0.005,
					"*-lycalopex-griseus": 0.005,
					"*-lycalopex-gymnocercus": 0.005,
					"*-lycalopex-sechurae": 0.005,
					"*-lycalopex-vetulus": 0.005,
					"*-speothos-pacivorus": 0.005,
					"*-speothos-venaticus": 0.005
				},
				"minLightLevel": 10,
				"groupSizeByType": {
					"*-atelocynus-microtis": { "dist": "uniform", "avg": 1.0, "var": 0.0 },
					"*-cerdocyon-thous": { "dist": "uniform", "avg": 2.0, "var": 0.0 },
					"*-chrysocyon-brachyurus": { "dist": "uniform", "avg": 1.0, "var": 0.0 },
					"*-dusicyon-australis": { "dist": "uniform", "avg": 1.0, "var": 0.0 },
					"*-dusicyon-avus": { "dist": "uniform", "avg": 1.0, "var": 0.0},
					"*-lycalopex-culpaeus": { "dist": "uniform", "avg": 1.5, "var": 0.5},
					"*-lycalopex-fulvipes": { "dist": "uniform", "avg": 1.0, "var": 0.0},
					"*-lycalopex-griseus": { "dist": "uniform", "avg": 1.5, "var": 0.5},
					"*-lycalopex-gymnocercus": { "dist": "uniform", "avg": 1.0, "var": 0.0},
					"*-lycalopex-sechurae": { "dist": "uniform", "avg": 1.0, "var": 0.0},
					"*-lycalopex-vetulus": { "dist": "uniform", "avg": 1.0, "var": 0.0},
					"*-speothos-pacivorus": { "dist": "uniform", "avg": 4.0, "var": 2.0},
					"*-speothos-venaticus": { "dist": "uniform", "avg": 4.0, "var": 2.0}
				},
				"insideBlockCodes": [ "game:gravel-*", "game:sand-*", "game:snowlayer-1", "game:soil-*","game:tallgrass-*" ],
				"minTempByType": {
					"*-atelocynus-microtis": 28,
					"*-cerdocyon-thous": 23,
					"*-chrysocyon-brachyurus": 23,
					"*-dusicyon-australis": -2,
					"*-dusicyon-avus": -11,
					"*-lycalopex-culpaeus": -11,
					"*-lycalopex-fulvipes": -2,
					"*-lycalopex-griseus": -11,
					"*-lycalopex-gymnocercus": 18,
					"*-lycalopex-sechurae": 28,
					"*-lycalopex-vetulus": 23,
					"*-speothos-pacivorus": 23,
					"*-speothos-venaticus": 23},
				"maxTempByType": {
					"*-atelocynus-microtis": 60,
					"*-cerdocyon-thous": 60,
					"*-chrysocyon-brachyurus": 60,
					"*-dusicyon-australis": 8,
					"*-dusicyon-avus": 28,
					"*-lycalopex-culpaeus": 28,
					"*-lycalopex-fulvipes": 18,
					"*-lycalopex-griseus": 28,
					"*-lycalopex-gymnocercus": 28,
					"*-lycalopex-sechurae": 60,
					"*-lycalopex-vetulus": 60,
					"*-speothos-pacivorus": 60,
					"*-speothos-venaticus": 60},
				"minRainByType": {
					"*-atelocynus-microtis": 0.75,
					"*-cerdocyon-thous": 0.2,
					"*-chrysocyon-brachyurus": 0.25,
					"*-dusicyon-australis": 0.6,
					"*-dusicyon-avus": 0.1,
					"*-lycalopex-culpaeus": 0.05,
					"*-lycalopex-fulvipes": 0.75,
					"*-lycalopex-griseus": 0.1,
					"*-lycalopex-gymnocercus": 0.1,
					"*-lycalopex-sechurae": 0.0,
					"*-lycalopex-vetulus": 0.75,
					"*-speothos-pacivorus": 0.25,
					"*-speothos-venaticus": 0.25},
				"maxRainByType": {
					"*-atelocynus-microtis": 1.0,
					"*-cerdocyon-thous": 0.75,
					"*-chrysocyon-brachyurus": 1.0,
					"*-dusicyon-australis": 0.8,
					"*-dusicyon-avus": 1.0,
					"*-lycalopex-culpaeus": 1.0,
					"*-lycalopex-fulvipes": 1.0,
					"*-lycalopex-griseus": 0.5,
					"*-lycalopex-gymnocercus": 1.0,
					"*-lycalopex-sechurae": 0.25,
					"*-lycalopex-vetulus": 1.0,
					"*-speothos-pacivorus": 1.0,
					"*-speothos-venaticus": 1.0},
				"minForestByType": {
					"*-atelocynus-microtis": 0.5,
					"*-cerdocyon-thous": 0.0,
					"*-chrysocyon-brachyurus": 0.0,
					"*-dusicyon-australis": 0.0,
					"*-dusicyon-avus": 0.0,
					"*-lycalopex-culpaeus": 0.0,
					"*-lycalopex-fulvipes": 0.5,
					"*-lycalopex-griseus": 0.0,
					"*-lycalopex-gymnocercus": 0.0,
					"*-lycalopex-sechurae": 0.0,
					"*-lycalopex-vetulus": 0.0,
					"*-speothos-pacivorus": 0.25,
					"*-speothos-venaticus": 0.25},
				"maxForestByType": {
					"*-atelocynus-microtis": 1.0,
					"*-cerdocyon-thous": 0.75,
					"*-chrysocyon-brachyurus": 0.5,
					"*-dusicyon-australis": 0.1,
					"*-dusicyon-avus": 1.0,
					"*-lycalopex-culpaeus": 1.0,
					"*-lycalopex-fulvipes": 0.75,
					"*-lycalopex-griseus": 1.0,
					"*-lycalopex-gymnocercus": 1.0,
					"*-lycalopex-sechurae": 0.5,
					"*-lycalopex-vetulus": 0.5,
					"*-speothos-pacivorus": 1.0,
					"*-speothos-venaticus": 1.0},
				"minShrubByType": {
					"*-atelocynus-microtis": 0.0,
					"*-cerdocyon-thous": 0.0,
					"*-chrysocyon-brachyurus": 0.0,
					"*-dusicyon-australis": 0.0,
					"*-dusicyon-avus": 0.0,
					"*-lycalopex-culpaeus": 0.0,
					"*-lycalopex-fulvipes": 0.5,
					"*-lycalopex-griseus": 0.0,
					"*-lycalopex-gymnocercus": 0.0,
					"*-lycalopex-sechurae": 0.0,
					"*-lycalopex-vetulus": 0.0,
					"*-speothos-pacivorus": 0.25,
					"*-speothos-venaticus": 0.25},
				"maxShrubByType": {
					"*-atelocynus-microtis": 1.0,
					"*-cerdocyon-thous": 1.0,
					"*-chrysocyon-brachyurus": 0.75,
					"*-dusicyon-australis": 1.0,
					"*-dusicyon-avus": 1.0,
					"*-lycalopex-culpaeus": 1.0,
					"*-lycalopex-fulvipes": 1.0,
					"*-lycalopex-griseus": 0.75,
					"*-lycalopex-gymnocercus": 1.0,
					"*-lycalopex-sechurae": 0.75,
					"*-lycalopex-vetulus": 0.95,
					"*-speothos-pacivorus": 1.0,
					"*-speothos-venaticus": 1.0},
				"minYByType": {
					"*-atelocynus-microtis": 1.1,
					"*-cerdocyon-thous": 0.9,
					"*-chrysocyon-brachyurus": 0.9,
					"*-dusicyon-australis": 0.9,
					"*-dusicyon-avus": 0.9,
					"*-lycalopex-culpaeus": 0.9,
					"*-lycalopex-fulvipes": 0.9,
					"*-lycalopex-griseus": 0.9,
					"*-lycalopex-gymnocercus": 0.9,
					"*-lycalopex-sechurae": 0.9,
					"*-lycalopex-vetulus": 0.95,
					"*-speothos-pacivorus": 0.9,
					"*-speothos-venaticus": 0.9},
				"maxYByType": {
					"*-atelocynus-microtis": 1.8,
					"*-cerdocyon-thous": 1.2,
					"*-chrysocyon-brachyurus": 1.6,
					"*-dusicyon-australis": 1.2,
					"*-dusicyon-avus": 1.8,
					"*-lycalopex-culpaeus": 1.8,
					"*-lycalopex-fulvipes": 1.4,
					"*-lycalopex-griseus": 1.8,
					"*-lycalopex-gymnocercus": 1.8,
					"*-lycalopex-sechurae": 1.4,
					"*-lycalopex-vetulus": 1.3,
					"*-speothos-pacivorus": 1.5,
					"*-speothos-venaticus": 1.6},
				"companionsByType": {
				"*":["caninae:caninae-cerdocyonina-adult-male-{genus}-{species}"]}
			}
		}
	},
	"soundsByType": {
"*-dusicyon-*":{"hurt": "caninae:creature/dusicyon/australis-hurt","death": "caninae:creature/dusicyon/australis-hurt","idle": "caninae:creature/dusicyon/australis-idle"},
"*-speothos-pacivorus":{"hurt": "caninae:creature/speothos/pacivorus-hurt","death": "caninae:creature/speothos/pacivorus-hurt","idle": "caninae:creature/speothos/pacivorus-idle"},
"*-speothos-venaticus":{"hurt": "caninae:creature/speothos/venaticus-hurt","death": "caninae:creature/speothos/venaticus-hurt","idle": "caninae:creature/speothos/venaticus-idle"},
"*":{"hurt": "caninae:creature/urocyon/hurt","death": "caninae:creature/urocyon/hurt","idle": "caninae:creature/urocyon/idle"}
	},
	"idleSoundChanceByType": {"*-speothos-*":0.2, "*":0.05}
}