[
{"ingredientPattern": "LK","ingredients": {"K": { "type": "item", "code": "game:knife-*", "isTool": true },"L": { "type": "item", "code": "capreolinae:pelt-*", "allowedVariants": ["capreolini-baby-capreoluscapreolus","capreolini-baby-capreoluspygargus","capreolini-baby-hydropotesinermis","odocoileini-baby-mazamaamericana","odocoileini-baby-mazamachunyi","odocoileini-female-mazamachunyi","odocoileini-male-mazamachunyi","odocoileini-baby-mazamagouazoubira","odocoileini-baby-mazamanana","odocoileini-baby-mazamanemorivaga","odocoileini-baby-mazamarufina","odocoileini-baby-mazamatemama","odocoileini-baby-mazamatienhoveni","odocoileini-baby-odocoileuspandora","odocoileini-baby-ozotocerosbezoarticus","odocoileini-baby-pudellamephistophiles","odocoileini-female-pudellamephistophiles","odocoileini-male-pudellamephistophiles","odocoileini-baby-pudupuda"] }},"width": 2,"height": 1,"output": { "type": "item", "code": "game:hide-raw-small", "quantity": 1  }},
{"ingredientPattern": "LK","ingredients": {"K": { "type": "item", "code": "game:knife-*", "isTool": true },"L": { "type": "item", "code": "capreolinae:pelt-*", "allowedVariants": ["odocoileini-baby-blastocerusdichotomus","odocoileini-baby-hippocamelusantisensis","odocoileini-baby-hippocamelusbisulcus","odocoileini-female-mazamagouazoubira","odocoileini-male-mazamagouazoubira","odocoileini-female-mazamanana","odocoileini-male-mazamanana","odocoileini-female-mazamanemorivaga","odocoileini-male-mazamanemorivaga","odocoileini-female-mazamarufina","odocoileini-male-mazamarufina","odocoileini-female-mazamatemama","odocoileini-male-mazamatemama","odocoileini-female-mazamatienhoveni","odocoileini-male-mazamatienhoveni","odocoileini-female-odocoileuspandora","odocoileini-male-odocoileuspandora","odocoileini-female-pudupuda","odocoileini-male-pudupuda"] }},"width": 2,"height": 1,"output": { "type": "item", "code": "game:hide-raw-small", "quantity": 2  }},
{"ingredientPattern": "LK","ingredients": {"K": { "type": "item", "code": "game:knife-*", "isTool": true },"L": { "type": "item", "code": "capreolinae:pelt-*", "allowedVariants": ["capreolini-female-hydropotesinermis","capreolini-male-hydropotesinermis"] }},"width": 2,"height": 1,"output": { "type": "item", "code": "game:hide-raw-small", "quantity": 3  }},
{"ingredientPattern": "LK","ingredients": {"K": { "type": "item", "code": "game:knife-*", "isTool": true },"L": { "type": "item", "code": "capreolinae:pelt-*", "allowedVariants": ["odocoileini-baby-odocoileushemionus","odocoileini-baby-odocoileusvirginianus"] }},"width": 2,"height": 1,"output": { "type": "item", "code": "game:hide-raw-medium", "quantity": 1  }},
{"ingredientPattern": "LK","ingredients": {"K": { "type": "item", "code": "game:knife-*", "isTool": true },"L": { "type": "item", "code": "capreolinae:pelt-*", "allowedVariants": ["capreolini-female-capreoluscapreolus","capreolini-male-capreoluscapreolus","odocoileini-female-ozotocerosbezoarticus","odocoileini-male-ozotocerosbezoarticus"] }},"width": 2,"height": 1,"output": { "type": "item", "code": "game:hide-raw-medium", "quantity": 2  }},
{"ingredientPattern": "LK","ingredients": {"K": { "type": "item", "code": "game:knife-*", "isTool": true },"L": { "type": "item", "code": "capreolinae:pelt-*", "allowedVariants": ["alceini-baby-alcesalces","capreolini-female-capreoluspygargus","capreolini-male-capreoluspygargus","odocoileini-female-mazamaamericana","odocoileini-male-mazamaamericana"] }},"width": 2,"height": 1,"output": { "type": "item", "code": "game:hide-raw-medium", "quantity": 3  }},
{"ingredientPattern": "LK","ingredients": {"K": { "type": "item", "code": "game:knife-*", "isTool": true },"L": { "type": "item", "code": "capreolinae:pelt-*", "allowedVariants": ["odocoileini-female-blastocerusdichotomus","odocoileini-male-blastocerusdichotomus","odocoileini-female-hippocamelusantisensis","odocoileini-male-hippocamelusantisensis","odocoileini-female-hippocamelusbisulcus","odocoileini-male-hippocamelusbisulcus","odocoileini-female-odocoileushemionus","odocoileini-male-odocoileushemionus","odocoileini-female-odocoileusvirginianus","odocoileini-male-odocoileusvirginianus"] }},"width": 2,"height": 1,"output": { "type": "item", "code": "game:hide-raw-medium", "quantity": 4  }},
{"ingredientPattern": "LK","ingredients": {"K": { "type": "item", "code": "game:knife-*", "isTool": true },"L": { "type": "item", "code": "capreolinae:pelt-*", "allowedVariants": ["odocoileini-baby-rangifertarandus"] }},"width": 2,"height": 1,"output": { "type": "item", "code": "game:hide-raw-large", "quantity": 1  }},
{"ingredientPattern": "LK","ingredients": {"K": { "type": "item", "code": "game:knife-*", "isTool": true },"L": { "type": "item", "code": "capreolinae:pelt-*", "allowedVariants": ["odocoileini-female-rangifertarandus","odocoileini-male-rangifertarandus"] }},"width": 2,"height": 1,"output": { "type": "item", "code": "game:hide-raw-large", "quantity": 3  }},
{"ingredientPattern": "LK","ingredients": {"K": { "type": "item", "code": "game:knife-*", "isTool": true },"L": { "type": "item", "code": "capreolinae:pelt-*", "allowedVariants": ["alceini-female-alcesalces"] }},"width": 2,"height": 1,"output": { "type": "item", "code": "game:hide-raw-huge", "quantity": 5  }},
{"ingredientPattern": "LK","ingredients": {"K": { "type": "item", "code": "game:knife-*", "isTool": true },"L": { "type": "item", "code": "capreolinae:pelt-*", "allowedVariants": ["alceini-male-alcesalces"] }},"width": 2,"height": 1,"output": { "type": "item", "code": "game:hide-raw-huge", "quantity": 6  }}
]