[
 
    
    
    
    {
        "ingredientPattern": "HCZ,XFS,BBB",
        "ingredients": {
            "X": {type: "Item", code: "betterruins:br-schematic-mechanical" },
            "B": {type: "Item", code: "game:plank-oak" , quantity: 2},
            "F": {type: "Item", code: "game:fat" , quantity: 2},
            "S": {type: "Item", code: "game:stick" , quantity: 6},
            "H": {type: "Item", code: "game:hammer-*", isTool: true },
            "Z": {type: "Item", code: "game:saw-*", isTool: true },
            "C": {type: "Item", code: "game:chisel-*", isTool: true }
        },
        "width": 3,
        "height": 3,
        "output": {type: "Item", code: "game:largegearsection-wood" }
        
    },
       











    {
        "ingredientPattern": "XH,PC",
        "ingredients": {
            "X": {type: "Item", code: "betterruins:br-schematic-mechanical" },
            "H": {type: "Item", code: "game:hammer-*", isTool: true },
            "C": {type: "Item", code: "game:chutesection-copper" },
            "P": {type: "Item", code: "game:metalplate-copper" }
        },
        "width": 2,
        "height": 2,
        "output": {type: "Block", code: "game:hopper" }
        
    },

]