[
{"name": "Bennetti Taxidermy (Chick)", "ingredientPattern": "_BC,DEF,GHI","ingredients": {"B": { "type": "item", "code": "game:hammer-*", "isTool": true },"C": { "type": "item", "code": "game:knife-*", "isTool": true },"D": { "type": "item", "code": "casuariidae:pelt-baby-bennetti" },"E": { "type": "item", "code": "game:metalnailsandstrips-*", "quantity": 1 },"F": { "type": "item", "code": "game:clay-*", "quantity": 4 },"G": { "type": "block", "code": "game:debarkedlog-*", "quantity": 1 },"H": { "type": "block", "code": "game:glass-*" },"I": { "type": "item", "code": "game:powderedborax", "quantity": 1 }},"width": 3,"height": 3,"output": { "type": "block", "code": "casuariidae:taxidermy-baby-bennetti-north", "quantity": 1  }},
{"name": "Bennetti Taxidermy (Female)", "ingredientPattern": "_BC,DEF,GHI","ingredients": {"B": { "type": "item", "code": "game:hammer-*", "isTool": true },"C": { "type": "item", "code": "game:knife-*", "isTool": true },"D": { "type": "item", "code": "casuariidae:pelt-female-bennetti" },"E": { "type": "item", "code": "game:metalnailsandstrips-*", "quantity": 1 },"F": { "type": "item", "code": "game:clay-*", "quantity": 4 },"G": { "type": "block", "code": "game:debarkedlog-*", "quantity": 2 },"H": { "type": "block", "code": "game:glass-*" },"I": { "type": "item", "code": "game:powderedborax", "quantity": 1 }},"width": 3,"height": 3,"output": { "type": "block", "code": "casuariidae:taxidermy-female-bennetti-north", "quantity": 1  }},
{"name": "Bennetti Taxidermy (Male)", "ingredientPattern": "_BC,DEF,GHI","ingredients": {"B": { "type": "item", "code": "game:hammer-*", "isTool": true },"C": { "type": "item", "code": "game:knife-*", "isTool": true },"D": { "type": "item", "code": "casuariidae:pelt-male-bennetti" },"E": { "type": "item", "code": "game:metalnailsandstrips-*", "quantity": 1 },"F": { "type": "item", "code": "game:clay-*", "quantity": 4 },"G": { "type": "block", "code": "game:debarkedlog-*", "quantity": 2 },"H": { "type": "block", "code": "game:glass-*" },"I": { "type": "item", "code": "game:powderedborax", "quantity": 1 }},"width": 3,"height": 3,"output": { "type": "block", "code": "casuariidae:taxidermy-male-bennetti-north", "quantity": 1  }},

{"name": "Casuarius Taxidermy (Chick)", "ingredientPattern": "_BC,DEF,GHI","ingredients": {"B": { "type": "item", "code": "game:hammer-*", "isTool": true },"C": { "type": "item", "code": "game:knife-*", "isTool": true },"D": { "type": "item", "code": "casuariidae:pelt-baby-casuarius" },"E": { "type": "item", "code": "game:metalnailsandstrips-*", "quantity": 1 },"F": { "type": "item", "code": "game:clay-*", "quantity": 4 },"G": { "type": "block", "code": "game:debarkedlog-*", "quantity": 1 },"H": { "type": "block", "code": "game:glass-*" },"I": { "type": "item", "code": "game:powderedborax", "quantity": 1 }},"width": 3,"height": 3,"output": { "type": "block", "code": "casuariidae:taxidermy-baby-casuarius-north", "quantity": 1  }},
{"name": "Casuarius Taxidermy (Female)", "ingredientPattern": "_BC,DEF,GHI","ingredients": {"B": { "type": "item", "code": "game:hammer-*", "isTool": true },"C": { "type": "item", "code": "game:knife-*", "isTool": true },"D": { "type": "item", "code": "casuariidae:pelt-female-casuarius" },"E": { "type": "item", "code": "game:metalnailsandstrips-*", "quantity": 1 },"F": { "type": "item", "code": "game:clay-*", "quantity": 4 },"G": { "type": "block", "code": "game:debarkedlog-*", "quantity": 2 },"H": { "type": "block", "code": "game:glass-*" },"I": { "type": "item", "code": "game:powderedborax", "quantity": 1 }},"width": 3,"height": 3,"output": { "type": "block", "code": "casuariidae:taxidermy-female-casuarius-north", "quantity": 1  }},
{"name": "Casuarius Taxidermy (Male)", "ingredientPattern": "_BC,DEF,GHI","ingredients": {"B": { "type": "item", "code": "game:hammer-*", "isTool": true },"C": { "type": "item", "code": "game:knife-*", "isTool": true },"D": { "type": "item", "code": "casuariidae:pelt-male-casuarius" },"E": { "type": "item", "code": "game:metalnailsandstrips-*", "quantity": 1 },"F": { "type": "item", "code": "game:clay-*", "quantity": 4 },"G": { "type": "block", "code": "game:debarkedlog-*", "quantity": 2 },"H": { "type": "block", "code": "game:glass-*" },"I": { "type": "item", "code": "game:powderedborax", "quantity": 1 }},"width": 3,"height": 3,"output": { "type": "block", "code": "casuariidae:taxidermy-male-casuarius-north", "quantity": 1  }},

{"name": "Novaehollandiae Taxidermy (Chick)", "ingredientPattern": "_BC,DEF,GHI","ingredients": {"B": { "type": "item", "code": "game:hammer-*", "isTool": true },"C": { "type": "item", "code": "game:knife-*", "isTool": true },"D": { "type": "item", "code": "casuariidae:pelt-baby-novaehollandiae" },"E": { "type": "item", "code": "game:metalnailsandstrips-*", "quantity": 1 },"F": { "type": "item", "code": "game:clay-*", "quantity": 4 },"G": { "type": "block", "code": "game:debarkedlog-*", "quantity": 1 },"H": { "type": "block", "code": "game:glass-*" },"I": { "type": "item", "code": "game:powderedborax", "quantity": 1 }},"width": 3,"height": 3,"output": { "type": "block", "code": "casuariidae:taxidermy-baby-novaehollandiae-north", "quantity": 1  }},
{"name": "Novaehollandiae Taxidermy (Female)", "ingredientPattern": "_BC,DEF,GHI","ingredients": {"B": { "type": "item", "code": "game:hammer-*", "isTool": true },"C": { "type": "item", "code": "game:knife-*", "isTool": true },"D": { "type": "item", "code": "casuariidae:pelt-female-novaehollandiae" },"E": { "type": "item", "code": "game:metalnailsandstrips-*", "quantity": 1 },"F": { "type": "item", "code": "game:clay-*", "quantity": 4 },"G": { "type": "block", "code": "game:debarkedlog-*", "quantity": 2 },"H": { "type": "block", "code": "game:glass-*" },"I": { "type": "item", "code": "game:powderedborax", "quantity": 1 }},"width": 3,"height": 3,"output": { "type": "block", "code": "casuariidae:taxidermy-female-novaehollandiae-north", "quantity": 1  }},
{"name": "Novaehollandiae Taxidermy (Male)", "ingredientPattern": "_BC,DEF,GHI","ingredients": {"B": { "type": "item", "code": "game:hammer-*", "isTool": true },"C": { "type": "item", "code": "game:knife-*", "isTool": true },"D": { "type": "item", "code": "casuariidae:pelt-male-novaehollandiae" },"E": { "type": "item", "code": "game:metalnailsandstrips-*", "quantity": 1 },"F": { "type": "item", "code": "game:clay-*", "quantity": 4 },"G": { "type": "block", "code": "game:debarkedlog-*", "quantity": 2 },"H": { "type": "block", "code": "game:glass-*" },"I": { "type": "item", "code": "game:powderedborax", "quantity": 1 }},"width": 3,"height": 3,"output": { "type": "block", "code": "casuariidae:taxidermy-male-novaehollandiae-north", "quantity": 1  }},

{"name": "Unappendiculatus Taxidermy (Chick)", "ingredientPattern": "_BC,DEF,GHI","ingredients": {"B": { "type": "item", "code": "game:hammer-*", "isTool": true },"C": { "type": "item", "code": "game:knife-*", "isTool": true },"D": { "type": "item", "code": "casuariidae:pelt-baby-unappendiculatus" },"E": { "type": "item", "code": "game:metalnailsandstrips-*", "quantity": 1 },"F": { "type": "item", "code": "game:clay-*", "quantity": 4 },"G": { "type": "block", "code": "game:debarkedlog-*", "quantity": 1 },"H": { "type": "block", "code": "game:glass-*" },"I": { "type": "item", "code": "game:powderedborax", "quantity": 1 }},"width": 3,"height": 3,"output": { "type": "block", "code": "casuariidae:taxidermy-baby-unappendiculatus-north", "quantity": 1  }},
{"name": "Unappendiculatus Taxidermy (Female)", "ingredientPattern": "_BC,DEF,GHI","ingredients": {"B": { "type": "item", "code": "game:hammer-*", "isTool": true },"C": { "type": "item", "code": "game:knife-*", "isTool": true },"D": { "type": "item", "code": "casuariidae:pelt-female-unappendiculatus" },"E": { "type": "item", "code": "game:metalnailsandstrips-*", "quantity": 1 },"F": { "type": "item", "code": "game:clay-*", "quantity": 4 },"G": { "type": "block", "code": "game:debarkedlog-*", "quantity": 2 },"H": { "type": "block", "code": "game:glass-*" },"I": { "type": "item", "code": "game:powderedborax", "quantity": 1 }},"width": 3,"height": 3,"output": { "type": "block", "code": "casuariidae:taxidermy-female-unappendiculatus-north", "quantity": 1  }},
{"name": "Unappendiculatus Taxidermy (Male)", "ingredientPattern": "_BC,DEF,GHI","ingredients": {"B": { "type": "item", "code": "game:hammer-*", "isTool": true },"C": { "type": "item", "code": "game:knife-*", "isTool": true },"D": { "type": "item", "code": "casuariidae:pelt-male-unappendiculatus" },"E": { "type": "item", "code": "game:metalnailsandstrips-*", "quantity": 1 },"F": { "type": "item", "code": "game:clay-*", "quantity": 4 },"G": { "type": "block", "code": "game:debarkedlog-*", "quantity": 2 },"H": { "type": "block", "code": "game:glass-*" },"I": { "type": "item", "code": "game:powderedborax", "quantity": 1 }},"width": 3,"height": 3,"output": { "type": "block", "code": "casuariidae:taxidermy-male-unappendiculatus-north", "quantity": 1  }}
]