{"GameVersion":"1.18.5","SizeX":10,"SizeY":3,"SizeZ":4,"BlockCodes":{"9321":"game:metalblock-corroded-riveted-rusty-iron","7292":"game:planks-oak-ud","8206":"game:genericwood","1327":"game:metalblock-new-plain-iron","9320":"game:metalblock-corroded-plain-rusty-iron","7279":"game:planks-oak-ns","2613":"game:drypackeddirt","456":"game:chiseledblock","8614":"game:meta-spawner","8441":"game:wagonwheels-spoked-south","8433":"game:wagonwheels-spoked-north","6540":"game:crate"},"ItemCodes":{},"Indices":[0,3072,1,3073,2,2050,3074,3,1027,2051,3075,1049603,1050627,2098179,2099203,4,1028,2052,3076,1048580,1049604,1050628,1051652,2097156,2098180,2099204,2100228,5,1029,2053,3077,1048581,1049605,1050629,1051653,2097157,2098181,2099205,2100229,6,1030,2054,3078,1048582,1049606,1050630,1051654,2097158,2098182,2099206,2100230,7,1031,2055,3079,1048583,1049607,1050631,1051655,2097159,2098183,2099207,2100231,8,1032,2056,3080,1048584,1049608,1050632,1051656,2097160,2098184,2099208,2100232,1033,2057,1049609,1050633,2098185,2099209],"BlockIds":[456,456,456,456,456,8614,456,456,456,456,456,456,456,456,456,8441,456,456,8433,456,6540,6540,456,456,6540,6540,456,456,456,456,456,456,6540,6540,456,456,6540,6540,456,456,456,456,456,456,6540,6540,456,456,6540,6540,456,8441,456,456,8433,456,6540,6540,456,456,6540,6540,456,456,456,456,456,456,6540,6540,456,456,6540,6540,456,456,456,456,456,456,456],"DecorIndices":[],"DecorIds":[],"BlockEntities":{"0":"!<d@[F*P41#64c-E,TfC!rr<$!<d@[F*^*t#64o6@VfsmCI<#NAIW-_Bldj%ARo7dDe!Pj$#O*mATDKnCi]UW!!$^Y!!!$*Ec6&.FD5Z2!2'Jq$O:0a@W,skErc7@!9!nW!!ipCD/\")jBk1d@DZKi&#RPQdA7\\\\XCh[D\\!'^`\"F(o/r6#:CVF*(?!Ch[D\\!'^Vn@VfsmCJJ;TAK=-VEcP`%ARlotEc5h<@VfsmCEP$GBm+'0ARm4t(L_JqBl$LPFCfK,@;Je`@;^1$FD5<-!<<*\"!\"],1!!","3072":"!<d@[F*P41#64c-E,TfC!rr<$!<d@[F*^4\"#64o6@VfsmCI<#NAIW-_Bldj%ARo7dDe!Pj$#O*mATDKnCi]UW!!$^Y!!!$*Ec6&.FD5Z2!2'Jq$O:0a@W,skErc7@!9!>W!!ipCD/\")jBk1d@DZKi&#RPQdA7\\\\XCh[D\\!'^`\"F(o/r6#:CVF*(?!Ch[D\\!'^Vn@VfsmCJJ;TAK=-VEcP`%ARlotEc5h<@VfsmCEP$GBm+'0ARm4t(L_JqBl$LPFCfK,@;Je`@;^1$FD5<-!<<*\"!\"],1!!","1":"!<d@[F*P72#64c-E,TfC!rr<$!<d@[F*^*t#64o6@VfsmCI<#NAIW-_Bldj%ARo7dDe!Pj$#O*mATDKnCi]UW!!$^Y!!!$*Ec6&.FD5Z2!2'Jq$O:0a@W,skErc7@!9!nW!!ipCD/\")jBk1d@DZKi&#RPQdA7\\\\XCh[D\\!'^`\"F(o/r6#:CVF*(?!Ch[D\\!'^Vn@VfsmCJJ;TAK=-VEcP`%ARlotEc5h<@VfsmCEP$GBm+'0ARm4t(L_JqBl$LPFCfK,@;Je`@;^1$FD5<-!<<*\"!\"],1!!","3073":"!<d@[F*P72#64c-E,TfC!rr<$!<d@[F*^4\"#64o6@VfsmCI<#NAIW-_Bldj%ARo7dDe!Pj$#O*mATDKnCi]UW!!$^Y!!!$*Ec6&.FD5Z2!2'Jq$O:0a@W,skErc7@!9!>W!!ipCD/\")jBk1d@DZKi&#RPQdA7\\\\XCh[D\\!'^`\"F(o/r6#:CVF*(?!Ch[D\\!'^Vn@VfsmCJJ;TAK=-VEcP`%ARlotEc5h<@VfsmCEP$GBm+'0ARm4t(L_JqBl$LPFCfK,@;Je`@;^1$FD5<-!<<*\"!\"],1!!","2":"!<d@[F*P:3#64c-E,TfC!rr<$!<d@[F*^*t#64o6@VfsmCI<#NAIW-_Bldj%ARo7dDe!Pj$#O*mATDKnCi]UW!!$^Y!!!$*Ec6&.FD5Z2!2'Jq$O:0a@W,skErc7@!9!nW!!ipCD/\")jBk1d@DZKi&#RPQdA7\\\\XCh[D\\!'^`\"F(o/r6#:CVF*(?!Ch[D\\!'^Vn@VfsmCJJ;TAK=-VEcP`%ARlotEc5h<@VfsmCEP$GBm+'0ARm4t(L_JqBl$LPFCfK,@;Je`@;^1$FD5<-!<<*\"!\"],1!!","2050":"!<d@[F*P:3#64c-E,TfC!rr<$!<d@[F*^1!#64o6@VfsmCI<#NAINEeFC?bBE+*s.AT@eWD..ZVDfor>!<<*\"\":]'_FCfK9@;JJQF`MO'!!!!+$Y=3tBlnVfDe*F##ljr*)J<JqANFLID..=#Bk/f;Ea`KiE\\1mADe*o/B45Xg3bWYQ@;^!tA1_nD@:Wqi/R`[ABld^#,A1G%ANFLID..=#Bk/f;Ea`KiE\\1aCBl%<s@<?($Bjkh!*G8etANFLID..=#Bk/f;Ea`KiE\\1d;DffZ,DJ())@;TR:BQ\\0#DJs6\"/Tc#AA7]d5@rH4$De*R(Bk;?,B45Xg3bWYQ@;^!tA1_nD@:Wqi/S9-GDJ=38Eb-8(@;TR:BQ\\0#DJs6\"/Tc#AA7]d5CisuFEbT*+,%k>$ANFLID..=#Bk/f;Ea`KiE\\2?TEcu/?@;KRpDe*o6B45Xg3bWYQ@;^!tA1_nD@:Wqi/Tc#E@<6R3AS?4(FCfIn!dHF\"!!!!\"!dQL#!!!!\"!dZR$!!!!\"!dHI$!!!!\"!dQO&!!!!\"!dZU&!!!!\"%W,ot:i'QcATC[WDJ*M\\!!!!\"%W,X!:i'QcATC[WDJ*P\\s8W*\"%WcStGA^;eDJ*NTDe*DZ!!!!\"$?L/pGA]cdF`):%!!!!*'Q\\5%GA^2oCjA<YFCfJaD/aE6F9)CXBl7X,BjkgTF^]00BlnW!E+*s.ARkc@!!!$6Bl7X,BjkgVE+*s.;0?;bFD5iBz!=<CZDfp\"tBmO=k!!!!*$[6$#8SrEbEcbl'!!<mN@<6NhE+*s.<,ZkeCe/JeEc]SFgkU3-PX#6\\Bl8$(Ec,<%6XaqB@qg%1z!tK$_FCfK1@;J;E@<-!lzz!tTE`@q]:kB4XnNE_(+kEW?(>z!!=-U@<6NXBOPpoAQ<\\[@<?'[DffE(88iWkErZ1?z!\"TT]E+*s.ARn5IFD5i2ATIhO!!!!","3074":"!<d@[F*P:3#64c-E,TfC!rr<$!<d@[F*^4\"#64o6@VfsmCI<#NAIW-_Bldj%ARo7dDe!Pj$#O*mATDKnCi]UW!!$^Y!!!$*Ec6&.FD5Z2!2'Jq$O:0a@W,skErc7@!9!>W!!ipCD/\")jBk1d@DZKi&#RPQdA7\\\\XCh[D\\!'^`\"F(o/r6#:CVF*(?!Ch[D\\!'^Vn@VfsmCJJ;TAK=-VEcP`%ARlotEc5h<@VfsmCEP$GBm+'0ARm4t(L_JqBl$LPFCfK,@;Je`@;^1$FD5<-!<<*\"!\"],1!!","3":"!<d@[F*P=4#64c-E,TfC!rr<$!<d@[F*^*t#64o6@VfsmCI<#NAIW-_Bldj%ARo7dDe!Pj$#O*mATDKnCi]UW!!$^Y!!!$*Ec6&.FD5Z2!2'Jq$O:0a@W,skErc7@!9!nW!!ipCD/\")jBk1d@DZKi&#RPQdA7\\\\XCh[D\\!'^`\"F(o/r6#:CVF*(?!Ch[D\\!'^Vn@VfsmCJJ;TAK=-VEcP`%ARlotEc5h<@VfsmCEP$GBm+'0ARm4t(L_JqBl$LPFCfK,@;Je`@;^1$FD5<-!<<*\"!\"],1!!","1027":"!<d@[F*P=4#64c-E,TfC!rr<$!<d@[F*^-u#64o6@VfsmCI<#NAIW-_Bldj%ARo7dDe!Pj$#O*mATDKnCi]UW!!%Bd!!!$*Ec6&.FD5Z2!2'Jq$O:0a@W,skErc7@!9!AH!!ipCD/\")jBk1d@DZKi&#RPQdA7\\\\XCh[D\\!'^`\"F(o/r6#:CVF*(?!Ch[D\\!'^Vn@VfsmCJJ;TAI;4ACERS4@;]k%$Q!5p@;0OP@<?($BjkgTF^]00Bln'#Erc7@!!!Q1!!!","2051":"!<d@[F*P=4#64c-E,TfC!rr<$!<d@[F*^1!#64o6@VfsmCI<#NAIW-_Bldj%ARo7dDe!Pj$#O*mATDKnCi]UW!!%Bd!!!$*Ec6&.FD5Z2!2'Jq$O:0a@W,skErc7@!9!AH!!ipCD/\")jBk1d@DZKi&#RPQdA7\\\\XCh[D\\!'^`\"F(o/r6#:CVF*(?!Ch[D\\!'^Vn@VfsmCJJ;TAI;4ACERS4@;]k%$Q!5p@;0OP@<?($BjkgTF^]00Bln'#Erc7@!!!Q1!!!","3075":"!<d@[F*P=4#64c-E,TfC!rr<$!<d@[F*^4\"#64o6@VfsmCI<#NAIW-_Bldj%ARo7dDe!Pj$#O*mATDKnCi]UW!!$^Y!!!$*Ec6&.FD5Z2!2'Jq$O:0a@W,skErc7@!9!>W!!ipCD/\")jBk1d@DZKi&#RPQdA7\\\\XCh[D\\!'^`\"F(o/r6#:CVF*(?!Ch[D\\!'^Vn@VfsmCJJ;TAK=-VEcP`%ARlotEc5h<@VfsmCEP$GBm+'0ARm4t(L_JqBl$LPFCfK,@;Je`@;^1$FD5<-!<<*\"!\"],1!!","1049603":"!<d@[F*P=4#64c-E,TfC\"98E%!<d@[F*^-u#64o6@VfsmCI<#NAIW-_Bldj%ARo7dDe!Pj$#O*mATDKnCi]^Z!!%Bd!!$^Y!!!KO!!\"YU!!!$*Ec6&.FD5Z2!2'Jq$O:0a@W,skEs;UE!12(.!Y4]1!=o/0!M897!rh`Y!>\"_g!!ipCD/\")jBk1d@DZKi&#RPQdA7\\\\XCh[D\\!!3E:F(o/r6#:CVF*(?!Ch[D\\!!3<1@VfsmCJJ;TAI;4ACERS4@;]k%$Q!5p@;0OP@<?($BjkgTF^]00Bln'#Erc7@!!!Q1!!!","1050627":"!<d@[F*P=4#64c-E,TfC\"98E%!<d@[F*^1!#64o6@VfsmCI<#NAIW-_Bldj%ARo7dDe!Pj$#O*mATDKnCi]^Z!!%Bd!!$^Y!!!KO!!\"YU!!!$*Ec6&.FD5Z2!2'Jq$O:0a@W,skEs;UE!12(.!Y4]1!=o/0!M897!rh`Y!>\"_g!!ipCD/\")jBk1d@DZKi&#RPQdA7\\\\XCh[D\\!!3E:F(o/r6#:CVF*(?!Ch[D\\!!3<1@VfsmCJJ;TAI;4ACERS4@;]k%$Q!5p@;0OP@<?($BjkgTF^]00Bln'#Es)IC!!!Q1!!!Q1!!!Q1!!!Q1!!!","2098179":"!<d@[F*P=4#64c-E,TfC\"TSN&!<d@[F*^-u#64o6@VfsmCI<#NAIW-_Bldj%ARo7dDe!Pj$#O*mATDKnCi]UW!!$[X!!!$*Ec6&.FD5Z2!2'Jq$O:0a@W,skEs2OD!\"\\Sg!$D7:!0?X5!$C\\8!2&`f!!ipCD/\")jBk1d@DZKi&#RPQdA7\\\\XCh[D\\!'^`\"F(o/r6#:CVF*(?!Ch[D\\!'^Vn@VfsmCJJ;TAJ7FLEcQ)/ARlotEc5h<@VfsmCC:qeG%#*$9jr-TEbSru;0?;bFD5i2ATIkP!!!!1!!!!","2099203":"!<d@[F*P=4#64c-E,TfC\"TSN&!<d@[F*^1!#64o6@VfsmCI<#NAIW-_Bldj%ARo7dDe!Pj$#O*mATDKnCi]UW!!$[X!!!$*Ec6&.FD5Z2!2'Jq$O:0a@W,skEs2OD!\"\\Sg!$D7:!0?X5!$C\\8!2&`f!!ipCD/\")jBk1d@DZKi&#RPQdA7\\\\XCh[D\\!'^`\"F(o/r6#:CVF*(?!Ch[D\\!'^Vn@VfsmCJJ;TAJ7FLEcQ)/ARlotEc5h<@VfsmCC:qeG%#*$9jr-TEbSru;0?;bFD5i2ATIkP!!!!1!!!!","1028":"!<d@[F*P@5#64c-E,TfC!rr<$!<d@[F*^-u#64o6@VfsmCI<#NAIW-_Bldj%ARo7dDe!Pj$#O*mATDKnCi]XX!!!KO!!$pW!!!$*Ec6&.FD5Z2!2'Jq$O:0a@W,skErl=A!9!AH!QL6\"!!ipCD/\")jBk1d@DZKi&#RPQdA7\\\\XCh[D\\!'^`\"F(o/r6#:CVF*(?!Ch[D\\!'^Vn@VfsmCJJ;TAHY;DCh3tj@<Q'nCe\\>[ATDKnCf,=`DKKT7Bk;>dz&-)\\1","2052":"!<d@[F*P@5#64c-E,TfC!rr<$!<d@[F*^1!#64o6@VfsmCI<#NAIW-_Bldj%ARo7dDe!Pj$#O*mATDKnCi]XX!!!KO!!$pW!!!$*Ec6&.FD5Z2!2'Jq$O:0a@W,skErl=A!9!AH!QL6\"!!ipCD/\")jBk1d@DZKh<#RPQdA7\\\\XCh[D\\!\"]DHF(o/r6#:CVF*(?!Ch[D\\!\"];?@VfsmCJJ;TAHY;DCh3tj@<Q'nCe\\>[ATDKnCf,=`DKKT7Bk;>ez&-)\\1&-)\\1","1048580":"!<d@[F*P@5#64c-E,TfC\"98E%!<d@[F*^*t#64o6@VfsmCI<#NAIW-_Bldj%ARo7dDe!Pj$#O*mATDKnCi]XX!!%Bd!!$^Y!!!$*Ec6&.FD5Z2!2'Jq$O:0a@W,skEs)IC!!!N/!<MZg!:g'g!>#2/!=0$DD/\")jBk1d@DZKi&#RPQdA7\\\\XCh[D\\!'^`\"F(o/r6#:CVF*(?!Ch[D\\!'^Vn@VfsmCJJ;TAIMFY@<-I9+D5M!F)q^*@<Q'nCe\\>[ATDKnCf,=`DKKT7Bk;>dz&-)\\1","1049604":"!<d@[F*P@5#64c-E,TfC\"98E%!<d@[F*^-u#64o6@VfsmCI<#NAHcRa@<?&b$#+:#ASuU.Ed7ZiEH>r7FE7un!!!3,F)5c:EsD_\"z!&Y)`!!*'\"z\"Uo!]E^FS\\@r\"GMA7YpSEaa'$\"U/^N@V'?U\"U&pmE+K?\"Df9/<@:s.^\":8pVF(djWB5D,Z!!!!\"$>a-[ASa_PCi==o!!!!&#]+3c;flGiAHlX\\Df]K##7>9U@V'@SFCAZp!<<","1050628":"!<d@[F*P@5#64c-E,TfC\"98E%!<d@[F*^1!#64o6@VfsmCI<#NAHcRa@<?&b$#+:#ASuU.Ed7ZiEH>r7FE7un!!!3,F)5c:EsD_\"z!&Y)`!!*'\"z\"Uo!]E^FS\\@r\"GMA7YpSEaa'$\"U/^N@V'?U\"U&pmE+K?\"Df9/<@:s.^\":8pVF(djWB5D/6%nT\"e$>a-[ASa_PCi==o!!!!&#]+3c;flGiAHlX\\Df]K##7>9U@V'@SFCAZp!<<","1051652":"!<d@[F*P@5#64c-E,TfC\"98E%!<d@[F*^4\"#64o6@VfsmCI<#NAIW-_Bldj%ARo7dDe!Pj$#O*mATDKnCi]XX!!%Bd!!$^Y!!!$*Ec6&.FD5Z2!2'Jq$O:0a@W,skEs)IC!\"\\Q@!<M*g!:\\ng!<<*@!=0$DD/\")jBk1d@DZKi&#RPQdA7\\\\XCh[D\\!'^`\"F(o/r6#:CVF*(?!Ch[D\\!'^Vn@VfsmCJJ;TAI;4ACERS4@;]k%$Q!5p@;0OP@<?($BjkgTF^]00Bln'#Erc7@!!!Q1!!!","2097156":"!<d@[F*P@5#64c-E,TfC\"TSN&!<d@[F*^*t#64o6@VfsmCI<#NAIW-_Bldj%ARo7dDe!Pj$Zg3(G@Pc)DeWa'!rr<$YQ+G!O:V-eJa`@6$P@#lDfor.;f6Mt6ZljVBk28cznDF9S$#O*mATDKnCi]UW!!$[X!!!$*Ec6&.FD5Z2!2'Jq$O:0a@W,skEs2OD!!*&g!\"]\\:!.k1F!$D78!2';f!!ipCD/\")jBk1d@DZKh<#RPQdA7\\\\XCh[D\\!!!98F(o/r6#:CVF*(?!Ch[D\\!!!0/@VfsmCJJ;TAJ7FLEcQ)/ARlotEc5h<@VfsmCC:qeG%#*$9jr-TEbSru;0?;bFD5i2ATIkP!!!!1!!!!","2098180":"!<d@[F*P@5#64c-E,TfC\"TSN&!<d@[F*^-u#64o6@VfsmCI<#NAHcRa@<?&b$#+:#ASuU.Ed7ZiEH>r7FE7un!!!3,F)5c:ErZ1D$taEu6>URMCI<#NAHcRa@<?&a\"`.UVAS_os@;odu/S&F&DfT9.Bl@km\"E\\p.AI3R!De(G.B4YTV$#O6pBL-NKCh;?3aZfe5CggdaCdW,WDfPgX!!!0.Ch[EYFCB9&#%MIfF(Jke$>a-[ASb:e@:O'R!!","2099204":"!<d@[F*P@5#64c-E,TfC\"TSN&!<d@[F*^1!#64o6@VfsmCI<#NAHcRa@<?&b$#+:#ASuU.Ed7ZiEH>r7FE7un!!!3,F)5c:ErZ1D$taEu6>URMCI<#NAHcRa@<?&a\"`.UVAS_os@;odu/S&F&DfT9.Bl@km\"E\\p.AI3R!De(G.B4YTV$#O6pBL-NKCh3SH!!!$,CggdaCdW,WDfPgX!!!0.Ch[EYFCB9&#%MIfF(Jke$>a-[ASb:e@:O'R!!","2100228":"!<d@[F*P@5#64c-E,TfC\"TSN&!<d@[F*^4\"#64o6@VfsmCI<#NAIW-_Bldj%ARo7dDe!Pj$#O*mATDKnCi]UW!!$[X!!!$*Ec6&.FD5Z2!2'Jq$O:0a@W,skEs)IC!!)Kg!.aPE!\"],8!0@0f!!ipCD/\")jBk1d@DZKi&#RPQdA7\\\\XCh[D\\!'^`\"F(o/r6#:CVF*(?!Ch[D\\!'^Vn@VfsmCJJ;TAJ7FLEcQ)/ARlotEc5h<@VfsmCC:qeG%#*$9jr-TEbSru;0?;bFD5i2ATIkP!!!!1!!!!","5":"!<d@[F*PC6#64c-E,TfC!rr<$!<d@[F*^*t#64o6@VfsmCI<#NAIW-_Bldj%ARo7dDe!Pj$#O*mATDKnCi]UW!!$^Y!!!$*Ec6&.FD5Z2!2'Jq$O:0a@W,skErc7@!9!nW!!ipCD/\")jBk1d@DZKi&#RPQdA7\\\\XCh[D\\!'^`\"F(o/r6#:CVF*(?!Ch[D\\!'^Vn@VfsmCJJ;TAK=-VEcP`%ARlotEc5h<@VfsmCEP$GBm+'0ARm4t(L_JqBl$LPFCfK,@;Je`@;^1$FD5<-!<<*\"!\"],1!!","1029":"!<d@[F*PC6#64c-E,TfC!rr<$!<d@[F*^-u#64o6@VfsmCI<#NAIW-_Bldj%ARo7dDe!Pj$#O*mATDKnCi]UW!!$pW!!!$*Ec6&.FD5Z2!2'Jq$O:0a@W,skErc7@!9!AH!!ipCD/\")jBk1d@DZKi&#RPQdA7\\\\XCh[D\\!'^`\"F(o/r6#:CVF*(?!Ch[D\\!'^Vn@VfsmCJJ;TAI;4ACERS4@;]k%$Q!5p@;0OP@<?($BjkgTF^]00Bln'#Erc7@!!!Q1!!!","2053":"!<d@[F*PC6#64c-E,TfC!rr<$!<d@[F*^1!#64o6@VfsmCI<#NAIW-_Bldj%ARo7dDe!Pj$#O*mATDKnCi]UW!!%Bd!!!$*Ec6&.FD5Z2!2'Jq$O:0a@W,skErc7@!9!AH!!ipCD/\")jBk1d@DZKi&#RPQdA7\\\\XCh[D\\!'^`\"F(o/r6#:CVF*(?!Ch[D\\!'^Vn@VfsmCJJ;TAI;4ACERS4@;]k%$Q!5p@;0OP@<?($BjkgTF^]00Bln'#Erc7@!!!Q1!!!","3077":"!<d@[F*PC6#64c-E,TfC!rr<$!<d@[F*^4\"#64o6@VfsmCI<#NAIW-_Bldj%ARo7dDe!Pj$#O*mATDKnCi]UW!!$^Y!!!$*Ec6&.FD5Z2!2'Jq$O:0a@W,skErc7@!9!>W!!ipCD/\")jBk1d@DZKh<#RPQdA7\\\\XCh[D\\!!!98F(o/r6#:CVF*(?!Ch[D\\!!!0/@VfsmCJJ;TAK=-VEcP`%ARlotEc5h<@VfsmCEP$GBm+'0ARm4t(L_JqBl$LPFCfK,@;Je`@;^1$FD5<-!<<*\"!\"],1!!","1048581":"!<d@[F*PC6#64c-E,TfC\"98E%!<d@[F*^*t#64o6@VfsmCI<#NAIW-_Bldj%ARo7dDe!Pj$#O*mATDKnCi]XX!!%Bd!!$^Y!!!$*Ec6&.FD5Z2!2'Jq$O:0a@W,skEs)IC!!!N/!<MZg!:g'g!>#2/!=0$DD/\")jBk1d@DZKi&#RPQdA7\\\\XCh[D\\!'^`\"F(o/r6#:CVF*(?!Ch[D\\!'^Vn@VfsmCJJ;TAI;4ACERS4@;]k%$Q!5p@;0OP@<?($BjkgTF^]00Bln'#Erc7@!!!Q1!!!","1049605":"!<d@[F*PC6#64c-E,TfC\"98E%!<d@[F*^-u#64o6@VfsmCI<#NAHcRa@<?&b$#+:#ASuU.Ed7ZiEH>r7FE7un!!!3,F)5c:EsD_\"z!&Y)`!!*'\"z\"Uo!]E^FS\\@r\"GMA7YpSEaa'$\"U/^N@V'?U\"U&pmE+K?\"Df9/<@:s.^\":8pVF(djWB5D/6%nT\"e$>a-[ASa_PCi==o!!!!&#]+3c;flGiAHlX\\Df]K##7>9U@V'@SFCAZp!<<","1050629":"!<d@[F*PC6#64c-E,TfC\"98E%!<d@[F*^1!#64o6@VfsmCI<#NAHcRa@<?&b$#+:#ASuU.Ed7ZiEH>r7FE7un!!!3,F)5c:EsD_\"z!&Y)`!!*'\"z\"Uo!]E^FS\\@r\"GMA7YpSEaa'$\"U/^N@V'?U\"U&pmE+K?\"Df9/<@:s.^\":8pVF(djWB5D,Z!!!!\"$>a-[ASa_PCi==o!!!!&#]+3c;flGiAHlX\\Df]K##7>9U@V'@SFCAZp!<<","1051653":"!<d@[F*PC6#64c-E,TfC\"98E%!<d@[F*^4\"#64o6@VfsmCI<#NAIW-_Bldj%ARo7dDe!Pj$#O*mATDKnCi]XX!!%Bd!!$^Y!!!$*Ec6&.FD5Z2!2'Jq$O:0a@W,skEs)IC!\"\\Q@!<M*g!:\\ng!<<*@!=0$DD/\")jBk1d@DZKi&#RPQdA7\\\\XCh[D\\!'^`\"F(o/r6#:CVF*(?!Ch[D\\!'^Vn@VfsmCJJ;TAI;4ACERS4@;]k%$Q!5p@;0OP@<?($BjkgTF^]00Bln'#Erc7@!!!Q1!!!","2097157":"!<d@[F*PC6#64c-E,TfC\"TSN&!<d@[F*^*t#64o6@VfsmCI<#NAIW-_Bldj%ARo7dDe!Pj$#O*mATDKnCi]UW!!$[X!!!$*Ec6&.FD5Z2!2'Jq$O:0a@W,skEs)IC!!*&g!.b+E!$D78!2';f!!ipCD/\")jBk1d@DZKi&#RPQdA7\\\\XCh[D\\!'^`\"F(o/r6#:CVF*(?!Ch[D\\!'^Vn@VfsmCJJ;TAJ7FLEcQ)/ARlotEc5h<@VfsmCC:qeG%#*$9jr-TEbSru;0?;bFD5i2ATIkP!!!!1!!!!","2098181":"!<d@[F*PC6#64c-E,TfC\"TSN&!<d@[F*^-u#64o6@VfsmCI<#NAHcRa@<?&b$#+:#ASuU.Ed7ZiEH>r7FE7un!!!3,F)5c:ErZ1D$taEu6>URMCI<#NAHcRa@<?&a\"`.UVAS_>M\"E\\p.AI3R!De(G.B4YTV$#O6pBL-NKCh3SH!!!$,CggdaCdW,WDfPgX!!!0.Ch[EYFCB9&#%MIfF(Jke$>a-[ASb:e@:O'R!!","2099205":"!<d@[F*PC6#64c-E,TfC\"TSN&!<d@[F*^1!#64o6@VfsmCI<#NAHcRa@<?&b$#+:#ASuU.Ed7ZiEH>r7FE7un!!!3,F)5c:ErZ1D$taEu6>URMCI<#NAHcRa@<?&a\"`.UVAS_>M\"E\\p.AI3R!De(G.B4YTV$#O6pBL-NKCh;?3aZfe5CggdaCdW,WDfPgX!!!0.Ch[EYFCB9&#%MIfF(Jke$>a-[ASb:e@:O'R!!","2100229":"!<d@[F*PC6#64c-E,TfC\"TSN&!<d@[F*^4\"#64o6@VfsmCI<#NAIW-_Bldj%ARo7dDe!Pj$#O*mATDKnCi]UW!!$[X!!!$*Ec6&.FD5Z2!2'Jq$O:0a@W,skEs)IC!!)Kg!.aPE!\"],8!0@0f!!ipCD/\")jBk1d@DZKi&#RPQdA7\\\\XCh[D\\!'^`\"F(o/r6#:CVF*(?!Ch[D\\!'^Vn@VfsmCJJ;TAJ7FLEcQ)/ARlotEc5h<@VfsmCC:qeG%#*$9jr-TEbSru;0?;bFD5i2ATIkP!!!!1!!!!","6":"!<d@[F*PF7#64c-E,TfC!rr<$!<d@[F*^*t#64o6@VfsmCI<#NAIW-_Bldj%ARo7dDe!Pj$#O*mATDKnCi]UW!!$^Y!!!$*Ec6&.FD5Z2!2'Jq$O:0a@W,skErc7@!9!nW!!ipCD/\")jBk1d@DZKi&#RPQdA7\\\\XCh[D\\!'^`\"F(o/r6#:CVF*(?!Ch[D\\!'^Vn@VfsmCJJ;TAK=-VEcP`%ARlotEc5h<@VfsmCEP$GBm+'0ARm4t(L_JqBl$LPFCfK,@;Je`@;^1$FD5<-!<<*\"!\"],1!!","1030":"!<d@[F*PF7#64c-E,TfC!rr<$!<d@[F*^-u#64o6@VfsmCI<#NAIW-_Bldj%ARo7dDe!Pj$#O*mATDKnCi]UW!!$pW!!!$*Ec6&.FD5Z2!2'Jq$O:0a@W,skErc7@!9!AH!!ipCD/\")jBk1d@DZKi&#RPQdA7\\\\XCh[D\\!'^`\"F(o/r6#:CVF*(?!Ch[D\\!'^Vn@VfsmCJJ;TAI;4ACERS4@;]k%$Q!5p@;0OP@<?($BjkgTF^]00Bln'#Erc7@!!!Q1!!!","2054":"!<d@[F*PF7#64c-E,TfC!rr<$!<d@[F*^1!#64o6@VfsmCI<#NAIW-_Bldj%ARo7dDe!Pj$#O*mATDKnCi]UW!!%Bd!!!$*Ec6&.FD5Z2!2'Jq$O:0a@W,skErc7@!9!AH!!ipCD/\")jBk1d@DZKi&#RPQdA7\\\\XCh[D\\!'^`\"F(o/r6#:CVF*(?!Ch[D\\!'^Vn@VfsmCJJ;TAI;4ACERS4@;]k%$Q!5p@;0OP@<?($BjkgTF^]00Bln'#Erc7@!!!Q1!!!","3078":"!<d@[F*PF7#64c-E,TfC!rr<$!<d@[F*^4\"#64o6@VfsmCI<#NAIW-_Bldj%ARo7dDe!Pj$#O*mATDKnCi]UW!!$^Y!!!$*Ec6&.FD5Z2!2'Jq$O:0a@W,skErc7@!9!>W!!ipCD/\")jBk1d@DZKi&#RPQdA7\\\\XCh[D\\!'^`\"F(o/r6#:CVF*(?!Ch[D\\!'^Vn@VfsmCJJ;TAK=-VEcP`%ARlotEc5h<@VfsmCEP$GBm+'0ARm4t(L_JqBl$LPFCfK,@;Je`@;^1$FD5<-!<<*\"!\"],1!!","1048582":"!<d@[F*PF7#64c-E,TfC\"98E%!<d@[F*^*t#64o6@VfsmCI<#NAIW-_Bldj%ARo7dDe!Pj$#O*mATDKnCi]XX!!%Bd!!$^Y!!!$*Ec6&.FD5Z2!2'Jq$O:0a@W,skEs)IC!!!N/!<MZg!:g'g!>#2/!=0$DD/\")jBk1d@DZKi&#RPQdA7\\\\XCh[D\\!'^`\"F(o/r6#:CVF*(?!Ch[D\\!'^Vn@VfsmCJJ;TAI;4ACERS4@;]k%$Q!5p@;0OP@<?($BjkgTF^]00Bln'#Erc7@!!!Q1!!!","1049606":"!<d@[F*PF7#64c-E,TfC\"98E%!<d@[F*^-u#64o6@VfsmCI<#NAHcRa@<?&b$#+:#ASuU.Ed7ZiEH>r7FE7un!!!3,F)5c:EsD_\"z!&Y)`!!*'\"z\"Uo!]E^FS\\@r\"GMA7YpSEaa'$\"U/^N@V'?U\"U&pmE+K?\"Df9/<@:s.^\":8pVF(djWB5D/6%nT\"e$>a-[ASa_PCi==o!!!!&#]+3c;flGiAHlX\\Df]K##7>9U@V'@SFCAZp!<<","1050630":"!<d@[F*PF7#64c-E,TfC\"98E%!<d@[F*^1!#64o6@VfsmCI<#NAHcRa@<?&b$#+:#ASuU.Ed7ZiEH>r7FE7un!!!3,F)5c:EsD_\"z!&Y)`!!*'\"z\"Uo!]E^FS\\@r\"GMA7YpSEaa'$\"U/^N@V'?U\"U&pmE+K?\"Df9/<@:s.^\":8pVF(djWB5D/6&'7$:$>a-[ASa_PCi==o!!!!&#]+3c;flGiAHlX\\Df]K##7>9U@V'@SFCAZp!<<","1051654":"!<d@[F*PF7#64c-E,TfC\"98E%!<d@[F*^4\"#64o6@VfsmCI<#NAIW-_Bldj%ARo7dDe!Pj$#O*mATDKnCi]XX!!%Bd!!$^Y!!!$*Ec6&.FD5Z2!2'Jq$O:0a@W,skEs)IC!\"\\Q@!<M*g!:\\ng!<<*@!=0$DD/\")jBk1d@DZKi&#RPQdA7\\\\XCh[D\\!'^`\"F(o/r6#:CVF*(?!Ch[D\\!'^Vn@VfsmCJJ;TAI;4ACERS4@;]k%$Q!5p@;0OP@<?($BjkgTF^]00Bln'#Erc7@!!!Q1!!!","2097158":"!<d@[F*PF7#64c-E,TfC\"TSN&!<d@[F*^*t#64o6@VfsmCI<#NAIW-_Bldj%ARo7dDe!Pj$#O*mATDKnCi]UW!!$[X!!!$*Ec6&.FD5Z2!2'Jq$O:0a@W,skEs)IC!!*&g!.b+E!$D78!2';f!!ipCD/\")jBk1d@DZKi&#RPQdA7\\\\XCh[D\\!'^`\"F(o/r6#:CVF*(?!Ch[D\\!'^Vn@VfsmCJJ;TAJ7FLEcQ)/ARlotEc5h<@VfsmCC:qeG%#*$9jr-TEbSru;0?;bFD5i2ATIkP!!!!1!!!!","2098182":"!<d@[F*PF7#64c-E,TfC\"TSN&!<d@[F*^-u#64o6@VfsmCI<#NAHcRa@<?&b$#+:#ASuU.Ed7ZiEH>r7FE8,r!!!3,F)5c:ErZ1D$taEu6>URMCI<#NAHcRa@<?&a\"`.UVAS_>M\"E\\p.AIE^#De(G.@prk]@0?mRATMNNDJ*csz!=EXO@V'@CDes?4z\"UJpYA5dSYFCbYdCi=B+A-WHX@:Eea;flGXCB4D","2099206":"!<d@[F*PF7#64c-E,TfC\"TSN&!<d@[F*^1!#64o6@VfsmCI<#NAHcRa@<?&b$#+:#ASuU.Ed7ZiEH>r7FE7un!!!3,F)5c:ErZ1D$taEu6>URMCI<#NAHcRa@<?&a\"`.UVAS_iq@;odu/Rij:Ch.6tB*AE[H#R=$GAhD1/R`:'A-<3UATMNNDJ*csz!=EXO@V'@CDes?4z\"UJpYA5dSYFCbYdCi=B+A-WHX@:Eea;flGXCB4D","2100230":"!<d@[F*PF7#64c-E,TfC\"TSN&!<d@[F*^4\"#64o6@VfsmCI<#NAIW-_Bldj%ARo7dDe!Pj$#O*mATDKnCi]UW!!$[X!!!$*Ec6&.FD5Z2!2'Jq$O:0a@W,skEs)IC!!)Kg!.aPE!\"],8!0@0f!!ipCD/\")jBk1d@DZKi&#RPQdA7\\\\XCh[D\\!'^`\"F(o/r6#:CVF*(?!Ch[D\\!'^Vn@VfsmCJJ;TAJ7FLEcQ)/ARlotEc5h<@VfsmCC:qeG%#*$9jr-TEbSru;0?;bFD5i2ATIkP!!!!1!!!!","1031":"!<d@[F*PI8#64c-E,TfC!rr<$!<d@[F*^-u#64o6@VfsmCI<#NAIW-_Bldj%ARo7dDe!Pj$#O*mATDKnCi]XX!!!KO!!$pW!!!$*Ec6&.FD5Z2!2'Jq$O:0a@W,skErl=A!9!AH!QL6\"!!ipCD/\")jBk1d@DZKi&#RPQdA7\\\\XCh[D\\!'^`\"F(o/r6#:CVF*(?!Ch[D\\!'^Vn@VfsmCJJ;TAHY;DCh3tj@<Q'nCe\\>[ATDKnCf,=`DKKT7Bk;>dz&-)\\1","2055":"!<d@[F*PI8#64c-E,TfC!rr<$!<d@[F*^1!#64o6@VfsmCI<#NAIW-_Bldj%ARo7dDe!Pj$#O*mATDKnCi]XX!!!KO!!$pW!!!$*Ec6&.FD5Z2!2'Jq$O:0a@W,skErl=A!9!AH!QL6\"!!ipCD/\")jBk1d@DZKi&#RPQdA7\\\\XCh[D\\!'^`\"F(o/r6#:CVF*(?!Ch[D\\!'^Vn@VfsmCJJ;TAHY;DCh3tj@<Q'nCe\\>[ATDKnCf,=`DKKT7Bk;>dz&-)\\1","1048583":"!<d@[F*PI8#64c-E,TfC\"98E%!<d@[F*^*t#64o6@VfsmCI<#NAIW-_Bldj%ARo7dDe!Pj$#O*mATDKnCi]XX!!%Bd!!$^Y!!!$*Ec6&.FD5Z2!2'Jq$O:0a@W,skEs)IC!!!N/!<MZg!:g'g!>#2/!=0$DD/\")jBk1d@DZKi&#RPQdA7\\\\XCh[D\\!'^`\"F(o/r6#:CVF*(?!Ch[D\\!'^Vn@VfsmCJJ;TAI;4ACERS4@;]k%$Q!5p@;0OP@<?($BjkgTF^]00Bln'#Erc7@!!!Q1!!!","1049607":"!<d@[F*PI8#64c-E,TfC\"98E%!<d@[F*^-u#64o6@VfsmCI<#NAHcRa@<?&b$#+:#ASuU.Ed7ZiEH>r7FE7un!!!3,F)5c:EsD_\"z!&Y)`!!*'\"z\"Uo!]E^FS\\@r\"GMA7YpSEaa'$\"U/^N@V'?U\"U&pmE+K?\"Df9/<@:s.^\":8pVF(djWB5D/6&'7$:$>a-[ASa_PCi==o!!!!&#]+3c;flGiAHlX\\Df]K##7>9U@V'@SFCAZp!<<","1050631":"!<d@[F*PI8#64c-E,TfC\"98E%!<d@[F*^1!#64o6@VfsmCI<#NAHcRa@<?&b$#+:#ASuU.Ed7ZiEH>r7FE7un!!!3,F)5c:EsD_\"z!&Y)`!!*'\"z\"Uo!]E^FS\\@r\"GMA7YpSEaa'$\"U/^N@V'?U\"U&pmE+K?\"Df9/<@:s.^\":8pVF(djWB5D/6%nT\"e$>a-[ASa_PCi==o!!!!&#]+3c;flGiAHlX\\Df]K##7>9U@V'@SFCAZp!<<","1051655":"!<d@[F*PI8#64c-E,TfC\"98E%!<d@[F*^4\"#64o6@VfsmCI<#NAIW-_Bldj%ARo7dDe!Pj$#O*mATDKnCi]XX!!%Bd!!$^Y!!!$*Ec6&.FD5Z2!2'Jq$O:0a@W,skEs)IC!\"\\Q@!<M*g!:\\ng!<<*@!=0$DD/\")jBk1d@DZKi&#RPQdA7\\\\XCh[D\\!'^`\"F(o/r6#:CVF*(?!Ch[D\\!'^Vn@VfsmCJJ;TAI;4ACERS4@;]k%$Q!5p@;0OP@<?($BjkgTF^]00Bln'#Erc7@!!!Q1!!!","2097159":"!<d@[F*PI8#64c-E,TfC\"TSN&!<d@[F*^*t#64o6@VfsmCI<#NAIW-_Bldj%ARo7dDe!Pj$#O*mATDKnCi]UW!!$[X!!!$*Ec6&.FD5Z2!2'Jq$O:0a@W,skEs)IC!!*&g!.b+E!$D78!2';f!!ipCD/\")jBk1d@DZKi&#RPQdA7\\\\XCh[D\\!'^`\"F(o/r6#:CVF*(?!Ch[D\\!'^Vn@VfsmCJJ;TAJ7FLEcQ)/ARlotEc5h<@VfsmCC:qeG%#*$9jr-TEbSru;0?;bFD5i2ATIkP!!!!1!!!!","2098183":"!<d@[F*PI8#64c-E,TfC\"TSN&!<d@[F*^-u#64o6@VfsmCI<#NAHcRa@<?&b$#+:#ASuU.Ed7ZiEH>r7FE7un!!!3,F)5c:ErZ1D$taEu6>URMCI<#NAHcRa@<?&a\"`.UVAS_`n@;odu/TboLCi]a_FEqh:$$U<+A1_5&ARkoMD.Rd%6#L=OA_R_e5QM4.@:Eea6Z6dZEW?(>!!NXEBk1.a@<?&b@r-()ARl#QCggdaCf>Fa@qu)F","2099207":"!<d@[F*PI8#64c-E,TfC\"TSN&!<d@[F*^1!#64o6@VfsmCI<#NAHcRa@<?&b$#+:#ASuU.Ed7ZiEH>r7FE8,r!!!3,F)5c:ErZ1D$taEu6>URMCI<#NAHcRa@<?&a\"`.UVAS_>M\"E\\p.AI<X\"De(G8@;p.#\":8pVF(djWB5D/6%nT\"e$>a-[ASa_PCi==o!!!!&#]+3c;flGiAHlX\\Df]K##7>9U@V'@SFCAZp!<<","2100231":"!<d@[F*PI8#64c-E,TfC\"TSN&!<d@[F*^4\"#64o6@VfsmCI<#NAIW-_Bldj%ARo7dDe!Pj$#O*mATDKnCi]UW!!$[X!!!$*Ec6&.FD5Z2!2'Jq$O:0a@W,skEs)IC!!)Kg!.aPE!\"],8!0@0f!!ipCD/\")jBk1d@DZKi&#RPQdA7\\\\XCh[D\\!'^`\"F(o/r6#:CVF*(?!Ch[D\\!'^Vn@VfsmCJJ;TAJ7FLEcQ)/ARlotEc5h<@VfsmCC:qeG%#*$9jr-TEbSru;0?;bFD5i2ATIkP!!!!1!!!!","8":"!<d@[F*PL9#64c-E,TfC!rr<$!<d@[F*^*t#64o6@VfsmCI<#NAIW-_Bldj%ARo7dDe!Pj$#O*mATDKnCi]UW!!$^Y!!!$*Ec6&.FD5Z2!2'Jq$O:0a@W,skErc7@!9!nW!!ipCD/\")jBk1d@DZKi&#RPQdA7\\\\XCh[D\\!'^`\"F(o/r6#:CVF*(?!Ch[D\\!'^Vn@VfsmCJJ;TAK=-VEcP`%ARlotEc5h<@VfsmCEP$GBm+'0ARm4t(L_JqBl$LPFCfK,@;Je`@;^1$FD5<-!<<*\"!\"],1!!","1032":"!<d@[F*PL9#64c-E,TfC!rr<$!<d@[F*^-u#64o6@VfsmCI<#NAIW-_Bldj%ARo7dDe!Pj$#O*mATDKnCi]UW!!$pW!!!$*Ec6&.FD5Z2!2'Jq$O:0a@W,skErc7@!9!AH!!ipCD/\")jBk1d@DZKi&#RPQdA7\\\\XCh[D\\!'^`\"F(o/r6#:CVF*(?!Ch[D\\!'^Vn@VfsmCJJ;TAI;4ACERS4@;]k%$Q!5p@;0OP@<?($BjkgTF^]00Bln'#Erc7@!!!Q1!!!","2056":"!<d@[F*PL9#64c-E,TfC!rr<$!<d@[F*^1!#64o6@VfsmCI<#NAIW-_Bldj%ARo7dDe!Pj$#O*mATDKnCi]UW!!%Bd!!!$*Ec6&.FD5Z2!2'Jq$O:0a@W,skErc7@!9!AH!!ipCD/\")jBk1d@DZKh<#RPQdA7\\\\XCh[D\\!\"]DHF(o/r6#:CVF*(?!Ch[D\\!\"];?@VfsmCJJ;TAI;4ACERS4@;]k%$Q!5p@;0OP@<?($BjkgTF^]00Bln'#Erc7@!!!Q1!!!","3080":"!<d@[F*PL9#64c-E,TfC!rr<$!<d@[F*^4\"#64o6@VfsmCI<#NAIW-_Bldj%ARo7dDe!Pj$#O*mATDKnCi]UW!!$^Y!!!$*Ec6&.FD5Z2!2'Jq$O:0a@W,skErc7@!9!>W!!ipCD/\")jBk1d@DZKi&#RPQdA7\\\\XCh[D\\!'^`\"F(o/r6#:CVF*(?!Ch[D\\!'^Vn@VfsmCJJ;TAK=-VEcP`%ARlotEc5h<@VfsmCEP$GBm+'0ARm4t(L_JqBl$LPFCfK,@;Je`@;^1$FD5<-!<<*\"!\"],1!!","1048584":"!<d@[F*PL9#64c-E,TfC\"98E%!<d@[F*^*t#64o6@VfsmCI<#NAIW-_Bldj%ARo7dDe!Pj$#O*mATDKnCi]XX!!%Bd!!$^Y!!!$*Ec6&.FD5Z2!2'Jq$O:0a@W,skEs)IC!!!N/!<MZg!:g'g!>#2/!=0$DD/\")jBk1d@DZKi&#RPQdA7\\\\XCh[D\\!'^`\"F(o/r6#:CVF*(?!Ch[D\\!'^Vn@VfsmCJJ;TAI;4ACERS4@;]k%$Q!5p@;0OP@<?($BjkgTF^]00Bln'#Erc7@!!!Q1!!!","1049608":"!<d@[F*PL9#64c-E,TfC\"98E%!<d@[F*^-u#64o6@VfsmCI<#NAHcRa@<?&b$#+:#ASuU.Ed7ZiEH>r7FE7un!!!3,F)5c:EsD_\"z!&Y)`!!3-#z\"Uo!]E^FS\\@r\"GMA7YpSEaa'$\"U/^N@V'?U\"U&pmE+K?\"Df9/<@:s.^\":8pVF(djWB5D,Z!!!!\"$>a-[ASa_PCi==o!!!!&#]+3c;flGiAHlX\\Df]K##7>9U@V'@SFCAZp!<<","1050632":"!<d@[F*PL9#64c-E,TfC\"98E%!<d@[F*^1!#64o6@VfsmCI<#NAHcRa@<?&b$#+:#ASuU.Ed7ZiEH>r7FE7un!!!3,F)5c:EsD_\"z!&Y)`!!*'\"z\"Uo!]E^FS\\@r\"GMA7YpSEaa'$\"U/^N@V'?U\"U&pmE+K?\"Df9/<@:s.^\":8pVF(djWB5D/6%nT\"e$>a-[ASa_PCi==o!!!!&#]+3c;flGiAHlX\\Df]K##7>9U@V'@SFCAZp!<<","1051656":"!<d@[F*PL9#64c-E,TfC\"98E%!<d@[F*^4\"#64o6@VfsmCI<#NAIW-_Bldj%ARo7dDe!Pj$#O*mATDKnCi]XX!!%Bd!!$^Y!!!$*Ec6&.FD5Z2!2'Jq$O:0a@W,skEs)IC!\"\\Q@!<M*g!:\\ng!<<*@!=0$DD/\")jBk1d@DZKi&#RPQdA7\\\\XCh[D\\!'^`\"F(o/r6#:CVF*(?!Ch[D\\!'^Vn@VfsmCJJ;TAJ7FLEcQ)/ARlotEc5h<@VfsmCC:qeG%#*$9jr-TEbSru;0?;bFD5i2ATIkP!!!!1!!!!","2097160":"!<d@[F*PL9#64c-E,TfC\"TSN&!<d@[F*^*t#64o6@VfsmCI<#NAIW-_Bldj%ARo7dDe!Pj$#O*mATDKnCi]UW!!$[X!!!$*Ec6&.FD5Z2!2'Jq$O:0a@W,skEs)IC!!*&g!.b+E!$D78!2';f!!ipCD/\")jBk1d@DZKi&#RPQdA7\\\\XCh[D\\!'^`\"F(o/r6#:CVF*(?!Ch[D\\!'^Vn@VfsmCJJ;TAJ7FLEcQ)/ARlotEc5h<@VfsmCC:qeG%#*$9jr-TEbSru;0?;bFD5i2ATIkP!!!!1!!!!","2098184":"!<d@[F*PL9#64c-E,TfC\"TSN&!<d@[F*^-u#64o6@VfsmCI<#NAHcRa@<?&b$#+:#ASuU.Ed7ZiEH>r7FE7un!!!3,F)5c:ErZ1D$taEu6>URMCI<#NAHcRa@<?&a\"`.UVAS_>M\"E\\p.AI3R!De(G.B4YTV$#O6pBL-NKCh;?3ahIi`CggdaCdW,WDfPgX!!!0.Ch[EYFCB9&#%MIfF(Jke$>a-[ASb:e@:O'R!!","2099208":"!<d@[F*PL9#64c-E,TfC\"TSN&!<d@[F*^1!#64o6@VfsmCI<#NAHcRa@<?&b$#+:#ASuU.Ed7ZiEH>r7FE7un!!!3,F)5c:ErZ1D$taEu6>URMCI<#NAHcRa@<?&a\"`.UVAS_rt@;odu/ST*8Eb/cqASuU2\"U&pmE+K?\"Df9/<@:s.^\":8pVF(djWB5D,Z!!!!\"$>a-[ASa_PCi==o!!!!&#]+3c;flGiAHlX\\Df]K##7>9U@V'@SFCAZp!<<","2100232":"!<d@[F*PL9#64c-E,TfC\"TSN&!<d@[F*^4\"#64o6@VfsmCI<#NAIW-_Bldj%ARo7dDe!Pj$#O*mATDKnCi]UW!!$[X!!!$*Ec6&.FD5Z2!2'Jq$O:0a@W,skEs2OD!!)Kg!$C\\:!.`u5!\"],8!0@0f!!ipCD/\")jBk1d@DZKi&#RPQdA7\\\\XCh[D\\!'^`\"F(o/r6#:CVF*(?!Ch[D\\!'^Vn@VfsmCJJ;TAJ7FLEcQ)/ARlotEc5h<@VfsmCC:qeG%#*$9jr-TEbSru;0?;bFD5i2ATIkP!!!!1!!!!","1033":"!<d@[F*PO:#64c-E,TfC!rr<$!<d@[F*^-u#64o6@VfsmCI<#NAIW-_Bldj%ARo7dDe!Pj$#O*mATDKnCi]XX!!%Bd!!$^Y!!!$*Ec6&.FD5Z2!2'Jq$O:0a@W,skEs)IC!8qf<!T6l5!8r>+!TnF[!=0$DD/\")jBk1d@DZKi&#RPQdA7\\\\XCh[D\\!'^`\"F(o/r6#:CVF*(?!Ch[D\\!'^Vn@VfsmCJJ;TAI;4ACERS4@;]k%$Q!5p@;0OP@<?($BjkgTF^]00Bln'#Erc7@!!!Q1!!!","2057":"!<d@[F*PO:#64c-E,TfC!rr<$!<d@[F*^1!#64o6@VfsmCI<#NAIW-_Bldj%ARo7dDe!Pj$#O*mATDKnCi]UW!!$^Y!!!$*Ec6&.FD5Z2!2'Jq$O:0a@W,skErc7@!8mkW!!ipCD/\")jBk1d@DZKi&#RPQdA7\\\\XCh[D\\!'^`\"F(o/r6#:CVF*(?!Ch[D\\!'^Vn@VfsmCJJ;TAK=-VEcP`%ARlotEc5h<@VfsmCEP$GBm+'0ARm4t(L_JqBl$LPFCfK,@;Je`@;^1$FD5<-!<<*\"!\"],1!!","1049609":"!<d@[F*PO:#64c-E,TfC\"98E%!<d@[F*^-u#64o6@VfsmCI<#NAIW-_Bldj%ARo7dDe!Pj$#O*mATDKnCi]XX!!%Bd!!$^Y!!!$*Ec6&.FD5Z2!2'Jq$O:0a@W,skEs2OD!!!Q@!<<`$!>#;\"!\"^7P!Up]i!=0$DD/\")jBk1d@DZKi&#RPQdA7\\\\XCh[D\\!'^`\"F(o/r6#:CVF*(?!Ch[D\\!'^Vn@VfsmCJJ;TAI;4ACERS4@;]k%$Q!5p@;0OP@<?($BjkgTF^]00Bln'#Erc7@!!!Q1!!!","1050633":"!<d@[F*PO:#64c-E,TfC\"98E%!<d@[F*^1!#64o6@VfsmCI<#NAIW-_Bldj%ARo7dDe!Pj$#O*mATDKnCi]XX!!%Bd!!$^Y!!!$*Ec6&.FD5Z2!2'Jq$O:0a@W,skEs)IC!!!Q@!<</g!:UU#!<=5@!=0$DD/\")jBk1d@DZKi&#RPQdA7\\\\XCh[D\\!'^`\"F(o/r6#:CVF*(?!Ch[D\\!'^Vn@VfsmCJJ;TAI;4ACERS4@;]k%$Q!5p@;0OP@<?($BjkgTF^]00Bln'#Erc7@!!!Q1!!!","2098185":"!<d@[F*PO:#64c-E,TfC\"TSN&!<d@[F*^-u#64o6@VfsmCI<#NAIW-_Bldj%ARo7dDe!Pj$#O*mATDKnCi]UW!!$[X!!!$*Ec6&.FD5Z2!2'Jq$O:0a@W,skEs2OD!!!#g!\"],:!.Y+F!\"]\\8!0@`f!!ipCD/\")jBk1d@DZKi&#RPQdA7\\\\XCh[D\\!'^`\"F(o/r6#:CVF*(?!Ch[D\\!'^Vn@VfsmCJJ;TAJ7FLEcQ)/ARlotEc5h<@VfsmCC:qeG%#*$9jr-TEbSru;0?;bFD5i2ATIkP!!!!1!!!!","2099209":"!<d@[F*PO:#64c-E,TfC\"TSN&!<d@[F*^1!#64o6@VfsmCI<#NAIW-_Bldj%ARo7dDe!Pj$#O*mATDKnCi]UW!!$[X!!!$*Ec6&.FD5Z2!2'Jq$O:0a@W,skEs2OD!!!#g!\"],:!.Y+F!\"]\\8!0@`f!!ipCD/\")jBk1d@DZKi&#RPQdA7\\\\XCh[D\\!'^`\"F(o/r6#:CVF*(?!Ch[D\\!'^Vn@VfsmCJJ;TAJ7FLEcQ)/ARlotEc5h<@VfsmCC:qeG%#*$9jr-TEbSru;0?;bFD5i2ATIkP!!!!1!!!!"},"Entities":[],"ReplaceMode":2,"EntranceRotation":-1}