{
	"editor": {
		"allAngles": true,
		"entityTextureMode": true
	},
	"textureWidth": 56,
	"textureHeight": 72,
	"textureSizes": {
		"skin": [56,72]
	},
	"textures": {
	},
	"elements": [
		{
			"name": "Body",
			"from": [ -0.3, 8.3, 4.6 ],
			"to": [ 7.4, 15.1, 11.2 ],
			"unwrapMode": 7,
			"unwrapRotation": 1,
			"autoUnwrap": false,
			"uv": [ 0.62, 37.62 ],
			"rotationOrigin": [ 7.4, 13.1, 8.0 ],
			"rotationX": -4.0,
			"rotationZ": 5.0,
			"faces": {
				"north": { "texture": "#skin", "uv": [ 14.0, 14.0, 20.5, 21.5 ], "rotation": 90 },
				"east": { "texture": "#skin", "uv": [ 1.0, 39.5, 7.5, 46.0 ], "windMode": [-1,-1,-1,-1] },
				"south": { "texture": "#skin", "uv": [ 1.0, 14.0, 7.5, 21.5 ], "rotation": 270, "windMode": [-1,-1,-1,-1], "windData": [0,0,0,1] },
				"west": { "texture": "#skin", "uv": [ 8.0, 39.5, 14.5, 46.0 ], "windMode": [-1,-1,-1,-1], "windData": [0,0,1,1] },
				"up": { "texture": "#skin", "uv": [ 7.5, 14.0, 14.0, 21.5 ], "rotation": 270, "windMode": [-1,-1,-1,-1], "windData": [1,1,0,0] },
				"down": { "texture": "#skin", "uv": [ 20.5, 14.0, 27.0, 21.5 ], "rotation": 90, "windMode": [-1,-1,-1,-1] }
			},
			"children": [
				{
					"name": "Abdomen",
					"from": [ 6.6, 0.0, 0.1 ],
					"to": [ 12.7, 6.8, 6.4 ],
					"unwrapMode": 7,
					"unwrapRotation": 1,
					"autoUnwrap": false,
					"uv": [ 0.75, 46.0 ],
					"rotationOrigin": [ 7.7, 6.6, 3.3 ],
					"rotationZ": -4.0,
					"faces": {
						"north": { "texture": "#skin", "uv": [ 13.5, 22.0, 20.0, 28.0 ], "rotation": 90 },
						"east": { "texture": "#skin", "uv": [ 21.5, 39.5, 27.5, 46.0 ] },
						"south": { "texture": "#skin", "uv": [ 1.0, 22.0, 7.5, 28.0 ], "rotation": 270 },
						"west": { "texture": "#skin", "uv": [ 15.0, 39.5, 21.0, 46.0 ], "windMode": [-1,-1,-1,-1], "windData": [0,0,1,1] },
						"up": { "texture": "#skin", "uv": [ 7.5, 22.0, 13.5, 28.0 ], "rotation": 270 },
						"down": { "texture": "#skin", "uv": [ 20.0, 22.0, 26.0, 28.0 ], "rotation": 90 }
					},
					"children": [
						{
							"name": "Hip",
							"from": [ 5.8, 1.1, 0.1 ],
							"to": [ 10.3, 6.8, 6.1 ],
							"unwrapMode": 7,
							"unwrapRotation": 1,
							"autoUnwrap": false,
							"uv": [ 1.62, 55.38 ],
							"rotationOrigin": [ 5.8, 6.6, 3.8 ],
							"rotationZ": -15.0,
							"faces": {
								"north": { "texture": "#skin", "uv": [ 13.5, 28.5, 19.0, 33.0 ], "rotation": 90 },
								"east": { "texture": "#skin", "uv": [ 7.5, 33.0, 13.5, 38.5 ] },
								"south": { "texture": "#skin", "uv": [ 2.0, 28.5, 7.5, 33.0 ], "rotation": 270 },
								"west": { "texture": "#skin", "uv": [ 1.0, 33.5, 7.0, 39.0 ], "rotation": 180 },
								"up": { "texture": "#skin", "uv": [ 7.5, 28.5, 13.5, 33.0 ], "rotation": 270 },
								"down": { "texture": "#skin", "uv": [ 19.0, 28.5, 25.0, 33.0 ], "rotation": 90 }
							},
							"children": [
								{
									"name": "Tail 1",
									"from": [ 4.1, 4.3, 2.3 ],
									"to": [ 5.1, 5.5, 3.5 ],
									"unwrapMode": 7,
									"unwrapRotation": 1,
									"uv": [ 28.0, 0.75 ],
									"rotationOrigin": [ 4.1, 4.8, 2.8 ],
									"rotationX": 4.0,
									"rotationZ": 27.5,
									"faces": {
										"north": { "texture": "#skin", "uv": [ 30.0, 2.0, 31.0, 3.0 ], "rotation": 90 },
										"east": { "texture": "#skin", "uv": [ 29.0, 3.0, 30.0, 4.0 ] },
										"south": { "texture": "#skin", "uv": [ 28.0, 2.0, 29.0, 3.0 ], "rotation": 270 },
										"west": { "texture": "#skin", "uv": [ 29.0, 1.0, 30.0, 2.0 ], "rotation": 180 },
										"up": { "texture": "#skin", "uv": [ 29.0, 2.0, 30.0, 3.0 ], "rotation": 270 },
										"down": { "texture": "#skin", "uv": [ 31.0, 2.0, 32.0, 3.0 ], "rotation": 90 }
									},
									"children": [
										{
											"name": "Tail 2",
											"from": [ 0.7, 0.0, -0.05 ],
											"to": [ 1.7, 1.3, 1.25 ],
											"unwrapMode": 7,
											"unwrapRotation": 1,
											"uv": [ 28.0, 5.38 ],
											"rotationOrigin": [ 0.7, 1.2, 0.55 ],
											"rotationX": 2.0,
											"rotationZ": 13.5,
											"faces": {
												"north": { "texture": "#skin", "uv": [ 30.0, 6.5, 31.0, 7.5 ], "rotation": 90 },
												"east": { "texture": "#skin", "uv": [ 29.0, 7.5, 30.0, 8.5 ] },
												"south": { "texture": "#skin", "uv": [ 28.0, 6.5, 29.0, 7.5 ], "rotation": 270 },
												"west": { "texture": "#skin", "uv": [ 29.0, 5.5, 30.0, 6.5 ], "rotation": 180 },
												"up": { "texture": "#skin", "uv": [ 29.0, 6.5, 30.0, 7.5 ], "rotation": 270 },
												"down": { "texture": "#skin", "uv": [ 31.0, 6.5, 32.0, 7.5 ], "rotation": 90 }
											},
											"children": [
												{
													"name": "Tail 3",
													"from": [ 0.6, 0.05, -0.1 ],
													"to": [ 3.6, 1.55, 1.4 ],
													"unwrapMode": 7,
													"unwrapRotation": 1,
													"uv": [ 27.5, 8.88 ],
													"rotationOrigin": [ 0.6, 0.7, 0.65 ],
													"rotationX": 4.0,
													"rotationZ": 47.0,
													"faces": {
														"north": { "texture": "#skin", "uv": [ 30.5, 10.5, 32.0, 13.5 ], "rotation": 90 },
														"east": { "texture": "#skin", "uv": [ 29.0, 13.5, 30.5, 15.0 ], "windMode": [-1,-1,-1,-1] },
														"south": { "texture": "#skin", "uv": [ 27.5, 10.5, 29.0, 13.5 ], "rotation": 270 },
														"west": { "texture": "#skin", "uv": [ 29.0, 9.0, 30.5, 10.5 ], "rotation": 180, "windMode": [-1,-1,-1,-1] },
														"up": { "texture": "#skin", "uv": [ 29.0, 10.5, 30.5, 13.5 ], "rotation": 270 },
														"down": { "texture": "#skin", "uv": [ 32.0, 10.5, 33.5, 13.5 ], "rotation": 90 }
													}
												}
											]
										}
									]
								},
								{
									"name": "Right Upper Leg",
									"from": [ -0.6, -1.4, -0.6 ],
									"to": [ 3.7, 4.6, 1.4 ],
									"unwrapMode": 1,
									"uv": [ 42.5, 42.5 ],
									"rotationOrigin": [ 3.3, 4.3, 0.2 ],
									"rotationZ": -8.0,
									"faces": {
										"north": { "texture": "#skin", "uv": [ 44.5, 44.5, 48.5, 50.5 ] },
										"east": { "texture": "#skin", "uv": [ 42.5, 44.5, 44.5, 50.5 ] },
										"south": { "texture": "#skin", "uv": [ 50.5, 44.5, 54.5, 50.5 ] },
										"west": { "texture": "#skin", "uv": [ 48.5, 44.5, 50.5, 50.5 ] },
										"up": { "texture": "#skin", "uv": [ 44.5, 42.5, 48.5, 44.5 ], "rotation": 180 },
										"down": { "texture": "#skin", "uv": [ 44.5, 50.5, 48.5, 52.5 ] }
									},
									"children": [
										{
											"name": "Right Lower Leg",
											"from": [ 0.2, -5.0, 0.1 ],
											"to": [ 2.7, 0.5, 1.9 ],
											"unwrapMode": 1,
											"uv": [ 45.5, 53.0 ],
											"rotationOrigin": [ 0.2, 0.5, 1.0 ],
											"rotationZ": 31.0,
											"faces": {
												"north": { "texture": "#skin", "uv": [ 47.0, 54.5, 49.5, 60.0 ] },
												"east": { "texture": "#skin", "uv": [ 45.5, 54.5, 47.0, 60.0 ] },
												"south": { "texture": "#skin", "uv": [ 51.0, 54.5, 53.5, 60.0 ] },
												"west": { "texture": "#skin", "uv": [ 49.5, 54.5, 51.0, 60.0 ] },
												"up": { "texture": "#skin", "uv": [ 47.0, 53.0, 49.5, 54.5 ], "rotation": 180 },
												"down": { "texture": "#skin", "uv": [ 47.0, 60.0, 49.5, 61.5 ] }
											},
											"children": [
												{
													"name": "Right Foot",
													"from": [ 0.0, -4.2, -0.1 ],
													"to": [ 1.9, 1.1, 1.9 ],
													"unwrapMode": 1,
													"uv": [ 48.0, 62.0 ],
													"rotationOrigin": [ 1.1, 0.0, 0.9 ],
													"rotationZ": -43.0,
													"faces": {
														"north": { "texture": "#skin", "uv": [ 50.0, 64.0, 51.5, 69.0 ] },
														"east": { "texture": "#skin", "uv": [ 48.0, 64.0, 50.0, 69.0 ] },
														"south": { "texture": "#skin", "uv": [ 53.5, 64.0, 55.0, 69.0 ] },
														"west": { "texture": "#skin", "uv": [ 51.5, 64.0, 53.5, 69.0 ] },
														"up": { "texture": "#skin", "uv": [ 50.0, 62.0, 51.5, 64.0 ], "rotation": 180 },
														"down": { "texture": "#skin", "uv": [ 50.0, 69.0, 51.5, 71.0 ] }
													},
													"children": [
														{
															"name": "Right Toes",
															"from": [ -1.6, -1.1, -0.1 ],
															"to": [ 1.4, 0.1, 1.9 ],
															"unwrapMode": 5,
															"unwrapRotation": 1,
															"uv": [ 40.5, 66.5 ],
															"rotationOrigin": [ 0.0, 0.5, 0.9 ],
															"rotationX": 6.0,
															"rotationZ": 35.0,
															"faces": {
																"north": { "texture": "#skin", "uv": [ 40.5, 67.5, 41.5, 70.5 ], "rotation": 270 },
																"east": { "texture": "#skin", "uv": [ 41.5, 66.5, 43.5, 67.5 ], "rotation": 180 },
																"south": { "texture": "#skin", "uv": [ 43.5, 67.5, 44.5, 70.5 ], "rotation": 90 },
																"west": { "texture": "#skin", "uv": [ 41.5, 70.5, 43.5, 71.5 ] },
																"up": { "texture": "#skin", "uv": [ 41.5, 67.5, 43.5, 70.5 ], "rotation": 90 },
																"down": { "texture": "#skin", "uv": [ 44.5, 67.5, 46.5, 70.5 ], "rotation": 270 }
															},
															"children": [
																{
																	"name": "Toe 1",
																	"from": [ -0.2, -0.01, -0.4 ],
																	"to": [ 2.1, 1.49, 0.2 ],
																	"unwrapMode": 5,
																	"uv": [ 25.0, 59.5 ],
																	"rotationOrigin": [ 0.8, -0.1, 0.0 ],
																	"rotationY": -8.0,
																	"faces": {
																		"north": { "texture": "#skin", "uv": [ 26.5, 59.5, 28.5, 61.0 ], "rotation": 180 },
																		"east": { "texture": "#skin", "uv": [ 28.5, 61.0, 30.0, 61.5 ], "rotation": 90 },
																		"south": { "texture": "#skin", "uv": [ 26.5, 61.5, 28.5, 63.0 ] },
																		"west": { "texture": "#skin", "uv": [ 25.0, 61.0, 26.5, 61.5 ], "rotation": 270 },
																		"up": { "texture": "#skin", "uv": [ 26.5, 61.0, 28.5, 61.5 ] },
																		"down": { "texture": "#skin", "uv": [ 30.0, 61.0, 32.0, 61.5 ] }
																	}
																},
																{
																	"name": "Toe 2",
																	"from": [ -0.6, -0.02, 0.1 ],
																	"to": [ 1.7, 1.53, 0.9 ],
																	"unwrapMode": 5,
																	"uv": [ 25.0, 59.5 ],
																	"rotationOrigin": [ 0.4, -0.1, 0.5 ],
																	"rotationY": -2.0,
																	"faces": {
																		"north": { "texture": "#skin", "uv": [ 26.5, 59.5, 28.5, 61.0 ], "rotation": 180 },
																		"east": { "texture": "#skin", "uv": [ 28.5, 61.0, 30.0, 61.5 ], "rotation": 90 },
																		"south": { "texture": "#skin", "uv": [ 26.5, 61.5, 28.5, 63.0 ] },
																		"west": { "texture": "#skin", "uv": [ 25.0, 61.0, 26.5, 61.5 ], "rotation": 270 },
																		"up": { "texture": "#skin", "uv": [ 26.5, 61.0, 28.5, 61.5 ] },
																		"down": { "texture": "#skin", "uv": [ 30.0, 61.0, 32.0, 61.5 ] }
																	}
																},
																{
																	"name": "Toe 3",
																	"from": [ -0.6, -0.02, 0.9 ],
																	"to": [ 1.7, 1.53, 1.7 ],
																	"unwrapMode": 5,
																	"uv": [ 25.0, 59.5 ],
																	"rotationOrigin": [ 0.4, -0.1, 1.3 ],
																	"rotationY": 2.0,
																	"faces": {
																		"north": { "texture": "#skin", "uv": [ 26.5, 59.5, 28.5, 61.0 ], "rotation": 180 },
																		"east": { "texture": "#skin", "uv": [ 28.5, 61.0, 30.0, 61.5 ], "rotation": 90 },
																		"south": { "texture": "#skin", "uv": [ 26.5, 61.5, 28.5, 63.0 ] },
																		"west": { "texture": "#skin", "uv": [ 25.0, 61.0, 26.5, 61.5 ], "rotation": 270 },
																		"up": { "texture": "#skin", "uv": [ 26.5, 61.0, 28.5, 61.5 ] },
																		"down": { "texture": "#skin", "uv": [ 30.0, 61.0, 32.0, 61.5 ] }
																	}
																},
																{
																	"name": "Toe 4",
																	"from": [ -0.2, -0.01, 1.6 ],
																	"to": [ 2.1, 1.49, 2.2 ],
																	"unwrapMode": 5,
																	"uv": [ 25.0, 59.5 ],
																	"rotationOrigin": [ 0.8, -0.1, 1.9 ],
																	"rotationY": 8.0,
																	"faces": {
																		"north": { "texture": "#skin", "uv": [ 26.5, 59.5, 28.5, 61.0 ], "rotation": 180 },
																		"east": { "texture": "#skin", "uv": [ 28.5, 61.0, 30.0, 61.5 ], "rotation": 90 },
																		"south": { "texture": "#skin", "uv": [ 26.5, 61.5, 28.5, 63.0 ] },
																		"west": { "texture": "#skin", "uv": [ 25.0, 61.0, 26.5, 61.5 ], "rotation": 270 },
																		"up": { "texture": "#skin", "uv": [ 26.5, 61.0, 28.5, 61.5 ] },
																		"down": { "texture": "#skin", "uv": [ 30.0, 61.0, 32.0, 61.5 ] }
																	}
																}
															]
														}
													]
												}
											]
										}
									]
								},
								{
									"name": "Left Upper Leg",
									"from": [ 0.4, -0.6, 4.6 ],
									"to": [ 4.7, 5.4, 6.6 ],
									"unwrapMode": 3,
									"uv": [ 29.5, 42.5 ],
									"rotationOrigin": [ 3.3, 4.1, 5.7 ],
									"rotationZ": 47.0,
									"faces": {
										"north": { "texture": "#skin", "uv": [ 37.5, 44.5, 41.5, 50.5 ] },
										"east": { "texture": "#skin", "uv": [ 35.5, 44.5, 37.5, 50.5 ] },
										"south": { "texture": "#skin", "uv": [ 31.5, 44.5, 35.5, 50.5 ] },
										"west": { "texture": "#skin", "uv": [ 29.5, 44.5, 31.5, 50.5 ] },
										"up": { "texture": "#skin", "uv": [ 31.5, 42.5, 35.5, 44.5 ] },
										"down": { "texture": "#skin", "uv": [ 31.5, 50.5, 35.5, 52.5 ], "rotation": 180 }
									},
									"children": [
										{
											"name": "Left Lower Leg",
											"from": [ 0.2, -5.0, 0.1 ],
											"to": [ 2.7, 0.5, 1.9 ],
											"unwrapMode": 3,
											"uv": [ 32.5, 52.88 ],
											"rotationOrigin": [ 0.2, 0.5, 1.0 ],
											"rotationZ": 25.0,
											"faces": {
												"north": { "texture": "#skin", "uv": [ 38.0, 54.5, 40.5, 60.0 ] },
												"east": { "texture": "#skin", "uv": [ 36.5, 54.5, 38.0, 60.0 ] },
												"south": { "texture": "#skin", "uv": [ 34.0, 54.5, 36.5, 60.0 ] },
												"west": { "texture": "#skin", "uv": [ 32.5, 54.5, 34.0, 60.0 ] },
												"up": { "texture": "#skin", "uv": [ 34.0, 53.0, 36.5, 54.5 ] },
												"down": { "texture": "#skin", "uv": [ 34.0, 60.0, 36.5, 61.5 ], "rotation": 180 }
											},
											"children": [
												{
													"name": "Left Foot",
													"from": [ 0.0, -4.2, -0.1 ],
													"to": [ 1.9, 1.1, 1.9 ],
													"unwrapMode": 3,
													"uv": [ 32.5, 62.0 ],
													"rotationOrigin": [ 1.1, 0.0, 0.9 ],
													"rotationZ": -39.0,
													"faces": {
														"north": { "texture": "#skin", "uv": [ 38.0, 64.0, 39.5, 69.0 ] },
														"east": { "texture": "#skin", "uv": [ 36.0, 64.0, 38.0, 69.0 ] },
														"south": { "texture": "#skin", "uv": [ 34.5, 64.0, 36.0, 69.0 ] },
														"west": { "texture": "#skin", "uv": [ 32.5, 64.0, 34.5, 69.0 ] },
														"up": { "texture": "#skin", "uv": [ 34.5, 62.0, 36.0, 64.0 ] },
														"down": { "texture": "#skin", "uv": [ 34.5, 69.0, 36.0, 71.0 ], "rotation": 180 }
													},
													"children": [
														{
															"name": "Left Toes",
															"from": [ -1.6, -1.1, 0.1 ],
															"to": [ 1.4, 0.1, 2.1 ],
															"unwrapMode": 5,
															"unwrapRotation": 1,
															"uv": [ 25.5, 66.5 ],
															"rotationOrigin": [ 0.0, 0.5, 1.1 ],
															"rotationX": -2.0,
															"rotationZ": 38.0,
															"faces": {
																"north": { "texture": "#skin", "uv": [ 25.5, 67.5, 26.5, 70.5 ], "rotation": 270 },
																"east": { "texture": "#skin", "uv": [ 26.5, 66.5, 28.5, 67.5 ], "rotation": 180 },
																"south": { "texture": "#skin", "uv": [ 28.5, 67.5, 29.5, 70.5 ], "rotation": 90 },
																"west": { "texture": "#skin", "uv": [ 26.5, 70.5, 28.5, 71.5 ] },
																"up": { "texture": "#skin", "uv": [ 26.5, 67.5, 28.5, 70.5 ], "rotation": 90 },
																"down": { "texture": "#skin", "uv": [ 29.5, 67.5, 31.5, 70.5 ], "rotation": 270 }
															},
															"children": [
																{
																	"name": "Toe 5",
																	"from": [ -0.2, -0.01, -0.2 ],
																	"to": [ 2.1, 1.49, 0.4 ],
																	"unwrapMode": 5,
																	"uv": [ 39.0, 61.0 ],
																	"rotationOrigin": [ 0.8, -0.1, 0.1 ],
																	"rotationY": -8.0,
																	"faces": {
																		"north": { "texture": "#skin", "uv": [ 40.5, 61.0, 42.5, 62.5 ], "rotation": 180 },
																		"east": { "texture": "#skin", "uv": [ 42.5, 62.5, 44.0, 63.0 ], "rotation": 90 },
																		"south": { "texture": "#skin", "uv": [ 40.5, 63.0, 42.5, 64.5 ] },
																		"west": { "texture": "#skin", "uv": [ 39.0, 62.5, 40.5, 63.0 ], "rotation": 270 },
																		"up": { "texture": "#skin", "uv": [ 40.5, 62.5, 42.5, 63.0 ] },
																		"down": { "texture": "#skin", "uv": [ 44.0, 62.5, 46.0, 63.0 ] }
																	}
																},
																{
																	"name": "Toe 6",
																	"from": [ -0.6, -0.02, 0.3 ],
																	"to": [ 1.7, 1.53, 1.1 ],
																	"unwrapMode": 5,
																	"uv": [ 39.0, 61.0 ],
																	"rotationOrigin": [ 0.4, -0.1, 0.7 ],
																	"rotationY": -2.0,
																	"faces": {
																		"north": { "texture": "#skin", "uv": [ 40.5, 61.0, 42.5, 62.5 ], "rotation": 180 },
																		"east": { "texture": "#skin", "uv": [ 42.5, 62.5, 44.0, 63.0 ], "rotation": 90 },
																		"south": { "texture": "#skin", "uv": [ 40.5, 63.0, 42.5, 64.5 ] },
																		"west": { "texture": "#skin", "uv": [ 39.0, 62.5, 40.5, 63.0 ], "rotation": 270 },
																		"up": { "texture": "#skin", "uv": [ 40.5, 62.5, 42.5, 63.0 ] },
																		"down": { "texture": "#skin", "uv": [ 44.0, 62.5, 46.0, 63.0 ] }
																	}
																},
																{
																	"name": "Toe 7",
																	"from": [ -0.6, -0.02, 1.1 ],
																	"to": [ 1.7, 1.53, 1.9 ],
																	"unwrapMode": 5,
																	"uv": [ 39.0, 61.0 ],
																	"rotationOrigin": [ 0.4, -0.1, 1.5 ],
																	"rotationY": 2.0,
																	"faces": {
																		"north": { "texture": "#skin", "uv": [ 40.5, 61.0, 42.5, 62.5 ], "rotation": 180 },
																		"east": { "texture": "#skin", "uv": [ 42.5, 62.5, 44.0, 63.0 ], "rotation": 90 },
																		"south": { "texture": "#skin", "uv": [ 40.5, 63.0, 42.5, 64.5 ] },
																		"west": { "texture": "#skin", "uv": [ 39.0, 62.5, 40.5, 63.0 ], "rotation": 270 },
																		"up": { "texture": "#skin", "uv": [ 40.5, 62.5, 42.5, 63.0 ] },
																		"down": { "texture": "#skin", "uv": [ 44.0, 62.5, 46.0, 63.0 ] }
																	}
																},
																{
																	"name": "Toe 8",
																	"from": [ -0.2, -0.01, 1.8 ],
																	"to": [ 2.1, 1.49, 2.4 ],
																	"unwrapMode": 5,
																	"uv": [ 39.0, 61.0 ],
																	"rotationOrigin": [ 0.8, -0.1, 2.1 ],
																	"rotationY": 8.0,
																	"faces": {
																		"north": { "texture": "#skin", "uv": [ 40.5, 61.0, 42.5, 62.5 ], "rotation": 180 },
																		"east": { "texture": "#skin", "uv": [ 42.5, 62.5, 44.0, 63.0 ], "rotation": 90 },
																		"south": { "texture": "#skin", "uv": [ 40.5, 63.0, 42.5, 64.5 ] },
																		"west": { "texture": "#skin", "uv": [ 39.0, 62.5, 40.5, 63.0 ], "rotation": 270 },
																		"up": { "texture": "#skin", "uv": [ 40.5, 62.5, 42.5, 63.0 ] },
																		"down": { "texture": "#skin", "uv": [ 44.0, 62.5, 46.0, 63.0 ] }
																	}
																}
															]
														}
													]
												}
											]
										}
									]
								}
							]
						}
					]
				},
				{
					"name": "Neck",
					"from": [ -2.3, 2.2, 1.1 ],
					"to": [ 2.2, 6.7, 5.5 ],
					"unwrapMode": 7,
					"unwrapRotation": 1,
					"autoUnwrap": false,
					"uv": [ 3.75, 4.25 ],
					"rotationOrigin": [ 0.2, 6.1, 3.3 ],
					"rotationX": 4.0,
					"rotationZ": -4.0,
					"faces": {
						"north": { "texture": "#skin", "uv": [ 12.5, 9.0, 17.0, 13.5 ], "rotation": 90 },
						"east": { "texture": "#skin", "uv": [ 23.0, 6.0, 27.0, 10.5 ] },
						"south": { "texture": "#skin", "uv": [ 4.0, 9.0, 8.5, 13.5 ], "rotation": 270 },
						"west": { "texture": "#skin", "uv": [ 23.0, 1.0, 27.0, 5.5 ] },
						"up": { "texture": "#skin", "uv": [ 8.5, 9.0, 12.5, 13.5 ], "rotation": 270 },
						"down": { "texture": "#skin", "uv": [ 17.0, 9.0, 21.0, 13.5 ], "rotation": 90 }
					},
					"children": [
						{
							"name": "Neck Upper",
							"from": [ -1.6, 0.4, 0.2 ],
							"to": [ 1.9, 4.4, 4.1 ],
							"unwrapMode": 7,
							"unwrapRotation": 1,
							"autoUnwrap": false,
							"uv": [ 4.25, 0.88 ],
							"rotationOrigin": [ 0.1, 4.2, 2.1 ],
							"rotationZ": -3.0,
							"faces": {
								"north": { "texture": "#skin", "uv": [ 12.0, 5.0, 16.0, 8.5 ], "rotation": 90 },
								"east": { "texture": "#skin", "uv": [ 15.0, 34.0, 18.5, 38.0 ] },
								"south": { "texture": "#skin", "uv": [ 4.5, 5.0, 8.5, 8.5 ], "rotation": 270 },
								"west": { "texture": "#skin", "uv": [ 8.5, 1.0, 12.0, 5.0 ], "rotation": 180 },
								"up": { "texture": "#skin", "uv": [ 8.5, 5.0, 12.0, 8.5 ], "rotation": 270 },
								"down": { "texture": "#skin", "uv": [ 16.0, 5.0, 19.5, 8.5 ], "rotation": 90 }
							},
							"children": [
								{
									"name": "Head",
									"from": [ -2.0, 0.5, -0.25 ],
									"to": [ 0.2, 4.0, 4.25 ],
									"unwrapMode": 4,
									"autoUnwrap": false,
									"uv": [ 2.5, 48.5 ],
									"rotationOrigin": [ 0.0, 3.8, 2.0 ],
									"rotationZ": 6.0,
									"faces": {
										"north": { "texture": "#skin", "uv": [ 2.5, 49.5, 4.5, 53.0 ] },
										"east": { "texture": "#skin", "uv": [ 11.0, 49.5, 15.5, 53.0 ], "windMode": [-1,-1,-1,-1], "windData": [1,2,2,1] },
										"south": { "texture": "#skin", "uv": [ 9.0, 49.5, 11.0, 53.0 ] },
										"west": { "texture": "#skin", "uv": [ 4.5, 49.5, 9.0, 53.0 ] },
										"up": { "texture": "#skin", "uv": [ 4.5, 47.5, 9.0, 49.5 ], "rotation": 90 },
										"down": { "texture": "#skin", "uv": [ 4.5, 53.0, 9.0, 55.0 ], "rotation": 90 }
									},
									"children": [
										{
											"name": "Forehead",
											"from": [ -1.0, 0.7, 0.45 ],
											"to": [ 0.0, 3.5, 4.05 ],
											"unwrapMode": 5,
											"unwrapRotation": 1,
											"autoUnwrap": false,
											"uv": [ 2.38, 48.88 ],
											"rotationOrigin": [ 0.0, 3.5, 2.25 ],
											"rotationZ": 28.0,
											"faces": {
												"north": { "texture": "#skin", "uv": [ 3.5, 56.5, 4.5, 59.0 ], "windMode": [-1,-1,-1,-1], "windData": [2,2,2,2] },
												"south": { "texture": "#skin", "uv": [ 8.0, 56.5, 9.0, 59.0 ] },
												"west": { "texture": "#skin", "uv": [ 4.5, 56.5, 8.0, 59.0 ] },
												"up": { "texture": "#skin", "uv": [ 4.5, 55.5, 8.0, 56.5 ], "rotation": 90 }
											},
											"children": [
												{
													"name": "Nose Bridge",
													"from": [ -1.3, 1.7349, 1.3 ],
													"to": [ 0.0, 2.7349, 2.3 ],
													"unwrapMode": 5,
													"unwrapRotation": 1,
													"uv": [ 11.38, 46.88 ],
													"rotationOrigin": [ 0.0, 2.7349, 1.8 ],
													"rotationZ": 28.0,
													"faces": {
														"north": { "texture": "#skin", "uv": [ 11.5, 47.0, 12.5, 48.0 ], "rotation": 270, "windMode": [-1,-1,-1,-1], "windData": [2,2,2,2] },
														"south": { "texture": "#skin", "uv": [ 13.5, 47.0, 14.5, 48.0 ], "rotation": 90 },
														"west": { "texture": "#skin", "uv": [ 12.5, 48.0, 13.5, 49.0 ] },
														"up": { "texture": "#skin", "uv": [ 12.5, 47.0, 13.5, 48.0 ], "rotation": 90 }
													}
												},
												{
													"name": "Upper mouth",
													"from": [ -1.4231, 0.8334, 1.25 ],
													"to": [ 0.2769, 2.0334, 2.35 ],
													"unwrapMode": 5,
													"unwrapRotation": 1,
													"uv": [ 15.5, 47.0 ],
													"rotationOrigin": [ 0.0769, 1.4934, 1.8 ],
													"rotationZ": -5.0,
													"faces": {
														"north": { "texture": "#skin", "uv": [ 15.5, 47.0, 16.5, 48.5 ], "rotation": 270, "windMode": [-1,-1,-1,-1] },
														"south": { "texture": "#skin", "uv": [ 17.5, 47.0, 18.5, 48.5 ], "rotation": 90, "windMode": [-1,-1,-1,-1] },
														"west": { "texture": "#skin", "uv": [ 16.5, 48.5, 17.5, 49.5 ], "windMode": [-1,-1,-1,-1], "windData": [0,0,1,1] },
														"up": { "texture": "#skin", "uv": [ 16.5, 47.0, 17.5, 48.5 ], "rotation": 90, "windMode": [-1,-1,-1,-1] }
													},
													"children": [
														{
															"name": "Right jaw",
															"from": [ -0.1, 0.0, -0.55 ],
															"to": [ 1.9, 1.0, 0.55 ],
															"unwrapMode": 7,
															"unwrapRotation": 1,
															"uv": [ 10.5, 55.0 ],
															"rotationOrigin": [ -0.1, 0.0, 0.55 ],
															"rotationX": -5.0,
															"faces": {
																"north": { "texture": "#skin", "uv": [ 12.5, 56.0, 13.5, 58.0 ], "rotation": 90 },
																"south": { "texture": "#skin", "uv": [ 10.5, 56.0, 11.5, 58.0 ], "rotation": 270 },
																"west": { "texture": "#skin", "uv": [ 11.5, 55.0, 12.5, 56.0 ], "rotation": 180 },
																"up": { "texture": "#skin", "uv": [ 11.5, 56.0, 12.5, 58.0 ], "rotation": 270 },
																"down": { "texture": "#skin", "uv": [ 13.5, 56.0, 14.5, 58.0 ], "rotation": 90 }
															},
															"children": [
																{
																	"name": "Right Whiskers",
																	"from": [ 1.1, -0.11, -2.146 ],
																	"to": [ 1.1, 1.39, 0.054 ],
																	"autoUnwrap": false,
																	"uv": [ 51.0, 28.5 ],
																	"rotationOrigin": [ 1.1, -0.1085, 0.054 ],
																	"rotationX": 15.0,
																	"rotationZ": 45.0,
																	"faces": {
																		"west": { "texture": "#skin", "uv": [ 18.5, 1.0, 22.5, 4.0 ], "autoUv": false }
																	}
																},
																{
																	"name": "R fang upper",
																	"from": [ 0.45, -0.4, 0.2486 ],
																	"to": [ 0.75, 0.3, 0.5486 ],
																	"unwrapMode": 5,
																	"uv": [ 26.0, 54.5 ],
																	"rotationOrigin": [ 0.7518, 0.2, 0.5486 ],
																	"rotationX": 5.0,
																	"rotationZ": 5.0,
																	"faces": {
																		"north": { "texture": "#skin", "uv": [ 26.5, 54.5, 27.0, 55.0 ], "rotation": 180 },
																		"east": { "texture": "#skin", "uv": [ 27.0, 55.0, 27.5, 55.5 ], "rotation": 90 },
																		"south": { "texture": "#skin", "uv": [ 26.5, 55.5, 27.0, 56.0 ] },
																		"west": { "texture": "#skin", "uv": [ 26.0, 55.0, 26.5, 55.5 ], "rotation": 270 },
																		"up": { "texture": "#skin", "uv": [ 26.5, 55.0, 27.0, 55.5 ] },
																		"down": { "texture": "#skin", "uv": [ 27.5, 55.0, 28.0, 55.5 ] }
																	}
																}
															]
														},
														{
															"name": "Left jaw",
															"from": [ -0.1, 0.0, 0.55 ],
															"to": [ 1.9, 1.0, 1.65 ],
															"unwrapMode": 7,
															"unwrapRotation": 1,
															"uv": [ 17.5, 55.0 ],
															"rotationOrigin": [ -0.1, 0.0, 0.55 ],
															"rotationX": 5.0,
															"faces": {
																"north": { "texture": "#skin", "uv": [ 19.5, 56.0, 20.5, 58.0 ], "rotation": 90 },
																"south": { "texture": "#skin", "uv": [ 17.5, 56.0, 18.5, 58.0 ], "rotation": 270 },
																"west": { "texture": "#skin", "uv": [ 18.5, 55.0, 19.5, 56.0 ], "rotation": 180 },
																"up": { "texture": "#skin", "uv": [ 18.5, 56.0, 19.5, 58.0 ], "rotation": 270 },
																"down": { "texture": "#skin", "uv": [ 20.5, 56.0, 21.5, 58.0 ], "rotation": 90 }
															},
															"children": [
																{
																	"name": "Left Whiskers",
																	"from": [ 1.1, -0.12, 0.9464 ],
																	"to": [ 1.1, 1.38, 3.1464 ],
																	"autoUnwrap": false,
																	"uv": [ 30.5, 32.5 ],
																	"rotationOrigin": [ 1.1, -0.1172, 0.9464 ],
																	"rotationX": -15.0,
																	"rotationZ": 45.0,
																	"faces": {
																		"east": { "texture": "#skin", "uv": [ 14.0, 1.0, 18.0, 4.0 ], "autoUv": false, "windMode": [-1,-1,-1,-1], "windData": [0,1,1,0] }
																	}
																},
																{
																	"name": "L fang upper",
																	"from": [ 0.45, -0.4, 0.6423 ],
																	"to": [ 0.75, 0.3, 0.9423 ],
																	"unwrapMode": 5,
																	"uv": [ 23.5, 54.5 ],
																	"rotationOrigin": [ 0.752, 0.2, 0.6423 ],
																	"rotationX": -5.0,
																	"rotationZ": 5.0,
																	"faces": {
																		"north": { "texture": "#skin", "uv": [ 24.0, 54.5, 24.5, 55.0 ], "rotation": 180 },
																		"east": { "texture": "#skin", "uv": [ 24.5, 55.0, 25.0, 55.5 ], "rotation": 90 },
																		"south": { "texture": "#skin", "uv": [ 24.0, 55.5, 24.5, 56.0 ] },
																		"west": { "texture": "#skin", "uv": [ 23.5, 55.0, 24.0, 55.5 ], "rotation": 270 },
																		"up": { "texture": "#skin", "uv": [ 24.0, 55.0, 24.5, 55.5 ] },
																		"down": { "texture": "#skin", "uv": [ 25.0, 55.0, 25.5, 55.5 ] }
																	}
																}
															]
														},
														{
															"name": "Upper teeth",
															"from": [ 0.2, 0.0, 0.1 ],
															"to": [ 0.6, 0.4, 1.1 ],
															"unwrapMode": 2,
															"uv": [ 28.5, 55.0 ],
															"rotationOrigin": [ 0.2, 0.0, 0.1 ],
															"rotationZ": -45.0,
															"faces": {
																"north": { "texture": "#skin", "uv": [ 30.0, 55.0, 30.5, 55.5 ] },
																"east": { "texture": "#skin", "uv": [ 29.0, 55.0, 30.0, 55.5 ] },
																"south": { "texture": "#skin", "uv": [ 28.5, 55.0, 29.0, 55.5 ] },
																"down": { "texture": "#skin", "uv": [ 29.0, 55.5, 30.0, 56.0 ], "rotation": 270 }
															}
														},
														{
															"name": "Nose",
															"from": [ -0.3, 0.7, 0.05 ],
															"to": [ 0.1, 1.2, 1.05 ],
															"unwrapMode": 4,
															"uv": [ 16.0, 59.5 ],
															"rotationOrigin": [ 0.1, 1.0, 0.05 ],
															"rotationZ": 6.0,
															"faces": {
																"north": { "texture": "#skin", "uv": [ 16.0, 60.0, 16.5, 60.5 ] },
																"east": { "texture": "#skin", "uv": [ 18.0, 60.0, 19.0, 60.5 ] },
																"south": { "texture": "#skin", "uv": [ 17.5, 60.0, 18.0, 60.5 ] },
																"west": { "texture": "#skin", "uv": [ 16.5, 60.0, 17.5, 60.5 ] },
																"up": { "texture": "#skin", "uv": [ 16.5, 59.5, 17.5, 60.0 ], "rotation": 90 },
																"down": { "texture": "#skin", "uv": [ 16.5, 60.5, 17.5, 61.0 ], "rotation": 90 }
															},
															"children": [
																{
																	"name": "Nose lower",
																	"from": [ 0.0, -0.4, 0.2 ],
																	"to": [ 0.4, 0.0, 0.8 ],
																	"unwrapMode": 4,
																	"uv": [ 16.0, 61.5 ],
																	"rotationOrigin": [ 0.0, 0.0, 0.2 ],
																	"rotationZ": 14.0,
																	"faces": {
																		"north": { "texture": "#skin", "uv": [ 16.0, 61.5, 16.5, 62.0 ] },
																		"south": { "texture": "#skin", "uv": [ 17.0, 61.5, 17.5, 62.0 ] },
																		"west": { "texture": "#skin", "uv": [ 16.5, 61.5, 17.0, 62.0 ] },
																		"down": { "texture": "#skin", "uv": [ 16.5, 62.0, 17.0, 62.5 ], "rotation": 90 }
																	}
																}
															]
														},
														{
															"name": "Lower Jaw",
															"from": [ 0.41, -0.88, -0.4 ],
															"to": [ 3.41, 0.12, 1.6 ],
															"unwrapMode": 5,
															"unwrapRotation": 1,
															"uv": [ 19.25, 47.0 ],
															"rotationOrigin": [ 4.21, 0.1163, 0.5 ],
															"rotationZ": -4.0,
															"faces": {
																"north": { "texture": "#skin", "uv": [ 19.5, 47.0, 20.5, 50.0 ], "rotation": 270 },
																"south": { "texture": "#skin", "uv": [ 22.5, 47.0, 23.5, 50.0 ], "rotation": 90 },
																"west": { "texture": "#skin", "uv": [ 20.5, 50.0, 22.5, 51.0 ] },
																"up": { "texture": "#skin", "uv": [ 20.5, 47.0, 22.5, 50.0 ], "rotation": 90 },
																"down": { "texture": "#skin", "uv": [ 23.5, 47.0, 25.5, 50.0 ], "rotation": 270 }
															},
															"children": [
																{
																	"name": "R fang lower",
																	"from": [ 0.3, 0.7, 0.2 ],
																	"to": [ 0.6, 1.3, 0.5 ],
																	"unwrapMode": 5,
																	"uv": [ 26.5, 56.5 ],
																	"rotationOrigin": [ 0.5997, 1.0006, 0.5 ],
																	"faces": {
																		"north": { "texture": "#skin", "uv": [ 27.0, 56.5, 27.5, 57.0 ], "rotation": 180 },
																		"east": { "texture": "#skin", "uv": [ 27.5, 57.0, 28.0, 57.5 ], "rotation": 90 },
																		"south": { "texture": "#skin", "uv": [ 27.0, 57.5, 27.5, 58.0 ] },
																		"west": { "texture": "#skin", "uv": [ 26.5, 57.0, 27.0, 57.5 ], "rotation": 270 },
																		"up": { "texture": "#skin", "uv": [ 27.0, 57.0, 27.5, 57.5 ], "windMode": [-1,-1,-1,-1], "windData": [0,0,0,0] },
																		"down": { "texture": "#skin", "uv": [ 28.0, 57.0, 28.5, 57.5 ] }
																	}
																},
																{
																	"name": "L fang lower",
																	"from": [ 0.3, 0.7, 1.5 ],
																	"to": [ 0.6, 1.3, 1.8 ],
																	"unwrapMode": 5,
																	"uv": [ 24.0, 56.5 ],
																	"rotationOrigin": [ 0.6, 1.0, 1.5 ],
																	"faces": {
																		"north": { "texture": "#skin", "uv": [ 24.5, 56.5, 25.0, 57.0 ], "rotation": 180 },
																		"east": { "texture": "#skin", "uv": [ 25.0, 57.0, 25.5, 57.5 ], "rotation": 90 },
																		"south": { "texture": "#skin", "uv": [ 24.5, 57.5, 25.0, 58.0 ] },
																		"west": { "texture": "#skin", "uv": [ 24.0, 57.0, 24.5, 57.5 ], "rotation": 270 },
																		"up": { "texture": "#skin", "uv": [ 24.5, 57.0, 25.0, 57.5 ], "windMode": [-1,-1,-1,-1], "windData": [0,0,0,0] },
																		"down": { "texture": "#skin", "uv": [ 25.5, 57.0, 26.0, 57.5 ] }
																	}
																},
																{
																	"name": "Chin",
																	"from": [ -0.4, 0.05, -0.1 ],
																	"to": [ 0.8, 1.1, 2.05 ],
																	"unwrapMode": 5,
																	"unwrapRotation": 1,
																	"uv": [ 19.5, 51.5 ],
																	"rotationOrigin": [ -0.4, 0.05, -0.1 ],
																	"rotationZ": -10.0,
																	"faces": {
																		"north": { "texture": "#skin", "uv": [ 19.5, 52.5, 20.5, 53.5 ], "rotation": 270 },
																		"east": { "texture": "#skin", "uv": [ 20.5, 51.5, 22.5, 52.5 ], "rotation": 180 },
																		"south": { "texture": "#skin", "uv": [ 22.5, 52.5, 23.5, 53.5 ], "rotation": 90 },
																		"west": { "texture": "#skin", "uv": [ 20.5, 53.5, 22.5, 54.5 ] },
																		"up": { "texture": "#skin", "uv": [ 20.5, 52.5, 22.5, 53.5 ], "rotation": 90 },
																		"down": { "texture": "#skin", "uv": [ 23.5, 52.5, 25.5, 53.5 ], "rotation": 270 }
																	}
																},
																{
																	"name": "Lower teeth",
																	"from": [ 0.0, 1.0, 0.5 ],
																	"to": [ 0.4, 1.4, 1.5 ],
																	"unwrapMode": 4,
																	"uv": [ 29.0, 56.5 ],
																	"rotationOrigin": [ 0.0, 1.0, 0.5 ],
																	"rotationZ": -45.0,
																	"faces": {
																		"north": { "texture": "#skin", "uv": [ 29.0, 57.0, 29.5, 57.5 ] },
																		"south": { "texture": "#skin", "uv": [ 30.5, 57.0, 31.0, 57.5 ] },
																		"west": { "texture": "#skin", "uv": [ 29.5, 57.0, 30.5, 57.5 ] },
																		"up": { "texture": "#skin", "uv": [ 29.5, 56.5, 30.5, 57.0 ], "rotation": 90 }
																	}
																}
															]
														}
													]
												}
											]
										},
										{
											"name": "Right Ear",
											"from": [ 1.4, 2.7, -0.3 ],
											"to": [ 1.7, 3.2, 1.7 ],
											"unwrapMode": 4,
											"uv": [ 2.5, 64.5 ],
											"rotationOrigin": [ 1.5, 2.7, 0.7 ],
											"rotationX": -30.0,
											"rotationZ": 14.0,
											"faces": {
												"north": { "texture": "#skin", "uv": [ 2.5, 65.0, 3.0, 65.5 ] },
												"east": { "texture": "#skin", "uv": [ 5.5, 65.0, 7.5, 65.5 ] },
												"south": { "texture": "#skin", "uv": [ 5.0, 65.0, 5.5, 65.5 ] },
												"west": { "texture": "#skin", "uv": [ 3.0, 65.0, 5.0, 65.5 ] },
												"up": { "texture": "#skin", "uv": [ 3.0, 64.5, 5.0, 65.0 ], "rotation": 90 },
												"down": { "texture": "#skin", "uv": [ 3.0, 65.5, 5.0, 66.0 ], "rotation": 90 }
											},
											"children": [
												{
													"name": "R EarTipInner",
													"from": [ 0.0, 0.5, 1.0 ],
													"to": [ 0.3, 2.5, 2.0 ],
													"unwrapMode": 4,
													"uv": [ 5.0, 61.0 ],
													"rotationOrigin": [ 0.0, 0.5, 2.0 ],
													"rotationX": -22.5,
													"rotationY": -1.0,
													"faces": {
														"north": { "texture": "#skin", "uv": [ 5.0, 61.5, 5.5, 63.5 ] },
														"east": { "texture": "#skin", "uv": [ 7.0, 61.5, 8.0, 63.5 ] },
														"south": { "texture": "#skin", "uv": [ 6.5, 61.5, 7.0, 63.5 ] },
														"west": { "texture": "#skin", "uv": [ 5.5, 61.5, 6.5, 63.5 ] },
														"up": { "texture": "#skin", "uv": [ 5.5, 61.0, 6.5, 61.5 ], "rotation": 90 },
														"down": { "texture": "#skin", "uv": [ 5.5, 63.5, 6.5, 64.0 ], "rotation": 90 }
													},
													"children": [
														{
															"name": "R Ear Tuft",
															"from": [ 0.2, 2.0, 0.5 ],
															"to": [ 0.2, 3.0, 1.0 ],
															"uv": [ 1.0, 59.5 ],
															"rotationOrigin": [ 0.2, 2.0, 0.5 ],
															"faces": {
																"west": { "texture": "#skin", "uv": [ 1.0, 59.5, 1.5, 60.5 ], "windMode": [-1,-1,-1,-1], "windData": [1,1,1,1] }
															}
														}
													]
												},
												{
													"name": "R Ear TipOuter",
													"from": [ 0.0, 0.5, 0.0 ],
													"to": [ 0.3, 2.0, 1.0 ],
													"unwrapMode": 4,
													"uv": [ 1.5, 61.5 ],
													"rotationOrigin": [ 0.0, 0.5, 0.0 ],
													"rotationX": 12.0,
													"rotationY": 2.0,
													"faces": {
														"north": { "texture": "#skin", "uv": [ 1.5, 62.0, 2.0, 63.5 ] },
														"east": { "texture": "#skin", "uv": [ 3.5, 62.0, 4.5, 63.5 ] },
														"south": { "texture": "#skin", "uv": [ 3.0, 62.0, 3.5, 63.5 ] },
														"west": { "texture": "#skin", "uv": [ 2.0, 62.0, 3.0, 63.5 ] },
														"up": { "texture": "#skin", "uv": [ 2.0, 61.5, 3.0, 62.0 ], "rotation": 90 },
														"down": { "texture": "#skin", "uv": [ 2.0, 63.5, 3.0, 64.0 ], "rotation": 90 }
													}
												}
											]
										},
										{
											"name": "Left Ear",
											"from": [ 1.4, 2.7, 2.8 ],
											"to": [ 1.7, 3.2, 4.8 ],
											"unwrapMode": 4,
											"uv": [ 10.0, 64.5 ],
											"rotationOrigin": [ 1.5, 2.7, 3.8 ],
											"rotationX": 30.0,
											"rotationZ": 15.0,
											"faces": {
												"north": { "texture": "#skin", "uv": [ 10.0, 65.0, 10.5, 65.5 ] },
												"east": { "texture": "#skin", "uv": [ 13.0, 65.0, 15.0, 65.5 ] },
												"south": { "texture": "#skin", "uv": [ 12.5, 65.0, 13.0, 65.5 ] },
												"west": { "texture": "#skin", "uv": [ 10.5, 65.0, 12.5, 65.5 ] },
												"up": { "texture": "#skin", "uv": [ 10.5, 64.5, 12.5, 65.0 ], "rotation": 90 },
												"down": { "texture": "#skin", "uv": [ 10.5, 65.5, 12.5, 66.0 ], "rotation": 90 }
											},
											"children": [
												{
													"name": "L Ear TipInner",
													"from": [ 0.0, 0.5, 0.0 ],
													"to": [ 0.3, 2.5, 1.0 ],
													"unwrapMode": 4,
													"uv": [ 8.5, 61.0 ],
													"rotationOrigin": [ 0.0, 0.5, 0.0 ],
													"rotationX": 22.5,
													"rotationY": 1.0,
													"faces": {
														"north": { "texture": "#skin", "uv": [ 8.5, 61.5, 9.0, 63.5 ] },
														"east": { "texture": "#skin", "uv": [ 10.5, 61.5, 11.5, 63.5 ] },
														"south": { "texture": "#skin", "uv": [ 10.0, 61.5, 10.5, 63.5 ] },
														"west": { "texture": "#skin", "uv": [ 9.0, 61.5, 10.0, 63.5 ] },
														"up": { "texture": "#skin", "uv": [ 9.0, 61.0, 10.0, 61.5 ], "rotation": 90 },
														"down": { "texture": "#skin", "uv": [ 9.0, 63.5, 10.0, 64.0 ], "rotation": 90 }
													},
													"children": [
														{
															"name": "L Ear Tuft",
															"from": [ 0.2, 2.0, 0.0 ],
															"to": [ 0.2, 3.0, 0.5 ],
															"shade": false,
															"renderPass": 1,
															"uv": [ 10.5, 59.5 ],
															"rotationOrigin": [ 0.2, 2.0, 0.0 ],
															"faces": {
																"west": { "texture": "#skin", "uv": [ 10.5, 59.5, 11.0, 60.5 ], "windMode": [-1,-1,-1,-1], "windData": [1,1,1,1] }
															}
														}
													]
												},
												{
													"name": "L Ear TipOuter",
													"from": [ 0.0, 0.5, 1.0 ],
													"to": [ 0.3, 2.0, 2.0 ],
													"unwrapMode": 4,
													"uv": [ 12.0, 61.5 ],
													"rotationOrigin": [ 0.0, 0.5, 2.0 ],
													"rotationX": -12.0,
													"rotationY": -2.0,
													"faces": {
														"north": { "texture": "#skin", "uv": [ 12.0, 62.0, 12.5, 63.5 ] },
														"east": { "texture": "#skin", "uv": [ 14.0, 62.0, 15.0, 63.5 ] },
														"south": { "texture": "#skin", "uv": [ 13.5, 62.0, 14.0, 63.5 ] },
														"west": { "texture": "#skin", "uv": [ 12.5, 62.0, 13.5, 63.5 ] },
														"up": { "texture": "#skin", "uv": [ 12.5, 61.5, 13.5, 62.0 ], "rotation": 90 },
														"down": { "texture": "#skin", "uv": [ 12.5, 63.5, 13.5, 64.0 ], "rotation": 90 }
													}
												}
											]
										},
										{
											"name": "Mouth inner upper",
											"from": [ 0.0, 0.0, 1.5 ],
											"to": [ 0.0, 2.0, 3.0 ],
											"unwrapMode": 4,
											"uv": [ 26.5, 48.0 ],
											"rotationOrigin": [ 0.0, 0.0, 1.5 ],
											"rotationZ": -89.0,
											"faces": {
												"west": { "texture": "#skin", "uv": [ 26.5, 48.0, 28.0, 50.0 ], "windMode": [-1,-1,-1,-1] }
											}
										},
										{
											"name": "R Eye",
											"from": [ -0.65, 1.9, 0.85 ],
											"to": [ -0.15, 2.7, 1.65 ],
											"unwrapMode": 4,
											"uv": [ 20.5, 59.5 ],
											"rotationOrigin": [ -0.65, 2.3, 1.25 ],
											"rotationX": 4.0,
											"rotationZ": 5.0,
											"faces": {
												"north": { "texture": "#skin", "uv": [ 20.5, 60.0, 21.0, 60.5 ] },
												"south": { "texture": "#skin", "uv": [ 21.5, 60.0, 22.0, 60.5 ] },
												"west": { "texture": "#skin", "uv": [ 21.0, 60.0, 21.5, 60.5 ] },
												"up": { "texture": "#skin", "uv": [ 21.0, 59.5, 21.5, 60.0 ], "rotation": 90 },
												"down": { "texture": "#skin", "uv": [ 21.0, 60.5, 21.5, 61.0 ], "rotation": 90 }
											},
											"children": [
												{
													"name": "R pupil",
													"from": [ -0.01, 0.25, 0.25 ],
													"to": [ 0.49, 0.55, 0.55 ],
													"unwrapMode": 4,
													"uv": [ 23.0, 61.5 ],
													"rotationOrigin": [ -0.01, 0.25, 0.25 ],
													"faces": {
														"north": { "texture": "#skin", "uv": [ 23.0, 62.0, 23.5, 62.5 ] },
														"south": { "texture": "#skin", "uv": [ 24.0, 62.0, 24.5, 62.5 ] },
														"west": { "texture": "#skin", "uv": [ 23.5, 62.0, 24.0, 62.5 ] },
														"up": { "texture": "#skin", "uv": [ 23.5, 61.5, 24.0, 62.0 ], "rotation": 90 },
														"down": { "texture": "#skin", "uv": [ 23.5, 62.5, 24.0, 63.0 ], "rotation": 90 }
													}
												},
												{
													"name": "R Eyelid",
													"from": [ -0.25, 0.7, -0.1 ],
													"to": [ 0.25, 1.2, 0.9 ],
													"unwrapMode": 4,
													"uv": [ 20.0, 63.5 ],
													"rotationOrigin": [ -0.25, 0.7, 0.4 ],
													"rotationX": -2.0,
													"faces": {
														"north": { "texture": "#skin", "uv": [ 20.0, 64.0, 20.5, 64.5 ] },
														"south": { "texture": "#skin", "uv": [ 21.5, 64.0, 22.0, 64.5 ] },
														"west": { "texture": "#skin", "uv": [ 20.5, 64.0, 21.5, 64.5 ] },
														"up": { "texture": "#skin", "uv": [ 20.5, 63.5, 21.5, 64.0 ], "rotation": 90 },
														"down": { "texture": "#skin", "uv": [ 20.5, 64.5, 21.5, 65.0 ], "rotation": 90 }
													}
												},
												{
													"name": "R Eyelid2",
													"from": [ -0.05, -0.4, -0.1 ],
													"to": [ 1.45, 0.1, 0.9 ],
													"unwrapMode": 5,
													"unwrapRotation": 1,
													"uv": [ 18.5, 65.5 ],
													"rotationOrigin": [ -0.05, 0.1, 0.4 ],
													"rotationX": 15.0,
													"faces": {
														"north": { "texture": "#skin", "uv": [ 18.5, 65.5, 19.0, 67.0 ], "rotation": 270 },
														"south": { "texture": "#skin", "uv": [ 20.0, 65.5, 20.5, 67.0 ], "rotation": 90 },
														"west": { "texture": "#skin", "uv": [ 19.0, 67.0, 20.0, 67.5 ] },
														"up": { "texture": "#skin", "uv": [ 19.0, 65.5, 20.0, 67.0 ], "rotation": 90 },
														"down": { "texture": "#skin", "uv": [ 20.5, 65.5, 21.5, 67.0 ], "rotation": 270 }
													}
												}
											]
										},
										{
											"name": "L Eye",
											"from": [ -0.65, 1.9, 2.85 ],
											"to": [ -0.15, 2.7, 3.65 ],
											"unwrapMode": 4,
											"uv": [ 23.0, 59.5 ],
											"rotationOrigin": [ -0.65, 2.3, 3.25 ],
											"rotationX": -4.0,
											"rotationZ": 5.0,
											"faces": {
												"north": { "texture": "#skin", "uv": [ 23.0, 60.0, 23.5, 60.5 ] },
												"south": { "texture": "#skin", "uv": [ 24.0, 60.0, 24.5, 60.5 ] },
												"west": { "texture": "#skin", "uv": [ 23.5, 60.0, 24.0, 60.5 ] },
												"up": { "texture": "#skin", "uv": [ 23.5, 59.5, 24.0, 60.0 ], "rotation": 90 },
												"down": { "texture": "#skin", "uv": [ 23.5, 60.5, 24.0, 61.0 ], "rotation": 90 }
											},
											"children": [
												{
													"name": "L pupil",
													"from": [ -0.01, 0.25, 0.25 ],
													"to": [ 0.49, 0.55, 0.55 ],
													"unwrapMode": 4,
													"uv": [ 20.5, 61.5 ],
													"rotationOrigin": [ -0.01, 0.25, 0.25 ],
													"faces": {
														"north": { "texture": "#skin", "uv": [ 20.5, 62.0, 21.0, 62.5 ] },
														"south": { "texture": "#skin", "uv": [ 21.5, 62.0, 22.0, 62.5 ] },
														"west": { "texture": "#skin", "uv": [ 21.0, 62.0, 21.5, 62.5 ] },
														"up": { "texture": "#skin", "uv": [ 21.0, 61.5, 21.5, 62.0 ], "rotation": 90 },
														"down": { "texture": "#skin", "uv": [ 21.0, 62.5, 21.5, 63.0 ], "rotation": 90 }
													}
												},
												{
													"name": "L Eyelid",
													"from": [ -0.25, 0.7, -0.1 ],
													"to": [ 0.25, 1.2, 0.9 ],
													"unwrapMode": 4,
													"uv": [ 22.5, 63.5 ],
													"rotationOrigin": [ -0.25, 0.7, 0.4 ],
													"rotationX": 2.0,
													"faces": {
														"north": { "texture": "#skin", "uv": [ 22.5, 64.0, 23.0, 64.5 ] },
														"south": { "texture": "#skin", "uv": [ 24.0, 64.0, 24.5, 64.5 ] },
														"west": { "texture": "#skin", "uv": [ 23.0, 64.0, 24.0, 64.5 ] },
														"up": { "texture": "#skin", "uv": [ 23.0, 63.5, 24.0, 64.0 ], "rotation": 90 },
														"down": { "texture": "#skin", "uv": [ 23.0, 64.5, 24.0, 65.0 ], "rotation": 90 }
													}
												},
												{
													"name": "L Eyelid2",
													"from": [ -0.05, -0.4, -0.1 ],
													"to": [ 1.45, 0.1, 0.9 ],
													"unwrapMode": 5,
													"unwrapRotation": 1,
													"uv": [ 22.5, 65.5 ],
													"rotationOrigin": [ -0.05, 0.1, 0.4 ],
													"rotationX": -15.0,
													"faces": {
														"north": { "texture": "#skin", "uv": [ 22.5, 65.5, 23.0, 67.0 ], "rotation": 270 },
														"south": { "texture": "#skin", "uv": [ 24.0, 65.5, 24.5, 67.0 ], "rotation": 90 },
														"west": { "texture": "#skin", "uv": [ 23.0, 67.0, 24.0, 67.5 ] },
														"up": { "texture": "#skin", "uv": [ 23.0, 65.5, 24.0, 67.0 ], "rotation": 90 },
														"down": { "texture": "#skin", "uv": [ 24.5, 65.5, 25.5, 67.0 ], "rotation": 270 }
													}
												}
											]
										},
										{
											"name": "Mouth inner lower",
											"from": [ 0.0, 0.0, 1.5 ],
											"to": [ 0.0, 2.0, 3.0 ],
											"unwrapMode": 4,
											"uv": [ 26.5, 48.0 ],
											"rotationOrigin": [ 0.0, 0.0, 1.5 ],
											"rotationZ": -89.0,
											"faces": {
												"west": { "texture": "#skin", "uv": [ 26.5, 48.0, 28.0, 50.0 ], "windMode": [-1,-1,-1,-1] }
											}
										},
										{
											"name": "R Cheek Fuzz",
											"from": [ 0.0, -2.0, -1.0 ],
											"to": [ 1.0, 2.0, 2.0 ],
											"uv": [ 1.5, 67.0 ],
											"rotationOrigin": [ 1.0, 2.0, 2.0 ],
											"rotationY": -4.0,
											"faces": {
												"east": { "texture": "#skin", "uv": [ 1.5, 67.0, 4.5, 71.0 ], "windMode": [-1,-1,-1,-1] },
												"west": { "texture": "#skin", "uv": [ 4.5, 67.0, 7.5, 71.0 ], "windMode": [-1,-1,-1,-1] }
											}
										},
										{
											"name": "L Cheek Fuzz",
											"from": [ 0.0, -2.0, 2.75 ],
											"to": [ 1.0, 2.0, 5.75 ],
											"uv": [ 8.5, 67.0 ],
											"rotationOrigin": [ 1.0, 2.0, 2.75 ],
											"rotationY": 4.0,
											"faces": {
												"east": { "texture": "#skin", "uv": [ 8.5, 67.0, 11.5, 71.0 ], "windMode": [-1,-1,-1,-1] },
												"west": { "texture": "#skin", "uv": [ 11.5, 67.0, 14.5, 71.0 ], "windMode": [-1,-1,-1,-1] }
											}
										}
									]
								}
							]
						}
					]
				},
				{
					"name": "Right Shoulder",
					"from": [ -0.1, 1.4, -0.5 ],
					"to": [ 2.9, 5.4, 1.5 ],
					"unwrapMode": 1,
					"uv": [ 45.38, 1.0 ],
					"rotationOrigin": [ 1.1, 5.7, 1.1 ],
					"rotationZ": -38.0,
					"faces": {
						"north": { "texture": "#skin", "uv": [ 47.5, 3.0, 50.5, 7.0 ] },
						"east": { "texture": "#skin", "uv": [ 45.5, 3.0, 47.5, 7.0 ] },
						"south": { "texture": "#skin", "uv": [ 52.5, 3.0, 55.5, 7.0 ] },
						"west": { "texture": "#skin", "uv": [ 50.5, 3.0, 52.5, 7.0 ] },
						"up": { "texture": "#skin", "uv": [ 47.5, 1.0, 50.5, 3.0 ], "rotation": 180 },
						"down": { "texture": "#skin", "uv": [ 47.5, 7.0, 50.5, 9.0 ] }
					},
					"children": [
						{
							"name": "Right Upper Arm",
							"from": [ 0.0, -4.5, -0.1 ],
							"to": [ 3.0, 0.0, 1.9 ],
							"unwrapMode": 1,
							"uv": [ 45.25, 9.38 ],
							"rotationOrigin": [ 0.0, 0.0, 1.0 ],
							"rotationZ": 30.5,
							"faces": {
								"north": { "texture": "#skin", "uv": [ 47.5, 11.5, 50.5, 16.0 ] },
								"east": { "texture": "#skin", "uv": [ 45.5, 11.5, 47.5, 16.0 ] },
								"south": { "texture": "#skin", "uv": [ 52.5, 11.5, 55.5, 16.0 ] },
								"west": { "texture": "#skin", "uv": [ 50.5, 11.5, 52.5, 16.0 ] },
								"up": { "texture": "#skin", "uv": [ 47.5, 9.5, 50.5, 11.5 ], "rotation": 180 },
								"down": { "texture": "#skin", "uv": [ 47.5, 16.0, 50.5, 18.0 ] }
							},
							"children": [
								{
									"name": "Right Lower Arm",
									"from": [ 0.6, -5.2, 0.2 ],
									"to": [ 2.8, 0.3, 1.9 ],
									"unwrapMode": 1,
									"uv": [ 46.88, 18.5 ],
									"rotationOrigin": [ 2.9, 0.3, 1.0 ],
									"rotationZ": -41.5,
									"faces": {
										"north": { "texture": "#skin", "uv": [ 48.5, 20.0, 50.5, 25.5 ] },
										"east": { "texture": "#skin", "uv": [ 47.0, 20.0, 48.5, 25.5 ] },
										"south": { "texture": "#skin", "uv": [ 52.0, 20.0, 54.0, 25.5 ] },
										"west": { "texture": "#skin", "uv": [ 50.5, 20.0, 52.0, 25.5 ] },
										"up": { "texture": "#skin", "uv": [ 48.5, 18.5, 50.5, 20.0 ], "rotation": 180 },
										"down": { "texture": "#skin", "uv": [ 48.5, 25.5, 50.5, 27.0 ] }
									},
									"children": [
										{
											"name": "Right Hand",
											"from": [ 0.1, -2.3, -0.1 ],
											"to": [ 2.1, 1.2, 1.9 ],
											"unwrapMode": 1,
											"uv": [ 46.38, 27.5 ],
											"rotationOrigin": [ 1.0, 0.6, 1.0 ],
											"rotationZ": -15.0,
											"faces": {
												"north": { "texture": "#skin", "uv": [ 48.5, 29.5, 50.5, 33.0 ] },
												"east": { "texture": "#skin", "uv": [ 46.5, 29.5, 48.5, 33.0 ] },
												"south": { "texture": "#skin", "uv": [ 52.5, 29.5, 54.5, 33.0 ] },
												"west": { "texture": "#skin", "uv": [ 50.5, 29.5, 52.5, 33.0 ] },
												"up": { "texture": "#skin", "uv": [ 48.5, 27.5, 50.5, 29.5 ], "rotation": 180 },
												"down": { "texture": "#skin", "uv": [ 48.5, 33.0, 50.5, 35.0 ] }
											},
											"children": [
												{
													"name": "Right Fingers",
													"from": [ -1.1, -0.6, -0.1 ],
													"to": [ 1.9, 0.6, 1.9 ],
													"unwrapMode": 5,
													"unwrapRotation": 1,
													"uv": [ 47.88, 36.5 ],
													"rotationOrigin": [ 0.8, 1.0, 0.9 ],
													"rotationY": -8.0,
													"rotationZ": 62.0,
													"faces": {
														"north": { "texture": "#skin", "uv": [ 48.0, 37.5, 49.0, 40.5 ], "rotation": 270 },
														"east": { "texture": "#skin", "uv": [ 49.0, 36.5, 51.0, 37.5 ], "rotation": 180 },
														"south": { "texture": "#skin", "uv": [ 51.0, 37.5, 52.0, 40.5 ], "rotation": 90 },
														"west": { "texture": "#skin", "uv": [ 49.0, 40.5, 51.0, 41.5 ] },
														"up": { "texture": "#skin", "uv": [ 49.0, 37.5, 51.0, 40.5 ], "rotation": 90 },
														"down": { "texture": "#skin", "uv": [ 52.0, 37.5, 54.0, 40.5 ], "rotation": 270 }
													},
													"children": [
														{
															"name": "Finger 1",
															"from": [ -0.2, -0.01, -0.2 ],
															"to": [ 1.8, 1.49, 0.4 ],
															"unwrapMode": 5,
															"uv": [ 41.0, 35.0 ],
															"rotationOrigin": [ 0.8, -0.1, 0.1 ],
															"rotationY": -8.0,
															"faces": {
																"north": { "texture": "#skin", "uv": [ 42.5, 35.0, 44.5, 36.5 ], "rotation": 180 },
																"east": { "texture": "#skin", "uv": [ 44.5, 36.5, 46.0, 37.0 ], "rotation": 90 },
																"south": { "texture": "#skin", "uv": [ 42.5, 37.0, 44.5, 38.5 ] },
																"west": { "texture": "#skin", "uv": [ 41.0, 36.5, 42.5, 37.0 ], "rotation": 270 },
																"up": { "texture": "#skin", "uv": [ 42.5, 36.5, 44.5, 37.0 ] },
																"down": { "texture": "#skin", "uv": [ 46.0, 36.5, 48.0, 37.0 ] }
															}
														},
														{
															"name": "Finger 2",
															"from": [ -0.6, -0.02, 0.3 ],
															"to": [ 1.4, 1.53, 1.1 ],
															"unwrapMode": 5,
															"uv": [ 41.0, 35.0 ],
															"rotationOrigin": [ 0.4, -0.1, 0.7 ],
															"rotationY": -2.0,
															"faces": {
																"north": { "texture": "#skin", "uv": [ 42.5, 35.0, 44.5, 36.5 ], "rotation": 180 },
																"east": { "texture": "#skin", "uv": [ 44.5, 36.5, 46.0, 37.0 ], "rotation": 90 },
																"south": { "texture": "#skin", "uv": [ 42.5, 37.0, 44.5, 38.5 ] },
																"west": { "texture": "#skin", "uv": [ 41.0, 36.5, 42.5, 37.0 ], "rotation": 270 },
																"up": { "texture": "#skin", "uv": [ 42.5, 36.5, 44.5, 37.0 ] },
																"down": { "texture": "#skin", "uv": [ 46.0, 36.5, 48.0, 37.0 ] }
															}
														},
														{
															"name": "Finger 3",
															"from": [ -0.6, -0.02, 1.1 ],
															"to": [ 1.4, 1.53, 1.9 ],
															"unwrapMode": 5,
															"uv": [ 41.0, 35.0 ],
															"rotationOrigin": [ 0.4, -0.1, 1.5 ],
															"rotationY": 2.0,
															"faces": {
																"north": { "texture": "#skin", "uv": [ 42.5, 35.0, 44.5, 36.5 ], "rotation": 180 },
																"east": { "texture": "#skin", "uv": [ 44.5, 36.5, 46.0, 37.0 ], "rotation": 90 },
																"south": { "texture": "#skin", "uv": [ 42.5, 37.0, 44.5, 38.5 ] },
																"west": { "texture": "#skin", "uv": [ 41.0, 36.5, 42.5, 37.0 ], "rotation": 270 },
																"up": { "texture": "#skin", "uv": [ 42.5, 36.5, 44.5, 37.0 ] },
																"down": { "texture": "#skin", "uv": [ 46.0, 36.5, 48.0, 37.0 ] }
															}
														},
														{
															"name": "Finger 4",
															"from": [ -0.2, -0.01, 1.8 ],
															"to": [ 1.8, 1.49, 2.4 ],
															"unwrapMode": 5,
															"uv": [ 41.0, 35.0 ],
															"rotationOrigin": [ 0.8, -0.1, 2.1 ],
															"rotationY": 8.0,
															"faces": {
																"north": { "texture": "#skin", "uv": [ 42.5, 35.0, 44.5, 36.5 ], "rotation": 180 },
																"east": { "texture": "#skin", "uv": [ 44.5, 36.5, 46.0, 37.0 ], "rotation": 90 },
																"south": { "texture": "#skin", "uv": [ 42.5, 37.0, 44.5, 38.5 ] },
																"west": { "texture": "#skin", "uv": [ 41.0, 36.5, 42.5, 37.0 ], "rotation": 270 },
																"up": { "texture": "#skin", "uv": [ 42.5, 36.5, 44.5, 37.0 ] },
																"down": { "texture": "#skin", "uv": [ 46.0, 36.5, 48.0, 37.0 ] }
															}
														}
													]
												},
												{
													"name": "Right Thumb",
													"from": [ 0.2, 1.1, 1.8 ],
													"to": [ 1.3, 2.7, 2.4 ],
													"unwrapMode": 7,
													"unwrapRotation": 1,
													"uv": [ 31.0, 25.75 ],
													"rotationOrigin": [ 1.1, 2.4, 2.0 ],
													"faces": {
														"north": { "texture": "#skin", "uv": [ 33.0, 27.5, 34.5, 28.5 ], "rotation": 90 },
														"east": { "texture": "#skin", "uv": [ 32.5, 28.5, 33.0, 30.0 ] },
														"south": { "texture": "#skin", "uv": [ 31.0, 27.5, 32.5, 28.5 ], "rotation": 270 },
														"west": { "texture": "#skin", "uv": [ 32.5, 26.0, 33.0, 27.5 ], "rotation": 180 },
														"up": { "texture": "#skin", "uv": [ 32.5, 27.5, 33.0, 28.5 ], "rotation": 270 },
														"down": { "texture": "#skin", "uv": [ 34.5, 27.5, 35.0, 28.5 ], "rotation": 90 }
													}
												}
											]
										}
									]
								}
							]
						}
					]
				},
				{
					"name": "Left Shoulder",
					"from": [ -0.1, 1.4, 5.1 ],
					"to": [ 2.9, 5.4, 7.1 ],
					"unwrapMode": 3,
					"uv": [ 33.25, 0.88 ],
					"rotationOrigin": [ 1.1, 5.7, 6.2 ],
					"rotationZ": -3.0,
					"faces": {
						"north": { "texture": "#skin", "uv": [ 40.5, 3.0, 43.5, 7.0 ] },
						"east": { "texture": "#skin", "uv": [ 38.5, 3.0, 40.5, 7.0 ] },
						"south": { "texture": "#skin", "uv": [ 35.5, 3.0, 38.5, 7.0 ] },
						"west": { "texture": "#skin", "uv": [ 33.5, 3.0, 35.5, 7.0 ] },
						"up": { "texture": "#skin", "uv": [ 35.5, 1.0, 38.5, 3.0 ] },
						"down": { "texture": "#skin", "uv": [ 35.5, 7.0, 38.5, 9.0 ], "rotation": 180 }
					},
					"children": [
						{
							"name": "Left Upper Arm",
							"from": [ 0.0, -4.5, 0.1 ],
							"to": [ 3.0, 0.0, 2.1 ],
							"unwrapMode": 3,
							"uv": [ 34.5, 9.5 ],
							"rotationOrigin": [ 0.0, 0.0, 1.15 ],
							"rotationZ": 39.5,
							"faces": {
								"north": { "texture": "#skin", "uv": [ 41.5, 11.5, 44.5, 16.0 ] },
								"east": { "texture": "#skin", "uv": [ 39.5, 11.5, 41.5, 16.0 ] },
								"south": { "texture": "#skin", "uv": [ 36.5, 11.5, 39.5, 16.0 ] },
								"west": { "texture": "#skin", "uv": [ 34.5, 11.5, 36.5, 16.0 ] },
								"up": { "texture": "#skin", "uv": [ 36.5, 9.5, 39.5, 11.5 ] },
								"down": { "texture": "#skin", "uv": [ 36.5, 16.0, 39.5, 18.0 ], "rotation": 180 }
							},
							"children": [
								{
									"name": "Left Lower Arm",
									"from": [ 0.6, -5.2, 0.1 ],
									"to": [ 2.8, 0.3, 1.8 ],
									"unwrapMode": 3,
									"uv": [ 34.88, 18.5 ],
									"rotationOrigin": [ 2.9, 0.3, 1.0 ],
									"rotationZ": -39.5,
									"faces": {
										"north": { "texture": "#skin", "uv": [ 40.0, 20.0, 42.0, 25.5 ] },
										"east": { "texture": "#skin", "uv": [ 38.5, 20.0, 40.0, 25.5 ] },
										"south": { "texture": "#skin", "uv": [ 36.5, 20.0, 38.5, 25.5 ] },
										"west": { "texture": "#skin", "uv": [ 35.0, 20.0, 36.5, 25.5 ] },
										"up": { "texture": "#skin", "uv": [ 36.5, 18.5, 38.5, 20.0 ] },
										"down": { "texture": "#skin", "uv": [ 36.5, 25.5, 38.5, 27.0 ], "rotation": 180 }
									},
									"children": [
										{
											"name": "Left Hand",
											"from": [ 0.1, -2.3, -0.1 ],
											"to": [ 2.1, 1.2, 1.9 ],
											"unwrapMode": 3,
											"uv": [ 34.25, 27.38 ],
											"rotationOrigin": [ 1.0, 0.6, 1.0 ],
											"rotationZ": -27.0,
											"faces": {
												"north": { "texture": "#skin", "uv": [ 40.5, 29.5, 42.5, 33.0 ] },
												"east": { "texture": "#skin", "uv": [ 38.5, 29.5, 40.5, 33.0 ] },
												"south": { "texture": "#skin", "uv": [ 36.5, 29.5, 38.5, 33.0 ] },
												"west": { "texture": "#skin", "uv": [ 34.5, 29.5, 36.5, 33.0 ] },
												"up": { "texture": "#skin", "uv": [ 36.5, 27.5, 38.5, 29.5 ] },
												"down": { "texture": "#skin", "uv": [ 36.5, 33.0, 38.5, 35.0 ], "rotation": 180 }
											},
											"children": [
												{
													"name": "Left Fingers",
													"from": [ -1.1, -0.6, 0.1 ],
													"to": [ 1.9, 0.6, 2.1 ],
													"unwrapMode": 5,
													"unwrapRotation": 1,
													"uv": [ 35.5, 36.25 ],
													"rotationOrigin": [ 0.8, 1.0, 1.1 ],
													"rotationX": 4.0,
													"rotationZ": 25.0,
													"faces": {
														"north": { "texture": "#skin", "uv": [ 35.5, 37.5, 36.5, 40.5 ], "rotation": 270 },
														"east": { "texture": "#skin", "uv": [ 36.5, 36.5, 38.5, 37.5 ], "rotation": 180 },
														"south": { "texture": "#skin", "uv": [ 38.5, 37.5, 39.5, 40.5 ], "rotation": 90 },
														"west": { "texture": "#skin", "uv": [ 36.5, 40.5, 38.5, 41.5 ] },
														"up": { "texture": "#skin", "uv": [ 36.5, 37.5, 38.5, 40.5 ], "rotation": 90 },
														"down": { "texture": "#skin", "uv": [ 39.5, 37.5, 41.5, 40.5 ], "rotation": 270 }
													},
													"children": [
														{
															"name": "Finger 5",
															"from": [ -0.2, -0.01, -0.4 ],
															"to": [ 1.8, 1.49, 0.2 ],
															"unwrapMode": 5,
															"uv": [ 28.0, 35.0 ],
															"rotationOrigin": [ 0.8, -0.1, -0.1 ],
															"rotationY": -8.0,
															"faces": {
																"north": { "texture": "#skin", "uv": [ 29.5, 35.0, 31.5, 36.5 ], "rotation": 180 },
																"east": { "texture": "#skin", "uv": [ 31.5, 36.5, 33.0, 37.0 ], "rotation": 90 },
																"south": { "texture": "#skin", "uv": [ 29.5, 37.0, 31.5, 38.5 ] },
																"west": { "texture": "#skin", "uv": [ 28.0, 36.5, 29.5, 37.0 ], "rotation": 270 },
																"up": { "texture": "#skin", "uv": [ 29.5, 36.5, 31.5, 37.0 ] },
																"down": { "texture": "#skin", "uv": [ 33.0, 36.5, 35.0, 37.0 ] }
															}
														},
														{
															"name": "Finger 6",
															"from": [ -0.6, -0.02, 0.1 ],
															"to": [ 1.4, 1.53, 0.9 ],
															"unwrapMode": 5,
															"uv": [ 28.0, 35.0 ],
															"rotationOrigin": [ 0.4, -0.1, 0.5 ],
															"rotationY": -2.0,
															"faces": {
																"north": { "texture": "#skin", "uv": [ 29.5, 35.0, 31.5, 36.5 ], "rotation": 180 },
																"east": { "texture": "#skin", "uv": [ 31.5, 36.5, 33.0, 37.0 ], "rotation": 90 },
																"south": { "texture": "#skin", "uv": [ 29.5, 37.0, 31.5, 38.5 ] },
																"west": { "texture": "#skin", "uv": [ 28.0, 36.5, 29.5, 37.0 ], "rotation": 270 },
																"up": { "texture": "#skin", "uv": [ 29.5, 36.5, 31.5, 37.0 ] },
																"down": { "texture": "#skin", "uv": [ 33.0, 36.5, 35.0, 37.0 ] }
															}
														},
														{
															"name": "Finger 7",
															"from": [ -0.6, -0.02, 0.9 ],
															"to": [ 1.4, 1.53, 1.7 ],
															"unwrapMode": 5,
															"uv": [ 28.0, 35.0 ],
															"rotationOrigin": [ 0.4, -0.1, 1.3 ],
															"rotationY": 2.0,
															"faces": {
																"north": { "texture": "#skin", "uv": [ 29.5, 35.0, 31.5, 36.5 ], "rotation": 180 },
																"east": { "texture": "#skin", "uv": [ 31.5, 36.5, 33.0, 37.0 ], "rotation": 90 },
																"south": { "texture": "#skin", "uv": [ 29.5, 37.0, 31.5, 38.5 ] },
																"west": { "texture": "#skin", "uv": [ 28.0, 36.5, 29.5, 37.0 ], "rotation": 270 },
																"up": { "texture": "#skin", "uv": [ 29.5, 36.5, 31.5, 37.0 ] },
																"down": { "texture": "#skin", "uv": [ 33.0, 36.5, 35.0, 37.0 ] }
															}
														},
														{
															"name": "Finger 8",
															"from": [ -0.2, -0.01, 1.6 ],
															"to": [ 1.8, 1.49, 2.2 ],
															"unwrapMode": 5,
															"uv": [ 28.0, 35.0 ],
															"rotationOrigin": [ 0.8, -0.1, 1.9 ],
															"rotationY": 8.0,
															"faces": {
																"north": { "texture": "#skin", "uv": [ 29.5, 35.0, 31.5, 36.5 ], "rotation": 180 },
																"east": { "texture": "#skin", "uv": [ 31.5, 36.5, 33.0, 37.0 ], "rotation": 90 },
																"south": { "texture": "#skin", "uv": [ 29.5, 37.0, 31.5, 38.5 ] },
																"west": { "texture": "#skin", "uv": [ 28.0, 36.5, 29.5, 37.0 ], "rotation": 270 },
																"up": { "texture": "#skin", "uv": [ 29.5, 36.5, 31.5, 37.0 ] },
																"down": { "texture": "#skin", "uv": [ 33.0, 36.5, 35.0, 37.0 ] }
															}
														}
													]
												},
												{
													"name": "Left Thumb",
													"from": [ 0.2, 1.1, -0.4 ],
													"to": [ 1.3, 2.7, 0.2 ],
													"unwrapMode": 7,
													"unwrapRotation": 1,
													"uv": [ 41.75, 25.75 ],
													"rotationOrigin": [ 1.1, 2.4, -0.1 ],
													"faces": {
														"north": { "texture": "#skin", "uv": [ 44.0, 27.5, 45.5, 28.5 ], "rotation": 90 },
														"east": { "texture": "#skin", "uv": [ 43.5, 28.5, 44.0, 30.0 ] },
														"south": { "texture": "#skin", "uv": [ 42.0, 27.5, 43.5, 28.5 ], "rotation": 270 },
														"west": { "texture": "#skin", "uv": [ 43.5, 26.0, 44.0, 27.5 ], "rotation": 180 },
														"up": { "texture": "#skin", "uv": [ 43.5, 27.5, 44.0, 28.5 ], "rotation": 270 },
														"down": { "texture": "#skin", "uv": [ 45.5, 27.5, 46.0, 28.5 ], "rotation": 90 }
													}
												}
											]
										}
									]
								}
							]
						}
					]
				}
			],
			"attachmentpoints": [
				{
					"code": "Center",
					"posX": "8.0","posY": "4.0","posZ": "3.2",
					"rotationX": "0.0","rotationY": "0.0","rotationZ": "0.0"
				}
			]
		}
	]}