﻿{
  "code": "arquebus",
  "class": "Item",
  "creativeinventory": {"maltiezfirearms": ["*"]},
  "maxstacksize": 1,
  "durability": 400,
  "rackable": true,
  "tool": "bow",
  "behaviors": [
    {
      "name": "GroundStorable",
      "properties": {
        "layout": "WallHalves",
        "wallOffY": 2,
        "sprintKey": true,
        "selectionBox": {"x1": 0, "y1": 0, "z1": 0, "x2": 1, "y2": 0.1, "z2": 1},
        "collisionBox": {"x1": 0, "y1": 0, "z1": 0, "x2": 0, "y2": 0, "z2": 0}
      }
    }
  ],
  "attributes": {
    "toolrackTransform": {"translation": {"x": 0.9, "y": 0.55, "z": 0.5}, "rotation": {"x": 0, "y": 95, "z": -90}, "origin": {"x": 0, "y": 0, "z": 0}, "scale": 1.34},
    "groundStorageTransform": {"translation": {"x": 0.5, "y": 0.47, "z": 0.78}, "rotation": {"x": 105, "y": 1, "z": -121}, "origin": {"x": 0, "y": 0, "z": 0}, "scale": 0.81}
  },
  "shape": {"base": "maltiezfirearms:firearms/arquebus-animated-tp"},
  "heldTpHitAnimation": "firearmsempty",
  "heldLeftTpIdleAnimation": "firearmsempty",
  "heldLeftReadyAnimation": "firearmsempty",
  "heldRightReadyAnimation": "firearmsempty",
  "heldOldTpIdleAnimation": "firearmsempty",
  "heldTpUseAnimation": "firearmsempty",
  "guiTransform": {
    "translation": {"x": 0, "y": 0, "z": 0},
    "rotation": {"x": -19, "y": 24, "z": -180},
    "origin": {"x": -0.55, "y": -0.4, "z": -1.4},
    "scaleXyz": {"x": -1.95, "y": 1.95, "z": 1.95}
  },
  "fpHandTransform": {"translation": {"x": 0.3, "y": 0.5, "z": 0.5}, "rotation": {"x": 0, "y": 0, "z": 0}, "origin": {"x": 0, "y": 0, "z": 0}, "scale": 4},
  "tpHandTransform": {"translation": {"x": -0.3, "y": 0, "z": 0}, "rotation": {"x": 0, "y": -90, "z": 0}, "origin": {"x": 0, "y": 0, "z": 0}, "scale": 0.8},
  "groundTransform": {"translation": {"x": 0.5, "y": 0.05, "z": 0.5}, "rotation": {"x": 0, "y": 0, "z": 90}, "origin": {"x": 0, "y": 0, "z": 0}, "scale": 4.8}
}