[
{"name": "Dirus Item to Block", "ingredientPattern": "K","ingredients": {"K": { "type": "item", "code": "caninae:pelt-canina-baby-aenocyon-dirus", "quantity": "1"}},"width": 1,"height": 1,"output": { "type": "block", "code": "caninae:peltmount-canina-baby-aenocyon-dirus-north", "quantity": 1  }},
{"name": "Dirus Block to Item", "ingredientPattern": "K","ingredients": {"K": { "type": "block", "code": "caninae:peltmount-canina-baby-aenocyon-dirus-*", "quantity": "1" }},"width": 1,"height": 1,"output": { "type": "item", "code": "caninae:pelt-canina-baby-aenocyon-dirus", "quantity": 1  }},
{"name": "Aureus Item to Block", "ingredientPattern": "K","ingredients": {"K": { "type": "item", "code": "caninae:pelt-canina-baby-canis-aureus", "quantity": "1"}},"width": 1,"height": 1,"output": { "type": "block", "code": "caninae:peltmount-canina-baby-canis-aureus-north", "quantity": 1  }},
{"name": "Aureus Block to Item", "ingredientPattern": "K","ingredients": {"K": { "type": "block", "code": "caninae:peltmount-canina-baby-canis-aureus-*", "quantity": "1" }},"width": 1,"height": 1,"output": { "type": "item", "code": "caninae:pelt-canina-baby-canis-aureus", "quantity": 1  }},
{"name": "Familiaris Item to Block", "ingredientPattern": "K","ingredients": {"K": { "type": "item", "code": "caninae:pelt-canina-baby-canis-familiaris", "quantity": "1"}},"width": 1,"height": 1,"output": { "type": "block", "code": "caninae:peltmount-canina-baby-canis-familiaris-north", "quantity": 1  }},
{"name": "Familiaris Block to Item", "ingredientPattern": "K","ingredients": {"K": { "type": "block", "code": "caninae:peltmount-canina-baby-canis-familiaris-*", "quantity": "1" }},"width": 1,"height": 1,"output": { "type": "item", "code": "caninae:pelt-canina-baby-canis-familiaris", "quantity": 1  }},
{"name": "Latrans Item to Block", "ingredientPattern": "K","ingredients": {"K": { "type": "item", "code": "caninae:pelt-canina-baby-canis-latrans", "quantity": "1"}},"width": 1,"height": 1,"output": { "type": "block", "code": "caninae:peltmount-canina-baby-canis-latrans-north", "quantity": 1  }},
{"name": "Latrans Block to Item", "ingredientPattern": "K","ingredients": {"K": { "type": "block", "code": "caninae:peltmount-canina-baby-canis-latrans-*", "quantity": "1" }},"width": 1,"height": 1,"output": { "type": "item", "code": "caninae:pelt-canina-baby-canis-latrans", "quantity": 1  }},
{"name": "Microtis Item to Block", "ingredientPattern": "K","ingredients": {"K": { "type": "item", "code": "caninae:pelt-canina-baby-canis-lupastor", "quantity": "1"}},"width": 1,"height": 1,"output": { "type": "block", "code": "caninae:peltmount-canina-baby-canis-lupastor-north", "quantity": 1  }},
{"name": "Microtis Block to Item", "ingredientPattern": "K","ingredients": {"K": { "type": "block", "code": "caninae:peltmount-canina-baby-canis-lupastor-*", "quantity": "1" }},"width": 1,"height": 1,"output": { "type": "item", "code": "caninae:pelt-canina-baby-canis-lupastor", "quantity": 1  }},
{"name": "Thous Item to Block", "ingredientPattern": "K","ingredients": {"K": { "type": "item", "code": "caninae:pelt-canina-baby-canis-lupus", "quantity": "1"}},"width": 1,"height": 1,"output": { "type": "block", "code": "caninae:peltmount-canina-baby-canis-lupus-north", "quantity": 1  }},
{"name": "Thous Block to Item", "ingredientPattern": "K","ingredients": {"K": { "type": "block", "code": "caninae:peltmount-canina-baby-canis-lupus-*", "quantity": "1" }},"width": 1,"height": 1,"output": { "type": "item", "code": "caninae:pelt-canina-baby-canis-lupus", "quantity": 1  }},
{"name": "Lupus Rufus Item to Block", "ingredientPattern": "K","ingredients": {"K": { "type": "item", "code": "caninae:pelt-canina-baby-canis-lupusarctos", "quantity": "1"}},"width": 1,"height": 1,"output": { "type": "block", "code": "caninae:peltmount-canina-baby-canis-lupusarctos-north", "quantity": 1  }},
{"name": "Lupus Rufus Block to Item", "ingredientPattern": "K","ingredients": {"K": { "type": "block", "code": "caninae:peltmount-canina-baby-canis-lupusarctos-*", "quantity": "1" }},"width": 1,"height": 1,"output": { "type": "item", "code": "caninae:pelt-canina-baby-canis-lupusarctos", "quantity": 1  }},
{"name": "Lupos Dingo Item to Block", "ingredientPattern": "K","ingredients": {"K": { "type": "item", "code": "caninae:pelt-canina-baby-canis-lupusdingo", "quantity": "1"}},"width": 1,"height": 1,"output": { "type": "block", "code": "caninae:peltmount-canina-baby-canis-lupusdingo-north", "quantity": 1  }},
{"name": "Lupos Dingo Block to Item", "ingredientPattern": "K","ingredients": {"K": { "type": "block", "code": "caninae:peltmount-canina-baby-canis-lupusdingo-*", "quantity": "1" }},"width": 1,"height": 1,"output": { "type": "item", "code": "caninae:pelt-canina-baby-canis-lupusdingo", "quantity": 1  }},
{"name": "Lycaon Item to Block", "ingredientPattern": "K","ingredients": {"K": { "type": "item", "code": "caninae:pelt-canina-baby-canis-lycaon", "quantity": "1"}},"width": 1,"height": 1,"output": { "type": "block", "code": "caninae:peltmount-canina-baby-canis-lycaon-north", "quantity": 1  }},
{"name": "Lycaon Block to Item", "ingredientPattern": "K","ingredients": {"K": { "type": "block", "code": "caninae:peltmount-canina-baby-canis-lycaon-*", "quantity": "1" }},"width": 1,"height": 1,"output": { "type": "item", "code": "caninae:pelt-canina-baby-canis-lycaon", "quantity": 1  }},
{"name": "Rufus Item to Block", "ingredientPattern": "K","ingredients": {"K": { "type": "item", "code": "caninae:pelt-canina-baby-canis-rufus", "quantity": "1"}},"width": 1,"height": 1,"output": { "type": "block", "code": "caninae:peltmount-canina-baby-canis-rufus-north", "quantity": 1  }},
{"name": "Rufus Block to Item", "ingredientPattern": "K","ingredients": {"K": { "type": "block", "code": "caninae:peltmount-canina-baby-canis-rufus-*", "quantity": "1" }},"width": 1,"height": 1,"output": { "type": "item", "code": "caninae:pelt-canina-baby-canis-rufus", "quantity": 1  }},
{"name": "Simensis Item to Block", "ingredientPattern": "K","ingredients": {"K": { "type": "item", "code": "caninae:pelt-canina-baby-canis-simensis", "quantity": "1"}},"width": 1,"height": 1,"output": { "type": "block", "code": "caninae:peltmount-canina-baby-canis-simensis-north", "quantity": 1  }},
{"name": "Simensis Block to Item", "ingredientPattern": "K","ingredients": {"K": { "type": "block", "code": "caninae:peltmount-canina-baby-canis-simensis-*", "quantity": "1" }},"width": 1,"height": 1,"output": { "type": "item", "code": "caninae:pelt-canina-baby-canis-simensis", "quantity": 1  }},
{"name": "Alpinus Item to Block", "ingredientPattern": "K","ingredients": {"K": { "type": "item", "code": "caninae:pelt-canina-baby-cuon-alpinus", "quantity": "1"}},"width": 1,"height": 1,"output": { "type": "block", "code": "caninae:peltmount-canina-baby-cuon-alpinus-north", "quantity": 1  }},
{"name": "Alpinus Block to Item", "ingredientPattern": "K","ingredients": {"K": { "type": "block", "code": "caninae:peltmount-canina-baby-cuon-alpinus-*", "quantity": "1" }},"width": 1,"height": 1,"output": { "type": "item", "code": "caninae:pelt-canina-baby-cuon-alpinus", "quantity": 1  }},
{"name": "Sardous Item to Block", "ingredientPattern": "K","ingredients": {"K": { "type": "item", "code": "caninae:pelt-canina-baby-cynotherium-sardous", "quantity": "1"}},"width": 1,"height": 1,"output": { "type": "block", "code": "caninae:peltmount-canina-baby-cynotherium-sardous-north", "quantity": 1  }},
{"name": "Sardous Block to Item", "ingredientPattern": "K","ingredients": {"K": { "type": "block", "code": "caninae:peltmount-canina-baby-cynotherium-sardous-*", "quantity": "1" }},"width": 1,"height": 1,"output": { "type": "item", "code": "caninae:pelt-canina-baby-cynotherium-sardous", "quantity": 1  }},
{"name": "Adusta Item to Block", "ingredientPattern": "K","ingredients": {"K": { "type": "item", "code": "caninae:pelt-canina-baby-lupulella-adusta", "quantity": "1"}},"width": 1,"height": 1,"output": { "type": "block", "code": "caninae:peltmount-canina-baby-lupulella-adusta-north", "quantity": 1  }},
{"name": "Adusta Block to Item", "ingredientPattern": "K","ingredients": {"K": { "type": "block", "code": "caninae:peltmount-canina-baby-lupulella-adusta-*", "quantity": "1" }},"width": 1,"height": 1,"output": { "type": "item", "code": "caninae:pelt-canina-baby-lupulella-adusta", "quantity": 1  }},
{"name": "Mesomelas Item to Block", "ingredientPattern": "K","ingredients": {"K": { "type": "item", "code": "caninae:pelt-canina-baby-lupulella-mesomelas", "quantity": "1"}},"width": 1,"height": 1,"output": { "type": "block", "code": "caninae:peltmount-canina-baby-lupulella-mesomelas-north", "quantity": 1  }},
{"name": "Mesomelas Block to Item", "ingredientPattern": "K","ingredients": {"K": { "type": "block", "code": "caninae:peltmount-canina-baby-lupulella-mesomelas-*", "quantity": "1" }},"width": 1,"height": 1,"output": { "type": "item", "code": "caninae:pelt-canina-baby-lupulella-mesomelas", "quantity": 1  }},
{"name": "Pictus Item to Block", "ingredientPattern": "K","ingredients": {"K": { "type": "item", "code": "caninae:pelt-canina-baby-lycaon-pictus", "quantity": "1"}},"width": 1,"height": 1,"output": { "type": "block", "code": "caninae:peltmount-canina-baby-lycaon-pictus-north", "quantity": 1  }},
{"name": "Pictus Block to Item", "ingredientPattern": "K","ingredients": {"K": { "type": "block", "code": "caninae:peltmount-canina-baby-lycaon-pictus-*", "quantity": "1" }},"width": 1,"height": 1,"output": { "type": "item", "code": "caninae:pelt-canina-baby-lycaon-pictus", "quantity": 1  }},
{"name": "Microtis Item to Block", "ingredientPattern": "K","ingredients": {"K": { "type": "item", "code": "caninae:pelt-cerdocyonina-baby-atelocynus-microtis", "quantity": "1"}},"width": 1,"height": 1,"output": { "type": "block", "code": "caninae:peltmount-cerdocyonina-baby-atelocynus-microtis-north", "quantity": 1  }},
{"name": "Microtis Block to Item", "ingredientPattern": "K","ingredients": {"K": { "type": "block", "code": "caninae:peltmount-cerdocyonina-baby-atelocynus-microtis-*", "quantity": "1" }},"width": 1,"height": 1,"output": { "type": "item", "code": "caninae:pelt-cerdocyonina-baby-atelocynus-microtis", "quantity": 1  }},
{"name": "Thous Item to Block", "ingredientPattern": "K","ingredients": {"K": { "type": "item", "code": "caninae:pelt-cerdocyonina-baby-cerdocyon-thous", "quantity": "1"}},"width": 1,"height": 1,"output": { "type": "block", "code": "caninae:peltmount-cerdocyonina-baby-cerdocyon-thous-north", "quantity": 1  }},
{"name": "Thous Block to Item", "ingredientPattern": "K","ingredients": {"K": { "type": "block", "code": "caninae:peltmount-cerdocyonina-baby-cerdocyon-thous-*", "quantity": "1" }},"width": 1,"height": 1,"output": { "type": "item", "code": "caninae:pelt-cerdocyonina-baby-cerdocyon-thous", "quantity": 1  }},
{"name": "Brachyurus Item to Block", "ingredientPattern": "K","ingredients": {"K": { "type": "item", "code": "caninae:pelt-cerdocyonina-baby-chrysocyon-brachyurus", "quantity": "1"}},"width": 1,"height": 1,"output": { "type": "block", "code": "caninae:peltmount-cerdocyonina-baby-chrysocyon-brachyurus-north", "quantity": 1  }},
{"name": "Brachyurus Block to Item", "ingredientPattern": "K","ingredients": {"K": { "type": "block", "code": "caninae:peltmount-cerdocyonina-baby-chrysocyon-brachyurus-*", "quantity": "1" }},"width": 1,"height": 1,"output": { "type": "item", "code": "caninae:pelt-cerdocyonina-baby-chrysocyon-brachyurus", "quantity": 1  }},
{"name": "Australis Item to Block", "ingredientPattern": "K","ingredients": {"K": { "type": "item", "code": "caninae:pelt-cerdocyonina-baby-dusicyon-australis", "quantity": "1"}},"width": 1,"height": 1,"output": { "type": "block", "code": "caninae:peltmount-cerdocyonina-baby-dusicyon-australis-north", "quantity": 1  }},
{"name": "Australis Block to Item", "ingredientPattern": "K","ingredients": {"K": { "type": "block", "code": "caninae:peltmount-cerdocyonina-baby-dusicyon-australis-*", "quantity": "1" }},"width": 1,"height": 1,"output": { "type": "item", "code": "caninae:pelt-cerdocyonina-baby-dusicyon-australis", "quantity": 1  }},
{"name": "Avus Item to Block", "ingredientPattern": "K","ingredients": {"K": { "type": "item", "code": "caninae:pelt-cerdocyonina-baby-dusicyon-avus", "quantity": "1"}},"width": 1,"height": 1,"output": { "type": "block", "code": "caninae:peltmount-cerdocyonina-baby-dusicyon-avus-north", "quantity": 1  }},
{"name": "Avus Block to Item", "ingredientPattern": "K","ingredients": {"K": { "type": "block", "code": "caninae:peltmount-cerdocyonina-baby-dusicyon-avus-*", "quantity": "1" }},"width": 1,"height": 1,"output": { "type": "item", "code": "caninae:pelt-cerdocyonina-baby-dusicyon-avus", "quantity": 1  }},
{"name": "Culpaeus Item to Block", "ingredientPattern": "K","ingredients": {"K": { "type": "item", "code": "caninae:pelt-cerdocyonina-baby-lycalopex-culpaeus", "quantity": "1"}},"width": 1,"height": 1,"output": { "type": "block", "code": "caninae:peltmount-cerdocyonina-baby-lycalopex-culpaeus-north", "quantity": 1  }},
{"name": "Culpaeus Block to Item", "ingredientPattern": "K","ingredients": {"K": { "type": "block", "code": "caninae:peltmount-cerdocyonina-baby-lycalopex-culpaeus-*", "quantity": "1" }},"width": 1,"height": 1,"output": { "type": "item", "code": "caninae:pelt-cerdocyonina-baby-lycalopex-culpaeus", "quantity": 1  }},
{"name": "Fulvipes Item to Block", "ingredientPattern": "K","ingredients": {"K": { "type": "item", "code": "caninae:pelt-cerdocyonina-baby-lycalopex-fulvipes", "quantity": "1"}},"width": 1,"height": 1,"output": { "type": "block", "code": "caninae:peltmount-cerdocyonina-baby-lycalopex-fulvipes-north", "quantity": 1  }},
{"name": "Fulvipes Block to Item", "ingredientPattern": "K","ingredients": {"K": { "type": "block", "code": "caninae:peltmount-cerdocyonina-baby-lycalopex-fulvipes-*", "quantity": "1" }},"width": 1,"height": 1,"output": { "type": "item", "code": "caninae:pelt-cerdocyonina-baby-lycalopex-fulvipes", "quantity": 1  }},
{"name": "Griseus Item to Block", "ingredientPattern": "K","ingredients": {"K": { "type": "item", "code": "caninae:pelt-cerdocyonina-baby-lycalopex-griseus", "quantity": "1"}},"width": 1,"height": 1,"output": { "type": "block", "code": "caninae:peltmount-cerdocyonina-baby-lycalopex-griseus-north", "quantity": 1  }},
{"name": "Griseus Block to Item", "ingredientPattern": "K","ingredients": {"K": { "type": "block", "code": "caninae:peltmount-cerdocyonina-baby-lycalopex-griseus-*", "quantity": "1" }},"width": 1,"height": 1,"output": { "type": "item", "code": "caninae:pelt-cerdocyonina-baby-lycalopex-griseus", "quantity": 1  }},
{"name": "Gymnocercus Item to Block", "ingredientPattern": "K","ingredients": {"K": { "type": "item", "code": "caninae:pelt-cerdocyonina-baby-lycalopex-gymnocercus", "quantity": "1"}},"width": 1,"height": 1,"output": { "type": "block", "code": "caninae:peltmount-cerdocyonina-baby-lycalopex-gymnocercus-north", "quantity": 1  }},
{"name": "Gymnocercus Block to Item", "ingredientPattern": "K","ingredients": {"K": { "type": "block", "code": "caninae:peltmount-cerdocyonina-baby-lycalopex-gymnocercus-*", "quantity": "1" }},"width": 1,"height": 1,"output": { "type": "item", "code": "caninae:pelt-cerdocyonina-baby-lycalopex-gymnocercus", "quantity": 1  }},
{"name": "Ferrilata Item to Block", "ingredientPattern": "K","ingredients": {"K": { "type": "item", "code": "caninae:pelt-cerdocyonina-baby-lycalopex-sechurae", "quantity": "1"}},"width": 1,"height": 1,"output": { "type": "block", "code": "caninae:peltmount-cerdocyonina-baby-lycalopex-sechurae-north", "quantity": 1  }},
{"name": "Ferrilata Block to Item", "ingredientPattern": "K","ingredients": {"K": { "type": "block", "code": "caninae:peltmount-cerdocyonina-baby-lycalopex-sechurae-*", "quantity": "1" }},"width": 1,"height": 1,"output": { "type": "item", "code": "caninae:pelt-cerdocyonina-baby-lycalopex-sechurae", "quantity": 1  }},
{"name": "Vetulus Item to Block", "ingredientPattern": "K","ingredients": {"K": { "type": "item", "code": "caninae:pelt-cerdocyonina-baby-lycalopex-vetulus", "quantity": "1"}},"width": 1,"height": 1,"output": { "type": "block", "code": "caninae:peltmount-cerdocyonina-baby-lycalopex-vetulus-north", "quantity": 1  }},
{"name": "Vetulus Block to Item", "ingredientPattern": "K","ingredients": {"K": { "type": "block", "code": "caninae:peltmount-cerdocyonina-baby-lycalopex-vetulus-*", "quantity": "1" }},"width": 1,"height": 1,"output": { "type": "item", "code": "caninae:pelt-cerdocyonina-baby-lycalopex-vetulus", "quantity": 1  }},
{"name": "Wingei Item to Block", "ingredientPattern": "K","ingredients": {"K": { "type": "item", "code": "caninae:pelt-cerdocyonina-baby-speothos-venaticus", "quantity": "1"}},"width": 1,"height": 1,"output": { "type": "block", "code": "caninae:peltmount-cerdocyonina-baby-speothos-venaticus-north", "quantity": 1  }},
{"name": "Wingei Block to Item", "ingredientPattern": "K","ingredients": {"K": { "type": "block", "code": "caninae:peltmount-cerdocyonina-baby-speothos-venaticus-*", "quantity": "1" }},"width": 1,"height": 1,"output": { "type": "item", "code": "caninae:pelt-cerdocyonina-baby-speothos-venaticus", "quantity": 1  }},
{"name": "Cinereoargenteus Item to Block", "ingredientPattern": "K","ingredients": {"K": { "type": "item", "code": "caninae:pelt-urocyonini-baby-urocyon-cinereoargenteus", "quantity": "1"}},"width": 1,"height": 1,"output": { "type": "block", "code": "caninae:peltmount-urocyonini-baby-urocyon-cinereoargenteus-north", "quantity": 1  }},
{"name": "Cinereoargenteus Block to Item", "ingredientPattern": "K","ingredients": {"K": { "type": "block", "code": "caninae:peltmount-urocyonini-baby-urocyon-cinereoargenteus-*", "quantity": "1" }},"width": 1,"height": 1,"output": { "type": "item", "code": "caninae:pelt-urocyonini-baby-urocyon-cinereoargenteus", "quantity": 1  }},
{"name": "Littoralis Item to Block", "ingredientPattern": "K","ingredients": {"K": { "type": "item", "code": "caninae:pelt-urocyonini-baby-urocyon-littoralis", "quantity": "1"}},"width": 1,"height": 1,"output": { "type": "block", "code": "caninae:peltmount-urocyonini-baby-urocyon-littoralis-north", "quantity": 1  }},
{"name": "Littoralis Block to Item", "ingredientPattern": "K","ingredients": {"K": { "type": "block", "code": "caninae:peltmount-urocyonini-baby-urocyon-littoralis-*", "quantity": "1" }},"width": 1,"height": 1,"output": { "type": "item", "code": "caninae:pelt-urocyonini-baby-urocyon-littoralis", "quantity": 1  }},
{"name": "Procyonoides Item to Block", "ingredientPattern": "K","ingredients": {"K": { "type": "item", "code": "caninae:pelt-vulpini-baby-nyctereutes-procyonoides", "quantity": "1"}},"width": 1,"height": 1,"output": { "type": "block", "code": "caninae:peltmount-vulpini-baby-nyctereutes-procyonoides-north", "quantity": 1  }},
{"name": "Procyonoides Block to Item", "ingredientPattern": "K","ingredients": {"K": { "type": "block", "code": "caninae:peltmount-vulpini-baby-nyctereutes-procyonoides-*", "quantity": "1" }},"width": 1,"height": 1,"output": { "type": "item", "code": "caninae:pelt-vulpini-baby-nyctereutes-procyonoides", "quantity": 1  }},
{"name": "Viverrinus Item to Block", "ingredientPattern": "K","ingredients": {"K": { "type": "item", "code": "caninae:pelt-vulpini-baby-nyctereutes-viverrinus", "quantity": "1"}},"width": 1,"height": 1,"output": { "type": "block", "code": "caninae:peltmount-vulpini-baby-nyctereutes-viverrinus-north", "quantity": 1  }},
{"name": "Viverrinus Block to Item", "ingredientPattern": "K","ingredients": {"K": { "type": "block", "code": "caninae:peltmount-vulpini-baby-nyctereutes-viverrinus-*", "quantity": "1" }},"width": 1,"height": 1,"output": { "type": "item", "code": "caninae:pelt-vulpini-baby-nyctereutes-viverrinus", "quantity": 1  }},
{"name": "Megalotis Item to Block", "ingredientPattern": "K","ingredients": {"K": { "type": "item", "code": "caninae:pelt-vulpini-baby-otocyon-megalotis", "quantity": "1"}},"width": 1,"height": 1,"output": { "type": "block", "code": "caninae:peltmount-vulpini-baby-otocyon-megalotis-north", "quantity": 1  }},
{"name": "Megalotis Block to Item", "ingredientPattern": "K","ingredients": {"K": { "type": "block", "code": "caninae:peltmount-vulpini-baby-otocyon-megalotis-*", "quantity": "1" }},"width": 1,"height": 1,"output": { "type": "item", "code": "caninae:pelt-vulpini-baby-otocyon-megalotis", "quantity": 1  }},
{"name": "Bengalensis Item to Block", "ingredientPattern": "K","ingredients": {"K": { "type": "item", "code": "caninae:pelt-vulpini-baby-vulpes-bengalensis", "quantity": "1"}},"width": 1,"height": 1,"output": { "type": "block", "code": "caninae:peltmount-vulpini-baby-vulpes-bengalensis-north", "quantity": 1  }},
{"name": "Bengalensis Block to Item", "ingredientPattern": "K","ingredients": {"K": { "type": "block", "code": "caninae:peltmount-vulpini-baby-vulpes-bengalensis-*", "quantity": "1" }},"width": 1,"height": 1,"output": { "type": "item", "code": "caninae:pelt-vulpini-baby-vulpes-bengalensis", "quantity": 1  }},
{"name": "Cana Item to Block", "ingredientPattern": "K","ingredients": {"K": { "type": "item", "code": "caninae:pelt-vulpini-baby-vulpes-cana", "quantity": "1"}},"width": 1,"height": 1,"output": { "type": "block", "code": "caninae:peltmount-vulpini-baby-vulpes-cana-north", "quantity": 1  }},
{"name": "Cana Block to Item", "ingredientPattern": "K","ingredients": {"K": { "type": "block", "code": "caninae:peltmount-vulpini-baby-vulpes-cana-*", "quantity": "1" }},"width": 1,"height": 1,"output": { "type": "item", "code": "caninae:pelt-vulpini-baby-vulpes-cana", "quantity": 1  }},
{"name": "Chama Item to Block", "ingredientPattern": "K","ingredients": {"K": { "type": "item", "code": "caninae:pelt-vulpini-baby-vulpes-chama", "quantity": "1"}},"width": 1,"height": 1,"output": { "type": "block", "code": "caninae:peltmount-vulpini-baby-vulpes-chama-north", "quantity": 1  }},
{"name": "Chama Block to Item", "ingredientPattern": "K","ingredients": {"K": { "type": "block", "code": "caninae:peltmount-vulpini-baby-vulpes-chama-*", "quantity": "1" }},"width": 1,"height": 1,"output": { "type": "item", "code": "caninae:pelt-vulpini-baby-vulpes-chama", "quantity": 1  }},
{"name": "Corsac Item to Block", "ingredientPattern": "K","ingredients": {"K": { "type": "item", "code": "caninae:pelt-vulpini-baby-vulpes-corsac", "quantity": "1"}},"width": 1,"height": 1,"output": { "type": "block", "code": "caninae:peltmount-vulpini-baby-vulpes-corsac-north", "quantity": 1  }},
{"name": "Corsac Block to Item", "ingredientPattern": "K","ingredients": {"K": { "type": "block", "code": "caninae:peltmount-vulpini-baby-vulpes-corsac-*", "quantity": "1" }},"width": 1,"height": 1,"output": { "type": "item", "code": "caninae:pelt-vulpini-baby-vulpes-corsac", "quantity": 1  }},
{"name": "Ferrilata Item to Block", "ingredientPattern": "K","ingredients": {"K": { "type": "item", "code": "caninae:pelt-vulpini-baby-vulpes-ferrilata", "quantity": "1"}},"width": 1,"height": 1,"output": { "type": "block", "code": "caninae:peltmount-vulpini-baby-vulpes-ferrilata-north", "quantity": 1  }},
{"name": "Ferrilata Block to Item", "ingredientPattern": "K","ingredients": {"K": { "type": "block", "code": "caninae:peltmount-vulpini-baby-vulpes-ferrilata-*", "quantity": "1" }},"width": 1,"height": 1,"output": { "type": "item", "code": "caninae:pelt-vulpini-baby-vulpes-ferrilata", "quantity": 1  }},
{"name": "Lagopus Item to Block", "ingredientPattern": "K","ingredients": {"K": { "type": "item", "code": "caninae:pelt-vulpini-baby-vulpes-lagopus", "quantity": "1"}},"width": 1,"height": 1,"output": { "type": "block", "code": "caninae:peltmount-vulpini-baby-vulpes-lagopus-north", "quantity": 1  }},
{"name": "Lagopus Block to Item", "ingredientPattern": "K","ingredients": {"K": { "type": "block", "code": "caninae:peltmount-vulpini-baby-vulpes-lagopus-*", "quantity": "1" }},"width": 1,"height": 1,"output": { "type": "item", "code": "caninae:pelt-vulpini-baby-vulpes-lagopus", "quantity": 1  }},
{"name": "Wingei Item to Block", "ingredientPattern": "K","ingredients": {"K": { "type": "item", "code": "caninae:pelt-vulpini-baby-vulpes-macrotis", "quantity": "1"}},"width": 1,"height": 1,"output": { "type": "block", "code": "caninae:peltmount-vulpini-baby-vulpes-macrotis-north", "quantity": 1  }},
{"name": "Wingei Block to Item", "ingredientPattern": "K","ingredients": {"K": { "type": "block", "code": "caninae:peltmount-vulpini-baby-vulpes-macrotis-*", "quantity": "1" }},"width": 1,"height": 1,"output": { "type": "item", "code": "caninae:pelt-vulpini-baby-vulpes-macrotis", "quantity": 1  }},
{"name": "Pallida Item to Block", "ingredientPattern": "K","ingredients": {"K": { "type": "item", "code": "caninae:pelt-vulpini-baby-vulpes-pallida", "quantity": "1"}},"width": 1,"height": 1,"output": { "type": "block", "code": "caninae:peltmount-vulpini-baby-vulpes-pallida-north", "quantity": 1  }},
{"name": "Pallida Block to Item", "ingredientPattern": "K","ingredients": {"K": { "type": "block", "code": "caninae:peltmount-vulpini-baby-vulpes-pallida-*", "quantity": "1" }},"width": 1,"height": 1,"output": { "type": "item", "code": "caninae:pelt-vulpini-baby-vulpes-pallida", "quantity": 1  }},
{"name": "Rueppellii Item to Block", "ingredientPattern": "K","ingredients": {"K": { "type": "item", "code": "caninae:pelt-vulpini-baby-vulpes-rueppellii", "quantity": "1"}},"width": 1,"height": 1,"output": { "type": "block", "code": "caninae:peltmount-vulpini-baby-vulpes-rueppellii-north", "quantity": 1  }},
{"name": "Rueppellii Block to Item", "ingredientPattern": "K","ingredients": {"K": { "type": "block", "code": "caninae:peltmount-vulpini-baby-vulpes-rueppellii-*", "quantity": "1" }},"width": 1,"height": 1,"output": { "type": "item", "code": "caninae:pelt-vulpini-baby-vulpes-rueppellii", "quantity": 1  }},
{"name": "Velox Item to Block", "ingredientPattern": "K","ingredients": {"K": { "type": "item", "code": "caninae:pelt-vulpini-baby-vulpes-velox", "quantity": "1"}},"width": 1,"height": 1,"output": { "type": "block", "code": "caninae:peltmount-vulpini-baby-vulpes-velox-north", "quantity": 1  }},
{"name": "Velox Block to Item", "ingredientPattern": "K","ingredients": {"K": { "type": "block", "code": "caninae:peltmount-vulpini-baby-vulpes-velox-*", "quantity": "1" }},"width": 1,"height": 1,"output": { "type": "item", "code": "caninae:pelt-vulpini-baby-vulpes-velox", "quantity": 1  }},
{"name": "Vulpes Item to Block", "ingredientPattern": "K","ingredients": {"K": { "type": "item", "code": "caninae:pelt-vulpini-baby-vulpes-vulpes", "quantity": "1"}},"width": 1,"height": 1,"output": { "type": "block", "code": "caninae:peltmount-vulpini-baby-vulpes-vulpes-north", "quantity": 1  }},
{"name": "Vulpes Block to Item", "ingredientPattern": "K","ingredients": {"K": { "type": "block", "code": "caninae:peltmount-vulpini-baby-vulpes-vulpes-*", "quantity": "1" }},"width": 1,"height": 1,"output": { "type": "item", "code": "caninae:pelt-vulpini-baby-vulpes-vulpes", "quantity": 1  }},
{"name": "Zerda Item to Block", "ingredientPattern": "K","ingredients": {"K": { "type": "item", "code": "caninae:pelt-vulpini-baby-vulpes-zerda", "quantity": "1"}},"width": 1,"height": 1,"output": { "type": "block", "code": "caninae:peltmount-vulpini-baby-vulpes-zerda-north", "quantity": 1  }},
{"name": "Zerda Block to Item", "ingredientPattern": "K","ingredients": {"K": { "type": "block", "code": "caninae:peltmount-vulpini-baby-vulpes-zerda-*", "quantity": "1" }},"width": 1,"height": 1,"output": { "type": "item", "code": "caninae:pelt-vulpini-baby-vulpes-zerda", "quantity": 1  }},

{"name": "Dirus Item to Block", "ingredientPattern": "K","ingredients": {"K": { "type": "item", "code": "caninae:pelt-canina-female-aenocyon-dirus", "quantity": "1"}},"width": 1,"height": 1,"output": { "type": "block", "code": "caninae:peltmount-canina-female-aenocyon-dirus-north", "quantity": 1  }},
{"name": "Dirus Block to Item", "ingredientPattern": "K","ingredients": {"K": { "type": "block", "code": "caninae:peltmount-canina-female-aenocyon-dirus-*", "quantity": "1" }},"width": 1,"height": 1,"output": { "type": "item", "code": "caninae:pelt-canina-female-aenocyon-dirus", "quantity": 1  }},
{"name": "Aureus Item to Block", "ingredientPattern": "K","ingredients": {"K": { "type": "item", "code": "caninae:pelt-canina-female-canis-aureus", "quantity": "1"}},"width": 1,"height": 1,"output": { "type": "block", "code": "caninae:peltmount-canina-female-canis-aureus-north", "quantity": 1  }},
{"name": "Aureus Block to Item", "ingredientPattern": "K","ingredients": {"K": { "type": "block", "code": "caninae:peltmount-canina-female-canis-aureus-*", "quantity": "1" }},"width": 1,"height": 1,"output": { "type": "item", "code": "caninae:pelt-canina-female-canis-aureus", "quantity": 1  }},
{"name": "Familiaris Item to Block", "ingredientPattern": "K","ingredients": {"K": { "type": "item", "code": "caninae:pelt-canina-female-canis-familiaris", "quantity": "1"}},"width": 1,"height": 1,"output": { "type": "block", "code": "caninae:peltmount-canina-female-canis-familiaris-north", "quantity": 1  }},
{"name": "Familiaris Block to Item", "ingredientPattern": "K","ingredients": {"K": { "type": "block", "code": "caninae:peltmount-canina-female-canis-familiaris-*", "quantity": "1" }},"width": 1,"height": 1,"output": { "type": "item", "code": "caninae:pelt-canina-female-canis-familiaris", "quantity": 1  }},
{"name": "Latrans Item to Block", "ingredientPattern": "K","ingredients": {"K": { "type": "item", "code": "caninae:pelt-canina-female-canis-latrans", "quantity": "1"}},"width": 1,"height": 1,"output": { "type": "block", "code": "caninae:peltmount-canina-female-canis-latrans-north", "quantity": 1  }},
{"name": "Latrans Block to Item", "ingredientPattern": "K","ingredients": {"K": { "type": "block", "code": "caninae:peltmount-canina-female-canis-latrans-*", "quantity": "1" }},"width": 1,"height": 1,"output": { "type": "item", "code": "caninae:pelt-canina-female-canis-latrans", "quantity": 1  }},
{"name": "Microtis Item to Block", "ingredientPattern": "K","ingredients": {"K": { "type": "item", "code": "caninae:pelt-canina-female-canis-lupastor", "quantity": "1"}},"width": 1,"height": 1,"output": { "type": "block", "code": "caninae:peltmount-canina-female-canis-lupastor-north", "quantity": 1  }},
{"name": "Microtis Block to Item", "ingredientPattern": "K","ingredients": {"K": { "type": "block", "code": "caninae:peltmount-canina-female-canis-lupastor-*", "quantity": "1" }},"width": 1,"height": 1,"output": { "type": "item", "code": "caninae:pelt-canina-female-canis-lupastor", "quantity": 1  }},
{"name": "Thous Item to Block", "ingredientPattern": "K","ingredients": {"K": { "type": "item", "code": "caninae:pelt-canina-female-canis-lupus", "quantity": "1"}},"width": 1,"height": 1,"output": { "type": "block", "code": "caninae:peltmount-canina-female-canis-lupus-north", "quantity": 1  }},
{"name": "Thous Block to Item", "ingredientPattern": "K","ingredients": {"K": { "type": "block", "code": "caninae:peltmount-canina-female-canis-lupus-*", "quantity": "1" }},"width": 1,"height": 1,"output": { "type": "item", "code": "caninae:pelt-canina-female-canis-lupus", "quantity": 1  }},
{"name": "Lupus Rufus Item to Block", "ingredientPattern": "K","ingredients": {"K": { "type": "item", "code": "caninae:pelt-canina-female-canis-lupusarctos", "quantity": "1"}},"width": 1,"height": 1,"output": { "type": "block", "code": "caninae:peltmount-canina-female-canis-lupusarctos-north", "quantity": 1  }},
{"name": "Lupus Rufus Block to Item", "ingredientPattern": "K","ingredients": {"K": { "type": "block", "code": "caninae:peltmount-canina-female-canis-lupusarctos-*", "quantity": "1" }},"width": 1,"height": 1,"output": { "type": "item", "code": "caninae:pelt-canina-female-canis-lupusarctos", "quantity": 1  }},
{"name": "Lupos Dingo Item to Block", "ingredientPattern": "K","ingredients": {"K": { "type": "item", "code": "caninae:pelt-canina-female-canis-lupusdingo", "quantity": "1"}},"width": 1,"height": 1,"output": { "type": "block", "code": "caninae:peltmount-canina-female-canis-lupusdingo-north", "quantity": 1  }},
{"name": "Lupos Dingo Block to Item", "ingredientPattern": "K","ingredients": {"K": { "type": "block", "code": "caninae:peltmount-canina-female-canis-lupusdingo-*", "quantity": "1" }},"width": 1,"height": 1,"output": { "type": "item", "code": "caninae:pelt-canina-female-canis-lupusdingo", "quantity": 1  }},
{"name": "Lycaon Item to Block", "ingredientPattern": "K","ingredients": {"K": { "type": "item", "code": "caninae:pelt-canina-female-canis-lycaon", "quantity": "1"}},"width": 1,"height": 1,"output": { "type": "block", "code": "caninae:peltmount-canina-female-canis-lycaon-north", "quantity": 1  }},
{"name": "Lycaon Block to Item", "ingredientPattern": "K","ingredients": {"K": { "type": "block", "code": "caninae:peltmount-canina-female-canis-lycaon-*", "quantity": "1" }},"width": 1,"height": 1,"output": { "type": "item", "code": "caninae:pelt-canina-female-canis-lycaon", "quantity": 1  }},
{"name": "Rufus Item to Block", "ingredientPattern": "K","ingredients": {"K": { "type": "item", "code": "caninae:pelt-canina-female-canis-rufus", "quantity": "1"}},"width": 1,"height": 1,"output": { "type": "block", "code": "caninae:peltmount-canina-female-canis-rufus-north", "quantity": 1  }},
{"name": "Rufus Block to Item", "ingredientPattern": "K","ingredients": {"K": { "type": "block", "code": "caninae:peltmount-canina-female-canis-rufus-*", "quantity": "1" }},"width": 1,"height": 1,"output": { "type": "item", "code": "caninae:pelt-canina-female-canis-rufus", "quantity": 1  }},
{"name": "Simensis Item to Block", "ingredientPattern": "K","ingredients": {"K": { "type": "item", "code": "caninae:pelt-canina-female-canis-simensis", "quantity": "1"}},"width": 1,"height": 1,"output": { "type": "block", "code": "caninae:peltmount-canina-female-canis-simensis-north", "quantity": 1  }},
{"name": "Simensis Block to Item", "ingredientPattern": "K","ingredients": {"K": { "type": "block", "code": "caninae:peltmount-canina-female-canis-simensis-*", "quantity": "1" }},"width": 1,"height": 1,"output": { "type": "item", "code": "caninae:pelt-canina-female-canis-simensis", "quantity": 1  }},
{"name": "Alpinus Item to Block", "ingredientPattern": "K","ingredients": {"K": { "type": "item", "code": "caninae:pelt-canina-female-cuon-alpinus", "quantity": "1"}},"width": 1,"height": 1,"output": { "type": "block", "code": "caninae:peltmount-canina-female-cuon-alpinus-north", "quantity": 1  }},
{"name": "Alpinus Block to Item", "ingredientPattern": "K","ingredients": {"K": { "type": "block", "code": "caninae:peltmount-canina-female-cuon-alpinus-*", "quantity": "1" }},"width": 1,"height": 1,"output": { "type": "item", "code": "caninae:pelt-canina-female-cuon-alpinus", "quantity": 1  }},
{"name": "Sardous Item to Block", "ingredientPattern": "K","ingredients": {"K": { "type": "item", "code": "caninae:pelt-canina-female-cynotherium-sardous", "quantity": "1"}},"width": 1,"height": 1,"output": { "type": "block", "code": "caninae:peltmount-canina-female-cynotherium-sardous-north", "quantity": 1  }},
{"name": "Sardous Block to Item", "ingredientPattern": "K","ingredients": {"K": { "type": "block", "code": "caninae:peltmount-canina-female-cynotherium-sardous-*", "quantity": "1" }},"width": 1,"height": 1,"output": { "type": "item", "code": "caninae:pelt-canina-female-cynotherium-sardous", "quantity": 1  }},
{"name": "Adusta Item to Block", "ingredientPattern": "K","ingredients": {"K": { "type": "item", "code": "caninae:pelt-canina-female-lupulella-adusta", "quantity": "1"}},"width": 1,"height": 1,"output": { "type": "block", "code": "caninae:peltmount-canina-female-lupulella-adusta-north", "quantity": 1  }},
{"name": "Adusta Block to Item", "ingredientPattern": "K","ingredients": {"K": { "type": "block", "code": "caninae:peltmount-canina-female-lupulella-adusta-*", "quantity": "1" }},"width": 1,"height": 1,"output": { "type": "item", "code": "caninae:pelt-canina-female-lupulella-adusta", "quantity": 1  }},
{"name": "Mesomelas Item to Block", "ingredientPattern": "K","ingredients": {"K": { "type": "item", "code": "caninae:pelt-canina-female-lupulella-mesomelas", "quantity": "1"}},"width": 1,"height": 1,"output": { "type": "block", "code": "caninae:peltmount-canina-female-lupulella-mesomelas-north", "quantity": 1  }},
{"name": "Mesomelas Block to Item", "ingredientPattern": "K","ingredients": {"K": { "type": "block", "code": "caninae:peltmount-canina-female-lupulella-mesomelas-*", "quantity": "1" }},"width": 1,"height": 1,"output": { "type": "item", "code": "caninae:pelt-canina-female-lupulella-mesomelas", "quantity": 1  }},
{"name": "Pictus Item to Block", "ingredientPattern": "K","ingredients": {"K": { "type": "item", "code": "caninae:pelt-canina-female-lycaon-pictus", "quantity": "1"}},"width": 1,"height": 1,"output": { "type": "block", "code": "caninae:peltmount-canina-female-lycaon-pictus-north", "quantity": 1  }},
{"name": "Pictus Block to Item", "ingredientPattern": "K","ingredients": {"K": { "type": "block", "code": "caninae:peltmount-canina-female-lycaon-pictus-*", "quantity": "1" }},"width": 1,"height": 1,"output": { "type": "item", "code": "caninae:pelt-canina-female-lycaon-pictus", "quantity": 1  }},
{"name": "Microtis Item to Block", "ingredientPattern": "K","ingredients": {"K": { "type": "item", "code": "caninae:pelt-cerdocyonina-female-atelocynus-microtis", "quantity": "1"}},"width": 1,"height": 1,"output": { "type": "block", "code": "caninae:peltmount-cerdocyonina-female-atelocynus-microtis-north", "quantity": 1  }},
{"name": "Microtis Block to Item", "ingredientPattern": "K","ingredients": {"K": { "type": "block", "code": "caninae:peltmount-cerdocyonina-female-atelocynus-microtis-*", "quantity": "1" }},"width": 1,"height": 1,"output": { "type": "item", "code": "caninae:pelt-cerdocyonina-female-atelocynus-microtis", "quantity": 1  }},
{"name": "Thous Item to Block", "ingredientPattern": "K","ingredients": {"K": { "type": "item", "code": "caninae:pelt-cerdocyonina-female-cerdocyon-thous", "quantity": "1"}},"width": 1,"height": 1,"output": { "type": "block", "code": "caninae:peltmount-cerdocyonina-female-cerdocyon-thous-north", "quantity": 1  }},
{"name": "Thous Block to Item", "ingredientPattern": "K","ingredients": {"K": { "type": "block", "code": "caninae:peltmount-cerdocyonina-female-cerdocyon-thous-*", "quantity": "1" }},"width": 1,"height": 1,"output": { "type": "item", "code": "caninae:pelt-cerdocyonina-female-cerdocyon-thous", "quantity": 1  }},
{"name": "Brachyurus Item to Block", "ingredientPattern": "K","ingredients": {"K": { "type": "item", "code": "caninae:pelt-cerdocyonina-female-chrysocyon-brachyurus", "quantity": "1"}},"width": 1,"height": 1,"output": { "type": "block", "code": "caninae:peltmount-cerdocyonina-female-chrysocyon-brachyurus-north", "quantity": 1  }},
{"name": "Brachyurus Block to Item", "ingredientPattern": "K","ingredients": {"K": { "type": "block", "code": "caninae:peltmount-cerdocyonina-female-chrysocyon-brachyurus-*", "quantity": "1" }},"width": 1,"height": 1,"output": { "type": "item", "code": "caninae:pelt-cerdocyonina-female-chrysocyon-brachyurus", "quantity": 1  }},
{"name": "Australis Item to Block", "ingredientPattern": "K","ingredients": {"K": { "type": "item", "code": "caninae:pelt-cerdocyonina-female-dusicyon-australis", "quantity": "1"}},"width": 1,"height": 1,"output": { "type": "block", "code": "caninae:peltmount-cerdocyonina-female-dusicyon-australis-north", "quantity": 1  }},
{"name": "Australis Block to Item", "ingredientPattern": "K","ingredients": {"K": { "type": "block", "code": "caninae:peltmount-cerdocyonina-female-dusicyon-australis-*", "quantity": "1" }},"width": 1,"height": 1,"output": { "type": "item", "code": "caninae:pelt-cerdocyonina-female-dusicyon-australis", "quantity": 1  }},
{"name": "Avus Item to Block", "ingredientPattern": "K","ingredients": {"K": { "type": "item", "code": "caninae:pelt-cerdocyonina-female-dusicyon-avus", "quantity": "1"}},"width": 1,"height": 1,"output": { "type": "block", "code": "caninae:peltmount-cerdocyonina-female-dusicyon-avus-north", "quantity": 1  }},
{"name": "Avus Block to Item", "ingredientPattern": "K","ingredients": {"K": { "type": "block", "code": "caninae:peltmount-cerdocyonina-female-dusicyon-avus-*", "quantity": "1" }},"width": 1,"height": 1,"output": { "type": "item", "code": "caninae:pelt-cerdocyonina-female-dusicyon-avus", "quantity": 1  }},
{"name": "Culpaeus Item to Block", "ingredientPattern": "K","ingredients": {"K": { "type": "item", "code": "caninae:pelt-cerdocyonina-female-lycalopex-culpaeus", "quantity": "1"}},"width": 1,"height": 1,"output": { "type": "block", "code": "caninae:peltmount-cerdocyonina-female-lycalopex-culpaeus-north", "quantity": 1  }},
{"name": "Culpaeus Block to Item", "ingredientPattern": "K","ingredients": {"K": { "type": "block", "code": "caninae:peltmount-cerdocyonina-female-lycalopex-culpaeus-*", "quantity": "1" }},"width": 1,"height": 1,"output": { "type": "item", "code": "caninae:pelt-cerdocyonina-female-lycalopex-culpaeus", "quantity": 1  }},
{"name": "Fulvipes Item to Block", "ingredientPattern": "K","ingredients": {"K": { "type": "item", "code": "caninae:pelt-cerdocyonina-female-lycalopex-fulvipes", "quantity": "1"}},"width": 1,"height": 1,"output": { "type": "block", "code": "caninae:peltmount-cerdocyonina-female-lycalopex-fulvipes-north", "quantity": 1  }},
{"name": "Fulvipes Block to Item", "ingredientPattern": "K","ingredients": {"K": { "type": "block", "code": "caninae:peltmount-cerdocyonina-female-lycalopex-fulvipes-*", "quantity": "1" }},"width": 1,"height": 1,"output": { "type": "item", "code": "caninae:pelt-cerdocyonina-female-lycalopex-fulvipes", "quantity": 1  }},
{"name": "Griseus Item to Block", "ingredientPattern": "K","ingredients": {"K": { "type": "item", "code": "caninae:pelt-cerdocyonina-female-lycalopex-griseus", "quantity": "1"}},"width": 1,"height": 1,"output": { "type": "block", "code": "caninae:peltmount-cerdocyonina-female-lycalopex-griseus-north", "quantity": 1  }},
{"name": "Griseus Block to Item", "ingredientPattern": "K","ingredients": {"K": { "type": "block", "code": "caninae:peltmount-cerdocyonina-female-lycalopex-griseus-*", "quantity": "1" }},"width": 1,"height": 1,"output": { "type": "item", "code": "caninae:pelt-cerdocyonina-female-lycalopex-griseus", "quantity": 1  }},
{"name": "Gymnocercus Item to Block", "ingredientPattern": "K","ingredients": {"K": { "type": "item", "code": "caninae:pelt-cerdocyonina-female-lycalopex-gymnocercus", "quantity": "1"}},"width": 1,"height": 1,"output": { "type": "block", "code": "caninae:peltmount-cerdocyonina-female-lycalopex-gymnocercus-north", "quantity": 1  }},
{"name": "Gymnocercus Block to Item", "ingredientPattern": "K","ingredients": {"K": { "type": "block", "code": "caninae:peltmount-cerdocyonina-female-lycalopex-gymnocercus-*", "quantity": "1" }},"width": 1,"height": 1,"output": { "type": "item", "code": "caninae:pelt-cerdocyonina-female-lycalopex-gymnocercus", "quantity": 1  }},
{"name": "Ferrilata Item to Block", "ingredientPattern": "K","ingredients": {"K": { "type": "item", "code": "caninae:pelt-cerdocyonina-female-lycalopex-sechurae", "quantity": "1"}},"width": 1,"height": 1,"output": { "type": "block", "code": "caninae:peltmount-cerdocyonina-female-lycalopex-sechurae-north", "quantity": 1  }},
{"name": "Ferrilata Block to Item", "ingredientPattern": "K","ingredients": {"K": { "type": "block", "code": "caninae:peltmount-cerdocyonina-female-lycalopex-sechurae-*", "quantity": "1" }},"width": 1,"height": 1,"output": { "type": "item", "code": "caninae:pelt-cerdocyonina-female-lycalopex-sechurae", "quantity": 1  }},
{"name": "Vetulus Item to Block", "ingredientPattern": "K","ingredients": {"K": { "type": "item", "code": "caninae:pelt-cerdocyonina-female-lycalopex-vetulus", "quantity": "1"}},"width": 1,"height": 1,"output": { "type": "block", "code": "caninae:peltmount-cerdocyonina-female-lycalopex-vetulus-north", "quantity": 1  }},
{"name": "Vetulus Block to Item", "ingredientPattern": "K","ingredients": {"K": { "type": "block", "code": "caninae:peltmount-cerdocyonina-female-lycalopex-vetulus-*", "quantity": "1" }},"width": 1,"height": 1,"output": { "type": "item", "code": "caninae:pelt-cerdocyonina-female-lycalopex-vetulus", "quantity": 1  }},
{"name": "Wingei Item to Block", "ingredientPattern": "K","ingredients": {"K": { "type": "item", "code": "caninae:pelt-cerdocyonina-female-speothos-venaticus", "quantity": "1"}},"width": 1,"height": 1,"output": { "type": "block", "code": "caninae:peltmount-cerdocyonina-female-speothos-venaticus-north", "quantity": 1  }},
{"name": "Wingei Block to Item", "ingredientPattern": "K","ingredients": {"K": { "type": "block", "code": "caninae:peltmount-cerdocyonina-female-speothos-venaticus-*", "quantity": "1" }},"width": 1,"height": 1,"output": { "type": "item", "code": "caninae:pelt-cerdocyonina-female-speothos-venaticus", "quantity": 1  }},
{"name": "Cinereoargenteus Item to Block", "ingredientPattern": "K","ingredients": {"K": { "type": "item", "code": "caninae:pelt-urocyonini-female-urocyon-cinereoargenteus", "quantity": "1"}},"width": 1,"height": 1,"output": { "type": "block", "code": "caninae:peltmount-urocyonini-female-urocyon-cinereoargenteus-north", "quantity": 1  }},
{"name": "Cinereoargenteus Block to Item", "ingredientPattern": "K","ingredients": {"K": { "type": "block", "code": "caninae:peltmount-urocyonini-female-urocyon-cinereoargenteus-*", "quantity": "1" }},"width": 1,"height": 1,"output": { "type": "item", "code": "caninae:pelt-urocyonini-female-urocyon-cinereoargenteus", "quantity": 1  }},
{"name": "Littoralis Item to Block", "ingredientPattern": "K","ingredients": {"K": { "type": "item", "code": "caninae:pelt-urocyonini-female-urocyon-littoralis", "quantity": "1"}},"width": 1,"height": 1,"output": { "type": "block", "code": "caninae:peltmount-urocyonini-female-urocyon-littoralis-north", "quantity": 1  }},
{"name": "Littoralis Block to Item", "ingredientPattern": "K","ingredients": {"K": { "type": "block", "code": "caninae:peltmount-urocyonini-female-urocyon-littoralis-*", "quantity": "1" }},"width": 1,"height": 1,"output": { "type": "item", "code": "caninae:pelt-urocyonini-female-urocyon-littoralis", "quantity": 1  }},
{"name": "Procyonoides Item to Block", "ingredientPattern": "K","ingredients": {"K": { "type": "item", "code": "caninae:pelt-vulpini-female-nyctereutes-procyonoides", "quantity": "1"}},"width": 1,"height": 1,"output": { "type": "block", "code": "caninae:peltmount-vulpini-female-nyctereutes-procyonoides-north", "quantity": 1  }},
{"name": "Procyonoides Block to Item", "ingredientPattern": "K","ingredients": {"K": { "type": "block", "code": "caninae:peltmount-vulpini-female-nyctereutes-procyonoides-*", "quantity": "1" }},"width": 1,"height": 1,"output": { "type": "item", "code": "caninae:pelt-vulpini-female-nyctereutes-procyonoides", "quantity": 1  }},
{"name": "Viverrinus Item to Block", "ingredientPattern": "K","ingredients": {"K": { "type": "item", "code": "caninae:pelt-vulpini-female-nyctereutes-viverrinus", "quantity": "1"}},"width": 1,"height": 1,"output": { "type": "block", "code": "caninae:peltmount-vulpini-female-nyctereutes-viverrinus-north", "quantity": 1  }},
{"name": "Viverrinus Block to Item", "ingredientPattern": "K","ingredients": {"K": { "type": "block", "code": "caninae:peltmount-vulpini-female-nyctereutes-viverrinus-*", "quantity": "1" }},"width": 1,"height": 1,"output": { "type": "item", "code": "caninae:pelt-vulpini-female-nyctereutes-viverrinus", "quantity": 1  }},
{"name": "Megalotis Item to Block", "ingredientPattern": "K","ingredients": {"K": { "type": "item", "code": "caninae:pelt-vulpini-female-otocyon-megalotis", "quantity": "1"}},"width": 1,"height": 1,"output": { "type": "block", "code": "caninae:peltmount-vulpini-female-otocyon-megalotis-north", "quantity": 1  }},
{"name": "Megalotis Block to Item", "ingredientPattern": "K","ingredients": {"K": { "type": "block", "code": "caninae:peltmount-vulpini-female-otocyon-megalotis-*", "quantity": "1" }},"width": 1,"height": 1,"output": { "type": "item", "code": "caninae:pelt-vulpini-female-otocyon-megalotis", "quantity": 1  }},
{"name": "Bengalensis Item to Block", "ingredientPattern": "K","ingredients": {"K": { "type": "item", "code": "caninae:pelt-vulpini-female-vulpes-bengalensis", "quantity": "1"}},"width": 1,"height": 1,"output": { "type": "block", "code": "caninae:peltmount-vulpini-female-vulpes-bengalensis-north", "quantity": 1  }},
{"name": "Bengalensis Block to Item", "ingredientPattern": "K","ingredients": {"K": { "type": "block", "code": "caninae:peltmount-vulpini-female-vulpes-bengalensis-*", "quantity": "1" }},"width": 1,"height": 1,"output": { "type": "item", "code": "caninae:pelt-vulpini-female-vulpes-bengalensis", "quantity": 1  }},
{"name": "Cana Item to Block", "ingredientPattern": "K","ingredients": {"K": { "type": "item", "code": "caninae:pelt-vulpini-female-vulpes-cana", "quantity": "1"}},"width": 1,"height": 1,"output": { "type": "block", "code": "caninae:peltmount-vulpini-female-vulpes-cana-north", "quantity": 1  }},
{"name": "Cana Block to Item", "ingredientPattern": "K","ingredients": {"K": { "type": "block", "code": "caninae:peltmount-vulpini-female-vulpes-cana-*", "quantity": "1" }},"width": 1,"height": 1,"output": { "type": "item", "code": "caninae:pelt-vulpini-female-vulpes-cana", "quantity": 1  }},
{"name": "Chama Item to Block", "ingredientPattern": "K","ingredients": {"K": { "type": "item", "code": "caninae:pelt-vulpini-female-vulpes-chama", "quantity": "1"}},"width": 1,"height": 1,"output": { "type": "block", "code": "caninae:peltmount-vulpini-female-vulpes-chama-north", "quantity": 1  }},
{"name": "Chama Block to Item", "ingredientPattern": "K","ingredients": {"K": { "type": "block", "code": "caninae:peltmount-vulpini-female-vulpes-chama-*", "quantity": "1" }},"width": 1,"height": 1,"output": { "type": "item", "code": "caninae:pelt-vulpini-female-vulpes-chama", "quantity": 1  }},
{"name": "Corsac Item to Block", "ingredientPattern": "K","ingredients": {"K": { "type": "item", "code": "caninae:pelt-vulpini-female-vulpes-corsac", "quantity": "1"}},"width": 1,"height": 1,"output": { "type": "block", "code": "caninae:peltmount-vulpini-female-vulpes-corsac-north", "quantity": 1  }},
{"name": "Corsac Block to Item", "ingredientPattern": "K","ingredients": {"K": { "type": "block", "code": "caninae:peltmount-vulpini-female-vulpes-corsac-*", "quantity": "1" }},"width": 1,"height": 1,"output": { "type": "item", "code": "caninae:pelt-vulpini-female-vulpes-corsac", "quantity": 1  }},
{"name": "Ferrilata Item to Block", "ingredientPattern": "K","ingredients": {"K": { "type": "item", "code": "caninae:pelt-vulpini-female-vulpes-ferrilata", "quantity": "1"}},"width": 1,"height": 1,"output": { "type": "block", "code": "caninae:peltmount-vulpini-female-vulpes-ferrilata-north", "quantity": 1  }},
{"name": "Ferrilata Block to Item", "ingredientPattern": "K","ingredients": {"K": { "type": "block", "code": "caninae:peltmount-vulpini-female-vulpes-ferrilata-*", "quantity": "1" }},"width": 1,"height": 1,"output": { "type": "item", "code": "caninae:pelt-vulpini-female-vulpes-ferrilata", "quantity": 1  }},
{"name": "Lagopus Item to Block", "ingredientPattern": "K","ingredients": {"K": { "type": "item", "code": "caninae:pelt-vulpini-female-vulpes-lagopus", "quantity": "1"}},"width": 1,"height": 1,"output": { "type": "block", "code": "caninae:peltmount-vulpini-female-vulpes-lagopus-north", "quantity": 1  }},
{"name": "Lagopus Block to Item", "ingredientPattern": "K","ingredients": {"K": { "type": "block", "code": "caninae:peltmount-vulpini-female-vulpes-lagopus-*", "quantity": "1" }},"width": 1,"height": 1,"output": { "type": "item", "code": "caninae:pelt-vulpini-female-vulpes-lagopus", "quantity": 1  }},
{"name": "Wingei Item to Block", "ingredientPattern": "K","ingredients": {"K": { "type": "item", "code": "caninae:pelt-vulpini-female-vulpes-macrotis", "quantity": "1"}},"width": 1,"height": 1,"output": { "type": "block", "code": "caninae:peltmount-vulpini-female-vulpes-macrotis-north", "quantity": 1  }},
{"name": "Wingei Block to Item", "ingredientPattern": "K","ingredients": {"K": { "type": "block", "code": "caninae:peltmount-vulpini-female-vulpes-macrotis-*", "quantity": "1" }},"width": 1,"height": 1,"output": { "type": "item", "code": "caninae:pelt-vulpini-female-vulpes-macrotis", "quantity": 1  }},
{"name": "Pallida Item to Block", "ingredientPattern": "K","ingredients": {"K": { "type": "item", "code": "caninae:pelt-vulpini-female-vulpes-pallida", "quantity": "1"}},"width": 1,"height": 1,"output": { "type": "block", "code": "caninae:peltmount-vulpini-female-vulpes-pallida-north", "quantity": 1  }},
{"name": "Pallida Block to Item", "ingredientPattern": "K","ingredients": {"K": { "type": "block", "code": "caninae:peltmount-vulpini-female-vulpes-pallida-*", "quantity": "1" }},"width": 1,"height": 1,"output": { "type": "item", "code": "caninae:pelt-vulpini-female-vulpes-pallida", "quantity": 1  }},
{"name": "Rueppellii Item to Block", "ingredientPattern": "K","ingredients": {"K": { "type": "item", "code": "caninae:pelt-vulpini-female-vulpes-rueppellii", "quantity": "1"}},"width": 1,"height": 1,"output": { "type": "block", "code": "caninae:peltmount-vulpini-female-vulpes-rueppellii-north", "quantity": 1  }},
{"name": "Rueppellii Block to Item", "ingredientPattern": "K","ingredients": {"K": { "type": "block", "code": "caninae:peltmount-vulpini-female-vulpes-rueppellii-*", "quantity": "1" }},"width": 1,"height": 1,"output": { "type": "item", "code": "caninae:pelt-vulpini-female-vulpes-rueppellii", "quantity": 1  }},
{"name": "Velox Item to Block", "ingredientPattern": "K","ingredients": {"K": { "type": "item", "code": "caninae:pelt-vulpini-female-vulpes-velox", "quantity": "1"}},"width": 1,"height": 1,"output": { "type": "block", "code": "caninae:peltmount-vulpini-female-vulpes-velox-north", "quantity": 1  }},
{"name": "Velox Block to Item", "ingredientPattern": "K","ingredients": {"K": { "type": "block", "code": "caninae:peltmount-vulpini-female-vulpes-velox-*", "quantity": "1" }},"width": 1,"height": 1,"output": { "type": "item", "code": "caninae:pelt-vulpini-female-vulpes-velox", "quantity": 1  }},
{"name": "Vulpes Item to Block", "ingredientPattern": "K","ingredients": {"K": { "type": "item", "code": "caninae:pelt-vulpini-female-vulpes-vulpes", "quantity": "1"}},"width": 1,"height": 1,"output": { "type": "block", "code": "caninae:peltmount-vulpini-female-vulpes-vulpes-north", "quantity": 1  }},
{"name": "Vulpes Block to Item", "ingredientPattern": "K","ingredients": {"K": { "type": "block", "code": "caninae:peltmount-vulpini-female-vulpes-vulpes-*", "quantity": "1" }},"width": 1,"height": 1,"output": { "type": "item", "code": "caninae:pelt-vulpini-female-vulpes-vulpes", "quantity": 1  }},
{"name": "Zerda Item to Block", "ingredientPattern": "K","ingredients": {"K": { "type": "item", "code": "caninae:pelt-vulpini-female-vulpes-zerda", "quantity": "1"}},"width": 1,"height": 1,"output": { "type": "block", "code": "caninae:peltmount-vulpini-female-vulpes-zerda-north", "quantity": 1  }},
{"name": "Zerda Block to Item", "ingredientPattern": "K","ingredients": {"K": { "type": "block", "code": "caninae:peltmount-vulpini-female-vulpes-zerda-*", "quantity": "1" }},"width": 1,"height": 1,"output": { "type": "item", "code": "caninae:pelt-vulpini-female-vulpes-zerda", "quantity": 1  }},

{"name": "Dirus Item to Block", "ingredientPattern": "K","ingredients": {"K": { "type": "item", "code": "caninae:pelt-canina-male-aenocyon-dirus", "quantity": "1"}},"width": 1,"height": 1,"output": { "type": "block", "code": "caninae:peltmount-canina-male-aenocyon-dirus-north", "quantity": 1  }},
{"name": "Dirus Block to Item", "ingredientPattern": "K","ingredients": {"K": { "type": "block", "code": "caninae:peltmount-canina-male-aenocyon-dirus-*", "quantity": "1" }},"width": 1,"height": 1,"output": { "type": "item", "code": "caninae:pelt-canina-male-aenocyon-dirus", "quantity": 1  }},
{"name": "Aureus Item to Block", "ingredientPattern": "K","ingredients": {"K": { "type": "item", "code": "caninae:pelt-canina-male-canis-aureus", "quantity": "1"}},"width": 1,"height": 1,"output": { "type": "block", "code": "caninae:peltmount-canina-male-canis-aureus-north", "quantity": 1  }},
{"name": "Aureus Block to Item", "ingredientPattern": "K","ingredients": {"K": { "type": "block", "code": "caninae:peltmount-canina-male-canis-aureus-*", "quantity": "1" }},"width": 1,"height": 1,"output": { "type": "item", "code": "caninae:pelt-canina-male-canis-aureus", "quantity": 1  }},
{"name": "Familiaris Item to Block", "ingredientPattern": "K","ingredients": {"K": { "type": "item", "code": "caninae:pelt-canina-male-canis-familiaris", "quantity": "1"}},"width": 1,"height": 1,"output": { "type": "block", "code": "caninae:peltmount-canina-male-canis-familiaris-north", "quantity": 1  }},
{"name": "Familiaris Block to Item", "ingredientPattern": "K","ingredients": {"K": { "type": "block", "code": "caninae:peltmount-canina-male-canis-familiaris-*", "quantity": "1" }},"width": 1,"height": 1,"output": { "type": "item", "code": "caninae:pelt-canina-male-canis-familiaris", "quantity": 1  }},
{"name": "Latrans Item to Block", "ingredientPattern": "K","ingredients": {"K": { "type": "item", "code": "caninae:pelt-canina-male-canis-latrans", "quantity": "1"}},"width": 1,"height": 1,"output": { "type": "block", "code": "caninae:peltmount-canina-male-canis-latrans-north", "quantity": 1  }},
{"name": "Latrans Block to Item", "ingredientPattern": "K","ingredients": {"K": { "type": "block", "code": "caninae:peltmount-canina-male-canis-latrans-*", "quantity": "1" }},"width": 1,"height": 1,"output": { "type": "item", "code": "caninae:pelt-canina-male-canis-latrans", "quantity": 1  }},
{"name": "Microtis Item to Block", "ingredientPattern": "K","ingredients": {"K": { "type": "item", "code": "caninae:pelt-canina-male-canis-lupastor", "quantity": "1"}},"width": 1,"height": 1,"output": { "type": "block", "code": "caninae:peltmount-canina-male-canis-lupastor-north", "quantity": 1  }},
{"name": "Microtis Block to Item", "ingredientPattern": "K","ingredients": {"K": { "type": "block", "code": "caninae:peltmount-canina-male-canis-lupastor-*", "quantity": "1" }},"width": 1,"height": 1,"output": { "type": "item", "code": "caninae:pelt-canina-male-canis-lupastor", "quantity": 1  }},
{"name": "Thous Item to Block", "ingredientPattern": "K","ingredients": {"K": { "type": "item", "code": "caninae:pelt-canina-male-canis-lupus", "quantity": "1"}},"width": 1,"height": 1,"output": { "type": "block", "code": "caninae:peltmount-canina-male-canis-lupus-north", "quantity": 1  }},
{"name": "Thous Block to Item", "ingredientPattern": "K","ingredients": {"K": { "type": "block", "code": "caninae:peltmount-canina-male-canis-lupus-*", "quantity": "1" }},"width": 1,"height": 1,"output": { "type": "item", "code": "caninae:pelt-canina-male-canis-lupus", "quantity": 1  }},
{"name": "Lupus Rufus Item to Block", "ingredientPattern": "K","ingredients": {"K": { "type": "item", "code": "caninae:pelt-canina-male-canis-lupusarctos", "quantity": "1"}},"width": 1,"height": 1,"output": { "type": "block", "code": "caninae:peltmount-canina-male-canis-lupusarctos-north", "quantity": 1  }},
{"name": "Lupus Rufus Block to Item", "ingredientPattern": "K","ingredients": {"K": { "type": "block", "code": "caninae:peltmount-canina-male-canis-lupusarctos-*", "quantity": "1" }},"width": 1,"height": 1,"output": { "type": "item", "code": "caninae:pelt-canina-male-canis-lupusarctos", "quantity": 1  }},
{"name": "Lupos Dingo Item to Block", "ingredientPattern": "K","ingredients": {"K": { "type": "item", "code": "caninae:pelt-canina-male-canis-lupusdingo", "quantity": "1"}},"width": 1,"height": 1,"output": { "type": "block", "code": "caninae:peltmount-canina-male-canis-lupusdingo-north", "quantity": 1  }},
{"name": "Lupos Dingo Block to Item", "ingredientPattern": "K","ingredients": {"K": { "type": "block", "code": "caninae:peltmount-canina-male-canis-lupusdingo-*", "quantity": "1" }},"width": 1,"height": 1,"output": { "type": "item", "code": "caninae:pelt-canina-male-canis-lupusdingo", "quantity": 1  }},
{"name": "Lycaon Item to Block", "ingredientPattern": "K","ingredients": {"K": { "type": "item", "code": "caninae:pelt-canina-male-canis-lycaon", "quantity": "1"}},"width": 1,"height": 1,"output": { "type": "block", "code": "caninae:peltmount-canina-male-canis-lycaon-north", "quantity": 1  }},
{"name": "Lycaon Block to Item", "ingredientPattern": "K","ingredients": {"K": { "type": "block", "code": "caninae:peltmount-canina-male-canis-lycaon-*", "quantity": "1" }},"width": 1,"height": 1,"output": { "type": "item", "code": "caninae:pelt-canina-male-canis-lycaon", "quantity": 1  }},
{"name": "Rufus Item to Block", "ingredientPattern": "K","ingredients": {"K": { "type": "item", "code": "caninae:pelt-canina-male-canis-rufus", "quantity": "1"}},"width": 1,"height": 1,"output": { "type": "block", "code": "caninae:peltmount-canina-male-canis-rufus-north", "quantity": 1  }},
{"name": "Rufus Block to Item", "ingredientPattern": "K","ingredients": {"K": { "type": "block", "code": "caninae:peltmount-canina-male-canis-rufus-*", "quantity": "1" }},"width": 1,"height": 1,"output": { "type": "item", "code": "caninae:pelt-canina-male-canis-rufus", "quantity": 1  }},
{"name": "Simensis Item to Block", "ingredientPattern": "K","ingredients": {"K": { "type": "item", "code": "caninae:pelt-canina-male-canis-simensis", "quantity": "1"}},"width": 1,"height": 1,"output": { "type": "block", "code": "caninae:peltmount-canina-male-canis-simensis-north", "quantity": 1  }},
{"name": "Simensis Block to Item", "ingredientPattern": "K","ingredients": {"K": { "type": "block", "code": "caninae:peltmount-canina-male-canis-simensis-*", "quantity": "1" }},"width": 1,"height": 1,"output": { "type": "item", "code": "caninae:pelt-canina-male-canis-simensis", "quantity": 1  }},
{"name": "Alpinus Item to Block", "ingredientPattern": "K","ingredients": {"K": { "type": "item", "code": "caninae:pelt-canina-male-cuon-alpinus", "quantity": "1"}},"width": 1,"height": 1,"output": { "type": "block", "code": "caninae:peltmount-canina-male-cuon-alpinus-north", "quantity": 1  }},
{"name": "Alpinus Block to Item", "ingredientPattern": "K","ingredients": {"K": { "type": "block", "code": "caninae:peltmount-canina-male-cuon-alpinus-*", "quantity": "1" }},"width": 1,"height": 1,"output": { "type": "item", "code": "caninae:pelt-canina-male-cuon-alpinus", "quantity": 1  }},
{"name": "Sardous Item to Block", "ingredientPattern": "K","ingredients": {"K": { "type": "item", "code": "caninae:pelt-canina-male-cynotherium-sardous", "quantity": "1"}},"width": 1,"height": 1,"output": { "type": "block", "code": "caninae:peltmount-canina-male-cynotherium-sardous-north", "quantity": 1  }},
{"name": "Sardous Block to Item", "ingredientPattern": "K","ingredients": {"K": { "type": "block", "code": "caninae:peltmount-canina-male-cynotherium-sardous-*", "quantity": "1" }},"width": 1,"height": 1,"output": { "type": "item", "code": "caninae:pelt-canina-male-cynotherium-sardous", "quantity": 1  }},
{"name": "Adusta Item to Block", "ingredientPattern": "K","ingredients": {"K": { "type": "item", "code": "caninae:pelt-canina-male-lupulella-adusta", "quantity": "1"}},"width": 1,"height": 1,"output": { "type": "block", "code": "caninae:peltmount-canina-male-lupulella-adusta-north", "quantity": 1  }},
{"name": "Adusta Block to Item", "ingredientPattern": "K","ingredients": {"K": { "type": "block", "code": "caninae:peltmount-canina-male-lupulella-adusta-*", "quantity": "1" }},"width": 1,"height": 1,"output": { "type": "item", "code": "caninae:pelt-canina-male-lupulella-adusta", "quantity": 1  }},
{"name": "Mesomelas Item to Block", "ingredientPattern": "K","ingredients": {"K": { "type": "item", "code": "caninae:pelt-canina-male-lupulella-mesomelas", "quantity": "1"}},"width": 1,"height": 1,"output": { "type": "block", "code": "caninae:peltmount-canina-male-lupulella-mesomelas-north", "quantity": 1  }},
{"name": "Mesomelas Block to Item", "ingredientPattern": "K","ingredients": {"K": { "type": "block", "code": "caninae:peltmount-canina-male-lupulella-mesomelas-*", "quantity": "1" }},"width": 1,"height": 1,"output": { "type": "item", "code": "caninae:pelt-canina-male-lupulella-mesomelas", "quantity": 1  }},
{"name": "Pictus Item to Block", "ingredientPattern": "K","ingredients": {"K": { "type": "item", "code": "caninae:pelt-canina-male-lycaon-pictus", "quantity": "1"}},"width": 1,"height": 1,"output": { "type": "block", "code": "caninae:peltmount-canina-male-lycaon-pictus-north", "quantity": 1  }},
{"name": "Pictus Block to Item", "ingredientPattern": "K","ingredients": {"K": { "type": "block", "code": "caninae:peltmount-canina-male-lycaon-pictus-*", "quantity": "1" }},"width": 1,"height": 1,"output": { "type": "item", "code": "caninae:pelt-canina-male-lycaon-pictus", "quantity": 1  }},
{"name": "Microtis Item to Block", "ingredientPattern": "K","ingredients": {"K": { "type": "item", "code": "caninae:pelt-cerdocyonina-male-atelocynus-microtis", "quantity": "1"}},"width": 1,"height": 1,"output": { "type": "block", "code": "caninae:peltmount-cerdocyonina-male-atelocynus-microtis-north", "quantity": 1  }},
{"name": "Microtis Block to Item", "ingredientPattern": "K","ingredients": {"K": { "type": "block", "code": "caninae:peltmount-cerdocyonina-male-atelocynus-microtis-*", "quantity": "1" }},"width": 1,"height": 1,"output": { "type": "item", "code": "caninae:pelt-cerdocyonina-male-atelocynus-microtis", "quantity": 1  }},
{"name": "Thous Item to Block", "ingredientPattern": "K","ingredients": {"K": { "type": "item", "code": "caninae:pelt-cerdocyonina-male-cerdocyon-thous", "quantity": "1"}},"width": 1,"height": 1,"output": { "type": "block", "code": "caninae:peltmount-cerdocyonina-male-cerdocyon-thous-north", "quantity": 1  }},
{"name": "Thous Block to Item", "ingredientPattern": "K","ingredients": {"K": { "type": "block", "code": "caninae:peltmount-cerdocyonina-male-cerdocyon-thous-*", "quantity": "1" }},"width": 1,"height": 1,"output": { "type": "item", "code": "caninae:pelt-cerdocyonina-male-cerdocyon-thous", "quantity": 1  }},
{"name": "Brachyurus Item to Block", "ingredientPattern": "K","ingredients": {"K": { "type": "item", "code": "caninae:pelt-cerdocyonina-male-chrysocyon-brachyurus", "quantity": "1"}},"width": 1,"height": 1,"output": { "type": "block", "code": "caninae:peltmount-cerdocyonina-male-chrysocyon-brachyurus-north", "quantity": 1  }},
{"name": "Brachyurus Block to Item", "ingredientPattern": "K","ingredients": {"K": { "type": "block", "code": "caninae:peltmount-cerdocyonina-male-chrysocyon-brachyurus-*", "quantity": "1" }},"width": 1,"height": 1,"output": { "type": "item", "code": "caninae:pelt-cerdocyonina-male-chrysocyon-brachyurus", "quantity": 1  }},
{"name": "Australis Item to Block", "ingredientPattern": "K","ingredients": {"K": { "type": "item", "code": "caninae:pelt-cerdocyonina-male-dusicyon-australis", "quantity": "1"}},"width": 1,"height": 1,"output": { "type": "block", "code": "caninae:peltmount-cerdocyonina-male-dusicyon-australis-north", "quantity": 1  }},
{"name": "Australis Block to Item", "ingredientPattern": "K","ingredients": {"K": { "type": "block", "code": "caninae:peltmount-cerdocyonina-male-dusicyon-australis-*", "quantity": "1" }},"width": 1,"height": 1,"output": { "type": "item", "code": "caninae:pelt-cerdocyonina-male-dusicyon-australis", "quantity": 1  }},
{"name": "Avus Item to Block", "ingredientPattern": "K","ingredients": {"K": { "type": "item", "code": "caninae:pelt-cerdocyonina-male-dusicyon-avus", "quantity": "1"}},"width": 1,"height": 1,"output": { "type": "block", "code": "caninae:peltmount-cerdocyonina-male-dusicyon-avus-north", "quantity": 1  }},
{"name": "Avus Block to Item", "ingredientPattern": "K","ingredients": {"K": { "type": "block", "code": "caninae:peltmount-cerdocyonina-male-dusicyon-avus-*", "quantity": "1" }},"width": 1,"height": 1,"output": { "type": "item", "code": "caninae:pelt-cerdocyonina-male-dusicyon-avus", "quantity": 1  }},
{"name": "Culpaeus Item to Block", "ingredientPattern": "K","ingredients": {"K": { "type": "item", "code": "caninae:pelt-cerdocyonina-male-lycalopex-culpaeus", "quantity": "1"}},"width": 1,"height": 1,"output": { "type": "block", "code": "caninae:peltmount-cerdocyonina-male-lycalopex-culpaeus-north", "quantity": 1  }},
{"name": "Culpaeus Block to Item", "ingredientPattern": "K","ingredients": {"K": { "type": "block", "code": "caninae:peltmount-cerdocyonina-male-lycalopex-culpaeus-*", "quantity": "1" }},"width": 1,"height": 1,"output": { "type": "item", "code": "caninae:pelt-cerdocyonina-male-lycalopex-culpaeus", "quantity": 1  }},
{"name": "Fulvipes Item to Block", "ingredientPattern": "K","ingredients": {"K": { "type": "item", "code": "caninae:pelt-cerdocyonina-male-lycalopex-fulvipes", "quantity": "1"}},"width": 1,"height": 1,"output": { "type": "block", "code": "caninae:peltmount-cerdocyonina-male-lycalopex-fulvipes-north", "quantity": 1  }},
{"name": "Fulvipes Block to Item", "ingredientPattern": "K","ingredients": {"K": { "type": "block", "code": "caninae:peltmount-cerdocyonina-male-lycalopex-fulvipes-*", "quantity": "1" }},"width": 1,"height": 1,"output": { "type": "item", "code": "caninae:pelt-cerdocyonina-male-lycalopex-fulvipes", "quantity": 1  }},
{"name": "Griseus Item to Block", "ingredientPattern": "K","ingredients": {"K": { "type": "item", "code": "caninae:pelt-cerdocyonina-male-lycalopex-griseus", "quantity": "1"}},"width": 1,"height": 1,"output": { "type": "block", "code": "caninae:peltmount-cerdocyonina-male-lycalopex-griseus-north", "quantity": 1  }},
{"name": "Griseus Block to Item", "ingredientPattern": "K","ingredients": {"K": { "type": "block", "code": "caninae:peltmount-cerdocyonina-male-lycalopex-griseus-*", "quantity": "1" }},"width": 1,"height": 1,"output": { "type": "item", "code": "caninae:pelt-cerdocyonina-male-lycalopex-griseus", "quantity": 1  }},
{"name": "Gymnocercus Item to Block", "ingredientPattern": "K","ingredients": {"K": { "type": "item", "code": "caninae:pelt-cerdocyonina-male-lycalopex-gymnocercus", "quantity": "1"}},"width": 1,"height": 1,"output": { "type": "block", "code": "caninae:peltmount-cerdocyonina-male-lycalopex-gymnocercus-north", "quantity": 1  }},
{"name": "Gymnocercus Block to Item", "ingredientPattern": "K","ingredients": {"K": { "type": "block", "code": "caninae:peltmount-cerdocyonina-male-lycalopex-gymnocercus-*", "quantity": "1" }},"width": 1,"height": 1,"output": { "type": "item", "code": "caninae:pelt-cerdocyonina-male-lycalopex-gymnocercus", "quantity": 1  }},
{"name": "Ferrilata Item to Block", "ingredientPattern": "K","ingredients": {"K": { "type": "item", "code": "caninae:pelt-cerdocyonina-male-lycalopex-sechurae", "quantity": "1"}},"width": 1,"height": 1,"output": { "type": "block", "code": "caninae:peltmount-cerdocyonina-male-lycalopex-sechurae-north", "quantity": 1  }},
{"name": "Ferrilata Block to Item", "ingredientPattern": "K","ingredients": {"K": { "type": "block", "code": "caninae:peltmount-cerdocyonina-male-lycalopex-sechurae-*", "quantity": "1" }},"width": 1,"height": 1,"output": { "type": "item", "code": "caninae:pelt-cerdocyonina-male-lycalopex-sechurae", "quantity": 1  }},
{"name": "Vetulus Item to Block", "ingredientPattern": "K","ingredients": {"K": { "type": "item", "code": "caninae:pelt-cerdocyonina-male-lycalopex-vetulus", "quantity": "1"}},"width": 1,"height": 1,"output": { "type": "block", "code": "caninae:peltmount-cerdocyonina-male-lycalopex-vetulus-north", "quantity": 1  }},
{"name": "Vetulus Block to Item", "ingredientPattern": "K","ingredients": {"K": { "type": "block", "code": "caninae:peltmount-cerdocyonina-male-lycalopex-vetulus-*", "quantity": "1" }},"width": 1,"height": 1,"output": { "type": "item", "code": "caninae:pelt-cerdocyonina-male-lycalopex-vetulus", "quantity": 1  }},
{"name": "Wingei Item to Block", "ingredientPattern": "K","ingredients": {"K": { "type": "item", "code": "caninae:pelt-cerdocyonina-male-speothos-venaticus", "quantity": "1"}},"width": 1,"height": 1,"output": { "type": "block", "code": "caninae:peltmount-cerdocyonina-male-speothos-venaticus-north", "quantity": 1  }},
{"name": "Wingei Block to Item", "ingredientPattern": "K","ingredients": {"K": { "type": "block", "code": "caninae:peltmount-cerdocyonina-male-speothos-venaticus-*", "quantity": "1" }},"width": 1,"height": 1,"output": { "type": "item", "code": "caninae:pelt-cerdocyonina-male-speothos-venaticus", "quantity": 1  }},
{"name": "Cinereoargenteus Item to Block", "ingredientPattern": "K","ingredients": {"K": { "type": "item", "code": "caninae:pelt-urocyonini-male-urocyon-cinereoargenteus", "quantity": "1"}},"width": 1,"height": 1,"output": { "type": "block", "code": "caninae:peltmount-urocyonini-male-urocyon-cinereoargenteus-north", "quantity": 1  }},
{"name": "Cinereoargenteus Block to Item", "ingredientPattern": "K","ingredients": {"K": { "type": "block", "code": "caninae:peltmount-urocyonini-male-urocyon-cinereoargenteus-*", "quantity": "1" }},"width": 1,"height": 1,"output": { "type": "item", "code": "caninae:pelt-urocyonini-male-urocyon-cinereoargenteus", "quantity": 1  }},
{"name": "Littoralis Item to Block", "ingredientPattern": "K","ingredients": {"K": { "type": "item", "code": "caninae:pelt-urocyonini-male-urocyon-littoralis", "quantity": "1"}},"width": 1,"height": 1,"output": { "type": "block", "code": "caninae:peltmount-urocyonini-male-urocyon-littoralis-north", "quantity": 1  }},
{"name": "Littoralis Block to Item", "ingredientPattern": "K","ingredients": {"K": { "type": "block", "code": "caninae:peltmount-urocyonini-male-urocyon-littoralis-*", "quantity": "1" }},"width": 1,"height": 1,"output": { "type": "item", "code": "caninae:pelt-urocyonini-male-urocyon-littoralis", "quantity": 1  }},
{"name": "Procyonoides Item to Block", "ingredientPattern": "K","ingredients": {"K": { "type": "item", "code": "caninae:pelt-vulpini-male-nyctereutes-procyonoides", "quantity": "1"}},"width": 1,"height": 1,"output": { "type": "block", "code": "caninae:peltmount-vulpini-male-nyctereutes-procyonoides-north", "quantity": 1  }},
{"name": "Procyonoides Block to Item", "ingredientPattern": "K","ingredients": {"K": { "type": "block", "code": "caninae:peltmount-vulpini-male-nyctereutes-procyonoides-*", "quantity": "1" }},"width": 1,"height": 1,"output": { "type": "item", "code": "caninae:pelt-vulpini-male-nyctereutes-procyonoides", "quantity": 1  }},
{"name": "Viverrinus Item to Block", "ingredientPattern": "K","ingredients": {"K": { "type": "item", "code": "caninae:pelt-vulpini-male-nyctereutes-viverrinus", "quantity": "1"}},"width": 1,"height": 1,"output": { "type": "block", "code": "caninae:peltmount-vulpini-male-nyctereutes-viverrinus-north", "quantity": 1  }},
{"name": "Viverrinus Block to Item", "ingredientPattern": "K","ingredients": {"K": { "type": "block", "code": "caninae:peltmount-vulpini-male-nyctereutes-viverrinus-*", "quantity": "1" }},"width": 1,"height": 1,"output": { "type": "item", "code": "caninae:pelt-vulpini-male-nyctereutes-viverrinus", "quantity": 1  }},
{"name": "Megalotis Item to Block", "ingredientPattern": "K","ingredients": {"K": { "type": "item", "code": "caninae:pelt-vulpini-male-otocyon-megalotis", "quantity": "1"}},"width": 1,"height": 1,"output": { "type": "block", "code": "caninae:peltmount-vulpini-male-otocyon-megalotis-north", "quantity": 1  }},
{"name": "Megalotis Block to Item", "ingredientPattern": "K","ingredients": {"K": { "type": "block", "code": "caninae:peltmount-vulpini-male-otocyon-megalotis-*", "quantity": "1" }},"width": 1,"height": 1,"output": { "type": "item", "code": "caninae:pelt-vulpini-male-otocyon-megalotis", "quantity": 1  }},
{"name": "Bengalensis Item to Block", "ingredientPattern": "K","ingredients": {"K": { "type": "item", "code": "caninae:pelt-vulpini-male-vulpes-bengalensis", "quantity": "1"}},"width": 1,"height": 1,"output": { "type": "block", "code": "caninae:peltmount-vulpini-male-vulpes-bengalensis-north", "quantity": 1  }},
{"name": "Bengalensis Block to Item", "ingredientPattern": "K","ingredients": {"K": { "type": "block", "code": "caninae:peltmount-vulpini-male-vulpes-bengalensis-*", "quantity": "1" }},"width": 1,"height": 1,"output": { "type": "item", "code": "caninae:pelt-vulpini-male-vulpes-bengalensis", "quantity": 1  }},
{"name": "Cana Item to Block", "ingredientPattern": "K","ingredients": {"K": { "type": "item", "code": "caninae:pelt-vulpini-male-vulpes-cana", "quantity": "1"}},"width": 1,"height": 1,"output": { "type": "block", "code": "caninae:peltmount-vulpini-male-vulpes-cana-north", "quantity": 1  }},
{"name": "Cana Block to Item", "ingredientPattern": "K","ingredients": {"K": { "type": "block", "code": "caninae:peltmount-vulpini-male-vulpes-cana-*", "quantity": "1" }},"width": 1,"height": 1,"output": { "type": "item", "code": "caninae:pelt-vulpini-male-vulpes-cana", "quantity": 1  }},
{"name": "Chama Item to Block", "ingredientPattern": "K","ingredients": {"K": { "type": "item", "code": "caninae:pelt-vulpini-male-vulpes-chama", "quantity": "1"}},"width": 1,"height": 1,"output": { "type": "block", "code": "caninae:peltmount-vulpini-male-vulpes-chama-north", "quantity": 1  }},
{"name": "Chama Block to Item", "ingredientPattern": "K","ingredients": {"K": { "type": "block", "code": "caninae:peltmount-vulpini-male-vulpes-chama-*", "quantity": "1" }},"width": 1,"height": 1,"output": { "type": "item", "code": "caninae:pelt-vulpini-male-vulpes-chama", "quantity": 1  }},
{"name": "Corsac Item to Block", "ingredientPattern": "K","ingredients": {"K": { "type": "item", "code": "caninae:pelt-vulpini-male-vulpes-corsac", "quantity": "1"}},"width": 1,"height": 1,"output": { "type": "block", "code": "caninae:peltmount-vulpini-male-vulpes-corsac-north", "quantity": 1  }},
{"name": "Corsac Block to Item", "ingredientPattern": "K","ingredients": {"K": { "type": "block", "code": "caninae:peltmount-vulpini-male-vulpes-corsac-*", "quantity": "1" }},"width": 1,"height": 1,"output": { "type": "item", "code": "caninae:pelt-vulpini-male-vulpes-corsac", "quantity": 1  }},
{"name": "Ferrilata Item to Block", "ingredientPattern": "K","ingredients": {"K": { "type": "item", "code": "caninae:pelt-vulpini-male-vulpes-ferrilata", "quantity": "1"}},"width": 1,"height": 1,"output": { "type": "block", "code": "caninae:peltmount-vulpini-male-vulpes-ferrilata-north", "quantity": 1  }},
{"name": "Ferrilata Block to Item", "ingredientPattern": "K","ingredients": {"K": { "type": "block", "code": "caninae:peltmount-vulpini-male-vulpes-ferrilata-*", "quantity": "1" }},"width": 1,"height": 1,"output": { "type": "item", "code": "caninae:pelt-vulpini-male-vulpes-ferrilata", "quantity": 1  }},
{"name": "Lagopus Item to Block", "ingredientPattern": "K","ingredients": {"K": { "type": "item", "code": "caninae:pelt-vulpini-male-vulpes-lagopus", "quantity": "1"}},"width": 1,"height": 1,"output": { "type": "block", "code": "caninae:peltmount-vulpini-male-vulpes-lagopus-north", "quantity": 1  }},
{"name": "Lagopus Block to Item", "ingredientPattern": "K","ingredients": {"K": { "type": "block", "code": "caninae:peltmount-vulpini-male-vulpes-lagopus-*", "quantity": "1" }},"width": 1,"height": 1,"output": { "type": "item", "code": "caninae:pelt-vulpini-male-vulpes-lagopus", "quantity": 1  }},
{"name": "Wingei Item to Block", "ingredientPattern": "K","ingredients": {"K": { "type": "item", "code": "caninae:pelt-vulpini-male-vulpes-macrotis", "quantity": "1"}},"width": 1,"height": 1,"output": { "type": "block", "code": "caninae:peltmount-vulpini-male-vulpes-macrotis-north", "quantity": 1  }},
{"name": "Wingei Block to Item", "ingredientPattern": "K","ingredients": {"K": { "type": "block", "code": "caninae:peltmount-vulpini-male-vulpes-macrotis-*", "quantity": "1" }},"width": 1,"height": 1,"output": { "type": "item", "code": "caninae:pelt-vulpini-male-vulpes-macrotis", "quantity": 1  }},
{"name": "Pallida Item to Block", "ingredientPattern": "K","ingredients": {"K": { "type": "item", "code": "caninae:pelt-vulpini-male-vulpes-pallida", "quantity": "1"}},"width": 1,"height": 1,"output": { "type": "block", "code": "caninae:peltmount-vulpini-male-vulpes-pallida-north", "quantity": 1  }},
{"name": "Pallida Block to Item", "ingredientPattern": "K","ingredients": {"K": { "type": "block", "code": "caninae:peltmount-vulpini-male-vulpes-pallida-*", "quantity": "1" }},"width": 1,"height": 1,"output": { "type": "item", "code": "caninae:pelt-vulpini-male-vulpes-pallida", "quantity": 1  }},
{"name": "Rueppellii Item to Block", "ingredientPattern": "K","ingredients": {"K": { "type": "item", "code": "caninae:pelt-vulpini-male-vulpes-rueppellii", "quantity": "1"}},"width": 1,"height": 1,"output": { "type": "block", "code": "caninae:peltmount-vulpini-male-vulpes-rueppellii-north", "quantity": 1  }},
{"name": "Rueppellii Block to Item", "ingredientPattern": "K","ingredients": {"K": { "type": "block", "code": "caninae:peltmount-vulpini-male-vulpes-rueppellii-*", "quantity": "1" }},"width": 1,"height": 1,"output": { "type": "item", "code": "caninae:pelt-vulpini-male-vulpes-rueppellii", "quantity": 1  }},
{"name": "Velox Item to Block", "ingredientPattern": "K","ingredients": {"K": { "type": "item", "code": "caninae:pelt-vulpini-male-vulpes-velox", "quantity": "1"}},"width": 1,"height": 1,"output": { "type": "block", "code": "caninae:peltmount-vulpini-male-vulpes-velox-north", "quantity": 1  }},
{"name": "Velox Block to Item", "ingredientPattern": "K","ingredients": {"K": { "type": "block", "code": "caninae:peltmount-vulpini-male-vulpes-velox-*", "quantity": "1" }},"width": 1,"height": 1,"output": { "type": "item", "code": "caninae:pelt-vulpini-male-vulpes-velox", "quantity": 1  }},
{"name": "Vulpes Item to Block", "ingredientPattern": "K","ingredients": {"K": { "type": "item", "code": "caninae:pelt-vulpini-male-vulpes-vulpes", "quantity": "1"}},"width": 1,"height": 1,"output": { "type": "block", "code": "caninae:peltmount-vulpini-male-vulpes-vulpes-north", "quantity": 1  }},
{"name": "Vulpes Block to Item", "ingredientPattern": "K","ingredients": {"K": { "type": "block", "code": "caninae:peltmount-vulpini-male-vulpes-vulpes-*", "quantity": "1" }},"width": 1,"height": 1,"output": { "type": "item", "code": "caninae:pelt-vulpini-male-vulpes-vulpes", "quantity": 1  }},
{"name": "Zerda Item to Block", "ingredientPattern": "K","ingredients": {"K": { "type": "item", "code": "caninae:pelt-vulpini-male-vulpes-zerda", "quantity": "1"}},"width": 1,"height": 1,"output": { "type": "block", "code": "caninae:peltmount-vulpini-male-vulpes-zerda-north", "quantity": 1  }},
{"name": "Zerda Block to Item", "ingredientPattern": "K","ingredients": {"K": { "type": "block", "code": "caninae:peltmount-vulpini-male-vulpes-zerda-*", "quantity": "1" }},"width": 1,"height": 1,"output": { "type": "item", "code": "caninae:pelt-vulpini-male-vulpes-zerda", "quantity": 1  }}
]