{
	"editor": {
		"allAngles": true,
		"entityTextureMode": true
	},
	"textureWidth": 64,
	"textureHeight": 40,
	"textureSizes": {
		"bottom": [16,16],
		"skin": [64,40]
	},
	"textures": {
	},
	"elements": [
		{
			"name": "Rotation Point",
			"from": [ 0.0, 16.0, 0.0 ],
			"to": [ 0.0, 16.0, 0.0 ],
			"uv": [ 0.0, 0.0 ],
			"rotationOrigin": [ 0.0, 16.0, 0.0 ],
			"rotationZ": -90.0,
			"faces": {
			},
			"children": [
				{
					"name": "Base",
					"from": [ 0.0, 0.0, 8.0 ],
					"to": [ 0.0, 0.0, 8.0 ],
					"uv": [ 0.0, 0.0 ],
					"rotationOrigin": [ 0.0, 0.0, 8.0 ],
					"faces": {
					},
					"children": [
						{
							"name": "PeltBody",
							"from": [ 3.8, 0.0, -2.375 ],
							"to": [ 9.975, 0.399, 2.375 ],
							"unwrapMode": 5,
							"autoUnwrap": false,
							"uv": [ 0.0, 9.0 ],
							"rotationOrigin": [ 3.8, 0.0, -2.375 ],
							"faces": {
								"north": { "texture": "#skin", "uv": [ 16.5, 5.0, 23.0, 5.5 ], "rotation": 180, "autoUv": false, "windMode": [-1,-1,-1,-1] },
								"east": { "texture": "#skin", "uv": [ 11.0, 0.0, 11.5, 5.0 ], "rotation": 90, "autoUv": false, "windMode": [-1,-1,-1,-1] },
								"south": { "texture": "#skin", "uv": [ 5.0, 5.0, 11.5, 5.5 ], "autoUv": false, "windMode": [-1,-1,-1,-1] },
								"west": { "texture": "#skin", "uv": [ 5.0, 0.0, 5.5, 5.0 ], "rotation": 270, "autoUv": false, "windMode": [-1,-1,-1,-1] },
								"up": { "texture": "#skin", "uv": [ 5.0, 0.0, 11.5, 5.0 ], "autoUv": false, "windMode": [-1,-1,-1,-1] },
								"down": { "texture": "#bottom", "uv": [ 5.0, 8.5, 11.5, 13.5 ], "autoUv": false, "windMode": [-1,-1,-1,-1] }
							},
							"children": [
								{
									"name": "LBody",
									"from": [ 0.0, 0.0095, 4.37 ],
									"to": [ 6.175, 0.3895, 6.745 ],
									"unwrapMode": 5,
									"autoUnwrap": false,
									"uv": [ 0.0, 2.5 ],
									"rotationOrigin": [ 0.0, -0.0095, 4.37 ],
									"rotationY": -3.0,
									"faces": {
										"east": { "texture": "#skin", "uv": [ 11.0, 5.5, 11.5, 8.0 ], "rotation": 90, "autoUv": false },
										"south": { "texture": "#skin", "uv": [ 5.0, 8.0, 11.5, 8.5 ], "autoUv": false, "windMode": [-1,-1,-1,-1] },
										"west": { "texture": "#skin", "uv": [ 5.0, 5.5, 5.5, 8.0 ], "rotation": 270, "autoUv": false, "windMode": [-1,-1,-1,-1] },
										"up": { "texture": "#skin", "uv": [ 5.0, 5.5, 11.5, 8.0 ], "autoUv": false, "windMode": [-1,-1,-1,-1] },
										"down": { "texture": "#bottom", "uv": [ 4.5, 2.0, 11.0, 4.5 ], "autoUv": false }
									},
									"children": [
										{
											"name": "LArm",
											"from": [ 0.0, 0.0095, 1.425 ],
											"to": [ 0.95, 0.3705, 3.8 ],
											"unwrapMode": 5,
											"autoUnwrap": false,
											"uv": [ 1.0, 27.0 ],
											"rotationOrigin": [ 0.0, 0.0095, 1.425 ],
											"rotationY": -30.0,
											"faces": {
												"east": { "texture": "#skin", "uv": [ 33.5, 17.0, 34.0, 19.5 ], "rotation": 90, "autoUv": false, "windMode": [-1,-1,-1,-1] },
												"south": { "texture": "#skin", "uv": [ 32.5, 19.5, 33.5, 20.0 ], "autoUv": false, "windMode": [-1,-1,-1,-1] },
												"west": { "texture": "#skin", "uv": [ 32.0, 17.0, 32.5, 19.5 ], "rotation": 270, "autoUv": false, "windMode": [-1,-1,-1,-1] },
												"up": { "texture": "#skin", "uv": [ 32.5, 17.0, 33.5, 19.5 ], "autoUv": false, "windMode": [-1,-1,-1,-1] },
												"down": { "texture": "#bottom", "uv": [ 2.0, 11.0, 3.0, 13.5 ], "autoUv": false, "windMode": [-1,-1,-1,-1] }
											},
											"children": [
												{
													"name": "LArmLower",
													"from": [ 0.95, 0.0095, 0.0 ],
													"to": [ 1.9, 0.3515, 2.375 ],
													"unwrapMode": 5,
													"autoUnwrap": false,
													"uv": [ 3.0, 27.0 ],
													"rotationOrigin": [ 1.9, 0.0095, 0.0 ],
													"rotationY": -10.0,
													"faces": {
														"east": { "texture": "#skin", "uv": [ 35.0, 17.0, 35.5, 19.5 ], "rotation": 90, "autoUv": false },
														"south": { "texture": "#skin", "uv": [ 34.0, 19.5, 35.0, 20.0 ], "autoUv": false, "windMode": [-1,-1,-1,-1] },
														"up": { "texture": "#skin", "uv": [ 34.0, 17.0, 35.0, 19.5 ], "autoUv": false, "windMode": [-1,-1,-1,-1] },
														"down": { "texture": "#bottom", "uv": [ 1.5, 9.0, 2.5, 11.5 ], "autoUv": false, "windMode": [-1,-1,-1,-1] }
													}
												}
											]
										}
									]
								},
								{
									"name": "RBody",
									"from": [ 0.0, -0.3895, 0.38 ],
									"to": [ 6.175, -0.0095, 2.755 ],
									"unwrapMode": 6,
									"autoUnwrap": false,
									"uv": [ 0.0, 9.0 ],
									"rotationOrigin": [ 0.0, 0.0, 0.38 ],
									"rotationX": 180.0,
									"rotationY": -3.0,
									"faces": {
										"east": { "texture": "#skin", "uv": [ 16.5, 5.5, 17.0, 8.0 ], "rotation": 90, "autoUv": false },
										"south": { "texture": "#skin", "uv": [ 16.5, 8.0, 23.0, 8.5 ], "rotation": 180, "autoUv": false, "windMode": [-1,-1,-1,-1] },
										"west": { "texture": "#skin", "uv": [ 22.5, 5.5, 23.0, 8.0 ], "rotation": 270, "autoUv": false, "windMode": [-1,-1,-1,-1] },
										"up": { "texture": "#bottom", "uv": [ 7.0, 6.0, 13.5, 8.5 ], "autoUv": false, "windMode": [-1,-1,-1,-1] },
										"down": { "texture": "#skin", "uv": [ 16.5, 5.5, 23.0, 8.0 ], "autoUv": false, "windMode": [-1,-1,-1,-1] }
									},
									"children": [
										{
											"name": "RArm",
											"from": [ 0.0, 0.0095, 1.425 ],
											"to": [ 0.95, 0.3705, 3.8 ],
											"unwrapMode": 6,
											"autoUnwrap": false,
											"uv": [ 2.5, 14.0 ],
											"rotationOrigin": [ 0.0, 0.3705, 1.425 ],
											"rotationY": -30.0,
											"faces": {
												"east": { "texture": "#skin", "uv": [ 58.5, 26.0, 59.0, 28.5 ], "rotation": 90, "autoUv": false },
												"south": { "texture": "#skin", "uv": [ 57.5, 28.5, 58.5, 29.0 ], "rotation": 180, "autoUv": false, "windMode": [-1,-1,-1,-1] },
												"west": { "texture": "#skin", "uv": [ 57.0, 26.0, 57.5, 28.5 ], "rotation": 270, "autoUv": false, "windMode": [-1,-1,-1,-1] },
												"up": { "texture": "#bottom", "uv": [ 4.5, 14.0, 5.5, 16.5 ], "autoUv": false, "windMode": [-1,-1,-1,-1] },
												"down": { "texture": "#skin", "uv": [ 57.5, 26.0, 58.5, 28.5 ], "autoUv": false, "windMode": [-1,-1,-1,-1] }
											},
											"children": [
												{
													"name": "RArmLower",
													"from": [ 0.95, 0.0095, 0.0 ],
													"to": [ 1.9, 0.3515, 2.375 ],
													"unwrapMode": 5,
													"autoUnwrap": false,
													"uv": [ 4.5, 6.5 ],
													"rotationOrigin": [ 1.9, 0.3515, 0.0 ],
													"rotationY": -10.0,
													"faces": {
														"east": { "texture": "#skin", "uv": [ 60.0, 26.0, 60.5, 28.5 ], "rotation": 90, "autoUv": false, "windMode": [-1,-1,-1,-1] },
														"south": { "texture": "#skin", "uv": [ 59.0, 28.5, 60.0, 29.0 ], "autoUv": false, "windMode": [-1,-1,-1,-1] },
														"up": { "texture": "#bottom", "uv": [ 4.5, 6.5, 5.5, 9.0 ], "autoUv": false, "windMode": [-1,-1,-1,-1] },
														"down": { "texture": "#skin", "uv": [ 59.0, 26.0, 60.0, 28.5 ], "autoUv": false, "windMode": [-1,-1,-1,-1] }
													}
												}
											]
										}
									]
								},
								{
									"name": "PeltAbdomen",
									"from": [ 6.1655, 0.0095, 0.19 ],
									"to": [ 14.7155, 0.3895, 4.56 ],
									"unwrapMode": 5,
									"autoUnwrap": false,
									"uv": [ 0.0, 0.0 ],
									"rotationOrigin": [ 6.175, 0.0095, 0.19 ],
									"faces": {
										"north": { "texture": "#skin", "uv": [ 41.0, 4.5, 50.0, 5.0 ], "rotation": 180, "autoUv": false, "windMode": [-1,-1,-1,-1] },
										"east": { "texture": "#skin", "uv": [ 36.0, 0.0, 36.5, 4.5 ], "rotation": 90, "autoUv": false, "windMode": [-1,-1,-1,-1] },
										"south": { "texture": "#skin", "uv": [ 27.5, 4.5, 36.5, 5.0 ], "autoUv": false, "windMode": [-1,-1,-1,-1] },
										"up": { "texture": "#skin", "uv": [ 27.5, 0.0, 36.5, 4.5 ], "autoUv": false, "windMode": [-1,-1,-1,-1] },
										"down": { "texture": "#bottom", "uv": [ 5.5, 0.5, 14.5, 5.0 ], "autoUv": false }
									},
									"children": [
										{
											"name": "LAbdomen",
											"from": [ 0.0, 0.0095, 3.895 ],
											"to": [ 8.55, 0.3705, 6.745 ],
											"unwrapMode": 5,
											"autoUnwrap": false,
											"uv": [ 0.0, 10.5 ],
											"rotationOrigin": [ 0.0, 0.0095, 3.895 ],
											"rotationY": -3.0,
											"faces": {
												"east": { "texture": "#skin", "uv": [ 36.0, 5.0, 36.5, 8.0 ], "rotation": 90, "autoUv": false },
												"south": { "texture": "#skin", "uv": [ 27.5, 8.0, 36.5, 8.5 ], "autoUv": false, "windMode": [-1,-1,-1,-1] },
												"west": { "texture": "#skin", "uv": [ 27.5, 5.0, 28.0, 8.0 ], "rotation": 270, "autoUv": false, "windMode": [-1,-1,-1,-1] },
												"up": { "texture": "#skin", "uv": [ 27.5, 5.0, 36.5, 8.0 ], "autoUv": false, "windMode": [-1,-1,-1,-1] },
												"down": { "texture": "#bottom", "uv": [ 6.0, 8.0, 15.0, 11.0 ], "autoUv": false, "windMode": [-1,-1,-1,-1] }
											},
											"children": [
												{
													"name": "LLeg",
													"from": [ 6.65, 0.0095, 2.565 ],
													"to": [ 7.885, 0.3515, 5.415 ],
													"unwrapMode": 5,
													"autoUnwrap": false,
													"uv": [ 10.0, 4.5 ],
													"rotationOrigin": [ 6.65, 0.0095, 2.565 ],
													"rotationY": 72.0,
													"faces": {
														"east": { "texture": "#skin", "uv": [ 41.5, 21.5, 42.0, 24.5 ], "rotation": 90, "autoUv": false, "windMode": [-1,-1,-1,-1] },
														"south": { "texture": "#skin", "uv": [ 40.5, 24.5, 41.5, 25.0 ], "autoUv": false, "windMode": [-1,-1,-1,-1] },
														"west": { "texture": "#skin", "uv": [ 40.0, 21.5, 40.5, 24.5 ], "rotation": 270, "autoUv": false, "windMode": [-1,-1,-1,-1] },
														"up": { "texture": "#skin", "uv": [ 40.5, 21.5, 41.5, 24.5 ], "autoUv": false, "windMode": [-1,-1,-1,-1] },
														"down": { "texture": "#bottom", "uv": [ 13.0, 4.5, 14.0, 7.5 ], "autoUv": false, "windMode": [-1,-1,-1,-1] }
													},
													"children": [
														{
															"name": "LLegEnd",
															"from": [ 0.095, -0.0095, 2.375 ],
															"to": [ 1.235, 0.3515, 5.225 ],
															"unwrapMode": 5,
															"autoUnwrap": false,
															"uv": [ 0.5, 9.5 ],
															"rotationOrigin": [ 1.045, -0.0095, 2.375 ],
															"rotationY": -14.0,
															"faces": {
																"north": { "texture": "#skin", "uv": [ 50.0, 20.5, 51.0, 21.0 ], "rotation": 180, "autoUv": false },
																"east": { "texture": "#skin", "uv": [ 51.0, 21.0, 51.5, 24.0 ], "rotation": 90, "autoUv": false, "windMode": [-1,-1,-1,-1] },
																"south": { "texture": "#skin", "uv": [ 50.0, 24.0, 51.0, 24.5 ], "autoUv": false, "windMode": [-1,-1,-1,-1] },
																"west": { "texture": "#skin", "uv": [ 49.5, 21.0, 50.0, 24.0 ], "rotation": 270, "autoUv": false, "windMode": [-1,-1,-1,-1] },
																"up": { "texture": "#skin", "uv": [ 50.0, 21.0, 51.0, 24.0 ], "autoUv": false, "windMode": [-1,-1,-1,-1] },
																"down": { "texture": "#bottom", "uv": [ 2.5, 10.0, 3.5, 13.0 ], "autoUv": false, "windMode": [-1,-1,-1,-1] }
															}
														}
													]
												},
												{
													"name": "LLegLower",
													"from": [ 7.125, 0.019, -0.475 ],
													"to": [ 8.55, 0.342, 2.375 ],
													"unwrapMode": 5,
													"autoUnwrap": false,
													"uv": [ 0.5, 6.0 ],
													"rotationOrigin": [ 8.55, 0.019, -0.475 ],
													"rotationY": 16.0,
													"faces": {
														"east": { "texture": "#skin", "uv": [ 43.5, 21.5, 44.0, 24.5 ], "rotation": 90, "autoUv": false },
														"up": { "texture": "#skin", "uv": [ 42.0, 21.5, 43.5, 24.5 ], "autoUv": false, "windMode": [-1,-1,-1,-1] },
														"down": { "texture": "#bottom", "uv": [ 2.5, 6.0, 4.0, 9.0 ], "autoUv": false, "windMode": [-1,-1,-1,-1] }
													}
												}
											]
										},
										{
											"name": "RAbdomen",
											"from": [ 0.0, -0.3515, 0.475 ],
											"to": [ 8.55, 0.0095, 3.325 ],
											"unwrapMode": 5,
											"autoUnwrap": false,
											"uv": [ -0.5, 4.5 ],
											"rotationOrigin": [ 0.0, 0.0095, 0.475 ],
											"rotationX": 180.0,
											"rotationY": -3.0,
											"faces": {
												"east": { "texture": "#skin", "uv": [ 41.0, 5.0, 41.5, 8.0 ], "rotation": 90, "autoUv": false, "windMode": [-1,-1,-1,-1] },
												"south": { "texture": "#skin", "uv": [ 41.0, 8.0, 50.0, 8.5 ], "autoUv": false, "windMode": [-1,-1,-1,-1] },
												"west": { "texture": "#skin", "uv": [ 49.5, 5.0, 50.0, 8.0 ], "rotation": 270, "autoUv": false, "windMode": [-1,-1,-1,-1] },
												"up": { "texture": "#bottom", "uv": [ 0.0, 5.0, 9.0, 8.0 ], "autoUv": false, "windMode": [-1,-1,-1,-1] },
												"down": { "texture": "#skin", "uv": [ 41.0, 5.0, 50.0, 8.0 ], "autoUv": false, "windMode": [-1,-1,-1,-1] }
											},
											"children": [
												{
													"name": "RLeg",
													"from": [ 6.46, 0.0095, 2.565 ],
													"to": [ 7.695, 0.3515, 5.415 ],
													"unwrapMode": 5,
													"autoUnwrap": false,
													"uv": [ 27.5, 20.5 ],
													"rotationOrigin": [ 6.46, 0.3515, 2.565 ],
													"rotationY": 72.0,
													"faces": {
														"east": { "texture": "#skin", "uv": [ 53.0, 2.0, 53.5, 5.0 ], "rotation": 90, "autoUv": false, "windMode": [-1,-1,-1,-1] },
														"south": { "texture": "#skin", "uv": [ 53.5, 5.0, 54.5, 5.5 ], "autoUv": false, "windMode": [-1,-1,-1,-1] },
														"west": { "texture": "#skin", "uv": [ 54.5, 2.0, 55.0, 5.0 ], "rotation": 270, "autoUv": false, "windMode": [-1,-1,-1,-1] },
														"up": { "texture": "#bottom", "uv": [ 2.0, 2.0, 3.0, 5.0 ], "autoUv": false, "windMode": [-1,-1,-1,-1] },
														"down": { "texture": "#skin", "uv": [ 53.5, 2.0, 54.5, 5.0 ], "autoUv": false, "windMode": [-1,-1,-1,-1] }
													},
													"children": [
														{
															"name": "RLegEnd",
															"from": [ 0.0, -0.0095, 2.375 ],
															"to": [ 1.14, 0.3515, 5.225 ],
															"unwrapMode": 5,
															"autoUnwrap": false,
															"uv": [ 19.0, 2.0 ],
															"rotationOrigin": [ 0.95, 0.361, 2.375 ],
															"rotationY": -14.0,
															"faces": {
																"north": { "texture": "#skin", "uv": [ 58.0, 15.5, 59.0, 16.0 ], "rotation": 180, "autoUv": false },
																"east": { "texture": "#skin", "uv": [ 59.0, 16.0, 59.5, 19.0 ], "rotation": 90, "autoUv": false, "windMode": [-1,-1,-1,-1] },
																"south": { "texture": "#skin", "uv": [ 58.0, 19.0, 59.0, 19.5 ], "autoUv": false, "windMode": [-1,-1,-1,-1] },
																"west": { "texture": "#skin", "uv": [ 57.5, 16.0, 58.0, 19.0 ], "rotation": 270, "autoUv": false, "windMode": [-1,-1,-1,-1] },
																"up": { "texture": "#bottom", "uv": [ 5.5, 2.5, 6.5, 5.5 ], "autoUv": false, "windMode": [-1,-1,-1,-1] },
																"down": { "texture": "#skin", "uv": [ 58.0, 16.0, 59.0, 19.0 ], "autoUv": false, "windMode": [-1,-1,-1,-1] }
															}
														}
													]
												},
												{
													"name": "RLegLower",
													"from": [ 7.125, 0.019, -0.475 ],
													"to": [ 8.55, 0.342, 2.375 ],
													"unwrapMode": 5,
													"autoUnwrap": false,
													"uv": [ 12.0, 4.0 ],
													"rotationOrigin": [ 8.55, 0.342, -0.475 ],
													"rotationY": 16.0,
													"faces": {
														"east": { "texture": "#skin", "uv": [ 51.0, 2.0, 51.5, 5.0 ], "rotation": 90, "autoUv": false, "windMode": [-1,-1,-1,-1] },
														"up": { "texture": "#bottom", "uv": [ 12.0, 4.0, 13.5, 7.0 ], "autoUv": false, "windMode": [-1,-1,-1,-1] },
														"down": { "texture": "#skin", "uv": [ 51.5, 2.0, 53.0, 5.0 ], "autoUv": false, "windMode": [-1,-1,-1,-1] }
													}
												}
											]
										},
										{
											"name": "PeltTail",
											"from": [ 8.55, 0.0095, 1.2825 ],
											"to": [ 11.4, 0.4845, 3.1825 ],
											"unwrapMode": 3,
											"autoUnwrap": false,
											"uv": [ 36.5, 10.5 ],
											"rotationOrigin": [ 8.55, 0.0095, 1.2825 ],
											"faces": {
												"north": { "texture": "#skin", "uv": [ 43.5, 12.5, 46.5, 13.0 ], "autoUv": false, "windMode": [-1,-1,-1,-1] },
												"east": { "texture": "#skin", "uv": [ 41.5, 12.5, 43.5, 13.0 ], "autoUv": false, "windMode": [-1,-1,-1,-1] },
												"south": { "texture": "#skin", "uv": [ 38.5, 12.5, 41.5, 13.0 ], "autoUv": false, "windMode": [-1,-1,-1,-1] },
												"west": { "texture": "#skin", "uv": [ 36.5, 12.5, 38.5, 13.0 ], "autoUv": false, "windMode": [-1,-1,-1,-1] },
												"up": { "texture": "#skin", "uv": [ 38.5, 10.5, 41.5, 12.5 ], "autoUv": false, "windMode": [-1,-1,-1,-1] },
												"down": { "texture": "#skin", "uv": [ 38.5, 14.5, 41.5, 16.5 ], "rotation": 180, "autoUv": false, "windMode": [-1,-1,-1,-1] }
											},
											"children": [
												{
													"name": "PeltTailMid",
													"from": [ 2.28, -0.0095, -0.095 ],
													"to": [ 7.98, 0.741, 1.995 ],
													"unwrapMode": 3,
													"autoUnwrap": false,
													"uv": [ 39.5, 14.5 ],
													"rotationOrigin": [ 2.28, -0.0095, -0.095 ],
													"faces": {
														"north": { "texture": "#skin", "uv": [ 49.5, 16.5, 55.5, 17.0 ], "autoUv": false },
														"east": { "texture": "#skin", "uv": [ 47.5, 16.5, 49.5, 17.0 ], "autoUv": false, "windMode": [-1,-1,-1,-1] },
														"south": { "texture": "#skin", "uv": [ 41.5, 16.5, 47.5, 17.0 ], "autoUv": false, "windMode": [-1,-1,-1,-1] },
														"west": { "texture": "#skin", "uv": [ 39.5, 16.5, 41.5, 17.0 ], "autoUv": false, "windMode": [-1,-1,-1,-1] },
														"up": { "texture": "#skin", "uv": [ 41.5, 14.5, 47.5, 16.5 ], "autoUv": false, "windMode": [-1,-1,-1,-1] },
														"down": { "texture": "#skin", "uv": [ 41.5, 19.5, 47.5, 21.5 ], "rotation": 180, "autoUv": false, "windMode": [-1,-1,-1,-1] }
													},
													"children": [
														{
															"name": "PeltTailEnd",
															"from": [ 4.655, 0.0, 0.285 ],
															"to": [ 9.405, 0.57, 1.805 ],
															"unwrapMode": 3,
															"autoUnwrap": false,
															"uv": [ 46.5, 10.5 ],
															"rotationOrigin": [ 4.655, 0.0, 0.285 ],
															"faces": {
																"north": { "texture": "#skin", "uv": [ 54.5, 12.0, 59.5, 12.5 ], "autoUv": false },
																"east": { "texture": "#skin", "uv": [ 53.0, 12.0, 54.5, 12.5 ], "autoUv": false, "windMode": [-1,-1,-1,-1] },
																"south": { "texture": "#skin", "uv": [ 48.0, 12.0, 53.0, 12.5 ], "autoUv": false, "windMode": [-1,-1,-1,-1] },
																"west": { "texture": "#skin", "uv": [ 46.5, 12.0, 48.0, 12.5 ], "autoUv": false, "windMode": [-1,-1,-1,-1] },
																"up": { "texture": "#skin", "uv": [ 48.0, 10.5, 53.0, 12.0 ], "autoUv": false, "windMode": [-1,-1,-1,-1] },
																"down": { "texture": "#skin", "uv": [ 48.0, 14.0, 53.0, 15.5 ], "rotation": 180, "autoUv": false, "windMode": [-1,-1,-1,-1] }
															}
														}
													]
												}
											]
										}
									]
								},
								{
									"name": "Neck",
									"from": [ -2.85, 0.0, 0.5225 ],
									"to": [ 0.0, 0.418, 4.3225 ],
									"autoUnwrap": false,
									"uv": [ 3.0, 2.0 ],
									"rotationOrigin": [ -0.855, 0.0, 0.5225 ],
									"faces": {
										"north": { "texture": "#skin", "uv": [ 15.5, 12.0, 18.5, 12.5 ], "autoUv": false, "windMode": [-1,-1,-1,-1] },
										"south": { "texture": "#skin", "uv": [ 15.5, 15.5, 18.5, 16.0 ], "autoUv": false, "windMode": [-1,-1,-1,-1] },
										"west": { "texture": "#skin", "uv": [ 11.5, 16.0, 15.5, 16.5 ], "autoUv": false, "windMode": [-1,-1,-1,-1] },
										"up": { "texture": "#skin", "uv": [ 15.5, 12.0, 18.5, 16.0 ], "autoUv": false, "windMode": [-1,-1,-1,-1] },
										"down": { "texture": "#bottom", "uv": [ 6.0, 2.0, 9.0, 6.0 ], "autoUv": false }
									},
									"children": [
										{
											"name": "RNeck",
											"from": [ 0.0, -0.342, -0.95 ],
											"to": [ 1.9, 0.019, 1.9 ],
											"unwrapMode": 6,
											"autoUnwrap": false,
											"uv": [ 8.0, 11.0 ],
											"rotationOrigin": [ 2.85, 0.019, 0.95 ],
											"rotationX": -180.0,
											"rotationY": 75.0,
											"faces": {
												"north": { "texture": "#skin", "uv": [ 23.0, 16.0, 23.5, 18.0 ], "rotation": 90, "autoUv": false },
												"south": { "texture": "#skin", "uv": [ 18.5, 12.0, 20.5, 12.5 ], "rotation": 180, "autoUv": false, "windMode": [-1,-1,-1,-1] },
												"west": { "texture": "#skin", "uv": [ 23.5, 18.0, 26.5, 18.5 ], "rotation": 180, "autoUv": false, "windMode": [-1,-1,-1,-1] },
												"up": { "texture": "#bottom", "uv": [ 11.5, 11.5, 13.5, 14.5 ], "autoUv": false, "windMode": [-1,-1,-1,-1] },
												"down": { "texture": "#skin", "uv": [ 23.5, 16.0, 26.5, 18.0 ], "rotation": 270, "autoUv": false, "windMode": [-1,-1,-1,-1] }
											}
										},
										{
											"name": "LNeck",
											"from": [ 0.0, 0.019, 0.95 ],
											"to": [ 1.9, 0.38, 3.8 ],
											"unwrapMode": 5,
											"autoUnwrap": false,
											"uv": [ 6.0, 10.5 ],
											"rotationOrigin": [ 2.85, 0.019, 2.85 ],
											"rotationY": 75.0,
											"faces": {
												"north": { "texture": "#skin", "uv": [ 18.5, 16.0, 19.0, 18.0 ], "rotation": 90, "autoUv": false },
												"south": { "texture": "#skin", "uv": [ 18.5, 15.5, 20.5, 16.0 ], "autoUv": false, "windMode": [-1,-1,-1,-1] },
												"west": { "texture": "#skin", "uv": [ 15.5, 18.0, 18.5, 18.5 ], "rotation": 180, "autoUv": false, "windMode": [-1,-1,-1,-1] },
												"up": { "texture": "#skin", "uv": [ 15.5, 16.0, 18.5, 18.0 ], "rotation": 90, "autoUv": false, "windMode": [-1,-1,-1,-1] },
												"down": { "texture": "#bottom", "uv": [ 9.5, 11.0, 11.5, 14.0 ], "autoUv": false, "windMode": [-1,-1,-1,-1] }
											}
										},
										{
											"name": "Head",
											"from": [ -1.9, 0.0, 0.0 ],
											"to": [ 0.95, 0.4275, 3.819 ],
											"autoUnwrap": false,
											"uv": [ 2.5, 18.0 ],
											"rotationOrigin": [ 0.475, 0.0, 0.0 ],
											"faces": {
												"north": { "texture": "#skin", "uv": [ 7.0, 31.5, 7.5, 34.5 ], "rotation": 270, "autoUv": false },
												"east": { "texture": "#skin", "uv": [ 7.5, 31.0, 11.5, 31.5 ], "autoUv": false, "windMode": [-1,-1,-1,-1] },
												"south": { "texture": "#skin", "uv": [ 11.5, 31.5, 12.0, 34.5 ], "rotation": 90, "autoUv": false, "windMode": [-1,-1,-1,-1] },
												"west": { "texture": "#skin", "uv": [ 7.5, 34.5, 11.5, 35.0 ], "autoUv": false, "windMode": [-1,-1,-1,-1] },
												"up": { "texture": "#skin", "uv": [ 7.5, 31.5, 11.5, 34.5 ], "rotation": 90, "autoUv": false, "windMode": [-1,-1,-1,-1] },
												"down": { "texture": "#bottom", "uv": [ 3.5, 9.0, 6.5, 13.0 ], "autoUv": false, "windMode": [-1,-1,-1,-1] }
											},
											"children": [
												{
													"name": "Snout",
													"from": [ -2.85, 0.0, 1.14 ],
													"to": [ 0.95, 0.475, 2.66 ],
													"autoUnwrap": false,
													"uv": [ 1.5, 2.0 ],
													"rotationOrigin": [ -0.38, 0.0, 1.14 ],
													"faces": {
														"north": { "texture": "#skin", "uv": [ 0.5, 12.0, 1.0, 16.0 ], "rotation": 270, "autoUv": false, "windMode": [-1,-1,-1,-1] },
														"south": { "texture": "#skin", "uv": [ 2.5, 12.0, 3.0, 16.0 ], "rotation": 90, "autoUv": false, "windMode": [-1,-1,-1,-1] },
														"west": { "texture": "#skin", "uv": [ 1.0, 16.0, 2.5, 16.5 ], "autoUv": false, "windMode": [-1,-1,-1,-1] },
														"up": { "texture": "#skin", "uv": [ 1.0, 12.0, 2.5, 16.0 ], "rotation": 90, "autoUv": false, "windMode": [-1,-1,-1,-1] },
														"down": { "texture": "#bottom", "uv": [ 3.0, 2.0, 7.0, 3.5 ], "autoUv": false }
													},
													"children": [
														{
															"name": "Nose",
															"from": [ -0.0095, 0.0475, 0.285 ],
															"to": [ 0.5605, 0.4275, 1.235 ],
															"unwrapMode": 4,
															"uv": [ 0.0, 3.5 ],
															"rotationOrigin": [ 0.0, 0.0475, 0.285 ],
															"faces": {
																"north": { "texture": "#skin", "uv": [ 0.0, 4.0, 0.5, 4.5 ], "autoUv": false },
																"east": { "texture": "#skin", "uv": [ 2.0, 4.0, 3.0, 4.5 ], "autoUv": false, "windMode": [-1,-1,-1,-1] },
																"south": { "texture": "#skin", "uv": [ 1.5, 4.0, 2.0, 4.5 ], "autoUv": false, "windMode": [-1,-1,-1,-1] },
																"west": { "texture": "#skin", "uv": [ 0.5, 4.0, 1.5, 4.5 ], "autoUv": false, "windMode": [-1,-1,-1,-1] },
																"up": { "texture": "#skin", "uv": [ 0.5, 3.5, 1.5, 4.0 ], "rotation": 90, "autoUv": false, "windMode": [-1,-1,-1,-1] },
																"down": { "texture": "#skin", "uv": [ 0.5, 4.5, 1.5, 5.0 ], "rotation": 90, "autoUv": false, "windMode": [-1,-1,-1,-1] }
															}
														}
													]
												}
											]
										}
									]
								}
							]
						}
					]
				}
			]
		}
	]}