{
	"code": "pantherinae-neofelis",
	"class": "EntityAgent",
	"canClimb": true,
	"climbTouchDistance": 0.1,
	"rotateModelOnClimb": true,
	"fallDamageMultiplier": 0.1,
	"variantgroups": [
    {"code": "age","states": [ "baby"]},
    {"code": "gender","states": [ "female","male"]},
		{"code": "species","states": [ "diardi", "nebulosa" ]},
		{"code": "pigment","states": [ "normal", "albino", "melanistic" ]}
	],
"allowedVariants": [
		"*-diardi-normal",
		"*-nebulosa-normal"
	],
	"collisionBoxSizeByType": {
		"*-diardi-*": {	"x": 1.0,"y": 0.5},
		"*-nebulosa-*": {	"x": 1.0,"y": 0.5},
		"*": {	"x": 1.0,"y": 0.5}
	},
	"deadCollisionBoxSizeByType": {
		"*-diardi-*": {"x": 1.0,"y": 0.35},
		"*-nebulosa-*": {"x": 1.0,"y": 0.35},
		"*": {"x": 1.0,"y": 0.35}
	},
	"selectionBoxSizeByType": {
		"*-diardi-*": {"x": 1.0,"y": 1.0},
		"*-nebulosa-*": {"x": 1.0,"y": 1.0},
		"*": {"x": 1.0,"y": 1.0}
	},
	"deadSelectionBoxSizeByType": {
		"*-diardi-*": {"x": 1.0,"y": 1.0},
		"*-nebulosa-*": {"x": 1.0,"y": 1.0},
		"*": {"x": 1.0,"y": 1.0}
	},
	"eyeHeight": 0.4,
	"weight": 5,
	"attributes": {
	"basketCatchableByType": { "*":  true },
		"creatureDiet": {
			"foodCategories": ["Protein"],"foodTags": ["egg","fish","meat"]}},
	"drops": [],
	"client": {
		"renderer": "Shape",
		"shape": { "base": "entity/land/neofelis-cub" },
		"textureByType": {
			"*-diardi-normal": { "base": "entity/pantherinae/cub-diardi" },
			"*-nebulosa-normal": { "base": "entity/pantherinae/cub-nebulosa" }
		},
		"sizeByType": {
			"*-diardi-*": 0.4,
			"*-nebulosa-*": 0.4,
			"*": 0.4
		},
		"behaviors": [
			{ "code": "repulseagents" },
			{
				"code": "controlledphysics",
				"stepHeight": 1.1251
			},
			{
				"code": "floatupwhenstuck",
				"onlyWhenDead": true
			},
			{ "code": "interpolateposition" },
			{ "code": "harvestable","quantitySlots": 8 },
			{
				"code": "despawn",
				"minPlayerDistance": 8,
				"belowLightLevel": 8,
				"minSeconds": 300
			},
			{
				"code": "ropetieable",
				"minGeneration": 2
			}
		],
		"animations": [
			{
				"code": "hurt",
				"animation": "hurt",
				"animationSpeed": 2.2,
				"weight": 10,
				"blendMode": "AddAverage"
			},
			{
				"code": "die",
				"animation": "death",
				"animationSpeed": 2.25,
				"weight": 10,
				"blendMode": "Average",
				"triggeredBy": { "onControls": [ "dead" ] }
			},
			{
				"code": "idle",
				"animation": "idle",
				"blendMode": "AddAverage",
				"easeOutSpeed": 4,
				"triggeredBy": { "defaultAnim": true }
			},
			{
				"code": "sleep",
				"animation": "sleep",
				"easeInSpeed": 4,
				"easeOutSpeed": 4,
				"blendMode": "Average"
			},
			{
				"code": "sit",
				"animation": "sit",
				"easeInSpeed": 4,
				"easeOutSpeed": 4,
				"blendMode": "Average"
			},
			{
				"code": "lie",
				"animation": "lie",
				"blendMode": "Average"
			},
			{
				"code": "loaf",
				"animation": "loaf",
				"blendMode": "Average"
			},
			{
				"code": "lick",
				"animation": "lick",
				"blendMode": "Average"
			},
			{
				"code": "swim",
				"animation": "swim",
				"blendMode": "Average"
			},
			{
				"code": "walk",
				"animation": "walk",
				"supressDefaultAnimation": true,
				"blendMode": "AddAverage"
			}
		]
	},
	"server": {
		"attributes": {
			"pathfinder": {
				"minTurnAnglePerSec": 180,
				"maxTurnAnglePerSec": 360
			}
		},
		"behaviors": [
			{ "code": "repulseagents" },
			{
				"code": "controlledphysics",
				"stepHeight": 1.1251
			},
			{
				"code": "despawn",
				"minPlayerDistance": 8,
				"belowLightLevel": 8,
				"minSeconds": 300
			},
			{
				"code": "health",
				"maxhealthByType": {
					"*-diardi-*": 5,
					"*-nebulosa-*": 5,
					"*": 5
				}
			},
			{
				"code": "deaddecay",
				"hoursToDecay": 96,
				"decayedBlock": "carcass-small"
			},
			{
				"code": "floatupwhenstuck",
				"onlyWhenDead": true
			},
			{
				"code": "harvestable","quantitySlots": 8,
				"drops": [
					{
						"type": "item",
						"code": "game:bushmeat-raw",
						"quantityByType": {
							"*-diardi-*": {
								"avg": 1,
								"var": 0.5
							}
						}
					},
					{
						"type": "item",
						"code": "game:fat",
						"quantityByType": {
							"*-diardi-*": {
								"avg": 0.5,
								"var": 0.3
							}
						}
					},
					{
						"type": "item",
						"code": "pantherinae:pelt-neofelis-baby-{species}-{pigment}",
						"quantityByType": {
							"*": {"avg": 1,"var": 0.0}
						}
					}
				]
			},
			{ "code": "breathe" },
			{
				"code": "emotionstates",
				"states": [
					{
						"code": "fleeondamage",
						"duration": 60,
						"chanceByType": {
							"*": 0.99
						},
						"slot": 2,
						"priority": 5,
						"accumType": "max",
						"whenHealthRelBelow": 0.99
					},
					{
						"code": "alarmherdondamage",
						"chance": 1,
						"slot": 1,
						"priority": 1,
						"accumType": "max"
					}
				]
			},
			{
				"code": "grow",
				"hoursToGrow": 336,
				"adultEntityCodes": [ "pantherinae:pantherinae-neofelis-adult-{gender}-{species}-{pigment}" ]
			},
			{
				"code": "taskai",
				"aitasks": [
					{
						"code": "fleeentity",
						"entityCodes": [ "bear-*","hyena-*","moose-*","wolf-male", "wolf-female", "caninae-canina-adult-*","caninae-cerdocyonina-adult-*","hyaenidae-adult-*", "machairodontinae-adult-*", "pantherinae-panthera-adult-*","rhinocerotidae-adult-*","ursidae-adult-*" ],
						"priority": 1.5,
						"movespeedByType": {
							"*": 0.0176
						},
						"seekingRange": 11,
						"animationSpeed": 2.2,
						"animation": "Run",
						"sound": "pantherinae:creature/pantherinae/cubhurt"
					},
					{
						"code": "fleeentity",
						"entityCodesByType": {
							"*": [ "player", "bear-*","deer-*","goat-*","hyena-*","moose-*","pig-*","sheep-*","wolf-*", "caninae-canina-adult-*", "caninae-cerdocyonina-adult-*","caprinae-adult-*","cervidae-*","hyaenidae-adult-*","machairodontinae-adult-*", "pantherinae-panthera-adult-*","rhinocerotidae-adult-*","suidae-adult-*","ursidae-adult-*"]
						},
						"priority": 1.53,
						"movespeedByType": {
							"*": 0.0176
						},
						"seekingRange": 20,
						"animation": "Run",
						"whenInEmotionState": "fleeondamage",
						"animationSpeed": 2.0,
						"sound": "pantherinae:creature/pantherinae/cubhurt"

					},
					{
						"code": "getoutofwater",
						"priority": 1.4,
						"movespeed": 0.01,
						"animation": "Swim",
						"animationSpeed": 1.5
					},
					{
						"code": "stayclosetoentity",
						"priority": 1.4,
						"entityCode": "pantherinae-neofelis-adult-female-{species}-{pigment}",
						"movespeedByType": {
							"*": 0.0176
						},
						"maxDistance": 7,
						"searchRange": 25,
						"animation": "Run",
						"animationSpeed": 2.2
					},
					{
						"code": "idle",
						"priority": 1.35,
						"priorityForCancel": 1.35,
						"minduration": 5000000,
						"maxduration": 5000000,
						"mincooldown": 10000,
						"maxcooldown": 30000,
						"animation": "Sleep",
						"whenNotInEmotionState": "fleeondamage",
						"duringDayTimeFramesByType": {
							"*-diardi-*": [{"fromHour": 9,"toHour": 21}],
							"*-nebulosa-*": [{"fromHour": 10,"toHour": 22}]
						},
						"stopOnNearbyEntityCodes": [ "wolf-male", "wolf-female", "bear-*", "hyena-*","machairodontinae-adult-*",  "pantherinae-panthera-*" ],
						"stopRange": 8,
						"stopOnHurt": true
					},
					{
						"code": "idle",
						"priority": 1.3,
						"priorityForCancel": 1.35,
						"minduration": 4667,
						"maxduration": 4667,
						"chance": 0.25,
						"mincooldown": 80000,
						"maxcooldown": 500000,
						"animation": "Roar",
						"animationSpeed": 0.25,
						"whenNotInEmotionState": "fleeondamage",
						"soundByType": {
							"*": "pantherinae:creature/pantherinae/cubidle"
						},
						"soundRangeByType": {
							"*": 10
						}
					},
					{
						"code": "wander",
						"priority": 0.95,
						"priorityForCancel": 1.35,
						"movespeedByType": {
							"*-diardi-*": 0.0016,
							"*-nebulosa-*": 0.0016,
							"*": 0.005
						},
						"animationSpeed": 1.05,
						"animation": "Walk",
						"whenNotInEmotionState": "fleeondamage",
						"preferredLightLevel": 10
					},
					{
						"code": "idle",
						"priority": 1,
						"minduration": 6000,
						"maxduration": 45000,
						"mincooldown": 6000,
						"maxcooldown": 120000,
						"priorityForCancel": 1.28,
						"stopOnNearbyEntityCodes": [ "player", "wolf-male", "wolf-female", "bear-*", "hyena-*", "pantherinae-panthera-*" ],
						"stopRange": 15,
						"stopOnHurt": true,
						"whenNotInEmotionState": "fleeondamage",
						"animation": "Sit"
					},
					{
						"code": "idle",
						"priority": 1,
						"minduration": 6000,
						"maxduration": 45000,
						"chance": 0.25,
						"mincooldown": 6000,
						"maxcooldown": 120000,
						"priorityForCancel": 1.28,
						"stopOnNearbyEntityCodes": [ "player", "wolf-male", "wolf-female", "bear-*", "hyena-*", "pantherinae-panthera-*" ],
						"stopRange": 15,
						"stopOnHurt": true,
						"whenNotInEmotionState": "fleeondamage",
						"animation": "Lick"
					},
					{
						"code": "idle",
						"priority": 1,
						"minduration": 6000,
						"maxduration": 45000,
						"mincooldown": 6000,
						"maxcooldown": 120000,
						"priorityForCancel": 1.28,
						"stopOnNearbyEntityCodes": [ "player", "wolf-male", "wolf-female", "bear-*", "hyena-*", "pantherinae-panthera-*" ],
						"stopRange": 15,
						"stopOnHurt": true,
						"whenNotInEmotionState": "fleeondamage",
						"animation": "Lie"
					},
					{
						"code": "idle",
						"priority": 0.9,
						"minduration": 6000,
						"maxduration": 45000,
						"chance": 0.1,
						"mincooldown": 6000,
						"maxcooldown": 120000,
						"priorityForCancel": 1.28,
						"stopOnNearbyEntityCodes": [ "player", "wolf-male", "wolf-female", "bear-*", "hyena-*", "pantherinae-panthera-*" ],
						"stopRange": 15,
						"stopOnHurt": true,
						"whenNotInEmotionState": "fleeondamage",
						"animation": "Loaf"
					},
					{
						"code": "seekfoodandeat",
						"movespeed": 0.0018,
						"priority": 1.34,
						"animationSpeed": 0.95,
						"eatTime": 2,
						"eatLooseItems": true,
						"animation": "Walk",
						"eatAnimation": "Eat",
						"whenNotInEmotionState": "fleeondamage",
						"eatAnimationLooseItems": "Eat"
					},
					{
						"code": "lookaround",
						"priority": 0.5,
						"whenNotInEmotionState": "fleeondamage"
					}
				]
			},
			{
				"code": "ropetieable",
				"minGeneration": 2
			}
		],
		"spawnconditions": {
			"runtime": {
				"group": "hostile",
				"tryOnlySurface": true,
				"maxQuantity": 1,
				"maxQuantityByGroup": {
					"code": "pantherinae-neofelis-*",
					"maxQuantity": 1
				},
				"chanceByType": {
					"*-neofelis-baby-*": 0
				}
			}
		}
	},
	"sounds": {
		"hurt": "pantherinae:creature/pantherinae/cubhurt",
		"death": "pantherinae:creature/pantherinae/cubdeath",
		"idle": "pantherinae:creature/pantherinae/cubidle"
	},
	"idleSoundChance": 0.04
}