{
	"editor": {
		"allAngles": true,
		"entityTextureMode": true
	},
	"textureWidth": 32,
	"textureHeight": 32,
	"textureSizes": {
		"bottom": [16,16],
		"skin": [32,32]
	},
	"textures": {
	},
	"elements": [
		{
			"name": "Rotation Point",
			"from": [ 0.0, 0.0, 0.0 ], 
			"to": [ 0.0, 0.0, 0.0 ], 
			"uv": [ 0.0, 0.0 ],
			"faces": {
				"north": { "texture": "#null", "uv": [ 0.0, 0.5, 0.5, 1.0 ], "enabled": false },
				"east": { "texture": "#null", "uv": [ 0.5, 0.5, 1.0, 1.0 ], "enabled": false },
				"south": { "texture": "#null", "uv": [ 1.0, 0.5, 1.5, 1.0 ], "enabled": false },
				"west": { "texture": "#null", "uv": [ 1.5, 0.5, 2.0, 1.0 ], "enabled": false },
				"up": { "texture": "#null", "uv": [ 0.0, 0.0, 0.5, 0.5 ], "enabled": false },
				"down": { "texture": "#null", "uv": [ 0.5, 0.0, 1.0, 0.5 ], "enabled": false }
			},
			"children": [
				{
					"name": "Base",
					"from": [ 2.75, 0.0, 8.0 ], 
					"to": [ 2.75, 0.0, 8.0 ], 
					"uv": [ 0.0, 0.0 ],
					"rotationOrigin": [ 2.75, 0.0, 8.0 ],
					"faces": {
						"north": { "texture": "#null", "uv": [ 0.0, 0.5, 0.5, 1.0 ], "enabled": false },
						"east": { "texture": "#null", "uv": [ 0.5, 0.5, 1.0, 1.0 ], "enabled": false },
						"south": { "texture": "#null", "uv": [ 1.0, 0.5, 1.5, 1.0 ], "enabled": false },
						"west": { "texture": "#null", "uv": [ 1.5, 0.5, 2.0, 1.0 ], "enabled": false },
						"up": { "texture": "#null", "uv": [ 0.0, 0.0, 0.5, 0.5 ], "enabled": false },
						"down": { "texture": "#null", "uv": [ 0.5, 0.0, 1.0, 0.5 ], "enabled": false }
					},
					"children": [
						{
							"name": "PeltBody",
							"from": [ 0.0, 0.0, -1.4625 ], 
							"to": [ 4.425, 0.315, 1.4625 ], 
							"unwrapMode": 5,
							"autoUnwrap": false,
							"uv": [ 1.0, 9.0 ],
							"rotationOrigin": [ 0.0, 0.0, -1.4625 ],
							"faces": {
								"north": { "texture": "#skin", "uv": [ 16.5, 3.5, 17.0, 9.0 ], "rotation": 90, "windMode": [-1,-1,-1,-1] },
								"east": { "texture": "#skin", "uv": [ 3.5, 0.0, 4.0, 3.5 ], "rotation": 90, "windMode": [-1,-1,-1,-1] },
								"south": { "texture": "#skin", "uv": [ 3.5, 3.5, 4.0, 9.0 ], "rotation": 90, "windMode": [-1,-1,-1,-1] },
								"west": { "texture": "#skin", "uv": [ 3.5, 9.0, 4.0, 12.5 ], "rotation": 270, "windMode": [-1,-1,-1,-1] },
								"up": { "texture": "#skin", "uv": [ 0.0, 3.5, 3.5, 9.0 ], "rotation": 90, "windMode": [-1,-1,-1,-1] },
								"down": { "texture": "#bottom", "uv": [ 8.0, 9.5, 13.5, 13.0 ], "windMode": [-1,-1,-1,-1] }
							},
							"children": [
								{
									"name": "LBody",
									"from": [ 0.0, 0.0075, 2.175 ], 
									"to": [ 4.425, 0.3075, 4.8 ], 
									"unwrapMode": 5,
									"autoUnwrap": false,
									"uv": [ 0.5, 1.5 ],
									"rotationOrigin": [ 0.0, -0.0075, 2.175 ],
									"rotationY": -3.0,
									"faces": {
										"north": { "texture": "#null", "uv": [ 0.0, 3.5, 5.5, 4.0 ], "enabled": false },
										"east": { "texture": "#skin", "uv": [ 4.0, 3.5, 7.5, 4.0 ], "windMode": [-1,-1,-1,-1] },
										"south": { "texture": "#skin", "uv": [ 7.5, 3.5, 8.0, 9.0 ], "rotation": 90, "windMode": [-1,-1,-1,-1] },
										"west": { "texture": "#skin", "uv": [ 4.0, 8.5, 7.5, 9.0 ], "rotation": 180, "windMode": [-1,-1,-1,-1] },
										"up": { "texture": "#skin", "uv": [ 4.0, 3.5, 7.5, 9.0 ], "rotation": 90, "windMode": [-1,-1,-1,-1] },
										"down": { "texture": "#bottom", "uv": [ 7.5, 1.5, 13.0, 5.0 ] }
									},
									"children": [
										{
											"name": "LArm",
											"from": [ 0.0, 0.0075, 1.875 ], 
											"to": [ 0.75, 0.2925, 4.125 ], 
											"unwrapMode": 5,
											"autoUnwrap": false,
											"uv": [ 13.0, 12.0 ],
											"rotationOrigin": [ 0.0, 0.0075, 1.875 ],
											"rotationY": -30.0,
											"faces": {
												"north": { "texture": "#null", "uv": [ 0.0, 3.0, 1.0, 3.5 ], "enabled": false },
												"east": { "texture": "#skin", "uv": [ 11.5, 23.0, 12.0, 26.0 ], "rotation": 90, "windMode": [-1,-1,-1,-1] },
												"south": { "texture": "#skin", "uv": [ 10.5, 26.0, 11.5, 26.5 ], "windMode": [-1,-1,-1,-1] },
												"west": { "texture": "#skin", "uv": [ 10.0, 23.0, 10.5, 26.0 ], "rotation": 270, "windMode": [-1,-1,-1,-1] },
												"up": { "texture": "#skin", "uv": [ 10.5, 23.0, 11.5, 26.0 ], "windMode": [-1,-1,-1,-1] },
												"down": { "texture": "#bottom", "uv": [ 15.0, 12.0, 16.0, 15.0 ], "windMode": [-1,-1,-1,-1] }
											},
											"children": [
												{
													"name": "LArmLower",
													"from": [ 0.75, 0.0075, 0.0 ], 
													"to": [ 1.5, 0.2775, 2.25 ], 
													"unwrapMode": 5,
													"autoUnwrap": false,
													"uv": [ 13.0, 11.5 ],
													"rotationOrigin": [ 1.5, 0.0075, 0.0 ],
													"rotationY": -10.0,
													"faces": {
														"north": { "texture": "#null", "uv": [ 0.0, 3.0, 1.0, 3.5 ], "enabled": false },
														"east": { "texture": "#skin", "uv": [ 13.0, 23.0, 13.5, 26.0 ], "rotation": 90, "autoUv": false, "snapUv": false, "windMode": [-1,-1,-1,-1] },
														"south": { "texture": "#skin", "uv": [ 12.0, 26.0, 13.0, 26.5 ], "autoUv": false, "snapUv": false, "windMode": [-1,-1,-1,-1] },
														"west": { "texture": "#null", "uv": [ 5.0, 3.0, 8.0, 3.5 ], "enabled": false },
														"up": { "texture": "#skin", "uv": [ 12.0, 23.0, 13.0, 26.0 ], "autoUv": false, "snapUv": false, "windMode": [-1,-1,-1,-1] },
														"down": { "texture": "#bottom", "uv": [ 15.0, 11.5, 16.0, 14.5 ], "autoUv": false, "snapUv": false, "windMode": [-1,-1,-1,-1] }
													}
												}
											]
										}
									]
								},
								{
									"name": "RBody",
									"from": [ 0.0, -0.3075, 0.75 ], 
									"to": [ 4.425, -0.0075, 3.375 ], 
									"unwrapMode": 6,
									"autoUnwrap": false,
									"uv": [ 3.0, 5.5 ],
									"rotationOrigin": [ 0.0, 0.0, 0.75 ],
									"rotationX": 180.0,
									"rotationY": -3.0,
									"faces": {
										"north": { "texture": "#null", "uv": [ 0.0, 3.5, 5.5, 4.0 ], "enabled": false },
										"east": { "texture": "#skin", "uv": [ 13.0, 3.5, 16.5, 4.0 ], "windMode": [-1,-1,-1,-1] },
										"south": { "texture": "#skin", "uv": [ 12.5, 3.5, 13.0, 9.0 ], "rotation": 90, "windMode": [-1,-1,-1,-1] },
										"west": { "texture": "#skin", "uv": [ 13.0, 8.5, 16.5, 9.0 ], "rotation": 180, "windMode": [-1,-1,-1,-1] },
										"up": { "texture": "#bottom", "uv": [ 10.0, 5.5, 15.5, 9.0 ], "windMode": [-1,-1,-1,-1] },
										"down": { "texture": "#skin", "uv": [ 13.0, 3.5, 16.5, 9.0 ], "rotation": 270, "windMode": [-1,-1,-1,-1] }
									},
									"children": [
										{
											"name": "RArm",
											"from": [ 0.0, 0.0075, 1.875 ], 
											"to": [ 0.75, 0.2925, 4.125 ], 
											"unwrapMode": 6,
											"autoUnwrap": false,
											"uv": [ 4.0, 6.5 ],
											"rotationOrigin": [ 0.0, 0.2925, 1.875 ],
											"rotationY": -30.0,
											"faces": {
												"north": { "texture": "#null", "uv": [ 0.0, 3.0, 1.0, 3.5 ], "enabled": false },
												"east": { "texture": "#skin", "uv": [ 16.0, 23.0, 16.5, 26.0 ], "rotation": 90 },
												"south": { "texture": "#skin", "uv": [ 16.5, 26.0, 17.5, 26.5 ], "rotation": 180, "windMode": [-1,-1,-1,-1] },
												"west": { "texture": "#skin", "uv": [ 17.5, 23.0, 18.0, 26.0 ], "rotation": 270, "windMode": [-1,-1,-1,-1] },
												"up": { "texture": "#bottom", "uv": [ 6.0, 7.0, 7.0, 10.0 ], "windMode": [-1,-1,-1,-1] },
												"down": { "texture": "#skin", "uv": [ 16.5, 23.0, 17.5, 26.0 ], "windMode": [-1,-1,-1,-1] }
											},
											"children": [
												{
													"name": "RArmLower",
													"from": [ 0.75, 0.0075, 0.0 ], 
													"to": [ 1.5, 0.2775, 2.25 ], 
													"unwrapMode": 5,
													"autoUnwrap": false,
													"uv": [ 4.5, 6.5 ],
													"rotationOrigin": [ 1.5, 0.2775, 0.0 ],
													"rotationY": -10.0,
													"faces": {
														"north": { "texture": "#null", "uv": [ 0.0, 3.0, 1.0, 3.5 ], "enabled": false },
														"east": { "texture": "#skin", "uv": [ 14.5, 23.0, 15.0, 26.0 ], "rotation": 90, "windMode": [-1,-1,-1,-1] },
														"south": { "texture": "#skin", "uv": [ 15.0, 26.0, 16.0, 26.5 ], "windMode": [-1,-1,-1,-1] },
														"west": { "texture": "#null", "uv": [ 5.0, 3.0, 8.0, 3.5 ], "enabled": false, "windMode": [-1,-1,-1,-1] },
														"up": { "texture": "#bottom", "uv": [ 4.5, 6.5, 5.5, 9.5 ], "windMode": [-1,-1,-1,-1] },
														"down": { "texture": "#skin", "uv": [ 15.0, 23.0, 16.0, 26.0 ], "windMode": [-1,-1,-1,-1] }
													}
												}
											]
										}
									]
								},
								{
									"name": "PeltAbdomen",
									"from": [ 4.425, 0.0075, 0.1875 ], 
									"to": [ 8.925, 0.3075, 2.8125 ], 
									"unwrapMode": 5,
									"autoUnwrap": false,
									"uv": [ 1.0, 11.0 ],
									"rotationOrigin": [ 4.425, 0.0075, 0.1875 ],
									"faces": {
										"north": { "texture": "#skin", "uv": [ 16.5, 16.0, 17.0, 22.0 ], "rotation": 270, "windMode": [-1,-1,-1,-1] },
										"east": { "texture": "#skin", "uv": [ 3.5, 12.5, 4.0, 16.0 ], "rotation": 90, "windMode": [-1,-1,-1,-1] },
										"south": { "texture": "#skin", "uv": [ 3.5, 16.0, 4.0, 22.0 ], "rotation": 90, "windMode": [-1,-1,-1,-1] },
										"west": { "texture": "#null", "uv": [ 16.5, 3.5, 20.0, 4.0 ], "enabled": false, "windMode": [-1,-1,-1,-1] },
										"up": { "texture": "#skin", "uv": [ 0.0, 16.0, 3.5, 22.0 ], "rotation": 90, "windMode": [-1,-1,-1,-1] },
										"down": { "texture": "#bottom", "uv": [ 8.0, 11.5, 14.0, 15.0 ] }
									},
									"children": [
										{
											"name": "LAbdomen",
											"from": [ 0.0, 0.0075, 1.875 ], 
											"to": [ 4.5, 0.2925, 4.875 ], 
											"unwrapMode": 5,
											"autoUnwrap": false,
											"uv": [ 1.0, 5.5 ],
											"rotationOrigin": [ 0.0, 0.0075, 1.875 ],
											"rotationY": -3.0,
											"faces": {
												"north": { "texture": "#null", "uv": [ 0.0, 4.0, 6.0, 4.5 ], "enabled": false },
												"east": { "texture": "#skin", "uv": [ 4.0, 16.0, 8.0, 16.5 ], "windMode": [-1,-1,-1,-1] },
												"south": { "texture": "#skin", "uv": [ 8.0, 16.0, 8.5, 22.0 ], "rotation": 90, "windMode": [-1,-1,-1,-1] },
												"west": { "texture": "#skin", "uv": [ 4.0, 21.5, 8.0, 22.0 ], "rotation": 180, "windMode": [-1,-1,-1,-1] },
												"up": { "texture": "#skin", "uv": [ 4.0, 16.0, 8.0, 22.0 ], "rotation": 90, "windMode": [-1,-1,-1,-1] },
												"down": { "texture": "#bottom", "uv": [ 8.5, 5.5, 14.5, 9.5 ], "windMode": [-1,-1,-1,-1] }
											},
											"children": [
												{
													"name": "LLeg",
													"from": [ 2.25, 0.0075, 3.0 ], 
													"to": [ 3.75, 0.2775, 6.0 ], 
													"unwrapMode": 5,
													"autoUnwrap": false,
													"uv": [ 4.0, 4.5 ],
													"rotationOrigin": [ 2.25, 0.0075, 3.0 ],
													"rotationY": 72.0,
													"faces": {
														"north": { "texture": "#null", "uv": [ 0.0, 4.0, 2.0, 4.5 ], "enabled": false },
														"east": { "texture": "#skin", "uv": [ 3.0, 27.0, 3.5, 31.0 ], "rotation": 90, "windMode": [-1,-1,-1,-1] },
														"south": { "texture": "#skin", "uv": [ 1.0, 31.0, 3.0, 31.5 ], "windMode": [-1,-1,-1,-1] },
														"west": { "texture": "#skin", "uv": [ 0.5, 27.0, 1.0, 31.0 ], "rotation": 270, "windMode": [-1,-1,-1,-1] },
														"up": { "texture": "#skin", "uv": [ 1.0, 27.0, 3.0, 31.0 ], "windMode": [-1,-1,-1,-1] },
														"down": { "texture": "#bottom", "uv": [ 7.0, 4.5, 9.0, 8.5 ], "windMode": [-1,-1,-1,-1] }
													},
													"children": [
														{
															"name": "LLegEnd",
															"from": [ 0.0, -0.0075, 2.625 ], 
															"to": [ 1.5, 0.2775, 4.125 ], 
															"unwrapMode": 5,
															"autoUnwrap": false,
															"uv": [ 2.0, 9.0 ],
															"rotationOrigin": [ 0.75, -0.0075, 2.625 ],
															"rotationY": -14.0,
															"faces": {
																"north": { "texture": "#skin", "uv": [ 28.0, 16.0, 30.0, 16.5 ], "rotation": 180, "windMode": [-1,-1,-1,-1] },
																"east": { "texture": "#skin", "uv": [ 30.0, 16.5, 30.5, 18.5 ], "rotation": 90, "windMode": [-1,-1,-1,-1] },
																"south": { "texture": "#skin", "uv": [ 28.0, 18.5, 30.0, 19.0 ], "windMode": [-1,-1,-1,-1] },
																"west": { "texture": "#skin", "uv": [ 27.5, 16.5, 28.0, 18.5 ], "rotation": 270, "windMode": [-1,-1,-1,-1] },
																"up": { "texture": "#skin", "uv": [ 28.0, 16.5, 30.0, 18.5 ], "windMode": [-1,-1,-1,-1] },
																"down": { "texture": "#bottom", "uv": [ 5.0, 9.5, 7.0, 11.5 ], "windMode": [-1,-1,-1,-1] }
															}
														}
													]
												},
												{
													"name": "LLegLower",
													"from": [ 3.375, 0.015, 0.375 ], 
													"to": [ 4.5, 0.27, 3.0 ], 
													"unwrapMode": 5,
													"autoUnwrap": false,
													"uv": [ 0.5, 6.0 ],
													"rotationOrigin": [ 4.5, 0.015, 0.375 ],
													"rotationY": 26.0,
													"faces": {
														"north": { "texture": "#null", "uv": [ 0.0, 3.5, 1.5, 4.0 ], "enabled": false },
														"east": { "texture": "#skin", "uv": [ 5.0, 27.5, 5.5, 31.0 ], "rotation": 90, "windMode": [-1,-1,-1,-1] },
														"south": { "texture": "#null", "uv": [ 5.0, 3.5, 6.5, 4.0 ], "enabled": false },
														"west": { "texture": "#null", "uv": [ 6.5, 3.5, 10.0, 4.0 ], "enabled": false },
														"up": { "texture": "#skin", "uv": [ 3.5, 27.5, 5.0, 31.0 ], "windMode": [-1,-1,-1,-1] },
														"down": { "texture": "#bottom", "uv": [ 2.5, 6.0, 4.0, 9.5 ], "windMode": [-1,-1,-1,-1] }
													}
												}
											]
										},
										{
											"name": "RAbdomen",
											"from": [ 0.0, -0.2775, 0.675 ], 
											"to": [ 4.5, 0.0075, 3.675 ], 
											"unwrapMode": 5,
											"autoUnwrap": false,
											"uv": [ 2.0, 4.0 ],
											"rotationOrigin": [ 0.0, 0.0075, 0.675 ],
											"rotationX": 180.0,
											"rotationY": -3.0,
											"faces": {
												"north": { "texture": "#null", "uv": [ 0.0, 4.0, 6.0, 4.5 ], "enabled": false },
												"east": { "texture": "#skin", "uv": [ 12.5, 16.0, 16.5, 16.5 ], "windMode": [-1,-1,-1,-1] },
												"south": { "texture": "#skin", "uv": [ 12.0, 16.0, 12.5, 22.0 ], "rotation": 90, "windMode": [-1,-1,-1,-1] },
												"west": { "texture": "#skin", "uv": [ 12.5, 21.5, 16.5, 22.0 ], "rotation": 180, "windMode": [-1,-1,-1,-1] },
												"up": { "texture": "#bottom", "uv": [ 2.5, 4.0, 8.5, 8.0 ], "windMode": [-1,-1,-1,-1] },
												"down": { "texture": "#skin", "uv": [ 12.5, 16.0, 16.5, 22.0 ], "rotation": 270, "windMode": [-1,-1,-1,-1] }
											},
											"children": [
												{
													"name": "RLeg",
													"from": [ 2.25, 0.0075, 3.0 ], 
													"to": [ 3.75, 0.2775, 6.0 ], 
													"unwrapMode": 5,
													"autoUnwrap": false,
													"uv": [ 1.5, 3.5 ],
													"rotationOrigin": [ 2.25, 0.2775, 3.0 ],
													"rotationY": 72.0,
													"faces": {
														"north": { "texture": "#null", "uv": [ 0.0, 4.0, 2.0, 4.5 ], "enabled": false },
														"east": { "texture": "#skin", "uv": [ 26.0, 9.5, 26.5, 13.5 ], "rotation": 90, "windMode": [-1,-1,-1,-1] },
														"south": { "texture": "#skin", "uv": [ 24.0, 13.5, 26.0, 14.0 ], "windMode": [-1,-1,-1,-1] },
														"west": { "texture": "#skin", "uv": [ 23.5, 9.5, 24.0, 13.5 ], "rotation": 270, "windMode": [-1,-1,-1,-1] },
														"up": { "texture": "#bottom", "uv": [ 2.0, 3.5, 4.0, 7.5 ], "windMode": [-1,-1,-1,-1] },
														"down": { "texture": "#skin", "uv": [ 24.0, 9.5, 26.0, 13.5 ], "windMode": [-1,-1,-1,-1] }
													},
													"children": [
														{
															"name": "RLegEnd",
															"from": [ 0.0, -0.0075, 2.625 ], 
															"to": [ 1.5, 0.2775, 4.125 ], 
															"unwrapMode": 5,
															"autoUnwrap": false,
															"uv": [ 3.5, 8.0 ],
															"rotationOrigin": [ 0.75, 0.285, 2.625 ],
															"rotationY": -14.0,
															"faces": {
																"north": { "texture": "#skin", "uv": [ 23.5, 16.0, 25.5, 16.5 ], "rotation": 180, "windMode": [-1,-1,-1,-1] },
																"east": { "texture": "#skin", "uv": [ 25.5, 16.5, 26.0, 18.5 ], "rotation": 90, "windMode": [-1,-1,-1,-1] },
																"south": { "texture": "#skin", "uv": [ 23.5, 18.5, 25.5, 19.0 ], "windMode": [-1,-1,-1,-1] },
																"west": { "texture": "#skin", "uv": [ 23.0, 16.5, 23.5, 18.5 ], "rotation": 270, "windMode": [-1,-1,-1,-1] },
																"up": { "texture": "#bottom", "uv": [ 4.0, 8.5, 6.0, 10.5 ], "windMode": [-1,-1,-1,-1] },
																"down": { "texture": "#skin", "uv": [ 23.5, 16.5, 25.5, 18.5 ], "windMode": [-1,-1,-1,-1] }
															}
														}
													]
												},
												{
													"name": "RLegLower",
													"from": [ 3.375, 0.015, 0.375 ], 
													"to": [ 4.5, 0.27, 3.0 ], 
													"unwrapMode": 5,
													"autoUnwrap": false,
													"uv": [ 12.5, 4.5 ],
													"rotationOrigin": [ 4.5, 0.27, 0.375 ],
													"rotationY": 26.0,
													"faces": {
														"north": { "texture": "#null", "uv": [ 0.0, 3.5, 1.5, 4.0 ], "enabled": false },
														"east": { "texture": "#skin", "uv": [ 28.0, 10.0, 28.5, 13.5 ], "rotation": 90, "windMode": [-1,-1,-1,-1] },
														"south": { "texture": "#null", "uv": [ 5.0, 3.5, 6.5, 4.0 ], "enabled": false },
														"west": { "texture": "#null", "uv": [ 6.5, 3.5, 10.0, 4.0 ], "enabled": false },
														"up": { "texture": "#bottom", "uv": [ 12.5, 4.5, 14.0, 8.0 ], "windMode": [-1,-1,-1,-1] },
														"down": { "texture": "#skin", "uv": [ 26.5, 10.0, 28.0, 13.5 ], "windMode": [-1,-1,-1,-1] }
													}
												}
											]
										},
										{
											"name": "PeltTail",
											"from": [ 4.5, 0.0075, 0.9375 ], 
											"to": [ 5.55, 0.2925, 1.6875 ], 
											"autoUnwrap": false,
											"uv": [ 0.0, 0.0 ],
											"rotationOrigin": [ 4.5, 0.0075, 0.9375 ],
											"faces": {
												"north": { "texture": "#skin", "uv": [ 11.5, 1.0, 12.5, 1.5 ], "windMode": [-1,-1,-1,-1] },
												"east": { "texture": "#skin", "uv": [ 10.5, 1.0, 11.5, 1.5 ], "windMode": [-1,-1,-1,-1] },
												"south": { "texture": "#skin", "uv": [ 9.5, 1.0, 10.5, 1.5 ], "windMode": [-1,-1,-1,-1] },
												"west": { "texture": "#skin", "uv": [ 8.5, 1.0, 9.5, 1.5 ], "windMode": [-1,-1,-1,-1] },
												"up": { "texture": "#skin", "uv": [ 9.5, 0.0, 10.5, 1.0 ], "windMode": [-1,-1,-1,-1] },
												"down": { "texture": "#skin", "uv": [ 9.5, 1.5, 10.5, 2.5 ], "windMode": [-1,-1,-1,-1] }
											},
											"children": [
												{
													"name": "PeltTailEnd",
													"from": [ 1.05, -0.0075, 0.075 ], 
													"to": [ 2.5125, 0.285, 0.675 ], 
													"autoUnwrap": false,
													"uv": [ 0.0, 0.0 ],
													"rotationOrigin": [ 1.05, -0.0075, 0.075 ],
													"faces": {
														"north": { "texture": "#skin", "uv": [ 12.5, 2.5, 14.0, 3.0 ] },
														"east": { "texture": "#skin", "uv": [ 12.0, 2.5, 12.5, 3.0 ], "windMode": [-1,-1,-1,-1] },
														"south": { "texture": "#skin", "uv": [ 10.5, 2.5, 12.0, 3.0 ], "windMode": [-1,-1,-1,-1] },
														"west": { "texture": "#skin", "uv": [ 10.0, 2.5, 10.5, 3.0 ], "windMode": [-1,-1,-1,-1] },
														"up": { "texture": "#skin", "uv": [ 10.5, 2.0, 12.0, 2.5 ], "windMode": [-1,-1,-1,-1] },
														"down": { "texture": "#skin", "uv": [ 10.5, 3.0, 12.0, 3.5 ], "windMode": [-1,-1,-1,-1] }
													}
												}
											]
										}
									]
								},
								{
									"name": "LNeck",
									"from": [ -1.5, 0.015, 1.5 ], 
									"to": [ 0.0, 0.3, 3.75 ], 
									"unwrapMode": 5,
									"autoUnwrap": false,
									"uv": [ 5.0, 11.5 ],
									"rotationOrigin": [ 0.0, 0.015, 1.5 ],
									"rotationY": 22.0,
									"faces": {
										"north": { "texture": "#skin", "uv": [ 20.0, 1.0, 22.0, 1.5 ], "rotation": 180 },
										"east": { "texture": "#null", "uv": [ 2.0, 3.0, 5.0, 3.5 ], "enabled": false, "windMode": [-1,-1,-1,-1] },
										"south": { "texture": "#skin", "uv": [ 20.0, 4.0, 22.0, 4.5 ], "windMode": [-1,-1,-1,-1] },
										"west": { "texture": "#skin", "uv": [ 19.5, 1.0, 20.0, 4.0 ], "rotation": 270, "windMode": [-1,-1,-1,-1] },
										"up": { "texture": "#skin", "uv": [ 20.0, 1.0, 22.0, 4.0 ], "windMode": [-1,-1,-1,-1] },
										"down": { "texture": "#bottom", "uv": [ 7.5, 12.0, 9.5, 15.0 ], "windMode": [-1,-1,-1,-1] }
									}
								},
								{
									"name": "RNeck",
									"from": [ -1.5, -0.27, 1.4625 ], 
									"to": [ 0.0, 0.015, 3.7125 ], 
									"unwrapMode": 6,
									"autoUnwrap": false,
									"uv": [ 8.0, 11.5 ],
									"rotationOrigin": [ 0.0, 0.015, 1.4625 ],
									"rotationX": 180.0,
									"rotationY": 22.0,
									"faces": {
										"north": { "texture": "#skin", "uv": [ 20.0, 0.0, 22.0, 0.5 ], "rotation": 180 },
										"east": { "texture": "#null", "uv": [ 2.0, 3.0, 5.0, 3.5 ], "enabled": false, "windMode": [-1,-1,-1,-1] },
										"south": { "texture": "#skin", "uv": [ 20.0, 5.0, 22.0, 5.5 ], "rotation": 180, "windMode": [-1,-1,-1,-1] },
										"west": { "texture": "#skin", "uv": [ 19.5, 1.0, 20.0, 4.0 ], "rotation": 270, "windMode": [-1,-1,-1,-1] },
										"up": { "texture": "#bottom", "uv": [ 10.5, 12.0, 12.5, 15.0 ], "windMode": [-1,-1,-1,-1] },
										"down": { "texture": "#skin", "uv": [ 20.0, 1.0, 22.0, 4.0 ], "rotation": 180, "windMode": [-1,-1,-1,-1] }
									}
								}
							]
						}
					]
				}
			]
		}
	]}