{
	"editor": {
		"collapsedPaths": "Root/origin/Body/",
		"allAngles": false,
		"entityTextureMode": true
	},
	"textureWidth": 32,
	"textureHeight": 32,
	"textureSizes": {
	},
	"textures": {
	},
	"elements": [
		{
			"name": "origin",
			"from": [ 0.0, 8.0, 8.0 ],
			"to": [ 0.0, 8.0, 8.0 ],
			"uv": [ 0.0, 0.0 ],
			"rotationOrigin": [ 0.0, 8.0, 8.0 ],
			"rotationZ": -90.0,
			"faces": {
			},
			"children": [
				{
					"name": "Body",
					"from": [ -3.125, 0.0, -3.125 ],
					"to": [ 3.375, 0.625, 3.125 ],
					"unwrapMode": 7,
					"unwrapRotation": 1,
					"autoUnwrap": false,
					"uv": [ 4.5, 9.0 ],
					"rotationOrigin": [ -3.125, 0.0, -3.125 ],
					"faces": {
						"north": { "texture": "#skin", "uv": [ 10.0, 9.5, 10.5, 14.5 ], "rotation": 90, "autoUv": false },
						"east": { "texture": "#skin", "uv": [ 5.0, 15.0, 10.0, 15.5 ], "autoUv": false },
						"south": { "texture": "#skin", "uv": [ 4.5, 9.5, 5.0, 14.5 ], "rotation": 270, "autoUv": false },
						"west": { "texture": "#skin", "uv": [ 5.0, 8.5, 10.0, 9.0 ], "rotation": 180, "autoUv": false },
						"up": { "texture": "#skin", "uv": [ 5.0, 9.5, 10.0, 14.5 ], "rotation": 270, "autoUv": false },
						"down": { "texture": "#skin", "uv": [ 14.5, 9.5, 19.5, 14.5 ], "rotation": 90, "autoUv": false }
					},
					"children": [
						{
							"name": "Tail1",
							"from": [ 6.375, -0.0062, 0.3125 ],
							"to": [ 9.75, 0.5563, 5.9375 ],
							"unwrapMode": 7,
							"unwrapRotation": 1,
							"autoUnwrap": false,
							"uv": [ 4.5, 15.0 ],
							"rotationOrigin": [ 6.375, 0.0, 0.3125 ],
							"faces": {
								"north": { "texture": "#skin", "uv": [ 9.5, 15.0, 10.0, 17.5 ], "rotation": 90, "autoUv": false },
								"east": { "texture": "#skin", "uv": [ 5.0, 18.0, 9.5, 18.5 ], "autoUv": false },
								"south": { "texture": "#skin", "uv": [ 4.5, 15.0, 5.0, 17.5 ], "rotation": 270, "autoUv": false },
								"up": { "texture": "#skin", "uv": [ 5.0, 15.0, 9.5, 17.5 ], "rotation": 270, "autoUv": false },
								"down": { "texture": "#skin", "uv": [ 13.5, 15.0, 18.0, 17.5 ], "rotation": 90, "autoUv": false }
							},
							"children": [
								{
									"name": "Tail2",
									"from": [ 3.25, -0.0062, 0.3125 ],
									"to": [ 6.625, 0.5563, 5.3125 ],
									"unwrapMode": 7,
									"unwrapRotation": 1,
									"autoUnwrap": false,
									"uv": [ 5.0, 18.0 ],
									"rotationOrigin": [ 3.25, 0.0063, 0.3125 ],
									"faces": {
										"north": { "texture": "#skin", "uv": [ 9.5, 18.0, 10.0, 20.5 ], "rotation": 90, "autoUv": false },
										"east": { "texture": "#skin", "uv": [ 5.0, 21.0, 9.0, 21.5 ], "autoUv": false },
										"south": { "texture": "#skin", "uv": [ 5.0, 18.0, 5.5, 20.5 ], "rotation": 270, "autoUv": false },
										"up": { "texture": "#skin", "uv": [ 5.5, 18.0, 9.5, 20.5 ], "rotation": 270, "autoUv": false },
										"down": { "texture": "#skin", "uv": [ 12.0, 18.0, 16.0, 20.5 ], "rotation": 90, "autoUv": false }
									},
									"children": [
										{
											"name": "Tail3",
											"from": [ 3.25, 0.0, 0.625 ],
											"to": [ 6.625, 0.5625, 4.375 ],
											"unwrapMode": 7,
											"unwrapRotation": 1,
											"autoUnwrap": false,
											"uv": [ 5.0, 21.0 ],
											"rotationOrigin": [ 3.25, 0.0125, 0.625 ],
											"faces": {
												"north": { "texture": "#skin", "uv": [ 8.5, 21.0, 9.0, 23.5 ], "rotation": 90, "autoUv": false },
												"east": { "texture": "#skin", "uv": [ 5.5, 24.0, 8.5, 24.5 ], "autoUv": false },
												"south": { "texture": "#skin", "uv": [ 5.0, 21.0, 5.5, 23.5 ], "rotation": 270, "autoUv": false },
												"up": { "texture": "#skin", "uv": [ 5.5, 21.0, 8.5, 23.5 ], "rotation": 270, "autoUv": false },
												"down": { "texture": "#skin", "uv": [ 10.0, 21.0, 13.0, 23.5 ], "rotation": 90, "autoUv": false }
											}
										}
									]
								}
							]
						},
						{
							"name": "Neck1",
							"from": [ -1.75, -0.0062, 0.4375 ],
							"to": [ 0.125, 0.5563, 5.8125 ],
							"unwrapMode": 7,
							"unwrapRotation": 1,
							"autoUnwrap": false,
							"uv": [ 5.0, 7.0 ],
							"rotationOrigin": [ -1.75, 0.0, 0.4375 ],
							"faces": {
								"north": { "texture": "#skin", "uv": [ 9.5, 7.5, 10.0, 9.0 ], "rotation": 90, "autoUv": false },
								"south": { "texture": "#skin", "uv": [ 5.0, 7.5, 5.5, 9.0 ], "rotation": 270, "autoUv": false },
								"west": { "texture": "#skin", "uv": [ 5.5, 6.5, 9.5, 7.0 ], "rotation": 180, "autoUv": false },
								"up": { "texture": "#skin", "uv": [ 5.5, 7.5, 9.5, 9.0 ], "rotation": 270, "autoUv": false },
								"down": { "texture": "#skin", "uv": [ 13.0, 7.5, 17.0, 9.0 ], "rotation": 90, "autoUv": false }
							},
							"children": [
								{
									"name": "Neck2",
									"from": [ -1.875, -0.0062, 0.8125 ],
									"to": [ 0.0, 0.5563, 4.5625 ],
									"unwrapMode": 7,
									"unwrapRotation": 1,
									"autoUnwrap": false,
									"uv": [ 5.5, 5.0 ],
									"rotationOrigin": [ -1.875, 0.0, 0.8125 ],
									"faces": {
										"north": { "texture": "#skin", "uv": [ 9.0, 5.5, 9.5, 7.0 ], "rotation": 90, "autoUv": false },
										"south": { "texture": "#skin", "uv": [ 5.5, 5.5, 6.0, 7.0 ], "rotation": 270, "autoUv": false },
										"west": { "texture": "#skin", "uv": [ 6.0, 4.5, 9.0, 5.0 ], "rotation": 180, "autoUv": false },
										"up": { "texture": "#skin", "uv": [ 6.0, 5.5, 9.0, 7.0 ], "rotation": 270, "autoUv": false },
										"down": { "texture": "#skin", "uv": [ 12.0, 5.5, 15.0, 7.0 ], "rotation": 90, "autoUv": false }
									}
								}
							]
						}
					]
				}
			]
		}
	]}