{
	"editor": {
		"collapsedPaths": "Root/origin/Body/",
		"allAngles": false,
		"entityTextureMode": true
	},
	"textureWidth": 76,
	"textureHeight": 56,
	"textureSizes": {
	},
	"textures": {
	},
	"elements": [
		{
			"name": "origin",
			"from": [ 0.0, 8.0, 8.0 ],
			"to": [ 0.0, 8.0, 8.0 ],
			"uv": [ 0.0, 0.0 ],
			"rotationOrigin": [ 0.0, 8.0, 8.0 ],
			"rotationZ": -90.0,
			"faces": {
			},
			"children": [
				{
					"name": "Body",
					"from": [ -3.5, 0.0, -3.5 ],
					"to": [ 3.5, 0.7, 3.5 ],
					"unwrapMode": 7,
					"unwrapRotation": 1,
					"autoUnwrap": false,
					"uv": [ 9.0, 14.5 ],
					"rotationOrigin": [ -3.5, 0.0, -3.5 ],
					"faces": {
						"north": { "texture": "#skin", "uv": [ 20.0, 15.5, 21.0, 25.5 ], "rotation": 90, "autoUv": false },
						"east": { "texture": "#skin", "uv": [ 10.5, 26.0, 20.5, 27.0 ], "autoUv": false },
						"south": { "texture": "#skin", "uv": [ 9.0, 15.5, 10.0, 25.5 ], "rotation": 270, "autoUv": false },
						"west": { "texture": "#skin", "uv": [ 10.0, 14.0, 20.0, 15.0 ], "rotation": 180, "autoUv": false },
						"up": { "texture": "#skin", "uv": [ 10.0, 15.5, 20.0, 25.5 ], "rotation": 270, "autoUv": false },
						"down": { "texture": "#skin", "uv": [ 29.0, 15.5, 39.0, 25.5 ], "rotation": 90, "autoUv": false }
					},
					"children": [
						{
							"name": "Tail1",
							"from": [ 6.86, -0.007, 0.35 ],
							"to": [ 10.64, 0.623, 6.65 ],
							"unwrapMode": 7,
							"unwrapRotation": 1,
							"autoUnwrap": false,
							"uv": [ 11.5, 26.0 ],
							"rotationOrigin": [ 6.86, 0.0, 0.35 ],
							"faces": {
								"north": { "texture": "#skin", "uv": [ 21.0, 26.0, 21.5, 31.0 ], "rotation": 90, "autoUv": false },
								"east": { "texture": "#skin", "uv": [ 11.0, 31.5, 20.0, 32.0 ], "autoUv": false },
								"south": { "texture": "#skin", "uv": [ 11.5, 26.0, 12.0, 31.0 ], "rotation": 270, "autoUv": false },
								"up": { "texture": "#skin", "uv": [ 12.0, 26.0, 21.0, 31.0 ], "rotation": 270, "autoUv": false },
								"down": { "texture": "#skin", "uv": [ 27.5, 26.0, 36.5, 31.0 ], "rotation": 90, "autoUv": false }
							},
							"children": [
								{
									"name": "Tail2",
									"from": [ 3.64, -0.007, 0.35 ],
									"to": [ 7.42, 0.623, 5.95 ],
									"unwrapMode": 7,
									"unwrapRotation": 1,
									"autoUnwrap": false,
									"uv": [ 11.0, 31.5 ],
									"rotationOrigin": [ 3.64, 0.007, 0.35 ],
									"faces": {
										"north": { "texture": "#skin", "uv": [ 19.5, 31.5, 20.0, 36.5 ], "rotation": 90, "autoUv": false },
										"east": { "texture": "#skin", "uv": [ 11.5, 37.0, 19.5, 37.5 ], "autoUv": false },
										"south": { "texture": "#skin", "uv": [ 11.0, 31.5, 11.5, 36.5 ], "rotation": 270, "autoUv": false },
										"up": { "texture": "#skin", "uv": [ 11.5, 31.5, 19.5, 36.5 ], "rotation": 270, "autoUv": false },
										"down": { "texture": "#skin", "uv": [ 25.0, 31.5, 33.0, 36.5 ], "rotation": 90, "autoUv": false }
									},
									"children": [
										{
											"name": "Tail3",
											"from": [ 3.64, 0.0, 0.7 ],
											"to": [ 7.42, 0.63, 4.9 ],
											"unwrapMode": 7,
											"unwrapRotation": 1,
											"autoUnwrap": false,
											"uv": [ 11.5, 37.0 ],
											"rotationOrigin": [ 3.64, 0.014, 0.7 ],
											"faces": {
												"north": { "texture": "#skin", "uv": [ 18.5, 37.0, 19.0, 42.0 ], "rotation": 90, "autoUv": false },
												"east": { "texture": "#skin", "uv": [ 12.5, 42.5, 18.5, 43.0 ], "autoUv": false },
												"south": { "texture": "#skin", "uv": [ 12.0, 37.0, 12.5, 42.0 ], "rotation": 270, "autoUv": false },
												"up": { "texture": "#skin", "uv": [ 12.5, 37.0, 18.5, 42.0 ], "rotation": 270, "autoUv": false },
												"down": { "texture": "#skin", "uv": [ 22.0, 37.0, 28.0, 42.0 ], "rotation": 90, "autoUv": false }
											}
										}
									]
								}
							]
						},
						{
							"name": "Neck1",
							"from": [ -1.96, -0.007, 0.49 ],
							"to": [ 0.14, 0.623, 6.51 ],
							"unwrapMode": 7,
							"unwrapRotation": 1,
							"autoUnwrap": false,
							"uv": [ 10.0, 11.5 ],
							"rotationOrigin": [ -1.96, 0.0, 0.49 ],
							"faces": {
								"north": { "texture": "#skin", "uv": [ 19.0, 12.0, 19.5, 15.0 ], "rotation": 90, "autoUv": false },
								"south": { "texture": "#skin", "uv": [ 10.0, 12.0, 10.5, 15.0 ], "rotation": 270, "autoUv": false },
								"west": { "texture": "#skin", "uv": [ 10.5, 11.0, 19.0, 11.5 ], "rotation": 180, "autoUv": false },
								"up": { "texture": "#skin", "uv": [ 10.5, 12.0, 19.0, 15.0 ], "rotation": 270, "autoUv": false },
								"down": { "texture": "#skin", "uv": [ 27.0, 12.0, 35.5, 15.0 ], "rotation": 90, "autoUv": false }
							},
							"children": [
								{
									"name": "Neck2",
									"from": [ -2.1, -0.007, 0.91 ],
									"to": [ 0.0, 0.623, 5.11 ],
									"unwrapMode": 7,
									"unwrapRotation": 1,
									"autoUnwrap": false,
									"uv": [ 11.0, 8.0 ],
									"rotationOrigin": [ -2.1, 0.0, 0.91 ],
									"faces": {
										"north": { "texture": "#skin", "uv": [ 17.5, 8.5, 18.0, 11.5 ], "rotation": 90, "autoUv": false },
										"south": { "texture": "#skin", "uv": [ 11.0, 8.5, 11.5, 11.5 ], "rotation": 270, "autoUv": false },
										"west": { "texture": "#skin", "uv": [ 11.5, 7.5, 17.5, 8.0 ], "rotation": 180, "autoUv": false },
										"up": { "texture": "#skin", "uv": [ 11.5, 8.5, 17.5, 11.5 ], "rotation": 270, "autoUv": false },
										"down": { "texture": "#skin", "uv": [ 24.5, 8.5, 30.5, 11.5 ], "rotation": 90, "autoUv": false }
									}
								}
							]
						}
					]
				}
			]
		}
	]}