﻿{
  "code": "armor",
  "class": "CombatOverhaul:WearableArmor",
  "variantgroups": [
    {"code": "bodypart", "states": ["head"]},
    {"code": "construction", "states": ["plate"]},
    {"code": "material", "states": ["copper", "tinbronze", "bismuthbronze", "blackbronze", "iron", "meteoriciron", "steel", "gold", "silver"]},
    {"code": "subtype", "states": ["open", "light"]}
  ],
  "skipVariants": ["*-gold-light", "*-silver-light"],
  "shapeByType": {"*-*bronze-*": {"base": "armor/{construction}/{subtype}-helmet/{bodypart}-bronze"}, "*": {"base": "armor/{construction}/{subtype}-helmet/{bodypart}-{material}"}},
  "texturesByType": {
    "*-open": {"seraph": {"base": "game:block/transparent"}, "material": {"base": "armor/chain/{material}"}},
    "*-light": {"seraph": {"base": "game:block/transparent"}, "material": {"base": "armor/scale/{material}"}}
  },
  "storageFlags": 128,
  "attributes": {
    "visibleDamageEffect": true,
    "materialCount": 4,
    "clothesCategory": "armorhead",
    "attachableToEntity": {
      "texturePrefixCode": "armor-{bodypart}-{construction}-{material}-{subtype}",
      "disableElementsByType": {
        "*-open": ["hidehat", "Hood", "hoodupperover", "Hair tile upper part", "ponytailhigh", "ponytaillow", "hair-uncovered", "sidehigh", "sidelow", "bangs"],
        "*-light": ["hidehat", "Hood", "hoodupperover", "Hair tile upper part", "ponytailhigh", "ponytaillow", "hair-uncovered", "sidehigh", "sidelow", "bangs"]
      },
      "keepElementsByType": {"*": []}
    }
  },
  "behaviors": [
    {
      "name": "CombatOverhaul:Armor",
      "properties": {
        "Layers": ["Outer"],
        "ZonesByType": {"*-open": ["Head"], "*-light": ["Head", "Face"]},
        "ResistsByType": {
          "*-copper-*": {"PiercingAttack": 6, "SlashingAttack": 6, "BluntAttack": 2},
          "*-*bronze-*": {"PiercingAttack": 8, "SlashingAttack": 8, "BluntAttack": 3},
          "*-*iron-*": {"PiercingAttack": 10, "SlashingAttack": 10, "BluntAttack": 4},
          "*-steel-*": {"PiercingAttack": 12, "SlashingAttack": 12, "BluntAttack": 5},
          "*-gold-*": {"PiercingAttack": 4, "SlashingAttack": 6, "BluntAttack": 4},
          "*-silver-*": {"PiercingAttack": 4, "SlashingAttack": 6, "BluntAttack": 4}
        },
        "FlatReductionByType": {
          "*-*iron-*": {"PiercingAttack": 1, "SlashingAttack": 0, "BluntAttack": 1},
          "*-steel-*": {"PiercingAttack": 1, "SlashingAttack": 1, "BluntAttack": 1},
          "*": {"PiercingAttack": 0, "SlashingAttack": 0, "BluntAttack": 0}
        },
        "PlayerStatsByType": {
          "*-open": {"walkspeed": 0, "manipulationSpeed": 0, "steadyAim": 0, "healingeffectivness": -0.01, "hungerrate": 0.01},
          "*-light": {"walkspeed": 0, "manipulationSpeed": 0, "steadyAim": -0.1, "healingeffectivness": -0.02, "hungerrate": 0.02}
        }
      }
    }
  ],
  "durabilityByType": {
    "*-gold-*": 800,
    "*-silver-*": 2000,
    "*-copper-*": 1000,
    "*-tinbronze-*": 2000,
    "*-bismuthbronze-*": 1800,
    "*-blackbronze-*": 2400,
    "*-iron-*": 4400,
    "*-meteoriciron-*": 5600,
    "*-steel-*": 11000
  },
  "creativeinventory": {"armory-armor": ["*"]},
  "renderAlphaTest": 0.25,
  "heldTpIdleAnimation": "holdunderarm",
  "tpHandTransformByType": {
    "*": {"translation": {"x": -0.82, "y": -2.2, "z": -0.5}, "rotation": {"x": 18, "y": 169, "z": 30}, "origin": {"x": 0.5, "y": 1.7, "z": 0.5}, "scale": 0.64}
  },
  "guiTransformByType": {"*": {"translation": {"x": 0, "y": 0, "z": 0}, "rotation": {"x": -26, "y": -46, "z": -180}, "origin": {"x": 0.6, "y": 1.72, "z": 0.5}, "scale": 2}},
  "groundTransformByType": {"*": {"translation": {"x": 0, "y": 0, "z": 0}, "rotation": {"x": 0, "y": 0, "z": 0}, "origin": {"x": 0.34, "y": 1.71, "z": 0.5}, "scale": 3.1}}
}