{
	"code": "caninae-canina",
	"class": "EntityAgent",
	"variantgroups": [
    {"code": "age","states": [ "baby"]},
    {"code": "gender","states": [ "female","male"]},
    {"code": "genus","states": [ "aenocyon","canis","cuon","cynotherium","lupulella","lycaon"]},
    {"code": "species","states": [ "dirus","aureus","familiaris","latrans","lupastor","lupus","lupusarctos","lupusdingo","lycaon","rufus","simensis","alpinus","sardous","adusta","mesomelas","pictus"]}
	],
	"allowedVariants": [
		"*-aenocyon-dirus",
		"*-canis-aureus",
		"*-canis-familiaris",
		"*-canis-latrans",
		"*-canis-lupastor",
		"*-canis-lupus",
		"*-canis-lupusarctos",
		"*-canis-lupusdingo",
		"*-canis-lycaon",
		"*-canis-rufus",
		"*-canis-simensis",
		"*-cuon-alpinus",
		"*-cynotherium-sardous",
		"*-lupulella-adusta",
		"*-lupulella-mesomelas",
		"*-lycaon-pictus"
	],
	"collisionBoxSizeByType": {
		"*-aenocyon-dirus": {	"x": 0.2,"y": 0.2},
		"*-canis-aureus": {	"x": 0.1,"y": 0.1},
		"*-canis-familiaris": {	"x": 0.2,"y": 0.2},
		"*-canis-latrans": {	"x": 0.12,"y": 0.12},
		"*-canis-lupastor": {	"x": 0.1,"y": 0.1},
		"*-canis-lupus": {	"x": 0.2,"y": 0.2},
		"*-canis-lupusarctos": {	"x": 0.2,"y": 0.2},
		"*-canis-lupusdingo": {	"x": 0.12,"y": 0.12},
		"*-canis-lycaon": {	"x": 0.2,"y": 0.2},
		"*-canis-rufus": {	"x": 0.12,"y": 0.12},
		"*-canis-simensis": {	"x": 0.12,"y": 0.12},
		"*-cuon-alpinus": {	"x": 0.1,"y": 0.1},
		"*-cynotherium-sardous": {	"x": 0.1,"y": 0.1},
		"*-lupulella-adusta": {	"x": 0.1,"y": 0.1},
		"*-lupulella-mesomelas": {	"x": 0.1,"y": 0.1},
		"*-lycaon-pictus": { "x": 0.15,"y": 0.15}
	},
	"deadCollisionBoxSizeByType": {
		"*-aenocyon-dirus": {	"x": 0.2,"y": 0.1},
		"*-canis-aureus": {	"x": 0.1,"y": 0.05},
		"*-canis-familiaris": {	"x": 0.2,"y": 0.1},
		"*-canis-latrans": {	"x": 0.12,"y": 0.05},
		"*-canis-lupastor": {	"x": 0.1,"y": 0.05},
		"*-canis-lupus": {	"x": 0.2,"y": 0.1},
		"*-canis-lupusarctos": {	"x": 0.2,"y": 0.1},
		"*-canis-lupusdingo": {	"x": 0.12,"y": 0.05},
		"*-canis-lycaon": {	"x": 0.2,"y": 0.1},
		"*-canis-rufus": {	"x": 0.12,"y": 0.05},
		"*-canis-simensis": {	"x": 0.12,"y": 0.05},
		"*-cuon-alpinus": {	"x": 0.1,"y": 0.05},
		"*-cynotherium-sardous": {	"x": 0.1,"y": 0.05},
		"*-lupulella-adusta": {	"x": 0.1,"y": 0.05},
		"*-lupulella-mesomelas": {	"x": 0.1,"y": 0.05},
		"*-lycaon-pictus": { "x": 0.15,"y": 0.075 }
	},
	"eyeHeightByType": {
		"*-aenocyon-dirus": 0.25,
		"*-canis-aureus": 0.125,
		"*-canis-familiaris": 0.25,
		"*-canis-latrans": 0.15,
		"*-canis-lupastor": 0.125,
		"*-canis-lupus": 0.25,
		"*-canis-lupusarctos": 0.25,
		"*-canis-lupusdingo": 0.15,
		"*-canis-lycaon": 0.3,
		"*-canis-rufus": 0.15,
		"*-canis-simensis": 0.15,
		"*-cuon-alpinus": 0.125,
		"*-cynotherium-sardous": 0.125,
		"*-lupulella-adusta": 0.125,
		"*-lupulella-mesomelas": 0.125,
		"*-lycaon-pictus": 0.185
	},
	"weightByType": {
		"*-aenocyon-dirus": 10,
		"*-canis-aureus": 1,
		"*-canis-familiaris": 5,
		"*-canis-latrans": 1,
		"*-canis-lupastor": 1,
		"*-canis-lupus": 5,
		"*-canis-lupusarctos": 5,
		"*-canis-lupusdingo": 2,
		"*-canis-lycaon": 5,
		"*-canis-rufus": 5,
		"*-canis-simensis": 4,
		"*-cuon-alpinus": 4,
		"*-cynotherium-sardous": 1,
		"*-lupulella-adusta": 3,
		"*-lupulella-mesomelas": 3,
		"*-lycaon-pictus": 2
	},
	"attributes": {
		"creatureDiet": {"foodTags": ["meat"]},
		"basketCatchableByType": { "*":  true },
		"trapChance": 0.4,
		"trapDestroyChance": 0.05,
		"handbook": {"groupcode": "creaturegroup-caninae"}},
	"drops": [],
	"client": {
		"renderer": "Shape",
		"shapeByType": {
			"*-aenocyon-dirus": { "base": "entity/canina/lupus-baby" },
		"*-canis-aureus": { "base": "entity/canina/lupus-baby" },
		"*-canis-familiaris": { "base": "entity/canina/lupus-baby" },
		"*-canis-latrans": { "base": "entity/canina/lupus-baby" },
		"*-canis-lupastor": { "base": "entity/canina/lupus-baby" },
		"*-canis-lupus": { "base": "entity/canina/lupus-baby" },
		"*-canis-lupusarctos": { "base": "entity/canina/lupus-baby" },
		"*-canis-lupusdingo": { "base": "entity/canina/lupus-baby" },
		"*-canis-lycaon": { "base": "entity/canina/lupus-baby" },
		"*-canis-rufus": { "base": "entity/canina/lupus-baby" },
		"*-canis-simensis": { "base": "entity/canina/lupus-baby" },
		"*-cuon-alpinus": { "base": "entity/canina/lupus-baby" },
		"*-cynotherium-sardous": { "base": "entity/canina/lupus-baby" },
		"*-lupulella-adusta": { "base": "entity/canina/lupus-baby" },
		"*-lupulella-mesomelas": { "base": "entity/canina/lupus-baby" },
		"*-lycaon-pictus": { "base": "entity/canina/lupus-baby" }
		},
		"textureByType": {
			"*-aenocyon-dirus": { "base": "entity/aenocyon/dirus-baby" },
			"*-canis-aureus": { "base": "entity/canis/aureus-baby" },
			"*-canis-familiaris": { "base": "entity/canis/latrans-baby"}, 
			"*-canis-latrans": { "base": "entity/canis/latrans-baby" },
			"*-canis-lupastor": { "base": "entity/canis/aureus-baby" },
			"*-canis-lupus": { "base": "entity/canis/latrans-baby" },
			"*-canis-lupusarctos": { "base": "entity/canis/lupusarctos-baby" },
			"*-canis-lupusdingo": { "base": "entity/canis/lupusdingo-baby" },
			"*-canis-lycaon": { "base": "entity/canis/latrans-baby" },
			"*-canis-rufus": { "base": "entity/canis/latrans-baby" },
			"*-canis-simensis": { "base": "entity/canis/simensis-baby" },
			"*-cuon-alpinus": { "base": "entity/canis/simensis-baby" },
			"*-cynotherium-sardous": { "base": "entity/canis/lupusdingo-baby" },
			"*-lupulella-adusta": { "base": "entity/aenocyon/dirus-baby" },
			"*-lupulella-mesomelas": { "base": "entity/aenocyon/dirus-baby" },
			"*-lycaon-pictus": { "base": "entity/lycaon/pictus-baby" }
		},
		"sizeByType": {
		"*-aenocyon-dirus": 0.5,
		"*-canis-aureus": 0.25,
		"*-canis-familiaris": 0.5,
		"*-canis-latrans": 0.3,
		"*-canis-lupastor": 0.25,
		"*-canis-lupus": 0.5,
		"*-canis-lupusarctos": 0.5,
		"*-canis-lupusdingo": 0.3,
		"*-canis-lycaon": 0.45,
		"*-canis-rufus": 0.3,
		"*-canis-simensis": 0.3,
		"*-cuon-alpinus": 0.25,
		"*-cynotherium-sardous": 0.25,
		"*-lupulella-adusta": 0.25,
		"*-lupulella-mesomelas": 0.25,
		"*-lycaon-pictus": 0.375
		},
		"sizeGrowthFactor": 0.2,
		"behaviors": [
			{"code": "repulseagents" },
			{"code": "controlledphysics","stepHeight": 1.1251},
			{"code": "floatupwhenstuck","onlyWhenDead": true},
			{"code": "interpolateposition" },
			{"code": "harvestable","quantitySlots": 8},{"code": "despawn","minPlayerDistance": 8,"belowLightLevel": 8,"minSeconds": 300},
			{"code": "ropetieable","minGeneration": 2}
		],
		"animations": [
			{"code": "hurt","animation": "Hurt","animationSpeed": 2.2,"weight": 10,"blendMode": "AddAverage"},
			{"code": "die","animation": "Death","animationSpeed": 1.25,"weight": 10,"blendMode": "Average","triggeredBy": { "onControls": [ "dead" ] }},
			{"code": "idle","animation": "Idle","blendMode": "AddAverage","easeOutSpeed": 4,"triggeredBy": { "defaultAnim": true }},
			{"code": "sleep","animation": "Sleep","easeInSpeed": 4,"easeOutSpeed": 4,"blendMode": "Average"},
			{"code": "sit","animation": "Sit","easeInSpeed": 4,"easeOutSpeed": 4,"blendMode": "Average"},
			{"code": "lie","animation": "Lie","easeInSpeed": 4,"easeOutSpeed": 4,"blendMode": "Average"},
			{"code": "swim","animation": "Swim","supressDefaultAnimation": true,"blendMode": "Average"},
			{"code": "walk","animation": "Walk","supressDefaultAnimation": true,"blendMode": "AddAverage"},
			{"code": "trot","animation": "Trot","supressDefaultAnimation": true,"blendMode": "AddAverage"},
			{"code": "canter","animation": "Canter","supressDefaultAnimation": true,"blendMode": "AddAverage"},
			{"code": "gallop","animation": "Gallop","supressDefaultAnimation": true,"blendMode": "AddAverage"}
		]
	},
	"server": {
		"attributes": {
			"pathfinder": {
				"minTurnAnglePerSec": 90,
				"maxTurnAnglePerSec": 270
			}
		},
		"behaviors": [
			{ "code": "repulseagents" },
			{"code": "controlledphysics","stepHeight": 1.1251},
			{"code": "despawn","minPlayerDistance": 8,"belowLightLevel": 8,"minSeconds": 300},
			{"code": "health",
				"maxhealthByType": {
				"*-aenocyon-dirus": 5,
				"*-canis-aureus": 3,
				"*-canis-familiaris": 4,
				"*-canis-latrans": 3,
				"*-canis-lupastor": 3,
				"*-canis-lupus": 4,
				"*-canis-lupusarctos": 4,
				"*-canis-lupusdingo": 3,
				"*-canis-lycaon": 4,
				"*-canis-rufus": 4,
				"*-canis-simensis": 3,
				"*-cuon-alpinus": 3,
				"*-cynotherium-sardous": 3,
				"*-lupulella-adusta": 3,
				"*-lupulella-mesomelas": 3,
				"*-lycaon-pictus":3
				}
			},
			{"code": "deaddecay",
				"hoursToDecay": 96,
				"decayedBlockByType": {
				"*-canina-*": "carcass-tiny"
				}
			},
			{"code": "floatupwhenstuck","onlyWhenDead": true},
			{"code": "harvestable",
				"quantitySlots": 8,
				"drops": [
					{
						"type": "item",
						"code": "caninae:pelt-canina-baby-{genus}-{species}",
						"quantityByType": {
							"*": {"avg": 1.0,"var": 0.0}
						}
					}
				]
			},
			{"code": "breathe" },
			{"code": "emotionstates",
				"states": [
					{"code": "fleeondamage","duration": 120,
						"chanceByType": {
							"*-caninia-*": 0.99
						},
						"slot": 0,"priority": 5,"accumType": "max","whenHealthRelBelow": 0.99},
					{"code": "fleeondamage","duration": 60,"chance": 1,"priority": 1,"accumType": "max"},
					{"code": "alarmherdondamage","chance": 1,"slot": 1,"priority": 1,"accumType": "max"},
					{"code": "saturated","duration": 2400,"chance": 1,"slot": 0,"priority": 1,"accumType": "sum"}
				]
			},
			{"code": "grow",
				"hoursToGrowByType": {
					"*-aenocyon-dirus": 525,
					"*-canis-aureus": 160,
					"*-canis-familiaris": 345,
					"*-canis-latrans": 116,
					"*-canis-lupastor": 160,
					"*-canis-lupus": 525,
					"*-canis-lupusarctos": 525,
					"*-canis-lupusdingo": 345,
					"*-canis-lycaon": 345,
					"*-canis-rufus": 345,
					"*-canis-simensis": 345,
					"*-cuon-alpinus": 116,
					"*-cynotherium-sardous": 116,
					"*-lupulella-adusta": 160,
					"*-lupulella-mesomelas": 160,
					"*-lycaon-pictus": 345
				},
				"adultEntityCodesByType": {"*": [ "caninae:caninae-canina-adult-{gender}-{genus}-{species}" ]}
			},
			{
				"code": "taskai",
				"aitasks": [
					{
						"code": "fleeentity",
						"entityCodesByType": {
							"*-familiaris":[ "bear-*",  "hyena-*", "moose-*","caninae-cerdocyonina-adult-*", "caninae-urocyonina-adult-*", "hyaenidae-adult-*","machairodontinae-*", "pantherinae-neofelis-adult-*","pantherinae-panthera-adult-*","procyonidae-*","ursidae-adult-*"  ],
							"*":[ "player",  "bear-*", "fox-*", "hyena-*", "pig-*", "caninae-cerdocyonina-adult-*", "caninae-urocyonina-adult-*", "caninae-vulpini-adult-*", "hyaenidae-adult-*","machairodontinae-*", "pantherinae-neofelis-adult-*","pantherinae-panthera-adult-*","procyonidae-*","suidae-adult-*","suidae-elder-*","ursidae-adult-*"  ]
						},
						"priority": 3.81,
						"movespeedByType": {"*-aenocyon-dirus": 0.015,"*-canis-aureus":0.0075,"*-canis-familiaris":0.015,"*-canis-latrans":0.009,"*-canis-lupastor":0.0075,"*-canis-lupus":0.015,"*-canis-lupusarctos":0.015,"*-canis-lupusdingo":0.009,"*-canis-lycaon":0.014,"*-canis-rufus":0.009,"*-canis-simensis":0.009,"*-cuon-alpinus":0.0075,"*-cynotherium-sardous":0.0075,"*-lupulella-adusta":0.0075,"*-lupulella-mesomelas":0.0075,"*-lycaon-pictus":0.01125},
						"seekingRange": 12,
						"animation": "Gallop",
						"soundByType": {"*":"game:creature/wolf/pup-flop"},
						"animationSpeed": 2
					},
					{
						"code": "fleeentity",
						"entityCodesByType": {
							"*-familiaris":[ "bear-*",  "hyena-*", "moose-*","caninae-cerdocyonina-adult-*", "caninae-urocyonina-adult-*", "hyaenidae-adult-*", "pantherinae-neofelis-adult-*","machairodontinae-*","pantherinae-panthera-adult-*","procyonidae-*","ursidae-adult-*"  ],
							"*":[ "player",  "bear-*", "fox-*", "hyena-*", "pig-*", "caninae-cerdocyonina-adult-*", "caninae-urocyonina-adult-*", "caninae-vulpini-adult-*", "hyaenidae-adult-*","machairodontinae-*", "pantherinae-neofelis-adult-*","pantherinae-panthera-adult-*","procyonidae-*","suidae-adult-*","suidae-elder-*","ursidae-adult-*"  ]
						},
						"priority": 3.83,
						"movespeedByType": {"*-aenocyon-dirus": 0.01,"*-canis-aureus":0.005,"*-canis-familiaris":0.01,"*-canis-latrans":0.006,"*-canis-lupastor":0.005,"*-canis-lupus":0.01,"*-canis-lupusarctos":0.01,"*-canis-lupusdingo":0.006,"*-canis-lycaon":0.009,"*-canis-rufus":0.006,"*-canis-simensis":0.006,"*-cuon-alpinus":0.005,"*-cynotherium-sardous":0.005,"*-lupulella-adusta":0.005,"*-lupulella-mesomelas":0.005,"*-lycaon-pictus":0.0075},
						"seekingRange": 25,
						"animation": "Canter",
						"animationSpeed": 2.0,
						"soundByType": {"*":"game:creature/wolf/pup-flop"},
						"whenInEmotionState": "fleeondamage"
					},
					{
						"code": "fleeentity",
						"entityCodesByType": {
							"*": [ "gazelle-*","bear-*", "deer-*","fox-*","goat-*","moose-*","pig-*","sheep-*", "wolf-*", "antilopinae-*", "caprinae-*",  "caninae-cerdocyonina-*", "caninae-urocyonini-*","caninae-vulpini-*", "cervidae-*","machairodontinae-*","pantherinae-*","procyonidae-*","suidae-*","ursidae-*" ]
						},
						"priority": 3.8,
						"movespeedByType": {"*-dirus": 0.005,"*-aureus":0.0025,"*-canis-familiaris":0.005,"*-canis-latrans":0.003,"*-canis-lupastor":0.0025,"*-canis-lupus":0.005,"*-canis-lupusarctos":0.005,"*-canis-lupusdingo":0.003,"*-canis-lycaon":0.0045,"*-canis-rufus":0.003,"*-canis-simensis":0.003,"*-cuon-alpinus":0.0025,"*-cynotherium-sardous":0.0025,"*-lupulella-adusta":0.0025,"*-lupulella-mesomelas":0.0025,"*-lycaon-pictus":0.00375},
						"seekingRange": 25,
						"animation": "Trot",
						"animationSpeed": 2.0,
						"whenNotInEmotionState": "aggressiveondamage"
					},
					{
						"code": "getoutofwater",
						"priority": 1.8,
						"priorityForCancel": 1.85,
						"movespeedByType": {"*-dirus": 0.015,"*-aureus":0.0075,"*-canis-familiaris":0.015,"*-canis-latrans":0.009,"*-canis-lupastor":0.0075,"*-canis-lupus":0.015,"*-canis-lupusarctos":0.015,"*-canis-lupusdingo":0.009,"*-canis-lycaon":0.0135,"*-canis-rufus":0.009,"*-canis-simensis":0.009,"*-cuon-alpinus":0.0075,"*-cynotherium-sardous":0.0075,"*-lupulella-adusta":0.0075,"*-lupulella-mesomelas":0.0075,"*-lycaon-pictus":0.01125},
						"animation": "Swim",
						"animationSpeed": 1
					},
					{
						"code": "stayclosetoentity",
						"priority": 1.4,
						"entityCodeByType": {
							"*-familiaris": "player",
							"*-canina-*": "*-canina-adult-female-{genus}-*"
						},
						"chance": 0.1,
						"movespeedByType": {"*-dirus": 0.003,"*-aureus":0.0015,"*-canis-familiaris":0.003,"*-canis-latrans":0.0018,"*-canis-lupastor":0.0015,"*-canis-lupus":0.003,"*-canis-lupusarctos":0.003,"*-canis-lupusdingo":0.0018,"*-canis-lycaon":0.0027,"*-canis-rufus":0.0018,"*-canis-simensis":0.0018,"*-cuon-alpinus":0.0015,"*-cynotherium-sardous":0.0015,"*-lupulella-adusta":0.0015,"*-lupulella-mesomelas":0.0015,"*-lycaon-pictus":0.00225},
						"maxDistance": 5,
						"searchRange": 25,
						"animation": "Trot",
						"animationSpeed": 2,
						"stopOnHurt": true,
						"soundByType": {"*":"game:creature/wolf/pup-flop"}
					},
					{
						"code": "idle",
						"priority": 1.3,
						"minduration": 200000,
						"maxduration": 800000,
						"mincooldown": 10000,
						"maxcooldown": 30000,
						"animation": "Sleep",
						"animationSpeed": 0.3,
						"whenNotInEmotionState": "aggressiveondamage",
						"duringDayTimeFramesByType": {
							"*-aenocyon-dirus":[{"fromHour": 11,"toHour": 15},{"fromHour": 22,"toHour": 24},{"fromHour": 0,"toHour": 4}],
							"*-canis-aureus":[{"fromHour": 10,"toHour": 13},{"fromHour": 21,"toHour": 24},{"fromHour": 0,"toHour": 5}],
							"*-canis-familiaris":[{"fromHour": 21,"toHour": 24},{"fromHour": 0,"toHour": 9}],
							"*-canis-latrans":[{"fromHour": 22,"toHour": 24},{"fromHour": 0,"toHour": 6},{"fromHour": 12,"toHour": 14}],
							"*-canis-lupastor":[{"fromHour": 11,"toHour": 13},{"fromHour": 20,"toHour": 24},{"fromHour": 0,"toHour": 7}],
							"*-canis-lupus":[{"fromHour": 9,"toHour": 18}],
							"*-canis-lupusarctos":[{"fromHour": 11,"toHour": 14},{"fromHour": 21,"toHour": 24},{"fromHour": 0,"toHour": 4}],
							"*-canis-lupusdingo":[{"fromHour": 22,"toHour": 24},{"fromHour": 0,"toHour": 6},{"fromHour": 12,"toHour": 14}],
							"*-canis-lycaon":[{"fromHour": 10,"toHour": 19}],
							"*-canis-rufus":[{"fromHour": 22,"toHour": 24},{"fromHour": 0,"toHour": 6},{"fromHour": 11,"toHour": 16}],
							"*-canis-simensis":[{"fromHour": 18,"toHour": 24},{"fromHour": 0,"toHour": 6}],
							"*-cuon-alpinus":[{"fromHour": 12,"toHour": 16},{"fromHour": 20,"toHour": 24},{"fromHour": 0,"toHour": 6}],
							"*-cynotherium-sardous":[{"fromHour": 12,"toHour": 16},{"fromHour": 20,"toHour": 24},{"fromHour": 0,"toHour": 6}],
							"*-lupulella-adusta":[{"fromHour": 11,"toHour": 13},{"fromHour": 21,"toHour": 24},{"fromHour": 0,"toHour": 4}],
							"*-lupulella-mesomelas":[{"fromHour": 12,"toHour": 15},{"fromHour": 22,"toHour": 24},{"fromHour": 0,"toHour": 5}],
							"*-lycaon-pictus":[{"fromHour": 16,"toHour": 24},{"fromHour": 0,"toHour": 8}]},
						"stopOnNearbyEntityCodes": [ "player" ],
						"stopRange": 6,
						"stopOnHurt": true
					},
					{
						"code": "idle",
						"priority": 1.0,
						"priorityForCancel": 1.35,
						"minduration": 4667,
						"maxduration": 4667,
						"chance": 0.02,
						"mincooldown": 8000,
						"maxcooldown": 50000,
						"animation": "Bark",
						"animationSpeed": 1.0,
						"soundByType": {"*":"game:creature/wolf/pup-bark"},
						"soundRangeByType": {"*": 25},
						"stopOnHurt": true
					},
					{
						"code": "idle",
						"priority": 1.0,
						"priorityForCancel": 1.35,
						"minduration": 4667,
						"maxduration": 4667,
						"chance": 0.02,
						"mincooldown": 8000,
						"maxcooldown": 50000,
						"animation": "Howl",
						"animationSpeed": 1.0,
						"soundByType": {"*":"game:creature/wolf/pup-howl"},
						"soundRangeByType": {"*": 25},
						"stopOnHurt": true
					},
					{
						"code": "wander",
						"priority": 1.0,
						"priorityForCancel": 1.35,
						"chance": 0.5,
						"movespeedByType": {"*-aenocyon-dirus": 0.003,"*-canis-aureus":0.0015,"*-canis-familiaris":0.003,"*-canis-latrans":0.0018,"*-canis-lupastor":0.0015,"*-canis-lupus":0.003,"*-canis-lupusarctos":0.003,"*-canis-lupusdingo":0.0018,"*-canis-lycaon":0.0027,"*-canis-rufus":0.0018,"*-canis-simensis":0.008,"*-cuon-alpinus":0.0015,"*-cynotherium-sardous":0.0015,"*-lupulella-adusta":0.0015,"*-lupulella-mesomelas":0.0015,"*-lycaon-pictus":0.00225},
						"animationSpeedByType": {"*": 2},
						"animation": "Trot",
						"preferredLightLevel": 8,
						"stopOnHurt": true
					},
					{
						"code": "wander",
						"priority": 1.0,
						"priorityForCancel": 1.35,
						"chance": 0.25,
						"movespeedByType": {"*-aenocyon-dirus": 0.0015,"*-canis-aureus":0.00075,"*-canis-familiaris":0.0015,"*-canis-latrans":0.0009,"*-canis-lupastor":0.00075,"*-canis-lupus":0.0015,"*-canis-lupusarctos":0.0015,"*-canis-lupusdingo":0.0009,"*-canis-lycaon":0.00135,"*-canis-rufus":0.0009,"*-canis-simensis":0.0009,"*-cuon-alpinus":0.00075,"*-cynotherium-sardous":0.00075,"*-lupulella-adusta":0.00075,"*-lupulella-mesomelas":0.00075,"*-lycaon-pictus":0.001125},
						"animationSpeedByType": {"*": 1},
						"animation": "Walk",
						"preferredLightLevel": 8,
						"stopOnHurt": true
					},
					{
						"code": "idle",
						"priority": 0.9,
						"minduration": 6000,
						"maxduration": 45000,
						"mincooldown": 6000,
						"maxcooldown": 120000,
						"priorityForCancel": 1.28,
						"stopOnNearbyEntityCodes": [ "player", "bear-*","pig-*","caninae-vulpini-*","caninae-cerdocyonina-*", "caninae-urocyonini-*","machairodontinae-*", "pantherinae-*","suidae-*" ],
						"stopRange": 10,
						"stopOnHurt": true,
						"animation": "Lie"
					},
					{
						"code": "idle",
						"priority": 0.9,
						"minduration": 6000,
						"maxduration": 45000,
						"mincooldown": 6000,
						"maxcooldown": 120000,
						"priorityForCancel": 1.28,
						"stopOnNearbyEntityCodes": [ "player","bear-*","pig-*","caninae-vulpini-*","caninae-cerdocyonina-*", "caninae-urocyonini-*","machairodontinae-*","pantherinae-*","suidae-*" ],
						"stopRange": 10,
						"stopOnHurt": true,
						"animation": "Sit"
					},
					{
						"code": "seekfoodandeat",
						"movespeedByType": {"*-aenocyon-dirus": 0.0015,"*-canis-aureus":0.00075,"*-canis-familiaris":0.0015,"*-canis-latrans":0.0009,"*-canis-lupastor":0.00075,"*-canis-lupus":0.0015,"*-canis-lupusarctos":0.0015,"*-canis-lupusdingo":0.0009,"*-canis-lycaon":0.00135,"*-canis-rufus":0.0009,"*-canis-simensis":0.0009,"*-cuon-alpinus":0.00075,"*-cynotherium-sardous":0.00075,"*-lupulella-adusta":0.00075,"*-lupulella-mesomelas":0.00075,"*-lycaon-pictus":0.001125},	
						"priority": 1.34,
						"animationSpeed": 0.95,
						"eatTime": 2,
						"eatItemCategories": [ "protein" ],
						"animation": "Walk",
						"eatAnimation": "Eat"
					},
					{
						"code": "lookaround",
						"priority": 0.5
					}
				]
			},
			{"code": "ropetieable","minGeneration": 2},
			{"code": "pettable","minGeneration": 1}],
		"spawnconditions": {
			"runtime": {
				"group": "neutral",
				"maxQuantity": 1,
				"spawnCapPlayerScaling": 0.01,
				"maxQuantityByGroup": {"code": "caninae-canina-*","maxQuantity": 2},
				"tryOnlySurface": true,
				"chanceByType": {"*": 0.0}
			}
		}
	},
	"soundsByType": {
"*":{"hurt": "game:creature/wolf/pup-hurt","death": "game:creature/wolf/pup-hurt","idle": "game:creature/wolf/pup-bark"}
	},
	"idleSoundChance": 0.05
}