{
	"code": "caninae-urocyonini",
	"class": "EntityAgent",
	"canClimb": true,
	"variantgroups": [
    {"code": "age","states": [ "baby"]},
    {"code": "gender","states": [ "female","male"]},
    {"code": "genus","states": [ "urocyon"]},
    {"code": "species","states": [ "cinereoargenteus","littoralis"]}
	],
	"allowedVariants": [
		"*-urocyon-cinereoargenteus",
		"*-urocyon-littoralis"
	],
	"collisionBoxSizeByType": {
		"*-urocyon-cinereoargenteus": {	"x": 0.4,"y": 0.35},
		"*-urocyon-littoralis": {	"x": 0.3,"y": 0.15}
	},
	"deadCollisionBoxSizeByType": {
		"*-urocyon-cinereoargenteus": {	"x": 0.4,"y": 0.3},
		"*-urocyon-littoralis": {	"x": 0.3,"y": 0.1}
	},
	"eyeHeightByType": {
		"*-urocyon-cinereoargenteus": 0.3,
		"*-urocyon-littoralis": 0.2
	},
	"weightByType": {
		"*-urocyon-cinereoargenteus": 0.5,
		"*-urocyon-littoralis": 0.2
	},
	"attributes": {
		"basketCatchableByType": { "*":  true },
		"trapChance": 0.4,
		"trapDestroyChance": 0.05,
		"creatureDiet": {"foodTags": ["sweetBerryBush", "fruitmash","meat","fruit"]},
		"handbook": {"groupcode": "creaturegroup-caninae"}
	},
	"drops": [],
	"client": {
		"renderer": "Shape",
		"shapeByType": {
			"*-urocyon-cinereoargenteus": { "base": "entity/urocyonini/cinereoargenteus-baby" },
			"*-urocyon-littoralis": { "base": "entity/urocyonini/cinereoargenteus-baby" }
		},
		"textureByType": {
			"*-urocyon-cinereoargenteus": { "base": "entity/urocyon/cinereoargenteus-baby" },
			"*-urocyon-littoralis": { "base": "entity/urocyon/cinereoargenteus-baby" }
		},
		"sizeByType": {
		"*-urocyon-cinereoargenteus": 0.5,
		"*-urocyon-littoralis": 0.25
		},
		"sizeGrowthFactor": 0.2,
		"behaviors": [
			{"code": "repulseagents" },
			{"code": "controlledphysics","stepHeight": 1.1251},
			{"code": "floatupwhenstuck","onlyWhenDead": true},
			{"code": "interpolateposition" },
			{"code": "harvestable","quantitySlots": 8},{"code": "despawn","minPlayerDistance": 8,"belowLightLevel": 8,"minSeconds": 300},
			{"code": "ropetieable","minGeneration": 2}
		],
		"animations": [
			{"code": "hurt","animation": "Hurt","animationSpeed": 2.2,"weight": 10,"blendMode": "AddAverage"},
			{"code": "die","animation": "Death","animationSpeed": 1.25,"weight": 10,"blendMode": "Average","triggeredBy": { "onControls": [ "dead" ] }},
			{"code": "idle","animation": "Idle","blendMode": "AddAverage","easeOutSpeed": 4,"triggeredBy": { "defaultAnim": true }},
			{"code": "sleep","animation": "Sleep","easeInSpeed": 4,"easeOutSpeed": 4,"blendMode": "Average"},
			{"code": "sit","animation": "Sit","easeInSpeed": 4,"easeOutSpeed": 4,"blendMode": "Average"},
			{"code": "lie","animation": "Lie","easeInSpeed": 4,"easeOutSpeed": 4,"blendMode": "Average"},
			{"code": "swim","animation": "Swim","supressDefaultAnimation": true,"blendMode": "Average"},
			{"code": "walk","animation": "Walk","supressDefaultAnimation": true,"blendMode": "AddAverage"},
			{"code": "trot","animation": "Trot","supressDefaultAnimation": true,"blendMode": "AddAverage"},
			{"code": "canter","animation": "Canter","supressDefaultAnimation": true,"blendMode": "AddAverage"},
			{"code": "gallop","animation": "Gallop","supressDefaultAnimation": true,"blendMode": "AddAverage"}
		]
	},
	"server": {
		"attributes": {
			"pathfinder": {
				"minTurnAnglePerSec": 90,
				"maxTurnAnglePerSec": 270
			}
		},
		"behaviors": [
			{ "code": "repulseagents" },
			{"code": "controlledphysics","stepHeight": 1.1251},
			{"code": "despawn","minPlayerDistance": 8,"belowLightLevel": 8,"minSeconds": 300},
			{"code": "health",
				"maxhealthByType": {
				"*-urocyon-cinereoargenteus": 2,
				"*-urocyon-littoralis": 2
				}
			},
			{"code": "deaddecay",
				"hoursToDecay": 96,
				"decayedBlockByType": {
				"*-urocyon-*": "carcass-tiny"
				}
			},
			{"code": "floatupwhenstuck","onlyWhenDead": true},
			{"code": "harvestable",
				"quantitySlots": 8,
				"drops": [
					{
						"type": "item",
						"code": "game:bushmeat-raw",
						"quantityByType": {
							"*-urocyon-cinereoargenteus": {"avg": 0,"var": 0.1},
							"*-urocyon-littoralis": {"avg": 0,"var": 0.1}
						}
					},
					{
						"type": "item",
						"code": "game:fat",
						"quantityByType": {
							"*-urocyon-cinereoargenteus": {"avg": 0,"var": 0.1},
							"*-urocyon-littoralis": {"avg": 0,"var": 0.1}
						}
					},
					{
						"type": "item",
						"code": "caninae:pelt-urocyonini-baby-{genus}-{species}",
						"quantityByType": {
							"*": {"avg": 1.0,"var": 0.0}
						}
					}
				]
			},
			{"code": "breathe" },
			{"code": "emotionstates",
				"states": [
					{"code": "fleeondamage","duration": 120,
						"chanceByType": {
							"*-urocyon-*": 0.99
						},
						"slot": 0,"priority": 5,"accumType": "max","whenHealthRelBelow": 0.99},
					{"code": "fleeondamage","duration": 60,"chance": 1,"priority": 1,"accumType": "max"},
					{"code": "alarmherdondamage","chance": 1,"slot": 1,"priority": 1,"accumType": "max"},
					{"code": "saturated","duration": 2400,"chance": 1,"slot": 0,"priority": 1,"accumType": "sum"}
				]
			},
			{"code": "grow",
				"hoursToGrowByType": {
					"*-urocyon-cinereoargenteus": 145,
					"*-urocyon-littoralis": 145
				},
				"adultEntityCodes": [ "caninae:caninae-urocyonini-adult-{gender}-{genus}-{species}" ]
			},
			{
				"code": "taskai",
				"aitasks": [
					{
						"code": "fleeentity",
						"entityCodesByType": {
							"*-urocyon-*":[ "player", "wolf-*", "bear-*", "fox-*", "hyena-*", "moose-*", "pig-*", "caninae-canina-adult-*", "caninae-cerdocyonina-adult-*", "caninae-vulpini-adult-*", "hyaenidae-adult-*","machairodontinae-adult-*", "pantherinae-neofelis-adult-*","pantherinae-panthera-adult-*","procyonidae-*","suidae-adult-*","suidae-elder-*","ursidae-adult-*"  ]
						},
						"priority": 3.81,
						"movespeedByType": {"*-urocyon-cinereoargenteus": 0.02,"*-urocyon-littoralis":0.016},
						"seekingRange": 12,
						"animation": "Gallop",
						"animationSpeed": 2
					},
					{
						"code": "fleeentity",
						"entityCodesByType": {
							"*-urocyon-*":[ "player", "wolf-*", "bear-*", "fox-*", "hyena-*", "moose-*", "pig-*", "caninae-canina-adult-*", "caninae-cerdocyonina-adult-*", "caninae-vulpini-adult-*", "hyaenidae-adult-*","machairodontinae-adult-*", "pantherinae-neofelis-adult-*","pantherinae-panthera-adult-*","procyonidae-*","suidae-adult-*","suidae-elder-*","ursidae-adult-*"  ]
						},
						"priority": 3.8,
						"movespeedByType": {"*-urocyon-cinereoargenteus": 0.01,"*-urocyon-littoralis":0.08},
						"seekingRange": 25,
						"animation": "Trot",
						"animationSpeed": 2.0,
						"soundByType": {"*-urocyon-*":"caninae:creature/urocyon/hurt"},
						"whenNotInEmotionState": "aggressiveondamage"
					},
					{
						"code": "fleeentity",
						"entityCodesByType": {
							"*-urocyon-*": [ "player", "gazelle-*","bear-*", "deer-*", "fox-*", "goat-*","moose-*","pig-*","sheep-*", "wolf-*", "antilopinae-*", "caprinae-*", "caninae-canina-*", "caninae-cerdocyonina-*", "caninae-vulpini-*", "cervidae-*","machairodontinae-*","pantherinae-*","procyonidae-*","suidae-*","ursidae-*" ]
						},
						"priority": 3.83,
						"movespeedByType": {"*-urocyon-cinereoargenteus": 0.02,"*-urocyon-littoralis":0.02},
						"seekingRange": 25,
						"animation": "Canter",
						"animationSpeed": 2.0,
						"soundByType": {"*-urocyon-*":"caninae:creature/urocyon/hurt"},
						"whenInEmotionState": "fleeondamage"
					},
					{
						"code": "getoutofwater",
						"priority": 1.8,
						"priorityForCancel": 1.85,
						"movespeedByType": {"*-urocyon-cinereoargenteus": 0.016,"*-urocyon-littoralis":0.012},
						"animation": "Swim",
						"animationSpeed": 1
					},
					{
						"code": "stayclosetoentity",
						"priority": 1.4,
						"entityCodeByType": {
							"*-urocyonini-*": "*-urocyonini-adult-female-*"
						},
						"chance": 0.1,
						"movespeedByType": {"*-urocyon-cinereoargenteus": 0.006,"*-urocyon-littoralis":0.003},
						"maxDistance": 3,
						"searchRange": 25,
						"animation": "Trot",
						"animationSpeed": 2,
						"stopOnHurt": true,
						"soundByType": {"*-urocyon-*":"caninae:creature/urocyon/idle"}
					},
					{
						"code": "idle",
						"priority": 1.3,
						"priorityForCancel": 1.35,
						"minduration": 200000,
						"maxduration": 800000,
						"mincooldown": 10000,
						"maxcooldown": 30000,
						"animation": "Sleep",
						"animationSpeed": 0.3,
						"whenNotInEmotionState": "aggressiveondamage",
						"duringDayTimeFramesByType": {
							"*-urocyon-*":[{"fromHour": 11,"toHour": 18},{"fromHour": 0,"toHour": 3}]},
						"stopOnNearbyEntityCodes": [ "player" ],
						"stopRange": 6,
						"stopOnHurt": true
					},
					{
						"code": "idle",
						"priority": 1.0,
						"priorityForCancel": 1.35,
						"minduration": 4667,
						"maxduration": 4667,
						"chance": 0.02,
						"mincooldown": 8000,
						"maxcooldown": 50000,
						"animation": "Yip",
						"animationSpeed": 1.0,
						"soundByType": {"*-urocyon-*": "caninae:creature/urocyon/yip"},
						"soundRangeByType": {"*": 50},
						"stopOnHurt": true
					},
					{
						"code": "wander",
						"priority": 1.0,
						"priorityForCancel": 1.35,
						"chance": 0.5,
						"movespeedByType": {"*-urocyon-cinereoargenteus": 0.006,"*-urocyon-littoralis":0.003},
						"animationSpeedByType": {"*": 2},
						"animation": "Trot",
						"preferredLightLevel": 8,
						"stopOnHurt": true
					},
					{
						"code": "wander",
						"priority": 1.0,
						"priorityForCancel": 1.35,
						"chance": 0.25,
						"movespeedByType": {"*-urocyon-cinereoargenteus": 0.0025,"*-urocyon-littoralis":0.00125},
						"animationSpeedByType": {"*": 1},
						"animation": "Walk",
						"preferredLightLevel": 8,
						"stopOnHurt": true
					},
					{
						"code": "idle",
						"priority": 0.9,
						"minduration": 6000,
						"maxduration": 45000,
						"mincooldown": 6000,
						"maxcooldown": 120000,
						"priorityForCancel": 1.28,
						"stopOnNearbyEntityCodes": [ "player", "bear-*","wolf-*","pig-*","caninae-canina-*", "caninae-cerdocyonina-*","caninae-vulpini-*","machairodontinae-*","pantherinae-*","suidae-*","ursidae-*" ],
						"stopRange": 10,
						"stopOnHurt": true,
						"animation": "lie"
					},
					{
						"code": "idle",
						"priority": 0.9,
						"minduration": 6000,
						"maxduration": 45000,
						"mincooldown": 6000,
						"maxcooldown": 120000,
						"priorityForCancel": 1.28,
						"stopOnNearbyEntityCodes": [ "player", "bear-*","wolf-*","pig-*","caninae-canina-*", "caninae-cerdocyonina-*","caninae-vulpini-*","machairodontinae-*","pantherinae-*","suidae-*","ursidae-*" ],
						"stopRange": 10,
						"stopOnHurt": true,
						"animation": "Sit"
					},
					{
						"code": "seekfoodandeat",
						"priority": 1.34,
						"movespeedByType": {"*-urocyon-cinereoargenteus": 0.0025,"*-urocyon-littoralis":0.00125},
						"animationSpeed": 0.95,
						"eatTime": 2,
						"eatItemCategories": [ "protein","fruit" ],
						"animation": "Walk",
						"eatAnimation": "Eat"
					},
					{
						"code": "lookaround",
						"priority": 0.5
					}
				]
			},
			{"code": "ropetieable","minGeneration": 2},
			{"code": "pettable","minGeneration": 1}],
		"spawnconditions": {
			"runtime": {
				"group": "neutral",
				"maxQuantity": 1,
				"spawnCapPlayerScaling": 0.01,
				"maxQuantityByGroup": {"code": "caninae-urocyonini-*","maxQuantity": 2},
				"tryOnlySurface": true,
				"chanceByType": {"*": 0.0}
			}
		}
	},
	"soundsByType": {
"*-urocyon-*":{"hurt": "caninae:creature/urocyon/hurt","death": "caninae:creature/urocyon/hurt","idle": "caninae:creature/urocyon/idle"}
	},
	"idleSoundChance": 0.05
}