{
	"editor": {
		"allAngles": true,
		"entityTextureMode": true
	},
	"textureWidth": 96,
	"textureHeight": 64,
	"textureSizes": {
		"skin": [96,64]
	},
	"textures": {
	},
	"elements": [
		{
			"name": "neck",
			"from": [ 10.93, 10.4, 5.36 ], 
			"to": [ 20.83, 18.419, 10.706 ], 
			"unwrapMode": 3,
			"unwrapRotation": 1,
			"uv": [ 40.5, 24.5 ],
			"rotationOrigin": [ 18.0602, 10.3957, 8.034 ],
			"rotationZ": 87.0,
			"faces": {
						"north": { "texture": "#skin", "uv": [ 52.0, 29.0, 59.0, 38.0 ], "rotation": 270, "windMode": [-1,-1,-1,-1], "windData": [0,0,1,0] },
						"east": { "texture": "#skin", "uv": [ 45.0, 24.5, 52.0, 29.0 ], "rotation": 90, "windMode": [-1,-1,-1,-1], "windData": [1,0,0,1] },
						"south": { "texture": "#skin", "uv": [ 45.0, 29.0, 52.0, 38.0 ], "rotation": 90 },
						"west": { "texture": "#skin", "uv": [ 45.0, 38.0, 52.0, 42.5 ], "rotation": 90 },
						"up": { "texture": "#skin", "uv": [ 40.5, 29.0, 45.0, 38.0 ], "rotation": 90 },
						"down": { "texture": "#skin", "uv": [ 52.0, 29.0, 56.5, 38.0 ], "rotation": 270, "enabled": false, "windMode": [-1,-1,-1,-1] }
			},
			"children": [
				{
					"name": "neck2",
					"from": [ 1.639, 5.896, 0.3564 ], 
					"to": [ 9.658, 12.6676, 4.9896 ], 
					"unwrapMode": 3,
					"unwrapRotation": 1,
					"uv": [ 22.5, 20.5 ],
					"rotationOrigin": [ 7.799, 5.896, 2.673 ],
					"faces": {
								"north": { "texture": "#skin", "uv": [ 32.5, 24.5, 38.5, 31.5 ], "rotation": 270 },
								"east": { "texture": "#skin", "uv": [ 26.5, 20.5, 32.5, 24.5 ], "rotation": 90 },
								"south": { "texture": "#skin", "uv": [ 26.5, 24.5, 32.5, 31.5 ], "rotation": 90 },
								"west": { "texture": "#skin", "uv": [ 26.5, 31.5, 32.5, 35.5 ], "rotation": 90 },
								"up": { "texture": "#skin", "uv": [ 22.5, 24.5, 26.5, 31.5 ], "rotation": 90 },
								"down": { "texture": "#skin", "uv": [ 32.5, 24.5, 36.5, 31.5 ], "rotation": 270, "enabled": false, "windMode": [-1,-1,-1,-1] }
					},
					"children": [
						{
							"name": "head",
							"from": [ 0.77, 1.617, -0.891 ], 
							"to": [ 7.48, 8.217, 5.346 ], 
							"unwrapMode": 4,
							"uv": [ 44.0, 3.0 ],
							"rotationOrigin": [ 6.237, 6.9652, 2.3166 ],
							"rotationZ": -60.0,
							"faces": {
										"north": { "texture": "#skin", "uv": [ 44.0, 9.0, 50.0, 15.0 ] },
										"east": { "texture": "#skin", "uv": [ 61.5, 9.0, 67.0, 15.0 ] },
										"south": { "texture": "#skin", "uv": [ 55.5, 9.0, 61.5, 15.0 ] },
										"west": { "texture": "#skin", "uv": [ 50.0, 9.0, 55.5, 15.0 ] },
										"up": { "texture": "#skin", "uv": [ 50.0, 3.0, 55.5, 9.0 ], "rotation": 90 },
										"down": { "texture": "#skin", "uv": [ 50.0, 15.0, 55.5, 21.0 ], "rotation": 90 }
							},
							"children": [
								{
									"name": "mouth up",
									"from": [ -4.455, 2.464, 1.4256 ], 
									"to": [ 1.782, 5.4934, 4.9896 ], 
									"unwrapMode": 5,
									"unwrapRotation": 1,
									"uv": [ 22.0, 0.0 ],
									"rotationOrigin": [ 0.3564, 4.785, 3.2076 ],
									"rotationZ": 10.0,
									"faces": {
												"north": { "texture": "#skin", "uv": [ 22.0, 0.0, 24.5, 5.5 ], "rotation": 270 },
												"east": { "texture": "#skin", "uv": [ 24.5, 0.0, 27.5, 2.5 ], "rotation": 180, "enabled": false },
												"south": { "texture": "#skin", "uv": [ 27.5, 0.0, 30.0, 5.5 ], "rotation": 90 },
												"west": { "texture": "#skin", "uv": [ 24.5, 5.5, 27.5, 8.0 ] },
												"up": { "texture": "#skin", "uv": [ 24.5, 0.0, 27.5, 5.5 ], "rotation": 90 },
												"down": { "texture": "#skin", "uv": [ 30.0, 0.0, 33.0, 5.5 ], "rotation": 270 }
									},
									"children": [
										{
											"name": "nose",
											"from": [ -2.3166, 0.759, -0.1782 ], 
											"to": [ 1.2474, 3.5684, 3.7422 ], 
											"unwrapMode": 4,
											"uv": [ 33.0, 0.5 ],
											"rotationOrigin": [ 1.2474, 0.7546, 1.782 ],
											"rotationZ": 25.0,
											"faces": {
														"north": { "texture": "#skin", "uv": [ 33.0, 3.5, 36.0, 6.0 ], "windMode": [-1,-1,-1,-1], "windData": [1,1,1,1] },
														"east": { "texture": "#skin", "uv": [ 42.5, 3.5, 46.0, 6.0 ], "windMode": [-1,-1,-1,-1], "windData": [1,1,1,1] },
														"south": { "texture": "#skin", "uv": [ 39.5, 3.5, 42.5, 6.0 ], "windMode": [-1,-1,-1,-1], "windData": [1,1,1,1] },
														"west": { "texture": "#skin", "uv": [ 36.0, 3.5, 39.5, 6.0 ], "windMode": [-1,-1,-1,-1], "windData": [1,1,1,1] },
														"up": { "texture": "#skin", "uv": [ 36.0, 0.5, 39.5, 3.5 ], "rotation": 90, "windMode": [-1,-1,-1,-1], "windData": [1,1,1,1] },
														"down": { "texture": "#skin", "uv": [ 36.0, 6.0, 39.5, 9.0 ], "rotation": 90, "windMode": [-1,-1,-1,-1], "windData": [1,1,1,1] }
											}
										},
										{
											"name": "nose bridge",
											"from": [ 0.0, 2.244, 0.3564 ], 
											"to": [ 5.5088, 3.894, 3.2076 ], 
											"unwrapMode": 5,
											"unwrapRotation": 1,
											"uv": [ 4.0, 4.5 ],
											"rotationOrigin": [ 5.346, 2.2484, 1.2474 ],
											"rotationZ": 8.0,
											"faces": {
														"north": { "texture": "#skin", "uv": [ 4.0, 4.5, 5.5, 9.5 ], "rotation": 270 },
														"east": { "texture": "#skin", "uv": [ 5.5, 4.5, 8.0, 6.0 ], "rotation": 180, "enabled": false, "windMode": [-1,-1,-1,-1], "windData": [1,1,1,1] },
														"south": { "texture": "#skin", "uv": [ 8.0, 4.5, 9.5, 9.5 ], "rotation": 90 },
														"west": { "texture": "#skin", "uv": [ 5.5, 9.5, 8.0, 11.0 ], "enabled": false },
														"up": { "texture": "#skin", "uv": [ 5.5, 4.5, 8.0, 9.5 ], "rotation": 90 },
														"down": { "texture": "#skin", "uv": [ 9.5, 4.5, 12.0, 9.5 ], "rotation": 270, "enabled": false }
											}
										}
									]
								},
								{
									"name": "R ear",
									"from": [ 5.346, 3.564, -4.84 ], 
									"to": [ 6.237, 6.237, 0.715 ], 
									"unwrapMode": 4,
									"uv": [ 39.5, 0.0 ],
									"rotationOrigin": [ 5.7024, 4.8114, 0.715 ],
									"rotationX": 45.0,
									"rotationY": -22.0,
									"rotationZ": 22.0,
									"faces": {
												"north": { "texture": "#skin", "uv": [ 39.5, 0.5, 40.0, 2.5 ] },
												"east": { "texture": "#skin", "uv": [ 45.0, 0.5, 50.0, 2.5 ] },
												"south": { "texture": "#skin", "uv": [ 45.0, 0.5, 45.5, 2.5 ], "enabled": false, "windMode": [-1,-1,-1,-1], "windData": [1,1,1,1] },
												"west": { "texture": "#skin", "uv": [ 40.0, 0.5, 45.0, 2.5 ] },
												"up": { "texture": "#skin", "uv": [ 40.0, 0.0, 45.0, 0.5 ], "rotation": 90 },
												"down": { "texture": "#skin", "uv": [ 40.0, 2.5, 45.0, 3.0 ], "rotation": 90 }
									}
								},
								{
									"name": "L ear",
									"from": [ 5.346, 3.564, 5.5242 ], 
									"to": [ 6.237, 6.237, 11.0792 ], 
									"unwrapMode": 4,
									"uv": [ 50.0, 0.0 ],
									"rotationOrigin": [ 5.7024, 4.8114, 5.5242 ],
									"rotationX": -45.0,
									"rotationY": 22.0,
									"rotationZ": 22.0,
									"faces": {
												"north": { "texture": "#skin", "uv": [ 50.0, 0.5, 50.5, 2.5 ], "enabled": false },
												"east": { "texture": "#skin", "uv": [ 55.5, 0.5, 60.5, 2.5 ] },
												"south": { "texture": "#skin", "uv": [ 55.0, 0.5, 55.5, 2.5 ] },
												"west": { "texture": "#skin", "uv": [ 50.0, 0.5, 55.0, 2.5 ] },
												"up": { "texture": "#skin", "uv": [ 50.0, 0.0, 55.0, 0.5 ], "rotation": 90 },
												"down": { "texture": "#skin", "uv": [ 50.0, 2.5, 55.0, 3.0 ], "rotation": 90 }
									}
								},
								{
									"name": "HornAttachment",
									"from": [ 6.237, 4.796, 2.2275 ], 
									"to": [ 8.019, 6.578, 4.0095 ], 
									"uv": [ 1.0, 1.0 ],
									"rotationOrigin": [ 6.237, 4.796, 2.3166 ],
									"faces": {
												"north": { "texture": "#skin", "uv": [ 0.0, 1.0, 1.62, 2.62 ], "enabled": false },
												"east": { "texture": "#skin", "uv": [ 1.0, 1.0, 2.62, 2.62 ], "enabled": false, "windMode": [-1,-1,-1,-1], "windData": [1,1,1,1] },
												"south": { "texture": "#skin", "uv": [ 1.0, 1.0, 2.62, 2.62 ], "enabled": false, "windMode": [-1,-1,-1,-1], "windData": [1,1,1,1] },
												"west": { "texture": "#skin", "uv": [ 1.0, 1.0, 2.62, 2.62 ], "enabled": false, "windMode": [-1,-1,-1,-1], "windData": [1,1,1,1] },
												"up": { "texture": "#skin", "uv": [ 0.0, 0.0, 1.62, 1.62 ], "enabled": false, "windMode": [-1,-1,-1,-1], "windData": [1,1,1,1] },
												"down": { "texture": "#skin", "uv": [ 1.0, 0.0, 2.62, 1.62 ], "enabled": false, "windMode": [-1,-1,-1,-1], "windData": [1,1,1,1] }
									},
									"children": [
										{
											"name": "L horn base",
											"from": [ -3.2076, 1.562, 2.156 ], 
											"to": [ -1.5356, 8.69, 3.498 ], 
											"unwrapMode": 1,
											"uv": [ 5.0, 57.0 ],
											"rotationOrigin": [ -3.2076, 1.562, 2.1538 ],
											"rotationX": 80.0,
											"rotationZ": 15.0,
											"faces": {
														"north": { "texture": "#skin", "uv": [ 6.0, 58.0, 7.5, 64.0 ] },
														"east": { "texture": "#skin", "uv": [ 5.0, 58.0, 6.0, 64.0 ], "windMode": [-1,-1,-1,-1], "windData": [1,1,1,1] },
														"south": { "texture": "#skin", "uv": [ 8.5, 58.0, 10.0, 64.0 ], "windMode": [-1,-1,-1,-1], "windData": [1,1,1,1] },
														"west": { "texture": "#skin", "uv": [ 7.5, 58.0, 8.5, 64.0 ], "windMode": [-1,-1,-1,-1], "windData": [1,1,1,1] },
														"up": { "texture": "#skin", "uv": [ 6.0, 57.0, 7.5, 58.0 ], "rotation": 180 },
														"down": { "texture": "#skin", "uv": [ 6.0, 64.0, 7.5, 65.0 ], "enabled": false, "windMode": [-1,-1,-1,-1], "windData": [1,1,1,1] }
											},
											"children": [
												{
													"name": "L horn palm1",
													"from": [ -0.44, 6.237, 0.737 ], 
													"to": [ 2.233, 12.2958, 1.8062 ], 
													"unwrapMode": 1,
													"uv": [ 15.0, 58.0 ],
													"rotationOrigin": [ 1.342, 6.237, 0.7392 ],
													"rotationY": -43.0,
													"rotationZ": 60.0,
													"faces": {
																"north": { "texture": "#skin", "uv": [ 15.5, 58.5, 17.5, 64.0 ] },
																"east": { "texture": "#skin", "uv": [ 15.0, 58.5, 15.5, 64.0 ] },
																"south": { "texture": "#skin", "uv": [ 18.0, 58.5, 20.0, 64.0 ] },
																"west": { "texture": "#skin", "uv": [ 17.5, 58.5, 18.0, 64.0 ] },
																"up": { "texture": "#skin", "uv": [ 15.5, 58.0, 17.5, 58.5 ], "rotation": 180 },
																"down": { "texture": "#skin", "uv": [ 15.5, 64.0, 17.5, 64.5 ], "enabled": false }
													},
													"children": [
														{
															"name": "L horn point 1",
															"from": [ 0.0, 5.346, 0.0 ], 
															"to": [ 0.671, 7.8408, 0.8492 ], 
															"unwrapMode": 1,
															"unwrapRotation": 1,
															"uv": [ 17.0, 57.0 ],
															"rotationOrigin": [ 0.4455, 5.346, 0.0 ],
															"rotationX": -2.0,
															"rotationZ": 36.0,
															"faces": {
																		"north": { "texture": "#skin", "uv": [ 17.5, 57.5, 19.5, 58.0 ], "rotation": 90 },
																		"east": { "texture": "#skin", "uv": [ 17.5, 58.0, 19.5, 58.5 ], "rotation": 90 },
																		"south": { "texture": "#skin", "uv": [ 19.5, 57.5, 21.5, 58.0 ], "rotation": 270 },
																		"west": { "texture": "#skin", "uv": [ 17.5, 57.0, 19.5, 57.5 ], "rotation": 90 },
																		"up": { "texture": "#skin", "uv": [ 17.0, 57.5, 17.5, 58.0 ], "rotation": 270 },
																		"down": { "texture": "#skin", "uv": [ 19.5, 57.5, 20.0, 58.0 ], "rotation": 90, "enabled": false }
															}
														},
														{
															"name": "L horn point 2",
															"from": [ 0.7128, 5.346, 0.0 ], 
															"to": [ 1.3838, 7.8408, 0.8492 ], 
															"unwrapMode": 1,
															"uv": [ 22.0, 59.0 ],
															"rotationOrigin": [ 1.1583, 5.346, 0.0 ],
															"rotationX": -2.0,
															"rotationZ": 12.0,
															"faces": {
																		"north": { "texture": "#skin", "uv": [ 22.5, 59.5, 23.0, 61.5 ] },
																		"east": { "texture": "#skin", "uv": [ 22.0, 59.5, 22.5, 61.5 ] },
																		"south": { "texture": "#skin", "uv": [ 23.5, 59.5, 24.0, 61.5 ] },
																		"west": { "texture": "#skin", "uv": [ 23.0, 59.5, 23.5, 61.5 ] },
																		"up": { "texture": "#skin", "uv": [ 22.5, 59.0, 23.0, 59.5 ], "rotation": 180 },
																		"down": { "texture": "#skin", "uv": [ 22.5, 61.5, 23.0, 62.0 ], "enabled": false }
															}
														},
														{
															"name": "L horn point 3",
															"from": [ 1.782, 5.346, 0.0 ], 
															"to": [ 2.453, 7.8408, 0.8492 ], 
															"unwrapMode": 1,
															"uv": [ 22.0, 61.5 ],
															"rotationOrigin": [ 2.2275, 5.346, 0.0 ],
															"rotationX": -2.0,
															"rotationZ": -12.0,
															"faces": {
																		"north": { "texture": "#skin", "uv": [ 22.5, 62.0, 23.0, 64.0 ] },
																		"east": { "texture": "#skin", "uv": [ 22.0, 62.0, 22.5, 64.0 ] },
																		"south": { "texture": "#skin", "uv": [ 23.5, 62.0, 24.0, 64.0 ] },
																		"west": { "texture": "#skin", "uv": [ 23.0, 62.0, 23.5, 64.0 ] },
																		"up": { "texture": "#skin", "uv": [ 22.5, 61.5, 23.0, 62.0 ], "rotation": 180 },
																		"down": { "texture": "#skin", "uv": [ 22.5, 64.0, 23.0, 64.5 ], "enabled": false }
															}
														},
														{
															"name": "L horn point 4",
															"from": [ 1.782, 2.673, 0.0 ], 
															"to": [ 2.453, 6.9498, 0.8492 ], 
															"unwrapMode": 1,
															"uv": [ 6.0, 49.5 ],
															"rotationOrigin": [ 2.2275, 2.673, 0.0 ],
															"rotationX": -2.0,
															"rotationZ": -36.0,
															"faces": {
																		"north": { "texture": "#skin", "uv": [ 6.5, 50.0, 7.0, 53.5 ] },
																		"east": { "texture": "#skin", "uv": [ 6.0, 50.0, 6.5, 53.5 ] },
																		"south": { "texture": "#skin", "uv": [ 7.5, 50.0, 8.0, 53.5 ] },
																		"west": { "texture": "#skin", "uv": [ 7.0, 50.0, 7.5, 53.5 ] },
																		"up": { "texture": "#skin", "uv": [ 6.5, 49.5, 7.0, 50.0 ], "rotation": 180 },
																		"down": { "texture": "#skin", "uv": [ 6.5, 53.5, 7.0, 54.0 ], "enabled": false }
															}
														}
													]
												},
												{
													"name": "L horn palm2",
													"from": [ 0.264, 6.952, -0.044 ], 
													"to": [ 3.828, 14.4364, 1.3816 ], 
													"unwrapMode": 1,
													"uv": [ 0.0, 23.0 ],
													"rotationOrigin": [ 0.2618, 6.9498, -0.0418 ],
													"rotationX": -6.0,
													"rotationY": 10.0,
													"rotationZ": -70.0,
													"faces": {
																"north": { "texture": "#skin", "uv": [ 1.0, 24.0, 4.0, 30.5 ] },
																"east": { "texture": "#skin", "uv": [ 0.0, 24.0, 1.0, 30.5 ] },
																"south": { "texture": "#skin", "uv": [ 5.0, 24.0, 8.0, 30.5 ] },
																"west": { "texture": "#skin", "uv": [ 4.0, 24.0, 5.0, 30.5 ] },
																"up": { "texture": "#skin", "uv": [ 1.0, 23.0, 4.0, 24.0 ], "rotation": 180 },
																"down": { "texture": "#skin", "uv": [ 1.0, 30.5, 4.0, 31.5 ], "enabled": false }
													},
													"children": [
														{
															"name": "L horn point 5",
															"from": [ 0.0, 1.782, 0.0 ], 
															"to": [ 1.0692, 5.346, 1.0692 ], 
															"unwrapMode": 1,
															"uv": [ 2.0, 50.0 ],
															"rotationOrigin": [ 0.0, 1.782, 0.0 ],
															"rotationX": -12.0,
															"rotationZ": 45.0,
															"faces": {
																		"north": { "texture": "#skin", "uv": [ 2.5, 50.5, 3.0, 53.5 ] },
																		"east": { "texture": "#skin", "uv": [ 2.0, 50.5, 2.5, 53.5 ] },
																		"south": { "texture": "#skin", "uv": [ 3.5, 50.5, 4.0, 53.5 ] },
																		"west": { "texture": "#skin", "uv": [ 3.0, 50.5, 3.5, 53.5 ] },
																		"up": { "texture": "#skin", "uv": [ 2.5, 50.0, 3.0, 50.5 ], "rotation": 180 },
																		"down": { "texture": "#skin", "uv": [ 2.5, 53.5, 3.0, 54.0 ], "enabled": false }
															}
														},
														{
															"name": "L horn point 6",
															"from": [ 0.0, 5.896, 0.0 ], 
															"to": [ 1.0692, 9.46, 1.0692 ], 
															"unwrapMode": 1,
															"uv": [ 6.0, 53.5 ],
															"rotationOrigin": [ 0.0, 5.896, 0.0 ],
															"rotationX": -18.0,
															"rotationZ": 24.0,
															"faces": {
																		"north": { "texture": "#skin", "uv": [ 6.5, 54.0, 7.0, 57.0 ] },
																		"east": { "texture": "#skin", "uv": [ 6.0, 54.0, 6.5, 57.0 ] },
																		"south": { "texture": "#skin", "uv": [ 7.5, 54.0, 8.0, 57.0 ] },
																		"west": { "texture": "#skin", "uv": [ 7.0, 54.0, 7.5, 57.0 ] },
																		"up": { "texture": "#skin", "uv": [ 6.5, 53.5, 7.0, 54.0 ], "rotation": 180 },
																		"down": { "texture": "#skin", "uv": [ 6.5, 57.0, 7.0, 57.5 ], "enabled": false }
															}
														},
														{
															"name": "L horn point 7",
															"from": [ 1.0692, 6.435, 0.0 ], 
															"to": [ 2.1384, 9.999, 1.0692 ], 
															"unwrapMode": 1,
															"uv": [ 2.0, 53.5 ],
															"rotationOrigin": [ 1.0692, 6.4306, 0.0 ],
															"rotationX": -22.0,
															"faces": {
																		"north": { "texture": "#skin", "uv": [ 2.5, 54.0, 3.0, 57.0 ] },
																		"east": { "texture": "#skin", "uv": [ 2.0, 54.0, 2.5, 57.0 ] },
																		"south": { "texture": "#skin", "uv": [ 3.5, 54.0, 4.0, 57.0 ] },
																		"west": { "texture": "#skin", "uv": [ 3.0, 54.0, 3.5, 57.0 ] },
																		"up": { "texture": "#skin", "uv": [ 2.5, 53.5, 3.0, 54.0 ], "rotation": 180 },
																		"down": { "texture": "#skin", "uv": [ 2.5, 57.0, 3.0, 57.5 ], "enabled": false }
															}
														},
														{
															"name": "L horn point 8",
															"from": [ 2.3166, 6.787, 0.0 ], 
															"to": [ 3.3858, 10.351, 1.0692 ], 
															"unwrapMode": 1,
															"unwrapRotation": 1,
															"uv": [ 3.0, 20.5 ],
															"rotationOrigin": [ 2.3166, 6.787, 0.0 ],
															"rotationX": -25.0,
															"rotationZ": -24.0,
															"faces": {
																		"north": { "texture": "#skin", "uv": [ 3.5, 21.0, 6.5, 21.5 ], "rotation": 90 },
																		"east": { "texture": "#skin", "uv": [ 3.5, 21.5, 6.5, 22.0 ], "rotation": 90 },
																		"south": { "texture": "#skin", "uv": [ 6.5, 21.0, 9.5, 21.5 ], "rotation": 270 },
																		"west": { "texture": "#skin", "uv": [ 3.5, 20.5, 6.5, 21.0 ], "rotation": 90 },
																		"up": { "texture": "#skin", "uv": [ 3.0, 21.0, 3.5, 21.5 ], "rotation": 270 },
																		"down": { "texture": "#skin", "uv": [ 6.5, 21.0, 7.0, 21.5 ], "rotation": 90, "enabled": false }
															}
														}
													]
												}
											]
										},
										{
											"name": "R horn base",
											"from": [ -3.212, 2.002, -2.156 ], 
											"to": [ -1.54, 9.13, -0.814 ], 
											"unwrapMode": 1,
											"uv": [ 0.0, 57.0 ],
											"rotationOrigin": [ -3.2076, 2.002, -0.3718 ],
											"rotationX": -80.0,
											"rotationZ": 15.0,
											"faces": {
														"north": { "texture": "#skin", "uv": [ 1.0, 58.0, 2.5, 64.0 ] },
														"east": { "texture": "#skin", "uv": [ 0.0, 58.0, 1.0, 64.0 ] },
														"south": { "texture": "#skin", "uv": [ 3.5, 58.0, 5.0, 64.0 ] },
														"west": { "texture": "#skin", "uv": [ 2.5, 58.0, 3.5, 64.0 ] },
														"up": { "texture": "#skin", "uv": [ 1.0, 57.0, 2.5, 58.0 ], "rotation": 180 },
														"down": { "texture": "#skin", "uv": [ 1.0, 64.0, 2.5, 65.0 ], "enabled": false }
											},
											"children": [
												{
													"name": "R horn palm1",
													"from": [ -1.353, 6.347, -0.11 ], 
													"to": [ 1.32, 12.4058, 0.9592 ], 
													"unwrapMode": 1,
													"uv": [ 10.0, 58.0 ],
													"rotationOrigin": [ 0.4246, 6.347, -0.11 ],
													"rotationY": 43.0,
													"rotationZ": 60.0,
													"faces": {
																"north": { "texture": "#skin", "uv": [ 10.5, 58.5, 12.5, 64.0 ] },
																"east": { "texture": "#skin", "uv": [ 10.0, 58.5, 10.5, 64.0 ] },
																"south": { "texture": "#skin", "uv": [ 13.0, 58.5, 15.0, 64.0 ] },
																"west": { "texture": "#skin", "uv": [ 12.5, 58.5, 13.0, 64.0 ] },
																"up": { "texture": "#skin", "uv": [ 10.5, 58.0, 12.5, 58.5 ], "rotation": 180 },
																"down": { "texture": "#skin", "uv": [ 10.5, 64.0, 12.5, 64.5 ], "enabled": false }
													},
													"children": [
														{
															"name": "R horn point 1",
															"from": [ 0.0, 5.346, 0.22 ], 
															"to": [ 0.671, 7.8408, 1.0692 ], 
															"unwrapMode": 1,
															"unwrapRotation": 1,
															"uv": [ 12.0, 57.0 ],
															"rotationOrigin": [ 0.4455, 5.346, 0.22 ],
															"rotationX": 2.0,
															"rotationZ": 36.0,
															"faces": {
																		"north": { "texture": "#skin", "uv": [ 12.5, 57.5, 14.5, 58.0 ], "rotation": 90 },
																		"east": { "texture": "#skin", "uv": [ 12.5, 58.0, 14.5, 58.5 ], "rotation": 90 },
																		"south": { "texture": "#skin", "uv": [ 14.5, 57.5, 16.5, 58.0 ], "rotation": 270 },
																		"west": { "texture": "#skin", "uv": [ 12.5, 57.0, 14.5, 57.5 ], "rotation": 90 },
																		"up": { "texture": "#skin", "uv": [ 12.0, 57.5, 12.5, 58.0 ], "rotation": 270 },
																		"down": { "texture": "#skin", "uv": [ 14.5, 57.5, 15.0, 58.0 ], "rotation": 90, "enabled": false }
															}
														},
														{
															"name": "R horn point 2",
															"from": [ 0.7128, 5.346, 0.22 ], 
															"to": [ 1.3838, 7.8408, 1.0692 ], 
															"unwrapMode": 1,
															"uv": [ 20.0, 59.0 ],
															"rotationOrigin": [ 1.1583, 5.346, 0.22 ],
															"rotationX": 2.0,
															"rotationZ": 12.0,
															"faces": {
																		"north": { "texture": "#skin", "uv": [ 20.5, 59.5, 21.0, 61.5 ] },
																		"east": { "texture": "#skin", "uv": [ 20.0, 59.5, 20.5, 61.5 ] },
																		"south": { "texture": "#skin", "uv": [ 21.5, 59.5, 22.0, 61.5 ] },
																		"west": { "texture": "#skin", "uv": [ 21.0, 59.5, 21.5, 61.5 ] },
																		"up": { "texture": "#skin", "uv": [ 20.5, 59.0, 21.0, 59.5 ], "rotation": 180 },
																		"down": { "texture": "#skin", "uv": [ 20.5, 61.5, 21.0, 62.0 ], "enabled": false }
															}
														},
														{
															"name": "R horn point 3",
															"from": [ 1.782, 5.346, 0.22 ], 
															"to": [ 2.453, 7.8408, 1.0692 ], 
															"unwrapMode": 1,
															"uv": [ 20.0, 61.5 ],
															"rotationOrigin": [ 2.2275, 5.346, 0.22 ],
															"rotationX": 2.0,
															"rotationZ": -12.0,
															"faces": {
																		"north": { "texture": "#skin", "uv": [ 20.5, 62.0, 21.0, 64.0 ] },
																		"east": { "texture": "#skin", "uv": [ 20.0, 62.0, 20.5, 64.0 ] },
																		"south": { "texture": "#skin", "uv": [ 21.5, 62.0, 22.0, 64.0 ] },
																		"west": { "texture": "#skin", "uv": [ 21.0, 62.0, 21.5, 64.0 ] },
																		"up": { "texture": "#skin", "uv": [ 20.5, 61.5, 21.0, 62.0 ], "rotation": 180 },
																		"down": { "texture": "#skin", "uv": [ 20.5, 64.0, 21.0, 64.5 ], "enabled": false }
															}
														},
														{
															"name": "R horn point 4",
															"from": [ 1.782, 2.673, 0.22 ], 
															"to": [ 2.453, 6.9498, 1.0692 ], 
															"unwrapMode": 1,
															"uv": [ 4.0, 49.5 ],
															"rotationOrigin": [ 2.2275, 2.673, 0.22 ],
															"rotationX": 12.0,
															"rotationZ": -36.0,
															"faces": {
																		"north": { "texture": "#skin", "uv": [ 4.5, 50.0, 5.0, 53.5 ] },
																		"east": { "texture": "#skin", "uv": [ 4.0, 50.0, 4.5, 53.5 ] },
																		"south": { "texture": "#skin", "uv": [ 5.5, 50.0, 6.0, 53.5 ] },
																		"west": { "texture": "#skin", "uv": [ 5.0, 50.0, 5.5, 53.5 ] },
																		"up": { "texture": "#skin", "uv": [ 4.5, 49.5, 5.0, 50.0 ], "rotation": 180 },
																		"down": { "texture": "#skin", "uv": [ 4.5, 53.5, 5.0, 54.0 ], "enabled": false }
															}
														}
													]
												},
												{
													"name": "R horn palm2",
													"from": [ -0.1782, 6.9498, 0.176 ], 
													"to": [ 3.3858, 14.4342, 1.6016 ], 
													"unwrapMode": 1,
													"uv": [ 0.0, 30.5 ],
													"rotationOrigin": [ -0.1782, 6.9498, 1.6038 ],
													"rotationX": 6.0,
													"rotationY": -10.0,
													"rotationZ": -70.0,
													"faces": {
																"north": { "texture": "#skin", "uv": [ 1.0, 31.5, 4.0, 38.0 ] },
																"east": { "texture": "#skin", "uv": [ 0.0, 31.5, 1.0, 38.0 ] },
																"south": { "texture": "#skin", "uv": [ 5.0, 31.5, 8.0, 38.0 ] },
																"west": { "texture": "#skin", "uv": [ 4.0, 31.5, 5.0, 38.0 ] },
																"up": { "texture": "#skin", "uv": [ 1.0, 30.5, 4.0, 31.5 ], "rotation": 180 },
																"down": { "texture": "#skin", "uv": [ 1.0, 38.0, 4.0, 39.0 ], "enabled": false }
													},
													"children": [
														{
															"name": "R horn point 5",
															"from": [ 0.0, 1.782, 0.0 ], 
															"to": [ 1.0692, 5.346, 1.0692 ], 
															"unwrapMode": 1,
															"uv": [ 0.0, 50.0 ],
															"rotationOrigin": [ 0.0, 1.782, 1.4256 ],
															"rotationX": 12.0,
															"rotationZ": 45.0,
															"faces": {
																		"north": { "texture": "#skin", "uv": [ 0.5, 50.5, 1.0, 53.5 ] },
																		"east": { "texture": "#skin", "uv": [ 0.0, 50.5, 0.5, 53.5 ] },
																		"south": { "texture": "#skin", "uv": [ 1.5, 50.5, 2.0, 53.5 ] },
																		"west": { "texture": "#skin", "uv": [ 1.0, 50.5, 1.5, 53.5 ] },
																		"up": { "texture": "#skin", "uv": [ 0.5, 50.0, 1.0, 50.5 ], "rotation": 180 },
																		"down": { "texture": "#skin", "uv": [ 0.5, 53.5, 1.0, 54.0 ], "enabled": false }
															}
														},
														{
															"name": "R horn point 6",
															"from": [ 0.0, 5.896, 0.0 ], 
															"to": [ 1.0692, 9.46, 1.0692 ], 
															"unwrapMode": 1,
															"uv": [ 4.0, 53.5 ],
															"rotationOrigin": [ 0.0, 5.896, 1.4256 ],
															"rotationX": 18.0,
															"rotationZ": 24.0,
															"faces": {
																		"north": { "texture": "#skin", "uv": [ 4.5, 54.0, 5.0, 57.0 ] },
																		"east": { "texture": "#skin", "uv": [ 4.0, 54.0, 4.5, 57.0 ] },
																		"south": { "texture": "#skin", "uv": [ 5.5, 54.0, 6.0, 57.0 ] },
																		"west": { "texture": "#skin", "uv": [ 5.0, 54.0, 5.5, 57.0 ] },
																		"up": { "texture": "#skin", "uv": [ 4.5, 53.5, 5.0, 54.0 ], "rotation": 180 },
																		"down": { "texture": "#skin", "uv": [ 4.5, 57.0, 5.0, 57.5 ], "enabled": false }
															}
														},
														{
															"name": "R horn point 7",
															"from": [ 1.0692, 6.545, 0.0 ], 
															"to": [ 2.1384, 10.109, 1.0692 ], 
															"unwrapMode": 1,
															"uv": [ 0.0, 53.5 ],
															"rotationOrigin": [ 1.0692, 6.5406, 1.4256 ],
															"rotationX": 22.0,
															"faces": {
																		"north": { "texture": "#skin", "uv": [ 0.5, 54.0, 1.0, 57.0 ] },
																		"east": { "texture": "#skin", "uv": [ 0.0, 54.0, 0.5, 57.0 ] },
																		"south": { "texture": "#skin", "uv": [ 1.5, 54.0, 2.0, 57.0 ] },
																		"west": { "texture": "#skin", "uv": [ 1.0, 54.0, 1.5, 57.0 ] },
																		"up": { "texture": "#skin", "uv": [ 0.5, 53.5, 1.0, 54.0 ], "rotation": 180 },
																		"down": { "texture": "#skin", "uv": [ 0.5, 57.0, 1.0, 57.5 ], "enabled": false }
															}
														},
														{
															"name": "R horn point 8",
															"from": [ 2.3166, 6.897, 0.0 ], 
															"to": [ 3.3858, 10.461, 1.0692 ], 
															"unwrapMode": 1,
															"unwrapRotation": 1,
															"uv": [ 0.0, 21.5 ],
															"rotationOrigin": [ 2.3166, 6.897, 1.4256 ],
															"rotationX": 25.0,
															"rotationZ": -24.0,
															"faces": {
																		"north": { "texture": "#skin", "uv": [ 0.5, 22.0, 3.5, 22.5 ], "rotation": 90 },
																		"east": { "texture": "#skin", "uv": [ 0.5, 22.5, 3.5, 23.0 ], "rotation": 90 },
																		"south": { "texture": "#skin", "uv": [ 3.5, 22.0, 6.5, 22.5 ], "rotation": 270 },
																		"west": { "texture": "#skin", "uv": [ 0.5, 21.5, 3.5, 22.0 ], "rotation": 90 },
																		"up": { "texture": "#skin", "uv": [ 0.0, 22.0, 0.5, 22.5 ], "rotation": 270 },
																		"down": { "texture": "#skin", "uv": [ 3.5, 22.0, 4.0, 22.5 ], "rotation": 90, "enabled": false }
															}
														}
													]
												}
											]
										}
									]
								},
								{
									"name": "jaw",
									"from": [ -3.564, 0.935, 1.782 ], 
									"to": [ 1.0692, 2.717, 4.6332 ], 
									"unwrapMode": 5,
									"unwrapRotation": 1,
									"uv": [ 32.5, 31.5 ],
									"rotationOrigin": [ 0.891, 2.5366, 3.2076 ],
									"rotationZ": 2.0,
									"faces": {
												"north": { "texture": "#skin", "uv": [ 32.5, 31.5, 34.0, 35.5 ], "rotation": 270 },
												"east": { "texture": "#skin", "uv": [ 34.0, 31.5, 36.5, 33.0 ], "rotation": 180, "enabled": false },
												"south": { "texture": "#skin", "uv": [ 36.5, 31.5, 38.0, 35.5 ], "rotation": 90 },
												"west": { "texture": "#skin", "uv": [ 34.0, 35.5, 36.5, 37.0 ] },
												"up": { "texture": "#skin", "uv": [ 34.0, 31.5, 36.5, 35.5 ], "rotation": 90 },
												"down": { "texture": "#skin", "uv": [ 38.0, 31.5, 40.5, 35.5 ], "rotation": 270 }
									},
									"children": [
										{
											"name": "lower lip",
											"from": [ -2.1384, 0.0, -0.1782 ], 
											"to": [ 0.5346, 2.1384, 3.0294 ], 
											"unwrapMode": 5,
											"unwrapRotation": 1,
											"uv": [ 27.5, 6.0 ],
											"rotationOrigin": [ 0.891, 1.6038, 1.4256 ],
											"rotationZ": 20.0,
											"faces": {
														"north": { "texture": "#skin", "uv": [ 27.5, 6.0, 29.0, 8.0 ], "rotation": 270 },
														"east": { "texture": "#skin", "uv": [ 29.0, 6.0, 31.5, 7.5 ], "rotation": 180, "enabled": false },
														"south": { "texture": "#skin", "uv": [ 31.5, 6.0, 33.0, 8.0 ], "rotation": 90 },
														"west": { "texture": "#skin", "uv": [ 29.0, 8.0, 31.5, 9.5 ] },
														"up": { "texture": "#skin", "uv": [ 29.0, 6.0, 31.5, 8.0 ], "rotation": 90 },
														"down": { "texture": "#skin", "uv": [ 33.0, 6.0, 35.5, 8.0 ], "rotation": 270 }
											}
										}
									]
								},
								{
									"name": "wattle",
									"from": [ -1.518, -3.102, 2.893 ], 
									"to": [ 3.146, 0.792, 3.553 ], 
									"unwrapMode": 3,
									"uv": [ 0.0, 0.0 ],
									"rotationOrigin": [ 2.046, 0.792, 3.212 ],
									"rotationZ": -10.0,
									"faces": {
												"north": { "texture": "#skin", "uv": [ 4.5, 0.5, 8.5, 4.0 ] },
												"east": { "texture": "#skin", "uv": [ 4.5, 0.5, 5.0, 4.0 ], "enabled": false },
												"south": { "texture": "#skin", "uv": [ 0.5, 0.5, 4.5, 4.0 ] },
												"west": { "texture": "#skin", "uv": [ 0.0, 0.5, 0.5, 4.0 ] },
												"up": { "texture": "#skin", "uv": [ 0.5, 0.0, 4.5, 0.5 ] },
												"down": { "texture": "#skin", "uv": [ 0.5, 4.0, 4.5, 4.5 ], "rotation": 180 }
									}
								}
							]
						}
					]
				},
				{
					"name": "hump",
					"from": [ 3.6454, 0.8866, -0.5346 ], 
					"to": [ 9.1454, 4.5056, 5.8806 ], 
					"unwrapMode": 5,
					"uv": [ 56.0, 20.5 ],
					"rotationOrigin": [ 7.2094, 0.8866, 2.673 ],
					"rotationZ": -80.0,
					"faces": {
						"north": { "texture": "#skin", "uv": [ 59.0, 20.5, 64.0, 23.5 ], "rotation": 180 },
						"east": { "texture": "#skin", "uv": [ 64.0, 23.5, 67.0, 29.0 ], "rotation": 90 },
						"south": { "texture": "#skin", "uv": [ 59.0, 29.0, 64.0, 32.0 ] },
						"west": { "texture": "#skin", "uv": [ 56.0, 23.5, 59.0, 29.0 ], "rotation": 270 },
						"up": { "texture": "#skin", "uv": [ 59.0, 23.5, 64.0, 29.0 ] },
						"down": { "texture": "#skin", "uv": [ 67.0, 23.5, 72.0, 29.0 ], "enabled": false }
					}
				}
			]
		}
	]}