{
	"code": "antler",
		"behaviors": [
		{ "name": "GroundStorable", "properties": { "layout": "Quadrants", "collisionBox": { "x1": 0, "y1": 0, "z1": 0, "x2": 1, "y2": 0.125, "z2": 1 } } }
	],
  "variantgroups": [
    {"code": "type","states": [ "female","male" ]},
    {"code": "tribe","states": [ "alceini", "capreolini", "odocoileini" ]},
    {"code": "genus","states": [ "alces","capreolus","hydropotes","blastocerus","hippocamelus","mazama","odocoileus","ozotoceros","pudu","rangifer" ]},
    {"code": "species","states": [ "alces","capreolus","pygargus","inermis","dichotomus","antisensis","bisulcus","americana","chunyi","gouazoubira","nana","nemorivaga","rufina","temama","tienhoveni","hemionus","pandora","virginianus","bezoarticus","mephistophiles","puda","tarandus" ]}
  ],
	"allowedVariants": [
		"*-male-alceini-alces-alces",
		"*-male-capreolini-capreolus-capreolus",
		"*-male-capreolini-capreolus-pygargus",
		"*-male-capreolini-hydropotes-inermis",
		"*-male-odocoileini-blastocerus-dichotomus",
		"*-male-odocoileini-hippocamelus-antisensis",
		"*-male-odocoileini-hippocamelus-bisulcus",
		"*-male-odocoileini-mazama-americana",
		"*-male-odocoileini-mazama-chunyi",
		"*-male-odocoileini-mazama-gouazoubira",
		"*-male-odocoileini-mazama-nana",
		"*-male-odocoileini-mazama-nemorivaga",
		"*-male-odocoileini-mazama-rufina",
		"*-male-odocoileini-mazama-temama",
		"*-male-odocoileini-mazama-tienhoveni",
		"*-male-odocoileini-odocoileus-hemionus",
		"*-male-odocoileini-odocoileus-pandora",
		"*-male-odocoileini-odocoileus-virginianus",
		"*-male-odocoileini-ozotoceros-bezoarticus",
		"*-male-odocoileini-pudu-mephistophiles",
		"*-male-odocoileini-pudu-puda",
		"*-female-odocoileini-rangifer-tarandus",
		"*-male-odocoileini-rangifer-tarandus"
	],
	"maxstacksize": 64,
	"attributes": {
		"displaycaseable": true, 
		"shelvable": true,
		"onDisplayTransform": {
			"translation": { "x": 0, "y": 0.0, "z": 0.0 },
			"rotation": { "x": 0, "y": -45, "z": 0 },
			"origin": { "x": 0.5, "y": 0.0, "z": 0.5 },
			"scale": 1.0
		},
		"groundStorageTransform": {
			"translation": { "x": 0, "y": 0.0, "z": -0.0 },
			"rotation": { "x": 0, "y": -45, "z": 0 },
			"scale": 1.00
		}
	},
	"materialDensity": 900,
	"heldTpHitAnimation": "breaktool",
	"grindingProps": {
		"groundStack": { "type": "item", "code": "game:bonemeal" }
	},
	"fpHandTransform": {
		"translation": { "x": 0, "y": -0.5, "z": -1.5 },
		"rotation": { "x": 180, "y": 0, "z": 90 },
		"scale": 4
	},
	"guiTransformByType": {
		
		"*-alceini-*": {
		"translation": { "x": -3, "y": -3, "z": 5 },
		"rotation": { "x": 0, "y": 90, "z": 90 },
		"origin": { "x": 0.5, "y": 0.25, "z": 0.5 },
		"scale": 1.00},
		
		"*-capreolini-*": {
		"translation": { "x": 0, "y": 0, "z": 0 },
		"rotation": { "x": 0, "y": 90, "z": 90 },
		"origin": { "x": 0.5, "y": 0.0, "z": 0.5 },
		"scale": 4.00},
		
		"*-hippocamelus-*": {
		"translation": { "x": 0, "y": 0, "z": 0 },
		"rotation": { "x": 0, "y": 90, "z": 90 },
		"origin": { "x": 0.5, "y": 0.25, "z": 0.5 },
		"scale": 4.0},
		
		"*-mazama-*": {
		"translation": { "x": 0, "y": 0, "z": 0 },
		"rotation": { "x": 0, "y": 90, "z": 90 },
		"origin": { "x": 0.5, "y": 0.0, "z": 0.5 },
		"scale": 5.0},
		
		"*-pudu-*": {
		"translation": { "x": 0, "y": 0, "z": 0 },
		"rotation": { "x": 0, "y": 90, "z": 90 },
		"origin": { "x": 0.5, "y": 0.0, "z": 0.5 },
		"scale": 6.0},
		
		"*-rangifer-*": {
		"translation": { "x": 0, "y": 0, "z": 0 },
		"rotation": { "x": 0, "y": 90, "z": 90 },
		"origin": { "x": 0.5, "y": 0.25, "z": 0.5 },
		"scale": 1.5},
		
		"*-odocoileini-*": {
		"translation": { "x": 0, "y": 0, "z": 0 },
		"rotation": { "x": 0, "y": 90, "z": 90 },
		"origin": { "x": 0.5, "y": 0.25, "z": 0.5 },
		"scale": 2.0}
	},
	"tpHandTransform": {
		"translation": { "x": -0.0, "y": 0, "z": -0.0 },
		"rotation": { "x": 0, "y": -0, "z": 0 },
		"origin": { "x": 0.5, "y": 0.12, "z": 0.5 },
		"scale": 1
	},
	"collisionbox": { "x1": 0.3125, "y1": 0, "z1": 0.3125, "x2": 0.6875, "y2": 0.125, "z2": 0.6875 },
	"selectionbox": { "x1": 0.3125, "y1": 0, "z1": 0.3125, "x2": 0.6875, "y2": 0.125, "z2": 0.6875 },

		"groundTransform": {
		"translation": { "x": 0, "y": 0, "z": 0 },
		"rotation": { "x": 0, "y": 0, "z": 0 },
		"origin": { "x": 0.5, "y": 0.5, "z": 0.5299 },
		"scale": 1
	},
  "transitionablePropsByType": {
    "*": [
      {
        "type": "Cure",
        "freshHours": { "avg": 0.001 },
        "spoilHours": { "avg": 0.001 },
        "transitionedStack": {
          "type": "item",
          "code": "game:bone"
        },
        "transitionRatio": 1
      }
    ]
  }
	

}