{
	"code": "autocrafter",
	"class": "BlockAutocrafter",
	"entityclass": "BEEAutocrafter",
	"creativeinventory": {
		"general": [ "*-east" ],
		"qptech": [ "*-east" ]
	},
	"variantgroups": [
		{
			"code": "type",
			"states": [ "steel" ]
		},
		{
			"code": "side",
			"loadFromProperties": "abstract/horizontalorientation"
		}
	],
	"entityBehaviors": [
		{ "name": "Animatable" },
		
	],
	"behaviors": [

		{
			"name": "HorizontalOrientable",
			"properties": { "dropBlockFace": "east" }
		}
		
	],
	"attributes": {
		"genFlux": 0,
		"useFlux": 32,
		"processingTime": 0.1,
		"inputFace": "west",
			"outputFace": "east",
		
		"animationCode": "run",
			"animation": "run",
				"runAnimationSpeed": 0.17,
	},
	"blockmaterial": "Metal",
	"drawtype": "json",

	"shape": { "base": "block/autocrafter" },
	"shapeByType": {
		"*-north": {
			"base": "block/autocrafter",
			"rotateY": 0
		},
		"*-east": {
			"base": "block/autocrafter",
			"rotateY": 270
		},
		"*-west": {
			"base": "block/autocrafter",
			"rotateY": 90
		},
		"*-south": {
			"base": "block/autocrafter",
			"rotateY": 180
		}
	},
	
	"lightAbsorption": 0,
	"resistance": 1,
	"sideAo": { "all": false },
	"sidesolid": {
		"all": false
	},
	"sideopaque": {
		"all": false
	},
	"sounds": {
		"place": "game:block/anvil",
		"walk": "game:walk/stone"
	},
	"selectionBox": {
		"x1": 0,
		"y1": 0,
		"z1": 0,
		"x2": 1,
		"y2": 0.75,
		"z2": 1
	}

}