{
  "code": "taxidermy",
  "behaviors": [{ "name": "HorizontalOrientable", "properties": {  "dropBlockFace": "north", "drop": { "type": "block", "code": "capreolinae:taxidermy-{tribe}-{type}-{genus}{species}-north"} }},{ "name": "UnstableFalling" },{ "name": "RightClickPickup"}],
  "variantgroups": [
    {"code": "type","states": [ "baby","female","male" ]},
    {"code": "tribe","states": [ "alceini", "capreolini", "odocoileini" ]},
    {"code": "genus","states": [ "alces","capreolus","hydropotes","blastocerus","hippocamelus","mazama","odocoileus","ozotoceros","pudu","rangifer" ]},
    {"code": "species","states": [ "alces","capreolus","pygargus","inermis","dichotomus","antisensis","bisulcus","americana","chunyi","gouazoubira","nana","nemorivaga","rufina","temama","tienhoveni","hemionus","pandora","virginianus","bezoarticus","mephistophiles","puda","tarandus" ]},
    { "code": "side", "loadFromProperties": "game:abstract/horizontalorientation"}
  ],
	"allowedVariants": [
		"*-alceini-alces-alces-*",
		"*-capreolini-capreolus-capreolus-*",
		"*-capreolini-capreolus-pygargus-*",
		"*-capreolini-hydropotes-inermis-*",
		"*-odocoileini-blastocerus-dichotomus-*",
		"*-odocoileini-hippocamelus-antisensis-*",
		"*-odocoileini-hippocamelus-bisulcus-*",
		"*-odocoileini-mazama-americana-*",
		"*-odocoileini-mazama-chunyi-*",
		"*-odocoileini-mazama-gouazoubira-*",
		"*-odocoileini-mazama-nana-*",
		"*-odocoileini-mazama-nemorivaga-*",
		"*-odocoileini-mazama-rufina-*",
		"*-odocoileini-mazama-temama-*",
		"*-odocoileini-mazama-tienhoveni-*",
		"*-odocoileini-odocoileus-hemionus-*",
		"*-odocoileini-odocoileus-pandora-*",
		"*-odocoileini-odocoileus-virginianus-*",
		"*-odocoileini-ozotoceros-bezoarticus-*",
		"*-odocoileini-pudu-mephistophiles-*",
		"*-odocoileini-pudu-puda-*",
		"*-odocoileini-rangifer-tarandus-*"
	],
  "attributes": {
  },
	  "transitionablePropsByType": {
    "*pudu-mephistophiles-*": [
      {
        "type": "Cure",
        "freshHours": { "avg": 0.001 },
        "spoilHours": { "avg": 0.001 },
        "transitionedStack": {
          "type": "block",
          "code": "taxidermy-{tribe}-{type}-pudellamephistophiles-north"
        },
        "transitionRatio": 1
      }],
    "*": [
      {
        "type": "Cure",
        "freshHours": { "avg": 0.001 },
        "spoilHours": { "avg": 0.001 },
        "transitionedStack": {
          "type": "block",
          "code": "taxidermy-{tribe}-{type}-{genus}{species}-north"
        },
        "transitionRatio": 1
      }
    ]
  },
  "sidesolid": { "all": false },
  "sideopaque": { "all": false },
  "blockmaterial": "Cloth",
  "replaceable": 5001,
  "resistance": 0.5,
  "lightAbsorption": 0,
  "selectionBoxByType": {
    "*-north": {"x1": 0.15,"y1": 0.0,"z1": 0.0,"x2": 0.85,"y2": 0.85,"z2": 1},
    "*-east": {"x1": 0,"y1": 0.0,"z1": 0.15,"x2": 1.0,"y2": 0.85,"z2": 0.85},
    "*-south": {"x1": 0.15,"y1": 0.0,"z1": 0,"x2": 0.85,"y2": 0.85,"z2": 1.0},
    "*-west": {"x1": 0.0,"y1": 0.0,"z1": 0.15,"x2": 1,"y2": 0.85,"z2": 0.85}
  },
  "collisionboxByType": {
    "*-north": {"x1": 0.15,"y1": 0.0,"z1": 0.0,"x2": 0.85,"y2": 0.85,"z2": 1},
    "*-east": {"x1": 0,"y1": 0.0,"z1": 0.15,"x2": 1.0,"y2": 0.85,"z2": 0.85},
    "*-south": {"x1": 0.15,"y1": 0.0,"z1": 0,"x2": 0.85,"y2": 0.85,"z2": 1.0},
    "*-west": {"x1": 0.0,"y1": 0.0,"z1": 0.15,"x2": 1,"y2": 0.85,"z2": 0.85}
  },
  "combustibleProps": {
    "burnTemperature": 400,
    "burnDuration": 10
  },
  "sounds": {
    "place": "game:block/cloth",
    "walk": "game:walk/cloth"
  },
	"guiTransformByType": {
		
		"*-male-alceini-*": {
			"rotate": true,
			"translation": { "x": 0, "y": 0, "z": 0 },
			"rotation": { "x": -11, "y": 122, "z": 0 },
			"origin": { "x": 0.5, "y": 1.1, "z": 0.5 },
			"scale": 0.57
		},
		"*-female-alceini-*": {
			"rotate": true,
			"translation": { "x": 0, "y": 0, "z": 0 },
			"rotation": { "x": -11, "y": 122, "z": 0 },
			"origin": { "x": 0.5, "y": 1, "z": 0.5 },
			"scale": 0.6
		},
		"*-baby-alceini-*": {
			"rotate": true,
			"translation": { "x": 0, "y": 0, "z": 0 },
			"rotation": { "x": -11, "y": 122, "z": 0 },
			"origin": { "x": 0.5, "y": 0.5, "z": 0.5 },
			"scale": 1.2
		},
		"*-male-capreolini-*": {
			"rotate": true,
			"translation": { "x": 0, "y": 0, "z": 0 },
			"rotation": { "x": -11, "y": 122, "z": 0 },
			"origin": { "x": 0.5, "y": 0.5, "z": 0.5 },
			"scale": 1.1
		},
		"*-female-capreolini-*": {
			"rotate": true,
			"translation": { "x": 0, "y": 0, "z": 0 },
			"rotation": { "x": -11, "y": 122, "z": 0 },
			"origin": { "x": 0.5, "y": 0.5, "z": 0.5 },
			"scale": 1.2
		},
		"*-baby-capreolini-*": {
			"rotate": true,
			"translation": { "x": 0, "y": 0, "z": 0 },
			"rotation": { "x": -11, "y": 122, "z": 0 },
			"origin": { "x": 0.5, "y": 0.2, "z": 0.5 },
			"scale": 2.5
		},
		"*-male-odocoileini-*": {
			"rotate": true,
			"translation": { "x": 0, "y": 0, "z": 0 },
			"rotation": { "x": -11, "y": 122, "z": 0 },
			"origin": { "x": 0.5, "y": 0.5, "z": 0.5 },
			"scale": 0.77
		},
		"*-female-odocoileini-*": {
			"rotate": true,
			"translation": { "x": 0, "y": 0, "z": 0 },
			"rotation": { "x": -11, "y": 122, "z": 0 },
			"origin": { "x": 0.5, "y": 0.4, "z": 0.5 },
			"scale": 0.77
		},
		"*-baby-odocoileini-blastocerus-*": {
			"rotate": true,
			"translation": { "x": 0, "y": 0, "z": 0 },
			"rotation": { "x": -11, "y": 122, "z": 0 },
			"origin": { "x": 0.5, "y": 0.5, "z": 0.5 },
			"scale": 1.2
		},	
		"*-baby-odocoileini-rangifer-*": {
			"rotate": true,
			"translation": { "x": 0, "y": 0, "z": 0 },
			"rotation": { "x": -11, "y": 122, "z": 0 },
			"origin": { "x": 0.5, "y": 0.5, "z": 0.5 },
			"scale": 1.2
		},	
		"*-baby-odocoileini-*": {
			"rotate": true,
			"translation": { "x": 0, "y": 0, "z": 0 },
			"rotation": { "x": -11, "y": 122, "z": 0 },
			"origin": { "x": 0.5, "y": 0.2, "z": 0.5 },
			"scale": 1.3
		},		
		"*": {
			"rotate": true,
			"translation": { "x": 0, "y": 0, "z": 0 },
			"rotation": { "x": -11, "y": 122, "z": 0 },
			"origin": { "x": 0.5, "y": 0, "z": 0.5 },
			"scale": 1.0
		}			
	},
  "groundTransform": {
    "translation": {"x": 0.5,"y": 0,"z": 0},
    "rotation": {"x": 0,"y": 135,"z": 0},
    "origin": {"x": 0.5,"y": -0.02,"z": 0.5},
    "scale": 0.5
  },
  "tpHandTransform": {
    "translation": {"x": -1,"y": -0.8,"z": -1},
    "rotation": {"x": -46,"y": 300,"z": -2},
    "origin": {"x": 0.5,"y": 1,"z": 0.5},
    "scale": 0.5
  },
  "fpHandTransform": {
		"translation": { "x": 0.4, "y": 0, "z": 0 },
		"rotation": { "x": -8, "y": -63, "z": -7 },
    "origin": {"x": 0.5,"y": 0.1,"z": 0.5},
    "scale": 0.5
  },
  "materialDensity": 200
}