{
	"editor": {
		"allAngles": true,
		"entityTextureMode": true
	},
	"textureWidth": 32,
	"textureHeight": 24,
	"textureSizes": {
		"bottom": [16,16],
		"skin": [32,24]
	},
	"textures": {
	},
	"elements": [
		{
			"name": "Rotation Point",
			"from": [ 0.0, 16.0, 0.0 ],
			"to": [ 0.0, 16.0, 0.0 ],
			"uv": [ 0.0, 0.0 ],
			"rotationOrigin": [ 0.0, 16.0, 0.0 ],
			"rotationZ": -90.0,
			"faces": {
			},
			"children": [
				{
					"name": "Base",
					"from": [ 1.0, 0.0, 8.0 ],
					"to": [ 1.0, 0.0, 8.0 ],
					"uv": [ 0.0, 0.0 ],
					"rotationOrigin": [ 1.0, 0.0, 8.0 ],
					"faces": {
					},
					"children": [
						{
							"name": "PeltBody",
							"from": [ 2.66, 0.0, -0.9975 ],
							"to": [ 5.586, 0.2793, 0.9975 ],
							"unwrapMode": 5,
							"autoUnwrap": false,
							"uv": [ 0.0, 9.0 ],
							"rotationOrigin": [ 2.66, 0.0, -0.9975 ],
							"faces": {
								"north": { "texture": "#skin", "uv": [ 10.0, 3.0, 14.0, 3.5 ], "rotation": 180, "autoUv": false, "windMode": [-1,-1,-1,-1] },
								"east": { "texture": "#skin", "uv": [ 6.5, 0.0, 7.0, 3.0 ], "rotation": 90, "autoUv": false, "windMode": [-1,-1,-1,-1] },
								"south": { "texture": "#skin", "uv": [ 3.0, 3.0, 7.0, 3.5 ], "autoUv": false, "windMode": [-1,-1,-1,-1] },
								"west": { "texture": "#skin", "uv": [ 3.0, 0.0, 3.5, 3.0 ], "rotation": 270, "autoUv": false, "windMode": [-1,-1,-1,-1] },
								"up": { "texture": "#skin", "uv": [ 3.0, 0.0, 7.0, 3.0 ], "autoUv": false, "windMode": [-1,-1,-1,-1] },
								"down": { "texture": "#bottom", "uv": [ 5.0, 8.5, 9.0, 11.5 ], "autoUv": false, "windMode": [-1,-1,-1,-1] }
							},
							"children": [
								{
									"name": "LBody",
									"from": [ 0.0, 0.0066, 1.6625 ],
									"to": [ 2.926, 0.2726, 3.325 ],
									"unwrapMode": 5,
									"autoUnwrap": false,
									"uv": [ 0.0, 2.5 ],
									"rotationOrigin": [ 0.0, -0.0066, 1.6625 ],
									"rotationY": -3.0,
									"faces": {
										"east": { "texture": "#skin", "uv": [ 6.5, 3.0, 7.0, 5.5 ], "rotation": 90, "autoUv": false },
										"south": { "texture": "#skin", "uv": [ 3.0, 5.0, 7.0, 5.5 ], "autoUv": false, "windMode": [-1,-1,-1,-1] },
										"west": { "texture": "#skin", "uv": [ 3.0, 3.0, 3.5, 5.5 ], "rotation": 270, "autoUv": false, "windMode": [-1,-1,-1,-1] },
										"up": { "texture": "#skin", "uv": [ 3.0, 3.0, 7.0, 5.5 ], "autoUv": false, "windMode": [-1,-1,-1,-1] },
										"down": { "texture": "#bottom", "uv": [ 4.5, 2.0, 8.5, 4.5 ], "autoUv": false }
									},
									"children": [
										{
											"name": "LArm",
											"from": [ 0.0, 0.0066, 0.9975 ],
											"to": [ 0.665, 0.2593, 2.66 ],
											"unwrapMode": 5,
											"autoUnwrap": false,
											"uv": [ 6.5, 18.0 ],
											"rotationOrigin": [ 0.0, 0.0066, 0.9975 ],
											"rotationY": -30.0,
											"faces": {
												"east": { "texture": "#skin", "uv": [ 17.0, 16.5, 17.5, 19.0 ], "rotation": 90, "autoUv": false },
												"south": { "texture": "#skin", "uv": [ 16.5, 18.5, 17.5, 19.0 ], "autoUv": false, "windMode": [-1,-1,-1,-1] },
												"west": { "texture": "#skin", "uv": [ 16.5, 16.5, 17.0, 19.0 ], "rotation": 270, "autoUv": false, "windMode": [-1,-1,-1,-1] },
												"up": { "texture": "#skin", "uv": [ 16.5, 16.5, 17.5, 19.0 ], "autoUv": false, "windMode": [-1,-1,-1,-1] },
												"down": { "texture": "#bottom", "uv": [ 8.5, 11.0, 9.5, 13.5 ], "autoUv": false, "windMode": [-1,-1,-1,-1] }
											},
											"children": [
												{
													"name": "LArmLower",
													"from": [ 0.665, 0.0066, 0.0 ],
													"to": [ 1.33, 0.246, 1.6625 ],
													"unwrapMode": 5,
													"autoUnwrap": false,
													"uv": [ 8.0, 18.0 ],
													"rotationOrigin": [ 1.33, 0.0066, 0.0 ],
													"rotationY": -10.0,
													"faces": {
														"east": { "texture": "#skin", "uv": [ 17.0, 16.5, 17.5, 19.0 ], "rotation": 90, "autoUv": false },
														"south": { "texture": "#skin", "uv": [ 16.5, 18.5, 17.5, 19.0 ], "autoUv": false, "windMode": [-1,-1,-1,-1] },
														"up": { "texture": "#skin", "uv": [ 16.5, 16.5, 17.5, 19.0 ], "autoUv": false, "windMode": [-1,-1,-1,-1] },
														"down": { "texture": "#bottom", "uv": [ 9.5, 12.0, 10.5, 14.5 ], "autoUv": false, "windMode": [-1,-1,-1,-1] }
													}
												}
											]
										}
									]
								},
								{
									"name": "RBody",
									"from": [ 0.0, -0.2726, 0.1995 ],
									"to": [ 2.926, -0.0066, 1.862 ],
									"unwrapMode": 6,
									"autoUnwrap": false,
									"uv": [ 0.0, 9.0 ],
									"rotationOrigin": [ 0.0, 0.0, 0.1995 ],
									"rotationX": 180.0,
									"rotationY": -3.0,
									"faces": {
										"east": { "texture": "#skin", "uv": [ 10.0, 3.0, 10.5, 5.5 ], "rotation": 90, "autoUv": false },
										"south": { "texture": "#skin", "uv": [ 10.0, 5.0, 14.0, 5.5 ], "rotation": 180, "autoUv": false, "windMode": [-1,-1,-1,-1] },
										"west": { "texture": "#skin", "uv": [ 13.5, 3.0, 14.0, 5.5 ], "rotation": 270, "autoUv": false, "windMode": [-1,-1,-1,-1] },
										"up": { "texture": "#bottom", "uv": [ 7.0, 6.0, 11.0, 8.5 ], "autoUv": false, "windMode": [-1,-1,-1,-1] },
										"down": { "texture": "#skin", "uv": [ 10.0, 3.0, 14.0, 5.5 ], "autoUv": false, "windMode": [-1,-1,-1,-1] }
									},
									"children": [
										{
											"name": "RArm",
											"from": [ 0.0, 0.0066, 0.9975 ],
											"to": [ 0.665, 0.2593, 2.66 ],
											"unwrapMode": 6,
											"autoUnwrap": false,
											"uv": [ 4.0, 6.5 ],
											"rotationOrigin": [ 0.0, 0.2593, 0.9975 ],
											"rotationY": -30.0,
											"faces": {
												"east": { "texture": "#skin", "uv": [ 25.0, 21.0, 25.5, 23.5 ], "rotation": 90, "autoUv": false },
												"south": { "texture": "#skin", "uv": [ 25.0, 23.0, 26.0, 23.5 ], "rotation": 180, "autoUv": false, "windMode": [-1,-1,-1,-1] },
												"west": { "texture": "#skin", "uv": [ 25.5, 21.0, 26.0, 23.5 ], "rotation": 270, "autoUv": false, "windMode": [-1,-1,-1,-1] },
												"up": { "texture": "#bottom", "uv": [ 6.0, 5.5, 7.0, 8.0 ], "autoUv": false, "windMode": [-1,-1,-1,-1] },
												"down": { "texture": "#skin", "uv": [ 25.0, 21.0, 26.0, 23.5 ], "autoUv": false, "windMode": [-1,-1,-1,-1] }
											},
											"children": [
												{
													"name": "RArmLower",
													"from": [ 0.665, 0.0066, 0.0 ],
													"to": [ 1.33, 0.246, 1.6625 ],
													"unwrapMode": 5,
													"autoUnwrap": false,
													"uv": [ 4.5, 6.5 ],
													"rotationOrigin": [ 1.33, 0.246, 0.0 ],
													"rotationY": -10.0,
													"faces": {
														"east": { "texture": "#skin", "uv": [ 25.0, 20.5, 25.5, 23.0 ], "rotation": 90, "autoUv": false, "windMode": [-1,-1,-1,-1] },
														"south": { "texture": "#skin", "uv": [ 25.0, 23.5, 26.0, 24.0 ], "autoUv": false, "windMode": [-1,-1,-1,-1] },
														"up": { "texture": "#bottom", "uv": [ 4.5, 6.5, 5.5, 9.0 ], "autoUv": false, "windMode": [-1,-1,-1,-1] },
														"down": { "texture": "#skin", "uv": [ 25.0, 20.5, 26.0, 23.0 ], "autoUv": false, "windMode": [-1,-1,-1,-1] }
													}
												}
											]
										}
									]
								},
								{
									"name": "PeltAbdomen",
									"from": [ 2.9193, 0.0066, 0.0 ],
									"to": [ 5.5793, 0.2726, 1.995 ],
									"unwrapMode": 5,
									"autoUnwrap": false,
									"uv": [ 0.0, 0.0 ],
									"rotationOrigin": [ 2.926, 0.0066, 0.0 ],
									"faces": {
										"north": { "texture": "#skin", "uv": [ 21.0, 3.0, 25.0, 3.5 ], "rotation": 180, "autoUv": false, "windMode": [-1,-1,-1,-1] },
										"east": { "texture": "#skin", "uv": [ 17.5, 0.0, 18.0, 3.0 ], "rotation": 90, "autoUv": false, "windMode": [-1,-1,-1,-1] },
										"south": { "texture": "#skin", "uv": [ 14.0, 3.0, 18.0, 3.5 ], "autoUv": false, "windMode": [-1,-1,-1,-1] },
										"up": { "texture": "#skin", "uv": [ 14.0, 0.0, 18.0, 3.0 ], "autoUv": false, "windMode": [-1,-1,-1,-1] },
										"down": { "texture": "#bottom", "uv": [ 3.0, 2.5, 7.0, 5.5 ], "autoUv": false }
									},
									"children": [
										{
											"name": "LAbdomen",
											"from": [ 0.0, 0.0066, 1.6625 ],
											"to": [ 2.66, 0.2593, 3.458 ],
											"unwrapMode": 5,
											"autoUnwrap": false,
											"uv": [ 0.0, 10.5 ],
											"rotationOrigin": [ 0.0, 0.0066, 1.6625 ],
											"rotationY": -3.0,
											"faces": {
												"east": { "texture": "#skin", "uv": [ 17.5, 3.0, 18.0, 5.5 ], "rotation": 90, "autoUv": false },
												"south": { "texture": "#skin", "uv": [ 14.0, 5.0, 18.0, 5.5 ], "autoUv": false, "windMode": [-1,-1,-1,-1] },
												"west": { "texture": "#skin", "uv": [ 14.0, 3.0, 14.5, 5.5 ], "rotation": 270, "autoUv": false, "windMode": [-1,-1,-1,-1] },
												"up": { "texture": "#skin", "uv": [ 14.0, 3.0, 18.0, 5.5 ], "autoUv": false, "windMode": [-1,-1,-1,-1] },
												"down": { "texture": "#bottom", "uv": [ 6.0, 8.0, 10.0, 10.5 ], "autoUv": false, "windMode": [-1,-1,-1,-1] }
											},
											"children": [
												{
													"name": "LLeg",
													"from": [ 1.33, 0.0066, 1.7955 ],
													"to": [ 2.1945, 0.246, 3.7905 ],
													"unwrapMode": 5,
													"autoUnwrap": false,
													"uv": [ 10.0, 4.5 ],
													"rotationOrigin": [ 1.33, 0.0066, 1.7955 ],
													"rotationY": 72.0,
													"faces": {
														"east": { "texture": "#skin", "uv": [ 2.5, 17.5, 3.0, 20.5 ], "rotation": 90, "autoUv": false },
														"south": { "texture": "#skin", "uv": [ 1.5, 20.5, 2.5, 21.0 ], "autoUv": false, "windMode": [-1,-1,-1,-1] },
														"west": { "texture": "#skin", "uv": [ 1.0, 17.5, 1.5, 20.5 ], "rotation": 270, "autoUv": false, "windMode": [-1,-1,-1,-1] },
														"up": { "texture": "#skin", "uv": [ 1.5, 17.5, 2.5, 20.5 ], "autoUv": false, "windMode": [-1,-1,-1,-1] },
														"down": { "texture": "#bottom", "uv": [ 13.0, 4.5, 14.0, 7.5 ], "autoUv": false, "windMode": [-1,-1,-1,-1] }
													},
													"children": [
														{
															"name": "LLegEnd",
															"from": [ 0.0665, -0.0066, 1.6625 ],
															"to": [ 0.8645, 0.246, 3.6575 ],
															"unwrapMode": 5,
															"autoUnwrap": false,
															"uv": [ 4.5, 7.5 ],
															"rotationOrigin": [ 0.7315, -0.0066, 1.6625 ],
															"rotationY": -14.0,
															"faces": {
																"north": { "texture": "#skin", "uv": [ 6.0, 20.0, 7.0, 20.5 ], "rotation": 180, "autoUv": false },
																"east": { "texture": "#skin", "uv": [ 7.0, 20.5, 7.5, 23.5 ], "rotation": 90, "autoUv": false, "windMode": [-1,-1,-1,-1] },
																"south": { "texture": "#skin", "uv": [ 6.0, 23.5, 7.0, 24.0 ], "autoUv": false, "windMode": [-1,-1,-1,-1] },
																"west": { "texture": "#skin", "uv": [ 5.5, 20.5, 6.0, 23.5 ], "rotation": 270, "autoUv": false, "windMode": [-1,-1,-1,-1] },
																"up": { "texture": "#skin", "uv": [ 6.0, 20.5, 7.0, 23.5 ], "autoUv": false, "windMode": [-1,-1,-1,-1] },
																"down": { "texture": "#bottom", "uv": [ 6.5, 8.0, 7.5, 11.0 ], "autoUv": false, "windMode": [-1,-1,-1,-1] }
															}
														}
													]
												},
												{
													"name": "LLegLower",
													"from": [ 1.6625, 0.0133, -0.3325 ],
													"to": [ 2.66, 0.2394, 1.6625 ],
													"unwrapMode": 5,
													"autoUnwrap": false,
													"uv": [ 0.5, 6.0 ],
													"rotationOrigin": [ 2.66, 0.0133, -0.3325 ],
													"rotationY": 16.0,
													"faces": {
														"east": { "texture": "#skin", "uv": [ 4.0, 17.5, 4.5, 20.5 ], "rotation": 90, "autoUv": false },
														"up": { "texture": "#skin", "uv": [ 3.0, 17.5, 4.5, 20.5 ], "autoUv": false, "windMode": [-1,-1,-1,-1] },
														"down": { "texture": "#bottom", "uv": [ 2.5, 6.0, 4.0, 9.0 ], "autoUv": false, "windMode": [-1,-1,-1,-1] }
													}
												}
											]
										},
										{
											"name": "RAbdomen",
											"from": [ 0.0, -0.246, 0.1995 ],
											"to": [ 2.66, 0.0066, 1.995 ],
											"unwrapMode": 5,
											"autoUnwrap": false,
											"uv": [ -0.5, 4.5 ],
											"rotationOrigin": [ 0.0, 0.0066, 0.1995 ],
											"rotationX": 180.0,
											"rotationY": -3.0,
											"faces": {
												"east": { "texture": "#skin", "uv": [ 20.5, 3.0, 21.0, 5.5 ], "rotation": 90, "autoUv": false },
												"south": { "texture": "#skin", "uv": [ 21.0, 5.0, 25.0, 5.5 ], "autoUv": false, "windMode": [-1,-1,-1,-1] },
												"west": { "texture": "#skin", "uv": [ 24.5, 3.0, 25.0, 5.5 ], "rotation": 270, "autoUv": false, "windMode": [-1,-1,-1,-1] },
												"up": { "texture": "#bottom", "uv": [ 0.0, 5.0, 4.0, 7.5 ], "autoUv": false, "windMode": [-1,-1,-1,-1] },
												"down": { "texture": "#skin", "uv": [ 21.0, 3.0, 25.0, 5.5 ], "autoUv": false, "windMode": [-1,-1,-1,-1] }
											},
											"children": [
												{
													"name": "RLeg",
													"from": [ 1.33, 0.0066, 1.7955 ],
													"to": [ 2.1945, 0.246, 3.7905 ],
													"unwrapMode": 5,
													"autoUnwrap": false,
													"uv": [ 1.0, 5.5 ],
													"rotationOrigin": [ 1.33, 0.246, 1.7955 ],
													"rotationY": 72.0,
													"faces": {
														"east": { "texture": "#skin", "uv": [ 7.0, 15.5, 7.5, 18.5 ], "rotation": 90, "autoUv": false, "windMode": [-1,-1,-1,-1] },
														"south": { "texture": "#skin", "uv": [ 7.5, 18.0, 8.5, 18.5 ], "autoUv": false, "windMode": [-1,-1,-1,-1] },
														"west": { "texture": "#skin", "uv": [ 8.5, 15.5, 9.0, 18.5 ], "rotation": 270, "autoUv": false, "windMode": [-1,-1,-1,-1] },
														"up": { "texture": "#bottom", "uv": [ 1.5, 5.5, 2.5, 8.5 ], "autoUv": false, "windMode": [-1,-1,-1,-1] },
														"down": { "texture": "#skin", "uv": [ 7.5, 15.5, 8.5, 18.5 ], "autoUv": false, "windMode": [-1,-1,-1,-1] }
													},
													"children": [
														{
															"name": "RLegEnd",
															"from": [ 0.0, -0.0066, 1.6625 ],
															"to": [ 0.798, 0.246, 3.6575 ],
															"unwrapMode": 5,
															"autoUnwrap": false,
															"uv": [ 0.0, 9.0 ],
															"rotationOrigin": [ 0.665, 0.2527, 1.6625 ],
															"rotationY": -14.0,
															"faces": {
																"north": { "texture": "#skin", "uv": [ 9.5, 18.5, 10.5, 19.0 ], "rotation": 180, "autoUv": false },
																"east": { "texture": "#skin", "uv": [ 9.0, 19.0, 9.5, 22.0 ], "rotation": 90, "autoUv": false, "windMode": [-1,-1,-1,-1] },
																"south": { "texture": "#skin", "uv": [ 9.5, 22.0, 10.5, 22.5 ], "autoUv": false, "windMode": [-1,-1,-1,-1] },
																"west": { "texture": "#skin", "uv": [ 10.5, 19.0, 11.0, 22.0 ], "rotation": 270, "autoUv": false, "windMode": [-1,-1,-1,-1] },
																"up": { "texture": "#bottom", "uv": [ 0.5, 9.5, 1.5, 12.5 ], "autoUv": false, "windMode": [-1,-1,-1,-1] },
																"down": { "texture": "#skin", "uv": [ 9.5, 19.0, 10.5, 22.0 ], "autoUv": false, "windMode": [-1,-1,-1,-1] }
															}
														}
													]
												},
												{
													"name": "RLegLower",
													"from": [ 1.6625, 0.0133, -0.3325 ],
													"to": [ 2.66, 0.2394, 1.6625 ],
													"unwrapMode": 5,
													"autoUnwrap": false,
													"uv": [ 12.0, 4.0 ],
													"rotationOrigin": [ 2.66, 0.2394, -0.3325 ],
													"rotationY": 16.0,
													"faces": {
														"east": { "texture": "#skin", "uv": [ 10.0, 15.5, 10.5, 18.5 ], "rotation": 90, "autoUv": false, "windMode": [-1,-1,-1,-1] },
														"up": { "texture": "#bottom", "uv": [ 12.0, 4.0, 13.5, 7.0 ], "autoUv": false, "windMode": [-1,-1,-1,-1] },
														"down": { "texture": "#skin", "uv": [ 9.0, 15.5, 10.5, 18.5 ], "autoUv": false, "windMode": [-1,-1,-1,-1] }
													}
												}
											]
										},
										{
											"name": "PeltTail",
											"from": [ 2.66, 0.0066, 0.4655 ],
											"to": [ 4.4555, 0.3391, 1.5295 ],
											"unwrapMode": 3,
											"autoUnwrap": false,
											"uv": [ 23.5, 5.5 ],
											"rotationOrigin": [ 2.66, 0.0066, 0.4655 ],
											"faces": {
												"north": { "texture": "#skin", "uv": [ 29.0, 7.0, 31.5, 7.5 ], "autoUv": false, "windMode": [-1,-1,-1,-1] },
												"east": { "texture": "#skin", "uv": [ 27.5, 7.0, 29.0, 7.5 ], "autoUv": false, "windMode": [-1,-1,-1,-1] },
												"south": { "texture": "#skin", "uv": [ 25.0, 7.0, 27.5, 7.5 ], "autoUv": false, "windMode": [-1,-1,-1,-1] },
												"west": { "texture": "#skin", "uv": [ 23.5, 7.0, 25.0, 7.5 ], "autoUv": false, "windMode": [-1,-1,-1,-1] },
												"up": { "texture": "#skin", "uv": [ 25.0, 5.5, 27.5, 7.0 ], "autoUv": false, "windMode": [-1,-1,-1,-1] },
												"down": { "texture": "#skin", "uv": [ 25.0, 8.5, 27.5, 10.0 ], "rotation": 180, "autoUv": false, "windMode": [-1,-1,-1,-1] }
											},
											"children": [
												{
													"name": "PeltTailMid",
													"from": [ 1.729, -0.0066, -0.133 ],
													"to": [ 4.655, 0.5187, 1.197 ],
													"unwrapMode": 3,
													"autoUnwrap": false,
													"uv": [ 19.5, 13.5 ],
													"rotationOrigin": [ 1.729, -0.0066, -0.133 ],
													"faces": {
														"north": { "texture": "#skin", "uv": [ 27.5, 15.5, 31.5, 16.0 ], "autoUv": false },
														"east": { "texture": "#skin", "uv": [ 25.5, 15.5, 27.5, 16.0 ], "autoUv": false, "windMode": [-1,-1,-1,-1] },
														"south": { "texture": "#skin", "uv": [ 21.5, 15.5, 25.5, 16.0 ], "autoUv": false, "windMode": [-1,-1,-1,-1] },
														"west": { "texture": "#skin", "uv": [ 19.5, 15.5, 21.5, 16.0 ], "autoUv": false, "windMode": [-1,-1,-1,-1] },
														"up": { "texture": "#skin", "uv": [ 21.5, 13.5, 25.5, 15.5 ], "autoUv": false, "windMode": [-1,-1,-1,-1] },
														"down": { "texture": "#skin", "uv": [ 21.5, 18.0, 25.5, 20.0 ], "rotation": 180, "autoUv": false, "windMode": [-1,-1,-1,-1] }
													},
													"children": [
														{
															"name": "PeltTailEnd",
															"from": [ 2.8595, 0.0, 0.0997 ],
															"to": [ 4.655, 0.399, 1.2302 ],
															"unwrapMode": 3,
															"uv": [ 24.0, 10.0 ],
															"rotationOrigin": [ 2.8595, 0.0, 0.0997 ],
															"faces": {
																"north": { "texture": "#skin", "uv": [ 29.5, 11.5, 32.0, 12.0 ], "autoUv": false },
																"east": { "texture": "#skin", "uv": [ 28.0, 11.5, 29.5, 12.0 ], "autoUv": false, "windMode": [-1,-1,-1,-1] },
																"south": { "texture": "#skin", "uv": [ 25.5, 11.5, 28.0, 12.0 ], "autoUv": false, "windMode": [-1,-1,-1,-1] },
																"west": { "texture": "#skin", "uv": [ 24.0, 11.5, 25.5, 12.0 ], "autoUv": false, "windMode": [-1,-1,-1,-1] },
																"up": { "texture": "#skin", "uv": [ 25.5, 10.0, 28.0, 11.5 ], "autoUv": false, "windMode": [-1,-1,-1,-1] },
																"down": { "texture": "#skin", "uv": [ 25.5, 12.0, 28.0, 13.5 ], "rotation": 180, "autoUv": false, "windMode": [-1,-1,-1,-1] }
															}
														}
													]
												}
											]
										}
									]
								},
								{
									"name": "Neck",
									"from": [ -1.33, 0.0, 0.1662 ],
									"to": [ 0.0, 0.2926, 1.8287 ],
									"autoUnwrap": false,
									"uv": [ 3.0, 2.0 ],
									"rotationOrigin": [ 0.0665, 0.0, 0.1662 ],
									"faces": {
										"north": { "texture": "#skin", "uv": [ 13.5, 10.0, 15.5, 10.5 ], "autoUv": false, "windMode": [-1,-1,-1,-1] },
										"south": { "texture": "#skin", "uv": [ 11.5, 10.0, 13.5, 10.5 ], "autoUv": false, "windMode": [-1,-1,-1,-1] },
										"west": { "texture": "#skin", "uv": [ 9.0, 10.0, 11.5, 10.5 ], "autoUv": false, "windMode": [-1,-1,-1,-1] },
										"up": { "texture": "#skin", "uv": [ 11.5, 7.5, 13.5, 10.0 ], "autoUv": false, "windMode": [-1,-1,-1,-1] },
										"down": { "texture": "#bottom", "uv": [ 6.0, 2.0, 8.0, 4.5 ], "autoUv": false }
									},
									"children": [
										{
											"name": "RNeck",
											"from": [ 0.0, -0.2394, -0.665 ],
											"to": [ 1.33, 0.0133, 0.665 ],
											"unwrapMode": 6,
											"autoUnwrap": false,
											"uv": [ 8.0, 11.0 ],
											"rotationOrigin": [ 1.995, 0.0133, 0.665 ],
											"rotationX": -180.0,
											"rotationY": 75.0,
											"faces": {
												"north": { "texture": "#skin", "uv": [ 11.5, 10.0, 12.0, 12.0 ], "rotation": 90, "autoUv": false },
												"south": { "texture": "#skin", "uv": [ 12.0, 10.0, 14.0, 10.5 ], "rotation": 180, "autoUv": false, "windMode": [-1,-1,-1,-1] },
												"west": { "texture": "#skin", "uv": [ 11.5, 11.0, 13.5, 11.5 ], "rotation": 180, "autoUv": false, "windMode": [-1,-1,-1,-1] },
												"up": { "texture": "#bottom", "uv": [ 11.5, 11.5, 13.5, 13.5 ], "autoUv": false, "windMode": [-1,-1,-1,-1] },
												"down": { "texture": "#skin", "uv": [ 11.5, 10.0, 13.5, 12.0 ], "rotation": 180, "autoUv": false, "windMode": [-1,-1,-1,-1] }
											}
										},
										{
											"name": "LNeck",
											"from": [ 0.0, 0.0133, -0.3325 ],
											"to": [ 1.33, 0.266, 0.9975 ],
											"unwrapMode": 5,
											"autoUnwrap": false,
											"uv": [ 6.0, 10.5 ],
											"rotationOrigin": [ 1.995, 0.0133, 0.9975 ],
											"rotationY": 75.0,
											"faces": {
												"north": { "texture": "#skin", "uv": [ 15.0, 10.0, 15.5, 12.0 ], "rotation": 90, "autoUv": false, "windMode": [-1,-1,-1,-1] },
												"south": { "texture": "#skin", "uv": [ 10.0, 10.0, 12.0, 10.5 ], "autoUv": false, "windMode": [-1,-1,-1,-1] },
												"west": { "texture": "#skin", "uv": [ 13.5, 11.0, 15.5, 11.5 ], "rotation": 180, "autoUv": false, "windMode": [-1,-1,-1,-1] },
												"up": { "texture": "#skin", "uv": [ 13.5, 10.0, 15.5, 12.0 ], "rotation": 180, "autoUv": false, "windMode": [-1,-1,-1,-1] },
												"down": { "texture": "#bottom", "uv": [ 9.5, 11.0, 11.5, 13.0 ], "autoUv": false, "windMode": [-1,-1,-1,-1] }
											}
										},
										{
											"name": "Head",
											"from": [ -0.9975, 0.0, -0.0066 ],
											"to": [ 0.4655, 0.2992, 1.6691 ],
											"autoUnwrap": false,
											"uv": [ 4.5, 3.5 ],
											"rotationOrigin": [ 0.665, 0.0, 0.0 ],
											"faces": {
												"north": { "texture": "#skin", "uv": [ 1.5, 12.0, 2.0, 14.0 ], "rotation": 270, "autoUv": false },
												"east": { "texture": "#skin", "uv": [ 2.0, 12.0, 4.5, 12.5 ], "autoUv": false, "windMode": [-1,-1,-1,-1] },
												"south": { "texture": "#skin", "uv": [ 4.5, 12.0, 5.0, 14.0 ], "rotation": 90, "autoUv": false, "windMode": [-1,-1,-1,-1] },
												"west": { "texture": "#skin", "uv": [ 2.0, 14.0, 4.5, 14.5 ], "autoUv": false, "windMode": [-1,-1,-1,-1] },
												"up": { "texture": "#skin", "uv": [ 2.0, 12.0, 4.5, 14.0 ], "rotation": 90, "autoUv": false, "windMode": [-1,-1,-1,-1] },
												"down": { "texture": "#bottom", "uv": [ 7.5, 3.5, 9.5, 6.0 ], "autoUv": false }
											},
											"children": [
												{
													"name": "Snout",
													"from": [ -1.1305, 0.0, 0.4987 ],
													"to": [ 0.1995, 0.266, 1.1637 ],
													"autoUnwrap": false,
													"uv": [ 1.5, 2.0 ],
													"rotationOrigin": [ -0.0665, 0.0, 0.4987 ],
													"faces": {
														"north": { "texture": "#skin", "uv": [ 0.0, 0.0, 0.5, 2.0 ], "rotation": 270, "autoUv": false },
														"south": { "texture": "#skin", "uv": [ 1.5, 0.0, 2.0, 2.0 ], "rotation": 90, "autoUv": false, "windMode": [-1,-1,-1,-1] },
														"west": { "texture": "#skin", "uv": [ 0.5, 2.0, 1.5, 2.5 ], "autoUv": false, "windMode": [-1,-1,-1,-1] },
														"up": { "texture": "#skin", "uv": [ 0.5, 0.0, 1.5, 2.0 ], "rotation": 90, "autoUv": false, "windMode": [-1,-1,-1,-1] },
														"down": { "texture": "#bottom", "uv": [ 3.0, 2.0, 5.0, 3.0 ], "autoUv": false }
													},
													"children": [
														{
															"name": "Nose",
															"from": [ -0.0066, 0.0997, 0.1995 ],
															"to": [ 0.2593, 0.2992, 0.4655 ],
															"unwrapMode": 3,
															"uv": [ 9.0, 0.0 ],
															"rotationOrigin": [ 0.0, 0.0997, 0.1995 ],
															"faces": {
																"north": { "texture": "#skin", "uv": [ 10.5, 0.5, 11.0, 1.0 ], "autoUv": false },
																"east": { "texture": "#skin", "uv": [ 10.0, 0.5, 10.5, 1.0 ], "autoUv": false, "windMode": [-1,-1,-1,-1] },
																"south": { "texture": "#skin", "uv": [ 9.5, 0.5, 10.0, 1.0 ], "autoUv": false, "windMode": [-1,-1,-1,-1] },
																"west": { "texture": "#skin", "uv": [ 9.0, 0.5, 9.5, 1.0 ], "autoUv": false, "windMode": [-1,-1,-1,-1] },
																"up": { "texture": "#skin", "uv": [ 9.5, 0.0, 10.0, 0.5 ], "autoUv": false, "windMode": [-1,-1,-1,-1] },
																"down": { "texture": "#skin", "uv": [ 9.5, 1.0, 10.0, 1.5 ], "rotation": 180, "autoUv": false, "windMode": [-1,-1,-1,-1] }
															}
														}
													]
												}
											]
										}
									]
								}
							]
						}
					]
				}
			]
		}
	]}