[
  {
    "file": "machairodontinae:entities/land/machairodontinae-carcass.json",
    "op": "add",
    "path": "/attributesByType",
    "side": "Server",
    "value": {
      "*": {
        "biorealm": [
          "pacific nearctic",
          "atlantic nearctic",
          "pacific neotropic",
          "atlantic neotropic"
        ]
      }
    },
    "dependsOn": [
      {
        "modid": "biomes"
      }
    ]
  },
  {
    "file": "machairodontinae:entities/land/machairodontinae-baby.json",
    "op": "add",
    "path": "/attributesByType",
    "side": "Server",
    "value": {
      "*-fatalis": {
        "biorealm": [
          "pacific nearctic",
          "atlantic nearctic",
          "pacific neotropic"
        ]
      },
      "*-populator-*": {
        "biorealm": [
          "atlantic neotropic"
        ]
      },
      "*-serum-*": {
        "biorealm": [
          "pacific nearctic",
          "atlantic nearctic"
        ]
      }
    },
    "dependsOn": [
      {
        "modid": "biomes"
      }
    ]
  },{
    "file": "machairodontinae:entities/land/machairodontinae-female.json",
    "op": "add",
    "path": "/attributesByType",
    "side": "Server",
    "value": {
      "*-fatalis": {
        "biorealm": [
          "pacific nearctic",
          "atlantic nearctic",
          "pacific neotropic"
        ]
      },
      "*-populator-*": {
        "biorealm": [
          "atlantic neotropic"
        ]
      },
      "*-serum-*": {
        "biorealm": [
          "pacific nearctic",
          "atlantic nearctic"
        ]
      }
    },
    "dependsOn": [
      {
        "modid": "biomes"
      }
    ]
  },{
    "file": "machairodontinae:entities/land/machairodontinae-male.json",
    "op": "add",
    "path": "/attributesByType",
    "side": "Server",
    "value": {
      "*-fatalis": {
        "biorealm": [
          "pacific nearctic",
          "atlantic nearctic",
          "pacific neotropic"
        ]
      },
      "*-populator-*": {
        "biorealm": [
          "atlantic neotropic"
        ]
      },
      "*-serum-*": {
        "biorealm": [
          "pacific nearctic",
          "atlantic nearctic"
        ]
      }
    },
    "dependsOn": [
      {
        "modid": "biomes"
      }
    ]
  }
]