{"GameVersion":"1.18.6","SizeX":1,"SizeY":5,"SizeZ":1,"BlockCodes":{"402":"game:bonyremains-ribcage","8613":"game:meta-underground","2621":"game:bonysoil","8109":"game:chest-east","8606":"game:clutter"},"ItemCodes":{"153":"game:redmeat-vintage","6":"game:miningbag","275":"game:stackrandomizer-resource","260":"game:stackrandomizer-cloth-highstatus","273":"game:stackrandomizer-coppertool","1918":"game:armor-body-lamellar-wood"},"Indices":[0,1048576,2097152,3145728,4194304],"BlockIds":[8613,2621,8109,8613,8606],"DecorIndices":[],"DecorIds":[],"BlockEntities":{"2097152":"!<d@[F*R!=#64c-E,TfC\"TSN&!<d@[F*]=W#64o6@VfsmCI<#NAI;p\\ATMrFARTY%\"po!]G%GQ5DfU+(#'\"^#Dfg%+!!!!'\"`nKuFE7Zf0E;+R!!&De!!!-%!!!!(!AOQT!!!!'!!!!\"z#6?R[!<<*\"'*/(5!<<*\"\":K<iFCAuQBOPdgAH2^\\4obfg1B7FU!!!-&!!!$\"!!!!(!AjcW!!!!2!<<*#z#6?[^!<<*\"IKoiQ!<<*\"!!`N_z!0R?_!!*'\"!!!6)2ZNjY!!!Z5!!!$\"!!!-0FDl80CdVlEDI[5X!.[65!!!02AoD]VCi<g!6Z6LH$=da\\F*'!F@<6Mo\"E\\p.AI;pcCi!O!F(Jl:\":8pVF(djWB5D,Zz","4194304":"!<d@[F*R!=#64c-E,TfC#64`(!<d@[F*]=W#64o6@VfsmCI<#NAHu^]F`__:EWlSfH#R='B6%F(ATMs3DIkCS\":&scFCB9&=9&=$!!EUFATMNNDJ*csjNEk)\":&scFCB9&=o\\O&!!rsADes6$@ru9m!!!"},"Entities":[],"ReplaceMode":2,"EntranceRotation":-1}