{"GameVersion":"1.18.6","SizeX":1,"SizeY":5,"SizeZ":1,"BlockCodes":{"638":"game:oillamp-up","402":"game:bonyremains-ribcage","8613":"game:meta-underground","2621":"game:bonysoil","8109":"game:chest-east","8606":"game:clutter"},"ItemCodes":{"343":"game:bone","258":"game:stackrandomizer-cloth-lowstatus","1677":"game:prospectingpick-copper","966":"game:nugget-cassiterite","6":"game:miningbag"},"Indices":[0,1048576,2097152,3145728,4194304],"BlockIds":[8613,2621,8109,8613,8606],"DecorIndices":[],"DecorIds":[],"BlockEntities":{"2097152":"!<d@[F*RWO#64c-E,TfC\"TSN&!<d@[F*]=W#64o6@VfsmCI<#NAI;p\\ATMrFARTY%\"po!]G%GQ5DfU+(#'\"^#Dfg%+!!!!'\"`nKuFE7Zf0E;+R!!$($!!!$\"!!!!(!AOQT!!!!#!<<*#z#6?R[zIKBKL!<<*\"!!`N\\z!0R?_!!*'\"!!!6)1]ROV!!%u_!!!$\"!!!!(!AsiX!!!#=!rr<:z#6?^_!<<*\"\"onW'!<<*\"!!`N`!!*'\"!*91$!!3-#z\"Uo!]E^FS\\@r\"GMA7Z*XBOu7,/S/@3F9MehH#R=%@rH1\"@;p:!A2+2nD.Rd%6#L=OAH2]1!!!","4194304":"!<d@[F*RWO#64c-E,TfC#64`(!<d@[F*]=W#64o6@VfsmCI<#NAHu^]F`__:EWlSfH#R='B6%F(ATMs3DIkCU\":&scFCB9&=9&=$!!EUFATMNNDJ*csjNEk)\":&scFCB9&=o\\O&!!rsADes6$@ru9m!!!"},"Entities":[],"ReplaceMode":2,"EntranceRotation":-1}