{
	"editor": {
		"allAngles": true,
		"entityTextureMode": true
	},
	"textureWidth": 28,
	"textureHeight": 32,
	"textureSizes": {
		"bottom": [16,16],
		"mane": [28,32],
		"skin": [64,96]
	},
	"textures": {
	},
	"elements": [
		{
			"name": "Rotation Point",
			"from": [ 0.0, 16.0, 0.0 ],
			"to": [ 0.0, 16.0, 0.0 ],
			"uv": [ 0.0, 0.0 ],
			"rotationOrigin": [ 0.0, 16.0, 0.0 ],
			"rotationZ": -90.0,
			"faces": {
			},
			"children": [
				{
					"name": "Base",
					"from": [ 0.0, 0.0, 8.0 ],
					"to": [ 0.0, 0.0, 8.0 ],
					"uv": [ 0.0, 0.0 ],
					"rotationOrigin": [ 0.0, 0.0, 8.0 ],
					"faces": {
					},
					"children": [
						{
							"name": "PeltBody",
							"from": [ 3.8, 0.0, -3.135 ],
							"to": [ 10.925, 0.399, 3.135 ],
							"unwrapMode": 5,
							"autoUnwrap": false,
							"uv": [ 0.0, 9.0 ],
							"rotationOrigin": [ 3.8, 0.0, -3.135 ],
							"faces": {
								"north": { "texture": "#skin", "uv": [ 16.0, 46.5, 16.5, 54.0 ], "rotation": 90, "autoUv": false, "windMode": [-1,-1,-1,-1] },
								"east": { "texture": "#skin", "uv": [ 2.0, 68.5, 8.5, 69.0 ], "autoUv": false, "windMode": [-1,-1,-1,-1] },
								"south": { "texture": "#skin", "uv": [ 9.0, 46.5, 9.5, 54.0 ], "rotation": 90, "autoUv": false, "windMode": [-1,-1,-1,-1] },
								"west": { "texture": "#skin", "uv": [ 9.5, 46.0, 16.0, 46.5 ], "autoUv": false, "windMode": [-1,-1,-1,-1] },
								"up": { "texture": "#skin", "uv": [ 9.5, 46.5, 16.0, 54.0 ], "rotation": 270, "autoUv": false, "windMode": [-1,-1,-1,-1] },
								"down": { "texture": "#bottom", "uv": [ 5.0, 8.5, 12.5, 15.0 ], "autoUv": false, "windMode": [-1,-1,-1,-1] }
							},
							"children": [
								{
									"name": "LBody",
									"from": [ 0.0, 0.0095, 5.89 ],
									"to": [ 7.125, 0.3895, 12.065 ],
									"unwrapMode": 5,
									"autoUnwrap": false,
									"uv": [ 0.0, 2.5 ],
									"rotationOrigin": [ 0.0, -0.0095, 5.89 ],
									"rotationY": -3.0,
									"faces": {
										"east": { "texture": "#skin", "uv": [ 2.0, 69.0, 2.5, 75.5 ], "rotation": 270, "autoUv": false, "windMode": [-1,-1,-1,-1] },
										"south": { "texture": "#skin", "uv": [ 2.0, 46.5, 2.5, 54.0 ], "rotation": 270, "autoUv": false, "windMode": [-1,-1,-1,-1] },
										"west": { "texture": "#skin", "uv": [ 9.5, 39.5, 10.0, 46.0 ], "rotation": 90, "autoUv": false, "windMode": [-1,-1,-1,-1] },
										"up": { "texture": "#skin", "uv": [ 2.5, 46.5, 9.0, 54.0 ], "rotation": 270, "autoUv": false, "windMode": [-1,-1,-1,-1] },
										"down": { "texture": "#bottom", "uv": [ 4.5, 2.0, 12.0, 8.5 ], "autoUv": false }
									},
									"children": [
										{
											"name": "LArm",
											"from": [ 0.0, 0.0095, 4.275 ],
											"to": [ 2.85, 0.3705, 9.975 ],
											"unwrapMode": 5,
											"autoUnwrap": false,
											"uv": [ 1.0, 27.0 ],
											"rotationOrigin": [ 0.0, 0.0095, 4.275 ],
											"rotationY": -30.0,
											"faces": {
												"east": { "texture": "#skin", "uv": [ 37.5, 15.0, 38.0, 21.0 ], "rotation": 90, "autoUv": false, "windMode": [-1,-1,-1,-1] },
												"south": { "texture": "#skin", "uv": [ 34.5, 21.0, 37.5, 21.5 ], "autoUv": false, "windMode": [-1,-1,-1,-1] },
												"west": { "texture": "#skin", "uv": [ 34.0, 15.0, 34.5, 21.0 ], "rotation": 270, "autoUv": false, "windMode": [-1,-1,-1,-1] },
												"up": { "texture": "#skin", "uv": [ 34.5, 15.0, 37.5, 21.0 ], "autoUv": false, "windMode": [-1,-1,-1,-1] },
												"down": { "texture": "#bottom", "uv": [ 2.0, 11.0, 5.0, 17.0 ], "autoUv": false, "windMode": [-1,-1,-1,-1] }
											},
											"children": [
												{
													"name": "LArmLower",
													"from": [ 2.85, 0.0095, 0.0 ],
													"to": [ 3.8, 0.3515, 5.7 ],
													"unwrapMode": 5,
													"autoUnwrap": false,
													"uv": [ 3.0, 27.0 ],
													"rotationOrigin": [ 3.8, 0.0095, 0.0 ],
													"rotationY": -10.0,
													"faces": {
														"east": { "texture": "#skin", "uv": [ 39.0, 15.0, 39.5, 21.0 ], "rotation": 90, "autoUv": false },
														"south": { "texture": "#skin", "uv": [ 37.0, 21.0, 38.0, 21.5 ], "autoUv": false, "windMode": [-1,-1,-1,-1] },
														"up": { "texture": "#skin", "uv": [ 38.0, 15.0, 39.0, 21.0 ], "autoUv": false, "windMode": [-1,-1,-1,-1] },
														"down": { "texture": "#bottom", "uv": [ 1.5, 9.0, 2.5, 15.0 ], "autoUv": false, "windMode": [-1,-1,-1,-1] }
													}
												}
											]
										}
									]
								},
								{
									"name": "RBody",
									"from": [ 0.0, -0.3895, 0.38 ],
									"to": [ 7.125, -0.0095, 6.555 ],
									"unwrapMode": 6,
									"autoUnwrap": false,
									"uv": [ 0.0, 9.0 ],
									"rotationOrigin": [ 0.0, 0.0, 0.38 ],
									"rotationX": 180.0,
									"rotationY": -3.0,
									"faces": {
										"east": { "texture": "#skin", "uv": [ 8.0, 69.0, 8.5, 75.5 ], "rotation": 90, "autoUv": false },
										"south": { "texture": "#skin", "uv": [ 23.0, 46.5, 23.5, 54.0 ], "rotation": 270, "autoUv": false, "windMode": [-1,-1,-1,-1] },
										"west": { "texture": "#skin", "uv": [ 15.5, 39.5, 16.0, 46.0 ], "rotation": 270, "autoUv": false, "windMode": [-1,-1,-1,-1] },
										"up": { "texture": "#bottom", "uv": [ 7.0, 6.0, 14.5, 12.5 ], "autoUv": false, "windMode": [-1,-1,-1,-1] },
										"down": { "texture": "#skin", "uv": [ 16.5, 46.5, 23.0, 54.0 ], "rotation": 90, "autoUv": false, "windMode": [-1,-1,-1,-1] }
									},
									"children": [
										{
											"name": "RArm",
											"from": [ 0.0, 0.0095, 4.275 ],
											"to": [ 2.85, 0.3705, 9.975 ],
											"unwrapMode": 6,
											"autoUnwrap": false,
											"uv": [ 2.5, 14.0 ],
											"rotationOrigin": [ 0.0, 0.3705, 4.275 ],
											"rotationY": -30.0,
											"faces": {
												"east": { "texture": "#skin", "uv": [ 53.5, 15.0, 54.0, 21.0 ], "rotation": 90, "autoUv": false },
												"south": { "texture": "#skin", "uv": [ 50.5, 21.0, 53.5, 21.5 ], "rotation": 180, "autoUv": false, "windMode": [-1,-1,-1,-1] },
												"west": { "texture": "#skin", "uv": [ 50.0, 15.0, 50.5, 21.0 ], "rotation": 270, "autoUv": false, "windMode": [-1,-1,-1,-1] },
												"up": { "texture": "#bottom", "uv": [ 4.5, 14.0, 7.5, 20.0 ], "autoUv": false, "windMode": [-1,-1,-1,-1] },
												"down": { "texture": "#skin", "uv": [ 50.5, 15.0, 53.5, 21.0 ], "autoUv": false, "windMode": [-1,-1,-1,-1] }
											},
											"children": [
												{
													"name": "RArmLower",
													"from": [ 2.85, 0.0095, 0.0 ],
													"to": [ 3.8, 0.3515, 5.7 ],
													"unwrapMode": 5,
													"autoUnwrap": false,
													"uv": [ 4.5, 6.5 ],
													"rotationOrigin": [ 3.8, 0.3515, 0.0 ],
													"rotationY": -10.0,
													"faces": {
														"east": { "texture": "#skin", "uv": [ 48.5, 15.0, 49.0, 21.0 ], "rotation": 90, "autoUv": false, "windMode": [-1,-1,-1,-1] },
														"south": { "texture": "#skin", "uv": [ 50.0, 21.0, 51.0, 21.5 ], "autoUv": false, "windMode": [-1,-1,-1,-1] },
														"up": { "texture": "#bottom", "uv": [ 4.5, 6.5, 5.5, 12.5 ], "autoUv": false, "windMode": [-1,-1,-1,-1] },
														"down": { "texture": "#skin", "uv": [ 49.0, 15.0, 50.0, 21.0 ], "autoUv": false, "windMode": [-1,-1,-1,-1] }
													}
												}
											]
										}
									]
								},
								{
									"name": "Neck",
									"from": [ -4.75, 0.0, 0.9975 ],
									"to": [ 0.95, 0.418, 5.1775 ],
									"unwrapMode": 7,
									"unwrapRotation": 1,
									"autoUnwrap": false,
									"uv": [ 7.5, 7.0 ],
									"rotationOrigin": [ -2.755, 0.0, 0.9975 ],
									"faces": {
										"north": { "texture": "#skin", "uv": [ 12.0, 7.5, 12.5, 13.5 ], "rotation": 90, "autoUv": false, "windMode": [-1,-1,-1,-1] },
										"south": { "texture": "#skin", "uv": [ 7.5, 7.5, 8.0, 13.5 ], "rotation": 270, "autoUv": false, "windMode": [-1,-1,-1,-1] },
										"west": { "texture": "#skin", "uv": [ 8.0, 7.0, 12.0, 7.5 ], "rotation": 180, "autoUv": false, "windMode": [-1,-1,-1,-1] },
										"up": { "texture": "#skin", "uv": [ 8.0, 7.5, 12.0, 13.5 ], "rotation": 270, "autoUv": false, "windMode": [-1,-1,-1,-1] },
										"down": { "texture": "#bottom", "uv": [ 0.0, 1.0, 4.0, 7.0 ], "rotation": 90, "autoUv": false }
									},
									"children": [
										{
											"name": "RNeck",
											"from": [ 0.0, -0.342, -2.85 ],
											"to": [ 4.75, 0.019, 2.85 ],
											"unwrapMode": 6,
											"autoUnwrap": false,
											"uv": [ 12.5, 7.0 ],
											"rotationOrigin": [ 2.85, 0.019, -0.95 ],
											"rotationX": -180.0,
											"rotationY": 75.0,
											"faces": {
												"north": { "texture": "#skin", "uv": [ 11.5, 2.0, 12.0, 7.0 ], "rotation": 90, "autoUv": false },
												"west": { "texture": "#skin", "uv": [ 17.5, 7.5, 18.0, 13.5 ], "rotation": 270, "autoUv": false, "windMode": [-1,-1,-1,-1] },
												"up": { "texture": "#bottom", "uv": [ 10.5, 5.0, 15.5, 11.0 ], "autoUv": false, "windMode": [-1,-1,-1,-1] },
												"down": { "texture": "#skin", "uv": [ 12.5, 7.5, 17.5, 13.5 ], "autoUv": false, "windMode": [-1,-1,-1,-1] }
											}
										},
										{
											"name": "LNeck",
											"from": [ 0.0, 0.019, 3.23 ],
											"to": [ 4.75, 0.38, 8.93 ],
											"unwrapMode": 7,
											"autoUnwrap": false,
											"uv": [ -2.5, 1.5 ],
											"rotationOrigin": [ 2.85, 0.019, 5.13 ],
											"rotationY": 75.0,
											"faces": {
												"north": { "texture": "#skin", "uv": [ 8.0, 2.0, 8.5, 7.0 ], "rotation": 90, "autoUv": false, "windMode": [-1,-1,-1,-1] },
												"west": { "texture": "#skin", "uv": [ 2.0, 7.5, 2.5, 13.5 ], "rotation": 270, "autoUv": false, "windMode": [-1,-1,-1,-1] },
												"up": { "texture": "#skin", "uv": [ 2.5, 7.5, 7.5, 13.5 ], "autoUv": false, "windMode": [-1,-1,-1,-1] },
												"down": { "texture": "#bottom", "uv": [ 3.0, 1.5, 8.0, 7.5 ], "autoUv": false, "windMode": [-1,-1,-1,-1] }
											}
										},
										{
											"name": "Head",
											"from": [ -2.565, 0.0, -0.57 ],
											"to": [ 1.235, 0.4275, 4.56 ],
											"unwrapMode": 5,
											"unwrapRotation": 1,
											"autoUnwrap": false,
											"uv": [ 18.5, 80.5 ],
											"rotationOrigin": [ -0.19, 0.0, -0.57 ],
											"faces": {
												"north": { "texture": "#skin", "uv": [ 18.5, 81.0, 19.0, 85.0 ], "rotation": 270, "autoUv": false, "windMode": [-1,-1,-1,-1] },
												"east": { "texture": "#skin", "uv": [ 19.0, 80.0, 24.0, 80.5 ], "rotation": 180, "autoUv": false, "windMode": [-1,-1,-1,-1] },
												"south": { "texture": "#skin", "uv": [ 24.0, 81.0, 24.5, 85.0 ], "rotation": 90, "autoUv": false, "windMode": [-1,-1,-1,-1] },
												"west": { "texture": "#skin", "uv": [ 19.0, 84.5, 24.0, 85.0 ], "autoUv": false, "windMode": [-1,-1,-1,-1] },
												"up": { "texture": "#skin", "uv": [ 19.0, 80.5, 24.0, 84.5 ], "rotation": 90, "autoUv": false, "windMode": [-1,-1,-1,-1] },
												"down": { "texture": "#bottom", "uv": [ 10.5, 1.0, 15.5, 5.0 ], "rotation": 270, "autoUv": false, "windMode": [-1,-1,-1,-1] }
											},
											"children": [
												{
													"name": "Nose bridge",
													"from": [ -2.09, 0.0, 1.615 ],
													"to": [ 1.71, 0.475, 3.42 ],
													"unwrapMode": 5,
													"unwrapRotation": 1,
													"autoUnwrap": false,
													"uv": [ 25.0, 68.5 ],
													"rotationOrigin": [ 0.38, 0.0, 1.615 ],
													"faces": {
														"north": { "texture": "#skin", "uv": [ 25.0, 68.5, 25.5, 72.5 ], "rotation": 270, "autoUv": false, "windMode": [-1,-1,-1,-1] },
														"south": { "texture": "#skin", "uv": [ 27.0, 68.5, 27.5, 72.5 ], "rotation": 90, "autoUv": false, "windMode": [-1,-1,-1,-1] },
														"west": { "texture": "#skin", "uv": [ 25.5, 72.5, 27.0, 73.0 ], "autoUv": false, "windMode": [-1,-1,-1,-1] },
														"up": { "texture": "#skin", "uv": [ 25.5, 68.5, 27.0, 72.5 ], "rotation": 90, "autoUv": false, "windMode": [-1,-1,-1,-1] },
														"down": { "texture": "#bottom", "uv": [ 7.0, 5.0, 8.5, 9.0 ], "rotation": 270, "autoUv": false }
													},
													"children": [
														{
															"name": "Right jaw",
															"from": [ -0.095, 0.0, -0.57 ],
															"to": [ 3.23, 0.38, 0.855 ],
															"unwrapMode": 7,
															"unwrapRotation": 1,
															"autoUnwrap": false,
															"uv": [ 2.5, 89.0 ],
															"rotationOrigin": [ 2.375, 0.0, -0.57 ],
															"faces": {
																"north": { "texture": "#skin", "uv": [ 4.5, 89.5, 5.0, 93.0 ], "rotation": 90, "autoUv": false },
																"south": { "texture": "#skin", "uv": [ 2.5, 89.5, 3.0, 93.0 ], "rotation": 270, "autoUv": false },
																"west": { "texture": "#skin", "uv": [ 3.0, 89.0, 4.5, 89.5 ], "rotation": 180, "autoUv": false },
																"up": { "texture": "#skin", "uv": [ 3.0, 89.5, 4.5, 93.0 ], "rotation": 270, "autoUv": false },
																"down": { "texture": "#bottom", "uv": [ 2.0, 5.0, 3.5, 8.5 ], "rotation": 90, "autoUv": false }
															}
														},
														{
															"name": "Left Jaw",
															"from": [ -0.095, 0.0, 1.045 ],
															"to": [ 3.23, 0.38, 2.47 ],
															"unwrapMode": 7,
															"unwrapRotation": 1,
															"autoUnwrap": false,
															"uv": [ 10.5, 89.0 ],
															"rotationOrigin": [ 2.375, 0.0, 1.045 ],
															"faces": {
																"north": { "texture": "#skin", "uv": [ 12.5, 89.5, 13.0, 93.0 ], "rotation": 90, "autoUv": false },
																"south": { "texture": "#skin", "uv": [ 10.5, 89.5, 11.0, 93.0 ], "rotation": 270, "autoUv": false },
																"west": { "texture": "#skin", "uv": [ 11.0, 89.0, 12.5, 89.5 ], "rotation": 180, "autoUv": false },
																"up": { "texture": "#skin", "uv": [ 11.0, 89.5, 12.5, 93.0 ], "rotation": 270, "autoUv": false },
																"down": { "texture": "#bottom", "uv": [ 3.5, 5.0, 5.0, 8.5 ], "rotation": 90, "autoUv": false }
															}
														}
													]
												},
												{
													"name": "Upper Mane",
													"from": [ 2.7075, 0.0475, -0.3515 ],
													"to": [ 4.0375, 0.9975, 5.5385 ],
													"unwrapMode": 5,
													"uv": [ 3.5, 21.0 ],
													"rotationOrigin": [ 2.7075, 0.0475, -0.3562 ],
													"faces": {
														"north": { "texture": "#mane", "uv": [ 4.5, 21.0, 5.5, 22.0 ], "rotation": 180, "autoUv": false },
														"east": { "texture": "#mane", "uv": [ 5.5, 22.0, 6.5, 28.0 ], "rotation": 90, "autoUv": false },
														"south": { "texture": "#mane", "uv": [ 4.5, 28.0, 5.5, 29.0 ], "autoUv": false },
														"west": { "texture": "#mane", "uv": [ 3.5, 22.0, 4.5, 28.0 ], "rotation": 270, "autoUv": false },
														"up": { "texture": "#mane", "uv": [ 4.5, 22.0, 5.5, 28.0 ], "autoUv": false },
														"down": { "texture": "#mane", "uv": [ 6.5, 22.0, 7.5, 28.0 ], "autoUv": false }
													}
												}
											]
										},
										{
											"name": "Mane",
											"from": [ 0.95, 0.0855, -2.4225 ],
											"to": [ 7.22, 1.558, 6.4125 ],
											"unwrapMode": 5,
											"autoUnwrap": false,
											"uv": [ 1.5, 1.0 ],
											"rotationOrigin": [ 0.95, 0.1995, -2.4272 ],
											"rotationZ": 2.0,
											"faces": {
												"north": { "texture": "#mane", "uv": [ 10.5, 9.0, 17.5, 10.5 ], "rotation": 180, "autoUv": false },
												"east": { "texture": "#mane", "uv": [ 17.5, 10.5, 19.0, 18.5 ], "rotation": 90, "autoUv": false },
												"south": { "texture": "#mane", "uv": [ 10.5, 18.5, 17.5, 20.0 ], "autoUv": false },
												"west": { "texture": "#mane", "uv": [ 9.0, 10.5, 10.5, 18.5 ], "rotation": 270, "autoUv": false },
												"up": { "texture": "#mane", "uv": [ 10.5, 10.5, 17.5, 18.5 ], "autoUv": false },
												"down": { "texture": "#mane", "uv": [ 18.5, 1.0, 25.5, 9.0 ], "autoUv": false }
											},
											"children": [
												{
													"name": "Mane edge 1",
													"from": [ 0.4512, -1.52, 8.6925 ],
													"to": [ 6.7687, 0.285, 8.6925 ],
													"renderPass": 1,
													"uv": [ 14.0, 29.5 ],
													"rotationOrigin": [ 0.4512, 0.285, 8.6925 ],
													"rotationX": -90.0,
													"faces": {
														"south": { "texture": "#mane", "uv": [ 19.0, 29.5, 26.0, 31.5 ], "autoUv": false, "windMode": [-1,-1,-1,-1] }
													}
												},
												{
													"name": "Mane edge 2",
													"from": [ 0.4512, -1.52, 0.1425 ],
													"to": [ 6.7687, 0.285, 0.1425 ],
													"renderPass": 1,
													"uv": [ 18.5, 23.0 ],
													"rotationOrigin": [ 0.4512, 0.285, 0.1425 ],
													"rotationX": 90.0,
													"faces": {
														"north": { "texture": "#mane", "uv": [ 18.5, 23.0, 25.5, 25.0 ], "autoUv": false }
													}
												}
											]
										}
									]
								},
								{
									"name": "PeltAbdomen",
									"from": [ 6.1655, 0.0095, 0.285 ],
									"to": [ 13.7655, 0.3895, 5.985 ],
									"unwrapMode": 7,
									"unwrapRotation": 1,
									"autoUnwrap": false,
									"uv": [ 9.5, 54.5 ],
									"rotationOrigin": [ 6.175, 0.0095, 0.285 ],
									"faces": {
										"north": { "texture": "#skin", "uv": [ 16.0, 54.5, 16.5, 62.5 ], "rotation": 90, "autoUv": false, "windMode": [-1,-1,-1,-1] },
										"east": { "texture": "#skin", "uv": [ 16.5, 68.5, 22.5, 69.0 ], "autoUv": false },
										"south": { "texture": "#skin", "uv": [ 9.5, 54.5, 10.0, 62.5 ], "rotation": 270, "autoUv": false },
										"up": { "texture": "#skin", "uv": [ 10.0, 54.5, 16.0, 62.5 ], "rotation": 270, "autoUv": false },
										"down": { "texture": "#bottom", "uv": [ 8.5, 7.5, 14.5, 15.5 ], "rotation": 90, "autoUv": false, "windMode": [-1,-1,-1,-1] }
									},
									"children": [
										{
											"name": "LAbdomen",
											"from": [ 0.0, 0.0095, 5.225 ],
											"to": [ 7.6, 0.3705, 11.875 ],
											"unwrapMode": 7,
											"unwrapRotation": 1,
											"autoUnwrap": false,
											"uv": [ 2.0, 54.0 ],
											"rotationOrigin": [ 0.0, 0.0095, 5.225 ],
											"rotationY": -3.0,
											"faces": {
												"east": { "texture": "#skin", "uv": [ 16.5, 68.5, 17.0, 75.5 ], "rotation": 90, "autoUv": false },
												"south": { "texture": "#skin", "uv": [ 2.0, 54.5, 2.5, 62.5 ], "rotation": 270, "autoUv": false },
												"west": { "texture": "#skin", "uv": [ 2.0, 68.5, 2.5, 75.5 ], "rotation": 90, "autoUv": false },
												"up": { "texture": "#skin", "uv": [ 2.5, 54.5, 9.5, 62.5 ], "rotation": 270, "autoUv": false },
												"down": { "texture": "#bottom", "uv": [ 3.0, 1.5, 10.0, 9.5 ], "rotation": 90, "autoUv": false, "windMode": [-1,-1,-1,-1] }
											}
										},
										{
											"name": "RAbdomen",
											"from": [ 0.0, -0.3515, 0.475 ],
											"to": [ 7.6, 0.0095, 7.125 ],
											"unwrapMode": 6,
											"unwrapRotation": 1,
											"autoUnwrap": false,
											"uv": [ 16.0, 54.0 ],
											"rotationOrigin": [ 0.0, 0.0095, 0.475 ],
											"rotationX": 180.0,
											"rotationY": -3.0,
											"faces": {
												"east": { "texture": "#skin", "uv": [ 22.0, 68.5, 22.5, 75.5 ], "rotation": 90, "autoUv": false },
												"south": { "texture": "#skin", "uv": [ 23.0, 54.5, 23.5, 62.5 ], "rotation": 270, "autoUv": false },
												"west": { "texture": "#skin", "uv": [ 8.0, 68.5, 8.5, 75.5 ], "rotation": 90, "autoUv": false },
												"up": { "texture": "#bottom", "uv": [ 1.5, 1.5, 8.5, 9.5 ], "rotation": 270, "autoUv": false },
												"down": { "texture": "#skin", "uv": [ 16.0, 54.5, 23.0, 62.5 ], "rotation": 90, "autoUv": false }
											}
										},
										{
											"name": "PeltHip",
											"from": [ 7.6, 0.0, 0.0 ],
											"to": [ 11.875, 0.38, 5.7 ],
											"unwrapMode": 7,
											"unwrapRotation": 1,
											"autoUnwrap": false,
											"uv": [ 9.0, 63.0 ],
											"rotationOrigin": [ 7.6095, 0.0, 0.0 ],
											"faces": {
												"north": { "texture": "#skin", "uv": [ 15.5, 63.0, 16.0, 67.5 ], "rotation": 90, "autoUv": false, "windMode": [-1,-1,-1,-1] },
												"east": { "texture": "#skin", "uv": [ 9.5, 67.5, 15.5, 68.0 ], "autoUv": false, "windMode": [-1,-1,-1,-1] },
												"south": { "texture": "#skin", "uv": [ 9.0, 63.0, 9.5, 67.5 ], "rotation": 270, "autoUv": false, "windMode": [-1,-1,-1,-1] },
												"up": { "texture": "#skin", "uv": [ 9.5, 63.0, 15.5, 67.5 ], "rotation": 270, "autoUv": false, "windMode": [-1,-1,-1,-1] },
												"down": { "texture": "#bottom", "uv": [ 1.5, 11.0, 7.5, 15.5 ], "rotation": 90, "autoUv": false }
											},
											"children": [
												{
													"name": "LHip",
													"from": [ 0.0, 0.0095, 5.225 ],
													"to": [ 4.275, 0.3705, 11.875 ],
													"unwrapMode": 7,
													"unwrapRotation": 1,
													"autoUnwrap": false,
													"uv": [ 2.0, 62.5 ],
													"rotationOrigin": [ 0.0, 0.0095, 5.225 ],
													"rotationY": -3.0,
													"faces": {
														"east": { "texture": "#skin", "uv": [ 9.5, 67.5, 10.0, 74.5 ], "rotation": 90, "autoUv": false },
														"south": { "texture": "#skin", "uv": [ 2.0, 63.0, 2.5, 67.5 ], "rotation": 270, "autoUv": false, "windMode": [-1,-1,-1,-1] },
														"west": { "texture": "#skin", "uv": [ 16.5, 68.5, 17.0, 75.5 ], "rotation": 90, "autoUv": false, "windMode": [-1,-1,-1,-1] },
														"up": { "texture": "#skin", "uv": [ 2.5, 63.0, 9.5, 67.5 ], "rotation": 270, "autoUv": false, "windMode": [-1,-1,-1,-1] },
														"down": { "texture": "#bottom", "uv": [ 0.5, 1.5, 7.5, 6.0 ], "rotation": 90, "autoUv": false, "windMode": [-1,-1,-1,-1] }
													},
													"children": [
														{
															"name": "LLeg",
															"from": [ 1.235, 0.0095, 6.365 ],
															"to": [ 4.37, 0.3515, 10.165 ],
															"unwrapMode": 5,
															"autoUnwrap": false,
															"uv": [ 34.0, 59.0 ],
															"rotationOrigin": [ 1.235, 0.0095, 6.365 ],
															"rotationY": 72.0,
															"faces": {
																"east": { "texture": "#skin", "uv": [ 37.5, 59.0, 38.0, 63.0 ], "rotation": 90, "autoUv": false, "windMode": [-1,-1,-1,-1] },
																"south": { "texture": "#skin", "uv": [ 34.5, 63.0, 37.5, 63.5 ], "autoUv": false, "windMode": [-1,-1,-1,-1] },
																"west": { "texture": "#skin", "uv": [ 34.0, 59.0, 34.5, 63.0 ], "rotation": 270, "autoUv": false, "windMode": [-1,-1,-1,-1] },
																"up": { "texture": "#skin", "uv": [ 34.5, 59.0, 37.5, 63.0 ], "autoUv": false, "windMode": [-1,-1,-1,-1] },
																"down": { "texture": "#bottom", "uv": [ 10.0, 1.5, 13.0, 5.5 ], "autoUv": false, "windMode": [-1,-1,-1,-1] }
															},
															"children": [
																{
																	"name": "LLegEnd",
																	"from": [ 0.095, -0.0095, 3.325 ],
																	"to": [ 2.945, 0.3515, 8.075 ],
																	"unwrapMode": 5,
																	"autoUnwrap": false,
																	"uv": [ 34.5, 68.0 ],
																	"rotationOrigin": [ 1.045, -0.0095, 3.325 ],
																	"rotationY": -14.0,
																	"faces": {
																		"north": { "texture": "#skin", "uv": [ 35.0, 68.0, 38.0, 68.5 ], "rotation": 180, "autoUv": false },
																		"east": { "texture": "#skin", "uv": [ 38.0, 68.5, 38.5, 73.5 ], "rotation": 90, "autoUv": false, "windMode": [-1,-1,-1,-1] },
																		"south": { "texture": "#skin", "uv": [ 35.0, 73.5, 38.0, 74.0 ], "autoUv": false, "windMode": [-1,-1,-1,-1] },
																		"west": { "texture": "#skin", "uv": [ 34.5, 68.5, 35.0, 73.5 ], "rotation": 270, "autoUv": false, "windMode": [-1,-1,-1,-1] },
																		"up": { "texture": "#skin", "uv": [ 35.0, 68.5, 38.0, 73.5 ], "autoUv": false, "windMode": [-1,-1,-1,-1] },
																		"down": { "texture": "#bottom", "uv": [ 12.5, 2.0, 15.5, 7.0 ], "autoUv": false, "windMode": [-1,-1,-1,-1] }
																	}
																}
															]
														},
														{
															"name": "LLegLower",
															"from": [ 2.85, 0.019, 1.425 ],
															"to": [ 4.275, 0.342, 5.225 ],
															"unwrapMode": 5,
															"autoUnwrap": false,
															"uv": [ 38.0, 59.0 ],
															"rotationOrigin": [ 4.275, 0.019, 1.425 ],
															"rotationY": 25.0,
															"faces": {
																"east": { "texture": "#skin", "uv": [ 39.5, 59.0, 40.0, 63.0 ], "rotation": 90, "autoUv": false },
																"up": { "texture": "#skin", "uv": [ 38.0, 59.0, 39.5, 63.0 ], "autoUv": false, "windMode": [-1,-1,-1,-1] },
																"down": { "texture": "#bottom", "uv": [ 8.0, 8.0, 9.5, 12.0 ], "autoUv": false, "windMode": [-1,-1,-1,-1] }
															}
														}
													]
												},
												{
													"name": "RHip",
													"from": [ 0.0, -0.3515, 0.475 ],
													"to": [ 4.275, 0.0095, 7.125 ],
													"unwrapMode": 6,
													"unwrapRotation": 1,
													"autoUnwrap": false,
													"uv": [ 16.0, 63.0 ],
													"rotationOrigin": [ 0.0, 0.0095, 0.475 ],
													"rotationX": 180.0,
													"rotationY": -3.0,
													"faces": {
														"east": { "texture": "#skin", "uv": [ 15.0, 67.5, 15.5, 74.5 ], "rotation": 90, "autoUv": false, "windMode": [-1,-1,-1,-1] },
														"south": { "texture": "#skin", "uv": [ 23.0, 63.0, 23.5, 67.5 ], "rotation": 270, "autoUv": false, "windMode": [-1,-1,-1,-1] },
														"up": { "texture": "#bottom", "uv": [ 1.0, 7.0, 8.0, 11.5 ], "rotation": 270, "autoUv": false, "windMode": [-1,-1,-1,-1] },
														"down": { "texture": "#skin", "uv": [ 16.0, 63.0, 23.0, 67.5 ], "rotation": 90, "autoUv": false, "windMode": [-1,-1,-1,-1] }
													},
													"children": [
														{
															"name": "RLeg",
															"from": [ 1.235, 0.0095, 6.365 ],
															"to": [ 4.37, 0.3515, 10.165 ],
															"unwrapMode": 6,
															"autoUnwrap": false,
															"uv": [ 51.0, 59.0 ],
															"rotationOrigin": [ 1.235, 0.3515, 6.365 ],
															"rotationY": 72.0,
															"faces": {
																"east": { "texture": "#skin", "uv": [ 51.0, 59.0, 51.5, 63.0 ], "rotation": 90, "autoUv": false, "windMode": [-1,-1,-1,-1] },
																"south": { "texture": "#skin", "uv": [ 51.5, 63.0, 54.5, 63.5 ], "rotation": 180, "autoUv": false, "windMode": [-1,-1,-1,-1] },
																"west": { "texture": "#skin", "uv": [ 54.5, 59.0, 55.0, 63.0 ], "rotation": 270, "autoUv": false, "windMode": [-1,-1,-1,-1] },
																"up": { "texture": "#bottom", "uv": [ 9.0, 4.5, 12.0, 8.5 ], "autoUv": false, "windMode": [-1,-1,-1,-1] },
																"down": { "texture": "#skin", "uv": [ 51.5, 59.0, 54.5, 63.0 ], "autoUv": false, "windMode": [-1,-1,-1,-1] }
															},
															"children": [
																{
																	"name": "RLegEnd",
																	"from": [ 0.095, -0.0095, 3.325 ],
																	"to": [ 2.945, 0.3515, 8.075 ],
																	"unwrapMode": 6,
																	"autoUnwrap": false,
																	"uv": [ 50.5, 68.0 ],
																	"rotationOrigin": [ 1.045, 0.361, 3.325 ],
																	"rotationY": -14.0,
																	"faces": {
																		"north": { "texture": "#skin", "uv": [ 51.0, 68.0, 54.0, 68.5 ], "autoUv": false },
																		"east": { "texture": "#skin", "uv": [ 50.5, 68.5, 51.0, 73.5 ], "rotation": 90, "autoUv": false, "windMode": [-1,-1,-1,-1] },
																		"south": { "texture": "#skin", "uv": [ 51.0, 73.5, 54.0, 74.0 ], "rotation": 180, "autoUv": false, "windMode": [-1,-1,-1,-1] },
																		"west": { "texture": "#skin", "uv": [ 54.0, 68.5, 54.5, 73.5 ], "rotation": 270, "autoUv": false, "windMode": [-1,-1,-1,-1] },
																		"up": { "texture": "#bottom", "uv": [ 3.5, 2.0, 6.5, 7.0 ], "autoUv": false, "windMode": [-1,-1,-1,-1] },
																		"down": { "texture": "#skin", "uv": [ 51.0, 68.5, 54.0, 73.5 ], "autoUv": false, "windMode": [-1,-1,-1,-1] }
																	}
																}
															]
														},
														{
															"name": "RLegLower",
															"from": [ 2.85, 0.019, 1.425 ],
															"to": [ 4.275, 0.342, 5.225 ],
															"unwrapMode": 5,
															"autoUnwrap": false,
															"uv": [ 47.5, 59.0 ],
															"rotationOrigin": [ 4.275, 0.342, 1.425 ],
															"rotationY": 25.0,
															"faces": {
																"east": { "texture": "#skin", "uv": [ 49.0, 59.0, 49.5, 63.0 ], "rotation": 90, "autoUv": false, "windMode": [-1,-1,-1,-1] },
																"up": { "texture": "#bottom", "uv": [ 0.0, 9.0, 1.5, 13.0 ], "autoUv": false, "windMode": [-1,-1,-1,-1] },
																"down": { "texture": "#skin", "uv": [ 49.5, 59.0, 51.0, 63.0 ], "autoUv": false, "windMode": [-1,-1,-1,-1] }
															}
														}
													]
												},
												{
													"name": "PeltTail",
													"from": [ 4.275, 0.0095, 2.09 ],
													"to": [ 6.745, 0.4845, 3.705 ],
													"unwrapMode": 7,
													"unwrapRotation": 1,
													"autoUnwrap": false,
													"uv": [ 24.5, 2.0 ],
													"rotationOrigin": [ 4.275, 0.0095, 2.09 ],
													"faces": {
														"north": { "texture": "#skin", "uv": [ 26.5, 2.5, 27.0, 5.0 ], "rotation": 90, "autoUv": false, "windMode": [-1,-1,-1,-1] },
														"east": { "texture": "#skin", "uv": [ 25.0, 5.0, 26.5, 5.5 ], "autoUv": false, "windMode": [-1,-1,-1,-1] },
														"south": { "texture": "#skin", "uv": [ 24.5, 2.5, 25.0, 5.0 ], "rotation": 270, "autoUv": false, "windMode": [-1,-1,-1,-1] },
														"west": { "texture": "#skin", "uv": [ 25.0, 2.0, 26.5, 2.5 ], "rotation": 180, "autoUv": false, "windMode": [-1,-1,-1,-1] },
														"up": { "texture": "#skin", "uv": [ 25.0, 2.5, 26.5, 5.0 ], "rotation": 270, "autoUv": false, "windMode": [-1,-1,-1,-1] },
														"down": { "texture": "#skin", "uv": [ 28.0, 2.5, 29.5, 5.0 ], "rotation": 90, "autoUv": false, "windMode": [-1,-1,-1,-1] }
													},
													"children": [
														{
															"name": "PeltTail 2",
															"from": [ 2.47, -0.0095, 0.095 ],
															"to": [ 6.27, 0.551, 1.52 ],
															"unwrapMode": 7,
															"unwrapRotation": 1,
															"autoUnwrap": false,
															"uv": [ 24.5, 8.0 ],
															"rotationOrigin": [ 2.47, -0.0095, 0.095 ],
															"faces": {
																"north": { "texture": "#skin", "uv": [ 26.5, 8.5, 27.0, 12.5 ], "rotation": 90, "autoUv": false },
																"east": { "texture": "#skin", "uv": [ 25.0, 12.5, 26.5, 13.0 ], "autoUv": false, "windMode": [-1,-1,-1,-1] },
																"south": { "texture": "#skin", "uv": [ 24.5, 8.5, 25.0, 12.5 ], "rotation": 270, "autoUv": false, "windMode": [-1,-1,-1,-1] },
																"west": { "texture": "#skin", "uv": [ 25.0, 8.0, 26.5, 8.5 ], "rotation": 180, "autoUv": false, "windMode": [-1,-1,-1,-1] },
																"up": { "texture": "#skin", "uv": [ 25.0, 8.5, 26.5, 12.5 ], "rotation": 270, "autoUv": false, "windMode": [-1,-1,-1,-1] },
																"down": { "texture": "#skin", "uv": [ 28.0, 8.5, 29.5, 12.5 ], "rotation": 90, "autoUv": false, "windMode": [-1,-1,-1,-1] }
															},
															"children": [
																{
																	"name": "PeltTail 3",
																	"from": [ 3.8, 0.0, 0.0475 ],
																	"to": [ 8.55, 0.57, 1.3775 ],
																	"unwrapMode": 7,
																	"unwrapRotation": 1,
																	"autoUnwrap": false,
																	"uv": [ 25.0, 15.0 ],
																	"rotationOrigin": [ 3.8, 0.0, 0.0475 ],
																	"faces": {
																		"north": { "texture": "#skin", "uv": [ 26.5, 15.5, 27.0, 20.5 ], "rotation": 90, "autoUv": false },
																		"east": { "texture": "#skin", "uv": [ 25.5, 20.5, 26.5, 21.0 ], "autoUv": false },
																		"south": { "texture": "#skin", "uv": [ 25.0, 15.5, 25.5, 20.5 ], "rotation": 270, "autoUv": false },
																		"west": { "texture": "#skin", "uv": [ 25.5, 15.0, 26.5, 15.5 ], "rotation": 180, "autoUv": false },
																		"up": { "texture": "#skin", "uv": [ 25.5, 15.5, 26.5, 20.5 ], "rotation": 270, "autoUv": false },
																		"down": { "texture": "#skin", "uv": [ 27.5, 15.5, 28.5, 20.5 ], "rotation": 90, "autoUv": false }
																	},
																	"children": [
																		{
																			"name": "PeltTail 4",
																			"from": [ 4.75, 0.0, 0.095 ],
																			"to": [ 9.975, 0.5795, 1.235 ],
																			"unwrapMode": 5,
																			"unwrapRotation": 1,
																			"autoUnwrap": false,
																			"uv": [ 25.0, 22.5 ],
																			"rotationOrigin": [ 4.75, 0.0, 0.095 ],
																			"faces": {
																				"north": { "texture": "#skin", "uv": [ 25.0, 23.0, 25.5, 28.5 ], "rotation": 90, "autoUv": false },
																				"east": { "texture": "#skin", "uv": [ 25.5, 28.5, 26.5, 29.0 ], "rotation": 180, "autoUv": false },
																				"south": { "texture": "#skin", "uv": [ 26.5, 23.0, 27.0, 28.5 ], "rotation": 270, "autoUv": false },
																				"west": { "texture": "#skin", "uv": [ 25.5, 22.5, 26.5, 23.0 ], "autoUv": false },
																				"up": { "texture": "#skin", "uv": [ 25.5, 23.0, 26.5, 28.5 ], "rotation": 270, "autoUv": false },
																				"down": { "texture": "#skin", "uv": [ 27.5, 23.0, 28.5, 28.5 ], "rotation": 90, "autoUv": false }
																			},
																			"children": [
																				{
																					"name": "PeltTail End",
																					"from": [ 4.56, 0.0, -0.19 ],
																					"to": [ 7.885, 0.684, 1.33 ],
																					"unwrapMode": 5,
																					"unwrapRotation": 1,
																					"autoUnwrap": false,
																					"uv": [ 24.5, 31.0 ],
																					"rotationOrigin": [ 4.56, 0.0, -0.19 ],
																					"faces": {
																						"north": { "texture": "#skin", "uv": [ 24.5, 31.5, 25.0, 35.0 ], "rotation": 90, "autoUv": false },
																						"east": { "texture": "#skin", "uv": [ 25.0, 35.0, 26.5, 35.5 ], "rotation": 180, "autoUv": false },
																						"south": { "texture": "#skin", "uv": [ 26.5, 31.5, 27.0, 35.0 ], "rotation": 270, "autoUv": false },
																						"west": { "texture": "#skin", "uv": [ 25.0, 31.0, 26.5, 31.5 ], "autoUv": false },
																						"up": { "texture": "#skin", "uv": [ 25.0, 31.5, 26.5, 35.0 ], "rotation": 270, "autoUv": false },
																						"down": { "texture": "#skin", "uv": [ 28.0, 31.5, 29.5, 35.0 ], "rotation": 90, "autoUv": false }
																					}
																				}
																			]
																		}
																	]
																}
															]
														}
													]
												}
											]
										}
									]
								},
								{
									"name": "Mane cape",
									"from": [ 1.748, 0.0285, -0.133 ],
									"to": [ 7.163, 0.931, 6.1845 ],
									"unwrapMode": 5,
									"autoUnwrap": false,
									"uv": [ 21.5, 10.5 ],
									"rotationOrigin": [ 1.7483, 0.0325, -0.1282 ],
									"rotationZ": -1.0,
									"faces": {
										"north": { "texture": "#mane", "uv": [ 21.5, 10.5, 27.5, 11.5 ], "rotation": 180, "autoUv": false, "windMode": [-1,-1,-1,-1], "windData": [1,1,1,1] },
										"south": { "texture": "#mane", "uv": [ 21.5, 17.5, 27.5, 18.5 ], "autoUv": false, "windMode": [-1,-1,-1,-1], "windData": [1,1,1,1] },
										"up": { "texture": "#mane", "uv": [ 21.5, 11.0, 27.5, 18.0 ], "autoUv": false, "windMode": [-1,-1,-1,-1], "windData": [1,1,1,1] }
									}
								}
							]
						}
					]
				}
			]
		}
	]}