{
  "code": "headmount-cervidae",
	"behaviors": [{"name": "HorizontalAttachable"},{ "name": "RightClickPickup"} ],
  "variantgroups": [
    {"code": "type","states": [ "baby","female","male" ]},
    {"code": "tribe","states": [ "alceini", "capreolini", "odocoileini" ]},
    {"code": "genus","states": [ "alces","capreolus","hydropotes","blastocerus","hippocamelus","mazama","odocoileus","ozotoceros","pudu","rangifer" ]},
    {"code": "species","states": [ "alces","capreolus","pygargus","inermis","dichotomus","antisensis","bisulcus","americana","chunyi","gouazoubira","nana","nemorivaga","rufina","temama","tienhoveni","hemionus","pandora","virginianus","bezoarticus","mephistophiles","puda","tarandus" ]},
    { "code": "orientation", "states": ["up"], "loadFromProperties": "game:abstract/horizontalorientation"}
  ],
	"allowedVariants": [
		"*-alceini-alces-alces-*",
		"*-capreolini-capreolus-capreolus-*",
		"*-capreolini-capreolus-pygargus-*",
		"*-capreolini-hydropotes-inermis-*",
		"*-odocoileini-blastocerus-dichotomus-*",
		"*-odocoileini-hippocamelus-antisensis-*",
		"*-odocoileini-hippocamelus-bisulcus-*",
		"*-odocoileini-mazama-americana-*",
		"*-odocoileini-mazama-chunyi-*",
		"*-odocoileini-mazama-gouazoubira-*",
		"*-odocoileini-mazama-nana-*",
		"*-odocoileini-mazama-nemorivaga-*",
		"*-odocoileini-mazama-rufina-*",
		"*-odocoileini-mazama-temama-*",
		"*-odocoileini-mazama-tienhoveni-*",
		"*-odocoileini-odocoileus-hemionus-*",
		"*-odocoileini-odocoileus-pandora-*",
		"*-odocoileini-odocoileus-virginianus-*",
		"*-odocoileini-ozotoceros-bezoarticus-*",
		"*-odocoileini-pudu-mephistophiles-*",
		"*-odocoileini-pudu-puda-*",
		"*-odocoileini-rangifer-tarandus-*"
	],
  "attributes": {
  },
	  "transitionablePropsByType": {
    "*pudu-mephistophiles-*": [
      {
        "type": "Cure",
        "freshHours": { "avg": 0.001 },
        "spoilHours": { "avg": 0.001 },
        "transitionedStack": {
          "type": "block",
          "code": "headmount-{tribe}-{type}-pudellamephistophiles-north"
        },
        "transitionRatio": 1
      }],
    "*": [
      {
        "type": "Cure",
        "freshHours": { "avg": 0.001 },
        "spoilHours": { "avg": 0.001 },
        "transitionedStack": {
          "type": "block",
          "code": "headmount-cervidae-{tribe}-{type}-{genus}{species}-north"
        },
        "transitionRatio": 1
      }
    ]
  },
  "sidesolid": { "all": false },
  "sideopaque": { "all": false },
  "blockmaterial": "Cloth",
  "replaceable": 5001,
  "resistance": 0.5,
  "lightAbsorption": 0,
  "selectionBoxByType": {
    "*-north": {"x1": 0.15,"y1": 0.15,"z1": 0.0,"x2": 0.85,"y2": 0.85,"z2": 1},
    "*-east": {"x1": 0,"y1": 0.15,"z1": 0.15,"x2": 1.0,"y2": 0.85,"z2": 0.85},
    "*-south": {"x1": 0.15,"y1": 0.15,"z1": 0,"x2": 0.85,"y2": 0.85,"z2": 1.0},
    "*-west": {"x1": 0.0,"y1": 0.15,"z1": 0.15,"x2": 1,"y2": 0.85,"z2": 0.85}
  },
  "collisionbox": null,
  "combustibleProps": {
    "burnTemperature": 400,
    "burnDuration": 10
  },
  "sounds": {
    "place": "game:block/cloth",
    "walk": "game:walk/cloth"
  },
  "guiTransformByType": {
		"*-alceini-*": {
     "translation": {"x": 0,"y": 3,"z": 0},
    "rotation": {"x": 0,"y": 135,"z": 0},
    "origin": {"x": 0.5,"y": 0.5,"z": 0.1},
    "scale": 1.0
      },
    "*-capreolini-*": {
     "translation": {"x": 0,"y": 3,"z": 0},
    "rotation": {"x": 0,"y": 135,"z": 0},
    "origin": {"x": 0.5,"y": 0.5,"z": 0.1},
    "scale": 1.5
      },
    "*-mazama-*": {
     "translation": {"x": 0,"y": 3,"z": 0},
    "rotation": {"x": 0,"y": 135,"z": 0},
    "origin": {"x": 0.5,"y": 0.5,"z": 0.1},
    "scale": 2.0
      },
    "*-pudu-*": {
     "translation": {"x": 0,"y": 3,"z": 0},
    "rotation": {"x": 0,"y": 135,"z": 0},
    "origin": {"x": 0.5,"y": 0.5,"z": 0.1},
    "scale": 2.5
      },
    "*": {
     "translation": {"x": 0,"y": 3,"z": 0},
    "rotation": {"x": 0,"y": 135,"z": 0},
    "origin": {"x": 0.5,"y": 0.5,"z": 0.1},
    "scale": 1.0
      }
  },
  "groundTransform": {
    "translation": {"x": 0.5,"y": 0,"z": 0},
    "rotation": {"x": 0,"y": 135,"z": 0},
    "origin": {"x": 0.5,"y": -0.02,"z": 0.5},
    "scale": 1
  },
  "tpHandTransform": {
    "translation": {"x": -0.55,"y": -0.6,"z": -0.15},
    "rotation": {"x": 0,"y": 0,"z": 0},
    "origin": {"x": 0.5,"y": 0.5,"z": 0.1},
    "scale": 1.0
  },
  "fpHandTransform": {
    "rotation": {"x": 0,"y": 0,"z": 0},
    "origin": {"x": 0.5,"y": -1,"z": 1.5}
  },
  "materialDensity": 200
}