{
	"code": "cervidae-odocoileini",
	"class": "EntityAgent",
	"fallDamageMultiplierByType": { "*-baby-*" :0.5,"*-rangifertarandus" :2, "*" :1},
	"variantgroups": [
		{"code": "age","states": [ "adult","baby" ]},
		{"code": "gender","states": [ "female","male"]},
		{"code": "type","states": ["blastocerusdichotomus","hippocamelusantisensis","hippocamelusbisulcus","mazamaamericana","mazamachunyi","mazamagouazoubira","mazamanana","mazamanemorivaga","mazamarufina","mazamatemama","mazamatienhoveni","odocoileushemionus","odocoileuspandora","odocoileusvirginianus","ozotocerosbezoarticus","pudellamephistophiles","pudupuda","rangifertarandus" ]}
	],
	"hitBoxSizeByType": {
		"*-adult-female-blastocerusdichotomus": {	"x": 1.0,"y": 1.0},
		"*-adult-male-blastocerusdichotomus": {	"x": 1.3,"y": 1.4},
		"*-baby-*-blastocerusdichotomus": {	"x": 0.6,"y": 0.8},
		"*-adult-female-hippocamelusantisensis": {	"x": 1.0,"y": 0.7},
		"*-adult-male-hippocamelusantisensis": {	"x": 1.0,"y": 0.9},
		"*-baby-*-hippocamelusantisensis": {	"x": 0.6,"y": 0.5},
		"*-adult-female-hippocamelusbisulcus": {	"x": 1.0,"y": 0.8},
		"*-adult-male-hippocamelusbisulcus": {	"x": 1.0,"y": 1.0},
		"*-baby-*-hippocamelusbisulcus": {	"x": 0.6,"y": 0.6},
		"*-adult-female-mazamaamericana": {	"x": 0.9,"y": 0.7},
		"*-adult-male-mazamaamericana": {	"x": 1.0,"y": 0.8},
		"*-baby-*-mazamaamericana": {	"x": 0.5,"y": 0.5},
		"*-adult-female-mazamachunyi": {	"x": 0.4,"y": 0.4},
		"*-adult-male-mazamachunyi": {	"x": 0.6,"y": 0.4},
		"*-baby-*-mazamachunyi": {	"x": 0.3,"y": 0.25},
		"*-adult-female-mazamagouazoubira": {	"x": 0.9,"y": 0.5},
		"*-adult-male-mazamagouazoubira": {	"x": 1.0,"y": 0.65},
		"*-baby-*-mazamagouazoubira": {	"x": 0.4,"y": 0.4},
		"*-adult-female-mazamanana": {	"x": 0.6,"y": 0.5},
		"*-adult-male-mazamanana": {	"x": 0.6,"y": 0.5},
		"*-baby-*-mazamanana": {	"x": 0.3,"y": 0.25},
		"*-adult-*-mazamanemorivaga": {	"x": 0.6,"y": 0.5},
		"*-baby-*-mazamanemorivaga": {	"x": 0.3,"y": 0.25},
		"*-adult-*-mazamarufina": {	"x": 0.6,"y": 0.5},
		"*-baby-*-mazamarufina": {	"x": 0.3,"y": 0.25},
		"*-adult-*-mazamatemama": {	"x": 0.9,"y": 0.7},
		"*-baby-*-mazamatemama": {	"x": 0.5,"y": 0.5},
		"*-adult-*-mazamatienhoveni": {	"x": 0.6,"y": 0.5},
		"*-baby-*-mazamatienhoveni": {	"x": 0.3,"y": 0.25},
		"*-adult-female-odocoileushemionus": {	"x": 1.0,"y": 1.0},
		"*-adult-male-odocoileushemionus": {	"x": 1.1,"y": 1.2},
		"*-baby-*-odocoileushemionus": {	"x": 0.6,"y": 0.65},
		"*-adult-female-odocoileuspandora": {	"x": 0.9,"y": 0.7},
		"*-adult-male-odocoileuspandora": {	"x": 1.0,"y": 0.8},
		"*-baby-*-odocoileuspandora": {	"x": 0.5,"y": 0.5},
		"*-adult-female-odocoileusvirginianus": {	"x": 1.0,"y": 1.0},
		"*-adult-male-odocoileusvirginianus": {	"x": 1.1,"y": 1.2},
		"*-baby-*-odocoileusvirginianus": {	"x": 0.6,"y": 0.7},
		"*-adult-female-ozotocerosbezoarticus": {	"x": 0.9,"y": 0.7},
		"*-adult-male-ozotocerosbezoarticus": {	"x": 1.0,"y": 0.8},
		"*-baby-*-ozotocerosbezoarticus": {	"x": 0.6,"y": 0.4},
		"*-adult-*-pudellamephistophiles": {	"x": 0.6,"y": 0.4},
		"*-baby-*-pudellamephistophiles": {	"x": 0.3,"y": 0.25},
		"*-adult-*-pudupuda": {	"x": 0.6,"y": 0.5},
		"*-baby-*-pudupuda": {	"x": 0.3,"y": 0.25},
		"*-adult-female-rangifertarandus": {	"x": 1.0,"y": 1.0},
		"*-adult-male-rangifertarandus": {	"x": 1.2,"y": 1.2},
		"*-baby-*-rangifertarandus": {	"x": 0.8,"y": 0.8},
		"*-odocoileini-*": { "x": 1.0, "y": 0.8 }
	},
	"deadhitBoxSizeByType": {
		"*-adult-female-blastocerusdichotomus": {	"x": 1.0,"y": 0.5},
		"*-adult-male-blastocerusdichotomus": {	"x": 1.3,"y": 0.7},
		"*-baby-*-blastocerusdichotomus": {	"x": 0.6,"y": 0.4},
		"*-adult-female-hippocamelusantisensis": {	"x": 1.0,"y": 0.35},
		"*-adult-male-hippocamelusantisensis": {	"x": 1.0,"y": 0.45},
		"*-baby-*-hippocamelusantisensis": {	"x": 0.6,"y": 0.25},
		"*-adult-female-hippocamelusbisulcus": {	"x": 1.0,"y": 0.4},
		"*-adult-male-hippocamelusbisulcus": {	"x": 1.0,"y": 0.5},
		"*-baby-*-hippocamelusbisulcus": {	"x": 0.6,"y": 0.3},
		"*-adult-female-mazamaamericana": {	"x": 0.9,"y": 0.35},
		"*-adult-male-mazamaamericana": {	"x": 1.0,"y": 0.4},
		"*-baby-*-mazamaamericana": {	"x": 0.5,"y": 0.25},
		"*-adult-female-mazamachunyi": {	"x": 0.4,"y": 0.2},
		"*-adult-male-mazamachunyi": {	"x": 0.6,"y": 0.2},
		"*-baby-*-mazamachunyi": {	"x": 0.3,"y": 0.125},
		"*-adult-female-mazamagouazoubira": {	"x": 0.9,"y": 0.25},
		"*-adult-male-mazamagouazoubira": {	"x": 1.0,"y": 0.35},
		"*-baby-*-mazamagouazoubira": {	"x": 0.4,"y": 0.2},
		"*-adult-female-mazamanana": {	"x": 0.6,"y": 0.25},
		"*-adult-male-mazamanana": {	"x": 0.6,"y": 0.25},
		"*-baby-*-mazamanana": {	"x": 0.3,"y": 0.125},
		"*-adult-*-mazamanemorivaga": {	"x": 0.6,"y": 0.25},
		"*-baby-*-mazamanemorivaga": {	"x": 0.3,"y": 0.125},
		"*-adult-*-mazamarufina": {	"x": 0.6,"y": 0.25},
		"*-baby-*-mazamarufina": {	"x": 0.3,"y": 0.125},
		"*-adult-*-mazamatemama": {	"x": 0.9,"y": 0.35},
		"*-baby-*-mazamatemama": {	"x": 0.5,"y": 0.25},
		"*-adult-*-mazamatienhoveni": {	"x": 0.6,"y": 0.25},
		"*-baby-*-mazamatienhoveni": {	"x": 0.3,"y": 0.125},
		"*-adult-female-odocoileushemionus": {	"x": 1.0,"y": 0.5},
		"*-adult-male-odocoileushemionus": {	"x": 1.1,"y": 0.6},
		"*-baby-*-odocoileushemionus": {	"x": 0.6,"y": 0.35},
		"*-adult-female-odocoileuspandora": {	"x": 0.9,"y": 0.35},
		"*-adult-male-odocoileuspandora": {	"x": 1.0,"y": 0.4},
		"*-baby-*-odocoileuspandora": {	"x": 0.5,"y": 0.25},
		"*-adult-female-odocoileusvirginianus": {	"x": 1.0,"y": 0.5},
		"*-adult-male-odocoileusvirginianus": {	"x": 1.1,"y": 0.6},
		"*-baby-*-odocoileusvirginianus": {	"x": 0.6,"y": 0.35},
		"*-adult-female-ozotocerosbezoarticus": {	"x": 0.9,"y": 0.35},
		"*-adult-male-ozotocerosbezoarticus": {	"x": 1.0,"y": 0.4},
		"*-baby-*-ozotocerosbezoarticus": {	"x": 0.6,"y": 0.2},
		"*-adult-*-pudellamephistophiles": {	"x": 0.6,"y": 0.2},
		"*-baby-*-pudellamephistophiles": {	"x": 0.3,"y": 0.125},
		"*-adult-*-pudupuda": {	"x": 0.6,"y": 0.25},
		"*-baby-*-pudupuda": {	"x": 0.3,"y": 0.125},
		"*-adult-female-rangifertarandus": {	"x": 1.0,"y": 0.5},
		"*-adult-male-rangifertarandus": {	"x": 1.2,"y": 0.6},
		"*-baby-*-rangifertarandus": {	"x": 0.8,"y": 0.4},
		"*-odocoileini-*": { "x": 1.0, "y": 0.4 }
	},
	"eyeHeightByType": {
		"*-adult-female-blastocerusdichotomus": 1.1,
		"*-adult-male-blastocerusdichotomus": 1.4,
		"*-adult-female-hippocamelusantisensis": 0.9,
		"*-adult-male-hippocamelusantisensis": 1.1,
		"*-adult-female-hippocamelusbisulcus": 1.1,
		"*-adult-male-hippocamelusbisulcus": 1.2,
		"*-adult-female-mazama*": 0.7,
		"*-adult-male-mazama*": 0.7,
		"*-adult-male-ozotocerosbezoarticus": 0.9,
		"*-adult-female-*": 0.7,
		"*-adult-male-*": 0.9,
		"*-baby-*": 0.5
	},
	"weightByType": {
		"*-adult-female-blastocerusdichotomus": 60,
		"*-adult-male-blastocerusdichotomus": 80,
		"*-baby-*-blastocerusdichotomus": 15,
		"*-adult-female-hippocamelusantisensis": 45,
		"*-adult-male-hippocamelusantisensis": 70,
		"*-baby-*-hippocamelusantisensis": 10,
		"*-adult-female-hippocamelusbisulcus": 70,
		"*-adult-male-hippocamelusbisulcus": 90,
		"*-baby-*-hippocamelusbisulcus": 20,
		"*-adult-female-mazamaamericana": 36,
		"*-adult-male-mazamaamericana": 48,
		"*-baby-*-mazamaamericana": 10,
		"*-adult-*-mazamachunyi": 11,
		"*-baby-*-mazamachunyi": 2,
		"*-adult-*-mazamagouazoubira": 17,
		"*-baby-*-mazamagouazoubira": 2,
		"*-adult-female-mazamanana": 16,
		"*-adult-male-mazamanana": 20,
		"*-baby-*-mazamanana": 2,
		"*-adult-*-mazamanemorivaga": 16,
		"*-baby-*-mazamanemorivaga": 2,
		"*-adult-*-mazamarufina": 15,
		"*-baby-*-mazamarufina": 2,
		"*-adult-*-mazamatemama": 22,
		"*-baby-*-mazamatemama": 2,
		"*-adult-*-mazamatienhoveni": 16,
		"*-baby-*-mazamatienhoveni": 2,
		"*-adult-female-odocoileushemionus": 68,
		"*-adult-male-odocoileushemionus": 92,
		"*-baby-*-odocoileushemionus": 20,
		"*-adult-female-odocoileuspandora": 17,
		"*-adult-male-odocoileuspandora": 20,
		"*-baby-*-odocoileuspandora": 4,
		"*-adult-female-odocoileusvirginianus": 65,
		"*-adult-male-odocoileusvirginianus": 102,
		"*-baby-*-odocoileusvirginianus": 20,
		"*-adult-female-ozotocerosbezoarticus": 29,
		"*-adult-male-ozotocerosbezoarticus": 34,
		"*-baby-*-ozotocerosbezoarticus": 5,
		"*-adult-female-pudellamephistophiles": 5,
		"*-adult-male-pudellamephistophiles": 6,
		"*-baby-*-pudellamephistophiles": 2,
		"*-adult-female-pudupuda": 10,
		"*-adult-male-pudupuda": 13,
		"*-baby-*-pudupuda": 2,
		"*-adult-female-rangifertarandus": 110,
		"*-adult-male-rangifertarandus": 180,
		"*-baby-*-rangifertarandus": 40,
		"*-odocoileini-*": 30
	},
	"knockbackResistanceByType": {
		"*-adult-*": 0.75,
		"*-baby-*": 0.3
	},	
	"attributes": {
		"killedByInfoText": "deadcreature-killed",
		"basketCatchable": true,
		"trapChanceByType": {"*-baby-*": 0.3, "*": 0.0 },
		"trapDestroyChanceByType": { "*-baby-*": 0.05, "*": 0.3 },
		"creatureDiet": {
			"foodCategories": ["Fruit", "Grain","Vegetable"],
			"foodTags": ["fruitmash","grass","nibbleCrop", "sweetBerryBush"],
			"skipFoodTags": ["rice", "parsnip"]
		},
		"handbook": {
			"groupcode": "creaturegroup-cervidae"
		}
	},
	"drops": [],
	"client": {
		"renderer": "Shape",
		"shapeByType": {
		"*-adult-*-mazamachunyi": { "base": "entity/odocoileini/mazamanana-{gender}" },
		"*-baby-*-mazamachunyi": { "base": "entity/odocoileini/mazamanana-baby" },
		"*-adult-*-mazamagouazoubira": { "base": "entity/odocoileini/mazamaamericana-{gender}" },
		"*-baby-*-mazamagouazoubira": { "base": "entity/odocoileini/mazamaamericana-baby" },
		"*-adult-*-mazamanemorivaga": { "base": "entity/odocoileini/mazamaamericana-{gender}" },
		"*-baby-*-mazamanemorivaga": { "base": "entity/odocoileini/mazamaamericana-baby" },
		"*-adult-*-mazamarufina": { "base": "entity/odocoileini/mazamanana-{gender}" },
		"*-baby-*-mazamarufina": { "base": "entity/odocoileini/mazamanana-baby" },
		"*-adult-*-mazamatemama": { "base": "entity/odocoileini/mazamaamericana-{gender}" },
		"*-baby-*-mazamatemama": { "base": "entity/odocoileini/mazamaamericana-baby" },
		"*-adult-*-mazamatienhoveni": { "base": "entity/odocoileini/mazamaamericana-{gender}" },
		"*-baby-*-mazamatienhoveni": { "base": "entity/odocoileini/mazamaamericana-baby" },
		"*-baby-*-odocoileushemionus": { "base": "entity/capreolini/capreoluscapreolus-baby" },
		"*-baby-*-odocoileuspandora": { "base": "entity/odocoileini/mazamaamericana-baby" },
		"*-baby-*-odocoileusvirginianus": { "base": "entity/capreolini/capreoluscapreolus-baby" },
		"*-adult-*-pudupuda": { "base": "entity/odocoileini/pudellamephistophiles-{gender}" },
		"*-baby-*-pudupuda": { "base": "entity/odocoileini/pudellamephistophiles-baby" },
			"*-adult-female-*": { "base": "entity/odocoileini/{type}-female" },
			"*-adult-male-*": { "base": "entity/odocoileini/{type}-male" },
			"*-baby-*": { "base": "entity/odocoileini/{type}-baby" }
		},
		"textureByType": {
		"*-baby-*-mazamachunyi": { "base": "entity/odocoileini/mazamanana-baby" },
		"*-baby-*-mazamagouazoubira": { "base": "entity/odocoileini/mazamaamericana-baby" },
		"*-baby-*-mazamarufina": { "base": "entity/odocoileini/mazamanana-baby" },
		"*-baby-*-mazamatemama": { "base": "entity/odocoileini/mazamaamericana-baby" },
		"*-baby-*-mazamatienhoveni": { "base": "entity/odocoileini/mazamaamericana-baby" },
		"*-baby-*-odocoileushemionus": { "base": "entity/odocoileini/odocoileusvirginianus-baby" },
		"*-baby-*-pudellamephistophiles": { "base": "entity/odocoileini/pudupuda-baby" },
			"*-adult-*": { "base": "entity/odocoileini/{type}-adult" },
			"*-baby-*": { "base": "entity/odocoileini/{type}-baby" }
		},
		"sizeByType": {
			"*-adult-female-blastocerusdichotomus": 0.8,
			"*-adult-female-hippocamelusantisensis": 0.8,
			"*-adult-female-hippocamelusbisulcus": 0.8,
			"*-baby-*-hippocamelusbisulcus": 0.75,
			"*-adult-female-mazamaamericana": 0.875,
			"*-baby-*-mazamaamericana": 0.75,
			"*-adult-female-mazamanana": 0.64,
			"*-adult-female-mazamachunyi": 0.528,
			"*-adult-male-mazamachunyi": 0.528,
			"*-baby-*-mazamachunyi": 0.375,
			"*-adult-female-mazamagouazoubira": 0.81,
			"*-adult-male-mazamagouazoubira": 0.81,
			"*-baby-*-mazamagouazoubira": 0.6,
			"*-adult-male-mazamanana": 0.64,
			"*-baby-*-mazamanana": 0.46,
			"*-adult-female-mazamanemorivaga": 0.625,
			"*-adult-male-mazamanemorivaga": 0.625,
			"*-baby-*-mazamanemorivaga": 0.46,
			"*-adult-female-mazamarufina": 0.64,
			"*-adult-male-mazamarufina": 0.64,
			"*-baby-*-mazamarufina": 0.46,
			"*-adult-female-mazamatemama": 0.875,
			"*-adult-male-mazamatemama": 0.875,
			"*-baby-*-mazamatemama": 0.75,
			"*-adult-female-mazamatienhoveni": 0.625,
			"*-adult-male-mazamatienhoveni": 0.625,
			"*-baby-*-mazamatienhoveni": 0.46,
			"*-adult-female-odocoileushemionus": 0.8,
			"*-baby-*-odocoileushemionus": 0.80,
			"*-adult-female-odocoileuspandora": 0.875,
			"*-baby-*-odocoileuspandora": 0.75,
			"*-adult-female-odocoileusvirginianus": 0.85,
			"*-adult-male-odocoileushemionus": 0.95,
			"*-baby-*-odocoileusvirginianus": 0.85,
			"*-adult-female-ozotocerosbezoarticus": 0.92,
			"*-adult-female-pudellamephistophiles": 0.5,
			"*-adult-male-pudellamephistophiles": 0.5,
			"*-baby-*-ozotocerosbezoarticus": 0.75,
			"*-baby-*-pudellamephistophiles": 0.35,
			"*-adult-female-pudupuda": 0.65,
			"*-adult-male-pudupuda": 0.65,
			"*-baby-*-pudupuda": 0.46,
			"*-adult-female-rangifertarandus": 0.83,
			"*-baby-*-rangifertarandus": 0.8,
			"*": 1.0
		},
		"behaviors": [
			{"code": "repulseagents" },
			{"code": "controlledphysics","stepHeightByType": {"*-blastocerusdichotomus":2.1251,"*-hippocamelusantisensis":2.1251,"*-hippocamelusbisulcus":2.1251,"*-odocoileushemionus":3.1251,"*-odocoileusvirginianus":3.1251,"*-ozotocerosbezoarticus":2.1251,"*-rangifertarandus":2.1251,"*":1.1251}},
			{"code": "floatupwhenstuck","onlyWhenDead": true},
			{"code": "interpolateposition" },
			{"code": "harvestable","quantitySlots": 8},
			{ "code": "multiply", "enabledByType": { "*-adult-female-*": true, "*": false } },
			{ "code": "milkable", "enabledByType": { "@.*-(adult-female-blastocerusdichotomus|adult-female-hippocamelusantisensis|adult-female-hippocamelusbisulcus|adult-female-odocoileushemionus|adult-female-odocoileusvirginianus|adult-female-rangifertarandus)": true, "*": false } },
			{"code": "despawn","minPlayerDistance": 8,"belowLightLevel": 8,"minSeconds": 300},
			{"code": "ropetieable","minGeneration": 2}
		],
		"animations": [
			{"code": "attack","animation": "Attack","animationSpeed": 2.2,"weight": 10,"blendMode": "AddAverage"},
			{"code": "charge","animation": "Charge","animationSpeed": 2.2,"weight": 10,"blendMode": "AddAverage"},
			{"code": "die","animation": "Die","animationSpeed": 1.25,"weight": 10,"blendMode": "Average","triggeredBy": { "onControls": [ "dead" ] }},
			{"code": "eat","animation": "Eat","easeInSpeed": 4,"easeOutSpeed": 4,"blendMode": "Average"},
			{"code": "gallop","animation": "Gallop","supressDefaultAnimation": true,"blendMode": "AddAverage"},
			{"code": "hurt","animation": "Hurt","animationSpeed": 2.2,"weight": 10,"blendMode": "AddAverage"},
			{"code": "idle","animation": "Idle","blendMode": "AddAverage","easeOutSpeed": 4,"triggeredBy": { "defaultAnim": true }},
			{"code": "roar","animation": "Roar","animationSpeed": 2.2,"weight": 10,"blendMode": "AddAverage"},
			{"code": "run","animation": "Run","supressDefaultAnimation": true,"blendMode": "AddAverage"},
			{"code": "sit","animation": "Sit","easeInSpeed": 4,"easeOutSpeed": 4,"blendMode": "Average"},
			{"code": "sleep","animation": "Sleep","easeInSpeed": 4,"easeOutSpeed": 4,"blendMode": "Average"},
			{"code": "stot","animation": "Stot","supressDefaultAnimation": true,"blendMode": "AddAverage"},
			{"code": "swim","animation": "Swim","supressDefaultAnimation": true,"blendMode": "Average"},
			{"code": "walk","animation": "Walk","supressDefaultAnimation": true,"blendMode": "AddAverage"}
		]
	},
	"server": {
		"attributes": {
			"pathfinder": {
				"minTurnAnglePerSec": 90,
				"maxTurnAnglePerSec": 180
			}
		},
		"behaviors": [
			{ "code": "repulseagents" },
			{"code": "controlledphysics","stepHeightByType": {"*-blastocerusdichotomus":2.1251,"*-hippocamelusantisensis":2.1251,"*-hippocamelusbisulcus":2.1251,"*-odocoileushemionus":3.1251,"*-odocoileusvirginianus":3.1251,"*-ozotocerosbezoarticus":2.1251,"*-rangifertarandus":2.1251,"*":1.1251}},
			{"code": "despawn","minPlayerDistance": 8,"belowLightLevel": 8,"minSeconds": 300},
			{"code": "health",
				"maxhealthByType": {
			"*-adult-female-blastocerusdichotomus": 13,
			"*-adult-male-blastocerusdichotomus": 15,
			"*-baby-*-blastocerusdichotomus": 5,
			"*-adult-female-hippocamelusantisensis": 11,
			"*-adult-male-hippocamelusantisensis": 14,
			"*-baby-*-hippocamelusantisensis": 4,
			"*-adult-female-hippocamelusbisulcus": 14,
			"*-adult-male-hippocamelusbisulcus": 15,
			"*-baby-*-hippocamelusbisulcus": 6,
			"*-adult-female-mazamaamericana": 10,
			"*-adult-male-mazamaamericana": 12,
			"*-baby-*-mazamaamericana": 4,
			"*-adult-*-mazamachunyi": 5,
			"*-baby-*-mazamachunyi": 3,
			"*-adult-*-mazamagouazoubira": 5,
			"*-baby-*-mazamagouazoubira": 3,
			"*-adult-*-mazamanana": 6,
			"*-baby-*-mazamanana": 3,
			"*-adult-*-mazamanemorivaga": 5,
			"*-baby-*-mazamanemorivaga": 3,
			"*-adult-*-mazamarufina": 5,
			"*-baby-*-mazamarufina": 3,
			"*-adult-*-mazamatemama": 6,
			"*-baby-*-mazamatemama": 3,
			"*-adult-*-mazamatienhoveni": 5,
			"*-baby-*-mazamatienhoveni": 3,
			"*-adult-female-odocoileushemionus": 14,
			"*-adult-male-odocoileushemionus": 15,
			"*-baby-*-odocoileushemionus": 6,
			"*-adult-*-odocoileuspandora": 6,
			"*-baby-*-odocoileuspandora": 3,
			"*-adult-female-odocoileusvirginianus": 14,
			"*-adult-male-odocoileusvirginianus": 16,
			"*-baby-*-odocoileusvirginianus": 6,
			"*-adult-female-ozotocerosbezoarticus": 8,
			"*-adult-male-ozotocerosbezoarticus": 9,
			"*-baby-*-ozotocerosbezoarticus": 3,
			"*-adult-*-pudellamephistophiles": 4,
			"*-baby-*-pudellamephistophiles": 3,
			"*-adult-*-pudupuda": 5,
			"*-baby-*-pudupuda": 3,
			"*-adult-female-rangifertarandus": 16,
			"*-adult-male-rangifertarandus": 19,
			"*-baby-*-rangifertarandus": 10,
					"*": 8
				}
			},
			{"code": "deaddecay",
				"hoursToDecay": 96,
				"decayedBlockByType": {
				"*-adult-*-blastocerusdichotomus": "carcass-medium",
				"*-adult-*-hippocamelusantisensis": "carcass-medium",
				"*-adult-*-hippocamelusbisulcus": "carcass-medium",
				"*-adult-*-odocoileushemionus": "carcass-medium",
				"*-adult-*-odocoileusvirginianus": "carcass-medium",
				"*-adult-*-rangifertarandus": "carcass-medium",
				"*": "carcass-small"
				}
			},
			{"code": "floatupwhenstuck","onlyWhenDead": true},
			{"code": "harvestable",
				"quantitySlots": 8,
				"drops": [
					{
						"type": "item",
						"code": "game:redmeat-raw",
						"quantityByType": {
							"*-adult-female-blastocerusdichotomus": {"avg": 10,"var": 3},
							"*-adult-male-blastocerusdichotomus": {"avg": 12,"var": 3},
							"*-baby-*-blastocerusdichotomus": {"avg": 2,"var": 1},
							"*-adult-female-hippocamelusantisensis": {"avg": 5,"var": 2},
							"*-adult-male-hippocamelusantisensis": {"avg": 8,"var": 2},
							"*-baby-*-hippocamelusantisensis": {"avg": 1,"var": 0.5},
							"*-adult-female-hippocamelusbisulcus": {"avg": 8,"var": 2},
							"*-adult-male-hippocamelusbisulcus": {"avg": 13,"var": 3},
							"*-baby-*-hippocamelusbisulcus": {"avg": 2,"var": 1},
							"*-adult-female-mazamaamericana": {"avg": 4,"var": 1},
							"*-adult-male-mazamaamericana": {"avg": 5,"var": 2},
							"*-baby-*-mazamaamericana": {"avg": 1,"var": 0.3},
							"*-adult-*-mazamachunyi": {"avg": 1,"var": 1},
							"*-adult-*-mazamagouazoubira": {"avg": 2,"var": 1},
							"*-adult-*-mazamanana": {"avg": 2,"var": 1},
							"*-adult-*-mazamanemorivaga": {"avg": 2,"var": 1},
							"*-adult-*-mazamarufina": {"avg": 2,"var": 1},
							"*-adult-*-mazamatemama": {"avg": 2,"var": 1},
							"*-adult-*-mazamatienhoveni": {"avg": 2,"var": 1},
							"*-adult-female-odocoileushemionus": {"avg": 8,"var": 2},
							"*-adult-male-odocoileushemionus": {"avg": 13,"var": 3},
							"*-baby-*-odocoileushemionus": {"avg": 2,"var": 1},
							"*-adult-female-odocoileuspandora": {"avg": 2,"var": 1},
							"*-adult-male-odocoileuspandora": {"avg": 2,"var": 1},
							"*-adult-female-odocoileusvirginianus": {"avg": 8,"var": 2},
							"*-adult-male-odocoileusvirginianus": {"avg": 13,"var": 3},
							"*-baby-*-odocoileusvirginianus": {"avg": 2,"var": 1},
							"*-adult-female-ozotocerosbezoarticus": {"avg": 3,"var": 1},
							"*-adult-male-ozotocerosbezoarticus": {"avg": 4,"var": 1},
							"*-baby-*-ozotocerosbezoarticus": {"avg": 1.2,"var": 0.3},
							"*-adult-female-pudellamephistophiles": {"avg": 1,"var": 0.2},
							"*-adult-male-pudellamephistophiles": {"avg": 1,"var": 0.2},
							"*-adult-female-pudupuda": {"avg": 2,"var": 1},
							"*-adult-male-pudupuda": {"avg": 2,"var": 1},
							"*-adult-female-rangifertarandus": {"avg": 13,"var": 3},
							"*-adult-male-rangifertarandus": {"avg": 20,"var": 7},
							"*-baby-*-rangifertarandus": {"avg": 4,"var": 2},
						"*-baby-*": {"avg": 0,"var": 0},
							"*": {"avg": 6,"var": 2}
						}
					},
					{
						"type": "item",
						"code": "fat",
						"quantityByType": {
							"*-adult-*-blastocerusdichotomus": {"avg": 2,"var": 0.3},
							"*-adult-*-hippocamelusantisensis": {"avg": 2,"var": 0.3},
							"*-adult-*-hippocamelusbisulcus": {"avg": 2,"var": 0.3},
							"*-adult-*-mazamaamericana": {"avg": 1,"var": 0.3},
							"*-adult-*-odocoileushemionus": {"avg": 2,"var": 0.3},
							"*-adult-*-odocoileusvirginianus": {"avg": 2,"var": 0.3},
							"*-adult-*-ozotocerosbezoarticus": {"avg": 1,"var": 0.3},
							"*-adult-*-rangifertarandus": {"avg": 4,"var": 0.6},
							"*": {"avg": 0.0,"var": 0.0}
						}
					},
					{
						"type": "item",
						"code": "capreolinae:pelt-odocoileini-{gender}-{type}",
						"quantityByType": {
							"*-adult-*": {"avg": 1.0,"var": 0.0},
							"*": {"avg": 0.0,"var": 0.0}
						}
					},
					{
						"type": "item",
						"code": "capreolinae:pelt-odocoileini-baby-{type}",
						"quantityByType": {
							"*-baby-*": {"avg": 1.0,"var": 0.0},
							"*": {"avg": 0.0,"var": 0.0}
						}
					}
				]
			},
			{"code": "breathe" },
			{"code": "multiply",
				"enabledByType": {
					"*-adult-female-*": true,
					"*": false
				},
				"spawnEntityCodesByType": {
				"*-adult-female-*": [ { "code":"capreolinae:cervidae-odocoileini-baby-female-{type}"}, {"code": "capreolinae:cervidae-odocoileini-baby-male-{type}"} ]},
				"requiresNearbyEntityCodeByType": {
					"*-adult-female-*": "capreolinae:cervidae-odocoileini-adult-male-{type}"},
				"requiresNearbyEntityRange": 10,
				"spawnQuantityMin": 1,
				"spawnQuantityMaxByType": {
					"*-hippocamelusbisulcus": 1,
					"*-odocoileushemionus": 3,
					"*-odocoileusvirginianus": 3,
					"*": 2
				},
				"pregnancyDaysByType": {
					"*-blastocerusdichotomus": 54,
					"*-hippocamelusantisensis": 48,
					"*-hippocamelusbisulcus": 48,
					"*-mazama*": 42,
					"*-odocoileushemionus": 40,
					"*-odocoileuspandora": 39,
					"*-odocoileusvirginianus": 40,
					"*-pudellamephistophiles": 42,
					"*-pudupuda": 42,
					"*-rangifertarandus": 42,
					"*": 60
				},
				"multiplyCooldownDaysMinByType": {
					"*-ozotocerosbezoarticus": 1,
					"*": 4
				},
				"multiplyCooldownDaysMaxByType": {
					"*-ozotocerosbezoarticus": 2,
					"*": 11
				},
				"portionsEatenForMultiplyByType": {
					"*-blastocerusdichotomus": 8,
					"*-hippocamelusantisensis": 7,
					"*-hippocamelusbisulcus": 9,
					"*-mazama*": 5,
					"*-odocoileushemionus": 9,
					"*-odocoileuspandora": 5,
					"*-odocoileusvirginianus": 8,
					"*-ozotocerosbezoarticus": 6,
					"*-pudellamephistophiles": 4,
					"*-pudupuda": 4,
					"*-rangifertarandus": 11,
					"*": 6
				}
			},
			{"code": "grow",
					"enabledByType": {
					"*-baby-*": true,
					"*": false
				},
				"hoursToGrowByType": {
					"*-blastocerusdichotomus": 175,
					"*-hippocamelusantisensis": 88,
					"*-hippocamelusbisulcus": 88,
					"*-odocoileushemionus": 262,
					"*-odocoileuspandora": 222,
					"*-odocoileusvirginianus": 262,
					"*-ozotocerosbezoarticus": 175,
					"*-pudellamephistophiles": 88,
					"*-pudupuda": 88,
					"*-rangifertarandus": 700,
					"*": 175
				},
				"adultEntityCodes": [ "capreolinae:cervidae-odocoileini-adult-female-{type}", "capreolinae:cervidae-odocoileini-adult-female-{type}" ]
			},
			{"code": "emotionstates",
				"states": [
					{"code": "fleeondamage","duration": 60,"chance": 1,"slot": 2,"priority": 5,"accumType": "max","whenHealthRelBelow": 0.4},
					{"code": "aggressiveondamage","duration": 300,"chanceByType": {"*-adult-*": 0.35,"*-baby-*": 0.0},"slot": 2,"priority": 2,"accumType": "noaccum"},
					{"code": "fleeondamage","duration": 60,"slot": 2,"chanceByType": {"*-adult-*": 0.35,"*-baby-*": 1.0},"priority": 1,"accumType": "max"},
					{"code": "alarmherdondamage","chance": 1,"slot": 1,"priority": 1,"accumType": "max"},
					{"code": "saturated","duration": 1200,"chance": 1,"slot": 0,"priority": 1,"accumType": "sum"},
					{ "code": "aggressivearoundentities", "duration": 60, "chanceByType": {"*-baby-*": 0.0,"*-adult-*": 0.25}, "slot": 2, "priority": 5, "entityCodes": ["capreolinae:cervidae-odocoileini-baby-*"], "maxGeneration": 1 }
				]
			},
			{
				"code": "taskai",
				"aitasks": [
					{
						"code": "meleeattack",
						"animationByType": {"*-female-*": "Maim", "*-male-*": "Attack"},
						"enabledByType": {
							"*-baby-*": false,
							"*": true
						},
						"entityCodesByType": {
							"*-adult-male-mazama*": [ "fox-male","fox-female", "hyena-male","hyena-female","wolf-male", "wolf-female","caninae-*","cervidae-odocoileini-adult-male-mazama*","machairodontinae-*","pantherinae-*"],
							"*-ozotocerosbezoarticus": ["bear-*","fox-male","fox-female", "hyena-male","hyena-female","wolf-male", "wolf-female","caninae-*","machairodontinae-*","pantherinae-*"],
							"*": [ "player", "bear-*","fox-male","fox-female", "hyena-male","hyena-female","wolf-male", "wolf-female","caninae-*","machairodontinae-*","pantherinae-*" ]
						},
						"knockbackStrengthByType": {"*":0.05},
						"priority": 2,
						"slot": 1,
						"damageByType": {
							"*-adult-female-blastocerusdichotomus": 6,
							"*-adult-male-blastocerusdichotomus": 7,
							"*-adult-female-hippocamelusantisensis": 5,
							"*-adult-male-hippocamelusantisensis": 6,
							"*-adult-female-hippocamelusbisulcus": 6,
							"*-adult-male-hippocamelusbisulcus": 7,
							"*-adult-*-mazamaamericana": 5,
							"*-adult-female-odocoileushemionus": 6,
							"*-adult-male-odocoileushemionus": 7,
							"*-adult-female-odocoileusvirginianus": 6,
							"*-adult-male-odocoileusvirginianus": 8,
							"*-adult-male-ozotocerosbezoarticus": 5,
							"*-adult-male-pudellamephistophiles": 3,
							"*-adult-female-rangifertarandus": 8,
							"*-adult-male-rangifertarandus": 9,
							"*":4},
						"damageTierByType": {
							"*-odocoileusvirginianus": 2,
							"*-rangifertarandus": 2,
							"*":1},
						"mincooldown": 1500,
						"maxcooldown": 2500,
						"minDistByType": {"*":0.5},
						"minVerDistByType": {"*":1},
						"attackDurationMs": 1250,
						"damagePlayerAtMs": 600,
						"animationSpeed": 2,
						"soundByType": {
							"*-rangifer-*": "capreolinae:creature/rangifer/grunt",
							"*":"game:creature/sheep/idle"},
						"whenNotInEmotionState": "fleeondamage"
					},
					{
						"code": "fleeentity",
						"animationByType": {"*-baby-*": "Run","*-odocoileus*": "Stot","*-rangifertarandus": "Gallop","*": "Run"},
						"entityCodesByType": {
							"*-ozotocerosbezoarticus": ["player", "bear-*", "hyena-male", "hyena-female","wolf-male", "wolf-female", "caninae-canina-adult-*","caninae-cerdocyonina-adult-*","machairodontinae-adult-*","pantherinae-neofelis-adult-*","pantherinae-panthera-adult-*"],
							"*": ["player", "bear-*", "hyena-male", "hyena-female","wolf-male", "wolf-female", "caninae-canina-adult-*","caninae-cerdocyonina-adult-*","machairodontinae-adult-*","pantherinae-neofelis-adult-*","pantherinae-panthera-adult-*"]
						},
						"priority": 1.51,
						"movespeedByType": {
							"*-mazamaamericana": 0.04,
							"*-mazamachunyi": 0.02,
							"*-mazamagouazoubira": 0.032,
							"*-mazamanana": 0.026,
							"*-mazamanemorivaga": 0.026,
							"*-mazamarufina": 0.026,
							"*-mazamatemama": 0.04,
							"*-mazamatienhoveni": 0.026,
							"*-odocoileushemionus": 0.078,
							"*-odocoileuspandora": 0.04,
							"*-odocoileusvirginianus": 0.08,
							"*-ozotocerosbezoarticus": 0.05,
							"*-pudellamephistophiles": 0.02,
							"*-pudupuda": 0.026,
							"*": 0.065},
						"seekingRangeByType": {
							"*-mazama*": 8,
							"*-pudellamephistophiles": 8,
							"*-pudupuda": 8,
							"*": 14},
						"animationSpeedByType": {
							"*-adult-*":2,
							"*-baby-*":4
					},
						"soundByType": {
							"*-rangifertarandus": "capreolinae:creature/rangifer/grunt",
							"*":"game:creature/sheep/idle"}
					},
					{
						"code": "fleeentity",
						"animation": "Walk",
						"entityCodesByType": {
							"*": ["bell-*","drifter-*", "rhinocerotidae-adult-*"]
						},
						"priority": 1.45,
						"movespeedByType": {
							"*-adult-*-hippocamelusantisensis": 0.002,
							"*-adult-female-mazamaamericana": 0.002,
							"*-adult-male-mazamaamericana": 0.0022,
							"*-baby-*-mazamaamericana": 0.003,
							"*-adult-female-mazamachunyi": 0.001,
							"*-adult-male-mazamachunyi": 0.0011,
							"*-baby-*-mazamachunyi": 0.0015,
							"*-adult-female-mazamagouazoubira": 0.0016,
							"*-adult-male-mazamagouazoubira": 0.0017,
							"*-baby-*-mazamagouazoubira": 0.0024,
							"*-adult-*-mazamanana": 0.0013,
							"*-baby-*-mazamanana": 0.002,
							"*-adult-*-mazamanemorivaga": 0.0013,
							"*-baby-*-mazamanemorivaga": 0.002,
							"*-adult-*-mazamarufina": 0.0013,
							"*-baby-*-mazamarufina": 0.002,
							"*-adult-*-mazamatemama": 0.002,
							"*-baby-*-mazamatemama": 0.003,
							"*-adult-*-mazamatienhoveni": 0.0013,
							"*-baby-*-mazamatienhoveni": 0.002,
							"*-adult-female-odocoileuspandora": 0.0027,
							"*-adult-male-odocoileuspandora": 0.0028,
							"*-baby-*-odocoileuspandora": 0.002,
							"*-adult-female-ozotocerosbezoarticus": 0.0036,
							"*-adult-male-ozotocerosbezoarticus": 0.004,
							"*-baby-*-ozotocerosbezoarticus": 0.002,
							"*-adult-female-pudellamephistophiles": 0.006,
							"*-adult-male-pudellamephistophiles": 0.0066,
							"*-baby-*-pudellamephistophiles": 0.006,
							"*-adult-*-pudupuda": 0.0078,
							"*-baby-*-pudupuda": 0.008,
							"*-baby-*-rangifertarandus": 0.004,
							"*-adult-*": 0.006,
							"*-baby-*": 0.004
						},
						"animationSpeedByType": {
							"*baby-*-pudellamephistophiles":3,
							"*baby-*-pudupuda":3,
							"*-baby-*":1,
							"*-hippocamelusantisensis": 0.44,
							"*-mazama*": 0.60,
							"*-pudellamephistophiles":1.8,
							"*-pudupuda":1.8,
							"*":0.8
					},
						"seekingRange": 12,
						"whenNotInEmotionState": "aggressiveondamage|fleeondamage"
					},
					{
						"code": "seekentity",
						"entityCodesByType": {
							"*-adult-male-mazama*": [ "cervidae-odocoileini-male-mazama*" ],
							"*-adult-*": ["fox-adult-*","caninae-cerdocyonina-adult-*","caninae-urocyonini-adult-*","caninae-vulpini-adult-*"]
						},
						"priority": 1.6,
						"mincooldown": 600,
						"maxcooldown": 650,
						"seekingRange": 5,
						"movespeedByType": {
							"*-mazamaamericana": 0.02,
							"*-mazamachunyi": 0.01,
							"*-mazamagouazoubira": 0.016,
							"*-mazamanana": 0.013,
							"*-mazamanemorivaga": 0.013,
							"*-mazamarufina": 0.013,
							"*-mazamatemama": 0.02,
							"*-mazamatienhoveni": 0.013,
							"*-odocoileushemionus": 0.034,
							"*-odocoileuspandora": 0.02,
							"*-odocoileusvirginianus": 0.036,
							"*-pudellamephistophiles": 0.01,
							"*-pudupuda": 0.013,
							"*-odocoileini-*": 0.024},
						"animation": "Charge",
						"animationSpeedByType": {"*-adult-female-*":2.2,"*":2},
						"soundByType": {
							"*-rangifertarandus": "capreolinae:creature/rangifer/grunt",
							"*":"game:creature/sheep/idle"},
						"whenNotInEmotionState": "fleeondamage"
					},
					{
						"code": "seekentity",
						"entityCodesByType": {
							"*": [ "player","bear-*","fox-*","hyena-*", "wolf-*", "caninae-*", "machairodontinae-*","pantherinae-*" ]
						},
						"priority": 1.5,
						"priorityForCancel": 1.51,
						"mincooldown": 600,
						"maxcooldown": 650,
						"seekingRange": 20,
						"movespeed": 0.0001,
						"animation": "Threat",
						"animationSpeedByType": {"*":1},
						"soundByType": {
							"*-rangifertarandus": "capreolinae:creature/rangifer/grunt",
							"*-adult-*":"game:creature/sheep/idle"},
						"whenNotInEmotionState": "aggressiveondamage|aggressivearoundentities|fleeondamage"
					},
					{
						"code": "seekentity",
						"animation": "Charge",
						"enabledByType": {
							"*-baby-*": false,
							"*": true
						},
						"entityCodesByType": {
							"*": [ "player", "bear-*","hyena-male","hyena-female", "wolf-male", "wolf-female","caninae-canina-adult-*", "caninae-cerdocyonina-adult-*","caninae-urocyonini-adult-*","caninae-vulpini-adult-*", "machairodontinae-adult-*","pantherinae-neofelis-adult-*","pantherinae-panthera-adult-*"]
						},
						"priority": 1.6,
						"mincooldown": 6000,
						"maxcooldown": 6500,
						"seekingRange": 18,
						"movespeedByType": {
							"*-mazamaamericana": 0.02,
							"*-mazamachunyi": 0.01,
							"*-mazamagouazoubira": 0.016,
							"*-mazamanana": 0.016,
							"*-mazamanemorivaga": 0.016,
							"*-mazamarufina": 0.016,
							"*-mazamatemama": 0.02,
							"*-mazamatienhoveni": 0.016,
							"*-odocoileuspandora": 0.02,
							"*-pudellamephistophiles": 0.01,
							"*-pudupuda": 0.016,
							"*": 0.044},
						"animationSpeedByType": {"*-adult-female-*":2.2,"*":2},
						"soundByType": {
							"*-rangifertarandus": "capreolinae:creature/rangifer/grunt",
							"*":"game:creature/sheep/idle"},
						"whenInEmotionState": "aggressiveondamage|aggressivearoundentities"
					},
					{
						"code": "fleeentity",
						"animationByType": {"*-baby-*": "Run","*-odocoileus*": "Gallop","*-rangifertarandus": "Gallop","*": "Run"},
						"entityCodesByType": {
							"*-adult-male-*": [ "player", "bear-*","fox-adult-*","hyena-male", "hyena-female","wolf-male", "wolf-female","caninae-canina-adult-*","caninae-cerdocyonina-adult-*","caninae-urocyonini-adult-*","caninae-vulpini-adult-*","cervidae-odocoileini-adult-male-*", "machairodontinae-adult-*","pantherinae-neofelis-adult-*","pantherinae-panthera-adult-*"],						
							"*": [ "player", "bear-*","fox-adult-*","hyena-male", "hyena-female","wolf-male", "wolf-female","caninae-canina-adult-*","caninae-cerdocyonina-adult-*","caninae-urocyonini-adult-*","caninae-vulpini-adult-*", "machairodontinae-adult-*","pantherinae-neofelis-adult-*","pantherinae-panthera-adult-*"]
						},
						"priority": 1.71,
						"movespeedByType": {
							"*-mazamaamericana": 0.04,
							"*-mazamachunyi": 0.02,
							"*-mazamagouazoubira": 0.032,
							"*-mazamanana": 0.026,
							"*-mazamanemorivaga": 0.026,
							"*-mazamarufina": 0.026,
							"*-mazamatemama": 0.04,
							"*-mazamatienhoveni": 0.026,
							"*-odocoileushemionus": 0.078,
							"*-odocoileuspandora": 0.04,
							"*-odocoileusvirginianus": 0.08,
							"*-ozotocerosbezoarticus": 0.05,
							"*-pudellamephistophiles": 0.02,
							"*-pudupuda": 0.026,
							"*": 0.065},
						"seekingRange": 30,
						"animationSpeedByType": {"*-adult-*":2,"*-baby-*":4},
						"soundByType": {
							"*-rangifertarandus": "capreolinae:creature/rangifer/grunt",
							"*":"game:creature/sheep/idle"},
						"whenInEmotionState": "fleeondamage"
					},
					{
						"code": "getoutofwater",
						"animation": "Swim",
						"priority": 1.4,
						"movespeedByType": {
							"*-blastocerusdichotomus":0.05,
							"*-mazama*": 0.02,
							"*-pudellamephistophiles": 0.02,
							"*-pudupuda": 0.02,
							"*": 0.045},
						"animationSpeedByType": {
							"*-baby-*":2,
							"*":1
					}
					},
					{
						"code": "stayclosetoentity",
						"animationByType": {"*-adult-*": "Walk","*-rangifertarandus": "Gallop","*": "Run"},
						"enabledByType": {"*-adult-male-*": false,"*": true},
						"priority": 1.4,
						"entityCodeByType": {"*-adult-female-*":"cervidae-odocoileini-adult-male-{type}","*-baby-*":"cervidae-odocoileini-adult-female-{type}"},
						"movespeedByType": {
							"*-adult-female-hippocamelusantisensis": 0.002,
							"*-adult-female-mazamaamericana": 0.002,
							"*-baby-*-mazamaamericana": 0.02,
							"*-adult-female-mazamachunyi": 0.001,
							"*-baby-*-mazamachunyi": 0.01,
							"*-adult-female-mazamagouazoubira": 0.0016,
							"*-baby-*-mazamagouazoubira": 0.016,
							"*-adult-female-mazamanana": 0.0013,
							"*-baby-*-mazamanana": 0.013,
							"*-adult-female-mazamanemorivaga": 0.0013,
							"*-baby-*-mazamanemorivaga": 0.013,
							"*-adult-female-mazamarufina": 0.0013,
							"*-baby-*-mazamarufina": 0.013,
							"*-adult-female-mazamatemama": 0.002,
							"*-baby-*-mazamatemama": 0.02,
							"*-adult-female-mazamatienhoveni": 0.0013,
							"*-baby-*-mazamatienhoveni": 0.013,
							"*-adult-female-odocoileushemionus": 0.0034,
							"*-adult-female-odocoileuspandora": 0.0027,
							"*-baby-*-odocoileuspandora": 0.02,
							"*-adult-female-ozotocerosbezoarticus": 0.0036,
							"*-baby-*-ozotocerosbezoarticus": 0.02,
							"*-adult-female-pudellamephistophiles": 0.003,
							"*-baby-*-pudellamephistophiles": 0.01,
							"*-adult-female-pudupuda": 0.0039,
							"*-baby-*-pudupuda": 0.013,
							"*-baby-*-rangifertarandus": 0.045,
							"*-baby-*": 0.04,
							"*-adult-*": 0.006
							},
						"maxDistanceByType": {"*-adult-female*": 12,"*-baby-*": 6},
						"searchRange": 25,
						"animationSpeedByType": {
							"*-adult-female-hippocamelusantisensis": 0.44,
							"*-adult-female-mazama*": 0.60,
							"*-adult-female-pudellamephistophiles":3.0,
							"*-adult-female-pudupuda":3.0,
							"*-adult-female-adult-*": 0.8,
							"*":2
					},
						"soundByType": {
							"*-baby-*-rangifertarandus": "capreolinae:creature/rangifer/bleat",
							"*-baby-*":"game:creature/sheep/idle"}
					},
					{
						"code": "idle",
						"animation": "Sleep",
						"priority": 1.3,
						"priorityForCancel": 1.35,
						"minduration": 200000,
						"maxduration": 800000,
						"mincooldown": 10000,
						"maxcooldown": 30000,
						"animationSpeed": 0.3,
						"whenNotInEmotionState": "aggressiveondamage|aggressivearoundentities|fleeondamage",
						"duringDayTimeFramesByType": {
							"*-blastocerusdichotomus":[{"fromHour": 1,"toHour": 3},{"fromHour": 8,"toHour": 10},{"fromHour": 12,"toHour": 14},{"fromHour": 19,"toHour": 22}],
							"*-mazama*":[{"fromHour": 0,"toHour": 2},{"fromHour": 9,"toHour": 11},{"fromHour": 13,"toHour": 16},{"fromHour": 20,"toHour": 23}],
							"*-ozotocerosbezoarticus":[{"fromHour": 19,"toHour": 24},{"fromHour": 2,"toHour": 6}],
							"*-rangifertarandus": [{"fromHour": 20,"toHour": 24},{"fromHour": 9,"toHour": 13}],
							"*":[{"fromHour": 10,"toHour": 18},{"fromHour": 0,"toHour": 5}]},
						"stopOnNearbyEntityCodes": [ "player" ],
						"stopRange": 8,
						"stopOnHurt": true
					},
					{
						"code": "seekfoodandeat",
						"animation": "Walk",
						"eatAnimation": "Eat",
						"movespeedByType": {
							"*-adult-*-hippocamelusantisensis": 0.002,
							"*-adult-female-mazamaamericana": 0.002,
							"*-adult-male-mazamaamericana": 0.0022,
							"*-baby-*-mazamaamericana": 0.003,
							"*-adult-female-mazamachunyi": 0.001,
							"*-adult-male-mazamachunyi": 0.0011,
							"*-baby-*-mazamachunyi": 0.0015,
							"*-adult-female-mazamagouazoubira": 0.0016,
							"*-adult-male-mazamagouazoubira": 0.0017,
							"*-baby-*-mazamagouazoubira": 0.0024,
							"*-adult-*-mazamanana": 0.0013,
							"*-baby-*-mazamanana": 0.002,
							"*-adult-*-mazamanemorivaga": 0.0013,
							"*-baby-*-mazamanemorivaga": 0.002,
							"*-adult-*-mazamarufina": 0.0013,
							"*-baby-*-mazamarufina": 0.002,
							"*-adult-*-mazamatemama": 0.002,
							"*-baby-*-mazamatemama": 0.003,
							"*-adult-*-mazamatienhoveni": 0.0013,
							"*-baby-*-mazamatienhoveni": 0.002,
							"*-adult-female-odocoileuspandora": 0.0027,
							"*-adult-male-odocoileuspandora": 0.0028,
							"*-baby-*-odocoileuspandora": 0.002,
							"*-adult-female-ozotocerosbezoarticus": 0.0036,
							"*-adult-male-ozotocerosbezoarticus": 0.004,
							"*-baby-*-ozotocerosbezoarticus": 0.002,
							"*-adult-female-pudellamephistophiles": 0.006,
							"*-adult-male-pudellamephistophiles": 0.0066,
							"*-baby-*-pudellamephistophiles": 0.006,
							"*-adult-*-pudupuda": 0.0078,
							"*-baby-*-pudupuda": 0.008,
							"*-baby-*-rangifertarandus": 0.004,
							"*-adult-*": 0.006,
							"*-baby-*": 0.004
						},
						"priority": 1.25,
						"eatSoundByType": {
							"*-rangifer-*": "capreolinae:creature/rangifer/grunt",
							"*":"game:creature/animal-eat-small"},
						"eatTime": 1.5,
						"eatLooseItems": true,
						"animationSpeedByType": {
							"*baby-*-pudellamephistophiles":3,
							"*baby-*-pudupuda":3,
							"*-baby-*":1,
							"*-hippocamelusantisensis": 0.44,
							"*-mazama*": 0.60,
							"*-pudellamephistophiles":1.8,
							"*-pudupuda":1.8,
							"*":0.8
					},
						"whenNotInEmotionState": "aggressiveondamage|aggressivearoundentities|fleeondamage",
						"mincooldownHours": 1,
						"maxcooldownHours": 4
					},
					{
						"code": "idle",
						"animation": "Eat",
						"onBlockBelowCodes": "game:crop-*|game:fern-*|game:flower-*|game:leaves-*|game:sapling-*|game:snowblock|game:snowlayer-*|game:tallgrass-*",
						"priority": 1.2,
						"priorityForCancel": 1.35,
						"minduration": 2667,
						"maxduration": 2667,
						"mincooldown": 6000,
						"maxcooldown": 20000,
						"animationSpeed": 1.5,
						"whenNotInEmotionState": "aggressiveondamage|aggressivearoundentities|fleeondamage"
					},
					{
						"code": "idle",
						"animation": "Roar",
						"enabledByType": {
							"*-baby-*": false,
							"*": true
						},
						"priority": 1.0,
						"priorityForCancel": 1.35,
						"minduration": 4667,
						"maxduration": 4667,
						"chanceByType": {"*" :0.1},
						"mincooldown": 8000,
						"maxcooldown": 50000,
						"animationSpeed": 1.0,
						"whenNotInEmotionState": "aggressiveondamage|aggressivearoundentities|fleeondamage",
						"soundByType": {
							"*-rangifer-*": "capreolinae:creature/rangifer/call",
							"*-odocoileini-*": "game:creature/sheep/idle"
						},
						"soundRangeByType": {
							"*-odocoileini-*": 80
						}
					},
					{
						"code": "wander",
						"animation": "Walk",
						"priority": 1.0,
						"priorityForCancel": 1.35,
						"movespeedByType": {
							"*-adult-*-hippocamelusantisensis": 0.002,
							"*-adult-female-mazamaamericana": 0.002,
							"*-adult-male-mazamaamericana": 0.0022,
							"*-baby-*-mazamaamericana": 0.003,
							"*-adult-female-mazamachunyi": 0.001,
							"*-adult-male-mazamachunyi": 0.0011,
							"*-baby-*-mazamachunyi": 0.0015,
							"*-adult-female-mazamagouazoubira": 0.0016,
							"*-adult-male-mazamagouazoubira": 0.0017,
							"*-baby-*-mazamagouazoubira": 0.0024,
							"*-adult-*-mazamanana": 0.0013,
							"*-baby-*-mazamanana": 0.002,
							"*-adult-*-mazamanemorivaga": 0.0013,
							"*-baby-*-mazamanemorivaga": 0.002,
							"*-adult-*-mazamarufina": 0.0013,
							"*-baby-*-mazamarufina": 0.002,
							"*-adult-*-mazamatemama": 0.002,
							"*-baby-*-mazamatemama": 0.003,
							"*-adult-*-mazamatienhoveni": 0.0013,
							"*-baby-*-mazamatienhoveni": 0.002,
							"*-adult-female-odocoileuspandora": 0.0027,
							"*-adult-male-odocoileuspandora": 0.0028,
							"*-baby-*-odocoileuspandora": 0.002,
							"*-adult-female-ozotocerosbezoarticus": 0.0036,
							"*-adult-male-ozotocerosbezoarticus": 0.004,
							"*-baby-*-ozotocerosbezoarticus": 0.002,
							"*-adult-female-pudellamephistophiles": 0.006,
							"*-adult-male-pudellamephistophiles": 0.0066,
							"*-baby-*-pudellamephistophiles": 0.006,
							"*-adult-*-pudupuda": 0.0078,
							"*-baby-*-pudupuda": 0.008,
							"*-baby-*-rangifertarandus": 0.004,
							"*-adult-*": 0.006,
							"*-baby-*": 0.004
						},
						"chanceByType": {"*-adult-*" :0.1, "*-baby-*" : 0.75},
						"animationSpeedByType": {
							"*baby-*-pudellamephistophiles":3,
							"*baby-*-pudupuda":3,
							"*-baby-*":1,
							"*-hippocamelusantisensis": 0.44,
							"*-mazama*": 0.60,
							"*-pudellamephistophiles":1.8,
							"*-pudupuda":1.8,
							"*-adult-female-*":0.72,
							"*":0.8
					},
						"preferredLightLevel": 12,
						"whenNotInEmotionState": "aggressiveondamage|aggressivearoundentities|fleeondamage"
					},
					{
						"code": "idle",
						"animation": "Idle",
						"priority": 0.9,
						"minduration": 6000,
						"maxduration": 45000,
						"mincooldown": 6000,
						"maxcooldown": 120000,
						"priorityForCancel": 1.28,
						"stopOnNearbyEntityCodes": [ "player", "wolf-male", "wolf-female", "hyena-male", "hyena-female", "bear-*" ],
						"stopRange": 10,
						"stopOnHurt": true,
						"whenNotInEmotionState": "aggressiveondamage|aggressivearoundentities|fleeondamage",
						"soundByType": {
							"*-rangifertarandus": "capreolinae:creature/rangifer/grunt",
							"*":"game:creature/sheep/idle"}
					},
					{
						"code": "idle",
						"animation": "Sit",
						"priority": 0.9,
						"minduration": 6000,
						"maxduration": 45000,
						"mincooldown": 6000,
						"maxcooldown": 120000,
						"priorityForCancel": 1.28,
						"stopOnNearbyEntityCodes": [ "player", "wolf-male", "wolf-female", "hyena-male", "hyena-female", "bear-*" ],
						"stopRange": 10,
						"stopOnHurt": true,
						"whenNotInEmotionState": "aggressiveondamage|aggressivearoundentities|fleeondamage"
					},
					{
						"code": "lookaround",
						"priority": 0.5
					}
				]
			},
			{"code": "ropetieable","minGeneration": 2},
			{"code": "pettable","minGeneration": 1}
		],
		"spawnconditions": {
			"runtime": {
				"group": "neutral",
				"tryOnlySurface": true,
				"chanceByType": {
					"*-adult-female-blastocerusdichotomus": 0.0001,"*-adult-male-blastocerusdichotomus": 0.0001,
					"*-adult-female-hippocamelusantisensis": 0.0001,"*-adult-male-hippocamelusantisensis": 0.0001,
					"*-adult-female-hippocamelusbisulcus": 0.005,"*-adult-male-hippocamelusbisulcus": 0.0001,
					"*-adult-female-mazamaamericana": 0.0001,"*-adult-male-mazamaamericana": 0.0001,
					"*-adult-female-mazamachunyi": 0.0001,"*-adult-male-mazamachunyi": 0.0001,
					"*-adult-female-mazamagouazoubira": 0.0001,"*-adult-male-mazamagouazoubira": 0.0001,
					"*-adult-female-mazamanana": 0.0001,	"*-adult-male-mazamanana": 0.0001,
					"*-adult-female-mazamanemorivaga": 0.0001,"*-adult-male-mazamanemorivaga": 0.0001,
					"*-adult-female-mazamarufina": 0.0001,"*-adult-male-mazamarufina": 0.0001,
					"*-adult-female-mazamatemama": 0.0001,	"*-adult-male-mazamatemama": 0.0001,
					"*-adult-female-mazamatienhoveni": 0.0001,	"*-adult-male-mazamatienhoveni": 0.0001,
					"*-adult-female-odocoileushemionus": 0.0001,	"*-adult-male-odocoileushemionus": 0.0001,
					"*-adult-female-odocoileuspandora": 0.0001,	"*-adult-male-odocoileuspandora": 0.0001,
					"*-adult-female-odocoileusvirginianus": 0.0001,	"*-adult-male-odocoileusvirginianus": 0.0001,
					"*-adult-female-ozotocerosbezoarticus": 0.0001,	"*-adult-male-ozotocerosbezoarticus": 0.0001,
					"*-adult-female-pudellamephistophiles": 0.0001,"*-adult-male-pudellamephistophiles": 0.0001,
					"*-adult-female-pudupuda": 0.0001,	"*-adult-male-pudupuda": 0.0001,
					"*-adult-female-rangifertarandus": 0.0001,	"*-adult-male-rangifertarandus": 0.0001,
					"*": 0
				},
				"mindistancetoplayer": 100,
				"maxLightLevel": 7,
				"lightLevelType": "onlyBlockLight",
				"spawnCapPlayerScaling": 0.0,	
				"groupSizeByType": {
					"*-adult-female-blastocerusdichotomus": { "dist": "verynarrowgaussian", "avg": 2.1, "var": 0.6 },
					"*-adult-male-blastocerusdichotomus": { "dist": "verynarrowgaussian", "avg": 3.5, "var": 2.5 },
					"*-adult-female-hippocamelusantisensis": { "dist": "verynarrowgaussian", "avg": 5.1, "var": 4.1 },
					"*-adult-female-hippocamelusbisulcus": { "dist": "verynarrowgaussian", "avg": 5.5, "var": 4.5 },
					"*-adult-female-mazama*": { "dist": "verynarrowgaussian", "avg": 1.5, "var": 0.5 },
					"*-adult-male-mazama*": { "dist": "verynarrowgaussian", "avg": 1.5, "var": 0.3 },
					"*-adult-*-odocoileushemionus": { "dist": "verynarrowgaussian", "avg": 4.0, "var": 3.0 },
					"*-adult-female-odocoileusvirginianus": { "dist": "verynarrowgaussian", "avg": 25.0, "var": 5.0 },
					"*-adult-male-odocoileusvirginianus": { "dist": "verynarrowgaussian", "avg": 4.0, "var": 1.0 },
					"*-adult-*-ozotocerosbezoarticus": { "dist": "verynarrowgaussian", "avg": 4.0, "var": 2 },
					"*-adult-female-pudellamephistophiles": { "dist": "verynarrowgaussian", "avg": 1.5, "var": 0.5 },
					"*-adult-*-pudupuda": { "dist": "verynarrowgaussian", "avg": 4.0, "var": 1 },
					"*-adult-female-rangifertarandus": { "dist": "verynarrowgaussian", "avg": 20.0, "var": 10 },
					"*-adult-male-rangifertarandus": { "dist": "verynarrowgaussian", "avg": 16.0, "var": 15 },
					"*-adult-female-*": { "dist": "verynarrowgaussian", "avg": 2.1, "var": 0.6 },
					"*-adult-male-*": { "dist": "uniform", "avg": 1.0, "var": 0.0 }
				},
				"insideBlockCodes": [ "game:air", "game:gravel-*",  "game:sand-*","game:snowlayer-1","game:soil-*","game:tallgrass-*"],
				"companionsByType": {
				"*-adult-male-blastocerusdichotomus":["capreolinae:cervidae-odocoileini-adult-female-{type}","capreolinae:cervidae-odocoileini-baby-female-{type}","capreolinae:cervidae-odocoileini-baby-male-{type}"],
				"*-adult-female-hippocamelus*":["capreolinae:cervidae-odocoileini-adult-female-{type}","capreolinae:cervidae-odocoileini-baby-female-{type}","capreolinae:cervidae-odocoileini-baby-male-{type}"],
				"*-adult-male-mazama*":["capreolinae:cervidae-odocoileini-adult-female-{type}"],
				"*-adult-*-odocoileushemionus":[ "capreolinae:cervidae-odocoileini-adult-female-{type}","capreolinae:cervidae-odocoileini-adult-male-{type}","capreolinae:cervidae-odocoileini-baby-female-{type}","capreolinae:cervidae-odocoileini-baby-male-{type}"],
				"*-adult-female-odocoileusvirginianus":[ "capreolinae:cervidae-odocoileini-adult-male-{type}","capreolinae:cervidae-odocoileini-baby-female-{type}","capreolinae:cervidae-odocoileini-baby-male-{type}"],
				"*-adult-*-ozotocerosbezoarticus":[ "capreolinae:cervidae-odocoileini-adult-female-{type}","capreolinae:cervidae-odocoileini-adult-male-{type}","capreolinae:cervidae-odocoileini-baby-female-{type}","capreolinae:cervidae-odocoileini-baby-male-{type}"],
				"*-adult-*-pudupuda":[ "capreolinae:cervidae-odocoileini-adult-female-{type}","capreolinae:cervidae-odocoileini-adult-male-{type}","capreolinae:cervidae-odocoileini-baby-female-{type}","capreolinae:cervidae-odocoileini-baby-male-{type}" ],
				"*-adult-*-rangifertarandus":[ "capreolinae:cervidae-odocoileini-adult-female-{type}","capreolinae:cervidae-odocoileini-adult-male-{type}","capreolinae:cervidae-odocoileini-baby-female-{type}","capreolinae:cervidae-odocoileini-baby-male-{type}" ],
				"*-adult-female-*":[ "capreolinae:cervidae-odocoileini-baby-female-{type}","capreolinae:cervidae-odocoileini-baby-male-{type}"]}
		}},
		"spawnconditionsByType": {
			"cervidae-odocoileini-adult-*-blastocerusdichotomus": {
				"climate": {
					"minTemp": 15,
					"maxTemp": 32,
					"minRain": 0.6,
					"maxRain": 1.0,
					"minForestOrShrubs": 0.0,
					"maxForest": 1.0,
					"maxShrubs": 1.0,
					"minY": 0.9,
					"maxY": 1.1					
				},
				"runtime": {
					"maxQuantityByGroup": { "code": "cervidae-odocoileini-*", "maxQuantity": 2 }
				}
			},
			"cervidae-odocoileini-adult-*-hippocamelusantisensis": {
				"climate": {
					"minTemp": 1,
					"maxTemp": 15,
					"minRain": 0.0,
					"maxRain": 0.6,
					"minForestOrShrubs": 0.0,
					"maxForest": 0.25,
					"maxShrubs": 1.0,
					"minY": 1.6,
					"maxY": 2.0					
				},
				"runtime": {
					"maxQuantityByGroup": { "code": "cervidae-odocoileini-*", "maxQuantity": 2 }
				}
			},
			"cervidae-odocoileini-adult-*-hippocamelusbisulcus": {
				"climate": {
					"minTemp": -9,
					"maxTemp": 5,
					"minRain": 0.0,
					"maxRain": 1.0,
					"minForestOrShrubs": 0.0,
					"maxForest": 1.0,
					"maxShrubs": 1.0,
					"minY": 1.3,
					"maxY": 2.0					
				},
				"runtime": {
					"maxQuantityByGroup": { "code": "cervidae-odocoileini-*", "maxQuantity": 2 }
				}
			},
			"cervidae-odocoileini-adult-*-mazamaamericana": {
				"climate": {
					"minTemp": 15,
					"maxTemp": 34,
					"minRain": 0.25,
					"maxRain": 1.0,
					"minForestOrShrubs": 0.5,
					"maxForest": 1.0,
					"maxShrubs": 1.0,
					"minY": 0.9,
					"maxY": 1.3					
				},
				"runtime": {
					"maxQuantityByGroup": { "code": "cervidae-odocoileini-*", "maxQuantity": 2 }
				}
			},
			"cervidae-odocoileini-adult-*-mazamachunyi": {
				"climate": {
					"minTemp": 6,
					"maxTemp": 30,
					"minRain": 0.5,
					"maxRain": 1.0,
					"minForestOrShrubs": 0.25,
					"maxForest": 1.0,
					"maxShrubs": 1.0,
					"minY": 1.2,
					"maxY": 1.8					
				},
				"runtime": {
					"maxQuantityByGroup": { "code": "cervidae-odocoileini-*", "maxQuantity": 2 }
				}
			},
			"cervidae-odocoileini-adult-*-mazamagouazoubira": {
				"climate": {
					"minTemp": 15,
					"maxTemp": 34,
					"minRain": 0.25,
					"maxRain": 0.9,
					"minForestOrShrubs": 0.25,
					"maxForest": 0.75,
					"maxShrubs": 0.75,
					"minY": 0.9,
					"maxY": 1.3					
				},
				"runtime": {
					"maxQuantityByGroup": { "code": "cervidae-odocoileini-*", "maxQuantity": 2 }
				}
			},
			"cervidae-odocoileini-adult-*-mazamanana": {
				"climate": {
					"minTemp": 15,
					"maxTemp": 25,
					"minRain": 0.65,
					"maxRain": 0.95,
					"minForestOrShrubs": 0.55,
					"maxForest": 1.0,
					"maxShrubs": 1.0,
					"minY": 0.9,
					"maxY": 1.3					
				},
				"runtime": {
					"maxQuantityByGroup": { "code": "cervidae-odocoileini-*", "maxQuantity": 2 }
				}
			},
			"cervidae-odocoileini-adult-*-mazamanemorivaga": {
				"climate": {
					"minTemp": 20,
					"maxTemp": 34,
					"minRain": 0.6,
					"maxRain": 1.0,
					"minForestOrShrubs": 0.0,
					"maxForest": 1.0,
					"maxShrubs": 1.0,
					"minY": 0.9,
					"maxY": 1.5					
				},
				"runtime": {
					"maxQuantityByGroup": { "code": "cervidae-odocoileini-*", "maxQuantity": 2 }
				}
			},
			"cervidae-odocoileini-adult-*-mazamarufina": {
				"climate": {
					"minTemp": 10,
					"maxTemp": 20,
					"minRain": 0.5,
					"maxRain": 1.0,
					"minForestOrShrubs": 0.5,
					"maxForest": 1.0,
					"maxShrubs": 1.0,
					"minY": 1.45,
					"maxY": 1.75					
				},
				"runtime": {
					"maxQuantityByGroup": { "code": "cervidae-odocoileini-*", "maxQuantity": 2 }
				}
			},
			"cervidae-odocoileini-adult-*-mazamatemama": {
				"climate": {
					"minTemp": 15,
					"maxTemp": 34,
					"minRain": 0.6,
					"maxRain": 1.0,
					"minForestOrShrubs": 0.65,
					"maxForest": 1.0,
					"maxShrubs": 1.0,
					"minY": 0.9,
					"maxY": 1.7					
				},
				"runtime": {
					"maxQuantityByGroup": { "code": "cervidae-odocoileini-*", "maxQuantity": 2 }
				}
			},
			"cervidae-odocoileini-adult-*-mazamatienhoveni": {
				"climate": {
					"minTemp": 28,
					"maxTemp": 34,
					"minRain": 0.8,
					"maxRain": 1.0,
					"minForestOrShrubs": 0.8,
					"maxForest": 1.0,
					"maxShrubs": 1.0,
					"minY": 0.9,
					"maxY": 1.3					
				},
				"runtime": {
					"maxQuantityByGroup": { "code": "cervidae-odocoileini-*", "maxQuantity": 2 }
				}
			},
			"cervidae-odocoileini-adult-*-odocoileushemionus": {
				"climate": {
					"minTemp": -8,
					"maxTemp": 24,
					"minRain": 0.05,
					"maxRain": 1.0,
					"minForestOrShrubs": 0.0,
					"maxForest": 1.0,
					"maxShrubs": 1.0,
					"minY": 0.9,
					"maxY": 1.8					
				},
				"runtime": {
					"maxQuantityByGroup": { "code": "cervidae-odocoileini-*", "maxQuantity": 2 }
				}
			},
			"cervidae-odocoileini-adult-*-odocoileuspandora": {
				"climate": {
					"minTemp": 28,
					"maxTemp": 34,
					"minRain": 0.65,
					"maxRain": 0.85,
					"minForestOrShrubs": 0.45,
					"maxForest": 1.0,
					"maxShrubs": 1.0,
					"minY": 0.9,
					"maxY": 1.1					
				},
				"runtime": {
					"maxQuantityByGroup": { "code": "cervidae-odocoileini-*", "maxQuantity": 2 }
				}
			},
			"cervidae-odocoileini-adult-*-odocoileusvirginianus": {
				"climate": {
					"minTemp": -8,
					"maxTemp": 34,
					"minRain": 0.05,
					"maxRain": 1.0,
					"minForestOrShrubs": 0.0,
					"maxForest": 1.0,
					"maxShrubs": 1.0,
					"minY": 0.9,
					"maxY": 1.8					
				},
				"runtime": {
					"maxQuantityByGroup": { "code": "cervidae-odocoileini-*", "maxQuantity": 2 }
				}
			},
			"cervidae-odocoileini-adult-*-ozotocerosbezoarticus": {
				"climate": {
					"minTemp": 10,
					"maxTemp": 34,
					"minRain": 0.1,
					"maxRain": 1.0,
					"minForestOrShrubs": 0.0,
					"maxForest": 0.65,
					"maxShrubs": 1.0,
					"minY": 0.9,
					"maxY": 1.4				
				},
				"runtime": {
					"maxQuantityByGroup": { "code": "cervidae-odocoileini-*", "maxQuantity": 2 }
				}
			},
			"cervidae-odocoileini-adult-*-pudellamephistophiles": {
				"climate": {
					"minTemp": 1,
					"maxTemp": 15,
					"minRain": 0.5,
					"maxRain": 1.0,
					"minForestOrShrubs": 0.5,
					"maxForest": 0.75,
					"maxShrubs": 1.0,
					"minY": 1.4,
					"maxY": 1.8				
				},
				"runtime": {
					"maxQuantityByGroup": { "code": "cervidae-odocoileini-*", "maxQuantity": 2 }
				}
			},
			"cervidae-odocoileini-adult-*-pudupuda": {
				"climate": {
					"minTemp": -5,
					"maxTemp": 10,
					"minRain": 0.2,
					"maxRain": 1.0,
					"minForestOrShrubs": 0.5,
					"maxForest": 1.0,
					"maxShrubs": 1.0,
					"minY": 0.9,
					"maxY": 1.5				
				},
				"runtime": {
					"maxQuantityByGroup": { "code": "cervidae-odocoileini-*", "maxQuantity": 2 }
				}
			},
			"cervidae-odocoileini-adult-*-rangifertarandus": {
				"climate": {
					"minTemp": -40,
					"maxTemp": -8,
					"minRain": 0,
					"maxRain": 0.8,
					"minForestOrShrubs": 0.0,
					"maxForest": 1.0,
					"maxShrubs": 1.0,
					"minY": 0.9,
					"maxY": 1.6				
				},
				"runtime": {
					"maxQuantityByGroup": { "code": "cervidae-odocoileini-*", "maxQuantity": 2 }
				}
			}
		}
	},
	"soundsByType": {
"*-rangifertarandus":{
		"hurt": "capreolinae:creature/rangifer/grunt",
		"death": "capreolinae:creature/rangifer/grunt",
		"idle": "capreolinae:creature/rangifer/call"
	},
"*":{
		"hurt": "game:creature/sheep/idle",
		"death": "game:creature/sheep/idle",
		"idle": "game:creature/sheep/idle"
	}},
	"idleSoundChance": 0.05
}