{
  "code": "venison",
  "maxstacksize": 64,
  "attributes": {
		"inContainerTextureByType": {
			"venison-raw": { "base": "game:block/wood/barrel/raw-redmeat" },
			"venison-cured": { "base": "game:block/wood/barrel/cured-redmeat" }
		},
    "inFirePitProps": {
      "transformbytype": {
        "*": {
          "scale": 0.8,
          "origin": {"x": 0.5,"y": 0.0625,"z": 0.5},
          "translation": {"x": 0,"y": 0.1875,"z": 0},
          "rotation": {"x": 0,"y": 53,"z": -90
          }
        }
      },
      "useFirepitModel": "Spit"
    },
    "nutritionPropsWhenInMeal": {"satiety": 315,"foodcategory": "Protein"},
		"displaycaseable": true,
		"shelvable": true,
    "bakingPropertiesByType": {
      "*-raw": {
        "temp": 150,
        "levelFrom": 0.0,
        "levelTo": 0.25,
        "startScaleY": 1.0,
        "endScaleY": 1.0,
        "resultCode": "faunaofthestoneage:venison-partbaked"
      },
      "*-partbaked": {
        "temp": 150,
        "levelFrom": 0.25,
        "levelTo": 0.5,
        "startScaleY": 1.0,
        "endScaleY": 1.0,
        "resultCode": "faunaofthestoneage:venison-cooked",
        "initialCode": "faunaofthestoneage:venison-raw"
      },
      "*-cooked": {
        "temp": 150,
        "levelFrom": 0.5,
        "levelTo": 0.75,
        "startScaleY": 1.0,
        "endScaleY": 1.0,
        "resultCode": "faunaofthestoneage:venison-charred",
        "initialCode": "faunaofthestoneage:venison-partbaked"
      },
      "*-charred": {
        "temp": 150,
        "levelFrom": 0.75,
        "levelTo": 1.0,
        "startScaleY": 1.0,
        "endScaleY": 0.9,
        "initialCode": "faunaofthestoneage:venison-cooked"
      }
    },
    "onDisplayTransformByType": {
      "*": {
        "translation": {"x": 0,"y": -0.2,"z": 0},
        "scale": 0.6
      }
    },
    "inPiePropertiesByType": {
      "*-raw": {
        "texture": "game:block/food/pie/fill-redmeat",
        "partType": "Filling"
      }
    }
  },
  "variantgroups": [{"code": "state","states": [ "raw", "partbaked", "cooked", "charred", "cured" ]}],
  "shape": { "base": "item/food/meat/venison" },
  "texturesbytype": {
		"venison-raw": { 
			"meat": {"base": "game:item/food/meat/raw" }
		},
		"venison-partbaked":  { 
			"meat": {"base": "game:item/food/meat/cooked" }
		},
		"venison-cooked":  { 
			"meat": {"base": "game:item/food/meat/cooked" }
		},
		"venison-cured":  { 
			"meat": {"base": "game:item/food/meat/cured" }
		},
		"venison-charred": {
			"meat":  { "base": "game:item/food/meat/vintage" }
		}
  },
  "creativeinventory": {
    "general": [ "*" ],
    "items": [ "*" ]
  },
  "nutritionPropsByType": {
    "*-partbaked": {
      "satiety": 190,
      "foodcategory": "Protein"
    },
    "*-cooked": {
      "satiety": 210,
      "foodcategory": "Protein"
    },
    "*-cured": {
      "satiety": 175,
      "foodcategory": "Protein"
    },
    "*-charred": {
      "satiety": 160,
      "foodcategory": "Protein"
    }
  },
  "materialDensity": 150,
  "guiTransform": {
    "translation": {"x": 2,"y": 0,"z": 0},
    "rotation": {"x": -22.5,"y": -44.6875,"z": -158},
    "origin": {"x": 0.5,"y": 0.03,"z": 0.5},
    "scale": 2.2
  },
  "fpHandTransform": {
    "translation": {"x": 0.1,"y": 0.2,"z": 0.2},
    "rotation": {"x": 44,"y": 99,"z": 20},
    "origin": {"x": 0.5,"y": 0.1,"z": 0.5},
    "scale": 1.67
  },
  "tpHandTransform": {
    "translation": {"x": -0.75,"y": -0.2,"z": -0.8},
    "rotation": {"x": -59,"y": -1,"z": -8},
    "origin": {"x": 0.5,"y": 0.1,"z": 0.5},
    "scale": 0.58
  },
  "groundTransform": {
    "translation": {"x": 0,"y": 0,"z": 0},
    "rotation": {"x": 0,"y": 0,"z": 0},
    "origin": {"x": 0.5,"y": 0.0,"z": 0.5},
    "scale": 1.9
  },
  "combustiblePropsByType": {
    "*-raw": {
      "meltingPoint": 150,
      "meltingDuration": 30,
      "smeltedRatio": 1,
      "smeltingType": "cook",
      "smeltedStack": {"type": "item","code": "venison-cooked"},
      "requiresContainer": false
    }
  },
  "transitionablePropsByType": {
    "*-partbaked": [
      {
        "type": "Perish",
        "freshHours": { "avg": 120 },
        "spoilHours": { "avg": 36 },
        "transitionedStack": {
          "type": "item",
          "code": "game:rot"
        },
        "transitionRatio": 1
      }
    ],
    "*-cooked": [
      {
        "type": "Perish",
        "freshHours": { "avg": 120 },
        "spoilHours": { "avg": 36 },
        "transitionedStack": {
          "type": "item",
          "code": "game:rot"
        },
        "transitionRatio": 1
      }
    ],
    "*-charred": [
      {
        "type": "Perish",
        "freshHours": { "avg": 240 },
        "spoilHours": { "avg": 72 },
        "transitionedStack": {
          "type": "item",
          "code": "game:rot"
        },
        "transitionRatio": 1
      }
    ],
    "*-cured": [
      {
        "type": "Perish",
        "freshHours": { "avg": 8760 },
        "spoilHours": { "avg": 4380 },
        "transitionedStack": {
          "type": "item",
          "code": "game:rot"
        },
        "transitionRatio": 1
      }
    ],
    "*-raw": [
      {
        "type": "Cure",
        "freshHours": { "avg": 0.1 },
        "spoilHours": { "avg": 0.1 },
        "transitionedStack": {
          "type": "item",
          "code": "game:redmeat-raw"
        },
        "transitionRatio": 1
      }
    ]
  }
}
