{
	"code": "pantherinae-panthera-carcass",
	"class": "EntityAgent",
	"collisionBoxSizeByType": {
		"*": {	"x": 1.1,"y": 0.95}
	},
	"deadCollisionBoxSizeByType": {
		"*": {"x": 1.1,"y": 0.5}
	},
	"selectionBoxSizeByType": {
		"*": {"x": 1.5,"y": 1.8}
	},
	"deadSelectionBoxSizeByType": {
		"*": {"x": 1.2,"y": 1.0}
	},
	"knockbackResistanceByType": {
		"*": 10.0
	},	
	"eyeHeight": 0.6,
	"weightByType": {
		"*": 20
	},	
	"drops": [],
	"attributes": {
		"handbook": {
			"groupcode": "creaturegroup-panthera"
		}
	},
	"client": {
		"renderer": "Shape",
		"shapeByType": {"*": { "base": "entity/carcass-medium" }},
		"sizeByType": {
			"*": 1.0
		},
		"behaviors": [
			{ "code": "repulseagents" },
			{
				"code": "controlledphysics",
				"stepHeight": 0
			},
			{ "code": "interpolateposition" },
			{
				"code": "despawn",
				"minPlayerDistance": 8,
				"belowLightLevel": 0,
				"minSeconds": 300
			},
			{
				"code": "floatupwhenstuck",
				"onlyWhenDead": true
			},
			{ "code": "harvestable" }

		],
		"animations": [
			{"code": "die","animation": "Die","animationSpeed": 2.00,"weight": 10,"blendMode": "Average","triggeredBy": { "onControls": [ "dead" ] }},
			{"code": "idle","animation": "Idle","blendMode": "AddAverage","easeOutSpeed": 4,"triggeredBy": { "defaultAnim": true }},
			{"code": "sleep","animation": "Sleep","easeInSpeed": 4,"easeOutSpeed": 4,"blendMode": "Average"}
		]
	},
	"server": {
		"attributes": {
		},
		"behaviors": [
			{ "code": "repulseagents" },
			{
				"code": "controlledphysics",
				"stepHeight": 0
			},
			{
				"code": "health",
				"maxhealthByType": {
					"*": 4
				}
			},
			{
				"code": "deaddecay",
				"hoursToDecay": 96,
				"decayedBlock": "carcass-medium"
			},
			{
				"code": "floatupwhenstuck",
				"onlyWhenDead": true
			},
			{
				"code": "harvestable",
				"drops": [
					{
						"type": "item",
						"code": "game:bushmeat-raw",
						"quantityByType": {
							"*": {"avg": 4,"var": 2}
						}
					}
				]
			},
			{
				"code": "emotionstates",
				"states": [
				]
			},
			{
				"code": "taskai",
				"aitasks": [
					{
						"code": "idle",
						"priority": 0.9,
						"minduration": 3000,
						"maxduration": 3000,
						"mincooldown": 0,
						"maxcooldown": 0,
						"stopOnNearbyEntityCodes": [ ],
						"stopRange": 15,
						"animation": "Idle",
						"animationSpeed": 2.0,
						"sound": "creature/pantherinae/carcass",
						"soundRange": 20
					},
					{
						"code": "idle",
						"priority": 1.3,
						"priorityForCancel": 1.35,
						"minduration": 200000,
						"maxduration": 800000,
						"mincooldown": 10000,
						"maxcooldown": 30000,
						"animation": "Sleep",
						"animationSpeed": 1.0,
						"duringDayTimeFramesByType": {
							"*":[{"fromHour": 20,"toHour": 24},{"fromHour": 0,"toHour": 6}]
						},
						"stopOnNearbyEntityCodes": [ "player" ],
						"stopRange": 3,
						"stopOnHurt": true
					}
				]
			}

		],
		"spawnconditions": {
			"runtime": {
				"group": "hostile",
				"tryOnlySurface": true,
				"maxQuantity": 1,
				"mindistancetoplayer": 100,
				"maxLightLevel": 7,
				"lightLevelType": "onlyBlockLight",		
				"spawnCapPlayerScaling": 0.0,
				"maxQuantityByGroup": {
					"code": "pantherinae-panthera-*",
					"maxQuantity": 1
				},
				"chanceByType": {
					"pantherinae-panthera-carcass": 0.00001
				},
				"groupSizeByType": {
					"*": { "dist": "uniform", "avg": 1.0, "var": 0.0 },
				},
				"insideBlockCodes": [ "game:air", "game:tallgrass-*", "game:snowlayer-1", "game:gravel-*" ],
				"minYByType": {
					"*": 0.95
				},
				"maxYByType": {
					"*": 2
				},
				"minTempByType": {
					"*": -40
				},
				"maxTempByType": {
					"*": 40
				},
				"minForestByType": {
					"*": 0.0
				},
				"maxForestByType": {
					"*": 1.0
				},
				"minPrecipitationByType": {
					"*": 0.0
				},
				"maxPrecipitationByType": {
					"*": 1.0
				},
				"companions": []
			}
		}
	}
}