{
	"editor": {
		"allAngles": true,
		"entityTextureMode": true
	},
	"textureWidth": 64,
	"textureHeight": 48,
	"textureSizes": {
		"skin": [64,48]
	},
	"textures": {
	},
	"elements": [
		{
			"name": "neck",
			"from": [ 12.01, 10.01, 6.43 ], 
			"to": [ 17.3608, 16.562, 9.706 ], 
			"unwrapMode": 3,
			"unwrapRotation": 1,
			"uv": [ 0.0, 20.0 ],
			"rotationOrigin": [ 16.3731, 10.0068, 8.07 ],
			"rotationZ": 89.0,
			"faces": {
				"north": { "texture": "#skin", "uv": [ 9.5, 23.0, 16.0, 28.0 ], "rotation": 270, "windMode": [-1,-1,-1,-1], "windData": [0,0,1,0] },
				"east": { "texture": "#skin", "uv": [ 3.0, 20.0, 9.5, 23.0 ], "rotation": 90, "windMode": [-1,-1,-1,-1], "windData": [1,0,0,1] },
				"south": { "texture": "#skin", "uv": [ 3.0, 23.0, 9.5, 28.0 ], "rotation": 90 },
				"west": { "texture": "#skin", "uv": [ 3.0, 28.0, 9.5, 31.0 ], "rotation": 90 },
				"up": { "texture": "#skin", "uv": [ 0.0, 23.0, 3.0, 28.0 ], "rotation": 90 },
				"down": { "texture": "#skin", "uv": [ 9.5, 23.0, 12.5, 28.0 ], "rotation": 270, "enabled": false, "windMode": [-1,-1,-1,-1] }
			},
			"children": [
				{
					"name": "neck2",
					"from": [ 0.9828, 4.6592, 0.1092 ], 
					"to": [ 5.3508, 9.3912, 3.1668 ], 
					"unwrapMode": 3,
					"uv": [ 13.0, 25.0 ],
					"rotationOrigin": [ 4.914, 5.5692, 1.638 ],
					"rotationZ": -10.0,
					"faces": {
						"north": { "texture": "#skin", "uv": [ 23.0, 28.0, 27.0, 32.5 ] },
						"east": { "texture": "#skin", "uv": [ 20.0, 28.0, 23.0, 32.5 ] },
						"south": { "texture": "#skin", "uv": [ 16.0, 28.0, 20.0, 32.5 ] },
						"west": { "texture": "#skin", "uv": [ 13.0, 28.0, 16.0, 32.5 ] },
						"up": { "texture": "#skin", "uv": [ 16.0, 25.0, 20.0, 28.0 ] },
						"down": { "texture": "#skin", "uv": [ 16.0, 32.5, 20.0, 35.5 ], "rotation": 180, "enabled": false, "windMode": [-1,-1,-1,-1] }
					},
					"children": [
						{
							"name": "head",
							"from": [ 1.3013, 1.001, -0.3822 ], 
							"to": [ 4.3013, 5.001, 3.4398 ], 
							"unwrapMode": 4,
							"autoUnwrap": false,
							"uv": [ 14.5, 11.0 ],
							"rotationOrigin": [ 4.1678, 4.5864, 1.638 ],
							"rotationZ": -60.0,
							"faces": {
								"north": { "texture": "#skin", "uv": [ 14.5, 14.0, 17.5, 18.0 ] },
								"east": { "texture": "#skin", "uv": [ 24.0, 14.0, 27.5, 18.0 ] },
								"south": { "texture": "#skin", "uv": [ 21.0, 14.0, 24.0, 18.0 ] },
								"west": { "texture": "#skin", "uv": [ 17.5, 14.0, 21.0, 18.0 ] },
								"up": { "texture": "#skin", "uv": [ 17.5, 21.0, 21.0, 24.0 ], "rotation": 90 },
								"down": { "texture": "#skin", "uv": [ 17.5, 18.0, 21.0, 21.0 ], "rotation": 90 }
							},
							"children": [
								{
									"name": "mouth up",
									"from": [ -4.7684, 0.8372, 0.96 ], 
									"to": [ 0.2366, 2.3372, 2.98 ], 
									"unwrapMode": 5,
									"unwrapRotation": 1,
									"uv": [ 21.0, 21.0 ],
									"rotationOrigin": [ 0.3276, 1.82, 2.05 ],
									"rotationZ": 10.0,
									"faces": {
										"north": { "texture": "#skin", "uv": [ 21.0, 21.0, 22.5, 26.0 ], "rotation": 270 },
										"east": { "texture": "#skin", "uv": [ 22.5, 21.0, 24.5, 22.5 ], "rotation": 180, "enabled": false },
										"south": { "texture": "#skin", "uv": [ 24.5, 21.0, 26.0, 26.0 ], "rotation": 90 },
										"west": { "texture": "#skin", "uv": [ 22.5, 26.0, 24.5, 27.5 ] },
										"up": { "texture": "#skin", "uv": [ 22.5, 21.0, 24.5, 26.0 ], "rotation": 90 },
										"down": { "texture": "#skin", "uv": [ 26.0, 21.0, 28.0, 26.0 ], "rotation": 270 }
									},
									"children": [
										{
											"name": "nose bridge",
											"from": [ 1.183, 0.0091, 0.14 ], 
											"to": [ 6.188, 1.3923, 1.8872 ], 
											"unwrapMode": 5,
											"unwrapRotation": 1,
											"uv": [ 31.5, 14.0 ],
											"rotationOrigin": [ 1.183, 0.0637, 0.6824 ],
											"rotationZ": 20.0,
											"faces": {
												"north": { "texture": "#skin", "uv": [ 31.5, 14.0, 32.5, 19.0 ], "rotation": 270 },
												"east": { "texture": "#skin", "uv": [ 32.5, 14.0, 34.0, 15.0 ], "rotation": 180, "enabled": false, "windMode": [-1,-1,-1,-1], "windData": [1,1,1,1] },
												"south": { "texture": "#skin", "uv": [ 34.0, 14.0, 35.0, 19.0 ], "rotation": 90 },
												"west": { "texture": "#skin", "uv": [ 32.5, 19.0, 34.0, 20.0 ], "enabled": false },
												"up": { "texture": "#skin", "uv": [ 32.5, 14.0, 34.0, 19.0 ], "rotation": 90 },
												"down": { "texture": "#skin", "uv": [ 35.0, 14.0, 36.5, 19.0 ], "rotation": 270, "enabled": false }
											}
										},
										{
											"name": "nose",
											"from": [ -0.1183, 0.53, 0.35 ], 
											"to": [ 1.8817, 1.5128, 1.6604 ], 
											"unwrapMode": 5,
											"uv": [ 26.5, 18.0 ],
											"rotationOrigin": [ -0.1187, 1.5709, 1.01 ],
											"rotationZ": 6.0,
											"faces": {
												"north": { "texture": "#skin", "uv": [ 27.0, 18.0, 29.0, 18.5 ], "rotation": 180, "windMode": [-1,-1,-1,-1], "windData": [1,1,1,1] },
												"east": { "texture": "#skin", "uv": [ 29.0, 18.5, 29.5, 19.5 ], "rotation": 90, "windMode": [-1,-1,-1,-1], "windData": [1,1,1,1] },
												"south": { "texture": "#skin", "uv": [ 27.0, 19.5, 29.0, 20.0 ], "windMode": [-1,-1,-1,-1], "windData": [1,1,1,1] },
												"west": { "texture": "#skin", "uv": [ 26.5, 18.5, 27.0, 19.5 ], "rotation": 270, "windMode": [-1,-1,-1,-1], "windData": [1,1,1,1] },
												"up": { "texture": "#skin", "uv": [ 27.0, 18.5, 29.0, 19.5 ], "windMode": [-1,-1,-1,-1], "windData": [1,1,1,1] },
												"down": { "texture": "#skin", "uv": [ 29.5, 18.5, 31.5, 19.5 ], "windMode": [-1,-1,-1,-1], "windData": [1,1,1,1] }
											}
										}
									]
								},
								{
									"name": "R ear",
									"from": [ 1.7472, 2.73, -1.1466 ], 
									"to": [ 2.2932, 4.095, 0.6734 ], 
									"unwrapMode": 4,
									"uv": [ 27.5, 14.0 ],
									"rotationOrigin": [ 1.9656, 3.4944, 0.6734 ],
									"rotationX": 65.0,
									"rotationZ": 22.0,
									"faces": {
										"north": { "texture": "#skin", "uv": [ 27.5, 14.5, 28.0, 15.5 ] },
										"east": { "texture": "#skin", "uv": [ 30.0, 14.5, 31.5, 15.5 ] },
										"south": { "texture": "#skin", "uv": [ 29.5, 14.5, 30.0, 15.5 ], "windMode": [-1,-1,-1,-1], "windData": [0,0,0,0] },
										"west": { "texture": "#skin", "uv": [ 28.0, 14.5, 29.5, 15.5 ] },
										"up": { "texture": "#skin", "uv": [ 28.0, 14.0, 29.5, 14.5 ], "rotation": 90 },
										"down": { "texture": "#skin", "uv": [ 28.0, 15.5, 29.5, 16.0 ], "rotation": 90 }
									}
								},
								{
									"name": "L ear",
									"from": [ 1.7472, 2.73, 3.2214 ], 
									"to": [ 2.2932, 4.004, 5.0414 ], 
									"unwrapMode": 2,
									"uv": [ 27.5, 16.0 ],
									"rotationOrigin": [ 1.9656, 3.4944, 3.2214 ],
									"rotationX": -65.0,
									"rotationZ": 22.0,
									"faces": {
										"north": { "texture": "#skin", "uv": [ 29.5, 16.5, 30.0, 17.5 ], "windMode": [-1,-1,-1,-1] },
										"east": { "texture": "#skin", "uv": [ 28.0, 16.5, 29.5, 17.5 ] },
										"south": { "texture": "#skin", "uv": [ 27.5, 16.5, 28.0, 17.5 ], "windMode": [-1,-1,-1,-1], "windData": [1,1,1,1] },
										"west": { "texture": "#skin", "uv": [ 30.0, 16.5, 31.5, 17.5 ] },
										"up": { "texture": "#skin", "uv": [ 28.0, 16.0, 29.5, 16.5 ], "rotation": 270 },
										"down": { "texture": "#skin", "uv": [ 28.0, 17.5, 29.5, 18.0 ], "rotation": 270 }
									}
								},
								{
									"name": "jaw",
									"from": [ -2.5662, -0.0364, 1.092 ], 
									"to": [ 0.7098, 0.9636, 2.8392 ], 
									"unwrapMode": 5,
									"unwrapRotation": 1,
									"uv": [ 30.0, 0.0 ],
									"rotationOrigin": [ 0.4823, 0.768, 1.9656 ],
									"rotationZ": 4.0,
									"faces": {
										"north": { "texture": "#skin", "uv": [ 30.0, 0.0, 31.0, 3.0 ], "rotation": 270 },
										"east": { "texture": "#skin", "uv": [ 31.0, 0.0, 32.5, 1.0 ], "rotation": 180, "enabled": false },
										"south": { "texture": "#skin", "uv": [ 32.5, 0.0, 33.5, 3.0 ], "rotation": 90 },
										"west": { "texture": "#skin", "uv": [ 31.0, 3.0, 32.5, 4.0 ] },
										"up": { "texture": "#skin", "uv": [ 31.0, 0.0, 32.5, 3.0 ], "rotation": 90 },
										"down": { "texture": "#skin", "uv": [ 33.5, 0.0, 35.0, 3.0 ], "rotation": 270 }
									},
									"children": [
										{
											"name": "chin",
											"from": [ -1.82, 0.0, -0.0455 ], 
											"to": [ 0.0, 1.0, 1.7927 ], 
											"unwrapMode": 5,
											"unwrapRotation": 1,
											"uv": [ 21.5, 18.0 ],
											"rotationOrigin": [ -0.1365, 0.8044, 0.7826 ],
											"rotationZ": 12.0,
											"faces": {
												"north": { "texture": "#skin", "uv": [ 21.5, 18.0, 22.5, 19.5 ], "rotation": 270 },
												"east": { "texture": "#skin", "uv": [ 22.5, 18.0, 24.0, 19.0 ], "rotation": 180, "enabled": false },
												"south": { "texture": "#skin", "uv": [ 24.0, 18.0, 25.0, 19.5 ], "rotation": 90 },
												"west": { "texture": "#skin", "uv": [ 22.5, 19.5, 24.0, 20.5 ] },
												"up": { "texture": "#skin", "uv": [ 22.5, 18.0, 24.0, 19.5 ], "rotation": 90 },
												"down": { "texture": "#skin", "uv": [ 25.0, 18.0, 26.5, 19.5 ], "rotation": 270 }
											}
										}
									]
								},
								{
									"name": "Horn attachment",
									"from": [ 0.0, 3.276, 1.911 ], 
									"to": [ 1.092, 4.368, 3.003 ], 
									"uv": [ 0.0, 0.0 ],
									"rotationOrigin": [ 0.0, 3.276, 1.911 ],
									"faces": {
										"north": { "texture": "#skin", "uv": [ 0.0, 1.0, 1.092, 2.092 ], "enabled": false },
										"east": { "texture": "#skin", "uv": [ 1.0, 1.0, 2.092, 2.092 ], "enabled": false, "windMode": [-1,-1,-1,-1], "windData": [1,1,1,1] },
										"south": { "texture": "#skin", "uv": [ 1.0, 1.0, 2.092, 2.092 ], "enabled": false, "windMode": [-1,-1,-1,-1], "windData": [1,1,1,1] },
										"west": { "texture": "#skin", "uv": [ 1.0, 1.0, 2.092, 2.092 ], "enabled": false, "windMode": [-1,-1,-1,-1], "windData": [1,1,1,1] },
										"up": { "texture": "#skin", "uv": [ 0.0, 0.0, 1.092, 1.092 ], "enabled": false, "windMode": [-1,-1,-1,-1], "windData": [1,1,1,1] },
										"down": { "texture": "#skin", "uv": [ 1.0, 0.0, 2.092, 1.092 ], "enabled": false, "windMode": [-1,-1,-1,-1], "windData": [1,1,1,1] }
									},
									"children": [
										{
											"name": "R antler base 1",
											"from": [ 0.2184, 0.6552, -1.3104 ], 
											"to": [ 1.2184, 2.4052, -0.3104 ], 
											"unwrapMode": 4,
											"uv": [ 2.0, 16.5 ],
											"rotationOrigin": [ 0.2184, 0.6552, -0.31 ],
											"rotationX": -25.0,
											"rotationZ": -30.0,
											"faces": {
												"north": { "texture": "#skin", "uv": [ 2.0, 17.5, 3.0, 19.0 ] },
												"east": { "texture": "#skin", "uv": [ 5.0, 17.5, 6.0, 19.0 ] },
												"south": { "texture": "#skin", "uv": [ 4.0, 17.5, 5.0, 19.0 ] },
												"west": { "texture": "#skin", "uv": [ 3.0, 17.5, 4.0, 19.0 ], "windMode": [-1,-1,-1,-1], "windData": [0,1,1,1] },
												"up": { "texture": "#skin", "uv": [ 3.0, 16.5, 4.0, 17.5 ], "rotation": 90 },
												"down": { "texture": "#skin", "uv": [ 3.0, 19.0, 4.0, 20.0 ], "rotation": 90 }
											},
											"children": [
												{
													"name": "R antler base 2",
													"from": [ 0.1, 1.7, 0.1 ], 
													"to": [ 0.9, 3.45, 0.9 ], 
													"unwrapMode": 4,
													"uv": [ 0.0, 45.5 ],
													"rotationOrigin": [ 0.1, 1.7, 0.9 ],
													"rotationZ": 4.0,
													"faces": {
														"north": { "texture": "#skin", "uv": [ 0.0, 46.0, 0.5, 47.5 ] },
														"east": { "texture": "#skin", "uv": [ 1.5, 46.0, 2.0, 47.5 ] },
														"south": { "texture": "#skin", "uv": [ 1.0, 46.0, 1.5, 47.5 ] },
														"west": { "texture": "#skin", "uv": [ 0.5, 46.0, 1.0, 47.5 ] },
														"up": { "texture": "#skin", "uv": [ 0.5, 45.5, 1.0, 46.0 ], "rotation": 90 },
														"down": { "texture": "#skin", "uv": [ 0.5, 47.5, 1.0, 48.0 ], "rotation": 90 }
													},
													"children": [
														{
															"name": "R antler base 3",
															"from": [ 0.1, 1.7, 0.1 ], 
															"to": [ 0.7, 8.2, 0.7 ], 
															"unwrapMode": 4,
															"uv": [ 4.0, 40.5 ],
															"rotationOrigin": [ 0.1, 1.7, 0.7 ],
															"rotationX": -10.0,
															"rotationZ": -30.0,
															"faces": {
																"north": { "texture": "#skin", "uv": [ 4.0, 41.0, 4.5, 47.5 ] },
																"east": { "texture": "#skin", "uv": [ 5.5, 41.0, 6.0, 47.5 ] },
																"south": { "texture": "#skin", "uv": [ 5.0, 41.0, 5.5, 47.5 ] },
																"west": { "texture": "#skin", "uv": [ 4.5, 41.0, 5.0, 47.5 ] },
																"up": { "texture": "#skin", "uv": [ 4.5, 40.5, 5.0, 41.0 ], "rotation": 90 },
																"down": { "texture": "#skin", "uv": [ 4.5, 47.5, 5.0, 48.0 ], "rotation": 90 }
															},
															"children": [
																{
																	"name": "R antler base 4",
																	"from": [ 0.1, 6.1, 0.0 ], 
																	"to": [ 0.7, 7.6, 0.6 ], 
																	"unwrapMode": 4,
																	"uv": [ 8.0, 45.5 ],
																	"rotationOrigin": [ 0.1, 6.1, 0.6 ],
																	"rotationX": 1.0,
																	"rotationZ": 45.0,
																	"faces": {
																		"north": { "texture": "#skin", "uv": [ 8.0, 46.0, 8.5, 47.5 ] },
																		"east": { "texture": "#skin", "uv": [ 9.5, 46.0, 10.0, 47.5 ] },
																		"south": { "texture": "#skin", "uv": [ 9.0, 46.0, 9.5, 47.5 ] },
																		"west": { "texture": "#skin", "uv": [ 8.5, 46.0, 9.0, 47.5 ] },
																		"up": { "texture": "#skin", "uv": [ 8.5, 45.5, 9.0, 46.0 ], "rotation": 90 },
																		"down": { "texture": "#skin", "uv": [ 8.5, 47.5, 9.0, 48.0 ], "rotation": 90 }
																	},
																	"children": [
																		{
																			"name": "R antler base 5",
																			"from": [ 0.2, 1.0, 0.0 ], 
																			"to": [ 0.8, 5.5, 0.6 ], 
																			"unwrapMode": 4,
																			"uv": [ 12.0, 42.5 ],
																			"rotationOrigin": [ 0.2, 1.0, 0.6 ],
																			"rotationX": 10.0,
																			"rotationY": 10.0,
																			"rotationZ": 40.0,
																			"faces": {
																				"north": { "texture": "#skin", "uv": [ 12.0, 43.0, 12.5, 47.5 ] },
																				"east": { "texture": "#skin", "uv": [ 13.5, 43.0, 14.0, 47.5 ] },
																				"south": { "texture": "#skin", "uv": [ 13.0, 43.0, 13.5, 47.5 ] },
																				"west": { "texture": "#skin", "uv": [ 12.5, 43.0, 13.0, 47.5 ] },
																				"up": { "texture": "#skin", "uv": [ 12.5, 42.5, 13.0, 43.0 ], "rotation": 90 },
																				"down": { "texture": "#skin", "uv": [ 12.5, 47.5, 13.0, 48.0 ], "rotation": 90 }
																			},
																			"children": [
																				{
																					"name": "R antler base 6",
																					"from": [ 0.0, 4.0, 0.0 ], 
																					"to": [ 1.0, 6.5, 0.6 ], 
																					"unwrapMode": 4,
																					"uv": [ 16.0, 43.5 ],
																					"rotationOrigin": [ 0.0, 4.0, 0.6 ],
																					"rotationX": -1.0,
																					"rotationZ": 40.0,
																					"faces": {
																						"north": { "texture": "#skin", "uv": [ 16.0, 44.5, 17.0, 47.0 ] },
																						"east": { "texture": "#skin", "uv": [ 18.5, 44.5, 19.0, 47.0 ] },
																						"south": { "texture": "#skin", "uv": [ 17.5, 44.5, 18.5, 47.0 ] },
																						"west": { "texture": "#skin", "uv": [ 17.0, 44.5, 17.5, 47.0 ] },
																						"up": { "texture": "#skin", "uv": [ 17.0, 43.5, 17.5, 44.5 ], "rotation": 90 },
																						"down": { "texture": "#skin", "uv": [ 17.0, 47.0, 17.5, 48.0 ], "rotation": 90 }
																					},
																					"children": [
																						{
																							"name": "R antler base 7",
																							"from": [ 0.0, 2.0, 0.0 ], 
																							"to": [ 0.6, 4.0, 0.6 ], 
																							"unwrapMode": 4,
																							"uv": [ 22.0, 45.0 ],
																							"rotationOrigin": [ 0.0, 2.0, 0.6 ],
																							"rotationX": 1.0,
																							"rotationZ": 20.0,
																							"faces": {
																								"north": { "texture": "#skin", "uv": [ 22.0, 45.5, 22.5, 47.5 ] },
																								"east": { "texture": "#skin", "uv": [ 23.5, 45.5, 24.0, 47.5 ] },
																								"south": { "texture": "#skin", "uv": [ 23.0, 45.5, 23.5, 47.5 ] },
																								"west": { "texture": "#skin", "uv": [ 22.5, 45.5, 23.0, 47.5 ] },
																								"up": { "texture": "#skin", "uv": [ 22.5, 45.0, 23.0, 45.5 ], "rotation": 90 },
																								"down": { "texture": "#skin", "uv": [ 22.5, 47.5, 23.0, 48.0 ], "rotation": 90 }
																							},
																							"children": [
																								{
																									"name": "R branch 5",
																									"from": [ 0.6, 0.0, 0.05 ], 
																									"to": [ 1.1, 2.0, 0.55 ], 
																									"unwrapMode": 4,
																									"uv": [ 4.0, 34.5 ],
																									"rotationOrigin": [ 0.6, 0.0, 0.0 ],
																									"rotationZ": -47.0,
																									"faces": {
																										"north": { "texture": "#skin", "uv": [ 4.0, 35.0, 4.5, 37.0 ] },
																										"east": { "texture": "#skin", "uv": [ 5.5, 35.0, 6.0, 37.0 ] },
																										"south": { "texture": "#skin", "uv": [ 5.0, 35.0, 5.5, 37.0 ] },
																										"west": { "texture": "#skin", "uv": [ 4.5, 35.0, 5.0, 37.0 ] },
																										"up": { "texture": "#skin", "uv": [ 4.5, 34.5, 5.0, 35.0 ], "rotation": 90 },
																										"down": { "texture": "#skin", "uv": [ 4.5, 37.0, 5.0, 37.5 ], "rotation": 90 }
																									}
																								}
																							]
																						},
																						{
																							"name": "R branch 4",
																							"from": [ 1.0, 0.4, 0.05 ], 
																							"to": [ 1.5, 2.4, 0.55 ], 
																							"unwrapMode": 4,
																							"uv": [ 4.0, 37.5 ],
																							"rotationOrigin": [ 1.0, 0.4, 0.0 ],
																							"rotationX": -1.0,
																							"rotationZ": -120.0,
																							"faces": {
																								"north": { "texture": "#skin", "uv": [ 4.0, 38.0, 4.5, 40.0 ] },
																								"east": { "texture": "#skin", "uv": [ 5.5, 38.0, 6.0, 40.0 ] },
																								"south": { "texture": "#skin", "uv": [ 5.0, 38.0, 5.5, 40.0 ] },
																								"west": { "texture": "#skin", "uv": [ 4.5, 38.0, 5.0, 40.0 ] },
																								"up": { "texture": "#skin", "uv": [ 4.5, 37.5, 5.0, 38.0 ], "rotation": 90 },
																								"down": { "texture": "#skin", "uv": [ 4.5, 40.0, 5.0, 40.5 ], "rotation": 90 }
																							}
																						}
																					]
																				}
																			]
																		},
																		{
																			"name": "R branch 3",
																			"from": [ 0.0, 0.0, 0.0 ], 
																			"to": [ 0.5, 4.0, 0.5 ], 
																			"unwrapMode": 4,
																			"uv": [ 0.0, 30.5 ],
																			"rotationOrigin": [ 0.0, 0.0, 0.0 ],
																			"rotationX": 1.0,
																			"rotationZ": -66.0,
																			"faces": {
																				"north": { "texture": "#skin", "uv": [ 0.0, 31.0, 0.5, 35.0 ] },
																				"east": { "texture": "#skin", "uv": [ 1.5, 31.0, 2.0, 35.0 ] },
																				"south": { "texture": "#skin", "uv": [ 1.0, 31.0, 1.5, 35.0 ] },
																				"west": { "texture": "#skin", "uv": [ 0.5, 31.0, 1.0, 35.0 ] },
																				"up": { "texture": "#skin", "uv": [ 0.5, 30.5, 1.0, 31.0 ], "rotation": 90 },
																				"down": { "texture": "#skin", "uv": [ 0.5, 35.0, 1.0, 35.5 ], "rotation": 90 }
																			},
																			"children": [
																				{
																					"name": "R branch 3B",
																					"from": [ 0.0, 3.7, 0.0 ], 
																					"to": [ 0.5, 4.7, 0.5 ], 
																					"unwrapMode": 4,
																					"uv": [ 7.5, 39.5 ],
																					"rotationOrigin": [ 0.0, 3.7, 0.0 ],
																					"rotationX": 36.0,
																					"rotationZ": 1.0,
																					"faces": {
																						"north": { "texture": "#skin", "uv": [ 7.5, 40.0, 8.0, 41.0 ] },
																						"east": { "texture": "#skin", "uv": [ 9.0, 40.0, 9.5, 41.0 ] },
																						"south": { "texture": "#skin", "uv": [ 8.5, 40.0, 9.0, 41.0 ] },
																						"west": { "texture": "#skin", "uv": [ 8.0, 40.0, 8.5, 41.0 ] },
																						"up": { "texture": "#skin", "uv": [ 8.0, 39.5, 8.5, 40.0 ], "rotation": 90 },
																						"down": { "texture": "#skin", "uv": [ 8.0, 41.0, 8.5, 41.5 ], "rotation": 90 }
																					}
																				}
																			]
																		}
																	]
																},
																{
																	"name": "R branch 2",
																	"from": [ 0.4, 0.0, 0.0 ], 
																	"to": [ 1.0, 4.0, 0.6 ], 
																	"unwrapMode": 4,
																	"uv": [ 0.0, 35.5 ],
																	"rotationOrigin": [ 0.4, 0.0, 0.0 ],
																	"rotationX": -1.0,
																	"rotationZ": 121.0,
																	"faces": {
																		"north": { "texture": "#skin", "uv": [ 0.0, 36.0, 0.5, 40.0 ] },
																		"east": { "texture": "#skin", "uv": [ 1.5, 36.0, 2.0, 40.0 ] },
																		"south": { "texture": "#skin", "uv": [ 1.0, 36.0, 1.5, 40.0 ] },
																		"west": { "texture": "#skin", "uv": [ 0.5, 36.0, 1.0, 40.0 ], "windMode": [-1,-1,-1,-1], "windData": [1,1,1,1] },
																		"up": { "texture": "#skin", "uv": [ 0.5, 35.5, 1.0, 36.0 ], "rotation": 90 },
																		"down": { "texture": "#skin", "uv": [ 0.5, 40.0, 1.0, 40.5 ], "rotation": 90 }
																	},
																	"children": [
																		{
																			"name": "R branch 2B",
																			"from": [ 0.05, 3.5, 0.0 ], 
																			"to": [ 0.55, 5.5, 0.5 ], 
																			"unwrapMode": 4,
																			"uv": [ 12.0, 39.5 ],
																			"rotationOrigin": [ 0.05, 3.5, 0.0 ],
																			"rotationX": -25.0,
																			"rotationZ": 22.0,
																			"faces": {
																				"north": { "texture": "#skin", "uv": [ 12.0, 40.0, 12.5, 42.0 ] },
																				"east": { "texture": "#skin", "uv": [ 13.5, 40.0, 14.0, 42.0 ] },
																				"south": { "texture": "#skin", "uv": [ 13.0, 40.0, 13.5, 42.0 ] },
																				"west": { "texture": "#skin", "uv": [ 12.5, 40.0, 13.0, 42.0 ] },
																				"up": { "texture": "#skin", "uv": [ 12.5, 39.5, 13.0, 40.0 ], "rotation": 90 },
																				"down": { "texture": "#skin", "uv": [ 12.5, 42.0, 13.0, 42.5 ], "rotation": 90 }
																			}
																		},
																		{
																			"name": "R branch 2C",
																			"from": [ 0.05, 3.5, 0.0 ], 
																			"to": [ 0.55, 5.5, 0.5 ], 
																			"unwrapMode": 4,
																			"uv": [ 12.0, 36.5 ],
																			"rotationOrigin": [ 0.05, 3.5, 0.0 ],
																			"rotationX": 25.0,
																			"rotationZ": 1.0,
																			"faces": {
																				"north": { "texture": "#skin", "uv": [ 12.0, 37.0, 12.5, 39.0 ] },
																				"east": { "texture": "#skin", "uv": [ 13.5, 37.0, 14.0, 39.0 ] },
																				"south": { "texture": "#skin", "uv": [ 13.0, 37.0, 13.5, 39.0 ] },
																				"west": { "texture": "#skin", "uv": [ 12.5, 37.0, 13.0, 39.0 ] },
																				"up": { "texture": "#skin", "uv": [ 12.5, 36.5, 13.0, 37.0 ], "rotation": 90 },
																				"down": { "texture": "#skin", "uv": [ 12.5, 39.0, 13.0, 39.5 ], "rotation": 90 }
																			}
																		}
																	]
																}
															]
														},
														{
															"name": "R branch 1",
															"from": [ 0.7, 0.0, -0.1 ], 
															"to": [ 1.5, 4.0, 0.5 ], 
															"unwrapMode": 4,
															"uv": [ 0.0, 40.5 ],
															"rotationOrigin": [ 0.7, 0.0, 0.5 ],
															"rotationX": 33.0,
															"rotationY": -11.0,
															"rotationZ": 120.0,
															"faces": {
																"north": { "texture": "#skin", "uv": [ 0.0, 41.0, 0.5, 45.0 ] },
																"east": { "texture": "#skin", "uv": [ 1.5, 41.0, 2.0, 45.0 ] },
																"south": { "texture": "#skin", "uv": [ 1.0, 41.0, 1.5, 45.0 ] },
																"west": { "texture": "#skin", "uv": [ 0.5, 41.0, 1.0, 45.0 ] },
																"up": { "texture": "#skin", "uv": [ 0.5, 40.5, 1.0, 41.0 ], "rotation": 90 },
																"down": { "texture": "#skin", "uv": [ 0.5, 45.0, 1.0, 45.5 ], "rotation": 90 }
															},
															"children": [
																{
																	"name": "R branch 1B",
																	"from": [ 0.0, 3.5, 0.0 ], 
																	"to": [ 1.6, 5.5, 0.6 ], 
																	"unwrapMode": 4,
																	"uv": [ 8.0, 41.0 ],
																	"rotationOrigin": [ 0.0, 3.5, 0.6 ],
																	"rotationX": 22.0,
																	"faces": {
																		"north": { "texture": "#skin", "uv": [ 8.0, 42.5, 9.5, 44.5 ] },
																		"east": { "texture": "#skin", "uv": [ 11.5, 42.5, 12.0, 44.5 ] },
																		"south": { "texture": "#skin", "uv": [ 10.0, 42.5, 11.5, 44.5 ] },
																		"west": { "texture": "#skin", "uv": [ 9.5, 42.5, 10.0, 44.5 ] },
																		"up": { "texture": "#skin", "uv": [ 9.5, 41.0, 10.0, 42.5 ], "rotation": 90 },
																		"down": { "texture": "#skin", "uv": [ 9.5, 44.5, 10.0, 46.0 ], "rotation": 90 }
																	},
																	"children": [
																		{
																			"name": "R branch 1C",
																			"from": [ 0.0, 1.7, 0.0 ], 
																			"to": [ 0.5, 2.7, 0.5 ], 
																			"unwrapMode": 4,
																			"uv": [ 16.0, 42.0 ],
																			"rotationOrigin": [ 0.0, 1.7, 0.0 ],
																			"rotationY": -2.0,
																			"rotationZ": 33.0,
																			"faces": {
																				"north": { "texture": "#skin", "uv": [ 16.0, 42.5, 16.5, 43.5 ] },
																				"east": { "texture": "#skin", "uv": [ 17.5, 42.5, 18.0, 43.5 ] },
																				"south": { "texture": "#skin", "uv": [ 17.0, 42.5, 17.5, 43.5 ] },
																				"west": { "texture": "#skin", "uv": [ 16.5, 42.5, 17.0, 43.5 ] },
																				"up": { "texture": "#skin", "uv": [ 16.5, 42.0, 17.0, 42.5 ], "rotation": 90 },
																				"down": { "texture": "#skin", "uv": [ 16.5, 43.5, 17.0, 44.0 ], "rotation": 90 }
																			}
																		},
																		{
																			"name": "R branch 1D",
																			"from": [ 1.0, 1.7, 0.0 ], 
																			"to": [ 1.5, 2.7, 0.5 ], 
																			"unwrapMode": 4,
																			"uv": [ 16.0, 40.0 ],
																			"rotationOrigin": [ 1.0, 1.7, 0.0 ],
																			"rotationY": -2.0,
																			"rotationZ": -28.0,
																			"faces": {
																				"north": { "texture": "#skin", "uv": [ 16.0, 40.5, 16.5, 41.5 ] },
																				"east": { "texture": "#skin", "uv": [ 17.5, 40.5, 18.0, 41.5 ] },
																				"south": { "texture": "#skin", "uv": [ 17.0, 40.5, 17.5, 41.5 ] },
																				"west": { "texture": "#skin", "uv": [ 16.5, 40.5, 17.0, 41.5 ], "windMode": [-1,-1,-1,-1], "windData": [1,1,1,1] },
																				"up": { "texture": "#skin", "uv": [ 16.5, 40.0, 17.0, 40.5 ], "rotation": 90 },
																				"down": { "texture": "#skin", "uv": [ 16.5, 41.5, 17.0, 42.0 ], "rotation": 90 }
																			}
																		},
																		{
																			"name": "R branch 1E",
																			"from": [ 1.5, 0.4, 0.0 ], 
																			"to": [ 2.0, 1.4, 0.5 ], 
																			"unwrapMode": 4,
																			"uv": [ 16.0, 38.0 ],
																			"rotationOrigin": [ 1.5, 0.4, 0.0 ],
																			"rotationY": -2.0,
																			"rotationZ": -133.0,
																			"faces": {
																				"north": { "texture": "#skin", "uv": [ 16.0, 38.5, 16.5, 39.5 ] },
																				"east": { "texture": "#skin", "uv": [ 17.5, 38.5, 18.0, 39.5 ] },
																				"south": { "texture": "#skin", "uv": [ 17.0, 38.5, 17.5, 39.5 ] },
																				"west": { "texture": "#skin", "uv": [ 16.5, 38.5, 17.0, 39.5 ] },
																				"up": { "texture": "#skin", "uv": [ 16.5, 38.0, 17.0, 38.5 ], "rotation": 90 },
																				"down": { "texture": "#skin", "uv": [ 16.5, 39.5, 17.0, 40.0 ], "rotation": 90 }
																			}
																		}
																	]
																}
															]
														}
													]
												}
											]
										},
										{
											"name": "L antler base 1",
											"from": [ 0.2184, 0.6552, 0.2184 ], 
											"to": [ 1.2184, 2.4052, 1.2184 ], 
											"unwrapMode": 4,
											"uv": [ 0.0, 14.0 ],
											"rotationOrigin": [ 0.2184, 0.6552, 0.2184 ],
											"rotationX": 25.0,
											"rotationZ": -30.0,
											"faces": {
												"north": { "texture": "#skin", "uv": [ 0.0, 15.0, 1.0, 16.5 ] },
												"east": { "texture": "#skin", "uv": [ 3.0, 15.0, 4.0, 16.5 ] },
												"south": { "texture": "#skin", "uv": [ 2.0, 15.0, 3.0, 16.5 ] },
												"west": { "texture": "#skin", "uv": [ 1.0, 15.0, 2.0, 16.5 ], "windMode": [-1,-1,-1,-1], "windData": [0,0,1,1] },
												"up": { "texture": "#skin", "uv": [ 1.0, 14.0, 2.0, 15.0 ], "rotation": 90 },
												"down": { "texture": "#skin", "uv": [ 1.0, 16.5, 2.0, 17.5 ], "rotation": 90 }
											},
											"children": [
												{
													"name": "L antler base 2",
													"from": [ 0.1, 1.7, 0.1 ], 
													"to": [ 0.9, 3.45, 0.9 ], 
													"unwrapMode": 4,
													"uv": [ 2.0, 45.5 ],
													"rotationOrigin": [ 0.1, 1.7, 0.1 ],
													"rotationZ": 4.0,
													"faces": {
														"north": { "texture": "#skin", "uv": [ 2.0, 46.0, 2.5, 47.5 ] },
														"east": { "texture": "#skin", "uv": [ 3.5, 46.0, 4.0, 47.5 ] },
														"south": { "texture": "#skin", "uv": [ 3.0, 46.0, 3.5, 47.5 ] },
														"west": { "texture": "#skin", "uv": [ 2.5, 46.0, 3.0, 47.5 ] },
														"up": { "texture": "#skin", "uv": [ 2.5, 45.5, 3.0, 46.0 ], "rotation": 90 },
														"down": { "texture": "#skin", "uv": [ 2.5, 47.5, 3.0, 48.0 ], "rotation": 90 }
													},
													"children": [
														{
															"name": "L antler base 3",
															"from": [ 0.1, 1.7, 0.1 ], 
															"to": [ 0.7, 8.2, 0.7 ], 
															"unwrapMode": 4,
															"uv": [ 6.0, 40.5 ],
															"rotationOrigin": [ 0.1, 1.7, 0.2 ],
															"rotationX": 10.0,
															"rotationZ": -30.0,
															"faces": {
																"north": { "texture": "#skin", "uv": [ 6.0, 41.0, 6.5, 47.5 ] },
																"east": { "texture": "#skin", "uv": [ 7.5, 41.0, 8.0, 47.5 ] },
																"south": { "texture": "#skin", "uv": [ 7.0, 41.0, 7.5, 47.5 ] },
																"west": { "texture": "#skin", "uv": [ 6.5, 41.0, 7.0, 47.5 ] },
																"up": { "texture": "#skin", "uv": [ 6.5, 40.5, 7.0, 41.0 ], "rotation": 90 },
																"down": { "texture": "#skin", "uv": [ 6.5, 47.5, 7.0, 48.0 ], "rotation": 90 }
															},
															"children": [
																{
																	"name": "L antler base 4",
																	"from": [ 0.1, 6.1, 0.0 ], 
																	"to": [ 0.7, 7.6, 0.6 ], 
																	"unwrapMode": 4,
																	"uv": [ 10.0, 45.5 ],
																	"rotationOrigin": [ 0.1, 6.1, 0.1 ],
																	"rotationX": -1.0,
																	"rotationZ": 45.0,
																	"faces": {
																		"north": { "texture": "#skin", "uv": [ 10.0, 46.0, 10.5, 47.5 ] },
																		"east": { "texture": "#skin", "uv": [ 11.5, 46.0, 12.0, 47.5 ] },
																		"south": { "texture": "#skin", "uv": [ 11.0, 46.0, 11.5, 47.5 ] },
																		"west": { "texture": "#skin", "uv": [ 10.5, 46.0, 11.0, 47.5 ] },
																		"up": { "texture": "#skin", "uv": [ 10.5, 45.5, 11.0, 46.0 ], "rotation": 90 },
																		"down": { "texture": "#skin", "uv": [ 10.5, 47.5, 11.0, 48.0 ], "rotation": 90 }
																	},
																	"children": [
																		{
																			"name": "L antler base 5",
																			"from": [ 0.2, 1.0, 0.0 ], 
																			"to": [ 0.8, 5.5, 0.6 ], 
																			"unwrapMode": 4,
																			"uv": [ 14.0, 42.5 ],
																			"rotationOrigin": [ 0.2, 1.0, 0.1 ],
																			"rotationX": -10.0,
																			"rotationY": -10.0,
																			"rotationZ": 40.0,
																			"faces": {
																				"north": { "texture": "#skin", "uv": [ 14.0, 43.0, 14.5, 47.5 ] },
																				"east": { "texture": "#skin", "uv": [ 15.5, 43.0, 16.0, 47.5 ] },
																				"south": { "texture": "#skin", "uv": [ 15.0, 43.0, 15.5, 47.5 ] },
																				"west": { "texture": "#skin", "uv": [ 14.5, 43.0, 15.0, 47.5 ] },
																				"up": { "texture": "#skin", "uv": [ 14.5, 42.5, 15.0, 43.0 ], "rotation": 90 },
																				"down": { "texture": "#skin", "uv": [ 14.5, 47.5, 15.0, 48.0 ], "rotation": 90 }
																			},
																			"children": [
																				{
																					"name": "L antler base 6",
																					"from": [ 0.0, 4.0, 0.0 ], 
																					"to": [ 1.0, 6.5, 0.6 ], 
																					"unwrapMode": 4,
																					"uv": [ 19.0, 43.5 ],
																					"rotationOrigin": [ 0.0, 4.0, 0.1 ],
																					"rotationX": 1.0,
																					"rotationZ": 40.0,
																					"faces": {
																						"north": { "texture": "#skin", "uv": [ 19.0, 44.5, 20.0, 47.0 ] },
																						"east": { "texture": "#skin", "uv": [ 21.5, 44.5, 22.0, 47.0 ] },
																						"south": { "texture": "#skin", "uv": [ 20.5, 44.5, 21.5, 47.0 ] },
																						"west": { "texture": "#skin", "uv": [ 20.0, 44.5, 20.5, 47.0 ] },
																						"up": { "texture": "#skin", "uv": [ 20.0, 43.5, 20.5, 44.5 ], "rotation": 90 },
																						"down": { "texture": "#skin", "uv": [ 20.0, 47.0, 20.5, 48.0 ], "rotation": 90 }
																					},
																					"children": [
																						{
																							"name": "L antler base 7",
																							"from": [ 0.0, 2.0, 0.0 ], 
																							"to": [ 0.6, 4.0, 0.6 ], 
																							"unwrapMode": 4,
																							"uv": [ 24.0, 45.0 ],
																							"rotationOrigin": [ 0.0, 2.0, 0.1 ],
																							"rotationX": -1.0,
																							"rotationZ": 20.0,
																							"faces": {
																								"north": { "texture": "#skin", "uv": [ 24.0, 45.5, 24.5, 47.5 ] },
																								"east": { "texture": "#skin", "uv": [ 25.5, 45.5, 26.0, 47.5 ] },
																								"south": { "texture": "#skin", "uv": [ 25.0, 45.5, 25.5, 47.5 ] },
																								"west": { "texture": "#skin", "uv": [ 24.5, 45.5, 25.0, 47.5 ] },
																								"up": { "texture": "#skin", "uv": [ 24.5, 45.0, 25.0, 45.5 ], "rotation": 90 },
																								"down": { "texture": "#skin", "uv": [ 24.5, 47.5, 25.0, 48.0 ], "rotation": 90 }
																							},
																							"children": [
																								{
																									"name": "L branch 5",
																									"from": [ 0.6, 0.0, 0.05 ], 
																									"to": [ 1.1, 2.0, 0.55 ], 
																									"unwrapMode": 4,
																									"uv": [ 6.0, 34.5 ],
																									"rotationOrigin": [ 0.6, 0.0, 0.0 ],
																									"rotationZ": -47.0,
																									"faces": {
																										"north": { "texture": "#skin", "uv": [ 6.0, 35.0, 6.5, 37.0 ] },
																										"east": { "texture": "#skin", "uv": [ 7.5, 35.0, 8.0, 37.0 ] },
																										"south": { "texture": "#skin", "uv": [ 7.0, 35.0, 7.5, 37.0 ] },
																										"west": { "texture": "#skin", "uv": [ 6.5, 35.0, 7.0, 37.0 ] },
																										"up": { "texture": "#skin", "uv": [ 6.5, 34.5, 7.0, 35.0 ], "rotation": 90 },
																										"down": { "texture": "#skin", "uv": [ 6.5, 37.0, 7.0, 37.5 ], "rotation": 90 }
																									}
																								}
																							]
																						},
																						{
																							"name": "L branch 4",
																							"from": [ 1.0, 0.4, 0.05 ], 
																							"to": [ 1.5, 2.4, 0.55 ], 
																							"unwrapMode": 4,
																							"uv": [ 6.0, 37.5 ],
																							"rotationOrigin": [ 1.0, 0.4, 0.0 ],
																							"rotationX": 1.0,
																							"rotationZ": -120.0,
																							"faces": {
																								"north": { "texture": "#skin", "uv": [ 6.0, 38.0, 6.5, 40.0 ] },
																								"east": { "texture": "#skin", "uv": [ 7.5, 38.0, 8.0, 40.0 ] },
																								"south": { "texture": "#skin", "uv": [ 7.0, 38.0, 7.5, 40.0 ] },
																								"west": { "texture": "#skin", "uv": [ 6.5, 38.0, 7.0, 40.0 ] },
																								"up": { "texture": "#skin", "uv": [ 6.5, 37.5, 7.0, 38.0 ], "rotation": 90 },
																								"down": { "texture": "#skin", "uv": [ 6.5, 40.0, 7.0, 40.5 ], "rotation": 90 }
																							}
																						}
																					]
																				}
																			]
																		},
																		{
																			"name": "L branch 3",
																			"from": [ 0.0, 0.0, 0.0 ], 
																			"to": [ 0.5, 4.0, 0.5 ], 
																			"unwrapMode": 4,
																			"uv": [ 2.0, 30.5 ],
																			"rotationOrigin": [ 0.0, 0.0, 0.0 ],
																			"rotationX": -1.0,
																			"rotationZ": -66.0,
																			"faces": {
																				"north": { "texture": "#skin", "uv": [ 2.0, 31.0, 2.5, 35.0 ] },
																				"east": { "texture": "#skin", "uv": [ 3.5, 31.0, 4.0, 35.0 ] },
																				"south": { "texture": "#skin", "uv": [ 3.0, 31.0, 3.5, 35.0 ] },
																				"west": { "texture": "#skin", "uv": [ 2.5, 31.0, 3.0, 35.0 ] },
																				"up": { "texture": "#skin", "uv": [ 2.5, 30.5, 3.0, 31.0 ], "rotation": 90 },
																				"down": { "texture": "#skin", "uv": [ 2.5, 35.0, 3.0, 35.5 ], "rotation": 90 }
																			},
																			"children": [
																				{
																					"name": "L branch 3B",
																					"from": [ 0.0, 3.7, 0.1 ], 
																					"to": [ 0.5, 4.7, 0.6 ], 
																					"unwrapMode": 4,
																					"uv": [ 10.0, 39.5 ],
																					"rotationOrigin": [ 0.0, 3.7, 0.1 ],
																					"rotationX": -36.0,
																					"rotationZ": 1.0,
																					"faces": {
																						"north": { "texture": "#skin", "uv": [ 10.0, 40.0, 10.5, 41.0 ] },
																						"east": { "texture": "#skin", "uv": [ 11.5, 40.0, 12.0, 41.0 ] },
																						"south": { "texture": "#skin", "uv": [ 11.0, 40.0, 11.5, 41.0 ] },
																						"west": { "texture": "#skin", "uv": [ 10.5, 40.0, 11.0, 41.0 ] },
																						"up": { "texture": "#skin", "uv": [ 10.5, 39.5, 11.0, 40.0 ], "rotation": 90 },
																						"down": { "texture": "#skin", "uv": [ 10.5, 41.0, 11.0, 41.5 ], "rotation": 90 }
																					}
																				}
																			]
																		}
																	]
																},
																{
																	"name": "L branch 2",
																	"from": [ 0.4, 0.0, 0.0 ], 
																	"to": [ 1.0, 4.0, 0.6 ], 
																	"unwrapMode": 4,
																	"uv": [ 2.0, 35.5 ],
																	"rotationOrigin": [ 0.4, 0.0, 0.0 ],
																	"rotationX": 1.0,
																	"rotationZ": 121.0,
																	"faces": {
																		"north": { "texture": "#skin", "uv": [ 2.0, 36.0, 2.5, 40.0 ] },
																		"east": { "texture": "#skin", "uv": [ 3.5, 36.0, 4.0, 40.0 ] },
																		"south": { "texture": "#skin", "uv": [ 3.0, 36.0, 3.5, 40.0 ] },
																		"west": { "texture": "#skin", "uv": [ 2.5, 36.0, 3.0, 40.0 ] },
																		"up": { "texture": "#skin", "uv": [ 2.5, 35.5, 3.0, 36.0 ], "rotation": 90 },
																		"down": { "texture": "#skin", "uv": [ 2.5, 40.0, 3.0, 40.5 ], "rotation": 90 }
																	},
																	"children": [
																		{
																			"name": "L branch 2B",
																			"from": [ 0.05, 3.5, 0.0 ], 
																			"to": [ 0.55, 5.5, 0.5 ], 
																			"unwrapMode": 4,
																			"uv": [ 14.0, 39.5 ],
																			"rotationOrigin": [ 0.05, 3.5, 0.0 ],
																			"rotationX": 25.0,
																			"rotationZ": 22.0,
																			"faces": {
																				"north": { "texture": "#skin", "uv": [ 14.0, 40.0, 14.5, 42.0 ] },
																				"east": { "texture": "#skin", "uv": [ 15.5, 40.0, 16.0, 42.0 ] },
																				"south": { "texture": "#skin", "uv": [ 15.0, 40.0, 15.5, 42.0 ] },
																				"west": { "texture": "#skin", "uv": [ 14.5, 40.0, 15.0, 42.0 ] },
																				"up": { "texture": "#skin", "uv": [ 14.5, 39.5, 15.0, 40.0 ], "rotation": 90 },
																				"down": { "texture": "#skin", "uv": [ 14.5, 42.0, 15.0, 42.5 ], "rotation": 90 }
																			}
																		},
																		{
																			"name": "L branch 2C",
																			"from": [ 0.05, 3.5, 0.0 ], 
																			"to": [ 0.55, 5.5, 0.5 ], 
																			"unwrapMode": 4,
																			"uv": [ 14.0, 36.5 ],
																			"rotationOrigin": [ 0.05, 3.5, 0.0 ],
																			"rotationX": -25.0,
																			"rotationZ": 1.0,
																			"faces": {
																				"north": { "texture": "#skin", "uv": [ 14.0, 37.0, 14.5, 39.0 ] },
																				"east": { "texture": "#skin", "uv": [ 15.5, 37.0, 16.0, 39.0 ] },
																				"south": { "texture": "#skin", "uv": [ 15.0, 37.0, 15.5, 39.0 ] },
																				"west": { "texture": "#skin", "uv": [ 14.5, 37.0, 15.0, 39.0 ] },
																				"up": { "texture": "#skin", "uv": [ 14.5, 36.5, 15.0, 37.0 ], "rotation": 90 },
																				"down": { "texture": "#skin", "uv": [ 14.5, 39.0, 15.0, 39.5 ], "rotation": 90 }
																			}
																		}
																	]
																}
															]
														},
														{
															"name": "L branch 1",
															"from": [ 0.7, 0.0, 0.3 ], 
															"to": [ 1.5, 4.0, 0.9 ], 
															"unwrapMode": 4,
															"uv": [ 2.0, 40.5 ],
															"rotationOrigin": [ 0.7, 0.0, 0.3 ],
															"rotationX": -33.0,
															"rotationY": 11.0,
															"rotationZ": 120.0,
															"faces": {
																"north": { "texture": "#skin", "uv": [ 2.0, 41.0, 2.5, 45.0 ] },
																"east": { "texture": "#skin", "uv": [ 3.5, 41.0, 4.0, 45.0 ] },
																"south": { "texture": "#skin", "uv": [ 3.0, 41.0, 3.5, 45.0 ] },
																"west": { "texture": "#skin", "uv": [ 2.5, 41.0, 3.0, 45.0 ] },
																"up": { "texture": "#skin", "uv": [ 2.5, 40.5, 3.0, 41.0 ], "rotation": 90 },
																"down": { "texture": "#skin", "uv": [ 2.5, 45.0, 3.0, 45.5 ], "rotation": 90 }
															},
															"children": [
																{
																	"name": "L branch 1B",
																	"from": [ 0.0, 3.5, 0.0 ], 
																	"to": [ 1.6, 5.5, 0.6 ], 
																	"unwrapMode": 4,
																	"uv": [ 8.0, 36.0 ],
																	"rotationOrigin": [ 0.0, 3.5, 0.0 ],
																	"rotationX": -22.0,
																	"faces": {
																		"north": { "texture": "#skin", "uv": [ 8.0, 37.5, 9.5, 39.5 ] },
																		"east": { "texture": "#skin", "uv": [ 11.5, 37.5, 12.0, 39.5 ] },
																		"south": { "texture": "#skin", "uv": [ 10.0, 37.5, 11.5, 39.5 ] },
																		"west": { "texture": "#skin", "uv": [ 9.5, 37.5, 10.0, 39.5 ] },
																		"up": { "texture": "#skin", "uv": [ 9.5, 36.0, 10.0, 37.5 ], "rotation": 90 },
																		"down": { "texture": "#skin", "uv": [ 9.5, 39.5, 10.0, 41.0 ], "rotation": 90 }
																	},
																	"children": [
																		{
																			"name": "L branch 1C",
																			"from": [ 0.0, 1.7, 0.0 ], 
																			"to": [ 0.5, 2.7, 0.5 ], 
																			"unwrapMode": 4,
																			"uv": [ 18.0, 42.0 ],
																			"rotationOrigin": [ 0.0, 1.7, 0.0 ],
																			"rotationY": 2.0,
																			"rotationZ": 25.0,
																			"faces": {
																				"north": { "texture": "#skin", "uv": [ 18.0, 42.5, 18.5, 43.5 ] },
																				"east": { "texture": "#skin", "uv": [ 19.5, 42.5, 20.0, 43.5 ] },
																				"south": { "texture": "#skin", "uv": [ 19.0, 42.5, 19.5, 43.5 ] },
																				"west": { "texture": "#skin", "uv": [ 18.5, 42.5, 19.0, 43.5 ] },
																				"up": { "texture": "#skin", "uv": [ 18.5, 42.0, 19.0, 42.5 ], "rotation": 90 },
																				"down": { "texture": "#skin", "uv": [ 18.5, 43.5, 19.0, 44.0 ], "rotation": 90 }
																			}
																		},
																		{
																			"name": "L branch 1D",
																			"from": [ 1.0, 1.7, 0.0 ], 
																			"to": [ 1.5, 2.7, 0.5 ], 
																			"unwrapMode": 4,
																			"uv": [ 18.0, 40.0 ],
																			"rotationOrigin": [ 1.0, 1.7, 0.0 ],
																			"rotationY": 2.0,
																			"rotationZ": -39.0,
																			"faces": {
																				"north": { "texture": "#skin", "uv": [ 18.0, 40.5, 18.5, 41.5 ] },
																				"east": { "texture": "#skin", "uv": [ 19.5, 40.5, 20.0, 41.5 ] },
																				"south": { "texture": "#skin", "uv": [ 19.0, 40.5, 19.5, 41.5 ] },
																				"west": { "texture": "#skin", "uv": [ 18.5, 40.5, 19.0, 41.5 ] },
																				"up": { "texture": "#skin", "uv": [ 18.5, 40.0, 19.0, 40.5 ], "rotation": 90 },
																				"down": { "texture": "#skin", "uv": [ 18.5, 41.5, 19.0, 42.0 ], "rotation": 90 }
																			}
																		},
																		{
																			"name": "L branch 1E",
																			"from": [ 1.5, 0.5, 0.0 ], 
																			"to": [ 2.0, 1.5, 0.5 ], 
																			"unwrapMode": 4,
																			"uv": [ 18.0, 38.0 ],
																			"rotationOrigin": [ 1.5, 0.5, 0.0 ],
																			"rotationY": 2.0,
																			"rotationZ": -136.0,
																			"faces": {
																				"north": { "texture": "#skin", "uv": [ 18.0, 38.5, 18.5, 39.5 ] },
																				"east": { "texture": "#skin", "uv": [ 19.5, 38.5, 20.0, 39.5 ] },
																				"south": { "texture": "#skin", "uv": [ 19.0, 38.5, 19.5, 39.5 ] },
																				"west": { "texture": "#skin", "uv": [ 18.5, 38.5, 19.0, 39.5 ] },
																				"up": { "texture": "#skin", "uv": [ 18.5, 38.0, 19.0, 38.5 ], "rotation": 90 },
																				"down": { "texture": "#skin", "uv": [ 18.5, 39.5, 19.0, 40.0 ], "rotation": 90 }
																			}
																		}
																	]
																}
															]
														}
													]
												}
											]
										}
									]
								}
							]
						},
						{
							"name": "neckfur2",
							"from": [ -0.91, 0.364, 1.0738 ], 
							"to": [ 0.455, 4.914, 1.9838 ], 
							"unwrapMode": 3,
							"unwrapRotation": 1,
							"uv": [ 28.0, 22.5 ],
							"rotationOrigin": [ 0.455, 0.364, 1.092 ],
							"rotationZ": -6.0,
							"faces": {
								"north": { "texture": "#skin", "uv": [ 32.5, 22.5, 37.0, 23.5 ], "rotation": 270 },
								"east": { "texture": "#skin", "uv": [ 28.0, 22.5, 32.5, 23.0 ], "rotation": 90, "enabled": false, "windMode": [-1,-1,-1,-1], "windData": [1,1,1,1] },
								"south": { "texture": "#skin", "uv": [ 28.0, 22.5, 32.5, 23.5 ], "rotation": 90 },
								"west": { "texture": "#skin", "uv": [ 28.0, 23.5, 32.5, 24.0 ], "rotation": 90, "enabled": false, "windMode": [-1,-1,-1,-1], "windData": [0,0,1,1] },
								"up": { "texture": "#skin", "uv": [ 28.0, 22.5, 28.5, 23.5 ], "rotation": 90, "enabled": false, "windMode": [-1,-1,-1,-1], "windData": [1,1,1,1] },
								"down": { "texture": "#skin", "uv": [ 32.5, 22.5, 33.0, 23.5 ], "rotation": 270, "enabled": false, "windMode": [-1,-1,-1,-1], "windData": [0,1,1,0] }
							}
						}
					]
				},
				{
					"name": "Hump",
					"from": [ 3.83, -0.56, 0.728 ], 
					"to": [ 5.33, 3.08, 2.548 ], 
					"unwrapMode": 3,
					"unwrapRotation": 1,
					"uv": [ 26.5, 3.0 ],
					"rotationOrigin": [ 5.13, 3.04, 1.183 ],
					"rotationZ": 28.0,
					"faces": {
						"north": { "texture": "#skin", "uv": [ 31.5, 4.5, 35.0, 6.0 ], "rotation": 270 },
						"east": { "texture": "#skin", "uv": [ 26.5, 3.0, 30.0, 4.5 ], "rotation": 90, "windMode": [-1,-1,-1,-1], "windData": [1,1,1,1] },
						"south": { "texture": "#skin", "uv": [ 26.5, 4.5, 30.0, 6.0 ], "rotation": 90 },
						"west": { "texture": "#skin", "uv": [ 26.5, 6.0, 30.0, 7.5 ], "rotation": 90, "enabled": false, "windMode": [-1,-1,-1,-1], "windData": [1,1,1,1] },
						"up": { "texture": "#skin", "uv": [ 26.5, 4.5, 28.0, 6.0 ], "rotation": 90, "enabled": false, "windMode": [-1,-1,-1,-1], "windData": [1,1,1,1] },
						"down": { "texture": "#skin", "uv": [ 30.0, 4.5, 31.5, 6.0 ], "rotation": 270 }
					}
				},
				{
					"name": "neckfur1",
					"from": [ -2.73, 0.91, 1.274 ], 
					"to": [ 0.0, 7.28, 2.002 ], 
					"unwrapMode": 3,
					"unwrapRotation": 1,
					"uv": [ 28.0, 20.0 ],
					"rotationOrigin": [ 0.0, 0.91, 1.274 ],
					"rotationZ": -19.0,
					"faces": {
						"north": { "texture": "#skin", "uv": [ 34.0, 20.0, 40.0, 22.5 ], "rotation": 270 },
						"east": { "texture": "#skin", "uv": [ 28.0, 20.0, 34.0, 20.5 ], "rotation": 90, "enabled": false, "windMode": [-1,-1,-1,-1], "windData": [0,1,1,0] },
						"south": { "texture": "#skin", "uv": [ 28.0, 20.0, 34.0, 22.5 ], "rotation": 90 },
						"west": { "texture": "#skin", "uv": [ 28.0, 22.5, 34.0, 23.0 ], "rotation": 90, "enabled": false, "windMode": [-1,-1,-1,-1] },
						"up": { "texture": "#skin", "uv": [ 28.0, 20.0, 28.5, 22.5 ], "rotation": 90, "enabled": false, "windMode": [-1,-1,-1,-1], "windData": [0,0,1,1] },
						"down": { "texture": "#skin", "uv": [ 34.0, 20.0, 34.5, 22.5 ], "rotation": 270, "enabled": false, "windMode": [-1,-1,-1,-1] }
					}
				}
			]
		}
	]}