{
	"editor": {
		"allAngles": true,
		"entityTextureMode": true
	},
	"textureWidth": 32,
	"textureHeight": 32,
	"textureSizes": {
		"skin": [32,32]
	},
	"textures": {
	},
	"elements": [
		{
			"name": "Body",
			"from": [ 3.02, 7.32, 5.84 ], 
			"to": [ 7.78, 12.36, 9.68 ], 
			"unwrapMode": 3,
			"unwrapRotation": 1,
			"uv": [ 0.0, 0.0 ],
			"rotationOrigin": [ 7.78, 9.84, 8.0 ],
			"rotationZ": -6.0,
			"faces": {
				"north": { "texture": "#skin", "uv": [ 12.0, 3.5, 17.0, 8.0 ], "rotation": 270 },
				"east": { "texture": "#skin", "uv": [ 3.5, 0.0, 8.5, 3.5 ], "rotation": 90 },
				"south": { "texture": "#skin", "uv": [ 3.5, 3.5, 8.5, 8.0 ], "rotation": 90 },
				"west": { "texture": "#skin", "uv": [ 3.5, 8.0, 8.5, 11.5 ], "rotation": 90 },
				"up": { "texture": "#skin", "uv": [ 0.0, 3.5, 3.5, 8.0 ], "rotation": 90 },
				"down": { "texture": "#skin", "uv": [ 8.5, 3.5, 12.0, 8.0 ], "rotation": 270 }
			},
			"children": [
				{
					"name": "neck",
					"from": [ -0.36, 4.14, 1.02 ], 
					"to": [ 2.46, 7.86, 2.82 ], 
					"unwrapMode": 3,
					"unwrapRotation": 1,
					"uv": [ 17.0, 0.0 ],
					"rotationOrigin": [ 2.28, 4.14, 1.92 ],
					"rotationY": -5.0,
					"rotationZ": 60.0,
					"faces": {
						"north": { "texture": "#skin", "uv": [ 22.0, 1.5, 25.5, 4.0 ], "rotation": 270, "windMode": [-1,-1,-1,-1], "windData": [0,0,1,0] },
						"east": { "texture": "#skin", "uv": [ 18.5, 0.0, 22.0, 1.5 ], "rotation": 90, "windMode": [-1,-1,-1,-1], "windData": [1,0,0,1] },
						"south": { "texture": "#skin", "uv": [ 18.5, 1.5, 22.0, 4.0 ], "rotation": 90 },
						"west": { "texture": "#skin", "uv": [ 18.5, 4.0, 22.0, 5.5 ], "rotation": 90 },
						"up": { "texture": "#skin", "uv": [ 17.0, 1.5, 18.5, 4.0 ], "rotation": 90 },
						"down": { "texture": "#skin", "uv": [ 22.0, 1.5, 23.5, 4.0 ], "rotation": 270, "enabled": false, "windMode": [-1,-1,-1,-1], "windData": [0,1,1,0] }
					},
					"children": [
						{
							"name": "neck2",
							"from": [ 0.36, 1.98, -0.04 ], 
							"to": [ 2.64, 5.58, 1.64 ], 
							"unwrapMode": 3,
							"uv": [ 15.5, 7.0 ],
							"rotationOrigin": [ 2.52, 3.18, 0.8 ],
							"rotationX": -5.0,
							"rotationZ": -35.0,
							"faces": {
								"north": { "texture": "#skin", "uv": [ 20.5, 8.5, 22.5, 12.0 ], "windMode": [-1,-1,-1,-1], "windData": [1,1,1,1] },
								"east": { "texture": "#skin", "uv": [ 19.0, 8.5, 20.5, 12.0 ], "windMode": [-1,-1,-1,-1], "windData": [1,1,1,1] },
								"south": { "texture": "#skin", "uv": [ 17.0, 8.5, 19.0, 12.0 ], "windMode": [-1,-1,-1,-1], "windData": [1,1,1,1] },
								"west": { "texture": "#skin", "uv": [ 15.5, 8.5, 17.0, 12.0 ], "windMode": [-1,-1,-1,-1], "windData": [1,1,1,1] },
								"up": { "texture": "#skin", "uv": [ 17.0, 7.0, 19.0, 8.5 ], "windMode": [-1,-1,-1,-1], "windData": [1,1,1,1] },
								"down": { "texture": "#skin", "uv": [ 17.0, 12.0, 19.0, 13.5 ], "rotation": 180, "enabled": false, "windMode": [-1,-1,-1,-1], "windData": [1,1,1,1] }
							},
							"children": [
								{
									"name": "head",
									"from": [ 0.36, 0.96, -0.24 ], 
									"to": [ 2.28, 3.66, 1.92 ], 
									"unwrapMode": 4,
									"uv": [ 8.5, 8.0 ],
									"rotationOrigin": [ 2.28, 3.6, 0.9 ],
									"rotationY": -5.0,
									"rotationZ": -45.0,
									"faces": {
										"north": { "texture": "#skin", "uv": [ 8.5, 9.5, 10.0, 12.0 ] },
										"east": { "texture": "#skin", "uv": [ 13.5, 9.5, 15.5, 12.0 ] },
										"south": { "texture": "#skin", "uv": [ 12.0, 9.5, 13.5, 12.0 ] },
										"west": { "texture": "#skin", "uv": [ 10.0, 9.5, 12.0, 12.0 ] },
										"up": { "texture": "#skin", "uv": [ 10.0, 8.0, 12.0, 9.5 ], "rotation": 90 },
										"down": { "texture": "#skin", "uv": [ 10.0, 12.0, 12.0, 13.5 ], "rotation": 90 }
									},
									"children": [
										{
											"name": "mouth up",
											"from": [ -1.4, 0.3, 0.48 ], 
											"to": [ 0.36, 0.72, 1.68 ], 
											"unwrapMode": 5,
											"unwrapRotation": 1,
											"uv": [ 0.0, 8.0 ],
											"rotationOrigin": [ 0.3, 0.72, 1.08 ],
											"rotationZ": 45.0,
											"faces": {
												"north": { "texture": "#skin", "uv": [ 0.0, 8.0, 0.5, 9.5 ], "rotation": 270 },
												"east": { "texture": "#skin", "uv": [ 0.5, 8.0, 1.5, 8.5 ], "rotation": 180, "enabled": false },
												"south": { "texture": "#skin", "uv": [ 1.5, 8.0, 2.0, 9.5 ], "rotation": 90 },
												"west": { "texture": "#skin", "uv": [ 0.5, 9.5, 1.5, 10.0 ] },
												"up": { "texture": "#skin", "uv": [ 0.5, 8.0, 1.5, 9.5 ], "rotation": 90 },
												"down": { "texture": "#skin", "uv": [ 2.0, 8.0, 3.0, 9.5 ], "rotation": 270 }
											},
											"children": [
												{
													"name": "nose",
													"from": [ -0.24, 0.18, 0.18 ], 
													"to": [ 0.48, 0.78, 1.02 ], 
													"unwrapMode": 4,
													"uv": [ 11.0, 20.5 ],
													"rotationOrigin": [ -0.24, 0.78, 0.6 ],
													"rotationZ": 16.0,
													"faces": {
														"north": { "texture": "#skin", "uv": [ 11.0, 21.0, 11.5, 21.5 ], "windMode": [-1,-1,-1,-1], "windData": [1,1,1,1] },
														"east": { "texture": "#skin", "uv": [ 12.5, 21.0, 13.0, 21.5 ], "windMode": [-1,-1,-1,-1], "windData": [1,1,1,1] },
														"south": { "texture": "#skin", "uv": [ 12.0, 21.0, 12.5, 21.5 ], "windMode": [-1,-1,-1,-1], "windData": [1,1,1,1] },
														"west": { "texture": "#skin", "uv": [ 11.5, 21.0, 12.0, 21.5 ], "windMode": [-1,-1,-1,-1], "windData": [1,1,1,1] },
														"up": { "texture": "#skin", "uv": [ 11.5, 20.5, 12.0, 21.0 ], "rotation": 90, "windMode": [-1,-1,-1,-1], "windData": [1,1,1,1] },
														"down": { "texture": "#skin", "uv": [ 11.5, 21.5, 12.0, 22.0 ], "rotation": 90, "windMode": [-1,-1,-1,-1], "windData": [1,1,1,1] }
													}
												},
												{
													"name": "nose bridge",
													"from": [ 0.36, 0.0, 0.12 ], 
													"to": [ 3.3, 0.9, 1.08 ], 
													"unwrapMode": 5,
													"unwrapRotation": 1,
													"uv": [ 9.0, 20.5 ],
													"rotationOrigin": [ 0.36, 0.0, 0.48 ],
													"rotationZ": 20.0,
													"faces": {
														"north": { "texture": "#skin", "uv": [ 9.0, 20.5, 9.5, 23.0 ], "rotation": 270 },
														"east": { "texture": "#skin", "uv": [ 9.5, 20.5, 10.0, 21.0 ], "rotation": 180, "enabled": false, "windMode": [-1,-1,-1,-1], "windData": [1,1,1,1] },
														"south": { "texture": "#skin", "uv": [ 10.0, 20.5, 10.5, 23.0 ], "rotation": 90 },
														"west": { "texture": "#skin", "uv": [ 9.5, 23.0, 10.0, 23.5 ], "windMode": [-1,-1,-1,-1], "windData": [1,1,1,1] },
														"up": { "texture": "#skin", "uv": [ 9.5, 20.5, 10.0, 23.0 ], "rotation": 90 },
														"down": { "texture": "#skin", "uv": [ 10.5, 20.5, 11.0, 23.0 ], "rotation": 270, "enabled": false }
													}
												}
											]
										},
										{
											"name": "R ear",
											"from": [ 1.32, 1.62, -1.8 ], 
											"to": [ 1.68, 2.94, 0.36 ], 
											"unwrapMode": 4,
											"uv": [ 0.0, 26.0 ],
											"rotationOrigin": [ 1.5, 2.28, 0.36 ],
											"rotationX": 45.0,
											"rotationZ": 22.0,
											"faces": {
												"north": { "texture": "#skin", "uv": [ 0.0, 26.5, 0.5, 27.5 ] },
												"east": { "texture": "#skin", "uv": [ 2.5, 26.5, 4.5, 27.5 ] },
												"south": { "texture": "#skin", "uv": [ 2.5, 26.5, 3.0, 27.5 ], "enabled": false, "windMode": [-1,-1,-1,-1], "windData": [1,1,1,1] },
												"west": { "texture": "#skin", "uv": [ 0.5, 26.5, 2.5, 27.5 ] },
												"up": { "texture": "#skin", "uv": [ 0.5, 26.0, 2.5, 26.5 ], "rotation": 90 },
												"down": { "texture": "#skin", "uv": [ 0.5, 27.5, 2.5, 28.0 ], "rotation": 90 }
											}
										},
										{
											"name": "L ear",
											"from": [ 1.32, 1.62, 1.8 ], 
											"to": [ 1.68, 2.94, 3.96 ], 
											"unwrapMode": 4,
											"uv": [ 0.5, 23.5 ],
											"rotationOrigin": [ 1.5, 2.28, 1.8 ],
											"rotationX": -45.0,
											"rotationZ": 22.0,
											"faces": {
												"north": { "texture": "#skin", "uv": [ 0.5, 24.0, 1.0, 25.0 ], "enabled": false },
												"east": { "texture": "#skin", "uv": [ 3.0, 24.0, 5.0, 25.0 ] },
												"south": { "texture": "#skin", "uv": [ 2.5, 24.0, 3.0, 25.0 ] },
												"west": { "texture": "#skin", "uv": [ 0.5, 24.0, 2.5, 25.0 ] },
												"up": { "texture": "#skin", "uv": [ 0.5, 23.5, 2.5, 24.0 ], "rotation": 90 },
												"down": { "texture": "#skin", "uv": [ 0.5, 25.0, 2.5, 25.5 ], "rotation": 90 }
											}
										},
										{
											"name": "jaw",
											"from": [ -0.92, 0.0, 0.54 ], 
											"to": [ 0.84, 0.36, 1.62 ], 
											"unwrapMode": 5,
											"unwrapRotation": 1,
											"uv": [ 0.0, 10.0 ],
											"rotationOrigin": [ 0.66, 0.36, 1.08 ],
											"rotationZ": 35.0,
											"faces": {
												"north": { "texture": "#skin", "uv": [ 0.0, 10.0, 0.5, 11.5 ], "rotation": 270 },
												"east": { "texture": "#skin", "uv": [ 0.5, 10.0, 1.5, 10.5 ], "rotation": 180, "enabled": false },
												"south": { "texture": "#skin", "uv": [ 1.5, 10.0, 2.0, 11.5 ], "rotation": 90 },
												"west": { "texture": "#skin", "uv": [ 0.5, 11.5, 1.5, 12.0 ] },
												"up": { "texture": "#skin", "uv": [ 0.5, 10.0, 1.5, 11.5 ], "rotation": 90 },
												"down": { "texture": "#skin", "uv": [ 2.0, 10.0, 3.0, 11.5 ], "rotation": 270 }
											}
										}
									]
								}
							]
						}
					]
				},
				{
					"name": "abdomen",
					"from": [ 4.28, 0.0, 0.12 ], 
					"to": [ 9.76, 5.04, 3.72 ], 
					"unwrapMode": 3,
					"unwrapRotation": 1,
					"uv": [ 0.0, 11.5 ],
					"rotationOrigin": [ 4.28, 2.52, 1.92 ],
					"rotationZ": 8.0,
					"faces": {
						"north": { "texture": "#skin", "uv": [ 12.0, 15.0, 17.0, 20.0 ], "rotation": 270 },
						"east": { "texture": "#skin", "uv": [ 3.5, 11.5, 8.5, 15.0 ], "rotation": 90 },
						"south": { "texture": "#skin", "uv": [ 3.5, 15.0, 8.5, 20.0 ], "rotation": 90 },
						"west": { "texture": "#skin", "uv": [ 3.5, 20.0, 8.5, 23.5 ], "rotation": 90 },
						"up": { "texture": "#skin", "uv": [ 0.0, 15.0, 3.5, 20.0 ], "rotation": 90 },
						"down": { "texture": "#skin", "uv": [ 8.5, 15.0, 12.0, 20.0 ], "rotation": 270 }
					},
					"children": [
						{
							"name": "L back Thigh",
							"from": [ 2.24, -0.24, 2.64 ], 
							"to": [ 5.84, 4.08, 4.08 ], 
							"unwrapMode": 3,
							"uv": [ 17.0, 12.0 ],
							"rotationOrigin": [ 3.68, 2.94, 3.36 ],
							"rotationX": 3.0,
							"rotationZ": -23.0,
							"faces": {
								"north": { "texture": "#skin", "uv": [ 22.5, 13.0, 26.0, 17.0 ] },
								"east": { "texture": "#skin", "uv": [ 21.5, 13.0, 22.5, 17.0 ] },
								"south": { "texture": "#skin", "uv": [ 18.0, 13.0, 21.5, 17.0 ] },
								"west": { "texture": "#skin", "uv": [ 17.0, 13.0, 18.0, 17.0 ] },
								"up": { "texture": "#skin", "uv": [ 18.0, 12.0, 21.5, 13.0 ], "windMode": [-1,-1,-1,-1], "windData": [0,0,1,1] },
								"down": { "texture": "#skin", "uv": [ 18.0, 17.0, 21.5, 18.0 ], "rotation": 180 }
							},
							"children": [
								{
									"name": "L back Upper Arm",
									"from": [ 0.24, -3.84, 0.12 ], 
									"to": [ 1.68, 0.84, 1.26 ], 
									"unwrapMode": 3,
									"uv": [ 17.5, 18.0 ],
									"rotationOrigin": [ 0.96, 0.78, 0.72 ],
									"rotationX": 1.0,
									"rotationZ": 58.0,
									"faces": {
										"north": { "texture": "#skin", "uv": [ 20.5, 19.0, 21.5, 23.5 ] },
										"east": { "texture": "#skin", "uv": [ 19.5, 19.0, 20.5, 23.5 ] },
										"south": { "texture": "#skin", "uv": [ 18.5, 19.0, 19.5, 23.5 ] },
										"west": { "texture": "#skin", "uv": [ 17.5, 19.0, 18.5, 23.5 ] },
										"up": { "texture": "#skin", "uv": [ 18.5, 18.0, 19.5, 19.0 ] },
										"down": { "texture": "#skin", "uv": [ 18.5, 23.5, 19.5, 24.5 ], "rotation": 180 }
									},
									"children": [
										{
											"name": "L back lower arm",
											"from": [ 0.24, -4.32, 0.12 ], 
											"to": [ 1.08, 0.72, 0.84 ], 
											"unwrapMode": 3,
											"uv": [ 21.5, 18.5 ],
											"rotationOrigin": [ 0.78, 0.72, 0.54 ],
											"rotationX": -4.0,
											"rotationZ": -63.0,
											"faces": {
												"north": { "texture": "#skin", "uv": [ 23.0, 19.0, 23.5, 24.0 ] },
												"east": { "texture": "#skin", "uv": [ 22.5, 19.0, 23.0, 24.0 ] },
												"south": { "texture": "#skin", "uv": [ 22.0, 19.0, 22.5, 24.0 ] },
												"west": { "texture": "#skin", "uv": [ 21.5, 19.0, 22.0, 24.0 ] },
												"up": { "texture": "#skin", "uv": [ 22.0, 18.5, 22.5, 19.0 ] },
												"down": { "texture": "#skin", "uv": [ 22.0, 24.0, 22.5, 24.5 ], "rotation": 180 }
											},
											"children": [
												{
													"name": "L back pastern",
													"from": [ 0.06, -0.84, 0.0 ], 
													"to": [ 0.78, 0.96, 0.72 ], 
													"unwrapMode": 3,
													"uv": [ 23.5, 18.5 ],
													"rotationOrigin": [ 0.48, 0.9, 0.36 ],
													"faces": {
														"north": { "texture": "#skin", "uv": [ 25.0, 19.0, 25.5, 20.5 ] },
														"east": { "texture": "#skin", "uv": [ 24.5, 19.0, 25.0, 20.5 ] },
														"south": { "texture": "#skin", "uv": [ 24.0, 19.0, 24.5, 20.5 ] },
														"west": { "texture": "#skin", "uv": [ 23.5, 19.0, 24.0, 20.5 ] },
														"up": { "texture": "#skin", "uv": [ 24.0, 18.5, 24.5, 19.0 ] },
														"down": { "texture": "#skin", "uv": [ 24.0, 20.5, 24.5, 21.0 ], "rotation": 180 }
													},
													"children": [
														{
															"name": "L origin hind hoof",
															"from": [ 0.42, 0.54, 0.42 ], 
															"to": [ 0.42, 0.54, 0.42 ], 
															"uv": [ 0.0, 0.0 ],
															"rotationOrigin": [ 0.42, 0.54, 0.42 ],
															"faces": {
																"north": { "texture": "#skin", "uv": [ 0.0, 0.5, 0.36, 0.86 ], "enabled": false },
																"east": { "texture": "#skin", "uv": [ 0.5, 0.5, 0.86, 0.86 ], "enabled": false },
																"south": { "texture": "#skin", "uv": [ 1.0, 0.5, 1.36, 0.86 ], "enabled": false },
																"west": { "texture": "#skin", "uv": [ 1.5, 0.5, 1.86, 0.86 ], "enabled": false },
																"up": { "texture": "#skin", "uv": [ 0.0, 0.0, 0.36, 0.36 ], "enabled": false },
																"down": { "texture": "#skin", "uv": [ 0.5, 0.0, 0.86, 0.36 ], "enabled": false }
															},
															"children": [
																{
																	"name": "L hind hoof 1",
																	"from": [ -1.38, -0.24, -0.36 ], 
																	"to": [ -0.24, 0.24, 0.24 ], 
																	"unwrapMode": 4,
																	"uv": [ 23.5, 24.0 ],
																	"rotationOrigin": [ -0.18, 0.06, 0.24 ],
																	"rotationZ": 50.0,
																	"faces": {
																		"north": { "texture": "#skin", "uv": [ 23.5, 25.0, 24.5, 25.5 ] },
																		"east": { "texture": "#skin", "uv": [ 26.0, 25.0, 26.5, 25.5 ] },
																		"south": { "texture": "#skin", "uv": [ 25.0, 25.0, 26.0, 25.5 ] },
																		"west": { "texture": "#skin", "uv": [ 24.5, 25.0, 25.0, 25.5 ] },
																		"up": { "texture": "#skin", "uv": [ 24.5, 24.0, 25.0, 25.0 ], "rotation": 90 },
																		"down": { "texture": "#skin", "uv": [ 24.5, 25.5, 25.0, 26.5 ], "rotation": 90 }
																	}
																},
																{
																	"name": "L hind hoof 2",
																	"from": [ -0.96, -0.6, -0.36 ], 
																	"to": [ 0.24, -0.24, 0.24 ], 
																	"unwrapMode": 4,
																	"uv": [ 25.0, 26.5 ],
																	"rotationOrigin": [ 0.12, -0.24, 0.18 ],
																	"rotationZ": 27.0,
																	"faces": {
																		"north": { "texture": "#skin", "uv": [ 25.0, 27.5, 26.0, 28.0 ] },
																		"east": { "texture": "#skin", "uv": [ 27.5, 27.5, 28.0, 28.0 ] },
																		"south": { "texture": "#skin", "uv": [ 26.5, 27.5, 27.5, 28.0 ] },
																		"west": { "texture": "#skin", "uv": [ 26.0, 27.5, 26.5, 28.0 ] },
																		"up": { "texture": "#skin", "uv": [ 26.0, 26.5, 26.5, 27.5 ], "rotation": 90 },
																		"down": { "texture": "#skin", "uv": [ 26.0, 28.0, 26.5, 29.0 ], "rotation": 90 }
																	}
																}
															]
														}
													]
												}
											]
										}
									]
								}
							]
						},
						{
							"name": "tail",
							"from": [ 5.02, 2.94, 1.32 ], 
							"to": [ 5.74, 4.38, 2.16 ], 
							"unwrapMode": 3,
							"unwrapRotation": 1,
							"uv": [ 9.0, 0.0 ],
							"rotationOrigin": [ 5.02, 4.38, 1.68 ],
							"rotationZ": 66.0,
							"faces": {
								"north": { "texture": "#skin", "uv": [ 11.0, 0.5, 12.0, 1.0 ], "rotation": 270, "windMode": [-1,-1,-1,-1], "windData": [0,1,1,0] },
								"east": { "texture": "#skin", "uv": [ 9.5, 0.0, 10.5, 0.5 ], "rotation": 90, "windMode": [-1,-1,-1,-1], "windData": [0,1,1,0] },
								"south": { "texture": "#skin", "uv": [ 9.5, 0.5, 10.5, 1.0 ], "rotation": 90 },
								"west": { "texture": "#skin", "uv": [ 9.5, 1.0, 10.5, 1.5 ], "rotation": 90, "windMode": [-1,-1,-1,-1], "windData": [0,0,1,1] },
								"up": { "texture": "#skin", "uv": [ 9.0, 0.5, 9.5, 1.0 ], "rotation": 90, "windMode": [-1,-1,-1,-1], "windData": [1,1,1,1] },
								"down": { "texture": "#skin", "uv": [ 10.5, 0.5, 11.0, 1.0 ], "rotation": 270, "windMode": [-1,-1,-1,-1] }
							},
							"children": [
								{
									"name": "tail-end",
									"from": [ 0.0, -1.62, 0.06 ], 
									"to": [ 0.84, 0.3, 0.78 ], 
									"unwrapMode": 3,
									"unwrapRotation": 1,
									"uv": [ 9.0, 1.5 ],
									"rotationOrigin": [ 0.0, 0.24, 0.06 ],
									"rotationZ": -22.0,
									"faces": {
										"north": { "texture": "#skin", "uv": [ 11.5, 2.0, 13.0, 2.5 ], "rotation": 270 },
										"east": { "texture": "#skin", "uv": [ 9.5, 1.5, 11.0, 2.0 ], "rotation": 90 },
										"south": { "texture": "#skin", "uv": [ 9.5, 2.0, 11.0, 2.5 ], "rotation": 90 },
										"west": { "texture": "#skin", "uv": [ 9.5, 2.5, 11.0, 3.0 ], "rotation": 90 },
										"up": { "texture": "#skin", "uv": [ 9.0, 2.0, 9.5, 2.5 ], "rotation": 90, "windMode": [-1,-1,-1,-1], "windData": [1,1,1,1] },
										"down": { "texture": "#skin", "uv": [ 11.0, 2.0, 11.5, 2.5 ], "rotation": 270 }
									}
								}
							]
						},
						{
							"name": "R back Thigh",
							"from": [ 2.24, -0.24, -0.54 ], 
							"to": [ 5.84, 4.08, 0.9 ], 
							"unwrapMode": 1,
							"uv": [ 4.5, 24.0 ],
							"rotationOrigin": [ 3.68, 2.94, 0.18 ],
							"rotationX": -3.0,
							"rotationZ": -23.0,
							"faces": {
								"north": { "texture": "#skin", "uv": [ 5.5, 25.0, 9.0, 29.0 ] },
								"east": { "texture": "#skin", "uv": [ 4.5, 25.0, 5.5, 29.0 ] },
								"south": { "texture": "#skin", "uv": [ 10.0, 25.0, 13.5, 29.0 ] },
								"west": { "texture": "#skin", "uv": [ 9.0, 25.0, 10.0, 29.0 ] },
								"up": { "texture": "#skin", "uv": [ 5.5, 24.0, 9.0, 25.0 ], "rotation": 180 },
								"down": { "texture": "#skin", "uv": [ 5.5, 29.0, 9.0, 30.0 ] }
							},
							"children": [
								{
									"name": "R back Upper Arm",
									"from": [ 0.24, -3.84, 0.12 ], 
									"to": [ 1.68, 0.84, 1.26 ], 
									"unwrapMode": 1,
									"uv": [ 13.5, 25.0 ],
									"rotationOrigin": [ 0.96, 0.78, 0.72 ],
									"rotationX": -1.0,
									"rotationZ": 80.0,
									"faces": {
										"north": { "texture": "#skin", "uv": [ 14.5, 26.0, 15.5, 30.5 ] },
										"east": { "texture": "#skin", "uv": [ 13.5, 26.0, 14.5, 30.5 ] },
										"south": { "texture": "#skin", "uv": [ 16.5, 26.0, 17.5, 30.5 ] },
										"west": { "texture": "#skin", "uv": [ 15.5, 26.0, 16.5, 30.5 ] },
										"up": { "texture": "#skin", "uv": [ 14.5, 25.0, 15.5, 26.0 ], "rotation": 180 },
										"down": { "texture": "#skin", "uv": [ 14.5, 30.5, 15.5, 31.5 ] }
									},
									"children": [
										{
											"name": "R back lower arm",
											"from": [ 0.24, -4.72, 0.24 ], 
											"to": [ 1.08, 0.32, 0.96 ], 
											"unwrapMode": 1,
											"uv": [ 17.5, 26.0 ],
											"rotationOrigin": [ 0.78, 0.32, 0.66 ],
											"rotationX": 4.0,
											"rotationZ": -50.0,
											"faces": {
												"north": { "texture": "#skin", "uv": [ 18.0, 26.5, 18.5, 31.5 ] },
												"east": { "texture": "#skin", "uv": [ 17.5, 26.5, 18.0, 31.5 ] },
												"south": { "texture": "#skin", "uv": [ 19.0, 26.5, 19.5, 31.5 ] },
												"west": { "texture": "#skin", "uv": [ 18.5, 26.5, 19.0, 31.5 ] },
												"up": { "texture": "#skin", "uv": [ 18.0, 26.0, 18.5, 26.5 ], "rotation": 180 },
												"down": { "texture": "#skin", "uv": [ 18.0, 31.5, 18.5, 32.0 ] }
											},
											"children": [
												{
													"name": "R back pastern",
													"from": [ 0.06, -1.34, 0.0 ], 
													"to": [ 0.78, 0.46, 0.72 ], 
													"unwrapMode": 1,
													"uv": [ 19.5, 29.33 ],
													"rotationOrigin": [ 0.48, 0.4, 0.36 ],
													"rotationZ": -33.0,
													"faces": {
														"north": { "texture": "#skin", "uv": [ 20.0, 30.0, 20.5, 31.5 ] },
														"east": { "texture": "#skin", "uv": [ 19.5, 30.0, 20.0, 31.5 ] },
														"south": { "texture": "#skin", "uv": [ 21.0, 30.0, 21.5, 31.5 ] },
														"west": { "texture": "#skin", "uv": [ 20.5, 30.0, 21.0, 31.5 ] },
														"up": { "texture": "#skin", "uv": [ 20.0, 29.5, 20.5, 30.0 ], "rotation": 180 },
														"down": { "texture": "#skin", "uv": [ 20.0, 31.5, 20.5, 32.0 ] }
													},
													"children": [
														{
															"name": "R origin hind hoof",
															"from": [ 0.42, 0.54, 0.42 ], 
															"to": [ 0.42, 0.54, 0.42 ], 
															"uv": [ 0.0, 0.0 ],
															"rotationOrigin": [ 0.42, 0.54, 0.42 ],
															"faces": {
																"north": { "texture": "#skin", "uv": [ 0.0, 0.5, 0.36, 0.86 ], "enabled": false },
																"east": { "texture": "#skin", "uv": [ 0.5, 0.5, 0.86, 0.86 ], "enabled": false },
																"south": { "texture": "#skin", "uv": [ 1.0, 0.5, 1.36, 0.86 ], "enabled": false },
																"west": { "texture": "#skin", "uv": [ 1.5, 0.5, 1.86, 0.86 ], "enabled": false },
																"up": { "texture": "#skin", "uv": [ 0.0, 0.0, 0.36, 0.36 ], "enabled": false },
																"down": { "texture": "#skin", "uv": [ 0.5, 0.0, 0.86, 0.36 ], "enabled": false }
															},
															"children": [
																{
																	"name": "R hind hoof 1",
																	"from": [ -1.38, -0.24, -0.36 ], 
																	"to": [ -0.24, 0.24, 0.24 ], 
																	"unwrapMode": 4,
																	"uv": [ 13.0, 22.5 ],
																	"rotationOrigin": [ -0.18, 0.06, 0.24 ],
																	"rotationZ": 50.0,
																	"faces": {
																		"north": { "texture": "#skin", "uv": [ 13.0, 23.5, 14.0, 24.0 ] },
																		"east": { "texture": "#skin", "uv": [ 15.5, 23.5, 16.0, 24.0 ] },
																		"south": { "texture": "#skin", "uv": [ 14.5, 23.5, 15.5, 24.0 ] },
																		"west": { "texture": "#skin", "uv": [ 14.0, 23.5, 14.5, 24.0 ] },
																		"up": { "texture": "#skin", "uv": [ 14.0, 22.5, 14.5, 23.5 ], "rotation": 90 },
																		"down": { "texture": "#skin", "uv": [ 14.0, 24.0, 14.5, 25.0 ], "rotation": 90 }
																	}
																},
																{
																	"name": "R hind hoof 2",
																	"from": [ -0.96, -0.6, -0.36 ], 
																	"to": [ 0.24, -0.24, 0.24 ], 
																	"unwrapMode": 4,
																	"uv": [ 15.0, 23.0 ],
																	"rotationOrigin": [ 0.12, -0.24, 0.18 ],
																	"rotationZ": 27.0,
																	"faces": {
																		"north": { "texture": "#skin", "uv": [ 15.0, 24.0, 16.0, 24.5 ] },
																		"east": { "texture": "#skin", "uv": [ 17.5, 24.0, 18.0, 24.5 ] },
																		"south": { "texture": "#skin", "uv": [ 16.5, 24.0, 17.5, 24.5 ] },
																		"west": { "texture": "#skin", "uv": [ 16.0, 24.0, 16.5, 24.5 ] },
																		"up": { "texture": "#skin", "uv": [ 16.0, 23.0, 16.5, 24.0 ], "rotation": 90 },
																		"down": { "texture": "#skin", "uv": [ 16.0, 24.5, 16.5, 25.5 ], "rotation": 90 }
																	}
																}
															]
														}
													]
												}
											]
										}
									]
								}
							]
						}
					]
				},
				{
					"name": "L front Thigh",
					"from": [ 0.54, 0.0, 3.24 ], 
					"to": [ 2.7, 3.6, 4.38 ], 
					"unwrapMode": 3,
					"uv": [ 25.5, 0.5 ],
					"rotationOrigin": [ 1.62, 2.16, 3.96 ],
					"rotationX": 3.0,
					"rotationZ": 33.0,
					"faces": {
						"north": { "texture": "#skin", "uv": [ 29.5, 1.5, 31.5, 5.0 ] },
						"east": { "texture": "#skin", "uv": [ 28.5, 1.5, 29.5, 5.0 ] },
						"south": { "texture": "#skin", "uv": [ 26.5, 1.5, 28.5, 5.0 ] },
						"west": { "texture": "#skin", "uv": [ 25.5, 1.5, 26.5, 5.0 ] },
						"up": { "texture": "#skin", "uv": [ 26.5, 0.5, 28.5, 1.5 ], "windMode": [-1,-1,-1,-1] },
						"down": { "texture": "#skin", "uv": [ 26.5, 5.0, 28.5, 6.0 ], "rotation": 180 }
					},
					"children": [
						{
							"name": "L front Upper Arm",
							"from": [ 0.36, -3.6, 0.12 ], 
							"to": [ 1.56, 0.72, 0.96 ], 
							"unwrapMode": 3,
							"uv": [ 22.5, 4.0 ],
							"rotationOrigin": [ 1.08, 0.36, 0.72 ],
							"rotationX": 1.0,
							"rotationZ": -47.0,
							"faces": {
								"north": { "texture": "#skin", "uv": [ 24.5, 4.5, 25.5, 8.5 ] },
								"east": { "texture": "#skin", "uv": [ 24.0, 4.5, 24.5, 8.5 ] },
								"south": { "texture": "#skin", "uv": [ 23.0, 4.5, 24.0, 8.5 ] },
								"west": { "texture": "#skin", "uv": [ 22.5, 4.5, 23.0, 8.5 ] },
								"up": { "texture": "#skin", "uv": [ 23.0, 4.0, 24.0, 4.5 ] },
								"down": { "texture": "#skin", "uv": [ 23.0, 8.5, 24.0, 9.0 ], "rotation": 180 }
							},
							"children": [
								{
									"name": "L front lower arm",
									"from": [ 0.18, -2.88, 0.06 ], 
									"to": [ 0.9, 0.72, 0.78 ], 
									"unwrapMode": 3,
									"uv": [ 25.5, 5.5 ],
									"rotationOrigin": [ 0.72, 0.36, 0.48 ],
									"rotationX": -3.0,
									"rotationZ": 64.0,
									"faces": {
										"north": { "texture": "#skin", "uv": [ 27.0, 6.0, 27.5, 9.5 ] },
										"east": { "texture": "#skin", "uv": [ 26.5, 6.0, 27.0, 9.5 ] },
										"south": { "texture": "#skin", "uv": [ 26.0, 6.0, 26.5, 9.5 ] },
										"west": { "texture": "#skin", "uv": [ 25.5, 6.0, 26.0, 9.5 ] },
										"up": { "texture": "#skin", "uv": [ 26.0, 5.5, 26.5, 6.0 ] },
										"down": { "texture": "#skin", "uv": [ 26.0, 9.5, 26.5, 10.0 ], "rotation": 180 }
									},
									"children": [
										{
											"name": "L front pastern",
											"from": [ 0.0, -1.56, 0.0 ], 
											"to": [ 0.6, 0.24, 0.72 ], 
											"unwrapMode": 3,
											"uv": [ 28.0, 5.5 ],
											"rotationOrigin": [ 0.06, 0.18, 0.36 ],
											"rotationX": -1.0,
											"rotationZ": 58.0,
											"faces": {
												"north": { "texture": "#skin", "uv": [ 29.5, 6.0, 30.0, 7.5 ] },
												"east": { "texture": "#skin", "uv": [ 29.0, 6.0, 29.5, 7.5 ] },
												"south": { "texture": "#skin", "uv": [ 28.5, 6.0, 29.0, 7.5 ] },
												"west": { "texture": "#skin", "uv": [ 28.0, 6.0, 28.5, 7.5 ] },
												"up": { "texture": "#skin", "uv": [ 28.5, 5.5, 29.0, 6.0 ] },
												"down": { "texture": "#skin", "uv": [ 28.5, 7.5, 29.0, 8.0 ], "rotation": 180 }
											},
											"children": [
												{
													"name": "L origin hoof",
													"from": [ 0.36, 0.54, 0.42 ], 
													"to": [ 0.36, 0.54, 0.42 ], 
													"uv": [ 0.0, 0.0 ],
													"rotationOrigin": [ 0.36, 0.54, 0.42 ],
													"rotationZ": 39.0,
													"faces": {
														"north": { "texture": "#skin", "uv": [ 0.0, 0.5, 0.36, 0.86 ], "enabled": false },
														"east": { "texture": "#skin", "uv": [ 0.5, 0.5, 0.86, 0.86 ], "enabled": false },
														"south": { "texture": "#skin", "uv": [ 1.0, 0.5, 1.36, 0.86 ], "enabled": false },
														"west": { "texture": "#skin", "uv": [ 1.5, 0.5, 1.86, 0.86 ], "enabled": false },
														"up": { "texture": "#skin", "uv": [ 0.0, 0.0, 0.36, 0.36 ], "enabled": false },
														"down": { "texture": "#skin", "uv": [ 0.5, 0.0, 0.86, 0.36 ], "enabled": false }
													},
													"children": [
														{
															"name": "L front hoof 1",
															"from": [ -1.38, -0.24, -0.36 ], 
															"to": [ -0.24, 0.24, 0.24 ], 
															"unwrapMode": 4,
															"uv": [ 23.0, 25.5 ],
															"rotationOrigin": [ -0.18, 0.06, 0.24 ],
															"rotationZ": 50.0,
															"faces": {
																"north": { "texture": "#skin", "uv": [ 23.0, 26.5, 24.0, 27.0 ] },
																"east": { "texture": "#skin", "uv": [ 25.5, 26.5, 26.0, 27.0 ] },
																"south": { "texture": "#skin", "uv": [ 24.5, 26.5, 25.5, 27.0 ] },
																"west": { "texture": "#skin", "uv": [ 24.0, 26.5, 24.5, 27.0 ] },
																"up": { "texture": "#skin", "uv": [ 24.0, 25.5, 24.5, 26.5 ], "rotation": 90 },
																"down": { "texture": "#skin", "uv": [ 24.0, 27.0, 24.5, 28.0 ], "rotation": 90 }
															}
														},
														{
															"name": "L front hoof 2",
															"from": [ -0.96, -0.6, -0.36 ], 
															"to": [ 0.24, -0.24, 0.24 ], 
															"unwrapMode": 4,
															"uv": [ 22.5, 27.0 ],
															"rotationOrigin": [ 0.12, -0.24, 0.18 ],
															"rotationZ": 27.0,
															"faces": {
																"north": { "texture": "#skin", "uv": [ 22.5, 28.0, 23.5, 28.5 ] },
																"east": { "texture": "#skin", "uv": [ 25.0, 28.0, 25.5, 28.5 ] },
																"south": { "texture": "#skin", "uv": [ 24.0, 28.0, 25.0, 28.5 ] },
																"west": { "texture": "#skin", "uv": [ 23.5, 28.0, 24.0, 28.5 ] },
																"up": { "texture": "#skin", "uv": [ 23.5, 27.0, 24.0, 28.0 ], "rotation": 90 },
																"down": { "texture": "#skin", "uv": [ 23.5, 28.5, 24.0, 29.5 ], "rotation": 90 }
															}
														}
													]
												}
											]
										}
									]
								}
							]
						}
					]
				},
				{
					"name": "R front Thigh",
					"from": [ 0.54, 0.0, -0.42 ], 
					"to": [ 2.7, 3.6, 0.72 ], 
					"unwrapMode": 1,
					"uv": [ 26.0, 9.5 ],
					"rotationOrigin": [ 1.62, 2.16, 0.0 ],
					"rotationX": -3.0,
					"rotationZ": 15.0,
					"faces": {
						"north": { "texture": "#skin", "uv": [ 27.0, 10.5, 29.0, 14.0 ] },
						"east": { "texture": "#skin", "uv": [ 26.0, 10.5, 27.0, 14.0 ] },
						"south": { "texture": "#skin", "uv": [ 30.0, 10.5, 32.0, 14.0 ] },
						"west": { "texture": "#skin", "uv": [ 29.0, 10.5, 30.0, 14.0 ] },
						"up": { "texture": "#skin", "uv": [ 27.0, 9.5, 29.0, 10.5 ], "rotation": 180 },
						"down": { "texture": "#skin", "uv": [ 27.0, 14.0, 29.0, 15.0 ] }
					},
					"children": [
						{
							"name": "R front Upper Arm",
							"from": [ 0.36, -3.6, 0.12 ], 
							"to": [ 1.56, 0.72, 0.96 ], 
							"unwrapMode": 1,
							"uv": [ 26.0, 15.0 ],
							"rotationOrigin": [ 1.08, 0.36, 0.72 ],
							"rotationX": -1.0,
							"rotationZ": -8.0,
							"faces": {
								"north": { "texture": "#skin", "uv": [ 26.5, 15.5, 27.5, 19.5 ] },
								"east": { "texture": "#skin", "uv": [ 26.0, 15.5, 26.5, 19.5 ] },
								"south": { "texture": "#skin", "uv": [ 28.0, 15.5, 29.0, 19.5 ] },
								"west": { "texture": "#skin", "uv": [ 27.5, 15.5, 28.0, 19.5 ] },
								"up": { "texture": "#skin", "uv": [ 26.5, 15.0, 27.5, 15.5 ], "rotation": 180 },
								"down": { "texture": "#skin", "uv": [ 26.5, 19.5, 27.5, 20.0 ] }
							},
							"children": [
								{
									"name": "R front lower arm",
									"from": [ 0.18, -2.88, 0.06 ], 
									"to": [ 0.9, 0.72, 0.78 ], 
									"unwrapMode": 1,
									"uv": [ 29.0, 15.0 ],
									"rotationOrigin": [ 0.72, 0.36, 0.6 ],
									"rotationX": 3.0,
									"rotationZ": -4.0,
									"faces": {
										"north": { "texture": "#skin", "uv": [ 29.5, 15.5, 30.0, 19.0 ] },
										"east": { "texture": "#skin", "uv": [ 29.0, 15.5, 29.5, 19.0 ] },
										"south": { "texture": "#skin", "uv": [ 30.5, 15.5, 31.0, 19.0 ] },
										"west": { "texture": "#skin", "uv": [ 30.0, 15.5, 30.5, 19.0 ] },
										"up": { "texture": "#skin", "uv": [ 29.5, 15.0, 30.0, 15.5 ], "rotation": 180 },
										"down": { "texture": "#skin", "uv": [ 29.5, 19.0, 30.0, 19.5 ] }
									},
									"children": [
										{
											"name": "R front pastern",
											"from": [ 0.0, -1.26, 0.0 ], 
											"to": [ 0.6, 0.54, 0.72 ], 
											"unwrapMode": 1,
											"uv": [ 30.0, 19.5 ],
											"rotationOrigin": [ 0.06, 0.48, 0.36 ],
											"rotationX": -1.0,
											"rotationZ": -19.0,
											"faces": {
												"north": { "texture": "#skin", "uv": [ 30.5, 20.0, 31.0, 21.5 ] },
												"east": { "texture": "#skin", "uv": [ 30.0, 20.0, 30.5, 21.5 ] },
												"south": { "texture": "#skin", "uv": [ 31.5, 20.0, 32.0, 21.5 ] },
												"west": { "texture": "#skin", "uv": [ 31.0, 20.0, 31.5, 21.5 ] },
												"up": { "texture": "#skin", "uv": [ 30.5, 19.5, 31.0, 20.0 ], "rotation": 180 },
												"down": { "texture": "#skin", "uv": [ 30.5, 21.5, 31.0, 22.0 ] }
											},
											"children": [
												{
													"name": "R origin hoof",
													"from": [ 0.36, 0.54, 0.42 ], 
													"to": [ 0.36, 0.54, 0.42 ], 
													"uv": [ 0.0, 0.0 ],
													"rotationOrigin": [ 0.36, 0.54, 0.42 ],
													"faces": {
														"north": { "texture": "#skin", "uv": [ 0.0, 0.5, 0.36, 0.86 ], "enabled": false },
														"east": { "texture": "#skin", "uv": [ 0.5, 0.5, 0.86, 0.86 ], "enabled": false },
														"south": { "texture": "#skin", "uv": [ 1.0, 0.5, 1.36, 0.86 ], "enabled": false },
														"west": { "texture": "#skin", "uv": [ 1.5, 0.5, 1.86, 0.86 ], "enabled": false },
														"up": { "texture": "#skin", "uv": [ 0.0, 0.0, 0.36, 0.36 ], "enabled": false },
														"down": { "texture": "#skin", "uv": [ 0.5, 0.0, 0.86, 0.36 ], "enabled": false }
													},
													"children": [
														{
															"name": "R front hoof 1",
															"from": [ -1.38, -0.24, -0.36 ], 
															"to": [ -0.24, 0.24, 0.24 ], 
															"unwrapMode": 4,
															"uv": [ 12.5, 21.0 ],
															"rotationOrigin": [ -0.18, 0.06, 0.24 ],
															"rotationZ": 50.0,
															"faces": {
																"north": { "texture": "#skin", "uv": [ 12.5, 22.0, 13.5, 22.5 ] },
																"east": { "texture": "#skin", "uv": [ 15.0, 22.0, 15.5, 22.5 ] },
																"south": { "texture": "#skin", "uv": [ 14.0, 22.0, 15.0, 22.5 ] },
																"west": { "texture": "#skin", "uv": [ 13.5, 22.0, 14.0, 22.5 ] },
																"up": { "texture": "#skin", "uv": [ 13.5, 21.0, 14.0, 22.0 ], "rotation": 90 },
																"down": { "texture": "#skin", "uv": [ 13.5, 22.5, 14.0, 23.5 ], "rotation": 90 }
															}
														},
														{
															"name": "R front hoof 2",
															"from": [ -0.96, -0.6, -0.36 ], 
															"to": [ 0.24, -0.24, 0.24 ], 
															"unwrapMode": 4,
															"uv": [ 10.5, 22.0 ],
															"rotationOrigin": [ 0.12, -0.24, 0.18 ],
															"rotationZ": 27.0,
															"faces": {
																"north": { "texture": "#skin", "uv": [ 10.5, 23.0, 11.5, 23.5 ] },
																"east": { "texture": "#skin", "uv": [ 13.0, 23.0, 13.5, 23.5 ] },
																"south": { "texture": "#skin", "uv": [ 12.0, 23.0, 13.0, 23.5 ] },
																"west": { "texture": "#skin", "uv": [ 11.5, 23.0, 12.0, 23.5 ] },
																"up": { "texture": "#skin", "uv": [ 11.5, 22.0, 12.0, 23.0 ], "rotation": 90 },
																"down": { "texture": "#skin", "uv": [ 11.5, 23.5, 12.0, 24.5 ], "rotation": 90 }
															}
														}
													]
												}
											]
										}
									]
								}
							]
						}
					]
				}
			],
			"attachmentpoints": [
				{
					"code": "Center",
					"posX": "9.0","posY": "4.0","posZ": "5.0",
					"rotationX": "0.0","rotationY": "0.0","rotationZ": "0.0"
				}
			]
		}
	]}