{
	"editor": {
		"allAngles": true,
		"entityTextureMode": true
	},
	"textureWidth": 32,
	"textureHeight": 24,
	"textureSizes": {
		"bottom": [16,16],
		"skin": [32,24]
	},
	"textures": {
	},
	"elements": [
		{
			"name": "Rotation Point",
			"from": [ 0.0, 16.0, 0.0 ], 
			"to": [ 0.0, 16.0, 0.0 ], 
			"uv": [ 0.0, 0.0 ],
			"rotationOrigin": [ 0.0, 16.0, 0.0 ],
			"rotationZ": -90.0,
			"faces": {
				"north": { "texture": "#null", "uv": [ 0.0, 0.5, 0.5, 1.0 ], "enabled": false },
				"east": { "texture": "#null", "uv": [ 0.5, 0.5, 1.0, 1.0 ], "enabled": false },
				"south": { "texture": "#null", "uv": [ 1.0, 0.5, 1.5, 1.0 ], "enabled": false },
				"west": { "texture": "#null", "uv": [ 1.5, 0.5, 2.0, 1.0 ], "enabled": false },
				"up": { "texture": "#null", "uv": [ 0.0, 0.0, 0.5, 0.5 ], "enabled": false },
				"down": { "texture": "#null", "uv": [ 0.5, 0.0, 1.0, 0.5 ], "enabled": false }
			},
			"children": [
				{
					"name": "Base",
					"from": [ 7.0, 0.0, 8.0 ], 
					"to": [ 7.0, 0.0, 8.0 ], 
					"uv": [ 0.0, 0.0 ],
					"rotationOrigin": [ 7.0, 0.0, 8.0 ],
					"faces": {
						"north": { "texture": "#null", "uv": [ 0.0, 0.5, 0.5, 1.0 ], "enabled": false },
						"east": { "texture": "#null", "uv": [ 0.5, 0.5, 1.0, 1.0 ], "enabled": false },
						"south": { "texture": "#null", "uv": [ 1.0, 0.5, 1.5, 1.0 ], "enabled": false },
						"west": { "texture": "#null", "uv": [ 1.5, 0.5, 2.0, 1.0 ], "enabled": false },
						"up": { "texture": "#null", "uv": [ 0.0, 0.0, 0.5, 0.5 ], "enabled": false },
						"down": { "texture": "#null", "uv": [ 0.5, 0.0, 1.0, 0.5 ], "enabled": false }
					},
					"children": [
						{
							"name": "PeltBody",
							"from": [ 0.0, 0.0, -0.7 ], 
							"to": [ 1.4, 0.147, 0.7 ], 
							"unwrapMode": 5,
							"autoUnwrap": false,
							"uv": [ -10.0, 9.5 ],
							"rotationOrigin": [ 0.0, 0.0, -0.7 ],
							"faces": {
								"north": { "texture": "#skin", "uv": [ 11.0, 3.5, 15.0, 4.0 ], "windMode": [-1,-1,-1,-1] },
								"east": { "texture": "#skin", "uv": [ 7.5, 3.5, 11.5, 4.0 ], "windMode": [-1,-1,-1,-1] },
								"south": { "texture": "#skin", "uv": [ 3.5, 3.5, 7.5, 4.0 ], "windMode": [-1,-1,-1,-1] },
								"west": { "texture": "#skin", "uv": [ 0.0, 3.5, 4.0, 4.0 ], "rotation": 180, "windMode": [-1,-1,-1,-1] },
								"up": { "texture": "#skin", "uv": [ 3.5, 0.0, 7.5, 3.5 ], "autoUv": false, "windMode": [-1,-1,-1,-1] },
								"down": { "texture": "#bottom", "uv": [ 0.5, 10.0, 4.5, 14.0 ], "windMode": [-1,-1,-1,-1] }
							},
							"children": [
								{
									"name": "LBody",
									"from": [ 0.0, 0.0035, 1.26 ], 
									"to": [ 1.4, 0.1435, 2.135 ], 
									"unwrapMode": 5,
									"autoUnwrap": false,
									"uv": [ 1.0, 4.5 ],
									"rotationOrigin": [ 0.0, -0.0035, 1.26 ],
									"rotationY": -3.0,
									"faces": {
										"north": { "texture": "#null", "uv": [ 0.0, 3.5, 4.0, 4.0 ], "enabled": false },
										"east": { "texture": "#skin", "uv": [ 7.0, 5.0, 7.5, 7.5 ], "rotation": 90, "windMode": [-1,-1,-1,-1] },
										"south": { "texture": "#skin", "uv": [ 3.5, 7.5, 7.5, 8.0 ], "windMode": [-1,-1,-1,-1] },
										"west": { "texture": "#skin", "uv": [ 3.5, 5.0, 4.0, 7.5 ], "rotation": 90, "windMode": [-1,-1,-1,-1] },
										"up": { "texture": "#skin", "uv": [ 3.5, 5.0, 7.5, 7.5 ], "windMode": [-1,-1,-1,-1] },
										"down": { "texture": "#bottom", "uv": [ 8.0, 4.5, 12.0, 7.0 ], "windMode": [-1,-1,-1,-1] }
									},
									"children": [
										{
											"name": "LArm",
											"from": [ 0.0, 0.0035, 0.525 ], 
											"to": [ 0.35, 0.1365, 1.575 ], 
											"unwrapMode": 5,
											"autoUnwrap": false,
											"uv": [ 13.0, 12.0 ],
											"rotationOrigin": [ 0.0, 0.0035, 0.525 ],
											"rotationY": -30.0,
											"faces": {
												"north": { "texture": "#null", "uv": [ 0.0, 3.0, 1.0, 3.5 ], "enabled": false },
												"east": { "texture": "#skin", "uv": [ 26.0, 0.0, 26.5, 3.0 ], "rotation": 90, "windMode": [-1,-1,-1,-1] },
												"south": { "texture": "#skin", "uv": [ 25.5, 3.0, 26.5, 3.5 ], "windMode": [-1,-1,-1,-1] },
												"west": { "texture": "#skin", "uv": [ 25.5, 0.0, 26.0, 3.0 ], "rotation": 270, "windMode": [-1,-1,-1,-1] },
												"up": { "texture": "#skin", "uv": [ 25.5, 0.0, 26.5, 3.0 ], "windMode": [-1,-1,-1,-1] },
												"down": { "texture": "#bottom", "uv": [ 15.0, 12.0, 16.0, 15.0 ], "windMode": [-1,-1,-1,-1] }
											},
											"children": [
												{
													"name": "LArmLower",
													"from": [ 0.35, 0.0035, 0.0 ], 
													"to": [ 0.7, 0.1295, 1.05 ], 
													"unwrapMode": 5,
													"autoUnwrap": false,
													"uv": [ 13.0, 11.5 ],
													"rotationOrigin": [ 0.7, 0.0035, 0.0 ],
													"rotationY": -10.0,
													"faces": {
														"north": { "texture": "#null", "uv": [ 0.0, 3.0, 1.0, 3.5 ], "enabled": false },
														"east": { "texture": "#skin", "uv": [ 26.0, 0.0, 26.5, 3.0 ], "rotation": 90 },
														"south": { "texture": "#skin", "uv": [ 25.5, 3.0, 26.5, 3.5 ], "windMode": [-1,-1,-1,-1] },
														"west": { "texture": "#null", "uv": [ 5.0, 3.0, 8.0, 3.5 ], "enabled": false },
														"up": { "texture": "#skin", "uv": [ 25.5, 0.0, 26.5, 3.0 ], "windMode": [-1,-1,-1,-1] },
														"down": { "texture": "#bottom", "uv": [ 15.0, 11.5, 16.0, 14.5 ], "windMode": [-1,-1,-1,-1] }
													}
												}
											]
										}
									]
								},
								{
									"name": "RBody",
									"from": [ 0.0, -0.1435, 0.14 ], 
									"to": [ 1.4, -0.0035, 1.015 ], 
									"unwrapMode": 6,
									"autoUnwrap": false,
									"uv": [ 0.5, 8.0 ],
									"rotationOrigin": [ 0.0, 0.0, 0.14 ],
									"rotationX": 180.0,
									"rotationY": -3.0,
									"faces": {
										"north": { "texture": "#null", "uv": [ 0.0, 3.5, 4.0, 4.0 ], "enabled": false },
										"east": { "texture": "#skin", "uv": [ 11.0, 5.0, 11.5, 7.5 ], "rotation": 90 },
										"south": { "texture": "#skin", "uv": [ 11.0, 7.5, 15.0, 8.0 ], "windMode": [-1,-1,-1,-1] },
										"west": { "texture": "#skin", "uv": [ 14.5, 5.0, 15.0, 7.5 ], "rotation": 90, "windMode": [-1,-1,-1,-1] },
										"up": { "texture": "#bottom", "uv": [ 8.0, 4.5, 10.5, 8.5 ], "rotation": 90, "windMode": [-1,-1,-1,-1] },
										"down": { "texture": "#skin", "uv": [ 11.0, 5.0, 15.0, 7.5 ], "windMode": [-1,-1,-1,-1] }
									},
									"children": [
										{
											"name": "RArm",
											"from": [ 0.0, 0.0035, 0.525 ], 
											"to": [ 0.35, 0.1365, 1.575 ], 
											"unwrapMode": 6,
											"autoUnwrap": false,
											"uv": [ 4.0, 6.5 ],
											"rotationOrigin": [ 0.0, 0.1365, 0.525 ],
											"rotationY": -30.0,
											"faces": {
												"north": { "texture": "#null", "uv": [ 0.0, 3.0, 1.0, 3.5 ], "enabled": false },
												"east": { "texture": "#skin", "uv": [ 29.0, 0.0, 29.5, 3.0 ], "rotation": 90 },
												"south": { "texture": "#skin", "uv": [ 28.5, 3.0, 29.5, 3.5 ], "rotation": 180, "windMode": [-1,-1,-1,-1] },
												"west": { "texture": "#skin", "uv": [ 28.5, 0.0, 29.0, 3.0 ], "rotation": 270, "windMode": [-1,-1,-1,-1] },
												"up": { "texture": "#bottom", "uv": [ 6.0, 7.0, 7.0, 10.0 ], "windMode": [-1,-1,-1,-1] },
												"down": { "texture": "#skin", "uv": [ 28.5, 0.0, 29.5, 3.0 ], "windMode": [-1,-1,-1,-1] }
											},
											"children": [
												{
													"name": "RArmLower",
													"from": [ 0.35, 0.0035, 0.0 ], 
													"to": [ 0.7, 0.1295, 1.05 ], 
													"unwrapMode": 5,
													"autoUnwrap": false,
													"uv": [ 4.5, 6.5 ],
													"rotationOrigin": [ 0.7, 0.1295, 0.0 ],
													"rotationY": -10.0,
													"faces": {
														"north": { "texture": "#null", "uv": [ 0.0, 3.0, 1.0, 3.5 ], "enabled": false },
														"east": { "texture": "#skin", "uv": [ 29.0, 0.0, 29.5, 3.0 ], "rotation": 90, "windMode": [-1,-1,-1,-1] },
														"south": { "texture": "#skin", "uv": [ 28.5, 3.0, 29.5, 3.5 ], "windMode": [-1,-1,-1,-1] },
														"west": { "texture": "#null", "uv": [ 5.0, 3.0, 8.0, 3.5 ], "enabled": false, "windMode": [-1,-1,-1,-1] },
														"up": { "texture": "#bottom", "uv": [ 4.5, 6.5, 5.5, 9.5 ], "windMode": [-1,-1,-1,-1] },
														"down": { "texture": "#skin", "uv": [ 28.5, 0.0, 29.5, 3.0 ], "windMode": [-1,-1,-1,-1] }
													}
												}
											]
										}
									]
								},
								{
									"name": "PeltAbdomen",
									"from": [ 1.4, 0.0035, 0.0 ], 
									"to": [ 2.45, 0.1435, 1.4 ], 
									"unwrapMode": 5,
									"autoUnwrap": false,
									"uv": [ -11.0, 10.0 ],
									"rotationOrigin": [ 1.4, 0.0035, 0.0 ],
									"faces": {
										"north": { "texture": "#skin", "uv": [ 26.0, 4.0, 29.0, 4.5 ], "rotation": 180, "windMode": [-1,-1,-1,-1] },
										"east": { "texture": "#skin", "uv": [ 22.0, 4.0, 26.0, 4.5 ], "windMode": [-1,-1,-1,-1] },
										"south": { "texture": "#skin", "uv": [ 19.0, 4.0, 22.0, 4.5 ], "windMode": [-1,-1,-1,-1] },
										"west": { "texture": "#null", "uv": [ 13.0, 3.0, 17.0, 3.5 ], "enabled": false, "windMode": [-1,-1,-1,-1] },
										"up": { "texture": "#skin", "uv": [ 19.0, 0.0, 22.0, 4.0 ], "windMode": [-1,-1,-1,-1] },
										"down": { "texture": "#bottom", "uv": [ 0.5, 10.5, 3.5, 14.5 ], "windMode": [-1,-1,-1,-1] }
									},
									"children": [
										{
											"name": "LAbdomen",
											"from": [ 0.0, 0.0035, 1.225 ], 
											"to": [ 1.05, 0.1365, 2.275 ], 
											"unwrapMode": 5,
											"autoUnwrap": false,
											"uv": [ 1.0, 7.5 ],
											"rotationOrigin": [ 0.0, 0.0035, 1.225 ],
											"rotationY": -3.0,
											"faces": {
												"north": { "texture": "#null", "uv": [ 0.0, 4.0, 3.0, 4.5 ], "enabled": false, "windMode": [-1,-1,-1,-1] },
												"east": { "texture": "#skin", "uv": [ 22.0, 5.5, 22.5, 8.5 ], "rotation": 90, "windMode": [-1,-1,-1,-1] },
												"south": { "texture": "#skin", "uv": [ 19.0, 8.0, 22.0, 8.5 ], "windMode": [-1,-1,-1,-1] },
												"west": { "texture": "#skin", "uv": [ 18.5, 5.5, 19.0, 8.5 ], "rotation": 90, "windMode": [-1,-1,-1,-1] },
												"up": { "texture": "#skin", "uv": [ 19.0, 5.5, 22.0, 8.5 ], "windMode": [-1,-1,-1,-1] },
												"down": { "texture": "#bottom", "uv": [ 7.0, 7.5, 10.0, 10.5 ], "windMode": [-1,-1,-1,-1] }
											},
											"children": [
												{
													"name": "LLeg",
													"from": [ 0.0, 0.0035, 1.05 ], 
													"to": [ 0.7, 0.1295, 2.45 ], 
													"unwrapMode": 5,
													"autoUnwrap": false,
													"uv": [ 0.5, 5.5 ],
													"rotationOrigin": [ 0.0, 0.0035, 1.05 ],
													"rotationY": 72.0,
													"faces": {
														"north": { "texture": "#null", "uv": [ 0.0, 4.0, 2.0, 4.5 ], "enabled": false },
														"east": { "texture": "#skin", "uv": [ 10.0, 16.0, 10.5, 20.0 ], "rotation": 90, "windMode": [-1,-1,-1,-1] },
														"south": { "texture": "#skin", "uv": [ 8.0, 19.5, 10.0, 20.0 ], "windMode": [-1,-1,-1,-1] },
														"west": { "texture": "#skin", "uv": [ 8.0, 16.0, 8.5, 20.0 ], "rotation": 270, "windMode": [-1,-1,-1,-1] },
														"up": { "texture": "#skin", "uv": [ 8.0, 16.0, 10.0, 20.0 ], "windMode": [-1,-1,-1,-1] },
														"down": { "texture": "#bottom", "uv": [ 3.5, 5.5, 5.5, 9.5 ], "windMode": [-1,-1,-1,-1] }
													},
													"children": [
														{
															"name": "LLegEnd",
															"from": [ 0.0, -0.0035, 1.225 ], 
															"to": [ 0.7, 0.1295, 1.925 ], 
															"unwrapMode": 5,
															"autoUnwrap": false,
															"uv": [ 2.0, 7.5 ],
															"rotationOrigin": [ 0.35, -0.0035, 1.225 ],
															"rotationY": -14.0,
															"faces": {
																"north": { "texture": "#skin", "uv": [ 29.0, 3.5, 31.0, 4.0 ], "rotation": 180, "windMode": [-1,-1,-1,-1] },
																"east": { "texture": "#skin", "uv": [ 31.0, 4.0, 31.5, 6.0 ], "rotation": 90, "windMode": [-1,-1,-1,-1] },
																"south": { "texture": "#skin", "uv": [ 29.0, 5.5, 31.0, 6.0 ], "windMode": [-1,-1,-1,-1] },
																"west": { "texture": "#skin", "uv": [ 29.0, 4.0, 29.5, 6.0 ], "rotation": 270, "windMode": [-1,-1,-1,-1] },
																"up": { "texture": "#skin", "uv": [ 29.0, 4.0, 31.0, 6.0 ], "windMode": [-1,-1,-1,-1] },
																"down": { "texture": "#bottom", "uv": [ 5.0, 8.0, 7.0, 10.0 ], "windMode": [-1,-1,-1,-1] }
															}
														}
													]
												},
												{
													"name": "LLegLower",
													"from": [ 0.525, 0.007, -0.175 ], 
													"to": [ 1.05, 0.126, 1.05 ], 
													"unwrapMode": 5,
													"autoUnwrap": false,
													"uv": [ 0.5, 6.0 ],
													"rotationOrigin": [ 1.05, 0.007, -0.175 ],
													"rotationY": 26.0,
													"faces": {
														"north": { "texture": "#null", "uv": [ 0.0, 3.5, 1.5, 4.0 ], "enabled": false },
														"east": { "texture": "#skin", "uv": [ 31.5, 3.5, 32.0, 6.0 ], "rotation": 90, "autoUv": false },
														"south": { "texture": "#null", "uv": [ 5.0, 3.5, 6.5, 4.0 ], "enabled": false, "windMode": [-1,-1,-1,-1] },
														"west": { "texture": "#null", "uv": [ 6.5, 3.5, 10.0, 4.0 ], "enabled": false, "windMode": [-1,-1,-1,-1] },
														"up": { "texture": "#skin", "uv": [ 30.5, 3.5, 31.5, 6.0 ], "autoUv": false, "windMode": [-1,-1,-1,-1] },
														"down": { "texture": "#bottom", "uv": [ 2.5, 6.0, 4.0, 9.5 ], "windMode": [-1,-1,-1,-1] }
													}
												}
											]
										},
										{
											"name": "RAbdomen",
											"from": [ 0.0, -0.1295, 0.175 ], 
											"to": [ 1.05, 0.0035, 1.225 ], 
											"unwrapMode": 5,
											"autoUnwrap": false,
											"uv": [ 0.5, 4.5 ],
											"rotationOrigin": [ 0.0, 0.0035, 0.175 ],
											"rotationX": 180.0,
											"rotationY": -3.0,
											"faces": {
												"north": { "texture": "#null", "uv": [ 0.0, 4.0, 3.0, 4.5 ], "enabled": false },
												"east": { "texture": "#skin", "uv": [ 25.5, 5.5, 26.0, 8.5 ], "rotation": 90, "windMode": [-1,-1,-1,-1] },
												"south": { "texture": "#skin", "uv": [ 26.0, 8.0, 29.0, 8.5 ], "windMode": [-1,-1,-1,-1] },
												"west": { "texture": "#skin", "uv": [ 28.5, 5.5, 29.0, 8.5 ], "rotation": 90, "windMode": [-1,-1,-1,-1] },
												"up": { "texture": "#bottom", "uv": [ 1.0, 4.5, 4.0, 7.5 ], "windMode": [-1,-1,-1,-1] },
												"down": { "texture": "#skin", "uv": [ 26.0, 5.5, 29.0, 8.5 ], "windMode": [-1,-1,-1,-1] }
											},
											"children": [
												{
													"name": "RLeg",
													"from": [ 0.0, 0.0035, 1.05 ], 
													"to": [ 0.7, 0.1295, 2.45 ], 
													"unwrapMode": 5,
													"autoUnwrap": false,
													"uv": [ 1.5, 4.5 ],
													"rotationOrigin": [ 0.0, 0.1295, 1.05 ],
													"rotationY": 72.0,
													"faces": {
														"north": { "texture": "#null", "uv": [ 0.0, 4.0, 2.0, 4.5 ], "enabled": false },
														"east": { "texture": "#skin", "uv": [ 1.0, 15.5, 1.5, 19.5 ], "rotation": 90, "windMode": [-1,-1,-1,-1] },
														"south": { "texture": "#skin", "uv": [ 1.5, 19.0, 3.5, 19.5 ], "windMode": [-1,-1,-1,-1] },
														"west": { "texture": "#skin", "uv": [ 3.0, 15.5, 3.5, 19.5 ], "rotation": 270, "windMode": [-1,-1,-1,-1] },
														"up": { "texture": "#bottom", "uv": [ 2.0, 4.5, 4.0, 8.5 ], "windMode": [-1,-1,-1,-1] },
														"down": { "texture": "#skin", "uv": [ 1.5, 15.5, 3.5, 19.5 ], "windMode": [-1,-1,-1,-1] }
													},
													"children": [
														{
															"name": "RLegEnd",
															"from": [ 0.0, -0.0035, 1.225 ], 
															"to": [ 0.7, 0.1295, 1.925 ], 
															"unwrapMode": 5,
															"autoUnwrap": false,
															"uv": [ 0.5, 7.5 ],
															"rotationOrigin": [ 0.35, 0.133, 1.225 ],
															"rotationY": -14.0,
															"faces": {
																"north": { "texture": "#skin", "uv": [ 22.0, 0.5, 24.0, 1.0 ], "rotation": 180, "windMode": [-1,-1,-1,-1] },
																"east": { "texture": "#skin", "uv": [ 24.0, 1.0, 24.5, 3.0 ], "rotation": 270, "windMode": [-1,-1,-1,-1] },
																"south": { "texture": "#skin", "uv": [ 22.0, 2.5, 24.0, 3.0 ], "rotation": 180, "windMode": [-1,-1,-1,-1] },
																"west": { "texture": "#skin", "uv": [ 22.0, 1.0, 22.5, 3.0 ], "rotation": 90, "windMode": [-1,-1,-1,-1] },
																"up": { "texture": "#bottom", "uv": [ 1.0, 8.0, 3.0, 10.0 ], "windMode": [-1,-1,-1,-1] },
																"down": { "texture": "#skin", "uv": [ 22.0, 1.0, 24.0, 3.0 ], "rotation": 180, "windMode": [-1,-1,-1,-1] }
															}
														}
													]
												},
												{
													"name": "RLegLower",
													"from": [ 0.525, 0.007, -0.175 ], 
													"to": [ 1.05, 0.126, 1.05 ], 
													"unwrapMode": 5,
													"autoUnwrap": false,
													"uv": [ 12.5, 4.5 ],
													"rotationOrigin": [ 1.05, 0.126, -0.175 ],
													"rotationY": 26.0,
													"faces": {
														"north": { "texture": "#null", "uv": [ 0.0, 3.5, 1.5, 4.0 ], "enabled": false },
														"east": { "texture": "#skin", "uv": [ 24.5, 0.5, 25.0, 3.0 ], "rotation": 90, "autoUv": false, "windMode": [-1,-1,-1,-1] },
														"south": { "texture": "#null", "uv": [ 5.0, 3.5, 6.5, 4.0 ], "enabled": false },
														"west": { "texture": "#null", "uv": [ 6.5, 3.5, 10.0, 4.0 ], "enabled": false },
														"up": { "texture": "#bottom", "uv": [ 12.5, 4.5, 14.0, 8.0 ], "windMode": [-1,-1,-1,-1] },
														"down": { "texture": "#skin", "uv": [ 24.0, 0.5, 25.0, 3.0 ], "autoUv": false, "windMode": [-1,-1,-1,-1] }
													}
												}
											]
										},
										{
											"name": "PeltTail",
											"from": [ 1.05, 0.0035, 0.0 ], 
											"to": [ 2.1, 0.1365, 1.4 ], 
											"autoUnwrap": false,
											"uv": [ 0.5, 1.0 ],
											"rotationOrigin": [ 1.05, 0.0035, 0.0 ],
											"faces": {
												"north": { "texture": "#skin", "uv": [ 15.0, 0.0, 15.5, 3.0 ], "rotation": 90, "windMode": [-1,-1,-1,-1] },
												"east": { "texture": "#skin", "uv": [ 19.5, 8.5, 20.0, 12.5 ], "rotation": 90, "enabled": false, "windMode": [-1,-1,-1,-1] },
												"south": { "texture": "#skin", "uv": [ 8.5, 0.0, 9.0, 3.0 ], "rotation": 270, "windMode": [-1,-1,-1,-1] },
												"west": { "texture": "#skin", "uv": [ 10.0, 0.0, 14.0, 0.5 ], "windMode": [-1,-1,-1,-1] },
												"up": { "texture": "#skin", "uv": [ 10.0, 0.0, 14.0, 3.0 ], "rotation": 270, "windMode": [-1,-1,-1,-1] },
												"down": { "texture": "#skin", "uv": [ 18.0, 15.5, 21.0, 19.5 ], "enabled": false, "windMode": [-1,-1,-1,-1] }
											},
											"children": [
												{
													"name": "PeltTailEnd",
													"from": [ 0.0, -0.0035, 0.56 ], 
													"to": [ 0.7, 0.1225, 0.84 ], 
													"autoUnwrap": false,
													"uv": [ 0.0, 0.5 ],
													"rotationOrigin": [ 0.0, -0.0035, 0.56 ],
													"faces": {
														"north": { "texture": "#skin", "uv": [ 13.5, 10.5, 14.0, 12.5 ], "rotation": 90, "windMode": [-1,-1,-1,-1] },
														"east": { "texture": "#skin", "uv": [ 19.5, 23.0, 20.0, 23.5 ], "enabled": false, "windMode": [-1,-1,-1,-1] },
														"south": { "texture": "#skin", "uv": [ 12.5, 10.5, 13.0, 12.5 ], "rotation": 270, "windMode": [-1,-1,-1,-1] },
														"west": { "texture": "#skin", "uv": [ 13.0, 10.5, 13.5, 11.0 ], "windMode": [-1,-1,-1,-1] },
														"up": { "texture": "#skin", "uv": [ 13.0, 10.5, 13.5, 12.5 ], "rotation": 90, "windMode": [-1,-1,-1,-1] },
														"down": { "texture": "#skin", "uv": [ 13.0, 10.5, 13.5, 12.5 ], "rotation": 90, "windMode": [-1,-1,-1,-1] }
													}
												}
											]
										}
									]
								},
								{
									"name": "LNeck",
									"from": [ -0.7, 0.007, 0.7 ], 
									"to": [ 0.0, 0.14, 1.75 ], 
									"unwrapMode": 5,
									"autoUnwrap": false,
									"uv": [ 5.0, 11.5 ],
									"rotationOrigin": [ 0.0, 0.007, 0.7 ],
									"rotationY": 22.0,
									"faces": {
										"north": { "texture": "#skin", "uv": [ 9.0, 12.0, 11.0, 12.5 ], "rotation": 180 },
										"east": { "texture": "#null", "uv": [ 2.0, 3.0, 5.0, 3.5 ], "enabled": false, "windMode": [-1,-1,-1,-1] },
										"south": { "texture": "#skin", "uv": [ 9.0, 15.5, 11.0, 16.0 ], "windMode": [-1,-1,-1,-1] },
										"west": { "texture": "#skin", "uv": [ 8.5, 12.5, 9.0, 15.5 ], "rotation": 270, "windMode": [-1,-1,-1,-1] },
										"up": { "texture": "#skin", "uv": [ 9.0, 12.5, 11.0, 15.5 ], "windMode": [-1,-1,-1,-1] },
										"down": { "texture": "#bottom", "uv": [ 7.5, 12.0, 9.5, 15.0 ], "windMode": [-1,-1,-1,-1] }
									}
								},
								{
									"name": "RNeck",
									"from": [ -0.7, -0.126, 0.7 ], 
									"to": [ 0.0, 0.007, 1.75 ], 
									"unwrapMode": 6,
									"autoUnwrap": false,
									"uv": [ 8.0, 11.5 ],
									"rotationOrigin": [ 0.0, 0.007, 0.7 ],
									"rotationX": 180.0,
									"rotationY": 22.0,
									"faces": {
										"north": { "texture": "#skin", "uv": [ 9.0, 9.5, 11.0, 10.0 ] },
										"east": { "texture": "#null", "uv": [ 2.0, 3.0, 5.0, 3.5 ], "enabled": false, "windMode": [-1,-1,-1,-1] },
										"south": { "texture": "#skin", "uv": [ 14.0, 15.5, 16.0, 16.0 ], "rotation": 180, "windMode": [-1,-1,-1,-1] },
										"west": { "texture": "#skin", "uv": [ 16.0, 12.5, 16.5, 15.5 ], "rotation": 270, "windMode": [-1,-1,-1,-1] },
										"up": { "texture": "#bottom", "uv": [ 10.5, 12.0, 12.5, 15.0 ], "windMode": [-1,-1,-1,-1] },
										"down": { "texture": "#skin", "uv": [ 14.0, 12.5, 16.0, 15.5 ], "windMode": [-1,-1,-1,-1] }
									}
								}
							]
						}
					]
				}
			]
		}
	]}