[
  {
    "op": "addmerge",
    "path": "/server/behaviors/9/aitasks/0/entityCodes/0",
    "value": "spheniscidae-*",
    "file": "game:entities/land/bear.json",
    "side": "Server"
  },
  {
    "op": "addmerge",
    "path": "/server/behaviors/9/aitasks/3/entityCodesByType/*-sun/-",
    "value": "spheniscidae-adult-*",
    "file": "game:entities/land/bear.json",
    "side": "Server"
  },
  {
    "op": "addmerge",
    "path": "/server/behaviors/9/aitasks/3/entityCodesByType/*/-",
    "value": "spheniscidae-adult-*",
    "file": "game:entities/land/bear.json",
    "side": "Server"
  },


  

  {
    "op": "addmerge",
    "path": "/server/behaviors/10/aitasks/1/entityCodes/0",
    "value": "spheniscidae-*",
    "file": "game:entities/land/hyena-female.json",
    "side": "Server"
  },

  {
    "op": "addmerge",
    "path": "/server/behaviors/10/aitasks/3/entityCodes/0",
    "value": "spheniscidae-*",
    "file": "game:entities/land/hyena-female.json",
    "side": "Server"
  },

  {
    "op": "addmerge",
    "path": "/server/behaviors/9/aitasks/1/entityCodes/0",
    "value": "spheniscidae-*",
    "file": "game:entities/land/hyena-male.json",
    "side": "Server"
  },

  {
    "op": "addmerge",
    "path": "/server/behaviors/9/aitasks/3/entityCodes/0",
    "value": "spheniscidae-*",
    "file": "game:entities/land/hyena-male.json",
    "side": "Server"
  },





  {
    "op": "addmerge",
    "path": "/server/behaviors/10/aitasks/0/entityCodes/0",
    "value": "spheniscidae-*",
    "file": "game:entities/land/wolf-female.json",
    "side": "Server"
  },
  {
    "op": "addmerge",
    "path": "/server/behaviors/10/aitasks/3/entityCodes/0",
    "value": "spheniscidae-*",
    "file": "game:entities/land/wolf-female.json",
    "side": "Server"
  },

  {
    "op": "addmerge",
    "path": "/server/behaviors/9/aitasks/0/entityCodes/0",
    "value": "spheniscidae-*",
    "file": "game:entities/land/wolf-male.json",
    "side": "Server"
  },


  {
    "op": "addmerge",
    "path": "/server/behaviors/9/aitasks/3/entityCodes/0",
    "value": "spheniscidae-*",
    "file": "game:entities/land/wolf-male.json",
    "side": "Server"
  }


]