{
	"code": "megalapterygidae",
	"class": "EntityAgent",
	"variantgroups": [
		{ "code": "age", "states": ["nest"] },
		{ "code": "type", "states": ["megalapteryxdidinus" ] },
		{ "code": "state", "states": ["incubating","mature","empty"] }
	],
	"selectionBoxSizeByType": {
		"*": {"x": 0.5,"y": 0.5}
	},
	"deadSelectionBoxSizeByType": {
		"*": {"x": 0.5,"y": 0.5}
	},
	"knockbackResistanceByType": {
		"*": 10.0
	},	
	"eyeHeight": 0.6,
	"weightByType": {
		"*": 100
	},	
	"dropsByType": {"*-incubating":[{ "type": "item", "code": "creature-megalapterygidae-egg-{type}-raw","quantity": {"avg": 1.0,"var": 0.0}}]},	
	"attributes": {
	},
	"client": {
		"renderer": "Shape",
		"shapeByType": {"*": { "base": "entity/land/megalapterygidae/nest-{state}" }},
		"sizeByType": {
			"*": 0.5
		},
		"behaviors": [
			{
				"code": "controlledphysics",
				"stepHeight": 0
			},
			{ "code": "interpolateposition" },
			{
				"code": "despawn",
				"minPlayerDistance": 8,
				"belowLightLevel": 0,
				"minSeconds": 300
			},
			{
				"code": "floatupwhenstuck",
				"onlyWhenDead": true
			},
			{ "code": "harvestable" }

		],
		"animations": [
			{"code": "die","animation": "Die","animationSpeed": 2.00,"weight": 10,"blendMode": "Average","triggeredBy": { "onControls": [ "dead" ] }},
			{"code": "idle","animation": "Idle","blendMode": "AddAverage","easeOutSpeed": 4,"triggeredBy": { "defaultAnim": true }},
			{"code": "sleep","animation": "Sleep","easeInSpeed": 4,"easeOutSpeed": 4,"blendMode": "Average"}
		]
	},
	"server": {
		"attributes": {
		},
		"behaviors": [
			{
				"code": "controlledphysics",
				"stepHeight": 0
			},
			{
				"code": "health",
				"maxhealthByType": {
					"*": 1
				}
			},
			{
				"code": "deaddecay",
				"hoursToDecay": 24
			},
			{
				"code": "floatupwhenstuck",
				"onlyWhenDead": true
			},
			{
				"code": "harvestable",
				"drops": [
					{
						"type": "item",
						"code": "game:stick",
						"quantityByType": {
							"*": {"avg": 4,"var": 2}
						}
					}
				]
			},
			{ 
				"code": "grow", 
				"enabledByType": {
					"*-empty": false,
					"*": true
				},
				"hoursToGrowByType": {"*-incubating": 292,"*-mature": 2},
				"adultEntityCodesByType": {
					"*-incubating": ["dinornithidae:megalapterygidae-nest-{type}-mature"],
					"*-mature": ["dinornithidae:megalapterygidae-nest-{type}-empty"]
				}
			},
			{"code": "emotionstates","states": []},
			{
				"code": "taskai",
				"aitasks": [
					{
						"code": "bellalarm",
						"animation": "Idle",
						"enabledByType": {"*-mature": true,"*": false},
						"onNearbyEntityCodes": ["player"],
						"spawnMobs": [
							"dinornithidae:megalapterygidae-baby-female-{type}",
							"dinornithidae:megalapterygidae-baby-male-{type}"
						],
						"spawnMaxQuantity": 1,
						"spawnIntervalMsMin": 1000,
						"spawnIntervalMsMax": 4000,
						"spawnRange": 0.5,
						"seekingRange": 150,
						"priority": 1.5,
						"minduration": 2000,
						"maxduration": 8000,
						"mincooldown": 6000,
						"maxcooldown": 12000,
						"animationSpeed": 2.0
					},
					{
						"code": "idle",
						"animation": "Idle",
						"priority": 0.9,
						"minduration": 180000,
						"maxduration": 240000,
						"mincooldown": 3000,
						"maxcooldown": 3000
					}
				]
			}

		],
		"spawnconditions": {
			"runtime": {
				"group": "neutral",
				"tryOnlySurface": true,
				"maxQuantityByGroup": {"code": "megalapterygidae-*",	"maxQuantity": 1},
				"chanceByType": {"*-incubating": 0.0001,"*": 0.0},
				"mindistancetoplayer": 50,
				"maxLightLevel": 7,
				"lightLevelType": "onlyBlockLight",	
				"spawnCapPlayerScaling": 0.0,	
				"groupSizeByType": {
					"*": { "dist": "uniform", "avg": 1.5, "var": 0.0 }
				},
				"insideBlockCodes": [ "game:air", "game:tallgrass-*", "game:snowlayer-1", "game:gravel-*" ],
				"companionsByType": {
				"*":["dinornithidae:megalapterygidae-adult-male-{type}"]}
			}
		},
		"spawnconditionsByType": {
			"megalapterygidae-adult-*-megalapteryxdidinus": {
				"climate": {
					"minTemp": 2,
					"maxTemp": 10,
					"minRain": 0.35,
					"maxRain": 1.0,
					"minForestOrShrubs": 0.0,
					"maxForest": 1.0,
					"maxShrubs": 1.0,
					"minY": 1.25,
					"maxY": 1.6				
				}
			}
		}
	}
}