{
	"code": "strigopidae",
	"class": "EntityAgent",
	"canClimb": true,
	"canClimbAnywhereByType": {"*-baby-*":false,"*":true},
	"climbTouchDistance": 0.05,
	"rotateModelOnClimb": true,
	"variantgroups": [
		{ "code": "age", "states": ["adult", "baby"] },
		{ "code": "gender", "states": ["male", "female"] },
		{ "code": "type", "states": ["strigopshabroptila" ] }
	],
	"hitBoxSizeByType": {
		"*-adult-*-strigopshabroptila": { "x": 0.4,"y": 0.4},
		"*-baby-*-strigopshabroptila": { "x": 0.2,"y": 0.2},
		"*": { "x": 0.15,"y": 0.15}
	},
	"deadhitBoxSizeByType": {
		"*-adult-*-strigopshabroptila": { "x": 0.4,"y": 0.2},
		"*-baby-*-strigopshabroptila": { "x": 0.2,"y": 0.2},
		"*": { "x": 0.15,"y": 0.1}
	},
	"eyeHeightByType": {
		"*-adult-*-strigopshabroptila": 0.3,
		"*-baby-*-strigopshabroptila": 0.2,
		"*": 0.6
	},
	"weightByType": {
		"*-adult-female-strigopshabroptila": 1,
		"*-adult-male-strigopshabroptila": 2,
		"*-baby-*-strigopshabroptila": 0.1
	},	
	"knockbackResistanceByType": {
		"*-adult-*-strigopshabroptila": 0.15,
		"*-baby-*": 0.05
	},	
	"drops": [],
	"attributes": {
		"killedByInfoText": "deadcreature-killed",
		"basketCatchable": true,
		"trapChanceByType": { "*-baby-*": 0.75, "*": 0.5 },
		"trapDestroyChanceByType": { "*-baby-*": 0.05, "*": 0.1 },
		"creatureDiet": {
			"foodCategories": ["Fruit","Vegetable"],
			"foodTags": ["nibbleCrop", "sweetBerryBush"]
		},
		"handbook": {
			"groupcode": "creaturegroup-strigopidae"
		}
	},
	"client": {
		"renderer": "Shape",
		"shapeByType": {
			"*-adult-*-strigopshabroptila": { "base": "entity/land/strigopidae/strigopshabroptila-adult" },
			"*-baby-*-strigopshabroptila": { "base": "entity/land/strigopidae/strigopshabroptila-baby" }
		},
		"textureByType": {
			"*": { "base": "entity/strigopidae/{type}-{age}" }   
		},
		"sizeByType": {
			"*-adult-female-strigopshabroptila": 0.55,
			"*-adult-male-strigopshabroptila": 0.6,
			"*-baby-*-strigopshabroptila": 0.25
		},
		"behaviors": [
			{ "code": "repulseagents" },
			{ "code": "controlledphysics","stepHeightByType": {"*-adult-*": 3.1251,"*-baby-*": 1.1251 } },
			{ "code": "interpolateposition" },
			{ "code": "floatupwhenstuck", "onlyWhenDead": true },
			{ "code": "harvestable","quantitySlots": 8 },
			{ "code": "multiply", "enabledByType": { "*-adult-female-*": true, "*": false } },
			{ "code": "despawn", "minPlayerDistance": 16, "belowLightLevel": 8, "minSeconds": 300 }
		],
		"animations": [
			{
				"code": "attack",
				"animation": "Attack",
				"animationSpeed": 2.2,
				"weight": 10,
				"blendMode": "AddAverage"
			},
			{
				"code": "call",
				"animation": "Call",
				"easeInSpeed": 2,
				"easeOutSpeed": 4,
				"weight": 5,
				"blendMode": "AddAverage"
			},
			{
				"code": "threat",
				"animation": "Threat",
				"easeInSpeed": 2,
				"easeOutSpeed": 4,
				"weight": 10,
				"blendMode": "AddAverage"
			},
			{
				"code": "hurt",
				"animation": "Hurt",
				"animationSpeed": 2.2,
				"weight": 10,
				"blendMode": "AddAverage"
			},
			{
				"code": "die",
				"animation": "Die",
				"easeInSpeed": 3,
				"animationSpeedByType": {
					"*-adult": 0.8,
					"*-baby": 1.0
				},
				"weight": 10,
				"blendMode": "Average",
				"triggeredBy": { "onControls": [ "dead" ] }
			},
			{
				"code": "idle",
				"animation": "Idle",
				"blendMode": "AddAverage",
				"easeOutSpeed": 4,
				"triggeredBy": { "defaultAnim": true }
			},
			{
				"code": "sleep",
				"animation": "Sleep",
				"easeInSpeed": 2,
				"easeOutSpeed": 4,
				"blendMode": "Average"
			},
			{
				"code": "sit",
				"animation": "Sit",
				"easeInSpeed": 1,
				"easeOutSpeed": 1,
				"blendMode": "Average"
			},
			{
				"code": "eat",
				"animation": "Eat",
				"easeInSpeed": 2,
				"easeOutSpeed": 4,
				"blendMode": "AddAverage"
			},
			{
				"code": "scratch",
				"animation": "Scratch",
				"easeInSpeed": 2,
				"easeOutSpeed": 4,
				"weight": 5,
				"blendMode": "AddAverage"
			},
			{
				"code": "swim",
				"animation": "Swim",
				"supressDefaultAnimation": true,
				"blendMode": "Average"
			},
			{
				"code": "walk",
				"animation": "Walk",
				"supressDefaultAnimation": true,
				"blendMode": "Average"
			},
			{
				"code": "highwalk",
				"animation": "Highwalk",
				"supressDefaultAnimation": true,
				"blendMode": "Average"
			},
			{
				"code": "run",
				"animation": "Run",
				"supressDefaultAnimation": true,
				"blendMode": "Average"
			}
		]
	},
	"server": {
		"attributes": {
			"pathfinder": {
				"minTurnAnglePerSec": 90,
				"maxTurnAnglePerSec": 360
			}
		},
		"behaviors": [
			{ "code": "repulseagents" },
      { "code": "controlledphysics","stepHeightByType": {"*-adult-*": 3.1251,"*-baby-*": 1.1251 }},
			{"code": "despawn","minPlayerDistance": 8,"belowLightLevel": 8,"minSeconds": 300},
			{"code": "health",
				"currenthealthByType": {
				"*-adult-*-strigopshabroptila": 3,
					"*-baby-*": 2
				},
				"maxhealthByType": {
				"*-adult-*-strigopshabroptila": 3,
					"*-baby-*": 2
				}
			},
			{
				"code": "deaddecay",
				"hoursToDecay": 96,
				"decayedBlockByType": {
					"*-adult-*-strigopshabroptila": "carcass-small",
					"*-baby-*": "carcass-tiny"
				}
			},
			{
				"code": "floatupwhenstuck",
				"onlyWhenDead": true
			},
			{
				"code": "harvestable","quantitySlots": 8,
				"drops": [
					{
						"type": "item",
						"code": "game:poultry-raw",
						"quantityByType": {
							"*-adult-*-strigopshabroptila": {"avg": 1.1,"var": 0.0},
							"*": {"avg": 0,"var": 0}
						}
					},
					{
						"type": "item",
						"code": "strigopidae:pelt-{gender}-{type}",
						"quantityByType": {
							"*-adult-*": {"avg": 1.0,"var": 0.0},
							"*": {"avg": 0.0,"var": 0.0}
						}
					},
					{
						"type": "item",
						"code": "game:feather",
						"quantityByType": {
							"*-adult-*": {"avg": 15.0,"var": 7.0},
							"*": {"avg": 0.0,"var": 0.0}
						}
					}
				]
			},
			{ "code": "breathe" },			
			{
				"code": "multiply",
				"enabledByType": {
					"*-adult-female-*": true,
					"*": false
				},
				"spawnEntityCodesByType": {
				"*-adult-female-*": [ { "code":"dinornithidae:strigopidae-nest-{type}-incubating"} ]
				},
				"requiresNearbyEntityCodeByType": {"*-adult-female-*": "dinornithidae:strigopidae-adult-male-{type}"},
				"requiresNearbyEntityRange": 10,
				"spawnQuantityMinByType": {"*-strigopshabroptila": 1},
				"spawnQuantityMaxByType": {"*-strigopshabroptila": 1},
				"eatAnyway": true,
				"pregnancyDaysByType": {"*-strigopshabroptila":9},
				"multiplyCooldownDaysMin": 73,
				"multiplyCooldownDaysMax": 81,
				"portionsEatenForMultiplyByType": {"*-strigopshabroptila":3}
			}, 
			{ 
				"code": "grow", 
				"enabledByType": {
					"*-baby-*": true,
					"*-adult-*": false
				},
				"hoursToGrowByType": {"*-strigopshabroptila": 876},
				"adultEntityCodesByType": {
					"*-baby-male-*": ["dinornithidae:strigopidae-adult-male-{type}"],
					"*-baby-female-*": ["dinornithidae:strigopidae-adult-female-{type}"]
				}
			},
			{
				"code": "emotionstates",
				"states": [
					{"code": "fleeondamage","whenHealthRelBelow": 0.5,"duration": 60,"chanceByType": {"*-adult-*": 0.95,"*": 1.0},"slot": 2,"priority": 5,"accumType": "max"},
					{"code": "fleeondamage","duration": 40,"chanceByType": {"*-adult-*": 0.75,"*": 1.0},"slot": 2,"priority": 1,"accumType": "max"},
					{"code": "alarmherdondamage","chance": 1,"slot": 1,"priority": 1,"accumType": "max"},
					{"code": "aggressiveondamage","duration": 30,"chanceByType": {"*-baby-*": 0.0,"*-strigopshabroptila": 0.05},"slot": 2,"priority": 2,"accumType": "noaccum"},
					{"code": "saturated","duration": 1440,"chance": 1,"slot": 0,"priority": 1,"accumType": "sum"}
				]
			},
			{
				"code": "taskai",
				"aiCreatureType": "LandCreature",
				"aitasks": [
					{
						"code": "meleeattack",
						"animation": "Attack",
						"enabledByType": {
							"*-baby-*": false,
							"*": true
						},
						"entityCodes": [ "player","bear-*", "fox-male", "fox-female",  "hyena-male", "hyena-female", "wolf-male", "wolf-female", "caninae-*","felinae-*","hyaenidae-*","machairodontinae-*", "pantherinae-*", "ursidae-*" ],
						"priority": 3,
						"damageByType": {
							"strigopidae-adult-*-strigopshabroptila": 1,
							"*-baby-*": 0.1
						},
						"damageTier": 1,
						"damageType": "SlashingAttack",
						"slot": 1,
						"mincooldown": 1500,
						"maxcooldown": 2500,
						"attackDurationMs": 1250,
						"damagePlayerAtMs": 500,
						"animationSpeed": 1.5,
						"soundByType": {
							"*-adult-*": "creature/strigopidae/idle4"
						},
						"whenInEmotionState": "aggressiveondamage"
					},
					{
						"code": "fleeentity",
						"animation": "Run",
						"enabledByType": {
							"*-baby-*": false,
							"*": true
						},
						"entityCodesByType": {
							"*-strigopshabroptila": [  "bear-*", "hyena-male", "hyena-female", "wolf-male", "wolf-female", "caninae-*","felinae-*","hyaenidae-*","machairodontinae-*", "pantherinae-*", "ursidae-*"]},
						"priority": 1.51,
						"movespeedByType": {
							"strigopidae-adult-*-strigopshabroptila": 0.012
						},
						"seekingRange": 14,
						"soundByType": {
							"*-adult-*": "creature/strigopidae/idle4"
						},
						"animationSpeedByType": {
							"*-adult-*": 2.0
						}
					},
					{
						"code": "fleeentity",
						"animation": "Run",
						"enabledByType": {
							"*-baby-*": false,
							"*": true
						},
						"entityCodesByType": {
							"*-strigopshabroptila": [ "player","bear-*", "hyena-male", "hyena-female", "wolf-male", "wolf-female", "caninae-*","felinae-*","hyaenidae-*","machairodontinae-*", "pantherinae-*", "ursidae-*"]},
						"priority": 1.52,
						"movespeedByType": {
							"strigopidae-adult-*-strigopshabroptila": 0.012
						},
						"seekingRange": 20,
						"soundByType": {
							"*-adult-*": "creature/strigopidae/idle4"
						},
						"whenInEmotionState": "fleeondamage",
						"animationSpeedByType": {
							"*-adult-*": 2.0
						}
					},
					{
						"code": "seekentity",
						"animation": "Run",
						"enabledByType": {
							"*-baby-*": false,
							"*": true
						},
						"entityCodes": [ "player", "hyena-male", "hyena-female", "wolf-male", "wolf-female", "caninae-*","felinae-*","hyaenidae-*","machairodontinae-*", "pantherinae-*", "ursidae-*"  ],
						"priority": 1.6,
						"mincooldown": 600,
						"maxcooldown": 650,
						"movespeedByType": {
							"strigopidae-adult-*-strigopshabroptila": 0.006
						},
						"seekingRange": 20,
						"animationSpeed": 1,
						"whenInEmotionState": "aggressiveondamage"
					},
					{
						"code": "stayclosetoentity",
						"animationByType": {
							"*-adult-*": "Walk",
							"*": "Run"
						},
						"enabledByType": {
							"*-baby-*": false,
							"*": true
						},
						"priority": 1.4,
						"entityCodeByType": {
							"*-adult-female-*": "strigopidae-baby-female-{type}",
							"*-adult-male-*": "strigopidae-adult-female-{type}",
							"*-baby-*": "strigopidae-adult-female-{type}"
						},
						"movespeedByType": {
							"strigopidae-adult-*-strigopshabroptila": 0.001,
							"strigopidae-baby-*-strigopshabroptila": 0.001,
							"*": 0.006
						},
						"animationSpeedByType": {
							"strigopidae-adult-male-strigopshabroptila": 0.5,
							"strigopidae-adult-female-strigopshabroptila": 0.55,
							"*-baby-*": 1.5
						},
						"maxDistance": 1,
						"searchRange": 25
					},
					{
						"code": "getoutofwater",
						"animation": "Swim",
						"enabledByType": {
							"*-baby-*": false,
							"*": true
						},
						"priority": 1.4,
						"movespeedByType": {
							"strigopidae-adult-*-strigopshabroptila": 0.01,
							"strigopidae-baby-*-strigopshabroptila": 0.0025,
							"*": 0.045
						},
						"animationSpeed": 1
					},
					{
						"code": "idle",
						"animation": "Idle",
						"priority": 0.9,
						"minduration": 1600,
						"maxduration": 4500,
						"mincooldown": 6000,
						"maxcooldown": 120000,
						"priorityForCancel": 1.28,
						"whenNotInEmotionState": "aggressiveondamage|fleeondamage",
						"stopOnNearbyEntityCodes": [ "player", "bear-*", "hyena-male", "hyena-female", "wolf-male", "wolf-female", "caninae-*","felinae-*","hyaenidae-*","machairodontinae-*", "pantherinae-*", "ursidae-*" ],
						"stopRange": 10,
						"stopOnHurt": true,
						"soundByType": {
							"*-adult-*": "creature/strigopidae/idle*",
							"*-baby-*": "creature/strigopidae/idle2"
						}
					},
					{
						"code": "idle",
						"animation": "Sleep",
						"priority": 1.38,
						"minduration": 200000,
						"maxduration": 800000,
						"mincooldown": 10000,
						"maxcooldown": 30000,
						"priorityForCancel": 1.38,
						"whenNotInEmotionState": "aggressiveondamage|fleeondamage",
						"duringDayTimeFrames": [
							{"fromHour": 10,"toHour": 18}
						],
						"stopOnNearbyEntityCodes": [ "player", "bear-*", "hyena-male", "hyena-female", "wolf-male", "wolf-female", "caninae-*","felinae-*","hyaenidae-*","machairodontinae-*", "pantherinae-*", "ursidae-*"  ],
						"stopRange": 2,
						"stopOnHurt": true
					},
					{
						"code": "idle",
						"animation": "Sit",
						"priority": 0.9,
						"minduration": 6000,
						"maxduration": 45000,
						"mincooldown": 6000,
						"maxcooldown": 120000,
						"priorityForCancel": 1.28,
						"whenNotInEmotionState": "aggressiveondamage|fleeondamage",
						"stopOnNearbyEntityCodes": [ "bear-*", "hyena-male", "hyena-female", "wolf-male", "wolf-female", "caninae-*","felinae-*","hyaenidae-*","machairodontinae-*", "pantherinae-*", "ursidae-*"  ],
						"stopRange": 10,
						"stopOnHurt": true
					},
					{
						"code": "idle",
						"animation": "Call",
						"enabledByType": {"*-adult-female-*": false,"*": true},
						"priority": 1.3,
						"priorityForCancel": 1.35,
						"stopOnNearbyEntityCodes": [ "bear-*", "hyena-male", "hyena-female", "wolf-male", "wolf-female", "caninae-*","felinae-*","hyaenidae-*","machairodontinae-*", "pantherinae-*", "ursidae-*"  ],
						"minduration": 4667,
						"maxduration": 4667,
						"mincooldown": 8000,
						"maxcooldown": 16000,
						"animationSpeed": 1.0,
						"whenNotInEmotionState": "aggressiveondamage|fleeondamage",
						"duringDayTimeFrames": [
							{"fromHour": 20,"toHour": 24},{"fromHour": 0,"toHour": 4}
						],
						"soundByType": {
							"*-adult-male-*": "creature/strigopidae/boom*",
							"*-baby-*": "creature/strigopidae/idle1"
						},
						"soundRangeByType": {
							"*-adult-*": 120
						}
					},
					{
						"code": "idle",
						"animation": "Scratch",
						"enabledByType": {
							"*-baby-*": false,
							"*": true
						},
						"priority": 1.0,
						"priorityForCancel": 1.35,
						"stopOnNearbyEntityCodes": [  "bear-*", "hyena-male", "hyena-female", "wolf-male", "wolf-female", "caninae-*","felinae-*","hyaenidae-*","machairodontinae-*", "pantherinae-*", "ursidae-*"  ],
						"minduration": 4000,
						"maxduration": 8000,
						"mincooldown": 8000,
						"maxcooldown": 50000,
						"whenNotInEmotionState": "aggressiveondamage|fleeondamage",
						"chance": 0.1,
						"animationSpeed": 1.0
					},
					{
						"code": "idle",
						"animation": "Eat",
						"enabledByType": {
							"*-baby-*": false,
							"*": true
						},
						"priority": 1.2,
						"priorityForCancel": 1.35,
						"stopOnNearbyEntityCodes": [  "bear-*", "hyena-male", "hyena-female", "wolf-male", "wolf-female", "caninae-*","felinae-*","hyaenidae-*","machairodontinae-*", "pantherinae-*", "ursidae-*" ],
						"minduration": 2667,
						"maxduration": 2667,
						"mincooldown": 6000,
						"maxcooldown": 20000,
						"whenNotInEmotionState": "aggressiveondamage|fleeondamage",
						"chance": 0.1,
						"animationSpeed": 1
					},
					{
						"code": "idle",
						"animation": "Threat",
						"enabledByType": {
							"*-baby-*": false,
							"*": true
						},
						"priority": 1.2,
						"priorityForCancel": 1.35,
						"stopOnNearbyEntityCodes": [  "bear-*", "hyena-male", "hyena-female", "wolf-male", "wolf-female", "caninae-*","felinae-*","hyaenidae-*","machairodontinae-*", "pantherinae-*", "ursidae-*"  ],
						"chance": 0.1,
						"minduration": 2667,
						"maxduration": 2667,
						"mincooldown": 6000,
						"maxcooldown": 20000,
						"whenNotInEmotionState": "aggressiveondamage|fleeondamage",
						"animationSpeed": 0.33
					},
					{
						"code": "wander",
						"animation": "Walk",
						"enabledByType": {
							"*-baby-*": false,
							"*": true
						},
						"priority": 1.0,
						"priorityForCancel": 1.25,
						"stopOnNearbyEntityCodes": [ "bear-*", "hyena-male", "hyena-female", "wolf-male", "wolf-female", "caninae-*","felinae-*","hyaenidae-*","machairodontinae-*", "pantherinae-*", "ursidae-*"  ],
						"whenNotInEmotionState": "aggressiveondamage|fleeondamage",
						"movespeedByType": {
							"strigopidae-adult-*-strigopshabroptila": 0.001,
							"strigopidae-baby-*-strigopshabroptila": 0.001
						},
						"animationSpeedByType": {
							"strigopidae-adult-male-strigopshabroptila": 0.5,
							"strigopidae-adult-female-strigopshabroptila": 0.55,
							"*-baby-*": 1.0
						},
						"preferredLightLevel": 12
					},
					{
						"code": "wander",
						"animation": "Highwalk",
						"enabledByType": {
							"*-baby-*": false,
							"*": true
						},
						"priority": 1.0,
						"priorityForCancel": 1.25,
						"stopOnNearbyEntityCodes": [  "bear-*", "hyena-male", "hyena-female", "wolf-male", "wolf-female", "caninae-*","felinae-*","hyaenidae-*","machairodontinae-*", "pantherinae-*", "ursidae-*" ],
						"whenNotInEmotionState": "aggressiveondamage|fleeondamage",
						"movespeedByType": {
							"strigopidae-adult-*-strigopshabroptila": 0.002,
							"strigopidae-baby-*-strigopshabroptila": 0.002
						},
						"animationSpeedByType": {
							"strigopidae-adult-male-strigopshabroptila": 1.0,
							"strigopidae-adult-female-strigopshabroptila": 1.1,
							"*-baby-*": 1.5
						},
						"preferredLightLevel": 12
					},
					{
						"code": "wander",
						"animation": "Run",
						"enabledByType": {
							"*-baby-*": false,
							"*": true
						},
						"priority": 1.0,
						"priorityForCancel": 1.25,
						"stopOnNearbyEntityCodes": [ "bear-*", "hyena-male", "hyena-female", "wolf-male", "wolf-female", "caninae-*","felinae-*","hyaenidae-*","machairodontinae-*", "pantherinae-*", "ursidae-*"  ],
						"whenNotInEmotionState": "aggressiveondamage|fleeondamage",
						"movespeedByType": {
							"strigopidae-adult-*-strigopshabroptila": 0.006,
							"strigopidae-baby-*-strigopshabroptila": 0.0022,
							"*": 0.006
						},
						"animationSpeedByType": {
							"strigopidae-adult-*-strigopshabroptila": 1.0,
							"*-baby-*": 1.5
						},
						"preferredLightLevel": 12
					},
					{
						"code": "seekfoodandeat",
						"animation": "Walk",
						"eatAnimation": "Eat",
						"enabledByType": {
							"*-baby-*": false,
							"*": true
						},
						"movespeedByType": {
							"strigopidae-adult-*-strigopshabroptila": 0.001,
							"*-baby": 0.003
						},
						"priority": 1.25,
						"eatSoundByType": {
							"*": "game:creature/animal-eat-small"
						},
						"eatTime": 1.5,
						"eatLooseItems": true,
						"whenNotInEmotionState": "aggressiveondamage|fleeondamage",
						"animationSpeedByType": {
							"strigopidae-adult-male-strigopshabroptila": 0.5,
							"strigopidae-adult-female-strigopshabroptila": 0.55,
							"*-baby": 1.5
						},
						"mincooldownHours": 1,
						"maxcooldownHours": 4
					},
					{
						"code": "lookaround",
						"animation": "Threat",
						"priority": 0.5,
						"whenNotInEmotionState": "aggressiveondamage|fleeondamage",
						"animationSpeed": 0.33
					}
				]
			},
			{"code": "ropetieable","minGeneration": 2},
			{
				"code": "pettable",
				"minGeneration": 1
			}
		],
		"spawnconditions": {
			"runtime": {
				"group": "neutral",
				"maxQuantityByGroup": { "code": "strigopidae-*", "maxQuantity": 4 },
				"tryOnlySurface": true,
				"chanceByType": {
					"strigopidae-adult-female-strigopshabroptila": 0.0005, "strigopidae-adult-male-strigopshabroptila": 0.0005,
					"*": 0.0
				},
				"mindistancetoplayer": 50,
				"maxLightLevel": 7,
				"lightLevelType": "onlyBlockLight",	
				"spawnCapPlayerScaling": 0.0,	
				"groupSizeByType": {
					"*-adult-*-strigopshabroptila": { "dist": "invexp", "avg": 1.5, "var": 0.5 }
				},
				"insideBlockCodes": [ "game:air", "game:soil-*","game:gravel-*", "game:tallgrass-*", "game:snowlayer-1", "game:sand-*"],
				"companionsByType": {
				"*":["dinornithidae:strigopidae-adult-female-{type}","dinornithidae:strigopidae-adult-male-{type}"]}
			}
		},
		"spawnconditionsByType": {
			"strigopidae-adult-*-strigopshabroptila": {
				"climate": {
					"minTemp": 6,
					"maxTemp": 14,
					"minRain": 0.5,
					"maxRain": 1.0,
					"minForestOrShrubs": 0.25,
					"maxForest": 1.0,
					"maxShrubs": 1.0,
					"minY": 1.0,
					"maxY": 1.5					
				}
			}
		}
	},
	"soundsByType": {
		"strigopidae-adult-*-strigopshabroptila":{
			"hurt": "creature/strigopidae/hurt",
			"death": "creature/strigopidae/hurt",
			"idle": "creature/strigopidae/idle*"
		},
		"*-baby-*":{
			"hurt": "game:creature/chicken/chick*",
			"death": "game:creature/chicken/chick*",
			"idle": "creature/strigopidae/idle1"
		}
	},
	"idleSoundRangeByType": {
		"strigopidae-adult-*-strigopshabroptila": 50,
		"*-baby-*":14
	},
	"idleSoundChanceByType": {
		"strigopidae-adult-*-strigopshabroptila": 0.05,
		"*-baby-*":0.2
	}
}