{
  "code": "headmount-cervidae",
	"behaviors": [{"name": "HorizontalAttachable"},{ "name": "RightClickPickup"} ],
  "variantgroups": [
    {"code": "tribe","states": [ "alceini", "capreolini", "odocoileini" ]},
    {"code": "type","states": [ "baby","female","male" ]},
    {"code": "species","states": [ "alcesalces","capreoluscapreolus","capreoluspygargus","hydropotesinermis","blastocerusdichotomus","hippocamelusantisensis","hippocamelusbisulcus","mazamaamericana","mazamachunyi","mazamagouazoubira","mazamanana","mazamanemorivaga","mazamarufina","mazamatemama","mazamatienhoveni","odocoileushemionus","odocoileuspandora","odocoileusvirginianus","ozotocerosbezoarticus","pudellamephistophiles","pudupuda","rangifertarandus" ]},
 { "code": "orientation", "states": ["up"], "loadFromProperties": "game:abstract/horizontalorientation"}
  ],
	"allowedVariants": [
		"*-alceini-*-alcesalces-*",
		"*-capreolini-*-capreoluscapreolus-*",
		"*-capreolini-*-capreoluspygargus-*",
		"*-capreolini-*-hydropotesinermis-*",
		"*-odocoileini-*-blastocerusdichotomus-*",
		"*-odocoileini-*-hippocamelusantisensis-*",
		"*-odocoileini-*-hippocamelusbisulcus-*",
		"*-odocoileini-*-mazamaamericana-*",
		"*-odocoileini-*-mazamachunyi-*",
		"*-odocoileini-*-mazamagouazoubira-*",
		"*-odocoileini-*-mazamanana-*",
		"*-odocoileini-*-mazamanemorivaga-*",
		"*-odocoileini-*-mazamarufina-*",
		"*-odocoileini-*-mazamatemama-*",
		"*-odocoileini-*-mazamatienhoveni-*",
		"*-odocoileini-*-odocoileushemionus-*",
		"*-odocoileini-*-odocoileuspandora-*",
		"*-odocoileini-*-odocoileusvirginianus-*",
		"*-odocoileini-*-ozotocerosbezoarticus-*",
		"*-odocoileini-*-pudellamephistophiles-*",
		"*-odocoileini-*-pudupuda-*",
		"*-odocoileini-*-rangifertarandus-*"
	],
  "attributes": {
    "handbook": {
      "groupBy": [ "headmount-*" ]
    }
  },
  "shapebytype": {
    "*-north": {
      "base": "block/{tribe}/headmount-{species}-{type}",
      "rotateY": 90
    },
    "*-east": {
      "base": "block/{tribe}/headmount-{species}-{type}",
      "rotateY": 0
    },
    "*-south": {
      "base": "block/{tribe}/headmount-{species}-{type}",
      "rotateY": 270
    },
    "*-west": {
      "base": "block/{tribe}/headmount-{species}-{type}",
      "rotateY": 180
    }
  },
  "sidesolid": { "all": false },
  "sideopaque": { "all": false },
  "blockmaterial": "Cloth",
  "creativeinventory": {
    "general": [ "*-{tribe}-{type}-{species}-north" ],
    "decorative": [ "*-{tribe}-{type}-{species}-north" ]
  },
  "replaceable": 5001,
  "resistance": 0.5,
  "lightAbsorption": 0,
  "texturesByType": {
    "*-baby-capreoluspygargus-*": {"skin": {"base": "entity/{tribe}/capreoluscapreolus-baby"}},
    "*-baby-mazamachunyi-*": {"skin": {"base": "entity/{tribe}/mazamanana-baby"}},
    "*-baby-mazamagouazoubira-*": {"skin": {"base": "entity/{tribe}/mazamaamericana-baby"}},
    "*-baby-mazamarufina-*": {"skin": {"base": "entity/{tribe}/mazamanana-baby"}},
    "*-baby-mazamatemama-*": {"skin": {"base": "entity/{tribe}/mazamaamericana-baby"}},
    "*-baby-mazamatienhoveni-*": {"skin": {"base": "entity/{tribe}/mazamaamericana-baby"}},
    "*-baby-odocoileushemionus-*": {"skin": {"base": "entity/{tribe}/odocoileusvirginianus-baby"}},
    "*-baby-odocoileusvirginianus-*": {"skin": {"base": "entity/{tribe}/odocoileusvirginianus-baby"}},
    "*-baby-pudellamephistophiles-*": {"skin": {"base": "entity/{tribe}/pudupuda-baby"}},
    "*-baby-*": {"skin": {"base": "entity/{tribe}/{species}-baby"}},
    "*-female-*": {"skin": {"base": "entity/{tribe}/{species}-adult"}},
    "*-male-*": {"skin": {"base": "entity/{tribe}/{species}-adult"}}
  },
  "selectionBoxByType": {
    "*-north": {"x1": 0.15,"y1": 0.15,"z1": 0.0,"x2": 0.85,"y2": 0.85,"z2": 1},
    "*-east": {"x1": 0,"y1": 0.15,"z1": 0.15,"x2": 1.0,"y2": 0.85,"z2": 0.85},
    "*-south": {"x1": 0.15,"y1": 0.15,"z1": 0,"x2": 0.85,"y2": 0.85,"z2": 1.0},
    "*-west": {"x1": 0.0,"y1": 0.15,"z1": 0.15,"x2": 1,"y2": 0.85,"z2": 0.85}
  },
  "collisionbox": null,
  "combustibleProps": {
    "burnTemperature": 400,
    "burnDuration": 10
  },
  "sounds": {
    "place": "game:block/cloth",
    "walk": "game:walk/cloth"
  },
  "guiTransformByType": {
		"*-alceini-*": {
     "translation": {"x": 0,"y": 3,"z": 0},
    "rotation": {"x": 0,"y": 135,"z": 0},
    "origin": {"x": 0.5,"y": 0.5,"z": 0.1},
    "scale": 1.5
      },
    "*-capreolini-*-*": {
     "translation": {"x": 0,"y": 3,"z": 0},
    "rotation": {"x": 0,"y": 135,"z": 0},
    "origin": {"x": 0.5,"y": 0.6,"z": 0.1},
    "scale": 2.5
      },
    "*-mazama*": {
     "translation": {"x": 0,"y": 3,"z": 0},
    "rotation": {"x": 0,"y": 135,"z": 0},
    "origin": {"x": 0.5,"y": 0.6,"z": 0.1},
    "scale": 4.0
      },
    "*-pudu*": {
     "translation": {"x": 0,"y": 3,"z": 0},
    "rotation": {"x": 0,"y": 135,"z": 0},
    "origin": {"x": 0.5,"y": 0.6,"z": 0.1},
    "scale": 5.0
      },
    "*": {
     "translation": {"x": 0,"y": 3,"z": 0},
    "rotation": {"x": 0,"y": 135,"z": 0},
    "origin": {"x": 0.5,"y": 0.6,"z": 0.1},
    "scale": 2.0
      }
  },
  "groundTransform": {
    "translation": {"x": 0.5,"y": 0,"z": 0},
    "rotation": {"x": 0,"y": 135,"z": 0},
    "origin": {"x": 0.5,"y": -0.02,"z": 0.5},
    "scale": 1
  },
  "tpHandTransform": {
    "translation": {"x": -0.55,"y": -0.6,"z": -0.15},
    "rotation": {"x": 0,"y": 0,"z": 0},
    "origin": {"x": 0.5,"y": 0.5,"z": 0.1},
    "scale": 1.0
  },
  "fpHandTransform": {
    "rotation": {"x": 0,"y": 0,"z": 0},
    "origin": {"x": 0.5,"y": -1,"z": 1.5}
  },
  "materialDensity": 200
}