{
  "code": "taxidermy",
  "behaviors": [{ "name": "HorizontalOrientable", "properties": {  "dropBlockFace": "north", "drop": { "type": "block", "code": "capreolinae:taxidermy-{tribe}-{type}-{species}-north"} }},{ "name": "UnstableFalling" },{ "name": "RightClickPickup"}],
  "variantgroups": [
    {"code": "tribe","states": [ "alceini", "capreolini", "odocoileini" ]},
    {"code": "type","states": [ "baby","female","male" ]},
    {"code": "species","states": [ "alcesalces","capreoluscapreolus","capreoluspygargus","hydropotesinermis","blastocerusdichotomus","hippocamelusantisensis","hippocamelusbisulcus","mazamaamericana","mazamachunyi","mazamagouazoubira","mazamanana","mazamanemorivaga","mazamarufina","mazamatemama","mazamatienhoveni","odocoileushemionus","odocoileuspandora","odocoileusvirginianus","ozotocerosbezoarticus","pudellamephistophiles","pudupuda","rangifertarandus" ]},
    { "code": "side", "loadFromProperties": "game:abstract/horizontalorientation"}
  ],
	"allowedVariants": [
		"*-alceini-*-alcesalces-*",
		"*-capreolini-*-capreoluscapreolus-*",
		"*-capreolini-*-capreoluspygargus-*",
		"*-capreolini-*-hydropotesinermis-*",
		"*-odocoileini-*-blastocerusdichotomus-*",
		"*-odocoileini-*-hippocamelusantisensis-*",
		"*-odocoileini-*-hippocamelusbisulcus-*",
		"*-odocoileini-*-mazamaamericana-*",
		"*-odocoileini-*-mazamachunyi-*",
		"*-odocoileini-*-mazamagouazoubira-*",
		"*-odocoileini-*-mazamanana-*",
		"*-odocoileini-*-mazamanemorivaga-*",
		"*-odocoileini-*-mazamarufina-*",
		"*-odocoileini-*-mazamatemama-*",
		"*-odocoileini-*-mazamatienhoveni-*",
		"*-odocoileini-*-odocoileushemionus-*",
		"*-odocoileini-*-odocoileuspandora-*",
		"*-odocoileini-*-odocoileusvirginianus-*",
		"*-odocoileini-*-ozotocerosbezoarticus-*",
		"*-odocoileini-*-pudellamephistophiles-*",
		"*-odocoileini-*-pudupuda-*",
		"*-odocoileini-*-rangifertarandus-*"
	],
  "attributes": {
    "handbook": {
      "groupBy": [ "taxidermy-*" ]
    }
  },
  "shapebytype": {
    "*-north": {
      "base": "block/{tribe}/taxidermy-{species}-{type}",
      "rotateY": 90
    },
    "*-east": {
      "base": "block/{tribe}/taxidermy-{species}-{type}",
      "rotateY": 0
    },
    "*-south": {
      "base": "block/{tribe}/taxidermy-{species}-{type}",
      "rotateY": 270
    },
    "*-west": {
      "base": "block/{tribe}/taxidermy-{species}-{type}",
      "rotateY": 180
    }
  },
  "sidesolid": { "all": false },
  "sideopaque": { "all": false },
  "blockmaterial": "Cloth",
  "creativeinventory": {
    "general": [ "*-{tribe}-{type}-{species}-north" ],
    "decorative": [ "*-{tribe}-{type}-{species}-north" ]
  },
  "replaceable": 5001,
  "resistance": 0.5,
  "lightAbsorption": 0,
  "texturesByType": {
    "*-baby-capreoluspygargus-*": {"skin": {"base": "entity/{tribe}/capreoluscapreolus-baby"}},
    "*-baby-mazamachunyi-*": {"skin": {"base": "entity/{tribe}/mazamanana-baby"}},
    "*-baby-mazamagouazoubira-*": {"skin": {"base": "entity/{tribe}/mazamaamericana-baby"}},
    "*-baby-mazamarufina-*": {"skin": {"base": "entity/{tribe}/mazamanana-baby"}},
    "*-baby-mazamatemama-*": {"skin": {"base": "entity/{tribe}/mazamaamericana-baby"}},
    "*-baby-mazamatienhoveni-*": {"skin": {"base": "entity/{tribe}/mazamaamericana-baby"}},
    "*-baby-odocoileushemionus-*": {"skin": {"base": "entity/{tribe}/odocoileusvirginianus-baby"}},
    "*-baby-odocoileusvirginianus-*": {"skin": {"base": "entity/{tribe}/odocoileusvirginianus-baby"}},
    "*-baby-pudellamephistophiles-*": {"skin": {"base": "entity/{tribe}/pudupuda-baby"}},
    "*-baby-*": {"skin": {"base": "entity/{tribe}/{species}-baby"}},
    "*-female-*": {"skin": {"base": "entity/{tribe}/{species}-adult"}},
    "*-male-*": {"skin": {"base": "entity/{tribe}/{species}-adult"}}
  },
  "selectionBoxByType": {
    "*-north": {"x1": 0.15,"y1": 0.0,"z1": 0.0,"x2": 0.85,"y2": 0.85,"z2": 1},
    "*-east": {"x1": 0,"y1": 0.0,"z1": 0.15,"x2": 1.0,"y2": 0.85,"z2": 0.85},
    "*-south": {"x1": 0.15,"y1": 0.0,"z1": 0,"x2": 0.85,"y2": 0.85,"z2": 1.0},
    "*-west": {"x1": 0.0,"y1": 0.0,"z1": 0.15,"x2": 1,"y2": 0.85,"z2": 0.85}
  },
  "collisionboxByType": {
    "*-north": {"x1": 0.15,"y1": 0.0,"z1": 0.0,"x2": 0.85,"y2": 0.85,"z2": 1},
    "*-east": {"x1": 0,"y1": 0.0,"z1": 0.15,"x2": 1.0,"y2": 0.85,"z2": 0.85},
    "*-south": {"x1": 0.15,"y1": 0.0,"z1": 0,"x2": 0.85,"y2": 0.85,"z2": 1.0},
    "*-west": {"x1": 0.0,"y1": 0.0,"z1": 0.15,"x2": 1,"y2": 0.85,"z2": 0.85}
  },
  "combustibleProps": {
    "burnTemperature": 400,
    "burnDuration": 10
  },
  "sounds": {
    "place": "game:block/cloth",
    "walk": "game:walk/cloth"
  },
	"guiTransformByType": {
		
		"*-alceini-male-*": {
			"rotate": true,
			"translation": { "x": 0, "y": 0, "z": 0 },
			"rotation": { "x": -11, "y": 122, "z": 0 },
			"origin": { "x": 0.5, "y": 1.1, "z": 0.5 },
			"scale": 0.75
		},
		"*-alceini-female-*": {
			"rotate": true,
			"translation": { "x": 0, "y": 0, "z": 0 },
			"rotation": { "x": -11, "y": 122, "z": 0 },
			"origin": { "x": 0.5, "y": 1, "z": 0.5 },
			"scale": 0.8
		},
		"*-alceini-baby-*": {
			"rotate": true,
			"translation": { "x": 0, "y": 0, "z": 0 },
			"rotation": { "x": -11, "y": 122, "z": 0 },
			"origin": { "x": 0.5, "y": 0.5, "z": 0.5 },
			"scale": 1.5
		},
		"*-capreolini-male-*": {
			"rotate": true,
			"translation": { "x": 0, "y": 0, "z": 0 },
			"rotation": { "x": -11, "y": 122, "z": 0 },
			"origin": { "x": 0.5, "y": 0.5, "z": 0.5 },
			"scale": 1.5
		},
		"*-capreolini-female-*": {
			"rotate": true,
			"translation": { "x": 0, "y": 0, "z": 0 },
			"rotation": { "x": -11, "y": 122, "z": 0 },
			"origin": { "x": 0.5, "y": 0.5, "z": 0.5 },
			"scale": 1.25
		},
		"*-capreolini-baby-*": {
			"rotate": true,
			"translation": { "x": 0, "y": 0, "z": 0 },
			"rotation": { "x": -11, "y": 122, "z": 0 },
			"origin": { "x": 0.5, "y": 0.2, "z": 0.5 },
			"scale": 2.5
		},
		"*-odocoileini-male-*": {
			"rotate": true,
			"translation": { "x": 0, "y": 0, "z": 0 },
			"rotation": { "x": -11, "y": 122, "z": 0 },
			"origin": { "x": 0.5, "y": 0.5, "z": 0.5 },
			"scale": 1.25
		},
		"*-odocoileini-female-*": {
			"rotate": true,
			"translation": { "x": 0, "y": 0, "z": 0 },
			"rotation": { "x": -11, "y": 122, "z": 0 },
			"origin": { "x": 0.5, "y": 0.4, "z": 0.5 },
			"scale": 1.3
		},
		"*-baby-blastocerus*": {
			"rotate": true,
			"translation": { "x": 0, "y": 0, "z": 0 },
			"rotation": { "x": -11, "y": 122, "z": 0 },
			"origin": { "x": 0.5, "y": 0.5, "z": 0.5 },
			"scale": 1.5
		},	
		"*-baby-rangifer*": {
			"rotate": true,
			"translation": { "x": 0, "y": 0, "z": 0 },
			"rotation": { "x": -11, "y": 122, "z": 0 },
			"origin": { "x": 0.5, "y": 0.5, "z": 0.5 },
			"scale": 1.5
		},	
		"*-odocoileini-baby-*": {
			"rotate": true,
			"translation": { "x": 0, "y": 0, "z": 0 },
			"rotation": { "x": -11, "y": 122, "z": 0 },
			"origin": { "x": 0.5, "y": 0.2, "z": 0.5 },
			"scale": 1.75
		},		
		"*": {
			"rotate": true,
			"translation": { "x": 0, "y": 0, "z": 0 },
			"rotation": { "x": -11, "y": 122, "z": 0 },
			"origin": { "x": 0.5, "y": 0, "z": 0.5 },
			"scale": 2.0
		}			
	},
  "groundTransform": {
    "translation": {"x": 0.5,"y": 0,"z": 0},
    "rotation": {"x": 0,"y": 135,"z": 0},
    "origin": {"x": 0.5,"y": -0.02,"z": 0.5},
    "scale": 0.5
  },
  "tpHandTransform": {
    "translation": {"x": -1,"y": -0.8,"z": -1},
    "rotation": {"x": -46,"y": 300,"z": -2},
    "origin": {"x": 0.5,"y": 1,"z": 0.5},
    "scale": 0.5
  },
  "fpHandTransform": {
		"translation": { "x": 0.4, "y": 0, "z": 0 },
		"rotation": { "x": -8, "y": -63, "z": -7 },
    "origin": {"x": 0.5,"y": 0.1,"z": 0.5},
    "scale": 0.5
  },
  "materialDensity": 200
}