{
	"editor": {
		"allAngles": true,
		"entityTextureMode": true
	},
	"textureWidth": 44,
	"textureHeight": 72,
	"textureSizes": {
		"skin": [44,72]
	},
	"textures": {
	},
	"elements": [
		{
			"name": "Rotation Point",
			"from": [ 0.0, 0.0, 0.0 ],
			"to": [ 0.0, 0.0, 0.0 ],
			"uv": [ 0.0, 0.0 ],
			"faces": {
			},
			"children": [
				{
					"name": "Base",
					"from": [ 1.0, 0.0, 8.0 ],
					"to": [ 1.0, 0.0, 8.0 ],
					"autoUnwrap": false,
					"uv": [ 0.0, 0.0 ],
					"rotationOrigin": [ 1.0, 0.0, 8.0 ],
					"faces": {
					},
					"children": [
						{
							"name": "PeltBody",
							"from": [ 0.0, 0.0, -2.9 ],
							"to": [ 5.0, 0.42, 2.9 ],
							"unwrapMode": 5,
							"unwrapRotation": 1,
							"autoUnwrap": false,
							"uv": [ 5.5, 34.0 ],
							"rotationOrigin": [ 0.0, 0.0, -2.9 ],
							"faces": {
								"north": { "texture": "#skin", "uv": [ 5.5, 34.5, 6.0, 39.5 ], "rotation": 270, "windMode": [-1,-1,-1,-1] },
								"east": { "texture": "#skin", "uv": [ 6.0, 34.0, 11.5, 34.5 ], "rotation": 180, "windMode": [-1,-1,-1,-1] },
								"south": { "texture": "#skin", "uv": [ 11.5, 34.5, 12.0, 39.5 ], "rotation": 90, "windMode": [-1,-1,-1,-1] },
								"west": { "texture": "#skin", "uv": [ 6.0, 39.5, 11.5, 40.0 ], "windMode": [-1,-1,-1,-1] },
								"up": { "texture": "#skin", "uv": [ 6.0, 34.5, 11.5, 39.5 ], "rotation": 90, "windMode": [-1,-1,-1,-1] },
								"down": { "texture": "#skin", "uv": [ 17.0, 34.5, 22.5, 39.5 ], "rotation": 270, "windMode": [-1,-1,-1,-1] }
							},
							"children": [
								{
									"name": "LBody",
									"from": [ 0.0, 0.01, 5.4 ],
									"to": [ 5.0, 0.41, 9.4 ],
									"unwrapMode": 5,
									"unwrapRotation": 1,
									"autoUnwrap": false,
									"uv": [ 2.0, 34.0 ],
									"rotationOrigin": [ 0.0, -0.01, 5.4 ],
									"rotationY": -3.0,
									"faces": {
										"east": { "texture": "#skin", "uv": [ 6.0, 34.0, 10.0, 34.5 ], "rotation": 180, "windMode": [-1,-1,-1,-1] },
										"south": { "texture": "#skin", "uv": [ 6.0, 34.5, 6.5, 39.5 ], "rotation": 90, "windMode": [-1,-1,-1,-1] },
										"west": { "texture": "#skin", "uv": [ 2.0, 39.5, 6.0, 40.0 ], "windMode": [-1,-1,-1,-1] },
										"up": { "texture": "#skin", "uv": [ 2.0, 34.5, 6.0, 39.5 ], "rotation": 270, "windMode": [-1,-1,-1,-1] },
										"down": { "texture": "#skin", "uv": [ 18.5, 34.5, 22.5, 39.5 ], "rotation": 270 }
									},
									"children": [
										{
											"name": "LArm",
											"from": [ 0.0, 0.01, 3.0 ],
											"to": [ 1.5, 0.39, 7.0 ],
											"unwrapMode": 5,
											"uv": [ 34.5, 3.0 ],
											"rotationOrigin": [ 0.0, 0.01, 3.0 ],
											"rotationY": -30.0,
											"faces": {
												"east": { "texture": "#skin", "uv": [ 36.5, 3.0, 37.0, 7.0 ], "rotation": 90 },
												"south": { "texture": "#skin", "uv": [ 35.0, 7.0, 36.5, 7.5 ], "windMode": [-1,-1,-1,-1] },
												"west": { "texture": "#skin", "uv": [ 34.5, 3.0, 35.0, 7.0 ], "rotation": 270, "windMode": [-1,-1,-1,-1] },
												"up": { "texture": "#skin", "uv": [ 35.0, 3.0, 36.5, 7.0 ], "windMode": [-1,-1,-1,-1] },
												"down": { "texture": "#skin", "uv": [ 37.0, 3.0, 38.5, 7.0 ], "windMode": [-1,-1,-1,-1] }
											},
											"children": [
												{
													"name": "LArmLower",
													"from": [ 1.5, 0.01, -0.3 ],
													"to": [ 2.5, 0.37, 3.7 ],
													"unwrapMode": 5,
													"uv": [ 36.5, 3.0 ],
													"rotationOrigin": [ 2.5, 0.01, -0.3 ],
													"rotationY": -10.0,
													"faces": {
														"east": { "texture": "#skin", "uv": [ 37.5, 3.0, 38.0, 7.0 ], "rotation": 90 },
														"south": { "texture": "#skin", "uv": [ 36.5, 7.0, 37.5, 7.5 ], "windMode": [-1,-1,-1,-1] },
														"up": { "texture": "#skin", "uv": [ 36.5, 3.0, 37.5, 7.0 ], "windMode": [-1,-1,-1,-1] },
														"down": { "texture": "#skin", "uv": [ 38.0, 3.0, 39.0, 7.0 ], "windMode": [-1,-1,-1,-1] }
													}
												}
											]
										}
									]
								},
								{
									"name": "RBody",
									"from": [ 0.0, -0.41, 0.4 ],
									"to": [ 5.0, -0.01, 4.4 ],
									"unwrapMode": 6,
									"unwrapRotation": 1,
									"autoUnwrap": false,
									"uv": [ 11.5, 34.0 ],
									"rotationOrigin": [ 0.0, 0.0, 0.4 ],
									"rotationX": 180.0,
									"rotationY": -3.0,
									"faces": {
										"east": { "texture": "#skin", "uv": [ 11.5, 39.5, 15.5, 40.0 ], "rotation": 180 },
										"south": { "texture": "#skin", "uv": [ 15.5, 34.5, 16.0, 39.5 ], "rotation": 270, "windMode": [-1,-1,-1,-1] },
										"west": { "texture": "#skin", "uv": [ 7.5, 34.0, 11.5, 34.5 ], "windMode": [-1,-1,-1,-1] },
										"up": { "texture": "#skin", "uv": [ 17.0, 34.5, 21.0, 39.5 ], "rotation": 270, "windMode": [-1,-1,-1,-1] },
										"down": { "texture": "#skin", "uv": [ 11.5, 34.5, 15.5, 39.5 ], "rotation": 90, "windMode": [-1,-1,-1,-1] }
									},
									"children": [
										{
											"name": "RArm",
											"from": [ 0.0, 0.01, 3.0 ],
											"to": [ 1.5, 0.39, 7.0 ],
											"unwrapMode": 6,
											"uv": [ 23.0, 3.0 ],
											"rotationOrigin": [ 0.0, 0.39, 3.0 ],
											"rotationY": -30.0,
											"faces": {
												"east": { "texture": "#skin", "uv": [ 23.0, 3.0, 23.5, 7.0 ], "rotation": 90 },
												"south": { "texture": "#skin", "uv": [ 23.5, 7.0, 25.0, 7.5 ], "rotation": 180, "windMode": [-1,-1,-1,-1] },
												"west": { "texture": "#skin", "uv": [ 25.0, 3.0, 25.5, 7.0 ], "rotation": 270, "windMode": [-1,-1,-1,-1] },
												"up": { "texture": "#skin", "uv": [ 25.5, 3.0, 27.0, 7.0 ], "windMode": [-1,-1,-1,-1] },
												"down": { "texture": "#skin", "uv": [ 23.5, 3.0, 25.0, 7.0 ], "windMode": [-1,-1,-1,-1] }
											},
											"children": [
												{
													"name": "RArmLower",
													"from": [ 1.5, 0.01, -0.3 ],
													"to": [ 2.5, 0.37, 3.7 ],
													"unwrapMode": 5,
													"uv": [ 24.5, 3.0 ],
													"rotationOrigin": [ 2.5, 0.37, -0.3 ],
													"rotationY": -10.0,
													"faces": {
														"east": { "texture": "#skin", "uv": [ 25.5, 3.0, 26.0, 7.0 ], "rotation": 90, "windMode": [-1,-1,-1,-1] },
														"south": { "texture": "#skin", "uv": [ 24.5, 7.0, 25.5, 7.5 ], "windMode": [-1,-1,-1,-1] },
														"up": { "texture": "#skin", "uv": [ 24.5, 3.0, 25.5, 7.0 ], "windMode": [-1,-1,-1,-1] },
														"down": { "texture": "#skin", "uv": [ 26.0, 3.0, 27.0, 7.0 ], "windMode": [-1,-1,-1,-1] }
													}
												}
											]
										}
									]
								},
								{
									"name": "PeltAbdomen",
									"from": [ 5.0, 0.01, 0.55 ],
									"to": [ 10.0, 0.41, 5.25 ],
									"unwrapMode": 7,
									"unwrapRotation": 1,
									"autoUnwrap": false,
									"uv": [ 6.0, 47.5 ],
									"rotationOrigin": [ 5.0, 0.01, 0.55 ],
									"faces": {
										"north": { "texture": "#skin", "uv": [ 11.0, 47.5, 11.5, 52.5 ], "rotation": 90, "windMode": [-1,-1,-1,-1] },
										"east": { "texture": "#skin", "uv": [ 6.5, 52.5, 11.0, 53.0 ], "windMode": [-1,-1,-1,-1] },
										"south": { "texture": "#skin", "uv": [ 6.0, 47.5, 6.5, 52.5 ], "rotation": 270, "windMode": [-1,-1,-1,-1] },
										"up": { "texture": "#skin", "uv": [ 6.5, 47.5, 11.0, 52.5 ], "rotation": 270, "windMode": [-1,-1,-1,-1] },
										"down": { "texture": "#skin", "uv": [ 17.0, 47.5, 21.5, 52.5 ], "rotation": 90 }
									},
									"children": [
										{
											"name": "LAbdomen",
											"from": [ 0.0, 0.01, 4.3 ],
											"to": [ 5.0, 0.39, 9.1 ],
											"unwrapMode": 7,
											"unwrapRotation": 1,
											"autoUnwrap": false,
											"uv": [ 1.5, 47.0 ],
											"rotationOrigin": [ 0.0, 0.01, 4.3 ],
											"rotationY": -3.0,
											"faces": {
												"east": { "texture": "#skin", "uv": [ 6.5, 52.5, 11.0, 53.0 ] },
												"south": { "texture": "#skin", "uv": [ 1.5, 47.5, 2.0, 52.5 ], "rotation": 270, "windMode": [-1,-1,-1,-1] },
												"west": { "texture": "#skin", "uv": [ 7.0, 59.5, 11.5, 60.0 ], "rotation": 180, "windMode": [-1,-1,-1,-1] },
												"up": { "texture": "#skin", "uv": [ 2.0, 47.5, 6.5, 52.5 ], "rotation": 270, "windMode": [-1,-1,-1,-1] },
												"down": { "texture": "#skin", "uv": [ 17.0, 47.5, 21.5, 52.5 ], "rotation": 90, "windMode": [-1,-1,-1,-1] }
											},
											"children": [
												{
													"name": "LLeg",
													"from": [ 2.5, 0.01, 4.8 ],
													"to": [ 4.5, 0.37, 8.8 ],
													"unwrapMode": 5,
													"uv": [ 35.5, 32.0 ],
													"rotationOrigin": [ 2.5, 0.01, 4.8 ],
													"rotationY": 72.0,
													"faces": {
														"east": { "texture": "#skin", "uv": [ 38.0, 32.0, 38.5, 36.0 ], "rotation": 90, "windMode": [-1,-1,-1,-1] },
														"south": { "texture": "#skin", "uv": [ 36.0, 36.0, 38.0, 36.5 ], "windMode": [-1,-1,-1,-1] },
														"west": { "texture": "#skin", "uv": [ 35.5, 32.0, 36.0, 36.0 ], "rotation": 270, "windMode": [-1,-1,-1,-1] },
														"up": { "texture": "#skin", "uv": [ 36.0, 32.0, 38.0, 36.0 ], "windMode": [-1,-1,-1,-1] },
														"down": { "texture": "#skin", "uv": [ 38.5, 32.0, 40.5, 36.0 ], "windMode": [-1,-1,-1,-1] }
													},
													"children": [
														{
															"name": "LLegEnd",
															"from": [ 0.0, -0.01, 4.0 ],
															"to": [ 2.0, 0.37, 6.0 ],
															"unwrapMode": 5,
															"uv": [ 36.0, 40.0 ],
															"rotationOrigin": [ 1.0, -0.01, 4.0 ],
															"rotationY": -14.0,
															"faces": {
																"north": { "texture": "#skin", "uv": [ 36.5, 40.0, 38.5, 40.5 ], "rotation": 180 },
																"east": { "texture": "#skin", "uv": [ 38.5, 40.5, 39.0, 42.5 ], "rotation": 90, "windMode": [-1,-1,-1,-1] },
																"south": { "texture": "#skin", "uv": [ 36.5, 42.5, 38.5, 43.0 ], "windMode": [-1,-1,-1,-1] },
																"west": { "texture": "#skin", "uv": [ 36.0, 40.5, 36.5, 42.5 ], "rotation": 270, "windMode": [-1,-1,-1,-1] },
																"up": { "texture": "#skin", "uv": [ 36.5, 40.5, 38.5, 42.5 ], "windMode": [-1,-1,-1,-1] },
																"down": { "texture": "#skin", "uv": [ 39.0, 40.5, 41.0, 42.5 ], "windMode": [-1,-1,-1,-1] }
															}
														}
													]
												},
												{
													"name": "LLegLower",
													"from": [ 3.4, 0.02, 2.3 ],
													"to": [ 4.9, 0.36, 6.8 ],
													"unwrapMode": 5,
													"uv": [ 38.5, 32.0 ],
													"rotationOrigin": [ 3.9, 0.02, 2.3 ],
													"rotationY": 45.0,
													"faces": {
														"east": { "texture": "#skin", "uv": [ 40.0, 32.0, 40.5, 36.5 ], "rotation": 90 },
														"up": { "texture": "#skin", "uv": [ 38.5, 32.0, 40.0, 36.5 ], "windMode": [-1,-1,-1,-1] },
														"down": { "texture": "#skin", "uv": [ 40.5, 32.0, 42.0, 36.5 ], "windMode": [-1,-1,-1,-1] }
													}
												}
											]
										},
										{
											"name": "RAbdomen",
											"from": [ 0.0, -0.37, 0.4 ],
											"to": [ 5.0, 0.01, 5.2 ],
											"unwrapMode": 7,
											"unwrapRotation": 1,
											"autoUnwrap": false,
											"uv": [ 10.5, 47.0 ],
											"rotationOrigin": [ 0.0, 0.01, 0.4 ],
											"rotationX": 180.0,
											"rotationY": -3.0,
											"faces": {
												"east": { "texture": "#skin", "uv": [ 6.5, 52.5, 11.0, 53.0 ] },
												"south": { "texture": "#skin", "uv": [ 10.5, 47.5, 11.0, 52.5 ], "rotation": 270, "windMode": [-1,-1,-1,-1] },
												"west": { "texture": "#skin", "uv": [ 13.0, 59.5, 17.5, 60.0 ], "rotation": 180, "windMode": [-1,-1,-1,-1] },
												"up": { "texture": "#skin", "uv": [ 11.0, 47.5, 15.5, 52.5 ], "rotation": 270, "windMode": [-1,-1,-1,-1] },
												"down": { "texture": "#skin", "uv": [ 17.0, 47.5, 21.5, 52.5 ], "rotation": 90, "windMode": [-1,-1,-1,-1] }
											},
											"children": [
												{
													"name": "RLeg",
													"from": [ 2.5, 0.01, 4.8 ],
													"to": [ 4.5, 0.37, 8.8 ],
													"unwrapMode": 5,
													"uv": [ 24.5, 32.0 ],
													"rotationOrigin": [ 2.5, 0.37, 4.8 ],
													"rotationY": 72.0,
													"faces": {
														"east": { "texture": "#skin", "uv": [ 27.0, 32.0, 27.5, 36.0 ], "rotation": 90 },
														"south": { "texture": "#skin", "uv": [ 25.0, 36.0, 27.0, 36.5 ], "windMode": [-1,-1,-1,-1] },
														"west": { "texture": "#skin", "uv": [ 24.5, 32.0, 25.0, 36.0 ], "rotation": 270, "windMode": [-1,-1,-1,-1] },
														"up": { "texture": "#skin", "uv": [ 25.0, 32.0, 27.0, 36.0 ], "windMode": [-1,-1,-1,-1] },
														"down": { "texture": "#skin", "uv": [ 27.5, 32.0, 29.5, 36.0 ], "windMode": [-1,-1,-1,-1] }
													},
													"children": [
														{
															"name": "RLegEnd",
															"from": [ 0.0, -0.01, 4.0 ],
															"to": [ 2.0, 0.37, 6.0 ],
															"unwrapMode": 5,
															"uv": [ 25.0, 40.0 ],
															"rotationOrigin": [ 1.0, 0.38, 4.0 ],
															"rotationY": -14.0,
															"faces": {
																"north": { "texture": "#skin", "uv": [ 25.5, 40.0, 27.5, 40.5 ], "rotation": 180 },
																"east": { "texture": "#skin", "uv": [ 27.5, 40.5, 28.0, 42.5 ], "rotation": 90, "windMode": [-1,-1,-1,-1] },
																"south": { "texture": "#skin", "uv": [ 25.5, 42.5, 27.5, 43.0 ], "windMode": [-1,-1,-1,-1] },
																"west": { "texture": "#skin", "uv": [ 25.0, 40.5, 25.5, 42.5 ], "rotation": 270, "windMode": [-1,-1,-1,-1] },
																"up": { "texture": "#skin", "uv": [ 25.5, 40.5, 27.5, 42.5 ], "windMode": [-1,-1,-1,-1] },
																"down": { "texture": "#skin", "uv": [ 28.0, 40.5, 30.0, 42.5 ], "windMode": [-1,-1,-1,-1] }
															}
														}
													]
												},
												{
													"name": "RLegLower",
													"from": [ 3.4, 0.02, 2.3 ],
													"to": [ 4.9, 0.36, 6.8 ],
													"unwrapMode": 5,
													"uv": [ 25.5, 32.0 ],
													"rotationOrigin": [ 3.9, 0.36, 2.3 ],
													"rotationY": 45.0,
													"faces": {
														"east": { "texture": "#skin", "uv": [ 27.0, 32.0, 27.5, 36.5 ], "rotation": 90, "windMode": [-1,-1,-1,-1] },
														"up": { "texture": "#skin", "uv": [ 25.5, 32.0, 27.0, 36.5 ], "windMode": [-1,-1,-1,-1] },
														"down": { "texture": "#skin", "uv": [ 27.5, 32.0, 29.0, 36.5 ], "windMode": [-1,-1,-1,-1] }
													}
												}
											]
										},
										{
											"name": "PeltTail",
											"from": [ 4.8, 0.01, 1.85 ],
											"to": [ 6.8, 0.39, 2.85 ],
											"unwrapMode": 7,
											"unwrapRotation": 1,
											"uv": [ 1.5, 54.0 ],
											"rotationOrigin": [ 4.8, 0.01, 1.85 ],
											"faces": {
												"north": { "texture": "#skin", "uv": [ 3.0, 54.5, 3.5, 56.5 ], "rotation": 90 },
												"east": { "texture": "#skin", "uv": [ 2.0, 56.5, 3.0, 57.0 ], "windMode": [-1,-1,-1,-1] },
												"south": { "texture": "#skin", "uv": [ 1.5, 54.5, 2.0, 56.5 ], "rotation": 270, "windMode": [-1,-1,-1,-1] },
												"west": { "texture": "#skin", "uv": [ 2.0, 54.0, 3.0, 54.5 ], "rotation": 180, "windMode": [-1,-1,-1,-1] },
												"up": { "texture": "#skin", "uv": [ 2.0, 54.5, 3.0, 56.5 ], "rotation": 270, "windMode": [-1,-1,-1,-1] },
												"down": { "texture": "#skin", "uv": [ 3.5, 54.5, 4.5, 56.5 ], "rotation": 90, "windMode": [-1,-1,-1,-1] }
											}
										}
									]
								},
								{
									"name": "LNeck",
									"from": [ -3.0, 0.02, 2.9 ],
									"to": [ 0.0, 0.4, 5.9 ],
									"unwrapMode": 5,
									"uv": [ 6.5, 13.0 ],
									"rotationOrigin": [ 0.0, 0.02, 2.9 ],
									"rotationY": 22.0,
									"faces": {
										"north": { "texture": "#skin", "uv": [ 7.0, 13.0, 10.0, 13.5 ], "rotation": 180 },
										"south": { "texture": "#skin", "uv": [ 7.0, 16.5, 10.0, 17.0 ], "windMode": [-1,-1,-1,-1] },
										"west": { "texture": "#skin", "uv": [ 6.5, 13.5, 7.0, 16.5 ], "rotation": 270, "windMode": [-1,-1,-1,-1] },
										"up": { "texture": "#skin", "uv": [ 7.0, 13.5, 10.0, 16.5 ], "windMode": [-1,-1,-1,-1] },
										"down": { "texture": "#skin", "uv": [ 10.0, 13.5, 13.0, 16.5 ], "windMode": [-1,-1,-1,-1] }
									}
								},
								{
									"name": "RNeck",
									"from": [ -3.0, -0.36, 2.9 ],
									"to": [ 0.0, 0.02, 5.9 ],
									"unwrapMode": 6,
									"uv": [ 7.0, 13.0 ],
									"rotationOrigin": [ 0.0, 0.02, 2.9 ],
									"rotationX": 180.0,
									"rotationY": 22.0,
									"faces": {
										"north": { "texture": "#skin", "uv": [ 7.0, 13.0, 10.0, 13.5 ] },
										"south": { "texture": "#skin", "uv": [ 7.0, 16.5, 10.0, 17.0 ], "rotation": 180, "windMode": [-1,-1,-1,-1] },
										"west": { "texture": "#skin", "uv": [ 10.0, 13.5, 10.5, 16.5 ], "rotation": 270, "windMode": [-1,-1,-1,-1] },
										"up": { "texture": "#skin", "uv": [ 10.5, 13.5, 13.5, 16.5 ], "windMode": [-1,-1,-1,-1] },
										"down": { "texture": "#skin", "uv": [ 7.0, 13.5, 10.0, 16.5 ], "windMode": [-1,-1,-1,-1] }
									}
								}
							]
						}
					]
				}
			]
		}
	]}