{
	"editor": {
		"allAngles": true,
		"entityTextureMode": true
	},
	"textureWidth": 84,
	"textureHeight": 124,
	"textureSizes": {
		"skin": [84,124]
	},
	"textures": {
	},
	"elements": [
		{
			"name": "Rotation Point",
			"from": [ 0.0, 0.0, 0.0 ],
			"to": [ 0.0, 0.0, 0.0 ],
			"uv": [ 0.0, 0.0 ],
			"faces": {
			},
			"children": [
				{
					"name": "Base",
					"from": [ 0.0, 0.0, 8.0 ],
					"to": [ 0.0, 0.0, 8.0 ],
					"autoUnwrap": false,
					"uv": [ 0.0, 0.0 ],
					"rotationOrigin": [ 0.0, 0.0, 8.0 ],
					"faces": {
					},
					"children": [
						{
							"name": "PeltBody",
							"from": [ 0.0, 0.0, -5.0 ],
							"to": [ 10.0, 0.462, 5.0 ],
							"unwrapMode": 7,
							"unwrapRotation": 1,
							"autoUnwrap": false,
							"uv": [ 12.0, 63.5 ],
							"rotationOrigin": [ 0.0, 0.0, -5.0 ],
							"faces": {
								"north": { "texture": "#skin", "uv": [ 22.5, 64.0, 23.0, 74.0 ], "rotation": 90, "windMode": [-1,-1,-1,-1] },
								"east": { "texture": "#skin", "uv": [ 12.5, 75.0, 22.5, 75.5 ], "windMode": [-1,-1,-1,-1] },
								"south": { "texture": "#skin", "uv": [ 12.0, 64.0, 12.5, 74.0 ], "rotation": 270, "windMode": [-1,-1,-1,-1] },
								"west": { "texture": "#skin", "uv": [ 12.5, 63.5, 22.5, 64.0 ], "rotation": 180, "windMode": [-1,-1,-1,-1] },
								"up": { "texture": "#skin", "uv": [ 12.5, 64.0, 22.5, 74.0 ], "rotation": 270, "windMode": [-1,-1,-1,-1] },
								"down": { "texture": "#skin", "uv": [ 34.5, 64.0, 44.5, 74.0 ], "rotation": 90, "windMode": [-1,-1,-1,-1] }
							},
							"children": [
								{
									"name": "LBody",
									"from": [ 0.0, 0.011, 9.5 ],
									"to": [ 10.0, 0.451, 17.2 ],
									"unwrapMode": 7,
									"unwrapRotation": 1,
									"autoUnwrap": false,
									"uv": [ 4.5, 63.5 ],
									"rotationOrigin": [ 0.0, -0.011, 9.5 ],
									"rotationY": -3.0,
									"faces": {
										"east": { "texture": "#skin", "uv": [ 5.0, 75.0, 12.5, 75.5 ], "windMode": [-1,-1,-1,-1] },
										"south": { "texture": "#skin", "uv": [ 4.5, 64.0, 5.0, 74.0 ], "rotation": 270, "windMode": [-1,-1,-1,-1] },
										"west": { "texture": "#skin", "uv": [ 12.5, 56.0, 13.0, 63.5 ], "rotation": 90, "windMode": [-1,-1,-1,-1] },
										"up": { "texture": "#skin", "uv": [ 5.0, 64.0, 12.5, 74.0 ], "rotation": 270, "windMode": [-1,-1,-1,-1] },
										"down": { "texture": "#skin", "uv": [ 37.0, 64.0, 44.5, 74.0 ], "rotation": 90, "windMode": [-1,-1,-1,-1] }
									},
									"children": [
										{
											"name": "LArm",
											"from": [ 0.0, 0.011, 6.6 ],
											"to": [ 2.75, 0.429, 14.3 ],
											"unwrapMode": 5,
											"uv": [ 48.5, 15.0 ],
											"rotationOrigin": [ 0.0, 0.011, 6.6 ],
											"rotationY": -30.0,
											"faces": {
												"east": { "texture": "#skin", "uv": [ 51.5, 15.0, 52.0, 22.5 ], "rotation": 90 },
												"south": { "texture": "#skin", "uv": [ 49.0, 22.5, 51.5, 23.0 ], "windMode": [-1,-1,-1,-1] },
												"west": { "texture": "#skin", "uv": [ 48.5, 15.0, 49.0, 22.5 ], "rotation": 270, "windMode": [-1,-1,-1,-1] },
												"up": { "texture": "#skin", "uv": [ 49.0, 15.0, 51.5, 22.5 ], "windMode": [-1,-1,-1,-1] },
												"down": { "texture": "#skin", "uv": [ 52.0, 15.0, 54.5, 22.5 ], "windMode": [-1,-1,-1,-1] }
											},
											"children": [
												{
													"name": "LArmLower",
													"from": [ 2.2, 0.011, -1.32 ],
													"to": [ 4.4, 0.407, 6.38 ],
													"unwrapMode": 5,
													"uv": [ 50.0, 15.0 ],
													"rotationOrigin": [ 4.4, 0.011, -1.32 ],
													"rotationY": -10.0,
													"faces": {
														"east": { "texture": "#skin", "uv": [ 52.0, 15.0, 52.5, 22.5 ], "rotation": 90 },
														"south": { "texture": "#skin", "uv": [ 50.0, 22.5, 52.0, 23.0 ], "windMode": [-1,-1,-1,-1] },
														"up": { "texture": "#skin", "uv": [ 50.0, 15.0, 52.0, 22.5 ], "windMode": [-1,-1,-1,-1] },
														"down": { "texture": "#skin", "uv": [ 52.5, 15.0, 54.5, 22.5 ], "windMode": [-1,-1,-1,-1] }
													}
												}
											]
										}
									]
								},
								{
									"name": "RBody",
									"from": [ 0.0, -0.451, 0.5 ],
									"to": [ 10.0, -0.011, 8.2 ],
									"unwrapMode": 7,
									"unwrapRotation": 1,
									"autoUnwrap": false,
									"uv": [ 25.0, 75.0 ],
									"rotationOrigin": [ 0.0, 0.0, 0.5 ],
									"rotationX": 180.0,
									"rotationY": -3.0,
									"faces": {
										"east": { "texture": "#skin", "uv": [ 22.5, 75.0, 30.0, 75.5 ], "rotation": 180 },
										"south": { "texture": "#skin", "uv": [ 30.0, 64.0, 30.5, 74.0 ], "rotation": 270, "windMode": [-1,-1,-1,-1] },
										"west": { "texture": "#skin", "uv": [ 22.0, 56.0, 22.5, 63.5 ], "rotation": 90, "windMode": [-1,-1,-1,-1] },
										"up": { "texture": "#skin", "uv": [ 34.5, 64.0, 42.0, 74.0 ], "rotation": 270, "windMode": [-1,-1,-1,-1] },
										"down": { "texture": "#skin", "uv": [ 22.5, 64.0, 30.0, 74.0 ], "rotation": 90, "windMode": [-1,-1,-1,-1] }
									},
									"children": [
										{
											"name": "RArm",
											"from": [ 0.0, 0.011, 6.6 ],
											"to": [ 2.75, 0.429, 14.3 ],
											"unwrapMode": 6,
											"uv": [ 69.5, 15.0 ],
											"rotationOrigin": [ 0.0, 0.429, 6.6 ],
											"rotationY": -30.0,
											"faces": {
												"east": { "texture": "#skin", "uv": [ 69.5, 15.0, 70.0, 22.5 ], "rotation": 90 },
												"south": { "texture": "#skin", "uv": [ 70.0, 22.5, 72.5, 23.0 ], "rotation": 180, "windMode": [-1,-1,-1,-1] },
												"west": { "texture": "#skin", "uv": [ 72.5, 15.0, 73.0, 22.5 ], "rotation": 270, "windMode": [-1,-1,-1,-1] },
												"up": { "texture": "#skin", "uv": [ 73.0, 15.0, 75.5, 22.5 ], "windMode": [-1,-1,-1,-1] },
												"down": { "texture": "#skin", "uv": [ 70.0, 15.0, 72.5, 22.5 ], "windMode": [-1,-1,-1,-1] }
											},
											"children": [
												{
													"name": "RArmLower",
													"from": [ 2.2, 0.011, -1.32 ],
													"to": [ 4.4, 0.407, 6.38 ],
													"unwrapMode": 5,
													"uv": [ 70.5, 15.0 ],
													"rotationOrigin": [ 4.4, 0.407, -1.32 ],
													"rotationY": -10.0,
													"faces": {
														"east": { "texture": "#skin", "uv": [ 72.5, 15.0, 73.0, 22.5 ], "rotation": 90, "windMode": [-1,-1,-1,-1] },
														"south": { "texture": "#skin", "uv": [ 70.5, 22.5, 72.5, 23.0 ], "windMode": [-1,-1,-1,-1] },
														"up": { "texture": "#skin", "uv": [ 70.5, 15.0, 72.5, 22.5 ], "windMode": [-1,-1,-1,-1] },
														"down": { "texture": "#skin", "uv": [ 73.0, 15.0, 75.0, 22.5 ], "windMode": [-1,-1,-1,-1] }
													}
												}
											]
										}
									]
								},
								{
									"name": "PeltAbdomen",
									"from": [ 10.0, 0.011, 1.0 ],
									"to": [ 20.0, 0.451, 9.0 ],
									"unwrapMode": 7,
									"unwrapRotation": 1,
									"autoUnwrap": false,
									"uv": [ 13.0, 86.0 ],
									"rotationOrigin": [ 10.0, 0.011, 1.0 ],
									"faces": {
										"north": { "texture": "#skin", "uv": [ 21.5, 86.0, 22.0, 96.0 ], "rotation": 90, "windMode": [-1,-1,-1,-1] },
										"east": { "texture": "#skin", "uv": [ 13.5, 96.0, 21.5, 96.5 ], "windMode": [-1,-1,-1,-1] },
										"south": { "texture": "#skin", "uv": [ 13.0, 86.0, 13.5, 96.0 ], "rotation": 270, "windMode": [-1,-1,-1,-1] },
										"up": { "texture": "#skin", "uv": [ 13.5, 86.0, 21.5, 96.0 ], "rotation": 270, "windMode": [-1,-1,-1,-1] },
										"down": { "texture": "#skin", "uv": [ 32.5, 86.0, 40.5, 96.0 ], "rotation": 90, "windMode": [-1,-1,-1,-1] }
									},
									"children": [
										{
											"name": "LAbdomen",
											"from": [ 0.0, 0.011, 7.5 ],
											"to": [ 10.0, 0.429, 16.5 ],
											"unwrapMode": 7,
											"unwrapRotation": 1,
											"autoUnwrap": false,
											"uv": [ 44.0, 90.0 ],
											"rotationOrigin": [ 0.0, 0.011, 7.5 ],
											"rotationY": -3.0,
											"faces": {
												"east": { "texture": "#skin", "uv": [ 13.5, 96.5, 14.0, 105.5 ], "rotation": 90 },
												"south": { "texture": "#skin", "uv": [ 4.0, 86.0, 4.5, 96.0 ], "rotation": 270, "windMode": [-1,-1,-1,-1] },
												"west": { "texture": "#skin", "uv": [ 4.5, 84.5, 13.5, 85.0 ], "rotation": 180, "windMode": [-1,-1,-1,-1] },
												"up": { "texture": "#skin", "uv": [ 4.5, 86.0, 13.5, 96.0 ], "rotation": 270, "windMode": [-1,-1,-1,-1] },
												"down": { "texture": "#skin", "uv": [ 31.5, 86.0, 40.5, 96.0 ], "rotation": 90, "windMode": [-1,-1,-1,-1] }
											},
											"children": [
												{
													"name": "LLeg",
													"from": [ 7.0, 0.011, 9.0 ],
													"to": [ 9.2, 0.407, 15.6 ],
													"unwrapMode": 5,
													"uv": [ 51.0, 53.5 ],
													"rotationOrigin": [ 7.0, 0.011, 9.0 ],
													"rotationY": 72.0,
													"faces": {
														"east": { "texture": "#skin", "uv": [ 53.5, 53.5, 54.0, 60.0 ], "rotation": 90, "windMode": [-1,-1,-1,-1] },
														"south": { "texture": "#skin", "uv": [ 51.5, 60.0, 53.5, 60.5 ], "windMode": [-1,-1,-1,-1] },
														"west": { "texture": "#skin", "uv": [ 51.0, 53.5, 51.5, 60.0 ], "rotation": 270, "windMode": [-1,-1,-1,-1] },
														"up": { "texture": "#skin", "uv": [ 51.5, 53.5, 53.5, 60.0 ], "windMode": [-1,-1,-1,-1] },
														"down": { "texture": "#skin", "uv": [ 54.0, 53.5, 56.0, 60.0 ], "windMode": [-1,-1,-1,-1] }
													},
													"children": [
														{
															"name": "LLegEnd",
															"from": [ 0.0, -0.011, 4.4 ],
															"to": [ 3.3, 0.407, 7.7 ],
															"unwrapMode": 5,
															"uv": [ 47.0, 64.5 ],
															"rotationOrigin": [ 1.1, -0.011, 4.4 ],
															"rotationY": -14.0,
															"faces": {
																"north": { "texture": "#skin", "uv": [ 47.5, 64.5, 50.5, 65.0 ], "rotation": 180 },
																"east": { "texture": "#skin", "uv": [ 50.5, 65.0, 51.0, 68.0 ], "rotation": 90, "windMode": [-1,-1,-1,-1] },
																"south": { "texture": "#skin", "uv": [ 47.5, 68.0, 50.5, 68.5 ], "windMode": [-1,-1,-1,-1] },
																"west": { "texture": "#skin", "uv": [ 47.0, 65.0, 47.5, 68.0 ], "rotation": 270, "windMode": [-1,-1,-1,-1] },
																"up": { "texture": "#skin", "uv": [ 47.5, 65.0, 50.5, 68.0 ], "windMode": [-1,-1,-1,-1] },
																"down": { "texture": "#skin", "uv": [ 51.0, 65.0, 54.0, 68.0 ], "windMode": [-1,-1,-1,-1] }
															}
														}
													]
												},
												{
													"name": "LLegLower",
													"from": [ 7.0, 0.022, 5.4 ],
													"to": [ 9.75, 0.396, 11.45 ],
													"unwrapMode": 5,
													"uv": [ 53.5, 54.0 ],
													"rotationOrigin": [ 7.0, 0.022, 5.4 ],
													"rotationY": 45.0,
													"faces": {
														"east": { "texture": "#skin", "uv": [ 56.0, 54.0, 56.5, 60.0 ], "rotation": 90 },
														"up": { "texture": "#skin", "uv": [ 53.5, 54.0, 56.0, 60.0 ], "windMode": [-1,-1,-1,-1] },
														"down": { "texture": "#skin", "uv": [ 56.5, 54.0, 59.0, 60.0 ], "windMode": [-1,-1,-1,-1] }
													}
												}
											]
										},
										{
											"name": "RAbdomen",
											"from": [ 0.0, -0.407, 0.5 ],
											"to": [ 10.0, 0.011, 9.5 ],
											"unwrapMode": 7,
											"unwrapRotation": 1,
											"autoUnwrap": false,
											"uv": [ 44.5, 87.5 ],
											"rotationOrigin": [ 0.0, 0.011, 0.5 ],
											"rotationX": 180.0,
											"rotationY": -3.0,
											"faces": {
												"east": { "texture": "#skin", "uv": [ 21.0, 96.5, 21.5, 105.5 ], "rotation": 90 },
												"south": { "texture": "#skin", "uv": [ 30.5, 86.0, 31.0, 96.0 ], "rotation": 270, "windMode": [-1,-1,-1,-1] },
												"west": { "texture": "#skin", "uv": [ 22.0, 84.5, 31.0, 85.0 ], "rotation": 180, "windMode": [-1,-1,-1,-1] },
												"up": { "texture": "#skin", "uv": [ 31.5, 86.0, 40.5, 96.0 ], "rotation": 270, "windMode": [-1,-1,-1,-1] },
												"down": { "texture": "#skin", "uv": [ 21.5, 86.0, 30.5, 96.0 ], "rotation": 90, "windMode": [-1,-1,-1,-1] }
											},
											"children": [
												{
													"name": "RLeg",
													"from": [ 7.0, 0.011, 9.0 ],
													"to": [ 9.2, 0.407, 15.6 ],
													"unwrapMode": 5,
													"uv": [ 66.5, 53.5 ],
													"rotationOrigin": [ 7.0, 0.407, 9.0 ],
													"rotationY": 72.0,
													"faces": {
														"east": { "texture": "#skin", "uv": [ 69.0, 53.5, 69.5, 60.0 ], "rotation": 90 },
														"south": { "texture": "#skin", "uv": [ 67.0, 60.0, 69.0, 60.5 ], "windMode": [-1,-1,-1,-1] },
														"west": { "texture": "#skin", "uv": [ 66.5, 53.5, 67.0, 60.0 ], "rotation": 270, "windMode": [-1,-1,-1,-1] },
														"up": { "texture": "#skin", "uv": [ 67.0, 53.5, 69.0, 60.0 ], "windMode": [-1,-1,-1,-1] },
														"down": { "texture": "#skin", "uv": [ 69.5, 53.5, 71.5, 60.0 ], "windMode": [-1,-1,-1,-1] }
													},
													"children": [
														{
															"name": "RLegEnd",
															"from": [ 0.0, -0.011, 4.4 ],
															"to": [ 3.3, 0.407, 7.7 ],
															"unwrapMode": 5,
															"uv": [ 69.0, 64.5 ],
															"rotationOrigin": [ 1.1, 0.418, 4.4 ],
															"rotationY": -14.0,
															"faces": {
																"north": { "texture": "#skin", "uv": [ 69.5, 64.5, 72.5, 65.0 ], "rotation": 180 },
																"east": { "texture": "#skin", "uv": [ 72.5, 65.0, 73.0, 68.0 ], "rotation": 90, "windMode": [-1,-1,-1,-1] },
																"south": { "texture": "#skin", "uv": [ 69.5, 68.0, 72.5, 68.5 ], "windMode": [-1,-1,-1,-1] },
																"west": { "texture": "#skin", "uv": [ 69.0, 65.0, 69.5, 68.0 ], "rotation": 270, "windMode": [-1,-1,-1,-1] },
																"up": { "texture": "#skin", "uv": [ 69.5, 65.0, 72.5, 68.0 ], "windMode": [-1,-1,-1,-1] },
																"down": { "texture": "#skin", "uv": [ 73.0, 65.0, 76.0, 68.0 ], "windMode": [-1,-1,-1,-1] }
															}
														}
													]
												},
												{
													"name": "RLegLower",
													"from": [ 7.0, 0.022, 5.3 ],
													"to": [ 9.75, 0.396, 11.3 ],
													"unwrapMode": 5,
													"uv": [ 64.5, 54.0 ],
													"rotationOrigin": [ 7.0, 0.396, 5.3 ],
													"rotationY": 45.0,
													"faces": {
														"east": { "texture": "#skin", "uv": [ 67.0, 54.0, 67.5, 60.0 ], "rotation": 90, "windMode": [-1,-1,-1,-1] },
														"up": { "texture": "#skin", "uv": [ 64.5, 54.0, 67.0, 60.0 ], "windMode": [-1,-1,-1,-1] },
														"down": { "texture": "#skin", "uv": [ 67.5, 54.0, 70.0, 60.0 ], "windMode": [-1,-1,-1,-1] }
													}
												}
											]
										},
										{
											"name": "PeltTail",
											"from": [ 10.0, 0.011, 3.0 ],
											"to": [ 12.5, 0.429, 5.0 ],
											"unwrapMode": 7,
											"unwrapRotation": 1,
											"uv": [ 25.5, 100.0 ],
											"rotationOrigin": [ 10.0, 0.011, 3.0 ],
											"faces": {
												"north": { "texture": "#skin", "uv": [ 28.0, 100.5, 28.5, 103.0 ], "rotation": 90 },
												"east": { "texture": "#skin", "uv": [ 26.0, 103.0, 28.0, 103.5 ], "windMode": [-1,-1,-1,-1] },
												"south": { "texture": "#skin", "uv": [ 25.5, 100.5, 26.0, 103.0 ], "rotation": 270, "windMode": [-1,-1,-1,-1] },
												"west": { "texture": "#skin", "uv": [ 26.0, 100.0, 28.0, 100.5 ], "rotation": 180, "windMode": [-1,-1,-1,-1] },
												"up": { "texture": "#skin", "uv": [ 26.0, 100.5, 28.0, 103.0 ], "rotation": 270, "windMode": [-1,-1,-1,-1] },
												"down": { "texture": "#skin", "uv": [ 28.5, 100.5, 30.5, 103.0 ], "rotation": 90, "windMode": [-1,-1,-1,-1] }
											}
										}
									]
								},
								{
									"name": "LNeck",
									"from": [ -5.5, 0.022, 5.0 ],
									"to": [ 0.0, 0.44, 12.7 ],
									"unwrapMode": 7,
									"unwrapRotation": 1,
									"autoUnwrap": false,
									"uv": [ 17.5, 36.5 ],
									"rotationOrigin": [ 0.0, 0.022, 5.0 ],
									"rotationY": 22.0,
									"faces": {
										"north": { "texture": "#skin", "uv": [ 22.0, 26.5, 22.5, 32.0 ], "rotation": 90 },
										"south": { "texture": "#skin", "uv": [ 14.0, 26.5, 14.5, 32.0 ], "rotation": 270, "windMode": [-1,-1,-1,-1] },
										"west": { "texture": "#skin", "uv": [ 14.5, 26.0, 22.0, 26.5 ], "rotation": 180, "windMode": [-1,-1,-1,-1] },
										"up": { "texture": "#skin", "uv": [ 14.5, 26.5, 22.0, 32.0 ], "rotation": 270, "windMode": [-1,-1,-1,-1] },
										"down": { "texture": "#skin", "uv": [ 26.5, 26.5, 34.0, 32.0 ], "rotation": 90, "windMode": [-1,-1,-1,-1] }
									}
								},
								{
									"name": "RNeck",
									"from": [ -5.5, -0.396, 5.0 ],
									"to": [ 0.0, 0.022, 12.7 ],
									"unwrapMode": 7,
									"unwrapRotation": 1,
									"autoUnwrap": false,
									"uv": [ 25.0, 45.5 ],
									"rotationOrigin": [ 0.0, 0.022, 5.0 ],
									"rotationX": 180.0,
									"rotationY": 22.0,
									"faces": {
										"north": { "texture": "#skin", "uv": [ 22.0, 26.5, 22.5, 32.0 ], "rotation": 90 },
										"south": { "texture": "#skin", "uv": [ 14.0, 26.5, 14.5, 32.0 ], "rotation": 270, "windMode": [-1,-1,-1,-1] },
										"west": { "texture": "#skin", "uv": [ 14.5, 26.0, 22.0, 26.5 ], "rotation": 180, "windMode": [-1,-1,-1,-1] },
										"up": { "texture": "#skin", "uv": [ 27.0, 26.5, 34.5, 32.0 ], "rotation": 270, "windMode": [-1,-1,-1,-1] },
										"down": { "texture": "#skin", "uv": [ 14.5, 26.5, 22.0, 32.0 ], "rotation": 90, "windMode": [-1,-1,-1,-1] }
									}
								}
							]
						}
					]
				}
			]
		}
	]}