{
	"editor": {
		"collapsedPaths": "Root/Body/abdomen/L back Thigh,Root/Body/abdomen/R back Thigh",
		"allAngles": true,
		"entityTextureMode": true
	},
	"textureWidth": 84,
	"textureHeight": 124,
	"textureSizes": {
		"skin": [84,124],
		"moose-antlers": [16,16],
		"leather": [16,16]
	},
	"textures": {
	},
	"elements": [
		{
			"name": "neck",
			"from": [ 9.48, 3.85, 5.6 ],
			"to": [ 16.98, 12.85, 10.6 ],
			"unwrapMode": 7,
			"unwrapRotation": 1,
			"autoUnwrap": false,
			"uv": [ 6.5, 15.5 ],
			"rotationOrigin": [ 16.9793, 10.3457, 8.1 ],
			"rotationZ": -3.0,
			"faces": {
				"north": { "texture": "#skin", "uv": [ 20.5, 24.5, 29.5, 32.0 ], "rotation": 90 },
				"south": { "texture": "#skin", "uv": [ 6.5, 24.5, 15.5, 32.0 ], "rotation": 270 },
				"west": { "texture": "#skin", "uv": [ 15.5, 15.5, 20.5, 24.5 ], "windMode": [-1,-1,-1,-1], "windData": [1,1,1,1] },
				"up": { "texture": "#skin", "uv": [ 15.5, 24.5, 20.5, 32.0 ], "rotation": 270 },
				"down": { "texture": "#skin", "uv": [ 29.5, 24.5, 34.5, 32.0 ], "rotation": 90 }
			},
			"children": [
				{
					"name": "neck2",
					"from": [ -4.9, 1.5, 0.5 ],
					"to": [ 1.6, 8.8, 4.5 ],
					"unwrapMode": 7,
					"unwrapRotation": 1,
					"uv": [ 9.0, 1.0 ],
					"rotationOrigin": [ 1.6, 7.1, 2.6 ],
					"faces": {
						"north": { "texture": "#skin", "uv": [ 20.0, 8.0, 27.0, 14.5 ], "rotation": 90 },
						"south": { "texture": "#skin", "uv": [ 9.0, 8.0, 16.0, 14.5 ], "rotation": 270 },
						"west": { "texture": "#skin", "uv": [ 16.0, 1.0, 20.0, 8.0 ], "rotation": 180 },
						"up": { "texture": "#skin", "uv": [ 16.0, 8.0, 20.0, 14.5 ], "rotation": 270 },
						"down": { "texture": "#skin", "uv": [ 27.0, 8.0, 31.0, 14.5 ], "rotation": 90 }
					},
					"children": [
						{
							"name": "head",
							"from": [ -5.1, 0.9, -0.8 ],
							"to": [ 1.0, 6.9, 4.8 ],
							"unwrapMode": 4,
							"uv": [ 50.5, 104.0 ],
							"rotationOrigin": [ -0.1, 5.7, 2.1 ],
							"rotationZ": 30.0,
							"faces": {
								"north": { "texture": "#skin", "uv": [ 50.5, 110.0, 56.5, 116.0 ] },
								"east": { "texture": "#skin", "uv": [ 68.0, 110.0, 73.5, 116.0 ] },
								"south": { "texture": "#skin", "uv": [ 62.0, 110.0, 68.0, 116.0 ] },
								"west": { "texture": "#skin", "uv": [ 56.5, 110.0, 62.0, 116.0 ] },
								"up": { "texture": "#skin", "uv": [ 56.5, 104.0, 62.0, 110.0 ], "rotation": 90 },
								"down": { "texture": "#skin", "uv": [ 56.5, 116.0, 62.0, 122.0 ], "rotation": 90 }
							},
							"children": [
								{
									"name": "mouth up",
									"from": [ -4.0, 2.2, 1.2 ],
									"to": [ 1.7, 5.0, 4.4 ],
									"unwrapMode": 7,
									"unwrapRotation": 1,
									"uv": [ 55.5, 85.0 ],
									"rotationOrigin": [ 0.3, 4.4, 2.8 ],
									"rotationZ": 10.0,
									"faces": {
										"north": { "texture": "#skin", "uv": [ 61.0, 87.5, 63.5, 93.0 ], "rotation": 90 },
										"south": { "texture": "#skin", "uv": [ 55.5, 87.5, 58.0, 93.0 ], "rotation": 270 },
										"west": { "texture": "#skin", "uv": [ 58.0, 85.0, 61.0, 87.5 ], "rotation": 180 },
										"up": { "texture": "#skin", "uv": [ 58.0, 87.5, 61.0, 93.0 ], "rotation": 270 },
										"down": { "texture": "#skin", "uv": [ 63.5, 87.5, 66.5, 93.0 ], "rotation": 90 }
									},
									"children": [
										{
											"name": "nose bridge",
											"from": [ 0.0, 2.0, 0.3 ],
											"to": [ 5.0, 3.5, 2.9 ],
											"unwrapMode": 7,
											"unwrapRotation": 1,
											"uv": [ 57.0, 78.5 ],
											"rotationOrigin": [ 4.9, 2.0, 1.1 ],
											"rotationZ": 8.0,
											"faces": {
												"north": { "texture": "#skin", "uv": [ 61.0, 78.5, 62.5, 83.5 ], "rotation": 90 },
												"south": { "texture": "#skin", "uv": [ 57.0, 78.5, 58.5, 83.5 ], "rotation": 270 },
												"up": { "texture": "#skin", "uv": [ 58.5, 78.5, 61.0, 83.5 ], "rotation": 270 }
											}
										},
										{
											"name": "nose",
											"from": [ -2.1, 0.7, -0.2 ],
											"to": [ 1.1, 3.3, 3.4 ],
											"unwrapMode": 4,
											"uv": [ 54.5, 94.0 ],
											"rotationOrigin": [ 1.1, 0.7, 1.6 ],
											"rotationZ": 25.0,
											"faces": {
												"north": { "texture": "#skin", "uv": [ 54.5, 97.0, 57.5, 99.5 ] },
												"east": { "texture": "#skin", "uv": [ 64.0, 97.0, 67.5, 99.5 ] },
												"south": { "texture": "#skin", "uv": [ 61.0, 97.0, 64.0, 99.5 ] },
												"west": { "texture": "#skin", "uv": [ 57.5, 97.0, 61.0, 99.5 ] },
												"up": { "texture": "#skin", "uv": [ 57.5, 94.0, 61.0, 97.0 ], "rotation": 90 },
												"down": { "texture": "#skin", "uv": [ 57.5, 99.5, 61.0, 102.5 ], "rotation": 90 }
											}
										}
									]
								},
								{
									"name": "R ear",
									"from": [ 4.9, 3.2, -4.4 ],
									"to": [ 5.7, 5.6, 0.7 ],
									"unwrapMode": 4,
									"unwrapRotation": 1,
									"uv": [ 70.5, 103.0 ],
									"rotationOrigin": [ 5.2, 4.4, 0.7 ],
									"rotationX": 45.0,
									"rotationY": -22.0,
									"rotationZ": 22.0,
									"faces": {
										"north": { "texture": "#skin", "uv": [ 71.0, 108.0, 73.0, 108.5 ], "rotation": 90 },
										"east": { "texture": "#skin", "uv": [ 73.5, 103.0, 75.5, 108.0 ], "rotation": 270 },
										"west": { "texture": "#skin", "uv": [ 71.0, 103.0, 73.0, 108.0 ], "rotation": 90 },
										"up": { "texture": "#skin", "uv": [ 70.5, 103.0, 71.0, 108.0 ], "rotation": 180 },
										"down": { "texture": "#skin", "uv": [ 73.0, 103.0, 73.5, 108.0 ], "rotation": 180 }
									}
								},
								{
									"name": "L ear",
									"from": [ 4.9, 3.2, 5.0 ],
									"to": [ 5.7, 5.6, 10.0 ],
									"unwrapMode": 4,
									"unwrapRotation": 1,
									"uv": [ 64.5, 102.5 ],
									"rotationOrigin": [ 5.2, 4.4, 5.0 ],
									"rotationX": -45.0,
									"rotationY": 22.0,
									"rotationZ": 22.0,
									"faces": {
										"east": { "texture": "#skin", "uv": [ 67.5, 103.0, 69.5, 108.0 ], "rotation": 270 },
										"south": { "texture": "#skin", "uv": [ 65.0, 102.5, 67.0, 103.0 ], "rotation": 90 },
										"west": { "texture": "#skin", "uv": [ 65.0, 103.0, 67.0, 108.0 ], "rotation": 90 },
										"up": { "texture": "#skin", "uv": [ 64.5, 103.0, 65.0, 108.0 ], "rotation": 180 },
										"down": { "texture": "#skin", "uv": [ 67.0, 103.0, 67.5, 108.0 ], "rotation": 180 }
									}
								},
								{
									"name": "jaw",
									"from": [ -3.2, 0.9, 1.6 ],
									"to": [ 1.0, 2.5, 4.2 ],
									"unwrapMode": 7,
									"unwrapRotation": 1,
									"uv": [ 44.0, 103.5 ],
									"rotationOrigin": [ 0.8, 2.3, 2.9 ],
									"rotationZ": 2.0,
									"faces": {
										"north": { "texture": "#skin", "uv": [ 48.0, 105.0, 49.5, 109.0 ], "rotation": 90 },
										"south": { "texture": "#skin", "uv": [ 44.0, 105.0, 45.5, 109.0 ], "rotation": 270 },
										"west": { "texture": "#skin", "uv": [ 45.5, 103.5, 48.0, 105.0 ], "rotation": 180 },
										"up": { "texture": "#skin", "uv": [ 45.5, 105.0, 48.0, 109.0 ], "rotation": 270 },
										"down": { "texture": "#skin", "uv": [ 49.5, 105.0, 52.0, 109.0 ], "rotation": 90 }
									},
									"children": [
										{
											"name": "jaw2",
											"from": [ -1.9, 0.0, -0.1 ],
											"to": [ 0.5, 1.9, 2.7 ],
											"unwrapMode": 7,
											"unwrapRotation": 1,
											"uv": [ 44.0, 99.0 ],
											"rotationOrigin": [ 0.8, 1.5, 1.4 ],
											"rotationZ": 20.0,
											"faces": {
												"north": { "texture": "#skin", "uv": [ 48.0, 100.5, 49.5, 102.5 ], "rotation": 90 },
												"south": { "texture": "#skin", "uv": [ 44.0, 100.5, 45.5, 102.5 ], "rotation": 270 },
												"west": { "texture": "#skin", "uv": [ 45.5, 99.0, 48.0, 100.5 ], "rotation": 180, "windMode": [-1,-1,-1,-1], "windData": [1,1,1,1] },
												"up": { "texture": "#skin", "uv": [ 45.5, 100.5, 48.0, 102.5 ], "rotation": 270, "windMode": [-1,-1,-1,-1], "windData": [1,1,1,1] },
												"down": { "texture": "#skin", "uv": [ 49.5, 100.5, 52.0, 102.5 ], "rotation": 90, "windMode": [-1,-1,-1,-1], "windData": [1,1,1,1] }
											}
										}
									]
								},
								{
									"name": "wattle",
									"from": [ -1.4, -2.8, 2.6 ],
									"to": [ 0.8, 0.7, 3.2 ],
									"unwrapMode": 4,
									"uv": [ 34.0, 98.5 ],
									"rotationOrigin": [ 1.9, 0.7, 2.9 ],
									"rotationZ": -10.0,
									"faces": {
										"north": { "texture": "#skin", "uv": [ 34.0, 100.5, 36.0, 104.0 ] },
										"south": { "texture": "#skin", "uv": [ 36.5, 100.5, 38.5, 104.0 ], "windMode": [-1,-1,-1,-1], "windData": [1,1,1,1] },
										"west": { "texture": "#skin", "uv": [ 36.0, 100.5, 36.5, 104.0 ], "windMode": [-1,-1,-1,-1], "windData": [1,1,1,1] },
										"up": { "texture": "#skin", "uv": [ 36.0, 98.5, 36.5, 100.5 ], "rotation": 90, "windMode": [-1,-1,-1,-1], "windData": [1,1,1,1] },
										"down": { "texture": "#skin", "uv": [ 36.0, 104.0, 36.5, 106.0 ], "rotation": 90, "windMode": [-1,-1,-1,-1], "windData": [1,1,1,1] }
									}
								},
								{
									"name": "eyes",
									"from": [ 0.6, 4.1, -0.01 ],
									"to": [ 1.4, 4.4, 5.61 ],
									"unwrapMode": 5,
									"uv": [ 82.5, 88.5 ],
									"rotationOrigin": [ 0.6, 4.1, 0.0 ],
									"faces": {
										"north": { "texture": "#skin", "uv": [ 82.5, 88.5, 83.0, 89.0 ], "rotation": 180 },
										"south": { "texture": "#skin", "uv": [ 82.5, 94.5, 83.0, 95.0 ], "windMode": [-1,-1,-1,-1], "windData": [1,1,1,1] }
									},
									"children": [
										{
											"name": "eyeR",
											"from": [ 0.0, 0.3, 0.0 ],
											"to": [ 0.8, 0.8, 2.62 ],
											"unwrapMode": 5,
											"uv": [ 82.5, 88.5 ],
											"rotationOrigin": [ 0.0, 0.3, 0.01 ],
											"faces": {
												"north": { "texture": "#skin", "uv": [ 82.5, 88.5, 83.0, 89.0 ], "rotation": 180 },
												"south": { "texture": "#skin", "uv": [ 82.5, 91.5, 83.0, 92.0 ] }
											}
										},
										{
											"name": "eyeL",
											"from": [ 0.0, 0.3, 3.0 ],
											"to": [ 0.8, 0.8, 5.62 ],
											"unwrapMode": 5,
											"uv": [ 82.5, 88.5 ],
											"rotationOrigin": [ 0.0, 0.3, 3.01 ],
											"faces": {
												"north": { "texture": "#skin", "uv": [ 82.5, 88.5, 83.0, 89.0 ], "rotation": 180 },
												"south": { "texture": "#skin", "uv": [ 82.5, 91.5, 83.0, 92.0 ] }
											}
										}
									]
								}
							]
						}
					]
				}
			]
		}
	]}