{
	"code": "battery",
	"class": "ElectricalBlock",
	"entityclass": "BEEWire",
	"creativeinventory": {
		"general": [ "*-east" ],
		"qptech": [ "*-east" ]
	},
	"variantgroups": [
		{
			"code": "type",
			"states": [ "lv","mv" ]
		},
		{
			"code": "side",
			"loadFromProperties": "abstract/horizontalorientation"
		}
	],
	"behaviors": [

		{
			"name": "HorizontalOrientable",
			"properties": { "dropBlockFace": "east" }
		}
	],
	"attributesbytype": {
		"*-lv-*": {
			
			"fluxStorage": 10000,
			
			
			
			"showFluxDisplay": true,
			"displayOffset": [ 10, 12, 11.5 ]
		},
		"*-mv-*": {
			
			"fluxStorage": 20000,
			
			
			
			"showFluxDisplay": true,
			"displayOffset": [ 10, 12, 11.5 ]
		}
	},
	"blockmaterial": "Metal",
	"drawtype": "json",
	"shape": { "base": "block/metal/electric/battery/primitive" },
	"shapeByType": {
		"*-north": {
			"base": "block/metal/electric/battery/primitive",
			"rotateY": 180
		},
		"*-east": {
			"base": "block/metal/electric/battery/primitive",
			"rotateY": 90
		},
		"*-west": {
			"base": "block/metal/electric/battery/primitive",
			"rotateY": 270
		},
		"*-south": {
			"base": "block/metal/electric/battery/primitive",
			"rotateY": 0
		}
	},
	"texturesByType": {
		"*-lv-*": {
		"wires": { "base": "block/metal/wires/tin-wires" },
		"shinybrass": { "base": "block/shinybrass" },
		"machinery-border-small": { "base": "block/metal/metalpress/machinery-border-small" },
		"machinery-back": { "base": "block/metal/generator/machinery-back" },
		"castiron": { "base": "block/castiron" }
		},
		"*-mv-*": {
		"wires": { "base": "block/metal/wires/tin-wires" },
		"shinybrass": { "base": "block/rubber/cable" },
		"machinery-border-small": { "base": "block/metal/metalpress/machinery-border-small" },
		"machinery-back": { "base": "block/rubber/cable" },
		"castiron": { "base": "block/castiron" }
		},
	},
	"lightAbsorption": 0,
	"resistance": 1,
	"sideAo": { "all": false },
	"sidesolid": {
		"all": false
	},
	"sideopaque": {
		"all": false
	},
	"sounds": {
		"place": "game:block/anvil",
		"walk": "game:walk/stone"
	}
}