[
	{
		"ingredientPattern": "_T_,T_T",
		"recipeGroup": 1,
		"ingredients": {
			"T": { "type": "item", "code": "metalchain-*", "name": "metal", "allowedVariants": ["copper", "tinbronze", "bismuthbronze", "blackbronze", "iron", "meteoriciron", "steel", "gold", "silver"], "quantity": 1 }, 
		},
		"width": 3,
		"height": 2,
		"name": "chain helmet",
		"output": { "type": "item", "code": "armor-head-chain-{metal}"  }
	},
	{
		"ingredientPattern": "T_T,CCC,TTT",
		"recipeGroup": 1,
		"ingredients": {
			"T": { "type": "item", "code": "metalchain-*", "name": "metal", "allowedVariants": ["copper", "tinbronze", "bismuthbronze", "blackbronze", "iron", "meteoriciron", "steel", "gold", "silver"], "quantity": 1 },
			"C": { "type": "item", "code": "metalchain-*", "name": "metal", "allowedVariants": ["copper", "tinbronze", "bismuthbronze", "blackbronze", "iron", "meteoriciron", "steel", "gold", "silver"], "quantity": 1 }
		},
		"width": 3,
		"height": 3,
		"name": "chain body armor",
		"output": { "type": "item", "code": "armor-body-chain-{metal}"  }
	},
	{
		"ingredientPattern": "TCT,T_T",
		"recipeGroup": 1,
		"ingredients": {
			"T": { "type": "item", "code": "metalchain-*", "name": "metal", "allowedVariants": ["copper", "tinbronze", "bismuthbronze", "blackbronze", "iron", "meteoriciron", "steel", "gold", "silver"], "quantity": 1 },
			"C": { "type": "item", "code": "metalchain-*", "name": "metal", "allowedVariants": ["copper", "tinbronze", "bismuthbronze", "blackbronze", "iron", "meteoriciron", "steel", "gold", "silver"], "quantity": 2 }
		},
		"width": 3,
		"height": 2,
		"name": "chain leg armor",
		"output": { "type": "item", "code": "armor-legs-chain-{metal}"  }
	}
	
]