{
    "code": "schematic",
    "class": "TabletopGames.ItemShapeTexturesFromAttributes",
    "maxStackSize": 1,
    "attributes": {
        "handbook": { "groupBy": ["tabletopgames:schematic"] },
        "groundStorageTransform": { "translation": { "x": -0, "y": 0.5, "z": 0.1 }, "rotation": { "x": -90, "y": 7, "z": 0 }, "origin": { "x": 0.5, "y": 0, "z": 0.5 }, "scale": 3 },
        "name": {
            "type-generic_piece": ["tabletopgames:item-schematic-{type}"]
        },
        "description": {
            "type-generic_piece": ["tabletopgames:itemdesc-schematic-{type}"]
        },
        "shape": {
            "type-generic_piece": { "base": "game:item/utility/schematic-glider" }
        },
        "textures": {
            "type-generic_piece": {
                "schematic": { "base": "tabletopgames:item/schematic-blackknight" }
            }
        }
    },
    "behaviors": [
        { "name": "GroundStorable", "properties": { "layout": "SingleCenter", "collisionBox": { "x1": 0, "y1": 0, "z1": 0, "x2": 1, "y2": 0.125, "z2": 1 } } },
        {
            "name": "TabletopGames.AdvancedToolModes",
            "properties": {
                "toolModes": {
                    "type-generic_piece": [
                        {
                            "name": "tabletopgames:toolmode-sinkslot-stone-create-chesspiece",
                            "isSinkSlot": true,
                            "iconStack": { "type": "item", "code": "tabletopgames:chesspiece", "attributes": { "types": { "type": "pawn", "stone": "granite" } } },
                            "slotParams": [
                                {
                                    "triggerBy": { "type": "item", "code": "game:stone-*", "name": "stone", "quantity": 16 },
                                    "giveStack": { "type": "item", "code": "tabletopgames:chesspiece", "quantity": 16 },
                                    "setVariants": { "type": "pawn", "stone": "{stone}" }
                                }
                            ]
                        },
                        {
                            "name": "tabletopgames:toolmode-sinkslot-stone-create-checkerpiece",
                            "isSinkSlot": true,
                            "iconStack": { "type": "item", "code": "tabletopgames:checkerpiece", "attributes": { "types": { "type": "pawn", "stone": "granite" } } },
                            "slotParams": [
                                {
                                    "triggerBy": { "type": "item", "code": "game:stone-*", "name": "stone", "quantity": 12 },
                                    "giveStack": { "type": "item", "code": "tabletopgames:checkerpiece", "quantity": 12 },
                                    "setVariants": { "type": "pawn", "stone": "{stone}" }
                                }
                            ]
                        },
                        {
                            "name": "tabletopgames:toolmode-sinkslot-stone-create-gostone",
                            "isSinkSlot": true,
                            "iconStack": { "type": "item", "code": "tabletopgames:gostone", "attributes": { "types": { "stone": "granite" } } },
                            "slotParams": [
                                {
                                    "triggerBy": { "type": "item", "code": "game:stone-*", "name": "stone", "quantity": 16 },
                                    "giveStack": { "type": "item", "code": "tabletopgames:gostone", "quantity": 64 },
                                    "setVariants": { "stone": "{stone}" },
                                    "removeVariants": ["type"]
                                }
                            ]
                        },
                        {
                            "name": "tabletopgames:toolmode-sinkslot-stone-create-shogipiece",
                            "isSinkSlot": true,
                            "iconStack": { "type": "item", "code": "tabletopgames:shogipiece", "attributes": { "types": { "type": "fuhyo", "stone": "granite" } } },
                            "slotParams": [
                                {
                                    "triggerBy": { "type": "item", "code": "game:stone-*", "name": "stone", "quantity": 20 },
                                    "giveStack": { "type": "item", "code": "tabletopgames:shogipiece", "quantity": 20 },
                                    "setVariants": { "type": "fuhyo", "stone": "{stone}" }
                                }
                            ]
                        },
                        {
                            "name": "tabletopgames:toolmode-sinkslot-stone-create-dice",
                            "isSinkSlot": true,
                            "iconStack": { "type": "item", "code": "tabletopgames:dice", "attributes": { "types": { "type": "classic_cube", "dot": "6", "stone": "basalt", "color": "chalkwhite" } } },
                            "slotParams": [
                                {
                                    "triggerBy": { "type": "item", "code": "game:stone-*", "name": "stone", "quantity": 1 },
                                    "giveStack": { "type": "item", "code": "tabletopgames:dice", "quantity": 1 },
                                    "setVariants": { "type": "classic_cube", "dot": "6", "stone": "{stone}", "color": "carbonblack" } // giving dice with color for free to avoid missing textures
                                }
                            ]
                        },

                        {
                            "linebreak": true,
                            "name": "tabletopgames:toolmode-sinkslot-wooden-create-chesspiece",
                            "isSinkSlot": true,
                            "iconStack": { "type": "item", "code": "tabletopgames:chesspiece", "attributes": { "types": { "type": "pawn", "wood": "oak" } } },
                            "slotParams": [
                                {
                                    "triggerBy": { "type": "item", "code": "game:plank-*", "name": "wood", "quantity": 16 },
                                    "giveStack": { "type": "item", "code": "tabletopgames:chesspiece", "quantity": 16 },
                                    "setVariants": { "type": "pawn", "wood": "{wood}" }
                                }
                            ]
                        },
                        {
                            "name": "tabletopgames:toolmode-sinkslot-wooden-create-checkerpiece",
                            "isSinkSlot": true,
                            "iconStack": { "type": "item", "code": "tabletopgames:checkerpiece", "attributes": { "types": { "type": "pawn", "wood": "oak" } } },
                            "slotParams": [
                                {
                                    "triggerBy": { "type": "item", "code": "game:plank-*", "name": "wood", "quantity": 12 },
                                    "giveStack": { "type": "item", "code": "tabletopgames:checkerpiece", "quantity": 12 },
                                    "setVariants": { "type": "pawn", "wood": "{wood}" }
                                }
                            ]
                        },
                        {
                            "name": "tabletopgames:toolmode-sinkslot-wooden-create-gostone",
                            "isSinkSlot": true,
                            "iconStack": { "type": "item", "code": "tabletopgames:gostone", "attributes": { "types": { "wood": "oak" } } },
                            "slotParams": [
                                {
                                    "triggerBy": { "type": "item", "code": "game:plank-*", "name": "wood", "quantity": 16 },
                                    "giveStack": { "type": "item", "code": "tabletopgames:gostone", "quantity": 64 },
                                    "setVariants": { "wood": "{wood}" },
                                    "removeVariants": ["type"]
                                }
                            ]
                        },
                        {
                            "name": "tabletopgames:toolmode-sinkslot-wooden-create-shogipiece",
                            "isSinkSlot": true,
                            "iconStack": { "type": "item", "code": "tabletopgames:shogipiece", "attributes": { "types": { "type": "fuhyo", "wood": "oak" } } },
                            "slotParams": [
                                {
                                    "triggerBy": { "type": "item", "code": "game:plank-*", "name": "wood", "quantity": 20 },
                                    "giveStack": { "type": "item", "code": "tabletopgames:shogipiece", "quantity": 20 },
                                    "setVariants": { "type": "fuhyo", "wood": "{wood}" }
                                }
                            ]
                        },
                        {
                            "name": "tabletopgames:toolmode-sinkslot-wood-create-dice",
                            "isSinkSlot": true,
                            "iconStack": { "type": "item", "code": "tabletopgames:dice", "attributes": { "types": { "type": "classic_cube", "dot": "6", "wood": "oak", "color": "chalkwhite" } } },
                            "slotParams": [
                                {
                                    "triggerBy": { "type": "item", "code": "game:plank-*", "name": "wood", "quantity": 1 },
                                    "giveStack": { "type": "item", "code": "tabletopgames:dice", "quantity": 1 },
                                    "setVariants": { "type": "classic_cube", "dot": "6", "wood": "{wood}", "color": "carbonblack" } // giving dice with color for free to avoid missing textures
                                }
                            ]
                        }
                    ]
                }
            }
        }
    ],
    "creativeinventoryStacks": [
        {
            "tabs": ["tabletopgames"],
            "stacks": [
                //
                { "type": "item", "code": "schematic", "attributes": { "types": { "type": "generic_piece" } } }
            ]
        }
    ],
    "guiTransform": { "translation": { "x": 0, "y": 0, "z": 0 }, "rotation": { "x": -54, "y": -24, "z": -180 }, "origin": { "x": 0.5, "y": 0.1, "z": 0.5 }, "scaleXyz": { "x": -1.3, "y": 1.3, "z": 1.3 } },
    "groundTransform": { "translation": { "x": 0, "y": 0, "z": 0 }, "rotation": { "x": 0, "y": 0, "z": 0 }, "origin": { "x": 0.5, "y": -0.02, "z": 0.5 }, "scale": 1.8 },
    "tpHandTransform": { "translation": { "x": -1.3, "y": -0.7, "z": -1.2 }, "rotation": { "x": -57, "y": -165, "z": 92 }, "origin": { "x": 0.4, "y": 0.2, "z": 0.4 } }
}
