{
	"code": "pantherinae-neofelis",
	"class": "EntityAgent",
	"canClimb": true,
	"climbTouchDistance": 0.1,
	"rotateModelOnClimb": true,
	"fallDamageMultiplier": 0.1,
	"variantgroups": [
    {"code": "age","states": [ "adult"]},
    {"code": "gender","states": [ "male"]},
		{"code": "species","states": [ "diardi", "nebulosa" ]},
		{"code": "pigment","states": [ "normal", "albino", "melanistic" ]}
	],
"allowedVariants": [
		"*-diardi-normal",
		"*-nebulosa-normal"
	],
	"collisionBoxSizeByType": {
		"*-diardi-*": {	"x": 1.0,"y": 0.6},
		"*-nebulosa-*": {	"x": 1.0,"y": 0.6}
	},
	"deadCollisionBoxSizeByType": {
		"*-diardi-*": {	"x": 1.0,"y": 0.3},
		"*-nebulosa-*": {	"x": 1.0,"y": 0.3}
	},
	"selectionBoxSizeByType": {
		"*-diardi-*": {	"x": 1,"y": 1},
		"*-nebulosa-*": {	"x": 1,"y": 1}
	},
	"deadSelectionBoxSizeByType": {
		"*-diardi-*": {	"x": 1,"y": 0.6},
		"*-nebulosa-*": {	"x": 1,"y": 0.6}
	},
	"knockbackResistanceByType": {
		"*-diardi-*": 0.3,
		"*-nebulosa-*": 0.3,
		"*": 0.5
	},	
	"eyeHeight": 0.4,
	"weightByType": {
		"*-diardi-*": 20,
		"*-nebulosa-*": 18
	},	
	"drops": [],
	"attributes": {
		"killedByInfoText": "deadcreature-eaten",
		"creatureDiet": {"foodTags": ["meat"]}
	},
	"client": {
		"renderer": "Shape",
		"shapeByType": {
			"*": { "base": "entity/land/neofelis" }
		},
		"textureByType": {
			"*-diardi-normal": { "base": "entity/pantherinae/neofelis-diardi" },
			"*-nebulosa-normal": { "base": "entity/pantherinae/neofelis-nebulosa"}
		},
		"sizeByType": {
			"*": 0.54
		},
		"behaviors": [
			{ "code": "repulseagents" },
			{"code": "controlledphysics","stepHeight": 3.1251},
			{ "code": "interpolateposition" },
			{"code": "floatupwhenstuck","onlyWhenDead": true},
			{ "code": "harvestable","quantitySlots": 8 },
			{
				"code": "despawn",
				"minPlayerDistance": 8,
				"belowLightLevel": 8,
				"minSeconds": 300
			}

		],
		"animations": [
			{
				"code": "hurt",
				"animation": "hurt",
				"animationSpeed": 2.2,
				"weight": 10,
				"blendMode": "AddAverage"
			},
			{
				"code": "die",
				"animation": "death",
				"animationSpeed": 2.25,
				"weight": 10,
				"blendMode": "Average",
				"triggeredBy": { "onControls": [ "dead" ] }
			},
			{
				"code": "idle",
				"animation": "idle",
				"blendMode": "AddAverage",
				"easeOutSpeed": 4,
				"triggeredBy": { "defaultAnim": true }
			},
			{
				"code": "sleep",
				"animation": "sleep",
				"easeInSpeed": 4,
				"easeOutSpeed": 4,
				"blendMode": "Average"
			},
			{
				"code": "sit",
				"animation": "sit",
				"easeInSpeed": 4,
				"easeOutSpeed": 4,
				"blendMode": "Average"
			},
			{
				"code": "lie",
				"animation": "lie",
				"blendMode": "Average"
			},
			{
				"code": "lick",
				"animation": "lick",
				"blendMode": "Average"
			},
			{
				"code": "swim",
				"animation": "swim",
				"blendMode": "Average"
			},
			{
				"code": "walk",
				"animation": "walk",
				"supressDefaultAnimation": true,
				"blendMode": "AddAverage"
			}
		]
	},
	"server": {
		"attributes": {
			"pathfinder": {
				"minTurnAnglePerSec": 350,
				"maxTurnAnglePerSec": 650
			}
		},
		"behaviors": [
			{ "code": "repulseagents" },
			{
				"code": "controlledphysics",
				"stepHeight": 3.1251
			},
			{
				"code": "despawn",
				"minPlayerDistance": 8,
				"belowLightLevel": 8,
				"minSeconds": 300
			},
			{
				"code": "health",
				"maxhealthByType": {
					"*-diardi-*": 7,
					"*-nebulosa-*": 6,
					"*": 6
				}
			},
			{
				"code": "deaddecay",
				"hoursToDecay": 96,
				"decayedBlock": "carcass-medium"
			},
			{
				"code": "floatupwhenstuck",
				"onlyWhenDead": true
			},
			{
				"code": "harvestable","quantitySlots": 8,
				"drops": [
					{
						"type": "item",
						"code": "game:bushmeat-raw",
						"quantityByType": {
							"*-diardi-*": {"avg": 2,"var": 1},
							"*-nebulosa-*": {"avg": 2,"var": 1},
						}
					},
					{
						"type": "item",
						"code": "game:fat",
						"quantityByType": {
							"*-diardi-*": {"avg": 1,"var": 0.3},
							"*-nebulosa-*": {"avg": 1,"var": 0.3}
						}
					},
					{
						"type": "item",
						"code": "pantherinae:pelt-neofelis-male-{species}-{pigment}",
						"quantityByType": {
							"*": {"avg": 1,"var": 0.0}
						}
					}
				]
			},
			{ "code": "breathe" },
			{
				"code": "emotionstates",
				"states": [
					{
						"code": "fleeondamage",
						"duration": 60,
						"chanceByType": {
							"*": 0.95
						},
						"slot": 2,
						"priority": 5,
						"accumType": "max",
						"whenHealthRelBelow": 0.6
					},
					{
						"code": "aggressiveondamage",
						"duration": 30,
						"chance": 1,
						"slot": 2,
						"priority": 2,
						"accumType": "noaccum"
					},
					{
						"code": "alarmherdondamage",
						"chance": 1,
						"slot": 1,
						"priority": 1,
						"accumType": "max"
					},
					{
						"code": "saturated",
						"duration": 2400,
						"chance": 1,
						"slot": 0,
						"priority": 1,
						"accumType": "sum",
						"belowTempDuration": 600,
						"belowTempThreshold": -5
					}
				]
			},
			{
				"code": "taskai",
				"aitasks": [
					{
						"code": "meleeattack",
						"entityCodesByType": {
							"*": [ "player", "chicken-*", "deer-*","fox-*","goat-*","hare-*", "pig-wild-piglet", "raccoon-*", "cervidae-baby-*","cervidae-adult-female-capreolini-*","cervidae-adult-male-capreolini-*", "cervidae-adult-female-odocoileini-*","cervidae-adult-male-odocoileini-*","procyonidae-*","suidae-baby-*" ]
						},
						"priority": 1.7,
						"damageByType": {
							"*-diardi-*": 4,
							"*-nebulosa-*": 4,
							"*": 4
						},
						"damageType": "SlashingAttack",
						"damageTierByType": {
							"*": 1
						},
						"slot": 1,
						"mincooldown": 1500,
						"maxcooldown": 1500,
						"attackDurationMs": 800,
						"damagePlayerAtMs": 500,
						"animation": "Attack",
						"animationSpeed": 1,
						"soundByType": {
							"*": "pantherinae:creature/pantherinae/neofelisattack"
						}
					},
					{
						"code": "meleeattack",
						"entityCodes": ["player", "bear-*","chicken-*", "deer-*","drifter-*", "fox-*", "gazelle-*", "goat-*","hare-*","hyena-*", "moose-*", "pig-*", "raccoon-*",  "sheep-*", "wolf-*", "antilopinae-*", "caninae-*", "caprinae-*","cervidae-*","hyaenidae-*","machairodontinae-*","pantherinae-panthera-*","procyonidae-*", "suidae-*", "ursidae-*"],
						"priority": 2,
						"damageByType": {
							"*-diardi-*": 4,
							"*-nebulosa-*": 4,
							"*": 4
						},
						"damageType": "SlashingAttack",
						"damageTierByType": {
							"*": 1
						},
						"slot": 1,
						"mincooldown": 1500,
						"maxcooldown": 1500,
						"attackDurationMs": 800,
						"damagePlayerAtMs": 500,
						"animation": "Attack",
						"animationSpeed": 1,
						"soundByType": {
							"*": "pantherinae:creature/pantherinae/neofelisattack"
						},
						"whenInEmotionState": "aggressiveondamage"
					},
					{
						"code": "fleeentity",
						"entityCodesByType": {
							"*": [ "player", "bear-*","deer-*","goat-*","hyena-*", "moose-*", "pig-*","sheep-*","wolf-*", "antilopinae-adult-*", "caninae-canina-adult-*","caninae-cerdocyonina-adult-*","cervidae-adult-*", "caprinae-adult-*","hyaenidae-adult-*","machairodontinae-adult-*","pantherinae-panthera-adult-*", "suidae-adult-*","suidae-elder-*","ursidae-adult-*"  ]
						},
						"priority": 1.53,
						"movespeedByType": {
							"*-diardi-*": 0.045,
							"*-nebulosa-*": 0.045,
							"*": 0.5
						},
						"seekingRange": 20,
						"animation": "Run",
						"whenInEmotionState": "fleeondamage",
						"animationSpeed": 2.0

					},
					{
						"code": "fleeentity",
						"entityCodesByType": {
							"*": [ "player", "bear-*","hyena-*","moose-*","wolf-*", "caninae-canina-adult-*","caninae-cerdocyonina-adult-*", "hyaenidae-adult-*","machairodontinae-adult-*","pantherinae-panthera-adult-*", "suidae-elder-*","ursidae-adult-*"  ]
						},
						"priority": 1.52,
						"movespeedByType": {
							"*-diardi-*": 0.045,
							"*-nebulosa-*": 0.045,
							"*": 0.5
						},
						"seekingRange": 20,
						"animation": "Run",
						"animationSpeed": 2.2
					},
					{
						"code": "fleeentity",
						"entityCodesByType": {
							"*": [ "player", "bear-*","hyena-*","moose-*","wolf-*", "caninae-canina-adult-*","caninae-cerdocyonina-adult-*", "hyaenidae-adult-*","machairodontinae-adult-*","pantherinae-panthera-adult-*", "suidae-elder-*","ursidae-adult-*"  ]
						},
						"priority": 1.51,
						"movespeedByType": {
							"*-diardi-*": 0.0035,
							"*-nebulosa-*": 0.0035,
							"*": 0.005
						},
						"seekingRange": 30,
						"animation": "Walk",
						"animationSpeed": 0.95
					},
					{
						"code": "seekentity",
						"entityCodesByType": {
							"*": [ "chicken-*", "deer-*","fox-*","goat-*","hare-*", "pig-wild-piglet", "raccoon-*", "cervidae-baby-*","cervidae-adult-female-capreolini-*","cervidae-adult-male-capreolini-*", "cervidae-adult-female-odocoileini-*","cervidae-adult-male-odocoileini-*","procyonidae-*","suidae-baby-*" ]
						},
						"priority": 1.5,
						"extraTargetDistance": 0.5,
						"seekingRange": 6,
						"belowTempSeekingRange": 40,
						"belowTempThreshold": -10,
						"animation": "Run",
						"leapAtTarget": true,
						"leapAnimation": null,
						"leapChance": 0.1,
						"soundByType": {
							"*": "pantherinae:creature/pantherinae/neofelisattack"
						},
						"whenNotInEmotionState": "saturated",
						"animationSpeed": 2.0,
						"movespeedByType": {
							"*-diardi-*": 0.045,
							"*-nebulosa-*": 0.045,
							"*": 0.5
						}
					},
					{
						"code": "seekentity",
						"entityCodesByType": {
							"*": [ "chicken-*", "deer-*","fox-*","goat-*","hare-*", "pig-wild-piglet", "raccoon-*", "cervidae-baby-*","cervidae-adult-female-capreolini-*","cervidae-adult-male-capreolini-*", "cervidae-adult-female-odocoileini-*","cervidae-adult-male-odocoileini-*","procyonidae-*","suidae-baby-*" ]
						},
						"priority": 1.49,
						"extraTargetDistance": 0.5,
						"seekingRange": 20,
						"belowTempSeekingRange": 40,
						"belowTempThreshold": -25,
						"animation": "Stalk",
						"soundByType": {
							"*": ""
						},
						"whenNotInEmotionState": "saturated",
						"animationSpeed": 0.75,
						"movespeedByType": {
							"*-diardi-*": 0.0024,
							"*-nebulosa-*": 0.0024,
							"*": 0.005
						}
					},
					{
						"code": "getoutofwater",
						"priority": 1.4,
						"movespeedByType": {
							"*": 0.02
						},
						"animation": "Swim",
						"animationSpeed": 1
					},
					{
						"code": "seekentity",
						"entityCodes": [ "player" ],
						"priority": 1.51,
						"seekingRange": 30,
						"animation": "Run",
						"leapAtTarget": true,
						"leapAnimation": null,
						"leapChance": 0.1,
						"soundByType": {
							"*": "pantherinae:creature/pantherinae/neofelisattack"
						},
						"whenInEmotionState": "aggressiveondamage",
						"animationSpeed": 2.2,
						"movespeedByType": {
							"*-diardi-*": 0.045,
							"*-nebulosa-*": 0.045,
							"*": 0.5
						}
					},
					{
						"code": "idle",
						"priority": 1.3,
						"priorityForCancel": 1.35,
						"minduration": 200000,
						"maxduration": 800000,
						"mincooldown": 10000,
						"maxcooldown": 30000,
						"animation": "Sleep",
						"animationSpeed": 0.3,
						"whenNotInEmotionState": "aggressiveondamage",
						"duringDayTimeFramesByType": {
							"*-diardi-*": [{"fromHour": 8,"toHour": 20}],
							"*-nebulosa-*": [{"fromHour": 9,"toHour": 21}]
						},
						"stopOnNearbyEntityCodes": [ "player", "wolf-*", "hyena-*", "bear-*", "pantherinae-panthera-*" ],
						"stopRange": 10,
						"stopOnHurt": true
					},
					{
						"code": "idle",
						"priority": 1.0,
						"priorityForCancel": 1.35,
						"minduration": 4667,
						"maxduration": 4667,
						"chance": 0.25,
						"mincooldown": 8000,
						"maxcooldown": 500000,
						"animation": "Roar",
						"animationSpeed": 0.5,
						"soundByType": {
							"*": "pantherinae:creature/pantherinae/neofelisroar"
						},
						"soundRangeByType": {
							"*": 150
						}
					},
					{
						"code": "wander",
						"priority": 0.95,
						"priorityForCancel": 1.35,
						"movespeedByType": {
							"*-diardi-*": 0.0035,
							"*-nebulosa-*": 0.0035,
							"*": 0.005
						},
						"animationSpeed": 0.95,
						"animation": "Walk",
						"preferredLightLevel": 10
					},
					{
						"code": "idle",
						"priority": 1,
						"minduration": 6000,
						"maxduration": 45000,
						"mincooldown": 6000,
						"maxcooldown": 120000,
						"priorityForCancel": 1.28,
						"stopOnNearbyEntityCodes": [ "player", "wolf-male", "wolf-female", "bear-*", "hyena-*", "pantherinae-panthera-*" ],
						"stopRange": 15,
						"stopOnHurt": true,
						"animation": "Sit"
					},
					{
						"code": "idle",
						"priority": 1,
						"minduration": 6000,
						"maxduration": 45000,
						"chance": 0.25,
						"mincooldown": 6000,
						"maxcooldown": 120000,
						"priorityForCancel": 1.28,
						"stopOnNearbyEntityCodes": [ "player", "wolf-male", "wolf-female", "bear-*", "hyena-*", "pantherinae-panthera-*" ],
						"stopRange": 15,
						"stopOnHurt": true,
						"animation": "Lick"
					},
					{
						"code": "idle",
						"priority": 1,
						"minduration": 6000,
						"maxduration": 45000,
						"mincooldown": 6000,
						"maxcooldown": 120000,
						"priorityForCancel": 1.28,
						"stopOnNearbyEntityCodes": [ "player", "wolf-male", "wolf-female", "bear-*", "hyena-*", "pantherinae-panthera-*" ],
						"stopRange": 15,
						"stopOnHurt": true,
						"animation": "Lie"
					},
					{
						"code": "idle",
						"priority": 0.9,
						"minduration": 6000,
						"maxduration": 45000,
						"chance": 0.1,
						"mincooldown": 6000,
						"maxcooldown": 120000,
						"priorityForCancel": 1.28,
						"stopOnNearbyEntityCodes": [ "player", "wolf-male", "wolf-female", "bear-*", "hyena-*", "pantherinae-panthera-*" ],
						"stopRange": 15,
						"stopOnHurt": true,
						"animation": "Loaf"
					},
					{
						"code": "seekfoodandeat",
						"movespeed": 0.0035,
						"priority": 1.34,
						"animationSpeed": 0.95,
						"eatTime": 2,
						"eatItemCategories": [ "protein" ],
						"animation": "Walk",
						"eatAnimation": "Eat",
						"eatAnimationLooseItems": "Eat"
					},
					{
						"code": "lookaround",
						"priority": 0.5
					}
				]
			}

		],
		"spawnconditions": {
			"runtime": {
				"group": "hostile",
				"tryOnlySurface": true,
				"maxQuantity": 1,
				"spawnCapPlayerScaling": 0.01,
				"maxQuantityByGroup": {
					"code": "pantherinae-neofelis-*",
					"maxQuantity": 1
				},
				"chanceByType": {
					"*-diardi-normal": 0.0005,
					"*-nebulosa-normal": 0.0005
				},
				"minLightLevel": 10,
				"groupSizeByType": {
					"*": { "dist": "uniform", "avg": 1.0, "var": 0.0 },
				},
				"insideBlockCodes": [ "game:air","game:soil-*", "game:tallgrass-*", "game:gravel-*" ],
				"minYByType": {
					"*-diardi-*": 1,
					"*-nebulosa-*": 1,
					"*": 0.0
				},
				"maxYByType": {
					"*-diardi-*": 1.3,
					"*-nebulosa-*": 1.5,
					"*": 2
				},
				"minTempByType": {
					"*-diardi-*": 28,
					"*-nebulosa-*": 18,
					"*": 0.0
				},
				"maxTempByType": {
					"*-diardi-*": 60,
					"*-nebulosa-*": 60,
					"*": 30
				},
				"minForestByType": {
					"*-diardi-*": 0.65,
					"*-nebulosa-*": 0.45,
					"*": 0.0
				},
				"maxForestByType": {
					"*-diardi-*": 1.0,
					"*-nebulosa-*": 1.0,
					"*": 1.0
				},
				"minPrecipitationByType": {
					"*-diardi-*": 0.65,
					"*-nebulosa-*": 0.45,
					"*": 0.0
				},
				"maxPrecipitationByType": {
					"*-diardi-*": 1.0,
					"*-nebulosa-*": 1.0,
					"*": 1.0
				},
				"companions": []
			}
		}
	},
	"sounds": {
		"hurt": "pantherinae:creature/pantherinae/neofelishurt",
		"death": "pantherinae:creature/pantherinae/neofelisdeath",
		"idle": "pantherinae:creature/pantherinae/pantherinaeidle"
	},
	"idleSoundChance": 0.01
}