{
	"editor": {
		"collapsedPaths": "Root/Body/Left Shoulder,Root/Body/Right Shoulder",
		"allAngles": true,
		"entityTextureMode": true
	},
	"textureWidth": 28,
	"textureHeight": 36,
	"textureSizes": {
		"hide": [28,36]
	},
	"textures": {
	},
	"elements": [
		{
			"name": "neck",
			"from": [ 15.84, 10.04, 7.4 ],
			"to": [ 17.64, 12.84, 8.8 ],
			"unwrapMode": 2,
			"uv": [ 2.5, 7.5 ],
			"rotationOrigin": [ 17.5444, 9.9392, 8.0 ],
			"rotationZ": 34.0,
			"faces": {
				"north": { "texture": "#hide", "uv": [ 5.0, 9.0, 6.5, 11.5 ], "windMode": [-1,-1,-1,-1], "windData": [0,0,1,0] },
				"east": { "texture": "#hide", "uv": [ 4.0, 9.0, 5.0, 11.5 ], "windMode": [-1,-1,-1,-1], "windData": [1,0,0,1] },
				"south": { "texture": "#hide", "uv": [ 2.5, 9.0, 4.0, 11.5 ] },
				"west": { "texture": "#hide", "uv": [ 6.5, 9.0, 7.5, 11.5 ] },
				"up": { "texture": "#hide", "uv": [ 4.0, 7.5, 5.0, 9.0 ], "rotation": 270 }
			},
			"children": [
				{
					"name": "neck2",
					"from": [ 0.2, 1.6, 0.05 ],
					"to": [ 1.8, 4.3, 1.35 ],
					"unwrapMode": 2,
					"uv": [ 2.5, 1.0 ],
					"rotationOrigin": [ 1.7, 2.5, 0.75 ],
					"rotationZ": -15.0,
					"faces": {
						"north": { "texture": "#hide", "uv": [ 5.0, 2.5, 6.5, 5.0 ], "windMode": [-1,-1,-1,-1], "windData": [1,1,1,1] },
						"east": { "texture": "#hide", "uv": [ 4.0, 2.5, 5.0, 5.0 ], "windMode": [-1,-1,-1,-1], "windData": [1,1,1,1] },
						"south": { "texture": "#hide", "uv": [ 2.5, 2.5, 4.0, 5.0 ], "windMode": [-1,-1,-1,-1], "windData": [1,1,1,1] },
						"west": { "texture": "#hide", "uv": [ 6.5, 2.5, 7.5, 5.0 ], "windMode": [-1,-1,-1,-1], "windData": [1,1,1,1] },
						"up": { "texture": "#hide", "uv": [ 4.0, 1.0, 5.0, 2.5 ], "rotation": 270, "windMode": [-1,-1,-1,-1], "windData": [1,1,1,1] }
					},
					"children": [
						{
							"name": "head",
							"from": [ 0.2, 0.7, -0.2 ],
							"to": [ 1.7, 2.7, 1.4 ],
							"unwrapMode": 4,
							"uv": [ 9.0, 3.5 ],
							"rotationOrigin": [ 1.7, 2.7, 0.7 ],
							"rotationZ": -55.0,
							"faces": {
								"north": { "texture": "#hide", "uv": [ 9.0, 5.0, 10.5, 7.0 ] },
								"east": { "texture": "#hide", "uv": [ 13.5, 5.0, 15.0, 7.0 ] },
								"south": { "texture": "#hide", "uv": [ 12.0, 5.0, 13.5, 7.0 ] },
								"west": { "texture": "#hide", "uv": [ 10.5, 5.0, 12.0, 7.0 ] },
								"up": { "texture": "#hide", "uv": [ 10.5, 3.5, 12.0, 5.0 ], "rotation": 90 },
								"down": { "texture": "#hide", "uv": [ 10.5, 7.0, 12.0, 8.5 ], "rotation": 90 }
							},
							"children": [
								{
									"name": "mouth up",
									"from": [ -0.9, 0.3, 0.35 ],
									"to": [ 0.3, 0.6, 1.25 ],
									"unwrapMode": 5,
									"unwrapRotation": 1,
									"uv": [ 10.0, 12.0 ],
									"rotationOrigin": [ 0.2, 0.6, 0.75 ],
									"rotationZ": 55.0,
									"faces": {
										"north": { "texture": "#hide", "uv": [ 10.0, 12.0, 10.5, 13.0 ], "rotation": 270 },
										"south": { "texture": "#hide", "uv": [ 11.0, 12.0, 11.5, 13.0 ], "rotation": 90 },
										"west": { "texture": "#hide", "uv": [ 10.5, 13.0, 11.0, 13.5 ] },
										"up": { "texture": "#hide", "uv": [ 10.5, 12.0, 11.0, 13.0 ], "rotation": 90 },
										"down": { "texture": "#hide", "uv": [ 11.5, 12.0, 12.0, 13.0 ], "rotation": 270 }
									},
									"children": [
										{
											"name": "nose",
											"from": [ -0.2, 0.1, 0.2 ],
											"to": [ 0.3, 0.6, 0.7 ],
											"unwrapMode": 4,
											"uv": [ 13.0, 10.0 ],
											"rotationOrigin": [ -0.2, 0.5, 0.5 ],
											"rotationZ": 12.0,
											"faces": {
												"north": { "texture": "#hide", "uv": [ 13.0, 10.5, 13.5, 11.0 ], "windMode": [-1,-1,-1,-1], "windData": [1,1,1,1] },
												"east": { "texture": "#hide", "uv": [ 14.5, 10.5, 15.0, 11.0 ], "windMode": [-1,-1,-1,-1], "windData": [1,1,1,1] },
												"south": { "texture": "#hide", "uv": [ 14.0, 10.5, 14.5, 11.0 ], "windMode": [-1,-1,-1,-1], "windData": [1,1,1,1] },
												"west": { "texture": "#hide", "uv": [ 13.5, 10.5, 14.0, 11.0 ], "windMode": [-1,-1,-1,-1], "windData": [1,1,1,1] },
												"up": { "texture": "#hide", "uv": [ 13.5, 10.0, 14.0, 10.5 ], "rotation": 90, "windMode": [-1,-1,-1,-1], "windData": [1,1,1,1] },
												"down": { "texture": "#hide", "uv": [ 13.5, 11.0, 14.0, 11.5 ], "rotation": 90, "windMode": [-1,-1,-1,-1], "windData": [1,1,1,1] }
											}
										},
										{
											"name": "nose bridge",
											"from": [ 0.3, 0.0, 0.1 ],
											"to": [ 2.3, 0.7, 0.8 ],
											"unwrapMode": 5,
											"unwrapRotation": 1,
											"uv": [ 10.0, 9.0 ],
											"rotationOrigin": [ 0.3, 0.0, 0.4 ],
											"rotationZ": 15.0,
											"faces": {
												"north": { "texture": "#hide", "uv": [ 10.0, 9.0, 10.5, 11.0 ], "rotation": 270 },
												"south": { "texture": "#hide", "uv": [ 11.0, 9.0, 11.5, 11.0 ], "rotation": 90 },
												"west": { "texture": "#hide", "uv": [ 10.5, 11.0, 11.0, 11.5 ], "windMode": [-1,-1,-1,-1], "windData": [1,1,1,1] },
												"up": { "texture": "#hide", "uv": [ 10.5, 9.0, 11.0, 11.0 ], "rotation": 90 }
											}
										},
										{
											"name": "jaw",
											"from": [ 0.1, -0.4, 0.0 ],
											"to": [ 1.1, -0.1, 0.8 ],
											"unwrapMode": 5,
											"unwrapRotation": 1,
											"uv": [ 10.0, 14.0 ],
											"rotationOrigin": [ 1.1, -0.1, 0.4 ],
											"rotationZ": -13.0,
											"faces": {
												"north": { "texture": "#hide", "uv": [ 10.0, 14.0, 10.5, 15.0 ], "rotation": 270 },
												"south": { "texture": "#hide", "uv": [ 11.0, 14.0, 11.5, 15.0 ], "rotation": 90 },
												"west": { "texture": "#hide", "uv": [ 10.5, 15.0, 11.0, 15.5 ] },
												"up": { "texture": "#hide", "uv": [ 10.5, 14.0, 11.0, 15.0 ], "rotation": 90 },
												"down": { "texture": "#hide", "uv": [ 11.5, 14.0, 12.0, 15.0 ], "rotation": 270 }
											}
										}
									]
								},
								{
									"name": "R ear",
									"from": [ 0.5, 1.4, -1.3 ],
									"to": [ 0.7, 2.2, 0.3 ],
									"unwrapMode": 4,
									"unwrapRotation": 1,
									"uv": [ 12.0, 1.0 ],
									"rotationOrigin": [ 0.7, 1.7, 0.3 ],
									"rotationX": 45.0,
									"rotationZ": 22.0,
									"faces": {
										"north": { "texture": "#hide", "uv": [ 12.5, 2.5, 13.0, 3.0 ], "rotation": 90 },
										"east": { "texture": "#hide", "uv": [ 13.5, 1.0, 14.0, 2.5 ], "rotation": 270 },
										"west": { "texture": "#hide", "uv": [ 12.5, 1.0, 13.0, 2.5 ], "rotation": 90 },
										"up": { "texture": "#hide", "uv": [ 12.0, 1.0, 12.5, 2.5 ], "rotation": 180 },
										"down": { "texture": "#hide", "uv": [ 13.0, 1.0, 13.5, 2.5 ], "rotation": 180 }
									}
								},
								{
									"name": "L ear",
									"from": [ 0.5, 1.4, 1.4 ],
									"to": [ 0.7, 2.2, 3.0 ],
									"unwrapMode": 4,
									"unwrapRotation": 1,
									"uv": [ 9.5, 0.5 ],
									"rotationOrigin": [ 0.7, 1.7, 1.4 ],
									"rotationX": -45.0,
									"rotationZ": 22.0,
									"faces": {
										"east": { "texture": "#hide", "uv": [ 11.0, 1.0, 11.5, 2.5 ], "rotation": 270 },
										"south": { "texture": "#hide", "uv": [ 10.0, 0.5, 10.5, 1.0 ], "rotation": 90 },
										"west": { "texture": "#hide", "uv": [ 10.0, 1.0, 10.5, 2.5 ], "rotation": 90 },
										"up": { "texture": "#hide", "uv": [ 9.5, 1.0, 10.0, 2.5 ], "rotation": 180 },
										"down": { "texture": "#hide", "uv": [ 10.5, 1.0, 11.0, 2.5 ], "rotation": 180 }
									}
								},
								{
									"name": "eyes",
									"from": [ 0.05, 1.05, -0.01 ],
									"to": [ 0.45, 1.15, 1.61 ],
									"unwrapMode": 5,
									"uv": [ 0.0, 0.0 ],
									"rotationOrigin": [ 0.1, 1.1, 0.0 ],
									"faces": {
										"north": { "texture": "#hide", "uv": [ 0.0, 0.0, 0.5, 0.5 ], "rotation": 180 },
										"south": { "texture": "#hide", "uv": [ 0.0, 2.0, 0.5, 2.5 ] }
									},
									"children": [
										{
											"name": "eyeL",
											"from": [ 0.0, 0.1, 1.4 ],
											"to": [ 0.4, 0.4, 1.62 ],
											"unwrapMode": 5,
											"uv": [ 0.0, 0.0 ],
											"rotationOrigin": [ 0.0, 0.1, 1.41 ],
											"faces": {
												"north": { "texture": "#hide", "uv": [ 0.0, 0.0, 0.5, 0.5 ], "rotation": 180 },
												"south": { "texture": "#hide", "uv": [ 0.0, 1.0, 0.5, 1.5 ] }
											}
										},
										{
											"name": "eyeR",
											"from": [ 0.0, 0.1, 0.0 ],
											"to": [ 0.3, 0.3, 0.22 ],
											"unwrapMode": 5,
											"uv": [ 0.0, 0.0 ],
											"rotationOrigin": [ 0.0, 0.1, 0.01 ],
											"faces": {
												"north": { "texture": "#hide", "uv": [ 0.0, 0.0, 0.5, 0.5 ], "rotation": 180 },
												"south": { "texture": "#hide", "uv": [ 0.0, 1.0, 0.5, 1.5 ] }
											}
										}
									]
								}
							]
						}
					]
				}
			]
		}
	]}