[
  //
  //
  // Underground !!! NOT DOCUMENTED !!!
  //
  //
  {
    "op": "add",
    "path": "/structures/-",
    "value": {
      "code": "undergroundruins",
      "chance": 3,
      "name": "underground-common",
      "placement": "underground",
      "schematics": [
        "underground/underground-common/*"
      ],
      "rockTypeRemapGroup": "standard"
    },
    "file": "game:worldgen/structures.json"
  },
  {
    "op": "add",
    "path": "/structures/-",
    "value": {
      "code": "undergroundruins",
      "chance": 10,
      "name": "underground-common-lowerchance",
      "placement": "underground",
      "schematics": [
        "underground/underground-common-lowerchance/*"
      ],
      "rockTypeRemapGroup": "standard"
    },
    "file": "game:worldgen/structures.json"
  },
  {
    "op": "add",
    "path": "/structures/-",
    "value": {
      "code": "undergroundruins",
      "chance": 15,
      "name": "underground-uncommon",
      "placement": "underground",
      "schematics": [
        "underground/underground-uncommon/*"
      ],
      "depth": {
        "dist": "invexp",
        "avg": 30,
        "var": 20
      },
      "rockTypeRemapGroup": "standard"
    },
    "file": "game:worldgen/structures.json"
  },
  {
    "op": "add",
    "path": "/structures/-",
    "value": {
      "code": "undergroundruins",
      "chance": 7,
      "name": "underground-uncommon-lowerchance",
      "placement": "underground",
      "schematics": [
        "underground/underground-uncommon-lowerchance/*"
      ],
      "depth": {
        "dist": "invexp",
        "avg": 30,
        "var": 20
      },
      "rockTypeRemapGroup": "standard"
    },
    "file": "game:worldgen/structures.json"
  },
  {
    "op": "add",
    "path": "/structures/-",
    "value": {
      "code": "undergroundruins",
      "chance": 10, //13
      "name": "underground-rare",
      "placement": "underground",
      "schematics": [
        "underground/underground-rare/*"
      ],
      "depth": {
        "dist": "invexp",
        "avg": 50,
        "var": 30
      },
      "rockTypeRemapGroup": "standard"
    },
    "file": "game:worldgen/structures.json"
  },
  {
    "op": "add",
    "path": "/structures/-",
    "value": {
      "code": "gates",
      "chance": 4,
      "name": "underground-translocator-common",
      "placement": "underground",
      "schematics": [
        "underground/underground-translocator-common/*"
      ],
      "rockTypeRemapGroup": "standard"
    },
    "file": "game:worldgen/structures.json"
  },
  {
    "op": "add",
    "path": "/structures/-",
    "value": {
      "code": "gates",
      "chance": 6,
      "name": "underground-translocator-common-lowerchance",
      "placement": "underground",
      "schematics": [
        "underground/underground-translocator-common-lowerchance/*"
      ],
      "rockTypeRemapGroup": "standard"
    },
    "file": "game:worldgen/structures.json"
  },
  {
    "op": "add",
    "path": "/structures/-",
    "value": {
      "code": "gates",
      "chance": 3, //20
      "name": "underground-translocator-uncommon",
      "placement": "underground",
      "schematics": [
        "underground/underground-translocator-uncommon/*"
      ],
      "depth": {
        "dist": "invexp",
        "avg": 50,
        "var": 30
      },
      "rockTypeRemapGroup": "standard"
    },
    "file": "game:worldgen/structures.json"
  },
  {
    "op": "add",
    "path": "/structures/-",
    "value": {
      "code": "undergroundruins",
      "chance": 1.125, //20
      "name": "underground-translocator-verycommon",
      "placement": "underground",
      "schematics": [
        "underground/underground-verycommon/*"
      ],
      "rockTypeRemapGroup": "standard"
    },
    "file": "game:worldgen/structures.json"
  },











  {
    "op": "add",
    "path": "/structures/-",
    "value": {
      "code": "samgreyundergroundruin",
      "group": "rank-1",
      "chance": 50,
      "name": "underground-samgrey-1",
      "schematics": [
        "underground/rank-1/*"
      ],
      "placement": "underground",
      "rockTypeRemapGroup": "standard"
    },
    "file": "game:worldgen/structures.json",
    "side": "Server"
  },
  {
    "op": "add",
    "path": "/structures/-",
    "value": {
      "code": "samgreyundergroundruin",
      "group": "rank-2",
      "chance": 30,
      "name": "underground-samgrey-2",
      "schematics": [
        "underground/rank-2/*"
      ],
      "placement": "underground",
      "rockTypeRemapGroup": "standard"
    },
    "file": "game:worldgen/structures.json",
    "side": "Server"
  },
  {
    "op": "add",
    "path": "/structures/-",
    "value": {
      "code": "samgreyundergroundruin",
      "group": "rank-3",
      "chance": 20,
      "name": "underground-samgrey-3",
      "schematics": [
        "underground/rank-3/*"
      ],
      "placement": "underground",
      "rockTypeRemapGroup": "standard"
    },
    "file": "game:worldgen/structures.json",
    "side": "Server"
  },
  {
    "op": "add",
    "path": "/structures/-",
    "value": {
      "code": "samgreyundergroundruin",
      "group": "rank-4",
      "chance": 10,
      "name": "underground-samgrey-4",
      "schematics": [
        "underground/rank-4/*"
      ],
      "placement": "underground",
      "rockTypeRemapGroup": "standard"
    },
    "file": "game:worldgen/structures.json",
    "side": "Server"
  },
  {
    "op": "add",
    "path": "/structures/-",
    "value": {
      "code": "samgreyundergroundruin",
      "group": "rank-5",
      "chance": 5,
      "name": "underground-samgrey-5",
      "schematics": [
        "underground/rank-5/*"
      ],
      "placement": "underground",
      "rockTypeRemapGroup": "standard"
    },
    "file": "game:worldgen/structures.json",
    "side": "Server"
  }
]