{"GameVersion":"1.18.6","SizeX":1,"SizeY":5,"SizeZ":1,"BlockCodes":{"8613":"game:meta-underground","2683":"game:soil-verylow-normal","8109":"game:chest-east","8606":"game:clutter"},"ItemCodes":{"3641":"game:stackrandomizer-newlore","260":"game:stackrandomizer-cloth-highstatus","279":"game:stackrandomizer-gear","277":"game:stackrandomizer-lantern","278":"game:stackrandomizer-painting"},"Indices":[0,1048576,2097152,3145728,4194304],"BlockIds":[8613,2683,8109,8613,8606],"DecorIndices":[],"DecorIds":[],"BlockEntities":{"2097152":"!<d@[F*M`o#64c-E,TfC\"TSN&!<d@[F*]:V#64o6@VfsmCI<#NAI;p\\ATMrFARTY%\"po!]G%GQ5DfU+(#'\"^#Dfg%+!!!!'\"`nKuFE7Zf0E;+R!!#\"h!!!$\"!!!!(!AOQT!!!!%!<<*#z#6?R[!<<*\"(BFL9!<<*\"!!`N\\!!*'\"!#5M7!!*'\"!!!6)2#mXW!!!c8!!!$\"z!!NdCDfS0\\De!QMDe*Dd@q]FpF=h'4F*%QgFEqh:$=e!jCgh:(ARmLu$#O6pBL-NKCh3SH!!!!","4194304":"!<d@[F*M`o#64c-E,TfC#64`(!<d@[F*]:V#64o6@VfsmCI<#NAHu^]F`__:EWlSfH#R='B6%F(ATMs3DIkCV\":&scFCB9&=9&=$!!EUFATMNNDJ*csjNEk)\":&scFCB9&=o\\O&!!rsADes6$@ru9m!!!"},"Entities":[],"ReplaceMode":2,"EntranceRotation":-1}