{"GameVersion":"1.18.6","SizeX":1,"SizeY":5,"SizeZ":1,"BlockCodes":{"8613":"game:meta-underground","2678":"game:soil-verylow-sparse","8109":"game:chest-east","8606":"game:clutter"},"ItemCodes":{"3641":"game:stackrandomizer-newlore","279":"game:stackrandomizer-gear","964":"game:nugget-nativegold","271":"game:stackrandomizer-ingot","3647":"game:stackrandomizer-jonasparts"},"Indices":[0,1048576,2097152,3145728,4194304],"BlockIds":[8613,2678,8109,8613,8606],"DecorIndices":[],"DecorIds":[],"BlockEntities":{"2097152":"!<d@[F*NK/#64c-E,TfC\"TSN&!<d@[F*]:V#64o6@VfsmCI<#NAI;p\\ATMrFARTY%\"po!]G%GQ5DfU+(#'\"^#Dfg%+!!!!'\"`nKuFE7Zf0E;+R!!#\"h!!!$\"!!!!(!AOQT!!!!8!<<*#z#6?U\\!<<*\"_ufu>%KHJ/!!`N]!!*'\"!\"T)1!!*'\"!!!6)2#mXW!!#4n!!!$\"!!!!(!B'oY!!!!8!<<*#z!!!02AoD]VCi<g!6Z6LH$=da\\F*'!F@<6Mo\"E\\p.AI;pcCi!O!F(Jl:\":8pVF(djWB5D,Zz","4194304":"!<d@[F*NK/#64c-E,TfC#64`(!<d@[F*]:V#64o6@VfsmCI<#NAHu^]F`__:EWlSfH#R='B6%F(ATMs3DIkCV\":&scFCB9&=9&=$!!EUFATMNNDJ*csjNEk)\":&scFCB9&=o\\O&!!rsADes6$@ru9m!!!"},"Entities":[],"ReplaceMode":2,"EntranceRotation":-1}