{
    "type": "code",
    "name": "Crossbows",
    "modid": "maltiezcrossbows",
    "version": "0.5.17",

    "description": "Medieval crossbows",
    "authors": [ "Maltiez" ],
    "translation": [ "Kaofan - Polish", "RikeiR - Japanese", "rodolfo_de_jesus_berthely_ - Spanish (Latin America)", "DrLulu - French", "Nikolashka - Russian" ],

    "dependencies": {
        "combatoverhaul": "*"
    },

    "side" : "Universal",
    "requiredOnClient": true,
    "requiredOnServer": true
}
