{
	ingredientPattern: "SC	MX",
	ingredients: {
		"X": {
			"type": "item",
			"code": "screw-steel",

			"quantity": 2
		},

		
		"C": {
			"type": "item",
			"code": "circuitboard-*",
			"quantity": 1
		},
		"S": {
			"type": "block",
			"code": "game:metalsheet-steel-down",
			"quantity": 1
		},
		"M": {
			"type": "item",
			"code": "metalchannel-steel",
			"quantity": 2
		}
		
	},
	width: 2,
	height: 2,
	output: { type: "block", code: "autosign-ground-north", quantity: 1  }
}