{
	ingredientPattern: "MTM,PHP,BPB",
	ingredients: {
		"T": { type: "item", code: "game:pulverizertoggle-oak", quantity: 1 },
		"C": { type: "item", code: "wire-copper", quantity: 3},
		"B": { type: "block", code: "game:claybricks-fire", quantity: 1},
		"M": { type: "item", code: "motor-primitive", quantity: 2},
		"H": { type: "item", code: "game:helvehammerhead-*", "allowedVariants": ["iron","steel","meteoriciron"],"quantity": 1 },
		"P": { type: "item", code: "machineplate-*", "allowedVariants": ["iron","steel"], "quantity": 1}
	},
	width: 3,
	height: 3,
	output: { type: "block", code: "bloomworker-lv-east", quantity: 1  }
}
