{
	ingredientPattern: "STS	MBM	SPS",
	ingredients: {
		"T": { type: "item", code: "screwdriver-*", isTool: true },
		"P": { type: "item", code: "wire-copper", quantity: 4},
		"B": { type: "block", code: "machineryblock-*", "allowedVariants": ["iron","steel"], quantity: 1},
		"M": { type: "item", code: "motor-primitive", quantity: 1},
		"S": { type: "item", code: "screw-*", quantity: 1}
	},
	width: 3,
	height: 3,
	output: { type: "block", code: "clayformer2-bronze-east", quantity: 1  }
}