{

	ingredientPattern: "TTT,TPT,MBW",
	ingredients: {
		"T": { type: "block", code: "game:refractorybricks-good-*", quantity: 1 },
		"P": { type: "block", code: "electricforge-lv-*", quantity: 1},
		"W": { type: "item", code: "wire-copper", quantity: 4},
		//placeholder cb alternate
		"M": { type: "item", code: "braidedwire-copper", quantity: 1},
		"B": {
			"type": "item",
			"code": "motor-primitive",
			"quantity": 2
		},

	},
	width: 3,
	height: 3,
	output: { type: "block", code: "electrickiln-lv-east", quantity: 1  }
}