{
	ingredientPattern: "STS,PBM,SCS",
	ingredients: {
		"T": { type: "block", code: "game:archimedesscrew-ported-north", quantity: 1  },
		"P": { type: "item", code: "braidedwire-*", quantity: 4},
		"B": { type: "block", code: "machineryblock", quantity: 1},
		"M": { type: "item", code: "motor-primitive", quantity: 2},
		"S": { type: "item", code: "screw-*", quantity: 1},
		"C": { type: "item", code: "game:metalplate-copper", "quantity": 2 }
	},
	width: 3,
	height: 3,
	output: { type: "block", code: "generator-primitive-east", quantity: 1  }
}