{
	ingredientPattern: "STS	MRL	SBW",
	ingredients: {
		"T": {
			"type": "item",
			"code": "screwdriver-*",
			"isTool": true
		},
		"W": {
			"type": "item",
			"code": "wire-*",
			"quantity": 2
		},
		"B": {
			"type": "block",
			"code": "machineryblock",
			"quantity": 1
		},
		"M": {
			"type": "item",
			"code": "motor-primitive",
			"quantity": 1
		},
		"S": {
			"type": "item",
			"code": "screw-*",
			"quantity": 1
		},
		"R": {
			"type": "item",
			"code": "rod-*", "allowedVariants": ["iron","steel","meteoriciron"],
			"quantity": 2
		},
		"L": {
			"type": "item",
			"code": "game:axehead-*", "allowedVariants": ["iron","steel"],
			"quantity": 1
		}
	},
	width: 3,
	height: 3,
	output: {
		"type": "block",
		"code": "machines:logsplitter-lv-east",
		"quantity": 1
	}
}