{
	ingredientPattern: "SHS,PCA,MBM",
	ingredients: {
		"H": { type: "block", code: "game:hopper", quantity: 1},
		"P": { type: "item", code: "game:pulverizertoggle-oak", quantity: 1},
		"B": { type: "block", code: "machineryblock-iron", quantity: 1},
		"M": { type: "item", code: "motor-primitive", quantity: 2},
		"S": { type: "item", code: "game:helvehammerhead-*", "allowedVariants": ["iron","steel","meteoriciron"], quantity: 1},
		"A": { type: "block", code: "game:archimedesscrew-ported-north", quantity: 1},
		"C": { type: "item", code: "game:metalchain-*", "allowedVariants": ["iron","steel","meteoriciron"], quantity: 1}
	},
	width: 3,
	height: 3,
	output: { type: "block", code: "macerator-lv-east", quantity: 1  }
}