{
	ingredientPattern: "SXS	MCA	SBP",
	ingredients: {
		"P": {
			"type": "item",
			"code": "wire-*",
			"quantity": 4
		},
		"B": {
			"type": "block",
			"code": "machineryblock",
			"quantity": 1
		},
		"X": {
			"type": "block",
			"code": "game:archimedesscrew-ported-north",
			"quantity": 1
		},
		"M": {
			"type": "item",
			"code": "motor-primitive",
			"quantity": 3
		},
		"S": {
			"type": "item",
			"code": "screw-*",
			"quantity": 1
		},
		"A": { type: "block", code: "game:archimedesscrew-straight", quantity: 1},
		"C": { type: "item", code: "game:metalchain-*", "allowedVariants": ["iron","steel","meteoriciron"], quantity: 1}
	},
	width: 3,
	height: 3,
	output: { type: "block", code: "washplant-lv-east", quantity: 1  }
}