[
  {
    "op": "addmerge",
    "path": "/server/behaviors/9/aitasks/0/entityCodesByType/*/-",
    "value": "rhinocerotidae-*",
    "file": "game:entities/land/bear.json"
  },
  {
    "op": "addmerge",
    "path": "/server/behaviors/9/aitasks/1/entityCodes/0",
    "value": "rhinocerotidae-*",
    "file": "game:entities/land/bear.json"
  },
  {
    "op": "addmerge",
    "path": "/server/behaviors/9/aitasks/2/entityCodes/-",
    "value": "rhinocerotidae-*",
    "file": "game:entities/land/bear.json"
  },
  {
    "op": "addmerge",
    "path": "/server/behaviors/9/aitasks/4/entityCodesByType/*-panda/-",
    "value": "rhinocerotidae-adult-*",
    "file": "game:entities/land/bear.json"
  },
  {
    "op": "addmerge",
    "path": "/server/behaviors/9/aitasks/4/entityCodesByType/*-sun/-",
    "value": "rhinocerotidae-adult-*",
    "file": "game:entities/land/bear.json"
  },
  {
    "op": "addmerge",
    "path": "/server/behaviors/9/aitasks/4/entityCodesByType/*/-",
    "value": "rhinocerotidae-adult-*",
    "file": "game:entities/land/bear.json"
  },


  
  {
    "op": "addmerge",
    "path": "/server/behaviors/11/aitasks/3/entityCodes/-",
    "value": "rhinocerotidae-*",
    "file": "game:entities/land/fox.json"
  },

  {
    "op": "addmerge",
    "path": "/server/behaviors/9/aitasks/0/entityCodes/0",
    "value": "rhinocerotidae-*",
    "file": "game:entities/land/hare-baby.json"
  },
  {
    "op": "addmerge",
    "path": "/server/behaviors/10/aitasks/0/entityCodes/0",
    "value": "rhinocerotidae-*",
    "file": "game:entities/land/hare-female.json"
  },
  {
    "op": "addmerge",
    "path": "/server/behaviors/9/aitasks/0/entityCodes/0",
    "value": "rhinocerotidae-*",
    "file": "game:entities/land/hare-male.json"
  },

  {
    "op": "addmerge",
    "path": "/server/behaviors/10/aitasks/0/entityCodes/0",
    "value": "rhinocerotidae-adult-*",
    "file": "game:entities/land/hyena-female.json"
  },

  {
    "op": "addmerge",
    "path": "/server/behaviors/10/aitasks/1/entityCodes/0",
    "value": "rhinocerotidae-*",
    "file": "game:entities/land/hyena-female.json"
  },

  {
    "op": "addmerge",
    "path": "/server/behaviors/10/aitasks/3/entityCodes/0",
    "value": "rhinocerotidae-baby-*",
    "file": "game:entities/land/hyena-female.json"
  },

  {
    "op": "addmerge",
    "path": "/server/behaviors/9/aitasks/0/entityCodes/0",
    "value": "rhinocerotidae-adult-*",
    "file": "game:entities/land/hyena-male.json"
  },

  {
    "op": "addmerge",
    "path": "/server/behaviors/9/aitasks/1/entityCodes/0",
    "value": "rhinocerotidae-*",
    "file": "game:entities/land/hyena-male.json"
  },

  {
    "op": "addmerge",
    "path": "/server/behaviors/9/aitasks/3/entityCodes/0",
    "value": "rhinocerotidae-baby-*",
    "file": "game:entities/land/hyena-male.json"
  },


  {
    "op": "addmerge",
    "path": "/server/behaviors/9/aitasks/0/entityCodes/0",
    "value": "rhinocerotidae-adult-*",
    "file": "game:entities/land/hyena-pup.json"
  },





  {
    "op": "addmerge",
    "path": "/server/behaviors/9/aitasks/2/entityCodes/0",
    "value": "rhinocerotidae-*",
    "file": "game:entities/land/raccoon-female.json"
  },
  {
    "op": "addmerge",
    "path": "/server/behaviors/9/aitasks/2/entityCodes/0",
    "value": "rhinocerotidae-*",
    "file": "game:entities/land/raccoon-male.json"
  },
  {
    "op": "addmerge",
    "path": "/server/behaviors/9/aitasks/0/entityCodes/0",
    "value": "rhinocerotidae-*",
    "file": "game:entities/land/raccoon-pup.json"
  },





  {
    "op": "addmerge",
    "path": "/server/behaviors/8/aitasks/1/entityCodes/0",
    "value": "rhinocerotidae-*",
    "file": "game:entities/water/salmon.json"
  },





  {
    "op": "addmerge",
    "path": "/server/behaviors/10/aitasks/0/entityCodes/0",
    "value": "rhinocerotidae-*",
    "file": "game:entities/land/wolf-female.json"
  },
  {
    "op": "addmerge",
    "path": "/server/behaviors/10/aitasks/3/entityCodes/0",
    "value": "rhinocerotidae-baby-*",
    "file": "game:entities/land/wolf-female.json"
  },

  {
    "op": "addmerge",
    "path": "/server/behaviors/9/aitasks/0/entityCodes/0",
    "value": "rhinocerotidae-*",
    "file": "game:entities/land/wolf-male.json"
  },


  {
    "op": "addmerge",
    "path": "/server/behaviors/9/aitasks/3/entityCodes/0",
    "value": "rhinocerotidae-baby-*",
    "file": "game:entities/land/wolf-male.json"
  },



  {
    "op": "addmerge",
    "path": "/server/behaviors/10/aitasks/0/entityCodes/0",
    "value": "rhinocerotidae-adult-*",
    "file": "game:entities/land/wolf-pup.json"
  }



]