[
  {
    "op": "add",
    "path": "/server/behaviors/9/aitasks/0/entityCodesByType/*/-",
    "value": "casuariidae-*",
    "file": "game:entities/land/bear.json",
    "side": "Server"
  },
  {
    "op": "add",
    "path": "/server/behaviors/9/aitasks/1/entityCodes/0",
    "value": "casuariidae-*",
    "file": "game:entities/land/bear.json",
    "side": "Server"
  },
  {
    "op": "add",
    "path": "/server/behaviors/9/aitasks/3/entityCodesByType/*/-",
    "value": "casuariidae-*",
    "file": "game:entities/land/bear.json",
    "side": "Server"
  },


  
  {
    "op": "add",
    "path": "/server/behaviors/11/aitasks/0/entityCodes/-",
    "value": "casuariidae-baby-*",
    "file": "game:entities/land/fox.json",
    "side": "Server"
  },
  {
    "op": "add",
    "path": "/server/behaviors/11/aitasks/1/entityCodes/-",
    "value": "casuariidae-baby-*",
    "file": "game:entities/land/fox.json",
    "side": "Server"
  },  {
    "op": "add",
    "path": "/server/behaviors/11/aitasks/0/entityCodes/-",
    "value": "casuariidae-egg-*",
    "file": "game:entities/land/fox.json",
    "side": "Server"
  },
  {
    "op": "add",
    "path": "/server/behaviors/11/aitasks/1/entityCodes/-",
    "value": "casuariidae-egg-*",
    "file": "game:entities/land/fox.json",
    "side": "Server"
  },
  {
    "op": "add",
    "path": "/server/behaviors/11/aitasks/3/entityCodes/-",
    "value": "casuariidae-adult-*",
    "file": "game:entities/land/fox.json",
    "side": "Server"
  },

  {
    "op": "add",
    "path": "/server/behaviors/9/aitasks/0/entityCodes/0",
    "value": "casuariidae-*",
    "file": "game:entities/land/hare-baby.json",
    "side": "Server"
  },
  {
    "op": "add",
    "path": "/server/behaviors/10/aitasks/0/entityCodes/0",
    "value": "casuariidae-*",
    "file": "game:entities/land/hare-female.json",
    "side": "Server"
  },
  {
    "op": "add",
    "path": "/server/behaviors/9/aitasks/0/entityCodes/0",
    "value": "casuariidae-*",
    "file": "game:entities/land/hare-male.json",
    "side": "Server"
  },

  {
    "op": "add",
    "path": "/server/behaviors/10/aitasks/1/entityCodes/0",
    "value": "casuariidae-*",
    "file": "game:entities/land/hyena-female.json",
    "side": "Server"
  },

  {
    "op": "add",
    "path": "/server/behaviors/10/aitasks/3/entityCodes/0",
    "value": "casuariidae-*",
    "file": "game:entities/land/hyena-female.json",
    "side": "Server"
  },

  {
    "op": "add",
    "path": "/server/behaviors/9/aitasks/1/entityCodes/0",
    "value": "casuariidae-*",
    "file": "game:entities/land/hyena-male.json",
    "side": "Server"
  },

  {
    "op": "add",
    "path": "/server/behaviors/9/aitasks/3/entityCodes/0",
    "value": "casuariidae-*",
    "file": "game:entities/land/hyena-male.json",
    "side": "Server"
  },


  {
    "op": "add",
    "path": "/server/behaviors/9/aitasks/0/entityCodes/0",
    "value": "casuariidae-adult-*",
    "file": "game:entities/land/hyena-pup.json",
    "side": "Server"
  },





  {
    "op": "add",
    "path": "/server/behaviors/9/aitasks/2/entityCodes/0",
    "value": "casuariidae-*",
    "file": "game:entities/land/raccoon-female.json",
    "side": "Server"
  },
  {
    "op": "add",
    "path": "/server/behaviors/9/aitasks/2/entityCodes/0",
    "value": "casuariidae-*",
    "file": "game:entities/land/raccoon-male.json",
    "side": "Server"
  },
  {
    "op": "add",
    "path": "/server/behaviors/9/aitasks/0/entityCodes/0",
    "value": "casuariidae-*",
    "file": "game:entities/land/raccoon-pup.json",
    "side": "Server"
  },





  {
    "op": "add",
    "path": "/server/behaviors/8/aitasks/1/entityCodes/0",
    "value": "casuariidae-*",
    "file": "game:entities/water/salmon.json",
    "side": "Server"
  },





  {
    "op": "add",
    "path": "/server/behaviors/10/aitasks/0/entityCodes/0",
    "value": "casuariidae-*",
    "file": "game:entities/land/wolf-female.json",
    "side": "Server"
  },
  {
    "op": "add",
    "path": "/server/behaviors/10/aitasks/3/entityCodes/0",
    "value": "casuariidae-*",
    "file": "game:entities/land/wolf-female.json",
    "side": "Server"
  },

  {
    "op": "add",
    "path": "/server/behaviors/9/aitasks/0/entityCodes/0",
    "value": "casuariidae-*",
    "file": "game:entities/land/wolf-male.json",
    "side": "Server"
  },


  {
    "op": "add",
    "path": "/server/behaviors/9/aitasks/3/entityCodes/0",
    "value": "casuariidae-*",
    "file": "game:entities/land/wolf-male.json",
    "side": "Server"
  },



  {
    "op": "add",
    "path": "/server/behaviors/10/aitasks/0/entityCodes/0",
    "value": "casuariidae-*",
    "file": "game:entities/land/wolf-pup.json",
    "side": "Server"
  }



]