{
    "GameVersion": "1.20.0",
    "SizeX": 18,
    "SizeY": 13,
    "SizeZ": 9,
    "BlockCodes": {
        "9698": "game:supportbeam-aged",
        "2966": "game:cobblestone-granite",
        "9493": "game:agedstonebricks-granite",
        "4154": "game:drystone-granite",
        "2757": "game:cobblestoneslab-granite-north-free",
        "2795": "game:cobblestoneslab-granite-south-free",
        "2852": "game:cobblestoneslab-granite-down-free",
        "7355": "game:plankslab-aged-up-free",
        "8388": "game:torch-basic-extinct-west",
        "9526": "game:door-solid-aged",
        "136": "game:multiblock-monolithic-0-p1-0",
        "3061": "game:cobblestonestairs-granite-up-south-free",
        "2985": "game:cobblestonestairs-granite-up-north-free",
        "2833": "game:cobblestoneslab-granite-up-free",
        "8606": "game:clutter",
        "1643": "game:torchholder-aged-empty-west",
        "8386": "game:torch-basic-burnedout-south",
        "2814": "game:cobblestoneslab-granite-west-free",
        "2339": "game:slantedroofing-redclay-south-free",
        "2319": "game:slantedroofing-redclay-north-free",
        "2569": "game:slantedroofingridge-redclay-we-free",
        "2776": "game:cobblestoneslab-granite-east-free",
        "3023": "game:cobblestonestairs-granite-up-east-free",
        "6179": "game:rock-granite",
        "8610": "game:groundstorage",
        "699": "game:clayshinglelabs-red-down-free",
        "695": "game:clayshinglelabs-red-up-free",
        "8620": "game:stationarybasket-south",
        "8372": "game:toolrack-north",
        "8374": "game:toolrack-south",
        "8385": "game:torch-basic-extinct-south"
    },
    "ItemCodes": {
        "3648": "game:agedfirewood"
    },
    "Indices": [
        3145728,
        3151872,
        5243904,
        1025,
        2049,
        3073,
        4097,
        5121,
        6145,
        1049601,
        1050625,
        1051649,
        1052673,
        1053697,
        1054721,
        2098177,
        2099201,
        2100225,
        2101249,
        2102273,
        2103297,
        3146753,
        3147777,
        3148801,
        3149825,
        3150849,
        3151873,
        4195329,
        4196353,
        4197377,
        4198401,
        4199425,
        4200449,
        5243905,
        5244929,
        5245953,
        5246977,
        5248001,
        5249025,
        5250049,
        6292481,
        6293505,
        6294529,
        6295553,
        6296577,
        6297601,
        1026,
        6146,
        1049602,
        1054722,
        2098178,
        2099202,
        2100226,
        2101250,
        2102274,
        2103298,
        3146754,
        3151874,
        4195330,
        4200450,
        5243906,
        5244930,
        5245954,
        5246978,
        5248002,
        5249026,
        6292482,
        6297602,
        1027,
        6147,
        1049603,
        1054723,
        2098179,
        2099203,
        2100227,
        2101251,
        2102275,
        2103299,
        3146755,
        3151875,
        4195331,
        4200451,
        5243907,
        5244931,
        5245955,
        5246979,
        5248003,
        5249027,
        6292483,
        6297603,
        1028,
        6148,
        1049604,
        1054724,
        2098180,
        2099204,
        2100228,
        2101252,
        2102276,
        2103300,
        3146756,
        3151876,
        3152900,
        3153924,
        4195332,
        4200452,
        5243908,
        5244932,
        5245956,
        5246980,
        5248004,
        5249028,
        5250052,
        6292484,
        6293508,
        6295556,
        6297604,
        7344132,
        9438212,
        9444356,
        12587012,
        1029,
        2053,
        3077,
        4101,
        5125,
        6149,
        7173,
        1049605,
        1050629,
        1051653,
        1052677,
        1053701,
        1054725,
        1055749,
        2098181,
        2099205,
        2100229,
        2101253,
        2102277,
        2103301,
        2104325,
        3145733,
        3146757,
        3147781,
        3148805,
        3149829,
        3150853,
        3151877,
        3152901,
        4195333,
        4196357,
        4197381,
        4198405,
        4199429,
        4200453,
        4201477,
        5243909,
        5244933,
        5245957,
        5246981,
        5248005,
        5249029,
        5250053,
        5251077,
        6292485,
        6293509,
        6294533,
        6295557,
        6296581,
        6297605,
        6298629,
        7341061,
        7342085,
        7343109,
        7344133,
        7345157,
        7346181,
        7347205,
        8388613,
        8389637,
        8390661,
        8391685,
        8392709,
        8393733,
        8394757,
        8395781,
        8396805,
        9438213,
        9439237,
        9440261,
        9441285,
        9442309,
        9443333,
        9444357,
        10487813,
        10488837,
        10489861,
        10490885,
        10491909,
        11537413,
        11538437,
        11539461,
        12587013,
        1030,
        7174,
        1049606,
        1055750,
        2098182,
        2099206,
        2100230,
        2101254,
        2102278,
        2103302,
        2104326,
        3146758,
        3147782,
        3152902,
        4195334,
        4198406,
        4201478,
        4202502,
        5243910,
        5244934,
        5245958,
        5246982,
        5248006,
        5249030,
        5250054,
        6292486,
        6297606,
        6298630,
        7341062,
        7347206,
        8389638,
        8390662,
        8391686,
        8392710,
        8393734,
        8394758,
        8395782,
        9438214,
        9444358,
        10487814,
        10491910,
        11537414,
        11539462,
        12587014,
        1031,
        7175,
        1049607,
        1055751,
        2098183,
        2099207,
        2100231,
        2101255,
        2102279,
        2103303,
        2104327,
        3146759,
        3152903,
        4195335,
        4201479,
        5243911,
        5244935,
        5245959,
        5246983,
        5248007,
        5249031,
        5250055,
        6292487,
        6293511,
        6298631,
        7341063,
        7347207,
        8389639,
        8390663,
        8391687,
        8392711,
        8393735,
        8394759,
        8395783,
        9438215,
        9444359,
        10487815,
        10491911,
        11537415,
        11539463,
        12587015,
        1032,
        7176,
        1049608,
        1055752,
        2098184,
        2099208,
        2100232,
        2101256,
        2102280,
        2103304,
        2104328,
        3146760,
        3151880,
        3152904,
        3153928,
        4195336,
        4201480,
        5243912,
        5245960,
        5246984,
        5248008,
        5249032,
        5250056,
        6292488,
        6298632,
        7341064,
        7347208,
        8389640,
        8390664,
        8391688,
        8392712,
        8393736,
        8394760,
        8395784,
        9438216,
        9444360,
        10487816,
        10491912,
        11537416,
        11539464,
        12587016,
        1033,
        2057,
        7177,
        1049609,
        1050633,
        1055753,
        2098185,
        2099209,
        2100233,
        2101257,
        2102281,
        2103305,
        2104329,
        3145737,
        3146761,
        3147785,
        3152905,
        4195337,
        4201481,
        5243913,
        5245961,
        5246985,
        5248009,
        5249033,
        5250057,
        6292489,
        6296585,
        6297609,
        6298633,
        7341065,
        7347209,
        8389641,
        8390665,
        8391689,
        8392713,
        8393737,
        8394761,
        8395785,
        9438217,
        9444361,
        10487817,
        10491913,
        11537417,
        11539465,
        12587017,
        1034,
        2058,
        7178,
        1049610,
        1050634,
        1055754,
        2098186,
        2099210,
        2100234,
        2101258,
        2102282,
        2103306,
        2104330,
        3146762,
        3147786,
        3152906,
        4195338,
        4196362,
        4201482,
        5243914,
        5245962,
        5246986,
        5248010,
        5249034,
        5250058,
        6292490,
        6298634,
        7341066,
        7347210,
        8389642,
        8390666,
        8391690,
        8392714,
        8393738,
        8394762,
        8395786,
        9438218,
        9444362,
        10487818,
        10491914,
        11537418,
        11539466,
        12587018,
        1035,
        2059,
        7179,
        1049611,
        1050635,
        1055755,
        2098187,
        2099211,
        2100235,
        2101259,
        2102283,
        2103307,
        2104331,
        3146763,
        3147787,
        3149835,
        3150859,
        3151883,
        3152907,
        4195339,
        4196363,
        4201483,
        5243915,
        5244939,
        5245963,
        5246987,
        5248011,
        5249035,
        5250059,
        6292491,
        6297611,
        6298635,
        7341067,
        7347211,
        8389643,
        8390667,
        8391691,
        8392715,
        8393739,
        8394763,
        8395787,
        9438219,
        9444363,
        10487819,
        10491915,
        11537419,
        11539467,
        12587019,
        1036,
        2060,
        7180,
        1049612,
        1050636,
        1055756,
        2098188,
        2099212,
        2100236,
        2101260,
        2102284,
        2103308,
        2104332,
        3146764,
        3147788,
        3152908,
        4195340,
        4196364,
        4201484,
        5243916,
        5244940,
        5245964,
        5246988,
        5248012,
        5249036,
        5250060,
        6292492,
        6298636,
        7341068,
        7347212,
        8389644,
        8390668,
        8391692,
        8392716,
        8393740,
        8394764,
        8395788,
        9438220,
        9444364,
        10487820,
        10491916,
        11537420,
        11539468,
        12587020,
        1037,
        2061,
        3085,
        4109,
        5133,
        6157,
        7181,
        1049613,
        1050637,
        1051661,
        1052685,
        1053709,
        1054733,
        1055757,
        2098189,
        2099213,
        2100237,
        2101261,
        2102285,
        2103309,
        2104333,
        3146765,
        3147789,
        3148813,
        3149837,
        3150861,
        3151885,
        3152909,
        3153933,
        4195341,
        4196365,
        4197389,
        4198413,
        4199437,
        4200461,
        4201485,
        5242893,
        5243917,
        5244941,
        5245965,
        5246989,
        5248013,
        5249037,
        5250061,
        6292493,
        6293517,
        6294541,
        6295565,
        6296589,
        6297613,
        6298637,
        7341069,
        7342093,
        7343117,
        7344141,
        7345165,
        7346189,
        7347213,
        8389645,
        8390669,
        8391693,
        8392717,
        8393741,
        8394765,
        8395789,
        9438221,
        9439245,
        9440269,
        9441293,
        9442317,
        9443341,
        9444365,
        10487821,
        10488845,
        10489869,
        10490893,
        10491917,
        11537421,
        11538445,
        11539469,
        12587021,
        1038,
        7182,
        1049614,
        1055758,
        2098190,
        2099214,
        2100238,
        2101262,
        2102286,
        2103310,
        2104334,
        3145742,
        3146766,
        3147790,
        3148814,
        3149838,
        3150862,
        3151886,
        3152910,
        4195342,
        4196366,
        4197390,
        4199438,
        4200462,
        4201486,
        4202510,
        5243918,
        5244942,
        5249038,
        5250062,
        6292494,
        6294542,
        6295566,
        6296590,
        6298638,
        9438222,
        9444366,
        1039,
        7183,
        1049615,
        1055759,
        2098191,
        2099215,
        2100239,
        2101263,
        2102287,
        2103311,
        2104335,
        3146767,
        3147791,
        3151887,
        3152911,
        4195343,
        4196367,
        4200463,
        4201487,
        5243919,
        5244943,
        5249039,
        5250063,
        6294543,
        6295567,
        6296591,
        1040,
        2064,
        3088,
        4112,
        5136,
        6160,
        7184,
        1049616,
        1050640,
        1051664,
        1052688,
        1053712,
        1054736,
        1055760,
        2098192,
        2099216,
        2100240,
        2101264,
        2102288,
        2103312,
        2104336,
        3146768,
        3147792,
        3151888,
        3152912,
        4194320,
        4195344,
        4196368,
        4200464,
        4201488,
        4202512,
        5243920,
        5244944,
        5246992,
        5249040,
        5250064,
        6294544,
        6295568,
        6296592,
        3146769,
        3149841,
        5243921,
        5250065,
        6295569
    ],
    "BlockIds": [
        9698,
        9698,
        9698,
        2966,
        2966,
        2966,
        2966,
        2966,
        2966,
        2966,
        2966,
        2966,
        2966,
        2966,
        2966,
        2966,
        2966,
        2966,
        2966,
        2966,
        2966,
        2966,
        9493,
        2966,
        2966,
        4154,
        4154,
        4154,
        2966,
        2757,
        2795,
        4154,
        9493,
        4154,
        2966,
        9493,
        9493,
        4154,
        4154,
        9698,
        2852,
        2852,
        2852,
        2852,
        2852,
        2852,
        2966,
        2966,
        2966,
        2966,
        2966,
        2966,
        2966,
        2966,
        2966,
        2966,
        9493,
        9493,
        9493,
        2966,
        4154,
        7355,
        7355,
        7355,
        7355,
        2966,
        2852,
        2852,
        2966,
        2966,
        2966,
        2966,
        2966,
        2966,
        2966,
        2966,
        2966,
        2966,
        2966,
        9493,
        9493,
        2852,
        9493,
        7355,
        7355,
        7355,
        7355,
        4154,
        2852,
        2852,
        2966,
        2966,
        2966,
        2966,
        2966,
        2966,
        2966,
        2966,
        2966,
        2966,
        4154,
        9493,
        9698,
        9698,
        2966,
        4154,
        4154,
        7355,
        7355,
        7355,
        7355,
        9493,
        9698,
        2852,
        9698,
        9698,
        2852,
        8388,
        9698,
        9698,
        9698,
        2966,
        2966,
        2966,
        2966,
        2966,
        2966,
        2966,
        2966,
        2966,
        2966,
        2966,
        2966,
        2966,
        2966,
        2966,
        2966,
        2966,
        2966,
        2966,
        2966,
        2966,
        9698,
        2966,
        2966,
        9526,
        2966,
        4154,
        2966,
        2966,
        2966,
        9493,
        136,
        2966,
        9493,
        4154,
        2966,
        2966,
        2966,
        2966,
        9493,
        4154,
        4154,
        9493,
        9698,
        2966,
        2966,
        9526,
        2966,
        2966,
        2966,
        4154,
        9493,
        2966,
        136,
        2966,
        2852,
        2966,
        4154,
        9698,
        4154,
        9493,
        9493,
        2966,
        2966,
        2966,
        2966,
        9698,
        3061,
        9493,
        2966,
        2852,
        2966,
        2966,
        2985,
        3061,
        9493,
        2833,
        9493,
        2985,
        3061,
        9493,
        2985,
        2852,
        2966,
        2966,
        2966,
        2966,
        2966,
        7355,
        7355,
        7355,
        7355,
        7355,
        2966,
        2966,
        8606,
        4154,
        2966,
        1643,
        9493,
        8386,
        2966,
        7355,
        7355,
        7355,
        7355,
        7355,
        4154,
        4154,
        8606,
        2966,
        2966,
        2814,
        2966,
        7355,
        7355,
        7355,
        7355,
        7355,
        4154,
        2339,
        2319,
        2339,
        2319,
        2339,
        2319,
        2569,
        2966,
        2966,
        2966,
        2966,
        2966,
        7355,
        7355,
        7355,
        7355,
        7355,
        2966,
        9493,
        9526,
        2852,
        136,
        9493,
        7355,
        7355,
        7355,
        7355,
        7355,
        4154,
        2966,
        8606,
        9493,
        2852,
        2776,
        9493,
        7355,
        7355,
        7355,
        7355,
        7355,
        9493,
        2339,
        2319,
        2339,
        2319,
        2339,
        2319,
        2569,
        2966,
        2966,
        2966,
        2966,
        2966,
        7355,
        7355,
        7355,
        7355,
        7355,
        2966,
        2966,
        8606,
        2966,
        9698,
        4154,
        2966,
        4154,
        7355,
        7355,
        7355,
        7355,
        2966,
        4154,
        4154,
        2966,
        4154,
        2966,
        7355,
        7355,
        7355,
        7355,
        7355,
        2966,
        2339,
        2319,
        2339,
        2319,
        2339,
        2319,
        2569,
        2966,
        2966,
        2966,
        2966,
        2966,
        2966,
        2966,
        2966,
        7355,
        7355,
        7355,
        7355,
        2966,
        9698,
        9493,
        3023,
        2966,
        2966,
        2852,
        9493,
        7355,
        7355,
        7355,
        7355,
        9493,
        2966,
        8606,
        8606,
        2966,
        9493,
        4154,
        4154,
        7355,
        7355,
        7355,
        7355,
        7355,
        9493,
        2339,
        2319,
        2339,
        2319,
        2339,
        2319,
        2569,
        2966,
        2966,
        2966,
        2966,
        2966,
        2966,
        2966,
        2966,
        7355,
        7355,
        7355,
        7355,
        2966,
        9493,
        9493,
        4154,
        2966,
        3023,
        9493,
        4154,
        7355,
        7355,
        7355,
        7355,
        4154,
        2966,
        2966,
        2966,
        2814,
        4154,
        7355,
        7355,
        7355,
        7355,
        7355,
        4154,
        2339,
        2319,
        2339,
        2319,
        2339,
        2319,
        2569,
        2966,
        2966,
        2966,
        2966,
        2966,
        2966,
        2966,
        2966,
        7355,
        7355,
        7355,
        7355,
        2966,
        2966,
        9493,
        8606,
        8606,
        8606,
        4154,
        2966,
        4154,
        2966,
        9493,
        3023,
        7355,
        7355,
        7355,
        7355,
        9493,
        4154,
        8606,
        2966,
        9493,
        2776,
        2966,
        7355,
        7355,
        7355,
        7355,
        7355,
        2966,
        2339,
        2319,
        2339,
        2319,
        2339,
        2319,
        2569,
        2966,
        2966,
        2966,
        2966,
        2966,
        2966,
        2966,
        2966,
        7355,
        7355,
        7355,
        7355,
        2966,
        9493,
        9493,
        2966,
        4154,
        4154,
        2966,
        4154,
        9493,
        7355,
        7355,
        7355,
        7355,
        9493,
        2966,
        2966,
        2966,
        2966,
        4154,
        7355,
        7355,
        7355,
        7355,
        7355,
        2966,
        2339,
        2319,
        2339,
        2319,
        2339,
        2319,
        2569,
        2966,
        2966,
        2966,
        2966,
        2966,
        2966,
        2966,
        2966,
        2966,
        2966,
        2966,
        2966,
        2966,
        2966,
        2966,
        2966,
        2966,
        2966,
        2966,
        2966,
        2966,
        2966,
        2966,
        2966,
        9493,
        9493,
        4154,
        9493,
        9698,
        2966,
        4154,
        4154,
        2852,
        4154,
        4154,
        2966,
        9698,
        9493,
        9493,
        4154,
        9493,
        4154,
        9493,
        4154,
        4154,
        2966,
        2966,
        4154,
        2966,
        4154,
        2966,
        9493,
        9493,
        2966,
        9493,
        2966,
        4154,
        2966,
        4154,
        2966,
        4154,
        4154,
        2966,
        2966,
        4154,
        3061,
        2966,
        9493,
        9493,
        9493,
        2966,
        2985,
        3061,
        4154,
        2966,
        4154,
        2985,
        3061,
        2966,
        2985,
        2852,
        2966,
        2966,
        2966,
        2966,
        2966,
        6179,
        6179,
        6179,
        6179,
        6179,
        2966,
        9698,
        9493,
        8610,
        8610,
        8610,
        8610,
        8610,
        9493,
        4154,
        9698,
        8606,
        8606,
        9698,
        4154,
        9698,
        699,
        695,
        695,
        699,
        9698,
        699,
        695,
        699,
        9698,
        9698,
        9698,
        2966,
        2966,
        2966,
        2966,
        2966,
        6179,
        6179,
        6179,
        6179,
        6179,
        2966,
        9493,
        8606,
        8620,
        2966,
        2966,
        8372,
        8374,
        9493,
        699,
        695,
        695,
        699,
        699,
        695,
        699,
        2966,
        2966,
        2966,
        2966,
        2966,
        2966,
        2966,
        2966,
        2966,
        2966,
        2966,
        2966,
        2966,
        2966,
        2966,
        2966,
        2966,
        2966,
        2966,
        2966,
        2966,
        2966,
        9698,
        9698,
        2966,
        9698,
        2966,
        8385,
        9698,
        4154,
        9698,
        699,
        695,
        9698,
        695,
        699,
        699,
        695,
        699,
        9698,
        9698,
        9698,
        9698,
        9698
    ],
    "DecorIndices": [],
    "DecorIds": [],
    "BlockEntities": {
        "3145728": "!<d@[F*c-d#64o6@VfsmCI<#NAIrp*E,]`9FCJfiD(T1/ARl&M@V&tbF!L_m+pnYd!!%O6*<6(i58\"J9!!%O6'`\\515TKh)J3On19-=?<\"E8:#Gm46K!!*4ADf^/M\\H`*7",
        "3151872": "!<d@[F*c?j#64o6@VfsmCI<#NAIrp*E,]`9FCJfiD(T1/ARl&M@V&tbF!L_m+pnYd!!%O6*<6(i58\"J9!!%O6'`\\515TKh)J3On19-=<;\"E8:#Gm46K!!*4ADf^/M\\H`*7",
        "5243904": "!<d@[F*c0e#64o6@VfsmCI<#NAIrp*E,]`9FCJfiD(T1/ARl&M@V&tbF!L_m+pnYd!!%O6'`\\5a58\"J9r;V72(&\\)]590_(^d&ar9-=<;\"E8:#GmFBM!!*4ADf^/M\\H`*7",
        "5250049": "!<d@[F*cBk#64o6@VfsmCI<#NAIrp*E,]`9FCJfiD(T1/ARl&M@V&tbEuG#c(^^E]!!%O6&df'J!.[<LrVq@3(ue12!W`FCDf^10!!!!\"\"E8:#G^R%,!!!",
        "3152900": "!<d@[F*cBk#64o6@VfsmCI<#NAIrp*E,]`9FCJfiD(T1/ARl&M@V&tbEuG#c(^^EU!!%O6&df'J!.[9K!!#h\\(ue12!s&ODDf^1.!!!!\"\"E8:#G^m7/!!!",
        "3153924": "!<d@[F*cEl#64o6@VfsmCI<#NAIrp*E,]`9FCJfiD(T1/ARl&M@V&tbEuG#c(^^EU!!%O6&df'J!.[9K!!'f\"(ue12\"9AXEDf^1.!!!!\"\"E8:#G^m7/!!!",
        "5250052": "!<d@[F*cBk#64o6@VfsmCI<#NAIrp*E,]`9FCJfiD(T1/ARl&M@V&tbF!L_m+pnYd!!%O6'`\\5a58\"J9s8RR5('\";`590_(J3On19-=<;\"E8:#GmFBM!!*4ADf^/Q\\H`*7",
        "6293508": "!<d@[F*c3f#64o6@VfsmCI<#NAIrp*E,]`9FCJfiD(T1/ARl&M@V&tbF!L_m+pnYd!!%O6*<6'>58\"J9!!%O6'`\\5!5TKh)!'_=[9-=<;\"E8:#GmOHN!!*4ADf^/Q\\H`*7",
        "6295556": "!<d@[F*c9h#64o6@VfsmCI<#NAIrp*E,]`9FCJfiD(T1/ARl&M@V&tbF!L_m+pnYd!!%O6*<6'>58\"J9!!%O6'`\\5!5TKh)!'_=[9-=<;\"E8:#GmOHN!!*4ADf^/Q\\H`*7",
        "9438212": "!<d@[F*c0e#64o6@VfsmCI<#NAIrp*E,]`9FCJfiD(T1/ARl&M@V&tbEutAh*=;rZ!!%O6&e>HMs*m6J!!#h\\*<6(I5T&KR+9MWIE,TfC$ig8-!<d@[F*N2F#64`",
        "9444356": "!<d@[F*cBk#64o6@VfsmCI<#NAIrp*E,]`9FCJfiD(T1/ARl&M@V&tbF!L_m+pnYd!!%O6*<6(i58\"J9qu;.1'o>ATZlK,H^q^fH9-=<;\"E8:#GmjZQ!!*4ADf^/Q\\H`*7",
        "12587012": "!<d@[F*c9h#64o6@VfsmCI<#NAIrp*E,]`9FCJfiD(T1/ARl&M@V&tbF\"%(r-OL@n!!%O6'`\\5a4rjV'!'_),%K6<V58F4u5JS9>!.[<Oi_(Br!<d@[F*S8r!!!$&E,TfBJ%5da!!",
        "3145733": "!<d@[F*c-d#64o6@VfsmCI<#NAIrp*E,]`9FCJfiD(T1/ARl&M@V&tbEu4la(((3c!!%O6&df?R!5Li?!!%O6(ue0h\"E8:#Gm46K!!*4ADf^/R\\H`*7",
        "3148805": "!<d@[F*c6g#64o6@VfsmCI<#NAIi<iDfRFNDes,u/R`:'A-<6[DffE0AQ_o>AD7X:57%d5DK]T3F@]hXA8Ggu!!rjJE+NouA,lW5E,TfC\"onW'!<d@[F*N5G#64`",
        "5251077": "!<d@[F*cEl#64o6@VfsmCI<#NAIrp*E,]`9FCJfiD(T1/ARl&M@V&tbEuG#c(^^E]!!%O6&df'J!\"_F2q>Yq/(ue12!W`FCDf^10!!!!\"\"E8:#G_!=0!!!",
        "6294533": "!<d@[F*c6g#64o6@VfsmCI<#NAIi<iDfRFNDes,u/R`:'A-<6[DffE0AQ_o>AD7X:^Bk?`DK]T3F@]hXA8Ggu!!rjJE+NouA,lW5E,TfC#ljr*!<d@[F*N5G#64`",
        "8388613": "!<d@[F*c-d#64o6@VfsmCI<#NAIrp*E,]`9FCJfiD(T1/ARl&M@V&tbF!:Sk+:8Gj!!%O6*<6(i58\"J9!!!Qr(&@lZ590_(J3On19*#07Df^13!!!!\"\"E8:#G_!=0!!!",
        "8396805": "!<d@[F*cEl#64o6@VfsmCI<#NAIrp*E,]`9FCJfiD(T1/ARl&M@V&tbEuG#c(^^E]!!%O6&df'J!\"_F2q>Yq/(ue12!W`FCDf^13!!!!\"\"E8:#G_!=0!!!",
        "3147782": "\":8pVF(djWB5D,Z!!!!\"\"E8:#HI1CO!!EOIDffE0AQSp4!!!0/@VfsmCI<#NAHu^]F`__:EWlSfH#R=%@q]:bE\\1^4ARkoKEc6&.FCeVU!!!!%#B+3dF(KGrz\":&jWAohO*=o\\O&!!E[MAT2'lE`7'gFCbFP!!!<3@rH1\"ARfgnA,lW5E,TfC\"onW'!<d@[F*N8H#64l3De<U&ATV#Sz",
        "4198406": "!<d@[F*c9h#64o6@VfsmCI<#NAK,`0EarcrDerrqE\\1^4ARmB(D/aTB/U(cIF9)M`Df^1/!!!!\"\"E8:#G_*C1!!!",
        "6297606": "\":8pVF(djWB5D/6%nT\"e\"E8:#HIU[S!!EOIDffE0AQSp4!!!0/@VfsmCI<#NAHu^]F`__:EWlSfH#R=*@V'(%F(fK4F=h-GAS#`^#BFa)@<?'az\":&jWAohO*=TAF%!!EOFAnH*qFBSYE!!!-0Eb02uBl[-o@<?&\\!!!!*$\"ImiCh7*uARkcA\"E8:#GmOHN!!*4ADf^/S\\H`*;#B+3dF(KGqz!!",
        "3152903": "!<d@[F*cBk#64o6@VfsmCI<#NAIi<iDfRFNDes,u/R`:'A-<6[DffE0AQ_o>A,lT0!!s*KDK]T3F@]hXA8Ggu!!rjJE+NouA,lW5E,TfC\"onW'!<d@[F*N;I#64`",
        "6293511": "\":8pVF(djWB5D,Z!!!!\"\"E8:#HI1CO!!EOIDffE0AQSp4!!!0/@VfsmCI<#NAHu^]F`__:EWlSfH#R=0@V'('@V'(%F*)G2G:dlMDJ*cs1'@i&DffE0AQf'6!!!-,De<U&ATV&T!!!!%#B+3dF(KGsz\":K6]E+*I$;flGiAH2]1!!rsADes6$@ru9m!!*4ADf^11!!!!\"\"E8:#G_3I2!!EOFAnH*qFBAMC!!!!",
        "3151880": "\":8pVF(djWB5D/6%nXP;\"E8:#HIU[S!!EOIDffE0AQSp4!!!0/@VfsmCI<#NAHu^]F`__:EWlSfH#R=%@q]:bE\\1^4ARkoKEc6&.FCeVU!!!!%#B+3dF(KGrz\":&jWAohO*=o\\O&!!E[MAT2'lE`7'gFCbFP!!!<3@rH1\"ARfgnA,lW5E,TfC\"onW'!<d@[F*N>J#64l3De<U&ATV#Sz",
        "3153928": "!<d@[F*cEl#64o6@VfsmCI<#NAIrp*E,]`9FCJfiD(T1/ARl&M@V&tbEuG#c(^^EU!!!!`&df'J!!#4u!!'f\"(ue12\"9AXEDf^1.!!!!\"\"E8:#G_<O3!!!",
        "3145737": "!<d@[F*c-d#64o6@VfsmCI<#NAIrp*E,]`9FCJfiD(T1/ARl&M@V&tbF!:Sk+:8Gb!!!!`*<6(i58\"J9!!!!`'`\\6L5TKh)J3On19*#07Df^1.!!!!\"\"E8:#G_EU4!!!",
        "6296585": "\":8pVF(djWB5D/6&';Qe\"E8:#HILUR!!EOIDffE0AQSp4!!!0/@VfsmCI<#NAHu^]F`__:EWlSfH#R=7FCAWpAM%_:DJ(PFBln#?@r-(*BJ\"1GEc>i+\":&scFCB9&=o\\O&!!EOFAnH*qFBJSD!!!-,De<U&ATV)U!!!!%$Z]ft@;0a\\FCB9&z#mk*[Ci!ZmFCet_!<d@[F*S&l!!!$&E,TfBKXh<f\":&jWAohO*=9&=$!!!",
        "6297609": "\":8pVF(djWB5D/6&';Qe\"E8:#HIU[S!!EOIDffE0AQSp4!!!0/@VfsmCI<#NAHu^]F`__:EWlSfH#R=7FCAWpAM%_:DJ(PFBln#?@r-(*BJ\"1GEc>i+\":&scFCB9&=o\\O&!!EOFAnH*qFBJSD!!!-,De<U&ATV)U!!!!%$Z]ft@;0a\\FCB9&z#mk*[Ci!ZmFCet_!<d@[F*S&l!!!$&E,TfBKXh<f\":&jWAohO*=9&=$!!!",
        "3149835": "\":8pVF(djWB5D/6&';Qe\"E8:#HICOQ!!EOIDffE0AQSp4!!!0/@VfsmCI<#NAHu^]F`__:EWlSfH#R=6FCAWpAM%_:DJ(PFBln#?@:NeYF)u8?Bk;>g#BFa)@<?'az\":&jWAohO*=TAF%!!EOFAnH*qFBSYE!!!-0Eb02uBl[-o@<?&\\!!!!*$\"ImiCh7*uARkcA\"E8:#Gm46K!!*4ADf^/X\\H`*;#B+3dF(KGqz!!",
        "3150859": "\":8pVF(djWB5D/6&';Qe\"E8:#HILUR!!EOIDffE0AQSp4!!!0/@VfsmCI<#NAHu^]F`__:EWlSfH#R=%FCAWpAM%_:DJ'(WEc6&.FCeVU!!!!%#B+3dF(KGrz\":&jWAohO*=o\\O&!!E[MAT2'lE`7'gFCbFP!!!<3@rH1\"ARfgnA,lW5E,TfC\"onW'!<d@[F*NGM#64l3De<U&ATV#Sz",
        "3151883": "\":8pVF(djWB5D/6&';Qe\"E8:#HIU[S!!EOIDffE0AQSp4!!!0/@VfsmCI<#NAHu^]F`__:EWlSfH#R=%FCAWpAM%_:DJ'(WEc6&.FCeVU!!!!%#B+3dF(KGrz\":&jWAohO*=o\\O&!!E[MAT2'lE`7'gFCbFP!!!<3@rH1\"ARfgnA,lW5E,TfC\"onW'!<d@[F*NGM#64l3De<U&ATV#Sz",
        "6297611": "\":8pVF(djWB5D/6%nXP;\"E8:#HIU[S!!EOIDffE0AQSp4!!!0/@VfsmCI<#NAHu^]F`__:EWlSfH#R=(@V'(%F(fK4F=hEIA-<-XDffE0AQf'6!!!-,De<U&ATV&T!!!!%#B+3dF(KGsz\":K6]E+*I$;flGiAH2]1!!rsADes6$@ru9m!!*4ADf^11!!!!\"\"E8:#G_Wa6!!EOFAnH*qFBAMC!!!!",
        "3153933": "!<d@[F*cEl#64o6@VfsmCI<#NAIrp*E,]`9FCJfiD(T1/ARl&M@V&tbEuG#c(^^EU!!%O6&df'J!.[9K!!()*(ue12\"9AXEDf^1.!!!!\"\"E8:#G_im8!!!",
        "5242893": "!<d@[F*c-d#64o6@VfsmCI<#NAIrp*E,]`9FCJfiD(T1/ARl&M@V&tbF!gqp,mk.l!!%O6'`\\5a590_(J3OYW%0-An_%l\\DIm4q\\!.[9Ni_':TE,TfC#QOi)!<d@[F*NMO#64`",
        "3145742": "!<d@[F*c-d#64o6@VfsmCI<#NAIrp*E,]`9FCJfiD(T1/ARl&M@V&tbEu4la(((3c!!%O6&df?R!5Li?!!%O6(ue0h\"E8:#Gm46K!!*4ADf^/[\\H`*7",
        "3147790": "\";PrgD..-rBl7QMF`M@fF`Lo4Bl@kh!!!!%$#O6pBL-NKCh;?3aZfe/E,TfDd+\\d*!=3:[ASc=(F'/\\I!!!$*Ap%[$E,Tf$d+\\d*\"USXSDe!QMDe*DgB6%p5DIdg1DfT9!AI/r\\DfT?!;flqu@:s.JEc5o<!!*@;Bl[d(Df]$;\\H`*8#\\J3jCiF<6=GaQn!!*@;Bl[d(Df]%c!!!!\"$=S$u@:Nt?@:NjK!!!!'$#+:#ASuU.Ed7imF)5c:EsD_\"!!*'\"!'h\"o!$D7A!!WgQASlBtEaa'4Eb,=fFCf<.ATD4$F`M%e@<6NjE+EC!AH2]1!;-Os5m.R;ASlBtEaa'4Eb,4NTKrPX!!*:DF)5c:Es)IC!!!*6CghC,<,#iX<,ZkeCe/JeEcV3\\z!!!<1@Wc^/Bl7P`!=3:OEb03.F'?rF#65&:BlcU`Ec,T/B)hr8E,TfC\"onW'!<d@[F*NPP#64l9F*(i2F@:7l@<?4%D?'Y:!!!",
        "3148814": "\";PrgD..-rBl7QMF`M@fF`Lo4Bl@kh!!!!%$#O6pBL-NKCh;?3ahIiZE,TfDdG\"m+!=3:[ASc=(F'/\\I!!!$*Ap%[$E,Tf$dG\"m+\"USXSDe!QMDe*DgB6%p5DIdg1DfT9!AI/r\\DfT?!;flqu@:s.JEc5o<!!*@;Bl[d(Df]$;\\H`*8#\\J3jCiF<6=GaQn!!*@;Bl[d(Df]%c!!!!\"$=S$u@:Nt?@:NjK!!!!'$#+:#ASuU.Ed7imF)5c:EsD_\"!!*'\"!'h\"o!#bh;!!WgQASlBtEaa'4Eb,=fFCf<.ATD4$F`M%e@<6NjE+EC!AH2]1!;-Os5m.R;ASlBtEaa'4Eb,4NTKrPX!!*:DF)5c:Es)IC!!!*6CghC,<,#iX<,ZkeCe/JeEcV3\\z!!!<1@Wc^/Bl7P`!=3:OEb03.F'?uG#65&:BlcU`Ec,T/B)hr8E,TfC\"onW'!<d@[F*NPP#64l9F*(i2F@:7l@<?4%D?'Y:!!!",
        "3149838": "\";PrgD..-rBl7QMF`M@fF`Lo4Bl@kh!!!!%$#O6pBL-NKCh;?3ahIiZE,TfDdb>!,!=3:[ASc=(F'/\\I!!!$*Ap%[$E,Tf$db>!,\"USXSDe!QMDe*DgB6%p5DIdg1DfT9!AI/r\\DfT?!;flqu@:s.JEc5o<!!*@;Bl[d(Df]$;\\H`*8#\\J3jCiF<6=GaQn!!*@;Bl[d(Df]%c!!!!\"$=S$u@:Nt?@:NjK!!!!'$#+:#ASuU.Ed7imF)5c:EsD_\"!!*'\"!'h\"o!\"],1!!WgQASlBtEaa'4Eb,=fFCf<.ATD4$F`M%e@<6NjE+EC!AH2]1!;-Os5m.R;ASlBtEaa'4Eb,4NTKrPX!!*:DF)5c:Es)IC!!!*6CghC,<,#iX<,ZkeCe/JeEcV3\\z!!!<1@Wc^/Bl7P`!=3:OEb03.F'@#H#65&:BlcU`Ec,T/B)hr8E,TfC\"onW'!<d@[F*NPP#64l9F*(i2F@:7l@<?4%D?'Y:!!!",
        "3150862": "\";PrgD..-rBl7QMF`M@fF`Lo4Bl@kh!!!!%$#O6pBL-NKCh;?3aZfe/E,TfDe(Y*-!=3:[ASc=(F'/\\I!!!$*Ap%[$E,Tf$e(Y*-\"USXSDe!QMDe*DgB6%p5DIdg1DfT9!AI/r\\DfT?!;flqu@:s.JEc5o<!!*@;Bl[d(Df]$;\\H`*8#\\J3jCiF<6=GaQn!!*@;Bl[d(Df]%c!!!!\"$=S$u@:Nt?@:NjK!!!!'$#+:#ASuU.Ed7imF)5c:EsD_\"!!*'\"!'h\"o!#tt=!!WgQASlBtEaa'4Eb,=fFCf<.ATD4$F`M%e@<6NjE+EC!AH2]1!;-Os5m.R;ASlBtEaa'4Eb,4NTKrPX!!*:DF)5c:Es)IC!!!*6CghC,<,#iX<,ZkeCe/JeEcV3\\z!!!<1@Wc^/Bl7P`!=3:OEb03.F'@&I#65&:BlcU`Ec,T/B)hr8E,TfC\"onW'!<d@[F*NPP#64l9F*(i2F@:7l@<?4%D?'Y:!!!",
        "3151886": "\";PrgD..-rBl7QMF`M@fF`Lo4Bl@kh!!!!%$#O6pBL-NKCh;?3aZfe/E,TfDeCt3.!=3:[ASc=(F'/\\I!!!$*Ap%[$E,Tf$eCt3.\"USXSDe!QMDe*DgB6%p5DIdg1DfT9!AI/r\\DfT?!;flqu@:s.JEc5o<!!*@;Bl[d(Df]$;\\H`*8#\\J3jCiF<6=GaQn!!*@;Bl[d(Df]%c!!!!\"$=S$u@:Nt?@:NjK!!!!'$#+:#ASuU.Ed7imF)5c:EsD_\"!!*'\"!'h\"o!$D7A!!WgQASlBtEaa'4Eb,=fFCf<.ATD4$F`M%e@<6NjE+EC!AH2]1!;-Os5m.R;ASlBtEaa'4Eb,4NTKrPX!!*:DF)5c:Es)IC!!!*6CghC,<,#iX<,ZkeCe/JeEcV3\\z!!!<1@Wc^/Bl7P`!=3:OEb03.F'@)J#65&:BlcU`Ec,T/B)hr8E,TfC\"onW'!<d@[F*NPP#64l9F*(i2F@:7l@<?4%D?'Y:!!!",
        "4196366": "!<d@[F*c3f#64o6@VfsmCI<#NAIrp*E,]`9FCJfiD(T1/ARl&M@V&tbF'&DL(^^E]!!%O6&df'J!'idarr7I4(ue12!X]qT\"Vh\";J3OYW%=5,@ZP<H?+@$qI!$FNDi_(Bp$69HW'`\\5a58\"J9m]?dD'`\\5a^E\"r?41#ja9-=69\"E8:#Gm=<L!!*4ADf^/[\\H`*7",
        "4197390": "\":8pVF(djWB5D/6&'7$:\"E8:#HI:IP!!EOIDffE0AQSp4!!!0/@VfsmCI<#NAHu^]F`__:EWlSfH#R=+FDl)6Ea`Hn/TPuJDIm?5\"VYftATDg*A7\\_OG]\\(KAOCBHAHZFSARkoKEc6&.FCeVU!!!!%#B+3dF(KGrz\":&jWAohO*=o\\O&!!E[MAT2'lE`7'gFCbFP!!!<3@rH1\"ARfgnA,lW5E,TfC#64`(!<d@[F*NPP#64l3De<U&ATV#Sz",
        "4199438": "\":8pVF(djWB5D/6&'7$:\"E8:#HILUR!!EOIDffE0AQSp4!!!0/@VfsmCI<#NAHu^]F`__:EWlSfH#R=)FDl)6Ea`Hn/S/d<FEn$'Dg#]4EbT&q<+U;rF`M%\\De*D^@:s.^\":&scFCB9&=o\\O&!!EOFAnH*qFBJSD!!!-,De<U&ATV)U!!!!%$Z]ft@;0a\\FCB9&z#mk*[Ci!ZmFCet_!<d@[F*Ruj!!!$&E,TfBM7Eik\":&jWAohO*=9&=$!!!",
        "4200462": "!<d@[F*c?j#64o6@VfsmCI<#NAIrp*E,]`9FCJfiD(T1/ARl&M@V&tbF%--:+:8Gj!!%O6*<6(i58\"J9HE?D<'`\\4V5TKh)^qU`G9*ujM$5EO@J3P%S!.[9H%h7s/#q-Mg!._g)rVq@3(ue12!<E=BDf^1/!!!!\"\"E8:#G_rs9!!!",
        "4202510": "!<d@[F*cEl#64o6@VfsmCI<#NAIrp*E,]`9FCJfiD(T1/ARl&M@V&tbEuG#c(^^E]!!%O6&df'J!'idarr7I4(ue12!W`FCDf^1/!!!!\"\"E8:#G_rs9!!!",
        "6292494": "!<d@[F*c0e#64o6@VfsmCI<#NAIrp*E,]`9FCJfiD(T1/ARl&M@V&tbEuG#c(^^6U%h4@aUpLj;!'idi!!(qB(ue12!<E=BDf^11!!!!\"\"E8:#G_rs9!!!",
        "6298638": "!<d@[F*cBk#64o6@VfsmCI<#NAIrp*E,]`9FCJfiD(T1/ARl&M@V&tbF$9R2*=;rj!!%O6&e>G.7AR:*M++5I*<6)T^_l'(+9;fi$3_FM!.[9H%h4@aUpLj;!'idi!!'gM(ue12!<E=BDf^11!!!!\"\"E8:#G_rs9!!!",
        "9438222": "!<d@[F*c0e#64o6@VfsmCI<#NAIrp*E,]`9FCJfiD(T1/ARl&M@V&tbEuG#c(^^6U%h4@a,d\\9d!)Pp$!!$Cl(ue12!<E=BDf^14!!!!\"\"E8:#G_rs9!!!",
        "9444366": "!<d@[F*cBk#64o6@VfsmCI<#NAIrp*E,]`9FCJfiD(T1/ARl&M@V&tbF$9R2*=;rj!!%O6&e>G.7AR:*M++5I*<6)T^_l'(+9;fi$3_FM!.[9H%h4@a,d\\9d!)Pp$!!\".W(ue12!<E=BDf^14!!!!\"\"E8:#G_rs9!!!",
        "3147791": "\":8pVF(djWB5D/?bEb?n\"E8:#HI1CO!!EOIDffE0AQSp4!!!0/@VfsmCI<#NAHu^]F`__:EWlSfH#R=&FCB'&/T#'@@;I_&#BFa)@<?'az\":&jWAohO*=TAF%!!EOFAnH*qFBSYE!!!-0Eb02uBl[-o@<?&\\!!!!*$\"ImiCh7*uARkcA\"E8:#Gm46K!!*4ADf^/\\\\H`*;#B+3dF(KGqz!!",
        "3151887": "\":8pVF(djWB5D/?b8*>D\"E8:#HIU[S!!NdCDfS0\\De!QMDe*DpF*(i4Bl@ltEd;,&F),?//TYiQFD(ga@VfsmCI<#NAJT?/@<?4%DIIR2@UX=nATTMFDfp/8\"U&pmE+K2]B4YU/\"po!]G%GQ5DfU+-\"`nKuFE7E_#'\"^#Dfg%+z!<d@[F*Rri!!!$&E,TfBMR`rl!!",
        "4196367": "!<d@[F*c3f#64o6@VfsmCI<#NAI`g#DesH&@r!Z6DfTr5\"po!]G%GQ5DfU+-\"`nKuFE7E_#'\"^#Dfg%'z!<d@[F*Ruj!!!$&E,TfBMR`rl!!",
        "4200463": "!<d@[F*c?j#64o6@VfsmCI<#NAI`g#DesH&@r!Z;Dfp/8\"po!]G%GQ5DfU+-\"`nKuFE7E_#'\"^#Dfg%'z!<d@[F*Ruj!!!$&E,TfBMR`rl!!",
        "3147792": "!<d@[F*c3f#64o6@VfsmCI<#NAIrp*E,]`9FCJfiD(T1/ARl&M@V&tbEuG#c(^^EU!!%O6&df'J!.[9K!!!!a(ue12!W`FCDf^1.!!!!\"\"E8:#G`0*;!!!",
        "3151888": "!<d@[F*c?j#64o6@VfsmCI<#NAIrp*E,]`9FCJfiD(T1/ARl&M@V&tbF!:Sk+:8Gb!!%O6*<6(i58\"J9!!%O6'`\\465TKh)J3On19*#07Df^1.!!!!\"\"E8:#G`0*;!!!",
        "4194320": "!<d@[F*c-d#64o6@VfsmCI<#NAIrp*E,]`9FCJfiD(T1/ARl&M@V&tbF!gqp,mk.l!!%O6'`\\5a590_(J3OYW%0-A.^_QkKIm4qT!.[9Ni_':TE,TfC#64`(!<d@[F*NVR#64`",
        "4200464": "!<d@[F*c?j#64o6@VfsmCI<#NAIrp*E,]`9FCJfiD(T1/ARl&M@V&tbF!gqp,mk.l!!%O6'`\\5a590_(J3OYW%0-A.^_QkKIm4qT!.[9Ni_':TE,TfC#64`(!<d@[F*NVR#64`",
        "4202512": "!<d@[F*cEl#64o6@VfsmCI<#NAIrp*E,]`9FCJfiD(T1/ARl&M@V&tbF!L_m+pnYd!!%O6'`\\5a58\"J9!!%O6'`\\5a^E\"r?41#ja9-=9:\"E8:#Gm=<L!!*4ADf^/]\\H`*7",
        "5246992": "!<d@[F*c9h#64o6@VfsmCI<#NAIrp*E,]`9FCJfiD(T1/ARl&M@V&tbF\"%(r-OL@n!!#8K'`\\6L590_(!'_),%0-A.^_QnL^HW_A!!#5#i_(Bt!<d@[F*S#k!!!$&E,TfBMn'&m!!",
        "3146769": "!<d@[F*c0e#64o6@VfsmCI<#NAIrp*E,]`9FCJfiD(T1/ARl&M@V&tbEtA<Y%LN1K\"Vh\";!'hC\\9-=69\"E8:#Gm46K!!*4ADf^/^\\H`*7",
        "3149841": "!<d@[F*c9h#64o6@VfsmCI<#NAIrp*E,]`9FCJfiD(T1/ARl&M@V&tbEuG#c(^^Ee!!!!`&df?R!.[<T!!!!`(ue12\"9AXEDf^1.!!!!\"\"E8:#G`90<!!!",
        "5243921": "!<d@[F*c0e#64o6@VfsmCI<#NAIrp*E,]`9FCJfiD(T1/ARl&M@V&tbEuG#c(^^6U%h4@a,d\\<ds5-$]!!$Cl(ue12!<E=BDf^10!!!!\"\"E8:#G`90<!!!",
        "5250065": "!<d@[F*cBk#64o6@VfsmCI<#NAIrp*E,]`9FCJfiD(T1/ARl&M@V&tbEutAh*=;rj!!%O6&e>G.7AR:*M++5I*<6)T^_l'(+9;KGE,TfC#QOi)!<d@[F*NYS#64`",
        "6295569": "!<d@[F*c9h#64o6@VfsmCI<#NAIrp*E,]`9FCJfiD(T1/ARl&M@V&tbF!L_m+pnYl!!#8K*<6'>58\"J9M+&\\s(&\\)]^E!:SJ3Xt29-=69\"E8:#GmOHN!!*4ADf^/^\\H`*7"
    },
    "Entities": [],
    "ReplaceMode": 2,
    "EntranceRotation": -1
}