{
	"code": "spheniscidae",
	"class": "EntityAgent",
	"variantgroups": [
		{ "code": "age", "states": ["egg"] },
		{ "code": "type", "states": ["aptenodytesforsteri","aptenodytespatagonicus","eudypteschrysocome","eudypteschrysolophus","eudyptesmoseleyi","eudyptespachyrhynchus","eudyptesrobustus","eudyptessclateri","eudyptesschlegeli","eudypteswarhami","eudyptulaminor","eudyptulanovaehollandiae","megadyptesantipodes","pygoscelisadeliae","pygoscelisantarcticus","pygoscelispapua","spheniscusdemersus","spheniscushumboldti","spheniscusmagellanicus","spheniscusmendiculus" ] },
		{ "code": "state", "states": ["raw"] }
	],
	"collisionBoxSizeByType": {
		"*": {	"x": 0.1,"y": 0.1}
	},
	"deadCollisionBoxSizeByType": {
		"*": {"x": 0.1,"y": 0.1}
	},
	"selectionBoxSizeByType": {
		"*": {"x": 0.5,"y": 0.5}
	},
	"deadSelectionBoxSizeByType": {
		"*": {"x": 0.5,"y": 0.5}
	},
	"knockbackResistanceByType": {
		"*": 0.5
	},	
	"eyeHeight": 0.6,
	"weightByType": {
		"*": 1
	},
	"drops": [{ "type": "item", "code": "creature-spheniscidae-egg-{type}-raw" }],	
	"attributes": {
	},
	"client": {
		"renderer": "Shape",
	"shapeByType": {
		"*-egg-pygoscelisadeliae-*": {"base": "entity/land/spheniscidae/egg-round"},
		"*-egg-pygoscelisantarcticus-*": {"base": "entity/land/spheniscidae/egg-round"},
		"*-egg-pygoscelispapua-*": {"base": "entity/land/spheniscidae/egg-round"},
		"*-egg-*": {"base": "entity/land/spheniscidae/egg"}
	},
	"texturesByType": {
		"*-egg-pygoscelispapua-*": {"skin": { "base": "game:block/stone/gravel/chalk" }},
		"*-egg-spheniscusmendiculus-*": {"skin": { "base": "game:block/stone/gravel/chalk" }},
		"*-egg-*": {"skin": { "base": "game:block/creature/bone" }}
	},
		"sizeByType": {
			"*-aptenodytesforsteri-*": 0.25,
			"*-aptenodytespatagonicus-*": 0.22,
			"*-eudyptulaminor-*": 0.12,
			"*-eudyptulanovaehollandiae-*": 0.12,
			"*": 0.16
		},
		"behaviors": [
			{ "code": "repulseagents" },
			{"code": "controlledphysics","stepHeight": 0},
			{ "code": "interpolateposition" },
			{"code": "despawn","minPlayerDistance": 8,"belowLightLevel": 0,"minSeconds": 300},
			{"code": "floatupwhenstuck","onlyWhenDead": true}

		],
		"animations": [
		]
	},
	"server": {
		"attributes": {
		},
		"behaviors": [
			{ "code": "repulseagents" },
			{"code": "controlledphysics","stepHeight": 0},
			{"code": "health","maxhealthByType": {"*": 0.1}},
			{"code": "deaddecay","hoursToDecay": 0,"decayedBlock": "none"},
			{"code": "despawn","minPlayerDistance": 8,"belowLightLevel": 0,"minSeconds": 300},
			{"code": "floatupwhenstuck","onlyWhenDead": true},
			{"code": "emotionstates","states": []},
			{ 
				"code": "grow", 
				"hoursToGrowByType": {"*-aptenodytesforsteri-*": 321,"*-aptenodytespatagonicus-*": 270,"*-spheniscushumboldti-*": 200,"*-spheniscusmagellanicus-*": 200,"*": 172},
				"adultEntityCodesByType": {"*": ["spheniscidae:spheniscidae-baby-female-{type}","spheniscidae:spheniscidae-baby-male-{type}"]}
				},
			{
				"code": "taskai",
				"aitasks": [
					{
						"code": "idle",
						"priority": 0.9,
						"minduration": 3000,
						"maxduration": 3000,
						"mincooldown": 0,
						"maxcooldown": 0,
						"stopOnNearbyEntityCodes": [ ],
						"stopRange": 15,
						"animation": "Idle",
						"animationSpeed": 2.0,
					}
				]
			}

		],
		"spawnconditions": {
			"runtime": {
				"group": "neutral",
				"tryOnlySurface": true,
				"maxQuantity": 1,
				"spawnCapPlayerScaling": 0.0,
				"maxQuantityByGroup": {
					"code": "casuariidae-*",
					"maxQuantity": 1
				},
				"chanceByType": {
					"*": 0.0
				}
			}
		}
	}
}