{
	"editor": {
		"allAngles": true,
		"entityTextureMode": false
	},
	"textureWidth": 16,
	"textureHeight": 16,
	"textureSizes": {
	},
	"textures": {
		"birch": "game:block/wood/bark/birch",
		"birch2": "game:block/wood/charred"
	},
	"elements": [
		{
			"name": "origin",
			"from": [ 2.0, 0.0, 8.0 ],
			"to": [ 2.0, 0.0, 8.0 ],
			"rotationOrigin": [ 8.0, 0.0, 8.0 ],
			"rotationY": -90.0,
			"faces": {
			},
			"attachmentpoints": [
				{
					"code": "basket",
					"posX": "-4.0","posY": "7.0","posZ": "0.0",
					"rotationX": "0.0","rotationY": "0.0","rotationZ": "0.0"
				}
			]
		},
		{
			"name": "dugoutside",
			"from": [ -2.0, 0.0, 16.0 ],
			"to": [ 1.0, 7.0, 32.0 ],
			"rotationOrigin": [ -2.0, 0.0, 16.0 ],
			"rotationZ": 3.0,
			"faces": {
				"north": { "texture": "#birch", "uv": [ 0.0, 0.0, 3.0, 7.0 ] },
				"east": { "texture": "#birch", "uv": [ 0.0, 0.0, 16.0, 7.0 ] },
				"south": { "texture": "#birch", "uv": [ 0.0, 0.0, 3.0, 7.0 ] },
				"west": { "texture": "#birch", "uv": [ 0.0, 0.0, 16.0, 7.0 ] },
				"up": { "texture": "#birch", "uv": [ 0.0, 0.0, 3.0, 16.0 ] },
				"down": { "texture": "#birch", "uv": [ 0.0, 0.0, 3.0, 16.0 ] }
			},
			"children": [
				{
					"name": "dugoutside2",
					"from": [ 0.0, 0.0, -16.0 ],
					"to": [ 3.0, 8.0, 0.0 ],
					"rotationOrigin": [ 0.0, 0.0, -16.0 ],
					"faces": {
						"north": { "texture": "#birch", "uv": [ 0.0, 0.0, 3.0, 8.0 ] },
						"east": { "texture": "#birch", "uv": [ 0.0, 0.0, 16.0, 8.0 ] },
						"south": { "texture": "#birch", "uv": [ 0.0, 0.0, 3.0, 8.0 ] },
						"west": { "texture": "#birch", "uv": [ 0.0, 0.0, 16.0, 8.0 ] },
						"up": { "texture": "#birch", "uv": [ 0.0, 0.0, 3.0, 16.0 ] },
						"down": { "texture": "#birch", "uv": [ 0.0, 0.0, 3.0, 16.0 ] }
					}
				},
				{
					"name": "dugoutside3",
					"from": [ 0.0, 0.0, -32.0 ],
					"to": [ 3.0, 7.0, -16.0 ],
					"rotationOrigin": [ 0.0, 0.0, -32.0 ],
					"faces": {
						"north": { "texture": "#birch", "uv": [ 0.0, 0.0, 3.0, 7.0 ] },
						"east": { "texture": "#birch", "uv": [ 0.0, 0.0, 16.0, 7.0 ] },
						"south": { "texture": "#birch", "uv": [ 0.0, 0.0, 3.0, 7.0 ] },
						"west": { "texture": "#birch", "uv": [ 0.0, 0.0, 16.0, 7.0 ] },
						"up": { "texture": "#birch", "uv": [ 0.0, 0.0, 3.0, 16.0 ] },
						"down": { "texture": "#birch", "uv": [ 0.0, 0.0, 3.0, 16.0 ] }
					}
				}
			]
		},
		{
			"name": "dugoutside4",
			"from": [ 15.0, 0.0, 16.0 ],
			"to": [ 18.0, 8.0, 32.0 ],
			"rotationOrigin": [ 15.0, 0.0, 16.0 ],
			"rotationZ": -3.0,
			"faces": {
				"north": { "texture": "#birch", "uv": [ 0.0, 0.0, 3.0, 8.0 ] },
				"east": { "texture": "#birch", "uv": [ 0.0, 0.0, 16.0, 8.0 ] },
				"south": { "texture": "#birch", "uv": [ 0.0, 0.0, 3.0, 8.0 ] },
				"west": { "texture": "#birch", "uv": [ 0.0, 0.0, 16.0, 8.0 ] },
				"up": { "texture": "#birch", "uv": [ 0.0, 0.0, 3.0, 16.0 ] },
				"down": { "texture": "#birch", "uv": [ 0.0, 0.0, 3.0, 16.0 ] }
			},
			"children": [
				{
					"name": "dugoutside5",
					"from": [ 0.0, 0.0, -16.0 ],
					"to": [ 3.0, 7.0, 0.0 ],
					"rotationOrigin": [ 0.0, 0.0, -16.0 ],
					"faces": {
						"north": { "texture": "#birch", "uv": [ 0.0, 0.0, 3.0, 7.0 ] },
						"east": { "texture": "#birch", "uv": [ 0.0, 0.0, 16.0, 7.0 ] },
						"south": { "texture": "#birch", "uv": [ 0.0, 0.0, 3.0, 7.0 ] },
						"west": { "texture": "#birch", "uv": [ 0.0, 0.0, 16.0, 7.0 ] },
						"up": { "texture": "#birch", "uv": [ 0.0, 0.0, 3.0, 16.0 ] },
						"down": { "texture": "#birch", "uv": [ 0.0, 0.0, 3.0, 16.0 ] }
					}
				},
				{
					"name": "dugoutside6",
					"from": [ 0.0, 0.0, -32.0 ],
					"to": [ 3.0, 8.0, -16.0 ],
					"rotationOrigin": [ 0.0, 0.0, -32.0 ],
					"faces": {
						"north": { "texture": "#birch", "uv": [ 0.0, 0.0, 3.0, 8.0 ] },
						"east": { "texture": "#birch", "uv": [ 0.0, 0.0, 16.0, 8.0 ] },
						"south": { "texture": "#birch", "uv": [ 0.0, 0.0, 3.0, 8.0 ] },
						"west": { "texture": "#birch", "uv": [ 0.0, 0.0, 16.0, 8.0 ] },
						"up": { "texture": "#birch", "uv": [ 0.0, 0.0, 3.0, 16.0 ] },
						"down": { "texture": "#birch", "uv": [ 0.0, 0.0, 3.0, 16.0 ] }
					}
				}
			]
		},
		{
			"name": "dugoutside7",
			"from": [ 0.0, 0.0, 30.0 ],
			"to": [ 16.0, 9.0, 33.0 ],
			"rotationOrigin": [ 0.0, 0.0, 30.0 ],
			"rotationX": 3.0,
			"faces": {
				"north": { "texture": "#birch", "uv": [ 0.0, 0.0, 16.0, 9.0 ] },
				"east": { "texture": "#birch", "uv": [ 0.0, 0.0, 3.0, 9.0 ] },
				"south": { "texture": "#birch", "uv": [ 0.0, 0.0, 16.0, 9.0 ] },
				"west": { "texture": "#birch", "uv": [ 0.0, 0.0, 3.0, 9.0 ] },
				"up": { "texture": "#birch", "uv": [ 0.0, 0.0, 16.0, 3.0 ] },
				"down": { "texture": "#birch", "uv": [ 0.0, 0.0, 16.0, 3.0 ] }
			}
		},
		{
			"name": "dugoutside8",
			"from": [ 0.0, 0.0, -17.0 ],
			"to": [ 16.0, 10.0, -14.0 ],
			"rotationOrigin": [ 0.0, 0.0, -17.0 ],
			"rotationX": -3.0,
			"faces": {
				"north": { "texture": "#birch", "uv": [ 0.0, 0.0, 16.0, 10.0 ] },
				"east": { "texture": "#birch", "uv": [ 0.0, 0.0, 3.0, 10.0 ] },
				"south": { "texture": "#birch", "uv": [ 0.0, 0.0, 16.0, 10.0 ] },
				"west": { "texture": "#birch", "uv": [ 0.0, 0.0, 3.0, 10.0 ] },
				"up": { "texture": "#birch", "uv": [ 0.0, 0.0, 16.0, 3.0 ] },
				"down": { "texture": "#birch", "uv": [ 0.0, 0.0, 16.0, 3.0 ] }
			}
		},
		{
			"name": "dugoutside10",
			"from": [ 0.0, -1.0, 0.0 ],
			"to": [ 16.0, 4.0, 16.0 ],
			"rotationOrigin": [ 0.0, -1.0, 0.0 ],
			"faces": {
				"north": { "texture": "#birch2", "uv": [ 0.0, 0.0, 16.0, 5.0 ] },
				"east": { "texture": "#birch2", "uv": [ 0.0, 0.0, 16.0, 5.0 ] },
				"south": { "texture": "#birch2", "uv": [ 0.0, 0.0, 16.0, 5.0 ] },
				"west": { "texture": "#birch2", "uv": [ 0.0, 0.0, 16.0, 5.0 ] },
				"up": { "texture": "#birch2", "uv": [ 0.0, 0.0, 16.0, 16.0 ] },
				"down": { "texture": "#birch2", "uv": [ 0.0, 0.0, 16.0, 16.0 ] }
			}
		},
		{
			"name": "dugoutside11",
			"from": [ 0.0, -1.0, 16.0 ],
			"to": [ 16.0, 5.0, 32.0 ],
			"rotationOrigin": [ 0.0, -1.0, 16.0 ],
			"faces": {
				"north": { "texture": "#birch2", "uv": [ 0.0, 0.0, 16.0, 6.0 ] },
				"east": { "texture": "#birch2", "uv": [ 0.0, 0.0, 16.0, 6.0 ] },
				"south": { "texture": "#birch2", "uv": [ 0.0, 0.0, 16.0, 6.0 ] },
				"west": { "texture": "#birch2", "uv": [ 0.0, 0.0, 16.0, 6.0 ] },
				"up": { "texture": "#birch2", "uv": [ 0.0, 0.0, 16.0, 16.0 ] },
				"down": { "texture": "#birch2", "uv": [ 0.0, 0.0, 16.0, 16.0 ] }
			}
		},
		{
			"name": "dugoutside12",
			"from": [ 0.0, -1.0, -15.0 ],
			"to": [ 16.0, 4.0, 1.0 ],
			"rotationOrigin": [ 0.0, -1.0, -15.0 ],
			"faces": {
				"north": { "texture": "#birch2", "uv": [ 0.0, 0.0, 16.0, 5.0 ] },
				"east": { "texture": "#birch2", "uv": [ 0.0, 0.0, 16.0, 5.0 ] },
				"south": { "texture": "#birch2", "uv": [ 0.0, 0.0, 16.0, 5.0 ] },
				"west": { "texture": "#birch2", "uv": [ 0.0, 0.0, 16.0, 5.0 ] },
				"up": { "texture": "#birch2", "uv": [ 0.0, 0.0, 16.0, 16.0 ] },
				"down": { "texture": "#birch2", "uv": [ 0.0, 0.0, 16.0, 16.0 ] }
			}
		}
	]}