{
	"editor": {
		"allAngles": false,
		"entityTextureMode": false
	},
	"textureWidth": 16,
	"textureHeight": 16,
	"textureSizes": {
	},
	"textures": {
		"bluepaintedwornsteelplate": "block/metal/bluepaintedwornsteelplate"
	},
	"elements": [
		{
			"name": "origin",
			"from": [ 2.0, 0.0, 8.0 ],
			"to": [ 2.0, 0.0, 8.0 ],
			"rotationOrigin": [ 8.0, 0.0, 8.0 ],
			"rotationY": -90.0,
			"faces": {
			},
			"children": [
				{
					"name": "origin2",
					"from": [ 0.0, 0.0, 0.0 ],
					"to": [ 0.0, 0.0, 0.0 ],
					"rotationOrigin": [ 6.0, 0.0, 0.0 ],
					"rotationX": -180.0,
					"rotationY": 0.0,
					"rotationZ": -180.0,
					"faces": {
					},
					"children": [
						{
							"name": "Motorboat4",
							"from": [ -26.0, 0.0, -5.0 ],
							"to": [ 37.0, 3.0, 5.0 ],
							"rotationOrigin": [ -26.0, 0.0, -5.0 ],
							"faces": {
								"north": { "texture": "#bluepaintedwornsteelplate", "uv": [ 0.0, 0.0, 16.0, 3.0 ], "autoUv": false },
								"east": { "texture": "#bluepaintedwornsteelplate", "uv": [ 0.0, 0.0, 10.0, 3.0 ] },
								"south": { "texture": "#bluepaintedwornsteelplate", "uv": [ 0.0, 0.0, 16.0, 3.0 ], "autoUv": false },
								"west": { "texture": "#bluepaintedwornsteelplate", "uv": [ 0.0, 0.0, 10.0, 3.0 ] },
								"up": { "texture": "#bluepaintedwornsteelplate", "uv": [ 0.0, 0.0, 16.0, 10.0 ], "autoUv": false },
								"down": { "texture": "#bluepaintedwornsteelplate", "uv": [ 0.0, 0.0, 16.0, 10.0 ], "autoUv": false }
							},
							"children": [
								{
									"name": "Cube4",
									"from": [ 57.0, 9.0, 1.0 ],
									"to": [ 68.0, 15.0, 9.0 ],
									"rotationOrigin": [ 57.0, 9.0, 1.0 ],
									"faces": {
										"north": { "texture": "#bluepaintedwornsteelplate", "uv": [ 0.0, 0.0, 11.0, 6.0 ] },
										"east": { "texture": "#bluepaintedwornsteelplate", "uv": [ 0.0, 0.0, 8.0, 6.0 ] },
										"south": { "texture": "#bluepaintedwornsteelplate", "uv": [ 0.0, 0.0, 11.0, 6.0 ] },
										"west": { "texture": "#bluepaintedwornsteelplate", "uv": [ 0.0, 0.0, 8.0, 6.0 ] },
										"up": { "texture": "#bluepaintedwornsteelplate", "uv": [ 0.0, 0.0, 11.0, 8.0 ] },
										"down": { "texture": "#bluepaintedwornsteelplate", "uv": [ 0.0, 0.0, 11.0, 8.0 ] }
									}
								},
								{
									"name": "Cube5",
									"from": [ 58.0, 2.0, 3.0 ],
									"to": [ 62.0, 9.0, 7.0 ],
									"rotationOrigin": [ 58.0, 2.0, 3.0 ],
									"faces": {
										"north": { "texture": "#bluepaintedwornsteelplate", "uv": [ 0.0, 0.0, 4.0, 7.0 ] },
										"east": { "texture": "#bluepaintedwornsteelplate", "uv": [ 0.0, 0.0, 4.0, 7.0 ] },
										"south": { "texture": "#bluepaintedwornsteelplate", "uv": [ 0.0, 0.0, 4.0, 7.0 ] },
										"west": { "texture": "#bluepaintedwornsteelplate", "uv": [ 0.0, 0.0, 4.0, 7.0 ] },
										"up": { "texture": "#bluepaintedwornsteelplate", "uv": [ 0.0, 0.0, 4.0, 4.0 ] },
										"down": { "texture": "#bluepaintedwornsteelplate", "uv": [ 0.0, 0.0, 4.0, 4.0 ] }
									}
								}
							]
						},
						{
							"name": "Motorboat5",
							"from": [ -26.0, 0.0, 5.0 ],
							"to": [ 37.0, 3.0, 15.0 ],
							"rotationOrigin": [ -26.0, 0.0, 5.0 ],
							"rotationX": -22.5,
							"faces": {
								"north": { "texture": "#bluepaintedwornsteelplate", "uv": [ 0.0, 0.0, 16.0, 3.0 ], "autoUv": false },
								"east": { "texture": "#bluepaintedwornsteelplate", "uv": [ 0.0, 0.0, 10.0, 3.0 ] },
								"south": { "texture": "#bluepaintedwornsteelplate", "uv": [ 0.0, 0.0, 16.0, 3.0 ], "autoUv": false },
								"west": { "texture": "#bluepaintedwornsteelplate", "uv": [ 0.0, 0.0, 10.0, 3.0 ] },
								"up": { "texture": "#bluepaintedwornsteelplate", "uv": [ 0.0, 0.0, 16.0, 10.0 ], "autoUv": false },
								"down": { "texture": "#bluepaintedwornsteelplate", "uv": [ 0.0, 0.0, 16.0, 10.0 ], "autoUv": false }
							}
						},
						{
							"name": "Motorboat6",
							"from": [ -26.0, 3.75, -14.0 ],
							"to": [ 37.0, 6.75, -4.0 ],
							"rotationOrigin": [ -26.0, 4.0, -14.0 ],
							"rotationX": 22.5,
							"faces": {
								"north": { "texture": "#bluepaintedwornsteelplate", "uv": [ 0.0, 0.0, 16.0, 3.0 ], "autoUv": false },
								"east": { "texture": "#bluepaintedwornsteelplate", "uv": [ 0.0, 0.0, 10.0, 3.0 ] },
								"south": { "texture": "#bluepaintedwornsteelplate", "uv": [ 0.0, 0.0, 16.0, 3.0 ], "autoUv": false },
								"west": { "texture": "#bluepaintedwornsteelplate", "uv": [ 0.0, 0.0, 10.0, 3.0 ] },
								"up": { "texture": "#bluepaintedwornsteelplate", "uv": [ 0.0, 0.0, 16.0, 10.0 ], "autoUv": false },
								"down": { "texture": "#bluepaintedwornsteelplate", "uv": [ 0.0, 0.0, 16.0, 10.0 ], "autoUv": false }
							}
						},
						{
							"name": "Spar4",
							"from": [ -26.0, 3.0, -12.0 ],
							"to": [ -25.0, 6.0, 12.0 ],
							"rotationOrigin": [ -26.0, 3.0, -12.0 ],
							"faces": {
								"north": { "texture": "#bluepaintedwornsteelplate", "uv": [ 0.0, 0.0, 1.0, 3.0 ] },
								"east": { "texture": "#bluepaintedwornsteelplate", "uv": [ 0.0, 0.0, 16.0, 3.0 ], "autoUv": false },
								"south": { "texture": "#bluepaintedwornsteelplate", "uv": [ 0.0, 0.0, 1.0, 3.0 ] },
								"west": { "texture": "#bluepaintedwornsteelplate", "uv": [ 0.0, 0.0, 16.0, 3.0 ], "autoUv": false },
								"up": { "texture": "#bluepaintedwornsteelplate", "uv": [ 0.0, 0.0, 1.0, 16.0 ], "autoUv": false },
								"down": { "texture": "#bluepaintedwornsteelplate", "uv": [ 0.0, 0.0, 1.0, 16.0 ], "autoUv": false }
							}
						},
						{
							"name": "Spar5",
							"from": [ 31.0, 3.0, -12.0 ],
							"to": [ 32.0, 6.0, 12.0 ],
							"rotationOrigin": [ 31.0, 3.0, -12.0 ],
							"faces": {
								"north": { "texture": "#bluepaintedwornsteelplate", "uv": [ 0.0, 0.0, 1.0, 3.0 ] },
								"east": { "texture": "#bluepaintedwornsteelplate", "uv": [ 0.0, 0.0, 16.0, 3.0 ], "autoUv": false },
								"south": { "texture": "#bluepaintedwornsteelplate", "uv": [ 0.0, 0.0, 1.0, 3.0 ] },
								"west": { "texture": "#bluepaintedwornsteelplate", "uv": [ 0.0, 0.0, 16.0, 3.0 ], "autoUv": false },
								"up": { "texture": "#bluepaintedwornsteelplate", "uv": [ 0.0, 0.0, 1.0, 16.0 ], "autoUv": false },
								"down": { "texture": "#bluepaintedwornsteelplate", "uv": [ 0.0, 0.0, 1.0, 16.0 ], "autoUv": false }
							}
						},
						{
							"name": "Spar6",
							"from": [ 37.0, 3.0, -12.0 ],
							"to": [ 38.0, 6.0, 12.0 ],
							"rotationOrigin": [ 37.0, 3.0, -12.0 ],
							"faces": {
								"north": { "texture": "#bluepaintedwornsteelplate", "uv": [ 0.0, 0.0, 1.0, 3.0 ] },
								"east": { "texture": "#bluepaintedwornsteelplate", "uv": [ 0.0, 0.0, 16.0, 3.0 ], "autoUv": false },
								"south": { "texture": "#bluepaintedwornsteelplate", "uv": [ 0.0, 0.0, 1.0, 3.0 ] },
								"west": { "texture": "#bluepaintedwornsteelplate", "uv": [ 0.0, 0.0, 16.0, 3.0 ], "autoUv": false },
								"up": { "texture": "#bluepaintedwornsteelplate", "uv": [ 0.0, 0.0, 1.0, 16.0 ], "autoUv": false },
								"down": { "texture": "#bluepaintedwornsteelplate", "uv": [ 0.0, 0.0, 1.0, 16.0 ], "autoUv": false }
							}
						}
					]
				}
			],
			"attachmentpoints": [
				{
					"code": "basket",
					"posX": "-4.0","posY": "7.0","posZ": "0.0",
					"rotationX": "0.0","rotationY": "0.0","rotationZ": "0.0"
				}
			]
		}
	]}