{
	"editor": {
		"allAngles": true,
		"entityTextureMode": true
	},
	"textureWidth": 64,
	"textureHeight": 92,
	"textureSizes": {
		"bottom": [16,16],
		"skin": [64,92]
	},
	"textures": {
	},
	"elements": [
		{
			"name": "Rotation Point",
			"from": [ 0.0, 16.0, 0.0 ],
			"to": [ 0.0, 16.0, 0.0 ],
			"uv": [ 0.0, 0.0 ],
			"rotationOrigin": [ 0.0, 16.0, 0.0 ],
			"rotationZ": -90.0,
			"faces": {
			},
			"children": [
				{
					"name": "Base",
					"from": [ 0.0, 0.0, 8.0 ],
					"to": [ 0.0, 0.0, 8.0 ],
					"uv": [ 0.0, 0.0 ],
					"rotationOrigin": [ 0.0, 0.0, 8.0 ],
					"faces": {
					},
					"children": [
						{
							"name": "PeltBody",
							"from": [ 2.16, 0.0, -1.782 ],
							"to": [ 6.21, 0.2268, 1.782 ],
							"unwrapMode": 5,
							"autoUnwrap": false,
							"uv": [ 0.0, 9.0 ],
							"rotationOrigin": [ 2.16, 0.0, -1.782 ],
							"faces": {
								"north": { "texture": "#skin", "uv": [ 16.0, 47.5, 16.5, 55.0 ], "rotation": 90, "autoUv": false, "windMode": [-1,-1,-1,-1] },
								"east": { "texture": "#skin", "uv": [ 3.0, 69.0, 9.5, 69.5 ], "autoUv": false, "windMode": [-1,-1,-1,-1] },
								"south": { "texture": "#skin", "uv": [ 9.0, 47.5, 9.5, 55.0 ], "rotation": 90, "autoUv": false, "windMode": [-1,-1,-1,-1] },
								"west": { "texture": "#skin", "uv": [ 9.5, 47.0, 16.0, 47.5 ], "autoUv": false, "windMode": [-1,-1,-1,-1] },
								"up": { "texture": "#skin", "uv": [ 9.5, 47.5, 16.0, 55.0 ], "rotation": 270, "autoUv": false, "windMode": [-1,-1,-1,-1] },
								"down": { "texture": "#bottom", "uv": [ 5.0, 8.5, 12.5, 15.0 ], "autoUv": false, "windMode": [-1,-1,-1,-1] }
							},
							"children": [
								{
									"name": "LBody",
									"from": [ 0.0, 0.0054, 3.348 ],
									"to": [ 4.05, 0.2214, 6.858 ],
									"unwrapMode": 5,
									"autoUnwrap": false,
									"uv": [ 0.0, 2.5 ],
									"rotationOrigin": [ 0.0, -0.0054, 3.348 ],
									"rotationY": -3.0,
									"faces": {
										"east": { "texture": "#skin", "uv": [ 3.0, 69.0, 3.5, 75.5 ], "rotation": 270, "autoUv": false, "windMode": [-1,-1,-1,-1] },
										"south": { "texture": "#skin", "uv": [ 2.0, 47.5, 2.5, 55.0 ], "rotation": 270, "autoUv": false, "windMode": [-1,-1,-1,-1] },
										"west": { "texture": "#skin", "uv": [ 9.5, 41.0, 10.0, 47.5 ], "rotation": 90, "autoUv": false, "windMode": [-1,-1,-1,-1] },
										"up": { "texture": "#skin", "uv": [ 2.5, 47.5, 9.0, 55.0 ], "rotation": 270, "autoUv": false, "windMode": [-1,-1,-1,-1] },
										"down": { "texture": "#bottom", "uv": [ 4.5, 2.0, 12.0, 8.5 ], "autoUv": false }
									},
									"children": [
										{
											"name": "LArm",
											"from": [ 0.0, 0.0054, 2.43 ],
											"to": [ 1.62, 0.2106, 5.616 ],
											"unwrapMode": 5,
											"autoUnwrap": false,
											"uv": [ 1.0, 27.0 ],
											"rotationOrigin": [ 0.0, 0.0054, 2.43 ],
											"rotationY": -30.0,
											"faces": {
												"east": { "texture": "#skin", "uv": [ 38.0, 17.0, 38.5, 22.5 ], "rotation": 90, "autoUv": false, "windMode": [-1,-1,-1,-1] },
												"south": { "texture": "#skin", "uv": [ 35.0, 22.5, 38.0, 23.0 ], "autoUv": false, "windMode": [-1,-1,-1,-1] },
												"west": { "texture": "#skin", "uv": [ 34.5, 17.0, 35.0, 22.5 ], "rotation": 270, "autoUv": false, "windMode": [-1,-1,-1,-1] },
												"up": { "texture": "#skin", "uv": [ 35.0, 17.0, 38.0, 22.5 ], "autoUv": false, "windMode": [-1,-1,-1,-1] },
												"down": { "texture": "#bottom", "uv": [ 2.0, 11.0, 5.0, 16.5 ], "autoUv": false, "windMode": [-1,-1,-1,-1] }
											},
											"children": [
												{
													"name": "LArmLower",
													"from": [ 1.62, 0.0054, 0.0 ],
													"to": [ 2.16, 0.1998, 3.186 ],
													"unwrapMode": 5,
													"autoUnwrap": false,
													"uv": [ 3.0, 27.0 ],
													"rotationOrigin": [ 2.16, 0.0054, 0.0 ],
													"rotationY": -10.0,
													"faces": {
														"east": { "texture": "#skin", "uv": [ 40.0, 17.0, 40.5, 22.5 ], "rotation": 90, "autoUv": false },
														"south": { "texture": "#skin", "uv": [ 37.5, 22.5, 38.5, 23.0 ], "autoUv": false, "windMode": [-1,-1,-1,-1] },
														"up": { "texture": "#skin", "uv": [ 38.5, 17.0, 39.5, 22.5 ], "autoUv": false, "windMode": [-1,-1,-1,-1] },
														"down": { "texture": "#bottom", "uv": [ 1.5, 9.0, 2.5, 14.5 ], "autoUv": false, "windMode": [-1,-1,-1,-1] }
													}
												}
											]
										}
									]
								},
								{
									"name": "RBody",
									"from": [ 0.0, -0.2214, 0.216 ],
									"to": [ 4.05, -0.0054, 3.726 ],
									"unwrapMode": 6,
									"autoUnwrap": false,
									"uv": [ 0.0, 9.0 ],
									"rotationOrigin": [ 0.0, 0.0, 0.216 ],
									"rotationX": 180.0,
									"rotationY": -3.0,
									"faces": {
										"east": { "texture": "#skin", "uv": [ 9.0, 69.0, 9.5, 75.5 ], "rotation": 90, "autoUv": false },
										"south": { "texture": "#skin", "uv": [ 23.0, 47.5, 23.5, 55.0 ], "rotation": 270, "autoUv": false, "windMode": [-1,-1,-1,-1] },
										"west": { "texture": "#skin", "uv": [ 15.5, 41.0, 16.0, 47.5 ], "rotation": 270, "autoUv": false, "windMode": [-1,-1,-1,-1] },
										"up": { "texture": "#bottom", "uv": [ 7.0, 6.5, 14.5, 13.0 ], "autoUv": false, "windMode": [-1,-1,-1,-1] },
										"down": { "texture": "#skin", "uv": [ 16.5, 47.5, 23.0, 55.0 ], "rotation": 90, "autoUv": false, "windMode": [-1,-1,-1,-1] }
									},
									"children": [
										{
											"name": "RArm",
											"from": [ 0.0, 0.0054, 2.43 ],
											"to": [ 1.62, 0.2106, 5.616 ],
											"unwrapMode": 6,
											"autoUnwrap": false,
											"uv": [ 2.5, 14.0 ],
											"rotationOrigin": [ 0.0, 0.2106, 2.43 ],
											"rotationY": -30.0,
											"faces": {
												"east": { "texture": "#skin", "uv": [ 54.0, 17.0, 54.5, 22.5 ], "rotation": 90, "autoUv": false },
												"south": { "texture": "#skin", "uv": [ 51.5, 22.5, 54.5, 23.0 ], "rotation": 180, "autoUv": false, "windMode": [-1,-1,-1,-1] },
												"west": { "texture": "#skin", "uv": [ 50.5, 17.0, 51.0, 22.5 ], "rotation": 270, "autoUv": false, "windMode": [-1,-1,-1,-1] },
												"up": { "texture": "#bottom", "uv": [ 4.5, 14.0, 7.5, 19.5 ], "autoUv": false, "windMode": [-1,-1,-1,-1] },
												"down": { "texture": "#skin", "uv": [ 51.0, 17.0, 54.0, 22.5 ], "autoUv": false, "windMode": [-1,-1,-1,-1] }
											},
											"children": [
												{
													"name": "RArmLower",
													"from": [ 1.62, 0.0054, 0.0 ],
													"to": [ 2.16, 0.1998, 3.186 ],
													"unwrapMode": 5,
													"autoUnwrap": false,
													"uv": [ 4.5, 6.5 ],
													"rotationOrigin": [ 2.16, 0.1998, 0.0 ],
													"rotationY": -10.0,
													"faces": {
														"east": { "texture": "#skin", "uv": [ 49.0, 17.0, 49.5, 22.5 ], "rotation": 90, "autoUv": false, "windMode": [-1,-1,-1,-1] },
														"south": { "texture": "#skin", "uv": [ 51.0, 22.5, 52.0, 23.0 ], "autoUv": false, "windMode": [-1,-1,-1,-1] },
														"up": { "texture": "#bottom", "uv": [ 4.5, 6.5, 5.5, 12.0 ], "autoUv": false, "windMode": [-1,-1,-1,-1] },
														"down": { "texture": "#skin", "uv": [ 49.5, 17.0, 50.5, 22.5 ], "autoUv": false, "windMode": [-1,-1,-1,-1] }
													}
												}
											]
										}
									]
								},
								{
									"name": "Neck",
									"from": [ -2.43, 0.0, 0.567 ],
									"to": [ 0.0, 0.2376, 2.943 ],
									"unwrapMode": 7,
									"unwrapRotation": 1,
									"autoUnwrap": false,
									"uv": [ 7.5, 7.0 ],
									"rotationOrigin": [ -1.296, 0.0, 0.567 ],
									"faces": {
										"north": { "texture": "#skin", "uv": [ 10.5, 6.5, 11.0, 11.0 ], "rotation": 90, "autoUv": false, "windMode": [-1,-1,-1,-1] },
										"south": { "texture": "#skin", "uv": [ 6.0, 6.5, 6.5, 11.0 ], "rotation": 270, "autoUv": false, "windMode": [-1,-1,-1,-1] },
										"west": { "texture": "#skin", "uv": [ 6.5, 6.0, 10.5, 6.5 ], "rotation": 180, "autoUv": false, "windMode": [-1,-1,-1,-1] },
										"up": { "texture": "#skin", "uv": [ 6.5, 6.5, 10.5, 11.0 ], "rotation": 270, "autoUv": false, "windMode": [-1,-1,-1,-1] },
										"down": { "texture": "#bottom", "uv": [ 0.0, 1.0, 4.0, 5.5 ], "rotation": 90, "autoUv": false }
									},
									"children": [
										{
											"name": "RNeck",
											"from": [ 0.0, -0.1944, -1.62 ],
											"to": [ 2.43, 0.0108, 0.81 ],
											"unwrapMode": 6,
											"autoUnwrap": false,
											"uv": [ 12.5, 7.0 ],
											"rotationOrigin": [ 1.62, 0.0108, -0.54 ],
											"rotationX": -180.0,
											"rotationY": 75.0,
											"faces": {
												"north": { "texture": "#skin", "uv": [ 9.5, 2.0, 10.0, 6.5 ], "rotation": 90, "autoUv": false, "windMode": [-1,-1,-1,-1] },
												"west": { "texture": "#skin", "uv": [ 17.5, 7.5, 18.0, 12.0 ], "rotation": 270, "autoUv": false, "windMode": [-1,-1,-1,-1] },
												"up": { "texture": "#bottom", "uv": [ 10.5, 5.0, 15.0, 9.5 ], "autoUv": false, "windMode": [-1,-1,-1,-1] },
												"down": { "texture": "#skin", "uv": [ 10.5, 6.5, 15.0, 11.0 ], "autoUv": false, "windMode": [-1,-1,-1,-1] }
											}
										},
										{
											"name": "LNeck",
											"from": [ 0.0, 0.0108, 1.836 ],
											"to": [ 2.43, 0.216, 4.266 ],
											"unwrapMode": 7,
											"autoUnwrap": false,
											"uv": [ -2.5, 1.5 ],
											"rotationOrigin": [ 1.62, 0.0108, 2.916 ],
											"rotationY": 75.0,
											"faces": {
												"north": { "texture": "#skin", "uv": [ 7.0, 2.0, 7.5, 6.5 ], "rotation": 90, "autoUv": false, "windMode": [-1,-1,-1,-1] },
												"west": { "texture": "#skin", "uv": [ 2.0, 6.5, 2.5, 11.0 ], "rotation": 270, "autoUv": false, "windMode": [-1,-1,-1,-1] },
												"up": { "texture": "#skin", "uv": [ 2.5, 6.5, 7.0, 11.0 ], "autoUv": false, "windMode": [-1,-1,-1,-1] },
												"down": { "texture": "#bottom", "uv": [ 3.0, 1.5, 7.5, 6.0 ], "autoUv": false, "windMode": [-1,-1,-1,-1] }
											}
										},
										{
											"name": "Head",
											"from": [ -1.458, 0.0, -0.324 ],
											"to": [ 0.702, 0.243, 2.592 ],
											"unwrapMode": 5,
											"unwrapRotation": 1,
											"autoUnwrap": false,
											"uv": [ 18.5, 80.5 ],
											"rotationOrigin": [ -0.108, 0.0, -0.324 ],
											"faces": {
												"north": { "texture": "#skin", "uv": [ 18.5, 81.5, 19.0, 85.5 ], "rotation": 270, "autoUv": false, "windMode": [-1,-1,-1,-1] },
												"east": { "texture": "#skin", "uv": [ 19.0, 80.5, 24.0, 81.0 ], "rotation": 180, "autoUv": false, "windMode": [-1,-1,-1,-1] },
												"south": { "texture": "#skin", "uv": [ 24.0, 81.5, 24.5, 85.5 ], "rotation": 90, "autoUv": false, "windMode": [-1,-1,-1,-1] },
												"west": { "texture": "#skin", "uv": [ 19.0, 85.0, 24.0, 85.5 ], "autoUv": false, "windMode": [-1,-1,-1,-1] },
												"up": { "texture": "#skin", "uv": [ 19.0, 81.0, 24.0, 85.0 ], "rotation": 90, "autoUv": false, "windMode": [-1,-1,-1,-1] },
												"down": { "texture": "#bottom", "uv": [ 10.5, 1.0, 15.5, 5.0 ], "rotation": 270, "autoUv": false, "windMode": [-1,-1,-1,-1] }
											},
											"children": [
												{
													"name": "Nose bridge",
													"from": [ -1.188, 0.0, 0.918 ],
													"to": [ 0.54, 0.27, 1.944 ],
													"unwrapMode": 5,
													"unwrapRotation": 1,
													"autoUnwrap": false,
													"uv": [ 25.0, 68.5 ],
													"rotationOrigin": [ 0.216, 0.0, 0.918 ],
													"faces": {
														"north": { "texture": "#skin", "uv": [ 17.0, 28.5, 17.5, 31.5 ], "rotation": 270, "autoUv": false, "windMode": [-1,-1,-1,-1] },
														"south": { "texture": "#skin", "uv": [ 19.0, 28.5, 19.5, 31.5 ], "rotation": 90, "autoUv": false, "windMode": [-1,-1,-1,-1] },
														"west": { "texture": "#skin", "uv": [ 17.5, 31.5, 19.0, 32.0 ], "autoUv": false, "windMode": [-1,-1,-1,-1] },
														"up": { "texture": "#skin", "uv": [ 17.5, 28.5, 19.0, 31.5 ], "rotation": 90, "autoUv": false, "windMode": [-1,-1,-1,-1] },
														"down": { "texture": "#bottom", "uv": [ 7.0, 5.0, 8.5, 8.0 ], "rotation": 270, "autoUv": false }
													},
													"children": [
														{
															"name": "Right jaw",
															"from": [ -0.054, 0.0, -0.324 ],
															"to": [ 1.836, 0.216, 0.486 ],
															"unwrapMode": 7,
															"unwrapRotation": 1,
															"autoUnwrap": false,
															"uv": [ 2.5, 89.0 ],
															"rotationOrigin": [ 1.35, 0.0, -0.324 ],
															"faces": {
																"north": { "texture": "#skin", "uv": [ 8.5, 34.5, 9.0, 38.0 ], "rotation": 90, "autoUv": false },
																"south": { "texture": "#skin", "uv": [ 6.5, 34.5, 7.0, 38.0 ], "rotation": 270, "autoUv": false },
																"west": { "texture": "#skin", "uv": [ 7.0, 34.0, 8.5, 34.5 ], "rotation": 180, "autoUv": false },
																"up": { "texture": "#skin", "uv": [ 7.0, 34.5, 8.5, 38.0 ], "rotation": 270, "autoUv": false },
																"down": { "texture": "#bottom", "uv": [ 2.0, 5.0, 3.5, 8.5 ], "rotation": 90, "autoUv": false }
															}
														},
														{
															"name": "Left Jaw",
															"from": [ -0.054, 0.0, 0.594 ],
															"to": [ 1.836, 0.216, 1.404 ],
															"unwrapMode": 7,
															"unwrapRotation": 1,
															"autoUnwrap": false,
															"uv": [ 10.5, 89.0 ],
															"rotationOrigin": [ 1.35, 0.0, 0.594 ],
															"faces": {
																"north": { "texture": "#skin", "uv": [ 16.5, 34.5, 17.0, 38.0 ], "rotation": 90, "autoUv": false },
																"south": { "texture": "#skin", "uv": [ 14.5, 34.5, 15.0, 38.0 ], "rotation": 270, "autoUv": false },
																"west": { "texture": "#skin", "uv": [ 15.0, 34.0, 16.5, 34.5 ], "rotation": 180, "autoUv": false },
																"up": { "texture": "#skin", "uv": [ 15.0, 34.5, 16.5, 38.0 ], "rotation": 270, "autoUv": false },
																"down": { "texture": "#bottom", "uv": [ 3.5, 5.0, 5.0, 8.5 ], "rotation": 90, "autoUv": false }
															}
														}
													]
												}
											]
										}
									]
								},
								{
									"name": "PeltAbdomen",
									"from": [ 3.5046, 0.0054, 0.162 ],
									"to": [ 7.8246, 0.2214, 3.402 ],
									"unwrapMode": 7,
									"unwrapRotation": 1,
									"autoUnwrap": false,
									"uv": [ 9.5, 54.5 ],
									"rotationOrigin": [ 3.51, 0.0054, 0.162 ],
									"faces": {
										"north": { "texture": "#skin", "uv": [ 16.0, 55.5, 16.5, 63.5 ], "rotation": 90, "autoUv": false, "windMode": [-1,-1,-1,-1] },
										"east": { "texture": "#skin", "uv": [ 16.5, 69.0, 22.5, 69.5 ], "autoUv": false },
										"south": { "texture": "#skin", "uv": [ 9.5, 55.5, 10.0, 63.5 ], "rotation": 270, "autoUv": false },
										"up": { "texture": "#skin", "uv": [ 10.0, 55.5, 16.0, 63.5 ], "rotation": 270, "autoUv": false },
										"down": { "texture": "#bottom", "uv": [ 8.5, 7.5, 14.5, 15.5 ], "rotation": 90, "autoUv": false, "windMode": [-1,-1,-1,-1] }
									},
									"children": [
										{
											"name": "LAbdomen",
											"from": [ 0.0, 0.0054, 2.97 ],
											"to": [ 4.32, 0.2106, 6.75 ],
											"unwrapMode": 7,
											"unwrapRotation": 1,
											"autoUnwrap": false,
											"uv": [ 2.0, 54.0 ],
											"rotationOrigin": [ 0.0, 0.0054, 2.97 ],
											"rotationY": -3.0,
											"faces": {
												"east": { "texture": "#skin", "uv": [ 16.5, 69.0, 17.0, 76.0 ], "rotation": 90, "autoUv": false },
												"south": { "texture": "#skin", "uv": [ 2.0, 55.5, 2.5, 63.5 ], "rotation": 270, "autoUv": false },
												"west": { "texture": "#skin", "uv": [ 3.0, 69.5, 3.5, 76.5 ], "rotation": 90, "autoUv": false },
												"up": { "texture": "#skin", "uv": [ 2.5, 55.5, 9.5, 63.5 ], "rotation": 270, "autoUv": false },
												"down": { "texture": "#bottom", "uv": [ 3.0, 1.5, 10.0, 9.5 ], "rotation": 90, "autoUv": false, "windMode": [-1,-1,-1,-1] }
											}
										},
										{
											"name": "RAbdomen",
											"from": [ 0.0, -0.1998, 0.27 ],
											"to": [ 4.32, 0.0054, 4.05 ],
											"unwrapMode": 6,
											"unwrapRotation": 1,
											"autoUnwrap": false,
											"uv": [ 16.0, 54.0 ],
											"rotationOrigin": [ 0.0, 0.0054, 0.27 ],
											"rotationX": 180.0,
											"rotationY": -3.0,
											"faces": {
												"east": { "texture": "#skin", "uv": [ 22.0, 69.0, 22.5, 76.0 ], "rotation": 90, "autoUv": false },
												"south": { "texture": "#skin", "uv": [ 23.5, 55.5, 24.0, 63.5 ], "rotation": 270, "autoUv": false },
												"west": { "texture": "#skin", "uv": [ 9.0, 69.0, 9.5, 76.0 ], "rotation": 90, "autoUv": false },
												"up": { "texture": "#bottom", "uv": [ 1.5, 1.5, 8.5, 9.5 ], "rotation": 270, "autoUv": false },
												"down": { "texture": "#skin", "uv": [ 16.5, 55.5, 23.5, 63.5 ], "rotation": 90, "autoUv": false }
											}
										},
										{
											"name": "PeltHip",
											"from": [ 4.32, 0.0, 0.0 ],
											"to": [ 6.75, 0.216, 3.24 ],
											"unwrapMode": 7,
											"unwrapRotation": 1,
											"autoUnwrap": false,
											"uv": [ 9.0, 63.0 ],
											"rotationOrigin": [ 4.3254, 0.0, 0.0 ],
											"faces": {
												"north": { "texture": "#skin", "uv": [ 16.0, 64.0, 16.5, 68.5 ], "rotation": 90, "autoUv": false, "windMode": [-1,-1,-1,-1] },
												"east": { "texture": "#skin", "uv": [ 10.0, 68.5, 16.0, 69.0 ], "autoUv": false, "windMode": [-1,-1,-1,-1] },
												"south": { "texture": "#skin", "uv": [ 9.5, 64.0, 10.0, 68.5 ], "rotation": 270, "autoUv": false, "windMode": [-1,-1,-1,-1] },
												"up": { "texture": "#skin", "uv": [ 10.0, 64.0, 16.0, 68.5 ], "rotation": 270, "autoUv": false, "windMode": [-1,-1,-1,-1] },
												"down": { "texture": "#bottom", "uv": [ 1.5, 11.0, 7.5, 15.5 ], "rotation": 90, "autoUv": false }
											},
											"children": [
												{
													"name": "LHip",
													"from": [ 0.0, 0.0054, 2.97 ],
													"to": [ 2.43, 0.2106, 6.75 ],
													"unwrapMode": 7,
													"unwrapRotation": 1,
													"autoUnwrap": false,
													"uv": [ 2.0, 62.5 ],
													"rotationOrigin": [ 0.0, 0.0054, 2.97 ],
													"rotationY": -3.0,
													"faces": {
														"east": { "texture": "#skin", "uv": [ 10.0, 69.0, 10.5, 76.0 ], "rotation": 90, "autoUv": false },
														"south": { "texture": "#skin", "uv": [ 2.5, 64.0, 3.0, 68.5 ], "rotation": 270, "autoUv": false, "windMode": [-1,-1,-1,-1] },
														"west": { "texture": "#skin", "uv": [ 16.5, 69.0, 17.0, 76.0 ], "rotation": 90, "autoUv": false, "windMode": [-1,-1,-1,-1] },
														"up": { "texture": "#skin", "uv": [ 3.0, 64.0, 10.0, 68.5 ], "rotation": 270, "autoUv": false, "windMode": [-1,-1,-1,-1] },
														"down": { "texture": "#bottom", "uv": [ 0.5, 1.5, 7.5, 6.0 ], "rotation": 90, "autoUv": false, "windMode": [-1,-1,-1,-1] }
													},
													"children": [
														{
															"name": "LLeg",
															"from": [ 0.702, 0.0054, 3.618 ],
															"to": [ 2.484, 0.1998, 5.778 ],
															"unwrapMode": 5,
															"autoUnwrap": false,
															"uv": [ 34.0, 59.0 ],
															"rotationOrigin": [ 0.702, 0.0054, 3.618 ],
															"rotationY": 72.0,
															"faces": {
																"east": { "texture": "#skin", "uv": [ 37.5, 57.5, 38.0, 61.5 ], "rotation": 90, "autoUv": false, "windMode": [-1,-1,-1,-1] },
																"south": { "texture": "#skin", "uv": [ 34.5, 61.5, 37.5, 62.0 ], "autoUv": false, "windMode": [-1,-1,-1,-1] },
																"west": { "texture": "#skin", "uv": [ 34.0, 57.5, 34.5, 61.5 ], "rotation": 270, "autoUv": false, "windMode": [-1,-1,-1,-1] },
																"up": { "texture": "#skin", "uv": [ 34.5, 57.5, 37.5, 61.5 ], "autoUv": false, "windMode": [-1,-1,-1,-1] },
																"down": { "texture": "#bottom", "uv": [ 10.0, 1.5, 13.0, 5.5 ], "autoUv": false, "windMode": [-1,-1,-1,-1] }
															},
															"children": [
																{
																	"name": "LLegEnd",
																	"from": [ 0.054, -0.0054, 1.89 ],
																	"to": [ 1.674, 0.1998, 4.59 ],
																	"unwrapMode": 5,
																	"autoUnwrap": false,
																	"uv": [ 34.5, 68.0 ],
																	"rotationOrigin": [ 0.594, -0.0054, 1.89 ],
																	"rotationY": -14.0,
																	"faces": {
																		"north": { "texture": "#skin", "uv": [ 35.0, 67.0, 38.0, 67.5 ], "rotation": 180, "autoUv": false },
																		"east": { "texture": "#skin", "uv": [ 38.0, 67.5, 38.5, 72.5 ], "rotation": 90, "autoUv": false, "windMode": [-1,-1,-1,-1] },
																		"south": { "texture": "#skin", "uv": [ 35.0, 72.5, 38.0, 73.0 ], "autoUv": false, "windMode": [-1,-1,-1,-1] },
																		"west": { "texture": "#skin", "uv": [ 34.5, 67.5, 35.0, 72.5 ], "rotation": 270, "autoUv": false, "windMode": [-1,-1,-1,-1] },
																		"up": { "texture": "#skin", "uv": [ 35.0, 67.5, 38.0, 72.5 ], "autoUv": false, "windMode": [-1,-1,-1,-1] },
																		"down": { "texture": "#bottom", "uv": [ 12.5, 2.0, 15.5, 7.0 ], "autoUv": false, "windMode": [-1,-1,-1,-1] }
																	}
																}
															]
														},
														{
															"name": "LLegLower",
															"from": [ 1.62, 0.0108, 0.81 ],
															"to": [ 2.43, 0.1944, 2.97 ],
															"unwrapMode": 5,
															"autoUnwrap": false,
															"uv": [ 38.0, 59.0 ],
															"rotationOrigin": [ 2.43, 0.0108, 0.81 ],
															"rotationY": 25.0,
															"faces": {
																"east": { "texture": "#skin", "uv": [ 39.5, 57.5, 40.0, 61.5 ], "rotation": 90, "autoUv": false },
																"up": { "texture": "#skin", "uv": [ 38.0, 57.5, 39.5, 61.5 ], "autoUv": false, "windMode": [-1,-1,-1,-1] },
																"down": { "texture": "#bottom", "uv": [ 8.0, 8.0, 9.5, 12.0 ], "autoUv": false, "windMode": [-1,-1,-1,-1] }
															}
														}
													]
												},
												{
													"name": "RHip",
													"from": [ 0.0, -0.1998, 0.27 ],
													"to": [ 2.43, 0.0054, 4.05 ],
													"unwrapMode": 6,
													"unwrapRotation": 1,
													"autoUnwrap": false,
													"uv": [ 16.0, 63.0 ],
													"rotationOrigin": [ 0.0, 0.0054, 0.27 ],
													"rotationX": 180.0,
													"rotationY": -3.0,
													"faces": {
														"east": { "texture": "#skin", "uv": [ 15.5, 69.0, 16.0, 76.0 ], "rotation": 90, "autoUv": false, "windMode": [-1,-1,-1,-1] },
														"south": { "texture": "#skin", "uv": [ 23.5, 64.0, 24.0, 68.5 ], "rotation": 270, "autoUv": false, "windMode": [-1,-1,-1,-1] },
														"up": { "texture": "#bottom", "uv": [ 1.0, 7.0, 8.0, 11.5 ], "rotation": 270, "autoUv": false, "windMode": [-1,-1,-1,-1] },
														"down": { "texture": "#skin", "uv": [ 16.5, 64.0, 23.5, 68.5 ], "rotation": 90, "autoUv": false, "windMode": [-1,-1,-1,-1] }
													},
													"children": [
														{
															"name": "RLeg",
															"from": [ 0.702, 0.0054, 3.618 ],
															"to": [ 2.484, 0.1998, 5.778 ],
															"unwrapMode": 6,
															"autoUnwrap": false,
															"uv": [ 51.0, 59.0 ],
															"rotationOrigin": [ 0.702, 0.1998, 3.618 ],
															"rotationY": 72.0,
															"faces": {
																"east": { "texture": "#skin", "uv": [ 51.0, 57.5, 51.5, 61.5 ], "rotation": 90, "autoUv": false, "windMode": [-1,-1,-1,-1] },
																"south": { "texture": "#skin", "uv": [ 51.5, 61.5, 54.5, 62.0 ], "rotation": 180, "autoUv": false, "windMode": [-1,-1,-1,-1] },
																"west": { "texture": "#skin", "uv": [ 54.5, 57.5, 55.0, 61.5 ], "rotation": 270, "autoUv": false, "windMode": [-1,-1,-1,-1] },
																"up": { "texture": "#bottom", "uv": [ 9.0, 4.5, 12.0, 8.5 ], "autoUv": false, "windMode": [-1,-1,-1,-1] },
																"down": { "texture": "#skin", "uv": [ 51.5, 57.5, 54.5, 61.5 ], "autoUv": false, "windMode": [-1,-1,-1,-1] }
															},
															"children": [
																{
																	"name": "RLegEnd",
																	"from": [ 0.054, -0.0054, 1.89 ],
																	"to": [ 1.674, 0.1998, 4.59 ],
																	"unwrapMode": 6,
																	"autoUnwrap": false,
																	"uv": [ 50.5, 68.0 ],
																	"rotationOrigin": [ 0.594, 0.2052, 1.89 ],
																	"rotationY": -14.0,
																	"faces": {
																		"north": { "texture": "#skin", "uv": [ 51.0, 67.0, 54.0, 67.5 ], "autoUv": false },
																		"east": { "texture": "#skin", "uv": [ 50.5, 67.5, 51.0, 72.5 ], "rotation": 90, "autoUv": false, "windMode": [-1,-1,-1,-1] },
																		"south": { "texture": "#skin", "uv": [ 51.0, 72.5, 54.0, 73.0 ], "rotation": 180, "autoUv": false, "windMode": [-1,-1,-1,-1] },
																		"west": { "texture": "#skin", "uv": [ 54.0, 67.5, 54.5, 72.5 ], "rotation": 270, "autoUv": false, "windMode": [-1,-1,-1,-1] },
																		"up": { "texture": "#bottom", "uv": [ 3.5, 2.0, 6.5, 7.0 ], "autoUv": false, "windMode": [-1,-1,-1,-1] },
																		"down": { "texture": "#skin", "uv": [ 51.0, 67.5, 54.0, 72.5 ], "autoUv": false, "windMode": [-1,-1,-1,-1] }
																	}
																}
															]
														},
														{
															"name": "RLegLower",
															"from": [ 1.62, 0.0108, 0.81 ],
															"to": [ 2.43, 0.1944, 2.97 ],
															"unwrapMode": 5,
															"autoUnwrap": false,
															"uv": [ 47.5, 59.0 ],
															"rotationOrigin": [ 2.43, 0.1944, 0.81 ],
															"rotationY": 25.0,
															"faces": {
																"east": { "texture": "#skin", "uv": [ 49.0, 57.5, 49.5, 61.5 ], "rotation": 90, "autoUv": false, "windMode": [-1,-1,-1,-1] },
																"up": { "texture": "#bottom", "uv": [ 0.0, 9.0, 1.5, 13.0 ], "autoUv": false, "windMode": [-1,-1,-1,-1] },
																"down": { "texture": "#skin", "uv": [ 49.5, 57.5, 51.0, 61.5 ], "autoUv": false, "windMode": [-1,-1,-1,-1] }
															}
														}
													]
												},
												{
													"name": "PeltTail",
													"from": [ 2.43, 0.0054, 1.053 ],
													"to": [ 5.13, 0.2754, 2.241 ],
													"unwrapMode": 7,
													"unwrapRotation": 1,
													"autoUnwrap": false,
													"uv": [ 23.0, 1.9783 ],
													"rotationOrigin": [ 2.43, 0.0054, 1.053 ],
													"faces": {
														"north": { "texture": "#skin", "uv": [ 25.5, 2.5, 26.0, 7.5 ], "rotation": 90, "autoUv": false, "windMode": [-1,-1,-1,-1] },
														"east": { "texture": "#skin", "uv": [ 23.5, 7.5, 25.5, 8.0 ], "autoUv": false, "windMode": [-1,-1,-1,-1] },
														"south": { "texture": "#skin", "uv": [ 23.0, 2.5, 23.5, 7.5 ], "rotation": 270, "autoUv": false, "windMode": [-1,-1,-1,-1] },
														"west": { "texture": "#skin", "uv": [ 23.5, 2.0, 25.5, 2.5 ], "rotation": 180, "autoUv": false, "windMode": [-1,-1,-1,-1] },
														"up": { "texture": "#skin", "uv": [ 23.5, 2.5, 25.5, 7.5 ], "rotation": 270, "autoUv": false, "windMode": [-1,-1,-1,-1] },
														"down": { "texture": "#skin", "uv": [ 27.5, 2.5, 29.5, 7.5 ], "rotation": 90, "autoUv": false, "windMode": [-1,-1,-1,-1] }
													},
													"children": [
														{
															"name": "PeltTail 2",
															"from": [ 2.7, -0.0054, -0.027 ],
															"to": [ 5.94, 0.3132, 1.215 ],
															"unwrapMode": 7,
															"unwrapRotation": 1,
															"autoUnwrap": false,
															"uv": [ 25.5, 9.5217 ],
															"rotationOrigin": [ 2.7, -0.0054, -0.027 ],
															"faces": {
																"north": { "texture": "#skin", "uv": [ 28.0, 10.0, 28.5, 16.0 ], "rotation": 90, "autoUv": false },
																"east": { "texture": "#skin", "uv": [ 26.0, 16.0, 28.0, 16.5 ], "autoUv": false, "windMode": [-1,-1,-1,-1] },
																"south": { "texture": "#skin", "uv": [ 25.5, 10.0, 26.0, 16.0 ], "rotation": 270, "autoUv": false, "windMode": [-1,-1,-1,-1] },
																"west": { "texture": "#skin", "uv": [ 26.0, 9.5, 28.0, 10.0 ], "rotation": 180, "autoUv": false, "windMode": [-1,-1,-1,-1] },
																"up": { "texture": "#skin", "uv": [ 26.0, 10.0, 28.0, 16.0 ], "rotation": 270, "autoUv": false, "windMode": [-1,-1,-1,-1] },
																"down": { "texture": "#skin", "uv": [ 30.0, 10.0, 32.0, 16.0 ], "rotation": 90, "autoUv": false, "windMode": [-1,-1,-1,-1] }
															},
															"children": [
																{
																	"name": "PeltTail 3",
																	"from": [ 3.24, 0.0, -0.027 ],
																	"to": [ 5.94, 0.324, 1.269 ],
																	"unwrapMode": 7,
																	"unwrapRotation": 1,
																	"autoUnwrap": false,
																	"uv": [ 23.0, 19.1087 ],
																	"rotationOrigin": [ 3.24, 0.0, -0.027 ],
																	"faces": {
																		"north": { "texture": "#skin", "uv": [ 25.5, 18.5, 26.0, 23.5 ], "rotation": 90, "autoUv": false },
																		"east": { "texture": "#skin", "uv": [ 23.5, 23.5, 25.5, 24.0 ], "autoUv": false },
																		"south": { "texture": "#skin", "uv": [ 23.0, 18.5, 23.5, 23.5 ], "rotation": 270, "autoUv": false },
																		"west": { "texture": "#skin", "uv": [ 23.5, 18.0, 25.5, 18.5 ], "rotation": 180, "autoUv": false },
																		"up": { "texture": "#skin", "uv": [ 23.5, 18.5, 25.5, 23.5 ], "rotation": 270, "autoUv": false },
																		"down": { "texture": "#skin", "uv": [ 27.5, 18.5, 29.5, 23.5 ], "rotation": 90, "autoUv": false }
																	},
																	"children": [
																		{
																			"name": "PeltTail 4",
																			"from": [ 2.7, 0.0, -0.027 ],
																			"to": [ 5.13, 0.3294, 1.323 ],
																			"unwrapMode": 5,
																			"unwrapRotation": 1,
																			"autoUnwrap": false,
																			"uv": [ 25.5, 27.1087 ],
																			"rotationOrigin": [ 2.7, 0.0, -0.027 ],
																			"faces": {
																				"north": { "texture": "#skin", "uv": [ 25.5, 26.0, 26.0, 30.5 ], "rotation": 270, "autoUv": false },
																				"east": { "texture": "#skin", "uv": [ 26.0, 25.5, 28.5, 26.0 ], "rotation": 180, "autoUv": false },
																				"south": { "texture": "#skin", "uv": [ 28.5, 26.0, 29.0, 30.5 ], "rotation": 90, "autoUv": false },
																				"west": { "texture": "#skin", "uv": [ 26.0, 30.5, 28.5, 31.0 ], "autoUv": false },
																				"up": { "texture": "#skin", "uv": [ 26.0, 26.0, 28.5, 30.5 ], "rotation": 90, "autoUv": false },
																				"down": { "texture": "#skin", "uv": [ 30.5, 26.0, 33.0, 30.5 ], "rotation": 270, "autoUv": false }
																			},
																			"children": [
																				{
																					"name": "PeltTail 5",
																					"from": [ 1.998, 0.0, 0.0 ],
																					"to": [ 4.428, 0.3348, 1.35 ],
																					"unwrapMode": 5,
																					"unwrapRotation": 1,
																					"autoUnwrap": false,
																					"uv": [ 22.5, 34.087 ],
																					"rotationOrigin": [ 1.998, 0.0, 0.0 ],
																					"faces": {
																						"north": { "texture": "#skin", "uv": [ 22.5, 33.0, 23.0, 37.5 ], "rotation": 270, "autoUv": false },
																						"east": { "texture": "#skin", "uv": [ 23.0, 32.5, 25.5, 33.0 ], "rotation": 180, "autoUv": false },
																						"south": { "texture": "#skin", "uv": [ 25.5, 33.0, 26.0, 37.5 ], "rotation": 90, "autoUv": false },
																						"west": { "texture": "#skin", "uv": [ 23.0, 37.5, 25.5, 38.0 ], "autoUv": false },
																						"up": { "texture": "#skin", "uv": [ 23.0, 33.0, 25.5, 37.5 ], "rotation": 90, "autoUv": false },
																						"down": { "texture": "#skin", "uv": [ 27.5, 33.0, 30.0, 37.5 ], "rotation": 270, "autoUv": false }
																					},
																					"children": [
																						{
																							"name": "PeltTail End",
																							"from": [ 2.322, 0.0, -0.027 ],
																							"to": [ 4.212, 0.3402, 1.377 ],
																							"unwrapMode": 5,
																							"unwrapRotation": 1,
																							"autoUnwrap": false,
																							"uv": [ 25.5, 42.1087 ],
																							"rotationOrigin": [ 2.322, 0.0, -0.027 ],
																							"faces": {
																								"north": { "texture": "#skin", "uv": [ 25.5, 40.5, 26.0, 44.0 ], "rotation": 270, "autoUv": false },
																								"east": { "texture": "#skin", "uv": [ 26.0, 40.0, 28.5, 40.5 ], "rotation": 180, "autoUv": false },
																								"south": { "texture": "#skin", "uv": [ 28.5, 40.5, 29.0, 44.0 ], "rotation": 90, "autoUv": false },
																								"west": { "texture": "#skin", "uv": [ 26.0, 44.0, 28.5, 44.5 ], "autoUv": false },
																								"up": { "texture": "#skin", "uv": [ 26.0, 40.5, 28.5, 44.0 ], "rotation": 90, "autoUv": false },
																								"down": { "texture": "#skin", "uv": [ 31.0, 40.5, 33.5, 44.0 ], "rotation": 270, "autoUv": false }
																							}
																						}
																					]
																				}
																			]
																		}
																	]
																}
															]
														}
													]
												}
											]
										}
									]
								}
							]
						}
					]
				}
			]
		}
	]}