{
	"editor": {
		"collapsedPaths": "Root/flask_0,Root/box_1,Root/box_2,Root/barrel,Root/box_1/rack_8,Root/Arquebus_origin,Root/box_0,Root/Arquebus_origin/Flask_origin,Root/Flask/Bottom_plate,Root/Match,Root/Flask_origin/Flask_origin_inner/Flask,Root/box_1/rack_10,Root/rack_0/rack_3,Root/Arquebus_origin/Patch,Root/origin,Root/rack_0/rack_6,Root/Arquebus_origin/Flask_origin/Flask_origin_inner/Flask,Root/barrel/barrel_6,Root/barrel/barrel_0",
		"allAngles": false,
		"entityTextureMode": false
	},
	"textureWidth": 16,
	"textureHeight": 16,
	"textureSizes": {
	},
	"textures": {
		"metal": "block/metal/corroded/normal3",
		"wood": "block/wood/charred"
	},
	"elements": [
		{
			"name": "box_1",
			"from": [ 0.5, 0.0, 11.0 ],
			"to": [ 6.5, 1.0, 17.0 ],
			"rotationOrigin": [ 0.5, 0.0, 11.0 ],
			"rotationY": 67.5,
			"faces": {
				"north": { "texture": "#wood", "uv": [ 2.5, 2.0, 8.5, 3.0 ] },
				"east": { "texture": "#wood", "uv": [ 3.5, 2.0, 9.5, 3.0 ] },
				"south": { "texture": "#wood", "uv": [ 4.0, 2.0, 10.0, 3.0 ] },
				"west": { "texture": "#wood", "uv": [ 4.0, 2.0, 10.0, 3.0 ] },
				"up": { "texture": "#wood", "uv": [ 0.0, 0.0, 6.0, 6.0 ] },
				"down": { "texture": "#wood", "uv": [ 0.0, 0.0, 6.0, 6.0 ] }
			},
			"children": [
				{
					"name": "rack_7",
					"from": [ 0.0, 1.0, 0.0 ],
					"to": [ 6.0, 3.0, 1.0 ],
					"rotationOrigin": [ 0.0, 1.0, 0.0 ],
					"faces": {
						"north": { "texture": "#wood", "uv": [ 0.0, 0.0, 6.0, 2.0 ] },
						"east": { "texture": "#wood", "uv": [ 0.0, 0.0, 1.0, 2.0 ] },
						"south": { "texture": "#wood", "uv": [ 0.0, 0.0, 6.0, 2.0 ] },
						"west": { "texture": "#wood", "uv": [ 0.0, 0.0, 1.0, 2.0 ] },
						"up": { "texture": "#wood", "uv": [ 0.0, 0.0, 6.0, 1.0 ] },
						"down": { "texture": "#wood", "uv": [ 0.0, 0.0, 6.0, 1.0 ] }
					}
				},
				{
					"name": "rack_8",
					"from": [ 6.0, 0.0, 0.0 ],
					"to": [ 7.0, 3.0, 6.0 ],
					"rotationOrigin": [ 6.0, 0.0, 0.0 ],
					"faces": {
						"north": { "texture": "#wood", "uv": [ 0.0, 0.0, 1.0, 3.0 ] },
						"east": { "texture": "#wood", "uv": [ 0.0, 0.0, 6.0, 3.0 ] },
						"south": { "texture": "#wood", "uv": [ 0.0, 0.0, 1.0, 3.0 ] },
						"west": { "texture": "#wood", "uv": [ 0.0, 0.0, 6.0, 3.0 ] },
						"up": { "texture": "#wood", "uv": [ 0.0, 0.0, 1.0, 6.0 ] },
						"down": { "texture": "#wood", "uv": [ 0.0, 0.0, 1.0, 6.0 ] }
					},
					"children": [
						{
							"name": "nail_7",
							"from": [ 0.6, 0.5, 5.1 ],
							"to": [ 1.1, 1.0, 5.6 ],
							"rotationOrigin": [ 0.6, 0.5, 5.1 ],
							"faces": {
								"north": { "texture": "#metal", "uv": [ 9.5, 8.5, 10.0, 9.0 ] },
								"east": { "texture": "#metal", "uv": [ 11.0, 11.5, 11.5, 12.0 ] },
								"south": { "texture": "#metal", "uv": [ 12.0, 11.0, 12.5, 11.5 ] },
								"west": { "texture": "#metal", "uv": [ 12.0, 11.0, 12.5, 11.5 ] },
								"up": { "texture": "#metal", "uv": [ 11.0, 11.5, 11.5, 12.0 ] },
								"down": { "texture": "#metal", "uv": [ 10.5, 11.0, 11.0, 11.5 ] }
							}
						},
						{
							"name": "nail_8",
							"from": [ 0.6, 0.5, 0.5 ],
							"to": [ 1.1, 1.0, 1.0 ],
							"rotationOrigin": [ 0.6, 0.5, 0.5 ],
							"faces": {
								"north": { "texture": "#metal", "uv": [ 9.5, 8.5, 10.0, 9.0 ] },
								"east": { "texture": "#metal", "uv": [ 11.0, 11.5, 11.5, 12.0 ] },
								"south": { "texture": "#metal", "uv": [ 12.0, 11.0, 12.5, 11.5 ] },
								"west": { "texture": "#metal", "uv": [ 12.0, 11.0, 12.5, 11.5 ] },
								"up": { "texture": "#metal", "uv": [ 11.0, 11.5, 11.5, 12.0 ] },
								"down": { "texture": "#metal", "uv": [ 10.5, 11.0, 11.0, 11.5 ] }
							}
						}
					]
				},
				{
					"name": "rack_9",
					"from": [ 0.0, 1.0, 5.0 ],
					"to": [ 6.0, 3.0, 6.0 ],
					"rotationOrigin": [ 0.0, 1.0, 5.0 ],
					"faces": {
						"north": { "texture": "#wood", "uv": [ 0.0, 0.0, 6.0, 2.0 ] },
						"east": { "texture": "#wood", "uv": [ 0.0, 0.0, 1.0, 2.0 ] },
						"south": { "texture": "#wood", "uv": [ 0.0, 0.0, 6.0, 2.0 ] },
						"west": { "texture": "#wood", "uv": [ 0.0, 0.0, 1.0, 2.0 ] },
						"up": { "texture": "#wood", "uv": [ 0.0, 0.0, 6.0, 1.0 ] },
						"down": { "texture": "#wood", "uv": [ 0.0, 0.0, 6.0, 1.0 ] }
					}
				},
				{
					"name": "rack_10",
					"from": [ -1.0, 0.0, 0.0 ],
					"to": [ 0.0, 3.0, 6.0 ],
					"rotationOrigin": [ -1.0, 0.0, 0.0 ],
					"faces": {
						"north": { "texture": "#wood", "uv": [ 0.0, 0.0, 1.0, 3.0 ] },
						"east": { "texture": "#wood", "uv": [ 0.0, 0.0, 6.0, 3.0 ] },
						"south": { "texture": "#wood", "uv": [ 0.0, 0.0, 1.0, 3.0 ] },
						"west": { "texture": "#wood", "uv": [ 0.0, 0.0, 6.0, 3.0 ] },
						"up": { "texture": "#wood", "uv": [ 0.0, 0.0, 1.0, 6.0 ] },
						"down": { "texture": "#wood", "uv": [ 0.0, 0.0, 1.0, 6.0 ] }
					},
					"children": [
						{
							"name": "nail_9",
							"from": [ -0.1, 0.5, 5.1 ],
							"to": [ 0.4, 1.0, 5.6 ],
							"rotationOrigin": [ -0.1, 0.5, 5.1 ],
							"faces": {
								"north": { "texture": "#metal", "uv": [ 9.5, 8.5, 10.0, 9.0 ] },
								"east": { "texture": "#metal", "uv": [ 11.0, 11.5, 11.5, 12.0 ] },
								"south": { "texture": "#metal", "uv": [ 12.0, 11.0, 12.5, 11.5 ] },
								"west": { "texture": "#metal", "uv": [ 12.0, 11.0, 12.5, 11.5 ] },
								"up": { "texture": "#metal", "uv": [ 11.0, 11.5, 11.5, 12.0 ] },
								"down": { "texture": "#metal", "uv": [ 10.5, 11.0, 11.0, 11.5 ] }
							}
						},
						{
							"name": "nail_10",
							"from": [ -0.1, 0.5, 0.5 ],
							"to": [ 0.4, 1.0, 1.0 ],
							"rotationOrigin": [ -0.1, 0.5, 0.5 ],
							"faces": {
								"north": { "texture": "#metal", "uv": [ 9.5, 8.5, 10.0, 9.0 ] },
								"east": { "texture": "#metal", "uv": [ 11.0, 11.5, 11.5, 12.0 ] },
								"south": { "texture": "#metal", "uv": [ 12.0, 11.0, 12.5, 11.5 ] },
								"west": { "texture": "#metal", "uv": [ 12.0, 11.0, 12.5, 11.5 ] },
								"up": { "texture": "#metal", "uv": [ 11.0, 11.5, 11.5, 12.0 ] },
								"down": { "texture": "#metal", "uv": [ 10.5, 11.0, 11.0, 11.5 ] }
							}
						}
					]
				}
			]
		},
		{
			"name": "box_2",
			"from": [ 7.6, 0.0, 4.6 ],
			"to": [ 10.6, 1.0, 10.6 ],
			"rotationOrigin": [ 7.6, 0.0, 4.6 ],
			"rotationY": 77.5,
			"faces": {
				"north": { "texture": "#wood", "uv": [ 0.0, 0.0, 3.0, 1.0 ] },
				"east": { "texture": "#wood", "uv": [ 0.0, 0.0, 6.0, 1.0 ] },
				"south": { "texture": "#wood", "uv": [ 0.0, 0.0, 3.0, 1.0 ] },
				"west": { "texture": "#wood", "uv": [ 0.0, 0.0, 6.0, 1.0 ] },
				"up": { "texture": "#wood", "uv": [ 0.0, 0.0, 3.0, 6.0 ] },
				"down": { "texture": "#wood", "uv": [ 0.0, 0.0, 3.0, 6.0 ] }
			},
			"children": [
				{
					"name": "rack_11",
					"from": [ 0.0, 1.0, 0.0 ],
					"to": [ 3.0, 4.0, 1.0 ],
					"rotationOrigin": [ 0.0, 1.0, 0.0 ],
					"faces": {
						"north": { "texture": "#wood", "uv": [ 0.0, 0.0, 3.0, 3.0 ] },
						"east": { "texture": "#wood", "uv": [ 0.0, 0.0, 1.0, 3.0 ] },
						"south": { "texture": "#wood", "uv": [ 0.0, 0.0, 3.0, 3.0 ] },
						"west": { "texture": "#wood", "uv": [ 0.0, 0.0, 1.0, 3.0 ] },
						"up": { "texture": "#wood", "uv": [ 0.0, 0.0, 3.0, 1.0 ] },
						"down": { "texture": "#wood", "uv": [ 0.0, 0.0, 3.0, 1.0 ] }
					}
				},
				{
					"name": "rack_12",
					"from": [ 3.0, 0.0, 0.0 ],
					"to": [ 4.0, 4.0, 6.0 ],
					"rotationOrigin": [ 3.0, 0.0, 0.0 ],
					"faces": {
						"north": { "texture": "#wood", "uv": [ 0.0, 0.0, 1.0, 4.0 ] },
						"east": { "texture": "#wood", "uv": [ 0.0, 0.0, 6.0, 4.0 ] },
						"south": { "texture": "#wood", "uv": [ 0.0, 0.0, 1.0, 4.0 ] },
						"west": { "texture": "#wood", "uv": [ 0.0, 0.0, 6.0, 4.0 ] },
						"up": { "texture": "#wood", "uv": [ 0.0, 0.0, 1.0, 6.0 ] },
						"down": { "texture": "#wood", "uv": [ 0.0, 0.0, 1.0, 6.0 ] }
					},
					"children": [
						{
							"name": "nail_11",
							"from": [ 0.6, 0.5, 5.1 ],
							"to": [ 1.1, 1.0, 5.6 ],
							"rotationOrigin": [ 0.6, 0.5, 5.1 ],
							"faces": {
								"north": { "texture": "#metal", "uv": [ 9.5, 8.5, 10.0, 9.0 ] },
								"east": { "texture": "#metal", "uv": [ 11.0, 11.5, 11.5, 12.0 ] },
								"south": { "texture": "#metal", "uv": [ 12.0, 11.0, 12.5, 11.5 ] },
								"west": { "texture": "#metal", "uv": [ 12.0, 11.0, 12.5, 11.5 ] },
								"up": { "texture": "#metal", "uv": [ 11.0, 11.5, 11.5, 12.0 ] },
								"down": { "texture": "#metal", "uv": [ 10.5, 11.0, 11.0, 11.5 ] }
							}
						},
						{
							"name": "nail_12",
							"from": [ 0.6, 0.5, 0.5 ],
							"to": [ 1.1, 1.0, 1.0 ],
							"rotationOrigin": [ 0.6, 0.5, 0.5 ],
							"faces": {
								"north": { "texture": "#metal", "uv": [ 9.5, 8.5, 10.0, 9.0 ] },
								"east": { "texture": "#metal", "uv": [ 11.0, 11.5, 11.5, 12.0 ] },
								"south": { "texture": "#metal", "uv": [ 12.0, 11.0, 12.5, 11.5 ] },
								"west": { "texture": "#metal", "uv": [ 12.0, 11.0, 12.5, 11.5 ] },
								"up": { "texture": "#metal", "uv": [ 11.0, 11.5, 11.5, 12.0 ] },
								"down": { "texture": "#metal", "uv": [ 10.5, 11.0, 11.0, 11.5 ] }
							}
						}
					]
				},
				{
					"name": "rack_13",
					"from": [ 0.0, 1.0, 5.0 ],
					"to": [ 3.0, 4.0, 6.0 ],
					"rotationOrigin": [ 0.0, 1.0, 5.0 ],
					"faces": {
						"north": { "texture": "#wood", "uv": [ 0.0, 0.0, 3.0, 3.0 ] },
						"east": { "texture": "#wood", "uv": [ 0.0, 0.0, 1.0, 3.0 ] },
						"south": { "texture": "#wood", "uv": [ 0.0, 0.0, 3.0, 3.0 ] },
						"west": { "texture": "#wood", "uv": [ 0.0, 0.0, 1.0, 3.0 ] },
						"up": { "texture": "#wood", "uv": [ 0.0, 0.0, 3.0, 1.0 ] },
						"down": { "texture": "#wood", "uv": [ 0.0, 0.0, 3.0, 1.0 ] }
					}
				},
				{
					"name": "rack_14",
					"from": [ -1.0, 0.0, 0.0 ],
					"to": [ 0.0, 4.0, 6.0 ],
					"rotationOrigin": [ -1.0, 0.0, 0.0 ],
					"faces": {
						"north": { "texture": "#wood", "uv": [ 0.0, 0.0, 1.0, 4.0 ] },
						"east": { "texture": "#wood", "uv": [ 0.0, 0.0, 6.0, 4.0 ] },
						"south": { "texture": "#wood", "uv": [ 0.0, 0.0, 1.0, 4.0 ] },
						"west": { "texture": "#wood", "uv": [ 0.0, 0.0, 6.0, 4.0 ] },
						"up": { "texture": "#wood", "uv": [ 0.0, 0.0, 1.0, 6.0 ] },
						"down": { "texture": "#wood", "uv": [ 0.0, 0.0, 1.0, 6.0 ] }
					},
					"children": [
						{
							"name": "nail_13",
							"from": [ -0.1, 0.5, 5.1 ],
							"to": [ 0.4, 1.0, 5.6 ],
							"rotationOrigin": [ -0.1, 0.5, 5.1 ],
							"faces": {
								"north": { "texture": "#metal", "uv": [ 9.5, 8.5, 10.0, 9.0 ] },
								"east": { "texture": "#metal", "uv": [ 11.0, 11.5, 11.5, 12.0 ] },
								"south": { "texture": "#metal", "uv": [ 12.0, 11.0, 12.5, 11.5 ] },
								"west": { "texture": "#metal", "uv": [ 12.0, 11.0, 12.5, 11.5 ] },
								"up": { "texture": "#metal", "uv": [ 11.0, 11.5, 11.5, 12.0 ] },
								"down": { "texture": "#metal", "uv": [ 10.5, 11.0, 11.0, 11.5 ] }
							}
						},
						{
							"name": "nail_14",
							"from": [ -0.1, 0.5, 0.5 ],
							"to": [ 0.4, 1.0, 1.0 ],
							"rotationOrigin": [ -0.1, 0.5, 0.5 ],
							"faces": {
								"north": { "texture": "#metal", "uv": [ 9.5, 8.5, 10.0, 9.0 ] },
								"east": { "texture": "#metal", "uv": [ 11.0, 11.5, 11.5, 12.0 ] },
								"south": { "texture": "#metal", "uv": [ 12.0, 11.0, 12.5, 11.5 ] },
								"west": { "texture": "#metal", "uv": [ 12.0, 11.0, 12.5, 11.5 ] },
								"up": { "texture": "#metal", "uv": [ 11.0, 11.5, 11.5, 12.0 ] },
								"down": { "texture": "#metal", "uv": [ 10.5, 11.0, 11.0, 11.5 ] }
							}
						}
					]
				}
			]
		},
		{
			"name": "barrel",
			"from": [ 8.7, 0.0, 10.0 ],
			"to": [ 8.7, 0.0, 10.0 ],
			"rotationOrigin": [ 8.7, 0.0, 10.0 ],
			"faces": {
				"north": { "texture": "#wood", "uv": [ 0.0, 0.0, 0.5, 0.5 ] },
				"east": { "texture": "#wood", "uv": [ 0.0, 0.0, 0.5, 0.5 ] },
				"south": { "texture": "#wood", "uv": [ 0.0, 0.0, 0.5, 0.5 ] },
				"west": { "texture": "#wood", "uv": [ 0.0, 0.0, 0.5, 0.5 ] },
				"up": { "texture": "#wood", "uv": [ 0.0, 0.0, 0.5, 0.5 ] },
				"down": { "texture": "#wood", "uv": [ 0.0, 0.0, 0.5, 0.5 ] }
			},
			"children": [
				{
					"name": "barrel_0",
					"from": [ 0.0, 0.0, 0.0 ],
					"to": [ 1.0, 8.01, 3.0 ],
					"faces": {
						"north": { "texture": "#wood", "uv": [ 9.5, 2.0, 10.5, 10.0 ] },
						"east": { "texture": "#wood", "uv": [ 9.0, 2.0, 12.0, 10.0 ] },
						"south": { "texture": "#wood", "uv": [ 9.0, 2.0, 10.0, 10.0 ] },
						"west": { "texture": "#wood", "uv": [ 8.5, 2.0, 11.5, 10.0 ] },
						"up": { "texture": "#wood", "uv": [ 1.5, 11.5, 2.5, 14.5 ] },
						"down": { "texture": "#wood", "uv": [ 2.0, 11.5, 3.0, 14.5 ] }
					},
					"children": [
						{
							"name": "barrel_1",
							"from": [ 0.0, 0.0, 3.0 ],
							"to": [ 1.0, 8.0, 6.0 ],
							"rotationOrigin": [ 0.0, 0.0, 3.0 ],
							"rotationY": 45.0,
							"faces": {
								"north": { "texture": "#wood", "uv": [ 8.5, 2.0, 9.5, 10.0 ] },
								"east": { "texture": "#wood", "uv": [ 9.0, 2.0, 12.0, 10.0 ] },
								"south": { "texture": "#wood", "uv": [ 8.5, 2.0, 9.5, 10.0 ] },
								"west": { "texture": "#wood", "uv": [ 10.0, 2.0, 13.0, 10.0 ] },
								"up": { "texture": "#wood", "uv": [ 2.0, 12.0, 3.0, 15.0 ] },
								"down": { "texture": "#wood", "uv": [ 2.5, 11.5, 3.5, 14.5 ] }
							},
							"children": [
								{
									"name": "ring_1",
									"from": [ -0.1, 6.0, 0.0 ],
									"to": [ 0.8, 7.0, 3.0 ],
									"rotationOrigin": [ -0.1, 6.0, 0.0 ],
									"faces": {
										"north": { "texture": "#metal", "uv": [ 6.5, 4.5, 7.0, 5.5 ] },
										"east": { "texture": "#metal", "uv": [ 5.5, 5.0, 8.5, 6.0 ] },
										"south": { "texture": "#metal", "uv": [ 6.5, 4.5, 7.0, 5.5 ] },
										"west": { "texture": "#metal", "uv": [ 6.0, 4.5, 9.0, 5.5 ] },
										"up": { "texture": "#metal", "uv": [ 6.0, 3.5, 6.5, 6.5 ] },
										"down": { "texture": "#metal", "uv": [ 6.5, 3.0, 7.0, 6.0 ] }
									},
									"children": [
										{
											"name": "ring_nail_2",
											"from": [ -0.1, 0.3, 1.3 ],
											"to": [ 0.9, 0.7, 1.7 ],
											"rotationOrigin": [ -0.1, 0.3, 1.3 ],
											"faces": {
												"north": { "texture": "#metal", "uv": [ 14.0, 7.0, 15.0, 7.5 ] },
												"east": { "texture": "#metal", "uv": [ 13.0, 6.5, 13.5, 7.0 ] },
												"south": { "texture": "#metal", "uv": [ 13.5, 6.0, 14.5, 6.5 ] },
												"west": { "texture": "#metal", "uv": [ 13.5, 6.5, 14.0, 7.0 ] },
												"up": { "texture": "#metal", "uv": [ 13.5, 8.0, 14.5, 8.5 ] },
												"down": { "texture": "#metal", "uv": [ 13.0, 8.5, 14.0, 9.0 ] }
											}
										}
									]
								},
								{
									"name": "ring_3",
									"from": [ -0.1, 1.0, 0.0 ],
									"to": [ 0.8, 2.0, 3.0 ],
									"rotationOrigin": [ -0.1, 1.0, 0.0 ],
									"faces": {
										"north": { "texture": "#metal", "uv": [ 6.5, 4.5, 7.0, 5.5 ] },
										"east": { "texture": "#metal", "uv": [ 5.5, 5.0, 8.5, 6.0 ] },
										"south": { "texture": "#metal", "uv": [ 6.5, 4.5, 7.0, 5.5 ] },
										"west": { "texture": "#metal", "uv": [ 6.0, 4.5, 9.0, 5.5 ] },
										"up": { "texture": "#metal", "uv": [ 6.0, 3.5, 6.5, 6.5 ] },
										"down": { "texture": "#metal", "uv": [ 10.0, 4.5, 10.5, 7.5 ] }
									},
									"children": [
										{
											"name": "ring_nail_3",
											"from": [ -0.1, 0.3, 1.3 ],
											"to": [ 0.9, 0.7, 1.7 ],
											"rotationOrigin": [ -0.1, 0.3, 1.3 ],
											"faces": {
												"north": { "texture": "#metal", "uv": [ 13.5, 8.5, 14.5, 9.0 ] },
												"east": { "texture": "#metal", "uv": [ 13.0, 7.5, 13.5, 8.0 ] },
												"south": { "texture": "#metal", "uv": [ 13.5, 5.5, 14.5, 6.0 ] },
												"west": { "texture": "#metal", "uv": [ 12.5, 6.5, 13.0, 7.0 ] },
												"up": { "texture": "#metal", "uv": [ 14.5, 6.5, 15.5, 7.0 ] },
												"down": { "texture": "#metal", "uv": [ 13.5, 7.5, 14.5, 8.0 ] }
											}
										}
									]
								}
							]
						},
						{
							"name": "ring_0",
							"from": [ -0.1, 6.0, -0.1 ],
							"to": [ 0.8, 7.0, 3.1 ],
							"rotationOrigin": [ -0.1, 6.0, -0.1 ],
							"faces": {
								"north": { "texture": "#metal", "uv": [ 6.5, 4.5, 7.0, 5.5 ] },
								"east": { "texture": "#metal", "uv": [ 5.5, 5.0, 8.5, 6.0 ] },
								"south": { "texture": "#metal", "uv": [ 6.5, 4.5, 7.0, 5.5 ] },
								"west": { "texture": "#metal", "uv": [ 5.0, 4.0, 8.0, 5.0 ] },
								"up": { "texture": "#metal", "uv": [ 6.0, 3.5, 6.5, 6.5 ] },
								"down": { "texture": "#metal", "uv": [ 6.5, 3.0, 7.0, 6.0 ] }
							},
							"children": [
								{
									"name": "ring_nail_0",
									"from": [ -0.1, 0.3, 1.4 ],
									"to": [ 0.9, 0.7, 1.8 ],
									"rotationOrigin": [ -0.1, 0.3, 1.4 ],
									"faces": {
										"north": { "texture": "#metal", "uv": [ 10.5, 11.5, 11.5, 12.0 ] },
										"east": { "texture": "#metal", "uv": [ 10.5, 11.5, 11.0, 12.0 ] },
										"south": { "texture": "#metal", "uv": [ 11.0, 11.5, 12.0, 12.0 ] },
										"west": { "texture": "#metal", "uv": [ 10.0, 11.5, 10.5, 12.0 ] },
										"up": { "texture": "#metal", "uv": [ 10.0, 11.5, 11.0, 12.0 ] },
										"down": { "texture": "#metal", "uv": [ 11.0, 11.5, 12.0, 12.0 ] }
									}
								}
							]
						},
						{
							"name": "ring_2",
							"from": [ -0.1, 1.0, -0.1 ],
							"to": [ 0.8, 2.0, 3.1 ],
							"rotationOrigin": [ -0.1, 1.0, -0.1 ],
							"faces": {
								"north": { "texture": "#metal", "uv": [ 6.5, 4.5, 7.0, 5.5 ] },
								"east": { "texture": "#metal", "uv": [ 5.5, 5.0, 8.5, 6.0 ] },
								"south": { "texture": "#metal", "uv": [ 6.5, 4.5, 7.0, 5.5 ] },
								"west": { "texture": "#metal", "uv": [ 5.0, 4.0, 8.0, 5.0 ] },
								"up": { "texture": "#metal", "uv": [ 6.0, 3.5, 6.5, 6.5 ] },
								"down": { "texture": "#metal", "uv": [ 6.5, 3.0, 7.0, 6.0 ] }
							},
							"children": [
								{
									"name": "ring_nail_1",
									"from": [ -0.1, 0.3, 1.4 ],
									"to": [ 0.9, 0.7, 1.8 ],
									"rotationOrigin": [ -0.1, 0.3, 1.4 ],
									"faces": {
										"north": { "texture": "#metal", "uv": [ 10.5, 11.5, 11.5, 12.0 ] },
										"east": { "texture": "#metal", "uv": [ 10.5, 11.5, 11.0, 12.0 ] },
										"south": { "texture": "#metal", "uv": [ 11.0, 11.5, 12.0, 12.0 ] },
										"west": { "texture": "#metal", "uv": [ 10.0, 11.5, 10.5, 12.0 ] },
										"up": { "texture": "#metal", "uv": [ 10.0, 11.5, 11.0, 12.0 ] },
										"down": { "texture": "#metal", "uv": [ 11.0, 11.5, 12.0, 12.0 ] }
									}
								}
							]
						}
					]
				},
				{
					"name": "barrel_2",
					"from": [ 2.1, 0.0, 5.1 ],
					"to": [ 3.1, 8.01, 8.1 ],
					"rotationOrigin": [ 2.1, 0.0, 5.1 ],
					"rotationY": 90.0,
					"faces": {
						"north": { "texture": "#wood", "uv": [ 9.5, 2.0, 10.5, 10.0 ] },
						"east": { "texture": "#wood", "uv": [ 9.0, 2.0, 12.0, 10.0 ] },
						"south": { "texture": "#wood", "uv": [ 9.0, 2.0, 10.0, 10.0 ] },
						"west": { "texture": "#wood", "uv": [ 12.0, 2.0, 15.0, 10.0 ] },
						"up": { "texture": "#wood", "uv": [ 1.5, 11.5, 2.5, 14.5 ] },
						"down": { "texture": "#wood", "uv": [ 2.0, 11.5, 3.0, 14.5 ] }
					},
					"children": [
						{
							"name": "barrel_3",
							"from": [ 0.0, 0.0, 3.0 ],
							"to": [ 1.0, 8.0, 6.0 ],
							"rotationOrigin": [ 0.0, 0.0, 3.0 ],
							"rotationY": 45.0,
							"faces": {
								"north": { "texture": "#wood", "uv": [ 8.5, 2.0, 9.5, 10.0 ] },
								"east": { "texture": "#wood", "uv": [ 9.0, 2.0, 12.0, 10.0 ] },
								"south": { "texture": "#wood", "uv": [ 8.5, 2.0, 9.5, 10.0 ] },
								"west": { "texture": "#wood", "uv": [ 6.0, 2.0, 9.0, 10.0 ] },
								"up": { "texture": "#wood", "uv": [ 2.0, 12.0, 3.0, 15.0 ] },
								"down": { "texture": "#wood", "uv": [ 2.5, 11.5, 3.5, 14.5 ] }
							},
							"children": [
								{
									"name": "ring_4",
									"from": [ -0.1, 6.0, 0.0 ],
									"to": [ 0.8, 7.0, 3.0 ],
									"rotationOrigin": [ -0.1, 6.0, 0.0 ],
									"faces": {
										"north": { "texture": "#metal", "uv": [ 6.5, 4.5, 7.0, 5.5 ] },
										"east": { "texture": "#metal", "uv": [ 6.0, 5.0, 9.0, 6.0 ] },
										"south": { "texture": "#metal", "uv": [ 6.5, 4.5, 7.0, 5.5 ] },
										"west": { "texture": "#metal", "uv": [ 6.5, 4.5, 9.5, 5.5 ] },
										"up": { "texture": "#metal", "uv": [ 6.0, 3.5, 6.5, 6.5 ] },
										"down": { "texture": "#metal", "uv": [ 6.5, 3.0, 7.0, 6.0 ] }
									},
									"children": [
										{
											"name": "ring_nail_4",
											"from": [ -0.1, 0.3, 1.3 ],
											"to": [ 0.9, 0.7, 1.7 ],
											"rotationOrigin": [ -0.1, 0.3, 1.3 ],
											"faces": {
												"north": { "texture": "#metal", "uv": [ 5.0, 12.0, 6.0, 12.5 ] },
												"east": { "texture": "#metal", "uv": [ 4.0, 13.5, 4.5, 14.0 ] },
												"south": { "texture": "#metal", "uv": [ 5.5, 11.5, 6.5, 12.0 ] },
												"west": { "texture": "#metal", "uv": [ 5.5, 12.0, 6.0, 12.5 ] },
												"up": { "texture": "#metal", "uv": [ 5.0, 10.0, 6.0, 10.5 ] },
												"down": { "texture": "#metal", "uv": [ 6.5, 12.0, 7.5, 12.5 ] }
											}
										}
									]
								},
								{
									"name": "ring_5",
									"from": [ -0.1, 1.0, 0.0 ],
									"to": [ 0.8, 2.0, 3.0 ],
									"rotationOrigin": [ -0.1, 1.0, 0.0 ],
									"faces": {
										"north": { "texture": "#metal", "uv": [ 6.5, 4.5, 7.0, 5.5 ] },
										"east": { "texture": "#metal", "uv": [ 5.5, 5.0, 8.5, 6.0 ] },
										"south": { "texture": "#metal", "uv": [ 6.5, 4.5, 7.0, 5.5 ] },
										"west": { "texture": "#metal", "uv": [ 6.0, 5.5, 9.0, 6.5 ] },
										"up": { "texture": "#metal", "uv": [ 6.0, 3.5, 6.5, 6.5 ] },
										"down": { "texture": "#metal", "uv": [ 6.5, 3.0, 7.0, 6.0 ] }
									},
									"children": [
										{
											"name": "ring_nail_5",
											"from": [ -0.1, 0.3, 1.3 ],
											"to": [ 0.9, 0.7, 1.7 ],
											"rotationOrigin": [ -0.1, 0.3, 1.3 ],
											"faces": {
												"north": { "texture": "#metal", "uv": [ 10.5, 11.5, 11.5, 12.0 ] },
												"east": { "texture": "#metal", "uv": [ 10.5, 11.5, 11.0, 12.0 ] },
												"south": { "texture": "#metal", "uv": [ 11.0, 11.5, 12.0, 12.0 ] },
												"west": { "texture": "#metal", "uv": [ 10.0, 11.5, 10.5, 12.0 ] },
												"up": { "texture": "#metal", "uv": [ 10.0, 11.5, 11.0, 12.0 ] },
												"down": { "texture": "#metal", "uv": [ 11.0, 11.5, 12.0, 12.0 ] }
											}
										}
									]
								}
							]
						},
						{
							"name": "ring_6",
							"from": [ -0.1, 6.0, -0.1 ],
							"to": [ 0.8, 7.0, 3.1 ],
							"rotationOrigin": [ -0.1, 6.0, -0.1 ],
							"faces": {
								"north": { "texture": "#metal", "uv": [ 6.5, 4.5, 7.0, 5.5 ] },
								"east": { "texture": "#metal", "uv": [ 6.0, 3.5, 9.0, 4.5 ] },
								"south": { "texture": "#metal", "uv": [ 6.5, 4.5, 7.0, 5.5 ] },
								"west": { "texture": "#metal", "uv": [ 5.0, 4.0, 8.0, 5.0 ] },
								"up": { "texture": "#metal", "uv": [ 6.0, 3.5, 6.5, 6.5 ] },
								"down": { "texture": "#metal", "uv": [ 6.5, 3.0, 7.0, 6.0 ] }
							},
							"children": [
								{
									"name": "ring_nail_6",
									"from": [ -0.1, 0.3, 1.4 ],
									"to": [ 0.9, 0.7, 1.8 ],
									"rotationOrigin": [ -0.1, 0.3, 1.4 ],
									"faces": {
										"north": { "texture": "#metal", "uv": [ 14.0, 8.5, 15.0, 9.0 ] },
										"east": { "texture": "#metal", "uv": [ 10.5, 11.0, 11.0, 11.5 ] },
										"south": { "texture": "#metal", "uv": [ 10.5, 6.0, 11.5, 6.5 ] },
										"west": { "texture": "#metal", "uv": [ 13.5, 7.5, 14.0, 8.0 ] },
										"up": { "texture": "#metal", "uv": [ 12.5, 7.5, 13.5, 8.0 ] },
										"down": { "texture": "#metal", "uv": [ 14.0, 6.5, 15.0, 7.0 ] }
									}
								}
							]
						},
						{
							"name": "ring_7",
							"from": [ -0.1, 1.0, -0.1 ],
							"to": [ 0.8, 2.0, 3.1 ],
							"rotationOrigin": [ -0.1, 1.0, -0.1 ],
							"faces": {
								"north": { "texture": "#metal", "uv": [ 6.5, 4.5, 7.0, 5.5 ] },
								"east": { "texture": "#metal", "uv": [ 5.5, 5.0, 8.5, 6.0 ] },
								"south": { "texture": "#metal", "uv": [ 6.5, 4.5, 7.0, 5.5 ] },
								"west": { "texture": "#metal", "uv": [ 5.5, 4.0, 8.5, 5.0 ] },
								"up": { "texture": "#metal", "uv": [ 6.0, 3.5, 6.5, 6.5 ] },
								"down": { "texture": "#metal", "uv": [ 6.5, 3.0, 7.0, 6.0 ] }
							},
							"children": [
								{
									"name": "ring_nail_7",
									"from": [ -0.1, 0.3, 1.4 ],
									"to": [ 0.9, 0.7, 1.8 ],
									"rotationOrigin": [ -0.1, 0.3, 1.4 ],
									"faces": {
										"north": { "texture": "#metal", "uv": [ 8.5, 5.0, 9.5, 5.5 ] },
										"east": { "texture": "#metal", "uv": [ 6.0, 4.5, 6.5, 5.0 ] },
										"south": { "texture": "#metal", "uv": [ 6.5, 4.5, 7.5, 5.0 ] },
										"west": { "texture": "#metal", "uv": [ 7.5, 4.5, 8.0, 5.0 ] },
										"up": { "texture": "#metal", "uv": [ 7.0, 4.0, 8.0, 4.5 ] },
										"down": { "texture": "#metal", "uv": [ 7.0, 6.5, 8.0, 7.0 ] }
									}
								}
							]
						}
					]
				},
				{
					"name": "barrel_4",
					"from": [ 7.2, 0.0, 3.0 ],
					"to": [ 8.2, 8.01, 6.0 ],
					"rotationOrigin": [ 7.2, 0.0, 3.0 ],
					"rotationY": 180.0,
					"faces": {
						"north": { "texture": "#wood", "uv": [ 9.5, 2.0, 10.5, 10.0 ] },
						"east": { "texture": "#wood", "uv": [ 9.0, 2.0, 12.0, 10.0 ] },
						"south": { "texture": "#wood", "uv": [ 9.0, 2.0, 10.0, 10.0 ] },
						"west": { "texture": "#wood", "uv": [ 11.5, 2.0, 14.5, 10.0 ] },
						"up": { "texture": "#wood", "uv": [ 1.5, 11.5, 2.5, 14.5 ] },
						"down": { "texture": "#wood", "uv": [ 2.0, 11.5, 3.0, 14.5 ] }
					},
					"children": [
						{
							"name": "barrel_5",
							"from": [ 0.0, 0.0, 3.0 ],
							"to": [ 1.0, 8.0, 6.0 ],
							"rotationOrigin": [ 0.0, 0.0, 3.0 ],
							"rotationY": 45.0,
							"faces": {
								"north": { "texture": "#wood", "uv": [ 8.5, 2.0, 9.5, 10.0 ] },
								"east": { "texture": "#wood", "uv": [ 9.0, 2.0, 12.0, 10.0 ] },
								"south": { "texture": "#wood", "uv": [ 8.5, 2.0, 9.5, 10.0 ] },
								"west": { "texture": "#wood", "uv": [ 5.0, 2.0, 8.0, 10.0 ] },
								"up": { "texture": "#wood", "uv": [ 2.0, 12.0, 3.0, 15.0 ] },
								"down": { "texture": "#wood", "uv": [ 2.5, 11.5, 3.5, 14.5 ] }
							},
							"children": [
								{
									"name": "ring_8",
									"from": [ -0.1, 6.0, 0.0 ],
									"to": [ 0.8, 7.0, 3.0 ],
									"rotationOrigin": [ -0.1, 6.0, 0.0 ],
									"faces": {
										"north": { "texture": "#metal", "uv": [ 6.5, 4.5, 7.0, 5.5 ] },
										"east": { "texture": "#metal", "uv": [ 5.5, 5.0, 8.5, 6.0 ] },
										"south": { "texture": "#metal", "uv": [ 6.5, 4.5, 7.0, 5.5 ] },
										"west": { "texture": "#metal", "uv": [ 7.0, 4.5, 10.0, 5.5 ] },
										"up": { "texture": "#metal", "uv": [ 6.0, 3.5, 6.5, 6.5 ] },
										"down": { "texture": "#metal", "uv": [ 6.5, 3.0, 7.0, 6.0 ] }
									},
									"children": [
										{
											"name": "ring_nail_8",
											"from": [ -0.1, 0.3, 1.3 ],
											"to": [ 0.9, 0.7, 1.7 ],
											"rotationOrigin": [ -0.1, 0.3, 1.3 ],
											"faces": {
												"north": { "texture": "#metal", "uv": [ 10.5, 11.5, 11.5, 12.0 ] },
												"east": { "texture": "#metal", "uv": [ 10.5, 11.5, 11.0, 12.0 ] },
												"south": { "texture": "#metal", "uv": [ 11.0, 11.5, 12.0, 12.0 ] },
												"west": { "texture": "#metal", "uv": [ 10.0, 11.5, 10.5, 12.0 ] },
												"up": { "texture": "#metal", "uv": [ 10.0, 11.5, 11.0, 12.0 ] },
												"down": { "texture": "#metal", "uv": [ 11.0, 11.5, 12.0, 12.0 ] }
											}
										}
									]
								},
								{
									"name": "ring_9",
									"from": [ -0.1, 1.0, 0.0 ],
									"to": [ 0.8, 2.0, 3.0 ],
									"rotationOrigin": [ -0.1, 1.0, 0.0 ],
									"faces": {
										"north": { "texture": "#metal", "uv": [ 6.5, 4.5, 7.0, 5.5 ] },
										"east": { "texture": "#metal", "uv": [ 5.5, 5.0, 8.5, 6.0 ] },
										"south": { "texture": "#metal", "uv": [ 6.5, 4.5, 7.0, 5.5 ] },
										"west": { "texture": "#metal", "uv": [ 6.0, 4.5, 9.0, 5.5 ] },
										"up": { "texture": "#metal", "uv": [ 6.0, 3.5, 6.5, 6.5 ] },
										"down": { "texture": "#metal", "uv": [ 6.5, 3.0, 7.0, 6.0 ] }
									},
									"children": [
										{
											"name": "ring_nail_9",
											"from": [ -0.1, 0.3, 1.3 ],
											"to": [ 0.9, 0.7, 1.7 ],
											"rotationOrigin": [ -0.1, 0.3, 1.3 ],
											"faces": {
												"north": { "texture": "#metal", "uv": [ 10.5, 6.5, 11.5, 7.0 ] },
												"east": { "texture": "#metal", "uv": [ 10.5, 5.0, 11.0, 5.5 ] },
												"south": { "texture": "#metal", "uv": [ 11.0, 8.5, 12.0, 9.0 ] },
												"west": { "texture": "#metal", "uv": [ 10.5, 8.0, 11.0, 8.5 ] },
												"up": { "texture": "#metal", "uv": [ 10.0, 7.0, 11.0, 7.5 ] },
												"down": { "texture": "#metal", "uv": [ 10.5, 8.0, 11.5, 8.5 ] }
											}
										}
									]
								}
							]
						},
						{
							"name": "ring_10",
							"from": [ -0.1, 6.0, -0.1 ],
							"to": [ 0.8, 7.0, 3.1 ],
							"rotationOrigin": [ -0.1, 6.0, -0.1 ],
							"faces": {
								"north": { "texture": "#metal", "uv": [ 6.5, 4.5, 7.0, 5.5 ] },
								"east": { "texture": "#metal", "uv": [ 5.5, 5.0, 8.5, 6.0 ] },
								"south": { "texture": "#metal", "uv": [ 6.5, 4.5, 7.0, 5.5 ] },
								"west": { "texture": "#metal", "uv": [ 5.0, 4.5, 8.0, 5.5 ] },
								"up": { "texture": "#metal", "uv": [ 6.0, 3.5, 6.5, 6.5 ] },
								"down": { "texture": "#metal", "uv": [ 6.5, 3.0, 7.0, 6.0 ] }
							},
							"children": [
								{
									"name": "ring_nail_10",
									"from": [ -0.1, 0.3, 1.4 ],
									"to": [ 0.9, 0.7, 1.8 ],
									"rotationOrigin": [ -0.1, 0.3, 1.4 ],
									"faces": {
										"north": { "texture": "#metal", "uv": [ 8.0, 3.5, 9.0, 4.0 ] },
										"east": { "texture": "#metal", "uv": [ 8.5, 6.5, 9.0, 7.0 ] },
										"south": { "texture": "#metal", "uv": [ 10.5, 6.5, 11.5, 7.0 ] },
										"west": { "texture": "#metal", "uv": [ 8.0, 4.0, 8.5, 4.5 ] },
										"up": { "texture": "#metal", "uv": [ 7.0, 6.0, 8.0, 6.5 ] },
										"down": { "texture": "#metal", "uv": [ 8.0, 8.0, 9.0, 8.5 ] }
									}
								}
							]
						},
						{
							"name": "ring_11",
							"from": [ -0.1, 1.0, -0.1 ],
							"to": [ 0.8, 2.0, 3.1 ],
							"rotationOrigin": [ -0.1, 1.0, -0.1 ],
							"faces": {
								"north": { "texture": "#metal", "uv": [ 6.5, 4.5, 7.0, 5.5 ] },
								"east": { "texture": "#metal", "uv": [ 5.5, 5.0, 8.5, 6.0 ] },
								"south": { "texture": "#metal", "uv": [ 6.5, 4.5, 7.0, 5.5 ] },
								"west": { "texture": "#metal", "uv": [ 4.5, 3.5, 7.5, 4.5 ] },
								"up": { "texture": "#metal", "uv": [ 6.0, 3.5, 6.5, 6.5 ] },
								"down": { "texture": "#metal", "uv": [ 6.5, 3.0, 7.0, 6.0 ] }
							},
							"children": [
								{
									"name": "ring_nail_11",
									"from": [ -0.1, 0.3, 1.4 ],
									"to": [ 0.9, 0.7, 1.8 ],
									"rotationOrigin": [ -0.1, 0.3, 1.4 ],
									"faces": {
										"north": { "texture": "#metal", "uv": [ 10.0, 11.0, 11.0, 11.5 ] },
										"east": { "texture": "#metal", "uv": [ 10.0, 10.0, 10.5, 10.5 ] },
										"south": { "texture": "#metal", "uv": [ 9.5, 11.0, 10.5, 11.5 ] },
										"west": { "texture": "#metal", "uv": [ 8.5, 10.0, 9.0, 10.5 ] },
										"up": { "texture": "#metal", "uv": [ 9.0, 11.0, 10.0, 11.5 ] },
										"down": { "texture": "#metal", "uv": [ 9.5, 11.5, 10.5, 12.0 ] }
									}
								}
							]
						}
					]
				},
				{
					"name": "barrel_6",
					"from": [ 5.1, 0.0, -2.1 ],
					"to": [ 6.1, 8.01, 0.9 ],
					"rotationOrigin": [ 5.1, 0.0, -2.1 ],
					"rotationY": -90.0,
					"faces": {
						"north": { "texture": "#wood", "uv": [ 9.5, 2.0, 10.5, 10.0 ] },
						"east": { "texture": "#wood", "uv": [ 9.0, 2.0, 12.0, 10.0 ] },
						"south": { "texture": "#wood", "uv": [ 9.0, 2.0, 10.0, 10.0 ] },
						"west": { "texture": "#wood", "uv": [ 11.0, 2.0, 14.0, 10.0 ] },
						"up": { "texture": "#wood", "uv": [ 1.5, 11.5, 2.5, 14.5 ] },
						"down": { "texture": "#wood", "uv": [ 2.0, 11.5, 3.0, 14.5 ] }
					},
					"children": [
						{
							"name": "barrel_7",
							"from": [ 0.0, 0.0, 3.0 ],
							"to": [ 1.0, 8.0, 6.0 ],
							"rotationOrigin": [ 0.0, 0.0, 3.0 ],
							"rotationY": 45.0,
							"faces": {
								"north": { "texture": "#wood", "uv": [ 8.5, 2.0, 9.5, 10.0 ] },
								"east": { "texture": "#wood", "uv": [ 9.0, 2.0, 12.0, 10.0 ] },
								"south": { "texture": "#wood", "uv": [ 8.5, 2.0, 9.5, 10.0 ] },
								"west": { "texture": "#wood", "uv": [ 5.0, 2.0, 8.0, 10.0 ] },
								"up": { "texture": "#wood", "uv": [ 2.0, 12.0, 3.0, 15.0 ] },
								"down": { "texture": "#wood", "uv": [ 2.5, 11.5, 3.5, 14.5 ] }
							},
							"children": [
								{
									"name": "ring_12",
									"from": [ -0.1, 6.0, 0.0 ],
									"to": [ 0.8, 7.0, 3.0 ],
									"rotationOrigin": [ -0.1, 6.0, 0.0 ],
									"faces": {
										"north": { "texture": "#metal", "uv": [ 6.5, 4.5, 7.0, 5.5 ] },
										"east": { "texture": "#metal", "uv": [ 5.5, 5.0, 8.5, 6.0 ] },
										"south": { "texture": "#metal", "uv": [ 6.5, 4.5, 7.0, 5.5 ] },
										"west": { "texture": "#metal", "uv": [ 6.0, 4.5, 9.0, 5.5 ] },
										"up": { "texture": "#metal", "uv": [ 6.0, 3.5, 6.5, 6.5 ] },
										"down": { "texture": "#metal", "uv": [ 6.5, 3.0, 7.0, 6.0 ] }
									},
									"children": [
										{
											"name": "ring_nail_12",
											"from": [ -0.1, 0.3, 1.3 ],
											"to": [ 0.9, 0.7, 1.7 ],
											"rotationOrigin": [ -0.1, 0.3, 1.3 ],
											"faces": {
												"north": { "texture": "#metal", "uv": [ 10.5, 11.5, 11.5, 12.0 ] },
												"east": { "texture": "#metal", "uv": [ 10.5, 11.5, 11.0, 12.0 ] },
												"south": { "texture": "#metal", "uv": [ 11.0, 11.5, 12.0, 12.0 ] },
												"west": { "texture": "#metal", "uv": [ 10.0, 11.5, 10.5, 12.0 ] },
												"up": { "texture": "#metal", "uv": [ 10.0, 11.5, 11.0, 12.0 ] },
												"down": { "texture": "#metal", "uv": [ 11.0, 11.5, 12.0, 12.0 ] }
											}
										}
									]
								},
								{
									"name": "ring_13",
									"from": [ -0.1, 1.0, 0.0 ],
									"to": [ 0.8, 2.0, 3.0 ],
									"rotationOrigin": [ -0.1, 1.0, 0.0 ],
									"faces": {
										"north": { "texture": "#metal", "uv": [ 6.5, 4.5, 7.0, 5.5 ] },
										"east": { "texture": "#metal", "uv": [ 5.5, 5.0, 8.5, 6.0 ] },
										"south": { "texture": "#metal", "uv": [ 6.5, 4.5, 7.0, 5.5 ] },
										"west": { "texture": "#metal", "uv": [ 6.0, 4.5, 9.0, 5.5 ] },
										"up": { "texture": "#metal", "uv": [ 6.0, 3.5, 6.5, 6.5 ] },
										"down": { "texture": "#metal", "uv": [ 6.5, 3.0, 7.0, 6.0 ] }
									},
									"children": [
										{
											"name": "ring_nail_13",
											"from": [ -0.1, 0.3, 1.3 ],
											"to": [ 0.9, 0.7, 1.7 ],
											"rotationOrigin": [ -0.1, 0.3, 1.3 ],
											"faces": {
												"north": { "texture": "#metal", "uv": [ 10.5, 11.5, 11.5, 12.0 ] },
												"east": { "texture": "#metal", "uv": [ 10.5, 11.5, 11.0, 12.0 ] },
												"south": { "texture": "#metal", "uv": [ 11.0, 11.5, 12.0, 12.0 ] },
												"west": { "texture": "#metal", "uv": [ 10.0, 11.5, 10.5, 12.0 ] },
												"up": { "texture": "#metal", "uv": [ 10.0, 11.5, 11.0, 12.0 ] },
												"down": { "texture": "#metal", "uv": [ 11.0, 11.5, 12.0, 12.0 ] }
											}
										}
									]
								}
							]
						},
						{
							"name": "ring_14",
							"from": [ -0.1, 6.0, -0.1 ],
							"to": [ 0.8, 7.0, 3.1 ],
							"rotationOrigin": [ -0.1, 6.0, -0.1 ],
							"faces": {
								"north": { "texture": "#metal", "uv": [ 6.5, 4.5, 7.0, 5.5 ] },
								"east": { "texture": "#metal", "uv": [ 5.5, 5.0, 8.5, 6.0 ] },
								"south": { "texture": "#metal", "uv": [ 6.5, 4.5, 7.0, 5.5 ] },
								"west": { "texture": "#metal", "uv": [ 6.0, 5.0, 9.0, 6.0 ] },
								"up": { "texture": "#metal", "uv": [ 6.0, 3.5, 6.5, 6.5 ] },
								"down": { "texture": "#metal", "uv": [ 6.5, 3.0, 7.0, 6.0 ] }
							},
							"children": [
								{
									"name": "ring_nail_14",
									"from": [ -0.1, 0.3, 1.4 ],
									"to": [ 0.9, 0.7, 1.8 ],
									"rotationOrigin": [ -0.1, 0.3, 1.4 ],
									"faces": {
										"north": { "texture": "#metal", "uv": [ 10.5, 11.5, 11.5, 12.0 ] },
										"east": { "texture": "#metal", "uv": [ 10.5, 11.5, 11.0, 12.0 ] },
										"south": { "texture": "#metal", "uv": [ 11.0, 11.5, 12.0, 12.0 ] },
										"west": { "texture": "#metal", "uv": [ 10.0, 11.5, 10.5, 12.0 ] },
										"up": { "texture": "#metal", "uv": [ 10.0, 11.5, 11.0, 12.0 ] },
										"down": { "texture": "#metal", "uv": [ 11.0, 11.5, 12.0, 12.0 ] }
									}
								}
							]
						},
						{
							"name": "ring_15",
							"from": [ -0.1, 1.0, -0.1 ],
							"to": [ 0.8, 2.0, 3.1 ],
							"rotationOrigin": [ -0.1, 1.0, -0.1 ],
							"faces": {
								"north": { "texture": "#metal", "uv": [ 6.5, 4.5, 7.0, 5.5 ] },
								"east": { "texture": "#metal", "uv": [ 5.5, 5.0, 8.5, 6.0 ] },
								"south": { "texture": "#metal", "uv": [ 6.5, 4.5, 7.0, 5.5 ] },
								"west": { "texture": "#metal", "uv": [ 5.5, 5.0, 8.5, 6.0 ] },
								"up": { "texture": "#metal", "uv": [ 6.0, 3.5, 6.5, 6.5 ] },
								"down": { "texture": "#metal", "uv": [ 6.5, 3.0, 7.0, 6.0 ] }
							},
							"children": [
								{
									"name": "ring_nail_15",
									"from": [ -0.1, 0.3, 1.4 ],
									"to": [ 0.9, 0.7, 1.8 ],
									"rotationOrigin": [ -0.1, 0.3, 1.4 ],
									"faces": {
										"north": { "texture": "#metal", "uv": [ 10.5, 11.5, 11.5, 12.0 ] },
										"east": { "texture": "#metal", "uv": [ 10.5, 11.5, 11.0, 12.0 ] },
										"south": { "texture": "#metal", "uv": [ 11.0, 11.5, 12.0, 12.0 ] },
										"west": { "texture": "#metal", "uv": [ 10.0, 11.5, 10.5, 12.0 ] },
										"up": { "texture": "#metal", "uv": [ 10.0, 11.5, 11.0, 12.0 ] },
										"down": { "texture": "#metal", "uv": [ 11.0, 11.5, 12.0, 12.0 ] }
									}
								}
							]
						}
					]
				},
				{
					"name": "nottom_0",
					"from": [ 1.0, 0.5, -1.1 ],
					"to": [ 6.2, 1.5, 4.1 ],
					"rotationOrigin": [ 1.0, 0.5, -1.1 ],
					"faces": {
						"up": { "texture": "#wood", "uv": [ 0.0, 0.0, 5.0, 5.0 ], "windMode": [-1,-1,-1,-1] },
						"down": { "texture": "#wood", "uv": [ 0.0, 0.0, 5.0, 5.0 ] }
					}
				},
				{
					"name": "nottom_1",
					"from": [ 1.0, 6.5, -1.1 ],
					"to": [ 6.2, 7.5, 4.1 ],
					"rotationOrigin": [ 1.0, 6.5, -1.1 ],
					"faces": {
						"up": { "texture": "#wood", "uv": [ 4.0, 5.0, 9.0, 10.0 ] },
						"down": { "texture": "#wood", "uv": [ 0.0, 0.0, 5.0, 5.0 ] }
					}
				}
			]
		}
	],
	"animations": [
		{
			"name": "Load",
			"code": "load",
			"quantityframes": 200,
			"onActivityStopped": "Stop",
			"onAnimationEnd": "Hold",
			"keyframes": [

			]
		},

		{
			"name": "Prime",
			"code": "prime",
			"quantityframes": 60,
			"onActivityStopped": "Stop",
			"onAnimationEnd": "Hold",
			"keyframes": [

			]
		},

		{
			"name": "Match",
			"code": "match",
			"quantityframes": 30,
			"onActivityStopped": "Stop",
			"onAnimationEnd": "Hold",
			"keyframes": [

			]
		},

		{
			"name": "Fire",
			"code": "fire",
			"quantityframes": 20,
			"onActivityStopped": "Stop",
			"onAnimationEnd": "Hold",
			"keyframes": [

			]
		}
	]
}