﻿[
  {
    "side": "Server",
    "file": "game:entities/land/bear",
    "op": "add",
    "path": "/client/behaviors/-",
    "value": {
      "code": "CombatOverhaul:EntityColliders",
      "elements": {
        "Torso": ["shoulders", "body", "abdomen"],
        "Head": ["neck", "head", "cheeks", "mouth"],
        "Arm": ["L front leg", "L front leg3", "L front foot", "R front leg", "R front feet", "R front paw"],
        "Leg": ["L back leg", "L back feet", "R back feet", "R back leg", "L back paw", "R back paw"],
        "Critical": [],
        "Resistant": []
      }
    }
  },
  {
    "side": "Server",
    "file": "game:entities/land/bear",
    "op": "add",
    "path": "/server/behaviors/-",
    "value": {
      "code": "CombatOverhaul:EntityColliders",
      "elements": {
        "Torso": ["shoulders", "body", "abdomen"],
        "Head": ["neck", "head", "cheeks", "mouth"],
        "Arm": ["L front leg", "L front leg3", "L front foot", "R front leg", "R front feet", "R front paw"],
        "Leg": ["L back leg", "L back feet", "R back feet", "R back leg", "L back paw", "R back paw"],
        "Critical": [],
        "Resistant": []
      }
    }
  },
  {
    "side": "Server",
    "file": "game:entities/land/bear",
    "op": "add",
    "path": "/server/behaviors/-",
    "value": {
      "code": "CombatOverhaul:EntityDamageModel",
      "damageModel": {
        "TorsoDamageMultiplier": 1,
        "LimbsDamageMultiplier": 0.75,
        "HeadDamageMultiplier": 1.5,
        "CriticalDamageMultiplier": 4,
        "DefaultResistsByType": {
          "*-black": {"BluntAttack": 7, "SlashingAttack": 5, "PiercingAttack": 0},
          "*-sun": {"BluntAttack": 7, "SlashingAttack": 5, "PiercingAttack": 0},
          "*-panda": {"BluntAttack": 7, "SlashingAttack": 5, "PiercingAttack": 0},
          "*-brown": {"BluntAttack": 8, "SlashingAttack": 6, "PiercingAttack": 0},
          "*-polar": {"BluntAttack": 8, "SlashingAttack": 6, "PiercingAttack": 0}
        }
      }
    }
  },
  {
    "side": "Server",
    "file": "game:entities/land/bear",
    "op": "add",
    "path": "/client/behaviors/-",
    "value": {
      "code": "CombatOverhaul:EntityDamageModel",
      "damageModel": {
        "TorsoDamageMultiplier": 1,
        "LimbsDamageMultiplier": 0.75,
        "HeadDamageMultiplier": 1.5,
        "CriticalDamageMultiplier": 4,
        "DefaultResistsByType": {
          "*-black": {"BluntAttack": 7, "SlashingAttack": 5, "PiercingAttack": 0},
          "*-sun": {"BluntAttack": 7, "SlashingAttack": 5, "PiercingAttack": 0},
          "*-panda": {"BluntAttack": 7, "SlashingAttack": 5, "PiercingAttack": 0},
          "*-brown": {"BluntAttack": 8, "SlashingAttack": 6, "PiercingAttack": 0},
          "*-polar": {"BluntAttack": 8, "SlashingAttack": 6, "PiercingAttack": 0}
        }
      }
    }
  },
  {
    "side": "Server",
    "file": "game:entities/land/bear",
    "op": "add",
    "path": "/server/behaviors/9/aitasks/0/damageTierByType",
    "value": {"*-black": 5, "*-brown": 6, "*-sun": 5, "*-panda": 5, "*-polar": 7}
  },
  {
    "side": "Server",
    "file": "game:entities/land/bear",
    "op": "add",
    "path": "/server/behaviors/9/aitasks/1/damageTierByType",
    "value": {"*-black": 5, "*-brown": 6, "*-sun": 5, "*-panda": 5, "*-polar": 7}
  },
  {"side": "Server", "file": "game:entities/land/bear", "op": "replace", "path": "/server/behaviors/9/aitasks/0/damageType", "value": "SlashingAttack"},
  {"side": "Server", "file": "game:entities/land/bear", "op": "remove", "path": "/server/behaviors/9/aitasks/0/damageTier"}
]