{
	"editor": {
		"collapsedPaths": "Root/Body/Left Shoulder,Root/Body/Right Shoulder,Root/Body/rear",
		"allAngles": false,
		"entityTextureMode": true
	},
	"textureWidth": 76,
	"textureHeight": 60,
	"textureSizes": {
	},
	"textures": {
	},
	"elements": [
		{
			"name": "Body",
			"from": [ 2.0, 1.0, 3.0 ],
			"to": [ 12.0, 11.0, 13.0 ],
			"unwrapMode": 7,
			"autoUnwrap": false,
			"uv": [ 0.5, 8.0 ],
			"rotationOrigin": [ 3.0, 10.0, 8.0 ],
			"faces": {
				"north": { "texture": "#skin", "uv": [ 20.5, 18.0, 30.5, 28.0 ], "rotation": 90 },
				"east": { "texture": "#skin", "uv": [ 41.5, 18.0, 51.5, 28.0 ] },
				"south": { "texture": "#skin", "uv": [ 0.5, 18.0, 10.5, 28.0 ], "rotation": 270 },
				"west": { "texture": "#skin", "uv": [ 41.5, 7.0, 51.5, 17.0 ] },
				"up": { "texture": "#skin", "uv": [ 10.5, 18.0, 20.5, 28.0 ], "rotation": 270 },
				"down": { "texture": "#skin", "uv": [ 30.5, 18.0, 40.5, 28.0 ], "rotation": 90 }
			},
			"children": [
				{
					"name": "Tail1",
					"from": [ 9.8, 1.7, 1.0 ],
					"to": [ 15.8, 9.7, 9.0 ],
					"unwrapMode": 7,
					"unwrapRotation": 1,
					"autoUnwrap": false,
					"uv": [ 2.5, 28.5 ],
					"rotationOrigin": [ 9.8, 9.7, 5.0 ],
					"rotationZ": -2.0,
					"faces": {
						"north": { "texture": "#skin", "uv": [ 19.5, 28.5, 27.5, 34.5 ], "rotation": 90 },
						"east": { "texture": "#skin", "uv": [ 38.5, 29.0, 46.5, 37.0 ] },
						"south": { "texture": "#skin", "uv": [ 3.5, 28.5, 11.5, 34.5 ], "rotation": 270 },
						"up": { "texture": "#skin", "uv": [ 11.5, 28.5, 19.5, 34.5 ], "rotation": 270 },
						"down": { "texture": "#skin", "uv": [ 28.5, 28.5, 36.5, 34.5 ], "rotation": 90 }
					},
					"children": [
						{
							"name": "Tail2",
							"from": [ 5.8, 1.5, 1.0 ],
							"to": [ 11.8, 7.5, 7.0 ],
							"unwrapMode": 7,
							"unwrapRotation": 1,
							"autoUnwrap": false,
							"uv": [ 5.0, 36.0 ],
							"rotationOrigin": [ 5.8, 7.5, 4.0 ],
							"rotationZ": -2.0,
							"faces": {
								"north": { "texture": "#skin", "uv": [ 18.0, 36.0, 24.0, 42.0 ], "rotation": 90 },
								"east": { "texture": "#skin", "uv": [ 32.0, 36.5, 38.0, 42.5 ] },
								"south": { "texture": "#skin", "uv": [ 6.0, 36.0, 12.0, 42.0 ], "rotation": 270 },
								"up": { "texture": "#skin", "uv": [ 12.0, 36.0, 18.0, 42.0 ], "rotation": 270 },
								"down": { "texture": "#skin", "uv": [ 25.0, 36.0, 31.0, 42.0 ], "rotation": 90 }
							},
							"children": [
								{
									"name": "Tail3",
									"from": [ 5.8, 0.5, 1.0 ],
									"to": [ 10.8, 5.5, 5.0 ],
									"unwrapMode": 7,
									"unwrapRotation": 1,
									"autoUnwrap": false,
									"uv": [ 8.0, 43.5 ],
									"rotationOrigin": [ 5.8, 5.5, 3.0 ],
									"rotationZ": -2.0,
									"faces": {
										"north": { "texture": "#skin", "uv": [ 17.0, 43.5, 22.0, 48.5 ], "rotation": 90 },
										"east": { "texture": "#skin", "uv": [ 27.0, 44.0, 31.0, 49.0 ] },
										"south": { "texture": "#skin", "uv": [ 8.0, 43.5, 13.0, 48.5 ], "rotation": 270 },
										"up": { "texture": "#skin", "uv": [ 13.0, 43.5, 17.0, 48.5 ], "rotation": 270 },
										"down": { "texture": "#skin", "uv": [ 22.0, 43.5, 26.0, 48.5 ], "rotation": 90 }
									},
									"children": [
										{
											"name": "Fluke Base",
											"from": [ 4.3, 1.7, 0.5 ],
											"to": [ 10.3, 4.7, 3.5 ],
											"unwrapMode": 7,
											"unwrapRotation": 1,
											"uv": [ 10.5, 50.0 ],
											"rotationOrigin": [ 4.8, 4.5, 2.0 ],
											"rotationZ": -2.0,
											"faces": {
												"north": { "texture": "#skin", "uv": [ 16.5, 50.0, 19.5, 56.0 ], "rotation": 90 },
												"east": { "texture": "#skin", "uv": [ 13.5, 56.0, 16.5, 59.0 ], "windMode": [-1,-1,-1,-1] },
												"south": { "texture": "#skin", "uv": [ 10.5, 50.0, 13.5, 56.0 ], "rotation": 270 },
												"up": { "texture": "#skin", "uv": [ 13.5, 50.0, 16.5, 56.0 ], "rotation": 270 },
												"down": { "texture": "#skin", "uv": [ 19.5, 50.0, 22.5, 56.0 ], "rotation": 90 }
											},
											"children": [
												{
													"name": "LFluke1",
													"from": [ 1.5, 1.1, 2.7 ],
													"to": [ 6.1, 2.4, 6.7 ],
													"unwrapMode": 7,
													"unwrapRotation": 1,
													"uv": [ 57.0, 43.0 ],
													"rotationOrigin": [ 1.5, 2.3, 2.7 ],
													"rotationY": 9.0,
													"rotationZ": -3.0,
													"faces": {
														"north": { "texture": "#skin", "uv": [ 62.0, 44.0, 63.0, 48.5 ], "rotation": 90 },
														"east": { "texture": "#skin", "uv": [ 58.0, 48.5, 62.0, 49.5 ] },
														"south": { "texture": "#skin", "uv": [ 57.0, 44.0, 58.0, 48.5 ], "rotation": 270 },
														"west": { "texture": "#skin", "uv": [ 58.0, 43.0, 62.0, 44.0 ], "rotation": 180 },
														"up": { "texture": "#skin", "uv": [ 58.0, 44.0, 62.0, 48.5 ], "rotation": 270 },
														"down": { "texture": "#skin", "uv": [ 63.0, 44.0, 67.0, 48.5 ], "rotation": 90 }
													},
													"children": [
														{
															"name": "LFluke2",
															"from": [ 0.0, 0.1, 3.9 ],
															"to": [ 4.4, 1.2, 7.9 ],
															"unwrapMode": 7,
															"unwrapRotation": 1,
															"uv": [ 46.0, 43.5 ],
															"rotationOrigin": [ 0.0, 1.0, 3.9 ],
															"rotationY": 12.0,
															"faces": {
																"north": { "texture": "#skin", "uv": [ 51.0, 44.5, 52.0, 48.5 ], "rotation": 90 },
																"east": { "texture": "#skin", "uv": [ 47.0, 48.5, 51.0, 49.5 ] },
																"south": { "texture": "#skin", "uv": [ 46.0, 44.5, 47.0, 48.5 ], "rotation": 270 },
																"west": { "texture": "#skin", "uv": [ 47.0, 43.5, 51.0, 44.5 ], "rotation": 180 },
																"up": { "texture": "#skin", "uv": [ 47.0, 44.5, 51.0, 48.5 ], "rotation": 270 },
																"down": { "texture": "#skin", "uv": [ 52.0, 44.5, 56.0, 48.5 ], "rotation": 90 }
															},
															"children": [
																{
																	"name": "LFluke3",
																	"from": [ 0.0, 0.2, 4.0 ],
																	"to": [ 3.4, 0.9, 7.0 ],
																	"unwrapMode": 7,
																	"unwrapRotation": 1,
																	"uv": [ 38.0, 45.0 ],
																	"rotationOrigin": [ 0.0, 0.8, 4.0 ],
																	"rotationY": 35.0,
																	"faces": {
																		"north": { "texture": "#skin", "uv": [ 41.5, 45.5, 42.0, 48.5 ], "rotation": 90 },
																		"east": { "texture": "#skin", "uv": [ 38.5, 48.5, 41.5, 49.0 ] },
																		"south": { "texture": "#skin", "uv": [ 38.0, 45.5, 38.5, 48.5 ], "rotation": 270 },
																		"west": { "texture": "#skin", "uv": [ 38.5, 45.0, 41.5, 45.5 ], "rotation": 180 },
																		"up": { "texture": "#skin", "uv": [ 38.5, 45.5, 41.5, 48.5 ], "rotation": 270 },
																		"down": { "texture": "#skin", "uv": [ 42.0, 45.5, 45.0, 48.5 ], "rotation": 90 }
																	}
																}
															]
														}
													]
												},
												{
													"name": "RFluke1",
													"from": [ 1.5, 1.1, -3.7 ],
													"to": [ 6.1, 2.4, 0.3 ],
													"unwrapMode": 7,
													"unwrapRotation": 1,
													"uv": [ 35.5, 51.0 ],
													"rotationOrigin": [ 1.5, 2.3, 0.3 ],
													"rotationY": -9.0,
													"rotationZ": -3.0,
													"faces": {
														"north": { "texture": "#skin", "uv": [ 40.5, 52.0, 41.5, 56.5 ], "rotation": 90 },
														"east": { "texture": "#skin", "uv": [ 36.5, 56.5, 40.5, 57.5 ] },
														"south": { "texture": "#skin", "uv": [ 35.5, 52.0, 36.5, 56.5 ], "rotation": 270 },
														"west": { "texture": "#skin", "uv": [ 36.5, 51.0, 40.5, 52.0 ], "rotation": 180 },
														"up": { "texture": "#skin", "uv": [ 36.5, 52.0, 40.5, 56.5 ], "rotation": 270 },
														"down": { "texture": "#skin", "uv": [ 41.5, 52.0, 45.5, 56.5 ], "rotation": 90 }
													},
													"children": [
														{
															"name": "RFluke2",
															"from": [ 0.0, 0.1, -3.9 ],
															"to": [ 4.4, 1.2, 0.1 ],
															"unwrapMode": 7,
															"unwrapRotation": 1,
															"uv": [ 46.5, 51.5 ],
															"rotationOrigin": [ 0.0, 1.3, 0.1 ],
															"rotationY": -12.0,
															"faces": {
																"north": { "texture": "#skin", "uv": [ 51.5, 52.5, 52.5, 56.5 ], "rotation": 90 },
																"east": { "texture": "#skin", "uv": [ 47.5, 56.5, 51.5, 57.5 ] },
																"south": { "texture": "#skin", "uv": [ 46.5, 52.5, 47.5, 56.5 ], "rotation": 270 },
																"west": { "texture": "#skin", "uv": [ 47.5, 51.5, 51.5, 52.5 ], "rotation": 180 },
																"up": { "texture": "#skin", "uv": [ 47.5, 52.5, 51.5, 56.5 ], "rotation": 270 },
																"down": { "texture": "#skin", "uv": [ 52.5, 52.5, 56.5, 56.5 ], "rotation": 90 }
															},
															"children": [
																{
																	"name": "RFluke3",
																	"from": [ 0.0, 0.2, -2.9 ],
																	"to": [ 3.4, 0.9, 0.1 ],
																	"unwrapMode": 7,
																	"unwrapRotation": 1,
																	"uv": [ 57.5, 53.0 ],
																	"rotationOrigin": [ 0.0, 0.8, 0.1 ],
																	"rotationY": -35.0,
																	"faces": {
																		"north": { "texture": "#skin", "uv": [ 61.0, 53.5, 61.5, 56.5 ], "rotation": 90 },
																		"east": { "texture": "#skin", "uv": [ 58.0, 56.5, 61.0, 57.0 ] },
																		"south": { "texture": "#skin", "uv": [ 57.5, 53.5, 58.0, 56.5 ], "rotation": 270 },
																		"west": { "texture": "#skin", "uv": [ 58.0, 53.0, 61.0, 53.5 ], "rotation": 180 },
																		"up": { "texture": "#skin", "uv": [ 58.0, 53.5, 61.0, 56.5 ], "rotation": 270 },
																		"down": { "texture": "#skin", "uv": [ 61.5, 53.5, 64.5, 56.5 ], "rotation": 90 }
																	}
																}
															]
														}
													]
												}
											]
										}
									]
								}
							]
						}
					]
				},
				{
					"name": "Neck1",
					"from": [ -4.0, 0.7, 0.7 ],
					"to": [ 0.0, 9.7, 9.3 ],
					"unwrapMode": 7,
					"unwrapRotation": 1,
					"autoUnwrap": false,
					"uv": [ 2.0, 4.5 ],
					"rotationOrigin": [ 0.0, 9.7, 5.0 ],
					"rotationZ": 5.0,
					"faces": {
						"north": { "texture": "#skin", "uv": [ 19.5, 13.5, 28.5, 17.5 ], "rotation": 90 },
						"south": { "texture": "#skin", "uv": [ 2.0, 13.5, 11.0, 17.5 ], "rotation": 270 },
						"west": { "texture": "#skin", "uv": [ 32.0, 3.5, 40.5, 12.5 ], "windMode": [-1,-1,-1,-1] },
						"up": { "texture": "#skin", "uv": [ 11.0, 13.5, 19.5, 17.5 ], "rotation": 270 },
						"down": { "texture": "#skin", "uv": [ 28.5, 13.5, 37.0, 17.5 ], "rotation": 90 }
					},
					"children": [
						{
							"name": "Neck2",
							"from": [ -3.0, 1.7, 1.3 ],
							"to": [ 0.0, 8.7, 7.3 ],
							"unwrapMode": 7,
							"unwrapRotation": 1,
							"autoUnwrap": false,
							"uv": [ 5.0, 3.0 ],
							"rotationOrigin": [ 0.0, 8.7, 4.3 ],
							"rotationZ": 5.0,
							"faces": {
								"north": { "texture": "#skin", "uv": [ 18.0, 10.0, 25.0, 13.0 ], "rotation": 90 },
								"south": { "texture": "#skin", "uv": [ 5.0, 10.0, 12.0, 13.0 ], "rotation": 270 },
								"west": { "texture": "#skin", "uv": [ 0.5, 2.0, 6.5, 9.0 ] },
								"up": { "texture": "#skin", "uv": [ 12.0, 10.0, 18.0, 13.0 ], "rotation": 270 },
								"down": { "texture": "#skin", "uv": [ 25.0, 10.0, 31.0, 13.0 ], "rotation": 90 }
							},
							"children": [
								{
									"name": "Head",
									"from": [ -4.0, 1.7, 0.2 ],
									"to": [ 0.0, 6.7, 5.8 ],
									"unwrapMode": 7,
									"unwrapRotation": 1,
									"autoUnwrap": false,
									"uv": [ 7.0, 0.5 ],
									"rotationOrigin": [ 0.0, 6.7, 3.0 ],
									"rotationZ": 10.0,
									"faces": {
										"north": { "texture": "#skin", "uv": [ 17.5, 5.5, 22.5, 9.5 ], "rotation": 90 },
										"south": { "texture": "#skin", "uv": [ 7.0, 5.5, 12.0, 9.5 ], "rotation": 270 },
										"west": { "texture": "#skin", "uv": [ 41.5, 1.0, 47.0, 6.0 ] },
										"up": { "texture": "#skin", "uv": [ 12.0, 5.5, 17.5, 9.5 ], "rotation": 270 },
										"down": { "texture": "#skin", "uv": [ 22.5, 5.5, 28.0, 9.5 ], "rotation": 90 }
									},
									"children": [
										{
											"name": "Head2",
											"from": [ -4.0, -0.2, 0.3 ],
											"to": [ 0.0, 4.8, 5.1 ],
											"unwrapMode": 7,
											"unwrapRotation": 1,
											"autoUnwrap": false,
											"uv": [ 7.5, -4.0 ],
											"rotationOrigin": [ 0.0, 4.8, 2.9 ],
											"rotationZ": 20.0,
											"faces": {
												"north": { "texture": "#skin", "uv": [ 17.0, 1.0, 22.0, 5.0 ], "rotation": 90 },
												"south": { "texture": "#skin", "uv": [ 7.5, 1.0, 12.5, 5.0 ], "rotation": 270 },
												"west": { "texture": "#skin", "uv": [ 48.0, 1.0, 52.5, 6.0 ] },
												"up": { "texture": "#skin", "uv": [ 12.5, 1.0, 17.0, 5.0 ], "rotation": 270 },
												"down": { "texture": "#skin", "uv": [ 22.0, 1.0, 26.5, 5.0 ], "rotation": 90 }
											},
											"children": [
												{
													"name": "Front mouth",
													"from": [ 0.0, 0.0, 0.2 ],
													"to": [ 4.0, 5.0, 4.6 ],
													"unwrapMode": 2,
													"uv": [ 53.0, 28.5 ],
													"rotationOrigin": [ 0.0, 5.0, 0.2 ],
													"rotationZ": -15.0,
													"faces": {
														"north": { "texture": "#skin", "uv": [ 61.0, 28.5, 65.0, 33.5 ] },
														"east": { "texture": "#skin", "uv": [ 57.0, 28.5, 61.0, 33.5 ] },
														"south": { "texture": "#skin", "uv": [ 53.0, 28.5, 57.0, 33.5 ] },
														"west": { "texture": "#skin", "uv": [ 65.0, 28.5, 69.0, 33.5 ] },
														"down": { "texture": "#skin", "uv": [ 57.0, 33.5, 61.0, 37.5 ], "rotation": 270 }
													}
												}
											]
										},
										{
											"name": "Lower mouth",
											"from": [ 0.0, -1.0, 1.1 ],
											"to": [ 4.0, 0.5, 4.5 ],
											"unwrapMode": 7,
											"unwrapRotation": 1,
											"uv": [ 63.0, 35.0 ],
											"rotationOrigin": [ 4.0, 0.5, 1.1 ],
											"faces": {
												"north": { "texture": "#skin", "uv": [ 67.5, 36.5, 69.0, 40.5 ], "rotation": 90 },
												"south": { "texture": "#skin", "uv": [ 63.0, 36.5, 64.5, 40.5 ], "rotation": 270 },
												"west": { "texture": "#skin", "uv": [ 64.5, 35.0, 67.5, 36.5 ], "rotation": 180 },
												"up": { "texture": "#skin", "uv": [ 64.5, 36.5, 67.5, 40.5 ], "rotation": 270 },
												"down": { "texture": "#skin", "uv": [ 69.0, 36.5, 72.0, 40.5 ], "rotation": 90 }
											}
										}
									]
								}
							]
						},
						{
							"name": "R Shoulder",
							"from": [ 0.5, -1.0, -0.4 ],
							"to": [ 2.5, 2.0, 1.6 ],
							"unwrapMode": 1,
							"uv": [ 64.5, 1.0 ],
							"rotationOrigin": [ 1.5, 1.0, 1.1 ],
							"rotationX": 25.0,
							"faces": {
								"north": { "texture": "#skin", "uv": [ 66.5, 3.0, 68.5, 6.0 ] },
								"east": { "texture": "#skin", "uv": [ 64.5, 3.0, 66.5, 6.0 ] },
								"south": { "texture": "#skin", "uv": [ 70.5, 3.0, 72.5, 6.0 ] },
								"west": { "texture": "#skin", "uv": [ 68.5, 3.0, 70.5, 6.0 ] },
								"up": { "texture": "#skin", "uv": [ 66.5, 1.0, 68.5, 3.0 ], "rotation": 180 },
								"down": { "texture": "#skin", "uv": [ 66.5, 6.0, 68.5, 8.0 ] }
							},
							"children": [
								{
									"name": "R flipper",
									"from": [ 0.0, -5.5, -0.1 ],
									"to": [ 4.2, 0.5, 1.1 ],
									"unwrapMode": 1,
									"uv": [ 65.0, 8.5 ],
									"rotationOrigin": [ 0.0, 0.5, 0.1 ],
									"rotationZ": 15.0,
									"faces": {
										"north": { "texture": "#skin", "uv": [ 66.0, 9.5, 70.0, 15.5 ] },
										"east": { "texture": "#skin", "uv": [ 65.0, 9.5, 66.0, 15.5 ] },
										"south": { "texture": "#skin", "uv": [ 71.0, 9.5, 75.0, 15.5 ] },
										"west": { "texture": "#skin", "uv": [ 70.0, 9.5, 71.0, 15.5 ] },
										"up": { "texture": "#skin", "uv": [ 66.0, 8.5, 70.0, 9.5 ], "rotation": 180 },
										"down": { "texture": "#skin", "uv": [ 66.0, 15.5, 70.0, 16.5 ] }
									},
									"children": [
										{
											"name": "R flipper rotation",
											"from": [ 2.0, 0.5, 0.0 ],
											"to": [ 2.0, 0.5, 0.0 ],
											"uv": [ 8.0, 8.0 ],
											"rotationOrigin": [ 2.0, 0.5, 0.0 ],
											"faces": {
											},
											"children": [
												{
													"name": "R flipper point",
													"from": [ -2.0, -0.5, 0.1 ],
													"to": [ 1.0, 2.5, 1.1 ],
													"unwrapMode": 1,
													"uv": [ 65.0, 17.0 ],
													"rotationOrigin": [ -2.0, -0.5, 0.1 ],
													"rotationZ": -45.0,
													"faces": {
														"north": { "texture": "#skin", "uv": [ 66.0, 18.0, 69.0, 21.0 ] },
														"east": { "texture": "#skin", "uv": [ 65.0, 18.0, 66.0, 21.0 ] },
														"south": { "texture": "#skin", "uv": [ 70.0, 18.0, 73.0, 21.0 ] },
														"west": { "texture": "#skin", "uv": [ 69.0, 18.0, 70.0, 21.0 ] },
														"up": { "texture": "#skin", "uv": [ 66.0, 17.0, 69.0, 18.0 ], "rotation": 180 },
														"down": { "texture": "#skin", "uv": [ 66.0, 21.0, 69.0, 22.0 ] }
													}
												}
											]
										}
									]
								}
							]
						},
						{
							"name": "L Shoulder",
							"from": [ 0.5, -1.0, 7.1 ],
							"to": [ 2.5, 2.0, 9.1 ],
							"unwrapMode": 3,
							"uv": [ 53.5, 1.0 ],
							"rotationOrigin": [ 1.5, 1.0, 7.6 ],
							"rotationX": -25.0,
							"faces": {
								"north": { "texture": "#skin", "uv": [ 59.5, 3.0, 61.5, 6.0 ] },
								"east": { "texture": "#skin", "uv": [ 57.5, 3.0, 59.5, 6.0 ] },
								"south": { "texture": "#skin", "uv": [ 55.5, 3.0, 57.5, 6.0 ] },
								"west": { "texture": "#skin", "uv": [ 53.5, 3.0, 55.5, 6.0 ] },
								"up": { "texture": "#skin", "uv": [ 55.5, 1.0, 57.5, 3.0 ] },
								"down": { "texture": "#skin", "uv": [ 55.5, 6.0, 57.5, 8.0 ], "rotation": 180 }
							},
							"children": [
								{
									"name": "L flipper",
									"from": [ 0.0, -5.5, 0.9 ],
									"to": [ 4.2, 0.5, 2.1 ],
									"unwrapMode": 3,
									"uv": [ 54.0, 8.5 ],
									"rotationOrigin": [ 0.0, 0.5, 2.0 ],
									"rotationZ": 15.0,
									"faces": {
										"north": { "texture": "#skin", "uv": [ 60.0, 9.5, 64.0, 15.5 ] },
										"east": { "texture": "#skin", "uv": [ 59.0, 9.5, 60.0, 15.5 ] },
										"south": { "texture": "#skin", "uv": [ 55.0, 9.5, 59.0, 15.5 ] },
										"west": { "texture": "#skin", "uv": [ 54.0, 9.5, 55.0, 15.5 ] },
										"up": { "texture": "#skin", "uv": [ 55.0, 8.5, 59.0, 9.5 ] },
										"down": { "texture": "#skin", "uv": [ 55.0, 15.5, 59.0, 16.5 ], "rotation": 180 }
									},
									"children": [
										{
											"name": "L flipper rotation",
											"from": [ 2.0, 0.5, 0.0 ],
											"to": [ 2.0, 0.5, 0.0 ],
											"uv": [ 6.0, 8.0 ],
											"rotationOrigin": [ 2.0, 0.5, 1.0 ],
											"faces": {
											},
											"children": [
												{
													"name": "L flipper point",
													"from": [ -2.0, -0.5, 0.1 ],
													"to": [ 1.0, 2.5, 1.1 ],
													"unwrapMode": 3,
													"uv": [ 54.0, 17.0 ],
													"rotationOrigin": [ -2.0, -0.5, 1.1 ],
													"rotationZ": -45.0,
													"faces": {
														"north": { "texture": "#skin", "uv": [ 59.0, 18.0, 62.0, 21.0 ] },
														"east": { "texture": "#skin", "uv": [ 58.0, 18.0, 59.0, 21.0 ] },
														"south": { "texture": "#skin", "uv": [ 55.0, 18.0, 58.0, 21.0 ] },
														"west": { "texture": "#skin", "uv": [ 54.0, 18.0, 55.0, 21.0 ] },
														"up": { "texture": "#skin", "uv": [ 55.0, 17.0, 58.0, 18.0 ] },
														"down": { "texture": "#skin", "uv": [ 55.0, 21.0, 58.0, 22.0 ], "rotation": 180 }
													}
												}
											]
										}
									]
								}
							]
						}
					]
				}
			],
			"attachmentpoints": [
				{
					"code": "Center",
					"posX": "7.0","posY": "5.0","posZ": "5.0",
					"rotationX": "0.0","rotationY": "0.0","rotationZ": "0.0"
				}
			]
		}
	],
	"animations": [
		{
			"name": "Swim",
			"code": "swim",
			"quantityframes": 30,
			"onActivityStopped": "EaseOut",
			"onAnimationEnd": "Repeat",
			"keyframes": [
				{
					"frame": 0,
					"elements": {
						"Body": { "offsetX": 0.0, "offsetY": -3.0, "offsetZ": 0.0, "rotationX": 0.0, "rotationY": 0.0, "rotationZ": 1.0 },
						"R Shoulder": { "rotationX": 5.0, "rotationY": 0.0, "rotationZ": 0.0 },
						"L Shoulder": { "rotationX": -5.0, "rotationY": 0.0, "rotationZ": 0.0 }
					}
				},
				{
					"frame": 1,
					"elements": {
						"Tail1": { "rotationX": 0.0, "rotationY": 0.0, "rotationZ": 2.0 },
						"Neck1": { "rotationX": 0.0, "rotationY": 0.0, "rotationZ": 4.0 }
					}
				},
				{
					"frame": 2,
					"elements": {
						"Tail2": { "rotationX": 0.0, "rotationY": 0.0, "rotationZ": 4.0 },
						"Neck2": { "rotationX": 0.0, "rotationY": 0.0, "rotationZ": 2.0 }
					}
				},
				{
					"frame": 3,
					"elements": {
						"Tail3": { "rotationX": 0.0, "rotationY": 0.0, "rotationZ": 4.0 },
						"Head": { "rotationX": 0.0, "rotationY": 0.0, "rotationZ": 1.0 }
					}
				},
				{
					"frame": 4,
					"elements": {
						"Fluke Base": { "rotationX": 0.0, "rotationY": 0.0, "rotationZ": 8.0 }
					}
				},
				{
					"frame": 5,
					"elements": {
						"LFluke1": { "rotationX": 0.0, "rotationY": 0.0, "rotationZ": 8.0 },
						"RFluke1": { "rotationX": 0.0, "rotationY": 0.0, "rotationZ": 8.0 }
					}
				},
				{
					"frame": 15,
					"elements": {
						"Body": { "rotationX": 0.0, "rotationY": 0.0, "rotationZ": -1.0 },
						"R Shoulder": { "rotationX": -5.0, "rotationY": 0.0, "rotationZ": 0.0 },
						"L Shoulder": { "rotationX": 5.0, "rotationY": 0.0, "rotationZ": 0.0 }
					}
				},
				{
					"frame": 17,
					"elements": {
						"Tail1": { "rotationX": 0.0, "rotationY": 0.0, "rotationZ": -2.0 },
						"Neck1": { "rotationX": 0.0, "rotationY": 0.0, "rotationZ": -4.0 }
					}
				},
				{
					"frame": 19,
					"elements": {
						"Tail2": { "rotationX": 0.0, "rotationY": 0.0, "rotationZ": -4.0 },
						"Neck2": { "rotationX": 0.0, "rotationY": 0.0, "rotationZ": -2.0 }
					}
				},
				{
					"frame": 21,
					"elements": {
						"Tail3": { "rotationX": 0.0, "rotationY": 0.0, "rotationZ": -4.0 },
						"Head": { "rotationX": 0.0, "rotationY": 0.0, "rotationZ": -1.0 }
					}
				},
				{
					"frame": 23,
					"elements": {
						"Fluke Base": { "rotationX": 0.0, "rotationY": 0.0, "rotationZ": -8.0 }
					}
				},
				{
					"frame": 25,
					"elements": {
						"LFluke1": { "rotationX": 0.0, "rotationY": 0.0, "rotationZ": -8.0 },
						"RFluke1": { "rotationX": 0.0, "rotationY": 0.0, "rotationZ": -8.0 }
					}
				}
			]
		},

		{
			"name": "Swimfast",
			"code": "swimfast",
			"quantityframes": 30,
			"onActivityStopped": "EaseOut",
			"onAnimationEnd": "Repeat",
			"keyframes": [
				{
					"frame": 0,
					"elements": {
						"Body": { "offsetX": 0.0, "offsetY": -3.0, "offsetZ": 0.0, "rotationX": 0.0, "rotationY": 0.0, "rotationZ": 2.0 },
						"R Shoulder": { "rotationX": 7.0, "rotationY": 0.0, "rotationZ": 0.0 },
						"L Shoulder": { "rotationX": -7.0, "rotationY": 0.0, "rotationZ": 0.0 }
					}
				},
				{
					"frame": 1,
					"elements": {
						"Tail1": { "rotationX": 0.0, "rotationY": 0.0, "rotationZ": 3.0 },
						"Neck1": { "rotationX": 0.0, "rotationY": 0.0, "rotationZ": 6.0 }
					}
				},
				{
					"frame": 2,
					"elements": {
						"Tail2": { "rotationX": 0.0, "rotationY": 0.0, "rotationZ": 6.0 },
						"Neck2": { "rotationX": 0.0, "rotationY": 0.0, "rotationZ": 3.0 }
					}
				},
				{
					"frame": 3,
					"elements": {
						"Tail3": { "rotationX": 0.0, "rotationY": 0.0, "rotationZ": 6.0 },
						"Head": { "rotationX": 0.0, "rotationY": 0.0, "rotationZ": 2.0 }
					}
				},
				{
					"frame": 4,
					"elements": {
						"Fluke Base": { "rotationX": 0.0, "rotationY": 0.0, "rotationZ": 12.0 }
					}
				},
				{
					"frame": 5,
					"elements": {
						"LFluke1": { "rotationX": 0.0, "rotationY": 0.0, "rotationZ": 12.0 },
						"RFluke1": { "rotationX": 0.0, "rotationY": 0.0, "rotationZ": 12.0 }
					}
				},
				{
					"frame": 15,
					"elements": {
						"Body": { "rotationX": 0.0, "rotationY": 0.0, "rotationZ": -2.0 },
						"R Shoulder": { "rotationX": -7.0, "rotationY": 0.0, "rotationZ": 0.0 },
						"L Shoulder": { "rotationX": 7.0, "rotationY": 0.0, "rotationZ": 0.0 }
					}
				},
				{
					"frame": 17,
					"elements": {
						"Tail1": { "rotationX": 0.0, "rotationY": 0.0, "rotationZ": -3.0 },
						"Neck1": { "rotationX": 0.0, "rotationY": 0.0, "rotationZ": -6.0 }
					}
				},
				{
					"frame": 19,
					"elements": {
						"Tail2": { "rotationX": 0.0, "rotationY": 0.0, "rotationZ": -6.0 },
						"Neck2": { "rotationX": 0.0, "rotationY": 0.0, "rotationZ": -3.0 }
					}
				},
				{
					"frame": 21,
					"elements": {
						"Tail3": { "rotationX": 0.0, "rotationY": 0.0, "rotationZ": -6.0 },
						"Head": { "rotationX": 0.0, "rotationY": 0.0, "rotationZ": -2.0 }
					}
				},
				{
					"frame": 23,
					"elements": {
						"Fluke Base": { "rotationX": 0.0, "rotationY": 0.0, "rotationZ": -12.0 }
					}
				},
				{
					"frame": 25,
					"elements": {
						"LFluke1": { "rotationX": 0.0, "rotationY": 0.0, "rotationZ": -12.0 },
						"RFluke1": { "rotationX": 0.0, "rotationY": 0.0, "rotationZ": -12.0 }
					}
				}
			]
		},

		{
			"name": "Idle",
			"code": "idle",
			"quantityframes": 30,
			"onActivityStopped": "EaseOut",
			"onAnimationEnd": "Repeat",
			"keyframes": [
				{
					"frame": 0,
					"elements": {
						"Tail1": { "rotationX": 0.0, "rotationY": 0.0, "rotationZ": -4.0 },
						"Neck1": { "rotationX": 0.0, "rotationY": 0.0, "rotationZ": 2.0 },
						"R Shoulder": { "rotationX": -25.0, "rotationY": 0.0, "rotationZ": 0.0 },
						"R flipper": { "rotationX": -15.0, "rotationY": 0.0, "rotationZ": 0.0 },
						"R flipper rotation": { "rotationX": -5.0, "rotationY": 0.0, "rotationZ": 0.0 },
						"L Shoulder": { "rotationX": 25.0, "rotationY": 0.0, "rotationZ": 0.0 },
						"L flipper": { "rotationX": 15.0, "rotationY": 0.0, "rotationZ": 0.0 },
						"L flipper rotation": { "rotationX": 5.0, "rotationY": 0.0, "rotationZ": 0.0 },
						"Body": { "offsetX": 0.0, "offsetY": -2.5, "offsetZ": 0.0 }
					}
				},
				{
					"frame": 1,
					"elements": {
						"Tail2": { "rotationX": 0.0, "rotationY": 0.0, "rotationZ": -4.0 },
						"Neck2": { "rotationX": 0.0, "rotationY": 0.0, "rotationZ": 2.0 }
					}
				},
				{
					"frame": 2,
					"elements": {
						"Tail3": { "rotationX": 0.0, "rotationY": 0.0, "rotationZ": -4.0 },
						"Head": { "rotationX": 0.0, "rotationY": 0.0, "rotationZ": 2.0 }
					}
				},
				{
					"frame": 3,
					"elements": {
						"Fluke Base": { "rotationX": 0.0, "rotationY": 0.0, "rotationZ": -4.0 }
					}
				},
				{
					"frame": 4,
					"elements": {
						"LFluke1": { "rotationX": 0.0, "rotationY": 0.0, "rotationZ": -4.0 },
						"RFluke1": { "rotationX": 0.0, "rotationY": 0.0, "rotationZ": -4.0 }
					}
				},
				{
					"frame": 10,
					"elements": {
						"Tail1": { "rotationX": 0.0, "rotationY": 0.0, "rotationZ": -2.0 },
						"Neck1": { "rotationX": 0.0, "rotationY": 0.0, "rotationZ": 1.0 },
						"R Shoulder": { "rotationX": -15.0, "rotationY": 0.0, "rotationZ": 0.0 },
						"R flipper": { "rotationX": -10.0, "rotationY": 0.0, "rotationZ": 0.0 },
						"R flipper rotation": { "rotationX": -3.0, "rotationY": 0.0, "rotationZ": 0.0 },
						"L Shoulder": { "rotationX": 0.0, "rotationY": 0.0, "rotationZ": 0.0 },
						"L flipper": { "rotationX": 0.0, "rotationY": 0.0, "rotationZ": 0.0 },
						"L flipper rotation": { "rotationX": 0.0, "rotationY": 0.0, "rotationZ": 0.0 }
					}
				},
				{
					"frame": 12,
					"elements": {
						"Tail2": { "rotationX": 0.0, "rotationY": 0.0, "rotationZ": -2.0 },
						"Neck2": { "rotationX": 0.0, "rotationY": 0.0, "rotationZ": 1.0 }
					}
				},
				{
					"frame": 14,
					"elements": {
						"Tail3": { "rotationX": 0.0, "rotationY": 0.0, "rotationZ": -2.0 },
						"Head": { "rotationX": 0.0, "rotationY": 0.0, "rotationZ": 1.0 }
					}
				},
				{
					"frame": 16,
					"elements": {
						"Fluke Base": { "rotationX": 0.0, "rotationY": 0.0, "rotationZ": -2.0 }
					}
				},
				{
					"frame": 18,
					"elements": {
						"LFluke1": { "rotationX": 0.0, "rotationY": 0.0, "rotationZ": -2.0 },
						"RFluke1": { "rotationX": 0.0, "rotationY": 0.0, "rotationZ": -2.0 }
					}
				}
			]
		},

		{
			"name": "Dead-Floating",
			"code": "death",
			"quantityframes": 30,
			"onActivityStopped": "PlayTillEnd",
			"onAnimationEnd": "Hold",
			"keyframes": [
				{
					"frame": 0,
					"elements": {
						"Body": { "offsetX": 0.0, "offsetY": -3.0, "offsetZ": 0.0, "rotationX": 0.0, "rotationY": 0.0, "rotationZ": 0.0 },
						"Tail1": { "rotationX": 0.0, "rotationY": 0.0, "rotationZ": 0.0 },
						"Tail2": { "rotationX": 0.0, "rotationY": 0.0, "rotationZ": 0.0 },
						"Tail3": { "rotationX": 0.0, "rotationY": 0.0, "rotationZ": 0.0 },
						"Fluke Base": { "rotationX": 0.0, "rotationY": 0.0, "rotationZ": 0.0 },
						"Neck1": { "rotationX": 0.0, "rotationY": 0.0, "rotationZ": 0.0 },
						"Neck2": { "rotationX": 0.0, "rotationY": 0.0, "rotationZ": 0.0 },
						"Head": { "rotationX": 0.0, "rotationY": 0.0, "rotationZ": 0.0 },
						"Lower mouth": { "rotationX": 0.0, "rotationY": 0.0, "rotationZ": 0.0 },
						"R Shoulder": { "rotationX": 0.0, "rotationY": 0.0, "rotationZ": 0.0 },
						"R flipper": { "rotationX": 0.0, "rotationY": 0.0, "rotationZ": 0.0 },
						"R flipper rotation": { "rotationX": 0.0, "rotationY": 0.0, "rotationZ": 0.0 },
						"L Shoulder": { "rotationX": 0.0, "rotationY": 0.0, "rotationZ": 0.0 },
						"L flipper": { "rotationX": 0.0, "rotationY": 0.0, "rotationZ": 0.0 },
						"L flipper rotation": { "rotationX": 0.0, "rotationY": 0.0, "rotationZ": 0.0 }
					}
				},
				{
					"frame": 12,
					"elements": {
						"Body": { "offsetX": 0.0, "offsetY": -2.0, "offsetZ": 0.0, "rotationX": 5.0, "rotationY": 0.0, "rotationZ": 0.0 },
						"Tail1": { "rotationX": 0.0, "rotationY": -5.0, "rotationZ": -5.0 },
						"Tail2": { "rotationX": 0.0, "rotationY": -4.0, "rotationZ": -4.0 },
						"Tail3": { "rotationX": 0.0, "rotationY": -4.0, "rotationZ": -4.0 },
						"Fluke Base": { "rotationX": 0.0, "rotationY": -4.0, "rotationZ": -4.0 },
						"Neck1": { "rotationX": 0.0, "rotationY": 4.0, "rotationZ": 4.0 },
						"Neck2": { "rotationX": 0.0, "rotationY": 4.0, "rotationZ": 0.0 },
						"Head": { "rotationX": 0.0, "rotationY": 4.0, "rotationZ": 0.0 }
					}
				},
				{
					"frame": 28,
					"elements": {
						"Body": { "offsetX": 0.0, "offsetY": 4.0, "offsetZ": -5.0, "rotationX": -87.0, "rotationY": 0.0, "rotationZ": 0.0 },
						"Tail1": { "rotationX": 0.0, "rotationY": 5.0, "rotationZ": 0.0 },
						"Tail2": { "rotationX": 2.0, "rotationY": 8.0, "rotationZ": 0.0 },
						"Tail3": { "rotationX": 0.0, "rotationY": 12.0, "rotationZ": 0.0 },
						"Fluke Base": { "rotationX": 15.0, "rotationY": 5.0, "rotationZ": 0.0 },
						"Neck1": { "rotationX": 0.0, "rotationY": -5.0, "rotationZ": 0.0 },
						"Neck2": { "rotationX": 0.0, "rotationY": -5.0, "rotationZ": 0.0 },
						"Head": { "rotationX": 0.0, "rotationY": -3.0, "rotationZ": 0.0 },
						"Lower mouth": { "rotationX": 0.0, "rotationY": 0.0, "rotationZ": 20.0 },
						"R Shoulder": { "rotationX": 45.0, "rotationY": 0.0, "rotationZ": 0.0 },
						"R flipper": { "rotationX": 15.0, "rotationY": 0.0, "rotationZ": 0.0 },
						"R flipper rotation": { "rotationX": 5.0, "rotationY": 0.0, "rotationZ": 0.0 },
						"L Shoulder": { "rotationX": 15.0, "rotationY": 0.0, "rotationZ": 0.0 },
						"L flipper": { "rotationX": 15.0, "rotationY": 0.0, "rotationZ": 0.0 },
						"L flipper rotation": { "rotationX": 15.0, "rotationY": 0.0, "rotationZ": 0.0 }
					}
				}
			]
		},

		{
			"name": "Dead-Land",
			"code": "dead",
			"quantityframes": 10,
			"onActivityStopped": "PlayTillEnd",
			"onAnimationEnd": "Hold",
			"keyframes": [
				{
					"frame": 0,
					"elements": {
						"Body": { "offsetX": 0.0, "offsetY": -1.0, "offsetZ": 0.0, "rotationX": 0.0, "rotationY": 0.0, "rotationZ": 0.0 },
						"Tail1": { "rotationX": 0.0, "rotationY": 0.0, "rotationZ": -5.0 },
						"Tail2": { "rotationX": 0.0, "rotationY": 0.0, "rotationZ": -3.0 },
						"Tail3": { "rotationX": 0.0, "rotationY": 0.0, "rotationZ": -4.0 },
						"Fluke Base": { "rotationX": 0.0, "rotationY": 0.0, "rotationZ": 5.0 },
						"Head": { "rotationX": 0.0, "rotationY": 0.0, "rotationZ": -5.0 },
						"R Shoulder": { "rotationX": 45.0, "rotationY": 0.0, "rotationZ": 0.0 },
						"L Shoulder": { "rotationX": -45.0, "rotationY": 0.0, "rotationZ": 0.0 },
						"L flipper": { "rotationX": -5.0, "rotationY": 0.0, "rotationZ": 0.0 },
						"R flipper": { "rotationX": 5.0, "rotationY": 0.0, "rotationZ": 0.0 }
					}
				},
				{
					"frame": 8,
					"elements": {
						"Head": { "rotationX": 0.0, "rotationY": 0.0, "rotationZ": -2.0 }
					}
				}
			]
		},

		{
			"name": "Idle-Land",
			"code": "idle-land",
			"quantityframes": 20,
			"onActivityStopped": "EaseOut",
			"onAnimationEnd": "Repeat",
			"keyframes": [
				{
					"frame": 0,
					"elements": {
						"Body": { "offsetX": 0.0, "offsetY": -1.0, "offsetZ": 0.0, "rotationX": 0.0, "rotationY": 0.0, "rotationZ": 0.0 },
						"Tail1": { "rotationX": 0.0, "rotationY": 0.0, "rotationZ": -5.0 },
						"Tail2": { "rotationX": 0.0, "rotationY": 0.0, "rotationZ": -3.0 },
						"Tail3": { "rotationX": 0.0, "rotationY": 0.0, "rotationZ": -4.0 },
						"Fluke Base": { "rotationX": 0.0, "rotationY": 0.0, "rotationZ": 5.0 },
						"Head": { "rotationX": 0.0, "rotationY": 0.0, "rotationZ": -5.0 },
						"R Shoulder": { "rotationX": 45.0, "rotationY": 0.0, "rotationZ": 0.0 },
						"L Shoulder": { "rotationX": -45.0, "rotationY": 0.0, "rotationZ": 0.0 },
						"L flipper": { "rotationX": -5.0, "rotationY": 0.0, "rotationZ": 0.0 },
						"R flipper": { "rotationX": 5.0, "rotationY": 0.0, "rotationZ": 0.0 }
					}
				},
				{
					"frame": 10,
					"elements": {
						"Head": { "rotationX": 0.0, "rotationY": 0.0, "rotationZ": -2.0 },
						"R Shoulder": { "rotationX": 48.0, "rotationY": 0.0, "rotationZ": 0.0 },
						"R flipper": { "rotationX": 15.0, "rotationY": 0.0, "rotationZ": 0.0 },
						"L Shoulder": { "rotationX": -48.0, "rotationY": 0.0, "rotationZ": 0.0 },
						"L flipper": { "rotationX": -15.0, "rotationY": 0.0, "rotationZ": 0.0 },
						"Tail3": { "rotationX": 0.0, "rotationY": 0.0, "rotationZ": 0.0 }
					}
				}
			]
		},

		{
			"name": "Flopping",
			"code": "flopping",
			"quantityframes": 30,
			"onActivityStopped": "PlayTillEnd",
			"onAnimationEnd": "Repeat",
			"keyframes": [
				{
					"frame": 0,
					"elements": {
						"Body": { "offsetX": 0.0, "offsetY": -1.0, "offsetZ": 0.0, "rotationX": 0.0, "rotationY": 0.0, "rotationZ": 0.0 },
						"Tail1": { "rotationX": 0.0, "rotationY": 0.0, "rotationZ": -5.0 },
						"Tail2": { "rotationX": 0.0, "rotationY": 0.0, "rotationZ": -3.0 },
						"Tail3": { "rotationX": 0.0, "rotationY": 0.0, "rotationZ": -4.0 },
						"Fluke Base": { "rotationX": 0.0, "rotationY": 0.0, "rotationZ": 5.0 },
						"Head": { "rotationX": 0.0, "rotationY": 0.0, "rotationZ": -5.0 },
						"R Shoulder": { "rotationX": 45.0, "rotationY": 0.0, "rotationZ": 0.0 },
						"L Shoulder": { "rotationX": -45.0, "rotationY": 0.0, "rotationZ": 0.0 },
						"L flipper": { "rotationX": -5.0, "rotationY": 0.0, "rotationZ": 0.0 },
						"R flipper": { "rotationX": 5.0, "rotationY": 0.0, "rotationZ": 0.0 },
						"Neck1": { "rotationX": 0.0, "rotationY": 0.0, "rotationZ": 0.0 }
					}
				},
				{
					"frame": 4,
					"elements": {
						"Body": { "offsetX": 0.0, "offsetY": -1.0, "offsetZ": 0.0, "rotationX": -5.0, "rotationY": 0.0, "rotationZ": 0.0 },
						"R Shoulder": { "rotationX": 50.0, "rotationY": 0.0, "rotationZ": 0.0 },
						"L Shoulder": { "rotationX": -35.0, "rotationY": 0.0, "rotationZ": 0.0 },
						"Tail1": { "rotationX": 1.0, "rotationY": 0.0, "rotationZ": -5.0 },
						"Tail2": { "rotationX": 1.0, "rotationY": 0.0, "rotationZ": -3.0 },
						"Tail3": { "rotationX": 1.0, "rotationY": 0.0, "rotationZ": -4.0 },
						"Fluke Base": { "rotationX": 2.0, "rotationY": 0.0, "rotationZ": 5.0 },
						"Neck1": { "rotationX": 1.0, "rotationY": 0.0, "rotationZ": 0.0 }
					}
				},
				{
					"frame": 8,
					"elements": {
						"Body": { "offsetX": 0.0, "offsetY": -1.0, "offsetZ": 2.0, "rotationX": 15.0, "rotationY": 0.0, "rotationZ": 0.0 },
						"R Shoulder": { "rotationX": 15.0, "rotationY": 0.0, "rotationZ": 0.0 },
						"L Shoulder": { "rotationX": -67.5, "rotationY": 0.0, "rotationZ": 0.0 },
						"Tail1": { "rotationX": -3.0, "rotationY": -1.0, "rotationZ": -5.0 },
						"Tail2": { "rotationX": -3.0, "rotationY": -1.0, "rotationZ": -3.0 },
						"Tail3": { "rotationX": -3.0, "rotationY": -1.0, "rotationZ": -4.0 },
						"Fluke Base": { "rotationX": -6.0, "rotationY": -1.0, "rotationZ": 5.0 },
						"Neck1": { "rotationX": 4.0, "rotationY": 0.0, "rotationZ": 0.0 }
					}
				},
				{
					"frame": 10,
					"elements": {
						"Body": { "offsetX": 0.0, "offsetY": -1.0, "offsetZ": 2.0, "rotationX": 14.0, "rotationY": 0.0, "rotationZ": 0.0 }
					}
				},
				{
					"frame": 18,
					"elements": {
						"Body": { "offsetX": 0.0, "offsetY": 0.0, "offsetZ": -2.0, "rotationX": -29.0, "rotationY": 0.0, "rotationZ": 0.0 },
						"R Shoulder": { "rotationX": 0.0, "rotationY": 45.0, "rotationZ": 90.0 },
						"L Shoulder": { "rotationX": 0.0, "rotationY": 0.0, "rotationZ": 0.0 },
						"Tail1": { "rotationX": 6.0, "rotationY": 2.0, "rotationZ": -5.0 },
						"Tail2": { "rotationX": 6.0, "rotationY": 2.0, "rotationZ": -3.0 },
						"Tail3": { "rotationX": 6.0, "rotationY": 2.0, "rotationZ": -4.0 },
						"Fluke Base": { "rotationX": 12.0, "rotationY": 2.0, "rotationZ": 5.0 },
						"Neck1": { "rotationX": 0.0, "rotationY": 0.0, "rotationZ": 0.0 }
					}
				},
				{
					"frame": 20,
					"elements": {
						"Body": { "rotationX": -28.0, "rotationY": 0.0, "rotationZ": 0.0 }
					}
				}
			]
		},

		{
			"name": "Eat",
			"code": "eat",
			"quantityframes": 60,
			"onActivityStopped": "EaseOut",
			"onAnimationEnd": "Repeat",
			"keyframes": [
				{
					"frame": 0,
					"elements": {
						"Tail1": { "rotationX": 0.0, "rotationY": 0.0, "rotationZ": -4.0 },
						"Neck1": { "rotationX": 0.0, "rotationY": 0.0, "rotationZ": 2.0 },
						"R Shoulder": { "rotationX": -25.0, "rotationY": 0.0, "rotationZ": 0.0 },
						"R flipper": { "rotationX": -15.0, "rotationY": 0.0, "rotationZ": 0.0 },
						"R flipper rotation": { "rotationX": -5.0, "rotationY": 0.0, "rotationZ": 0.0 },
						"L Shoulder": { "rotationX": 25.0, "rotationY": 0.0, "rotationZ": 0.0 },
						"L flipper": { "rotationX": 15.0, "rotationY": 0.0, "rotationZ": 0.0 },
						"L flipper rotation": { "rotationX": 5.0, "rotationY": 0.0, "rotationZ": 0.0 },
						"Body": { "offsetX": 0.0, "offsetY": -3.0, "offsetZ": 0.0, "rotationX": 0.0, "rotationY": 0.0, "rotationZ": 10.0 },
						"Lower mouth": { "rotationX": 0.0, "rotationY": 0.0, "rotationZ": 0.0 },
						"Front mouth": { "rotationX": 0.0, "rotationY": 0.0, "rotationZ": 0.0 }
					}
				},
				{
					"frame": 1,
					"elements": {
						"Tail2": { "rotationX": 0.0, "rotationY": 0.0, "rotationZ": -4.0 },
						"Neck2": { "rotationX": 0.0, "rotationY": 0.0, "rotationZ": 2.0 }
					}
				},
				{
					"frame": 2,
					"elements": {
						"Tail3": { "rotationX": 0.0, "rotationY": 0.0, "rotationZ": -4.0 },
						"Head": { "rotationX": 0.0, "rotationY": 0.0, "rotationZ": 2.0 }
					}
				},
				{
					"frame": 3,
					"elements": {
						"Fluke Base": { "rotationX": 0.0, "rotationY": 0.0, "rotationZ": -4.0 }
					}
				},
				{
					"frame": 4,
					"elements": {
						"LFluke1": { "rotationX": 0.0, "rotationY": 0.0, "rotationZ": -4.0 },
						"RFluke1": { "rotationX": 0.0, "rotationY": 0.0, "rotationZ": -4.0 }
					}
				},
				{
					"frame": 10,
					"elements": {
						"Tail1": { "rotationX": 0.0, "rotationY": 0.0, "rotationZ": -2.0 },
						"Neck1": { "rotationX": 0.0, "rotationY": 0.0, "rotationZ": 1.0 },
						"R Shoulder": { "rotationX": 45.0, "rotationY": 0.0, "rotationZ": 0.0 },
						"R flipper": { "rotationX": -10.0, "rotationY": 0.0, "rotationZ": 0.0 },
						"R flipper rotation": { "rotationX": -3.0, "rotationY": 0.0, "rotationZ": 0.0 },
						"L Shoulder": { "rotationX": -45.0, "rotationY": 0.0, "rotationZ": 0.0 },
						"L flipper": { "rotationX": 0.0, "rotationY": 0.0, "rotationZ": 0.0 },
						"L flipper rotation": { "rotationX": 0.0, "rotationY": 0.0, "rotationZ": 0.0 },
						"Body": { "offsetX": 1.0, "offsetY": -1.0, "offsetZ": 0.0, "rotationX": 0.0, "rotationY": 0.0, "rotationZ": 10.0 },
						"Front mouth": { "rotationX": 0.0, "rotationY": 0.0, "rotationZ": -5.0 },
						"Lower mouth": { "rotationX": 0.0, "rotationY": 0.0, "rotationZ": 25.0 }
					}
				},
				{
					"frame": 12,
					"elements": {
						"Tail2": { "rotationX": 0.0, "rotationY": 0.0, "rotationZ": -2.0 },
						"Neck2": { "rotationX": 0.0, "rotationY": 0.0, "rotationZ": 1.0 }
					}
				},
				{
					"frame": 14,
					"elements": {
						"Tail3": { "rotationX": 0.0, "rotationY": 0.0, "rotationZ": -2.0 },
						"Head": { "rotationX": 0.0, "rotationY": 0.0, "rotationZ": 1.0 }
					}
				},
				{
					"frame": 16,
					"elements": {
						"Fluke Base": { "rotationX": 0.0, "rotationY": 0.0, "rotationZ": -2.0 }
					}
				},
				{
					"frame": 18,
					"elements": {
						"LFluke1": { "rotationX": 0.0, "rotationY": 0.0, "rotationZ": -2.0 },
						"RFluke1": { "rotationX": 0.0, "rotationY": 0.0, "rotationZ": -2.0 },
						"Lower mouth": { "rotationX": 0.0, "rotationY": 0.0, "rotationZ": 0.0 }
					}
				},
				{
					"frame": 30,
					"elements": {
						"Tail1": { "rotationX": 0.0, "rotationY": 0.0, "rotationZ": -4.0 },
						"Neck1": { "rotationX": 0.0, "rotationY": 0.0, "rotationZ": 2.0 },
						"R Shoulder": { "rotationX": -25.0, "rotationY": 0.0, "rotationZ": 0.0 },
						"R flipper": { "rotationX": -15.0, "rotationY": 0.0, "rotationZ": 0.0 },
						"R flipper rotation": { "rotationX": -5.0, "rotationY": 0.0, "rotationZ": 0.0 },
						"L Shoulder": { "rotationX": 25.0, "rotationY": 0.0, "rotationZ": 0.0 },
						"L flipper": { "rotationX": 15.0, "rotationY": 0.0, "rotationZ": 0.0 },
						"L flipper rotation": { "rotationX": 5.0, "rotationY": 0.0, "rotationZ": 0.0 },
						"Body": { "offsetX": 1.0, "offsetY": -2.0, "offsetZ": 0.0, "rotationX": 0.0, "rotationY": 0.0, "rotationZ": 5.0 },
						"Lower mouth": { "rotationX": 0.0, "rotationY": 0.0, "rotationZ": 20.0 }
					}
				},
				{
					"frame": 31,
					"elements": {
						"Tail2": { "rotationX": 0.0, "rotationY": 0.0, "rotationZ": -4.0 },
						"Neck2": { "rotationX": 0.0, "rotationY": 0.0, "rotationZ": 2.0 }
					}
				},
				{
					"frame": 32,
					"elements": {
						"Tail3": { "rotationX": 0.0, "rotationY": 0.0, "rotationZ": -4.0 },
						"Head": { "rotationX": 0.0, "rotationY": 0.0, "rotationZ": 2.0 }
					}
				},
				{
					"frame": 33,
					"elements": {
						"Fluke Base": { "rotationX": 0.0, "rotationY": 0.0, "rotationZ": -4.0 }
					}
				},
				{
					"frame": 34,
					"elements": {
						"LFluke1": { "rotationX": 0.0, "rotationY": 0.0, "rotationZ": -4.0 },
						"RFluke1": { "rotationX": 0.0, "rotationY": 0.0, "rotationZ": -4.0 }
					}
				},
				{
					"frame": 40,
					"elements": {
						"Tail1": { "rotationX": 0.0, "rotationY": 0.0, "rotationZ": -2.0 },
						"Neck1": { "rotationX": 0.0, "rotationY": 0.0, "rotationZ": 1.0 },
						"R Shoulder": { "rotationX": -15.0, "rotationY": 0.0, "rotationZ": 0.0 },
						"R flipper": { "rotationX": -10.0, "rotationY": 0.0, "rotationZ": 0.0 },
						"R flipper rotation": { "rotationX": -3.0, "rotationY": 0.0, "rotationZ": 0.0 },
						"L Shoulder": { "rotationX": 0.0, "rotationY": 0.0, "rotationZ": 0.0 },
						"L flipper": { "rotationX": 0.0, "rotationY": 0.0, "rotationZ": 0.0 },
						"L flipper rotation": { "rotationX": 0.0, "rotationY": 0.0, "rotationZ": 0.0 },
						"Lower mouth": { "rotationX": 0.0, "rotationY": 0.0, "rotationZ": 0.0 }
					}
				},
				{
					"frame": 42,
					"elements": {
						"Tail2": { "rotationX": 0.0, "rotationY": 0.0, "rotationZ": -2.0 },
						"Neck2": { "rotationX": 0.0, "rotationY": 0.0, "rotationZ": 1.0 }
					}
				},
				{
					"frame": 44,
					"elements": {
						"Tail3": { "rotationX": 0.0, "rotationY": 0.0, "rotationZ": -2.0 },
						"Head": { "rotationX": 0.0, "rotationY": 0.0, "rotationZ": 1.0 }
					}
				},
				{
					"frame": 46,
					"elements": {
						"Fluke Base": { "rotationX": 0.0, "rotationY": 0.0, "rotationZ": -2.0 }
					}
				},
				{
					"frame": 48,
					"elements": {
						"LFluke1": { "rotationX": 0.0, "rotationY": 0.0, "rotationZ": -2.0 },
						"RFluke1": { "rotationX": 0.0, "rotationY": 0.0, "rotationZ": -2.0 }
					}
				}
			]
		},

		{
			"name": "Hurt",
			"code": "hurt",
			"quantityframes": 20,
			"onActivityStopped": "EaseOut",
			"onAnimationEnd": "Stop",
			"keyframes": [
				{
					"frame": 0,
					"elements": {
						"Tail1": { "rotationX": 0.0, "rotationY": 0.0, "rotationZ": -4.0 },
						"Neck1": { "rotationX": 0.0, "rotationY": 0.0, "rotationZ": 2.0 },
						"R Shoulder": { "rotationX": -25.0, "rotationY": 0.0, "rotationZ": 0.0 },
						"R flipper": { "rotationX": -15.0, "rotationY": 0.0, "rotationZ": 0.0 },
						"R flipper rotation": { "rotationX": -5.0, "rotationY": 0.0, "rotationZ": 0.0 },
						"L Shoulder": { "rotationX": 25.0, "rotationY": 0.0, "rotationZ": 0.0 },
						"L flipper": { "rotationX": 15.0, "rotationY": 0.0, "rotationZ": 0.0 },
						"L flipper rotation": { "rotationX": 5.0, "rotationY": 0.0, "rotationZ": 0.0 },
						"Tail2": { "rotationX": 0.0, "rotationY": 0.0, "rotationZ": 0.0 },
						"Tail3": { "rotationX": 0.0, "rotationY": 0.0, "rotationZ": 0.0 },
						"Fluke Base": { "rotationX": 0.0, "rotationY": 0.0, "rotationZ": 0.0 },
						"Neck2": { "rotationX": 0.0, "rotationY": 0.0, "rotationZ": 0.0 },
						"Head": { "rotationX": 0.0, "rotationY": 0.0, "rotationZ": 0.0 },
						"Body": { "offsetX": 0.0, "offsetY": -3.0, "offsetZ": 0.0, "rotationX": 0.0, "rotationY": 0.0, "rotationZ": 0.0 }
					}
				},
				{
					"frame": 7,
					"elements": {
						"Body": { "rotationX": 9.0, "rotationY": 0.0, "rotationZ": 0.0 },
						"Tail1": { "rotationX": 0.0, "rotationY": -4.0, "rotationZ": 4.0 },
						"Tail2": { "rotationX": 0.0, "rotationY": -4.0, "rotationZ": 4.0 },
						"Tail3": { "rotationX": 0.0, "rotationY": -4.0, "rotationZ": 4.0 },
						"Fluke Base": { "rotationX": 0.0, "rotationY": -4.0, "rotationZ": 4.0 },
						"Neck1": { "rotationX": 0.0, "rotationY": -4.0, "rotationZ": 4.0 },
						"Neck2": { "rotationX": 0.0, "rotationY": -4.0, "rotationZ": 4.0 },
						"Head": { "rotationX": 0.0, "rotationY": -4.0, "rotationZ": 4.0 },
						"R Shoulder": { "rotationX": 0.0, "rotationY": 0.0, "rotationZ": 0.0 },
						"R flipper": { "rotationX": 0.0, "rotationY": 0.0, "rotationZ": 0.0 },
						"R flipper rotation": { "rotationX": 0.0, "rotationY": 0.0, "rotationZ": 0.0 },
						"L Shoulder": { "rotationX": 0.0, "rotationY": 0.0, "rotationZ": 0.0 },
						"L flipper": { "rotationX": 0.0, "rotationY": 0.0, "rotationZ": 0.0 },
						"L flipper rotation": { "rotationX": 0.0, "rotationY": 0.0, "rotationZ": 0.0 }
					}
				},
				{
					"frame": 14,
					"elements": {
						"Body": { "rotationX": -4.0, "rotationY": 0.0, "rotationZ": 0.0 },
						"Tail1": { "rotationX": 2.0, "rotationY": 2.0, "rotationZ": -2.0 },
						"Tail2": { "rotationX": 2.0, "rotationY": 2.0, "rotationZ": -2.0 },
						"Tail3": { "rotationX": 2.0, "rotationY": 2.0, "rotationZ": -2.0 },
						"Fluke Base": { "rotationX": 2.0, "rotationY": 2.0, "rotationZ": -2.0 },
						"Neck1": { "rotationX": 0.0, "rotationY": 4.0, "rotationZ": 0.0 },
						"Neck2": { "rotationX": 0.0, "rotationY": 4.0, "rotationZ": 0.0 },
						"Head": { "rotationX": 0.0, "rotationY": 4.0, "rotationZ": 0.0 }
					}
				}
			]
		}
	]
}