{
	"editor": {
		"allAngles": false,
		"entityTextureMode": false
	},
	"textureWidth": 16,
	"textureHeight": 16,
	"textureSizes": {
	},
	"textures": {
	},
	"elements": [
		{
			"name": "Origin",
			"from": [ 4.0, 0.0, 4.0 ], 
			"to": [ 4.0, 0.0, 4.0 ], 
			"rotationOrigin": [ 8.0, 0.0, 8.0 ],
			"faces": {
				"north": { "texture": "#material", "uv": [ 0.0, 0.0, 0.5, 0.5 ] },
				"east": { "texture": "#material", "uv": [ 0.0, 0.0, 0.5, 0.5 ] },
				"south": { "texture": "#material", "uv": [ 0.0, 0.0, 0.5, 0.5 ] },
				"west": { "texture": "#material", "uv": [ 0.0, 0.0, 0.5, 0.5 ] },
				"up": { "texture": "#material", "uv": [ 0.0, 0.0, 0.5, 0.5 ] },
				"down": { "texture": "#material", "uv": [ 0.0, 0.0, 0.5, 0.5 ] }
			},
			"children": [
				{
					"name": "Base",
					"from": [ 0.0, 0.0, 0.0 ], 
					"to": [ 0.0, 0.0, 0.0 ], 
					"faces": {
						"north": { "texture": "#material", "uv": [ 0.0, 0.0, 0.5, 0.5 ] },
						"east": { "texture": "#material", "uv": [ 0.0, 0.0, 0.5, 0.5 ] },
						"south": { "texture": "#material", "uv": [ 0.0, 0.0, 0.5, 0.5 ] },
						"west": { "texture": "#material", "uv": [ 0.0, 0.0, 0.5, 0.5 ] },
						"up": { "texture": "#material", "uv": [ 0.0, 0.0, 0.5, 0.5 ] },
						"down": { "texture": "#material", "uv": [ 0.0, 0.0, 0.5, 0.5 ] }
					},
					"children": [
						{
							"name": "BaseSole",
							"from": [ 1.0, 0.0, 1.0 ], 
							"to": [ 7.0, 2.0, 7.0 ], 
							"rotationOrigin": [ 1.0, 0.0, 1.0 ],
							"faces": {
								"north": { "texture": "#material", "uv": [ 0.0, 0.0, 6.0, 2.0 ] },
								"east": { "texture": "#material", "uv": [ 0.0, 0.0, 6.0, 2.0 ] },
								"south": { "texture": "#material", "uv": [ 0.0, 0.0, 6.0, 2.0 ] },
								"west": { "texture": "#material", "uv": [ 0.0, 0.0, 6.0, 2.0 ] },
								"up": { "texture": "#material", "uv": [ 0.0, 0.0, 6.0, 6.0 ] },
								"down": { "texture": "#material", "uv": [ 0.0, 0.0, 6.0, 6.0 ] }
							}
						},
						{
							"name": "BaseAnkle",
							"from": [ 1.0, 3.0, 1.0 ], 
							"to": [ 7.0, 4.0, 7.0 ], 
							"rotationOrigin": [ 1.0, 3.0, 1.0 ],
							"faces": {
								"north": { "texture": "#material", "uv": [ 0.0, 0.0, 6.0, 1.0 ] },
								"east": { "texture": "#material", "uv": [ 0.0, 0.0, 6.0, 1.0 ] },
								"south": { "texture": "#material", "uv": [ 0.0, 0.0, 6.0, 1.0 ] },
								"west": { "texture": "#material", "uv": [ 0.0, 0.0, 6.0, 1.0 ] },
								"up": { "texture": "#material", "uv": [ 0.0, 0.0, 6.0, 6.0 ] },
								"down": { "texture": "#material", "uv": [ 0.0, 0.0, 6.0, 6.0 ] }
							}
						},
						{
							"name": "BaseCore",
							"from": [ 2.0, 0.0, 2.0 ], 
							"to": [ 6.0, 10.0, 6.0 ], 
							"rotationOrigin": [ 2.0, 0.0, 2.0 ],
							"faces": {
								"north": { "texture": "#material", "uv": [ 0.0, 0.0, 4.0, 10.0 ] },
								"east": { "texture": "#material", "uv": [ 0.0, 0.0, 4.0, 10.0 ] },
								"south": { "texture": "#material", "uv": [ 0.0, 0.0, 4.0, 10.0 ] },
								"west": { "texture": "#material", "uv": [ 0.0, 0.0, 4.0, 10.0 ] },
								"up": { "texture": "#material", "uv": [ 0.0, 0.0, 4.0, 4.0 ] },
								"down": { "texture": "#material", "uv": [ 0.0, 0.0, 4.0, 4.0 ] }
							}
						}
					]
				},
				{
					"name": "Head",
					"from": [ 0.0, 0.0, 0.0 ], 
					"to": [ 0.0, 0.0, 0.0 ], 
					"faces": {
						"north": { "texture": "#material", "uv": [ 0.0, 0.0, 0.5, 0.5 ] },
						"east": { "texture": "#material", "uv": [ 0.0, 0.0, 0.5, 0.5 ] },
						"south": { "texture": "#material", "uv": [ 0.0, 0.0, 0.5, 0.5 ] },
						"west": { "texture": "#material", "uv": [ 0.0, 0.0, 0.5, 0.5 ] },
						"up": { "texture": "#material", "uv": [ 0.0, 0.0, 0.5, 0.5 ] },
						"down": { "texture": "#material", "uv": [ 0.0, 0.0, 0.5, 0.5 ] }
					},
					"children": [
						{
							"name": "ChestBack",
							"from": [ 2.0, 5.0, 6.0 ], 
							"to": [ 6.0, 10.0, 7.0 ], 
							"rotationOrigin": [ 2.0, 5.0, 6.0 ],
							"faces": {
								"north": { "texture": "#material", "uv": [ 0.0, 0.0, 4.0, 5.0 ] },
								"east": { "texture": "#material", "uv": [ 0.0, 0.0, 1.0, 5.0 ] },
								"south": { "texture": "#material", "uv": [ 0.0, 0.0, 4.0, 5.0 ] },
								"west": { "texture": "#material", "uv": [ 0.0, 0.0, 1.0, 5.0 ] },
								"up": { "texture": "#material", "uv": [ 0.0, 0.0, 4.0, 1.0 ] },
								"down": { "texture": "#material", "uv": [ 0.0, 0.0, 4.0, 1.0 ] }
							}
						},
						{
							"name": "ChestFront",
							"from": [ 2.0, 6.0, 7.0 ], 
							"to": [ 6.0, 9.0, 8.0 ], 
							"rotationOrigin": [ 2.0, 6.0, 7.0 ],
							"faces": {
								"north": { "texture": "#material", "uv": [ 0.0, 0.0, 4.0, 3.0 ] },
								"east": { "texture": "#material", "uv": [ 0.0, 0.0, 1.0, 3.0 ] },
								"south": { "texture": "#material", "uv": [ 0.0, 0.0, 4.0, 3.0 ] },
								"west": { "texture": "#material", "uv": [ 0.0, 0.0, 1.0, 3.0 ] },
								"up": { "texture": "#material", "uv": [ 0.0, 0.0, 4.0, 1.0 ] },
								"down": { "texture": "#material", "uv": [ 0.0, 0.0, 4.0, 1.0 ] }
							}
						},
						{
							"name": "Back",
							"from": [ 2.0, 5.0, 1.0 ], 
							"to": [ 6.0, 14.0, 5.0 ], 
							"rotationOrigin": [ 2.0, 5.0, 1.0 ],
							"faces": {
								"north": { "texture": "#material", "uv": [ 0.0, 0.0, 4.0, 9.0 ] },
								"east": { "texture": "#material", "uv": [ 0.0, 0.0, 4.0, 9.0 ] },
								"south": { "texture": "#material", "uv": [ 0.0, 0.0, 4.0, 9.0 ] },
								"west": { "texture": "#material", "uv": [ 0.0, 0.0, 4.0, 9.0 ] },
								"up": { "texture": "#material", "uv": [ 0.0, 0.0, 4.0, 4.0 ] },
								"down": { "texture": "#material", "uv": [ 0.0, 0.0, 4.0, 4.0 ] }
							}
						},
						{
							"name": "Forehead",
							"from": [ 2.0, 14.0, 2.0 ], 
							"to": [ 6.0, 15.0, 7.0 ], 
							"rotationOrigin": [ 2.0, 14.0, 2.0 ],
							"faces": {
								"north": { "texture": "#material", "uv": [ 0.0, 0.0, 4.0, 1.0 ] },
								"east": { "texture": "#material", "uv": [ 0.0, 0.0, 5.0, 1.0 ] },
								"south": { "texture": "#material", "uv": [ 0.0, 0.0, 4.0, 1.0 ] },
								"west": { "texture": "#material", "uv": [ 0.0, 0.0, 5.0, 1.0 ] },
								"up": { "texture": "#material", "uv": [ 0.0, 0.0, 4.0, 5.0 ] },
								"down": { "texture": "#material", "uv": [ 0.0, 0.0, 4.0, 5.0 ] }
							}
						},
						{
							"name": "Jaw",
							"from": [ 2.0, 12.0, 3.0 ], 
							"to": [ 6.0, 13.0, 8.0 ], 
							"rotationOrigin": [ 2.0, 12.0, 3.0 ],
							"faces": {
								"north": { "texture": "#material", "uv": [ 0.0, 0.0, 4.0, 1.0 ] },
								"east": { "texture": "#material", "uv": [ 0.0, 0.0, 5.0, 1.0 ] },
								"south": { "texture": "#material", "uv": [ 0.0, 0.0, 4.0, 1.0 ] },
								"west": { "texture": "#material", "uv": [ 0.0, 0.0, 5.0, 1.0 ] },
								"up": { "texture": "#material", "uv": [ 0.0, 0.0, 4.0, 5.0 ] },
								"down": { "texture": "#material", "uv": [ 0.0, 0.0, 4.0, 5.0 ] }
							}
						},
						{
							"name": "Nose",
							"from": [ 2.0, 13.0, 6.0 ], 
							"to": [ 6.0, 14.0, 8.0 ], 
							"rotationOrigin": [ 2.0, 13.0, 6.0 ],
							"faces": {
								"north": { "texture": "#material", "uv": [ 0.0, 0.0, 4.0, 1.0 ] },
								"east": { "texture": "#material", "uv": [ 0.0, 0.0, 2.0, 1.0 ] },
								"south": { "texture": "#material", "uv": [ 0.0, 0.0, 4.0, 1.0 ] },
								"west": { "texture": "#material", "uv": [ 0.0, 0.0, 2.0, 1.0 ] },
								"up": { "texture": "#material", "uv": [ 0.0, 0.0, 4.0, 2.0 ] },
								"down": { "texture": "#material", "uv": [ 0.0, 0.0, 4.0, 2.0 ] }
							}
						}
					]
				},
				{
					"name": "Hair",
					"from": [ 0.0, 0.0, 0.0 ], 
					"to": [ 0.0, 0.0, 0.0 ], 
					"faces": {
						"north": { "texture": "#null", "uv": [ 0.0, 0.0, 0.5, 0.5 ] },
						"east": { "texture": "#null", "uv": [ 0.0, 0.0, 0.5, 0.5 ] },
						"south": { "texture": "#null", "uv": [ 0.0, 0.0, 0.5, 0.5 ] },
						"west": { "texture": "#null", "uv": [ 0.0, 0.0, 0.5, 0.5 ] },
						"up": { "texture": "#null", "uv": [ 0.0, 0.0, 0.5, 0.5 ] },
						"down": { "texture": "#null", "uv": [ 0.0, 0.0, 0.5, 0.5 ] }
					},
					"children": [
						{
							"name": "HairBase",
							"from": [ 3.0, 5.0, 0.0 ], 
							"to": [ 5.0, 16.0, 5.0 ], 
							"rotationOrigin": [ 3.0, 5.0, 0.0 ],
							"faces": {
								"north": { "texture": "#material", "uv": [ 0.0, 0.0, 2.0, 11.0 ] },
								"east": { "texture": "#material", "uv": [ 0.0, 0.0, 5.0, 11.0 ] },
								"south": { "texture": "#material", "uv": [ 0.0, 0.0, 2.0, 11.0 ] },
								"west": { "texture": "#material", "uv": [ 0.0, 0.0, 5.0, 11.0 ] },
								"up": { "texture": "#material", "uv": [ 0.0, 0.0, 2.0, 5.0 ] },
								"down": { "texture": "#material", "uv": [ 0.0, 0.0, 2.0, 5.0 ] }
							}
						},
						{
							"name": "SpikeTop1",
							"from": [ 3.0, 15.0, 5.0 ], 
							"to": [ 5.0, 17.0, 6.0 ], 
							"rotationOrigin": [ 3.0, 15.0, 5.0 ],
							"faces": {
								"north": { "texture": "#material", "uv": [ 0.0, 0.0, 2.0, 2.0 ] },
								"east": { "texture": "#material", "uv": [ 0.0, 0.0, 1.0, 2.0 ] },
								"south": { "texture": "#material", "uv": [ 0.0, 0.0, 2.0, 2.0 ] },
								"west": { "texture": "#material", "uv": [ 0.0, 0.0, 1.0, 2.0 ] },
								"up": { "texture": "#material", "uv": [ 0.0, 0.0, 2.0, 1.0 ] },
								"down": { "texture": "#material", "uv": [ 0.0, 0.0, 2.0, 1.0 ] }
							}
						},
						{
							"name": "SpikeTop2",
							"from": [ 3.0, 15.0, 3.0 ], 
							"to": [ 5.0, 17.0, 4.0 ], 
							"rotationOrigin": [ 3.0, 15.0, 3.0 ],
							"faces": {
								"north": { "texture": "#material", "uv": [ 0.0, 0.0, 2.0, 2.0 ] },
								"east": { "texture": "#material", "uv": [ 0.0, 0.0, 1.0, 2.0 ] },
								"south": { "texture": "#material", "uv": [ 0.0, 0.0, 2.0, 2.0 ] },
								"west": { "texture": "#material", "uv": [ 0.0, 0.0, 1.0, 2.0 ] },
								"up": { "texture": "#material", "uv": [ 0.0, 0.0, 2.0, 1.0 ] },
								"down": { "texture": "#material", "uv": [ 0.0, 0.0, 2.0, 1.0 ] }
							}
						},
						{
							"name": "SpikeTop3",
							"from": [ 3.0, 15.0, 1.0 ], 
							"to": [ 5.0, 17.0, 2.0 ], 
							"rotationOrigin": [ 3.0, 15.0, 1.0 ],
							"faces": {
								"north": { "texture": "#material", "uv": [ 0.0, 0.0, 2.0, 2.0 ] },
								"east": { "texture": "#material", "uv": [ 0.0, 0.0, 1.0, 2.0 ] },
								"south": { "texture": "#material", "uv": [ 0.0, 0.0, 2.0, 2.0 ] },
								"west": { "texture": "#material", "uv": [ 0.0, 0.0, 1.0, 2.0 ] },
								"up": { "texture": "#material", "uv": [ 0.0, 0.0, 2.0, 1.0 ] },
								"down": { "texture": "#material", "uv": [ 0.0, 0.0, 2.0, 1.0 ] }
							}
						},
						{
							"name": "SpikeBack1",
							"from": [ 3.0, 14.0, -1.0 ], 
							"to": [ 5.0, 15.0, 1.0 ], 
							"rotationOrigin": [ 3.0, 14.0, -1.0 ],
							"faces": {
								"north": { "texture": "#material", "uv": [ 0.0, 0.0, 2.0, 1.0 ] },
								"east": { "texture": "#material", "uv": [ 0.0, 0.0, 2.0, 1.0 ] },
								"south": { "texture": "#material", "uv": [ 0.0, 0.0, 2.0, 1.0 ] },
								"west": { "texture": "#material", "uv": [ 0.0, 0.0, 2.0, 1.0 ] },
								"up": { "texture": "#material", "uv": [ 0.0, 0.0, 2.0, 2.0 ] },
								"down": { "texture": "#material", "uv": [ 0.0, 0.0, 2.0, 2.0 ] }
							}
						},
						{
							"name": "SpikeBack2",
							"from": [ 3.0, 12.0, -1.0 ], 
							"to": [ 5.0, 13.0, 1.0 ], 
							"rotationOrigin": [ 3.0, 12.0, -1.0 ],
							"faces": {
								"north": { "texture": "#material", "uv": [ 0.0, 0.0, 2.0, 1.0 ] },
								"east": { "texture": "#material", "uv": [ 0.0, 0.0, 2.0, 1.0 ] },
								"south": { "texture": "#material", "uv": [ 0.0, 0.0, 2.0, 1.0 ] },
								"west": { "texture": "#material", "uv": [ 0.0, 0.0, 2.0, 1.0 ] },
								"up": { "texture": "#material", "uv": [ 0.0, 0.0, 2.0, 2.0 ] },
								"down": { "texture": "#material", "uv": [ 0.0, 0.0, 2.0, 2.0 ] }
							}
						},
						{
							"name": "SpikeBack3",
							"from": [ 3.0, 10.0, -1.0 ], 
							"to": [ 5.0, 11.0, 1.0 ], 
							"rotationOrigin": [ 3.0, 10.0, -1.0 ],
							"faces": {
								"north": { "texture": "#material", "uv": [ 0.0, 0.0, 2.0, 1.0 ] },
								"east": { "texture": "#material", "uv": [ 0.0, 0.0, 2.0, 1.0 ] },
								"south": { "texture": "#material", "uv": [ 0.0, 0.0, 2.0, 1.0 ] },
								"west": { "texture": "#material", "uv": [ 0.0, 0.0, 2.0, 1.0 ] },
								"up": { "texture": "#material", "uv": [ 0.0, 0.0, 2.0, 2.0 ] },
								"down": { "texture": "#material", "uv": [ 0.0, 0.0, 2.0, 2.0 ] }
							}
						},
						{
							"name": "SpikeBack4",
							"from": [ 3.0, 8.0, -1.0 ], 
							"to": [ 5.0, 9.0, 1.0 ], 
							"rotationOrigin": [ 3.0, 8.0, -1.0 ],
							"faces": {
								"north": { "texture": "#material", "uv": [ 0.0, 0.0, 2.0, 1.0 ] },
								"east": { "texture": "#material", "uv": [ 0.0, 0.0, 2.0, 1.0 ] },
								"south": { "texture": "#material", "uv": [ 0.0, 0.0, 2.0, 1.0 ] },
								"west": { "texture": "#material", "uv": [ 0.0, 0.0, 2.0, 1.0 ] },
								"up": { "texture": "#material", "uv": [ 0.0, 0.0, 2.0, 2.0 ] },
								"down": { "texture": "#material", "uv": [ 0.0, 0.0, 2.0, 2.0 ] }
							}
						},
						{
							"name": "SpikeBack5",
							"from": [ 3.0, 6.0, -1.0 ], 
							"to": [ 5.0, 7.0, 1.0 ], 
							"rotationOrigin": [ 3.0, 6.0, -1.0 ],
							"faces": {
								"north": { "texture": "#material", "uv": [ 0.0, 0.0, 2.0, 1.0 ] },
								"east": { "texture": "#material", "uv": [ 0.0, 0.0, 2.0, 1.0 ] },
								"south": { "texture": "#material", "uv": [ 0.0, 0.0, 2.0, 1.0 ] },
								"west": { "texture": "#material", "uv": [ 0.0, 0.0, 2.0, 1.0 ] },
								"up": { "texture": "#material", "uv": [ 0.0, 0.0, 2.0, 2.0 ] },
								"down": { "texture": "#material", "uv": [ 0.0, 0.0, 2.0, 2.0 ] }
							}
						}
					]
				}
			]
		}
	]}