{
	"editor": {
		"allAngles": false,
		"entityTextureMode": false
	},
	"textureWidth": 16,
	"textureHeight": 16,
	"textureSizes": {
	},
	"textures": {
	},
	"elements": [
		{
			"name": "Origin",
			"from": [ 4.0, 0.0, 4.0 ], 
			"to": [ 4.0, 0.0, 4.0 ], 
			"rotationOrigin": [ 8.0, 0.0, 8.0 ],
			"faces": {
				"north": { "texture": "#material", "uv": [ 0.0, 0.0, 0.5, 0.5 ] },
				"east": { "texture": "#material", "uv": [ 0.0, 0.0, 0.5, 0.5 ] },
				"south": { "texture": "#material", "uv": [ 0.0, 0.0, 0.5, 0.5 ] },
				"west": { "texture": "#material", "uv": [ 0.0, 0.0, 0.5, 0.5 ] },
				"up": { "texture": "#material", "uv": [ 0.0, 0.0, 0.5, 0.5 ] },
				"down": { "texture": "#material", "uv": [ 0.0, 0.0, 0.5, 0.5 ] }
			},
			"children": [
				{
					"name": "Base",
					"from": [ 0.0, 0.0, 0.0 ], 
					"to": [ 0.0, 0.0, 0.0 ], 
					"faces": {
						"north": { "texture": "#material", "uv": [ 0.0, 0.0, 0.5, 0.5 ] },
						"east": { "texture": "#material", "uv": [ 0.0, 0.0, 0.5, 0.5 ] },
						"south": { "texture": "#material", "uv": [ 0.0, 0.0, 0.5, 0.5 ] },
						"west": { "texture": "#material", "uv": [ 0.0, 0.0, 0.5, 0.5 ] },
						"up": { "texture": "#material", "uv": [ 0.0, 0.0, 0.5, 0.5 ] },
						"down": { "texture": "#material", "uv": [ 0.0, 0.0, 0.5, 0.5 ] }
					},
					"children": [
						{
							"name": "BaseSole",
							"from": [ 0.0, 0.0, 0.0 ], 
							"to": [ 8.0, 2.0, 8.0 ], 
							"faces": {
								"north": { "texture": "#material", "uv": [ 0.0, 0.0, 8.0, 2.0 ] },
								"east": { "texture": "#material", "uv": [ 0.0, 0.0, 8.0, 2.0 ] },
								"south": { "texture": "#material", "uv": [ 0.0, 0.0, 8.0, 2.0 ] },
								"west": { "texture": "#material", "uv": [ 0.0, 0.0, 8.0, 2.0 ] },
								"up": { "texture": "#material", "uv": [ 0.0, 0.0, 8.0, 8.0 ] },
								"down": { "texture": "#material", "uv": [ 0.0, 0.0, 8.0, 8.0 ] }
							}
						},
						{
							"name": "BaseAnkle",
							"from": [ 0.0, 3.0, 0.0 ], 
							"to": [ 8.0, 4.0, 8.0 ], 
							"rotationOrigin": [ 0.0, 3.0, 0.0 ],
							"faces": {
								"north": { "texture": "#material", "uv": [ 0.0, 0.0, 8.0, 1.0 ] },
								"east": { "texture": "#material", "uv": [ 0.0, 0.0, 8.0, 1.0 ] },
								"south": { "texture": "#material", "uv": [ 0.0, 0.0, 8.0, 1.0 ] },
								"west": { "texture": "#material", "uv": [ 0.0, 0.0, 8.0, 1.0 ] },
								"up": { "texture": "#material", "uv": [ 0.0, 0.0, 8.0, 8.0 ] },
								"down": { "texture": "#material", "uv": [ 0.0, 0.0, 8.0, 8.0 ] }
							}
						},
						{
							"name": "BaseCore",
							"from": [ 2.0, 0.0, 2.0 ], 
							"to": [ 6.0, 21.0, 6.0 ], 
							"rotationOrigin": [ 2.0, 0.0, 2.0 ],
							"faces": {
								"north": { "texture": "#material", "uv": [ 0.0, 0.0, 4.0, 21.0 ] },
								"east": { "texture": "#material", "uv": [ 0.0, 0.0, 4.0, 21.0 ] },
								"south": { "texture": "#material", "uv": [ 0.0, 0.0, 4.0, 21.0 ] },
								"west": { "texture": "#material", "uv": [ 0.0, 0.0, 4.0, 21.0 ] },
								"up": { "texture": "#material", "uv": [ 0.0, 0.0, 4.0, 4.0 ] },
								"down": { "texture": "#material", "uv": [ 0.0, 0.0, 4.0, 4.0 ] }
							}
						},
						{
							"name": "BaseCollar",
							"from": [ 1.0, 15.0, 1.0 ], 
							"to": [ 7.0, 17.0, 7.0 ], 
							"rotationOrigin": [ 1.0, 15.0, 1.0 ],
							"faces": {
								"north": { "texture": "#material", "uv": [ 0.0, 0.0, 6.0, 2.0 ] },
								"east": { "texture": "#material", "uv": [ 0.0, 0.0, 6.0, 2.0 ] },
								"south": { "texture": "#material", "uv": [ 0.0, 0.0, 6.0, 2.0 ] },
								"west": { "texture": "#material", "uv": [ 0.0, 0.0, 6.0, 2.0 ] },
								"up": { "texture": "#material", "uv": [ 0.0, 0.0, 6.0, 6.0 ] },
								"down": { "texture": "#material", "uv": [ 0.0, 0.0, 6.0, 6.0 ] }
							}
						},
						{
							"name": "BaseOuterCore",
							"from": [ 1.0, 0.0, 1.0 ], 
							"to": [ 7.0, 7.0, 7.0 ], 
							"rotationOrigin": [ 1.0, 0.0, 1.0 ],
							"faces": {
								"north": { "texture": "#material", "uv": [ 0.0, 0.0, 6.0, 7.0 ] },
								"east": { "texture": "#material", "uv": [ 0.0, 0.0, 6.0, 7.0 ] },
								"south": { "texture": "#material", "uv": [ 0.0, 0.0, 6.0, 7.0 ] },
								"west": { "texture": "#material", "uv": [ 0.0, 0.0, 6.0, 7.0 ] },
								"up": { "texture": "#material", "uv": [ 0.0, 0.0, 6.0, 6.0 ] },
								"down": { "texture": "#material", "uv": [ 0.0, 0.0, 6.0, 6.0 ] }
							}
						}
					]
				},
				{
					"name": "Head",
					"from": [ 0.0, 0.0, 0.0 ], 
					"to": [ 0.0, 0.0, 0.0 ], 
					"faces": {
						"north": { "texture": "#material", "uv": [ 0.0, 0.0, 0.5, 0.5 ] },
						"east": { "texture": "#material", "uv": [ 0.0, 0.0, 0.5, 0.5 ] },
						"south": { "texture": "#material", "uv": [ 0.0, 0.0, 0.5, 0.5 ] },
						"west": { "texture": "#material", "uv": [ 0.0, 0.0, 0.5, 0.5 ] },
						"up": { "texture": "#material", "uv": [ 0.0, 0.0, 0.5, 0.5 ] },
						"down": { "texture": "#material", "uv": [ 0.0, 0.0, 0.5, 0.5 ] }
					},
					"children": [
						{
							"name": "CrenelationBase",
							"from": [ 1.0, 18.0, 1.0 ], 
							"to": [ 7.0, 19.0, 7.0 ], 
							"rotationOrigin": [ 1.0, 18.0, 1.0 ],
							"faces": {
								"north": { "texture": "#material", "uv": [ 0.0, 0.0, 6.0, 1.0 ] },
								"east": { "texture": "#material", "uv": [ 0.0, 0.0, 6.0, 1.0 ] },
								"south": { "texture": "#material", "uv": [ 0.0, 0.0, 6.0, 1.0 ] },
								"west": { "texture": "#material", "uv": [ 0.0, 0.0, 6.0, 1.0 ] },
								"up": { "texture": "#material", "uv": [ 0.0, 0.0, 6.0, 6.0 ] },
								"down": { "texture": "#material", "uv": [ 0.0, 0.0, 6.0, 6.0 ] }
							}
						},
						{
							"name": "CrenelationNW",
							"from": [ 1.0, 19.0, 1.0 ], 
							"to": [ 2.0, 20.0, 2.0 ], 
							"rotationOrigin": [ 1.0, 19.0, 1.0 ],
							"faces": {
								"north": { "texture": "#material", "uv": [ 0.0, 0.0, 1.0, 1.0 ] },
								"east": { "texture": "#material", "uv": [ 0.0, 0.0, 1.0, 1.0 ] },
								"south": { "texture": "#material", "uv": [ 0.0, 0.0, 1.0, 1.0 ] },
								"west": { "texture": "#material", "uv": [ 0.0, 0.0, 1.0, 1.0 ] },
								"up": { "texture": "#material", "uv": [ 0.0, 0.0, 1.0, 1.0 ] },
								"down": { "texture": "#material", "uv": [ 0.0, 0.0, 1.0, 1.0 ] }
							}
						},
						{
							"name": "CrenelationNE",
							"from": [ 6.0, 19.0, 1.0 ], 
							"to": [ 7.0, 20.0, 2.0 ], 
							"rotationOrigin": [ 6.0, 19.0, 1.0 ],
							"faces": {
								"north": { "texture": "#material", "uv": [ 0.0, 0.0, 1.0, 1.0 ] },
								"east": { "texture": "#material", "uv": [ 0.0, 0.0, 1.0, 1.0 ] },
								"south": { "texture": "#material", "uv": [ 0.0, 0.0, 1.0, 1.0 ] },
								"west": { "texture": "#material", "uv": [ 0.0, 0.0, 1.0, 1.0 ] },
								"up": { "texture": "#material", "uv": [ 0.0, 0.0, 1.0, 1.0 ] },
								"down": { "texture": "#material", "uv": [ 0.0, 0.0, 1.0, 1.0 ] }
							}
						},
						{
							"name": "CrenelationSE",
							"from": [ 6.0, 19.0, 6.0 ], 
							"to": [ 7.0, 20.0, 7.0 ], 
							"rotationOrigin": [ 6.0, 19.0, 6.0 ],
							"faces": {
								"north": { "texture": "#material", "uv": [ 0.0, 0.0, 1.0, 1.0 ] },
								"east": { "texture": "#material", "uv": [ 0.0, 0.0, 1.0, 1.0 ] },
								"south": { "texture": "#material", "uv": [ 0.0, 0.0, 1.0, 1.0 ] },
								"west": { "texture": "#material", "uv": [ 0.0, 0.0, 1.0, 1.0 ] },
								"up": { "texture": "#material", "uv": [ 0.0, 0.0, 1.0, 1.0 ] },
								"down": { "texture": "#material", "uv": [ 0.0, 0.0, 1.0, 1.0 ] }
							}
						},
						{
							"name": "CrenelationSW",
							"from": [ 1.0, 19.0, 6.0 ], 
							"to": [ 2.0, 20.0, 7.0 ], 
							"rotationOrigin": [ 1.0, 19.0, 6.0 ],
							"faces": {
								"north": { "texture": "#material", "uv": [ 0.0, 0.0, 1.0, 1.0 ] },
								"east": { "texture": "#material", "uv": [ 0.0, 0.0, 1.0, 1.0 ] },
								"south": { "texture": "#material", "uv": [ 0.0, 0.0, 1.0, 1.0 ] },
								"west": { "texture": "#material", "uv": [ 0.0, 0.0, 1.0, 1.0 ] },
								"up": { "texture": "#material", "uv": [ 0.0, 0.0, 1.0, 1.0 ] },
								"down": { "texture": "#material", "uv": [ 0.0, 0.0, 1.0, 1.0 ] }
							}
						},
						{
							"name": "CrenelationN",
							"from": [ 3.0, 19.0, 1.0 ], 
							"to": [ 5.0, 20.0, 2.0 ], 
							"rotationOrigin": [ 3.0, 19.0, 1.0 ],
							"faces": {
								"north": { "texture": "#material", "uv": [ 0.0, 0.0, 2.0, 1.0 ] },
								"east": { "texture": "#material", "uv": [ 0.0, 0.0, 1.0, 1.0 ] },
								"south": { "texture": "#material", "uv": [ 0.0, 0.0, 2.0, 1.0 ] },
								"west": { "texture": "#material", "uv": [ 0.0, 0.0, 1.0, 1.0 ] },
								"up": { "texture": "#material", "uv": [ 0.0, 0.0, 2.0, 1.0 ] },
								"down": { "texture": "#material", "uv": [ 0.0, 0.0, 2.0, 1.0 ] }
							}
						},
						{
							"name": "CrenelationS",
							"from": [ 3.0, 19.0, 6.0 ], 
							"to": [ 5.0, 20.0, 7.0 ], 
							"rotationOrigin": [ 3.0, 19.0, 6.0 ],
							"faces": {
								"north": { "texture": "#material", "uv": [ 0.0, 0.0, 2.0, 1.0 ] },
								"east": { "texture": "#material", "uv": [ 0.0, 0.0, 1.0, 1.0 ] },
								"south": { "texture": "#material", "uv": [ 0.0, 0.0, 2.0, 1.0 ] },
								"west": { "texture": "#material", "uv": [ 0.0, 0.0, 1.0, 1.0 ] },
								"up": { "texture": "#material", "uv": [ 0.0, 0.0, 2.0, 1.0 ] },
								"down": { "texture": "#material", "uv": [ 0.0, 0.0, 2.0, 1.0 ] }
							}
						},
						{
							"name": "CrenelationW",
							"from": [ 1.0, 19.0, 3.0 ], 
							"to": [ 2.0, 20.0, 5.0 ], 
							"rotationOrigin": [ 1.0, 19.0, 3.0 ],
							"faces": {
								"north": { "texture": "#material", "uv": [ 0.0, 0.0, 1.0, 1.0 ] },
								"east": { "texture": "#material", "uv": [ 0.0, 0.0, 2.0, 1.0 ] },
								"south": { "texture": "#material", "uv": [ 0.0, 0.0, 1.0, 1.0 ] },
								"west": { "texture": "#material", "uv": [ 0.0, 0.0, 2.0, 1.0 ] },
								"up": { "texture": "#material", "uv": [ 0.0, 0.0, 1.0, 2.0 ] },
								"down": { "texture": "#material", "uv": [ 0.0, 0.0, 1.0, 2.0 ] }
							}
						},
						{
							"name": "CrenelationE",
							"from": [ 6.0, 19.0, 3.0 ], 
							"to": [ 7.0, 20.0, 5.0 ], 
							"rotationOrigin": [ 6.0, 19.0, 3.0 ],
							"faces": {
								"north": { "texture": "#material", "uv": [ 0.0, 0.0, 1.0, 1.0 ] },
								"east": { "texture": "#material", "uv": [ 0.0, 0.0, 2.0, 1.0 ] },
								"south": { "texture": "#material", "uv": [ 0.0, 0.0, 1.0, 1.0 ] },
								"west": { "texture": "#material", "uv": [ 0.0, 0.0, 2.0, 1.0 ] },
								"up": { "texture": "#material", "uv": [ 0.0, 0.0, 1.0, 2.0 ] },
								"down": { "texture": "#material", "uv": [ 0.0, 0.0, 1.0, 2.0 ] }
							}
						},
						{
							"name": "Tip",
							"from": [ 3.0, 21.0, 3.0 ], 
							"to": [ 5.0, 23.0, 5.0 ], 
							"rotationOrigin": [ 3.0, 21.0, 3.0 ],
							"faces": {
								"north": { "texture": "#material", "uv": [ 0.0, 0.0, 2.0, 2.0 ] },
								"east": { "texture": "#material", "uv": [ 0.0, 0.0, 2.0, 2.0 ] },
								"south": { "texture": "#material", "uv": [ 0.0, 0.0, 2.0, 2.0 ] },
								"west": { "texture": "#material", "uv": [ 0.0, 0.0, 2.0, 2.0 ] },
								"up": { "texture": "#material", "uv": [ 0.0, 0.0, 2.0, 2.0 ] },
								"down": { "texture": "#material", "uv": [ 0.0, 0.0, 2.0, 2.0 ] }
							}
						}
					]
				}
			]
		}
	]}