{"GameVersion":"1.18.6","SizeX":1,"SizeY":5,"SizeZ":1,"BlockCodes":{"402":"game:bonyremains-ribcage","8613":"game:meta-underground","2621":"game:bonysoil","8109":"game:chest-east","8606":"game:clutter"},"ItemCodes":{"2252":"game:clothes-upperbody-prince-tunic","343":"game:bone","2291":"game:clothes-waist-prince-waistband","2220":"game:clothes-shoulder-royal-fur","2189":"game:clothes-lowerbody-prince-breeches","2120":"game:clothes-foot-prince-boots","3080":"game:stackrandomizer-ruinedweapon"},"Indices":[0,1048576,2097152,3145728,4194304],"BlockIds":[8613,2621,8109,8613,8606],"DecorIndices":[],"DecorIds":[],"BlockEntities":{"2097152":"!<d@[F*R<F#64c-E,TfC\"TSN&!<d@[F*\\,5#64o6@VfsmCI<#NAI;p\\ATMrFARTY%\"po!]G%GQ5DfU+(#'\"^#Dfg%+!!!!'\"`nKuFE7Zf0E;+R!!(4K!!!$\"!!!-.@rH6qBln'-D?'Ze56(oh0`V4S!!$($!!!*$!!!!(!AXWU!!!#j#QOi*!!!!%$\"ImkA8-.\"Df,OTJ3O#=!Aa]V!!!###QOi*!!!!%$\"ImkA8-.\"Df,OTJ3O#=!AjcW!!!\"Y#QOi*!!!!%$\"ImkA8-.\"Df,OTJ3O#=!AsiX!!!!i#QOi*!!!!%$\"ImkA8-.\"Df,OTJ3O#=!B'oY!!!!)$ig8.z#6?a`zOoYO_!<<*\"!!!!&$taEu6>URMCI<#NAI;p\\ATMrFARTY%\"U&pmE+KAdDes5uE-#T$0a%f\"ATMNNDJ*csz!!","4194304":"!<d@[F*R<F#64c-E,TfC#64`(!<d@[F*\\,5#64o6@VfsmCI<#NAHu^]F`__:EWlSfH#R='B6%F(ATMs3DIkCU\":&scFCB9&=9&=$!!EUFATMNNDJ*csjNEk)\":&scFCB9&=o\\O&!!rsADes6$@ru9m!!!"},"Entities":[],"ReplaceMode":2,"EntranceRotation":-1}