{"GameVersion":"1.19.5","SizeX":1,"SizeY":5,"SizeZ":1,"BlockCodes":{"402":"game:bonyremains-ribcage","8613":"game:meta-underground","2621":"game:bonysoil","8109":"game:chest-east","8606":"game:clutter"},"ItemCodes":{"3271":"game:clothes-face-glasses","2266":"game:clothes-upperbody-aristocrat-shirt","278":"game:stackrandomizer-painting","343":"game:bone","3641":"game:stackrandomizer-newlore"},"Indices":[0,1048576,2097152,3145728,4194304],"BlockIds":[8613,2621,8109,8613,8606],"DecorIndices":[],"DecorIds":[],"BlockEntities":{"2097152":"!<d@[F*Qm:#64c-E,TfC\"TSN&!<d@[F*\\,5#64o6@VfsmCI<#NAI;p\\ATMrFARTY%\"po!]G%GQ5DfU+(#'\"^#Dfg%+!!!!'\"`nKuFE7Zf0E;+R!!(%J!!!$\"!!!!(!AOQT!!!#Q#QOi*!!!!%$\"ImkA8-.\"Df,OTJ3O#=!AXWT!!!\"^!<<*#z#6?U\\!<<*\"('+C8!<<*\"!!`N]!!*'\"!*91$!!<3$!!!6)2#mXW!!#\"h!!!$\"!!!!(!B'oY!!!!Z%KHJ0z#6?a`!<<*\"3=Z#h!<<*\"!!!!&$taEu6>URMCI<#NAI;p\\ATMrFARTY%\"U&pmE+KAdDes5uE-#T$0a%f\"ATMNNDJ*csz!!","4194304":"!<d@[F*Qm:#64c-E,TfC#64`(!<d@[F*\\,5#64o6@VfsmCI<#NAHu^]F`__:EWlSfH#R='B6%F(ATMs3DIkCU\":&scFCB9&=9&=$!!EUFATMNNDJ*csjNEk)\":&scFCB9&=o\\O&!!rsADes6$@ru9m!!!"},"Entities":[],"ReplaceMode":2,"EntranceRotation":-1}