{"GameVersion":"1.18.6","SizeX":1,"SizeY":5,"SizeZ":1,"BlockCodes":{"402":"game:bonyremains-ribcage","8613":"game:meta-underground","2621":"game:bonysoil","8109":"game:chest-east","8606":"game:clutter"},"ItemCodes":{"1750":"game:spear-generic-hacking","778":"game:gear-temporal","1394":"game:paper-parchment","343":"game:bone","3641":"game:stackrandomizer-newlore","279":"game:stackrandomizer-gear"},"Indices":[0,1048576,2097152,3145728,4194304],"BlockIds":[8613,2621,8109,8613,8606],"DecorIndices":[],"DecorIds":[],"BlockEntities":{"2097152":"!<d@[F*R!=#64c-E,TfC\"TSN&!<d@[F*\\,5#64o6@VfsmCI<#NAI;p\\ATMrFARTY%\"po!]G%GQ5DfU+(#'\"^#Dfg%+!!!!'\"`nKuFE7Zf0E;+R!!(RS!!!$\"!!!!(!AOQT!!!!+!rr<%z#6?R[!<<*\"EWlFC%0-A.!!`N\\!!*'\"!*91$!!<3$!!!6)1]RLU!!&/_!!!$\"!!!!(!AsiX!!!!Z%KHJ0z#6?^_!<<*\"(BFL9!<<*\"!!`N`!!*'\"!#GY9!!*'\"z\"Uo!]E^FS\\@r\"GMA7Z*XBOu7,/S/@3F9MehH#R=%@rH1\"@;p:!A2+2nD.Rd%6#L=OAH2]1!!!","4194304":"!<d@[F*R!=#64c-E,TfC#64`(!<d@[F*\\,5#64o6@VfsmCI<#NAHu^]F`__:EWlSfH#R='B6%F(ATMs3DIkCS\":&scFCB9&=9&=$!!EUFATMNNDJ*csjNEk)\":&scFCB9&=o\\O&!!rsADes6$@ru9m!!!"},"Entities":[],"ReplaceMode":2,"EntranceRotation":-1}