{"GameVersion":"1.18.6","SizeX":1,"SizeY":5,"SizeZ":1,"BlockCodes":{"402":"game:bonyremains-ribcage","8613":"game:meta-underground","2621":"game:bonysoil","8109":"game:chest-east","8606":"game:clutter"},"ItemCodes":{"1594":"game:bow-recurve","1922":"game:armor-head-sewn-leather","259":"game:stackrandomizer-cloth-mediumstatus","258":"game:stackrandomizer-cloth-lowstatus","7":"game:quiver","1546":"game:arrow-tinbronze","2396":"game:poultice-linen-horsetail"},"Indices":[0,1048576,2097152,3145728,4194304],"BlockIds":[8613,2621,8109,8613,8606],"DecorIndices":[],"DecorIds":[],"BlockEntities":{"2097152":"!<d@[F*R-A#64c-E,TfC\"TSN&!<d@[F*\\,5#64o6@VfsmCI<#NAI;p\\ATMrFARTY%\"po!]G%GQ5DfU+(#'\"^#Dfg%+!!!!'\"`nKuFE7Zf0E;+R!!#%a!!!$\"!!!!(!AOQT!!!\"N#64`)z#6?R[!<<*\"!s&B%!<<*\"!!`N\\!!*'\"!!30$!!*'\"!!!6)1]ROV!!!6(!!!$\"!!!!(!AsiW!!!\"^!<<*#z#6?^_!<<*\"$3gJ1&c_n3!!`N`!!*'\"!*fg1!!3-#z\"Uo!]E^FS\\@r\"GMA7Z*XBOu7,/S/@3F9MehH#R=%@rH1\"@;p:!A2+2nD.Rd%6#L=OAH2]1!!!","4194304":"!<d@[F*R-A#64c-E,TfC#64`(!<d@[F*\\,5#64o6@VfsmCI<#NAHu^]F`__:EWlSfH#R='B6%F(ATMs3DIkCW\":&scFCB9&=9&=$!!EUFATMNNDJ*csjNEk)\":&scFCB9&=o\\O&!!rsADes6$@ru9m!!!"},"Entities":[],"ReplaceMode":2,"EntranceRotation":-1}