{
	"code": "creature",
	"class": "ItemCreature",
	"maxstacksize": 64,
	"variantgroups": [
		{
			"code": "type",
			"states": [
				"casuariidae-carcass",
				"casuariidae-adult-female-bennetti","casuariidae-adult-male-bennetti","casuariidae-baby-female-bennetti", "casuariidae-baby-male-bennetti",
				"casuariidae-adult-female-casuarius","casuariidae-adult-male-casuarius","casuariidae-baby-female-casuarius", "casuariidae-baby-male-casuarius",
				"casuariidae-adult-female-novaehollandiae","casuariidae-adult-male-novaehollandiae","casuariidae-baby-female-novaehollandiae", "casuariidae-baby-male-novaehollandiae",
				"casuariidae-adult-female-unappendiculatus","casuariidae-adult-male-unappendiculatus","casuariidae-baby-female-unappendiculatus", "casuariidae-baby-male-unappendiculatus"

			]
		}
		
		],

	"shapeByType": {
		"*-carcass": {
			"base": "game:block/bone/carcass/medium"
		},
		"*-adult-male-bennetti": {"base": "entity/land/casuariidae/bennetti-adult"},
		"*-adult-female-bennetti": {"base": "entity/land/casuariidae/bennetti-adult"},
		"*-baby-female-bennetti": {"base": "entity/land/casuariidae/baby"},
		"*-baby-male-bennetti": {"base": "entity/land/casuariidae/baby"},

		"*-adult-male-casuarius": {"base": "entity/land/casuariidae/casuarius-adult"},
		"*-adult-female-casuarius": {"base": "entity/land/casuariidae/casuarius-adult"},
		"*-baby-female-casuarius": {"base": "entity/land/casuariidae/baby"},
		"*-baby-male-casuarius": {"base": "entity/land/casuariidae/baby"},

		"*-adult-male-novaehollandiae": {"base": "entity/land/casuariidae/novaehollandiae-adult"},
		"*-adult-female-novaehollandiae": {"base": "entity/land/casuariidae/novaehollandiae-adult"},
		"*-baby-female-novaehollandiae": {"base": "entity/land/casuariidae/baby"},
		"*-baby-male-novaehollandiae": {"base": "entity/land/casuariidae/baby"},

		"*-adult-male-unappendiculatus": {"base": "entity/land/casuariidae/unappendiculatus-adult"},
		"*-adult-female-unappendiculatus": {"base": "entity/land/casuariidae/unappendiculatus-adult"},
		"*-baby-female-unappendiculatus": {"base": "entity/land/casuariidae/baby"},
		"*-baby-male-unappendiculatus": {"base": "entity/land/casuariidae/baby"}
	},
	"texturesByType": {
		"*-carcass": {
			"skin": { "base": "game:block/creature/bone" }
		},
		"*adult-male-bennetti": {"skin": { "base": "entity/casuariidae/bennetti-adult" }},
		"*adult-female-bennetti": {"skin": { "base": "entity/casuariidae/bennetti-adult" }},
		"*-baby-female-bennetti": {"skin": { "base": "entity/casuariidae/bennetti-baby" }},
		"*-baby-male-bennetti": {"skin": { "base": "entity/casuariidae/bennetti-baby" }},
		
		"*adult-male-casuarius": {"skin": { "base": "entity/casuariidae/casuarius-adult" }},
		"*adult-female-casuarius": {"skin": { "base": "entity/casuariidae/casuarius-adult" }}, 
		"*-baby-female-casuarius": {"skin": { "base": "entity/casuariidae/bennetti-baby" }},
		"*-baby-male-casuarius": {"skin": { "base": "entity/casuariidae/bennetti-baby" }},
		
		"*adult-male-novaehollandiae": {"skin": { "base": "entity/casuariidae/novaehollandiae-adult" }},
		"*adult-female-novaehollandiae": {"skin": { "base": "entity/casuariidae/novaehollandiae-adult" }}, 
		"*-baby-female-novaehollandiae": {"skin": { "base": "entity/casuariidae/novaehollandiae-baby" }},
		"*-baby-male-novaehollandiae": {"skin": { "base": "entity/casuariidae/novaehollandiae-baby" }},

		"*adult-male-unappendiculatus": {"skin": { "base": "entity/casuariidae/unappendiculatus-adult" }},
		"*adult-female-unappendiculatus": {"skin": { "base": "entity/casuariidae/unappendiculatus-adult" }}, 
		"*-baby-female-unappendiculatus": {"skin": { "base": "entity/casuariidae/bennetti-baby" }},
		"*-baby-male-unappendiculatus": {"skin": { "base": "entity/casuariidae/bennetti-baby" }}
	},
	
	
	
	
	"creativeinventory": { "general": ["*"], "items": ["*"], "creatures": ["*-casuariidae-*"] },
	"materialDensity": 600,
	"guiTransformByType": {

		
		"creature-casuariidae-*": {
			"rotate": true,
			"translation": { "x": 3, "y": 0, "z": 0 },
			"rotation": { "x": -11, "y": -52, "z": -180 },
			"origin": { "x": 0.5, "y": 0.5, "z": 0.5 },
			"scale": 0.75
		}				
	},
	
	"tpHandTransformByType": {
		"creature-casuariidae-*": {
			"translation": { "x": -0.9, "y": -0.9, "z": -0.7 },
			"rotation": { "x": -180, "y": 0, "z": -156 },
			"scale": 0.45
		}		
	},
	
	"fpHandTransformByType": {
		"creature-casuariidae-*": {
			"translation": { "x": 0.2, "y": 0, "z": 0 },
			"rotation": { "x": -8, "y": -63, "z": -7 }
		}
	}}
	

	
	
	
	




