{
	"editor": {
		"allAngles": true,
		"entityTextureMode": true
	},
	"textureWidth": 64,
	"textureHeight": 32,
	"textureSizes": {
		"bottom": [16,16],
		"skin": [64,32]
	},
	"textures": {
	},
	"elements": [
		{
			"name": "Rotation Point",
			"from": [ 0.0, 0.0, 0.0 ], 
			"to": [ 0.0, 0.0, 0.0 ], 
			"uv": [ 0.0, 0.0 ],
			"faces": {
				"north": { "texture": "#null", "uv": [ 0.0, 0.0, 0.5, 0.5 ], "enabled": false },
				"east": { "texture": "#null", "uv": [ 0.0, 0.0, 0.5, 0.5 ], "enabled": false },
				"south": { "texture": "#null", "uv": [ 0.0, 0.0, 0.5, 0.5 ], "enabled": false },
				"west": { "texture": "#null", "uv": [ 0.0, 0.0, 0.5, 0.5 ], "enabled": false },
				"up": { "texture": "#null", "uv": [ 0.0, 0.0, 0.5, 0.5 ], "enabled": false },
				"down": { "texture": "#null", "uv": [ 0.0, 0.0, 0.5, 0.5 ], "enabled": false }
			},
			"children": [
				{
					"name": "Base",
					"from": [ 1.0, 0.0, 8.0 ], 
					"to": [ 1.0, 0.0, 8.0 ], 
					"uv": [ 0.0, 0.0 ],
					"rotationOrigin": [ 1.0, 0.0, 8.0 ],
					"faces": {
						"north": { "texture": "#null", "uv": [ 0.0, 0.0, 0.5, 0.5 ], "enabled": false },
						"east": { "texture": "#null", "uv": [ 0.0, 0.0, 0.5, 0.5 ], "enabled": false },
						"south": { "texture": "#null", "uv": [ 0.0, 0.0, 0.5, 0.5 ], "enabled": false },
						"west": { "texture": "#null", "uv": [ 0.0, 0.0, 0.5, 0.5 ], "enabled": false },
						"up": { "texture": "#null", "uv": [ 0.0, 0.0, 0.5, 0.5 ], "enabled": false },
						"down": { "texture": "#null", "uv": [ 0.0, 0.0, 0.5, 0.5 ], "enabled": false }
					},
					"children": [
						{
							"name": "PeltBody",
							"from": [ 0.0, 0.0, -2.0 ], 
							"to": [ 6.32, 0.336, 2.0 ], 
							"unwrapMode": 5,
							"autoUnwrap": false,
							"uv": [ -10.0, 9.5 ],
							"rotationOrigin": [ 0.0, 0.0, -2.0 ],
							"faces": {
								"north": { "texture": "#skin", "uv": [ 22.5, 5.0, 23.0, 12.5 ], "rotation": 90, "windMode": [-1,-1,-1,-1] },
								"east": { "texture": "#skin", "uv": [ 5.0, 0.0, 5.5, 5.0 ], "rotation": 90, "windMode": [-1,-1,-1,-1] },
								"south": { "texture": "#skin", "uv": [ 5.0, 5.0, 5.5, 12.5 ], "rotation": 90, "windMode": [-1,-1,-1,-1] },
								"west": { "texture": "#skin", "uv": [ 5.0, 12.5, 5.5, 17.5 ], "rotation": 270, "windMode": [-1,-1,-1,-1] },
								"up": { "texture": "#skin", "uv": [ 0.0, 5.0, 5.0, 12.5 ], "rotation": 90, "windMode": [-1,-1,-1,-1] },
								"down": { "texture": "#bottom", "uv": [ 0.0, 10.0, 7.5, 15.0 ], "windMode": [-1,-1,-1,-1] }
							},
							"children": [
								{
									"name": "LBody",
									"from": [ 0.0, 0.008, 3.6 ], 
									"to": [ 6.32, 0.328, 6.4 ], 
									"unwrapMode": 5,
									"autoUnwrap": false,
									"uv": [ -3.0, 4.5 ],
									"rotationOrigin": [ 0.0, -0.008, 3.6 ],
									"rotationY": -3.0,
									"faces": {
										"north": { "texture": "#null", "uv": [ 0.0, 0.0, 7.5, 0.5 ], "enabled": false },
										"east": { "texture": "#skin", "uv": [ 5.5, 5.0, 9.0, 5.5 ], "windMode": [-1,-1,-1,-1] },
										"south": { "texture": "#skin", "uv": [ 9.0, 5.0, 9.5, 12.5 ], "rotation": 90, "windMode": [-1,-1,-1,-1] },
										"west": { "texture": "#skin", "uv": [ 5.5, 12.0, 9.0, 12.5 ], "rotation": 180, "windMode": [-1,-1,-1,-1] },
										"up": { "texture": "#skin", "uv": [ 5.5, 5.0, 9.0, 12.5 ], "rotation": 90, "windMode": [-1,-1,-1,-1] },
										"down": { "texture": "#bottom", "uv": [ 7.0, 5.0, 14.5, 8.5 ] }
									},
									"children": [
										{
											"name": "LArm",
											"from": [ 0.0, 0.008, 2.0 ], 
											"to": [ 0.8, 0.312, 4.4 ], 
											"unwrapMode": 5,
											"autoUnwrap": false,
											"uv": [ 13.0, 12.5 ],
											"rotationOrigin": [ 0.0, 0.008, 2.0 ],
											"rotationY": -30.0,
											"faces": {
												"north": { "texture": "#null", "uv": [ 0.0, 0.0, 1.0, 0.5 ], "enabled": false },
												"east": { "texture": "#skin", "uv": [ 50.5, 4.0, 51.0, 7.0 ], "rotation": 90 },
												"south": { "texture": "#skin", "uv": [ 49.5, 7.0, 50.5, 7.5 ], "windMode": [-1,-1,-1,-1] },
												"west": { "texture": "#skin", "uv": [ 49.0, 4.0, 49.5, 7.0 ], "rotation": 270, "windMode": [-1,-1,-1,-1] },
												"up": { "texture": "#skin", "uv": [ 49.5, 4.0, 50.5, 7.0 ], "windMode": [-1,-1,-1,-1] },
												"down": { "texture": "#bottom", "uv": [ 15.0, 13.0, 16.0, 16.0 ], "windMode": [-1,-1,-1,-1] }
											},
											"children": [
												{
													"name": "LArmLower",
													"from": [ 0.8, 0.008, 0.0 ], 
													"to": [ 1.6, 0.296, 2.4 ], 
													"unwrapMode": 5,
													"autoUnwrap": false,
													"uv": [ 13.0, 11.5 ],
													"rotationOrigin": [ 1.6, 0.008, 0.0 ],
													"rotationY": -10.0,
													"faces": {
														"north": { "texture": "#null", "uv": [ 0.0, 0.0, 1.0, 0.5 ], "enabled": false },
														"east": { "texture": "#skin", "uv": [ 52.0, 4.0, 52.5, 7.0 ], "rotation": 90 },
														"south": { "texture": "#skin", "uv": [ 49.5, 8.0, 50.5, 8.5 ], "windMode": [-1,-1,-1,-1] },
														"west": { "texture": "#null", "uv": [ 0.0, 0.0, 3.0, 0.5 ], "enabled": false },
														"up": { "texture": "#skin", "uv": [ 51.0, 4.0, 52.0, 7.0 ], "windMode": [-1,-1,-1,-1] },
														"down": { "texture": "#bottom", "uv": [ 15.0, 11.5, 16.0, 14.5 ], "windMode": [-1,-1,-1,-1] }
													}
												}
											]
										}
									]
								},
								{
									"name": "RBody",
									"from": [ 0.0, -0.328, 0.4 ], 
									"to": [ 6.32, -0.008, 3.2 ], 
									"unwrapMode": 6,
									"autoUnwrap": false,
									"uv": [ -3.0, 8.0 ],
									"rotationOrigin": [ 0.0, 0.0, 0.4 ],
									"rotationX": 180.0,
									"rotationY": -3.0,
									"faces": {
										"north": { "texture": "#null", "uv": [ 0.0, 0.0, 7.5, 0.5 ], "enabled": false },
										"east": { "texture": "#skin", "uv": [ 19.0, 5.0, 22.5, 5.5 ] },
										"south": { "texture": "#skin", "uv": [ 18.5, 5.0, 19.0, 12.5 ], "rotation": 90, "windMode": [-1,-1,-1,-1] },
										"west": { "texture": "#skin", "uv": [ 19.0, 12.0, 22.5, 12.5 ], "rotation": 180, "windMode": [-1,-1,-1,-1] },
										"up": { "texture": "#bottom", "uv": [ 11.0, 5.0, 14.5, 12.5 ], "rotation": 90, "windMode": [-1,-1,-1,-1] },
										"down": { "texture": "#skin", "uv": [ 19.0, 5.0, 22.5, 12.5 ], "rotation": 270, "windMode": [-1,-1,-1,-1] }
									},
									"children": [
										{
											"name": "RArm",
											"from": [ 0.0, 0.008, 2.0 ], 
											"to": [ 0.8, 0.312, 4.4 ], 
											"unwrapMode": 6,
											"autoUnwrap": false,
											"uv": [ 4.0, 6.5 ],
											"rotationOrigin": [ 0.0, 0.312, 2.0 ],
											"rotationY": -30.0,
											"faces": {
												"north": { "texture": "#null", "uv": [ 0.0, 0.0, 1.0, 0.5 ], "enabled": false },
												"east": { "texture": "#skin", "uv": [ 57.5, 4.0, 58.0, 7.0 ], "rotation": 90 },
												"south": { "texture": "#skin", "uv": [ 56.5, 7.0, 57.5, 7.5 ], "rotation": 180, "windMode": [-1,-1,-1,-1] },
												"west": { "texture": "#skin", "uv": [ 56.0, 4.0, 56.5, 7.0 ], "rotation": 270, "windMode": [-1,-1,-1,-1] },
												"up": { "texture": "#bottom", "uv": [ 6.0, 7.0, 7.0, 10.0 ], "windMode": [-1,-1,-1,-1] },
												"down": { "texture": "#skin", "uv": [ 56.5, 4.0, 57.5, 7.0 ], "windMode": [-1,-1,-1,-1] }
											},
											"children": [
												{
													"name": "RArmLower",
													"from": [ 0.8, 0.008, 0.0 ], 
													"to": [ 1.6, 0.296, 2.4 ], 
													"unwrapMode": 5,
													"autoUnwrap": false,
													"uv": [ 4.5, 6.5 ],
													"rotationOrigin": [ 1.6, 0.296, 0.0 ],
													"rotationY": -10.0,
													"faces": {
														"north": { "texture": "#null", "uv": [ 0.0, 0.0, 1.0, 0.5 ], "enabled": false },
														"east": { "texture": "#skin", "uv": [ 54.5, 4.0, 55.0, 7.0 ], "rotation": 90, "windMode": [-1,-1,-1,-1] },
														"south": { "texture": "#skin", "uv": [ 56.5, 8.0, 57.5, 8.5 ], "windMode": [-1,-1,-1,-1] },
														"west": { "texture": "#null", "uv": [ 0.0, 0.0, 3.0, 0.5 ], "enabled": false },
														"up": { "texture": "#bottom", "uv": [ 4.5, 6.5, 5.5, 9.5 ], "windMode": [-1,-1,-1,-1] },
														"down": { "texture": "#skin", "uv": [ 55.0, 4.0, 56.0, 7.0 ], "windMode": [-1,-1,-1,-1] }
													}
												}
											]
										}
									]
								},
								{
									"name": "PeltAbdomen",
									"from": [ 6.32, 0.008, 0.2 ], 
									"to": [ 12.72, 0.328, 3.8 ], 
									"unwrapMode": 5,
									"autoUnwrap": false,
									"uv": [ -11.0, 10.0 ],
									"rotationOrigin": [ 6.32, 0.008, 0.2 ],
									"faces": {
										"north": { "texture": "#skin", "uv": [ 28.5, 17.5, 29.0, 25.5 ], "rotation": 90 },
										"east": { "texture": "#skin", "uv": [ 11.5, 13.0, 12.0, 17.5 ], "rotation": 90, "windMode": [-1,-1,-1,-1] },
										"south": { "texture": "#skin", "uv": [ 11.5, 17.5, 12.0, 25.5 ], "rotation": 90, "windMode": [-1,-1,-1,-1] },
										"west": { "texture": "#skin", "uv": [ 0.0, 0.0, 4.5, 0.5 ], "enabled": false, "windMode": [-1,-1,-1,-1] },
										"up": { "texture": "#skin", "uv": [ 7.0, 17.5, 11.5, 25.5 ], "rotation": 90, "windMode": [-1,-1,-1,-1] },
										"down": { "texture": "#bottom", "uv": [ 0.0, 10.5, 8.0, 15.0 ] }
									},
									"children": [
										{
											"name": "LAbdomen",
											"from": [ 0.0, 0.008, 3.28 ], 
											"to": [ 6.4, 0.312, 6.48 ], 
											"unwrapMode": 5,
											"autoUnwrap": false,
											"uv": [ -5.0, 7.5 ],
											"rotationOrigin": [ 0.0, 0.008, 3.28 ],
											"rotationY": -3.0,
											"faces": {
												"north": { "texture": "#null", "uv": [ 0.0, 0.0, 8.0, 0.5 ], "enabled": false },
												"east": { "texture": "#skin", "uv": [ 12.0, 17.5, 16.0, 18.0 ] },
												"south": { "texture": "#skin", "uv": [ 16.0, 17.5, 16.5, 25.5 ], "rotation": 90, "windMode": [-1,-1,-1,-1] },
												"west": { "texture": "#skin", "uv": [ 12.0, 25.0, 16.0, 25.5 ], "rotation": 180, "windMode": [-1,-1,-1,-1] },
												"up": { "texture": "#skin", "uv": [ 12.0, 17.5, 16.0, 25.5 ], "rotation": 90, "windMode": [-1,-1,-1,-1] },
												"down": { "texture": "#bottom", "uv": [ 6.0, 8.0, 14.0, 12.0 ], "windMode": [-1,-1,-1,-1] }
											},
											"children": [
												{
													"name": "LLeg",
													"from": [ 4.0, 0.008, 3.2 ], 
													"to": [ 5.6, 0.296, 6.4 ], 
													"unwrapMode": 5,
													"autoUnwrap": false,
													"uv": [ 0.0, 5.5 ],
													"rotationOrigin": [ 4.0, 0.008, 3.2 ],
													"rotationY": 72.0,
													"faces": {
														"north": { "texture": "#null", "uv": [ 0.0, 0.0, 2.0, 0.5 ], "enabled": false },
														"east": { "texture": "#skin", "uv": [ 39.0, 9.0, 39.5, 13.0 ], "rotation": 90, "windMode": [-1,-1,-1,-1] },
														"south": { "texture": "#skin", "uv": [ 37.0, 13.0, 39.0, 13.5 ], "windMode": [-1,-1,-1,-1] },
														"west": { "texture": "#skin", "uv": [ 36.5, 9.0, 37.0, 13.0 ], "rotation": 270, "windMode": [-1,-1,-1,-1] },
														"up": { "texture": "#skin", "uv": [ 37.0, 9.0, 39.0, 13.0 ], "windMode": [-1,-1,-1,-1] },
														"down": { "texture": "#bottom", "uv": [ 3.0, 6.0, 5.0, 10.0 ], "windMode": [-1,-1,-1,-1] }
													},
													"children": [
														{
															"name": "LLegEnd",
															"from": [ 0.0, -0.008, 2.8 ], 
															"to": [ 1.6, 0.296, 4.4 ], 
															"unwrapMode": 5,
															"autoUnwrap": false,
															"uv": [ -2.0, 7.5 ],
															"rotationOrigin": [ 0.8, -0.008, 2.8 ],
															"rotationY": -14.0,
															"faces": {
																"north": { "texture": "#skin", "uv": [ 37.0, 13.0, 39.0, 13.5 ], "rotation": 180 },
																"east": { "texture": "#skin", "uv": [ 39.0, 13.5, 39.5, 15.5 ], "rotation": 90, "windMode": [-1,-1,-1,-1] },
																"south": { "texture": "#skin", "uv": [ 37.0, 15.5, 39.0, 16.0 ], "windMode": [-1,-1,-1,-1] },
																"west": { "texture": "#skin", "uv": [ 36.5, 13.5, 37.0, 15.5 ], "rotation": 270, "windMode": [-1,-1,-1,-1] },
																"up": { "texture": "#skin", "uv": [ 37.0, 13.5, 39.0, 15.5 ], "windMode": [-1,-1,-1,-1] },
																"down": { "texture": "#bottom", "uv": [ 1.0, 8.0, 3.0, 10.0 ], "windMode": [-1,-1,-1,-1] }
															}
														}
													]
												},
												{
													"name": "LLegLower",
													"from": [ 5.2, 0.016, 0.4 ], 
													"to": [ 6.4, 0.288, 3.2 ], 
													"unwrapMode": 5,
													"autoUnwrap": false,
													"uv": [ 0.5, 6.0 ],
													"rotationOrigin": [ 6.4, 0.016, 0.4 ],
													"rotationY": 26.0,
													"faces": {
														"north": { "texture": "#null", "uv": [ 0.0, 0.0, 1.5, 0.5 ], "enabled": false },
														"east": { "texture": "#skin", "uv": [ 41.0, 9.5, 41.5, 13.0 ], "rotation": 90, "windMode": [-1,-1,-1,-1] },
														"south": { "texture": "#null", "uv": [ 0.0, 0.0, 1.5, 0.5 ], "enabled": false },
														"west": { "texture": "#null", "uv": [ 0.0, 0.0, 3.5, 0.5 ], "enabled": false },
														"up": { "texture": "#skin", "uv": [ 39.5, 9.5, 41.0, 13.0 ], "windMode": [-1,-1,-1,-1] },
														"down": { "texture": "#bottom", "uv": [ 3.0, 6.0, 4.5, 9.5 ], "windMode": [-1,-1,-1,-1] }
													}
												}
											]
										},
										{
											"name": "RAbdomen",
											"from": [ 0.0, -0.296, 0.32 ], 
											"to": [ 6.4, 0.008, 3.52 ], 
											"unwrapMode": 5,
											"autoUnwrap": false,
											"uv": [ -0.5, 4.5 ],
											"rotationOrigin": [ 0.0, 0.008, 0.32 ],
											"rotationX": 180.0,
											"rotationY": -3.0,
											"faces": {
												"north": { "texture": "#null", "uv": [ 0.0, 0.0, 8.0, 0.5 ], "enabled": false },
												"east": { "texture": "#skin", "uv": [ 24.5, 17.5, 28.5, 18.0 ], "windMode": [-1,-1,-1,-1] },
												"south": { "texture": "#skin", "uv": [ 24.0, 17.5, 24.5, 25.5 ], "rotation": 90, "windMode": [-1,-1,-1,-1] },
												"west": { "texture": "#skin", "uv": [ 24.5, 25.0, 28.5, 25.5 ], "rotation": 180, "windMode": [-1,-1,-1,-1] },
												"up": { "texture": "#bottom", "uv": [ 0.0, 5.0, 8.0, 9.0 ], "windMode": [-1,-1,-1,-1] },
												"down": { "texture": "#skin", "uv": [ 24.5, 17.5, 28.5, 25.5 ], "rotation": 270, "windMode": [-1,-1,-1,-1] }
											},
											"children": [
												{
													"name": "RLeg",
													"from": [ 4.0, 0.008, 3.2 ], 
													"to": [ 5.6, 0.296, 6.4 ], 
													"unwrapMode": 5,
													"autoUnwrap": false,
													"uv": [ -0.5, 4.5 ],
													"rotationOrigin": [ 4.0, 0.296, 3.2 ],
													"rotationY": 72.0,
													"faces": {
														"north": { "texture": "#null", "uv": [ 0.0, 0.0, 2.0, 0.5 ], "enabled": false },
														"east": { "texture": "#skin", "uv": [ 24.5, 9.0, 25.0, 13.0 ], "rotation": 90, "windMode": [-1,-1,-1,-1] },
														"south": { "texture": "#skin", "uv": [ 25.0, 13.0, 27.0, 13.5 ], "windMode": [-1,-1,-1,-1] },
														"west": { "texture": "#skin", "uv": [ 27.0, 9.0, 27.5, 13.0 ], "rotation": 270, "windMode": [-1,-1,-1,-1] },
														"up": { "texture": "#bottom", "uv": [ 0.0, 5.0, 2.0, 9.0 ], "windMode": [-1,-1,-1,-1] },
														"down": { "texture": "#skin", "uv": [ 25.0, 9.0, 27.0, 13.0 ], "windMode": [-1,-1,-1,-1] }
													},
													"children": [
														{
															"name": "RLegEnd",
															"from": [ 0.0, -0.008, 2.8 ], 
															"to": [ 1.6, 0.296, 4.4 ], 
															"unwrapMode": 5,
															"autoUnwrap": false,
															"uv": [ -0.5, 7.5 ],
															"rotationOrigin": [ 0.8, 0.304, 2.8 ],
															"rotationY": -14.0,
															"faces": {
																"north": { "texture": "#skin", "uv": [ 25.0, 13.0, 27.0, 13.5 ], "rotation": 180 },
																"east": { "texture": "#skin", "uv": [ 24.5, 13.5, 25.0, 15.5 ], "rotation": 90, "windMode": [-1,-1,-1,-1] },
																"south": { "texture": "#skin", "uv": [ 25.0, 15.5, 27.0, 16.0 ], "windMode": [-1,-1,-1,-1] },
																"west": { "texture": "#skin", "uv": [ 27.0, 13.5, 27.5, 15.5 ], "rotation": 270, "windMode": [-1,-1,-1,-1] },
																"up": { "texture": "#bottom", "uv": [ 0.0, 8.0, 2.0, 10.0 ], "windMode": [-1,-1,-1,-1] },
																"down": { "texture": "#skin", "uv": [ 25.0, 13.5, 27.0, 15.5 ], "windMode": [-1,-1,-1,-1] }
															}
														}
													]
												},
												{
													"name": "RLegLower",
													"from": [ 5.2, 0.016, 0.4 ], 
													"to": [ 6.4, 0.288, 3.2 ], 
													"unwrapMode": 5,
													"autoUnwrap": false,
													"uv": [ 14.0, 4.5 ],
													"rotationOrigin": [ 6.4, 0.288, 0.4 ],
													"rotationY": 26.0,
													"faces": {
														"north": { "texture": "#null", "uv": [ 0.0, 0.0, 1.5, 0.5 ], "enabled": false },
														"east": { "texture": "#skin", "uv": [ 34.5, 9.0, 35.0, 12.5 ], "rotation": 90, "windMode": [-1,-1,-1,-1] },
														"south": { "texture": "#null", "uv": [ 0.0, 0.0, 1.5, 0.5 ], "enabled": false },
														"west": { "texture": "#null", "uv": [ 0.0, 0.0, 3.5, 0.5 ], "enabled": false },
														"up": { "texture": "#bottom", "uv": [ 14.5, 4.5, 16.0, 8.0 ], "windMode": [-1,-1,-1,-1] },
														"down": { "texture": "#skin", "uv": [ 23.0, 9.0, 24.5, 12.5 ], "windMode": [-1,-1,-1,-1] }
													}
												}
											]
										},
										{
											"name": "PeltTail",
											"from": [ 6.4, 0.008, 1.24 ], 
											"to": [ 7.92, 0.312, 2.36 ], 
											"autoUnwrap": false,
											"uv": [ 0.0, 0.0 ],
											"rotationOrigin": [ 6.4, 0.008, 1.24 ],
											"faces": {
												"north": { "texture": "#skin", "uv": [ 15.0, 1.0, 16.5, 1.5 ] },
												"east": { "texture": "#skin", "uv": [ 14.0, 1.0, 15.0, 1.5 ], "windMode": [-1,-1,-1,-1] },
												"south": { "texture": "#skin", "uv": [ 12.5, 1.0, 14.0, 1.5 ], "windMode": [-1,-1,-1,-1] },
												"west": { "texture": "#skin", "uv": [ 11.5, 1.0, 12.5, 1.5 ], "windMode": [-1,-1,-1,-1] },
												"up": { "texture": "#skin", "uv": [ 12.5, 0.0, 14.0, 1.0 ], "windMode": [-1,-1,-1,-1] },
												"down": { "texture": "#skin", "uv": [ 12.5, 1.5, 14.0, 2.5 ], "windMode": [-1,-1,-1,-1] }
											},
											"children": [
												{
													"name": "PeltTailEnd",
													"from": [ 1.52, -0.008, 0.08 ], 
													"to": [ 3.6, 0.304, 1.04 ], 
													"autoUnwrap": false,
													"uv": [ 0.0, 0.0 ],
													"rotationOrigin": [ 1.52, -0.008, 0.08 ],
													"faces": {
														"north": { "texture": "#skin", "uv": [ 17.5, 3.0, 20.0, 3.5 ] },
														"east": { "texture": "#skin", "uv": [ 16.5, 3.0, 17.5, 3.5 ], "windMode": [-1,-1,-1,-1] },
														"south": { "texture": "#skin", "uv": [ 14.0, 3.0, 16.5, 3.5 ], "windMode": [-1,-1,-1,-1] },
														"west": { "texture": "#skin", "uv": [ 13.0, 3.0, 14.0, 3.5 ], "windMode": [-1,-1,-1,-1] },
														"up": { "texture": "#skin", "uv": [ 14.0, 2.0, 16.5, 3.0 ], "windMode": [-1,-1,-1,-1] },
														"down": { "texture": "#skin", "uv": [ 14.0, 4.0, 16.5, 5.0 ], "windMode": [-1,-1,-1,-1] }
													}
												}
											]
										}
									]
								},
								{
									"name": "LNeck",
									"from": [ -2.4, 0.016, 2.0 ], 
									"to": [ 0.0, 0.32, 5.2 ], 
									"unwrapMode": 5,
									"autoUnwrap": false,
									"uv": [ 5.0, 11.5 ],
									"rotationOrigin": [ 0.0, 0.016, 2.0 ],
									"rotationY": 22.0,
									"faces": {
										"north": { "texture": "#skin", "uv": [ 27.0, 2.0, 30.0, 2.5 ], "rotation": 180 },
										"east": { "texture": "#null", "uv": [ 0.0, 0.0, 4.0, 0.5 ], "enabled": false, "windMode": [-1,-1,-1,-1] },
										"south": { "texture": "#skin", "uv": [ 27.0, 5.5, 30.0, 6.0 ], "windMode": [-1,-1,-1,-1] },
										"west": { "texture": "#skin", "uv": [ 26.5, 2.0, 27.0, 6.0 ], "rotation": 270, "windMode": [-1,-1,-1,-1] },
										"up": { "texture": "#skin", "uv": [ 27.0, 2.0, 30.0, 6.0 ], "windMode": [-1,-1,-1,-1] },
										"down": { "texture": "#bottom", "uv": [ 9.0, 12.0, 12.0, 16.0 ], "windMode": [-1,-1,-1,-1] }
									}
								},
								{
									"name": "RNeck",
									"from": [ -2.4, -0.288, 2.0 ], 
									"to": [ 0.0, 0.016, 5.2 ], 
									"unwrapMode": 6,
									"autoUnwrap": false,
									"uv": [ 8.0, 11.5 ],
									"rotationOrigin": [ 0.0, 0.016, 2.0 ],
									"rotationX": 180.0,
									"rotationY": 22.0,
									"faces": {
										"north": { "texture": "#skin", "uv": [ 30.0, 2.0, 33.0, 2.5 ] },
										"east": { "texture": "#null", "uv": [ 0.0, 0.0, 4.0, 0.5 ], "enabled": false, "windMode": [-1,-1,-1,-1] },
										"south": { "texture": "#skin", "uv": [ 30.0, 5.0, 33.0, 5.5 ], "rotation": 180, "windMode": [-1,-1,-1,-1] },
										"west": { "texture": "#skin", "uv": [ 26.5, 2.0, 27.0, 6.0 ], "rotation": 270, "windMode": [-1,-1,-1,-1] },
										"up": { "texture": "#bottom", "uv": [ 12.0, 12.0, 15.0, 16.0 ], "windMode": [-1,-1,-1,-1] },
										"down": { "texture": "#skin", "uv": [ 27.0, 2.0, 30.0, 6.0 ], "rotation": 180, "windMode": [-1,-1,-1,-1] }
									}
								}
							]
						}
					]
				}
			]
		}
	]}