{
	"editor": {
		"allAngles": true,
		"entityTextureMode": true
	},
	"textureWidth": 32,
	"textureHeight": 32,
	"textureSizes": {
		"skin": [32,32]
	},
	"textures": {
	},
	"elements": [
		{
			"name": "neck",
			"from": [ 15.24, 9.61, 7.21 ], 
			"to": [ 17.005, 11.645, 8.71 ], 
			"unwrapMode": 3,
			"unwrapRotation": 1,
			"uv": [ 10.0, 22.5 ],
			"rotationOrigin": [ 16.6101, 10.1133, 7.96 ],
			"rotationZ": 57.0,
			"faces": {
						"north": { "texture": "#skin", "uv": [ 17.0, 25.5, 21.0, 29.0 ], "rotation": 270, "windMode": [-1,-1,-1,-1], "windData": [0,0,1,0] },
						"east": { "texture": "#skin", "uv": [ 13.0, 22.5, 17.0, 25.5 ], "rotation": 90, "windMode": [-1,-1,-1,-1], "windData": [1,0,0,1] },
						"south": { "texture": "#skin", "uv": [ 13.0, 25.5, 17.0, 29.0 ], "rotation": 90 },
						"west": { "texture": "#skin", "uv": [ 13.0, 29.0, 17.0, 32.0 ], "rotation": 90 },
						"up": { "texture": "#skin", "uv": [ 10.0, 25.5, 13.0, 29.0 ], "rotation": 90 },
						"down": { "texture": "#skin", "uv": [ 17.0, 25.5, 20.0, 29.0 ], "rotation": 270, "enabled": false, "windMode": [-1,-1,-1,-1], "windData": [0,1,1,0] }
			},
			"children": [
				{
					"name": "neck2",
					"from": [ 0.265, 1.26, 0.205 ], 
					"to": [ 1.715, 2.86, 1.305 ], 
					"unwrapMode": 3,
					"uv": [ 23.0, 27.0 ],
					"rotationOrigin": [ 1.61, 1.865, 0.75 ],
					"rotationZ": -15.0,
					"faces": {
						"north": { "texture": "#skin", "uv": [ 29.5, 29.0, 32.0, 32.0 ], "windMode": [-1,-1,-1,-1], "windData": [1,1,1,1] },
						"east": { "texture": "#skin", "uv": [ 27.5, 29.0, 29.5, 32.0 ], "windMode": [-1,-1,-1,-1], "windData": [1,1,1,1] },
						"south": { "texture": "#skin", "uv": [ 25.0, 29.0, 27.5, 32.0 ], "windMode": [-1,-1,-1,-1], "windData": [1,1,1,1] },
						"west": { "texture": "#skin", "uv": [ 23.0, 29.0, 25.0, 32.0 ], "windMode": [-1,-1,-1,-1], "windData": [1,1,1,1] },
						"up": { "texture": "#skin", "uv": [ 25.0, 27.0, 27.5, 29.0 ], "windMode": [-1,-1,-1,-1], "windData": [1,1,1,1] },
						"down": { "texture": "#skin", "uv": [ 25.0, 32.0, 27.5, 34.0 ], "rotation": 180, "enabled": false, "windMode": [-1,-1,-1,-1], "windData": [1,1,1,1] }
					},
					"children": [
						{
							"name": "head",
							"from": [ 0.475, 0.3, 0.045 ], 
							"to": [ 1.4, 1.565, 1.045 ], 
							"unwrapMode": 4,
							"uv": [ 9.5, 7.5 ],
							"rotationOrigin": [ 1.4, 1.57, 0.54 ],
							"rotationZ": -60.0,
							"faces": {
								"north": { "texture": "#skin", "uv": [ 9.5, 9.0, 11.0, 11.5 ] },
								"east": { "texture": "#skin", "uv": [ 14.5, 9.0, 16.5, 11.5 ] },
								"south": { "texture": "#skin", "uv": [ 13.0, 9.0, 14.5, 11.5 ] },
								"west": { "texture": "#skin", "uv": [ 11.0, 9.0, 13.0, 11.5 ] },
								"up": { "texture": "#skin", "uv": [ 11.0, 7.5, 13.0, 9.0 ], "rotation": 90 },
								"down": { "texture": "#skin", "uv": [ 11.0, 11.5, 13.0, 13.0 ], "rotation": 90 }
							},
							"children": [
								{
									"name": "mouth up",
									"from": [ -0.79, 0.055, 0.22 ], 
									"to": [ 0.33, 0.255, 0.77 ], 
									"unwrapMode": 5,
									"unwrapRotation": 1,
									"uv": [ 0.0, 0.0 ],
									"rotationOrigin": [ 0.275, 0.275, 0.495 ],
									"rotationZ": 35.0,
									"faces": {
										"north": { "texture": "#skin", "uv": [ 0.0, 0.0, 0.5, 2.0 ], "rotation": 270 },
										"east": { "texture": "#skin", "uv": [ 0.5, 0.0, 1.5, 0.5 ], "rotation": 180, "enabled": false },
										"south": { "texture": "#skin", "uv": [ 1.5, 0.0, 2.0, 2.0 ], "rotation": 90 },
										"west": { "texture": "#skin", "uv": [ 0.5, 2.0, 1.5, 2.5 ] },
										"up": { "texture": "#skin", "uv": [ 0.5, 0.0, 1.5, 2.0 ], "rotation": 90 },
										"down": { "texture": "#skin", "uv": [ 2.0, 0.0, 3.0, 2.0 ], "rotation": 270 }
									},
									"children": [
										{
											"name": "nose",
											"from": [ -0.16, 0.025, 0.025 ], 
											"to": [ 0.225, 0.355, 0.53 ], 
											"unwrapMode": 4,
											"uv": [ 9.5, 13.5 ],
											"rotationOrigin": [ -0.16, 0.335, 0.215 ],
											"rotationZ": 31.0,
											"faces": {
												"north": { "texture": "#skin", "uv": [ 9.5, 14.0, 10.0, 14.5 ], "windMode": [-1,-1,-1,-1], "windData": [1,1,1,1] },
												"east": { "texture": "#skin", "uv": [ 11.5, 14.0, 12.5, 14.5 ], "windMode": [-1,-1,-1,-1], "windData": [1,1,1,1] },
												"south": { "texture": "#skin", "uv": [ 11.0, 14.0, 11.5, 14.5 ], "windMode": [-1,-1,-1,-1], "windData": [1,1,1,1] },
												"west": { "texture": "#skin", "uv": [ 10.0, 14.0, 11.0, 14.5 ], "windMode": [-1,-1,-1,-1], "windData": [1,1,1,1] },
												"up": { "texture": "#skin", "uv": [ 10.0, 13.5, 11.0, 14.0 ], "rotation": 90, "windMode": [-1,-1,-1,-1], "windData": [1,1,1,1] },
												"down": { "texture": "#skin", "uv": [ 10.0, 14.5, 11.0, 15.0 ], "rotation": 90, "windMode": [-1,-1,-1,-1], "windData": [1,1,1,1] }
											}
										},
										{
											"name": "nose bridge",
											"from": [ 0.235, -0.1, 0.0275 ], 
											"to": [ 1.735, 0.5, 0.5275 ], 
											"unwrapMode": 5,
											"unwrapRotation": 1,
											"uv": [ 0.5, 10.0 ],
											"rotationOrigin": [ 0.235, 0.0, 0.165 ],
											"rotationZ": 32.0,
											"faces": {
												"north": { "texture": "#skin", "uv": [ 0.5, 11.0, 1.5, 14.0 ], "rotation": 270 },
												"east": { "texture": "#skin", "uv": [ 1.5, 10.0, 2.5, 11.0 ], "rotation": 180, "windMode": [-1,-1,-1,-1], "windData": [0,0,0,0] },
												"south": { "texture": "#skin", "uv": [ 2.5, 11.0, 3.5, 14.0 ], "rotation": 90 },
												"west": { "texture": "#skin", "uv": [ 1.5, 14.0, 2.5, 15.0 ], "windMode": [-1,-1,-1,-1], "windData": [0,0,0,0] },
												"up": { "texture": "#skin", "uv": [ 1.5, 11.0, 2.5, 14.0 ], "rotation": 90 },
												"down": { "texture": "#skin", "uv": [ 3.5, 11.0, 4.5, 14.0 ], "rotation": 270, "enabled": false }
											}
										}
									]
								},
								{
									"name": "R ear",
									"from": [ 0.375, 0.76, -0.57 ], 
									"to": [ 0.485, 1.31, 0.16 ], 
									"unwrapMode": 4,
									"uv": [ 9.0, 0.0 ],
									"rotationOrigin": [ 0.485, 1.2, 0.155 ],
									"rotationX": 45.0,
									"rotationZ": 22.0,
									"faces": {
										"north": { "texture": "#skin", "uv": [ 9.0, 0.5, 9.5, 1.5 ] },
										"east": { "texture": "#skin", "uv": [ 11.0, 0.5, 12.0, 1.5 ] },
										"south": { "texture": "#skin", "uv": [ 10.5, 0.5, 11.0, 1.5 ], "windMode": [-1,-1,-1,-1], "windData": [0,0,0,0] },
										"west": { "texture": "#skin", "uv": [ 9.5, 0.5, 10.5, 1.5 ] },
										"up": { "texture": "#skin", "uv": [ 9.5, 0.0, 10.5, 0.5 ], "rotation": 90 },
										"down": { "texture": "#skin", "uv": [ 9.5, 1.5, 10.5, 2.0 ], "rotation": 90 }
									}
								},
								{
									"name": "L ear",
									"from": [ 0.375, 0.76, 0.835 ], 
									"to": [ 0.485, 1.31, 1.565 ], 
									"unwrapMode": 4,
									"uv": [ 12.0, 0.0 ],
									"rotationOrigin": [ 0.485, 1.2, 0.835 ],
									"rotationX": -45.0,
									"rotationZ": 22.0,
									"faces": {
										"north": { "texture": "#skin", "uv": [ 12.0, 0.5, 12.5, 1.5 ], "windMode": [-1,-1,-1,-1] },
										"east": { "texture": "#skin", "uv": [ 14.0, 0.5, 15.0, 1.5 ] },
										"south": { "texture": "#skin", "uv": [ 13.5, 0.5, 14.0, 1.5 ], "windMode": [-1,-1,-1,-1] },
										"west": { "texture": "#skin", "uv": [ 12.5, 0.5, 13.5, 1.5 ] },
										"up": { "texture": "#skin", "uv": [ 12.5, 0.0, 13.5, 0.5 ], "rotation": 90 },
										"down": { "texture": "#skin", "uv": [ 12.5, 1.5, 13.5, 2.0 ], "rotation": 90 }
									}
								},
								{
									"name": "jaw",
									"from": [ -0.66, 0.0, 0.225 ], 
									"to": [ 0.715, 0.1925, 0.765 ], 
									"unwrapMode": 5,
									"unwrapRotation": 1,
									"uv": [ 0.0, 7.5 ],
									"rotationOrigin": [ 0.55, 0.165, 0.5 ],
									"rotationZ": 31.0,
									"faces": {
										"north": { "texture": "#skin", "uv": [ 0.0, 7.5, 0.5, 10.0 ], "rotation": 270 },
										"east": { "texture": "#skin", "uv": [ 0.5, 7.5, 1.5, 8.0 ], "rotation": 180, "enabled": false },
										"south": { "texture": "#skin", "uv": [ 1.5, 7.5, 2.0, 10.0 ], "rotation": 90 },
										"west": { "texture": "#skin", "uv": [ 0.5, 10.0, 1.5, 10.5 ] },
										"up": { "texture": "#skin", "uv": [ 0.5, 7.5, 1.5, 10.0 ], "rotation": 90 },
										"down": { "texture": "#skin", "uv": [ 2.0, 7.5, 3.0, 10.0 ], "rotation": 270 }
									}
								}
							]
						}
					]
				}
			]
		}
	]}