{
	"editor": {
		"allAngles": true,
		"entityTextureMode": true
	},
	"textureWidth": 32,
	"textureHeight": 32,
	"textureSizes": {
		"skin": [32,32]
	},
	"textures": {
	},
	"elements": [
		{
			"name": "neck",
			"from": [ 14.87, 9.7, 7.04 ], 
			"to": [ 17.1645, 12.3455, 8.99 ], 
			"unwrapMode": 3,
			"unwrapRotation": 1,
			"uv": [ 10.0, 22.5 ],
			"rotationOrigin": [ 16.6532, 10.3472, 8.018 ],
			"rotationZ": 57.0,
			"faces": {
						"north": { "texture": "#skin", "uv": [ 17.0, 25.5, 21.0, 29.0 ], "rotation": 270, "windMode": [-1,-1,-1,-1], "windData": [0,0,1,0] },
						"east": { "texture": "#skin", "uv": [ 13.0, 22.5, 17.0, 25.5 ], "rotation": 90, "windMode": [-1,-1,-1,-1], "windData": [1,0,0,1] },
						"south": { "texture": "#skin", "uv": [ 13.0, 25.5, 17.0, 29.0 ], "rotation": 90 },
						"west": { "texture": "#skin", "uv": [ 13.0, 29.0, 17.0, 32.0 ], "rotation": 90 },
						"up": { "texture": "#skin", "uv": [ 10.0, 25.5, 13.0, 29.0 ], "rotation": 90 },
						"down": { "texture": "#skin", "uv": [ 17.0, 25.5, 20.0, 29.0 ], "rotation": 270, "enabled": false, "windMode": [-1,-1,-1,-1], "windData": [0,1,1,0] }
			},
			"children": [
				{
					"name": "neck2",
					"from": [ 0.3445, 1.638, 0.2665 ], 
					"to": [ 2.2295, 3.718, 1.6965 ], 
					"unwrapMode": 3,
					"uv": [ 23.0, 27.0 ],
					"rotationOrigin": [ 2.093, 2.4245, 0.975 ],
					"rotationZ": -15.0,
					"faces": {
						"north": { "texture": "#skin", "uv": [ 29.5, 29.0, 32.0, 32.0 ], "windMode": [-1,-1,-1,-1], "windData": [1,1,1,1] },
						"east": { "texture": "#skin", "uv": [ 27.5, 29.0, 29.5, 32.0 ], "windMode": [-1,-1,-1,-1], "windData": [1,1,1,1] },
						"south": { "texture": "#skin", "uv": [ 25.0, 29.0, 27.5, 32.0 ], "windMode": [-1,-1,-1,-1], "windData": [1,1,1,1] },
						"west": { "texture": "#skin", "uv": [ 23.0, 29.0, 25.0, 32.0 ], "windMode": [-1,-1,-1,-1], "windData": [1,1,1,1] },
						"up": { "texture": "#skin", "uv": [ 25.0, 27.0, 27.5, 29.0 ], "windMode": [-1,-1,-1,-1], "windData": [1,1,1,1] },
						"down": { "texture": "#skin", "uv": [ 25.0, 32.0, 27.5, 34.0 ], "rotation": 180, "enabled": false, "windMode": [-1,-1,-1,-1], "windData": [1,1,1,1] }
					},
					"children": [
						{
							"name": "head",
							"from": [ 0.6175, 0.39, 0.0585 ], 
							"to": [ 1.82, 2.0345, 1.3585 ], 
							"unwrapMode": 4,
							"uv": [ 9.5, 7.5 ],
							"rotationOrigin": [ 1.82, 2.041, 0.702 ],
							"rotationZ": -60.0,
							"faces": {
								"north": { "texture": "#skin", "uv": [ 9.5, 9.0, 11.0, 11.5 ] },
								"east": { "texture": "#skin", "uv": [ 14.5, 9.0, 16.5, 11.5 ] },
								"south": { "texture": "#skin", "uv": [ 13.0, 9.0, 14.5, 11.5 ] },
								"west": { "texture": "#skin", "uv": [ 11.0, 9.0, 13.0, 11.5 ] },
								"up": { "texture": "#skin", "uv": [ 11.0, 7.5, 13.0, 9.0 ], "rotation": 90 },
								"down": { "texture": "#skin", "uv": [ 11.0, 11.5, 13.0, 13.0 ], "rotation": 90 }
							},
							"children": [
								{
									"name": "mouth up",
									"from": [ -1.027, 0.0715, 0.286 ], 
									"to": [ 0.429, 0.3315, 1.001 ], 
									"unwrapMode": 5,
									"unwrapRotation": 1,
									"uv": [ 0.0, 0.0 ],
									"rotationOrigin": [ 0.3575, 0.3575, 0.6435 ],
									"rotationZ": 35.0,
									"faces": {
										"north": { "texture": "#skin", "uv": [ 0.0, 0.0, 0.5, 2.0 ], "rotation": 270 },
										"east": { "texture": "#skin", "uv": [ 0.5, 0.0, 1.5, 0.5 ], "rotation": 180, "enabled": false },
										"south": { "texture": "#skin", "uv": [ 1.5, 0.0, 2.0, 2.0 ], "rotation": 90 },
										"west": { "texture": "#skin", "uv": [ 0.5, 2.0, 1.5, 2.5 ] },
										"up": { "texture": "#skin", "uv": [ 0.5, 0.0, 1.5, 2.0 ], "rotation": 90 },
										"down": { "texture": "#skin", "uv": [ 2.0, 0.0, 3.0, 2.0 ], "rotation": 270 }
									},
									"children": [
										{
											"name": "nose",
											"from": [ -0.208, 0.0325, 0.0325 ], 
											"to": [ 0.2925, 0.4615, 0.689 ], 
											"unwrapMode": 4,
											"uv": [ 9.5, 13.5 ],
											"rotationOrigin": [ -0.208, 0.4355, 0.2795 ],
											"rotationZ": 31.0,
											"faces": {
												"north": { "texture": "#skin", "uv": [ 9.5, 14.0, 10.0, 14.5 ], "windMode": [-1,-1,-1,-1], "windData": [1,1,1,1] },
												"east": { "texture": "#skin", "uv": [ 11.5, 14.0, 12.5, 14.5 ], "windMode": [-1,-1,-1,-1], "windData": [1,1,1,1] },
												"south": { "texture": "#skin", "uv": [ 11.0, 14.0, 11.5, 14.5 ], "windMode": [-1,-1,-1,-1], "windData": [1,1,1,1] },
												"west": { "texture": "#skin", "uv": [ 10.0, 14.0, 11.0, 14.5 ], "windMode": [-1,-1,-1,-1], "windData": [1,1,1,1] },
												"up": { "texture": "#skin", "uv": [ 10.0, 13.5, 11.0, 14.0 ], "rotation": 90, "windMode": [-1,-1,-1,-1], "windData": [1,1,1,1] },
												"down": { "texture": "#skin", "uv": [ 10.0, 14.5, 11.0, 15.0 ], "rotation": 90, "windMode": [-1,-1,-1,-1], "windData": [1,1,1,1] }
											}
										},
										{
											"name": "nose bridge",
											"from": [ 0.3055, -0.13, 0.0357 ], 
											"to": [ 2.2555, 0.65, 0.6857 ], 
											"unwrapMode": 5,
											"unwrapRotation": 1,
											"uv": [ 0.5, 10.0 ],
											"rotationOrigin": [ 0.3055, 0.0, 0.2145 ],
											"rotationZ": 32.0,
											"faces": {
												"north": { "texture": "#skin", "uv": [ 0.5, 11.0, 1.5, 14.0 ], "rotation": 270 },
												"east": { "texture": "#skin", "uv": [ 1.5, 10.0, 2.5, 11.0 ], "rotation": 180, "windMode": [-1,-1,-1,-1], "windData": [0,0,0,0] },
												"south": { "texture": "#skin", "uv": [ 2.5, 11.0, 3.5, 14.0 ], "rotation": 90 },
												"west": { "texture": "#skin", "uv": [ 1.5, 14.0, 2.5, 15.0 ], "windMode": [-1,-1,-1,-1], "windData": [0,0,0,0] },
												"up": { "texture": "#skin", "uv": [ 1.5, 11.0, 2.5, 14.0 ], "rotation": 90 },
												"down": { "texture": "#skin", "uv": [ 3.5, 11.0, 4.5, 14.0 ], "rotation": 270, "enabled": false }
											}
										}
									]
								},
								{
									"name": "R ear",
									"from": [ 0.4875, 0.988, -0.741 ], 
									"to": [ 0.6305, 1.703, 0.208 ], 
									"unwrapMode": 4,
									"uv": [ 9.0, 0.0 ],
									"rotationOrigin": [ 0.6305, 1.56, 0.2015 ],
									"rotationX": 45.0,
									"rotationZ": 22.0,
									"faces": {
										"north": { "texture": "#skin", "uv": [ 9.0, 0.5, 9.5, 1.5 ] },
										"east": { "texture": "#skin", "uv": [ 11.0, 0.5, 12.0, 1.5 ] },
										"south": { "texture": "#skin", "uv": [ 10.5, 0.5, 11.0, 1.5 ], "windMode": [-1,-1,-1,-1], "windData": [0,0,0,0] },
										"west": { "texture": "#skin", "uv": [ 9.5, 0.5, 10.5, 1.5 ] },
										"up": { "texture": "#skin", "uv": [ 9.5, 0.0, 10.5, 0.5 ], "rotation": 90 },
										"down": { "texture": "#skin", "uv": [ 9.5, 1.5, 10.5, 2.0 ], "rotation": 90 }
									}
								},
								{
									"name": "L ear",
									"from": [ 0.4875, 0.988, 1.0855 ], 
									"to": [ 0.6305, 1.703, 2.0345 ], 
									"unwrapMode": 4,
									"uv": [ 12.0, 0.0 ],
									"rotationOrigin": [ 0.6305, 1.56, 1.0855 ],
									"rotationX": -45.0,
									"rotationZ": 22.0,
									"faces": {
										"north": { "texture": "#skin", "uv": [ 12.0, 0.5, 12.5, 1.5 ], "windMode": [-1,-1,-1,-1] },
										"east": { "texture": "#skin", "uv": [ 14.0, 0.5, 15.0, 1.5 ] },
										"south": { "texture": "#skin", "uv": [ 13.5, 0.5, 14.0, 1.5 ], "windMode": [-1,-1,-1,-1] },
										"west": { "texture": "#skin", "uv": [ 12.5, 0.5, 13.5, 1.5 ] },
										"up": { "texture": "#skin", "uv": [ 12.5, 0.0, 13.5, 0.5 ], "rotation": 90 },
										"down": { "texture": "#skin", "uv": [ 12.5, 1.5, 13.5, 2.0 ], "rotation": 90 }
									}
								},
								{
									"name": "jaw",
									"from": [ -0.858, 0.0, 0.2925 ], 
									"to": [ 0.9295, 0.2502, 0.9945 ], 
									"unwrapMode": 5,
									"unwrapRotation": 1,
									"uv": [ 0.0, 7.5 ],
									"rotationOrigin": [ 0.715, 0.2145, 0.65 ],
									"rotationZ": 31.0,
									"faces": {
										"north": { "texture": "#skin", "uv": [ 0.0, 7.5, 0.5, 10.0 ], "rotation": 270 },
										"east": { "texture": "#skin", "uv": [ 0.5, 7.5, 1.5, 8.0 ], "rotation": 180, "enabled": false },
										"south": { "texture": "#skin", "uv": [ 1.5, 7.5, 2.0, 10.0 ], "rotation": 90 },
										"west": { "texture": "#skin", "uv": [ 0.5, 10.0, 1.5, 10.5 ] },
										"up": { "texture": "#skin", "uv": [ 0.5, 7.5, 1.5, 10.0 ], "rotation": 90 },
										"down": { "texture": "#skin", "uv": [ 2.0, 7.5, 3.0, 10.0 ], "rotation": 270 }
									}
								}
							]
						}
					]
				}
			]
		}
	]}