{
	"editor": {
		"allAngles": true,
		"entityTextureMode": true
	},
	"textureWidth": 32,
	"textureHeight": 48,
	"textureSizes": {
		"skin": [32,48]
	},
	"textures": {
	},
	"elements": [
		{
			"name": "Body",
			"from": [ 3.22, 5.976, 5.71 ], 
			"to": [ 8.82, 11.2176, 9.8679 ], 
			"unwrapMode": 3,
			"uv": [ 0.0, 0.0 ],
			"rotationOrigin": [ 8.8143, 8.7746, 8.0 ],
			"rotationZ": -1.0,
			"faces": {
				"north": { "texture": "#skin", "uv": [ 17.0, 5.0, 24.0, 11.5 ] },
				"east": { "texture": "#skin", "uv": [ 12.0, 5.0, 17.0, 11.5 ] },
				"south": { "texture": "#skin", "uv": [ 5.0, 5.0, 12.0, 11.5 ] },
				"west": { "texture": "#skin", "uv": [ 0.0, 5.0, 5.0, 11.5 ] },
				"up": { "texture": "#skin", "uv": [ 5.0, 0.0, 12.0, 5.0 ] },
				"down": { "texture": "#skin", "uv": [ 5.0, 11.5, 12.0, 16.5 ], "rotation": 180 }
			},
			"children": [
				{
					"name": "neck",
					"from": [ -1.5142, 4.0302, 1.0304 ], 
					"to": [ 1.9102, 6.9435, 3.127 ], 
					"unwrapMode": 3,
					"unwrapRotation": 1,
					"autoUnwrap": false,
					"uv": [ 24.0, 18.5 ],
					"rotationOrigin": [ 1.2813, 4.0302, 2.08 ],
					"rotationY": -4.0,
					"rotationZ": 66.0,
					"faces": {
						"north": { "texture": "#skin", "uv": [ 26.5, 14.5, 30.0, 18.5 ], "rotation": 270, "windMode": [-1,-1,-1,-1], "windData": [0,0,1,0] },
						"east": { "texture": "#skin", "uv": [ 26.5, 18.5, 30.0, 21.0 ], "rotation": 90, "windMode": [-1,-1,-1,-1], "windData": [1,0,0,1] },
						"south": { "texture": "#skin", "uv": [ 26.5, 21.0, 30.0, 25.0 ], "rotation": 90 },
						"west": { "texture": "#skin", "uv": [ 26.5, 25.0, 30.0, 27.5 ], "rotation": 90 },
						"up": { "texture": "#skin", "uv": [ 24.0, 21.0, 26.5, 25.0 ], "rotation": 90 },
						"down": { "texture": "#skin", "uv": [ 30.0, 21.0, 32.5, 25.0 ], "rotation": 270, "enabled": false, "windMode": [-1,-1,-1,-1] }
					},
					"children": [
						{
							"name": "neck2",
							"from": [ 0.629, 1.7024, 0.0699 ], 
							"to": [ 3.429, 4.1024, 2.0267 ], 
							"unwrapMode": 3,
							"uv": [ 12.0, 27.5 ],
							"rotationOrigin": [ 3.145, 2.2843, 1.0483 ],
							"rotationZ": -10.0,
							"faces": {
								"north": { "texture": "#skin", "uv": [ 19.5, 29.5, 23.0, 32.5 ] },
								"east": { "texture": "#skin", "uv": [ 17.5, 29.5, 19.5, 32.5 ] },
								"south": { "texture": "#skin", "uv": [ 14.0, 29.5, 17.5, 32.5 ] },
								"west": { "texture": "#skin", "uv": [ 12.0, 29.5, 14.0, 32.5 ] },
								"up": { "texture": "#skin", "uv": [ 14.0, 27.5, 17.5, 29.5 ] },
								"down": { "texture": "#skin", "uv": [ 14.0, 32.5, 17.5, 34.5 ], "rotation": 180, "enabled": false, "windMode": [-1,-1,-1,-1] }
							},
							"children": [
								{
									"name": "head",
									"from": [ 0.8328, 0.0, -0.2446 ], 
									"to": [ 2.7528, 2.56, 2.2014 ], 
									"unwrapMode": 4,
									"autoUnwrap": false,
									"uv": [ 14.5, 11.0 ],
									"rotationOrigin": [ 2.6674, 2.2953, 1.0483 ],
									"rotationX": -8.0,
									"rotationZ": -60.0,
									"faces": {
										"north": { "texture": "#skin", "uv": [ 12.0, 11.5, 14.0, 14.5 ] },
										"east": { "texture": "#skin", "uv": [ 19.0, 11.5, 22.0, 14.5 ] },
										"south": { "texture": "#skin", "uv": [ 17.0, 11.5, 19.0, 14.5 ] },
										"west": { "texture": "#skin", "uv": [ 14.0, 11.5, 17.0, 14.5 ] },
										"up": { "texture": "#skin", "uv": [ 14.0, 16.5, 17.0, 18.5 ], "rotation": 90 },
										"down": { "texture": "#skin", "uv": [ 14.0, 14.5, 17.0, 16.5 ], "rotation": 90 }
									},
									"children": [
										{
											"name": "mouth up",
											"from": [ -2.1568, 0.5358, 0.6144 ], 
											"to": [ 0.0864, 1.4958, 1.9072 ], 
											"unwrapMode": 5,
											"unwrapRotation": 1,
											"uv": [ 17.0, 14.5 ],
											"rotationOrigin": [ 0.1472, 1.1648, 1.312 ],
											"rotationZ": 10.0,
											"faces": {
												"north": { "texture": "#skin", "uv": [ 17.0, 14.5, 18.0, 17.0 ], "rotation": 270 },
												"east": { "texture": "#skin", "uv": [ 18.0, 14.5, 19.5, 15.5 ], "rotation": 180, "enabled": false },
												"south": { "texture": "#skin", "uv": [ 19.5, 14.5, 20.5, 17.0 ], "rotation": 90 },
												"west": { "texture": "#skin", "uv": [ 18.0, 17.0, 19.5, 18.0 ] },
												"up": { "texture": "#skin", "uv": [ 18.0, 14.5, 19.5, 17.0 ], "rotation": 90 },
												"down": { "texture": "#skin", "uv": [ 20.5, 14.5, 22.0, 17.0 ], "rotation": 270 }
											},
											"children": [
												{
													"name": "nose bridge",
													"from": [ 0.7571, 0.0058, 0.0896 ], 
													"to": [ 3.9603, 0.891, 1.2078 ], 
													"unwrapMode": 5,
													"unwrapRotation": 1,
													"uv": [ 22.0, 11.5 ],
													"rotationOrigin": [ 0.7571, 0.0408, 0.4367 ],
													"rotationZ": 20.0,
													"faces": {
														"north": { "texture": "#skin", "uv": [ 22.0, 11.5, 23.0, 15.5 ], "rotation": 270 },
														"east": { "texture": "#skin", "uv": [ 23.0, 11.5, 24.0, 12.5 ], "rotation": 180, "enabled": false, "windMode": [-1,-1,-1,-1], "windData": [1,1,1,1] },
														"south": { "texture": "#skin", "uv": [ 24.0, 11.5, 25.0, 15.5 ], "rotation": 90 },
														"west": { "texture": "#skin", "uv": [ 23.0, 15.5, 24.0, 16.5 ], "enabled": false },
														"up": { "texture": "#skin", "uv": [ 23.0, 11.5, 24.0, 15.5 ], "rotation": 90 },
														"down": { "texture": "#skin", "uv": [ 25.0, 11.5, 26.0, 15.5 ], "rotation": 270, "enabled": false }
													}
												},
												{
													"name": "nose",
													"from": [ -0.0757, 0.3392, 0.224 ], 
													"to": [ 1.2043, 0.9682, 1.0626 ], 
													"unwrapMode": 5,
													"uv": [ 23.0, 0.0 ],
													"rotationOrigin": [ -0.076, 1.0054, 0.6464 ],
													"rotationZ": 6.0,
													"faces": {
														"north": { "texture": "#skin", "uv": [ 23.5, 0.0, 25.0, 0.5 ], "rotation": 180, "windMode": [-1,-1,-1,-1], "windData": [1,1,1,1] },
														"east": { "texture": "#skin", "uv": [ 25.0, 0.5, 25.5, 1.5 ], "rotation": 90, "windMode": [-1,-1,-1,-1], "windData": [1,1,1,1] },
														"south": { "texture": "#skin", "uv": [ 23.5, 1.5, 25.0, 2.0 ], "windMode": [-1,-1,-1,-1], "windData": [1,1,1,1] },
														"west": { "texture": "#skin", "uv": [ 23.0, 0.5, 23.5, 1.5 ], "rotation": 270, "windMode": [-1,-1,-1,-1], "windData": [1,1,1,1] },
														"up": { "texture": "#skin", "uv": [ 23.5, 0.5, 25.0, 1.5 ], "windMode": [-1,-1,-1,-1], "windData": [1,1,1,1] },
														"down": { "texture": "#skin", "uv": [ 25.5, 0.5, 27.0, 1.5 ], "windMode": [-1,-1,-1,-1], "windData": [1,1,1,1] }
													}
												}
											]
										},
										{
											"name": "R ear",
											"from": [ 1.1182, 1.7472, -0.7338 ], 
											"to": [ 1.4677, 2.6208, 0.431 ], 
											"unwrapMode": 4,
											"uv": [ 20.5, 2.0 ],
											"rotationOrigin": [ 1.258, 2.2364, 0.431 ],
											"rotationX": 65.0,
											"rotationZ": 22.0,
											"faces": {
												"north": { "texture": "#skin", "uv": [ 20.5, 2.5, 21.0, 3.5 ] },
												"east": { "texture": "#skin", "uv": [ 22.5, 2.5, 23.5, 3.5 ] },
												"south": { "texture": "#skin", "uv": [ 22.0, 2.5, 22.5, 3.5 ], "windMode": [-1,-1,-1,-1], "windData": [0,0,0,0] },
												"west": { "texture": "#skin", "uv": [ 21.0, 2.5, 22.0, 3.5 ] },
												"up": { "texture": "#skin", "uv": [ 21.0, 2.0, 22.0, 2.5 ], "rotation": 90 },
												"down": { "texture": "#skin", "uv": [ 21.0, 3.5, 22.0, 4.0 ], "rotation": 90 }
											}
										},
										{
											"name": "L ear",
											"from": [ 1.1182, 1.7472, 2.0617 ], 
											"to": [ 1.4677, 2.5626, 3.2265 ], 
											"unwrapMode": 2,
											"uv": [ 14.0, 3.0 ],
											"rotationOrigin": [ 1.258, 2.2364, 2.0617 ],
											"rotationX": -65.0,
											"rotationZ": 22.0,
											"faces": {
												"north": { "texture": "#skin", "uv": [ 15.5, 3.5, 16.0, 4.5 ], "windMode": [-1,-1,-1,-1] },
												"east": { "texture": "#skin", "uv": [ 14.5, 3.5, 15.5, 4.5 ] },
												"south": { "texture": "#skin", "uv": [ 14.0, 3.5, 14.5, 4.5 ], "windMode": [-1,-1,-1,-1], "windData": [1,1,1,1] },
												"west": { "texture": "#skin", "uv": [ 16.0, 3.5, 17.0, 4.5 ] },
												"up": { "texture": "#skin", "uv": [ 14.5, 3.0, 15.5, 3.5 ], "rotation": 270 },
												"down": { "texture": "#skin", "uv": [ 14.5, 4.5, 15.5, 5.0 ], "rotation": 270 }
											}
										},
										{
											"name": "jaw",
											"from": [ -0.8128, -0.0233, 0.6989 ], 
											"to": [ 0.4518, 0.6167, 1.8171 ], 
											"unwrapMode": 5,
											"unwrapRotation": 1,
											"uv": [ 20.0, 0.0 ],
											"rotationOrigin": [ 0.3072, 0.4915, 1.258 ],
											"rotationZ": 4.0,
											"faces": {
												"north": { "texture": "#skin", "uv": [ 20.0, 0.0, 20.5, 1.5 ], "rotation": 270 },
												"east": { "texture": "#skin", "uv": [ 20.5, 0.0, 21.5, 0.5 ], "rotation": 180, "enabled": false },
												"south": { "texture": "#skin", "uv": [ 21.5, 0.0, 22.0, 1.5 ], "rotation": 90 },
												"west": { "texture": "#skin", "uv": [ 20.5, 1.5, 21.5, 2.0 ] },
												"up": { "texture": "#skin", "uv": [ 20.5, 0.0, 21.5, 1.5 ], "rotation": 90 },
												"down": { "texture": "#skin", "uv": [ 22.0, 0.0, 23.0, 1.5 ], "rotation": 270 }
											},
											"children": [
												{
													"name": "chin",
													"from": [ -1.0368, 0.0, -0.0291 ], 
													"to": [ 0.0, 0.64, 1.1474 ], 
													"unwrapMode": 5,
													"unwrapRotation": 1,
													"uv": [ 23.5, 2.0 ],
													"rotationOrigin": [ -0.0896, 0.5148, 0.5009 ],
													"rotationZ": 12.0,
													"faces": {
														"north": { "texture": "#skin", "uv": [ 23.5, 2.0, 24.0, 3.0 ], "rotation": 270 },
														"east": { "texture": "#skin", "uv": [ 24.0, 2.0, 25.0, 2.5 ], "rotation": 180, "enabled": false },
														"south": { "texture": "#skin", "uv": [ 25.0, 2.0, 25.5, 3.0 ], "rotation": 90 },
														"west": { "texture": "#skin", "uv": [ 24.0, 3.0, 25.0, 3.5 ] },
														"up": { "texture": "#skin", "uv": [ 24.0, 2.0, 25.0, 3.0 ], "rotation": 90 },
														"down": { "texture": "#skin", "uv": [ 25.5, 2.0, 26.5, 3.0 ], "rotation": 270 }
													}
												}
											]
										}
									]
								},
								{
									"name": "neckfur2",
									"from": [ -0.5824, 0.233, 0.6872 ], 
									"to": [ 0.2912, 2.505, 1.2696 ], 
									"unwrapMode": 3,
									"unwrapRotation": 1,
									"uv": [ 27.0, 11.0 ],
									"rotationOrigin": [ 0.2912, 0.233, 0.6989 ],
									"rotationZ": -6.0,
									"faces": {
										"north": { "texture": "#skin", "uv": [ 29.5, 11.0, 32.0, 12.0 ], "rotation": 270 },
										"east": { "texture": "#skin", "uv": [ 27.0, 11.0, 29.5, 11.5 ], "rotation": 90, "enabled": false, "windMode": [-1,-1,-1,-1], "windData": [1,1,1,1] },
										"south": { "texture": "#skin", "uv": [ 27.0, 11.0, 29.5, 12.0 ], "rotation": 90 },
										"west": { "texture": "#skin", "uv": [ 27.0, 12.0, 29.5, 12.5 ], "rotation": 90, "enabled": false, "windMode": [-1,-1,-1,-1], "windData": [0,0,1,1] },
										"up": { "texture": "#skin", "uv": [ 27.0, 11.0, 27.5, 12.0 ], "rotation": 90, "enabled": false, "windMode": [-1,-1,-1,-1], "windData": [1,1,1,1] },
										"down": { "texture": "#skin", "uv": [ 29.5, 11.0, 30.0, 12.0 ], "rotation": 270, "enabled": false, "windMode": [-1,-1,-1,-1], "windData": [0,1,1,0] }
									}
								}
							]
						},
						{
							"name": "Hump",
							"from": [ 2.4512, -0.3584, 0.4659 ], 
							"to": [ 3.4112, 1.9712, 1.6307 ], 
							"unwrapMode": 3,
							"unwrapRotation": 1,
							"uv": [ 18.0, 3.0 ],
							"rotationOrigin": [ 3.2832, 1.9456, 0.7571 ],
							"rotationZ": 28.0,
							"faces": {
								"north": { "texture": "#skin", "uv": [ 21.5, 4.0, 24.0, 5.0 ], "rotation": 270 },
								"east": { "texture": "#skin", "uv": [ 18.0, 3.0, 20.5, 4.0 ], "rotation": 90, "windMode": [-1,-1,-1,-1], "windData": [1,1,1,1] },
								"south": { "texture": "#skin", "uv": [ 18.0, 4.0, 20.5, 5.0 ], "rotation": 90 },
								"west": { "texture": "#skin", "uv": [ 18.0, 5.0, 20.5, 6.0 ], "rotation": 90, "enabled": false, "windMode": [-1,-1,-1,-1], "windData": [1,1,1,1] },
								"up": { "texture": "#skin", "uv": [ 18.0, 4.0, 19.0, 5.0 ], "rotation": 90, "enabled": false, "windMode": [-1,-1,-1,-1], "windData": [1,1,1,1] },
								"down": { "texture": "#skin", "uv": [ 20.5, 4.0, 21.5, 5.0 ], "rotation": 270 }
							}
						},
						{
							"name": "neckfur1",
							"from": [ -1.7472, 0.5824, 0.8154 ], 
							"to": [ 0.0, 3.3792, 1.2813 ], 
							"unwrapMode": 3,
							"unwrapRotation": 1,
							"uv": [ 26.0, 9.0 ],
							"rotationOrigin": [ 0.0, 0.5824, 0.8154 ],
							"rotationZ": -19.0,
							"faces": {
								"north": { "texture": "#skin", "uv": [ 29.0, 9.0, 32.0, 11.0 ], "rotation": 270 },
								"east": { "texture": "#skin", "uv": [ 26.0, 9.0, 29.0, 9.5 ], "rotation": 90, "enabled": false, "windMode": [-1,-1,-1,-1], "windData": [0,1,1,0] },
								"south": { "texture": "#skin", "uv": [ 26.0, 9.0, 29.0, 11.0 ], "rotation": 90 },
								"west": { "texture": "#skin", "uv": [ 26.0, 11.0, 29.0, 11.5 ], "rotation": 90, "enabled": false, "windMode": [-1,-1,-1,-1] },
								"up": { "texture": "#skin", "uv": [ 26.0, 9.0, 26.5, 11.0 ], "rotation": 90, "enabled": false, "windMode": [-1,-1,-1,-1], "windData": [0,0,1,1] },
								"down": { "texture": "#skin", "uv": [ 29.0, 9.0, 29.5, 11.0 ], "rotation": 270, "enabled": false, "windMode": [-1,-1,-1,-1] }
							}
						}
					]
				},
				{
					"name": "abdomen",
					"from": [ 5.1717, 0.0, 0.1408 ], 
					"to": [ 11.4616, 5.2416, 4.0192 ], 
					"unwrapMode": 3,
					"uv": [ 0.0, 16.5 ],
					"rotationOrigin": [ 5.1717, 2.7955, 1.887 ],
					"rotationZ": 2.0,
					"faces": {
						"north": { "texture": "#skin", "uv": [ 16.5, 21.0, 24.0, 27.5 ] },
						"east": { "texture": "#skin", "uv": [ 12.0, 21.0, 16.5, 27.5 ] },
						"south": { "texture": "#skin", "uv": [ 4.5, 21.0, 12.0, 27.5 ] },
						"west": { "texture": "#skin", "uv": [ 0.0, 21.0, 4.5, 27.5 ] },
						"up": { "texture": "#skin", "uv": [ 4.5, 16.5, 12.0, 21.0 ] },
						"down": { "texture": "#skin", "uv": [ 4.5, 27.5, 12.0, 32.0 ], "rotation": 180 }
					},
					"children": [
						{
							"name": "L back Thigh",
							"from": [ 3.145, -0.1398, 2.7776 ], 
							"to": [ 6.6394, 4.0535, 4.1754 ], 
							"unwrapMode": 3,
							"uv": [ 11.0, 32.5 ],
							"rotationOrigin": [ 4.5427, 3.0052, 3.4767 ],
							"rotationX": 3.0,
							"rotationZ": -8.0,
							"faces": {
								"north": { "texture": "#skin", "uv": [ 18.0, 34.0, 22.0, 39.0 ] },
								"east": { "texture": "#skin", "uv": [ 16.5, 34.0, 18.0, 39.0 ] },
								"south": { "texture": "#skin", "uv": [ 12.5, 34.0, 16.5, 39.0 ] },
								"west": { "texture": "#skin", "uv": [ 11.0, 34.0, 12.5, 39.0 ] },
								"up": { "texture": "#skin", "uv": [ 12.5, 32.5, 16.5, 34.0 ], "windMode": [-1,-1,-1,-1], "windData": [0,0,1,1] },
								"down": { "texture": "#skin", "uv": [ 12.5, 39.0, 16.5, 40.5 ], "rotation": 180 }
							},
							"children": [
								{
									"name": "L back Upper Arm",
									"from": [ 0.2795, -3.376, 0.1398 ], 
									"to": [ 1.6773, 0.7667, 1.258 ], 
									"unwrapMode": 3,
									"uv": [ 10.0, 39.5 ],
									"rotationOrigin": [ 0.9784, 0.768, 0.6989 ],
									"rotationX": 1.0,
									"rotationZ": 66.0,
									"faces": {
										"north": { "texture": "#skin", "uv": [ 13.5, 40.5, 15.0, 45.5 ] },
										"east": { "texture": "#skin", "uv": [ 12.5, 40.5, 13.5, 45.5 ] },
										"south": { "texture": "#skin", "uv": [ 11.0, 40.5, 12.5, 45.5 ] },
										"west": { "texture": "#skin", "uv": [ 10.0, 40.5, 11.0, 45.5 ] },
										"up": { "texture": "#skin", "uv": [ 11.0, 39.5, 12.5, 40.5 ] },
										"down": { "texture": "#skin", "uv": [ 11.0, 45.5, 12.5, 46.5 ], "rotation": 180 }
									},
									"children": [
										{
											"name": "L back lower arm",
											"from": [ 0.2795, -3.296, 0.1398 ], 
											"to": [ 1.1182, 0.7002, 0.9784 ], 
											"unwrapMode": 3,
											"uv": [ 15.5, 39.5 ],
											"rotationOrigin": [ 0.7688, 0.696, 0.5591 ],
											"rotationX": -4.0,
											"rotationZ": -58.0,
											"faces": {
												"north": { "texture": "#skin", "uv": [ 18.5, 40.5, 19.5, 45.0 ] },
												"east": { "texture": "#skin", "uv": [ 17.5, 40.5, 18.5, 45.0 ] },
												"south": { "texture": "#skin", "uv": [ 16.5, 40.5, 17.5, 45.0 ] },
												"west": { "texture": "#skin", "uv": [ 15.5, 40.5, 16.5, 45.0 ] },
												"up": { "texture": "#skin", "uv": [ 16.5, 39.5, 17.5, 40.5 ] },
												"down": { "texture": "#skin", "uv": [ 16.5, 45.0, 17.5, 46.0 ], "rotation": 180 }
											},
											"children": [
												{
													"name": "L back pastern",
													"from": [ -0.0699, -0.8386, -0.0576 ], 
													"to": [ 0.9666, 0.9086, 0.8973 ], 
													"unwrapMode": 1,
													"uv": [ 19.5, 43.0 ],
													"rotationOrigin": [ 0.3494, 0.9086, 0.4224 ],
													"faces": {
														"north": { "texture": "#skin", "uv": [ 20.5, 44.0, 21.5, 46.0 ] },
														"east": { "texture": "#skin", "uv": [ 19.5, 44.0, 20.5, 46.0 ] },
														"south": { "texture": "#skin", "uv": [ 22.5, 44.0, 23.5, 46.0 ] },
														"west": { "texture": "#skin", "uv": [ 21.5, 44.0, 22.5, 46.0 ] },
														"up": { "texture": "#skin", "uv": [ 20.5, 43.0, 21.5, 44.0 ], "rotation": 180 },
														"down": { "texture": "#skin", "uv": [ 20.5, 46.0, 21.5, 47.0 ] }
													},
													"children": [
														{
															"name": "L origin hind hoof",
															"from": [ 0.4194, 0.5591, 0.4194 ], 
															"to": [ 0.4194, 0.5591, 0.4194 ], 
															"uv": [ 0.0, 0.0 ],
															"rotationOrigin": [ 0.4194, 0.5591, 0.4194 ],
															"rotationZ": -19.0,
															"faces": {
																"north": { "texture": "#skin", "uv": [ 0.0, 0.5, 0.4368, 0.9368 ], "enabled": false },
																"east": { "texture": "#skin", "uv": [ 0.5, 0.5, 0.9368, 0.9368 ], "enabled": false },
																"south": { "texture": "#skin", "uv": [ 1.0, 0.5, 1.4368, 0.9368 ], "enabled": false },
																"west": { "texture": "#skin", "uv": [ 1.5, 0.5, 1.9368, 0.9368 ], "enabled": false },
																"up": { "texture": "#skin", "uv": [ 0.0, 0.0, 0.4368, 0.4368 ], "enabled": false },
																"down": { "texture": "#skin", "uv": [ 0.5, 0.0, 0.9368, 0.4368 ], "enabled": false }
															},
															"children": [
																{
																	"name": "L hind hoof 1",
																	"from": [ -1.4464, -0.2795, -0.3844 ], 
																	"to": [ -0.212, 0.2097, 0.5006 ], 
																	"unwrapMode": 5,
																	"uv": [ 0.0, 17.5 ],
																	"rotationOrigin": [ -0.2112, 0.0699, 0.2795 ],
																	"rotationZ": 48.0,
																	"faces": {
																		"north": { "texture": "#skin", "uv": [ 0.5, 17.5, 2.0, 18.0 ], "rotation": 180 },
																		"east": { "texture": "#skin", "uv": [ 2.0, 18.0, 2.5, 19.0 ], "rotation": 90 },
																		"south": { "texture": "#skin", "uv": [ 0.5, 19.0, 2.0, 19.5 ] },
																		"west": { "texture": "#skin", "uv": [ 0.0, 18.0, 0.5, 19.0 ], "rotation": 270 },
																		"up": { "texture": "#skin", "uv": [ 0.5, 18.0, 2.0, 19.0 ] },
																		"down": { "texture": "#skin", "uv": [ 2.5, 18.0, 4.0, 19.0 ] }
																	}
																},
																{
																	"name": "L hind hoof 2",
																	"from": [ -1.0112, -0.629, -0.3844 ], 
																	"to": [ 0.2114, -0.2795, 0.5006 ], 
																	"unwrapMode": 5,
																	"uv": [ 0.0, 15.5 ],
																	"rotationOrigin": [ 0.1408, -0.2795, 0.2097 ],
																	"rotationZ": 24.0,
																	"faces": {
																		"north": { "texture": "#skin", "uv": [ 0.5, 15.5, 2.0, 16.0 ], "rotation": 180 },
																		"east": { "texture": "#skin", "uv": [ 2.0, 16.0, 2.5, 17.0 ], "rotation": 90 },
																		"south": { "texture": "#skin", "uv": [ 0.5, 17.0, 2.0, 17.5 ] },
																		"west": { "texture": "#skin", "uv": [ 0.0, 16.0, 0.5, 17.0 ], "rotation": 270 },
																		"up": { "texture": "#skin", "uv": [ 0.5, 16.0, 2.0, 17.0 ] },
																		"down": { "texture": "#skin", "uv": [ 2.5, 16.0, 4.0, 17.0 ] }
																	}
																}
															]
														}
													]
												}
											]
										}
									]
								}
							]
						},
						{
							"name": "tail",
							"from": [ 5.6027, 3.7274, 1.2288 ], 
							"to": [ 6.3016, 5.1251, 2.6498 ], 
							"unwrapMode": 3,
							"uv": [ 0.0, 0.0 ],
							"rotationOrigin": [ 6.1851, 5.1251, 1.8693 ],
							"rotationZ": 28.0,
							"faces": {
								"north": { "texture": "#skin", "uv": [ 3.5, 0.0, 4.0, 1.5 ], "windMode": [-1,-1,-1,-1], "windData": [0,1,1,0] },
								"east": { "texture": "#skin", "uv": [ 2.0, 0.0, 3.5, 1.5 ], "windMode": [-1,-1,-1,-1], "windData": [0,1,1,0] },
								"south": { "texture": "#skin", "uv": [ 1.5, 0.0, 2.0, 1.5 ] },
								"west": { "texture": "#skin", "uv": [ 0.0, 0.0, 1.5, 1.5 ], "windMode": [-1,-1,-1,-1], "windData": [0,0,1,1] },
								"up": { "texture": "#skin", "uv": [ 1.5, 0.0, 2.0, 1.5 ], "enabled": false, "windMode": [-1,-1,-1,-1], "windData": [1,1,1,1] },
								"down": { "texture": "#skin", "uv": [ 1.5, 1.5, 2.0, 3.0 ], "rotation": 180, "windMode": [-1,-1,-1,-1], "windData": [1,1,1,1] }
							},
							"children": [
								{
									"name": "tail-end",
									"from": [ 0.0, -1.1765, 0.0699 ], 
									"to": [ 0.6989, 0.1048, 1.3512 ], 
									"unwrapMode": 3,
									"uv": [ 2.0, 1.5 ],
									"rotationOrigin": [ 0.5824, 0.1048, 0.6523 ],
									"rotationZ": -22.0,
									"faces": {
										"north": { "texture": "#skin", "uv": [ 4.0, 1.5, 4.5, 3.0 ] },
										"east": { "texture": "#skin", "uv": [ 2.5, 1.5, 4.0, 3.0 ] },
										"south": { "texture": "#skin", "uv": [ 2.0, 1.5, 2.5, 3.0 ] },
										"west": { "texture": "#skin", "uv": [ 2.0, 1.5, 3.5, 3.0 ], "enabled": false, "windMode": [-1,-1,-1,-1], "windData": [1,1,1,1] },
										"up": { "texture": "#skin", "uv": [ 2.0, 1.5, 2.5, 3.0 ], "enabled": false, "windMode": [-1,-1,-1,-1], "windData": [1,1,1,1] },
										"down": { "texture": "#skin", "uv": [ 2.0, 3.0, 2.5, 4.5 ], "rotation": 180, "enabled": false, "windMode": [-1,-1,-1,-1], "windData": [1,1,1,1] }
									}
								}
							]
						},
						{
							"name": "R back Thigh",
							"from": [ 3.145, -0.1398, -0.5591 ], 
							"to": [ 6.6394, 4.0535, 0.8386 ], 
							"unwrapMode": 1,
							"uv": [ 0.0, 32.0 ],
							"rotationOrigin": [ 4.5427, 3.0052, 0.2097 ],
							"rotationX": -3.0,
							"rotationZ": -29.0,
							"faces": {
								"north": { "texture": "#skin", "uv": [ 1.5, 33.5, 5.5, 38.5 ] },
								"east": { "texture": "#skin", "uv": [ 0.0, 33.5, 1.5, 38.5 ] },
								"south": { "texture": "#skin", "uv": [ 7.0, 33.5, 11.0, 38.5 ] },
								"west": { "texture": "#skin", "uv": [ 5.5, 33.5, 7.0, 38.5 ] },
								"up": { "texture": "#skin", "uv": [ 1.5, 32.0, 5.5, 33.5 ], "rotation": 180 },
								"down": { "texture": "#skin", "uv": [ 1.5, 38.5, 5.5, 40.0 ] }
							},
							"children": [
								{
									"name": "R back Upper Arm",
									"from": [ 0.2795, -3.376, 0.1398 ], 
									"to": [ 1.6773, 0.7667, 1.258 ], 
									"unwrapMode": 1,
									"uv": [ 0.0, 40.0 ],
									"rotationOrigin": [ 0.9784, 0.768, 0.6989 ],
									"rotationX": -1.0,
									"rotationZ": 73.0,
									"faces": {
										"north": { "texture": "#skin", "uv": [ 1.0, 41.0, 2.5, 46.0 ] },
										"east": { "texture": "#skin", "uv": [ 0.0, 41.0, 1.0, 46.0 ] },
										"south": { "texture": "#skin", "uv": [ 3.5, 41.0, 5.0, 46.0 ] },
										"west": { "texture": "#skin", "uv": [ 2.5, 41.0, 3.5, 46.0 ] },
										"up": { "texture": "#skin", "uv": [ 1.0, 40.0, 2.5, 41.0 ], "rotation": 180 },
										"down": { "texture": "#skin", "uv": [ 1.0, 46.0, 2.5, 47.0 ] }
									},
									"children": [
										{
											"name": "R back lower arm",
											"from": [ 0.2795, -3.296, 0.1398 ], 
											"to": [ 1.1182, 0.7002, 0.9784 ], 
											"unwrapMode": 1,
											"uv": [ 5.0, 39.0 ],
											"rotationOrigin": [ 0.7688, 0.696, 0.5591 ],
											"rotationX": 4.0,
											"rotationZ": -63.0,
											"faces": {
												"north": { "texture": "#skin", "uv": [ 6.0, 40.0, 7.0, 44.5 ] },
												"east": { "texture": "#skin", "uv": [ 5.0, 40.0, 6.0, 44.5 ] },
												"south": { "texture": "#skin", "uv": [ 8.0, 40.0, 9.0, 44.5 ] },
												"west": { "texture": "#skin", "uv": [ 7.0, 40.0, 8.0, 44.5 ] },
												"up": { "texture": "#skin", "uv": [ 6.0, 39.0, 7.0, 40.0 ], "rotation": 180 },
												"down": { "texture": "#skin", "uv": [ 6.0, 44.5, 7.0, 45.5 ] }
											},
											"children": [
												{
													"name": "R back pastern",
													"from": [ -0.0699, -0.8386, -0.0576 ], 
													"to": [ 0.9666, 0.9086, 0.8973 ], 
													"unwrapMode": 3,
													"uv": [ 19.5, 38.83 ],
													"rotationOrigin": [ 0.3494, 0.9086, 0.4224 ],
													"rotationZ": 1.0,
													"faces": {
														"north": { "texture": "#skin", "uv": [ 22.5, 40.0, 23.5, 42.0 ] },
														"east": { "texture": "#skin", "uv": [ 21.5, 40.0, 22.5, 42.0 ] },
														"south": { "texture": "#skin", "uv": [ 20.5, 40.0, 21.5, 42.0 ] },
														"west": { "texture": "#skin", "uv": [ 19.5, 40.0, 20.5, 42.0 ] },
														"up": { "texture": "#skin", "uv": [ 20.5, 39.0, 21.5, 40.0 ] },
														"down": { "texture": "#skin", "uv": [ 20.5, 42.0, 21.5, 43.0 ], "rotation": 180 }
													},
													"children": [
														{
															"name": "R origin hind hoof",
															"from": [ 0.4194, 0.5591, 0.4194 ], 
															"to": [ 0.4194, 0.5591, 0.4194 ], 
															"uv": [ 0.0, 0.0 ],
															"rotationOrigin": [ 0.4194, 0.5591, 0.4194 ],
															"faces": {
																"north": { "texture": "#skin", "uv": [ 0.0, 0.5, 0.4368, 0.9368 ], "enabled": false },
																"east": { "texture": "#skin", "uv": [ 0.5, 0.5, 0.9368, 0.9368 ], "enabled": false },
																"south": { "texture": "#skin", "uv": [ 1.0, 0.5, 1.4368, 0.9368 ], "enabled": false },
																"west": { "texture": "#skin", "uv": [ 1.5, 0.5, 1.9368, 0.9368 ], "enabled": false },
																"up": { "texture": "#skin", "uv": [ 0.0, 0.0, 0.4368, 0.4368 ], "enabled": false },
																"down": { "texture": "#skin", "uv": [ 0.5, 0.0, 0.9368, 0.4368 ], "enabled": false }
															},
															"children": [
																{
																	"name": "R hind hoof 1",
																	"from": [ -1.4464, -0.2795, -0.3844 ], 
																	"to": [ -0.212, 0.2097, 0.5006 ], 
																	"unwrapMode": 5,
																	"uv": [ 0.0, 17.5 ],
																	"rotationOrigin": [ -0.2112, 0.0699, 0.2795 ],
																	"rotationZ": 48.0,
																	"faces": {
																		"north": { "texture": "#skin", "uv": [ 0.5, 17.5, 2.0, 18.0 ], "rotation": 180 },
																		"east": { "texture": "#skin", "uv": [ 2.0, 18.0, 2.5, 19.0 ], "rotation": 90 },
																		"south": { "texture": "#skin", "uv": [ 0.5, 19.0, 2.0, 19.5 ] },
																		"west": { "texture": "#skin", "uv": [ 0.0, 18.0, 0.5, 19.0 ], "rotation": 270 },
																		"up": { "texture": "#skin", "uv": [ 0.5, 18.0, 2.0, 19.0 ] },
																		"down": { "texture": "#skin", "uv": [ 2.5, 18.0, 4.0, 19.0 ] }
																	}
																},
																{
																	"name": "R hind hoof 2",
																	"from": [ -1.0112, -0.629, -0.3844 ], 
																	"to": [ 0.2114, -0.2795, 0.5006 ], 
																	"unwrapMode": 5,
																	"uv": [ 0.0, 15.5 ],
																	"rotationOrigin": [ 0.1408, -0.2795, 0.2097 ],
																	"rotationZ": 24.0,
																	"faces": {
																		"north": { "texture": "#skin", "uv": [ 0.5, 15.5, 2.0, 16.0 ], "rotation": 180 },
																		"east": { "texture": "#skin", "uv": [ 2.0, 16.0, 2.5, 17.0 ], "rotation": 90 },
																		"south": { "texture": "#skin", "uv": [ 0.5, 17.0, 2.0, 17.5 ] },
																		"west": { "texture": "#skin", "uv": [ 0.0, 16.0, 0.5, 17.0 ], "rotation": 270 },
																		"up": { "texture": "#skin", "uv": [ 0.5, 16.0, 2.0, 17.0 ] },
																		"down": { "texture": "#skin", "uv": [ 2.5, 16.0, 4.0, 17.0 ] }
																	}
																}
															]
														}
													]
												}
											]
										}
									]
								}
							]
						}
					]
				},
				{
					"name": "L front Thigh",
					"from": [ 0.5591, 0.688, 3.6864 ], 
					"to": [ 2.6558, 4.1824, 4.7347 ], 
					"unwrapMode": 3,
					"uv": [ 24.0, 3.0 ],
					"rotationOrigin": [ 1.6074, 2.7854, 4.0358 ],
					"rotationX": 3.0,
					"rotationZ": -11.0,
					"faces": {
						"north": { "texture": "#skin", "uv": [ 28.5, 4.0, 31.0, 8.0 ] },
						"east": { "texture": "#skin", "uv": [ 27.5, 4.0, 28.5, 8.0 ] },
						"south": { "texture": "#skin", "uv": [ 25.0, 4.0, 27.5, 8.0 ] },
						"west": { "texture": "#skin", "uv": [ 24.0, 4.0, 25.0, 8.0 ] },
						"up": { "texture": "#skin", "uv": [ 25.0, 3.0, 27.5, 4.0 ], "windMode": [-1,-1,-1,-1] },
						"down": { "texture": "#skin", "uv": [ 25.0, 8.0, 27.5, 9.0 ], "rotation": 180 }
					},
					"children": [
						{
							"name": "L front Upper Arm",
							"from": [ 0.3494, -2.696, -0.2097 ], 
							"to": [ 1.5142, 0.6973, 0.8386 ], 
							"unwrapMode": 3,
							"uv": [ 26.0, 31.5 ],
							"rotationOrigin": [ 1.0483, 0.352, 0.3494 ],
							"rotationX": 1.0,
							"rotationZ": -3.0,
							"faces": {
								"north": { "texture": "#skin", "uv": [ 29.0, 32.5, 30.0, 36.5 ] },
								"east": { "texture": "#skin", "uv": [ 28.0, 32.5, 29.0, 36.5 ] },
								"south": { "texture": "#skin", "uv": [ 27.0, 32.5, 28.0, 36.5 ] },
								"west": { "texture": "#skin", "uv": [ 26.0, 32.5, 27.0, 36.5 ] },
								"up": { "texture": "#skin", "uv": [ 27.0, 31.5, 28.0, 32.5 ] },
								"down": { "texture": "#skin", "uv": [ 27.0, 36.5, 28.0, 37.5 ], "rotation": 180 }
							},
							"children": [
								{
									"name": "L front lower arm",
									"from": [ 0.3029, -2.7955, 0.1398 ], 
									"to": [ 1.0018, 0.6989, 0.9086 ], 
									"unwrapMode": 3,
									"uv": [ 23.5, 37.0 ],
									"rotationOrigin": [ 0.7921, 0.3494, 0.5591 ],
									"rotationX": -3.0,
									"rotationZ": -4.0,
									"faces": {
										"north": { "texture": "#skin", "uv": [ 25.0, 37.5, 25.5, 41.5 ] },
										"east": { "texture": "#skin", "uv": [ 24.5, 37.5, 25.0, 41.5 ] },
										"south": { "texture": "#skin", "uv": [ 24.0, 37.5, 24.5, 41.5 ] },
										"west": { "texture": "#skin", "uv": [ 23.5, 37.5, 24.0, 41.5 ] },
										"up": { "texture": "#skin", "uv": [ 24.0, 37.0, 24.5, 37.5 ] },
										"down": { "texture": "#skin", "uv": [ 24.0, 41.5, 24.5, 42.0 ], "rotation": 180 }
									},
									"children": [
										{
											"name": "L front pastern",
											"from": [ -0.08, -1.258, -0.096 ], 
											"to": [ 0.8168, 0.4892, 0.864 ], 
											"unwrapMode": 3,
											"uv": [ 16.0, 0.0 ],
											"rotationOrigin": [ 0.2694, 0.4892, 0.352 ],
											"rotationX": -1.0,
											"rotationZ": 11.0,
											"faces": {
												"north": { "texture": "#skin", "uv": [ 19.0, 1.0, 20.0, 3.0 ] },
												"east": { "texture": "#skin", "uv": [ 18.0, 1.0, 19.0, 3.0 ] },
												"south": { "texture": "#skin", "uv": [ 17.0, 1.0, 18.0, 3.0 ] },
												"west": { "texture": "#skin", "uv": [ 16.0, 1.0, 17.0, 3.0 ] },
												"up": { "texture": "#skin", "uv": [ 17.0, 0.0, 18.0, 1.0 ] },
												"down": { "texture": "#skin", "uv": [ 17.0, 3.0, 18.0, 4.0 ], "rotation": 180 }
											},
											"children": [
												{
													"name": "L origin hoof",
													"from": [ 0.4194, 0.5591, 0.4194 ], 
													"to": [ 0.4194, 0.5591, 0.4194 ], 
													"uv": [ 0.0, 0.0 ],
													"rotationOrigin": [ 0.4194, 0.5591, 0.4194 ],
													"faces": {
														"north": { "texture": "#skin", "uv": [ 0.0, 0.5, 0.4368, 0.9368 ], "enabled": false },
														"east": { "texture": "#skin", "uv": [ 0.5, 0.5, 0.9368, 0.9368 ], "enabled": false },
														"south": { "texture": "#skin", "uv": [ 1.0, 0.5, 1.4368, 0.9368 ], "enabled": false },
														"west": { "texture": "#skin", "uv": [ 1.5, 0.5, 1.9368, 0.9368 ], "enabled": false },
														"up": { "texture": "#skin", "uv": [ 0.0, 0.0, 0.4368, 0.4368 ], "enabled": false },
														"down": { "texture": "#skin", "uv": [ 0.5, 0.0, 0.9368, 0.4368 ], "enabled": false }
													},
													"children": [
														{
															"name": "L front hoof 1",
															"from": [ -1.7024, -0.2795, -0.3844 ], 
															"to": [ -0.212, 0.2097, 0.5006 ], 
															"unwrapMode": 5,
															"uv": [ 0.0, 13.5 ],
															"rotationOrigin": [ -0.2112, 0.0699, 0.2795 ],
															"rotationZ": 40.0,
															"faces": {
																"north": { "texture": "#skin", "uv": [ 0.5, 13.5, 2.0, 14.0 ], "rotation": 180 },
																"east": { "texture": "#skin", "uv": [ 2.0, 14.0, 2.5, 15.0 ], "rotation": 90 },
																"south": { "texture": "#skin", "uv": [ 0.5, 15.0, 2.0, 15.5 ] },
																"west": { "texture": "#skin", "uv": [ 0.0, 14.0, 0.5, 15.0 ], "rotation": 270 },
																"up": { "texture": "#skin", "uv": [ 0.5, 14.0, 2.0, 15.0 ] },
																"down": { "texture": "#skin", "uv": [ 2.5, 14.0, 4.0, 15.0 ] }
															}
														},
														{
															"name": "L front hoof 2",
															"from": [ -1.3312, -0.629, -0.3844 ], 
															"to": [ 0.2114, -0.2795, 0.5006 ], 
															"unwrapMode": 5,
															"uv": [ 0.0, 11.5 ],
															"rotationOrigin": [ 0.1408, -0.2795, 0.2097 ],
															"rotationZ": 24.0,
															"faces": {
																"north": { "texture": "#skin", "uv": [ 0.5, 11.5, 2.0, 12.0 ], "rotation": 180 },
																"east": { "texture": "#skin", "uv": [ 2.0, 12.0, 2.5, 13.0 ], "rotation": 90 },
																"south": { "texture": "#skin", "uv": [ 0.5, 13.0, 2.0, 13.5 ] },
																"west": { "texture": "#skin", "uv": [ 0.0, 12.0, 0.5, 13.0 ], "rotation": 270 },
																"up": { "texture": "#skin", "uv": [ 0.5, 12.0, 2.0, 13.0 ] },
																"down": { "texture": "#skin", "uv": [ 2.5, 12.0, 4.0, 13.0 ] }
															}
														}
													]
												}
											]
										}
									]
								}
							]
						}
					]
				},
				{
					"name": "R front Thigh",
					"from": [ 0.5591, 0.7688, -0.4892 ], 
					"to": [ 2.6558, 4.2632, 0.5591 ], 
					"unwrapMode": 1,
					"uv": [ 23.0, 26.5 ],
					"rotationOrigin": [ 1.6074, 2.8654, 0.2795 ],
					"rotationX": -3.0,
					"rotationZ": 7.0,
					"faces": {
						"north": { "texture": "#skin", "uv": [ 24.0, 27.5, 26.5, 31.5 ] },
						"east": { "texture": "#skin", "uv": [ 23.0, 27.5, 24.0, 31.5 ] },
						"south": { "texture": "#skin", "uv": [ 27.5, 27.5, 30.0, 31.5 ] },
						"west": { "texture": "#skin", "uv": [ 26.5, 27.5, 27.5, 31.5 ] },
						"up": { "texture": "#skin", "uv": [ 24.0, 26.5, 26.5, 27.5 ], "rotation": 180 },
						"down": { "texture": "#skin", "uv": [ 24.0, 31.5, 26.5, 32.5 ] }
					},
					"children": [
						{
							"name": "R front Upper Arm",
							"from": [ 0.3494, -2.696, 0.2097 ], 
							"to": [ 1.5142, 0.6973, 1.258 ], 
							"unwrapMode": 1,
							"uv": [ 22.0, 31.5 ],
							"rotationOrigin": [ 1.0483, 0.352, 0.6989 ],
							"rotationX": -1.0,
							"rotationZ": -11.0,
							"faces": {
								"north": { "texture": "#skin", "uv": [ 23.0, 32.5, 24.0, 36.5 ] },
								"east": { "texture": "#skin", "uv": [ 22.0, 32.5, 23.0, 36.5 ] },
								"south": { "texture": "#skin", "uv": [ 25.0, 32.5, 26.0, 36.5 ] },
								"west": { "texture": "#skin", "uv": [ 24.0, 32.5, 25.0, 36.5 ] },
								"up": { "texture": "#skin", "uv": [ 23.0, 31.5, 24.0, 32.5 ], "rotation": 180 },
								"down": { "texture": "#skin", "uv": [ 23.0, 36.5, 24.0, 37.5 ] }
							},
							"children": [
								{
									"name": "R front lower arm",
									"from": [ 0.3029, -2.7955, 0.1398 ], 
									"to": [ 1.0018, 0.6989, 0.9086 ], 
									"unwrapMode": 1,
									"uv": [ 25.5, 37.0 ],
									"rotationOrigin": [ 0.7921, 0.3494, 0.6989 ],
									"rotationX": 3.0,
									"rotationZ": 6.0,
									"faces": {
										"north": { "texture": "#skin", "uv": [ 26.0, 37.5, 26.5, 41.5 ] },
										"east": { "texture": "#skin", "uv": [ 25.5, 37.5, 26.0, 41.5 ] },
										"south": { "texture": "#skin", "uv": [ 27.0, 37.5, 27.5, 41.5 ] },
										"west": { "texture": "#skin", "uv": [ 26.5, 37.5, 27.0, 41.5 ] },
										"up": { "texture": "#skin", "uv": [ 26.0, 37.0, 26.5, 37.5 ], "rotation": 180 },
										"down": { "texture": "#skin", "uv": [ 26.0, 41.5, 26.5, 42.0 ] }
									},
									"children": [
										{
											"name": "R front pastern",
											"from": [ 0.0, -1.258, -0.096 ], 
											"to": [ 0.8968, 0.4892, 0.864 ], 
											"unwrapMode": 1,
											"uv": [ 12.0, 0.0 ],
											"rotationOrigin": [ 0.3494, 0.4892, 0.4224 ],
											"rotationX": -1.0,
											"rotationZ": -10.0,
											"faces": {
												"north": { "texture": "#skin", "uv": [ 13.0, 1.0, 14.0, 3.0 ] },
												"east": { "texture": "#skin", "uv": [ 12.0, 1.0, 13.0, 3.0 ] },
												"south": { "texture": "#skin", "uv": [ 15.0, 1.0, 16.0, 3.0 ] },
												"west": { "texture": "#skin", "uv": [ 14.0, 1.0, 15.0, 3.0 ] },
												"up": { "texture": "#skin", "uv": [ 13.0, 0.0, 14.0, 1.0 ], "rotation": 180 },
												"down": { "texture": "#skin", "uv": [ 13.0, 3.0, 14.0, 4.0 ] }
											},
											"children": [
												{
													"name": "R origin hoof",
													"from": [ 0.4194, 0.5591, 0.4194 ], 
													"to": [ 0.4194, 0.5591, 0.4194 ], 
													"uv": [ 0.0, 0.0 ],
													"rotationOrigin": [ 0.4194, 0.5591, 0.4181 ],
													"rotationZ": -11.0,
													"faces": {
														"north": { "texture": "#skin", "uv": [ 0.0, 0.5, 0.4368, 0.9368 ], "enabled": false },
														"east": { "texture": "#skin", "uv": [ 0.5, 0.5, 0.9368, 0.9368 ], "enabled": false },
														"south": { "texture": "#skin", "uv": [ 1.0, 0.5, 1.4368, 0.9368 ], "enabled": false },
														"west": { "texture": "#skin", "uv": [ 1.5, 0.5, 1.9368, 0.9368 ], "enabled": false },
														"up": { "texture": "#skin", "uv": [ 0.0, 0.0, 0.4368, 0.4368 ], "enabled": false },
														"down": { "texture": "#skin", "uv": [ 0.5, 0.0, 0.9368, 0.4368 ], "enabled": false }
													},
													"children": [
														{
															"name": "R front hoof 1",
															"from": [ -1.7024, -0.2795, -0.3844 ], 
															"to": [ -0.212, 0.2097, 0.5006 ], 
															"unwrapMode": 5,
															"uv": [ 0.0, 13.5 ],
															"rotationOrigin": [ -0.2112, 0.0699, 0.2795 ],
															"rotationZ": 40.0,
															"faces": {
																"north": { "texture": "#skin", "uv": [ 0.5, 13.5, 2.0, 14.0 ], "rotation": 180 },
																"east": { "texture": "#skin", "uv": [ 2.0, 14.0, 2.5, 15.0 ], "rotation": 90 },
																"south": { "texture": "#skin", "uv": [ 0.5, 15.0, 2.0, 15.5 ] },
																"west": { "texture": "#skin", "uv": [ 0.0, 14.0, 0.5, 15.0 ], "rotation": 270 },
																"up": { "texture": "#skin", "uv": [ 0.5, 14.0, 2.0, 15.0 ] },
																"down": { "texture": "#skin", "uv": [ 2.5, 14.0, 4.0, 15.0 ] }
															}
														},
														{
															"name": "R front hoof 2",
															"from": [ -1.3312, -0.629, -0.3844 ], 
															"to": [ 0.2114, -0.2795, 0.5006 ], 
															"unwrapMode": 5,
															"uv": [ 0.0, 11.5 ],
															"rotationOrigin": [ 0.1408, -0.2795, 0.2097 ],
															"rotationZ": 24.0,
															"faces": {
																"north": { "texture": "#skin", "uv": [ 0.5, 11.5, 2.0, 12.0 ], "rotation": 180 },
																"east": { "texture": "#skin", "uv": [ 2.0, 12.0, 2.5, 13.0 ], "rotation": 90 },
																"south": { "texture": "#skin", "uv": [ 0.5, 13.0, 2.0, 13.5 ] },
																"west": { "texture": "#skin", "uv": [ 0.0, 12.0, 0.5, 13.0 ], "rotation": 270 },
																"up": { "texture": "#skin", "uv": [ 0.5, 12.0, 2.0, 13.0 ] },
																"down": { "texture": "#skin", "uv": [ 2.5, 12.0, 4.0, 13.0 ] }
															}
														}
													]
												}
											]
										}
									]
								}
							]
						}
					]
				}
			],
			"attachmentpoints": [
				{
					"code": "Center",
					"posX": "9.0","posY": "4.0","posZ": "5.0",
					"rotationX": "0.0","rotationY": "0.0","rotationZ": "0.0"
				}
			]
		}
	]}