[
    {
        "op": "add",
        "path": "/structures/-",
        "value": {
            "code": "graves",
            "name": "graves1",
            "group": "graves",
            "chance": 0.002,
            "schematics": ["treasure/chests/rank1/*"],
            "placement": "surface",
            "minGroupDistance": 850,
            "minY": 0,
            "offsety": -4
        },
        "file": "game:worldgen/structures.json",
        "side": "Server"
    },
    {
        "op": "add",
        "path": "/structures/-",
        "value": {
            "code": "graves",
            "name": "graves2",
            "group": "graves",
            "chance": 0.001,
            "schematics": ["treasure/chests/rank2/*"],
            "placement": "surface",
            "minGroupDistance": 850,
            "minY": 0,
            "offsety": -4
        },
        "file": "game:worldgen/structures.json",
        "side": "Server"
    },
    {
        "op": "add",
        "path": "/structures/-",
        "value": {
            "code": "graves",
            "name": "graves3",
            "group": "graves",
            "chance": 0.0002,
            "schematics": ["treasure/chests/rank3*"],
            "placement": "surface",
            "minGroupDistance": 850,
            "minY": 0,
            "offsety": -4
        },
        "file": "game:worldgen/structures.json",
        "side": "Server"
    },
    {
        "op": "add",
        "path": "/structures/-",
        "value": {
            "code": "graves",
            "name": "graves4",
            "group": "graves",
            "chance": 0.003,
            "schematics": ["treasure/graves/rank1/*"],
            "placement": "surface",
            "minGroupDistance": 850,
            "minY": 0,
            "offsety": -4
        },
        "file": "game:worldgen/structures.json",
        "side": "Server"
    },
    {
        "op": "add",
        "path": "/structures/-",
        "value": {
            "code": "graves",
            "name": "graves5",
            "group": "graves",
            "chance": 0.001,
            "schematics": ["treasure/graves/rank2/*"],
            "placement": "surface",
            "minGroupDistance": 850,
            "minY": 0,
            "offsety": -4
        },
        "file": "game:worldgen/structures.json",
        "side": "Server"
    },
    {
        "op": "add",
        "path": "/structures/-",
        "value": {
            "code": "graves",
            "name": "graves6",
            "group": "graves",
            "chance": 0.0006,
            "schematics": ["treasure/graves/rank3/*"],
            "placement": "surface",
            "minGroupDistance": 850,
            "minY": 0,
            "offsety": -4
        },
        "file": "game:worldgen/structures.json",
        "side": "Server"
    },
    {
        "op": "add",
        "path": "/structures/-",
        "value": {
            "code": "graves",
            "name": "graves7",
            "group": "graves",
            "chance": 0.0002,
            "schematics": ["treasure/graves/rank4/*"],
            "placement": "surface",
            "minGroupDistance": 850,
            "minY": 0,
            "offsety": -4
        },
        "file": "game:worldgen/structures.json",
        "side": "Server"
    }
]