{"GameVersion":"1.19.3","SizeX":3,"SizeY":4,"SizeZ":3,"BlockCodes":{"2650":"game:mudbrick-dark","2649":"game:mudbrick-light","9469":"game:creativegrass-medium-normal","3305":"game:rockpolished-granite","3927":"game:crackedrock-obsidian","872":"game:glass-green","456":"game:chiseledblock"},"ItemCodes":{},"Indices":[0,1024,2048,1,1025,2049,1049601,2098177,3146753,2,1026,2050],"BlockIds":[456,456,456,456,456,456,456,456,456,456,456,456],"DecorIndices":[],"DecorIds":[],"BlockEntities":{"0":"!<d@[F*QC_#QOl.E,TfC!rr<$!<d@[F*auC#QP#7@VfsmCI<#NAIW-_Bldj%ARo7dDe!Pj$Zg3(G@Pc)DeWa'!rr<$q\"XjhE-V*WGjonW$P@#lDfor.;f6Mt6ZljVBk28czE,Ydb$#O*mATDKnCi]UW!!$10!!!$*Ec6&.FD5Z2!2'Jq$O:0a@W,skEsVgH!!)fg!!r(<!/UFG!2u9W!3#ns!9j::!35nO!:'?O!3Z*f!!ipCD/\")jBk1d@DZKh<#RPQdA7\\\\XCh[D\\!!!98F(o/r6#:CVF*(?!Ch[D\\!!!0/@VfsmCJJ;TAIV%9EbcdlF_\"s%Bk(od(L_JqBl$LPFCfK,@;Je`@;^1$FD5<-!<<*\"!\"],1!!","1024":"!<d@[F*QC_#QOl.E,TfC!rr<$!<d@[F*b#D#QP#7@VfsmCI<#NAIW-_Bldj%ARo7dDe!Pj$#O*mATDKnCi]UW!!$./!!!$*Ec6&.FD5Z2!2'Jq$O:0a@W,skEs)IC!!)N_!/U4#!/g7d!/gdS!!ipCD/\")jBk1d@DZKh\\#RPQdA7\\\\XCh[D\\!$DOXF(o/r6#:CVF*(?!Ch[D\\!$DFO@VfsmCJJ;TAI_CJB4uB09m'uUEbT$!$Q!5p@;0OP@<?($BjkgTF^]00Bln'#Erc7@!!!Q1!!!","2048":"!<d@[F*QC_#QOl.E,TfC!rr<$!<d@[F*b&E#QP#7@VfsmCI<#NAIW-_Bldj%ARo7dDe!Pj$Zg3(G@Pc)DeWa'!rr<$q!`b5E,^\"$Gkh\"5$P@#lDfor.;f6Mt6ZljVBk28czGjk\\@$#O*mATDKnCi]UW!!$10!!!$*Ec6&.FD5Z2!2'Jq$O:0a@W,skEsVgH!!)M4!!rAo!/U+d!/U2k!2u35!9iu\\!35Tq!:'9-!3Z$D!!ipCD/\")jBk1d@DZKh<#RPQdA7\\\\XCh[D\\!!!98F(o/r6#:CVF*(?!Ch[D\\!!!0/@VfsmCJJ;TAIV%9EbcdlF_\"s%Bk(od(L_JqBl$LPFCfK,@;Je`@;^1$FD5<-!<<*\"!\"],1!!","1":"!<d@[F*QF`#QOl.E,TfC!rr<$!<d@[F*auC#QP#7@VfsmCI<#NAIW-_Bldj%ARo7dDe!Pj$#O*mATDKnCi]XX!!$./!!)sC!!!$*Ec6&.FD5Z2!2'Jq$O:0a@W,skEs2OD!!)N_!.aqC!5KNO!.rjm!7(H>!!ipCD/\")jBk1d@DZKh\\#RPQdA7\\\\XCh[D\\!$DOXF(o/r6#:CVF*(?!Ch[D\\!$DFO@VfsmCJJ;TAI_CJB4uB09m'uUEbT$!$Q!5p@;0OP@<?($BjkgTF^]00Bln'#Erl=A!!!Q1!!!Q1!!!","1025":"!<d@[F*QF`#QOl.E,TfC!rr<$!<d@[F*b#D#QP#7@VfsmCI<#NAIW-_Bldj%ARo7dDe!Pj$#O*mATDKnCi]UW!!$10!!!$*Ec6&.FD5Z2!2'Jq$O:0a@W,skErc7@!!)Ng!!ipCD/\")jBk1d@DZKi&#RPQdA7\\\\XCh[D\\!'^`\"F(o/r6#:CVF*(?!Ch[D\\!'^Vn@VfsmCJJ;TAIV%9EbcdlF_\"s%Bk(od(L_JqBl$LPFCfK,@;Je`@;^1$FD5<-!<<*\"!\"],1!!","2049":"!<d@[F*QF`#QOl.E,TfC!rr<$!<d@[F*b&E#QP#7@VfsmCI<#NAIW-_Bldj%ARo7dDe!Pj$#O*mATDKnCi]UW!!$./!!!$*Ec6&.FD5Z2!2'Jq$O:0a@W,skEs2OD!!)N_!.aQC!5K.O!.rdK!7((>!!ipCD/\")jBk1d@DZKh\\#RPQdA7\\\\XCh[D\\!$DOXF(o/r6#:CVF*(?!Ch[D\\!$DFO@VfsmCJJ;TAI_CJB4uB09m'uUEbT$!$Q!5p@;0OP@<?($BjkgTF^]00Bln'#Erc7@!!!Q1!!!","1049601":"!<d@[F*QF`#QOl.E,TfC\"98E%!<d@[F*b#D#QP#7@VfsmCI<#NAIW-_Bldj%ARo7dDe!Pj$#O*mATDKnCi]XX!!)6l!!$(2!!!$*Ec6&.FD5Z2!&t)]$O:0a@W,skF,p;$!!!QP!!\")?!!+k*!+@WT!+@`e!+@ct!+@n=!-'rU!-('P!0K0T!0K:2!0K@s!3n:D!3nCd!3nSd!3nZD!7<]r!9#bA!9#uR!!;[*!!</]!+JeB!+I=1!FfC!!-0E\"!HKWV!Ko_e!0SX3!Knq4!Kp4C!4\"=$!4!kE!O=5h!O=oX!5^(Q!R`9\"!R`I\"!V.S0!Fn'C!-:&3!-:/f!0]9D!0]ID!4+LV!4+c#!5g^b!7Nf2!7O!2!:r+@!!M:=!!MZ=!+\\te!+]?e!0ff2!0lir!0g43!45'E!OUlO!45JV!T[*2!9@GS!0pG3!L;\\+!0pjD!O\\UO!4Arp!6%ed!6&71!7at!!S(K3!G5au!+tT=!+p*1!-Vg\"!I!K_!-W53!LAit!1'2@!610Q!QL\\c!S3Ac!7m_/!;;R/!VW)A!G@!2!GCFN!,%;B!I')C!-aFd!,:C=!,:i_!-s_U!I:6g!IE]Q!.+%r!1KW3!Lg.E!Qq)e!6VG1!8=_1!SY6C!UAVs!:&t?!1Vps!1WB@!5#Nf!P?&#!=\\%s!,U^u!,Ue0!,T]j!.;e)!1`+B!1_#8!5.8B!5-6G!5.^d!,^>B!H%)0!.EF3!Ia-h!.EOf!Ia7C!1hYD!M/@g!1iAD!1hiD!M/Pf!56lV!PRT\"!57[!!57.#!R92c!Su:3!Sun0!8ZA2!U\\rT!:B'd!<(K@!=nT0!\"T&/!,qBL!,ql*!!ipCD/\")jBk1d@DZKh<#RPQdA7\\\\XCh[D\\!!!98F(o/r6#:CVF*(?!Ch[D\\!!!0/@VfsmCJJ;TAI<BmBl8$+?YsLf$Q!5p@;0OP@<?($BjkgTF^]00Bln'#Erl=A!!!Q1!!!Q1!!!","2098177":"!<d@[F*QF`#QOl.E,TfC\"TSN&!<d@[F*b#D#QP#7@VfsmCI<#NAIW-_Bldj%ARo7dDe!Pj$#O*mATDKnCi]XX!!)6l!!$(2!!!$*Ec6&.FD5Z2!,)B5$O:0a@W,skF+F;k!!!QP!!\")?!!+i>!!,!?!!,4>!\"h%d!\"h8u!'rN.!+@d\"!+@mU!.d(c!225T!22He!5URb!:_mQ!:`+b!!4ks!!4EB!<OaT!<PIR!$X=b!CAVG!CAiX!FdF3!MVKA!TGA2!TGTC!V.S0!<Y/T!!>9d!+RsC!95nB!96,S!:r+@!!H1B!<hF;!!MZ)!!HTS!>JBU!#/`!!$kK!!$kge!(9^F!CU2G!MiRU!2Nle!9@$1!T`9*!9ELm!9@GB!VB5B!;'Rc!!\\Q/!!]\"Q!%*jb!@F>c!Ci2/!(NL?!+oY\"!+qbC!+p*4!2bo@!N)CA!QL6S!64%^!64Bm!9Tj?!;;R/!VW)A!G@!3!G@TV!,%;C!Jcdd!/I-0!,7QC!,8\"e!\"-\"S!=HNe!?0oA!#k7b!%R\"b!%R?Q!(sOW!D:#X!NP*1!35'@!35DO!:$jB!U@AT!W(b.!;c*O!\"@g/!\"?eE!\"A\"P!\"@#V!\"A8Q!%c]b!DMH4!)1mF!DMX@!)2+W!DMkE!,Ue3!,T]D!3G6e!3Fb@!NbS\"!6jSs!:8Ys!:7X2!:7kC!:9+@!;sj/!\"IFS!=dbe!?L6\"!$1@2!,^>C!H%(h!0-/u!:A9B!U\\UT!WD(d!<(K@!WD;u!\"SK/!\"T&/!\"\\TA!\"](t!!ipCD/\")jBk1d@DZKh<#RPQdA7\\\\XCh[D\\!!!98F(o/r6#:CVF*(?!Ch[D\\!!!0/@VfsmCJJ;TAI<BmBl8$+?YsLf$Q!5p@;0OP@<?($BjkgTF^]00Bln'#Erl=A!!!Q1!!!Q1!!!","3146753":"!<d@[F*QF`#QOl.E,TfC\"onW'!<d@[F*b#D#QP#7@VfsmCI<#NAIW-_Bldj%ARo7dDe!Pj$Zg3(G@Pc)DeWa'&HDe2n`7FboW^U\\ot9_ncih#^e?BA^e\\D%_ht4S^Yq\\<?Z97FQ]\\tpP^$P%bE%hLsEBj0tI..@@IK0$AJ+5Gt\"A[kT$P@#lDfor.;f6Mt6ZljVBk28ez!\\aT_cgUoFr6PEO$#O*mATDKnCi][Y!!)6l!!$(2!!$[7!!!$*Ec6&.FD5Z2!,)B5$O:0a@W,skF'AVE!!!QH!!\")7!+7Q`!+7k$!+>`V!.Zn3!5LL`!!+i4!!+q'!\"h,O!\"h?D!$O1!!$OD2!&6C!!.eQ?!.etP!0K0T!0K:2!3nJ@!9*\"R!!4kk!!5@I!\"pPS!>6le!?rkR!Fek1!+K=0!#%1d!#%Du!$aCb!!M77!!MZ-!!M]I!#/<S!>OQQ!#/_d!@1Mi!$kk3!+c)l!/+/X!/+_X!0g!2!lV?.!5uP=!#C\\?!#D-a!%*jQ!@FAc!B/ma!&j6+!625P!62eP!/KMm!/Kq)!1/@2!ge8F!k7,M!4V=\\!1De,!1E3=!#i-d!?/Z!!@m%P!%RBq!,D!.!,DQ.!/dug!/ePg!1UHT!Y\".o!$'r@!$&qe!$(Cb!1`+e!1`;e!5.KS!$0Qd!?L<b!$0du!A3A7!%lcb!A3TH!'TJ3!\"SK%!\"T&%!\"\\T9!\"](j!,qF0!,q_I!0?bX!71A0!!ipCD/\")jBk1d@DZKh<#RPQdA7\\\\XCh[D\\!\"]DHF(o/r6#:CVF*(?!Ch[D\\!!!0/@VfsmCJJ;TAI<BmBl8$+?Z^4*$Q!5p@;0OP@<?($BjkgTF^]00Bln'#EruCB!!!Q1!!!Q1!!!Q1!!!","2":"!<d@[F*QIa#QOl.E,TfC!rr<$!<d@[F*auC#QP#7@VfsmCI<#NAIW-_Bldj%ARo7dDe!Pj$Zg3(G@Pc)DeWa'!rr<$n9Fs5E,^\"$Gkh\"5$P@#lDfor.;f6Mt6ZljVBk28c!!!!)n8J@8$#O*mATDKnCi]UW!!$10!!!$*Ec6&.FD5Z2!2'Jq$O:0a@W,skEsVgH!!%!4!.]=i!2(2/!2<Zs!9/6q!2b\"3!2b5F!9SUb!!rAo!!ipCD/\")jBk1d@DZKh<#RPQdA7\\\\XCh[D\\!!!98F(o/r6#:CVF*(?!Ch[D\\!!!0/@VfsmCJJ;TAIV%9EbcdlF_\"s%Bk(od(L_JqBl$LPFCfK,@;Je`@;^1$FD5<-!<<*\"!\"],1!!","1026":"!<d@[F*QIa#QOl.E,TfC!rr<$!<d@[F*b#D#QP#7@VfsmCI<#NAIW-_Bldj%ARo7dDe!Pj$#O*mATDKnCi]UW!!$./!!!$*Ec6&.FD5Z2!2'Jq$O:0a@W,skEs2OD!!)N_!.[oC!5MDO!5Mq>!/>OK!!ipCD/\")jBk1d@DZKh\\#RPQdA7\\\\XCh[D\\!$DOXF(o/r6#:CVF*(?!Ch[D\\!$DFO@VfsmCJJ;TAI_CJB4uB09m'uUEbT$!$Q!5p@;0OP@<?($BjkgTF^]00Bln'#Erc7@!!!Q1!!!","2050":"!<d@[F*QIa#QOl.E,TfC!rr<$!<d@[F*b&E#QP#7@VfsmCI<#NAIW-_Bldj%ARo7dDe!Pj$Zg3(G@Pc)DeWa'!rr<$n8NjWE-V*WGjonW$P@#lDfor.;f6Mt6ZljVBk28c!!!!)q!\\7k$#O*mATDKnCi]UW!!$10!!!$*Ec6&.FD5Z2!2'Jq$O:0a@W,skEs_mI!!)M4!!%9<!.[mQ!.]6<!2(*W!9/0O!/>G7!/>Ms!2apf!9S</!!ipCD/\")jBk1d@DZKh<#RPQdA7\\\\XCh[D\\!!!98F(o/r6#:CVF*(?!Ch[D\\!!!0/@VfsmCJJ;TAIV%9EbcdlF_\"s%Bk(od(L_JqBl$LPFCfK,@;Je`@;^1$FD5<-!<<*\"!\"],1!!"},"Entities":[],"ReplaceMode":2,"EntranceRotation":-1}