{"GameVersion":"1.19.3","SizeX":3,"SizeY":4,"SizeZ":3,"BlockCodes":{"2650":"game:mudbrick-dark","2649":"game:mudbrick-light","9469":"game:creativegrass-medium-normal","3305":"game:rockpolished-granite","3927":"game:crackedrock-obsidian","456":"game:chiseledblock"},"ItemCodes":{},"Indices":[0,1024,2048,1,1025,2049,1049601,2098177,3146753,2,1026,2050],"BlockIds":[456,456,456,456,456,456,456,456,456,456,456,456],"DecorIndices":[],"DecorIds":[],"BlockEntities":{"0":"!<d@[F*QC_#QOl.E,TfC!rr<$!<d@[F*b,G#QP#7@VfsmCI<#NAIW-_Bldj%ARo7dDe!Pj$Zg3(G@Pc)DeWa'!rr<$q\"XjhE-V*WGjonW$P@#lDfor.;f6Mt6ZljVBk28czE,Ydb$#O*mATDKnCi]UW!!$10!!!$*Ec6&.FD5Z2!2'Jq$O:0a@W,skEsVgH!!)fg!!r(<!/UFG!2u9W!3#ns!9j::!35nO!:'?O!3Z*f!!ipCD/\")jBk1d@DZKh<#RPQdA7\\\\XCh[D\\!!!98F(o/r6#:CVF*(?!Ch[D\\!!!0/@VfsmCJJ;TAIV%9EbcdlF_\"s%Bk(od(L_JqBl$LPFCfK,@;Je`@;^1$FD5<-!<<*\"!\"],1!!","1024":"!<d@[F*QC_#QOl.E,TfC!rr<$!<d@[F*b/H#QP#7@VfsmCI<#NAIW-_Bldj%ARo7dDe!Pj$#O*mATDKnCi]UW!!$./!!!$*Ec6&.FD5Z2!2'Jq$O:0a@W,skEs)IC!!)N_!/U4#!/g7d!/gdS!!ipCD/\")jBk1d@DZKh\\#RPQdA7\\\\XCh[D\\!$DOXF(o/r6#:CVF*(?!Ch[D\\!$DFO@VfsmCJJ;TAI_CJB4uB09m'uUEbT$!$Q!5p@;0OP@<?($BjkgTF^]00Bln'#Erc7@!!!Q1!!!","2048":"!<d@[F*QC_#QOl.E,TfC!rr<$!<d@[F*b2I#QP#7@VfsmCI<#NAIW-_Bldj%ARo7dDe!Pj$Zg3(G@Pc)DeWa'!rr<$q!`b5E,^\"$Gkh\"5$P@#lDfor.;f6Mt6ZljVBk28czGjk\\@$#O*mATDKnCi]UW!!$10!!!$*Ec6&.FD5Z2!2'Jq$O:0a@W,skEsVgH!!)M4!!rAo!/U+d!/U2k!2u35!9iu\\!35Tq!:'9-!3Z$D!!ipCD/\")jBk1d@DZKh<#RPQdA7\\\\XCh[D\\!!!98F(o/r6#:CVF*(?!Ch[D\\!!!0/@VfsmCJJ;TAIV%9EbcdlF_\"s%Bk(od(L_JqBl$LPFCfK,@;Je`@;^1$FD5<-!<<*\"!\"],1!!","1":"!<d@[F*QF`#QOl.E,TfC!rr<$!<d@[F*b,G#QP#7@VfsmCI<#NAIW-_Bldj%ARo7dDe!Pj$#O*mATDKnCi]XX!!$./!!)sC!!!$*Ec6&.FD5Z2!2'Jq$O:0a@W,skEs2OD!!)N_!.aqC!5KNO!.rjm!7(H>!!ipCD/\")jBk1d@DZKh\\#RPQdA7\\\\XCh[D\\!$DOXF(o/r6#:CVF*(?!Ch[D\\!$DFO@VfsmCJJ;TAI_CJB4uB09m'uUEbT$!$Q!5p@;0OP@<?($BjkgTF^]00Bln'#Erl=A!!!Q1!!!Q1!!!","1025":"!<d@[F*QF`#QOl.E,TfC!rr<$!<d@[F*b/H#QP#7@VfsmCI<#NAIW-_Bldj%ARo7dDe!Pj$#O*mATDKnCi]UW!!$10!!!$*Ec6&.FD5Z2!2'Jq$O:0a@W,skErc7@!!)Ng!!ipCD/\")jBk1d@DZKi&#RPQdA7\\\\XCh[D\\!'^`\"F(o/r6#:CVF*(?!Ch[D\\!'^Vn@VfsmCJJ;TAIV%9EbcdlF_\"s%Bk(od(L_JqBl$LPFCfK,@;Je`@;^1$FD5<-!<<*\"!\"],1!!","2049":"!<d@[F*QF`#QOl.E,TfC!rr<$!<d@[F*b2I#QP#7@VfsmCI<#NAIW-_Bldj%ARo7dDe!Pj$#O*mATDKnCi]UW!!$./!!!$*Ec6&.FD5Z2!2'Jq$O:0a@W,skEs2OD!!)N_!.aQC!5K.O!.rdK!7((>!!ipCD/\")jBk1d@DZKh\\#RPQdA7\\\\XCh[D\\!$DOXF(o/r6#:CVF*(?!Ch[D\\!$DFO@VfsmCJJ;TAI_CJB4uB09m'uUEbT$!$Q!5p@;0OP@<?($BjkgTF^]00Bln'#Erc7@!!!Q1!!!","1049601":"!<d@[F*QF`#QOl.E,TfC\"98E%!<d@[F*b/H#QP#7@VfsmCI<#NAIW-_Bldj%ARo7dDe!Pj$#O*mATDKnCi]XX!!)6l!!$(2!!!$*Ec6&.FD5Z2!&t)]$O:0a@W,skF6<N'!!!QP!!\")?!!6%S!!4ud!!5+,!$XGO!&?B0!&?Kc!&?Ua!(&Fo!(&Iu!(&SU!(&]3!(&ft!)b%3!)b[T!)bb0!)bkd!)bB*!-101!.m!e!.m+E!.m5#!0T3B!0T:%!0TCB!2:]&!4\"Fc!4\"Yh!4\"\\u!5^U#!7E]\"!7EsD!:i.B!@'OT!AcWD!Aca\"!CJ\\C!CJf!!CJoT!E1d3!E1gF!)l#!!E3jd!+SAT!+RsD!FngD!-:#\"!HU/3!HU9!!HUue!/!+#!J<GC!J<Mf!0]LU!M`RS!M_MU!M_]U!M`oB!M_g8!4+IC!OFo3!Q-]V!5gWe!Q-g6!Q-ph!Q.\"3!Q.%E!95k!!TQ;f!V95S!:sIA!!I,d!&Rs0!(9aB!CU22!E<MT!*$9^!*$VM!-COT!/+91!JF_!!L,r3!L-:\"!OT-o!49Dn!5q5e!Q7[U!Rt\"2!7Y91!;'/B!;'RS!+fXu!+fud!-P%q!HkKa!L9B>!0sY=!6%hu!6&3u!!^k+!%)/1!&e=C!B+c3!CgNT!(LeS!/=rB!/>=B!2bo?!2c:?!6/M5!QJs%!VTtU!=.E-!%3CS!@NiC!B5Td!&okc!(VYu!Cr*e!E[\\q!*A\",!,$pB!G@A2!Jc:e!JcWT!QTdV!6:&U!%H>O!%H^O!'-6!!BH[f!D/G2!(i^1!,9k>!,:6>!/Zju!/[5u!6LEh!QgkX!Vr;D!BSXb!'8oa!(sRS!D:#C!K+3C!K+P2!NO$u!NOAd!Qq-$!6VD#!.3-Q!.3MQ!1U;T!LpaD!R%f3!R&.\"!Sc$U!8Gsc!8H;b!:-sU!:.;T!\"@@d!\"@Ja!%c0B!A)p0!'Jb0!'J82!Betd!'JAe!Bf)B!)1ft!)1=1!DM'V!)1Fd!DM14!)1PB!DM:u!*mE!!F4,T!*n-0!*n6d!*mae!Gof4!IWBe!.;af!IVn\"!IW\"e!IWY2!0#>d!0\"ig!K>TF!0#U#!0#(1!K>ge!1_SB!1_Z%!1_cB!1_6D!Na^#!3F.C!NaGD!Nb,4!5-32!PHod!5.$h!5.'u!5-P!!R0\"T!6iAT!R0)$!6iH$!R/ZX!R/a\"!R0?C!8Q(\"!8Q>D!:7Te!US%U!USY\"!;t;1!;tWu!+\"&2!+\"C!!3O^3!3P&\"!:A6!!:ARe!<(Je!=nT@!\"T#.!!ipCD/\")jBk1d@DZKh<#RPQdA7\\\\XCh[D\\!!!98F(o/r6#:CVF*(?!Ch[D\\!!!0/@VfsmCJJ;TAK\"3UD.7'sCh\\!&+EDC1CEP$%Des-/BOt^'$Q!5p@;0OP@<?($BjkgTF^]00Bln'#Erl=A!!!Q1!!!Q1!!!","2098177":"!<d@[F*QF`#QOl.E,TfC\"TSN&!<d@[F*b/H#QP#7@VfsmCI<#NAIW-_Bldj%ARo7dDe!Pj$#O*mATDKnCi]XX!!)6l!!$(2!!!$*Ec6&.FD5Z2!!if0$O:0a@W,skF0#?A!!!QP!!\")?!!6%C!!4BD!!5ZC!!5d!!!4_/!(&Fo!(%np!('+X!(';V!0Sh3!5_-0!5_3A!5_=?!7FKC!7KW8!9,82!9,ND!!>#2!<Y_g!!>,p!<Y?O!<YI\"!<ZWV!#&9e!#&VT!(0+1!CJ\\:!CJf,!CJr\\!CKQ!!CK$-!)k[2!)l#!!+SAS!FngC!HU%V!-:9D!0]c1!L$4!!M_G3!2E/d!2D[!!40R)!OFXf!OFhf!OJlN!Q.i!!5i'd!7NiE!Rj'$!TPt3!TQUU!96/e!<c=T!!Gc,!!Gl_!!HQB!(=1e!(9><!(=H2!)u<C!E;b3!H^[g!H_#V!L-3U!2MtC!MiE3!OP:\"!45A!!5qbg!5r1#!7XJV!7XT4!9@'S!9@A1!!Uk>!!V,`!(BdF!(C/H!0pG3!2WUT!6*G^!6*^*!!Zpo!=!A_!QJS2!6/j1!7m>u!S3de!Tpab!9W%N!!e*3!!eJ3!(W56!Cr[&!QTgT!QU/C!==rG!=>:6!QibP!6O$O!\"-\"f!\"-Bk!(rtH!1M`t!34hs!8=_C!8?5a!:$ZC!\"7=Z!\"66=!)(3d!F)lk!LpK(!1UXC!5#nu!:.kT!UJS!!\"@:+!\"?b!!=Zt`!=[S4!\"?u=!=[\\^!\"@)e!=[f:!$'HD!$'e3!)1=(!DLOp!DL\\K!DL_U!F4)2!*n<u!,TP2!Gp!\"!IW?U!.<SC!1^qe!M%BU!Naa2!3F^S!5-9T!PHRU!PHY\"!PI7C!6iu#!6j#1!6j,t!8Q!U!8Q$d!8PS4!Skeh!SlD4!:7U!!=dL3!\"I`!!):p!!);7e!,^1C!,^N2!1hS!!1hYC!1hoe!56iC!5712!:A62!:ARf!\"SK?!\"T#.!!ipCD/\")jBk1d@DZKh<#RPQdA7\\\\XCh[D\\!!!98F(o/r6#:CVF*(?!Ch[D\\!!!0/@VfsmCJJ;TAK\"3UD.7'sCh\\!&+EDC1CEP$%Des-/BOt^'$Q!5p@;0OP@<?($BjkgTF^]00Bln'#Erl=A!!!Q1!!!Q1!!!","3146753":"!<d@[F*QF`#QOl.E,TfC\"onW'!<d@[F*b/H#QP#7@VfsmCI<#NAIW-_Bldj%ARo7dDe!Pj$Zg3(G@Pc)DeWa'(B=F8njL4moWg[]p!cb;p:K2^qphkMr7esdckO.ne?Bqne\\:t^hXnJ]Z8+KAZTQtB][AkA^\"h?BE%i(.E=t21E^'3tI..pPIK&s@Ie#DtJ,Imu-!eq!'MZsT$P@#lDfor.;f6Mt6ZljVBk28hz!\\aTT*7+Zg:@J5eV4[escL:fDm*G_?$#O*mATDKnCi]XX!!)6l!!$(2!!!$*Ec6&.FD5Z2!,)B5$O:0a@W,skF+sYp!!!QH!!\")7!+8,p!+8F4!+>`V!.[IC!5M'p!!5JQ!!5U9!\"qrP!$X0E!$X3S!$Xj@!$Y!u!$Y%0!$XPR!&>cf!&@#R!&?(T!('+S!(';S!)c:U!+Jb@!+K:/!.rW\\!.s\"\\!9-D]!#%5`!@'Eg!@'OV!@'\\4!AcMf!AcT3!Acd3!AcjU!AdI#!(0[R!(/YT!CJl3!CL)1!#.kq!$joe!@5$>!$k'f!$o1_!$k7T!Am+h!&R&!!&R,C!&R<C!&RBe!(9:e!(9DC!/+/h!/+\\W!5u0-!5uP-!!Ue9!!V,^!!V0)!#;7`!>X*M!#;TO!@;21!$uI0!&[\\2!B\"-\"!C]m6!(C2D!+kal!+jp\"!/8ou!&e:B!&eZB!(N//!CkR-!(P_N!(NKs!ERVr!*7Q+!*7n*!625`!62bO!%3CT!@NiD!@a`u!%G\"t!'-2u!'-Ru!'6l2!BSHB!D:cs!(u%r!,D!>!,DN-!/e!\"!/eMf!\"7>M!#s?@!#r>L!#s_@!%YB2!@th\"!B\\^S!'@MC!'B#c!$&tO!A)YS!%c&U!A)c1!%c0D!A)of!%ciu!%c=!!A*$S!'J.T!Be>\"!BeqC!'JE!!Bf,C!)1pM!)1CC!DLV\"!DM4N!*n*I!'Sdu!'T,T!\"SK5!\"T#$!,h?T!,hI8!,hYH!06\\G!7(;/!!ipCD/\")jBk1d@DZKh<#RPQdA7\\\\XCh[D\\!!!98F(o/r6#:CVF*(?!Ch[D\\!!!0/@VfsmCJJ;TAK\"3UD.7'sCh\\!&+EDC1CEP$%Des-/BOt^'$Q!5p@;0OP@<?($BjkgTF^]00Bln'#Erl=A!!!Q1!!!Q1!!!","2":"!<d@[F*QIa#QOl.E,TfC!rr<$!<d@[F*b,G#QP#7@VfsmCI<#NAIW-_Bldj%ARo7dDe!Pj$Zg3(G@Pc)DeWa'!rr<$n9Fs5E,^\"$Gkh\"5$P@#lDfor.;f6Mt6ZljVBk28c!!!!)n8J@8$#O*mATDKnCi]UW!!$10!!!$*Ec6&.FD5Z2!2'Jq$O:0a@W,skEsVgH!!%!4!.]=i!2(2/!2<Zs!9/6q!2b\"3!2b5F!9SUb!!rAo!!ipCD/\")jBk1d@DZKh<#RPQdA7\\\\XCh[D\\!!!98F(o/r6#:CVF*(?!Ch[D\\!!!0/@VfsmCJJ;TAIV%9EbcdlF_\"s%Bk(od(L_JqBl$LPFCfK,@;Je`@;^1$FD5<-!<<*\"!\"],1!!","1026":"!<d@[F*QIa#QOl.E,TfC!rr<$!<d@[F*b/H#QP#7@VfsmCI<#NAIW-_Bldj%ARo7dDe!Pj$#O*mATDKnCi]UW!!$./!!!$*Ec6&.FD5Z2!2'Jq$O:0a@W,skEs2OD!!)N_!.[oC!5MDO!5Mq>!/>OK!!ipCD/\")jBk1d@DZKh\\#RPQdA7\\\\XCh[D\\!$DOXF(o/r6#:CVF*(?!Ch[D\\!$DFO@VfsmCJJ;TAI_CJB4uB09m'uUEbT$!$Q!5p@;0OP@<?($BjkgTF^]00Bln'#Erc7@!!!Q1!!!","2050":"!<d@[F*QIa#QOl.E,TfC!rr<$!<d@[F*b2I#QP#7@VfsmCI<#NAIW-_Bldj%ARo7dDe!Pj$Zg3(G@Pc)DeWa'!rr<$n8NjWE-V*WGjonW$P@#lDfor.;f6Mt6ZljVBk28c!!!!)q!\\7k$#O*mATDKnCi]UW!!$10!!!$*Ec6&.FD5Z2!2'Jq$O:0a@W,skEs_mI!!)M4!!%9<!.[mQ!.]6<!2(*W!9/0O!/>G7!/>Ms!2apf!9S</!!ipCD/\")jBk1d@DZKh<#RPQdA7\\\\XCh[D\\!!!98F(o/r6#:CVF*(?!Ch[D\\!!!0/@VfsmCJJ;TAIV%9EbcdlF_\"s%Bk(od(L_JqBl$LPFCfK,@;Je`@;^1$FD5<-!<<*\"!\"],1!!"},"Entities":[],"ReplaceMode":2,"EntranceRotation":-1}