{"GameVersion":"1.20.0-rc.6","SizeX":5,"SizeY":5,"SizeZ":9,"BlockCodes":{"8206":"game:genericwood","1327":"game:metalblock-new-plain-iron","9336":"game:metalblock-corroded-plain-copper","9355":"game:metalblock-new-riveted-molybdochalkos","11652":"game:metalblock-corroded-plain-cupronickel","873":"game:glass-blue","9444":"game:supportbeam-tarnishedmetal-iron","790":"game:leather","0":"game:air","1920":"game:attachingplant-barnacle","366":"game:creativelight-36","9352":"game:metalblock-new-riveted-lead","9448":"game:attachingplant-spottymoss","348":"game:creativeglow-47","16364":"game:attachingplant-sparsemold","16363":"game:attachingplant-spottymold","9457":"game:overlay-gravel-dry3","9442":"game:supportbeam-tarnishedmetal-brass","317":"game:creativeblock-64","1326":"game:metalblock-new-plain-gold","378":"game:creativelight-48","9325":"game:metalblock-new-riveted-bismuthbronze","264":"game:creativeblock-11","349":"game:creativeglow-48","361":"game:creativeglow-79","23258":"game:wagonwheels-large-east","8438":"game:wagonwheels-solid-east","22892":"game:clutter-devastation","8614":"game:meta-spawner","456":"game:chiseledblock","8606":"game:clutter","1222":"game:woodenaxle-ns","1225":"game:brake-east","1244":"game:pulverizerframe-east","1234":"game:creativerotor-south","1242":"game:mppulverizertop","9295":"game:jonas-lamp","23262":"game:wagonwheels-large-west","8446":"game:wagonwheels-solid-west"},"ItemCodes":{"309":"game:poundercap-tinbronze"},"Indices":[2048,7168,1050624,2102272,7169,1049601,1050625,1051649,1052673,1053697,1054721,1055745,2097153,2098177,2099201,2100225,2101249,2102273,2103297,2104321,2105345,3146753,3147777,3149825,3152897,4195329,4196353,4197377,4198401,4201473,2,1026,2050,3074,4098,5122,6146,7170,1048578,1049602,1050626,1051650,1052674,1053698,1054722,1055746,1056770,2097154,2098178,2099202,2100226,2101250,2102274,2103298,2105346,3146754,3147778,3148802,3150850,3151874,3152898,3153922,4195330,4196354,4197378,4198402,7171,1049603,1050627,1051651,1052675,1053699,1054723,1055747,2097155,2098179,2099203,2100227,2101251,2102275,2103299,2104323,2105347,3146755,3147779,3149827,4195331,4196355,4197379,4198403,2052,7172,1052676,4195332,4196356,4197380,4198404],"BlockIds":[23258,8438,22892,8614,456,456,456,456,456,8606,456,456,456,456,456,456,456,456,456,456,456,456,456,456,456,456,456,456,456,456,456,456,456,456,456,456,456,456,1222,1222,1222,1222,1222,1225,1244,1234,456,456,456,456,456,22892,456,1242,456,456,9295,456,456,456,456,456,456,456,456,456,456,456,456,456,456,456,456,456,456,456,456,456,456,456,456,456,456,456,456,456,456,456,456,456,23262,8446,22892,456,456,456,456],"DecorIndices":[],"DecorIds":[],"BlockEntities":{"1050624":"!<d@[F*MfB#64c-E,TfC\"TSN&!<d@[F*^j5#64o6@VfsmCI<#NAJ8QiF`__:E\\1g5G%#H6@<?4%D?U/bH#R=%B4YLlFE1f(DDMD#Ec6&.FCePS!!!!%$#O6pBL-NKCh;?3ahIr`Ec6&.FCeVU!!!!*$\"ImiCh7*uARkcD$Z]ft@;0a\\FCB9&z\":&jWAohO*=9&=$!!EOFAnH*qFBJSD!!!-,De<U&ATV)Uz","2102272":"!<d@[F*MfB#64c-E,TfC\"onW'!<d@[F*^s8#64o6@VfsmCI<#NAINEeFC?bBE+*s.AT@eWD..ZVDfor>!<<*\"\":]'_FCfK9@;JJQF`MO'!!!!+$Y=3tBlnVfDe*F##ljr*)J<JqANFLID..=#Bk/f;Ea`KiE\\1mADe*o/B45Xg3bWYQ@;^!tA1_nD@:Wqi/R`[ABld^#,A1G%ANFLID..=#Bk/f;Ea`KiE\\1aCBl%<s@<?($Bjkh!*G8etANFLID..=#Bk/f;Ea`KiE\\1d;DffZ,DJ())@;TR:BQ\\0#DJs6\"/Tc#AA7]d5@rH4$De*R(Bk;?,B45Xg3bWYQ@;^!tA1_nD@:Wqi/S9-GDJ=38Eb-8(@;TR:BQ\\0#DJs6\"/Tc#AA7]d5CisuFEbT*+,%k>$ANFLID..=#Bk/f;Ea`KiE\\2?TEcu/?@;KRpDe*o6B45Xg3bWYQ@;^!tA1_nD@:Wqi/Tc#E@<6R3AS?4(FCfIn!dHF\"!!!!\"!dQL#!!!!\"!dZR$!!!!\"!dHI$!!!!\"!dQO&!!!!\"!dZU&!!!!\"%W,ot:i'QcATC[WDJ*M\\!!!!\"%W,X!:i'QcATC[WDJ*P\\s8W*\"%WcStGA^;eDJ*NTDe*DZ!!!!\"$?L/pGA]cdF`):%!!!!*'Q\\5%GA^2oCjA<YFCfJaD/aE6F9)CXBl7X,BjkgTF^]00BlnW!E+*s.ARkc@!!!$6Bl7X,BjkgVE+*s.;0?;bFD5iBz!=<CZDfp\"tBmO=k!!!!*$[6$#8SrEbEcbl'!!<mN@<6NhE+*s.<,ZkeCe/JeEc]SFgkU3-PX#6\\Bl8$(Ec,<%6XaqB@qg%1z!tK$_FCfK1@;J;E@<-!lzz!tTE`@q]:kB4XnNE_(+kEW?(>z!!=-U@<6NXBOPpoAQ<\\[@<?'[DffE(88iWkErZ1?z!\"TT]E+*s.ARn5IFD5i2ATIhO!!!!","7169":"!<d@[F*MiC#64c-E,TfC\"98E%!<d@[F*_$:#64o6@VfsmCI<#NAIW-_Bldj%ARo7dDe!Pj$#O*mATDKnCi]XX!!!KO!!\"YU!!!$*A7]7hE`-gtz!=3^aFCB9*Df,QJ\"TSo8@s)7!Bk28g!!!#'-*.-o-!p]\"p7D?3.^&ljp7)-h$>\"'gFAlmaAO158!!!92F(o/r;f?JdA,uZ1#S1ujA7\\&CD/XK;;f?JdA,uZ1\"USXSDe!QX@;TQa7qHRLEbT#+GAhD1$Q!5p@;0OP@<?($BjkgTF^]00Bln'#Erl=A!!!Q1!!!Q1!!!","1049601":"!<d@[F*MiC#64c-E,TfC\"TSN&!<d@[F*^g4#64o6@VfsmCI<#NAIW-_Bldj%ARo7dDe!Pj$#O*mATDKnCi][Y!!%6h!!%p&!!\"YU!!!$*A7]7hE`-gtz!=3^aFCB9*Df,QJ\"TSo8@s)7!Bk28i!!!#Wn.,QX!WN2Znc&S]ckQUsYSdM$ckulpnGN@n$>\"'gFAlmaAO158!\"oPDF(o/r;f?JdA,uZC#S1ujA7\\&CD/XK;;f?JdA,uZC\"USXSDe!QX@;TQj6Z7!cDe*Ei+Cf>/E+O&4@VfsmCC:qeG%#*$9jr-TEbSru;0?;bFD5i2ATIqR!!!!1!!!!1!!!!1!!!!","1050625":"!<d@[F*MiC#64c-E,TfC\"TSN&!<d@[F*^j5#64o6@VfsmCI<#NAIW-_Bldj%ARo7dDe!Pj$#O*mATDKnCi][Y!!%6h!!%p&!!\"YU!!!$*A7]7hE`-gtz!=3^aFCB9*Df,QJ\"TSo8@s)7!Bk28j!!!!/nGNCHnG`JSesukNg:[Pre6N.'gs#oJdldcj!<3'*$>\"'gFAlmaAO158!'^_qF(o/r;f?JdA,uZp#S1ujA7\\&CD/XK;;f?JdA,uZp\"USXSDe!QX@;TQj6Z7!cDe*Ei+Cf>/E+O&4@VfsmCC:qeG%#*$9jr-TEbSru;0?;bFD5i2ATIqR!!!!1!!!!1!!!!1!!!!","1051649":"!<d@[F*MiC#64c-E,TfC\"TSN&!<d@[F*^m6#64o6@VfsmCI<#NAIW-_Bldj%ARo7dDe!Pj$#O*mATDKnCi][Y!!%6h!!%p&!!\"YU!!!$*A7]7hE`-gtz!=3^aFCB9*Df,QJ\"TSo8@s)7!Bk28g!!!#W!<3)YnG`JVg=66m?M+@0nGN@n$>\"'gFAlmaAO158!'^_qF(o/r;f?JdA,uZp#S1ujA7\\&CD/XK;;f?JdA,uZp\"USXSDe!QX@;TQj6Z7!cDe*Ei+Cf>/E+O&4@VfsmCC:qeG%#*$9jr-TEbSru;0?;bFD5i2ATIqR!!!!1!!!!1!!!!1!!!!","1052673":"!<d@[F*MiC#64c-E,TfC\"TSN&!<d@[F*^p7#64o6@VfsmCI<#NAIW-_Bldj%ARo7dDe!Pj$#O*mATDKnCi][Y!!%6h!!%p&!!\"YU!!!$*A7]7hE`-gtz!=3^aFCB9*Df,QJ\"TSo8@s)7!Bk28q!!!#W!<3)YnF$A9s8N*FeZ/a.e4Kd!gTprL:cAGD9=b1X;E4fTgU[GUCUjL;Mn&m]X18:*gUR@qnGN@n$>\"'gFAlmaAO158!\"oPDF(o/r;f?JdA,uZC#S1ujA7\\&CD/XK;;f?JdA,uZC\"USXSDe!QX@;TQj6Z7!cDe*Ei+Cf>/E+O&4@VfsmCC:qeG%#*$9jr-TEbSru;0?;bFD5i2ATIqR!!!!1!!!!1!!!!1!!!!","1053697":"!<d@[F*MiC#64c-E,TfC\"TSN&!<d@[F*^s8#64o6@VfsmCI<#NAHu^]F`__:EWlSfH#R='CggjbATBA2B4YU.\":&scFCB9&=9&=$!!EUFATMNNDJ*csz\":&scFCB9&=o\\O&!!rsADes6$@ru9m!!E[MAT2'lE`7'gFCbFP!!!-,De<U&ATV#S!!!!%#B+3dF(KGrz\":&jWAohO*=o\\O&!!!","1054721":"!<d@[F*MiC#64c-E,TfC\"TSN&!<d@[F*_!9#64o6@VfsmCI<#NAIW-_Bldj%ARo7dDe!Pj$#O*mATDKnCi][Y!!%p&!!%[(!!$^8!!!$*A7]7hE`-gtz!=3^aFCB9*Df,QJ\"TSo8@s)7!Bk29!!!!!Oi\"#i`n\\bE6o/H_Vp1OG4q3V/\"r5\\kunL+BtoN2*RpP8g0qR?P)i?&(2nFHWUn.,LprVlk)nL\"<DoN)*$pP/`UqR6N5r5AZ.n]q1@$>\"'gFAlmaAO158!'^_qF(o/r;f?JdA,uZp#S1ujA7\\&CD/XK;;f?JdA,uZp\"USXSDe!QX@;TQi9P%XC+C]/*@r!28EbT].FCeu3$Q!5p@;0OP@<?($BjkgTF^]00Bln'#EruCB!!!Q1!!!Q1!!!Q1!!!","1055745":"!<d@[F*MiC#64c-E,TfC\"TSN&!<d@[F*_$:#64o6@VfsmCI<#NAIW-_Bldj%ARo7dDe!Pg\"_)%OD0$s&$6ffa%0-BY590_(J3FSV%K$0T58DDCP-c50!5QAej@LHt$OLZYFCfK,@;Kud!!!!P\"TSO\\,QIfF#\\7LVDfS`oF8u:@!!*@GDffE0Bl@khTEP<'#@hmcDeWa')ZTj<!$tJB!%+?=&-eg.&LsIS&gi_@\"86+&\"8S#Y.eTM:/+c.//,QUQ/FtUt/H!?c4Q_h-/b1(d/cF)u4loTB4mJdB:$700%ekJR53,'253oNT&+CYA&+WQu&,Pes+81ft0E1tP5P!\\4#RY-[Blm9fA7\\&F!<<0,$$0fkAQ*M`Bk.5E!XK<XBk1d@Ci+*3FAm*oBk.5E!X/m>Ci<g!:18!N$;#8VDBND)De!Pj(L_JqBl$LPFCfK,@;Je`@;^1$FD5<-!WW3#!\"],1!\"],1!!","2097153":"!<d@[F*MiC#64c-E,TfC\"onW'!<d@[F*^d3#64o6@VfsmCI<#NAIW-_Bldj%ARo7dDe!Pj$Zg3(G@Pc)DeWa'!<<*\"!W;Ee$P@#lDfor.;f6Mt6ZljVBk28czn?;m#$#O*mATDKnCi]XX!!%p&!!\"YU!!!$*A7]7hE`-gtz!=3^aFCB9*Df,QJ\"TSo8@s)7!Bk28fzr9s\\!0C]&ZJ+3OZcg_#A$>\"'gFAlmaAO158!!!92F(o/r;f?JdA,uZ1#S1ujA7\\&CD/XK;;f?JdA,uZ1\"USXSDe!QX@;TQs9lFin@UsCeBOP^mDf[%1Ci<g!+=M8EG%Gc,A17m&@<Q'nCe\\>[ATDKnCf,=`DKKT7Bk;>ez&-)\\1&-)\\1","2098177":"!<d@[F*MiC#64c-E,TfC\"onW'!<d@[F*^g4#64o6@VfsmCI<#NAIW-_Bldj%ARo7dDe!Pj$#O*mATDKnCi][Y!!%p&!!%[(!!!c:!!!B4A7]7hE_0e_\"onW'zzzzJ-Q&Sz!=34I@rHBcDfbsZ!!!$*Ec6&.FD5Z2!2'Jq$O:0a@W,skEsVgH!!)Kq!3kr#!Pn18!+9g?!-*#Q!WW8o!,qu8!3cM$!Pea9!!ipCD/\")jBk1d@DZKhE#RPQdA7\\\\XCh[D\\!!roAF(o/r6#:CVF*(?!Ch[D\\!!rf8@VfsmCJJ;TAJ@gL@:UKiCi<g!+=M8EG%Gc,A17m&@<Q'nCe\\>[ATDKnCf,=`DKKT7Bk;>fz&-)\\1&-)\\1&-)\\1","2099201":"!<d@[F*MiC#64c-E,TfC\"onW'!<d@[F*^j5#64o6@VfsmCI<#NAIW-_Bldj%ARo7dDe!Pj$#O*mATDKnCi][Y!!%p&!!%[(!!!c:!!!$*A7]7hE`-gtz!=3^aFCB9*Df,QJ\"TSo8@s)7!Bk28h!!!\",E:s9OET[B'!;->2!;Z]\"!;cf4!<3$)$>\"'gFAlmaAO158!'^_qF(o/r;f?JdA,uZp#S1ujA7\\&CD/XK;;f?JdA,uZp\"USXSDe!QX@;TQi9P%XC+C]/*@r!28EbT].FCeu3$Q!5p@;0OP@<?($BjkgTF^]00Bln'#EruCB!!!Q1!!!Q1!!!Q1!!!","2100225":"!<d@[F*MiC#64c-E,TfC\"onW'!<d@[F*^m6#64o6@VfsmCI<#NAIW-_Bldj%ARo7dDe!Pj$#O*mATDKnCi]XX!!%p&!!%[(!!!$*A7]7hE`-gtz!=3^aFCB9*Df,QJ\"TSo8@s)7!Bk28ez!;Z]\"!;cf4!<3$)$>\"'gFAlmaAO158!'^_qF(o/r;f?JdA,uZp#S1ujA7\\&CD/XK;;f?JdA,uZp\"USXSDe!QX@;TQi9P%XC+C]/*@r!28EbT].FCeu3$Q!5p@;0OP@<?($BjkgTF^]00Bln'#Erl=A!!!Q1!!!Q1!!!","2101249":"!<d@[F*MiC#64c-E,TfC\"onW'!<d@[F*^p7#64o6@VfsmCI<#NAIW-_Bldj%ARo7dDe!Pj$Zg3(G@Pc)DeWa'!<<*\"n,WIg$P@#lDfor.;f6Mt6ZljVBk28c!!!!\"nF-Dc$#O*mATDKnCi]XX!!%p&!!%[(!!!$*A7]7hE`-gtz!=3^aFCB9*Df,QJ\"TSo8@s)7!Bk28gz!\"&]+&,uX6!:'[$!\"T)!!Ug!o$>\"'gFAlmaAO158!!!92F(o/r;f?JdA,uZ1#S1ujA7\\&CD/XK;;f?JdA,uZ1\"USXSDe!QX@;TQi8TJ`e+C]/*@r!28EbT].FCeu3$Q!5p@;0OP@<?($BjkgTF^]00Bln'#Erl=A!!!Q1!!!Q1!!!","2102273":"!<d@[F*MiC#64c-E,TfC\"onW'!<d@[F*^s8#64o6@VfsmCI<#NAIW-_Bldj%ARo7dDe!Pj$Zg3(G@Pc)DeWa'!WW3#s7$$g*oQPg$P@#lDfor.;f6Mt6ZljVBk28czd-q#C$#O*mATDKnCi]XX!!%p&!!%[(!!!$*A7]7hE`-gtz!=3^aFCB9*Df,QJ\"TSo8@s)7!Bk28f!!!!/i:-gYnG3.\"nG<74nG`Io$>\"'gFAlmaAO158!!3E4F(o/r;f?JdA,uZ3#S1ujA7\\&CD/XK;;f?JdA,uZ3\"USXSDe!QX@;TQi9P%XC+C]/*@r!28EbT].FCeu3$Q!5p@;0OP@<?($BjkgTF^]00Bln'#Erl=A!!!Q1!!!Q1!!!","2103297":"!<d@[F*MiC#64c-E,TfC\"onW'!<d@[F*_!9#64o6@VfsmCI<#NAIW-_Bldj%ARo7dDe!Pj$Zg3(G@Pc)DeWa'!WW3#s7$$g*oJaQ$P@#lDfor.;f6Mt6ZljVBk28dzd-q#FjR<-W$#O*mATDKnCi]XX!!%p&!!%[(!!!$*A7]7hE`-gtz!=3^aFCB9*Df,QJ\"TSo8@s)7!Bk28g!!!!/i#r+Bj\"UQFnG3.\"nG<74nG`Io$>\"'gFAlmaAO158!!3E4F(o/r;f?JdA,uZ3#S1ujA7\\&CD/XK;;f?JdA,uZ3\"USXSDe!QX@;TQi9P%XC+C]/*@r!28EbT].FCeu3$Q!5p@;0OP@<?($BjkgTF^]00Bln'#Erl=A!!!Q1!!!Q1!!!","2104321":"!<d@[F*MiC#64c-E,TfC\"onW'!<d@[F*_$:#64o6@VfsmCI<#NAIW-_Bldj%ARo7dDe!Pj$#O*mATDKnCi][Y!!%p&!!%[(!!\"YU!!!$*A7]7hE`-gtz!=3^aFCB9*Df,QJ\"TSo8@s)7!Bk28r!!!#`P[4BJoN;0oZsNguZT\\ET[Vc-4`*NInj#R6jjC\\OSk%Xt#jB;TqnFlpDn2^Q1pA+cmoND70nG<74nG`Io$>\"'gFAlmaAO158!!3E4F(o/r;f?JdA,uZ3#S1ujA7\\&CD/XK;;f?JdA,uZ3\"USXSDe!QX@;TQi9P%XC+C]/*@r!28EbT].FCeu3$Q!5p@;0OP@<?($BjkgTF^]00Bln'#EruCB!!!Q1!!!Q1!!!Q1!!!","2105345":"!<d@[F*MiC#64c-E,TfC\"onW'!<d@[F*_';#64o6@VfsmCI<#NAIW-_Bldj%ARo7dDe!Pj$Zg3(G@Pc)DeWa'&c_n3Lm;'BGBHseGa(\\uHDO[CAn>!CB66TCBTk=SBpN?2C8=<!CUI1C<E3$!<b+W!=*$5!=HXs1=dO72>,*qT>P(>a>fB\\C$P@#lDfor.;f6Mt6ZljVBk28lz:d>!]7IU9\\L@>0In.5R)EZb>gq!\\7jnfRo?o.U.Qp2C!@ohYVr$#O*mATDKnCi][Y!!\"YU!!$m;!!%g#!!!$*A7]7hE`-gtz!=3^aFCB9*Df,QJ\"TSo8@s)7!Bk29/!!!!f<E0)YAQ&Y\"PXPXC[8d6>AQAj[F]&9\"UdG2BV,ICbUGW*CVI]d@UdbDuV,dV@F]SV]Pu.T2PX5F\"Pu7WBP;<8\"Q=BqdOsL0#QZW=BP;WJUQ=^/BPXbe\"Pue!BPun);V,@@eZpXt!UdY90V,m^[[8R-2Zpb%3[8m?&oL/aR`DlsF$>\"'gFAlmaAO158!!!92F(o/r;f?JdA,uZ1#S1ujA7\\&CD/XK;;f?JdA,uZ1\"USXSDe!QX@;TQ_8TJ`e+C]/*@quGg@<Q'nCe\\>[ATDKnCf,=`DKKT7Bk;>fz&-)\\1&-)\\1&-)\\1","3146753":"!<d@[F*MiC#64c-E,TfC#64`(!<d@[F*^g4#64o6@VfsmCI<#NAIW-_Bldj%ARo7dDe!Pj$#O*mATDKnCi]UW!!%p&!!!$*A7]7hE`-gtz!=3^aFCB9*Df,QJ\"TSo8@s)7!Bk28cz!\"T&8$>\"'gFAlmaAO158!!!92F(o/r;f?JdA,uZ1#S1ujA7\\&CD/XK;;f?JdA,uZ1\"USXSDe!QX@;TQs9lFin@UsCeBOP^mDf[%1Ci<g!+=M8EG%Gc,A17m&@<Q'nCe\\>[ATDKnCf,=`DKKT7Bk;>dz&-)\\1","3147777":"!<d@[F*MiC#64c-E,TfC#64`(!<d@[F*^j5#64o6@VfsmCI<#NAIW-_Bldj%ARo7dDe!Pj$#O*mATDKnCi]UW!!%p&!!!$*A7]7hE`-gtz!=3^aFCB9*Df,QJ\"TSo8@s)7!Bk28cz&,uV8$>\"'gFAlmaAO158!'^_qF(o/r;f?JdA,uZp#S1ujA7\\&CD/XK;;f?JdA,uZp\"USXSDe!QX@;TQs9lFin@UsCeBOP^mDf[%1Ci<g!+=M8EG%Gc,A17m&@<Q'nCe\\>[ATDKnCf,=`DKKT7Bk;>dz&-)\\1","3149825":"!<d@[F*MiC#64c-E,TfC#64`(!<d@[F*^p7#64o6@VfsmCI<#NAIW-_Bldj%ARo7dDe!Pj$#O*mATDKnCi]UW!!%p&!!!$*A7]7hE`-gtz!=3^aFCB9*Df,QJ\"TSo8@s)7!Bk28cz&,uV8$>\"'gFAlmaAO158!'^_qF(o/r;f?JdA,uZp#S1ujA7\\&CD/XK;;f?JdA,uZp\"USXSDe!QX@;TQs9lFin@UsCeBOP^mDf[%1Ci<g!+=M8EG%Gc,A17m&@<Q'nCe\\>[ATDKnCf,=`DKKT7Bk;>dz&-)\\1","3152897":"!<d@[F*MiC#64c-E,TfC#64`(!<d@[F*_$:#64o6@VfsmCI<#NAIW-_Bldj%ARo7dDe!Pj$#O*mATDKnCi]UW!!%g#!!!$*A7]7hE`-gtz!=3^aFCB9*Df,QJ\"TSo8@s)7!Bk28c!!!!+ZsNe=$>\"'gFAlmaAO158!!!92F(o/r;f?JdA,uZ1#S1ujA7\\&CD/XK;;f?JdA,uZ1\"USXSDe!QX@;TQs9lFin@UsCeBOP^mDf[%1Ci<g!+=M8EG%Gc,A17m&@<Q'nCe\\>[ATDKnCf,=`DKKT7Bk;>dz&-)\\1","4195329":"!<d@[F*MiC#64c-E,TfC#QOi)!<d@[F*^g4#64o6@VfsmCI<#NAIW-_Bldj%ARo7dDe!Pj$#O*mATDKnCi][Y!!%p&!!!c:!!%[(!!!$*A7]7hE`-gtz!=3^aFCB9*Df,QJ\"TSo8@s)7!Bk28uz?iU0,!Up(#:uMEd+7T@4Dt!`>0C])W?h\".CT],tuDt3oEYQ4_>^[V:OJ+<XhYOV]TnDaO1cgq/fn,`S?s7-.Qht$n5s766s$>\"'gFAlmaAO158!!!92F(o/r;f?JdA,uZ1#S1ujA7\\&CD/XK;;f?JdA,uZ1\"USXSDe!QX@;TQs9lFin@UsCeBOP^mDf[%1Ci<g!+=M8EG%Gc,A17m&@<Q'nCe\\>[ATDKnCf,=`DKKT7Bk;>fz&-)\\1&-)\\1&-)\\1","4196353":"!<d@[F*MiC#64c-E,TfC#QOi)!<d@[F*^j5#64o6@VfsmCI<#NAIW-_Bldj%ARo7dDe!Pj$#O*mATDKnCi][Y!!%p&!!!c:!!%[(!!!$*A7]7hE`-gtz!=3^aFCB9*Df,QJ\"TSo8@s)7!Bk28rz!:Tt\":uMEd+7T@4Dt!`>0C])W?h\".CT],tuDt3oE^[V:OJ+<XhYOV]TnDaO1cgq/fs7-.Qht$n5s766s$>\"'gFAlmaAO158!'^_qF(o/r;f?JdA,uZp#S1ujA7\\&CD/XK;;f?JdA,uZp\"USXSDe!QX@;TQs9lFin@UsCeBOP^mDf[%1Ci<g!+=M8EG%Gc,A17m&@<Q'nCe\\>[ATDKnCf,=`DKKT7Bk;>fz&-)\\1&-)\\1&-)\\1","4197377":"!<d@[F*MiC#64c-E,TfC#QOi)!<d@[F*^m6#64o6@VfsmCI<#NAIW-_Bldj%ARo7dDe!Pj$#O*mATDKnCi][Y!!%p&!!!c:!!%[(!!!B4A7]7hE_0e_\"onW'zzzzkTg-.z!=34I@rHBcDfbsZ!!!$*Ec6&.FD5Z2!2'Jq$O:0a@W,skEtA<O!!!#g!\"_uc!>$@C!<I-.!\"psT!Y\\r2!@=Du!@;[T!>`H?!%39e![t8C!BT`1!BSQu!A\"3@!'T62!^?YU!=0$DD/\")jBk1d@DZKi&#RPQdA7\\\\XCh[D\\!'^`\"F(o/r6#:CVF*(?!Ch[D\\!'^Vn@VfsmCJJ;TAKFQaCjBK#De!HhChms1+C]/*@r!28EbT].FCeu3$Q!5p@;0OP@<?($BjkgTF^]00Bln'#EruCB!!!Q1!!!Q1!!!Q1!!!","4198401":"!<d@[F*MiC#64c-E,TfC#QOi)!<d@[F*^p7#64o6@VfsmCI<#NAIW-_Bldj%ARo7dDe!Pj$#O*mATDKnCi][Y!!%p&!!!c:!!%[(!!!$*A7]7hE`-gtz!=3^aFCB9*Df,QJ\"TSo8@s)7!Bk28rz!:Tt\":uMEd+7T@4Dt!`>0C])W?h\".CT],tuDt3oE^[V:OJ+<XhYOV]TnDaO1cgq/fs7-.Qht$n5s766s$>\"'gFAlmaAO158!!!92F(o/r;f?JdA,uZ1#S1ujA7\\&CD/XK;;f?JdA,uZ1\"USXSDe!QX@;TQs9lFin@UsCeBOP^mDf[%1Ci<g!+=M8EG%Gc,A17m&@<Q'nCe\\>[ATDKnCf,=`DKKT7Bk;>fz&-)\\1&-)\\1&-)\\1","4201473":"!<d@[F*MiC#64c-E,TfC#QOi)!<d@[F*_$:#64o6@VfsmCI<#NAIW-_Bldj%ARo7dDe!Pj$Zg3(G@Pc)DeWa'!<<*\"qQsT0$P@#lDfor.;f6Mt6ZljVBk28fzORN5Wn1XhMp@&%joM>Mq$#O*mATDKnCi]XX!!%g#!!$7)!!!B4A7]7hE_0e_\"onW'lotIMlotIMlotIMlotIMlTY@Lz!=34I@rHBcDfbsZ!!!$*Ec6&.FD5Z2!2'Jq$O:0a@W,skErc7@!\"-)?!!ipCD/\")jBk1d@DZKh<#RPQdA7\\\\XCh[D\\!!!98F(o/r6#:CVF*(?!Ch[D\\!!!0/@VfsmCJJ;TAKFQaCjBK#De!HhChms1+C]/*@r!28EbT].FCeu3$Q!5p@;0OP@<?($BjkgTF^]00Bln'#Erl=A!!!Q1!!!Q1!!!","2":"!<d@[F*MlD#64c-E,TfC\"98E%!<d@[F*^d3#64o6@VfsmCI<#NAIW-_Bldj%ARo7dDe!Pj$Zg3(G@Pc)DeWa'\"TSN&okaX.p7&espT2[@poj\\tq5s)c$P@#lDfor.;f6Mt6ZljVBk28hzn=Ta^9CMob>He)4NSjdDqlg&.r9s[o$#O*mATDKnCi]UW!!\"YU!!!$*A7]7hE`-gtz!=3^aFCB9*Df,QJ\"TSo8@s)7!Bk28g!!!#\\D#XLtS%esdXNpn0YQ\"UeXmZ5q$>\"'gFAlmaAO158!!!92F(o/r;f?JdA,uZ1#S1ujA7\\&CD/XK;;f?JdA,uZ1\"USXSDe!QX@;TQs9lFin@UsCeBOP^mDf[%1Ci<g!+=M8EG%Gc,A17m&@<Q'nCe\\>[ATDKnCf,=`DKKT7Bk;>dz&-)\\1","1026":"!<d@[F*MlD#64c-E,TfC\"98E%!<d@[F*^g4#64o6@VfsmCI<#NAIW-_Bldj%ARo7dDe!Pg\"_)%OD0*Sp$7?/k%0-BY58=.uJ3P%S!.[6G%h/L=J3ObK!!#8)!!%O5)!\"72\"UZUa%h/L=5X,t`!.[9S!!%O5&e>EO!'ia`!!!!a*<6(i4rE?P+9`*\"$4dRG!!#4u!!%O6*<6(i4q\\A8!!!!`'`\\465TKh)J3Fh28K\\0D-OL@n!!%O5'`\\5a590_(J3FSV%0-BY4r\"%t!'hP)!.[6Mj@LHt$69H\\'`\\5a590_(J3FSQ'`\\465TKh)J3Fh28K\\0E$#O*mATDKnCi]XX!!%p&!!\"YU!!!$*A7]7hE`-gtz!=3^aFCB9*Df,QJ\"TSo8@s)7!Bk28g!!!#g0`M.6YTEo<o)A^OUAb/jn/hW9$>\"'gFAlmaAO158!\"]DBF(o/r;f?JdA,uZA#S1ujA7\\&CD/XK;;f?JdA,uZA\"USXSDe!QX@;TQi9P%XC+C]/*@r!28EbT].FCeu3$Q!5p@;0OP@<?($BjkgTF^]00Bln'#Erl=A!!!Q1!!!Q1!!!","2050":"!<d@[F*MlD#64c-E,TfC\"98E%!<d@[F*^j5#64o6@VfsmCI<#NAIW-_Bldj%ARo7dDe!Pj$#O*mATDKnCi]UW!!%p&!!!B4A7]7hE_0e_\"onW'zzzzzz!=34I@rHBcDfbsZ!!!$*Ec6&.FD5Z2!2'Jq$O:0a@W,skErl=A!:]LX!9KmQ!!ipCD/\")jBk1d@DZKi&#RPQdA7\\\\XCh[D\\!'^`\"F(o/r6#:CVF*(?!Ch[D\\!'^Vn@VfsmCJJ;TAJ@gL@:UKiCi<g!+=M8EG%Gc,A17m&@<Q'nCe\\>[ATDKnCf,=`DKKT7Bk;>dz&-)\\1","3074":"!<d@[F*MlD#64c-E,TfC\"98E%!<d@[F*^m6#64o6@VfsmCI<#NAIW-_Bldj%ARo7dDe!Pj$#O*mATDKnCi]UW!!%p&!!!B4A7]7hE_0e_\"onW'zzzzznK\\)7!=34I@rHBcDfbsZ!!!$*Ec6&.FD5Z2!2'Jq$O:0a@W,skErl=A!:]LX!9KmQ!!ipCD/\")jBk1d@DZKi&#RPQdA7\\\\XCh[D\\!'^`\"F(o/r6#:CVF*(?!Ch[D\\!'^Vn@VfsmCJJ;TAJ@gL@:UKiCi<g!+=M8EG%Gc,A17m&@<Q'nCe\\>[ATDKnCf,=`DKKT7Bk;>dz&-)\\1","4098":"!<d@[F*MlD#64c-E,TfC\"98E%!<d@[F*^p7#64o6@VfsmCI<#NAIW-_Bldj%ARo7dDe!Pj$#O*mATDKnCi]UW!!%p&!!!B4A7]7hE_0e_\"onW'zzzzzz!=34I@rHBcDfbsZ!!!$*Ec6&.FD5Z2!2'Jq$O:0a@W,skErl=A!:]LX!9KmQ!!ipCD/\")jBk1d@DZKi&#RPQdA7\\\\XCh[D\\!'^`\"F(o/r6#:CVF*(?!Ch[D\\!'^Vn@VfsmCJJ;TAJ@gL@:UKiCi<g!+=M8EG%Gc,A17m&@<Q'nCe\\>[ATDKnCf,=`DKKT7Bk;>dz&-)\\1","5122":"!<d@[F*MlD#64c-E,TfC\"98E%!<d@[F*^s8#64o6@VfsmCI<#NAIW-_Bldj%ARo7dDe!Pg\"_)%OD0)-G$7?/k%0-BY4r\"%tJ3P%S!.[9H%h/L=J3F\\J!'idi!!%O6(ue+0\"UZUa%h/L=J3F\\J!.[9S!!#8K&e>EO!.[6J!!#8L*<6()58`BO+9`*\"$4dRG!.[6J!!%O6*<6(i4q\\A8!!%O5'`\\5!5TKh)J3Fh08K\\0D*=<,_!!%O5'`\\5a58\";4!!%O5'`\\5!5T&KP+9`,ZD..NtEbSruErc7@!/i*&!\"0'CARfY!8RulHzzzzzz!!!!\"#\\7LVDfS`oF8u:@!!*@GDffE0Bl@khTEP<'#@hmcDeWa'!WW3#nF6GXje2SQ#RY-[Blm9fA7\\&F!<>=i$$0fkAQ*M`Bk.5E56qd@Bk1d@Ci+*3FAm*oBk.5E56V@&Ci<g!:18!N'MN(HA0>>tDe!Q*-us$FATVKo.16r#G%#*$9jr-TEbSru;0?;bFD5i2ATIkP!!!!1!!!!","6146":"!<d@[F*MlD#64c-E,TfC\"98E%!<d@[F*_!9#64o6@VfsmCI<#NAIW-_Bldj%ARo7dDe!Pj$#O*mATDKnCi]UW!!%p&!!!B4A7]7hE_0e_\"onW'zzzzzz!=34I@rHBcDfbsZ!!!$*Ec6&.FD5Z2!2'Jq$O:0a@W,skErl=A!:]LX!9KmQ!!ipCD/\")jBk1d@DZKi&#RPQdA7\\\\XCh[D\\!'^`\"F(o/r6#:CVF*(?!Ch[D\\!'^Vn@VfsmCJJ;TAJ@gL@:UKiCi<g!+=M8EG%Gc,A17m&@<Q'nCe\\>[ATDKnCf,=`DKKT7Bk;>dz&-)\\1","7170":"!<d@[F*MlD#64c-E,TfC\"98E%!<d@[F*_$:#64o6@VfsmCI<#NAIW-_Bldj%ARo7dDe!Pj$#O*mATDKnCi][Y!!!KO!!%p&!!\"YU!!!B4A7]7hE_0e_\"onW'zzzzzz!=34I@rHBcDfbsZ!!!$*Ec6&.FD5Z2!2'Jq$O:0a@W,skEub5\\!5S;E!l0#@!5SE#!ml+/!76\"`!:]Jb!V#sc!OTn*!p%M,!k#IP!k#S.!l_aQ!nF\\b!p.&.!nOEc!p6:R!p6T0!lpR2!nWZ2!nWse!p>b2!p?-2!m(+q!6C)2!nd3`!8.+<!9f0/!r2J]!9s3K!!ipCD/\")jBk1d@DZKi&#RPQdA7\\\\XCh[D\\!'^`\"F(o/r6#:CVF*(?!Ch[D\\!'^Vn@VfsmCJJ;TAIM(?DImj&@j#u6De'4l@<Q'nCe\\>[ATDKnCf,=`DKKT7Bk;>fz&-)\\1&-)\\1&-)\\1","1048578":"!<d@[F*MlD#64c-E,TfC\"TSN&!<d@[F*^d3#64o6@VfsmCI<#NAIWj%De*Es@<cU\"/T,V2$#X<rGAhM;Bk.GKz!!!$3FEMVA6tp[2Ec5ea@:O\"hB)ho3!!E=8!!%O6!!","1049602":"!<d@[F*MlD#64c-E,TfC\"TSN&!<d@[F*^g4#64o6@VfsmCI<#NAIWj%De*Es@<cU\"/T,V2$#X<rGAhM;Bk.GKz!!!$3FEMVA6tp[2Ec5ea@:O\"hB)ho3!!E=8!!%O6!!","1050626":"!<d@[F*MlD#64c-E,TfC\"TSN&!<d@[F*^j5#64o6@VfsmCI<#NAIWj%De*Es@<cU\"/T,V2$#X<rGAhM;Bk.GKz!!!$3FEMVA6tp[2Ec5ea@:O\"hB)ho3!!E=8!!%O6!!","1051650":"!<d@[F*MlD#64c-E,TfC\"TSN&!<d@[F*^m6#64o6@VfsmCI<#NAIWj%De*Es@<cU\"/T,V2$#X<rGAhM;Bk.GKz!!!$3FEMVA6tp[2Ec5ea@:O\"hB)ho3!!E=8!!%O6!!","1052674":"!<d@[F*MlD#64c-E,TfC\"TSN&!<d@[F*^p7#64o6@VfsmCI<#NAIWj%De*Es@<cU\"/T,V2$#X<rGAhM;Bk.GKz!!!$3FEMVA6tp[2Ec5ea@:O\"hB)ho3!!E=8!!%O6!!","1053698":"!<d@[F*MlD#64c-E,TfC\"TSN&!<d@[F*^s8#64o6@VfsmCI<#NAI;me@;BF+ARTY%!XWaUFE_YDCM@;az!!!!\"&Ti/9DFA2Z7WNEa7U]e@DJ&qL!!!-&B)hp^57%R+DJ*BjARkc@","1054722":"!<d@[F*MlD#64c-E,TfC\"TSN&!<d@[F*_!9#64o6@VfsmCI<#NAJB*+Cj'B1BmO?2Ao_<sAM%J%F*%HiDImp6DfTW-A-W)7z!!*[RF`M@fBlZ[`Df%sP@qfgnz\"9E-8!.[9<$#+:#ASuU.Ed7ZiEH>r7FE7Na!!!3,F)5c:EsD_$!!*'\"!&XcW!!3-#z#n(ETF%fDKF`(`$EWHISBOPs[:iCJoA7]c^#mY-PF$Y%eAH;c","1055746":"!<d@[F*MlD#64c-E,TfC\"TSN&!<d@[F*_$:#64o6@VfsmCI<#NAJ8QoART[pG%G]4FDl1OF)Q2CBE8-Q#QOi)!XWaUFE_YDCM@;az!!!!\"&Ti/9DFA2Z7WNEa7U]e@DJ&qL!!!-&B)hp^56(","1056770":"!<d@[F*MlD#64c-E,TfC\"TSN&!<d@[F*_';#64o6@VfsmCI<#NAIW-_Bldj%ARo7dDe!Pj$#O*mATDKnCi]^Z!!%p&!!\"YU!!#._!!%[(!!!B4A7]7hE_0e_\"onW'zzzzznK\\)7!=34I@rHBcDfbsZ!!!$*Ec6&.FD5Z2!2'Jq$O:0a@W,skF#<pt!!)La!!!11!tb-4!\"]?S\"!I;U!$DMu\"#0J!!&+\\B\"$lXB!'gjd\"&Sfc!)O$+\"5jR4!s.Lk!\"n@5!$UNW!&<]$!(#kF!)`$n!5U/\"!9#KS\"2`j;\"4AaF\"7e\"h\"2d1'!lR^G!7X]g\"!q[@!B\"WP!QA6G![b,B!QJlh!7ku4\"\"1hC!QU)$!m-nG!83mg\"\"Lk0!BRg@!QqFG!mA0i!8G04\"3eok!mU#F!8ZGV\"7H*4!tY'4\"!@5V\"#'D#\"$cRE\"&J`g\"(1o.\"7Q-$!sf6FD/\")jBk1d@DZKh=#RPQdA7\\\\XCh[D\\!!*?9F(o/r6#:CVF*(?!Ch[D\\!!*60@VfsmCJJ;TAJ@gL@:UKiCi<g!+=M8EG%Gc,A17m&@<Q'nCe\\>[ATDKnCf,=`DKKT7Bk;>gz&-)\\1&-)\\1&-)\\1&-)\\1","2097154":"!<d@[F*MlD#64c-E,TfC\"onW'!<d@[F*^d3#64o6@VfsmCI<#NAIW-_Bldj%ARo7dDe!Pj$Zg3(G@Pc)DeWa'!<<*\"!W;Ee$P@#lDfor.;f6Mt6ZljVBk28czn?;m#$#O*mATDKnCi]XX!!%p&!!\"YU!!!$*A7]7hE`-gtz!=3^aFCB9*Df,QJ\"TSo8@s)7!Bk28fzr9s\\!0C]&ZJ+3OZcg_#A$>\"'gFAlmaAO158!!!92F(o/r;f?JdA,uZ1#S1ujA7\\&CD/XK;;f?JdA,uZ1\"USXSDe!QX@;TQs9lFin@UsCeBOP^mDf[%1Ci<g!+=M8EG%Gc,A17m&@<Q'nCe\\>[ATDKnCf,=`DKKT7Bk;>ez&-)\\1&-)\\1","2098178":"!<d@[F*MlD#64c-E,TfC\"onW'!<d@[F*^g4#64o6@VfsmCI<#NAIW-_Bldj%ARo7dDe!Pj$#O*mATDKnCi]^Z!!%p&!!%6h!!%[(!!\"VT!!!$*A7]7hE`-gtz!=3^aFCB9*Df,QJ\"TSo8@s)7!Bk29/z?j-N161=n_:^R3,n-]<5n.,L&U&G&b;?$]0?j?dg?jZo-U+ZTAUe_'cVJcP0W/h#RWilKtXNptAY3uDsn,r_mJ-?$fJ-Q(0J-Z7Dn-T.un-&f+O9YlEn-B#/n-8siTcX@4UH\\hVV-a<#VgedEWLj7gX1n`4Xks3VYQ\"Y3naHPb$>\"'gFAlmaAO158!$MUSF(o/r;f?JdA,uZR#S1ujA7\\&CD/XK;;f?JdA,uZR\"USXSDe!QX@;TQe6?R!YA7]d(;fk<9EbSs\"$Q!5p@;0OP@<?($BjkgTF^]00Bln'#Es)IC!!!Q1!!!Q1!!!Q1!!!Q1!!!","2099202":"!<d@[F*MlD#64c-E,TfC\"onW'!<d@[F*^j5#64o6@VfsmCI<#NAIW-_Bldj%ARo7dDe!Pj$#O*mATDKnCi][Y!!%p&!!%6h!!%[(!!!B4A7]7hE_0e_\"onW'zzzlotIMzz!=34I@rHBcDfbsZ!!!$*Ec6&.FD5Z2!2'Jq$O:0a@W,skEtA<O!!#:R!<o.q!;2uq!qfFj!qr?A!qrEc!qqn_!;<J.!qrbR!qrht!rAT4!rAZV!rAas!rB\"E!rB(g!XnMe!=0$DD/\")jBk1d@DZKh\\#RPQdA7\\\\XCh[D\\!$DOXF(o/r6#:CVF*(?!Ch[D\\!$DFO@VfsmCJJ;TAKFQaCjBK#De!HhChms1+C]/*@r!28EbT].FCeu3$Q!5p@;0OP@<?($BjkgTF^]00Bln'#EruCB!!!Q1!!!Q1!!!Q1!!!","2100226":"!<d@[F*MlD#64c-E,TfC\"onW'!<d@[F*^m6#64o6@VfsmCI<#NAIW-_Bldj%ARo7dDe!Pj$#O*mATDKnCi]^Z!!%6h!!%p&!!!c:!!%[(!!!$*A7]7hE`-gtz!=3^aFCB9*Df,QJ\"TSo8@s)7!Bk28sz;\"+HM7UuTt#&OJ##&aQq_moid_(Pj)TU,\\5:_*R2OH9JIqX=KnTF1c-n;mX-TF(_BTFV&ba)_>FaHH]gb+f\"D$>\"'gFAlmaAO158!$DORF(o/r;f?JdA,uZQ#S1ujA7\\&CD/XK;;f?JdA,uZQ\"USXSDe!QX@;TQj6Z7!cDe*Ei+Cf>/E+O&4@VfsmCC:qeG%#*$9jr-TEbSru;0?;bFD5i2ATItS!!!!1!!!!A!!!!1!!!!1!!!!","2101250":"!<d@[F*MlD#64c-E,TfC\"onW'!<d@[F*^p7#64o6@VfsmCI<#NAJ8QiF`__:E\\1g5G%#H6@<?4%D?U/bH#R=!Ch7d$E\\mn(Ec6&.FCePS!!!!%$#O6pBL-NKCh;?38O*C`Ec6&.FCeVU!!!!*$\"ImiCh7*uARkcD$Z]ft@;0a\\FCB9&z\":&jWAohO*=9&=$!!EOFAnH*qFBJSD!!!-,De<U&ATV)Uz","2102274":"!<d@[F*MlD#64c-E,TfC\"onW'!<d@[F*^s8#64o6@VfsmCI<#NAIW-_Bldj%ARo7dDe!Pj$#O*mATDKnCi]j^!!%p&!!%<G!!$j]!!!9*!!%p&!!$:*!!$j]!!$^6!!!$*A7]7hE`-gtz!=3^aFCB9*Df,QJ\"TSo8@s)7!Bk29-z0cpC9+9qt2+:/+T+:A8!+:SATnIYaH:_NmunJ)%7:^-u3;&o[Z:^dBS:^mKenK.`8n,NG8E>&=aE?,$-O:q\\/O9Pc\"OW=IIO:20BO:;7@YnI+PYoNfqck?IscisPfd2`78cj9`S^^L8!cj^&YcjU(1nIkn?nJqT8$>\"'gFAlmaAO158!!!92F(o/r;f?JdA,uZ1#S1ujA7\\&CD/XK;;f?JdA,uZ1\"USXSDe!QX@;TQh6Z7!cDe*Ei+DGk7DBND)De!Pj(L_JqBl$LPFCfK,@;Je`@;^1$FD5<-#QOi)!\"],1!\"],1!\"],1!\"],1!\"],1!\"],1!\"],1!\"],1!!","2103298":"!<d@[F*MlD#64c-E,TfC\"onW'!<d@[F*_!9#64o6@VfsmCI<#NAIiWsE-5u?ATDL2ATDm2Dug#MG]ge,!!*.2Gm\"*I!!*.2H9om_!!!","2105346":"!<d@[F*MlD#64c-E,TfC\"onW'!<d@[F*_';#64o6@VfsmCI<#NAIW-_Bldj%ARo7dDe!Pj$#O*mATDKnCi][Y!!%p&!!#._!!%[(!!!B4A7]7hE_0e_\"onW'zzzzzz!=34I@rHBcDfbsZ!!!$*Ec6&.FD5Z2!2'Jq$O:0a@W,skF&2i:!!)ME!!)h]!!!A)!WWVD![%lf!^I.3!alDU!e:TF!e:[\"!g)>4!0Hkf!0@G3!g!\\E!g\"n6!2'L\"!h]a4!hf=[!3cGr!jMBJ!5S)2!!+RZ!!+Xd![0,3!^Zb&!b!Y\"!eKU(!.c]B!g2Yl!0QK%!0JeE!28LY!28Oi!21sd!jV5f!\"pj!!\\u=E!`CSg!cfj4!g5+V!j^V)!WtKa!Q4c9!5n-8!!Gp+!!H!5!`Vk9!X2c.!=!;N!![8W!`j-[!XFU`!=>4,!\"#15!a2&9!Xbs.!=QKN!\"6HW!aE=[!Y!5P!=e>+!\"JkA!Zg(6!aXU(!\\XDf!cIqU!fm3\"!j:n4!Y>.+!Y>14!\\aGV!`/^#!cRtE!g!/F!g!5g!h\\sR!2'\"3!h]7E!h]=i!3bm,!l+D4!!ipCD/\")jBk1d@DZKh=#RPQdA7\\\\XCh[D\\!!*?9F(o/r6#:CVF*(?!Ch[D\\!!*60@VfsmCJJ;TAJ@gL@:UKiCi<g!+=M8EG%Gc,A17m&@<Q'nCe\\>[ATDKnCf,=`DKKT7Bk;>fz&-)\\1&-)\\1&-)\\1","3146754":"!<d@[F*MlD#64c-E,TfC#64`(!<d@[F*^g4#64o6@VfsmCI<#NAIW-_Bldj%ARo7dDe!Pj$#O*mATDKnCi]UW!!%p&!!!$*A7]7hE`-gtz!=3^aFCB9*Df,QJ\"TSo8@s)7!Bk28dz!\"T&?n.,L)$>\"'gFAlmaAO158!!!92F(o/r;f?JdA,uZ1#S1ujA7\\&CD/XK;;f?JdA,uZ1\"USXSDe!QX@;TQs9lFin@UsCeBOP^mDf[%1Ci<g!+=M8EG%Gc,A17m&@<Q'nCe\\>[ATDKnCf,=`DKKT7Bk;>dz&-)\\1","3147778":"!<d@[F*MlD#64c-E,TfC#64`(!<d@[F*^j5#64o6@VfsmCI<#NAI<0jDIIT<Cgh1\"\"U&pmE+Kr(BkM+$F)Q2A@q@<3DD,gKD.tS6Ci=643!9J,DffE0AQSp4!!!-.D.Rd%6#L=OA_Ra;^B=d^DffE0AQf'6!!!<3@rH1\"ARfgnA,l`?Eb02uBl[-o@<?&\\!!!!%#B+3dF(KGqz\":&jWAohO*=TAF%!!EOFAnH*qFBSYE!!!01DImp6DfTV\\De*DZ!!","3148802":"!<d@[F*MlD#64c-E,TfC#64`(!<d@[F*^m6#64o6@VfsmCI<#NAIW-_Bldj%ARo7dDe!Pj$#O*mATDKnCi]XX!!!c:!!%p&!!!$*A7]7hE`-gtz!=3^aFCB9*Df,QJ\"TSo8@s)7!Bk28f!!!!$_'8p`:]US4TE,'#TE\"uu$>\"'gFAlmaAO158!!!92F(o/r;f?JdA,uZ1#S1ujA7\\&CD/XK;;f?JdA,uZ1\"USXSDe!QX@;TQ\\9P%XSBOu2l(L_JqBl$LPFCfK,@;Je`@;^1$FD5<-!WW3#!\"],1!\"],1!!","3150850":"!<d@[F*MlD#64c-E,TfC#64`(!<d@[F*^s8#64o6@VfsmCI<#NAIW-_Bldj%ARo7dDe!Pj$#O*mATDKnCi]UW!!%p&!!!$*A7]7hE`-gtz!=3^aFCB9*Df,QJ\"TSo8@s)7!Bk28dznF-Dii:-dQ$>\"'gFAlmaAO158!'^_qF(o/r;f?JdA,uZp#S1ujA7\\&CD/XK;;f?JdA,uZp\"USXSDe!QX@;TQs9lFin@UsCeBOP^mDf[%1Ci<g!+=M8EG%Gc,A17m&@<Q'nCe\\>[ATDKnCf,=`DKKT7Bk;>dz&-)\\1","3151874":"!<d@[F*MlD#64c-E,TfC#64`(!<d@[F*_!9#64o6@VfsmCI<#NAIW-_Bldj%ARo7dDe!Pj$Zg3(G@Pc)DeWa'$31&+6\"(H-6>(rO6Z1rb7Ufm.&`<Zi&i<Gc'CYGk(ZF<Q!!)Kg&+K&g$P@#lDfor.;f6Mt6ZljVBk28f!!!!#;D8(Q<aYn1<)<Pu=jR-V$#O*mATDKnCi]XX!!%p&!!%[(!!!$*A7]7hE`-gtz!=3^aFCB9*Df,QJ\"TSo8@s)7!Bk29Izn.5R\"'(>l5i\"5r$'&im'n*pB$@1iPp&JP7#&gIB2'/T_E'LMjT'iY2g(1R>!(PDfD)3Y%T)PdBg)m]N!*5hk4*Rb!C*om>f&gRKD'LVsf(1[G3)3b.f)mfW3*Rk)k1f45SDW1Wts6p\"D+VOi20&lpu@2&`/B7p:PDWCgS5na8T:?)@4;%ipe?K2\"iim@`Q@Ntk\"A't?8@1rZ\"@l+3EA4$>TAQ/[gAn(g!B7g4CBp/NTC8:kgCU4\"!Cr??4D:8JCDW:ae@O(tDA4-GfAn1p3Bp8WfCU=+3D:ARkmbn-Vo&'KR$>\"'gFAlmaAO158!!!92F(o/r;f?JdA,uZ1#S1ujA7\\&CD/XK;;f?JdA,uZ1\"USXSDe!QX@;TQs9lFin@UsCeBOP^mDf[%1Ci<g!+=M8EG%Gc,A17m&@<Q'nCe\\>[ATDKnCf,=`DKKT7Bk;>ez&-)\\1&-)\\1","3152898":"!<d@[F*MlD#64c-E,TfC#64`(!<d@[F*_$:#64o6@VfsmCI<#NAIW-_Bldj%ARo7dDe!Pj$#O*mATDKnCi]UW!!%p&!!!$*A7]7hE`-gtz!=3^aFCB9*Df,QJ\"TSo8@s)7!Bk28dznF-Dii:-dQ$>\"'gFAlmaAO158!'^_qF(o/r;f?JdA,uZp#S1ujA7\\&CD/XK;;f?JdA,uZp\"USXSDe!QX@;TQs9lFin@UsCeBOP^mDf[%1Ci<g!+=M8EG%Gc,A17m&@<Q'nCe\\>[ATDKnCf,=`DKKT7Bk;>dz&-)\\1","3153922":"!<d@[F*MlD#64c-E,TfC#64`(!<d@[F*_';#64o6@VfsmCI<#NAIW-_Bldj%ARo7dDe!Pj$Zg3(G@Pc)DeWa'\"98E%&`=6$!!#7a!V/JU&+C,1$P@#lDfor.;f6Mt6ZljVBk28c!!!!#p$_qh$#O*mATDKnCi]UW!!%p&!!!$*A7]7hE`-gtz!=3^aFCB9*Df,QJ\"TSo8@s)7!Bk28dzn3?sci\"5qp$>\"'gFAlmaAO158!!!92F(o/r;f?JdA,uZ1#S1ujA7\\&CD/XK;;f?JdA,uZ1\"USXSDe!QX@;TQs9lFin@UsCeBOP^mDf[%1Ci<g!+=M8EG%Gc,A17m&@<Q'nCe\\>[ATDKnCf,=`DKKT7Bk;>dz&-)\\1","4195330":"!<d@[F*MlD#64c-E,TfC#QOi)!<d@[F*^g4#64o6@VfsmCI<#NAIW-_Bldj%ARo7dDe!Pj$#O*mATDKnCi][Y!!!c:!!%p&!!%[(!!!$*A7]7hE`-gtz!=3^aFCB9*Df,QJ\"TSo8@s)7!Bk29)z!!30D+7]Fd!;$77&-DqfDt<uq:uhUB+7oOg?ipEr0D#<5?h==uT]H/R?hFCgO9>SRTC`.bDtO05O7`K5hua!?n+-Q_TCi7XnDjRAch%3@YOqliht-t&n,`VCs7-1cs7?:%n,WPSnFHVc$>\"'gFAlmaAO158!!!92F(o/r;f?JdA,uZ1#S1ujA7\\&CD/XK;;f?JdA,uZ1\"USXSDe!QX@;TQ\\9P%XSBOu2l(L_JqBl$LPFCfK,@;Je`@;^1$FD5<-!rr<$!\"],1!\"],1!\"],1!!","4196354":"!<d@[F*MlD#64c-E,TfC#QOi)!<d@[F*^j5#64o6@VfsmCI<#NAIW-_Bldj%ARo7dDe!Pj$#O*mATDKnCi][Y!!!c:!!%p&!!%[(!!!$*A7]7hE`-gtz!=3^aFCB9*Df,QJ\"TSo8@s)7!Bk29\"!!!!A+7]Fd!;$7GDt<uq:uhUB+7oP\"0D#<5?h==uT]H/R?hFCgTC`.bDtO05O7`K5n+-Q_TCi7XnDjRAch%3@YOqliht-t&s7-1cs7?:UnFHVc$>\"'gFAlmaAO158!'^_qF(o/r;f?JdA,uZp#S1ujA7\\&CD/XK;;f?JdA,uZp\"USXSDe!QX@;TQ\\9P%XSBOu2l(L_JqBl$LPFCfK,@;Je`@;^1$FD5<-!rr<$!\"],1!\"],1!\"],1!!","4197378":"!<d@[F*MlD#64c-E,TfC#QOi)!<d@[F*^m6#64o6@VfsmCI<#NAIW-_Bldj%ARo7dDe!Pj$#O*mATDKnCi][Y!!!c:!!%p&!!%[(!!!$*A7]7hE`-gtz!=3^aFCB9*Df,QJ\"TSo8@s)7!Bk29\"!!!!A+7]Fd!;$7GDt<uq:uhUB+7oP\"0D#<5?h==uT]H/R?hFCgTC`.bDtO05O7`K5n+-Q_TCi7XnDjRAch%3@YOqliht-t&s7-1cs7?:UnFHVc$>\"'gFAlmaAO158!'^_qF(o/r;f?JdA,uZp#S1ujA7\\&CD/XK;;f?JdA,uZp\"USXSDe!QX@;TQ\\9P%XSBOu2l(L_JqBl$LPFCfK,@;Je`@;^1$FD5<-!rr<$!\"],1!\"],1!\"],1!!","4198402":"!<d@[F*MlD#64c-E,TfC#QOi)!<d@[F*^p7#64o6@VfsmCI<#NAIW-_Bldj%ARo7dDe!Pj$#O*mATDKnCi][Y!!!c:!!%p&!!%[(!!!$*A7]7hE`-gtz!=3^aFCB9*Df,QJ\"TSo8@s)7!Bk29\"!!!!A+7]Fd!;$7GDt<uq:uhUB+7oP\"0D#<5?h==uT]H/R?hFCgTC`.bDtO05O7`K5n+-Q_TCi7XnDjRAch%3@YOqliht-t&s7-1cs7?:UnFHVc$>\"'gFAlmaAO158!!!92F(o/r;f?JdA,uZ1#S1ujA7\\&CD/XK;;f?JdA,uZ1\"USXSDe!QX@;TQ\\9P%XSBOu2l(L_JqBl$LPFCfK,@;Je`@;^1$FD5<-!rr<$!\"],1!\"],1!$D7A!!","7171":"!<d@[F*MoE#64c-E,TfC\"98E%!<d@[F*_$:#64o6@VfsmCI<#NAIW-_Bldj%ARo7dDe!Pj$#O*mATDKnCi]XX!!!KO!!\"YU!!!$*A7]7hE`-gtz!=3^aFCB9*Df,QJ\"TSo8@s)7!Bk28g!!!#7p7)01p7D>uoj7a5p8\\5=qQBo*$>\"'gFAlmaAO158!!!92F(o/r;f?JdA,uZ1#S1ujA7\\&CD/XK;;f?JdA,uZ1\"USXSDe!QX@;TQa7qHRLEbT#+GAhD1$Q!5p@;0OP@<?($BjkgTF^]00Bln'#Erl=A!!!Q1!!!Q1!!!","1049603":"!<d@[F*MoE#64c-E,TfC\"TSN&!<d@[F*^g4#64o6@VfsmCI<#NAIW-_Bldj%ARo7dDe!Pj$#O*mATDKnCi][Y!!%6h!!%p&!!\"YU!!!$*A7]7hE`-gtz!=3^aFCB9*Df,QJ\"TSo8@s)7!Bk28iz&H)Xfn.,QXiVrmE;DeN-;E4eh;E\"[Gnc&Uq$>\"'gFAlmaAO158!#PtJF(o/r;f?JdA,uZI#S1ujA7\\&CD/XK;;f?JdA,uZI\"USXSDe!QX@;TQj6Z7!cDe*Ei+Cf>/E+O&4@VfsmCC:qeG%#*$9jr-TEbSru;0?;bFD5i2ATIqR!!!!1!!!!1!!!!1!!!!","1050627":"!<d@[F*MoE#64c-E,TfC\"TSN&!<d@[F*^j5#64o6@VfsmCI<#NAIW-_Bldj%ARo7dDe!Pj$#O*mATDKnCi][Y!!%6h!!%p&!!\"YU!!!$*A7]7hE`-gtz!=3^aFCB9*Df,QJ\"TSo8@s)7!Bk28jz&H)Xfi;WdDk+)Q_jBVgrlFd8Ij#mIlm*,V#nG`Lp$>\"'gFAlmaAO158!#PtJF(o/r;f?JdA,uZI#S1ujA7\\&CD/XK;;f?JdA,uZI\"USXSDe!QX@;TQj6Z7!cDe*Ei+Cf>/E+O&4@VfsmCC:qeG%#*$9jr-TEbSru;0?;bFD5i2ATIqR!!!!1!!!!1!!!!1!!!!","1051651":"!<d@[F*MoE#64c-E,TfC\"TSN&!<d@[F*^m6#64o6@VfsmCI<#NAIW-_Bldj%ARo7dDe!Pj$#O*mATDKnCi][Y!!%6h!!%p&!!\"YU!!!$*A7]7hE`-gtz!=3^aFCB9*Df,QJ\"TSo8@s)7!Bk28g!!!#fnG`OIi;WdDZ;gruYS@3>&H)V8$>\"'gFAlmaAO158!'^_qF(o/r;f?JdA,uZp#S1ujA7\\&CD/XK;;f?JdA,uZp\"USXSDe!QX@;TQj6Z7!cDe*Ei+Cf>/E+O&4@VfsmCC:qeG%#*$9jr-TEbSru;0?;bFD5i2ATIqR!!!!1!!!!1!!!!1!!!!","1052675":"!<d@[F*MoE#64c-E,TfC\"TSN&!<d@[F*^p7#64o6@VfsmCI<#NAIW-_Bldj%ARo7dDe!Pj$#O*mATDKnCi][Y!!%6h!!%p&!!\"YU!!!$*A7]7hE`-gtz!=3^aFCB9*Df,QJ\"TSo8@s)7!Bk28lz&H)Xfi9p[(s8N*t[@./+\\u>a'^%VS3]ZC54^\"EH[]Yjm?nF$A`$>\"'gFAlmaAO158!#PtJF(o/r;f?JdA,uZI#S1ujA7\\&CD/XK;;f?JdA,uZI\"USXSDe!QX@;TQj6Z7!cDe*Ei+Cf>/E+O&4@VfsmCC:qeG%#*$9jr-TEbSru;0?;bFD5i2ATIqR!!!!1!!!!1!!!!1!!!!","1053699":"!<d@[F*MoE#64c-E,TfC\"TSN&!<d@[F*^s8#64o6@VfsmCI<#NAIW-_Bldj%ARo7dDe!Pj$#O*mATDKnCi]UW!!%p&!!!$*A7]7hE`-gtz!=3^aFCB9*Df,QJ\"TSo8@s)7!Bk28cz!<3$)$>\"'gFAlmaAO158!'^_qF(o/r;f?JdA,uZp#S1ujA7\\&CD/XK;;f?JdA,uZp\"USXSDe!QX@;TQi9P%XC+C]/*@r!28EbT].FCeu3$Q!5p@;0OP@<?($BjkgTF^]00Bln'#Erc7@!!!Q1!!!","1054723":"!<d@[F*MoE#64c-E,TfC\"TSN&!<d@[F*_!9#64o6@VfsmCI<#NAIW-_Bldj%ARo7dDe!Pj$#O*mATDKnCi]^Z!!%p&!!$:*!!$^8!!%[(!!!$*A7]7hE`-gtz!=3^aFCB9*Df,QJ\"TSo8@s)7!Bk28tz!;6D3!)ET6\"^1tH#&aK\\#C6Gj#`et)$(:p7$EjGK$b?CY%0$=3\"^_86#Cc`X$(h4%$bl[M'0?;)'\\3A+*SU\\$'[$Ra$>\"'gFAlmaAO158!'^_qF(o/r;f?JdA,uZp#S1ujA7\\&CD/XK;;f?JdA,uZp\"USXSDe!QX@;TQi9P%XC+C]/*@r!28EbT].FCeu3$Q!5p@;0OP@<?($BjkgTF^]00Bln'#Es)IC!!!Q1!!!Q1!!!Q1!!!Q1!!!","1055747":"!<d@[F*MoE#64c-E,TfC\"TSN&!<d@[F*_$:#64o6@VfsmCI<#NAIW-_Bldj%ARo7dDe!Pg\"_)%OD0$d!$69HW*<6(i4q\\A8bc?o6(!N_AZlK,H^q^fJ8K\\0E$Zg3(G@Pc)DeWa'%fcS0Yn=SJ677Ed1*pE11H(Es+Y;%A+sK>R,;W3t,Xep<,upZ>*VE80*r;Q1+81fs#KC-O$-A8/%d&iQ$P@#lDfor.;f6Mt6ZljVBk28k!!!!\"n,NFinIP[&nfRo8o.U.JoKWB\\`D?O?a++-sb4#B?qsXRn$#O*mATDKnCi]^Z!!\"YU!!%p&!!%[(!!$^8!!!$*A7]7hE`-gtz!=3^aFCB9*Df,QJ\"TSo8@s)7!Bk294z!*0+#(6ALr$MFK3#*o:/!$;5\\!\\+:k\"$Zg*\"A/c8\"^_:L#&46Z#Ccbn#`8_'$(h6;$E=2I$i^73!\\XSY\"A]'&#&aOH#`f\"j$EjIR,16KH'XId*-\\MJ.&K:d['\".j])nQ0V&uu'8p0[k%q2bS3-)1Gb1Vs/K2Nn+d7'Zh><MBL'ohb\\upOE5QqOmm0er]qSp5o=\\$>\"'gFAlmaAO158!!ii:F(o/r;f?JdA,uZ9#S1ujA7\\&CD/XK;;f?JdA,uZ9\"USXSDe!QX@;TQ_8TJ`e+C]/*@quGg@<Q'nCe\\>[ATDKnCf,=`DKKT7Bk;>gz&-)\\1&-)\\1&-)\\1&-)\\1","2097155":"!<d@[F*MoE#64c-E,TfC\"onW'!<d@[F*^d3#64o6@VfsmCI<#NAIW-_Bldj%ARo7dDe!Pj$Zg3(G@Pc)DeWa'#64`(&hibT(OtrT*7+-T!W:jU\")mZ/#f#j/%KGnt$P@#lDfor.;f6Mt6ZljVBk28czn?;m#$#O*mATDKnCi]XX!!%p&!!\"YU!!!$*A7]7hE`-gtz!=3^aFCB9*Df,QJ\"TSo8@s)7!Bk28fzr9s\\!0C]&ZJ+3OZcg_#A$>\"'gFAlmaAO158!!!92F(o/r;f?JdA,uZ1#S1ujA7\\&CD/XK;;f?JdA,uZ1\"USXSDe!QX@;TQs9lFin@UsCeBOP^mDf[%1Ci<g!+=M8EG%Gc,A17m&@<Q'nCe\\>[ATDKnCf,=`DKKT7Bk;>ez&-)\\1&-)\\1","2098179":"!<d@[F*MoE#64c-E,TfC\"onW'!<d@[F*^g4#64o6@VfsmCI<#NAIW-_Bldj%ARo7dDe!Pj$Zg3(G@Pc)DeWa'\"98E%nDFfWs7-*hGiJGtB]0^,$P@#lDfor.;f6Mt6ZljVBk28czEUWr9$#O*mATDKnCi][Y!!%p&!!%[(!!!c:!!!$*A7]7hE`-gtz!=3^aFCB9*Df,QJ\"TSo8@s)7!Bk28kzn-T0\"n-]94n.,M4nb)s-iqEKbnaum3nbN7#nbW@5nc&Rp$>\"'gFAlmaAO158!!<K5F(o/r;f?JdA,uZ4#S1ujA7\\&CD/XK;;f?JdA,uZ4\"USXSDe!QX@;TQi9P%XC+C]/*@r!28EbT].FCeu3$Q!5p@;0OP@<?($BjkgTF^]00Bln'#EruCB!!!Q1!!!Q1!!!Q1!!!","2099203":"!<d@[F*MoE#64c-E,TfC\"onW'!<d@[F*^j5#64o6@VfsmCI<#NAIW-_Bldj%ARo7dDe!Pj$Zg3(G@Pc)DeWa'\"98E%s7#IWGi@fcB]''pC%(`q$P@#lDfor.;f6Mt6ZljVBk28dzE:<i5O73,W$#O*mATDKnCi][Y!!%p&!!%[(!!!c:!!!$*A7]7hE`-gtz!=3^aFCB9*Df,QJ\"TSo8@s)7!Bk28h!!!\"4nFcj,iTC7QnFZd2nG3.\"nG<74nG`Io$>\"'gFAlmaAO158!!3E4F(o/r;f?JdA,uZ3#S1ujA7\\&CD/XK;;f?JdA,uZ3\"USXSDe!QX@;TQi9P%XC+C]/*@r!28EbT].FCeu3$Q!5p@;0OP@<?($BjkgTF^]00Bln'#EruCB!!!Q1!!!Q1!!!Q1!!!","2100227":"!<d@[F*MoE#64c-E,TfC\"onW'!<d@[F*^m6#64o6@VfsmCI<#NAIW-_Bldj%ARo7dDe!Pj$#O*mATDKnCi]XX!!%p&!!%[(!!!$*A7]7hE`-gtz!=3^aFCB9*Df,QJ\"TSo8@s)7!Bk28e!!!!0nG3.\"nG<74nG`Io$>\"'gFAlmaAO158!'^_qF(o/r;f?JdA,uZp#S1ujA7\\&CD/XK;;f?JdA,uZp\"USXSDe!QX@;TQi9P%XC+C]/*@r!28EbT].FCeu3$Q!5p@;0OP@<?($BjkgTF^]00Bln'#Erl=A!!!Q1!!!Q1!!!","2101251":"!<d@[F*MoE#64c-E,TfC\"onW'!<d@[F*^p7#64o6@VfsmCI<#NAIW-_Bldj%ARo7dDe!Pj$#O*mATDKnCi]XX!!%p&!!%[(!!!$*A7]7hE`-gtz!=3^aFCB9*Df,QJ\"TSo8@s)7!Bk28iz&,uX7n,!.Us8N'0n.,L0s8E#5n`p5Una?G`$>\"'gFAlmaAO158!!!92F(o/r;f?JdA,uZ1#S1ujA7\\&CD/XK;;f?JdA,uZ1\"USXSDe!QX@;TQi8TJ`e+C]/*@r!28EbT].FCeu3$Q!5p@;0OP@<?($BjkgTF^]00Bln'#Erl=A!!!Q1!!!Q1!!!","2102275":"!<d@[F*MoE#64c-E,TfC\"onW'!<d@[F*^s8#64o6@VfsmCI<#NAIW-_Bldj%ARo7dDe!Pj$#O*mATDKnCi]XX!!%p&!!%[(!!!$*A7]7hE`-gtz!=3^aFCB9*Df,QJ\"TSo8@s)7!Bk28ez!;Z]\"!;cf4!<3$)$>\"'gFAlmaAO158!'^_qF(o/r;f?JdA,uZp#S1ujA7\\&CD/XK;;f?JdA,uZp\"USXSDe!QX@;TQi9P%XC+C]/*@r!28EbT].FCeu3$Q!5p@;0OP@<?($BjkgTF^]00Bln'#Erl=A!!!Q1!!!Q1!!!","2103299":"!<d@[F*MoE#64c-E,TfC\"onW'!<d@[F*_!9#64o6@VfsmCI<#NAIW-_Bldj%ARo7dDe!Pj$Zg3(G@Pc)DeWa'!<<*\"n,WIg$P@#lDfor.;f6Mt6ZljVBk28c!!!!\"nF-Dc$#O*mATDKnCi]XX!!%p&!!%[(!!!$*A7]7hE`-gtz!=3^aFCB9*Df,QJ\"TSo8@s)7!Bk28ez!;Z]\"!;cf4!<3$)$>\"'gFAlmaAO158!!ii:F(o/r;f?JdA,uZ9#S1ujA7\\&CD/XK;;f?JdA,uZ9\"USXSDe!QX@;TQi9P%XC+C]/*@r!28EbT].FCeu3$Q!5p@;0OP@<?($BjkgTF^]00Bln'#Erl=A!!!Q1!!!Q1!!!","2104323":"!<d@[F*MoE#64c-E,TfC\"onW'!<d@[F*_$:#64o6@VfsmCI<#NAIW-_Bldj%ARo7dDe!Pj$Zg3(G@Pc)DeWa'!<<*\"n,WIg$P@#lDfor.;f6Mt6ZljVBk28c!!!!\"nF-Dc$#O*mATDKnCi]XX!!%p&!!%[(!!!$*A7]7hE`-gtz!=3^aFCB9*Df,QJ\"TSo8@s)7!Bk28ez!;Z]\"!;cf4!<3$)$>\"'gFAlmaAO158!!ii:F(o/r;f?JdA,uZ9#S1ujA7\\&CD/XK;;f?JdA,uZ9\"USXSDe!QX@;TQi9P%XC+C]/*@r!28EbT].FCeu3$Q!5p@;0OP@<?($BjkgTF^]00Bln'#Erl=A!!!Q1!!!Q1!!!","2105347":"!<d@[F*MoE#64c-E,TfC\"onW'!<d@[F*_';#64o6@VfsmCI<#NAIW-_Bldj%ARo7dDe!Pj$#O*mATDKnCi][Y!!\"YU!!$m;!!%g#!!!$*A7]7hE`-gtz!=3^aFCB9*Df,QJ\"TSo8@s)7!Bk29/!!!!kV,[RWPu@`RPXPXAPuRj!Pu[r7Ki.t0KL5euKi8\"@K/E^!L1LBsKLQ#SKiS5!Ki\\<kF\\r2eF@$$UF]&5uF#*kUG%1PBE[:cVGBEpuF#F)3G%LbuF@QCUF]STuF]\\\\k<Dild<($df<(-e0<EB5Y78j7e6q%/f790IT1dqC32,s\\`$>\"'gFAlmaAO158!'^_qF(o/r;f?JdA,uZp#S1ujA7\\&CD/XK;;f?JdA,uZp\"USXSDe!QX@;TQ_8TJ`e+C]/*@quGg@<Q'nCe\\>[ATDKnCf,=`DKKT7Bk;>fz&-)\\1&-)\\1&-)\\1","3146755":"!<d@[F*MoE#64c-E,TfC#64`(!<d@[F*^g4#64o6@VfsmCI<#NAIW-_Bldj%ARo7dDe!Pj$#O*mATDKnCi]UW!!%p&!!!$*A7]7hE`-gtz!=3^aFCB9*Df,QJ\"TSo8@s)7!Bk28c!!!!0n.,L)$>\"'gFAlmaAO158!'^_qF(o/r;f?JdA,uZp#S1ujA7\\&CD/XK;;f?JdA,uZp\"USXSDe!QX@;TQs9lFin@UsCeBOP^mDf[%1Ci<g!+=M8EG%Gc,A17m&@<Q'nCe\\>[ATDKnCf,=`DKKT7Bk;>dz&-)\\1","3147779":"!<d@[F*MoE#64c-E,TfC#64`(!<d@[F*^j5#64o6@VfsmCI<#NAIW-_Bldj%ARo7dDe!Pj$#O*mATDKnCi]UW!!%p&!!!$*A7]7hE`-gtz!=3^aFCB9*Df,QJ\"TSo8@s)7!Bk28c!!!!0s8N')$>\"'gFAlmaAO158!'^_qF(o/r;f?JdA,uZp#S1ujA7\\&CD/XK;;f?JdA,uZp\"USXSDe!QX@;TQs9lFin@UsCeBOP^mDf[%1Ci<g!+=M8EG%Gc,A17m&@<Q'nCe\\>[ATDKnCf,=`DKKT7Bk;>dz&-)\\1","3149827":"!<d@[F*MoE#64c-E,TfC#64`(!<d@[F*^p7#64o6@VfsmCI<#NAIW-_Bldj%ARo7dDe!Pj$#O*mATDKnCi]UW!!%p&!!!$*A7]7hE`-gtz!=3^aFCB9*Df,QJ\"TSo8@s)7!Bk28c!!!!0s8N')$>\"'gFAlmaAO158!'^_qF(o/r;f?JdA,uZp#S1ujA7\\&CD/XK;;f?JdA,uZp\"USXSDe!QX@;TQs9lFin@UsCeBOP^mDf[%1Ci<g!+=M8EG%Gc,A17m&@<Q'nCe\\>[ATDKnCf,=`DKKT7Bk;>dz&-)\\1","4195331":"!<d@[F*MoE#64c-E,TfC#QOi)!<d@[F*^g4#64o6@VfsmCI<#NAIW-_Bldj%ARo7dDe!Pj$#O*mATDKnCi][Y!!%p&!!!c:!!%[(!!!$*A7]7hE`-gtz!=3^aFCB9*Df,QJ\"TSo8@s)7!Bk28u!!!!A5QUp.:\\\"K>:u_R1+7fLg0Co6$?h4:4O9#=qTCDn-T],tuJ+<UgO7E>Yn,NFps6p\";YOV]4nDOBdcg_#Vhsgahs7$+#n_aBQ$>\"'gFAlmaAO158!!!92F(o/r;f?JdA,uZ1#S1ujA7\\&CD/XK;;f?JdA,uZ1\"USXSDe!QX@;TQs9lFin@UsCeBOP^mDf[%1Ci<g!+=M8EG%Gc,A17m&@<Q'nCe\\>[ATDKnCf,=`DKKT7Bk;>fz&-)\\1&-)\\1&-)\\1","4196355":"!<d@[F*MoE#64c-E,TfC#QOi)!<d@[F*^j5#64o6@VfsmCI<#NAIW-_Bldj%ARo7dDe!Pj$#O*mATDKnCi][Y!!%p&!!!c:!!%[(!!!$*A7]7hE`-gtz!=3^aFCB9*Df,QJ\"TSo8@s)7!Bk28r!!!!A:\\\"K>:u_R1+7fLg0Co6$?h4:4TCDn-T],tuJ+<UgO7E>Ys6p\";YOV]4nDOBdcg_#Vhsgahs7$+#nDF9P$>\"'gFAlmaAO158!'^_qF(o/r;f?JdA,uZp#S1ujA7\\&CD/XK;;f?JdA,uZp\"USXSDe!QX@;TQs9lFin@UsCeBOP^mDf[%1Ci<g!+=M8EG%Gc,A17m&@<Q'nCe\\>[ATDKnCf,=`DKKT7Bk;>fz&-)\\1&-)\\1&-)\\1","4197379":"!<d@[F*MoE#64c-E,TfC#QOi)!<d@[F*^m6#64o6@VfsmCI<#NAIW-_Bldj%ARo7dDe!Pj$#O*mATDKnCi][Y!!%p&!!!c:!!%[(!!!$*A7]7hE`-gtz!=3^aFCB9*Df,QJ\"TSo8@s)7!Bk28r!!!!A:\\\"K>:u_R1+7fLg0Co6$?h4:4TCDn-T],tuJ+<UgO7E>Ys6p\";YOV]4nDOBdcg_#Vhsgahs7$+#nDF9P$>\"'gFAlmaAO158!'^_qF(o/r;f?JdA,uZp#S1ujA7\\&CD/XK;;f?JdA,uZp\"USXSDe!QX@;TQs9lFin@UsCeBOP^mDf[%1Ci<g!+=M8EG%Gc,A17m&@<Q'nCe\\>[ATDKnCf,=`DKKT7Bk;>fz&-)\\1&-)\\1&-)\\1","4198403":"!<d@[F*MoE#64c-E,TfC#QOi)!<d@[F*^p7#64o6@VfsmCI<#NAIW-_Bldj%ARo7dDe!Pj$#O*mATDKnCi][Y!!%p&!!!c:!!%[(!!!$*A7]7hE`-gtz!=3^aFCB9*Df,QJ\"TSo8@s)7!Bk28r!!!!A:\\\"K>:u_R1+7fLg0Co6$?h4:4TCDn-T],tuJ+<UgO7E>Ys6p\";YOV]4nDOBdcg_#Vhsgahs7$+#nDF9P$>\"'gFAlmaAO158!!!92F(o/r;f?JdA,uZ1#S1ujA7\\&CD/XK;;f?JdA,uZ1\"USXSDe!QX@;TQs9lFin@UsCeBOP^mDf[%1Ci<g!+=M8EG%Gc,A17m&@<Q'nCe\\>[ATDKnCf,=`DKKT7Bk;>fz&-)\\1&-)\\1&-)\\1","1052676":"!<d@[F*MrF#64c-E,TfC\"TSN&!<d@[F*^p7#64o6@VfsmCI<#NAJ8QiF`__:E\\1g5G%#H6@<?4%D?U/bH#R=%B4YLlFE1f(DDMD#Ec6&.FCePS!!!!%$#O6pBL-NKCh;?3aZfn5Ec6&.FCeVU!!!!*$\"ImiCh7*uARkcD$Z]ft@;0a\\FCB9&z\":&jWAohO*=9&=$!!EOFAnH*qFBJSD!!!-,De<U&ATV)Uz","4195332":"!<d@[F*MrF#64c-E,TfC#QOi)!<d@[F*^g4#64o6@VfsmCI<#NAIW-_Bldj%ARo7dDe!Pj$Zg3(G@Pc)DeWa'!<<*\"!!)Kg$P@#lDfor.;f6Mt6ZljVBk28c!!!!\"nF-Dc$#O*mATDKnCi]XX!!!c:!!%[(!!!$*A7]7hE`-gtz!=3^aFCB9*Df,QJ\"TSo8@s)7!Bk28gz!!!$\"!FPm-#B0\\D#iG[_&+BT*$>\"'gFAlmaAO158!!!92F(o/r;f?JdA,uZ1#S1ujA7\\&CD/XK;;f?JdA,uZ1\"USXSDe!QX@;TQs9lFin@UsCeBOP^mDf[%1Ci<g!+=M8EG%Gc,A17m&@<Q'nCe\\>[ATDKnCf,=`DKKT7Bk;>ez&-)\\1&-)\\1","4196356":"!<d@[F*MrF#64c-E,TfC#QOi)!<d@[F*^j5#64o6@VfsmCI<#NAIW-_Bldj%ARo7dDe!Pj$#O*mATDKnCi]XX!!!c:!!%[(!!!$*A7]7hE`-gtz!=3^aFCB9*Df,QJ\"TSo8@s)7!Bk28fz!+5d,#B0\\D#iG[_&+BT*$>\"'gFAlmaAO158!'^_qF(o/r;f?JdA,uZp#S1ujA7\\&CD/XK;;f?JdA,uZp\"USXSDe!QX@;TQs9lFin@UsCeBOP^mDf[%1Ci<g!+=M8EG%Gc,A17m&@<Q'nCe\\>[ATDKnCf,=`DKKT7Bk;>ez&-)\\1&-)\\1","4197380":"!<d@[F*MrF#64c-E,TfC#QOi)!<d@[F*^m6#64o6@VfsmCI<#NAIW-_Bldj%ARo7dDe!Pj$#O*mATDKnCi]XX!!!c:!!%[(!!!$*A7]7hE`-gtz!=3^aFCB9*Df,QJ\"TSo8@s)7!Bk28fz!+5d,#B0\\D#iG[_&+BT*$>\"'gFAlmaAO158!'^_qF(o/r;f?JdA,uZp#S1ujA7\\&CD/XK;;f?JdA,uZp\"USXSDe!QX@;TQs9lFin@UsCeBOP^mDf[%1Ci<g!+=M8EG%Gc,A17m&@<Q'nCe\\>[ATDKnCf,=`DKKT7Bk;>ez&-)\\1&-)\\1","4198404":"!<d@[F*MrF#64c-E,TfC#QOi)!<d@[F*^p7#64o6@VfsmCI<#NAIW-_Bldj%ARo7dDe!Pj$Zg3(G@Pc)DeWa'!<<*\"!!)Kg$P@#lDfor.;f6Mt6ZljVBk28c!!!!\"nF-Dc$#O*mATDKnCi]XX!!!c:!!%[(!!!$*A7]7hE`-gtz!=3^aFCB9*Df,QJ\"TSo8@s)7!Bk28fz!+5d,#B0\\D#iG[_&+BT*$>\"'gFAlmaAO158!!!92F(o/r;f?JdA,uZ1#S1ujA7\\&CD/XK;;f?JdA,uZ1\"USXSDe!QX@;TQs9lFin@UsCeBOP^mDf[%1Ci<g!+=M8EG%Gc,A17m&@<Q'nCe\\>[ATDKnCf,=`DKKT7Bk;>ez&-)\\1&-)\\1"},"Entities":[],"ReplaceMode":2,"EntranceRotation":-1,"OriginalPos":{"X":508020,"Z":512083,"InternalY":4}}