{
  "code": "peltmount",
	"behaviors": [{ "name": "HorizontalOrientable", "properties": {  "dropBlockFace": "north", "drop": { "type": "block", "code": "pantherinae:peltmount-{genus}-{type}-{species}-{pigment}-north"} }},{ "name": "RightClickPickup"}],
  "variantgroups": [
    {"code": "genus","states": [ "neofelis","panthera"]},
    {"code": "type","states": [ "baby","female","male" ]},
    {"code": "species","states": [ "atrox","diardi","leo","nebulosa","onca","pardus","spelaea","tigris","uncia" ]},
    {"code": "pigment","states": [ "normal","albino","melanistic"]},
    { "code": "side", "loadFromProperties": "game:abstract/horizontalorientation"}
  ],
	"allowedVariants": [
		"*-neofelis-*-diardi-normal-*",
		"*-neofelis-*-nebulosa-normal-*",
		"*-panthera-*-atrox-normal-*",
		"*-panthera-*-leo-normal-*",
		"*-panthera-*-onca-melanistic-*",
		"*-panthera-*-onca-normal-*",
		"*-panthera-*-pardus-melanistic-*",
		"*-panthera-*-pardus-normal-*",
		"*-panthera-*-spelaea-normal-*",
		"*-panthera-*-tigris-normal-*",
		"*-panthera-*-uncia-normal-*"
	],
  "attributes": {
    "handbook": {
      "groupBy": [ "peltmount-*" ]
    }
  },
  "shapebytype": {
    "*-north": {
      "base": "block/{genus}/wallpelt-{species}-{type}",
      "rotateY": 270
    },
    "*-east": {
      "base": "block/{genus}/wallpelt-{species}-{type}",
      "rotateY": 180
    },
    "*-south": {
      "base": "block/{genus}/wallpelt-{species}-{type}",
      "rotateY": 90
    },
    "*-west": {
      "base": "block/{genus}/wallpelt-{species}-{type}",
      "rotateY": 0
    }
  },
  "sidesolid": { "all": false },
  "sideopaque": { "all": false },
  "creativeinventory": {
    "general": [ "*-{genus}-{type}-{species}-{pigment}-north" ],
    "decorative": [ "*-{genus}-{type}-{species}-{pigment}-north" ]
  },
  "replaceable": 5001,
  "resistance": 0.5,
  "lightAbsorption": 0,
  "texturesByType": {
    "*-male-leo-*": {"skin": {"base": "entity/pantherinae/{genus}-{species}"},"mane": {"base": "entity/pantherinae/{genus}-{species}-mane"},"bottom": {"base": "game:block/leather/plain"}},
    "*-baby-*-melanistic-*": {"skin": {"base": "entity/pantherinae/cub-{species}-melanistic"},"bottom": {"base": "game:block/leather/plain"}},
    "*-baby-*": {"skin": {"base": "entity/pantherinae/cub-{species}"},"bottom": {"base": "game:block/leather/plain"}},
    "*-melanistic-*": {"skin": {"base": "entity/pantherinae/{genus}-{species}-melanistic"},"bottom": {"base": "game:block/leather/plain"}},
    "*": {"skin": {"base": "entity/pantherinae/{genus}-{species}"},"bottom": {"base": "game:block/leather/plain"}}
  },
  "selectionBoxByType": {
    "*-north": {"x1": 0.15,"y1": 0.15,"z1": 0.0,"x2": 0.85,"y2": 0.85,"z2": 0.1},
    "*-east": {"x1": 0.9,"y1": 0.15,"z1": 0.15,"x2": 1.0,"y2": 0.85,"z2": 0.85},
    "*-south": {"x1": 0.15,"y1": 0.15,"z1": 0.9,"x2": 0.85,"y2": 0.85,"z2": 1.0},
    "*-west": {"x1": 0.0,"y1": 0.15,"z1": 0.15,"x2": 0.1,"y2": 0.85,"z2": 0.85}
  },
  "collisionbox": null,
  "sounds": {
    "walk": "game:walk/cloth"
  },
  "guiTransformByType": {
    "*": {"translation": {"x": 0,"y": 1,"z": 0},"rotation": {"x": 0,"y": 135,"z": 0},"origin": {"x": 0.5,"y": 0.5,"z": 0.1},"scale": 2.5}
  },
  "groundTransform": {
    "translation": {"x": 0,"y": 0,"z": 0},
    "rotation": {"x": 0,"y": 135,"z": 0},
    "origin": {"x": 0.5,"y": -0.02,"z": 0.5},
    "scale": 1
  },
  "tpHandTransform": {
    "translation": {"x": -0.55,"y": -0.6,"z": -0.15},
    "rotation": {"x": 0,"y": 0,"z": 0},
    "origin": {"x": 0.5,"y": 0.5,"z": 0.1},
    "scale": 1.0
  },
  "fpHandTransform": {
    "rotation": {"x": 0,"y": 0,"z": 0},
    "origin": {"x": 0.5,"y": 0.5,"z": 1.0},
    "scale": 1.0
  },
  "materialDensity": 3000
}