{
	"editor": {
		"backDropShape": "entity/capreolini/capreoluscapreolus/adult",
		"collapsedPaths": "Root/Body/Left Shoulder,Root/Body/Right Shoulder",
		"allAngles": true,
		"entityTextureMode": true
	},
	"textureWidth": 40,
	"textureHeight": 48,
	"textureSizes": {
		"skin": [40,48]
	},
	"textures": {
		"skin": "entity/capreolini/capreoluspygargus-adult"
	},
	"elements": [
		{
			"name": "Horn atttachment",
			"stepParentName": "head",
			"from": [ 2.0, 1.3, 1.25 ],
			"to": [ 2.0, 1.3, 1.25 ],
			"uv": [ 27.5, 43.0 ],
			"rotationOrigin": [ 2.0, 1.3, 1.25 ],
			"faces": {
			},
			"children": [
				{
					"name": "R antler base",
					"from": [ 0.0, 0.1, -0.7 ],
					"to": [ 0.6, 0.7, -0.1 ],
					"unwrapMode": 7,
					"uv": [ 26.5, 44.0 ],
					"rotationOrigin": [ 0.0, 0.7, -0.4 ],
					"rotationY": 5.0,
					"rotationZ": 10.0,
					"faces": {
						"north": { "texture": "#skin", "uv": [ 27.5, 44.5, 28.0, 45.0 ] },
						"east": { "texture": "#skin", "uv": [ 27.0, 45.0, 27.5, 45.5 ], "rotation": 270 },
						"south": { "texture": "#skin", "uv": [ 26.5, 44.5, 27.0, 45.0 ], "rotation": 180 },
						"west": { "texture": "#skin", "uv": [ 27.0, 44.0, 27.5, 44.5 ], "rotation": 90 },
						"up": { "texture": "#skin", "uv": [ 27.0, 44.5, 27.5, 45.0 ], "rotation": 180 },
						"down": { "texture": "#skin", "uv": [ 28.0, 44.5, 28.5, 45.0 ] }
					},
					"children": [
						{
							"name": "R antler base 2",
							"from": [ 0.5, 0.05, 0.05 ],
							"to": [ 1.2, 0.55, 0.55 ],
							"unwrapMode": 7,
							"unwrapRotation": 1,
							"uv": [ 27.0, 42.0 ],
							"rotationOrigin": [ 0.5, 0.55, 0.45 ],
							"faces": {
								"north": { "texture": "#skin", "uv": [ 28.0, 42.5, 28.5, 43.0 ], "rotation": 90 },
								"east": { "texture": "#skin", "uv": [ 27.5, 43.0, 28.0, 43.5 ] },
								"south": { "texture": "#skin", "uv": [ 27.0, 42.5, 27.5, 43.0 ], "rotation": 270 },
								"west": { "texture": "#skin", "uv": [ 27.5, 42.0, 28.0, 42.5 ], "rotation": 180 },
								"up": { "texture": "#skin", "uv": [ 27.5, 42.5, 28.0, 43.0 ], "rotation": 270 },
								"down": { "texture": "#skin", "uv": [ 28.5, 42.5, 29.0, 43.0 ], "rotation": 90 }
							}
						}
					]
				},
				{
					"name": "L antler base",
					"from": [ 0.0, 0.1, 0.1 ],
					"to": [ 0.6, 0.7, 0.7 ],
					"unwrapMode": 7,
					"uv": [ 26.5, 44.0 ],
					"rotationOrigin": [ 0.0, 0.7, 0.4 ],
					"rotationY": -5.0,
					"rotationZ": 10.0,
					"faces": {
						"north": { "texture": "#skin", "uv": [ 27.5, 44.5, 28.0, 45.0 ] },
						"east": { "texture": "#skin", "uv": [ 27.0, 45.0, 27.5, 45.5 ], "rotation": 270 },
						"south": { "texture": "#skin", "uv": [ 26.5, 44.5, 27.0, 45.0 ], "rotation": 180 },
						"west": { "texture": "#skin", "uv": [ 27.0, 44.0, 27.5, 44.5 ], "rotation": 90 },
						"up": { "texture": "#skin", "uv": [ 27.0, 44.5, 27.5, 45.0 ], "rotation": 180 },
						"down": { "texture": "#skin", "uv": [ 28.0, 44.5, 28.5, 45.0 ] }
					},
					"children": [
						{
							"name": "L antler base 2",
							"from": [ 0.5, 0.05, 0.05 ],
							"to": [ 1.2, 0.55, 0.55 ],
							"unwrapMode": 7,
							"unwrapRotation": 1,
							"uv": [ 27.0, 42.0 ],
							"rotationOrigin": [ 0.5, 0.55, 0.45 ],
							"faces": {
								"north": { "texture": "#skin", "uv": [ 28.0, 42.5, 28.5, 43.0 ], "rotation": 90 },
								"east": { "texture": "#skin", "uv": [ 27.5, 43.0, 28.0, 43.5 ] },
								"south": { "texture": "#skin", "uv": [ 27.0, 42.5, 27.5, 43.0 ], "rotation": 270 },
								"west": { "texture": "#skin", "uv": [ 27.5, 42.0, 28.0, 42.5 ], "rotation": 180 },
								"up": { "texture": "#skin", "uv": [ 27.5, 42.5, 28.0, 43.0 ], "rotation": 270 },
								"down": { "texture": "#skin", "uv": [ 28.5, 42.5, 29.0, 43.0 ], "rotation": 90 }
							}
						}
					]
				}
			]
		}
	]}