﻿{
  "code": "musket",
  "class": "Item",
  "creativeinventory": {"maltiezfirearms": ["*"]},
  "maxstacksize": 1,
  "durability": 1250,
  "rackable": true,
  "tool": "bow",
  "behaviors": [
    {
      "name": "GroundStorable",
      "properties": {
        "layout": "WallHalves",
        "wallOffY": 2,
        "sprintKey": true,
        "selectionBox": {"x1": 0, "y1": 0, "z1": 0, "x2": 1, "y2": 0.1, "z2": 1},
        "collisionBox": {"x1": 0, "y1": 0, "z1": 0, "x2": 0, "y2": 0, "z2": 0}
      }
    },
    {
      "name": "AnimatableProcedural",
      "properties": {
        "animated-shape": "maltiezfirearms:firearms/musket-animated-tp",
        "animated-shape-fp": "maltiezfirearms:firearms/musket-animated-fp",
        "only-when-animating": false
      }
    },
    {
      "name": "FiniteStateMachine",
      "properties": {
        "PreventAttack": true,
        "initialState": "unloaded",
        "systems": {
          "camera": {"class": "CameraSettings"},
          "suppress-animation": {"class": "PlayerAnimation"},
          "durability": {"Class": "Durability"},
          "sound": {"class": "Sounds", "domain": "maltiezfirearms"},
          "player-animation": {
            "class": "ProceduralPlayerAnimation",
            "categories": {"hands": {"blending": "Average", "weight": 1024}, "recoil": {"blending": "AddAverage", "weight": 1}, "empty": {"blending": "Average", "weight": 16}},
            "animations": {
              "idle": [{"action": "EaseIn", "animation": "musket-idle", "duration_ms": 1000, "dynamic": "CosShifted", "frame": 0, "separateFp": true}],
              "load": [{"action": "EaseIn", "animation": "musket-load", "duration_ms": 1000, "dynamic": "CosShifted", "frame": 0, "separateFp": true}],
              "prime": [{"action": "EaseIn", "animation": "musket-prime", "duration_ms": 1000, "dynamic": "CosShifted", "frame": 0, "separateFp": true}],
              "aim": [{"action": "EaseIn", "animation": "musket-aim", "duration_ms": 700, "dynamic": "SinQuadratic", "frame": 0, "separateFp": true}],
              "ease": [{"action": "EaseOut", "animation": "musket-idle", "duration_ms": 300, "dynamic": "CosShifted", "frame": 0, "separateFp": true}],
              "empty": [{"action": "EaseIn", "animation": "firearmsempty", "duration_ms": 200, "dynamic": "Linear", "frame": 0, "separateFp": true}],
              "empty-stop": [{"action": "EaseOut", "animation": "firearmsempty", "duration_ms": 200, "dynamic": "Linear", "frame": 0, "separateFp": true}],
              "recoil": [
                {"action": "EaseIn", "animation": "musket-recoil", "duration_ms": 150, "dynamic": "Sin", "frame": 0},
                {"action": "EaseOut", "animation": "musket-recoil", "duration_ms": 600, "dynamic": "CosShifted", "frame": 0}
              ],
              "melee": [
                {"action": "EaseIn", "animation": "musket-melee", "duration_ms": 200, "dynamic": "Sin", "frame": 0, "separateFp": true},
                {"action": "EaseIn", "animation": "musket-melee", "duration_ms": 200, "dynamic": "Cubic", "frame": 1, "separateFp": true},
                {"action": "EaseOut", "animation": "musket-melee", "duration_ms": 300, "dynamic": "CosShifted", "separateFp": true}
              ],
              "melee-bayonet": [
                {"action": "EaseIn", "animation": "musket-melee-bayonet", "duration_ms": 400, "dynamic": "Sin", "frame": 0, "separateFp": true},
                {"action": "EaseIn", "animation": "musket-melee-bayonet", "duration_ms": 300, "dynamic": "Cubic", "frame": 1, "separateFp": true},
                {"action": "EaseOut", "animation": "musket-melee-bayonet", "duration_ms": 300, "dynamic": "CosShifted", "separateFp": true}
              ]
            }
          },
          "stats": {"class": "Stats"},
          "attachments": {
            "class": "Attachments",
            "stackSystem": "ammo-bayonet",
            "transforms": {"default": {"translation": {"x": 0, "y": 0, "z": 0}, "rotation": {"x": 0, "y": 0, "z": 0}, "origin": {"x": 0, "y": 0, "z": 0}}}
          },
          "item-animation": {
            "class": "ProceduralItemAnimation",
            "categories": {"main": {}},
            "animations": {
              "unloaded": [{"action": "Set", "animation": "load", "frame": 0}],
              "loaded": [{"action": "Set", "animation": "prime", "frame": 0}],
              "primed": [{"action": "Set", "animation": "fire", "frame": 0}],
              "load": [
                {"action": "EaseIn", "animation": "load", "duration_ms": 2000, "dynamic": "Linear", "frame": 0},
                {"action": "Set", "animation": "load", "frame": 1},
                {"action": "Play", "animation": "load", "duration_ms": 9000, "dynamic": "Linear", "startFrame": 1, "endFrame": 239},
                {"action": "EaseIn", "animation": "load", "duration_ms": 1000, "dynamic": "Linear", "frame": 239}
              ],
              "prime": [
                {"action": "Set", "animation": "prime", "frame": 0},
                {"action": "EaseIn", "animation": "prime", "duration_ms": 1000, "dynamic": "Linear", "frame": 0},
                {"action": "Play", "animation": "prime", "duration_ms": 3000, "dynamic": "Linear", "startFrame": 0, "endFrame": 59}
              ],
              "fire": [{"action": "Play", "animation": "fire", "duration_ms": 150, "dynamic": "Linear", "startFrame": 0, "endFrame": 29}]
            }
          },
          "particles": {
            "class": "Particles",
            "fire": [
              {"domain": "maltiezfirearms", "code": "smoke-1", "intensity": 1.6, "position": [0.15, -0.2, 1.5], "velocity": [0, 0, 0.4]},
              {"domain": "maltiezfirearms", "code": "smoke-2", "intensity": 1.6, "position": [0.15, -0.2, 2], "velocity": [0, 0, 1.2]},
              {"domain": "maltiezfirearms", "code": "smoke-3", "intensity": 1.6, "position": [0.15, -0.2, 2.5], "velocity": [0, 0, 2.4]},
              {"domain": "maltiezfirearms", "code": "smoke-small", "intensity": 1.6, "position": [0.15, -0.2, 0.5], "velocity": [0.5, 0.5, 0]},
              {"domain": "maltiezfirearms", "code": "fireblast-1", "intensity": 1.6, "position": [0.15, -0.12, 1.5], "velocity": [0, 0, 50]}
            ]
          },
          "ammo-other": {
            "class": "Requirements",
            "load-powder": {
              "requirements": [{"durability": 15, "location": "maltiezfirearms:powderflask-*", "destroy": false, "description": "maltiezfirearms:requirement-powderflask"}]
            },
            "load-patch": {"requirements": [{"amount": 1, "location": "maltiezfirearms:linenpatch", "description": "maltiezfirearms:item-linenpatch"}]},
            "prime": {"requirements": [{"durability": 1, "location": "maltiezfirearms:powderflask-*", "destroy": false, "description": "maltiezfirearms:requirement-powderflask"}]},
            "hammer": {"requirements": [{"durability": 1, "slot": "OffHand", "location": "game:hammer-*"}]},
            "empty-offhand": {"slot": "OffHand", "search": "Blacklist"}
          },
          "ammo-bayonet": {
            "class": "Requirements",
            "plug": {"requirements": [{"amount": 1, "location": "maltiezfirearms:bayonet-plug-*"}]},
            "socket": {"requirements": [{"amount": 1, "location": "maltiezfirearms:bayonet-socket-*"}]}
          },
          "ammo-bullet": {
            "class": "Requirements",
            "selectorRequirement": "bullet",
            "bullet": {"requirements": [{"amount": 1, "location": "maltiezfirearms:slug-*", "description": "maltiezfirearms:requirement-slug"}]}
          },
          "projectile": {
            "class": "Projectiles",
            "stackSystem": "ammo-bullet",
            "speed": 4,
            "aimingSystem": "aiming",
            "damageMultiplier": 1.63,
            "description": "maltiezfirearms:weapon-projectile-stats"
          },
          "aiming": {"class": "Aiming", "duration": 700, "dispersionMin_MOA": 40, "dispersionMax_MOA": 480, "description": "maltiezfirearms:system-desctiption-aim"},
          "melee": {
            "class": "Melee",
            "soundSystem": "sound",
            "attacks": {
              "buttstock": {
                "duration": 400,
                "hitWindowStart_ms": 360,
                "hitWindowEnd_ms": 410,
                "hitInput": "buttstock-hit",
                "damageTypes": [{"damage": 2, "knockback": 1, "reach": 2.5, "type": "BluntAttack", "tier": 2, "damage_stats": "value * (meleeWeaponsDamage * 0.5 + 0.5)"}]
              },
              "bayonet": {
                "duration": 700,
                "hitWindowStart_ms": 560,
                "hitWindowEnd_ms": 710,
                "hitInput": "bayonet-hit",
                "damageTypes": [{"damage": 4.8, "knockback": 1, "reach": 4, "type": "PiercingAttack", "tier": 5, "damage_stats": "value * meleeWeaponsDamage", "reachStart": -1}]
              }
            }
          }
        },
        "operations": {
          "load": {
            "class": "Delayed",
            "timeout": 12000,
            "states": {"initial": "unloaded", "timeout": "loaded", "transitional": "load", "final": "unloaded"},
            "inputs": {"initial": "mouse_right_down", "unloaded": ["mouse_right_up", "slot-dropped", "slot-deselected"]},
            "systems": {
              "initial": [
                {"code": "player-animation", "action": "start", "animation": "load", "category": "hands"},
                {"code": "item-animation", "action": "start", "animation": "load", "category": "main"},
                {"code": "camera", "action": "set", "setting": "WalkBobbingAmplitude", "value": 0.67},
                {"code": "sound", "action": "play", "sound": "musket-load"},
                {"code": "stats", "stat": "walkspeed", "value": -0.8},
                {"code": "ammo-other", "action": "check", "requirement": "empty-offhand"},
                {"code": "ammo-other", "action": "check", "requirement": "load-powder"},
                {"code": "ammo-other", "action": "take", "requirement": "load-patch"},
                {"code": "ammo-bullet", "action": "take", "requirement": "bullet"}
              ],
              "unloaded": [
                {"code": "player-animation", "action": "start", "animation": "idle", "category": "hands"},
                {"code": "item-animation", "action": "start", "animation": "unloaded", "category": "main"},
                {"code": "sound", "action": "stop", "sound": "musket-load"},
                {"code": "camera", "action": "reset", "setting": "WalkBobbingAmplitude"},
                {"code": "stats", "stat": "walkspeed", "value": 0},
                {"code": "ammo-other", "action": "put"},
                {"code": "ammo-bullet", "action": "put"}
              ],
              "timeout": [{"code": "ammo-other", "action": "take", "requirement": "load-powder"}, {"code": "ammo-other", "action": "clear"}]
            }
          },
          "prime": {
            "class": "Delayed",
            "timeout": 4000,
            "states": [{"initial": "loaded", "timeout": "primed", "transitional": "prime", "final": "loaded"}],
            "inputs": {"initial": ["mouse_right_down", "loading-finished"], "loaded": ["mouse_right_up", "slot-dropped", "slot-deselected"]},
            "systems": {
              "initial": [
                {"code": "player-animation", "action": "start", "animation": "prime", "category": "hands"},
                {"code": "item-animation", "action": "start", "animation": "prime", "category": "main"},
                {"code": "camera", "action": "set", "setting": "WalkBobbingAmplitude", "value": 0.67},
                {"code": "sound", "action": "play", "sound": "musket-prime"},
                {"code": "stats", "stat": "walkspeed", "value": -0.4},
                {"code": "ammo-other", "action": "check", "requirement": "empty-offhand"},
                {"code": "ammo-other", "action": "check", "requirement": "prime"}
              ],
              "timeout": [{"code": "ammo-other", "action": "take", "requirement": "prime"}, {"code": "ammo-other", "action": "clear"}],
              "loaded": [
                {"code": "player-animation", "action": "start", "animation": "idle", "category": "hands"},
                {"code": "item-animation", "action": "start", "animation": "loaded", "category": "main"},
                {"code": "camera", "action": "reset", "setting": "WalkBobbingAmplitude"},
                {"code": "sound", "action": "stop", "sound": "musket-prime"},
                {"code": "stats", "stat": "walkspeed", "value": 0},
                {"code": "ammo-other", "action": "put"}
              ]
            }
          },
          "aim": {
            "class": "Instant",
            "inputs": ["mouse_right_down_aim", "priming-finished"],
            "states": [{"initial": "primed", "final": "aimed"}],
            "systems": [
              {"code": "ammo-other", "action": "check", "requirement": "empty-offhand"},
              {"code": "player-animation", "action": "start", "animation": "aim", "category": "hands"},
              {"code": "player-animation", "action": "start", "animation": "empty", "category": "empty"},
              {"code": "camera", "action": "set", "setting": "FirstPersonHandsPitch", "value": 1.25},
              {"code": "camera", "action": "set", "setting": "WalkBobbingAmplitude", "value": 0.65},
              {"code": "stats", "stat": "walkspeed", "value": -0.3},
              {"code": "aiming", "action": "start"}
            ]
          },
          "shoot": {
            "class": "Instant",
            "inputs": "mouse_left_up",
            "states": [{"initial": "aimed", "final": "unloaded"}],
            "systems": [
              {"code": "player-animation", "action": "start", "animation": "recoil", "category": "recoil"},
              {"code": "item-animation", "action": "start", "animation": "fire", "category": "main"},
              {"code": "sound", "action": "play", "sound": "musket-fire"},
              {"code": "particles", "effects": "fire"},
              {"code": "projectile"},
              {"code": "ammo-other", "action": "clear"},
              {"code": "ammo-bullet", "action": "clear"},
              {"code": "durability", "action": "change", "amount": -1, "destroy": true}
            ]
          },
          "ease": {
            "class": "Instant",
            "inputs": ["slot-selected", "slot-added", "mouse_right_up"],
            "states": [{"initial": "aimed", "final": "primed"}, {"initial": "unloaded", "final": "unloaded"}],
            "systems": [
              {"code": "player-animation", "action": "start", "animation": "idle", "category": "hands"},
              {"code": "player-animation", "action": "start", "animation": "empty-stop", "category": "empty"},
              {"code": "camera", "action": "reset", "setting": "FirstPersonHandsPitch"},
              {"code": "camera", "action": "reset", "setting": "WalkBobbingAmplitude"},
              {"code": "stats", "stat": "walkspeed", "value": 0}
            ]
          },
          "easeOut": {
            "class": "Instant",
            "inputs": ["slot-dropped", "slot-deselected"],
            "states": [
              {"initial": "aimed", "final": "primed"},
              {"initial": "primed", "final": "primed"},
              {"initial": "unloaded", "final": "unloaded"},
              {"initial": "loaded", "final": "loaded"},
              {"initial": "primed-bayonet", "final": "primed-bayonet"},
              {"initial": "loaded-bayonet", "final": "loaded-bayonet"},
              {"initial": "unloaded-bayonet", "final": "unloaded-bayonet"}
            ],
            "systems": [
              {"code": "player-animation", "action": "start", "animation": "ease", "category": "hands"},
              {"code": "player-animation", "action": "start", "animation": "empty-stop", "category": "empty"},
              {"code": "stats", "stat": "walkspeed", "value": 0},
              {"code": "aiming", "action": "stop"}
            ]
          },
          "melee-bayonet-destroyed": {
            "class": "Instant",
            "states": [{"initial": "primed-bayonet", "final": "primed"}, {"initial": "loaded-bayonet", "final": "loaded"}, {"initial": "unloaded-bayonet", "final": "unloaded"}],
            "inputs": ["mouse_left_down", "slot-selected", "slot-added"],
            "systems": [{"code": "ammo-bayonet", "action": "empty"}]
          },
          "easeIn": {
            "class": "Instant",
            "inputs": ["slot-selected", "slot-added"],
            "states": [
              {"initial": "primed", "final": "primed"},
              {"initial": "loaded", "final": "loaded"},
              {"initial": "unloaded", "final": "unloaded"},
              {"initial": "aimed", "final": "primed"},
              {"initial": "load", "final": "unloaded"},
              {"initial": "prime", "final": "loaded"},
              {"initial": "primed-bayonet", "final": "primed-bayonet"},
              {"initial": "loaded-bayonet", "final": "loaded-bayonet"},
              {"initial": "unloaded-bayonet", "final": "unloaded-bayonet"}
            ],
            "systems": [
              {"code": "player-animation", "action": "start", "animation": "idle", "category": "hands"},
              {"code": "attachments", "action": "refresh", "point": "bayonet", "transform": "default"}
            ]
          },
          "bayonet-plug": {
            "class": "Instant",
            "inputs": ["attach-bayonet"],
            "states": [{"initial": "primed", "final": "primed-bayonet"}, {"initial": "loaded", "final": "loaded-bayonet"}, {"initial": "unloaded", "final": "unloaded-bayonet"}],
            "systems": [
              {"code": "ammo-bayonet", "action": "empty"},
              {"code": "ammo-bayonet", "action": "take", "requirement": "plug"},
              {"code": "attachments", "action": "add", "point": "bayonet", "transform": "default"}
            ]
          },
          "bayonet-socket": {
            "class": "Instant",
            "inputs": ["attach-bayonet"],
            "states": [{"initial": "primed", "final": "primed"}, {"initial": "loaded", "final": "loaded"}, {"initial": "unloaded", "final": "unloaded"}],
            "systems": [
              {"code": "ammo-bayonet", "action": "empty"},
              {"code": "ammo-bayonet", "action": "take", "requirement": "socket"},
              {"code": "attachments", "action": "add", "point": "bayonet", "transform": "default"}
            ]
          },
          "bayonet-socket-remove": {
            "class": "Instant",
            "inputs": ["attach-bayonet"],
            "states": [{"initial": "primed", "final": "primed"}, {"initial": "loaded", "final": "loaded"}, {"initial": "unloaded", "final": "unloaded"}],
            "systems": [{"code": "ammo-bayonet", "action": "put"}, {"code": "ammo-bayonet", "action": "clear"}, {"code": "attachments", "action": "remove", "point": "bayonet"}]
          },
          "bayonet-socket-plug": {
            "class": "Instant",
            "inputs": ["attach-bayonet"],
            "states": [{"initial": "primed-bayonet", "final": "primed"}, {"initial": "loaded-bayonet", "final": "loaded"}, {"initial": "unloaded-bayonet", "final": "unloaded"}],
            "systems": [
              {"code": "ammo-other", "action": "take", "requirement": "hammer"},
              {"code": "ammo-bayonet", "action": "put"},
              {"code": "ammo-bayonet", "action": "clear"},
              {"code": "attachments", "action": "remove", "point": "bayonet"}
            ]
          },
          "melee-none": {
            "class": "Delayed",
            "timeout": 400,
            "states": [
              {"initial": "unloaded", "timeout": "unloaded", "final": "unloaded"},
              {"initial": "loaded", "timeout": "loaded", "final": "loaded"},
              {"initial": "primed", "timeout": "primed", "final": "primed"}
            ],
            "inputs": {"initial": ["mouse_left_down"], "loaded": ["slot-dropped", "slot-deselected"]},
            "systems": {
              "initial": [
                {"code": "ammo-bayonet", "action": "empty"},
                {"code": "ammo-other", "action": "check", "requirement": "empty-offhand"},
                {"code": "player-animation", "action": "start", "animation": "melee", "category": "hands"},
                {"code": "melee", "action": "start", "attack": "buttstock"}
              ],
              "timeout": [{"code": "player-animation", "action": "start", "animation": "idle", "category": "hands"}],
              "final": [{"code": "player-animation", "action": "start", "animation": "idle", "category": "hands"}, {"code": "melee", "action": "stop", "attack": "buttstock"}]
            }
          },
          "melee-bayonet": {
            "class": "Delayed",
            "timeout": 700,
            "states": [
              {"initial": "unloaded", "transitional": "unloaded-melee", "timeout": "unloaded", "final": "unloaded"},
              {"initial": "loaded", "transitional": "loaded-melee", "timeout": "loaded", "final": "loaded"},
              {"initial": "primed", "transitional": "primed-melee", "timeout": "primed", "final": "primed"},
              {"initial": "primed-bayonet", "transitional": "primed-bayonet-melee", "timeout": "primed-bayonet", "final": "primed-bayonet"},
              {"initial": "loaded-bayonet", "transitional": "loaded-bayonet-melee", "timeout": "loaded-bayonet", "final": "loaded-bayonet"},
              {"initial": "unloaded-bayonet", "transitional": "unloaded-bayonet-melee", "timeout": "unloaded-bayonet", "final": "unloaded-bayonet"}
            ],
            "inputs": {"initial": ["mouse_left_down"], "loaded": ["slot-dropped", "slot-deselected"]},
            "systems": {
              "initial": [
                {"code": "ammo-other", "action": "check", "requirement": "empty-offhand"},
                {"code": "player-animation", "action": "start", "animation": "melee-bayonet", "category": "hands"},
                {"code": "melee", "action": "start", "attack": "bayonet"}
              ],
              "timeout": [{"code": "player-animation", "action": "start", "animation": "idle", "category": "hands"}],
              "final": [{"code": "player-animation", "action": "start", "animation": "idle", "category": "hands"}, {"code": "melee", "action": "stop", "attack": "bayonet"}]
            }
          },
          "bayonet-hit": {
            "class": "Instant",
            "inputs": ["bayonet-hit"],
            "states": [
              {"initial": "primed-bayonet", "final": "primed-bayonet"},
              {"initial": "loaded-bayonet", "final": "loaded-bayonet"},
              {"initial": "unloaded-bayonet", "final": "unloaded-bayonet"},
              {"initial": "primed", "final": "primed"},
              {"initial": "loaded", "final": "loaded"},
              {"initial": "unloaded", "final": "unloaded"},
              {"initial": "primed-bayonet-melee", "final": "primed-bayonet"},
              {"initial": "loaded-bayone-meleet", "final": "loaded-bayonet"},
              {"initial": "unloaded-bayonet-melee", "final": "unloaded-bayonet"},
              {"initial": "primed-melee", "final": "primed"},
              {"initial": "loaded-melee", "final": "loaded"},
              {"initial": "unloaded-melee", "final": "unloaded"}
            ],
            "systems": [
              {"code": "ammo-bayonet", "action": "durability", "durability": 1},
              {"code": "player-animation", "action": "start", "animation": "idle", "category": "hands"},
              {"code": "attachments", "action": "refresh", "point": "bayonet", "transform": "default"},
              {"code": "melee", "action": "stop", "attack": "bayonet"},
              {"code": "melee", "action": "stop", "attack": "buttstock"}
            ]
          },
          "buttstock-hit": {
            "class": "Instant",
            "inputs": ["buttstock-hit"],
            "states": [
              {"initial": "primed", "final": "primed"},
              {"initial": "loaded", "final": "loaded"},
              {"initial": "unloaded", "final": "unloaded"},
              {"initial": "primed-melee", "final": "primed"},
              {"initial": "loaded-melee", "final": "loaded"},
              {"initial": "unloaded-melee", "final": "unloaded"}
            ],
            "systems": [
              {"code": "durability", "action": "change", "amount": -1, "destroy": true},
              {"code": "player-animation", "action": "start", "animation": "idle", "category": "hands"},
              {"code": "melee", "action": "stop", "attack": "buttstock"}
            ]
          },
          "melee-hit-destroyed": {
            "class": "Instant",
            "inputs": ["bayonet-hit"],
            "states": [
              {"initial": "primed-bayonet", "final": "primed"},
              {"initial": "loaded-bayonet", "final": "loaded"},
              {"initial": "unloaded-bayonet", "final": "unloaded"},
              {"initial": "primed-bayonet-melee", "final": "primed"},
              {"initial": "loaded-bayone-meleet", "final": "loaded"},
              {"initial": "unloaded-bayonet-melee", "final": "unloaded"}
            ],
            "systems": [{"code": "ammo-bayonet", "action": "empty"}, {"code": "attachments", "action": "refresh", "point": "bayonet", "transform": "default"}]
          }
        },
        "inputs": {
          "mouse_right_down": {"class": "Mouse", "key": "Right", "alt": false, "type": "pressed", "name": "maltiezfirearms:weapon-reload"},
          "mouse_right_down_aim": {"class": "Mouse", "key": "Right", "alt": false, "type": "pressed", "name": "maltiezfirearms:weapon-aim"},
          "mouse_left_down": {"class": "Mouse", "key": "Left", "alt": false, "type": "pressed"},
          "mouse_right_up": {"class": "Mouse", "key": "Right", "alt": false, "type": "released", "handle": false},
          "mouse_left_up": {"class": "Mouse", "key": "Left", "alt": false, "type": "released", "handle": false, "name": "maltiezfirearms:weapon-range-attack"},
          "slot_deselected": {"class": "SlotChange"},
          "slot_selected": {"class": "SlotSelected"},
          "item_dropped": {"class": "Hotkey", "hotkeys": ["dropitem", "dropitems"], "handle": false},
          "melee_attack": {"class": "Key", "key": "R", "name": "maltiezfirearms:weapon-melee-attack"},
          "attach-bayonet": {"class": "Key", "key": "B", "hotkey": "bayonet-attach", "name": "maltiezfirearms:attach-bayonet"},
          "loading-finished": {"class": "OperationFinished", "operation": "load"},
          "priming-finished": {"class": "OperationFinished", "operation": "prime"},
          "melee-hit-finished": {"class": "OperationFinished", "operation": "bayonet-hit"},
          "bayonet-hit": {"class": "Custom"},
          "buttstock-hit": {"class": "Custom"},
          "slot-added": {"class": "SlotContent", "type": "AfterModified"},
          "slot-dropped": {"class": "SlotContent", "type": "AllTaken"},
          "slot-selected": {"class": "SlotSelected"},
          "slot-deselected": {"class": "SlotChange"}
        }
      }
    }
  ],
  "attributes": {
    "toolrackTransform": {"translation": {"x": 1.4, "y": 0.52, "z": 0.5}, "rotation": {"x": 1, "y": 95, "z": -90}, "origin": {"x": 0, "y": 0, "z": 0}, "scale": 1.34},
    "groundStorageTransform": {"translation": {"x": 0.55, "y": 0.44, "z": 0.75}, "rotation": {"x": 98, "y": 4, "z": -101}, "origin": {"x": 0, "y": 0, "z": 0}, "scale": 0.81},
    "inWallmountTransform": {"translation": {"x": -0.6, "y": -0.06, "z": -0.04}, "rotation": {"x": 90, "y": -83, "z": 90}, "origin": {"x": 0, "y": 0, "z": 0}, "scale": 0.81},
    "inWeaponrackTransform": {"translation": {"x": 0, "y": 0.02, "z": 0.08}, "rotation": {"x": 82, "y": 0, "z": 0}, "origin": {"x": 0, "y": 0, "z": 0}, "scale": 0.81}
  },
  "shape": {"base": "maltiezfirearms:firearms/musket-animated-tp"},
  "heldTpHitAnimation": "firearmsempty",
  "heldLeftTpIdleAnimation": "firearmsempty",
  "heldLeftReadyAnimation": "firearmsempty",
  "heldRightReadyAnimation": "firearmsempty",
  "heldOldTpIdleAnimation": "firearmsempty",
  "heldTpUseAnimation": "firearmsempty",
  "guiTransform": {
    "translation": {"x": 0, "y": 0, "z": 0},
    "rotation": {"x": -11, "y": 16, "z": -180},
    "origin": {"x": -0.65, "y": -0.5, "z": -3},
    "scaleXyz": {"x": -1.89, "y": 1.89, "z": 1.89}
  },
  "fpHandTransform": {"translation": {"x": 0.2, "y": 0.6, "z": 1}, "rotation": {"x": 0, "y": 0, "z": 0}, "origin": {"x": 0, "y": 0, "z": 0}, "scale": 4},
  "tpHandTransform": {"translation": {"x": 0, "y": 0, "z": 0}, "rotation": {"x": 0, "y": -90, "z": 0}, "origin": {"x": 0, "y": 0, "z": 0}, "scale": 0.8},
  "groundTransform": {"translation": {"x": 0, "y": 0.05, "z": 0}, "rotation": {"x": 0, "y": 0, "z": 90}, "origin": {"x": 0, "y": 0, "z": 0}, "scale": 4.8}
}