[
{"name": "dugon Item to Block", "ingredientPattern": "K","ingredients": {"K": { "type": "item", "code": "sirenia:pelt-baby-dugon", "quantity": "1"}},"width": 1,"height": 1,"output": { "type": "block", "code": "sirenia:peltmount-baby-dugon-north", "quantity": 1  }},
{"name": "dugon Block to Item", "ingredientPattern": "K","ingredients": {"K": { "type": "block", "code": "sirenia:peltmount-baby-dugon-*", "quantity": "1" }},"width": 1,"height": 1,"output": { "type": "item", "code": "sirenia:pelt-baby-dugon", "quantity": 1  }},
{"name": "gigas Item to Block", "ingredientPattern": "K","ingredients": {"K": { "type": "item", "code": "sirenia:pelt-baby-gigas", "quantity": "1"}},"width": 1,"height": 1,"output": { "type": "block", "code": "sirenia:peltmount-baby-gigas-north", "quantity": 1  }},
{"name": "gigas Block to Item", "ingredientPattern": "K","ingredients": {"K": { "type": "block", "code": "sirenia:peltmount-baby-gigas-*", "quantity": "1" }},"width": 1,"height": 1,"output": { "type": "item", "code": "sirenia:pelt-baby-gigas", "quantity": 1  }},
{"name": "inunguis Item to Block", "ingredientPattern": "K","ingredients": {"K": { "type": "item", "code": "sirenia:pelt-baby-inunguis", "quantity": "1"}},"width": 1,"height": 1,"output": { "type": "block", "code": "sirenia:peltmount-baby-inunguis-north", "quantity": 1  }},
{"name": "inunguis Block to Item", "ingredientPattern": "K","ingredients": {"K": { "type": "block", "code": "sirenia:peltmount-baby-inunguis-*", "quantity": "1" }},"width": 1,"height": 1,"output": { "type": "item", "code": "sirenia:pelt-baby-inunguis", "quantity": 1  }},
{"name": "manatus Item to Block", "ingredientPattern": "K","ingredients": {"K": { "type": "item", "code": "sirenia:pelt-baby-manatus", "quantity": "1"}},"width": 1,"height": 1,"output": { "type": "block", "code": "sirenia:peltmount-baby-manatus-north", "quantity": 1  }},
{"name": "manatus Block to Item", "ingredientPattern": "K","ingredients": {"K": { "type": "block", "code": "sirenia:peltmount-baby-manatus-*", "quantity": "1" }},"width": 1,"height": 1,"output": { "type": "item", "code": "sirenia:pelt-baby-manatus", "quantity": 1  }},
{"name": "senegalensis Item to Block", "ingredientPattern": "K","ingredients": {"K": { "type": "item", "code": "sirenia:pelt-baby-senegalensis", "quantity": "1"}},"width": 1,"height": 1,"output": { "type": "block", "code": "sirenia:peltmount-baby-senegalensis-north", "quantity": 1  }},
{"name": "senegalensis Block to Item", "ingredientPattern": "K","ingredients": {"K": { "type": "block", "code": "sirenia:peltmount-baby-senegalensis-*", "quantity": "1" }},"width": 1,"height": 1,"output": { "type": "item", "code": "sirenia:pelt-baby-senegalensis", "quantity": 1  }},

{"name": "dugon Item to Block", "ingredientPattern": "K","ingredients": {"K": { "type": "item", "code": "sirenia:pelt-female-dugon", "quantity": "1"}},"width": 1,"height": 1,"output": { "type": "block", "code": "sirenia:peltmount-female-dugon-north", "quantity": 1  }},
{"name": "dugon Block to Item", "ingredientPattern": "K","ingredients": {"K": { "type": "block", "code": "sirenia:peltmount-female-dugon-*", "quantity": "1" }},"width": 1,"height": 1,"output": { "type": "item", "code": "sirenia:pelt-female-dugon", "quantity": 1  }},
{"name": "gigas Item to Block", "ingredientPattern": "K","ingredients": {"K": { "type": "item", "code": "sirenia:pelt-female-gigas", "quantity": "1"}},"width": 1,"height": 1,"output": { "type": "block", "code": "sirenia:peltmount-female-gigas-north", "quantity": 1  }},
{"name": "gigas Block to Item", "ingredientPattern": "K","ingredients": {"K": { "type": "block", "code": "sirenia:peltmount-female-gigas-*", "quantity": "1" }},"width": 1,"height": 1,"output": { "type": "item", "code": "sirenia:pelt-female-gigas", "quantity": 1  }},
{"name": "inunguis Item to Block", "ingredientPattern": "K","ingredients": {"K": { "type": "item", "code": "sirenia:pelt-female-inunguis", "quantity": "1"}},"width": 1,"height": 1,"output": { "type": "block", "code": "sirenia:peltmount-female-inunguis-north", "quantity": 1  }},
{"name": "inunguis Block to Item", "ingredientPattern": "K","ingredients": {"K": { "type": "block", "code": "sirenia:peltmount-female-inunguis-*", "quantity": "1" }},"width": 1,"height": 1,"output": { "type": "item", "code": "sirenia:pelt-female-inunguis", "quantity": 1  }},
{"name": "manatus Item to Block", "ingredientPattern": "K","ingredients": {"K": { "type": "item", "code": "sirenia:pelt-female-manatus", "quantity": "1"}},"width": 1,"height": 1,"output": { "type": "block", "code": "sirenia:peltmount-female-manatus-north", "quantity": 1  }},
{"name": "manatus Block to Item", "ingredientPattern": "K","ingredients": {"K": { "type": "block", "code": "sirenia:peltmount-female-manatus-*", "quantity": "1" }},"width": 1,"height": 1,"output": { "type": "item", "code": "sirenia:pelt-female-manatus", "quantity": 1  }},
{"name": "senegalensis Item to Block", "ingredientPattern": "K","ingredients": {"K": { "type": "item", "code": "sirenia:pelt-female-senegalensis", "quantity": "1"}},"width": 1,"height": 1,"output": { "type": "block", "code": "sirenia:peltmount-female-senegalensis-north", "quantity": 1  }},
{"name": "senegalensis Block to Item", "ingredientPattern": "K","ingredients": {"K": { "type": "block", "code": "sirenia:peltmount-female-senegalensis-*", "quantity": "1" }},"width": 1,"height": 1,"output": { "type": "item", "code": "sirenia:pelt-female-senegalensis", "quantity": 1  }},

{"name": "dugon Item to Block", "ingredientPattern": "K","ingredients": {"K": { "type": "item", "code": "sirenia:pelt-male-dugon", "quantity": "1"}},"width": 1,"height": 1,"output": { "type": "block", "code": "sirenia:peltmount-male-dugon-north", "quantity": 1  }},
{"name": "dugon Block to Item", "ingredientPattern": "K","ingredients": {"K": { "type": "block", "code": "sirenia:peltmount-male-dugon-*", "quantity": "1" }},"width": 1,"height": 1,"output": { "type": "item", "code": "sirenia:pelt-male-dugon", "quantity": 1  }},
{"name": "gigas Item to Block", "ingredientPattern": "K","ingredients": {"K": { "type": "item", "code": "sirenia:pelt-male-gigas", "quantity": "1"}},"width": 1,"height": 1,"output": { "type": "block", "code": "sirenia:peltmount-male-gigas-north", "quantity": 1  }},
{"name": "gigas Block to Item", "ingredientPattern": "K","ingredients": {"K": { "type": "block", "code": "sirenia:peltmount-male-gigas-*", "quantity": "1" }},"width": 1,"height": 1,"output": { "type": "item", "code": "sirenia:pelt-male-gigas", "quantity": 1  }},
{"name": "inunguis Item to Block", "ingredientPattern": "K","ingredients": {"K": { "type": "item", "code": "sirenia:pelt-male-inunguis", "quantity": "1"}},"width": 1,"height": 1,"output": { "type": "block", "code": "sirenia:peltmount-male-inunguis-north", "quantity": 1  }},
{"name": "inunguis Block to Item", "ingredientPattern": "K","ingredients": {"K": { "type": "block", "code": "sirenia:peltmount-male-inunguis-*", "quantity": "1" }},"width": 1,"height": 1,"output": { "type": "item", "code": "sirenia:pelt-male-inunguis", "quantity": 1  }},
{"name": "manatus Item to Block", "ingredientPattern": "K","ingredients": {"K": { "type": "item", "code": "sirenia:pelt-male-manatus", "quantity": "1"}},"width": 1,"height": 1,"output": { "type": "block", "code": "sirenia:peltmount-male-manatus-north", "quantity": 1  }},
{"name": "manatus Block to Item", "ingredientPattern": "K","ingredients": {"K": { "type": "block", "code": "sirenia:peltmount-male-manatus-*", "quantity": "1" }},"width": 1,"height": 1,"output": { "type": "item", "code": "sirenia:pelt-male-manatus", "quantity": 1  }},
{"name": "senegalensis Item to Block", "ingredientPattern": "K","ingredients": {"K": { "type": "item", "code": "sirenia:pelt-male-senegalensis", "quantity": "1"}},"width": 1,"height": 1,"output": { "type": "block", "code": "sirenia:peltmount-male-senegalensis-north", "quantity": 1  }},
{"name": "senegalensis Block to Item", "ingredientPattern": "K","ingredients": {"K": { "type": "block", "code": "sirenia:peltmount-male-senegalensis-*", "quantity": "1" }},"width": 1,"height": 1,"output": { "type": "item", "code": "sirenia:pelt-male-senegalensis", "quantity": 1  }}
]