{
	"code": "caninae-cerdocyonina",
	"class": "EntityAgent",
	"fallDamageMultiplier": 0.5,
	"variantgroups": [
    {"code": "age","states": [ "baby"]},
    {"code": "gender","states": [ "female","male"]},
    {"code": "genus","states": [ "atelocynus","cerdocyon","chrysocyon","dusicyon","lycalopex","speothos"]},
    {"code": "species","states": [ "microtis","thous","brachyurus","australis","avus","culpaeus","fulvipes","griseus","gymnocercus","sechurae","vetulus","pacivorus","venaticus"]}
	],
	"allowedVariants": [
		"*-atelocynus-microtis",
		"*-cerdocyon-thous",
		"*-chrysocyon-brachyurus",
		"*-dusicyon-australis",
		"*-dusicyon-avus",
		"*-lycalopex-culpaeus",
		"*-lycalopex-fulvipes",
		"*-lycalopex-griseus",
		"*-lycalopex-gymnocercus",
		"*-lycalopex-sechurae",
		"*-lycalopex-vetulus",
		"*-speothos-pacivorus",
		"*-speothos-venaticus"
	],
	"collisionBoxSizeByType": {
		"*-atelocynus-microtis": {	"x": 0.2,"y": 0.15},
		"*-cerdocyon-thous": {	"x": 0.2,"y": 0.2},
		"*-chrysocyon-brachyurus": {	"x": 0.3,"y": 0.25},
		"*-dusicyon-australis": {	"x": 0.3,"y": 0.2},
		"*-dusicyon-avus": {	"x": 0.3,"y": 0.2},
		"*-lycalopex-culpaeus": {	"x": 0.4,"y": 0.2},
		"*-lycalopex-fulvipes": {	"x": 0.3,"y": 0.15},
		"*-lycalopex-griseus": {	"x": 0.3,"y": 0.15},
		"*-lycalopex-gymnocercus": {	"x": 0.3,"y": 0.15},
		"*-lycalopex-sechurae": {	"x": 0.3,"y": 0.15},
		"*-lycalopex-vetulus": {	"x": 0.3,"y": 0.15},
		"*-speothos-pacivorus": {	"x": 0.4,"y": 0.2},
		"*-speothos-venaticus": {	"x": 0.3,"y": 0.1}
	},
	"deadCollisionBoxSizeByType": {
		"*-atelocynus-microtis": {	"x": 0.2,"y": 0.1},
		"*-cerdocyon-thous": {	"x": 0.2,"y": 0.1},
		"*-chrysocyon-brachyurus": {	"x": 0.3,"y": 0.1},
		"*-dusicyon-australis": {	"x": 0.3,"y": 0.1},
		"*-dusicyon-avus": {	"x": 0.3,"y": 0.1},
		"*-lycalopex-culpaeus": {	"x": 0.4,"y": 0.1},
		"*-lycalopex-fulvipes": {	"x": 0.3,"y": 0.1},
		"*-lycalopex-griseus": {	"x": 0.3,"y": 0.1},
		"*-lycalopex-gymnocercus": {	"x": 0.3,"y": 0.1},
		"*-lycalopex-sechurae": {	"x": 0.3,"y": 0.1},
		"*-lycalopex-vetulus": {	"x": 0.3,"y": 0.1},
		"*-speothos-pacivorus": {	"x": 0.4,"y": 0.1},
		"*-speothos-venaticus": {	"x": 0.3,"y": 0.1}
	},
	"eyeHeightByType": {
		"*-atelocynus-microtis": 0.2,
		"*-cerdocyon-thous": 0.2,
		"*-chrysocyon-brachyurus": 0.3,
		"*-dusicyon-australis": 0.2,
		"*-dusicyon-avus": 0.3,
		"*-lycalopex-culpaeus": 0.3,
		"*-lycalopex-fulvipes": 0.2,
		"*-lycalopex-griseus": 0.2,
		"*-lycalopex-gymnocercus": 0.2,
		"*-lycalopex-sechurae": 0.2,
		"*-lycalopex-vetulus": 0.2,
		"*-speothos-pacivorus": 0.3,
		"*-speothos-venaticus": 0.1
	},
	"weightByType": {
		"*-atelocynus-microtis": 1,
		"*-cerdocyon-thous": 0.5,
		"*-chrysocyon-brachyurus": 5,
		"*-dusicyon-australis": 4,
		"*-dusicyon-avus": 5,
		"*-lycalopex-culpaeus": 1,
		"*-lycalopex-fulvipes": 0.2,
		"*-lycalopex-griseus": 0.2,
		"*-lycalopex-gymnocercus": 0.5,
		"*-lycalopex-sechurae": 0.5,
		"*-lycalopex-vetulus": 0.3,
		"*-speothos-pacivorus": 5,
		"*-speothos-venaticus": 1
	},
	"attributes": {
		"creatureDiet": {"foodTagsByType": {"*-speothos-*":["meat"],"*":["sweetBerryBush", "fruitmash","meat","fruit"]}},
		"basketCatchableByType": { "*":  true },
		"trapChance": 0.4,
		"trapDestroyChance": 0.05,
		"handbook": {"groupcode": "creaturegroup-caninae"}
	},
	"drops": [],
	"client": {
		"renderer": "Shape",
		"shapeByType": {
		"*-atelocynus-microtis": { "base": "entity/cerdocyonina/microtis-baby" },
		"*-cerdocyon-thous": { "base": "entity/cerdocyonina/microtis-baby" },
		"*-chrysocyon-brachyurus": { "base": "entity/cerdocyonina/microtis-baby" },
		"*-dusicyon-australis": { "base": "entity/cerdocyonina/microtis-baby" },
		"*-dusicyon-avus": { "base": "entity/cerdocyonina/microtis-baby" },
		"*-lycalopex-culpaeus": { "base": "entity/cerdocyonina/microtis-baby" },
		"*-lycalopex-fulvipes": { "base": "entity/cerdocyonina/microtis-baby" },
		"*-lycalopex-griseus": { "base": "entity/cerdocyonina/microtis-baby" },
		"*-lycalopex-gymnocercus": { "base": "entity/cerdocyonina/microtis-baby" },
		"*-lycalopex-sechurae": { "base": "entity/cerdocyonina/microtis-baby" },
		"*-lycalopex-vetulus": { "base": "entity/cerdocyonina/microtis-baby" },
		"*-speothos-pacivorus": { "base": "entity/cerdocyonina/venaticus-baby" },
		"*-speothos-venaticus": { "base": "entity/cerdocyonina/venaticus-baby" }
		},
		"textureByType": {
			"*-atelocynus-microtis": { "base": "entity/atelocynus/microtis-baby" },
			"*-cerdocyon-thous": { "base": "entity/cerdocyon/thous-baby" },
			"*-chrysocyon-brachyurus": { "base": "entity/chrysocyon/brachyurus-baby"}, 
			"*-dusicyon-australis": { "base": "entity/dusicyon/australis-baby" },
			"*-dusicyon-avus": { "base": "entity/dusicyon/australis-baby" },
			"*-lycalopex-culpaeus": { "base": "entity/lycalopex/culpaeus-baby" },
			"*-lycalopex-fulvipes": { "base": "entity/lycalopex/fulvipes-baby" },
			"*-lycalopex-griseus": { "base": "entity/vulpes/corsac-baby" },
			"*-lycalopex-gymnocercus": { "base": "entity/vulpes/pallida-baby" },
			"*-lycalopex-sechurae": { "base": "entity/vulpes/macrotis-baby" },
			"*-lycalopex-vetulus": { "base": "entity/vulpes/macrotis-baby" },
			"*-speothos-pacivorus": { "base": "entity/speothos/venaticus-baby" },
			"*-speothos-venaticus": { "base": "entity/speothos/venaticus-baby" }
		},
		"sizeByType": {
		"*-atelocynus-microtis": 0.25,
		"*-cerdocyon-thous": 0.25,
		"*-chrysocyon-brachyurus": 0.5,
		"*-dusicyon-australis": 0.36,
		"*-dusicyon-avus": 0.4,
		"*-lycalopex-culpaeus": 0.36,
		"*-lycalopex-fulvipes": 0.25,
		"*-lycalopex-griseus": 0.3,
		"*-lycalopex-gymnocercus": 0.3,
		"*-lycalopex-sechurae": 0.3,
		"*-lycalopex-vetulus": 0.25,
		"*-speothos-pacivorus": 0.6,
		"*-speothos-venaticus": 0.3
		},
		"sizeGrowthFactor": 0.2,
		"behaviors": [
			{"code": "repulseagents" },
			{"code": "controlledphysics","stepHeight": 1.1251},
			{"code": "floatupwhenstuck","onlyWhenDead": true},
			{"code": "interpolateposition" },
			{"code": "harvestable","quantitySlots": 8},{"code": "despawn","minPlayerDistance": 8,"belowLightLevel": 8,"minSeconds": 300},
			{"code": "ropetieable","minGeneration": 2}
		],
		"animations": [
			{"code": "hurt","animation": "Hurt","animationSpeed": 2.2,"weight": 10,"blendMode": "AddAverage"},
			{"code": "die","animation": "Death","animationSpeed": 1.25,"weight": 10,"blendMode": "Average","triggeredBy": { "onControls": [ "dead" ] }},
			{"code": "idle","animation": "Idle","blendMode": "AddAverage","easeOutSpeed": 4,"triggeredBy": { "defaultAnim": true }},
			{"code": "sleep","animation": "Sleep","easeInSpeed": 4,"easeOutSpeed": 4,"blendMode": "Average"},
			{"code": "sit","animation": "Sit","easeInSpeed": 4,"easeOutSpeed": 4,"blendMode": "Average"},
			{"code": "lie","animation": "Lie","easeInSpeed": 4,"easeOutSpeed": 4,"blendMode": "Average"},
			{"code": "swim","animation": "Swim","supressDefaultAnimation": true,"blendMode": "Average"},
			{"code": "walk","animation": "Walk","supressDefaultAnimation": true,"blendMode": "AddAverage"},
			{"code": "trot","animation": "Trot","supressDefaultAnimation": true,"blendMode": "AddAverage"},
			{"code": "canter","animation": "Canter","supressDefaultAnimation": true,"blendMode": "AddAverage"},
			{"code": "gallop","animation": "Gallop","supressDefaultAnimation": true,"blendMode": "AddAverage"}
		]
	},
	"server": {
		"attributes": {
			"pathfinder": {
				"minTurnAnglePerSec": 90,
				"maxTurnAnglePerSec": 270
			}
		},
		"behaviors": [
			{ "code": "repulseagents" },
			{"code": "controlledphysics","stepHeight": 1.1251},
			{"code": "despawn","minPlayerDistance": 8,"belowLightLevel": 8,"minSeconds": 300},
			{"code": "health",
				"maxhealthByType": {
				"*-atelocynus-microtis": 3,
				"*-cerdocyon-thous": 2,
				"*-chrysocyon-brachyurus": 4,
				"*-dusicyon-australis": 3,
				"*-dusicyon-avus": 4,
				"*-lycalopex-culpaeus": 3,
				"*-lycalopex-fulvipes": 2,
				"*-lycalopex-griseus": 2,
				"*-lycalopex-gymnocercus": 2,
				"*-lycalopex-sechurae": 2,
				"*-lycalopex-vetulus": 2,
				"*-speothos-pacivorus": 4,
				"*-speothos-venaticus": 3
				}
			},
			{"code": "deaddecay",
				"hoursToDecay": 96,
				"decayedBlockByType": {
				"*": "carcass-tiny"
				}
			},
			{"code": "floatupwhenstuck","onlyWhenDead": true},
			{"code": "harvestable",
				"quantitySlots": 8,
				"drops": [
					{
						"type": "item",
						"code": "game:bushmeat-raw",
						"quantityByType": {
							"*-chrysocyon-brachyurus": {"avg": 1,"var": 0.3},
							"*-dusicyon-australis": {"avg": 1,"var": 0.3},
							"*-dusicyon-avus": {"avg": 1,"var": 0.3},
							"*-speothos-pacivorus": {"avg": 1,"var": 0.3}
						}
					},
					{
						"type": "item",
						"code": "caninae:pelt-cerdocyonina-baby-{genus}-{species}",
						"quantityByType": {
							"*": {"avg": 1.0,"var": 0.0}
						}
					}
				]
			},
			{"code": "breathe" },
			{"code": "emotionstates",
				"states": [
					{"code": "fleeondamage","duration": 120,
						"chanceByType": {
							"*-cerdocyonina-*": 0.99
						},
						"slot": 2,"priority": 5,"accumType": "max","whenHealthRelBelow": 0.99},
					{"code": "fleeondamage","duration": 60,"chance": 1,"slot": 2,"priority": 1,"accumType": "max"},
					{"code": "alarmherdondamage","chance": 1,"slot": 1,"priority": 1,"accumType": "max"},
					{"code": "saturated","duration": 2400,"chance": 1,"slot": 0,"priority": 1,"accumType": "sum"}
				]
			},
			{"code": "grow",
				"hoursToGrowByType": {
					"*-atelocynus-microtis": 525,
					"*-cerdocyon-thous": 131,
					"*-chrysocyon-brachyurus": 175,
					"*-dusicyon-australis": 175,
					"*-dusicyon-avus": 175,
					"*-lycalopex-culpaeus": 175,
					"*-lycalopex-fulvipes": 175,
					"*-lycalopex-griseus": 175,
					"*-lycalopex-gymnocercus": 175,
					"*-lycalopex-sechurae": 175,
					"*-lycalopex-vetulus": 175,
					"*-speothos-pacivorus": 175,
					"*-speothos-venaticus": 175
				},
				"adultEntityCodes": [ "caninae:caninae-cerdocyonina-adult-{gender}-{genus}-{species}" ]
			},
			{
				"code": "taskai",
				"aitasks": [
					{
						"code": "fleeentity",
						"entityCodesByType": {
							"*":[ "player", "wolf-*", "bear-*", "fox-*", "hyena-*", "pig-*", "caninae-canina-adult-*", "caninae-urocyonini-adult-*", "caninae-vulpini-adult-*","casuariidae-adult-*", "hyaenidae-adult-*", "machairodontinae-adult-*", "pantherinae-neofelis-adult-*","pantherinae-panthera-adult-*","suidae-adult-*","suidae-elder-*","ursidae-adult-*"  ]
						},
						"priority": 3.81,
						"movespeedByType": {"*-atelocynus-microtis": 0.01,"*-cerdocyon-thous": 0.01,"*-chrysocyon-brachyurus":0.02,"*-dusicyon-australis":0.015,"*-dusicyon-avus":0.016,"*-lycalopex-culpaeus":0.015,"*-lycalopex-fulvipes":0.01,"*-lycalopex-griseus":0.012,"*-lycalopex-gymnocercus":0.012,"*-lycalopex-sechurae":0.012,"*-lycalopex-vetulus":0.01,"*-speothos-pacivorus":0.024,"*-speothos-venaticus":0.012},
						"seekingRange": 12,
						"animation": "Gallop",
						"soundByType": {"*":"caninae:creature/speothos/venaticus-hurt"},
						"animationSpeed": 2
					},
					{
						"code": "fleeentity",
						"entityCodesByType": {
							"*": [ "player", "bear-*","deer-*","goat-*","gazelle-*","moose-*", "pig-*","sheep-*", "wolf-*", "antilopinae-*", "caprinae-*", "caninae-canina-*", "caninae-vulpini-*", "caninae-urocyonini-*","casuariidae-adult-*", "cervidae-*","machairodontinae-*", "pantherinae-*","procyonidae-*","suidae-*","ursidae-*" ]
						},
						"priority": 3.83,
						"movespeedByType": {"*-atelocynus-microtis": 0.01,"*-cerdocyon-thous": 0.01,"*-chrysocyon-brachyurus":0.02,"*-dusicyon-australis":0.015,"*-dusicyon-avus":0.016,"*-lycalopex-culpaeus":0.015,"*-lycalopex-fulvipes":0.01,"*-lycalopex-griseus":0.012,"*-lycalopex-gymnocercus":0.012,"*-lycalopex-sechurae":0.012,"*-lycalopex-vetulus":0.01,"*-speothos-pacivorus":0.024,"*-speothos-venaticus":0.012},
						"seekingRange": 25,
						"animation": "Canter",
						"animationSpeed": 2.0,
						"soundByType": {"*":"caninae:creature/speothos/venaticus-hurt"},
						"whenInEmotionState": "fleeondamage"
					},
					{
						"code": "fleeentity",
						"entityCodesByType": {
							"*":[ "wolf-*", "bear-*", "deer-*", "fox-*", "goat-*", "hyena-*", "moose-*", "pig-*","caninae-canina-adult-*", "caninae-uroconini-adult-*", "caninae-vulpini-adult-*","casuariidae-adult-*","hyaenidae-adult-*","machairodontinae-*", "pantherinae-neofelis-adult-*","pantherinae-panthera-adult-*","suidae-adult-*","suidae-elder-*","ursidae-adult-*"  ]
						},
						"priority": 3.8,
						"movespeedByType": {"*-atelocynus-microtis": 0.005,"*-cerdocyon-thous": 0.005,"*-chrysocyon-brachyurus":0.01,"*-dusicyon-australis":0.0075,"*-dusicyon-avus":0.0085,"*-lycalopex-culpaeus":0.0075,"*-lycalopex-fulvipes":0.005,"*-lycalopex-griseus":0.006,"*-lycalopex-gymnocercus":0.006,"*-lycalopex-sechurae":0.006,"*-lycalopex-vetulus":0.005,"*-speothos-pacivorus":0.012,"*-speothos-venaticus":0.006},
						"seekingRange": 25,
						"animation": "Trot",
						"animationSpeed": 2.0,
						"whenNotInEmotionState": "aggressiveondamage"
					},
					{
						"code": "getoutofwater",
						"priority": 1.8,
						"priorityForCancel": 1.85,
						"movespeedByType": {"*-atelocynus-microtis": 0.006,"*-cerdocyon-thous": 0.006,"*-chrysocyon-brachyurus":0.012,"*-dusicyon-australis":0.009,"*-dusicyon-avus":0.01,"*-lycalopex-culpaeus":0.009,"*-lycalopex-fulvipes":0.006,"*-lycalopex-griseus":0.0072,"*-lycalopex-gymnocercus":0.0072,"*-lycalopex-sechurae":0.0072,"*-lycalopex-vetulus":0.006,"*-speothos-pacivorus":0.014,"*-speothos-venaticus":0.0072},
						"animation": "Swim",
						"animationSpeed": 1
					},
					{
						"code": "stayclosetoentity",
						"priority": 1.4,
						"entityCodeByType": {
							"*-cerdocyonina-*":"*-cerdocyonina-adult-female-*"
						},
						"chance": 0.1,
						"movespeedByType": {"*-atelocynus-microtis": 0.0015,"*-cerdocyon-thous": 0.0015,"*-chrysocyon-brachyurus":0.003,"*-dusicyon-australis":0.00225,"*-dusicyon-avus":0.0025,"*-lycalopex-culpaeus":0.00225,"*-lycalopex-fulvipes":0.0015,"*-lycalopex-griseus":0.0018,"*-lycalopex-gymnocercus":0.0018,"*-lycalopex-sechurae":0.0018,"*-lycalopex-vetulus":0.0015,"*-speothos-pacivorus":0.0036,"*-speothos-venaticus":0.0018},
						"maxDistance": 4,
						"searchRange": 25,
						"animation": "Trot",
						"animationSpeed": 2,
						"stopOnHurt": true,
						"soundByType": {"*":"caninae:creature/vulpes/whimper"}
					},
					{
						"code": "idle",
						"priority": 1.3,
						"minduration": 200000,
						"maxduration": 800000,
						"mincooldown": 10000,
						"maxcooldown": 30000,
						"animation": "Sleep",
						"animationSpeed": 0.3,
						"whenNotInEmotionState": "aggressiveondamage",
						"duringDayTimeFramesByType": {
							"*-atelocynus-microtis":[{"fromHour": 11,"toHour": 14},{"fromHour": 16,"toHour": 18}],
							"*-cerdocyon-thous":[{"fromHour": 8,"toHour": 18}],
							"*-chrysocyon-brachyurus":[{"fromHour": 11,"toHour": 19},{"fromHour": 23,"toHour": 24},{"fromHour": 0,"toHour": 7}],
							"*-dusicyon-australis":[{"fromHour": 18,"toHour": 24},{"fromHour": 0,"toHour": 6}],
							"*-dusicyon-avus":[{"fromHour": 11,"toHour": 19},{"fromHour": 23,"toHour": 24},{"fromHour": 0,"toHour": 7}],
							"*-lycalopex-culpaeus":[{"fromHour": 11,"toHour": 18}],
							"*-lycalopex-fulvipes":[{"fromHour": 7,"toHour": 18},{"fromHour": 21,"toHour": 24},{"fromHour": 0,"toHour": 4}],
							"*-lycalopex-griseus":[{"fromHour": 11,"toHour": 18}],
							"*-lycalopex-gymnocercus":[{"fromHour": 11,"toHour": 18}],
							"*-lycalopex-sechurae":[{"fromHour": 7,"toHour": 18}],
							"*-lycalopex-vetulus":[{"fromHour": 8,"toHour": 18}],
							"*-speothos-pacivorus":[{"fromHour": 18,"toHour": 24},{"fromHour": 0,"toHour": 6}],
							"*-speothos-venaticus":[{"fromHour": 18,"toHour": 24},{"fromHour": 0,"toHour": 6}]},
						"stopOnNearbyEntityCodes": [ "player" ],
						"stopRange": 6,
						"stopOnHurt": true
					},
					{
						"code": "idle",
						"priority": 1.0,
						"priorityForCancel": 1.35,
						"minduration": 4667,
						"maxduration": 4667,
						"chance": 0.02,
						"mincooldown": 8000,
						"maxcooldown": 50000,
						"animation": "Yip",
						"animationSpeed": 1.0,
						"soundByType": {},
						"soundRangeByType": {"*-cerdocyonina-*": 25},
						"stopOnHurt": true
					},
					{
						"code": "wander",
						"priority": 1.0,
						"priorityForCancel": 1.35,
						"chance": 0.5,
						"movespeedByType": {"*-atelocynus-microtis": 0.0015,"*-cerdocyon-thous": 0.0015,"*-chrysocyon-brachyurus":0.003,"*-dusicyon-australis":0.00225,"*-dusicyon-avus":0.0025,"*-lycalopex-culpaeus":0.00225,"*-lycalopex-fulvipes":0.0015,"*-lycalopex-griseus":0.0018,"*-lycalopex-gymnocercus":0.0018,"*-lycalopex-sechurae":0.0018,"*-lycalopex-vetulus":0.0015,"*-speothos-pacivorus":0.0036,"*-speothos-venaticus":0.0018},
						"animationSpeedByType": {"*": 2},
						"animation": "Trot",
						"preferredLightLevel": 8,
						"stopOnHurt": true
					},
					{
						"code": "wander",
						"priority": 1.0,
						"priorityForCancel": 1.35,
						"chance": 0.25,
						"movespeedByType": {"*-atelocynus-microtis": 0.000625,"*-cerdocyon-thous": 0.000625,"*-chrysocyon-brachyurus":0.00125,"*-dusicyon-australis":0.0009,"*-dusicyon-avus":0.001,"*-lycalopex-culpaeus":0.0009,"*-lycalopex-fulvipes":0.000625,"*-lycalopex-griseus":0.00072,"*-lycalopex-gymnocercus":0.00072,"*-lycalopex-sechurae":0.00072,"*-lycalopex-vetulus":0.000625,"*-speothos-pacivorus":0.0014,"*-speothos-venaticus":0.00072},
						"animationSpeedByType": {"*": 1},
						"animation": "Walk",
						"preferredLightLevel": 8,
						"stopOnHurt": true
					},
					{
						"code": "idle",
						"priority": 0.9,
						"minduration": 6000,
						"maxduration": 45000,
						"mincooldown": 6000,
						"maxcooldown": 120000,
						"priorityForCancel": 1.28,
						"stopOnNearbyEntityCodes": [ "player", "bear-*","wolf-*","pig-*","caninae-canina-*","caninae-vulpini-*", "caninae-urocyonini-*","machairodontinae-*",  "pantherinae-*","suidae-*","ursidae-*" ],
						"stopRange": 10,
						"stopOnHurt": true,
						"animation": "Lie"
					},
					{
						"code": "idle",
						"priority": 0.9,
						"minduration": 6000,
						"maxduration": 45000,
						"mincooldown": 6000,
						"maxcooldown": 120000,
						"priorityForCancel": 1.28,
						"stopOnNearbyEntityCodes": [ "player", "bear-*","wolf-*","pig-*","caninae-canina-*","caninae-vulpini-*", "caninae-urocyonini-*","machairodontinae-*", "pantherinae-*","suidae-*","ursidae-*" ],
						"stopRange": 10,
						"stopOnHurt": true,
						"animation": "Sit"
					},
					{
						"code": "seekfoodandeat",
						"priority": 1.34,
						"movespeedByType": {"*-atelocynus-microtis": 0.000625,"*-cerdocyon-thous": 0.000625,"*-chrysocyon-brachyurus":0.00125,"*-dusicyon-australis":0.0009,"*-dusicyon-avus":0.001,"*-lycalopex-culpaeus":0.0009,"*-lycalopex-fulvipes":0.000625,"*-lycalopex-griseus":0.00072,"*-lycalopex-gymnocercus":0.00072,"*-lycalopex-sechurae":0.00072,"*-lycalopex-vetulus":0.000625,"*-speothos-pacivorus":0.0014,"*-speothos-venaticus":0.00072},
						"animationSpeed": 0.95,
						"eatTime": 2,
						"eatItemCategories": [ "protein","fruit" ],
						"animation": "Walk",
						"eatAnimation": "Eat"
					},
					{
						"code": "lookaround",
						"priority": 0.5
					}
				]
			},
			{"code": "ropetieable","minGeneration": 2},
			{"code": "pettable","minGeneration": 1}],
		"spawnconditions": {
			"runtime": {
				"group": "neutral",
				"maxQuantity": 1,
				"spawnCapPlayerScaling": 0.01,
				"maxQuantityByGroup": {"code": "caninae-cerdocyonina-*","maxQuantity": 4},
				"tryOnlySurface": true,
				"chanceByType": {"*": 0.0}
			}
		}
	},
	"soundsByType": {
"*-cerdocyonina-*":{"hurt": "caninae:creature/vulpes/baby-hurt","death": "game:creature/wolf/pup-flop","idle": "caninae:creature/nyctereutes/sniff"}
	},
	"idleSoundChance": 0.05
}