{
	"code": "pelt",
		"behaviors": [
		{ "name": "GroundStorable", "properties": { "layout": "SingleCenter"}}
	],
  "variantgroups": [
    {"code": "tribe","states": [ "canina","cerdocyonina","urocyonini","vulpini" ]},
    {"code": "type","states": [ "baby","female","male" ]},
    {"code": "genus","states": [ "aenocyon","canis","cuon","cynotherium","lupulella","lycaon","atelocynus","cerdocyon","chrysocyon","dusicyon","lycalopex","speothos","urocyon","nyctereutes","otocyon","vulpes" ]},
    {"code": "species","states": [ "dirus","aureus","familiaris","latrans","lupastor","lupus","lupusarctos","lupusdingo","lycaon","rufus","simensis","alpinus","sardous","adusta","mesomelas","pictus","microtis","thous","brachyurus","australis","avus","culpaeus","fulvipes","griseus","gymnocercus","sechurae","vetulus","pacivorus","venaticus","cinereoargenteus","littoralis","procyonoides","viverrinus","megalotis","bengalensis","cana","chama","corsac","ferrilata","lagopus","macrotis","pallida","rueppellii","velox","vulpes","zerda" ]},
    ],
	"allowedVariants": [
		"*-canina-*-aenocyon-dirus",
		"*-canina-*-canis-aureus",
		"*-canina-*-canis-familiaris",
		"*-canina-*-canis-latrans",
		"*-canina-*-canis-lupastor",
		"*-canina-*-canis-lupus",
		"*-canina-*-canis-lupusarctos",
		"*-canina-*-canis-lupusdingo",
		"*-canina-*-canis-lycaon",
		"*-canina-*-canis-rufus",
		"*-canina-*-canis-simensis",
		"*-canina-*-cuon-alpinus",
		"*-canina-*-cynotherium-sardous",
		"*-canina-*-lupulella-adusta",
		"*-canina-*-lupulella-mesomelas",
		"*-canina-*-lycaon-pictus",
		"*-cerdocyonina-*-atelocynus-microtis",
		"*-cerdocyonina-*-cerdocyon-thous",
		"*-cerdocyonina-*-chrysocyon-brachyurus",
		"*-cerdocyonina-*-dusicyon-australis",
		"*-cerdocyonina-*-dusicyon-avus",
		"*-cerdocyonina-*-lycalopex-culpaeus",
		"*-cerdocyonina-*-lycalopex-fulvipes",
		"*-cerdocyonina-*-lycalopex-griseus",
		"*-cerdocyonina-*-lycalopex-gymnocercus",
		"*-cerdocyonina-*-lycalopex-sechurae",
		"*-cerdocyonina-*-lycalopex-vetulus",
		"*-cerdocyonina-*-speothos-pacivorus",
		"*-cerdocyonina-*-speothos-venaticus",
		"*-urocyonini-*-urocyon-cinereoargenteus",
		"*-urocyonini-*-urocyon-littoralis",
		"*-vulpini-*-nyctereutes-procyonoides",
		"*-vulpini-*-nyctereutes-viverrinus",
		"*-vulpini-*-otocyon-megalotis",
		"*-vulpini-*-vulpes-bengalensis",
		"*-vulpini-*-vulpes-cana",
		"*-vulpini-*-vulpes-chama",
		"*-vulpini-*-vulpes-corsac",
		"*-vulpini-*-vulpes-ferrilata",
		"*-vulpini-*-vulpes-lagopus",
		"*-vulpini-*-vulpes-macrotis",
		"*-vulpini-*-vulpes-pallida",
		"*-vulpini-*-vulpes-rueppellii",
		"*-vulpini-*-vulpes-velox",
		"*-vulpini-*-vulpes-vulpes",
		"*-vulpini-*-vulpes-zerda"
	],
  "shapebytype": {
    "*": {
      "base": "item/{tribe}/floorpelt-{species}-{type}"
    }
  },
  "texturesByType": {
    "*-baby-canis-familiaris": {"skin": {"base": "entity/canis/latrans-baby"},"bottom": {"base": "game:block/leather/plain"}},
    "*-baby-canis-lupastor": {"skin": {"base": "entity/canis/aureus-baby"},"bottom": {"base": "game:block/leather/plain"}},
    "*-baby-canis-lupus": {"skin": {"base": "entity/canis/latrans-baby"},"bottom": {"base": "game:block/leather/plain"}},
    "*-baby-canis-lycaon": {"skin": {"base": "entity/canis/latrans-baby"},"bottom": {"base": "game:block/leather/plain"}},
    "*-baby-canis-rufus": {"skin": {"base": "entity/canis/latrans-baby"},"bottom": {"base": "game:block/leather/plain"}},
    "*-baby-cuon-alpinus": {"skin": {"base": "entity/canis/simensis-baby"},"bottom": {"base": "game:block/leather/plain"}},
    "*-baby-cynotherium-sardous": {"skin": {"base": "entity/canis/lupusdingo-baby"},"bottom": {"base": "game:block/leather/plain"}},
    "*-baby-lupulella-*": {"skin": {"base": "entity/aenocyon/dirus-baby"},"bottom": {"base": "game:block/leather/plain"}},
    "*-baby-dusicyon-avus": {"skin": {"base": "entity/dusicyon/australis-baby"},"bottom": {"base": "game:block/leather/plain"}},
    "*-baby-lycalopex-griseus": {"skin": {"base": "entity/vulpes/corsac-baby"},"bottom": {"base": "game:block/leather/plain"}},
    "*-baby-lycalopex-gymnocercus": {"skin": {"base": "entity/vulpes/pallida-baby"},"bottom": {"base": "game:block/leather/plain"}},
    "*-baby-lycalopex-sechurae": {"skin": {"base": "entity/vulpes/macrotis-baby"},"bottom": {"base": "game:block/leather/plain"}},
    "*-baby-lycalopex-vetulus": {"skin": {"base": "entity/vulpes/macrotis-baby"},"bottom": {"base": "game:block/leather/plain"}},
    "*-baby-speothos-pacivorus": {"skin": {"base": "entity/speothos/venaticus-baby"},"bottom": {"base": "game:block/leather/plain"}},
    "*-baby-nyctereutes-viverrinus": {"skin": {"base": "entity/nyctereutes/procyonoides-baby"},"bottom": {"base": "game:block/leather/plain"}},
    "*-baby-vulpes-cana": {"skin": {"base": "entity/vulpes/bengalensis-baby"},"bottom": {"base": "game:block/leather/plain"}},
    "*-baby-vulpes-ferrilata": {"skin": {"base": "entity/vulpes/macrotis-baby"},"bottom": {"base": "game:block/leather/plain"}},
    "*-baby-vulpes-rueppellii": {"skin": {"base": "entity/vulpes/pallida-baby"},"bottom": {"base": "game:block/leather/plain"}},
    "*-baby-vulpes-velox": {"skin": {"base": "entity/vulpes/corsac-baby"},"bottom": {"base": "game:block/leather/plain"}},
    "*-baby-urocyon-littoralis": {"skin": {"base": "entity/urocyon/cinereoargenteus-baby"},"bottom": {"base": "game:block/leather/plain"}},
    "*-baby-*": {"skin": {"base": "entity/{genus}/{species}-baby"},"bottom": {"base": "game:block/leather/plain"}},
    "*": {"skin": {"base": "entity/{genus}/{species}-adult"},"bottom": {"base": "game:block/leather/plain"}}
  },
	"creativeinventory": { "general": ["*"], "items": ["*"] },
	"maxstacksize": 64,
	"attributes": {
		"handbook": {"groupBy": ["floorpelt-*"]},
		"displaycaseable": false, 
		"shelvable": false,
		"onDisplayTransform": {
			"translation": { "x": 0, "y": -0.05, "z": 0.0 },
			"rotation": { "x": 0, "y": -45, "z": 0 },
			"origin": { "x": 0.5, "y": 0.5, "z": 0.5 },
			"scale": 1.0
		},
		"groundStorageTransform": {
			"translation": { "x": 0, "y": 0.0, "z": -0.0 },
			"rotation": { "x": 0, "y": 90, "z": 0 },
			"scale": 1.00
		}
	},
  "sounds": {
    "walk": "game:walk/cloth"
  },
	"materialDensity": 500,
	"heldTpHitAnimation": "breaktool",
	"fpHandTransform": {
		"translation": { "x": 0, "y": -0.5, "z": -1.5 },
		"rotation": { "x": 180, "y": 0, "z": 90 },
		"scale": 1
	},
	"guiTransformByType": {
    "*": {"translation": {"x": 0,"y": 1,"z": 0},"rotation": {"x": 0,"y": 145,"z": 90},"origin": {"x": 0.5,"y": 0.1,"z": 0.5},"scale": 2.5}
	},
	"tpHandTransform": {
		"translation": { "x": -0.55, "y": -0.10, "z": -0.45},
		"rotation": { "x": -90, "y": 90, "z": 0 },
		"origin": { "x": 0.5, "y": 0.0, "z": 0.5 },
		"scale": 1.0
	},

		"groundTransform": {
		"translation": { "x": 0, "y": 0, "z": 0 },
		"rotation": { "x": 0, "y": 0, "z": 0 },
		"origin": { "x": 0.5, "y": 0.0, "z": 0.5299 },
		"scale": 1
	}
	

}