[
  {
    "op": "remove",
    "path": "/drops",
    "file": "game:entities/land/drifter.json",
    "side": "Server"
  },
  {
    "op": "add",
    "path": "/dropsByType",
    "value": {
      "*-normal": [
        {
          "type": "item",
          "code": "gear-temporal",
          "quantity": {
            "avg": 0.02666,
            "var": 0
          }
        },
        {
          "type": "item",
          "code": "flaxfibers",
          "quantity": {
            "avg": 0.2,
            "var": 0
          }
        },
        {
          "type": "item",
          "code": "gear-rusty",
          "dropModbyStat": "rustyGearDropRate",
          "quantity": {
            "avg": 0.01,
            "var": 0
          }
        }
      ],
      "*-deep": [
        {
          "type": "item",
          "code": "gear-temporal",
          "quantity": {
            "avg": 0.033325,
            "var": 0
          }
        },
        {
          "type": "item",
          "code": "gear-rusty",
          "dropModbyStat": "rustyGearDropRate",
          "quantity": {
            "avg": 0.03,
            "var": 0
          }
        },
        {
          "type": "item",
          "code": "flaxfibers",
          "quantity": {
            "avg": 0.4,
            "var": 0
          }
        }
      ],
      "*-tainted": [
        {
          "type": "item",
          "code": "gear-temporal",
          "quantity": {
            "avg": 0.03999,
            "var": 0
          }
        },
        {
          "type": "item",
          "code": "gear-rusty",
          "dropModbyStat": "rustyGearDropRate",
          "quantity": {
            "avg": 0.07,
            "var": 0
          }
        },
        {
          "type": "item",
          "code": "flaxfibers",
          "quantity": {
            "avg": 0.6,
            "var": 0
          }
        }
      ],
      "*-corrupt": [
        {
          "type": "item",
          "code": "gear-temporal",
          "quantity": {
            "avg": 0.046655,
            "var": 0
          }
        },
        {
          "type": "item",
          "code": "gear-rusty",
          "dropModbyStat": "rustyGearDropRate",
          "quantity": {
            "avg": 0.1,
            "var": 0
          }
        },
        {
          "type": "item",
          "code": "flaxfibers",
          "quantity": {
            "avg": 0.8,
            "var": 0
          }
        }
      ],
      "*-nightmare": [
        {
          "type": "item",
          "code": "gear-temporal",
          "quantity": {
            "avg": 0.05332,
            "var": 0
          }
        },
        {
          "type": "item",
          "code": "gear-rusty",
          "dropModbyStat": "rustyGearDropRate",
          "quantity": {
            "avg": 0.2,
            "var": 0
          }
        },
        {
          "type": "item",
          "code": "flaxfibers",
          "quantity": {
            "avg": 1,
            "var": 0
          }
        }
      ],
      "*-double-headed": [
        {
          "type": "item",
          "code": "gear-temporal",
          "quantity": {
            "avg": 1,
            "var": 0.4
          }
        },
        {
          "type": "item",
          "code": "gear-rusty",
          "dropModbyStat": "rustyGearDropRate",
          "quantity": {
            "avg": 5,
            "var": 2.5
          }
        },
        {
          "type": "item",
          "code": "flaxfibers",
          "quantity": {
            "avg": 2,
            "var": 0
          }
        },
        {
          "type": "item",
          "code": "stackrandomizer-alljonas",
          "quantity": {
            "avg": 0.4,
            "var": 0
          }
        }
      ]
    },
    "file": "game:entities/land/drifter.json",
    "side": "Server"
  },
  {
    "op": "remove",
    "path": "/server/behaviors/9/dropsByType",
    "file": "game:entities/land/drifter.json",
    "side": "Server"
  },
  {
    "op": "add",
    "path": "/server/behaviors/9/drops",
    "value": [
      {
        "type": "item",
        "code": "stone-granite",
        "quantity": {
          "avg": 0,
          "var": 0
        }
      }
    ],
    "file": "game:entities/land/drifter.json",
    "side": "Server"
  }
]