{
	"code": "bullet",
	"class": "EntityProjectile",
	"variantgroups": [
		{ "code": "material", "states": ["lead" ] }
	],

	"hitboxSize": { "x": 0.125, "y": 0.125 },
	"client": {
		"size": 1,
		"renderer": "Shape",
		"shapeByType": {
			"*": { "base": "game:entity/bullet" }
		},
		"texturesByType": {
			"*": {
				"material": { "base": "game:block/metal/ingot/{material}" }
			}
		},
		"behaviors": [
			{ "code": "passivephysics",
				"groundDragFactor": 1,
				"airDragFactor": 0.05,
				"gravityFactor": 0.75
			}, 
			{ "code": "interpolateposition" }
		]
	},
	"server": {
		"behaviors": [
			{ 
				"code": "passivephysics",
				"groundDragFactor": 1,
				"airDragFactor": 0.05,
				"gravityFactor": 0.75
			}, 
			{ "code": "despawn", "minSeconds": 600 }
		]
	}
}