{"GameVersion":"1.18.6","SizeX":1,"SizeY":5,"SizeZ":1,"BlockCodes":{"402":"game:bonyremains-ribcage","8613":"game:meta-underground","2621":"game:bonysoil","8109":"game:chest-east","8606":"game:clutter"},"ItemCodes":{"343":"game:bone","275":"game:stackrandomizer-resource","3080":"game:stackrandomizer-ruinedweapon","261":"game:stackrandomizer-accessory-lowstatus","258":"game:stackrandomizer-cloth-lowstatus","260":"game:stackrandomizer-cloth-highstatus","3641":"game:stackrandomizer-newlore"},"Indices":[0,1048576,2097152,3145728,4194304],"BlockIds":[8613,2621,8109,8613,8606],"DecorIndices":[],"DecorIds":[],"BlockEntities":{"2097152":"!<d@[F*REI#64c-E,TfC\"TSN&!<d@[F*^I\"#64o6@VfsmCI<#NAI;p\\ATMrFARTY%\"po!]G%GQ5DfU+(#'\"^#Dfg%+!!!!'\"`nKuFE7Zf0E;+R!!$($!!!*$!!!!(!AOQT!!!!4!<<*#!!!!%$Zp</@;J;E@;]Rd!!%O5!!`N[z!0R?_!!*'\"!!!6)1B7FU!!!95!!!$\"!!!!(!AjcW!!!!&!<<*#z#6?[^!<<*\"!W`9$!<<*\"!!`N_!!*'\"!!E<&!!*'\"!!!6)2ZNjY!!#\"h!!!$\"z!!NdCDfS0\\De!QMDe*Dd@q]FpF=h'4F*%QgFEqh:$=e!jCgh:(ARmLu$#O6pBL-NKCh3SH!!!!","4194304":"!<d@[F*REI#64c-E,TfC#64`(!<d@[F*^I\"#64o6@VfsmCI<#NAHu^]F`__:EWlSfH#R='B6%F(ATMs3DIkCU\":&scFCB9&=9&=$!!EUFATMNNDJ*csjNEk)\":&scFCB9&=o\\O&!!rsADes6$@ru9m!!!"},"Entities":[],"ReplaceMode":2,"EntranceRotation":-1}