{"GameVersion":"1.18.15","SizeX":3,"SizeY":10,"SizeZ":10,"BlockCodes":{"4147":"game:drystone-mixed","11652":"game:metalblock-corroded-plain-cupronickel","11654":"game:metalblock-corroded-riveted-cupronickel","2662":"game:muddygravel","9376":"game:metalblock-new-riveted-uranium","1326":"game:metalblock-new-plain-gold","317":"game:creativeblock-64","9338":"game:metalblock-corroded-riveted-copper","1325":"game:metalblock-new-plain-copper","456":"game:chiseledblock","2685":"game:soil-medium-normal","9336":"game:metalblock-corroded-plain-copper","1179":"game:water-still-7","9295":"game:jonas-lamp"},"ItemCodes":{},"Indices":[0,1024,2048,3072,4096,5120,6144,7168,8192,9216,1048576,1049600,1050624,1051648,1052672,1053696,1054720,1055744,1056768,1057792,2097152,2098176,2099200,3145728,3146752,3147776,4194304,4195328,4196352,5242880,5243904,5244928,6291456,6292480,6293504,7340032,7341056,7342080,8388608,8389632,8390656,1,1025,2049,3073,4097,5121,6145,7169,8193,9217,1048577,1049601,1050625,1051649,1052673,1053697,1054721,1055745,1056769,1057793,2097153,2098177,2099201,3145729,3146753,3147777,4194305,4195329,4196353,5242881,5243905,5244929,6291457,6292481,6293505,7340033,7341057,7342081,8388609,8389633,8390657,9438209,2,1026,2050,3074,4098,5122,6146,7170,8194,9218,1048578,1049602,1050626,1051650,1052674,1053698,1054722,1055746,1056770,1057794,2097154,2098178,2099202,3145730,3146754,3147778,4194306,4195330,4196354,5242882,5243906,5244930,6291458,6292482,6293506,7340034,7341058,7342082,8388610,8389634,8390658],"BlockIds":[4147,4147,4147,4147,4147,4147,4147,4147,4147,4147,4147,4147,456,456,456,456,456,456,456,456,456,456,456,456,456,456,456,456,456,456,456,456,456,456,456,456,456,456,456,456,456,4147,2685,2662,2662,2662,2662,2662,2662,2662,4147,4147,9336,1179,1179,1179,1179,1179,1179,1179,456,456,456,456,456,456,456,456,456,456,456,456,456,456,456,456,456,456,456,456,456,456,9295,4147,4147,4147,4147,4147,4147,4147,4147,4147,4147,4147,4147,456,456,456,456,456,456,456,456,456,456,456,456,456,456,456,456,456,456,456,456,456,456,456,456,456,456,456,456,456],"DecorIndices":[],"DecorIds":[],"BlockEntities":{"1050624":"!<d@[F*OOs#64c-E,TfC!rr<$!<d@[F*\\qT#64o6@VfsmCI<#NAIW-_Bldj%ARo7dDe!Pj$#O*mATDKnCi]XX!!\"ed!!%[(!!!$*Ec6&.FD5Z2!2'Jq$O:0a@W,skEruCB!!)Nf!<;Qg!V#%I!!ipCD/\")jBk1d@DZKi&#RPQdA7\\\\XCh[D\\!'^`\"F(o/r6#:CVF*(?!Ch[D\\!'^Vn@VfsmCJJ;TAIhLLG\\(D.A9)r<F*)><AIB;_G%#*$9jr-TEbSru;0?;bFD5i2ATInQ!!!!1!!!!1!!!!","1051648":"!<d@[F*OOs#64c-E,TfC!rr<$!<d@[F*\\tU#64o6@VfsmCI<#NAIW-_Bldj%ARo7dDe!Pj$#O*mATDKnCi]XX!!\"ed!!%[(!!!$*Ec6&.FD5Z2!2'Jq$O:0a@W,skEruCB!!)Nf!<;Qg!V#%I!!ipCD/\")jBk1d@DZKi&#RPQdA7\\\\XCh[D\\!'^`\"F(o/r6#:CVF*(?!Ch[D\\!'^Vn@VfsmCJJ;TAIhLLG\\(D.A9)r<F*)><AIB;_G%#*$9jr-TEbSru;0?;bFD5i2ATInQ!!!!1!!!!1!!!!","1052672":"!<d@[F*OOs#64c-E,TfC!rr<$!<d@[F*]\"V#64o6@VfsmCI<#NAIW-_Bldj%ARo7dDe!Pj$#O*mATDKnCi]XX!!\"ed!!%[(!!!$*Ec6&.FD5Z2!2'Jq$O:0a@W,skEruCB!!)Nf!<;Qg!V#%I!!ipCD/\")jBk1d@DZKi&#RPQdA7\\\\XCh[D\\!'^`\"F(o/r6#:CVF*(?!Ch[D\\!'^Vn@VfsmCJJ;TAIhLLG\\(D.A9)r<F*)><AIB;_G%#*$9jr-TEbSru;0?;bFD5i2ATInQ!!!!1!!!!1!!!!","1053696":"!<d@[F*OOs#64c-E,TfC!rr<$!<d@[F*]%W#64o6@VfsmCI<#NAIW-_Bldj%ARo7dDe!Pj$#O*mATDKnCi]XX!!\"ed!!%[(!!!$*Ec6&.FD5Z2!2'Jq$O:0a@W,skEruCB!!)Nf!<;Qg!V#%I!!ipCD/\")jBk1d@DZKi&#RPQdA7\\\\XCh[D\\!'^`\"F(o/r6#:CVF*(?!Ch[D\\!'^Vn@VfsmCJJ;TAIhLLG\\(D.A9)r<F*)><AIB;_G%#*$9jr-TEbSru;0?;bFD5i2ATInQ!!!!1!!!!1!!!!","1054720":"!<d@[F*OOs#64c-E,TfC!rr<$!<d@[F*](X#64o6@VfsmCI<#NAIW-_Bldj%ARo7dDe!Pj$#O*mATDKnCi]XX!!\"ed!!%[(!!!$*Ec6&.FD5Z2!2'Jq$O:0a@W,skEruCB!!)Nf!<;Qg!V#%I!!ipCD/\")jBk1d@DZKi&#RPQdA7\\\\XCh[D\\!'^`\"F(o/r6#:CVF*(?!Ch[D\\!'^Vn@VfsmCJJ;TAIhLLG\\(D.A9)r<F*)><AIB;_G%#*$9jr-TEbSru;0?;bFD5i2ATInQ!!!!1!!!!1!!!!","1055744":"!<d@[F*OOs#64c-E,TfC!rr<$!<d@[F*]+Y#64o6@VfsmCI<#NAIW-_Bldj%ARo7dDe!Pj$#O*mATDKnCi]XX!!\"ed!!%[(!!!$*Ec6&.FD5Z2!2'Jq$O:0a@W,skEruCB!!)Nf!<;Qg!V#%I!!ipCD/\")jBk1d@DZKi&#RPQdA7\\\\XCh[D\\!'^`\"F(o/r6#:CVF*(?!Ch[D\\!'^Vn@VfsmCJJ;TAIhLLG\\(D.A9)r<F*)><AIB;_G%#*$9jr-TEbSru;0?;bFD5i2ATInQ!!!!1!!!!1!!!!","1056768":"!<d@[F*OOs#64c-E,TfC!rr<$!<d@[F*].Z#64o6@VfsmCI<#NAIW-_Bldj%ARo7dDe!Pj$#O*mATDKnCi]XX!!\"ed!!%[(!!!$*Ec6&.FD5Z2!2'Jq$O:0a@W,skEruCB!!)Nf!<;Qg!V#%I!!ipCD/\")jBk1d@DZKi&#RPQdA7\\\\XCh[D\\!'^`\"F(o/r6#:CVF*(?!Ch[D\\!'^Vn@VfsmCJJ;TAIhLLG\\(D.A9)r<F*)><AIB;_G%#*$9jr-TEbSru;0?;bFD5i2ATInQ!!!!1!!!!1!!!!","1057792":"!<d@[F*OOs#64c-E,TfC!rr<$!<d@[F*]1[#64o6@VfsmCI<#NAIW-_Bldj%ARo7dDe!Pj$#O*mATDKnCi]XX!!\"ed!!%[(!!!$*Ec6&.FD5Z2!2'Jq$O:0a@W,skEs)IC!!)Nf!:\\qH!<;O!!WV]i!!ipCD/\")jBk1d@DZKi&#RPQdA7\\\\XCh[D\\!'^`\"F(o/r6#:CVF*(?!Ch[D\\!'^Vn@VfsmCJJ;TAIhLLG\\(D.A9)r<F*)><AIB;_G%#*$9jr-TEbSru;0?;bFD5i2ATInQ!!!!1!!!!1!!!!","2097152":"!<d@[F*OOs#64c-E,TfC\"98E%!<d@[F*\\kR#64o6@VfsmCI<#NAIW-_Bldj%ARo7dDe!Pj$#O*mATDKnCi]UW!!\"ed!!!$*Ec6&.FD5Z2!2'Jq$O:0a@W,skF!gqf!!o+B!\"/M+!\"/_q!%Rin!'70e!':)-!\"8_O!#tma!'C%P!'C+r!\"@Fu!$(pQ!%e-B!'L.h!)36b!)3=B!.=XA!0$j!!0$pP!1_32!1a#B!5/<t!6ide!:9X@!:9ab!+#Gu!,_`0!0-s0!1j,c!58F0!6tGt!8[YC!<)rt!&\"&2!1s%d!3YV!!7(WC!+5Pe!3c:3!!ipCD/\")jBk1d@DZKh<#RPQdA7\\\\XCh[D\\!!!98F(o/r6#:CVF*(?!Ch[D\\!!!0/@VfsmCJJ;TAIhLLG\\(D.A9)r<F*)><AIB;_G%#*$9jr-TEbSru;0?;bFD5i2ATIkP!!!!1!!!!","2098176":"!<d@[F*OOs#64c-E,TfC\"98E%!<d@[F*\\nS#64o6@VfsmCI<#NAIW-_Bldj%ARo7dDe!Pj$#O*mATDKnCi]UW!!\"ed!!!$*Ec6&.FD5Z2!2'Jq$O:0a@W,skEuY/[!\"89`!)2l@!)'O5!06Od!0#8A!1_CB!3bl$!3Y5e!)'US!*cce!\"APl!\"64*!'@Z2!'@a_!)*7_!.2B!!,h2u!,K:A!.<&c!,ql4!,^Tf!,TsS!.2HS!06LC!0#5!!/nVe!1i$C!3Z@u!!ipCD/\")jBk1d@DZKi&#RPQdA7\\\\XCh[D\\!'^`\"F(o/r6#:CVF*(?!Ch[D\\!'^Vn@VfsmCJJ;TAIhLLG\\(D.A9)r<F*)><AIB;_G%#*$9jr-TEbSru;0?;bFD5i2ATIkP!!!!1!!!!","2099200":"!<d@[F*OOs#64c-E,TfC\"98E%!<d@[F*\\qT#64o6@VfsmCI<#NAIW-_Bldj%ARo7dDe!Pj$#O*mATDKnCi]UW!!\"ed!!!$*Ec6&.FD5Z2!2'Jq$O:0a@W,skF!(G_!!`!K!!r'/!!or/!%ROs!%QJs!,Bk>!/g7Q!/eWR!1NEq!/p@a!3>W.!5%_.!\"AKb!\"@Fu!3FU1!5.h@!6jpC!6jFU!8R)d!:80!!$1\\t!0-Ou!1hS!!6t$R!\"S[!!,h9R!06Y1!3YlC!5@JU!717!!:TJ3!:TMC!!ipCD/\")jBk1d@DZKh<#RPQdA7\\\\XCh[D\\!!!98F(o/r6#:CVF*(?!Ch[D\\!!!0/@VfsmCJJ;TAIhLLG\\(D.A9)r<F*)><AIB;_G%#*$9jr-TEbSru;0?;bFD5i2ATIkP!!!!1!!!!","3145728":"!<d@[F*OOs#64c-E,TfC\"TSN&!<d@[F*\\kR#64o6@VfsmCI<#NAIW-_Bldj%ARo7dDe!Pj$#O*mATDKnCi]UW!!\"ed!!!$*Ec6&.FD5Z2!2'Jq$O:0a@W,skEuY/[!\"AhS!$)\"+!%e&b!)3@A!*oQs!,VSW!.=b$!.<\\u!3H5\"!\"Jqc!$2!R!$2+0!'U8/!'UAR!+#NA!,_\\c!,_c0!0.$S!8[Rt!<)os!\"T%u!&\"<B!)EI1!)ERd!:KgC!\"]\"C!.Y%C!:Tj2!!ipCD/\")jBk1d@DZKh<#RPQdA7\\\\XCh[D\\!!!98F(o/r6#:CVF*(?!Ch[D\\!!!0/@VfsmCJJ;TAIhLLG\\(D.A9)r<F*)><AIB;_G%#*$9jr-TEbSru;0?;bFD5i2ATIkP!!!!1!!!!","3146752":"!<d@[F*OOs#64c-E,TfC\"TSN&!<d@[F*\\nS#64o6@VfsmCI<#NAIW-_Bldj%ARo7dDe!Pj$Zg3(G@Pc)DeWa'#ljr*rSUHOrq0Uus7&kbmF?XcmcJBeh;$6TXM>/CT)6%uTDGMe$P@#lDfor.;f6Mt6ZljVBk28gzYj_W$_=.F6plGIcpM^*Cp0[k.$#O*mATDKnCi]UW!!\"ed!!!$*Ec6&.FD5Z2!2'Jq$O:0a@W,skF#<pt!3GYs!1iX!!6t(!!6t.0!6t;\"!6tAS!6tK\"!8[?t!8[IC!8[Rt!8[YC!:B7t!:BDS!:BGc!:Bgd!.ODD!.OtH!06Rd!06bf!1s(u!1s2V!3YUf!5@q3!5A\"S!5A(u!5A2T!5A9!!5A?B!7(*T!7(7C!7(:S!7(Md!8d?B!:Kd2!<2Xu!<2_B!<2i0!,q?2!,qo2!.X]T!.XjE!0@#e!0@-C!2&pg!2'\"3!3brC!3c#e!3c0U!5J+e!5J5C!5JB2!5JKe!<;b2!!ipCD/\")jBk1d@DZKh<#RPQdA7\\\\XCh[D\\!!!98F(o/r6#:CVF*(?!Ch[D\\!!!0/@VfsmCJJ;TAIhLLG\\(D.A9)r<F*)><AIB;_G%#*$9jr-TEbSru;0?;bFD5i2ATIkP!!!!1!!!!","3147776":"!<d@[F*OOs#64c-E,TfC\"TSN&!<d@[F*\\qT#64o6@VfsmCI<#NAIW-_Bldj%ARo7dDe!Pj$#O*mATDKnCi]UW!!\"ed!!!$*Ec6&.FD5Z2!2'Jq$O:0a@W,skEuG#Y!\"@d1!%d.c!)2kt!*o(F!,TP8!.<]F!:91b!\"IC3!);H0!+#1R!.Elj!6t'd!:B:u!<)Bt!$:/T!']F!!,ggT!:KD2!:KGB!\"\\Q4!$CbT!'g$!!.XJI!.XT!!0?Xj!3buW!!ipCD/\")jBk1d@DZKh<#RPQdA7\\\\XCh[D\\!!!98F(o/r6#:CVF*(?!Ch[D\\!!!0/@VfsmCJJ;TAIhLLG\\(D.A9)r<F*)><AIB;_G%#*$9jr-TEbSru;0?;bFD5i2ATIkP!!!!1!!!!","4194304":"!<d@[F*OOs#64c-E,TfC\"onW'!<d@[F*\\kR#64o6@VfsmCI<#NAIW-_Bldj%ARo7dDe!Pj$#O*mATDKnCi]XX!!%a*!!$U<!!!$*Ec6&.FD5Z2!2'Jq$O:0a@W,skEt&*L!\"T\"h!=o/$!)E\"V!FG3U!,heu!IjJ#!Ik(K!1s2X!<2ET!Diah!+5`e!It+4!<<&e!!ipCD/\")jBk1d@DZKh<#RPQdA7\\\\XCh[D\\!!!98F(o/r6#:CVF*(?!Ch[D\\!!!0/@VfsmCJJ;TAK+!ZE,ol7Bk(piC`m2'De!Q*-us$FATVKo.16r#G%#*$9jr-TEbSru;0?;bFD5i2ATInQ!!!!1!!!!1!!!!","4195328":"!<d@[F*OOs#64c-E,TfC\"onW'!<d@[F*\\nS#64o6@VfsmCI<#NAIW-_Bldj%ARo7dDe!Pj$#O*mATDKnCi]UW!!%[(!!!$*Ec6&.FD5Z2!2'Jq$O:0a@W,skErl=A!\"\\Q0!\"],0!!ipCD/\")jBk1d@DZKh<#RPQdA7\\\\XCh[D\\!!!98F(o/r6#:CVF*(?!Ch[D\\!!!0/@VfsmCJJ;TAJ%:PE,ol7Bk(piC`m2'De!Pj(L_JqBl$LPFCfK,@;Je`@;^1$FD5<-!<<*\"!\"],1!!","4196352":"!<d@[F*OOs#64c-E,TfC\"onW'!<d@[F*\\qT#64o6@VfsmCI<#NAIW-_Bldj%ARo7dDe!Pj$#O*mATDKnCi]XX!!%a*!!$U<!!!$*Ec6&.FD5Z2!2'Jq$O:0a@W,skEs)IC!\"SK>!<2Hu!<1q!!WV[3!!ipCD/\")jBk1d@DZKh<#RPQdA7\\\\XCh[D\\!!!98F(o/r6#:CVF*(?!Ch[D\\!!!0/@VfsmCJJ;TAK+!ZE,ol7Bk(piC`m2'De!Q*-us$FATVKo.16r#G%#*$9jr-TEbSru;0?;bFD5i2ATInQ!!!!1!!!!1!!!!","5242880":"!<d@[F*OOs#64c-E,TfC#64`(!<d@[F*\\kR#64o6@VfsmCI<#NAIW-_Bldj%ARo7dDe!Pj$#O*mATDKnCi]XX!!%a*!!$U<!!!$*Ec6&.FD5Z2!2'Jq$O:0a@W,skEt86N!\"T\"t!$:Rl!?V:2!&!a2!C$P`!1rWD!5AHu!RC-\"!T*hE!$D4\"!&+BC!'gJE!H7u#!0@-E!RLc3!!ipCD/\")jBk1d@DZKh<#RPQdA7\\\\XCh[D\\!!!98F(o/r6#:CVF*(?!Ch[D\\!!!0/@VfsmCJJ;TAK+!ZE,ol7Bk(piC`m2'De!Q*-us$FATVKo.16r#G%#*$9jr-TEbSru;0?;bFD5i2ATInQ!!!!1!!!!1!!!!","5243904":"!<d@[F*OOs#64c-E,TfC#64`(!<d@[F*\\nS#64o6@VfsmCI<#NAIW-_Bldj%ARo7dDe!Pj$#O*mATDKnCi]UW!!%[(!!!$*Ec6&.FD5Z2!2'Jq$O:0a@W,skErl=A!\"\\Q0!\"],0!!ipCD/\")jBk1d@DZKi&#RPQdA7\\\\XCh[D\\!'^`\"F(o/r6#:CVF*(?!Ch[D\\!'^Vn@VfsmCJJ;TAJ%:PE,ol7Bk(piC`m2'De!Pj(L_JqBl$LPFCfK,@;Je`@;^1$FD5<-!<<*\"!\"],1!!","5244928":"!<d@[F*OOs#64c-E,TfC#64`(!<d@[F*\\qT#64o6@VfsmCI<#NAIW-_Bldj%ARo7dDe!Pj$#O*mATDKnCi]XX!!%a*!!$U<!!!$*Ec6&.FD5Z2!2'Jq$O:0a@W,skEsMaG!\"SJu!\"Rs$!?U/\"!A<jP!)E&+!\"\\T4!$C\\2!'fue!=0$DD/\")jBk1d@DZKh<#RPQdA7\\\\XCh[D\\!!!98F(o/r6#:CVF*(?!Ch[D\\!!!0/@VfsmCJJ;TAK+!ZE,ol7Bk(piC`m2'De!Q*-us$FATVKo.16r#G%#*$9jr-TEbSru;0?;bFD5i2ATInQ!!!!1!!!!1!!!!","6291456":"!<d@[F*OOs#64c-E,TfC#QOi)!<d@[F*\\kR#64o6@VfsmCI<#NAIW-_Bldj%ARo7dDe!Pj$#O*mATDKnCi]UW!!%a*!!!$*Ec6&.FD5Z2!2'Jq$O:0a@W,skErc7@!\"T#.!!ipCD/\")jBk1d@DZKi&#RPQdA7\\\\XCh[D\\!'^`\"F(o/r6#:CVF*(?!Ch[D\\!'^Vn@VfsmCJJ;TAK+!ZE,ol7Bk(piC`m2'De!Q*-us$FATVKo.16r#G%#*$9jr-TEbSru;0?;bFD5i2ATIkP!!!!1!!!!","6292480":"!<d@[F*OOs#64c-E,TfC#QOi)!<d@[F*\\nS#64o6@VfsmCI<#NAIW-_Bldj%ARo7dDe!Pj$#O*mATDKnCi]UW!!%[(!!!$*Ec6&.FD5Z2!2'Jq$O:0a@W,skErl=A!\"\\Q0!\"],0!!ipCD/\")jBk1d@DZKi&#RPQdA7\\\\XCh[D\\!'^`\"F(o/r6#:CVF*(?!Ch[D\\!'^Vn@VfsmCJJ;TAJ%:PE,ol7Bk(piC`m2'De!Pj(L_JqBl$LPFCfK,@;Je`@;^1$FD5<-!<<*\"!\"],1!!","6293504":"!<d@[F*OOs#64c-E,TfC#QOi)!<d@[F*\\qT#64o6@VfsmCI<#NAIW-_Bldj%ARo7dDe!Pj$#O*mATDKnCi]UW!!%a*!!!$*Ec6&.FD5Z2!2'Jq$O:0a@W,skErc7@!\"SK?!!ipCD/\")jBk1d@DZKi&#RPQdA7\\\\XCh[D\\!'^`\"F(o/r6#:CVF*(?!Ch[D\\!'^Vn@VfsmCJJ;TAK+!ZE,ol7Bk(piC`m2'De!Q*-us$FATVKo.16r#G%#*$9jr-TEbSru;0?;bFD5i2ATIkP!!!!1!!!!","7340032":"!<d@[F*OOs#64c-E,TfC#ljr*!<d@[F*\\kR#64o6@VfsmCI<#NAIW-_Bldj%ARo7dDe!Pj$#O*mATDKnCi]UW!!%a*!!!$*Ec6&.FD5Z2!2'Jq$O:0a@W,skErc7@!\"T#.!!ipCD/\")jBk1d@DZKi&#RPQdA7\\\\XCh[D\\!'^`\"F(o/r6#:CVF*(?!Ch[D\\!'^Vn@VfsmCJJ;TAK+!ZE,ol7Bk(piC`m2'De!Q*-us$FATVKo.16r#G%#*$9jr-TEbSru;0?;bFD5i2ATIkP!!!!1!!!!","7341056":"!<d@[F*OOs#64c-E,TfC#ljr*!<d@[F*\\nS#64o6@VfsmCI<#NAIW-_Bldj%ARo7dDe!Pj$#O*mATDKnCi]UW!!%[(!!!$*Ec6&.FD5Z2!2'Jq$O:0a@W,skErl=A!\"\\Q0!\"],0!!ipCD/\")jBk1d@DZKi&#RPQdA7\\\\XCh[D\\!'^`\"F(o/r6#:CVF*(?!Ch[D\\!'^Vn@VfsmCJJ;TAJ%:PE,ol7Bk(piC`m2'De!Pj(L_JqBl$LPFCfK,@;Je`@;^1$FD5<-!<<*\"!\"],1!!","7342080":"!<d@[F*OOs#64c-E,TfC#ljr*!<d@[F*\\qT#64o6@VfsmCI<#NAIW-_Bldj%ARo7dDe!Pj$#O*mATDKnCi]UW!!%a*!!!$*Ec6&.FD5Z2!2'Jq$O:0a@W,skErc7@!\"SK?!!ipCD/\")jBk1d@DZKi&#RPQdA7\\\\XCh[D\\!'^`\"F(o/r6#:CVF*(?!Ch[D\\!'^Vn@VfsmCJJ;TAK+!ZE,ol7Bk(piC`m2'De!Q*-us$FATVKo.16r#G%#*$9jr-TEbSru;0?;bFD5i2ATIkP!!!!1!!!!","8388608":"!<d@[F*OOs#64c-E,TfC$31&+!<d@[F*\\kR#64o6@VfsmCI<#NAIW-_Bldj%ARo7dDe!Pj$Zg3(G@Pc)DeWa'!rr<$*rka1+9(4!%dr6T$P@#lDfor.;f6Mt6ZljVBk28dznB_.9hXCLQ$#O*mATDKnCi]UW!!%a*!!!$*Ec6&.FD5Z2!2'Jq$O:0a@W,skEruCB!\"T\"t!$;11!$D4!!!ipCD/\")jBk1d@DZKh<#RPQdA7\\\\XCh[D\\!!!98F(o/r6#:CVF*(?!Ch[D\\!!!0/@VfsmCJJ;TAK+!ZE,ol7Bk(piC`m2'De!Q*-us$FATVKo.16r#G%#*$9jr-TEbSru;0?;bFD5i2ATIkP!!!!1!!!!","8389632":"!<d@[F*OOs#64c-E,TfC$31&+!<d@[F*\\nS#64o6@VfsmCI<#NAIW-_Bldj%ARo7dDe!Pj$Zg3(G@Pc)DeWa'#ljr*^\\<WdYOuW1T(GSSTDQ/!Iccss?LfrR?i8FS54B3c5Q:6S$P@#lDfor.;f6Mt6ZljVBk28ezd-q#Fj\\Ppfq4I]q$#O*mATDKnCi][Y!!%[(!!&Z;!!\"VT!!!$*Ec6&.FD5Z2!2'Jq$O:0a@W,skEs_mI!\"SK3!\"T#\"!&!h\"!&\"3\"!)E/h!)EC$!,hLs!0?iA!O)0r!l+Jf!XK-ED/\")jBk1d@DZKh<#RPQdA7\\\\XCh[D\\!!!98F(o/r6#:CVF*(?!Ch[D\\!!!0/@VfsmCJJ;TAK!pSEcQ)/ARlonF`;A>DJ<TrAS`JuCi<g!$Q!5p@;0OP@<?($BjkgTF^]00Bln'#EruCB!!!Q1!!!Q1!!!Q1!!!","8390656":"!<d@[F*OOs#64c-E,TfC$31&+!<d@[F*\\qT#64o6@VfsmCI<#NAIW-_Bldj%ARo7dDe!Pj$Zg3(G@Pc)DeWa'!rr<$*q011+7TpC%cIs!$P@#lDfor.;f6Mt6ZljVBk28dzd-q#Go'cVe$#O*mATDKnCi]UW!!%a*!!!$*Ec6&.FD5Z2!2'Jq$O:0a@W,skEruCB!\"SK!!\"SN1!$C_C!!ipCD/\")jBk1d@DZKh<#RPQdA7\\\\XCh[D\\!!!98F(o/r6#:CVF*(?!Ch[D\\!!!0/@VfsmCJJ;TAK+!ZE,ol7Bk(piC`m2'De!Q*-us$FATVKo.16r#G%#*$9jr-TEbSru;0?;bFD5i2ATIkP!!!!1!!!!","1057793":"!<d@[F*ORt#64c-E,TfC!rr<$!<d@[F*]1[#64o6@VfsmCI<#NAIW-_Bldj%ARo7dDe!Pj$#O*mATDKnCi][Y!!\"ed!!%[(!!#._!!!$*Ec6&.FD5Z2!2'Jq$O:0a@W,skEu\"`U!!)N`!0H\\f!0Cjm!:XA,!Urrn!:WJX!;0rB!VKNt!VQ?i!;9i.!VWOs!LJRe!gi]X!2kX1!iPkn!1ES1!3,aR!;Z*p!Vqjr!W)=n!;`Rb!W2So!!ipCD/\")jBk1d@DZKi&#RPQdA7\\\\XCh[D\\!&\"TgF(o/r6#:CVF*(?!Ch[D\\!'^Vn@VfsmCJJ;TAIhLLG\\(D.A9)r<F*)><AIB;_G%#*$9jr-TEbSru;0?;bFD5i2ATIqR!!!!1!!!!1!!!!1!!!!","2097153":"!<d@[F*ORt#64c-E,TfC\"98E%!<d@[F*\\kR#64o6@VfsmCI<#NAIW-_Bldj%ARo7dDe!Pj$#O*mATDKnCi]UW!!\"ed!!!$*Ec6&.FD5Z2!2'Jq$O:0a@W,skEuY/[!\"8\\q!)3=b!)EF$!07'S!07!0!2'2B!3cG$!3cCe!)2.S!*m^T!!'+l!!'(*!'#nC!&/2p!'iX=!-:62!+7GB!+7=c!,sL0!+6oE!+6i\"!+6ed!,rmd!.Z-T!.Z'2!.YHe!0@ZC!2'hu!!ipCD/\")jBk1d@DZKi&#RPQdA7\\\\XCh[D\\!'^`\"F(o/r6#:CVF*(?!Ch[D\\!'^Vn@VfsmCJJ;TAIhLLG\\(D.A9)r<F*)><AIB;_G%#*$9jr-TEbSru;0?;bFD5i2ATIkP!!!!1!!!!","2098177":"!<d@[F*ORt#64c-E,TfC\"98E%!<d@[F*\\nS#64o6@VfsmCI<#NAIW-_Bldj%ARo7dDe!Pj$#O*mATDKnCi]XX!!%<j!!\"VT!!!$*Ec6&.FD5Z2!2'Jq$O:0a@W,skEt/0M!!(CG!\"SMp!5@qU!5A%d!5@Mu!P\\:)!7'Uf!RBb3!7'_D!RCH>!:KGC!:JoS!UfZ\"!<2Ut!!ipCD/\")jBk1d@DZKi&#RPQdA7\\\\XCh[D\\!'LSuF(o/r6#:CVF*(?!Ch[D\\!'^Vn@VfsmCJJ;TAIqREA7ZlmGp$%-6\"G\"M@;ZGh@<Q'nCe\\>[ATDKnCf,=`DKKT7Bk;>ez&-)\\1&-)\\1","2099201":"!<d@[F*ORt#64c-E,TfC\"98E%!<d@[F*\\qT#64o6@VfsmCI<#NAIW-_Bldj%ARo7dDe!Pj$Zg3(G@Pc)DeWa'!<<*\"!:Tsg$P@#lDfor.;f6Mt6ZljVBk28c!!!!\"naHMd$#O*mATDKnCi]UW!!%[(!!!$*Ec6&.FD5Z2!2'Jq$O:0a@W,skErc7@!!)Kg!!ipCD/\")jBk1d@DZKh<#RPQdA7\\\\XCh[D\\!!!98F(o/r6#:CVF*(?!Ch[D\\!!!0/@VfsmCJJ;TAK!pSEcQ)/ARlonF`;A>DJ<TrAS`JuCi<g!$Q!5p@;0OP@<?($BjkgTF^]00Bln'#Erc7@!!!Q1!!!","3145729":"!<d@[F*ORt#64c-E,TfC\"TSN&!<d@[F*\\kR#64o6@VfsmCI<#NAIW-_Bldj%ARo7dDe!Pj$Zg3(G@Pc)DeWa'$31&+n1F)/naHJXo8`8>p3kfuqu,s`jB^UBkcN\\Al)sFSdllLeYPcNC$P@#lDfor.;f6Mt6ZljVBk28dzi4o='n?;m#$#O*mATDKnCi]UW!!\"ed!!!$*Ec6&.FD5Z2!2'Jq$O:0a@W,skF\"..i!+6?;!,rG:!8oHd!-'+\\!.c3[!7@@n!4\"9X!5^>S!7Hnr!5ng6!7UuJ!/+\\S!46Y@!5r0u!9F+8!2X#e!;:iu!2mU/!69NC!,.Df!19tc!2uLS!4\\'T!-t43!/[<3!87A>!/duT!1L%S!3<j\"!6a3R!;l``!5/@/!8QDd!0.!Q!1j/d!58Bt!1rTC!5@jT!,qo3!.Y\"2!2'8U!3c=S!!ipCD/\")jBk1d@DZKh<#RPQdA7\\\\XCh[D\\!!!98F(o/r6#:CVF*(?!Ch[D\\!!!0/@VfsmCJJ;TAIhLLG\\(D.A9)r<F*)><AIB;_G%#*$9jr-TEbSru;0?;bFD5i2ATIkP!!!!1!!!!","3146753":"!<d@[F*ORt#64c-E,TfC\"TSN&!<d@[F*\\nS#64o6@VfsmCI<#NAIW-_Bldj%ARo7dDe!Pj$#O*mATDKnCi]UW!!%<j!!!$*Ec6&.FD5Z2!2'Jq$O:0a@W,skErc7@!!)Ng!!ipCD/\")jBk1d@DZKi&#RPQdA7\\\\XCh[D\\!'^`\"F(o/r6#:CVF*(?!Ch[D\\!'^Vn@VfsmCJJ;TAKO9XEcQ)/ARlonDfBZ,EZeh-De!Q*-us$FATVKo.16r#G%#*$9jr-TEbSru;0?;bFD5i2ATIkP!!!!1!!!!","3147777":"!<d@[F*ORt#64c-E,TfC\"TSN&!<d@[F*\\qT#64o6@VfsmCI<#NAIW-_Bldj%ARo7dDe!Pj$Zg3(G@Pc)DeWa'$NL/,n5:n>pQ@00r4sHTrUMTAlEW#BgqkWCTE@4T8!>b02ft5`3L#^-.\"m``$P@#lDfor.;f6Mt6ZljVBk28fzAFKR\"@k[lfqX=Ilo8iq[$#O*mATDKnCi]XX!!\"ed!!%[(!!!$*Ec6&.FD5Z2!2'Jq$O:0a@W,skF!gqf!+5d;!,qr\\!2'rS!2'ET!8s\"n!.b\\'!0ImC!3m.e!2:SH!4!ai!5^KC!4-&D!5i4e!2Mje!45$2!5q2T!0p@e!2a-2!7p-]!%3kk!B4sS!B5+a!S?f_!(`2.!Eaj[!QaaM!6BaC!'-.)!P,ER!32_2!6VSu!:$jB!57k0!6rqC!:B>1!.ODE!06Rg!,q?2!.XMT!!ipCD/\")jBk1d@DZKh<#RPQdA7\\\\XCh[D\\!!!98F(o/r6#:CVF*(?!Ch[D\\!!!0/@VfsmCJJ;TAIhLLG\\(D.A9)r<F*)><AIB;_G%#*$9jr-TEbSru;0?;bFD5i2ATInQ!!!!1!!!!1!!!!","4194305":"!<d@[F*ORt#64c-E,TfC\"onW'!<d@[F*\\kR#64o6@VfsmCI<#NAIW-_Bldj%ARo7dDe!Pj$#O*mATDKnCi]UW!!%[(!!!$*Ec6&.FD5Z2!2'Jq$O:0a@W,skErl=A!\"],0!!!Q0!!ipCD/\")jBk1d@DZKi&#RPQdA7\\\\XCh[D\\!'^`\"F(o/r6#:CVF*(?!Ch[D\\!'^Vn@VfsmCJJ;TAJ%:PE,ol7Bk(piC`m2'De!Pj(L_JqBl$LPFCfK,@;Je`@;^1$FD5<-!<<*\"!\"],1!!","4195329":"!<d@[F*ORt#64c-E,TfC\"onW'!<d@[F*\\nS#64o6@VfsmCI<#NAIW-_Bldj%ARo7dDe!Pj$#O*mATDKnCi][Y!!\"SS!!\"VT!!&Z;!!!$*Ec6&.FD5Z2!2'Jq$O:0a@W,skF7B51!!\"\\t!!(L<!$Kci!$Km:!$L!r!$M0U!$M:3!&42#!&33J!&4B#!&+o_!'h)K!'o(=!)V-6!)V6b!)V=6!)VFb!)VM/!-$F`!-$V`!:]`D!$N\"4!?i4h!?i;C!?iK3!APIV!APP#!APYU!^RMg!C7QU!C7aU!C?_W!)Xg6!-&Z2!c]$3!HB+\"!eD\"L!J)&H!eD?;!O3^3!l5UV!l5eV!l=m6!7;Ng!RVgh!RVtg!9\"`S!@#uL!$^!)!$_3$!$_Bi!&E5l!&E<9!&?1e!C@qE!^cH2!(-<G!(,=k!(,Mk!)bH2!Fd2m!Fegt!-6OQ!-6\\O!-6l@!-0^V!M]Si!4\"6C!Q*Ao!5dHn!7F'u!TIK/!9,X\"!Acq\"!^eX]!)lYc!-:p0!/!K!!L$:S!4+lT!n5O;!TQrT!!Md7!$jiC!@74\\!&RLc!&RI2!CT3f!E?iL!+\\A3!e`iZ!JG@c!45Me!RuSs!$tGS!&\\*C!_#p\"!**@g!G,XY!0pmT!OZ8\"!p*bV!qfmg!@D4h!B+iU!EO+4!1&*0!4He2!Tn:f!VUF\"![iL2!&nj2!&oAe!`tED!GA&@!,$cS!-`u2!dB[g!LJ?W!OmOD!p>+V!U\"q3!'$)S!B?,\"!D%_T!,.DT!LSo3!P\"0U!SF\"2!U,R4!@a-D!BHb3!_JLg!El#i!-t4W!4e]e!pT1r!9pZd!%OWU!'7:C!F!5!!G]pR!.)BB!K+&E!P5H\"!SX^T!%Y;e!B]ca!'@pT!_]d4!GeqV!fO<'!K4\\f!5#u2!o)#f!UJ&1!;jM!!A*^Q!'JQe!DL9C!*mhB!,TFj!.=e?!0#4e!M%I2!5-VC!W:7C!'T3!!_q&W!aX[F!H$4(!KI*R!1i!2!PR@U!o<kS!:AY3!=n-K!=n0V!Y4m2!=n:4!Y4FF!=nq!!\"S>\"!=o%D!\"SDC!=o,!!$:61!Zq<f!&!>Q!A=5C!'^$R!']OU!C$7&!']Yb!C#r3!D`,)!)E2h!)Da5!D_mG!`&%!!`&.7!FGCh!+,A1!+,N1!FG-5!abm!!,gq2!H.r2!.OWT!.O4B!flk4!06i2!06<b!KR-5!1r7s!M9+i!1s)0!1s2c!3Y?F!NtKX!j:X2!j:aH!Ntb%!Nu@G!5A,B!P[`F!l\"*g!RC)g!T)pT!q,YE!:Jos!Uf`C!:K`u!:Kgc!<2V/!<26/!AF%#!'g0e!'gJS!,ql!!5JO1!!ipCD/\")jBk1d@DZKi&#RPQdA7\\\\XCh[D\\!&+ZhF(o/r6#:CVF*(?!Ch[D\\!&+Q_@VfsmCJJ;TAILqEE,]B/+C]/*@quGg@<Q'nCe\\>[ATDKnCf,=`DKKT7Bk;>fz&-)\\1&-)\\1&-)\\1","4196353":"!<d@[F*ORt#64c-E,TfC\"onW'!<d@[F*\\qT#64o6@VfsmCI<#NAIW-_Bldj%ARo7dDe!Pj$Zg3(G@Pc)DeWa'%KHJ/5nF/!0EDge-%H$s0C]YT&jQHt'nHqs)5%!1*T-qu*oR\\2!C77s#%A\\T$*b$A$bu`B%FG^e$P@#lDfor.;f6Mt6ZljVBk28ez;XaYko'cVf_%6SS$#O*mATDKnCi]XX!!%[(!!\"ed!!!$*Ec6&.FD5Z2!2'Jq$O:0a@W,skEt/0M!!!!0!!'88!>#8F!<Jho!?i!W!>U.t!@<6t!=!!U!=Rfc!=eQ1!?L)!!?UbC!>\"Z1!&*jT!=0$DD/\")jBk1d@DZKh<#RPQdA7\\\\XCh[D\\!!!98F(o/r6#:CVF*(?!Ch[D\\!!!0/@VfsmCJJ;TAK!pSEcQ)/ARlonF`;A>DJ<TrAS`JuCi<g!$Q!5p@;0OP@<?($BjkgTF^]00Bln'#Erl=A!!!Q1!!!Q1!!!","5242881":"!<d@[F*ORt#64c-E,TfC#64`(!<d@[F*\\kR#64o6@VfsmCI<#NAIW-_Bldj%ARo7dDe!Pj$#O*mATDKnCi]UW!!%[(!!!$*Ec6&.FD5Z2!2'Jq$O:0a@W,skErl=A!!!Q0!\"],0!!ipCD/\")jBk1d@DZKh<#RPQdA7\\\\XCh[D\\!!!98F(o/r6#:CVF*(?!Ch[D\\!!!0/@VfsmCJJ;TAJ%:PE,ol7Bk(piC`m2'De!Pj(L_JqBl$LPFCfK,@;Je`@;^1$FD5<-!<<*\"!\"],1!!","5243905":"!<d@[F*ORt#64c-E,TfC#64`(!<d@[F*\\nS#64o6@VfsmCI<#NAIW-_Bldj%ARo7dDe!Pj$#O*mATDKnCi][Y!!\"SS!!\"VT!!&Z;!!!$*Ec6&.FD5Z2!2'Jq$O:0a@W,skF6il,!!\"\\h!!)R5!!(T4!!\"&0!\"dUI!\"do'!$Kj/!$Ksb!$E?_!+=5E!+=Qo!+=U5!-$F]!-$PF!.YV3!.`n\\!5R3F!729!!9!E$!9!KF!9!Qh!8uJ#!8uVH!8u\\j!:\\[6!!*a0!<F+B!<F.T!>-&R!?i(\"![/A7![/T4!\\k<6!APVF!DsM!!DsfT!HA`\"!c\\l<!HB.3!eD/G!eD?;!RVN3!RVTU!RV[R!RVk\"!RVqD!V$te!WphI!!:lX!!:p%!!5@B!><pi!#\",<!##;$!$^t[!$^$L!$X&W!E.B8!)i^5!+Ps$!-6LN!-6l@!-8%i!-0^W!J4_s!J8p]!0SKD!O>N@!4)V$!5d,'!Q$JW!n&55!RgU7!7KGh!7KW8!7K]Z!92Hl!:hfc!:na&!:p-h!$b80!&Hh!!CKWT!-:p1!0^4s!0]V2!M_=e!2E<c!5h\"u!Rjme!n6#n!olKD!<fY=!<dl@!#.^8!An-S!0hBs!2Mn!!lRk#!p!,E!q``>!>V7?!$tt2!B\"7$!(C5d!**@e!Hh`4!MrU2!2X#e!QACC!TdYe!@E9d!&e`U!EO[B!-W8T!1%%4!N'c2!6/pC!nLd$!Tn:f!]PZG!]PT#!-`r4!-`nT!JdiQ!1/0\"!QU5e!S;lD!p>U3!=4_D!@Wug!D'Bc!*GiS!I141!19AS!\"#gt!%G)A!'-\\g!'-Y2!K#2@!L]&h!Qgr\"!ni\\W!U63D!]mLU!*ZPu!.)BB!LgeA!1LXd!NMe3!333e!QqSC!SY@2!pZrf!=RcB!?89[!@tnG!K4\\U!NWID!isWC!5%_>!6`+C!pdSg!Y\"Q7!%cFf!*mh2!IW2g!3EsS!6iad!US,2!W;F/!%m'f!DWRd!.E_h!M.UV!R9Kf!o;6F!U\\b3!Y46G!=n`i!\"S[@!\"S4F!=n@X!Y4M2!Y4VH!=o+u!$:6#!?UrV!$;!B!?UUF!\\XKD!'^!3!']\\S!`&Df!)E<C!)Dds!D`UD!++`/!FGT%!,h?Z!,ggW!H-si!cI+C!cI4Y!H.56!H.hX!,h2T!Ij]T!Ij3W!e1.F!06Oe!06I!!M8Ce!hTAF!3YoU!3YC/!Nu3U!3Z41!5A)!!5A,Q!5@^@!RC0U!7'\\3!RCCe!7'eh!RBr%!m^)T!m^2j!RC]D!8ca#!T*[e!T*1h!q,_f!:KT2!<2(e!WMB!!XK-ED/\")jBk1d@DZKh<#RPQdA7\\\\XCh[D\\!&+ZhF(o/r6#:CVF*(?!Ch[D\\!&+Q_@VfsmCJJ;TAILqEE,]B/+C]/*@quGg@<Q'nCe\\>[ATDKnCf,=`DKKT7Bk;>fz&-)\\1&-)\\1&-)\\1","5244929":"!<d@[F*ORt#64c-E,TfC#64`(!<d@[F*\\qT#64o6@VfsmCI<#NAIW-_Bldj%ARo7dDe!Pj$#O*mATDKnCi]UW!!%[(!!!$*Ec6&.FD5Z2!2'Jq$O:0a@W,skErl=A!!!!0!\"\\Q0!!ipCD/\")jBk1d@DZKi&#RPQdA7\\\\XCh[D\\!'^`\"F(o/r6#:CVF*(?!Ch[D\\!'^Vn@VfsmCJJ;TAK!pSEcQ)/ARlonF`;A>DJ<TrAS`JuCi<g!$Q!5p@;0OP@<?($BjkgTF^]00Bln'#Erc7@!!!Q1!!!","6291457":"!<d@[F*ORt#64c-E,TfC#QOi)!<d@[F*\\kR#64o6@VfsmCI<#NAIW-_Bldj%ARo7dDe!Pj$#O*mATDKnCi]UW!!%[(!!!$*Ec6&.FD5Z2!2'Jq$O:0a@W,skErl=A!\"],0!!!Q0!!ipCD/\")jBk1d@DZKi&#RPQdA7\\\\XCh[D\\!'^`\"F(o/r6#:CVF*(?!Ch[D\\!'^Vn@VfsmCJJ;TAJ%:PE,ol7Bk(piC`m2'De!Pj(L_JqBl$LPFCfK,@;Je`@;^1$FD5<-!<<*\"!\"],1!!","6292481":"!<d@[F*ORt#64c-E,TfC#QOi)!<d@[F*\\nS#64o6@VfsmCI<#NAIW-_Bldj%ARo7dDe!Pj$#O*mATDKnCi][Y!!\"SS!!\"VT!!&Z;!!!$*Ec6&.FD5Z2!2'Jq$O:0a@W,skEtn]U!!!QT!!(M7!!(SY!!(-'!!(cY!!\"&0!\"db5!$E?_!&2k\\!&2r)!&3-)!&33K!'idc!.Z16!0GVl!0G]5!0Gp:!0Gsg!2.kJ!2/-'!8u<j!9!e$!:\\KF!:\\^W!!*`g!<Ep5!<F!e!Wa46!<F1W!?i.J!?i4s!?i8B!?iDl!?p:J!&5:F!\\kRb!C7>D!^RjV!`9RY!Dsli!J(nD!J(tf!J)&C!J)/f!J)63!Ke1X!hg<#!hgRE!jNG7!O3TX!T=YD!oXl#!T=iT!T=s\"!T>'U!q?mV!V$te!q@;g!<ODW!<Q^c!!:\\K!!;nF!!:lK!!:s'!!4e4!@$#a!$^!d!$^1-!$_?X!&@@q!&FQF!(-6)!(,Mo!(&m1!E(QC!+J.S!HS27!.rZZ!.ra'!.rq'!.s\"I!0Su#!M]3]!2A5^!5`(@!93Q&!92O8!93jX!92hl!9,X!!V0\"c!!?(1!Wucu!#%Qe!$fl(!E22D!J<'C!0]\\d!L$:T!2D4e!4+lT!Q.2C!Ri_E!96iR!#/2e!@3-b!(9TU!/+2d!Mi\"#!OPW!!7Xjd!TZKf!#8i1!(B^\"!(C5U!G-0B!-OtO!L6M%!gR*X!Tg!r!TdYV!VKhB!!ZjD!=!H#!B+@%!B0Kn!(Ll!!/?UQ!g\\rd!L@X$!2a0E!S3AR!nNt1!Tp!A!qpO#!XF9\"!XI10!!duC!%7=]!&oED!(VM!!EY<S!,%nc!LJ9\"!N1Jf!iM(T!4RFC!QU<B!QY3;!;D$d!V_WS!=5:T!>pjV!D'Bc!18fB!4\\'d!\"\"c\"!=A<?!#be+!%FN1!'-/W!El#U!L^+T!ND2#!ND[V!Vu4,!;W5T!XcaU!Xc[2!%P/2!BT]c!*ZQ!!/e#u!Lf]%!ij!2!4o?!!SXe!!S[PO!:$`U!@tnT!)(&g!IO;P!1UeB!Lph!!3<@E!P?)C!:0+q!:.r1!\"@`B!A**e!DNLb!*mh2!Gp'T!0$Ca!1_@#!Nbc0!6i8!!Sm/b!\"I<f!=e:T!?Luu!+#Ts!,^TT!M/]t!1j,b!3P,C!PSL0!6t!Q!:AY2!WE#t!\"SK2!\"STT!\"SX/!\"S;0!=o(U!\"T\"t!$:3@!?V#e!$;!6!$;$R!&!:h!A<G%!\\WST!\\W\\j!A=26!&!TD!A<cg!A=BB!'^'d!C#[h!^?P%!)EEu!)ELB!++bu!ab3#!FG0D!H.Kf!,gk@!H.[f!,h\\B!,hbe!,hf0!.OQ3!.OTb!.O1Q!KQ2\"!KQ8H!KQl$!069$!KQE6!flQe!fl[&!M8j6!1rdB!1s%u!M8Z$!j:QE!NuFu!5A%d!5@a1!m]gj!RCJ$!7'iQ!RCZ\"!8dBc!8cme!T*Xs!:JrU!UfZ\"!:KT1!:K*C!Uf9g!Uf@4!Ufsd!<2Ud!<2/2!WMnu!!ipCD/\")jBk1d@DZKh<#RPQdA7\\\\XCh[D\\!&+ZhF(o/r6#:CVF*(?!Ch[D\\!&+Q_@VfsmCJJ;TAILqEE,]B/+C]/*@quGg@<Q'nCe\\>[ATDKnCf,=`DKKT7Bk;>fz&-)\\1&-)\\1&-)\\1","6293505":"!<d@[F*ORt#64c-E,TfC#QOi)!<d@[F*\\qT#64o6@VfsmCI<#NAIW-_Bldj%ARo7dDe!Pj$#O*mATDKnCi]UW!!%[(!!!$*Ec6&.FD5Z2!2'Jq$O:0a@W,skErl=A!!!!0!\"\\Q0!!ipCD/\")jBk1d@DZKi&#RPQdA7\\\\XCh[D\\!'^`\"F(o/r6#:CVF*(?!Ch[D\\!'^Vn@VfsmCJJ;TAK!pSEcQ)/ARlonF`;A>DJ<TrAS`JuCi<g!$Q!5p@;0OP@<?($BjkgTF^]00Bln'#Erc7@!!!Q1!!!","7340033":"!<d@[F*ORt#64c-E,TfC#ljr*!<d@[F*\\kR#64o6@VfsmCI<#NAIW-_Bldj%ARo7dDe!Pj$#O*mATDKnCi]UW!!%[(!!!$*Ec6&.FD5Z2!2'Jq$O:0a@W,skErl=A!\"],0!!!Q0!!ipCD/\")jBk1d@DZKi&#RPQdA7\\\\XCh[D\\!'^`\"F(o/r6#:CVF*(?!Ch[D\\!'^Vn@VfsmCJJ;TAJ%:PE,ol7Bk(piC`m2'De!Pj(L_JqBl$LPFCfK,@;Je`@;^1$FD5<-!<<*\"!\"],1!!","7341057":"!<d@[F*ORt#64c-E,TfC#ljr*!<d@[F*\\nS#64o6@VfsmCI<#NAIW-_Bldj%ARo7dDe!Pj$#O*mATDKnCi][Y!!\"SS!!\"VT!!&Z;!!!$*Ec6&.FD5Z2!2'Jq$O:0a@W,skEtn]U!!#h/!!(JE!!(`g!!\")5!$K]f!$L\"5!$L+G!&4\"C!'hYK!)V*&!)V0G!)VD#!+6<:!-%U4!-%e4!-%kf!.aVn!.`n_!0GYi!0G`7!0Hng!0I#U!0I-#!201g!3jp6!3lCE!5R,j!5SH5!791X!7:FV!7:P4!7:Yg!:]SE!:\\NG!:\\U$!:]ig!:]p4!!*]U!<EsL!<F!e!Wa1+!<F4g!>,uB!>--!!>-6d!?i83!\\k<4!\\k_E!^RGu!C7NT!C7XR!DsYf!b!/7!HAfL!HAp9!HB'n!J(nD!J(tf!J)/f!J)63!ML/f!ML9D!hgL#!hgUV!MLS7!3m8S!O3NC!PoF3!PoOf!l5bE!l5l#!T=\\U!T=c2!T=og!T=s\"!T>$D!V$qD!<Vg8!!:`=!!;!(!!4e2!><jY!#\"#%!\"r&s!$X&T!Aa3k!&EC&!(,.6!(,DX!)d.b!FfBt!cmp/!-6i/!-0^V!eSl\\!.ra'!.t'G!.t-i!0Yrk!2@q'!2B1'!2A/:!2BD6!2<fb!ODB&!4!u1!j_['!4)V$!5e=i!5d?J!5eZX!5^AT!Rb<Q!92Hk!92OH!92\\(!93jX!93q%!9,X!!V5r&!:inb!!?!c!$bh@!(/IU!FnqA!-9k4!HV$2!L$jS!i&R4!41:8!5m+[!96<d!96iR!(9Wt!*!AA!H_-S!/+bt!L-Cu!!Q]f!Hh`4!p*9$!TdYV!=\"Yu!=!H#![_:f!%+;s!B-&R!CgK3!EPfb!+oXU!G666!L@.4!N)Ib!4H8T!7m8Q!S3k0!ToLc!p6*B!qp%E!qpO#!XFbT!>h?d![iO3!Cq\\Y!b[Ph!2kAf!V_*T!V_-e!;DNR!=>@U!\\*UO!(i:k!GS.i!P.\\>!;Va!!r8GV!XeE/!\",mf!@lCc!'7=u!*[2R!F\"@A!G\\hT!,CBQ!d_$6!fFf2!Lg52!34o@!S[#`!8@GN!:$7\"!U?iV!=R3C!.3#d!Lqs1!pf=t!:.r1!'K`a!)13C!Gq6@!.;U!!M$tD!Nbc/!\"IfC!?M10!%m'e!DW%u!.F>S!.E_f!mTTg!U\\b3!WE#t!\"STc!\"S*e!=ng:!\"SaR!\"S7T!=nt'!\"S>\"!=o%I!\"SDG!=o+u!$:/U!?Ul\"!$:f1!$:<D!?V#s!$:ru!&!gd!&!A2!A<W#!A=8T!&\"9D!'^-u!']_V!D_Z4!D`8V!)DWT!D_g\"!D`HT!+,4D!+,=u!+,DB!++oW!FG`T!,hBd!,gn!!H.(D!H.eC!,h2d!Ij&j!Ijce!.O7C!IjJ$!KQ8F!KQ>f!KR&e!06I%!M9%2!1rMg!NtU6!Nt[W!NuFu!7'\\2!RCSU!7(TA!8ca\"!T*KT!8d\\3!:JrU!UfZ1!:K*C!Uf9g!Ufsd!<2/2!WMne!,ql4!!ipCD/\")jBk1d@DZKh<#RPQdA7\\\\XCh[D\\!&+ZhF(o/r6#:CVF*(?!Ch[D\\!&+Q_@VfsmCJJ;TAILqEE,]B/+C]/*@quGg@<Q'nCe\\>[ATDKnCf,=`DKKT7Bk;>fz&-)\\1&-)\\1&-)\\1","7342081":"!<d@[F*ORt#64c-E,TfC#ljr*!<d@[F*\\qT#64o6@VfsmCI<#NAIW-_Bldj%ARo7dDe!Pj$#O*mATDKnCi]UW!!%[(!!!$*Ec6&.FD5Z2!2'Jq$O:0a@W,skErl=A!!!!0!\"\\Q0!!ipCD/\")jBk1d@DZKi&#RPQdA7\\\\XCh[D\\!'^`\"F(o/r6#:CVF*(?!Ch[D\\!'^Vn@VfsmCJJ;TAK!pSEcQ)/ARlonF`;A>DJ<TrAS`JuCi<g!$Q!5p@;0OP@<?($BjkgTF^]00Bln'#Erc7@!!!Q1!!!","8388609":"!<d@[F*ORt#64c-E,TfC$31&+!<d@[F*\\kR#64o6@VfsmCI<#NAIW-_Bldj%ARo7dDe!Pj$Zg3(G@Pc)DeWa'$NL/,[u^CdV/Q21WNZ-uP[<SSR_J\"dS%nb!G+Rjs;EjaR>i,,R0HTfc55t-R$P@#lDfor.;f6Mt6ZljVBk28dznB_.<:[e>l$#O*mATDKnCi][Y!!%[(!!&Z;!!\"VT!!!$*Ec6&.FD5Z2!2'Jq$O:0a@W,skEshsJ!!\")3!$XW\"!(:/h!2Zmq!bT1@!/@-A!On-e!_V>B!/eMd!%e-@!\"T\"u!!ipCD/\")jBk1d@DZKh<#RPQdA7\\\\XCh[D\\!!!98F(o/r6#:CVF*(?!Ch[D\\!!!0/@VfsmCJJ;TAK!pSEcQ)/ARlonF`;A>DJ<TrAS`JuCi<g!$Q!5p@;0OP@<?($BjkgTF^]00Bln'#EruCB!!!Q1!!!Q1!!!Q1!!!","8389633":"!<d@[F*ORt#64c-E,TfC$31&+!<d@[F*\\nS#64o6@VfsmCI<#NAIW-_Bldj%ARo7dDe!Pj$#O*mATDKnCi][Y!!\"SS!!\"VT!!&Z;!!!$*Ec6&.FD5Z2!2'Jq$O:0a@W,skF&;o;!!#8Q!!(!c!!#de!$DGC!?h)O!$DN!!?g'b!$DWC!?h9k!&4(K!&48K!'p::!+>@f!.a]5!.asW!$V#5!$TsG!$V35!&5:2!AXA%!&F:i!+O:k!+OgZ!2@tI!2A2Z!/.R:!//#>!//)^!2Qn^!5u7W!7\\EY!!Q43!<r$_!!Q]f!@:PW!$ttE!7dl>!7e-`!!ZjD!X<Q$![a$B!@FDt!B0E^!&jiJ!(Ll!!2bhs!2c@b!9TSc!9TW>!;:&t!!e#S!=+/e!!ePR!>gk1!Z.He!_8:3!E]9n!;D80!V`\"S!\"\"c!!XYIV!_NC`!;VtB!\",D3!=H!g!@mRO!%S!=!\"89.!\"8er!\"IIe!\"IQ,!$1j^!\"S*f!=ng3!\"S14!=nmT!\"S7T!=ntQ!&\"%u!&!N!!C$=K!!ipCD/\")jBk1d@DZKh<#RPQdA7\\\\XCh[D\\!$DOXF(o/r6#:CVF*(?!Ch[D\\!$DFO@VfsmCJJ;TAILqEE,]B/+C]/*@quGg@<Q'nCe\\>[ATDKnCf,=`DKKT7Bk;>fz&-)\\1&-)\\1&-)\\1","8390657":"!<d@[F*ORt#64c-E,TfC$31&+!<d@[F*\\qT#64o6@VfsmCI<#NAIW-_Bldj%ARo7dDe!Pj$Zg3(G@Pc)DeWa'$ig8-[t\"hdV-jW1WLsRuPX$)dPu/D!R^!_1S$32!G**R@;D8gc>gO2c0G\"lt54B3c$P@#lDfor.;f6Mt6ZljVBk28czo'cVe$#O*mATDKnCi][Y!!%[(!!&Z;!!\"VT!!!$*Ec6&.FD5Z2!2'Jq$O:0a@W,skEshsJ!!!QD!$X*3!(9X$!2Z=q!bSYQ!/?RA!OmRe!_UfS!/duu!%dUQ!\"SK1!!ipCD/\")jBk1d@DZKh<#RPQdA7\\\\XCh[D\\!!!98F(o/r6#:CVF*(?!Ch[D\\!!!0/@VfsmCJJ;TAK!pSEcQ)/ARlonF`;A>DJ<TrAS`JuCi<g!$Q!5p@;0OP@<?($BjkgTF^]00Bln'#EruCB!!!Q1!!!Q1!!!Q1!!!","9438209":"!<d@[F*ORt#64c-E,TfC$NL/,!<d@[F*\\nS#64o6@VfsmCI<#NAI<0jDIIT<Cgh1\"\"U&pmE+Kr(BkM+$F)Q2A@q@<3DD,gKD.tS6Ci=640a%`%DffE0AQSp4!!!-.D.Rd%6#L=OA_Ra;56M43DffE0AQf'6!!!<3@rH1\"ARfgnA,lc@DImp6DfTV\\De*DZ!!","1050626":"!<d@[F*OUu#64c-E,TfC!rr<$!<d@[F*\\qT#64o6@VfsmCI<#NAIW-_Bldj%ARo7dDe!Pj$#O*mATDKnCi]XX!!\"ed!!%[(!!!$*Ec6&.FD5Z2!2'Jq$O:0a@W,skEruCB!!)Nf!:U!g!V,[Z!!ipCD/\")jBk1d@DZKi&#RPQdA7\\\\XCh[D\\!'^`\"F(o/r6#:CVF*(?!Ch[D\\!'^Vn@VfsmCJJ;TAIhLLG\\(D.A9)r<F*)><AIB;_G%#*$9jr-TEbSru;0?;bFD5i2ATInQ!!!!1!!!!1!!!!","1051650":"!<d@[F*OUu#64c-E,TfC!rr<$!<d@[F*\\tU#64o6@VfsmCI<#NAIW-_Bldj%ARo7dDe!Pj$#O*mATDKnCi]XX!!\"ed!!%[(!!!$*Ec6&.FD5Z2!2'Jq$O:0a@W,skEruCB!!)Nf!:U!g!V,[Z!!ipCD/\")jBk1d@DZKi&#RPQdA7\\\\XCh[D\\!'^`\"F(o/r6#:CVF*(?!Ch[D\\!'^Vn@VfsmCJJ;TAIhLLG\\(D.A9)r<F*)><AIB;_G%#*$9jr-TEbSru;0?;bFD5i2ATInQ!!!!1!!!!1!!!!","1052674":"!<d@[F*OUu#64c-E,TfC!rr<$!<d@[F*]\"V#64o6@VfsmCI<#NAIW-_Bldj%ARo7dDe!Pj$#O*mATDKnCi]XX!!\"ed!!%[(!!!$*Ec6&.FD5Z2!2'Jq$O:0a@W,skEruCB!!)Nf!:U!g!V,[Z!!ipCD/\")jBk1d@DZKi&#RPQdA7\\\\XCh[D\\!'^`\"F(o/r6#:CVF*(?!Ch[D\\!'^Vn@VfsmCJJ;TAIhLLG\\(D.A9)r<F*)><AIB;_G%#*$9jr-TEbSru;0?;bFD5i2ATInQ!!!!1!!!!1!!!!","1053698":"!<d@[F*OUu#64c-E,TfC!rr<$!<d@[F*]%W#64o6@VfsmCI<#NAIW-_Bldj%ARo7dDe!Pj$#O*mATDKnCi]XX!!\"ed!!%[(!!!$*Ec6&.FD5Z2!2'Jq$O:0a@W,skEruCB!!)Nf!:U!g!V,[Z!!ipCD/\")jBk1d@DZKi&#RPQdA7\\\\XCh[D\\!'^`\"F(o/r6#:CVF*(?!Ch[D\\!'^Vn@VfsmCJJ;TAIhLLG\\(D.A9)r<F*)><AIB;_G%#*$9jr-TEbSru;0?;bFD5i2ATInQ!!!!1!!!!1!!!!","1054722":"!<d@[F*OUu#64c-E,TfC!rr<$!<d@[F*](X#64o6@VfsmCI<#NAIW-_Bldj%ARo7dDe!Pj$#O*mATDKnCi]XX!!\"ed!!%[(!!!$*Ec6&.FD5Z2!2'Jq$O:0a@W,skEruCB!!)Nf!:U!g!V,[Z!!ipCD/\")jBk1d@DZKi&#RPQdA7\\\\XCh[D\\!'^`\"F(o/r6#:CVF*(?!Ch[D\\!'^Vn@VfsmCJJ;TAIhLLG\\(D.A9)r<F*)><AIB;_G%#*$9jr-TEbSru;0?;bFD5i2ATInQ!!!!1!!!!1!!!!","1055746":"!<d@[F*OUu#64c-E,TfC!rr<$!<d@[F*]+Y#64o6@VfsmCI<#NAIW-_Bldj%ARo7dDe!Pj$#O*mATDKnCi]XX!!\"ed!!%[(!!!$*Ec6&.FD5Z2!2'Jq$O:0a@W,skEruCB!!)Nf!:U!g!V,[Z!!ipCD/\")jBk1d@DZKi&#RPQdA7\\\\XCh[D\\!'^`\"F(o/r6#:CVF*(?!Ch[D\\!'^Vn@VfsmCJJ;TAIhLLG\\(D.A9)r<F*)><AIB;_G%#*$9jr-TEbSru;0?;bFD5i2ATInQ!!!!1!!!!1!!!!","1056770":"!<d@[F*OUu#64c-E,TfC!rr<$!<d@[F*].Z#64o6@VfsmCI<#NAIW-_Bldj%ARo7dDe!Pj$#O*mATDKnCi]XX!!\"ed!!%[(!!!$*Ec6&.FD5Z2!2'Jq$O:0a@W,skEruCB!!)Nf!:U!g!V,[Z!!ipCD/\")jBk1d@DZKi&#RPQdA7\\\\XCh[D\\!'^`\"F(o/r6#:CVF*(?!Ch[D\\!'^Vn@VfsmCJJ;TAIhLLG\\(D.A9)r<F*)><AIB;_G%#*$9jr-TEbSru;0?;bFD5i2ATInQ!!!!1!!!!1!!!!","1057794":"!<d@[F*OUu#64c-E,TfC!rr<$!<d@[F*]1[#64o6@VfsmCI<#NAIW-_Bldj%ARo7dDe!Pj$#O*mATDKnCi]XX!!\"ed!!%[(!!!$*Ec6&.FD5Z2!2'Jq$O:0a@W,skEs)IC!!)Nf!:Tt!!V#XZ!:fOh!!ipCD/\")jBk1d@DZKi&#RPQdA7\\\\XCh[D\\!'^`\"F(o/r6#:CVF*(?!Ch[D\\!'^Vn@VfsmCJJ;TAIhLLG\\(D.A9)r<F*)><AIB;_G%#*$9jr-TEbSru;0?;bFD5i2ATInQ!!!!1!!!!1!!!!","2097154":"!<d@[F*OUu#64c-E,TfC\"98E%!<d@[F*\\kR#64o6@VfsmCI<#NAIW-_Bldj%ARo7dDe!Pj$Zg3(G@Pc)DeWa'%KHJ/n.\"7To/t>!i!dm2_&UZ!ZsNV0P[)lA<ds]A10V!a&/qeR&ic!R(4)YS(OXU1#&CFC$(T?B$P@#lDfor.;f6Mt6ZljVBk28hzn8J@.(m\"_#plGI\\qlg&+qOdfqr9s[o$#O*mATDKnCi]UW!!\"ed!!!$*Ec6&.FD5Z2!2'Jq$O:0a@W,skEuY/[!!!r-!$GP>!+9+.!.Z'1!2)LP!5KSu!5Leu!8n:B!:W//!3nZ0!5UhT!!5-B!!6s*!\"pfg!\"s\\L!$YUA!+K3R!0TIe!9-,e!$b^S!/\"Ot!!IVA!#/YB!0ga1!2Nru!%*0f!!f%@!!duB!!ipCD/\")jBk1d@DZKh<#RPQdA7\\\\XCh[D\\!!!98F(o/r6#:CVF*(?!Ch[D\\!!!0/@VfsmCJJ;TAIhLLG\\(D.A9)r<F*)><AIB;_G%#*$9jr-TEbSru;0?;bFD5i2ATIkP!!!!1!!!!","2098178":"!<d@[F*OUu#64c-E,TfC\"98E%!<d@[F*\\nS#64o6@VfsmCI<#NAIW-_Bldj%ARo7dDe!Pj$#O*mATDKnCi]UW!!\"ed!!!$*Ec6&.FD5Z2!2'Jq$O:0a@W,skEuY/[!!#[`!'i[@!(9TW!.Z-d!.mE0!0TSB!2'l$!21M2!(9N1!)uY2!!\"^J!!GQ]!&R6!!&QrN!'ie,!-CRe!+?Ed!+\\>A!-9hA!+5dE!+I&f!+R\\u!-CIB!.b\\!!.usC!/*TC!0SH2!2'l1!!ipCD/\")jBk1d@DZKi&#RPQdA7\\\\XCh[D\\!'^`\"F(o/r6#:CVF*(?!Ch[D\\!'^Vn@VfsmCJJ;TAIhLLG\\(D.A9)r<F*)><AIB;_G%#*$9jr-TEbSru;0?;bFD5i2ATIkP!!!!1!!!!","2099202":"!<d@[F*OUu#64c-E,TfC\"98E%!<d@[F*\\qT#64o6@VfsmCI<#NAIW-_Bldj%ARo7dDe!Pj$Zg3(G@Pc)DeWa'\"onW'o._<e_%Sp21f+hc&6)L,&Jf?d'QPo.$P@#lDfor.;f6Mt6ZljVBk28gzq!\\7bp2C!9n.5R)oM>Mnnh:%O$#O*mATDKnCi]UW!!\"ed!!!$*Ec6&.FD5Z2!2'Jq$O:0a@W,skEuY/[!!\"]1!!#tq!!!dS!+7Ji!+7N.!.Z42!3e42!73G@!8nt1!:V]b!+@ZD!-'_@!.c=D!3m[e!5T=2!9#(B!:_ft!2;81!4!h2!7E)U!/!!D!2D;!!5gN2!5gTT!95k\"!:qlT!!H+3!!I<s!!ipCD/\")jBk1d@DZKh<#RPQdA7\\\\XCh[D\\!!!98F(o/r6#:CVF*(?!Ch[D\\!!!0/@VfsmCJJ;TAIhLLG\\(D.A9)r<F*)><AIB;_G%#*$9jr-TEbSru;0?;bFD5i2ATIkP!!!!1!!!!","3145730":"!<d@[F*OUu#64c-E,TfC\"TSN&!<d@[F*\\kR#64o6@VfsmCI<#NAIW-_Bldj%ARo7dDe!Pj$#O*mATDKnCi]UW!!\"ed!!!$*Ec6&.FD5Z2!2'Jq$O:0a@W,skEu=rX!!,7S!$OJA!'iaA!)Pi7!+S.9!-(4$!8p*@!!4^f!'r0c!)P5c!-'R7!8oKu!:VZA!\"g3e!&5J2!+?ke!8nmT!8njB!!!N#!\"]Ue!&+l2!,rJI!,r@e!.YRH!2'bF!!ipCD/\")jBk1d@DZKi&#RPQdA7\\\\XCh[D\\!'^`\"F(o/r6#:CVF*(?!Ch[D\\!'^Vn@VfsmCJJ;TAIhLLG\\(D.A9)r<F*)><AIB;_G%#*$9jr-TEbSru;0?;bFD5i2ATIkP!!!!1!!!!","3146754":"!<d@[F*OUu#64c-E,TfC\"TSN&!<d@[F*\\nS#64o6@VfsmCI<#NAIW-_Bldj%ARo7dDe!Pj$#O*mATDKnCi]UW!!\"ed!!!$*Ec6&.FD5Z2!2'Jq$O:0a@W,skF\"..i!'gZY!+5d;!+6(n!+6?;!,qr\\!,r*E!.Z-Z!0A(e!0@Pk!2'RH!2'_7!2'eY!3cMX!3d/U!3cd%!3cmX!5K74!-&P\\!-'+\\!.b_(!.bhe!21-2!3mB%!3mKX!3mR%!5Tj4!5U%4!5TPV!5U54!0Su#!2;^S!5^!f!5^8!!5^>F!7E#4!7E)T!7E34!7E9e!9,+3!9,KC!9,X2!:hP!!!ipCD/\")jBk1d@DZKh<#RPQdA7\\\\XCh[D\\!!!98F(o/r6#:CVF*(?!Ch[D\\!!!0/@VfsmCJJ;TAIhLLG\\(D.A9)r<F*)><AIB;_G%#*$9jr-TEbSru;0?;bFD5i2ATIkP!!!!1!!!!","3147778":"!<d@[F*OUu#64c-E,TfC\"TSN&!<d@[F*\\qT#64o6@VfsmCI<#NAIW-_Bldj%ARo7dDe!Pj$#O*mATDKnCi]UW!!\"ed!!!$*Ec6&.FD5Z2!2'Jq$O:0a@W,skEuk;]!!\",b!!!*U!$Eru!$D:T!)NY+!+6s%!0@jS!8nGB!\"gG1!&5W3!+@Pl!21&i!!4r1!$WRA!&?;U!&>cT!)bKS!)bU2!-0;D!4!h4!9,^T!!=nU!!=u#!#%(!!(/P!!)kTm!+Rc2!/!$Y!/!'e!7N_e!!ipCD/\")jBk1d@DZKh<#RPQdA7\\\\XCh[D\\!!!98F(o/r6#:CVF*(?!Ch[D\\!!!0/@VfsmCJJ;TAIhLLG\\(D.A9)r<F*)><AIB;_G%#*$9jr-TEbSru;0?;bFD5i2ATIkP!!!!1!!!!","4194306":"!<d@[F*OUu#64c-E,TfC\"onW'!<d@[F*\\kR#64o6@VfsmCI<#NAIW-_Bldj%ARo7dDe!Pj$#O*mATDKnCi]XX!!%a*!!$U<!!!$*Ec6&.FD5Z2!2'Jq$O:0a@W,skEshsJ!!!N(!0A8d!K\\E'!2(D%!!+/#!<F;3!\"g=C!?iQZ!&5PW!-'(D!J)?f!=0$DD/\")jBk1d@DZKh<#RPQdA7\\\\XCh[D\\!!!98F(o/r6#:CVF*(?!Ch[D\\!!!0/@VfsmCJJ;TAK+!ZE,ol7Bk(piC`m2'De!Q*-us$FATVKo.16r#G%#*$9jr-TEbSru;0?;bFD5i2ATInQ!!!!1!!!!1!!!!","4195330":"!<d@[F*OUu#64c-E,TfC\"onW'!<d@[F*\\nS#64o6@VfsmCI<#NAIW-_Bldj%ARo7dDe!Pj$#O*mATDKnCi]UW!!%[(!!!$*Ec6&.FD5Z2!2'Jq$O:0a@W,skErl=A!!!Q0!!!!0!!ipCD/\")jBk1d@DZKi&#RPQdA7\\\\XCh[D\\!'^`\"F(o/r6#:CVF*(?!Ch[D\\!'^Vn@VfsmCJJ;TAJ%:PE,ol7Bk(piC`m2'De!Pj(L_JqBl$LPFCfK,@;Je`@;^1$FD5<-!<<*\"!\"],1!!","4196354":"!<d@[F*OUu#64c-E,TfC\"onW'!<d@[F*\\qT#64o6@VfsmCI<#NAIW-_Bldj%ARo7dDe!Pj$#O*mATDKnCi]XX!!%a*!!$U<!!!$*Ec6&.FD5Z2!2'Jq$O:0a@W,skEshsJ!!!QE!)NY;!)X:2!DsFG!+?EC!-&PU!Kdp#!0Ij3!O31D!O34Y!5T3W!!ipCD/\")jBk1d@DZKh<#RPQdA7\\\\XCh[D\\!!!98F(o/r6#:CVF*(?!Ch[D\\!!!0/@VfsmCJJ;TAK+!ZE,ol7Bk(piC`m2'De!Q*-us$FATVKo.16r#G%#*$9jr-TEbSru;0?;bFD5i2ATInQ!!!!1!!!!1!!!!","5242882":"!<d@[F*OUu#64c-E,TfC#64`(!<d@[F*\\kR#64o6@VfsmCI<#NAIW-_Bldj%ARo7dDe!Pj$#O*mATDKnCi]XX!!%a*!!$U<!!!$*Ec6&.FD5Z2!2'Jq$O:0a@W,skEs_mI!!\"):!3ct2!725E!RMqe!8nCf!3mU3!O3aE!7;kU!9#%\"!V%6\"!=0$DD/\")jBk1d@DZKh<#RPQdA7\\\\XCh[D\\!!!98F(o/r6#:CVF*(?!Ch[D\\!!!0/@VfsmCJJ;TAK+!ZE,ol7Bk(piC`m2'De!Q*-us$FATVKo.16r#G%#*$9jr-TEbSru;0?;bFD5i2ATInQ!!!!1!!!!1!!!!","5243906":"!<d@[F*OUu#64c-E,TfC#64`(!<d@[F*\\nS#64o6@VfsmCI<#NAIW-_Bldj%ARo7dDe!Pj$#O*mATDKnCi]UW!!%[(!!!$*Ec6&.FD5Z2!2'Jq$O:0a@W,skErl=A!!!Q0!!!!0!!ipCD/\")jBk1d@DZKi&#RPQdA7\\\\XCh[D\\!'^`\"F(o/r6#:CVF*(?!Ch[D\\!'^Vn@VfsmCJJ;TAJ%:PE,ol7Bk(piC`m2'De!Pj(L_JqBl$LPFCfK,@;Je`@;^1$FD5<-!<<*\"!\"],1!!","5244930":"!<d@[F*OUu#64c-E,TfC#64`(!<d@[F*\\qT#64o6@VfsmCI<#NAIW-_Bldj%ARo7dDe!Pj$#O*mATDKnCi]UW!!%a*!!!$*Ec6&.FD5Z2!2'Jq$O:0a@W,skErc7@!!!QP!!ipCD/\")jBk1d@DZKi&#RPQdA7\\\\XCh[D\\!'^`\"F(o/r6#:CVF*(?!Ch[D\\!'^Vn@VfsmCJJ;TAK+!ZE,ol7Bk(piC`m2'De!Q*-us$FATVKo.16r#G%#*$9jr-TEbSru;0?;bFD5i2ATIkP!!!!1!!!!","6291458":"!<d@[F*OUu#64c-E,TfC#QOi)!<d@[F*\\kR#64o6@VfsmCI<#NAIW-_Bldj%ARo7dDe!Pj$#O*mATDKnCi]XX!!%a*!!$U<!!!$*Ec6&.FD5Z2!2'Jq$O:0a@W,skEtSHQ!!\"(u!<<Z1!\"]Y(!0@]U!O*(&!!+22!>-C4!>-FE!&5PT!&5Sf!C7dh!Dss6!-'(E!0JB#!MLS$!PolW!7;kV!:_02!=0$DD/\")jBk1d@DZKh<#RPQdA7\\\\XCh[D\\!!!98F(o/r6#:CVF*(?!Ch[D\\!!!0/@VfsmCJJ;TAK+!ZE,ol7Bk(piC`m2'De!Q*-us$FATVKo.16r#G%#*$9jr-TEbSru;0?;bFD5i2ATInQ!!!!1!!!!1!!!!","6292482":"!<d@[F*OUu#64c-E,TfC#QOi)!<d@[F*\\nS#64o6@VfsmCI<#NAIW-_Bldj%ARo7dDe!Pj$#O*mATDKnCi]UW!!%[(!!!$*Ec6&.FD5Z2!2'Jq$O:0a@W,skErl=A!!!Q0!!!!0!!ipCD/\")jBk1d@DZKi&#RPQdA7\\\\XCh[D\\!'^`\"F(o/r6#:CVF*(?!Ch[D\\!'^Vn@VfsmCJJ;TAJ%:PE,ol7Bk(piC`m2'De!Pj(L_JqBl$LPFCfK,@;Je`@;^1$FD5<-!<<*\"!\"],1!!","6293506":"!<d@[F*OUu#64c-E,TfC#QOi)!<d@[F*\\qT#64o6@VfsmCI<#NAIW-_Bldj%ARo7dDe!Pj$#O*mATDKnCi]XX!!%a*!!$U<!!!$*Ec6&.FD5Z2!2'Jq$O:0a@W,skEs_mI!!!QG!,rJV!,qrY!O)P7!71`g!-&Sf!0Ij6!O31E!RVGh!9\"M3!!ipCD/\")jBk1d@DZKh<#RPQdA7\\\\XCh[D\\!!!98F(o/r6#:CVF*(?!Ch[D\\!!!0/@VfsmCJJ;TAK+!ZE,ol7Bk(piC`m2'De!Q*-us$FATVKo.16r#G%#*$9jr-TEbSru;0?;bFD5i2ATInQ!!!!1!!!!1!!!!","7340034":"!<d@[F*OUu#64c-E,TfC#ljr*!<d@[F*\\kR#64o6@VfsmCI<#NAIW-_Bldj%ARo7dDe!Pj$#O*mATDKnCi]UW!!%a*!!!$*Ec6&.FD5Z2!2'Jq$O:0a@W,skErc7@!!\")?!!ipCD/\")jBk1d@DZKh<#RPQdA7\\\\XCh[D\\!!!98F(o/r6#:CVF*(?!Ch[D\\!!!0/@VfsmCJJ;TAK+!ZE,ol7Bk(piC`m2'De!Q*-us$FATVKo.16r#G%#*$9jr-TEbSru;0?;bFD5i2ATIkP!!!!1!!!!","7341058":"!<d@[F*OUu#64c-E,TfC#ljr*!<d@[F*\\nS#64o6@VfsmCI<#NAIW-_Bldj%ARo7dDe!Pj$#O*mATDKnCi]UW!!%[(!!!$*Ec6&.FD5Z2!2'Jq$O:0a@W,skErl=A!!!Q0!!!!0!!ipCD/\")jBk1d@DZKi&#RPQdA7\\\\XCh[D\\!'^`\"F(o/r6#:CVF*(?!Ch[D\\!'^Vn@VfsmCJJ;TAJ%:PE,ol7Bk(piC`m2'De!Pj(L_JqBl$LPFCfK,@;Je`@;^1$FD5<-!<<*\"!\"],1!!","7342082":"!<d@[F*OUu#64c-E,TfC#ljr*!<d@[F*\\qT#64o6@VfsmCI<#NAIW-_Bldj%ARo7dDe!Pj$#O*mATDKnCi]UW!!%a*!!!$*Ec6&.FD5Z2!2'Jq$O:0a@W,skErc7@!!!QP!!ipCD/\")jBk1d@DZKi&#RPQdA7\\\\XCh[D\\!'^`\"F(o/r6#:CVF*(?!Ch[D\\!'^Vn@VfsmCJJ;TAK+!ZE,ol7Bk(piC`m2'De!Q*-us$FATVKo.16r#G%#*$9jr-TEbSru;0?;bFD5i2ATIkP!!!!1!!!!","8388610":"!<d@[F*OUu#64c-E,TfC$31&+!<d@[F*\\kR#64o6@VfsmCI<#NAIW-_Bldj%ARo7dDe!Pj$#O*mATDKnCi]UW!!%a*!!!$*Ec6&.FD5Z2!2'Jq$O:0a@W,skEruCB!!\",2!!\"(u!\"]Y!!!ipCD/\")jBk1d@DZKi&#RPQdA7\\\\XCh[D\\!'^`\"F(o/r6#:CVF*(?!Ch[D\\!'^Vn@VfsmCJJ;TAK+!ZE,ol7Bk(piC`m2'De!Q*-us$FATVKo.16r#G%#*$9jr-TEbSru;0?;bFD5i2ATIkP!!!!1!!!!","8389634":"!<d@[F*OUu#64c-E,TfC$31&+!<d@[F*\\nS#64o6@VfsmCI<#NAIW-_Bldj%ARo7dDe!Pj$Zg3(G@Pc)DeWa'#ljr*YQp'dTET'1O;(7dOVM\"!E>Fl@:_GVc;&n*d0G\"lt0cood$P@#lDfor.;f6Mt6ZljVBk28fz$.&YQqQKr$n;mVPr9s[o$#O*mATDKnCi][Y!!%[(!!&Z;!!\"VT!!!$*Ec6&.FD5Z2!2'Jq$O:0a@W,skEs_mI!!!QD!!\")3!$Dn3!$E93!'h6$!'hI5!+6S/!.Y9A!MBUr!jDof!XK-ED/\")jBk1d@DZKh<#RPQdA7\\\\XCh[D\\!!!98F(o/r6#:CVF*(?!Ch[D\\!!!0/@VfsmCJJ;TAK!pSEcQ)/ARlonF`;A>DJ<TrAS`JuCi<g!$Q!5p@;0OP@<?($BjkgTF^]00Bln'#EruCB!!!Q1!!!Q1!!!Q1!!!","8390658":"!<d@[F*OUu#64c-E,TfC$31&+!<d@[F*\\qT#64o6@VfsmCI<#NAIW-_Bldj%ARo7dDe!Pj$#O*mATDKnCi]UW!!%a*!!!$*Ec6&.FD5Z2!2'Jq$O:0a@W,skEruCB!!!!2!!*WB!\"fbC!!ipCD/\")jBk1d@DZKi&#RPQdA7\\\\XCh[D\\!'^`\"F(o/r6#:CVF*(?!Ch[D\\!'^Vn@VfsmCJJ;TAK+!ZE,ol7Bk(piC`m2'De!Q*-us$FATVKo.16r#G%#*$9jr-TEbSru;0?;bFD5i2ATIkP!!!!1!!!!"},"Entities":[],"ReplaceMode":2,"EntranceRotation":-1}