{
	"editor": {
		"allAngles": true,
		"entityTextureMode": true
	},
	"textureWidth": 32,
	"textureHeight": 32,
	"textureSizes": {
		"skin": [32,32]
	},
	"textures": {
	},
	"elements": [
		{
			"name": "Body",
			"from": [ 2.835, 6.975, 5.97 ], 
			"to": [ 8.235, 11.7, 9.615 ], 
			"unwrapMode": 3,
			"uv": [ 0.0, 0.0 ],
			"rotationOrigin": [ 8.235, 9.3375, 8.0 ],
			"rotationZ": 3.0,
			"faces": {
				"north": { "texture": "#skin", "uv": [ 14.0, 4.0, 20.0, 9.0 ] },
				"east": { "texture": "#skin", "uv": [ 10.0, 4.0, 14.0, 9.0 ] },
				"south": { "texture": "#skin", "uv": [ 4.0, 4.0, 10.0, 9.0 ] },
				"west": { "texture": "#skin", "uv": [ 0.0, 4.0, 4.0, 9.0 ] },
				"up": { "texture": "#skin", "uv": [ 4.0, 0.0, 10.0, 4.0 ] },
				"down": { "texture": "#skin", "uv": [ 4.0, 9.0, 10.0, 13.0 ], "rotation": 180 }
			},
			"children": [
				{
					"name": "neck",
					"from": [ -0.3375, 2.403, 0.81 ], 
					"to": [ 2.97, 6.453, 2.835 ], 
					"unwrapMode": 3,
					"unwrapRotation": 1,
					"autoUnwrap": false,
					"uv": [ 20.0, 0.0 ],
					"rotationOrigin": [ 2.3625, 2.4075, 1.8225 ],
					"rotationY": 5.0,
					"rotationZ": 58.0,
					"faces": {
						"north": { "texture": "#skin", "uv": [ 26.5, 1.5, 31.0, 5.0 ], "rotation": 270, "windMode": [-1,-1,-1,-1], "windData": [0,0,1,0] },
						"east": { "texture": "#skin", "uv": [ 22.0, 0.0, 26.5, 2.0 ], "rotation": 90, "windMode": [-1,-1,-1,-1], "windData": [1,0,0,1] },
						"south": { "texture": "#skin", "uv": [ 22.0, 2.0, 26.5, 5.5 ], "rotation": 90 },
						"west": { "texture": "#skin", "uv": [ 22.0, 5.5, 26.5, 7.5 ], "rotation": 90 },
						"up": { "texture": "#skin", "uv": [ 20.0, 2.0, 22.0, 5.5 ], "rotation": 90 },
						"down": { "texture": "#skin", "uv": [ 26.5, 2.0, 28.5, 5.5 ], "rotation": 270, "enabled": false, "windMode": [-1,-1,-1,-1] }
					},
					"children": [
						{
							"name": "neck2",
							"from": [ 0.513, 1.935, 0.0675 ], 
							"to": [ 3.213, 5.985, 1.9575 ], 
							"unwrapMode": 3,
							"uv": [ 22.0, 7.5 ],
							"rotationOrigin": [ 2.9475, 3.6225, 1.0125 ],
							"rotationZ": -17.0,
							"faces": {
								"north": { "texture": "#skin", "uv": [ 29.0, 9.5, 32.0, 14.0 ] },
								"east": { "texture": "#skin", "uv": [ 27.0, 9.5, 29.0, 14.0 ] },
								"south": { "texture": "#skin", "uv": [ 24.0, 9.5, 27.0, 14.0 ] },
								"west": { "texture": "#skin", "uv": [ 22.0, 9.5, 24.0, 14.0 ] },
								"up": { "texture": "#skin", "uv": [ 24.0, 7.5, 27.0, 9.5 ] },
								"down": { "texture": "#skin", "uv": [ 24.0, 14.0, 27.0, 16.0 ], "rotation": 180, "enabled": false, "windMode": [-1,-1,-1,-1] }
							},
							"children": [
								{
									"name": "head",
									"from": [ 0.018, 1.854, -0.2362 ], 
									"to": [ 2.3805, 4.419, 2.1262 ], 
									"unwrapMode": 4,
									"uv": [ 10.0, 13.0 ],
									"rotationOrigin": [ 2.1825, 3.681, 1.0125 ],
									"rotationZ": -61.0,
									"faces": {
										"north": { "texture": "#skin", "uv": [ 10.0, 15.5, 12.5, 18.0 ] },
										"east": { "texture": "#skin", "uv": [ 17.5, 15.5, 20.0, 18.0 ] },
										"south": { "texture": "#skin", "uv": [ 15.0, 15.5, 17.5, 18.0 ] },
										"west": { "texture": "#skin", "uv": [ 12.5, 15.5, 15.0, 18.0 ] },
										"up": { "texture": "#skin", "uv": [ 12.5, 13.0, 15.0, 15.5 ], "rotation": 90 },
										"down": { "texture": "#skin", "uv": [ 12.5, 18.0, 15.0, 20.5 ], "rotation": 90 }
									},
									"children": [
										{
											"name": "mouth up",
											"from": [ -1.8225, 0.405, 0.54 ], 
											"to": [ 0.2025, 0.99, 1.89 ], 
											"unwrapMode": 5,
											"unwrapRotation": 1,
											"uv": [ 0.0, 9.0 ],
											"rotationOrigin": [ 0.2025, 1.125, 1.215 ],
											"rotationZ": 45.0,
											"faces": {
												"north": { "texture": "#skin", "uv": [ 0.0, 9.0, 0.5, 11.0 ], "rotation": 270 },
												"east": { "texture": "#skin", "uv": [ 0.5, 9.0, 2.0, 9.5 ], "rotation": 180, "enabled": false },
												"south": { "texture": "#skin", "uv": [ 2.0, 9.0, 2.5, 11.0 ], "rotation": 90 },
												"west": { "texture": "#skin", "uv": [ 0.5, 11.0, 2.0, 11.5 ] },
												"up": { "texture": "#skin", "uv": [ 0.5, 9.0, 2.0, 11.0 ], "rotation": 90 },
												"down": { "texture": "#skin", "uv": [ 2.5, 9.0, 4.0, 11.0 ], "rotation": 270 }
											},
											"children": [
												{
													"name": "nose",
													"from": [ -0.0675, 0.099, 0.27 ], 
													"to": [ 0.6075, 0.7065, 1.08 ], 
													"unwrapMode": 4,
													"uv": [ 12.0, 11.5 ],
													"rotationOrigin": [ -0.0675, 0.7425, 0.675 ],
													"faces": {
														"north": { "texture": "#skin", "uv": [ 12.0, 12.0, 12.5, 12.5 ], "windMode": [-1,-1,-1,-1], "windData": [1,1,1,1] },
														"east": { "texture": "#skin", "uv": [ 13.5, 12.0, 14.0, 12.5 ], "windMode": [-1,-1,-1,-1], "windData": [1,1,1,1] },
														"south": { "texture": "#skin", "uv": [ 13.0, 12.0, 13.5, 12.5 ], "windMode": [-1,-1,-1,-1], "windData": [1,1,1,1] },
														"west": { "texture": "#skin", "uv": [ 12.5, 12.0, 13.0, 12.5 ], "windMode": [-1,-1,-1,-1], "windData": [1,1,1,1] },
														"up": { "texture": "#skin", "uv": [ 12.5, 11.5, 13.0, 12.0 ], "rotation": 90, "windMode": [-1,-1,-1,-1], "windData": [1,1,1,1] },
														"down": { "texture": "#skin", "uv": [ 12.5, 12.5, 13.0, 13.0 ], "rotation": 90, "windMode": [-1,-1,-1,-1], "windData": [1,1,1,1] }
													}
												},
												{
													"name": "nose bridge",
													"from": [ 0.3375, 0.063, 0.135 ], 
													"to": [ 2.79, 0.693, 1.215 ], 
													"unwrapMode": 5,
													"unwrapRotation": 1,
													"uv": [ 10.0, 11.5 ],
													"rotationOrigin": [ 0.3375, 0.153, 0.4725 ],
													"rotationZ": 20.0,
													"faces": {
														"north": { "texture": "#skin", "uv": [ 10.0, 11.5, 10.5, 14.0 ], "rotation": 270 },
														"east": { "texture": "#skin", "uv": [ 10.5, 11.5, 11.5, 12.0 ], "rotation": 180, "enabled": false, "windMode": [-1,-1,-1,-1], "windData": [1,1,1,1] },
														"south": { "texture": "#skin", "uv": [ 11.5, 11.5, 12.0, 14.0 ], "rotation": 90 },
														"west": { "texture": "#skin", "uv": [ 10.5, 14.0, 11.5, 14.5 ], "enabled": false },
														"up": { "texture": "#skin", "uv": [ 10.5, 11.5, 11.5, 14.0 ], "rotation": 90 },
														"down": { "texture": "#skin", "uv": [ 12.0, 11.5, 13.0, 14.0 ], "rotation": 270, "enabled": false }
													}
												}
											]
										},
										{
											"name": "R ear",
											"from": [ 1.08, 1.782, -1.26 ], 
											"to": [ 1.4175, 2.7945, 0.4275 ], 
											"unwrapMode": 4,
											"uv": [ 0.0, 0.0 ],
											"rotationOrigin": [ 1.215, 2.25, 0.4275 ],
											"rotationX": 65.0,
											"rotationZ": 22.0,
											"faces": {
												"north": { "texture": "#skin", "uv": [ 0.0, 0.5, 0.5, 1.5 ] },
												"east": { "texture": "#skin", "uv": [ 2.5, 0.5, 4.0, 1.5 ] },
												"south": { "texture": "#skin", "uv": [ 2.0, 0.5, 2.5, 1.5 ], "windMode": [-1,-1,-1,-1], "windData": [0,0,0,0] },
												"west": { "texture": "#skin", "uv": [ 0.5, 0.5, 2.0, 1.5 ] },
												"up": { "texture": "#skin", "uv": [ 0.5, 0.0, 2.0, 0.5 ], "rotation": 90 },
												"down": { "texture": "#skin", "uv": [ 0.5, 1.5, 2.0, 2.0 ], "rotation": 90 }
											}
										},
										{
											"name": "L ear",
											"from": [ 1.08, 1.782, 1.98 ], 
											"to": [ 1.4175, 2.7945, 3.6675 ], 
											"unwrapMode": 2,
											"uv": [ 0.0, 2.0 ],
											"rotationOrigin": [ 1.215, 2.25, 1.98 ],
											"rotationX": -65.0,
											"rotationZ": 22.0,
											"faces": {
												"north": { "texture": "#skin", "uv": [ 2.0, 2.5, 2.5, 3.5 ], "windMode": [-1,-1,-1,-1] },
												"east": { "texture": "#skin", "uv": [ 0.5, 2.5, 2.0, 3.5 ] },
												"south": { "texture": "#skin", "uv": [ 0.0, 2.5, 0.5, 3.5 ], "windMode": [-1,-1,-1,-1], "windData": [1,1,1,1] },
												"west": { "texture": "#skin", "uv": [ 2.5, 2.5, 4.0, 3.5 ] },
												"up": { "texture": "#skin", "uv": [ 0.5, 2.0, 2.0, 2.5 ], "rotation": 270 },
												"down": { "texture": "#skin", "uv": [ 0.5, 3.5, 2.0, 4.0 ], "rotation": 270 }
											}
										},
										{
											"name": "jaw",
											"from": [ -1.026, 0.036, 0.675 ], 
											"to": [ 0.999, 0.486, 1.755 ], 
											"unwrapMode": 5,
											"unwrapRotation": 1,
											"uv": [ 10.0, 9.0 ],
											"rotationOrigin": [ 0.8628, 0.531, 1.215 ],
											"rotationZ": 34.0,
											"faces": {
												"north": { "texture": "#skin", "uv": [ 10.0, 9.0, 10.5, 11.0 ], "rotation": 270 },
												"east": { "texture": "#skin", "uv": [ 10.5, 9.0, 11.5, 9.5 ], "rotation": 180, "enabled": false },
												"south": { "texture": "#skin", "uv": [ 11.5, 9.0, 12.0, 11.0 ], "rotation": 90 },
												"west": { "texture": "#skin", "uv": [ 10.5, 11.0, 11.5, 11.5 ] },
												"up": { "texture": "#skin", "uv": [ 10.5, 9.0, 11.5, 11.0 ], "rotation": 90 },
												"down": { "texture": "#skin", "uv": [ 12.0, 9.0, 13.0, 11.0 ], "rotation": 270 }
											}
										}
									]
								}
							]
						}
					]
				},
				{
					"name": "abdomen",
					"from": [ 4.995, 0.0, 0.135 ], 
					"to": [ 11.07, 4.725, 3.51 ], 
					"unwrapMode": 3,
					"unwrapRotation": 1,
					"autoUnwrap": false,
					"uv": [ 14.5, 22.0 ],
					"rotationOrigin": [ 4.995, 2.3625, 1.8225 ],
					"rotationZ": -1.0,
					"faces": {
						"north": { "texture": "#skin", "uv": [ 26.5, 25.5, 31.5, 32.0 ], "rotation": 270 },
						"east": { "texture": "#skin", "uv": [ 18.0, 22.0, 23.0, 25.5 ], "rotation": 90 },
						"south": { "texture": "#skin", "uv": [ 18.0, 25.5, 23.0, 32.0 ], "rotation": 90 },
						"west": { "texture": "#skin", "uv": [ 26.5, 22.0, 31.5, 25.5 ], "rotation": 90 },
						"up": { "texture": "#skin", "uv": [ 14.5, 25.5, 18.0, 32.0 ], "rotation": 90 },
						"down": { "texture": "#skin", "uv": [ 23.0, 25.5, 26.5, 32.0 ], "rotation": 270 }
					},
					"children": [
						{
							"name": "L back Thigh",
							"from": [ 3.0375, -0.135, 2.4975 ], 
							"to": [ 6.4125, 3.915, 3.8475 ], 
							"unwrapMode": 3,
							"uv": [ 0.0, 13.0 ],
							"rotationOrigin": [ 4.3875, 2.9025, 3.1725 ],
							"rotationX": 3.0,
							"rotationZ": 6.0,
							"faces": {
								"north": { "texture": "#skin", "uv": [ 6.5, 14.5, 10.0, 19.0 ] },
								"east": { "texture": "#skin", "uv": [ 5.0, 14.5, 6.5, 19.0 ] },
								"south": { "texture": "#skin", "uv": [ 1.5, 14.5, 5.0, 19.0 ] },
								"west": { "texture": "#skin", "uv": [ 0.0, 14.5, 1.5, 19.0 ] },
								"up": { "texture": "#skin", "uv": [ 1.5, 13.0, 5.0, 14.5 ], "windMode": [-1,-1,-1,-1], "windData": [0,0,1,1] },
								"down": { "texture": "#skin", "uv": [ 1.5, 19.0, 5.0, 20.5 ], "rotation": 180 }
							},
							"children": [
								{
									"name": "L back Upper Arm",
									"from": [ 0.27, -3.645, 0.135 ], 
									"to": [ 1.62, 0.7425, 1.215 ], 
									"unwrapMode": 3,
									"uv": [ 0.0, 20.5 ],
									"rotationOrigin": [ 0.945, 0.7425, 0.675 ],
									"rotationX": 1.0,
									"rotationZ": 47.0,
									"faces": {
										"north": { "texture": "#skin", "uv": [ 3.5, 21.5, 5.0, 26.0 ] },
										"east": { "texture": "#skin", "uv": [ 2.5, 21.5, 3.5, 26.0 ] },
										"south": { "texture": "#skin", "uv": [ 1.0, 21.5, 2.5, 26.0 ] },
										"west": { "texture": "#skin", "uv": [ 0.0, 21.5, 1.0, 26.0 ] },
										"up": { "texture": "#skin", "uv": [ 1.0, 20.5, 2.5, 21.5 ] },
										"down": { "texture": "#skin", "uv": [ 1.0, 26.0, 2.5, 27.0 ], "rotation": 180 }
									},
									"children": [
										{
											"name": "L back lower arm",
											"from": [ 0.27, -4.05, 0.135 ], 
											"to": [ 1.08, 0.675, 0.945 ], 
											"unwrapMode": 3,
											"uv": [ 20.0, 5.5 ],
											"rotationOrigin": [ 0.7425, 0.675, 0.54 ],
											"rotationX": -4.0,
											"rotationZ": -64.0,
											"faces": {
												"north": { "texture": "#skin", "uv": [ 21.5, 6.0, 22.0, 11.0 ] },
												"east": { "texture": "#skin", "uv": [ 21.0, 6.0, 21.5, 11.0 ] },
												"south": { "texture": "#skin", "uv": [ 20.5, 6.0, 21.0, 11.0 ] },
												"west": { "texture": "#skin", "uv": [ 20.0, 6.0, 20.5, 11.0 ] },
												"up": { "texture": "#skin", "uv": [ 20.5, 5.5, 21.0, 6.0 ] },
												"down": { "texture": "#skin", "uv": [ 20.5, 11.0, 21.0, 11.5 ], "rotation": 180 }
											},
											"children": [
												{
													"name": "L back pastern",
													"from": [ -0.0675, -1.35, 0.0675 ], 
													"to": [ 0.81, 0.3375, 0.7425 ], 
													"unwrapMode": 1,
													"uv": [ 2.0, 29.0 ],
													"rotationOrigin": [ 0.3375, 0.3375, 0.405 ],
													"rotationZ": -42.0,
													"faces": {
														"north": { "texture": "#skin", "uv": [ 2.5, 29.5, 3.0, 31.0 ] },
														"east": { "texture": "#skin", "uv": [ 2.0, 29.5, 2.5, 31.0 ] },
														"south": { "texture": "#skin", "uv": [ 3.5, 29.5, 4.0, 31.0 ] },
														"west": { "texture": "#skin", "uv": [ 3.0, 29.5, 3.5, 31.0 ] },
														"up": { "texture": "#skin", "uv": [ 2.5, 29.0, 3.0, 29.5 ], "rotation": 180 },
														"down": { "texture": "#skin", "uv": [ 2.5, 31.0, 3.0, 31.5 ] }
													},
													"children": [
														{
															"name": "L origin hind hoof",
															"from": [ 0.405, 0.45, 0.405 ], 
															"to": [ 0.405, 0.45, 0.405 ], 
															"uv": [ 0.0, 0.0 ],
															"rotationOrigin": [ 0.405, 0.45, 0.405 ],
															"rotationZ": 25.0,
															"faces": {
																"north": { "texture": "#skin", "uv": [ 0.0, 0.5, 0.375, 0.875 ], "enabled": false },
																"east": { "texture": "#skin", "uv": [ 0.5, 0.5, 0.875, 0.875 ], "enabled": false },
																"south": { "texture": "#skin", "uv": [ 1.0, 0.5, 1.375, 0.875 ], "enabled": false },
																"west": { "texture": "#skin", "uv": [ 1.5, 0.5, 1.875, 0.875 ], "enabled": false },
																"up": { "texture": "#skin", "uv": [ 0.0, 0.0, 0.375, 0.375 ], "enabled": false },
																"down": { "texture": "#skin", "uv": [ 0.5, 0.0, 0.875, 0.375 ], "enabled": false }
															},
															"children": [
																{
																	"name": "L hind hoof 1",
																	"from": [ -1.1475, -0.27, -0.3712 ], 
																	"to": [ -0.2025, 0.2025, 0.2362 ], 
																	"unwrapMode": 4,
																	"uv": [ 15.5, 13.0 ],
																	"rotationOrigin": [ -0.2025, 0.0675, 0.27 ],
																	"rotationZ": 60.0,
																	"faces": {
																		"north": { "texture": "#skin", "uv": [ 15.5, 14.0, 16.5, 14.5 ] },
																		"east": { "texture": "#skin", "uv": [ 18.0, 14.0, 18.5, 14.5 ] },
																		"south": { "texture": "#skin", "uv": [ 17.0, 14.0, 18.0, 14.5 ] },
																		"west": { "texture": "#skin", "uv": [ 16.5, 14.0, 17.0, 14.5 ] },
																		"up": { "texture": "#skin", "uv": [ 16.5, 13.0, 17.0, 14.0 ], "rotation": 90 },
																		"down": { "texture": "#skin", "uv": [ 16.5, 14.5, 17.0, 15.5 ], "rotation": 90 }
																	}
																},
																{
																	"name": "L hind hoof 2",
																	"from": [ -0.6075, -0.6075, -0.3712 ], 
																	"to": [ 0.2025, -0.27, 0.2362 ], 
																	"unwrapMode": 4,
																	"uv": [ 20.0, 0.5 ],
																	"rotationOrigin": [ 0.135, -0.27, 0.2025 ],
																	"rotationZ": 27.0,
																	"faces": {
																		"north": { "texture": "#skin", "uv": [ 20.0, 1.0, 20.5, 1.5 ] },
																		"east": { "texture": "#skin", "uv": [ 21.5, 1.0, 22.0, 1.5 ] },
																		"south": { "texture": "#skin", "uv": [ 21.0, 1.0, 21.5, 1.5 ] },
																		"west": { "texture": "#skin", "uv": [ 20.5, 1.0, 21.0, 1.5 ] },
																		"up": { "texture": "#skin", "uv": [ 20.5, 0.5, 21.0, 1.0 ], "rotation": 90 },
																		"down": { "texture": "#skin", "uv": [ 20.5, 1.5, 21.0, 2.0 ], "rotation": 90 }
																	}
																}
															]
														}
													]
												}
											]
										}
									]
								}
							]
						},
						{
							"name": "tail",
							"from": [ 5.823, 2.673, 1.2825 ], 
							"to": [ 6.498, 4.023, 2.0925 ], 
							"unwrapMode": 3,
							"unwrapRotation": 1,
							"uv": [ 12.5, 10.5 ],
							"rotationOrigin": [ 5.8275, 4.0275, 1.62 ],
							"rotationZ": 80.0,
							"faces": {
								"north": { "texture": "#skin", "uv": [ 15.0, 11.0, 16.5, 11.5 ], "rotation": 270, "windMode": [-1,-1,-1,-1], "windData": [0,1,1,0] },
								"east": { "texture": "#skin", "uv": [ 13.0, 10.5, 14.5, 11.0 ], "rotation": 90, "windMode": [-1,-1,-1,-1], "windData": [0,1,1,0] },
								"south": { "texture": "#skin", "uv": [ 13.0, 11.0, 14.5, 11.5 ], "rotation": 90 },
								"west": { "texture": "#skin", "uv": [ 13.0, 11.5, 14.5, 12.0 ], "rotation": 90, "windMode": [-1,-1,-1,-1], "windData": [0,0,1,1] },
								"up": { "texture": "#skin", "uv": [ 12.5, 11.0, 13.0, 11.5 ], "rotation": 90, "windMode": [-1,-1,-1,-1], "windData": [1,1,1,1] },
								"down": { "texture": "#skin", "uv": [ 14.5, 11.0, 15.0, 11.5 ], "rotation": 270, "windMode": [-1,-1,-1,-1] }
							},
							"children": [
								{
									"name": "tail-end",
									"from": [ 0.0, -0.405, 0.0675 ], 
									"to": [ 0.675, 0.27, 0.7425 ], 
									"unwrapMode": 3,
									"unwrapRotation": 1,
									"uv": [ 14.5, 11.5 ],
									"rotationOrigin": [ 0.0, 0.27, 0.0675 ],
									"rotationZ": -17.0,
									"faces": {
										"north": { "texture": "#skin", "uv": [ 15.5, 12.0, 16.0, 12.5 ], "rotation": 270 },
										"east": { "texture": "#skin", "uv": [ 14.5, 11.5, 15.0, 12.0 ], "rotation": 90 },
										"south": { "texture": "#skin", "uv": [ 14.5, 12.0, 15.0, 12.5 ], "rotation": 90 },
										"west": { "texture": "#skin", "uv": [ 14.5, 12.5, 15.0, 13.0 ], "rotation": 90 },
										"up": { "texture": "#skin", "uv": [ 14.5, 12.0, 15.0, 12.5 ], "rotation": 90, "enabled": false, "windMode": [-1,-1,-1,-1] },
										"down": { "texture": "#skin", "uv": [ 15.0, 12.0, 15.5, 12.5 ], "rotation": 270 }
									}
								}
							]
						},
						{
							"name": "R back Thigh",
							"from": [ 3.0375, -0.135, -0.54 ], 
							"to": [ 6.4125, 3.915, 0.81 ], 
							"unwrapMode": 1,
							"uv": [ 5.0, 19.0 ],
							"rotationOrigin": [ 4.3875, 2.9025, 0.2025 ],
							"rotationX": -3.0,
							"rotationZ": -36.0,
							"faces": {
								"north": { "texture": "#skin", "uv": [ 6.5, 20.5, 10.0, 25.0 ] },
								"east": { "texture": "#skin", "uv": [ 5.0, 20.5, 6.5, 25.0 ] },
								"south": { "texture": "#skin", "uv": [ 11.5, 20.5, 15.0, 25.0 ] },
								"west": { "texture": "#skin", "uv": [ 10.0, 20.5, 11.5, 25.0 ] },
								"up": { "texture": "#skin", "uv": [ 6.5, 19.0, 10.0, 20.5 ], "rotation": 180 },
								"down": { "texture": "#skin", "uv": [ 6.5, 25.0, 10.0, 26.5 ] }
							},
							"children": [
								{
									"name": "R back Upper Arm",
									"from": [ 0.27, -3.645, 0.135 ], 
									"to": [ 1.62, 0.7425, 1.215 ], 
									"unwrapMode": 1,
									"uv": [ 4.0, 25.5 ],
									"rotationOrigin": [ 0.945, 0.7425, 0.675 ],
									"rotationX": -1.0,
									"rotationZ": 61.0,
									"faces": {
										"north": { "texture": "#skin", "uv": [ 5.0, 26.5, 6.5, 31.0 ] },
										"east": { "texture": "#skin", "uv": [ 4.0, 26.5, 5.0, 31.0 ] },
										"south": { "texture": "#skin", "uv": [ 7.5, 26.5, 9.0, 31.0 ] },
										"west": { "texture": "#skin", "uv": [ 6.5, 26.5, 7.5, 31.0 ] },
										"up": { "texture": "#skin", "uv": [ 5.0, 25.5, 6.5, 26.5 ], "rotation": 180 },
										"down": { "texture": "#skin", "uv": [ 5.0, 31.0, 6.5, 32.0 ] }
									},
									"children": [
										{
											"name": "R back lower arm",
											"from": [ 0.27, -4.05, 0.135 ], 
											"to": [ 1.08, 0.675, 0.945 ], 
											"unwrapMode": 1,
											"uv": [ 15.0, 18.0 ],
											"rotationOrigin": [ 0.7425, 0.675, 0.54 ],
											"rotationX": 4.0,
											"rotationZ": -55.0,
											"faces": {
												"north": { "texture": "#skin", "uv": [ 15.5, 18.5, 16.0, 23.5 ] },
												"east": { "texture": "#skin", "uv": [ 15.0, 18.5, 15.5, 23.5 ] },
												"south": { "texture": "#skin", "uv": [ 16.5, 18.5, 17.0, 23.5 ] },
												"west": { "texture": "#skin", "uv": [ 16.0, 18.5, 16.5, 23.5 ] },
												"up": { "texture": "#skin", "uv": [ 15.5, 18.0, 16.0, 18.5 ], "rotation": 180 },
												"down": { "texture": "#skin", "uv": [ 15.5, 23.5, 16.0, 24.0 ] }
											},
											"children": [
												{
													"name": "R back pastern",
													"from": [ -0.0675, -1.35, 0.0675 ], 
													"to": [ 0.81, 0.3375, 0.7425 ], 
													"unwrapMode": 3,
													"uv": [ 2.0, 26.33 ],
													"rotationOrigin": [ 0.3375, 0.3375, 0.405 ],
													"rotationZ": -30.0,
													"faces": {
														"north": { "texture": "#skin", "uv": [ 3.5, 27.0, 4.0, 28.5 ] },
														"east": { "texture": "#skin", "uv": [ 3.0, 27.0, 3.5, 28.5 ] },
														"south": { "texture": "#skin", "uv": [ 2.5, 27.0, 3.0, 28.5 ] },
														"west": { "texture": "#skin", "uv": [ 2.0, 27.0, 2.5, 28.5 ] },
														"up": { "texture": "#skin", "uv": [ 2.5, 26.5, 3.0, 27.0 ] },
														"down": { "texture": "#skin", "uv": [ 2.5, 28.5, 3.0, 29.0 ], "rotation": 180 }
													},
													"children": [
														{
															"name": "R origin hind hoof",
															"from": [ 0.405, 0.36, 0.405 ], 
															"to": [ 0.405, 0.36, 0.405 ], 
															"uv": [ 0.0, 0.0 ],
															"rotationOrigin": [ 0.405, 0.36, 0.405 ],
															"rotationZ": 30.0,
															"faces": {
																"north": { "texture": "#skin", "uv": [ 0.0, 0.5, 0.375, 0.875 ], "enabled": false },
																"east": { "texture": "#skin", "uv": [ 0.5, 0.5, 0.875, 0.875 ], "enabled": false },
																"south": { "texture": "#skin", "uv": [ 1.0, 0.5, 1.375, 0.875 ], "enabled": false },
																"west": { "texture": "#skin", "uv": [ 1.5, 0.5, 1.875, 0.875 ], "enabled": false },
																"up": { "texture": "#skin", "uv": [ 0.0, 0.0, 0.375, 0.375 ], "enabled": false },
																"down": { "texture": "#skin", "uv": [ 0.5, 0.0, 0.875, 0.375 ], "enabled": false }
															},
															"children": [
																{
																	"name": "R hind hoof 1",
																	"from": [ -1.1475, -0.27, -0.3712 ], 
																	"to": [ -0.2025, 0.2025, 0.2362 ], 
																	"unwrapMode": 4,
																	"uv": [ 15.5, 9.0 ],
																	"rotationOrigin": [ -0.2025, 0.0675, 0.27 ],
																	"rotationZ": 60.0,
																	"faces": {
																		"north": { "texture": "#skin", "uv": [ 15.5, 10.0, 16.5, 10.5 ] },
																		"east": { "texture": "#skin", "uv": [ 18.0, 10.0, 18.5, 10.5 ] },
																		"south": { "texture": "#skin", "uv": [ 17.0, 10.0, 18.0, 10.5 ] },
																		"west": { "texture": "#skin", "uv": [ 16.5, 10.0, 17.0, 10.5 ] },
																		"up": { "texture": "#skin", "uv": [ 16.5, 9.0, 17.0, 10.0 ], "rotation": 90 },
																		"down": { "texture": "#skin", "uv": [ 16.5, 10.5, 17.0, 11.5 ], "rotation": 90 }
																	}
																},
																{
																	"name": "R hind hoof 2",
																	"from": [ -0.6075, -0.6075, -0.3712 ], 
																	"to": [ 0.2025, -0.27, 0.2362 ], 
																	"unwrapMode": 4,
																	"uv": [ 17.5, 1.0 ],
																	"rotationOrigin": [ 0.135, -0.27, 0.2025 ],
																	"rotationZ": 27.0,
																	"faces": {
																		"north": { "texture": "#skin", "uv": [ 17.5, 1.5, 18.0, 2.0 ] },
																		"east": { "texture": "#skin", "uv": [ 19.0, 1.5, 19.5, 2.0 ] },
																		"south": { "texture": "#skin", "uv": [ 18.5, 1.5, 19.0, 2.0 ] },
																		"west": { "texture": "#skin", "uv": [ 18.0, 1.5, 18.5, 2.0 ] },
																		"up": { "texture": "#skin", "uv": [ 18.0, 1.0, 18.5, 1.5 ], "rotation": 90 },
																		"down": { "texture": "#skin", "uv": [ 18.0, 2.0, 18.5, 2.5 ], "rotation": 90 }
																	}
																}
															]
														}
													]
												}
											]
										}
									]
								}
							]
						}
					]
				},
				{
					"name": "L front Thigh",
					"from": [ 0.54, 0.558, 3.375 ], 
					"to": [ 2.565, 3.933, 4.3875 ], 
					"unwrapMode": 3,
					"uv": [ 20.0, 14.0 ],
					"rotationOrigin": [ 1.5525, 2.5875, 3.7125 ],
					"rotationX": 3.0,
					"rotationZ": 8.0,
					"faces": {
						"north": { "texture": "#skin", "uv": [ 24.0, 15.0, 26.0, 18.5 ] },
						"east": { "texture": "#skin", "uv": [ 23.0, 15.0, 24.0, 18.5 ] },
						"south": { "texture": "#skin", "uv": [ 21.0, 15.0, 23.0, 18.5 ] },
						"west": { "texture": "#skin", "uv": [ 20.0, 15.0, 21.0, 18.5 ] },
						"up": { "texture": "#skin", "uv": [ 21.0, 14.0, 23.0, 15.0 ], "windMode": [-1,-1,-1,-1] },
						"down": { "texture": "#skin", "uv": [ 21.0, 18.5, 23.0, 19.5 ], "rotation": 180 }
					},
					"children": [
						{
							"name": "L front Upper Arm",
							"from": [ 0.3375, -3.375, -0.2025 ], 
							"to": [ 1.6875, 0.675, 0.81 ], 
							"unwrapMode": 3,
							"autoUnwrap": false,
							"uv": [ 23.0, 18.5 ],
							"rotationOrigin": [ 1.0125, 0.3375, 0.3375 ],
							"rotationX": 1.0,
							"rotationZ": -14.0,
							"faces": {
								"north": { "texture": "#skin", "uv": [ 30.5, 5.0, 32.0, 9.5 ] },
								"east": { "texture": "#skin", "uv": [ 25.5, 19.5, 26.5, 24.0 ] },
								"south": { "texture": "#skin", "uv": [ 24.0, 19.5, 25.5, 24.0 ] },
								"west": { "texture": "#skin", "uv": [ 23.0, 19.5, 24.0, 24.0 ] },
								"up": { "texture": "#skin", "uv": [ 24.0, 18.5, 25.5, 19.5 ] },
								"down": { "texture": "#skin", "uv": [ 24.0, 24.0, 25.5, 25.0 ], "rotation": 180 }
							},
							"children": [
								{
									"name": "L front lower arm",
									"from": [ 0.405, -2.79, 0.135 ], 
									"to": [ 1.08, 0.585, 0.8775 ], 
									"unwrapMode": 3,
									"uv": [ 17.0, 18.0 ],
									"rotationOrigin": [ 0.8775, 0.2475, 0.54 ],
									"rotationX": -3.0,
									"rotationZ": -3.0,
									"faces": {
										"north": { "texture": "#skin", "uv": [ 18.5, 18.5, 19.0, 22.0 ] },
										"east": { "texture": "#skin", "uv": [ 18.0, 18.5, 18.5, 22.0 ] },
										"south": { "texture": "#skin", "uv": [ 17.5, 18.5, 18.0, 22.0 ] },
										"west": { "texture": "#skin", "uv": [ 17.0, 18.5, 17.5, 22.0 ] },
										"up": { "texture": "#skin", "uv": [ 17.5, 18.0, 18.0, 18.5 ] },
										"down": { "texture": "#skin", "uv": [ 17.5, 22.0, 18.0, 22.5 ], "rotation": 180 }
									},
									"children": [
										{
											"name": "L front pastern",
											"from": [ 0.0, -1.215, 0.0337 ], 
											"to": [ 0.7425, 0.4725, 0.7087 ], 
											"unwrapMode": 3,
											"uv": [ 18.0, 10.5 ],
											"rotationOrigin": [ 0.3375, 0.4725, 0.3375 ],
											"rotationX": -1.0,
											"rotationZ": -19.0,
											"faces": {
												"north": { "texture": "#skin", "uv": [ 19.5, 11.0, 20.0, 12.5 ] },
												"east": { "texture": "#skin", "uv": [ 19.0, 11.0, 19.5, 12.5 ] },
												"south": { "texture": "#skin", "uv": [ 18.5, 11.0, 19.0, 12.5 ] },
												"west": { "texture": "#skin", "uv": [ 18.0, 11.0, 18.5, 12.5 ] },
												"up": { "texture": "#skin", "uv": [ 18.5, 10.5, 19.0, 11.0 ] },
												"down": { "texture": "#skin", "uv": [ 18.5, 12.5, 19.0, 13.0 ], "rotation": 180 }
											},
											"children": [
												{
													"name": "L origin hoof",
													"from": [ 0.405, 0.54, 0.405 ], 
													"to": [ 0.405, 0.54, 0.405 ], 
													"uv": [ 0.0, 0.0 ],
													"rotationOrigin": [ 0.405, 0.54, 0.405 ],
													"faces": {
														"north": { "texture": "#skin", "uv": [ 0.0, 0.5, 0.375, 0.875 ], "enabled": false },
														"east": { "texture": "#skin", "uv": [ 0.5, 0.5, 0.875, 0.875 ], "enabled": false },
														"south": { "texture": "#skin", "uv": [ 1.0, 0.5, 1.375, 0.875 ], "enabled": false },
														"west": { "texture": "#skin", "uv": [ 1.5, 0.5, 1.875, 0.875 ], "enabled": false },
														"up": { "texture": "#skin", "uv": [ 0.0, 0.0, 0.375, 0.375 ], "enabled": false },
														"down": { "texture": "#skin", "uv": [ 0.5, 0.0, 0.875, 0.375 ], "enabled": false }
													},
													"children": [
														{
															"name": "L front hoof 1",
															"from": [ -1.1475, -0.27, -0.3712 ], 
															"to": [ -0.2025, 0.2025, 0.2362 ], 
															"unwrapMode": 4,
															"uv": [ 0.0, 11.5 ],
															"rotationOrigin": [ -0.2025, 0.0675, 0.27 ],
															"rotationZ": 60.0,
															"faces": {
																"north": { "texture": "#skin", "uv": [ 0.0, 12.5, 1.0, 13.0 ] },
																"east": { "texture": "#skin", "uv": [ 2.5, 12.5, 3.0, 13.0 ] },
																"south": { "texture": "#skin", "uv": [ 1.5, 12.5, 2.5, 13.0 ] },
																"west": { "texture": "#skin", "uv": [ 1.0, 12.5, 1.5, 13.0 ] },
																"up": { "texture": "#skin", "uv": [ 1.0, 11.5, 1.5, 12.5 ], "rotation": 90 },
																"down": { "texture": "#skin", "uv": [ 1.0, 13.0, 1.5, 14.0 ], "rotation": 90 }
															}
														},
														{
															"name": "L front hoof 2",
															"from": [ -0.6075, -0.6075, -0.3712 ], 
															"to": [ 0.2025, -0.27, 0.2362 ], 
															"unwrapMode": 4,
															"uv": [ 18.5, 0.0 ],
															"rotationOrigin": [ 0.135, -0.27, 0.2025 ],
															"rotationZ": 27.0,
															"faces": {
																"north": { "texture": "#skin", "uv": [ 18.5, 0.5, 19.0, 1.0 ] },
																"east": { "texture": "#skin", "uv": [ 20.0, 0.5, 20.5, 1.0 ] },
																"south": { "texture": "#skin", "uv": [ 19.5, 0.5, 20.0, 1.0 ] },
																"west": { "texture": "#skin", "uv": [ 19.0, 0.5, 19.5, 1.0 ] },
																"up": { "texture": "#skin", "uv": [ 19.0, 0.0, 19.5, 0.5 ], "rotation": 90 },
																"down": { "texture": "#skin", "uv": [ 19.0, 1.0, 19.5, 1.5 ], "rotation": 90 }
															}
														}
													]
												}
											]
										}
									]
								}
							]
						}
					]
				},
				{
					"name": "R front Thigh",
					"from": [ 0.54, 0.7425, -0.4725 ], 
					"to": [ 2.565, 4.1175, 0.54 ], 
					"unwrapMode": 1,
					"autoUnwrap": false,
					"uv": [ 26.0, 13.5 ],
					"rotationOrigin": [ 1.5525, 2.7675, 0.27 ],
					"rotationX": -3.0,
					"rotationZ": 7.0,
					"faces": {
						"north": { "texture": "#skin", "uv": [ 27.0, 14.0, 29.0, 17.5 ] },
						"east": { "texture": "#skin", "uv": [ 26.0, 14.0, 27.0, 17.5 ] },
						"south": { "texture": "#skin", "uv": [ 30.0, 14.0, 32.0, 17.5 ] },
						"west": { "texture": "#skin", "uv": [ 29.0, 14.0, 30.0, 17.5 ] },
						"up": { "texture": "#skin", "uv": [ 30.0, 17.5, 32.0, 18.5 ], "rotation": 180 },
						"down": { "texture": "#skin", "uv": [ 27.0, 17.5, 29.0, 18.5 ] }
					},
					"children": [
						{
							"name": "R front Upper Arm",
							"from": [ 0.3375, -3.375, 0.2025 ], 
							"to": [ 1.6875, 0.675, 1.215 ], 
							"unwrapMode": 1,
							"uv": [ 9.0, 25.5 ],
							"rotationOrigin": [ 1.0125, 0.3375, 0.675 ],
							"rotationX": -1.0,
							"rotationZ": -44.0,
							"faces": {
								"north": { "texture": "#skin", "uv": [ 10.0, 26.5, 11.5, 31.0 ] },
								"east": { "texture": "#skin", "uv": [ 9.0, 26.5, 10.0, 31.0 ] },
								"south": { "texture": "#skin", "uv": [ 12.5, 26.5, 14.0, 31.0 ] },
								"west": { "texture": "#skin", "uv": [ 11.5, 26.5, 12.5, 31.0 ] },
								"up": { "texture": "#skin", "uv": [ 10.0, 25.5, 11.5, 26.5 ], "rotation": 180 },
								"down": { "texture": "#skin", "uv": [ 10.0, 31.0, 11.5, 32.0 ] }
							},
							"children": [
								{
									"name": "R front lower arm",
									"from": [ 0.405, -2.7, 0.135 ], 
									"to": [ 1.08, 0.675, 0.8775 ], 
									"unwrapMode": 1,
									"uv": [ 0.0, 27.0 ],
									"rotationOrigin": [ 0.8775, 0.3375, 0.675 ],
									"rotationX": 3.0,
									"rotationZ": 30.0,
									"faces": {
										"north": { "texture": "#skin", "uv": [ 0.5, 27.5, 1.0, 31.0 ] },
										"east": { "texture": "#skin", "uv": [ 0.0, 27.5, 0.5, 31.0 ] },
										"south": { "texture": "#skin", "uv": [ 1.5, 27.5, 2.0, 31.0 ] },
										"west": { "texture": "#skin", "uv": [ 1.0, 27.5, 1.5, 31.0 ] },
										"up": { "texture": "#skin", "uv": [ 0.5, 27.0, 1.0, 27.5 ], "rotation": 180 },
										"down": { "texture": "#skin", "uv": [ 0.5, 31.0, 1.0, 31.5 ] }
									},
									"children": [
										{
											"name": "R front pastern",
											"from": [ 0.0, -1.215, 0.0337 ], 
											"to": [ 0.7425, 0.4725, 0.7087 ], 
											"unwrapMode": 1,
											"uv": [ 10.0, 18.0 ],
											"rotationOrigin": [ 0.3375, 0.4725, 0.405 ],
											"rotationX": -1.0,
											"rotationZ": 47.0,
											"faces": {
												"north": { "texture": "#skin", "uv": [ 10.5, 18.5, 11.0, 20.0 ] },
												"east": { "texture": "#skin", "uv": [ 10.0, 18.5, 10.5, 20.0 ] },
												"south": { "texture": "#skin", "uv": [ 11.5, 18.5, 12.0, 20.0 ] },
												"west": { "texture": "#skin", "uv": [ 11.0, 18.5, 11.5, 20.0 ] },
												"up": { "texture": "#skin", "uv": [ 10.5, 18.0, 11.0, 18.5 ], "rotation": 180 },
												"down": { "texture": "#skin", "uv": [ 10.5, 20.0, 11.0, 20.5 ] }
											},
											"children": [
												{
													"name": "R origin hoof",
													"from": [ 0.405, 0.54, 0.405 ], 
													"to": [ 0.405, 0.54, 0.405 ], 
													"uv": [ 0.0, 0.0 ],
													"rotationOrigin": [ 0.405, 0.54, 0.4037 ],
													"rotationZ": 17.0,
													"faces": {
														"north": { "texture": "#skin", "uv": [ 0.0, 0.5, 0.375, 0.875 ], "enabled": false },
														"east": { "texture": "#skin", "uv": [ 0.5, 0.5, 0.875, 0.875 ], "enabled": false },
														"south": { "texture": "#skin", "uv": [ 1.0, 0.5, 1.375, 0.875 ], "enabled": false },
														"west": { "texture": "#skin", "uv": [ 1.5, 0.5, 1.875, 0.875 ], "enabled": false },
														"up": { "texture": "#skin", "uv": [ 0.0, 0.0, 0.375, 0.375 ], "enabled": false },
														"down": { "texture": "#skin", "uv": [ 0.5, 0.0, 0.875, 0.375 ], "enabled": false }
													},
													"children": [
														{
															"name": "R front hoof 1",
															"from": [ -1.1475, -0.27, -0.3712 ], 
															"to": [ -0.2025, 0.2025, 0.2362 ], 
															"unwrapMode": 4,
															"uv": [ 15.0, 11.5 ],
															"rotationOrigin": [ -0.2025, 0.0675, 0.27 ],
															"rotationZ": 60.0,
															"faces": {
																"north": { "texture": "#skin", "uv": [ 15.0, 12.5, 16.0, 13.0 ] },
																"east": { "texture": "#skin", "uv": [ 17.5, 12.5, 18.0, 13.0 ] },
																"south": { "texture": "#skin", "uv": [ 16.5, 12.5, 17.5, 13.0 ] },
																"west": { "texture": "#skin", "uv": [ 16.0, 12.5, 16.5, 13.0 ] },
																"up": { "texture": "#skin", "uv": [ 16.0, 11.5, 16.5, 12.5 ], "rotation": 90 },
																"down": { "texture": "#skin", "uv": [ 16.0, 13.0, 16.5, 14.0 ], "rotation": 90 }
															}
														},
														{
															"name": "R front hoof 2",
															"from": [ -0.6075, -0.6075, -0.3712 ], 
															"to": [ 0.2025, -0.27, 0.2362 ], 
															"unwrapMode": 4,
															"uv": [ 16.5, 0.0 ],
															"rotationOrigin": [ 0.135, -0.27, 0.2025 ],
															"rotationZ": 27.0,
															"faces": {
																"north": { "texture": "#skin", "uv": [ 16.5, 0.5, 17.0, 1.0 ] },
																"east": { "texture": "#skin", "uv": [ 18.0, 0.5, 18.5, 1.0 ] },
																"south": { "texture": "#skin", "uv": [ 17.5, 0.5, 18.0, 1.0 ] },
																"west": { "texture": "#skin", "uv": [ 17.0, 0.5, 17.5, 1.0 ] },
																"up": { "texture": "#skin", "uv": [ 17.0, 0.0, 17.5, 0.5 ], "rotation": 90 },
																"down": { "texture": "#skin", "uv": [ 17.0, 1.0, 17.5, 1.5 ], "rotation": 90 }
															}
														}
													]
												}
											]
										}
									]
								}
							]
						}
					]
				}
			],
			"attachmentpoints": [
				{
					"code": "Center",
					"posX": "9.0","posY": "4.0","posZ": "5.0",
					"rotationX": "0.0","rotationY": "0.0","rotationZ": "0.0"
				}
			]
		}
	]}