{
	"editor": {
		"allAngles": true,
		"entityTextureMode": true
	},
	"textureWidth": 32,
	"textureHeight": 32,
	"textureSizes": {
		"bottom": [16,16],
		"skin": [32,32]
	},
	"textures": {
	},
	"elements": [
		{
			"name": "Rotation Point",
			"from": [ 0.0, 16.0, 0.0 ], 
			"to": [ 0.0, 16.0, 0.0 ], 
			"uv": [ 0.0, 0.0 ],
			"rotationOrigin": [ 0.0, 16.0, 0.0 ],
			"rotationZ": -90.0,
			"faces": {
				"north": { "texture": "#null", "uv": [ 0.0, 0.5, 0.5, 1.0 ], "enabled": false },
				"east": { "texture": "#null", "uv": [ 0.5, 0.5, 1.0, 1.0 ], "enabled": false },
				"south": { "texture": "#null", "uv": [ 1.0, 0.5, 1.5, 1.0 ], "enabled": false },
				"west": { "texture": "#null", "uv": [ 1.5, 0.5, 2.0, 1.0 ], "enabled": false },
				"up": { "texture": "#null", "uv": [ 0.0, 0.0, 0.5, 0.5 ], "enabled": false },
				"down": { "texture": "#null", "uv": [ 0.5, 0.0, 1.0, 0.5 ], "enabled": false }
			},
			"children": [
				{
					"name": "Base",
					"from": [ 2.0, 0.0, 8.0 ], 
					"to": [ 2.0, 0.0, 8.0 ], 
					"uv": [ 0.0, 0.0 ],
					"rotationOrigin": [ 2.0, 0.0, 8.0 ],
					"faces": {
						"north": { "texture": "#null", "uv": [ 0.0, 0.5, 0.5, 1.0 ], "enabled": false },
						"east": { "texture": "#null", "uv": [ 0.5, 0.5, 1.0, 1.0 ], "enabled": false },
						"south": { "texture": "#null", "uv": [ 1.0, 0.5, 1.5, 1.0 ], "enabled": false },
						"west": { "texture": "#null", "uv": [ 1.5, 0.5, 2.0, 1.0 ], "enabled": false },
						"up": { "texture": "#null", "uv": [ 0.0, 0.0, 0.5, 0.5 ], "enabled": false },
						"down": { "texture": "#null", "uv": [ 0.5, 0.0, 1.0, 0.5 ], "enabled": false }
					},
					"children": [
						{
							"name": "PeltBody",
							"from": [ 0.0, 0.0, -1.92 ], 
							"to": [ 4.32, 0.4032, 1.92 ], 
							"unwrapMode": 5,
							"autoUnwrap": false,
							"uv": [ 1.0, 9.0 ],
							"rotationOrigin": [ 0.0, 0.0, -1.92 ],
							"faces": {
								"north": { "texture": "#skin", "uv": [ 12.5, 4.0, 17.0, 4.5 ], "windMode": [-1,-1,-1,-1] },
								"east": { "texture": "#skin", "uv": [ 8.5, 4.0, 12.5, 4.5 ], "windMode": [-1,-1,-1,-1] },
								"south": { "texture": "#skin", "uv": [ 4.0, 4.0, 8.5, 4.5 ], "windMode": [-1,-1,-1,-1] },
								"west": { "texture": "#skin", "uv": [ 0.0, 4.0, 4.0, 4.5 ], "rotation": 180, "windMode": [-1,-1,-1,-1] },
								"up": { "texture": "#skin", "uv": [ 4.0, 0.0, 8.5, 4.0 ], "windMode": [-1,-1,-1,-1] },
								"down": { "texture": "#bottom", "uv": [ 8.0, 9.5, 12.5, 13.5 ], "windMode": [-1,-1,-1,-1] }
							},
							"children": [
								{
									"name": "LBody",
									"from": [ 0.0, 0.0096, 2.88 ], 
									"to": [ 4.32, 0.3936, 6.24 ], 
									"unwrapMode": 5,
									"autoUnwrap": false,
									"uv": [ 0.5, 1.5 ],
									"rotationOrigin": [ 0.0, -0.0096, 2.88 ],
									"rotationY": -3.0,
									"faces": {
										"north": { "texture": "#null", "uv": [ 0.0, 3.5, 4.5, 4.0 ], "enabled": false },
										"east": { "texture": "#skin", "uv": [ 8.0, 4.5, 8.5, 8.0 ], "rotation": 90, "windMode": [-1,-1,-1,-1] },
										"south": { "texture": "#skin", "uv": [ 4.0, 8.0, 8.5, 8.5 ], "windMode": [-1,-1,-1,-1] },
										"west": { "texture": "#skin", "uv": [ 4.0, 4.5, 4.5, 8.0 ], "rotation": 270, "windMode": [-1,-1,-1,-1] },
										"up": { "texture": "#skin", "uv": [ 4.0, 4.5, 8.5, 8.0 ], "windMode": [-1,-1,-1,-1] },
										"down": { "texture": "#bottom", "uv": [ 7.5, 1.5, 12.0, 5.0 ] }
									},
									"children": [
										{
											"name": "LArm",
											"from": [ 0.0, 0.0096, 2.4 ], 
											"to": [ 0.96, 0.3744, 5.28 ], 
											"unwrapMode": 5,
											"autoUnwrap": false,
											"uv": [ 13.0, 12.0 ],
											"rotationOrigin": [ 0.0, 0.0096, 2.4 ],
											"rotationY": -30.0,
											"faces": {
												"north": { "texture": "#null", "uv": [ 0.0, 3.0, 1.0, 3.5 ], "enabled": false },
												"east": { "texture": "#skin", "uv": [ 27.5, 7.5, 28.0, 10.5 ], "rotation": 90, "windMode": [-1,-1,-1,-1] },
												"south": { "texture": "#skin", "uv": [ 26.5, 10.5, 27.5, 11.0 ], "windMode": [-1,-1,-1,-1] },
												"west": { "texture": "#skin", "uv": [ 26.0, 7.5, 26.5, 10.5 ], "rotation": 270, "windMode": [-1,-1,-1,-1] },
												"up": { "texture": "#skin", "uv": [ 26.5, 7.5, 27.5, 10.5 ], "windMode": [-1,-1,-1,-1] },
												"down": { "texture": "#bottom", "uv": [ 15.0, 12.0, 16.0, 15.0 ], "windMode": [-1,-1,-1,-1] }
											},
											"children": [
												{
													"name": "LArmLower",
													"from": [ 0.96, 0.0096, 0.0 ], 
													"to": [ 1.92, 0.3552, 2.88 ], 
													"unwrapMode": 5,
													"autoUnwrap": false,
													"uv": [ 13.0, 11.5 ],
													"rotationOrigin": [ 1.92, 0.0096, 0.0 ],
													"rotationY": -10.0,
													"faces": {
														"north": { "texture": "#null", "uv": [ 0.0, 3.0, 1.0, 3.5 ], "enabled": false },
														"east": { "texture": "#skin", "uv": [ 29.0, 7.5, 29.5, 10.5 ], "rotation": 90, "windMode": [-1,-1,-1,-1] },
														"south": { "texture": "#skin", "uv": [ 28.0, 10.5, 29.0, 11.0 ], "windMode": [-1,-1,-1,-1] },
														"west": { "texture": "#null", "uv": [ 5.0, 3.0, 8.0, 3.5 ], "enabled": false },
														"up": { "texture": "#skin", "uv": [ 28.0, 7.5, 29.0, 10.5 ], "windMode": [-1,-1,-1,-1] },
														"down": { "texture": "#bottom", "uv": [ 15.0, 11.5, 16.0, 14.5 ], "windMode": [-1,-1,-1,-1] }
													}
												}
											]
										}
									]
								},
								{
									"name": "RBody",
									"from": [ 0.0, -0.3936, 0.96 ], 
									"to": [ 4.32, -0.0096, 4.32 ], 
									"unwrapMode": 6,
									"autoUnwrap": false,
									"uv": [ 3.0, 5.5 ],
									"rotationOrigin": [ 0.0, 0.0, 0.96 ],
									"rotationX": 180.0,
									"rotationY": -3.0,
									"faces": {
										"north": { "texture": "#null", "uv": [ 0.0, 3.5, 4.5, 4.0 ], "enabled": false },
										"east": { "texture": "#skin", "uv": [ 12.5, 4.5, 13.0, 8.0 ], "rotation": 90, "windMode": [-1,-1,-1,-1] },
										"south": { "texture": "#skin", "uv": [ 12.5, 8.0, 17.0, 8.5 ], "rotation": 180, "windMode": [-1,-1,-1,-1] },
										"west": { "texture": "#skin", "uv": [ 16.5, 4.5, 17.0, 8.0 ], "rotation": 270, "windMode": [-1,-1,-1,-1] },
										"up": { "texture": "#bottom", "uv": [ 10.0, 5.5, 14.5, 9.0 ], "windMode": [-1,-1,-1,-1] },
										"down": { "texture": "#skin", "uv": [ 12.5, 4.5, 17.0, 8.0 ], "windMode": [-1,-1,-1,-1] }
									},
									"children": [
										{
											"name": "RArm",
											"from": [ 0.0, 0.0096, 2.4 ], 
											"to": [ 0.96, 0.3744, 5.28 ], 
											"unwrapMode": 6,
											"autoUnwrap": false,
											"uv": [ 4.0, 6.5 ],
											"rotationOrigin": [ 0.0, 0.3744, 2.4 ],
											"rotationY": -30.0,
											"faces": {
												"north": { "texture": "#null", "uv": [ 0.0, 3.0, 1.0, 3.5 ], "enabled": false },
												"east": { "texture": "#skin", "uv": [ 19.0, 8.0, 19.5, 11.0 ], "rotation": 90 },
												"south": { "texture": "#skin", "uv": [ 19.5, 11.0, 20.5, 11.5 ], "rotation": 180, "windMode": [-1,-1,-1,-1] },
												"west": { "texture": "#skin", "uv": [ 20.5, 8.0, 21.0, 11.0 ], "rotation": 270, "windMode": [-1,-1,-1,-1] },
												"up": { "texture": "#bottom", "uv": [ 6.0, 7.0, 7.0, 10.0 ], "windMode": [-1,-1,-1,-1] },
												"down": { "texture": "#skin", "uv": [ 19.5, 8.0, 20.5, 11.0 ], "windMode": [-1,-1,-1,-1] }
											},
											"children": [
												{
													"name": "RArmLower",
													"from": [ 0.96, 0.0096, 0.0 ], 
													"to": [ 1.92, 0.3552, 2.88 ], 
													"unwrapMode": 5,
													"autoUnwrap": false,
													"uv": [ 4.5, 6.5 ],
													"rotationOrigin": [ 1.92, 0.3552, 0.0 ],
													"rotationY": -10.0,
													"faces": {
														"north": { "texture": "#null", "uv": [ 0.0, 3.0, 1.0, 3.5 ], "enabled": false },
														"east": { "texture": "#skin", "uv": [ 22.0, 8.0, 22.5, 11.0 ], "rotation": 90, "windMode": [-1,-1,-1,-1] },
														"south": { "texture": "#skin", "uv": [ 21.0, 11.0, 22.0, 11.5 ], "windMode": [-1,-1,-1,-1] },
														"west": { "texture": "#null", "uv": [ 5.0, 3.0, 8.0, 3.5 ], "enabled": false },
														"up": { "texture": "#bottom", "uv": [ 4.5, 6.5, 5.5, 9.5 ], "windMode": [-1,-1,-1,-1] },
														"down": { "texture": "#skin", "uv": [ 21.0, 8.0, 22.0, 11.0 ], "windMode": [-1,-1,-1,-1] }
													}
												}
											]
										}
									]
								},
								{
									"name": "PeltAbdomen",
									"from": [ 4.32, 0.0096, 0.24 ], 
									"to": [ 10.56, 0.3936, 3.6 ], 
									"unwrapMode": 5,
									"autoUnwrap": false,
									"uv": [ 1.0, 11.0 ],
									"rotationOrigin": [ 4.32, 0.0096, 0.24 ],
									"faces": {
										"north": { "texture": "#skin", "uv": [ 13.5, 16.5, 20.0, 17.0 ], "rotation": 180, "windMode": [-1,-1,-1,-1] },
										"east": { "texture": "#skin", "uv": [ 10.0, 16.5, 13.5, 17.0 ], "windMode": [-1,-1,-1,-1] },
										"south": { "texture": "#skin", "uv": [ 3.5, 16.5, 10.0, 17.0 ], "windMode": [-1,-1,-1,-1] },
										"west": { "texture": "#skin", "uv": [ 16.5, 3.5, 20.0, 4.0 ], "enabled": false, "windMode": [-1,-1,-1,-1] },
										"up": { "texture": "#skin", "uv": [ 3.5, 13.0, 10.0, 16.5 ], "windMode": [-1,-1,-1,-1] },
										"down": { "texture": "#bottom", "uv": [ 8.0, 11.5, 14.5, 15.0 ] }
									},
									"children": [
										{
											"name": "LAbdomen",
											"from": [ 0.0, 0.0096, 2.592 ], 
											"to": [ 6.24, 0.3744, 6.432 ], 
											"unwrapMode": 5,
											"autoUnwrap": false,
											"uv": [ 1.0, 5.5 ],
											"rotationOrigin": [ 0.0, 0.0096, 2.592 ],
											"rotationY": -3.0,
											"faces": {
												"north": { "texture": "#null", "uv": [ 0.0, 4.0, 6.5, 4.5 ], "enabled": false },
												"east": { "texture": "#skin", "uv": [ 9.5, 17.0, 10.0, 21.0 ], "rotation": 90, "windMode": [-1,-1,-1,-1] },
												"south": { "texture": "#skin", "uv": [ 3.5, 21.0, 10.0, 21.5 ], "windMode": [-1,-1,-1,-1] },
												"west": { "texture": "#skin", "uv": [ 3.5, 17.0, 4.0, 21.0 ], "rotation": 90, "windMode": [-1,-1,-1,-1] },
												"up": { "texture": "#skin", "uv": [ 3.5, 17.0, 10.0, 21.0 ], "windMode": [-1,-1,-1,-1] },
												"down": { "texture": "#bottom", "uv": [ 8.5, 5.5, 15.0, 9.5 ], "windMode": [-1,-1,-1,-1] }
											},
											"children": [
												{
													"name": "LLeg",
													"from": [ 3.36, 0.0096, 3.84 ], 
													"to": [ 5.28, 0.3552, 7.68 ], 
													"unwrapMode": 5,
													"autoUnwrap": false,
													"uv": [ 4.0, 4.5 ],
													"rotationOrigin": [ 3.36, 0.0096, 3.84 ],
													"rotationY": 72.0,
													"faces": {
														"north": { "texture": "#null", "uv": [ 0.0, 4.0, 2.0, 4.5 ], "enabled": false },
														"east": { "texture": "#skin", "uv": [ 25.0, 26.0, 25.5, 30.0 ], "rotation": 90, "windMode": [-1,-1,-1,-1] },
														"south": { "texture": "#skin", "uv": [ 23.0, 30.0, 25.0, 30.5 ], "windMode": [-1,-1,-1,-1] },
														"west": { "texture": "#skin", "uv": [ 22.5, 26.0, 23.0, 30.0 ], "rotation": 270, "windMode": [-1,-1,-1,-1] },
														"up": { "texture": "#skin", "uv": [ 23.0, 26.0, 25.0, 30.0 ], "windMode": [-1,-1,-1,-1] },
														"down": { "texture": "#bottom", "uv": [ 7.0, 4.5, 9.0, 8.5 ], "windMode": [-1,-1,-1,-1] }
													},
													"children": [
														{
															"name": "LLegEnd",
															"from": [ 0.0, -0.0096, 3.36 ], 
															"to": [ 1.92, 0.3552, 5.28 ], 
															"unwrapMode": 5,
															"autoUnwrap": false,
															"uv": [ 2.0, 9.0 ],
															"rotationOrigin": [ 0.96, -0.0096, 3.36 ],
															"rotationY": -14.0,
															"faces": {
																"north": { "texture": "#skin", "uv": [ 28.0, 1.0, 30.0, 1.5 ], "rotation": 180, "windMode": [-1,-1,-1,-1] },
																"east": { "texture": "#skin", "uv": [ 30.0, 1.5, 30.5, 3.5 ], "rotation": 90, "windMode": [-1,-1,-1,-1] },
																"south": { "texture": "#skin", "uv": [ 28.0, 3.5, 30.0, 4.0 ], "windMode": [-1,-1,-1,-1] },
																"west": { "texture": "#skin", "uv": [ 27.5, 1.5, 28.0, 3.5 ], "rotation": 270, "windMode": [-1,-1,-1,-1] },
																"up": { "texture": "#skin", "uv": [ 28.0, 1.5, 30.0, 3.5 ], "windMode": [-1,-1,-1,-1] },
																"down": { "texture": "#bottom", "uv": [ 5.0, 9.5, 7.0, 11.5 ], "windMode": [-1,-1,-1,-1] }
															}
														}
													]
												},
												{
													"name": "LLegLower",
													"from": [ 4.8, 0.0192, 0.48 ], 
													"to": [ 6.24, 0.3456, 3.84 ], 
													"unwrapMode": 5,
													"autoUnwrap": false,
													"uv": [ 0.5, 6.0 ],
													"rotationOrigin": [ 6.24, 0.0192, 0.48 ],
													"rotationY": 26.0,
													"faces": {
														"north": { "texture": "#null", "uv": [ 0.0, 3.5, 1.5, 4.0 ], "enabled": false },
														"east": { "texture": "#skin", "uv": [ 27.0, 26.0, 27.5, 29.5 ], "rotation": 90, "windMode": [-1,-1,-1,-1] },
														"south": { "texture": "#null", "uv": [ 5.0, 3.5, 6.5, 4.0 ], "enabled": false },
														"west": { "texture": "#null", "uv": [ 6.5, 3.5, 10.0, 4.0 ], "enabled": false },
														"up": { "texture": "#skin", "uv": [ 25.5, 26.0, 27.0, 29.5 ], "windMode": [-1,-1,-1,-1] },
														"down": { "texture": "#bottom", "uv": [ 2.5, 6.0, 4.0, 9.5 ], "windMode": [-1,-1,-1,-1] }
													}
												}
											]
										},
										{
											"name": "RAbdomen",
											"from": [ 0.0, -0.3552, 0.768 ], 
											"to": [ 6.24, 0.0096, 4.608 ], 
											"unwrapMode": 5,
											"autoUnwrap": false,
											"uv": [ 2.0, 4.0 ],
											"rotationOrigin": [ 0.0, 0.0096, 0.768 ],
											"rotationX": 180.0,
											"rotationY": -3.0,
											"faces": {
												"north": { "texture": "#null", "uv": [ 0.0, 4.0, 6.5, 4.5 ], "enabled": false },
												"east": { "texture": "#skin", "uv": [ 13.5, 17.0, 14.0, 21.0 ], "rotation": 90, "windMode": [-1,-1,-1,-1] },
												"south": { "texture": "#skin", "uv": [ 13.5, 21.0, 20.0, 21.5 ], "windMode": [-1,-1,-1,-1] },
												"west": { "texture": "#skin", "uv": [ 19.5, 17.0, 20.0, 21.0 ], "rotation": 90, "windMode": [-1,-1,-1,-1] },
												"up": { "texture": "#bottom", "uv": [ 2.5, 4.0, 9.0, 8.0 ], "windMode": [-1,-1,-1,-1] },
												"down": { "texture": "#skin", "uv": [ 13.5, 17.0, 20.0, 21.0 ], "windMode": [-1,-1,-1,-1] }
											},
											"children": [
												{
													"name": "RLeg",
													"from": [ 3.36, 0.0096, 3.84 ], 
													"to": [ 5.28, 0.3552, 7.68 ], 
													"unwrapMode": 5,
													"autoUnwrap": false,
													"uv": [ 1.5, 3.5 ],
													"rotationOrigin": [ 3.36, 0.3552, 3.84 ],
													"rotationY": 72.0,
													"faces": {
														"north": { "texture": "#null", "uv": [ 0.0, 4.0, 2.0, 4.5 ], "enabled": false },
														"east": { "texture": "#skin", "uv": [ 12.0, 23.0, 12.5, 27.0 ], "rotation": 90, "windMode": [-1,-1,-1,-1] },
														"south": { "texture": "#skin", "uv": [ 12.5, 27.0, 14.5, 27.5 ], "windMode": [-1,-1,-1,-1] },
														"west": { "texture": "#skin", "uv": [ 14.5, 23.0, 15.0, 27.0 ], "rotation": 270, "windMode": [-1,-1,-1,-1] },
														"up": { "texture": "#bottom", "uv": [ 2.0, 3.5, 4.0, 7.5 ], "windMode": [-1,-1,-1,-1] },
														"down": { "texture": "#skin", "uv": [ 12.5, 23.0, 14.5, 27.0 ], "windMode": [-1,-1,-1,-1] }
													},
													"children": [
														{
															"name": "RLegEnd",
															"from": [ 0.0, -0.0096, 3.36 ], 
															"to": [ 1.92, 0.3552, 5.28 ], 
															"unwrapMode": 5,
															"autoUnwrap": false,
															"uv": [ 3.5, 8.0 ],
															"rotationOrigin": [ 0.96, 0.3648, 3.36 ],
															"rotationY": -14.0,
															"faces": {
																"north": { "texture": "#skin", "uv": [ 5.5, 26.0, 7.5, 26.5 ], "rotation": 180, "windMode": [-1,-1,-1,-1] },
																"east": { "texture": "#skin", "uv": [ 5.0, 26.5, 5.5, 28.5 ], "rotation": 90, "windMode": [-1,-1,-1,-1] },
																"south": { "texture": "#skin", "uv": [ 5.5, 28.5, 7.5, 29.0 ], "windMode": [-1,-1,-1,-1] },
																"west": { "texture": "#skin", "uv": [ 7.5, 26.5, 8.0, 28.5 ], "rotation": 270, "windMode": [-1,-1,-1,-1] },
																"up": { "texture": "#bottom", "uv": [ 4.0, 8.5, 6.0, 10.5 ], "windMode": [-1,-1,-1,-1] },
																"down": { "texture": "#skin", "uv": [ 5.5, 26.5, 7.5, 28.5 ], "windMode": [-1,-1,-1,-1] }
															}
														}
													]
												},
												{
													"name": "RLegLower",
													"from": [ 4.8, 0.0192, 0.48 ], 
													"to": [ 6.24, 0.3456, 3.84 ], 
													"unwrapMode": 5,
													"autoUnwrap": false,
													"uv": [ 12.5, 4.5 ],
													"rotationOrigin": [ 6.24, 0.3456, 0.48 ],
													"rotationY": 26.0,
													"faces": {
														"north": { "texture": "#null", "uv": [ 0.0, 3.5, 1.5, 4.0 ], "enabled": false },
														"east": { "texture": "#skin", "uv": [ 10.0, 23.0, 10.5, 26.5 ], "rotation": 90, "windMode": [-1,-1,-1,-1] },
														"south": { "texture": "#null", "uv": [ 5.0, 3.5, 6.5, 4.0 ], "enabled": false },
														"west": { "texture": "#null", "uv": [ 6.5, 3.5, 10.0, 4.0 ], "enabled": false },
														"up": { "texture": "#bottom", "uv": [ 12.5, 4.5, 14.0, 8.0 ], "windMode": [-1,-1,-1,-1] },
														"down": { "texture": "#skin", "uv": [ 10.5, 23.0, 12.0, 26.5 ], "windMode": [-1,-1,-1,-1] }
													}
												}
											]
										},
										{
											"name": "PeltTail",
											"from": [ 6.24, 0.0096, 1.248 ], 
											"to": [ 7.68, 0.3744, 2.112 ], 
											"autoUnwrap": false,
											"uv": [ 0.0, 0.0 ],
											"rotationOrigin": [ 6.24, 0.0096, 1.248 ],
											"faces": {
												"north": { "texture": "#skin", "uv": [ 11.0, 0.5, 12.5, 1.0 ], "windMode": [-1,-1,-1,-1] },
												"east": { "texture": "#skin", "uv": [ 10.5, 0.5, 11.0, 1.0 ], "windMode": [-1,-1,-1,-1] },
												"south": { "texture": "#skin", "uv": [ 9.0, 0.5, 10.5, 1.0 ], "windMode": [-1,-1,-1,-1] },
												"west": { "texture": "#skin", "uv": [ 8.5, 0.5, 9.0, 1.0 ], "windMode": [-1,-1,-1,-1] },
												"up": { "texture": "#skin", "uv": [ 9.0, 0.0, 10.5, 0.5 ], "windMode": [-1,-1,-1,-1] },
												"down": { "texture": "#skin", "uv": [ 9.0, 1.0, 10.5, 1.5 ], "windMode": [-1,-1,-1,-1] }
											},
											"children": [
												{
													"name": "PeltTailEnd",
													"from": [ 1.44, -0.0096, 0.096 ], 
													"to": [ 2.16, 0.3648, 0.768 ], 
													"autoUnwrap": false,
													"uv": [ 0.0, 0.0 ],
													"rotationOrigin": [ 1.44, -0.0096, 0.096 ],
													"faces": {
														"north": { "texture": "#skin", "uv": [ 13.5, 0.5, 14.0, 1.0 ] },
														"east": { "texture": "#skin", "uv": [ 13.0, 0.5, 13.5, 1.0 ], "windMode": [-1,-1,-1,-1] },
														"south": { "texture": "#skin", "uv": [ 12.5, 0.5, 13.0, 1.0 ], "windMode": [-1,-1,-1,-1] },
														"west": { "texture": "#skin", "uv": [ 13.0, 0.5, 13.5, 1.0 ], "windMode": [-1,-1,-1,-1] },
														"up": { "texture": "#skin", "uv": [ 12.5, 0.0, 13.0, 0.5 ], "windMode": [-1,-1,-1,-1] },
														"down": { "texture": "#skin", "uv": [ 12.5, 1.0, 13.0, 1.5 ], "windMode": [-1,-1,-1,-1] }
													}
												}
											]
										}
									]
								},
								{
									"name": "LNeck",
									"from": [ -1.92, 0.0192, 1.92 ], 
									"to": [ 0.0, 0.384, 4.8 ], 
									"unwrapMode": 5,
									"autoUnwrap": false,
									"uv": [ 5.0, 11.5 ],
									"rotationOrigin": [ 0.0, 0.0192, 1.92 ],
									"rotationY": 22.0,
									"faces": {
										"north": { "texture": "#skin", "uv": [ 24.0, 19.0, 26.0, 19.5 ], "rotation": 180 },
										"east": { "texture": "#null", "uv": [ 2.0, 3.0, 5.0, 3.5 ], "enabled": false, "windMode": [-1,-1,-1,-1] },
										"south": { "texture": "#skin", "uv": [ 24.0, 22.5, 26.0, 23.0 ], "windMode": [-1,-1,-1,-1] },
										"west": { "texture": "#skin", "uv": [ 23.5, 19.5, 24.0, 22.5 ], "rotation": 270, "windMode": [-1,-1,-1,-1] },
										"up": { "texture": "#skin", "uv": [ 24.0, 19.5, 26.0, 22.5 ], "windMode": [-1,-1,-1,-1] },
										"down": { "texture": "#bottom", "uv": [ 7.5, 12.0, 9.5, 15.0 ], "windMode": [-1,-1,-1,-1] }
									}
								},
								{
									"name": "RNeck",
									"from": [ -1.92, -0.3456, 1.92 ], 
									"to": [ 0.0, 0.0192, 4.8 ], 
									"unwrapMode": 6,
									"autoUnwrap": false,
									"uv": [ 8.0, 11.5 ],
									"rotationOrigin": [ 0.0, 0.0192, 1.92 ],
									"rotationX": 180.0,
									"rotationY": 22.0,
									"faces": {
										"north": { "texture": "#skin", "uv": [ 24.0, 17.5, 26.0, 18.0 ], "rotation": 180 },
										"east": { "texture": "#null", "uv": [ 2.0, 3.0, 5.0, 3.5 ], "enabled": false, "windMode": [-1,-1,-1,-1] },
										"south": { "texture": "#skin", "uv": [ 24.0, 24.0, 26.0, 24.5 ], "rotation": 180, "windMode": [-1,-1,-1,-1] },
										"west": { "texture": "#skin", "uv": [ 28.0, 19.5, 28.5, 22.5 ], "rotation": 270, "windMode": [-1,-1,-1,-1] },
										"up": { "texture": "#bottom", "uv": [ 10.5, 12.0, 12.5, 15.0 ], "windMode": [-1,-1,-1,-1] },
										"down": { "texture": "#skin", "uv": [ 26.0, 19.5, 28.0, 22.5 ], "windMode": [-1,-1,-1,-1] }
									}
								}
							]
						}
					]
				}
			]
		}
	]}