{
	"editor": {
		"collapsedPaths": "Root/Band_second,Root/Musket/Band_first,Root/Band_first,Root/Carbine/Band_third,Root/Musket/Bayonet/Band,Root/Stock,Root/Carbine/Flask_origin,Root/Flintlock,Root/Barrel,Root/Band_third,Root/Carbine/Flintlock,Root/Musket/Band_second,Root/Musket/Trigger_assembly,Root/Musket/Bayonet,Root/Musket/Flintlock,Root/Bayonet/Bayonet_blade_tongue_1,Root/Musket/Stock,Root/Musket/Ramrod,Root/Carbine/Band_first,Root/Musket/Flintlock/Frizzen,Root/Musket/Band_third,Root/Cube2/Cube4/Bayonet,Root/Carbine/Barrel,Root/Carbine/Stock,Root/Carbine/Ramrod_origin,Root/Trigger_assembly,Root/Bayonet,Root/Carbine/Patch,Root/Ramrod,Root/Carbine/Band_second,Root/Cube2/Cube3/Bayonet,Root/Musket/Barrel,Root/Carbine/Trigger_assembly",
		"allAngles": false,
		"entityTextureMode": false
	},
	"textureWidth": 16,
	"textureHeight": 16,
	"textureSizes": {
	},
	"textures": {
		"metal": "game:block/metal/plate/lead"
	},
	"elements": [
		{
			"name": "Bullet_0",
			"from": [ 8.0, 0.0, 8.0 ],
			"to": [ 9.0, 1.0, 9.0 ],
			"rotationOrigin": [ 8.5, 0.5, 8.5 ],
			"faces": {
				"north": { "texture": "#metal", "uv": [ 6.5, 7.0, 7.5, 8.0 ] },
				"east": { "texture": "#metal", "uv": [ 6.5, 6.5, 7.5, 7.5 ] },
				"south": { "texture": "#metal", "uv": [ 6.5, 6.0, 7.5, 7.0 ] },
				"west": { "texture": "#metal", "uv": [ 4.0, 8.0, 5.0, 9.0 ] },
				"up": { "texture": "#metal", "uv": [ 7.0, 6.5, 8.0, 7.5 ] },
				"down": { "texture": "#metal", "uv": [ 9.0, 4.5, 10.0, 5.5 ] }
			}
		},
		{
			"name": "Bullet_1",
			"from": [ 7.0, 0.0, 7.6 ],
			"to": [ 8.0, 1.0, 8.6 ],
			"rotationOrigin": [ 7.5, 0.5, 8.1 ],
			"rotationY": -20.0,
			"faces": {
				"north": { "texture": "#metal", "uv": [ 6.5, 7.0, 7.5, 8.0 ] },
				"east": { "texture": "#metal", "uv": [ 6.5, 6.5, 7.5, 7.5 ] },
				"south": { "texture": "#metal", "uv": [ 6.5, 6.0, 7.5, 7.0 ] },
				"west": { "texture": "#metal", "uv": [ 4.0, 8.0, 5.0, 9.0 ] },
				"up": { "texture": "#metal", "uv": [ 7.0, 6.5, 8.0, 7.5 ] },
				"down": { "texture": "#metal", "uv": [ 9.0, 4.5, 10.0, 5.5 ] }
			}
		},
		{
			"name": "Bullet_2",
			"from": [ 8.0, 0.0, 6.8 ],
			"to": [ 9.0, 1.0, 7.8 ],
			"rotationOrigin": [ 8.5, 0.5, 7.3 ],
			"rotationY": 45.0,
			"faces": {
				"north": { "texture": "#metal", "uv": [ 6.5, 7.0, 7.5, 8.0 ] },
				"east": { "texture": "#metal", "uv": [ 6.5, 6.5, 7.5, 7.5 ] },
				"south": { "texture": "#metal", "uv": [ 6.5, 6.0, 7.5, 7.0 ] },
				"west": { "texture": "#metal", "uv": [ 4.0, 8.0, 5.0, 9.0 ] },
				"up": { "texture": "#metal", "uv": [ 7.0, 6.5, 8.0, 7.5 ] },
				"down": { "texture": "#metal", "uv": [ 9.0, 4.5, 10.0, 5.5 ] }
			}
		},
		{
			"name": "Bullet_3",
			"from": [ 9.0, 0.0, 7.2 ],
			"to": [ 10.0, 1.0, 8.2 ],
			"rotationOrigin": [ 9.5, 0.5, 7.7 ],
			"rotationY": -22.5,
			"faces": {
				"north": { "texture": "#metal", "uv": [ 6.5, 7.0, 7.5, 8.0 ] },
				"east": { "texture": "#metal", "uv": [ 6.5, 6.5, 7.5, 7.5 ] },
				"south": { "texture": "#metal", "uv": [ 6.5, 6.0, 7.5, 7.0 ] },
				"west": { "texture": "#metal", "uv": [ 4.0, 8.0, 5.0, 9.0 ] },
				"up": { "texture": "#metal", "uv": [ 7.0, 6.5, 8.0, 7.5 ] },
				"down": { "texture": "#metal", "uv": [ 9.0, 4.5, 10.0, 5.5 ] }
			}
		},
		{
			"name": "Bullet_4",
			"from": [ 9.0, 0.0, 8.4 ],
			"to": [ 10.0, 1.0, 9.4 ],
			"rotationOrigin": [ 9.5, 0.5, 8.9 ],
			"rotationY": -16.0,
			"faces": {
				"north": { "texture": "#metal", "uv": [ 6.5, 7.0, 7.5, 8.0 ] },
				"east": { "texture": "#metal", "uv": [ 6.5, 6.5, 7.5, 7.5 ] },
				"south": { "texture": "#metal", "uv": [ 6.5, 6.0, 7.5, 7.0 ] },
				"west": { "texture": "#metal", "uv": [ 4.0, 8.0, 5.0, 9.0 ] },
				"up": { "texture": "#metal", "uv": [ 7.0, 6.5, 8.0, 7.5 ] },
				"down": { "texture": "#metal", "uv": [ 9.0, 4.5, 10.0, 5.5 ] }
			}
		},
		{
			"name": "Bullet_5",
			"from": [ 7.2, 0.0, 8.9 ],
			"to": [ 8.2, 1.0, 9.9 ],
			"rotationOrigin": [ 7.7, 0.5, 9.4 ],
			"rotationY": -37.0,
			"faces": {
				"north": { "texture": "#metal", "uv": [ 6.5, 7.0, 7.5, 8.0 ] },
				"east": { "texture": "#metal", "uv": [ 6.5, 6.5, 7.5, 7.5 ] },
				"south": { "texture": "#metal", "uv": [ 6.5, 6.0, 7.5, 7.0 ] },
				"west": { "texture": "#metal", "uv": [ 4.0, 8.0, 5.0, 9.0 ] },
				"up": { "texture": "#metal", "uv": [ 7.0, 6.5, 8.0, 7.5 ] },
				"down": { "texture": "#metal", "uv": [ 9.0, 4.5, 10.0, 5.5 ] }
			}
		},
		{
			"name": "Bullet_6",
			"from": [ 8.3, 0.0, 9.4 ],
			"to": [ 9.3, 1.0, 10.4 ],
			"rotationOrigin": [ 8.8, 0.5, 9.9 ],
			"rotationY": -22.0,
			"faces": {
				"north": { "texture": "#metal", "uv": [ 6.5, 7.0, 7.5, 8.0 ] },
				"east": { "texture": "#metal", "uv": [ 6.5, 6.5, 7.5, 7.5 ] },
				"south": { "texture": "#metal", "uv": [ 6.5, 6.0, 7.5, 7.0 ] },
				"west": { "texture": "#metal", "uv": [ 4.0, 8.0, 5.0, 9.0 ] },
				"up": { "texture": "#metal", "uv": [ 7.0, 6.5, 8.0, 7.5 ] },
				"down": { "texture": "#metal", "uv": [ 9.0, 4.5, 10.0, 5.5 ] }
			}
		},
		{
			"name": "Bullet_7",
			"from": [ 6.1, 0.0, 8.4 ],
			"to": [ 7.1, 1.0, 9.4 ],
			"rotationOrigin": [ 6.6, 0.5, 8.9 ],
			"rotationY": -41.0,
			"faces": {
				"north": { "texture": "#metal", "uv": [ 6.5, 7.0, 7.5, 8.0 ] },
				"east": { "texture": "#metal", "uv": [ 6.5, 6.5, 7.5, 7.5 ] },
				"south": { "texture": "#metal", "uv": [ 6.5, 6.0, 7.5, 7.0 ] },
				"west": { "texture": "#metal", "uv": [ 4.0, 8.0, 5.0, 9.0 ] },
				"up": { "texture": "#metal", "uv": [ 7.0, 6.5, 8.0, 7.5 ] },
				"down": { "texture": "#metal", "uv": [ 9.0, 4.5, 10.0, 5.5 ] }
			}
		},
		{
			"name": "Bullet_8",
			"from": [ 7.6, 1.0, 8.9 ],
			"to": [ 8.6, 2.0, 9.9 ],
			"rotationOrigin": [ 8.1, 1.5, 9.4 ],
			"rotationY": -64.0,
			"faces": {
				"north": { "texture": "#metal", "uv": [ 6.5, 7.0, 7.5, 8.0 ] },
				"east": { "texture": "#metal", "uv": [ 6.5, 6.5, 7.5, 7.5 ] },
				"south": { "texture": "#metal", "uv": [ 6.5, 6.0, 7.5, 7.0 ] },
				"west": { "texture": "#metal", "uv": [ 4.0, 8.0, 5.0, 9.0 ] },
				"up": { "texture": "#metal", "uv": [ 7.0, 6.5, 8.0, 7.5 ] },
				"down": { "texture": "#metal", "uv": [ 9.0, 4.5, 10.0, 5.5 ] }
			}
		},
		{
			"name": "Bullet_9",
			"from": [ 6.9, 1.0, 8.0 ],
			"to": [ 7.9, 2.0, 9.0 ],
			"rotationOrigin": [ 7.4, 1.5, 8.5 ],
			"rotationY": -72.0,
			"faces": {
				"north": { "texture": "#metal", "uv": [ 6.5, 7.0, 7.5, 8.0 ] },
				"east": { "texture": "#metal", "uv": [ 6.5, 6.5, 7.5, 7.5 ] },
				"south": { "texture": "#metal", "uv": [ 6.5, 6.0, 7.5, 7.0 ] },
				"west": { "texture": "#metal", "uv": [ 4.0, 8.0, 5.0, 9.0 ] },
				"up": { "texture": "#metal", "uv": [ 7.0, 6.5, 8.0, 7.5 ] },
				"down": { "texture": "#metal", "uv": [ 9.0, 4.5, 10.0, 5.5 ] }
			}
		},
		{
			"name": "Bullet_10",
			"from": [ 7.9, 1.0, 7.7 ],
			"to": [ 8.9, 2.0, 8.7 ],
			"rotationOrigin": [ 8.4, 1.5, 8.2 ],
			"rotationY": -22.5,
			"faces": {
				"north": { "texture": "#metal", "uv": [ 6.5, 7.0, 7.5, 8.0 ] },
				"east": { "texture": "#metal", "uv": [ 6.5, 6.5, 7.5, 7.5 ] },
				"south": { "texture": "#metal", "uv": [ 6.5, 6.0, 7.5, 7.0 ] },
				"west": { "texture": "#metal", "uv": [ 4.0, 8.0, 5.0, 9.0 ] },
				"up": { "texture": "#metal", "uv": [ 7.0, 6.5, 8.0, 7.5 ] },
				"down": { "texture": "#metal", "uv": [ 9.0, 4.5, 10.0, 5.5 ] }
			}
		},
		{
			"name": "Bullet_11",
			"from": [ 8.8, 1.0, 8.4 ],
			"to": [ 9.8, 2.0, 9.4 ],
			"rotationOrigin": [ 9.3, 1.5, 8.9 ],
			"rotationY": -22.5,
			"faces": {
				"north": { "texture": "#metal", "uv": [ 6.5, 7.0, 7.5, 8.0 ] },
				"east": { "texture": "#metal", "uv": [ 6.5, 6.5, 7.5, 7.5 ] },
				"south": { "texture": "#metal", "uv": [ 6.5, 6.0, 7.5, 7.0 ] },
				"west": { "texture": "#metal", "uv": [ 4.0, 8.0, 5.0, 9.0 ] },
				"up": { "texture": "#metal", "uv": [ 7.0, 6.5, 8.0, 7.5 ] },
				"down": { "texture": "#metal", "uv": [ 9.0, 4.5, 10.0, 5.5 ] }
			}
		},
		{
			"name": "Bullet_12",
			"from": [ 7.6, 2.0, 8.4 ],
			"to": [ 8.6, 3.0, 9.4 ],
			"rotationOrigin": [ 8.1, 2.5, 8.9 ],
			"rotationY": -22.5,
			"faces": {
				"north": { "texture": "#metal", "uv": [ 6.5, 7.0, 7.5, 8.0 ] },
				"east": { "texture": "#metal", "uv": [ 6.5, 6.5, 7.5, 7.5 ] },
				"south": { "texture": "#metal", "uv": [ 6.5, 6.0, 7.5, 7.0 ] },
				"west": { "texture": "#metal", "uv": [ 4.0, 8.0, 5.0, 9.0 ] },
				"up": { "texture": "#metal", "uv": [ 7.0, 6.5, 8.0, 7.5 ] },
				"down": { "texture": "#metal", "uv": [ 9.0, 4.5, 10.0, 5.5 ] }
			}
		},
		{
			"name": "Bullet_13",
			"from": [ 6.2, 0.0, 9.7 ],
			"to": [ 7.2, 1.0, 10.7 ],
			"rotationOrigin": [ 6.7, 0.5, 10.2 ],
			"faces": {
				"north": { "texture": "#metal", "uv": [ 6.5, 7.0, 7.5, 8.0 ] },
				"east": { "texture": "#metal", "uv": [ 6.5, 6.5, 7.5, 7.5 ] },
				"south": { "texture": "#metal", "uv": [ 6.5, 6.0, 7.5, 7.0 ] },
				"west": { "texture": "#metal", "uv": [ 4.0, 8.0, 5.0, 9.0 ] },
				"up": { "texture": "#metal", "uv": [ 7.0, 6.5, 8.0, 7.5 ] },
				"down": { "texture": "#metal", "uv": [ 9.0, 4.5, 10.0, 5.5 ] }
			}
		},
		{
			"name": "Bullet_14",
			"from": [ 7.2, 0.0, 10.3 ],
			"to": [ 8.2, 1.0, 11.3 ],
			"rotationOrigin": [ 7.7, 0.5, 10.8 ],
			"rotationY": -22.5,
			"faces": {
				"north": { "texture": "#metal", "uv": [ 6.5, 7.0, 7.5, 8.0 ] },
				"east": { "texture": "#metal", "uv": [ 6.5, 6.5, 7.5, 7.5 ] },
				"south": { "texture": "#metal", "uv": [ 6.5, 6.0, 7.5, 7.0 ] },
				"west": { "texture": "#metal", "uv": [ 4.0, 8.0, 5.0, 9.0 ] },
				"up": { "texture": "#metal", "uv": [ 7.0, 6.5, 8.0, 7.5 ] },
				"down": { "texture": "#metal", "uv": [ 9.0, 4.5, 10.0, 5.5 ] }
			}
		},
		{
			"name": "Bullet_15",
			"from": [ 8.4, 0.0, 10.6 ],
			"to": [ 9.4, 1.0, 11.6 ],
			"rotationOrigin": [ 8.9, 0.5, 11.1 ],
			"faces": {
				"north": { "texture": "#metal", "uv": [ 6.5, 7.0, 7.5, 8.0 ] },
				"east": { "texture": "#metal", "uv": [ 6.5, 6.5, 7.5, 7.5 ] },
				"south": { "texture": "#metal", "uv": [ 6.5, 6.0, 7.5, 7.0 ] },
				"west": { "texture": "#metal", "uv": [ 4.0, 8.0, 5.0, 9.0 ] },
				"up": { "texture": "#metal", "uv": [ 7.0, 6.5, 8.0, 7.5 ] },
				"down": { "texture": "#metal", "uv": [ 9.0, 4.5, 10.0, 5.5 ] }
			}
		},
		{
			"name": "Bullet_16",
			"from": [ 7.9, 1.0, 10.0 ],
			"to": [ 8.9, 2.0, 11.0 ],
			"rotationOrigin": [ 8.4, 1.5, 10.5 ],
			"rotationY": -75.0,
			"faces": {
				"north": { "texture": "#metal", "uv": [ 6.5, 7.0, 7.5, 8.0 ] },
				"east": { "texture": "#metal", "uv": [ 6.5, 6.5, 7.5, 7.5 ] },
				"south": { "texture": "#metal", "uv": [ 6.5, 6.0, 7.5, 7.0 ] },
				"west": { "texture": "#metal", "uv": [ 4.0, 8.0, 5.0, 9.0 ] },
				"up": { "texture": "#metal", "uv": [ 7.0, 6.5, 8.0, 7.5 ] },
				"down": { "texture": "#metal", "uv": [ 9.0, 4.5, 10.0, 5.5 ] }
			}
		},
		{
			"name": "Bullet_17",
			"from": [ 6.6, 1.0, 9.6 ],
			"to": [ 7.6, 2.0, 10.6 ],
			"rotationOrigin": [ 7.1, 1.5, 10.1 ],
			"rotationY": -85.0,
			"faces": {
				"north": { "texture": "#metal", "uv": [ 6.5, 7.0, 7.5, 8.0 ] },
				"east": { "texture": "#metal", "uv": [ 6.5, 6.5, 7.5, 7.5 ] },
				"south": { "texture": "#metal", "uv": [ 6.5, 6.0, 7.5, 7.0 ] },
				"west": { "texture": "#metal", "uv": [ 4.0, 8.0, 5.0, 9.0 ] },
				"up": { "texture": "#metal", "uv": [ 7.0, 6.5, 8.0, 7.5 ] },
				"down": { "texture": "#metal", "uv": [ 9.0, 4.5, 10.0, 5.5 ] }
			}
		},
		{
			"name": "Bullet_18",
			"from": [ 7.2, 2.0, 9.5 ],
			"to": [ 8.2, 3.0, 10.5 ],
			"rotationOrigin": [ 7.7, 2.5, 10.0 ],
			"rotationY": -22.5,
			"faces": {
				"north": { "texture": "#metal", "uv": [ 6.5, 7.0, 7.5, 8.0 ] },
				"east": { "texture": "#metal", "uv": [ 6.5, 6.5, 7.5, 7.5 ] },
				"south": { "texture": "#metal", "uv": [ 6.5, 6.0, 7.5, 7.0 ] },
				"west": { "texture": "#metal", "uv": [ 4.0, 8.0, 5.0, 9.0 ] },
				"up": { "texture": "#metal", "uv": [ 7.0, 6.5, 8.0, 7.5 ] },
				"down": { "texture": "#metal", "uv": [ 9.0, 4.5, 10.0, 5.5 ] }
			}
		},
		{
			"name": "Bullet_19",
			"from": [ 9.5, 0.0, 9.9 ],
			"to": [ 10.5, 1.0, 10.9 ],
			"rotationOrigin": [ 10.0, 0.5, 10.4 ],
			"rotationY": 21.0,
			"faces": {
				"north": { "texture": "#metal", "uv": [ 6.5, 7.0, 7.5, 8.0 ] },
				"east": { "texture": "#metal", "uv": [ 6.5, 6.5, 7.5, 7.5 ] },
				"south": { "texture": "#metal", "uv": [ 6.5, 6.0, 7.5, 7.0 ] },
				"west": { "texture": "#metal", "uv": [ 4.0, 8.0, 5.0, 9.0 ] },
				"up": { "texture": "#metal", "uv": [ 7.0, 6.5, 8.0, 7.5 ] },
				"down": { "texture": "#metal", "uv": [ 9.0, 4.5, 10.0, 5.5 ] }
			}
		},
		{
			"name": "Bullet_20",
			"from": [ 10.0, 0.0, 8.8 ],
			"to": [ 11.0, 1.0, 9.8 ],
			"rotationOrigin": [ 10.5, 0.5, 9.3 ],
			"rotationY": -16.0,
			"faces": {
				"north": { "texture": "#metal", "uv": [ 6.5, 7.0, 7.5, 8.0 ] },
				"east": { "texture": "#metal", "uv": [ 6.5, 6.5, 7.5, 7.5 ] },
				"south": { "texture": "#metal", "uv": [ 6.5, 6.0, 7.5, 7.0 ] },
				"west": { "texture": "#metal", "uv": [ 4.0, 8.0, 5.0, 9.0 ] },
				"up": { "texture": "#metal", "uv": [ 7.0, 6.5, 8.0, 7.5 ] },
				"down": { "texture": "#metal", "uv": [ 9.0, 4.5, 10.0, 5.5 ] }
			}
		},
		{
			"name": "Bullet_21",
			"from": [ 10.2, 0.0, 7.5 ],
			"to": [ 11.2, 1.0, 8.5 ],
			"rotationOrigin": [ 10.7, 0.5, 8.0 ],
			"rotationY": -32.5,
			"faces": {
				"north": { "texture": "#metal", "uv": [ 6.5, 7.0, 7.5, 8.0 ] },
				"east": { "texture": "#metal", "uv": [ 6.5, 6.5, 7.5, 7.5 ] },
				"south": { "texture": "#metal", "uv": [ 6.5, 6.0, 7.5, 7.0 ] },
				"west": { "texture": "#metal", "uv": [ 4.0, 8.0, 5.0, 9.0 ] },
				"up": { "texture": "#metal", "uv": [ 7.0, 6.5, 8.0, 7.5 ] },
				"down": { "texture": "#metal", "uv": [ 9.0, 4.5, 10.0, 5.5 ] }
			}
		},
		{
			"name": "Bullet_22",
			"from": [ 9.2, 1.0, 9.6 ],
			"to": [ 10.2, 2.0, 10.6 ],
			"rotationOrigin": [ 9.7, 1.5, 10.1 ],
			"rotationY": -75.0,
			"faces": {
				"north": { "texture": "#metal", "uv": [ 6.5, 7.0, 7.5, 8.0 ] },
				"east": { "texture": "#metal", "uv": [ 6.5, 6.5, 7.5, 7.5 ] },
				"south": { "texture": "#metal", "uv": [ 6.5, 6.0, 7.5, 7.0 ] },
				"west": { "texture": "#metal", "uv": [ 4.0, 8.0, 5.0, 9.0 ] },
				"up": { "texture": "#metal", "uv": [ 7.0, 6.5, 8.0, 7.5 ] },
				"down": { "texture": "#metal", "uv": [ 9.0, 4.5, 10.0, 5.5 ] }
			}
		},
		{
			"name": "Bullet_23",
			"from": [ 10.0, 1.0, 8.4 ],
			"to": [ 11.0, 2.0, 9.4 ],
			"rotationOrigin": [ 10.5, 1.5, 8.9 ],
			"rotationY": -22.5,
			"faces": {
				"north": { "texture": "#metal", "uv": [ 6.5, 7.0, 7.5, 8.0 ] },
				"east": { "texture": "#metal", "uv": [ 6.5, 6.5, 7.5, 7.5 ] },
				"south": { "texture": "#metal", "uv": [ 6.5, 6.0, 7.5, 7.0 ] },
				"west": { "texture": "#metal", "uv": [ 4.0, 8.0, 5.0, 9.0 ] },
				"up": { "texture": "#metal", "uv": [ 7.0, 6.5, 8.0, 7.5 ] },
				"down": { "texture": "#metal", "uv": [ 9.0, 4.5, 10.0, 5.5 ] }
			}
		},
		{
			"name": "Bullet_24",
			"from": [ 9.2, 1.0, 7.4 ],
			"to": [ 10.2, 2.0, 8.4 ],
			"rotationOrigin": [ 9.7, 1.5, 7.9 ],
			"rotationY": -22.5,
			"faces": {
				"north": { "texture": "#metal", "uv": [ 6.5, 7.0, 7.5, 8.0 ] },
				"east": { "texture": "#metal", "uv": [ 6.5, 6.5, 7.5, 7.5 ] },
				"south": { "texture": "#metal", "uv": [ 6.5, 6.0, 7.5, 7.0 ] },
				"west": { "texture": "#metal", "uv": [ 4.0, 8.0, 5.0, 9.0 ] },
				"up": { "texture": "#metal", "uv": [ 7.0, 6.5, 8.0, 7.5 ] },
				"down": { "texture": "#metal", "uv": [ 9.0, 4.5, 10.0, 5.5 ] }
			}
		},
		{
			"name": "Bullet_25",
			"from": [ 8.6, 2.0, 9.2 ],
			"to": [ 9.6, 3.0, 10.2 ],
			"rotationOrigin": [ 9.1, 2.5, 9.7 ],
			"rotationY": -39.0,
			"faces": {
				"north": { "texture": "#metal", "uv": [ 6.5, 7.0, 7.5, 8.0 ] },
				"east": { "texture": "#metal", "uv": [ 6.5, 6.5, 7.5, 7.5 ] },
				"south": { "texture": "#metal", "uv": [ 6.5, 6.0, 7.5, 7.0 ] },
				"west": { "texture": "#metal", "uv": [ 4.0, 8.0, 5.0, 9.0 ] },
				"up": { "texture": "#metal", "uv": [ 7.0, 6.5, 8.0, 7.5 ] },
				"down": { "texture": "#metal", "uv": [ 9.0, 4.5, 10.0, 5.5 ] }
			}
		},
		{
			"name": "Bullet_26",
			"from": [ 8.8, 2.0, 7.8 ],
			"to": [ 9.8, 3.0, 8.8 ],
			"rotationOrigin": [ 9.3, 2.5, 8.3 ],
			"rotationY": -83.0,
			"faces": {
				"north": { "texture": "#metal", "uv": [ 6.5, 7.0, 7.5, 8.0 ] },
				"east": { "texture": "#metal", "uv": [ 6.5, 6.5, 7.5, 7.5 ] },
				"south": { "texture": "#metal", "uv": [ 6.5, 6.0, 7.5, 7.0 ] },
				"west": { "texture": "#metal", "uv": [ 4.0, 8.0, 5.0, 9.0 ] },
				"up": { "texture": "#metal", "uv": [ 7.0, 6.5, 8.0, 7.5 ] },
				"down": { "texture": "#metal", "uv": [ 9.0, 4.5, 10.0, 5.5 ] }
			}
		},
		{
			"name": "Bullet_27",
			"from": [ 6.9, 0.0, 6.1 ],
			"to": [ 7.9, 1.0, 7.1 ],
			"rotationOrigin": [ 7.4, 0.5, 6.6 ],
			"rotationY": 24.0,
			"faces": {
				"north": { "texture": "#metal", "uv": [ 6.5, 7.0, 7.5, 8.0 ] },
				"east": { "texture": "#metal", "uv": [ 6.5, 6.5, 7.5, 7.5 ] },
				"south": { "texture": "#metal", "uv": [ 6.5, 6.0, 7.5, 7.0 ] },
				"west": { "texture": "#metal", "uv": [ 4.0, 8.0, 5.0, 9.0 ] },
				"up": { "texture": "#metal", "uv": [ 7.0, 6.5, 8.0, 7.5 ] },
				"down": { "texture": "#metal", "uv": [ 9.0, 4.5, 10.0, 5.5 ] }
			}
		},
		{
			"name": "Bullet_28",
			"from": [ 5.8, 0.0, 6.8 ],
			"to": [ 6.8, 1.0, 7.8 ],
			"rotationOrigin": [ 6.3, 0.5, 7.3 ],
			"rotationY": 2.0,
			"faces": {
				"north": { "texture": "#metal", "uv": [ 6.5, 7.0, 7.5, 8.0 ] },
				"east": { "texture": "#metal", "uv": [ 6.5, 6.5, 7.5, 7.5 ] },
				"south": { "texture": "#metal", "uv": [ 6.5, 6.0, 7.5, 7.0 ] },
				"west": { "texture": "#metal", "uv": [ 4.0, 8.0, 5.0, 9.0 ] },
				"up": { "texture": "#metal", "uv": [ 7.0, 6.5, 8.0, 7.5 ] },
				"down": { "texture": "#metal", "uv": [ 9.0, 4.5, 10.0, 5.5 ] }
			}
		},
		{
			"name": "Bullet_29",
			"from": [ 8.0, 0.0, 5.5 ],
			"to": [ 9.0, 1.0, 6.5 ],
			"rotationOrigin": [ 8.5, 0.5, 6.0 ],
			"rotationY": 75.0,
			"faces": {
				"north": { "texture": "#metal", "uv": [ 6.5, 7.0, 7.5, 8.0 ] },
				"east": { "texture": "#metal", "uv": [ 6.5, 6.5, 7.5, 7.5 ] },
				"south": { "texture": "#metal", "uv": [ 6.5, 6.0, 7.5, 7.0 ] },
				"west": { "texture": "#metal", "uv": [ 4.0, 8.0, 5.0, 9.0 ] },
				"up": { "texture": "#metal", "uv": [ 7.0, 6.5, 8.0, 7.5 ] },
				"down": { "texture": "#metal", "uv": [ 9.0, 4.5, 10.0, 5.5 ] }
			}
		},
		{
			"name": "Bullet_30",
			"from": [ 9.0, 0.0, 6.0 ],
			"to": [ 10.0, 1.0, 7.0 ],
			"rotationOrigin": [ 9.5, 0.5, 6.5 ],
			"rotationY": -22.5,
			"faces": {
				"north": { "texture": "#metal", "uv": [ 6.5, 7.0, 7.5, 8.0 ] },
				"east": { "texture": "#metal", "uv": [ 6.5, 6.5, 7.5, 7.5 ] },
				"south": { "texture": "#metal", "uv": [ 6.5, 6.0, 7.5, 7.0 ] },
				"west": { "texture": "#metal", "uv": [ 4.0, 8.0, 5.0, 9.0 ] },
				"up": { "texture": "#metal", "uv": [ 7.0, 6.5, 8.0, 7.5 ] },
				"down": { "texture": "#metal", "uv": [ 9.0, 4.5, 10.0, 5.5 ] }
			}
		},
		{
			"name": "Bullet_31",
			"from": [ 10.2, 0.0, 6.3 ],
			"to": [ 11.2, 1.0, 7.3 ],
			"rotationOrigin": [ 10.7, 0.5, 6.8 ],
			"rotationY": -9.5,
			"faces": {
				"north": { "texture": "#metal", "uv": [ 6.5, 7.0, 7.5, 8.0 ] },
				"east": { "texture": "#metal", "uv": [ 6.5, 6.5, 7.5, 7.5 ] },
				"south": { "texture": "#metal", "uv": [ 6.5, 6.0, 7.5, 7.0 ] },
				"west": { "texture": "#metal", "uv": [ 4.0, 8.0, 5.0, 9.0 ] },
				"up": { "texture": "#metal", "uv": [ 7.0, 6.5, 8.0, 7.5 ] },
				"down": { "texture": "#metal", "uv": [ 9.0, 4.5, 10.0, 5.5 ] }
			}
		},
		{
			"name": "Bullet_32",
			"from": [ 9.6, 1.0, 6.4 ],
			"to": [ 10.6, 2.0, 7.4 ],
			"rotationOrigin": [ 10.1, 1.5, 6.9 ],
			"rotationY": -27.5,
			"faces": {
				"north": { "texture": "#metal", "uv": [ 6.5, 7.0, 7.5, 8.0 ] },
				"east": { "texture": "#metal", "uv": [ 6.5, 6.5, 7.5, 7.5 ] },
				"south": { "texture": "#metal", "uv": [ 6.5, 6.0, 7.5, 7.0 ] },
				"west": { "texture": "#metal", "uv": [ 4.0, 8.0, 5.0, 9.0 ] },
				"up": { "texture": "#metal", "uv": [ 7.0, 6.5, 8.0, 7.5 ] },
				"down": { "texture": "#metal", "uv": [ 9.0, 4.5, 10.0, 5.5 ] }
			}
		},
		{
			"name": "Bullet_33",
			"from": [ 8.4, 1.0, 6.6 ],
			"to": [ 9.4, 2.0, 7.6 ],
			"rotationOrigin": [ 8.9, 1.5, 7.1 ],
			"rotationY": -18.5,
			"faces": {
				"north": { "texture": "#metal", "uv": [ 6.5, 7.0, 7.5, 8.0 ] },
				"east": { "texture": "#metal", "uv": [ 6.5, 6.5, 7.5, 7.5 ] },
				"south": { "texture": "#metal", "uv": [ 6.5, 6.0, 7.5, 7.0 ] },
				"west": { "texture": "#metal", "uv": [ 4.0, 8.0, 5.0, 9.0 ] },
				"up": { "texture": "#metal", "uv": [ 7.0, 6.5, 8.0, 7.5 ] },
				"down": { "texture": "#metal", "uv": [ 9.0, 4.5, 10.0, 5.5 ] }
			}
		},
		{
			"name": "Bullet_34",
			"from": [ 6.9, 1.0, 6.8 ],
			"to": [ 7.9, 2.0, 7.8 ],
			"rotationOrigin": [ 7.4, 1.5, 7.3 ],
			"rotationY": -88.0,
			"faces": {
				"north": { "texture": "#metal", "uv": [ 6.5, 7.0, 7.5, 8.0 ] },
				"east": { "texture": "#metal", "uv": [ 6.5, 6.5, 7.5, 7.5 ] },
				"south": { "texture": "#metal", "uv": [ 6.5, 6.0, 7.5, 7.0 ] },
				"west": { "texture": "#metal", "uv": [ 4.0, 8.0, 5.0, 9.0 ] },
				"up": { "texture": "#metal", "uv": [ 7.0, 6.5, 8.0, 7.5 ] },
				"down": { "texture": "#metal", "uv": [ 9.0, 4.5, 10.0, 5.5 ] }
			}
		},
		{
			"name": "Bullet_35",
			"from": [ 7.8, 2.0, 7.0 ],
			"to": [ 8.8, 3.0, 8.0 ],
			"rotationOrigin": [ 8.3, 2.5, 7.5 ],
			"rotationY": -47.5,
			"faces": {
				"north": { "texture": "#metal", "uv": [ 6.5, 7.0, 7.5, 8.0 ] },
				"east": { "texture": "#metal", "uv": [ 6.5, 6.5, 7.5, 7.5 ] },
				"south": { "texture": "#metal", "uv": [ 6.5, 6.0, 7.5, 7.0 ] },
				"west": { "texture": "#metal", "uv": [ 4.0, 8.0, 5.0, 9.0 ] },
				"up": { "texture": "#metal", "uv": [ 7.0, 6.5, 8.0, 7.5 ] },
				"down": { "texture": "#metal", "uv": [ 9.0, 4.5, 10.0, 5.5 ] }
			}
		},
		{
			"name": "Bullet_36",
			"from": [ 5.0, 0.0, 7.7 ],
			"to": [ 6.0, 1.0, 8.7 ],
			"rotationOrigin": [ 5.5, 0.5, 8.2 ],
			"rotationY": -41.0,
			"faces": {
				"north": { "texture": "#metal", "uv": [ 6.5, 7.0, 7.5, 8.0 ] },
				"east": { "texture": "#metal", "uv": [ 6.5, 6.5, 7.5, 7.5 ] },
				"south": { "texture": "#metal", "uv": [ 6.5, 6.0, 7.5, 7.0 ] },
				"west": { "texture": "#metal", "uv": [ 4.0, 8.0, 5.0, 9.0 ] },
				"up": { "texture": "#metal", "uv": [ 7.0, 6.5, 8.0, 7.5 ] },
				"down": { "texture": "#metal", "uv": [ 9.0, 4.5, 10.0, 5.5 ] }
			}
		},
		{
			"name": "Bullet_37",
			"from": [ 5.8, 1.0, 7.5 ],
			"to": [ 6.8, 2.0, 8.5 ],
			"rotationOrigin": [ 6.3, 1.5, 8.0 ],
			"rotationY": -40.0,
			"faces": {
				"north": { "texture": "#metal", "uv": [ 6.5, 7.0, 7.5, 8.0 ] },
				"east": { "texture": "#metal", "uv": [ 6.5, 6.5, 7.5, 7.5 ] },
				"south": { "texture": "#metal", "uv": [ 6.5, 6.0, 7.5, 7.0 ] },
				"west": { "texture": "#metal", "uv": [ 4.0, 8.0, 5.0, 9.0 ] },
				"up": { "texture": "#metal", "uv": [ 7.0, 6.5, 8.0, 7.5 ] },
				"down": { "texture": "#metal", "uv": [ 9.0, 4.5, 10.0, 5.5 ] }
			}
		},
		{
			"name": "Bullet_38",
			"from": [ 5.0, 0.0, 9.1 ],
			"to": [ 6.0, 1.0, 10.1 ],
			"rotationOrigin": [ 5.5, 0.5, 9.6 ],
			"rotationY": -19.0,
			"faces": {
				"north": { "texture": "#metal", "uv": [ 6.5, 7.0, 7.5, 8.0 ] },
				"east": { "texture": "#metal", "uv": [ 6.5, 6.5, 7.5, 7.5 ] },
				"south": { "texture": "#metal", "uv": [ 6.5, 6.0, 7.5, 7.0 ] },
				"west": { "texture": "#metal", "uv": [ 4.0, 8.0, 5.0, 9.0 ] },
				"up": { "texture": "#metal", "uv": [ 7.0, 6.5, 8.0, 7.5 ] },
				"down": { "texture": "#metal", "uv": [ 9.0, 4.5, 10.0, 5.5 ] }
			}
		},
		{
			"name": "Bullet_39",
			"from": [ 5.6, 1.0, 8.7 ],
			"to": [ 6.6, 2.0, 9.7 ],
			"rotationOrigin": [ 6.1, 1.5, 9.2 ],
			"rotationY": -19.0,
			"faces": {
				"north": { "texture": "#metal", "uv": [ 6.5, 7.0, 7.5, 8.0 ] },
				"east": { "texture": "#metal", "uv": [ 6.5, 6.5, 7.5, 7.5 ] },
				"south": { "texture": "#metal", "uv": [ 6.5, 6.0, 7.5, 7.0 ] },
				"west": { "texture": "#metal", "uv": [ 4.0, 8.0, 5.0, 9.0 ] },
				"up": { "texture": "#metal", "uv": [ 7.0, 6.5, 8.0, 7.5 ] },
				"down": { "texture": "#metal", "uv": [ 9.0, 4.5, 10.0, 5.5 ] }
			}
		},
		{
			"name": "Bullet_40",
			"from": [ 6.2, 2.0, 8.7 ],
			"to": [ 7.2, 3.0, 9.7 ],
			"rotationOrigin": [ 6.7, 2.5, 9.2 ],
			"rotationY": -7.5,
			"faces": {
				"north": { "texture": "#metal", "uv": [ 6.5, 7.0, 7.5, 8.0 ] },
				"east": { "texture": "#metal", "uv": [ 6.5, 6.5, 7.5, 7.5 ] },
				"south": { "texture": "#metal", "uv": [ 6.5, 6.0, 7.5, 7.0 ] },
				"west": { "texture": "#metal", "uv": [ 4.0, 8.0, 5.0, 9.0 ] },
				"up": { "texture": "#metal", "uv": [ 7.0, 6.5, 8.0, 7.5 ] },
				"down": { "texture": "#metal", "uv": [ 9.0, 4.5, 10.0, 5.5 ] }
			}
		},
		{
			"name": "Bullet_41",
			"from": [ 6.7, 2.0, 7.4 ],
			"to": [ 7.7, 3.0, 8.4 ],
			"rotationOrigin": [ 7.2, 2.5, 7.9 ],
			"rotationY": -66.5,
			"faces": {
				"north": { "texture": "#metal", "uv": [ 6.5, 7.0, 7.5, 8.0 ] },
				"east": { "texture": "#metal", "uv": [ 6.5, 6.5, 7.5, 7.5 ] },
				"south": { "texture": "#metal", "uv": [ 6.5, 6.0, 7.5, 7.0 ] },
				"west": { "texture": "#metal", "uv": [ 4.0, 8.0, 5.0, 9.0 ] },
				"up": { "texture": "#metal", "uv": [ 7.0, 6.5, 8.0, 7.5 ] },
				"down": { "texture": "#metal", "uv": [ 9.0, 4.5, 10.0, 5.5 ] }
			}
		},
		{
			"name": "Bullet_42",
			"from": [ 9.7, 0.0, 5.0 ],
			"to": [ 10.7, 1.0, 6.0 ],
			"rotationOrigin": [ 10.2, 0.5, 5.5 ],
			"rotationY": 2.5,
			"faces": {
				"north": { "texture": "#metal", "uv": [ 6.5, 7.0, 7.5, 8.0 ] },
				"east": { "texture": "#metal", "uv": [ 6.5, 6.5, 7.5, 7.5 ] },
				"south": { "texture": "#metal", "uv": [ 6.5, 6.0, 7.5, 7.0 ] },
				"west": { "texture": "#metal", "uv": [ 4.0, 8.0, 5.0, 9.0 ] },
				"up": { "texture": "#metal", "uv": [ 7.0, 6.5, 8.0, 7.5 ] },
				"down": { "texture": "#metal", "uv": [ 9.0, 4.5, 10.0, 5.5 ] }
			}
		},
		{
			"name": "Bullet_43",
			"from": [ 8.6, 0.0, 4.5 ],
			"to": [ 9.6, 1.0, 5.5 ],
			"rotationOrigin": [ 9.1, 0.5, 5.0 ],
			"rotationY": 75.0,
			"faces": {
				"north": { "texture": "#metal", "uv": [ 6.5, 7.0, 7.5, 8.0 ] },
				"east": { "texture": "#metal", "uv": [ 6.5, 6.5, 7.5, 7.5 ] },
				"south": { "texture": "#metal", "uv": [ 6.5, 6.0, 7.5, 7.0 ] },
				"west": { "texture": "#metal", "uv": [ 4.0, 8.0, 5.0, 9.0 ] },
				"up": { "texture": "#metal", "uv": [ 7.0, 6.5, 8.0, 7.5 ] },
				"down": { "texture": "#metal", "uv": [ 9.0, 4.5, 10.0, 5.5 ] }
			}
		},
		{
			"name": "Bullet_44",
			"from": [ 8.8, 1.0, 5.4 ],
			"to": [ 9.8, 2.0, 6.4 ],
			"rotationOrigin": [ 9.3, 1.5, 5.9 ],
			"rotationY": -27.5,
			"faces": {
				"north": { "texture": "#metal", "uv": [ 6.5, 7.0, 7.5, 8.0 ] },
				"east": { "texture": "#metal", "uv": [ 6.5, 6.5, 7.5, 7.5 ] },
				"south": { "texture": "#metal", "uv": [ 6.5, 6.0, 7.5, 7.0 ] },
				"west": { "texture": "#metal", "uv": [ 4.0, 8.0, 5.0, 9.0 ] },
				"up": { "texture": "#metal", "uv": [ 7.0, 6.5, 8.0, 7.5 ] },
				"down": { "texture": "#metal", "uv": [ 9.0, 4.5, 10.0, 5.5 ] }
			}
		},
		{
			"name": "Bullet_45",
			"from": [ 7.1, 0.0, 4.6 ],
			"to": [ 8.1, 1.0, 5.6 ],
			"rotationOrigin": [ 7.6, 0.5, 5.1 ],
			"rotationY": 49.0,
			"faces": {
				"north": { "texture": "#metal", "uv": [ 6.5, 7.0, 7.5, 8.0 ] },
				"east": { "texture": "#metal", "uv": [ 6.5, 6.5, 7.5, 7.5 ] },
				"south": { "texture": "#metal", "uv": [ 6.5, 6.0, 7.5, 7.0 ] },
				"west": { "texture": "#metal", "uv": [ 4.0, 8.0, 5.0, 9.0 ] },
				"up": { "texture": "#metal", "uv": [ 7.0, 6.5, 8.0, 7.5 ] },
				"down": { "texture": "#metal", "uv": [ 9.0, 4.5, 10.0, 5.5 ] }
			}
		},
		{
			"name": "Bullet_46",
			"from": [ 6.2, 0.0, 5.2 ],
			"to": [ 7.2, 1.0, 6.2 ],
			"rotationOrigin": [ 6.7, 0.5, 5.7 ],
			"rotationY": 38.0,
			"faces": {
				"north": { "texture": "#metal", "uv": [ 6.5, 7.0, 7.5, 8.0 ] },
				"east": { "texture": "#metal", "uv": [ 6.5, 6.5, 7.5, 7.5 ] },
				"south": { "texture": "#metal", "uv": [ 6.5, 6.0, 7.5, 7.0 ] },
				"west": { "texture": "#metal", "uv": [ 4.0, 8.0, 5.0, 9.0 ] },
				"up": { "texture": "#metal", "uv": [ 7.0, 6.5, 8.0, 7.5 ] },
				"down": { "texture": "#metal", "uv": [ 9.0, 4.5, 10.0, 5.5 ] }
			}
		},
		{
			"name": "Bullet_47",
			"from": [ 5.2, 0.0, 5.7 ],
			"to": [ 6.2, 1.0, 6.7 ],
			"rotationOrigin": [ 5.7, 0.5, 6.2 ],
			"rotationY": 24.0,
			"faces": {
				"north": { "texture": "#metal", "uv": [ 6.5, 7.0, 7.5, 8.0 ] },
				"east": { "texture": "#metal", "uv": [ 6.5, 6.5, 7.5, 7.5 ] },
				"south": { "texture": "#metal", "uv": [ 6.5, 6.0, 7.5, 7.0 ] },
				"west": { "texture": "#metal", "uv": [ 4.0, 8.0, 5.0, 9.0 ] },
				"up": { "texture": "#metal", "uv": [ 7.0, 6.5, 8.0, 7.5 ] },
				"down": { "texture": "#metal", "uv": [ 9.0, 4.5, 10.0, 5.5 ] }
			}
		},
		{
			"name": "Bullet_48",
			"from": [ 7.5, 1.0, 5.4 ],
			"to": [ 8.5, 2.0, 6.4 ],
			"rotationOrigin": [ 8.0, 1.5, 5.9 ],
			"rotationY": -17.5,
			"faces": {
				"north": { "texture": "#metal", "uv": [ 6.5, 7.0, 7.5, 8.0 ] },
				"east": { "texture": "#metal", "uv": [ 6.5, 6.5, 7.5, 7.5 ] },
				"south": { "texture": "#metal", "uv": [ 6.5, 6.0, 7.5, 7.0 ] },
				"west": { "texture": "#metal", "uv": [ 4.0, 8.0, 5.0, 9.0 ] },
				"up": { "texture": "#metal", "uv": [ 7.0, 6.5, 8.0, 7.5 ] },
				"down": { "texture": "#metal", "uv": [ 9.0, 4.5, 10.0, 5.5 ] }
			}
		},
		{
			"name": "Bullet_49",
			"from": [ 6.3, 1.0, 5.6 ],
			"to": [ 7.3, 2.0, 6.6 ],
			"rotationOrigin": [ 6.8, 1.5, 6.1 ],
			"rotationY": -6.3,
			"faces": {
				"north": { "texture": "#metal", "uv": [ 6.5, 7.0, 7.5, 8.0 ] },
				"east": { "texture": "#metal", "uv": [ 6.5, 6.5, 7.5, 7.5 ] },
				"south": { "texture": "#metal", "uv": [ 6.5, 6.0, 7.5, 7.0 ] },
				"west": { "texture": "#metal", "uv": [ 4.0, 8.0, 5.0, 9.0 ] },
				"up": { "texture": "#metal", "uv": [ 7.0, 6.5, 8.0, 7.5 ] },
				"down": { "texture": "#metal", "uv": [ 9.0, 4.5, 10.0, 5.5 ] }
			}
		},
		{
			"name": "Bullet_50",
			"from": [ 9.1, 2.0, 6.5 ],
			"to": [ 10.1, 3.0, 7.5 ],
			"rotationOrigin": [ 9.6, 2.5, 7.0 ],
			"rotationY": -66.0,
			"faces": {
				"north": { "texture": "#metal", "uv": [ 6.5, 7.0, 7.5, 8.0 ] },
				"east": { "texture": "#metal", "uv": [ 6.5, 6.5, 7.5, 7.5 ] },
				"south": { "texture": "#metal", "uv": [ 6.5, 6.0, 7.5, 7.0 ] },
				"west": { "texture": "#metal", "uv": [ 4.0, 8.0, 5.0, 9.0 ] },
				"up": { "texture": "#metal", "uv": [ 7.0, 6.5, 8.0, 7.5 ] },
				"down": { "texture": "#metal", "uv": [ 9.0, 4.5, 10.0, 5.5 ] }
			}
		},
		{
			"name": "Bullet_51",
			"from": [ 8.4, 2.0, 5.6 ],
			"to": [ 9.4, 3.0, 6.6 ],
			"rotationOrigin": [ 8.9, 2.5, 6.1 ],
			"rotationY": -55.0,
			"faces": {
				"north": { "texture": "#metal", "uv": [ 6.5, 7.0, 7.5, 8.0 ] },
				"east": { "texture": "#metal", "uv": [ 6.5, 6.5, 7.5, 7.5 ] },
				"south": { "texture": "#metal", "uv": [ 6.5, 6.0, 7.5, 7.0 ] },
				"west": { "texture": "#metal", "uv": [ 4.0, 8.0, 5.0, 9.0 ] },
				"up": { "texture": "#metal", "uv": [ 7.0, 6.5, 8.0, 7.5 ] },
				"down": { "texture": "#metal", "uv": [ 9.0, 4.5, 10.0, 5.5 ] }
			}
		},
		{
			"name": "Bullet_52",
			"from": [ 7.2, 2.0, 6.0 ],
			"to": [ 8.2, 3.0, 7.0 ],
			"rotationOrigin": [ 7.7, 2.5, 6.5 ],
			"rotationY": -64.0,
			"faces": {
				"north": { "texture": "#metal", "uv": [ 6.5, 7.0, 7.5, 8.0 ] },
				"east": { "texture": "#metal", "uv": [ 6.5, 6.5, 7.5, 7.5 ] },
				"south": { "texture": "#metal", "uv": [ 6.5, 6.0, 7.5, 7.0 ] },
				"west": { "texture": "#metal", "uv": [ 4.0, 8.0, 5.0, 9.0 ] },
				"up": { "texture": "#metal", "uv": [ 7.0, 6.5, 8.0, 7.5 ] },
				"down": { "texture": "#metal", "uv": [ 9.0, 4.5, 10.0, 5.5 ] }
			}
		},
		{
			"name": "Bullet_53",
			"from": [ 4.3, 0.0, 6.4 ],
			"to": [ 5.3, 1.0, 7.4 ],
			"rotationOrigin": [ 4.8, 0.5, 6.9 ],
			"rotationY": 14.0,
			"faces": {
				"north": { "texture": "#metal", "uv": [ 6.5, 7.0, 7.5, 8.0 ] },
				"east": { "texture": "#metal", "uv": [ 6.5, 6.5, 7.5, 7.5 ] },
				"south": { "texture": "#metal", "uv": [ 6.5, 6.0, 7.5, 7.0 ] },
				"west": { "texture": "#metal", "uv": [ 4.0, 8.0, 5.0, 9.0 ] },
				"up": { "texture": "#metal", "uv": [ 7.0, 6.5, 8.0, 7.5 ] },
				"down": { "texture": "#metal", "uv": [ 9.0, 4.5, 10.0, 5.5 ] }
			}
		},
		{
			"name": "Bullet_54",
			"from": [ 5.3, 1.0, 6.4 ],
			"to": [ 6.3, 2.0, 7.4 ],
			"rotationOrigin": [ 5.8, 1.5, 6.9 ],
			"rotationY": 31.7,
			"faces": {
				"north": { "texture": "#metal", "uv": [ 6.5, 7.0, 7.5, 8.0 ] },
				"east": { "texture": "#metal", "uv": [ 6.5, 6.5, 7.5, 7.5 ] },
				"south": { "texture": "#metal", "uv": [ 6.5, 6.0, 7.5, 7.0 ] },
				"west": { "texture": "#metal", "uv": [ 4.0, 8.0, 5.0, 9.0 ] },
				"up": { "texture": "#metal", "uv": [ 7.0, 6.5, 8.0, 7.5 ] },
				"down": { "texture": "#metal", "uv": [ 9.0, 4.5, 10.0, 5.5 ] }
			}
		},
		{
			"name": "Bullet_55",
			"from": [ 6.0, 2.0, 6.4 ],
			"to": [ 7.0, 3.0, 7.4 ],
			"rotationOrigin": [ 6.5, 2.5, 6.9 ],
			"rotationY": -64.0,
			"faces": {
				"north": { "texture": "#metal", "uv": [ 6.5, 7.0, 7.5, 8.0 ] },
				"east": { "texture": "#metal", "uv": [ 6.5, 6.5, 7.5, 7.5 ] },
				"south": { "texture": "#metal", "uv": [ 6.5, 6.0, 7.5, 7.0 ] },
				"west": { "texture": "#metal", "uv": [ 4.0, 8.0, 5.0, 9.0 ] },
				"up": { "texture": "#metal", "uv": [ 7.0, 6.5, 8.0, 7.5 ] },
				"down": { "texture": "#metal", "uv": [ 9.0, 4.5, 10.0, 5.5 ] }
			}
		},
		{
			"name": "Bullet_56",
			"from": [ 6.9, 3.0, 8.7 ],
			"to": [ 7.9, 4.0, 9.7 ],
			"rotationOrigin": [ 7.4, 3.5, 9.2 ],
			"rotationY": -35.5,
			"faces": {
				"north": { "texture": "#metal", "uv": [ 6.5, 7.0, 7.5, 8.0 ] },
				"east": { "texture": "#metal", "uv": [ 6.5, 6.5, 7.5, 7.5 ] },
				"south": { "texture": "#metal", "uv": [ 6.5, 6.0, 7.5, 7.0 ] },
				"west": { "texture": "#metal", "uv": [ 4.0, 8.0, 5.0, 9.0 ] },
				"up": { "texture": "#metal", "uv": [ 7.0, 6.5, 8.0, 7.5 ] },
				"down": { "texture": "#metal", "uv": [ 9.0, 4.5, 10.0, 5.5 ] }
			}
		},
		{
			"name": "Bullet_57",
			"from": [ 8.2, 3.0, 8.5 ],
			"to": [ 9.2, 4.0, 9.5 ],
			"rotationOrigin": [ 8.7, 3.5, 9.0 ],
			"rotationY": -69.5,
			"faces": {
				"north": { "texture": "#metal", "uv": [ 6.5, 7.0, 7.5, 8.0 ] },
				"east": { "texture": "#metal", "uv": [ 6.5, 6.5, 7.5, 7.5 ] },
				"south": { "texture": "#metal", "uv": [ 6.5, 6.0, 7.5, 7.0 ] },
				"west": { "texture": "#metal", "uv": [ 4.0, 8.0, 5.0, 9.0 ] },
				"up": { "texture": "#metal", "uv": [ 7.0, 6.5, 8.0, 7.5 ] },
				"down": { "texture": "#metal", "uv": [ 9.0, 4.5, 10.0, 5.5 ] }
			}
		},
		{
			"name": "Bullet_58",
			"from": [ 7.4, 3.0, 7.6 ],
			"to": [ 8.4, 4.0, 8.6 ],
			"rotationOrigin": [ 7.9, 3.5, 8.1 ],
			"rotationY": -58.5,
			"faces": {
				"north": { "texture": "#metal", "uv": [ 6.5, 7.0, 7.5, 8.0 ] },
				"east": { "texture": "#metal", "uv": [ 6.5, 6.5, 7.5, 7.5 ] },
				"south": { "texture": "#metal", "uv": [ 6.5, 6.0, 7.5, 7.0 ] },
				"west": { "texture": "#metal", "uv": [ 4.0, 8.0, 5.0, 9.0 ] },
				"up": { "texture": "#metal", "uv": [ 7.0, 6.5, 8.0, 7.5 ] },
				"down": { "texture": "#metal", "uv": [ 9.0, 4.5, 10.0, 5.5 ] }
			}
		},
		{
			"name": "Bullet_59",
			"from": [ 7.1, 3.0, 6.4 ],
			"to": [ 8.1, 4.0, 7.4 ],
			"rotationOrigin": [ 7.6, 3.5, 6.9 ],
			"rotationY": -47.5,
			"faces": {
				"north": { "texture": "#metal", "uv": [ 6.5, 7.0, 7.5, 8.0 ] },
				"east": { "texture": "#metal", "uv": [ 6.5, 6.5, 7.5, 7.5 ] },
				"south": { "texture": "#metal", "uv": [ 6.5, 6.0, 7.5, 7.0 ] },
				"west": { "texture": "#metal", "uv": [ 4.0, 8.0, 5.0, 9.0 ] },
				"up": { "texture": "#metal", "uv": [ 7.0, 6.5, 8.0, 7.5 ] },
				"down": { "texture": "#metal", "uv": [ 9.0, 4.5, 10.0, 5.5 ] }
			}
		},
		{
			"name": "Bullet_60",
			"from": [ 8.4, 3.0, 7.0 ],
			"to": [ 9.4, 4.0, 8.0 ],
			"rotationOrigin": [ 8.9, 3.5, 7.5 ],
			"rotationY": -47.5,
			"faces": {
				"north": { "texture": "#metal", "uv": [ 6.5, 7.0, 7.5, 8.0 ] },
				"east": { "texture": "#metal", "uv": [ 6.5, 6.5, 7.5, 7.5 ] },
				"south": { "texture": "#metal", "uv": [ 6.5, 6.0, 7.5, 7.0 ] },
				"west": { "texture": "#metal", "uv": [ 4.0, 8.0, 5.0, 9.0 ] },
				"up": { "texture": "#metal", "uv": [ 7.0, 6.5, 8.0, 7.5 ] },
				"down": { "texture": "#metal", "uv": [ 9.0, 4.5, 10.0, 5.5 ] }
			}
		},
		{
			"name": "Bullet_61",
			"from": [ 8.2, 3.0, 5.8 ],
			"to": [ 9.2, 4.0, 6.8 ],
			"rotationOrigin": [ 8.7, 3.5, 6.3 ],
			"rotationY": -67.5,
			"faces": {
				"north": { "texture": "#metal", "uv": [ 6.5, 7.0, 7.5, 8.0 ] },
				"east": { "texture": "#metal", "uv": [ 6.5, 6.5, 7.5, 7.5 ] },
				"south": { "texture": "#metal", "uv": [ 6.5, 6.0, 7.5, 7.0 ] },
				"west": { "texture": "#metal", "uv": [ 4.0, 8.0, 5.0, 9.0 ] },
				"up": { "texture": "#metal", "uv": [ 7.0, 6.5, 8.0, 7.5 ] },
				"down": { "texture": "#metal", "uv": [ 9.0, 4.5, 10.0, 5.5 ] }
			}
		},
		{
			"name": "Bullet_62",
			"from": [ 7.4, 4.0, 8.2 ],
			"to": [ 8.4, 5.0, 9.2 ],
			"rotationOrigin": [ 7.9, 4.5, 8.7 ],
			"rotationY": -67.5,
			"faces": {
				"north": { "texture": "#metal", "uv": [ 6.5, 7.0, 7.5, 8.0 ] },
				"east": { "texture": "#metal", "uv": [ 6.5, 6.5, 7.5, 7.5 ] },
				"south": { "texture": "#metal", "uv": [ 6.5, 6.0, 7.5, 7.0 ] },
				"west": { "texture": "#metal", "uv": [ 4.0, 8.0, 5.0, 9.0 ] },
				"up": { "texture": "#metal", "uv": [ 7.0, 6.5, 8.0, 7.5 ] },
				"down": { "texture": "#metal", "uv": [ 9.0, 4.5, 10.0, 5.5 ] }
			}
		},
		{
			"name": "Bullet_63",
			"from": [ 7.7, 4.0, 7.0 ],
			"to": [ 8.7, 5.0, 8.0 ],
			"rotationOrigin": [ 8.2, 4.5, 7.5 ],
			"rotationY": -96.5,
			"faces": {
				"north": { "texture": "#metal", "uv": [ 6.5, 7.0, 7.5, 8.0 ] },
				"east": { "texture": "#metal", "uv": [ 6.5, 6.5, 7.5, 7.5 ] },
				"south": { "texture": "#metal", "uv": [ 6.5, 6.0, 7.5, 7.0 ] },
				"west": { "texture": "#metal", "uv": [ 4.0, 8.0, 5.0, 9.0 ] },
				"up": { "texture": "#metal", "uv": [ 7.0, 6.5, 8.0, 7.5 ] },
				"down": { "texture": "#metal", "uv": [ 9.0, 4.5, 10.0, 5.5 ] }
			}
		},
		{
			"name": "Bullet_64",
			"from": [ 8.0, 4.0, 5.9 ],
			"to": [ 9.0, 5.0, 6.9 ],
			"rotationOrigin": [ 8.5, 4.5, 6.4 ],
			"rotationY": -96.5,
			"faces": {
				"north": { "texture": "#metal", "uv": [ 6.5, 7.0, 7.5, 8.0 ] },
				"east": { "texture": "#metal", "uv": [ 6.5, 6.5, 7.5, 7.5 ] },
				"south": { "texture": "#metal", "uv": [ 6.5, 6.0, 7.5, 7.0 ] },
				"west": { "texture": "#metal", "uv": [ 4.0, 8.0, 5.0, 9.0 ] },
				"up": { "texture": "#metal", "uv": [ 7.0, 6.5, 8.0, 7.5 ] },
				"down": { "texture": "#metal", "uv": [ 9.0, 4.5, 10.0, 5.5 ] }
			}
		}
	]}