{"GameVersion":"1.18.6","SizeX":1,"SizeY":5,"SizeZ":1,"BlockCodes":{"2672":"game:soil-high-none","8613":"game:meta-underground","2668":"game:soil-verylow-none","8109":"game:chest-east","8606":"game:clutter"},"ItemCodes":{"273":"game:stackrandomizer-coppertool","272":"game:stackrandomizer-seed"},"Indices":[0,1048576,2097152,3145728,4194304],"BlockIds":[8613,2668,8109,8613,8606],"DecorIndices":[],"DecorIds":[],"BlockEntities":{"2097152":"!<d@[F*Mfq#64c-E,TfC\"TSN&!<d@[F*^L##64o6@VfsmCI<#NAI;p\\ATMrFARTY%\"po!]G%GQ5DfU+(#'\"^#Dfg%+!!!!'\"`nKuFE7Zf0`V1R!!$sF!!!N0!!!!(!AXWU!!!!2!<<*#z#6?U\\!<<*\"&-2b2!<<*\"!!`N^!!*'\"!\"]/2!!*'\"!!!6)2ZNjY!!!Q2!!!$\"z!!NdCDfS0\\De!QMDe*Dd@q]FpF=h'4F*%QgFEqh:$=e!jCgh:(ARmLu$#O6pBL-NKCh3SH!!!!","4194304":"!<d@[F*Mfq#64c-E,TfC#64`(!<d@[F*^L##64o6@VfsmCI<#NAHu^]F`__:EWlSfH#R='B6%F(ATMs3DIkCV\":&scFCB9&=9&=$!!EUFATMNNDJ*csjNEk)\":&scFCB9&=o\\O&!!rsADes6$@ru9m!!!"},"Entities":[],"ReplaceMode":2,"EntranceRotation":-1}