{"GameVersion":"1.18.6","SizeX":1,"SizeY":5,"SizeZ":1,"BlockCodes":{"8054":"game:barrel","8082":"game:woodbucket","8613":"game:meta-underground","2678":"game:soil-verylow-sparse","8109":"game:chest-east","8606":"game:clutter"},"ItemCodes":{"275":"game:stackrandomizer-resource","279":"game:stackrandomizer-gear","1487":"game:stone-halite"},"Indices":[0,1048576,2097152,3145728,4194304],"BlockIds":[8613,2678,8109,8613,8606],"DecorIndices":[],"DecorIds":[],"BlockEntities":{"2097152":"!<d@[F*N9)#64c-E,TfC\"TSN&!<d@[F*^L##64o6@VfsmCI<#NAI;p\\ATMrFARTY%\"po!]G%GQ5DfU+(#'\"^#Dfg%+!!!!'\"`nKuFE7Zf0E;(Q!!%0a!!!$\"!!!!(!AOQT!!!!4!<<*#z#6?R[!<<*\"'*/(5!<<*\"!!`N\\!!*'\"!#GY9!!*'\"!!!6)1]ROV!!!Z5!!!$\"!!!!(!AsiW!!!\"^*rl9Az#6?^_!<<*\"'*/(5!<<*\"!!`N`!!*'\"!7(fK!$)%>z\"Uo!]E^FS\\@r\"GMA7Z*XBOu7,/S/@3F9MehH#R=%@rH1\"@;p:!A2+2nD.Rd%6#L=OAH2]1!!!","4194304":"!<d@[F*N9)#64c-E,TfC#64`(!<d@[F*^L##64o6@VfsmCI<#NAHu^]F`__:EWlSfH#R='B6%F(ATMs3DIkCV\":&scFCB9&=9&=$!!EUFATMNNDJ*csgCHlk\":&scFCB9&=o\\O&!!rsADes6$@ru9m!!!"},"Entities":[],"ReplaceMode":2,"EntranceRotation":-1}