{"GameVersion":"1.18.6","SizeX":1,"SizeY":5,"SizeZ":1,"BlockCodes":{"8613":"game:meta-underground","2678":"game:soil-verylow-sparse","8109":"game:chest-east","8606":"game:clutter"},"ItemCodes":{"275":"game:stackrandomizer-resource","3639":"game:stackrandomizer-clayproducts"},"Indices":[0,1048576,2097152,3145728,4194304],"BlockIds":[8613,2678,8109,8613,8606],"DecorIndices":[],"DecorIds":[],"BlockEntities":{"2097152":"!<d@[F*O,A#64c-E,TfC\"TSN&!<d@[F*^L##64o6@VfsmCI<#NAI;p\\ATMrFARTY%\"po!]G%GQ5DfU+(#'\"^#Dfg%+!!!!'\"`nKuFE7Zf0E;+R!!!Z5!!!$\"!!!-0FDl80CdVlEDI[5X!.[65#6?OZ!<<*\"2\\#ff!<<*\"!!`N[!!*'\"!##A5!!*'\"!!E[ODffE(6YKnG@q>W?J3Er<!Aa]V!!!!X%KHJ0z#6?X]!<<*\"2\\#ff!<<*\"!!`N^!!*'\"!##A5!!*'\"!!E[ODffE(6YKnG@q>W?J3Er<!B'oY!!!!X%KHJ0z#6?a`!<<*\"'*/(5!<<*\"\":K<iFCAuQBOPdgAH2^\\4obQ_\"Uo!]E^FS\\@r\"GMA7Z*XBOu7,/S/@3F9MehH#R=%@rH1\"@;p:!A2+2nD.Rd%6#L=OAH2]1!!!","4194304":"!<d@[F*O,A#64c-E,TfC#64`(!<d@[F*^L##64o6@VfsmCI<#NAHu^]F`__:EWlSfH#R='B6%F(ATMs3DIkCV\":&scFCB9&=9&=$!!EUFATMNNDJ*csjNEk)\":&scFCB9&=o\\O&!!rsADes6$@ru9m!!!"},"Entities":[],"ReplaceMode":2,"EntranceRotation":-1}