{"GameVersion":"1.18.6","SizeX":1,"SizeY":5,"SizeZ":1,"BlockCodes":{"8613":"game:meta-underground","2678":"game:soil-verylow-sparse","8109":"game:chest-east","8606":"game:clutter"},"ItemCodes":{"345":"game:burnedbrick-fire","270":"game:stackrandomizer-fuel","271":"game:stackrandomizer-ingot"},"Indices":[0,1048576,2097152,3145728,4194304],"BlockIds":[8613,2678,8109,8613,8606],"DecorIndices":[],"DecorIds":[],"BlockEntities":{"2097152":"!<d@[F*O8E#64c-E,TfC\"TSN&!<d@[F*^L##64o6@VfsmCI<#NAI;p\\ATMrFARTY%\"po!]G%GQ5DfU+(#'\"^#Dfg%+!!!!'\"`nKuFE7Zf0E;+R!!$.&!!#.^!!!!(!AXWU!!!!/!<<*#z#6?X]!<<*\"=TJL&/cYkO!!`N_!!*'\"!\"K#0!!*'\"!!!6)2ZNjY!!!N1!!!$\"z!!NdCDfS0\\De!QMDe*Dd@q]FpF=h'4F*%QgFEqh:$=e!jCgh:(ARmLu$#O6pBL-NKCh3SH!!!!","4194304":"!<d@[F*O8E#64c-E,TfC#64`(!<d@[F*^L##64o6@VfsmCI<#NAHu^]F`__:EWlSfH#R='B6%F(ATMs3DIkCV\":&scFCB9&=9&=$!!EUFATMNNDJ*csjNEk)\":&scFCB9&=o\\O&!!rsADes6$@ru9m!!!"},"Entities":[],"ReplaceMode":2,"EntranceRotation":-1}