[{
    "op": "add",
    "path": "/client/behaviors/-",
    "value": {
	"code": "shearable",
	"enabledByType": {
		"cervidae-alceini-adult-*": true,
		"*": false
	},
	"hoursPerUnit" : 42,
	"hoursPerUnitGenerationalReduction" : 0.5,
	"hoursPerUnitMaxReduction" : 8.0,
	"maxGenBonus" : 4,
	"generationalMaxGrowthBonus" : 1,
	"generationalScratchChanceReduction" : 0.04,
	"minQuantity": 8,
	"maxQuantity": 16,
	"minGen": 3,
	"shearsBonus": 4,
	"scratchChance": 0.45,
	"drop": "wool:fleece-generic-brown",
	"shearSound": "game:sounds/player/scrape.ogg"
    },
    "file": "entities/land/alceini.json",
    "side": "Server",
    "dependsOn": [{ "modid": "wool" }]
  },

  {
    "op": "add",
    "path": "/server/behaviors/-",
    "value": {
	"code": "shearable",
	"enabledByType": {
		"cervidae-alceini-adult-*": true,
		"*": false
	},
	"hoursPerUnit" : 55,
	"hoursPerUnitGenerationalReduction" : 0.5,
	"hoursPerUnitMaxReduction" : 8.0,
	"maxGenBonus" : 4,
	"generationalMaxGrowthBonus" : 1,
	"generationalScratchChanceReduction" : 0.04,
	"minQuantity": 8,
	"maxQuantity": 16,
	"minGen": 3,
	"shearsBonus": 2,
	"scratchChance": 0.45,
	"drop": "wool:fleece-generic-brown",
	"shearSound": "game:sounds/player/scrape.ogg"
    },
    "file": "entities/land/alceini.json",
    "side": "Server",
    "dependsOn": [{ "modid": "wool" }]
  },

  {
    "op": "add",
    "path": "/client/behaviors/-",
    "value": {
	"code": "shearable",
	"enabledByType": {
		"cervidae-capreolini-adult-*": true,
		"*": false
	},
	"hoursPerUnitByType" : {
		"*": 42
	},
	"hoursPerUnitGenerationalReduction" : 0.5,
	"hoursPerUnitMaxReduction" : 8.0,
	"maxGenBonusByType" : {
		"*": 4
	},
	"generationalMaxGrowthBonus" : 2,
	"generationalScratchChanceReduction" : 0.05,
	"minQuantityByType": {
		"*": 3
	},
	"maxQuantityByType": {
		"*": 5
	},
	"minGen": 3,
	"shearsBonusByType": {
		"*": 2
	},
	"scratchChance": 0.45,
	"dropByType": {
		"cervidae-capreolini-adult-*-capreoluspygargus": "wool:fleece-generic-redbrown",
		"*": "wool:fleece-generic-lightbrown"
	},
	"shearSound": "game:sounds/player/scrape.ogg"
    },
    "file": "entities/land/capreolini.json",
    "side": "Server",
    "dependsOn": [{ "modid": "wool" }]
  },

  {
    "op": "add",
    "path": "/server/behaviors/-",
    "value": {
	"code": "shearable",
	"enabledByType": {
		"cervidae-capreolini-adult-*": true,
		"*": false
	},
	"hoursPerUnitByType" : {
		"*": 42
	},
	"hoursPerUnitGenerationalReduction" : 0.5,
	"hoursPerUnitMaxReduction" : 8.0,
	"maxGenBonusByType" : {
		"*": 4
	},
	"generationalMaxGrowthBonus" : 2,
	"generationalScratchChanceReduction" : 0.05,
	"minQuantityByType": {
		"*": 3
	},
	"maxQuantityByType": {
		"*": 5
	},
	"minGen": 3,
	"shearsBonusByType": {
		"*": 2
	},
	"scratchChance": 0.45,
	"dropByType": {
		"cervidae-capreolini-adult-*-capreoluspygargus": "wool:fleece-generic-redbrown",
		"*": "wool:fleece-generic-lightbrown"
	},
	"shearSound": "game:sounds/player/scrape.ogg"
    },
    "file": "entities/land/capreolini.json",
    "side": "Server",
    "dependsOn": [{ "modid": "wool" }]
  },
  {
    "op": "add",
    "path": "/client/behaviors/-",
    "value": {
	"code": "shearable",
	"enabledByType": {
		"cervidae-odocoileini-adult-*": true,
		"*": false
	},
	"hoursPerUnitByType" : {
		"*": 42
	},
	"hoursPerUnitGenerationalReduction" : 0.5,
	"hoursPerUnitMaxReduction" : 8.0,
	"maxGenBonusByType" : {
		"*": 4
	},
	"generationalMaxGrowthBonus" : 2,
	"generationalScratchChanceReduction" : 0.05,
	"minQuantityByType": {
		"cervidae-odocoileini-adult-*-blastocerusdichotomus": 5,
		"cervidae-odocoileini-adult-*-hippocamelusantisensis": 5,
		"cervidae-odocoileini-adult-*-hippocamelusbisulcus": 6,
		"cervidae-odocoileini-adult-*-odocoileushemionus": 5,
		"cervidae-odocoileini-adult-*-odocoileusvirginianus": 5,
		"cervidae-odocoileini-adult-*-rangifertarandus": 6,
		"*": 2
	},
	"maxQuantityByType": {
		"cervidae-odocoileini-adult-*-blastocerusdichotomus": 7,
		"cervidae-odocoileini-adult-*-hippocamelusantisensis": 7,
		"cervidae-odocoileini-adult-*-hippocamelusbisulcus": 8,
		"cervidae-odocoileini-adult-*-odocoileushemionus": 7,
		"cervidae-odocoileini-adult-*-odocoileusvirginianus": 7,
		"cervidae-odocoileini-adult-*-rangifertarandus": 9,
		"*": 4
	},
	"minGen": 3,
	"shearsBonusByType": {
		"*": 2
	},
	"scratchChance": 0.45,
	"dropByType": {
		"cervidae-odocoileini-adult-*-blastocerusdichotomus": "wool:fleece-generic-redbrown",
		"cervidae-odocoileini-adult-*-mazamaamericana": "wool:fleece-generic-redbrown",
		"cervidae-odocoileini-adult-*-mazamanana": "wool:fleece-generic-redbrown",
		"cervidae-odocoileini-adult-*-mazamarufina": "wool:fleece-generic-redbrown",
		"cervidae-odocoileini-adult-*-mazamatemama": "wool:fleece-generic-redbrown",
		"*": "wool:fleece-generic-lightbrown"
	},
	"shearSound": "game:sounds/player/scrape.ogg"
    },
    "file": "entities/land/odocoileini.json",
    "side": "Server",
    "dependsOn": [{ "modid": "wool" }]
  },

  {
    "op": "add",
    "path": "/server/behaviors/-",
    "value": {
	"code": "shearable",
	"enabledByType": {
		"cervidae-odocoileini-adult-*": true,
		"*": false
	},
	"hoursPerUnitByType" : {
		"*": 42
	},
	"hoursPerUnitGenerationalReduction" : 0.5,
	"hoursPerUnitMaxReduction" : 8.0,
	"maxGenBonusByType" : {
		"*": 4
	},
	"generationalMaxGrowthBonus" : 2,
	"generationalScratchChanceReduction" : 0.05,
	"minQuantityByType": {
		"cervidae-odocoileini-adult-*-blastocerusdichotomus": 5,
		"cervidae-odocoileini-adult-*-hippocamelusantisensis": 5,
		"cervidae-odocoileini-adult-*-hippocamelusbisulcus": 6,
		"cervidae-odocoileini-adult-*-odocoileushemionus": 5,
		"cervidae-odocoileini-adult-*-odocoileusvirginianus": 5,
		"cervidae-odocoileini-adult-*-rangifertarandus": 6,
		"*": 2
	},
	"maxQuantityByType": {
		"cervidae-odocoileini-adult-*-blastocerusdichotomus": 7,
		"cervidae-odocoileini-adult-*-hippocamelusantisensis": 7,
		"cervidae-odocoileini-adult-*-hippocamelusbisulcus": 8,
		"cervidae-odocoileini-adult-*-odocoileushemionus": 7,
		"cervidae-odocoileini-adult-*-odocoileusvirginianus": 7,
		"cervidae-odocoileini-adult-*-rangifertarandus": 9,
		"*": 4
	},
	"minGen": 3,
	"shearsBonusByType": {
		"*": 2
	},
	"scratchChance": 0.45,
	"dropByType": {
		"cervidae-odocoileini-adult-*-blastocerusdichotomus": "wool:fleece-generic-redbrown",
		"cervidae-odocoileini-adult-*-mazamaamericana": "wool:fleece-generic-redbrown",
		"cervidae-odocoileini-adult-*-mazamanana": "wool:fleece-generic-redbrown",
		"cervidae-odocoileini-adult-*-mazamarufina": "wool:fleece-generic-redbrown",
		"cervidae-odocoileini-adult-*-mazamatemama": "wool:fleece-generic-redbrown",
		"*": "wool:fleece-generic-lightbrown"
	},
	"shearSound": "game:sounds/player/scrape.ogg"
    },
    "file": "entities/land/odocoileini.json",
    "side": "Server",
    "dependsOn": [{ "modid": "wool" }]
  }
]

