{
	"code": "bloomworker",
	"class": "ElectricalBlock",
	"entityclass": "BEERecipeProcessor",
	"creativeinventory": {
		"general": [ "*-east" ],
		"qptech": [ "*-east" ]
	},
	"entityBehaviors": [ { "name": "Animatable" } ],
	"behaviors": [

		{
			"name": "HorizontalOrientable",
			"properties": { "dropBlockFace": "east" }
		}
	],
	"variantgroups": [
		{
			"code": "type",
			"states": [ "lv" ]
		},
		{
			"code": "side",
			"loadFromProperties": "abstract/horizontalorientation"
		}
	],

	"attributesByType": {

		"*-lv-*": {
			"genFlux": 0,
			"useFlux": 8,
			"runsound": "sounds/mechhammer",
			"soundlevel": 1,
			"loopsound": true,

			"recipegroups": [ "bloomworker" ],
			"inputFace": "west",
			"outputFace": "east",
			"animationCode": "run",
			"animation": "run",
			"runAnimationSpeed": 1,
			"processingTime": 15000
		}
	},

	"blockmaterial": "Metal",
	"drawtype": "json",

	"shape": { "base": "block/metal/electric/bloomworker" },
	"shapeByType": {
		"*-north": {
			"base": "block/metal/electric/bloomworker",
			"rotateY": 0
		},
		"*-east": {
			"base": "block/metal/electric/bloomworker",
			"rotateY": 270
		},
		"*-west": {
			"base": "block/metal/electric/bloomworker",
			"rotateY": 90
		},
		"*-south": {
			"base": "block/metal/electric/bloomworker",
			"rotateY": 180
		}
	},
	"lightAbsorption": 0,
	"resistance": 1,
	"sideAo": { "all": false },
	"sidesolid": {
		"all": false,
		"up": true
	},
	"sideopaque": {
		"all": false
	},
	"fpHandTransform": {
		"rotation": {
			"x": 53,
			"y": 46,
			"z": 0
		},
		"scale": 1.28
	},
	"sounds": {
		"place": "game:block/anvil",
		"walk": "game:walk/stone"
	}


}