[
{"name": "Moose Taxidermy (Calf)", "ingredientPattern": "_BC,DEF,GHI","ingredients": {"B": { "type": "item", "code": "game:hammer-*", "isTool": true },"C": { "type": "item", "code": "game:knife-*", "isTool": true },"D": { "type": "item", "code": "capreolinae:pelt-alceini-baby-alcesalces" },"E": { "type": "item", "code": "game:metalnailsandstrips-*", "quantity": 1 },"F": { "type": "item", "code": "game:clay-*", "quantity": 4 },"G": { "type": "block", "code": "game:debarkedlog-*", "quantity": 2 },"H": { "type": "block", "code": "game:glass-*" },"I": { "type": "item", "code": "game:powderedborax", "quantity": 1 }},"width": 3,"height": 3,"output": { "type": "block", "code": "capreolinae:taxidermy-alceini-baby-alcesalces-north", "quantity": 1  }},
{"name": "Moose Taxidermy (Female)", "ingredientPattern": "_BC,DEF,GHI","ingredients": {"B": { "type": "item", "code": "game:hammer-*", "isTool": true },"C": { "type": "item", "code": "game:knife-*", "isTool": true },"D": { "type": "item", "code": "capreolinae:pelt-alceini-female-alcesalces" },"E": { "type": "item", "code": "game:metalnailsandstrips-*", "quantity": 1 },"F": { "type": "item", "code": "game:clay-*", "quantity": 4 },"G": { "type": "block", "code": "game:debarkedlog-*", "quantity": 3 },"H": { "type": "block", "code": "game:glass-*" },"I": { "type": "item", "code": "game:powderedborax", "quantity": 2 }},"width": 3,"height": 3,"output": { "type": "block", "code": "capreolinae:taxidermy-alceini-female-alcesalces-north", "quantity": 1  }},
{"name": "Moose Taxidermy (Male)", "ingredientPattern": "_BC,DEF,GHI","ingredients": {"B": { "type": "item", "code": "game:hammer-*", "isTool": true },"C": { "type": "item", "code": "game:knife-*", "isTool": true },"D": { "type": "item", "code": "capreolinae:pelt-alceini-male-alcesalces" },"E": { "type": "item", "code": "game:metalnailsandstrips-*", "quantity": 1 },"F": { "type": "item", "code": "game:clay-*", "quantity": 4 },"G": { "type": "block", "code": "game:debarkedlog-*", "quantity": 4 },"H": { "type": "block", "code": "game:glass-*" },"I": { "type": "item", "code": "game:powderedborax", "quantity": 2 }},"width": 3,"height": 3,"output": { "type": "block", "code": "capreolinae:taxidermy-alceini-male-alcesalces-north", "quantity": 1  }},

{"name": "Western Roe Deer Taxidermy (Fawn)", "ingredientPattern": "_BC,DEF,GHI","ingredients": {"B": { "type": "item", "code": "game:hammer-*", "isTool": true },"C": { "type": "item", "code": "game:knife-*", "isTool": true },"D": { "type": "item", "code": "capreolinae:pelt-capreolini-baby-capreoluscapreolus" },"E": { "type": "item", "code": "game:metalnailsandstrips-*", "quantity": 1 },"F": { "type": "item", "code": "game:clay-*", "quantity": 4 },"G": { "type": "block", "code": "game:debarkedlog-*", "quantity": 1 },"H": { "type": "block", "code": "game:glass-*" },"I": { "type": "item", "code": "game:powderedborax", "quantity": 1 }},"width": 3,"height": 3,"output": { "type": "block", "code": "capreolinae:taxidermy-capreolini-baby-capreoluscapreolus-north", "quantity": 1  }},
{"name": "Western Roe Deer Taxidermy (Female)", "ingredientPattern": "_BC,DEF,GHI","ingredients": {"B": { "type": "item", "code": "game:hammer-*", "isTool": true },"C": { "type": "item", "code": "game:knife-*", "isTool": true },"D": { "type": "item", "code": "capreolinae:pelt-capreolini-female-capreoluscapreolus" },"E": { "type": "item", "code": "game:metalnailsandstrips-*", "quantity": 1 },"F": { "type": "item", "code": "game:clay-*", "quantity": 4 },"G": { "type": "block", "code": "game:debarkedlog-*", "quantity": 1 },"H": { "type": "block", "code": "game:glass-*" },"I": { "type": "item", "code": "game:powderedborax", "quantity": 1 }},"width": 3,"height": 3,"output": { "type": "block", "code": "capreolinae:taxidermy-capreolini-female-capreoluscapreolus-north", "quantity": 1  }},
{"name": "Western Roe Deer Taxidermy (Male)", "ingredientPattern": "_BC,DEF,GHI","ingredients": {"B": { "type": "item", "code": "game:hammer-*", "isTool": true },"C": { "type": "item", "code": "game:knife-*", "isTool": true },"D": { "type": "item", "code": "capreolinae:pelt-capreolini-male-capreoluscapreolus" },"E": { "type": "item", "code": "game:metalnailsandstrips-*", "quantity": 1 },"F": { "type": "item", "code": "game:clay-*", "quantity": 4 },"G": { "type": "block", "code": "game:debarkedlog-*", "quantity": 1 },"H": { "type": "block", "code": "game:glass-*" },"I": { "type": "item", "code": "game:powderedborax", "quantity": 1 }},"width": 3,"height": 3,"output": { "type": "block", "code": "capreolinae:taxidermy-capreolini-male-capreoluscapreolus-north", "quantity": 1  }},

{"name": "Eastern Roe Deer Taxidermy (Fawn)", "ingredientPattern": "_BC,DEF,GHI","ingredients": {"B": { "type": "item", "code": "game:hammer-*", "isTool": true },"C": { "type": "item", "code": "game:knife-*", "isTool": true },"D": { "type": "item", "code": "capreolinae:pelt-capreolini-baby-capreoluspygargus" },"E": { "type": "item", "code": "game:metalnailsandstrips-*", "quantity": 1 },"F": { "type": "item", "code": "game:clay-*", "quantity": 4 },"G": { "type": "block", "code": "game:debarkedlog-*", "quantity": 1 },"H": { "type": "block", "code": "game:glass-*" },"I": { "type": "item", "code": "game:powderedborax", "quantity": 1 }},"width": 3,"height": 3,"output": { "type": "block", "code": "capreolinae:taxidermy-capreolini-baby-capreoluspygargus-north", "quantity": 1  }},
{"name": "Eastern Roe Deer Taxidermy (Female)", "ingredientPattern": "_BC,DEF,GHI","ingredients": {"B": { "type": "item", "code": "game:hammer-*", "isTool": true },"C": { "type": "item", "code": "game:knife-*", "isTool": true },"D": { "type": "item", "code": "capreolinae:pelt-capreolini-female-capreoluspygargus" },"E": { "type": "item", "code": "game:metalnailsandstrips-*", "quantity": 1 },"F": { "type": "item", "code": "game:clay-*", "quantity": 4 },"G": { "type": "block", "code": "game:debarkedlog-*", "quantity": 1 },"H": { "type": "block", "code": "game:glass-*" },"I": { "type": "item", "code": "game:powderedborax", "quantity": 1 }},"width": 3,"height": 3,"output": { "type": "block", "code": "capreolinae:taxidermy-capreolini-female-capreoluspygargus-north", "quantity": 1  }},
{"name": "Eastern Roe Deer Taxidermy (Male)", "ingredientPattern": "_BC,DEF,GHI","ingredients": {"B": { "type": "item", "code": "game:hammer-*", "isTool": true },"C": { "type": "item", "code": "game:knife-*", "isTool": true },"D": { "type": "item", "code": "capreolinae:pelt-capreolini-male-capreoluspygargus" },"E": { "type": "item", "code": "game:metalnailsandstrips-*", "quantity": 1 },"F": { "type": "item", "code": "game:clay-*", "quantity": 4 },"G": { "type": "block", "code": "game:debarkedlog-*", "quantity": 1 },"H": { "type": "block", "code": "game:glass-*" },"I": { "type": "item", "code": "game:powderedborax", "quantity": 1 }},"width": 3,"height": 3,"output": { "type": "block", "code": "capreolinae:taxidermy-capreolini-male-capreoluspygargus-north", "quantity": 1  }},

{"name": "Water Deer Taxidermy (Fawn)", "ingredientPattern": "_BC,DEF,GHI","ingredients": {"B": { "type": "item", "code": "game:hammer-*", "isTool": true },"C": { "type": "item", "code": "game:knife-*", "isTool": true },"D": { "type": "item", "code": "capreolinae:pelt-capreolini-baby-hydropotesinermis" },"E": { "type": "item", "code": "game:metalnailsandstrips-*", "quantity": 1 },"F": { "type": "item", "code": "game:clay-*", "quantity": 4 },"G": { "type": "block", "code": "game:debarkedlog-*", "quantity": 1 },"H": { "type": "block", "code": "game:glass-*" },"I": { "type": "item", "code": "game:powderedborax", "quantity": 1 }},"width": 3,"height": 3,"output": { "type": "block", "code": "capreolinae:taxidermy-capreolini-baby-hydropotesinermis-north", "quantity": 1  }},
{"name": "Water Deer Taxidermy (Female)", "ingredientPattern": "_BC,DEF,GHI","ingredients": {"B": { "type": "item", "code": "game:hammer-*", "isTool": true },"C": { "type": "item", "code": "game:knife-*", "isTool": true },"D": { "type": "item", "code": "capreolinae:pelt-capreolini-female-hydropotesinermis" },"E": { "type": "item", "code": "game:metalnailsandstrips-*", "quantity": 1 },"F": { "type": "item", "code": "game:clay-*", "quantity": 4 },"G": { "type": "block", "code": "game:debarkedlog-*", "quantity": 1 },"H": { "type": "block", "code": "game:glass-*" },"I": { "type": "item", "code": "game:powderedborax", "quantity": 1 }},"width": 3,"height": 3,"output": { "type": "block", "code": "capreolinae:taxidermy-capreolini-female-hydropotesinermis-north", "quantity": 1  }},
{"name": "Water Deer Taxidermy (Male)", "ingredientPattern": "_BC,DEF,GHI","ingredients": {"B": { "type": "item", "code": "game:hammer-*", "isTool": true },"C": { "type": "item", "code": "game:knife-*", "isTool": true },"D": { "type": "item", "code": "capreolinae:pelt-capreolini-male-hydropotesinermis" },"E": { "type": "item", "code": "game:metalnailsandstrips-*", "quantity": 1 },"F": { "type": "item", "code": "game:clay-*", "quantity": 4 },"G": { "type": "block", "code": "game:debarkedlog-*", "quantity": 1 },"H": { "type": "block", "code": "game:glass-*" },"I": { "type": "item", "code": "game:powderedborax", "quantity": 1 }},"width": 3,"height": 3,"output": { "type": "block", "code": "capreolinae:taxidermy-capreolini-male-hydropotesinermis-north", "quantity": 1  }},

{"name": "Marsh Deer Taxidermy (Fawn)", "ingredientPattern": "_BC,DEF,GHI","ingredients": {"B": { "type": "item", "code": "game:hammer-*", "isTool": true },"C": { "type": "item", "code": "game:knife-*", "isTool": true },"D": { "type": "item", "code": "capreolinae:pelt-odocoileini-baby-blastocerusdichotomus" },"E": { "type": "item", "code": "game:metalnailsandstrips-*", "quantity": 1 },"F": { "type": "item", "code": "game:clay-*", "quantity": 4 },"G": { "type": "block", "code": "game:debarkedlog-*", "quantity": 1 },"H": { "type": "block", "code": "game:glass-*" },"I": { "type": "item", "code": "game:powderedborax", "quantity": 1 }},"width": 3,"height": 3,"output": { "type": "block", "code": "capreolinae:taxidermy-odocoileini-baby-blastocerusdichotomus-north", "quantity": 1  }},
{"name": "Marsh Deer Taxidermy (Female)", "ingredientPattern": "_BC,DEF,GHI","ingredients": {"B": { "type": "item", "code": "game:hammer-*", "isTool": true },"C": { "type": "item", "code": "game:knife-*", "isTool": true },"D": { "type": "item", "code": "capreolinae:pelt-odocoileini-female-blastocerusdichotomus" },"E": { "type": "item", "code": "game:metalnailsandstrips-*", "quantity": 1 },"F": { "type": "item", "code": "game:clay-*", "quantity": 4 },"G": { "type": "block", "code": "game:debarkedlog-*", "quantity": 1 },"H": { "type": "block", "code": "game:glass-*" },"I": { "type": "item", "code": "game:powderedborax", "quantity": 1 }},"width": 3,"height": 3,"output": { "type": "block", "code": "capreolinae:taxidermy-odocoileini-female-blastocerusdichotomus-north", "quantity": 1  }},
{"name": "Marsh Deer Taxidermy (Male)", "ingredientPattern": "_BC,DEF,GHI","ingredients": {"B": { "type": "item", "code": "game:hammer-*", "isTool": true },"C": { "type": "item", "code": "game:knife-*", "isTool": true },"D": { "type": "item", "code": "capreolinae:pelt-odocoileini-male-blastocerusdichotomus" },"E": { "type": "item", "code": "game:metalnailsandstrips-*", "quantity": 1 },"F": { "type": "item", "code": "game:clay-*", "quantity": 4 },"G": { "type": "block", "code": "game:debarkedlog-*", "quantity": 1 },"H": { "type": "block", "code": "game:glass-*" },"I": { "type": "item", "code": "game:powderedborax", "quantity": 1 }},"width": 3,"height": 3,"output": { "type": "block", "code": "capreolinae:taxidermy-odocoileini-male-blastocerusdichotomus-north", "quantity": 1  }},

{"name": "Taruca Taxidermy (Fawn)", "ingredientPattern": "_BC,DEF,GHI","ingredients": {"B": { "type": "item", "code": "game:hammer-*", "isTool": true },"C": { "type": "item", "code": "game:knife-*", "isTool": true },"D": { "type": "item", "code": "capreolinae:pelt-odocoileini-baby-hippocamelusantisensis" },"E": { "type": "item", "code": "game:metalnailsandstrips-*", "quantity": 1 },"F": { "type": "item", "code": "game:clay-*", "quantity": 4 },"G": { "type": "block", "code": "game:debarkedlog-*", "quantity": 1 },"H": { "type": "block", "code": "game:glass-*" },"I": { "type": "item", "code": "game:powderedborax", "quantity": 1 }},"width": 3,"height": 3,"output": { "type": "block", "code": "capreolinae:taxidermy-odocoileini-baby-hippocamelusantisensis-north", "quantity": 1  }},
{"name": "Taruca Taxidermy (Female)", "ingredientPattern": "_BC,DEF,GHI","ingredients": {"B": { "type": "item", "code": "game:hammer-*", "isTool": true },"C": { "type": "item", "code": "game:knife-*", "isTool": true },"D": { "type": "item", "code": "capreolinae:pelt-odocoileini-female-hippocamelusantisensis" },"E": { "type": "item", "code": "game:metalnailsandstrips-*", "quantity": 1 },"F": { "type": "item", "code": "game:clay-*", "quantity": 4 },"G": { "type": "block", "code": "game:debarkedlog-*", "quantity": 1 },"H": { "type": "block", "code": "game:glass-*" },"I": { "type": "item", "code": "game:powderedborax", "quantity": 1 }},"width": 3,"height": 3,"output": { "type": "block", "code": "capreolinae:taxidermy-odocoileini-female-hippocamelusantisensis-north", "quantity": 1  }},
{"name": "Taruca Taxidermy (Male)", "ingredientPattern": "_BC,DEF,GHI","ingredients": {"B": { "type": "item", "code": "game:hammer-*", "isTool": true },"C": { "type": "item", "code": "game:knife-*", "isTool": true },"D": { "type": "item", "code": "capreolinae:pelt-odocoileini-male-hippocamelusantisensis" },"E": { "type": "item", "code": "game:metalnailsandstrips-*", "quantity": 1 },"F": { "type": "item", "code": "game:clay-*", "quantity": 4 },"G": { "type": "block", "code": "game:debarkedlog-*", "quantity": 1 },"H": { "type": "block", "code": "game:glass-*" },"I": { "type": "item", "code": "game:powderedborax", "quantity": 1 }},"width": 3,"height": 3,"output": { "type": "block", "code": "capreolinae:taxidermy-odocoileini-male-hippocamelusantisensis-north", "quantity": 1  }},

{"name": "Huemul Taxidermy (Fawn)", "ingredientPattern": "_BC,DEF,GHI","ingredients": {"B": { "type": "item", "code": "game:hammer-*", "isTool": true },"C": { "type": "item", "code": "game:knife-*", "isTool": true },"D": { "type": "item", "code": "capreolinae:pelt-odocoileini-baby-hippocamelusbisulcus" },"E": { "type": "item", "code": "game:metalnailsandstrips-*", "quantity": 1 },"F": { "type": "item", "code": "game:clay-*", "quantity": 4 },"G": { "type": "block", "code": "game:debarkedlog-*", "quantity": 1 },"H": { "type": "block", "code": "game:glass-*" },"I": { "type": "item", "code": "game:powderedborax", "quantity": 1 }},"width": 3,"height": 3,"output": { "type": "block", "code": "capreolinae:taxidermy-odocoileini-baby-hippocamelusbisulcus-north", "quantity": 1  }},
{"name": "Huemul Taxidermy (Female)", "ingredientPattern": "_BC,DEF,GHI","ingredients": {"B": { "type": "item", "code": "game:hammer-*", "isTool": true },"C": { "type": "item", "code": "game:knife-*", "isTool": true },"D": { "type": "item", "code": "capreolinae:pelt-odocoileini-female-hippocamelusbisulcus" },"E": { "type": "item", "code": "game:metalnailsandstrips-*", "quantity": 1 },"F": { "type": "item", "code": "game:clay-*", "quantity": 4 },"G": { "type": "block", "code": "game:debarkedlog-*", "quantity": 1 },"H": { "type": "block", "code": "game:glass-*" },"I": { "type": "item", "code": "game:powderedborax", "quantity": 1 }},"width": 3,"height": 3,"output": { "type": "block", "code": "capreolinae:taxidermy-odocoileini-female-hippocamelusbisulcus-north", "quantity": 1  }},
{"name": "Huemul Taxidermy (Male)", "ingredientPattern": "_BC,DEF,GHI","ingredients": {"B": { "type": "item", "code": "game:hammer-*", "isTool": true },"C": { "type": "item", "code": "game:knife-*", "isTool": true },"D": { "type": "item", "code": "capreolinae:pelt-odocoileini-male-hippocamelusbisulcus" },"E": { "type": "item", "code": "game:metalnailsandstrips-*", "quantity": 1 },"F": { "type": "item", "code": "game:clay-*", "quantity": 4 },"G": { "type": "block", "code": "game:debarkedlog-*", "quantity": 1 },"H": { "type": "block", "code": "game:glass-*" },"I": { "type": "item", "code": "game:powderedborax", "quantity": 1 }},"width": 3,"height": 3,"output": { "type": "block", "code": "capreolinae:taxidermy-odocoileini-male-hippocamelusbisulcus-north", "quantity": 1  }},

{"name": "Red Brocket Taxidermy (Fawn)", "ingredientPattern": "_BC,DEF,GHI","ingredients": {"B": { "type": "item", "code": "game:hammer-*", "isTool": true },"C": { "type": "item", "code": "game:knife-*", "isTool": true },"D": { "type": "item", "code": "capreolinae:pelt-odocoileini-baby-mazamaamericana" },"E": { "type": "item", "code": "game:metalnailsandstrips-*", "quantity": 1 },"F": { "type": "item", "code": "game:clay-*", "quantity": 4 },"G": { "type": "block", "code": "game:debarkedlog-*", "quantity": 1 },"H": { "type": "block", "code": "game:glass-*" },"I": { "type": "item", "code": "game:powderedborax", "quantity": 1 }},"width": 3,"height": 3,"output": { "type": "block", "code": "capreolinae:taxidermy-odocoileini-baby-mazamaamericana-north", "quantity": 1  }},
{"name": "Red Brocket Taxidermy (Female)", "ingredientPattern": "_BC,DEF,GHI","ingredients": {"B": { "type": "item", "code": "game:hammer-*", "isTool": true },"C": { "type": "item", "code": "game:knife-*", "isTool": true },"D": { "type": "item", "code": "capreolinae:pelt-odocoileini-female-mazamaamericana" },"E": { "type": "item", "code": "game:metalnailsandstrips-*", "quantity": 1 },"F": { "type": "item", "code": "game:clay-*", "quantity": 4 },"G": { "type": "block", "code": "game:debarkedlog-*", "quantity": 1 },"H": { "type": "block", "code": "game:glass-*" },"I": { "type": "item", "code": "game:powderedborax", "quantity": 1 }},"width": 3,"height": 3,"output": { "type": "block", "code": "capreolinae:taxidermy-odocoileini-female-mazamaamericana-north", "quantity": 1  }},
{"name": "Red Brocket Taxidermy (Male)", "ingredientPattern": "_BC,DEF,GHI","ingredients": {"B": { "type": "item", "code": "game:hammer-*", "isTool": true },"C": { "type": "item", "code": "game:knife-*", "isTool": true },"D": { "type": "item", "code": "capreolinae:pelt-odocoileini-male-mazamaamericana" },"E": { "type": "item", "code": "game:metalnailsandstrips-*", "quantity": 1 },"F": { "type": "item", "code": "game:clay-*", "quantity": 4 },"G": { "type": "block", "code": "game:debarkedlog-*", "quantity": 1 },"H": { "type": "block", "code": "game:glass-*" },"I": { "type": "item", "code": "game:powderedborax", "quantity": 1 }},"width": 3,"height": 3,"output": { "type": "block", "code": "capreolinae:taxidermy-odocoileini-male-mazamaamericana-north", "quantity": 1  }},

{"name": "Dwarf Brocket Taxidermy (Fawn)", "ingredientPattern": "_BC,DEF,GHI","ingredients": {"B": { "type": "item", "code": "game:hammer-*", "isTool": true },"C": { "type": "item", "code": "game:knife-*", "isTool": true },"D": { "type": "item", "code": "capreolinae:pelt-odocoileini-baby-mazamachunyi" },"E": { "type": "item", "code": "game:metalnailsandstrips-*", "quantity": 1 },"F": { "type": "item", "code": "game:clay-*", "quantity": 4 },"G": { "type": "block", "code": "game:debarkedlog-*", "quantity": 1 },"H": { "type": "block", "code": "game:glass-*" },"I": { "type": "item", "code": "game:powderedborax", "quantity": 1 }},"width": 3,"height": 3,"output": { "type": "block", "code": "capreolinae:taxidermy-odocoileini-baby-mazamachunyi-north", "quantity": 1  }},
{"name": "Dwarf Brocket Taxidermy (Female)", "ingredientPattern": "_BC,DEF,GHI","ingredients": {"B": { "type": "item", "code": "game:hammer-*", "isTool": true },"C": { "type": "item", "code": "game:knife-*", "isTool": true },"D": { "type": "item", "code": "capreolinae:pelt-odocoileini-female-mazamachunyi" },"E": { "type": "item", "code": "game:metalnailsandstrips-*", "quantity": 1 },"F": { "type": "item", "code": "game:clay-*", "quantity": 4 },"G": { "type": "block", "code": "game:debarkedlog-*", "quantity": 1 },"H": { "type": "block", "code": "game:glass-*" },"I": { "type": "item", "code": "game:powderedborax", "quantity": 1 }},"width": 3,"height": 3,"output": { "type": "block", "code": "capreolinae:taxidermy-odocoileini-female-mazamachunyi-north", "quantity": 1  }},
{"name": "Dwarf Brocket Taxidermy (Male)", "ingredientPattern": "_BC,DEF,GHI","ingredients": {"B": { "type": "item", "code": "game:hammer-*", "isTool": true },"C": { "type": "item", "code": "game:knife-*", "isTool": true },"D": { "type": "item", "code": "capreolinae:pelt-odocoileini-male-mazamachunyi" },"E": { "type": "item", "code": "game:metalnailsandstrips-*", "quantity": 1 },"F": { "type": "item", "code": "game:clay-*", "quantity": 4 },"G": { "type": "block", "code": "game:debarkedlog-*", "quantity": 1 },"H": { "type": "block", "code": "game:glass-*" },"I": { "type": "item", "code": "game:powderedborax", "quantity": 1 }},"width": 3,"height": 3,"output": { "type": "block", "code": "capreolinae:taxidermy-odocoileini-male-mazamachunyi-north", "quantity": 1  }},

{"name": "Gray Brocket Taxidermy (Fawn)", "ingredientPattern": "_BC,DEF,GHI","ingredients": {"B": { "type": "item", "code": "game:hammer-*", "isTool": true },"C": { "type": "item", "code": "game:knife-*", "isTool": true },"D": { "type": "item", "code": "capreolinae:pelt-odocoileini-baby-mazamagouazoubira" },"E": { "type": "item", "code": "game:metalnailsandstrips-*", "quantity": 1 },"F": { "type": "item", "code": "game:clay-*", "quantity": 4 },"G": { "type": "block", "code": "game:debarkedlog-*", "quantity": 1 },"H": { "type": "block", "code": "game:glass-*" },"I": { "type": "item", "code": "game:powderedborax", "quantity": 1 }},"width": 3,"height": 3,"output": { "type": "block", "code": "capreolinae:taxidermy-odocoileini-baby-mazamagouazoubira-north", "quantity": 1  }},
{"name": "Gray Brocket Taxidermy (Female)", "ingredientPattern": "_BC,DEF,GHI","ingredients": {"B": { "type": "item", "code": "game:hammer-*", "isTool": true },"C": { "type": "item", "code": "game:knife-*", "isTool": true },"D": { "type": "item", "code": "capreolinae:pelt-odocoileini-female-mazamagouazoubira" },"E": { "type": "item", "code": "game:metalnailsandstrips-*", "quantity": 1 },"F": { "type": "item", "code": "game:clay-*", "quantity": 4 },"G": { "type": "block", "code": "game:debarkedlog-*", "quantity": 1 },"H": { "type": "block", "code": "game:glass-*" },"I": { "type": "item", "code": "game:powderedborax", "quantity": 1 }},"width": 3,"height": 3,"output": { "type": "block", "code": "capreolinae:taxidermy-odocoileini-female-mazamagouazoubira-north", "quantity": 1  }},
{"name": "Gray Brocket Taxidermy (Male)", "ingredientPattern": "_BC,DEF,GHI","ingredients": {"B": { "type": "item", "code": "game:hammer-*", "isTool": true },"C": { "type": "item", "code": "game:knife-*", "isTool": true },"D": { "type": "item", "code": "capreolinae:pelt-odocoileini-male-mazamagouazoubira" },"E": { "type": "item", "code": "game:metalnailsandstrips-*", "quantity": 1 },"F": { "type": "item", "code": "game:clay-*", "quantity": 4 },"G": { "type": "block", "code": "game:debarkedlog-*", "quantity": 1 },"H": { "type": "block", "code": "game:glass-*" },"I": { "type": "item", "code": "game:powderedborax", "quantity": 1 }},"width": 3,"height": 3,"output": { "type": "block", "code": "capreolinae:taxidermy-odocoileini-male-mazamagouazoubira-north", "quantity": 1  }},

{"name": "Pygmy Brocket Taxidermy (Fawn)", "ingredientPattern": "_BC,DEF,GHI","ingredients": {"B": { "type": "item", "code": "game:hammer-*", "isTool": true },"C": { "type": "item", "code": "game:knife-*", "isTool": true },"D": { "type": "item", "code": "capreolinae:pelt-odocoileini-baby-mazamanana" },"E": { "type": "item", "code": "game:metalnailsandstrips-*", "quantity": 1 },"F": { "type": "item", "code": "game:clay-*", "quantity": 4 },"G": { "type": "block", "code": "game:debarkedlog-*", "quantity": 1 },"H": { "type": "block", "code": "game:glass-*" },"I": { "type": "item", "code": "game:powderedborax", "quantity": 1 }},"width": 3,"height": 3,"output": { "type": "block", "code": "capreolinae:taxidermy-odocoileini-baby-mazamanana-north", "quantity": 1  }},
{"name": "Pygmy Brocket Taxidermy (Female)", "ingredientPattern": "_BC,DEF,GHI","ingredients": {"B": { "type": "item", "code": "game:hammer-*", "isTool": true },"C": { "type": "item", "code": "game:knife-*", "isTool": true },"D": { "type": "item", "code": "capreolinae:pelt-odocoileini-female-mazamanana" },"E": { "type": "item", "code": "game:metalnailsandstrips-*", "quantity": 1 },"F": { "type": "item", "code": "game:clay-*", "quantity": 4 },"G": { "type": "block", "code": "game:debarkedlog-*", "quantity": 1 },"H": { "type": "block", "code": "game:glass-*" },"I": { "type": "item", "code": "game:powderedborax", "quantity": 1 }},"width": 3,"height": 3,"output": { "type": "block", "code": "capreolinae:taxidermy-odocoileini-female-mazamanana-north", "quantity": 1  }},
{"name": "Pygmy Brocket Taxidermy (Male)", "ingredientPattern": "_BC,DEF,GHI","ingredients": {"B": { "type": "item", "code": "game:hammer-*", "isTool": true },"C": { "type": "item", "code": "game:knife-*", "isTool": true },"D": { "type": "item", "code": "capreolinae:pelt-odocoileini-male-mazamanana" },"E": { "type": "item", "code": "game:metalnailsandstrips-*", "quantity": 1 },"F": { "type": "item", "code": "game:clay-*", "quantity": 4 },"G": { "type": "block", "code": "game:debarkedlog-*", "quantity": 1 },"H": { "type": "block", "code": "game:glass-*" },"I": { "type": "item", "code": "game:powderedborax", "quantity": 1 }},"width": 3,"height": 3,"output": { "type": "block", "code": "capreolinae:taxidermy-odocoileini-male-mazamanana-north", "quantity": 1  }},

{"name": "Amazonian Brown Brocket Taxidermy (Fawn)", "ingredientPattern": "_BC,DEF,GHI","ingredients": {"B": { "type": "item", "code": "game:hammer-*", "isTool": true },"C": { "type": "item", "code": "game:knife-*", "isTool": true },"D": { "type": "item", "code": "capreolinae:pelt-odocoileini-baby-mazamanemorivaga" },"E": { "type": "item", "code": "game:metalnailsandstrips-*", "quantity": 1 },"F": { "type": "item", "code": "game:clay-*", "quantity": 4 },"G": { "type": "block", "code": "game:debarkedlog-*", "quantity": 1 },"H": { "type": "block", "code": "game:glass-*" },"I": { "type": "item", "code": "game:powderedborax", "quantity": 1 }},"width": 3,"height": 3,"output": { "type": "block", "code": "capreolinae:taxidermy-odocoileini-baby-mazamanemorivaga-north", "quantity": 1  }},
{"name": "Amazonian Brown Brocket Taxidermy (Female)", "ingredientPattern": "_BC,DEF,GHI","ingredients": {"B": { "type": "item", "code": "game:hammer-*", "isTool": true },"C": { "type": "item", "code": "game:knife-*", "isTool": true },"D": { "type": "item", "code": "capreolinae:pelt-odocoileini-female-mazamanemorivaga" },"E": { "type": "item", "code": "game:metalnailsandstrips-*", "quantity": 1 },"F": { "type": "item", "code": "game:clay-*", "quantity": 4 },"G": { "type": "block", "code": "game:debarkedlog-*", "quantity": 1 },"H": { "type": "block", "code": "game:glass-*" },"I": { "type": "item", "code": "game:powderedborax", "quantity": 1 }},"width": 3,"height": 3,"output": { "type": "block", "code": "capreolinae:taxidermy-odocoileini-female-mazamanemorivaga-north", "quantity": 1  }},
{"name": "Amazonian Brown Brocket Taxidermy (Male)", "ingredientPattern": "_BC,DEF,GHI","ingredients": {"B": { "type": "item", "code": "game:hammer-*", "isTool": true },"C": { "type": "item", "code": "game:knife-*", "isTool": true },"D": { "type": "item", "code": "capreolinae:pelt-odocoileini-male-mazamanemorivaga" },"E": { "type": "item", "code": "game:metalnailsandstrips-*", "quantity": 1 },"F": { "type": "item", "code": "game:clay-*", "quantity": 4 },"G": { "type": "block", "code": "game:debarkedlog-*", "quantity": 1 },"H": { "type": "block", "code": "game:glass-*" },"I": { "type": "item", "code": "game:powderedborax", "quantity": 1 }},"width": 3,"height": 3,"output": { "type": "block", "code": "capreolinae:taxidermy-odocoileini-male-mazamanemorivaga-north", "quantity": 1  }},

{"name": "Swamp Brocket Taxidermy (Fawn)", "ingredientPattern": "_BC,DEF,GHI","ingredients": {"B": { "type": "item", "code": "game:hammer-*", "isTool": true },"C": { "type": "item", "code": "game:knife-*", "isTool": true },"D": { "type": "item", "code": "capreolinae:pelt-odocoileini-baby-mazamarufina" },"E": { "type": "item", "code": "game:metalnailsandstrips-*", "quantity": 1 },"F": { "type": "item", "code": "game:clay-*", "quantity": 4 },"G": { "type": "block", "code": "game:debarkedlog-*", "quantity": 1 },"H": { "type": "block", "code": "game:glass-*" },"I": { "type": "item", "code": "game:powderedborax", "quantity": 1 }},"width": 3,"height": 3,"output": { "type": "block", "code": "capreolinae:taxidermy-odocoileini-baby-mazamarufina-north", "quantity": 1  }},
{"name": "Swamp Brocket Taxidermy (Female)", "ingredientPattern": "_BC,DEF,GHI","ingredients": {"B": { "type": "item", "code": "game:hammer-*", "isTool": true },"C": { "type": "item", "code": "game:knife-*", "isTool": true },"D": { "type": "item", "code": "capreolinae:pelt-odocoileini-female-mazamarufina" },"E": { "type": "item", "code": "game:metalnailsandstrips-*", "quantity": 1 },"F": { "type": "item", "code": "game:clay-*", "quantity": 4 },"G": { "type": "block", "code": "game:debarkedlog-*", "quantity": 1 },"H": { "type": "block", "code": "game:glass-*" },"I": { "type": "item", "code": "game:powderedborax", "quantity": 1 }},"width": 3,"height": 3,"output": { "type": "block", "code": "capreolinae:taxidermy-odocoileini-female-mazamarufina-north", "quantity": 1  }},
{"name": "Swamp Brocket Taxidermy (Male)", "ingredientPattern": "_BC,DEF,GHI","ingredients": {"B": { "type": "item", "code": "game:hammer-*", "isTool": true },"C": { "type": "item", "code": "game:knife-*", "isTool": true },"D": { "type": "item", "code": "capreolinae:pelt-odocoileini-male-mazamarufina" },"E": { "type": "item", "code": "game:metalnailsandstrips-*", "quantity": 1 },"F": { "type": "item", "code": "game:clay-*", "quantity": 4 },"G": { "type": "block", "code": "game:debarkedlog-*", "quantity": 1 },"H": { "type": "block", "code": "game:glass-*" },"I": { "type": "item", "code": "game:powderedborax", "quantity": 1 }},"width": 3,"height": 3,"output": { "type": "block", "code": "capreolinae:taxidermy-odocoileini-male-mazamarufina-north", "quantity": 1  }},

{"name": "Central American Red Brocket Taxidermy (Fawn)", "ingredientPattern": "_BC,DEF,GHI","ingredients": {"B": { "type": "item", "code": "game:hammer-*", "isTool": true },"C": { "type": "item", "code": "game:knife-*", "isTool": true },"D": { "type": "item", "code": "capreolinae:pelt-odocoileini-baby-mazamatemama" },"E": { "type": "item", "code": "game:metalnailsandstrips-*", "quantity": 1 },"F": { "type": "item", "code": "game:clay-*", "quantity": 4 },"G": { "type": "block", "code": "game:debarkedlog-*", "quantity": 1 },"H": { "type": "block", "code": "game:glass-*" },"I": { "type": "item", "code": "game:powderedborax", "quantity": 1 }},"width": 3,"height": 3,"output": { "type": "block", "code": "capreolinae:taxidermy-odocoileini-baby-mazamatemama-north", "quantity": 1  }},
{"name": "Central American Red Brocket Taxidermy (Female)", "ingredientPattern": "_BC,DEF,GHI","ingredients": {"B": { "type": "item", "code": "game:hammer-*", "isTool": true },"C": { "type": "item", "code": "game:knife-*", "isTool": true },"D": { "type": "item", "code": "capreolinae:pelt-odocoileini-female-mazamatemama" },"E": { "type": "item", "code": "game:metalnailsandstrips-*", "quantity": 1 },"F": { "type": "item", "code": "game:clay-*", "quantity": 4 },"G": { "type": "block", "code": "game:debarkedlog-*", "quantity": 1 },"H": { "type": "block", "code": "game:glass-*" },"I": { "type": "item", "code": "game:powderedborax", "quantity": 1 }},"width": 3,"height": 3,"output": { "type": "block", "code": "capreolinae:taxidermy-odocoileini-female-mazamatemama-north", "quantity": 1  }},
{"name": "Central American Red Brocket Taxidermy (Male)", "ingredientPattern": "_BC,DEF,GHI","ingredients": {"B": { "type": "item", "code": "game:hammer-*", "isTool": true },"C": { "type": "item", "code": "game:knife-*", "isTool": true },"D": { "type": "item", "code": "capreolinae:pelt-odocoileini-male-mazamatemama" },"E": { "type": "item", "code": "game:metalnailsandstrips-*", "quantity": 1 },"F": { "type": "item", "code": "game:clay-*", "quantity": 4 },"G": { "type": "block", "code": "game:debarkedlog-*", "quantity": 1 },"H": { "type": "block", "code": "game:glass-*" },"I": { "type": "item", "code": "game:powderedborax", "quantity": 1 }},"width": 3,"height": 3,"output": { "type": "block", "code": "capreolinae:taxidermy-odocoileini-male-mazamatemama-north", "quantity": 1  }},

{"name": "Fair Brocket Taxidermy (Fawn)", "ingredientPattern": "_BC,DEF,GHI","ingredients": {"B": { "type": "item", "code": "game:hammer-*", "isTool": true },"C": { "type": "item", "code": "game:knife-*", "isTool": true },"D": { "type": "item", "code": "capreolinae:pelt-odocoileini-baby-mazamatienhoveni" },"E": { "type": "item", "code": "game:metalnailsandstrips-*", "quantity": 1 },"F": { "type": "item", "code": "game:clay-*", "quantity": 4 },"G": { "type": "block", "code": "game:debarkedlog-*", "quantity": 1 },"H": { "type": "block", "code": "game:glass-*" },"I": { "type": "item", "code": "game:powderedborax", "quantity": 1 }},"width": 3,"height": 3,"output": { "type": "block", "code": "capreolinae:taxidermy-odocoileini-baby-mazamatienhoveni-north", "quantity": 1  }},
{"name": "Fair Brocket Taxidermy (Female)", "ingredientPattern": "_BC,DEF,GHI","ingredients": {"B": { "type": "item", "code": "game:hammer-*", "isTool": true },"C": { "type": "item", "code": "game:knife-*", "isTool": true },"D": { "type": "item", "code": "capreolinae:pelt-odocoileini-female-mazamatienhoveni" },"E": { "type": "item", "code": "game:metalnailsandstrips-*", "quantity": 1 },"F": { "type": "item", "code": "game:clay-*", "quantity": 4 },"G": { "type": "block", "code": "game:debarkedlog-*", "quantity": 1 },"H": { "type": "block", "code": "game:glass-*" },"I": { "type": "item", "code": "game:powderedborax", "quantity": 1 }},"width": 3,"height": 3,"output": { "type": "block", "code": "capreolinae:taxidermy-odocoileini-female-mazamatienhoveni-north", "quantity": 1  }},
{"name": "Fair Brocket Taxidermy (Male)", "ingredientPattern": "_BC,DEF,GHI","ingredients": {"B": { "type": "item", "code": "game:hammer-*", "isTool": true },"C": { "type": "item", "code": "game:knife-*", "isTool": true },"D": { "type": "item", "code": "capreolinae:pelt-odocoileini-male-mazamatienhoveni" },"E": { "type": "item", "code": "game:metalnailsandstrips-*", "quantity": 1 },"F": { "type": "item", "code": "game:clay-*", "quantity": 4 },"G": { "type": "block", "code": "game:debarkedlog-*", "quantity": 1 },"H": { "type": "block", "code": "game:glass-*" },"I": { "type": "item", "code": "game:powderedborax", "quantity": 1 }},"width": 3,"height": 3,"output": { "type": "block", "code": "capreolinae:taxidermy-odocoileini-male-mazamatienhoveni-north", "quantity": 1  }},

{"name": "Mule Deer Taxidermy (Fawn)", "ingredientPattern": "_BC,DEF,GHI","ingredients": {"B": { "type": "item", "code": "game:hammer-*", "isTool": true },"C": { "type": "item", "code": "game:knife-*", "isTool": true },"D": { "type": "item", "code": "capreolinae:pelt-odocoileini-baby-odocoileushemionus" },"E": { "type": "item", "code": "game:metalnailsandstrips-*", "quantity": 1 },"F": { "type": "item", "code": "game:clay-*", "quantity": 4 },"G": { "type": "block", "code": "game:debarkedlog-*", "quantity": 1 },"H": { "type": "block", "code": "game:glass-*" },"I": { "type": "item", "code": "game:powderedborax", "quantity": 1 }},"width": 3,"height": 3,"output": { "type": "block", "code": "capreolinae:taxidermy-odocoileini-baby-odocoileushemionus-north", "quantity": 1  }},
{"name": "Mule Deer Taxidermy (Female)", "ingredientPattern": "_BC,DEF,GHI","ingredients": {"B": { "type": "item", "code": "game:hammer-*", "isTool": true },"C": { "type": "item", "code": "game:knife-*", "isTool": true },"D": { "type": "item", "code": "capreolinae:pelt-odocoileini-female-odocoileushemionus" },"E": { "type": "item", "code": "game:metalnailsandstrips-*", "quantity": 1 },"F": { "type": "item", "code": "game:clay-*", "quantity": 4 },"G": { "type": "block", "code": "game:debarkedlog-*", "quantity": 1 },"H": { "type": "block", "code": "game:glass-*" },"I": { "type": "item", "code": "game:powderedborax", "quantity": 1 }},"width": 3,"height": 3,"output": { "type": "block", "code": "capreolinae:taxidermy-odocoileini-female-odocoileushemionus-north", "quantity": 1  }},
{"name": "Mule Deer Taxidermy (Male)", "ingredientPattern": "_BC,DEF,GHI","ingredients": {"B": { "type": "item", "code": "game:hammer-*", "isTool": true },"C": { "type": "item", "code": "game:knife-*", "isTool": true },"D": { "type": "item", "code": "capreolinae:pelt-odocoileini-male-odocoileushemionus" },"E": { "type": "item", "code": "game:metalnailsandstrips-*", "quantity": 1 },"F": { "type": "item", "code": "game:clay-*", "quantity": 4 },"G": { "type": "block", "code": "game:debarkedlog-*", "quantity": 1 },"H": { "type": "block", "code": "game:glass-*" },"I": { "type": "item", "code": "game:powderedborax", "quantity": 1 }},"width": 3,"height": 3,"output": { "type": "block", "code": "capreolinae:taxidermy-odocoileini-male-odocoileushemionus-north", "quantity": 1  }},

{"name": "Yucatan Brown Brocket Taxidermy (Fawn)", "ingredientPattern": "_BC,DEF,GHI","ingredients": {"B": { "type": "item", "code": "game:hammer-*", "isTool": true },"C": { "type": "item", "code": "game:knife-*", "isTool": true },"D": { "type": "item", "code": "capreolinae:pelt-odocoileini-baby-odocoileuspandora" },"E": { "type": "item", "code": "game:metalnailsandstrips-*", "quantity": 1 },"F": { "type": "item", "code": "game:clay-*", "quantity": 4 },"G": { "type": "block", "code": "game:debarkedlog-*", "quantity": 1 },"H": { "type": "block", "code": "game:glass-*" },"I": { "type": "item", "code": "game:powderedborax", "quantity": 1 }},"width": 3,"height": 3,"output": { "type": "block", "code": "capreolinae:taxidermy-odocoileini-baby-odocoileuspandora-north", "quantity": 1  }},
{"name": "Yucatan Brown Brocket Taxidermy (Female)", "ingredientPattern": "_BC,DEF,GHI","ingredients": {"B": { "type": "item", "code": "game:hammer-*", "isTool": true },"C": { "type": "item", "code": "game:knife-*", "isTool": true },"D": { "type": "item", "code": "capreolinae:pelt-odocoileini-female-odocoileuspandora" },"E": { "type": "item", "code": "game:metalnailsandstrips-*", "quantity": 1 },"F": { "type": "item", "code": "game:clay-*", "quantity": 4 },"G": { "type": "block", "code": "game:debarkedlog-*", "quantity": 1 },"H": { "type": "block", "code": "game:glass-*" },"I": { "type": "item", "code": "game:powderedborax", "quantity": 1 }},"width": 3,"height": 3,"output": { "type": "block", "code": "capreolinae:taxidermy-odocoileini-female-odocoileuspandora-north", "quantity": 1  }},
{"name": "Yucatan Brown Brocket Taxidermy (Male)", "ingredientPattern": "_BC,DEF,GHI","ingredients": {"B": { "type": "item", "code": "game:hammer-*", "isTool": true },"C": { "type": "item", "code": "game:knife-*", "isTool": true },"D": { "type": "item", "code": "capreolinae:pelt-odocoileini-male-odocoileuspandora" },"E": { "type": "item", "code": "game:metalnailsandstrips-*", "quantity": 1 },"F": { "type": "item", "code": "game:clay-*", "quantity": 4 },"G": { "type": "block", "code": "game:debarkedlog-*", "quantity": 1 },"H": { "type": "block", "code": "game:glass-*" },"I": { "type": "item", "code": "game:powderedborax", "quantity": 1 }},"width": 3,"height": 3,"output": { "type": "block", "code": "capreolinae:taxidermy-odocoileini-male-odocoileuspandora-north", "quantity": 1  }},

{"name": "White-Tailed Deer Taxidermy (Fawn)", "ingredientPattern": "_BC,DEF,GHI","ingredients": {"B": { "type": "item", "code": "game:hammer-*", "isTool": true },"C": { "type": "item", "code": "game:knife-*", "isTool": true },"D": { "type": "item", "code": "capreolinae:pelt-odocoileini-baby-odocoileusvirginianus" },"E": { "type": "item", "code": "game:metalnailsandstrips-*", "quantity": 1 },"F": { "type": "item", "code": "game:clay-*", "quantity": 4 },"G": { "type": "block", "code": "game:debarkedlog-*", "quantity": 1 },"H": { "type": "block", "code": "game:glass-*" },"I": { "type": "item", "code": "game:powderedborax", "quantity": 1 }},"width": 3,"height": 3,"output": { "type": "block", "code": "capreolinae:taxidermy-odocoileini-baby-odocoileusvirginianus-north", "quantity": 1  }},
{"name": "White-Tailed Deer Taxidermy (Female)", "ingredientPattern": "_BC,DEF,GHI","ingredients": {"B": { "type": "item", "code": "game:hammer-*", "isTool": true },"C": { "type": "item", "code": "game:knife-*", "isTool": true },"D": { "type": "item", "code": "capreolinae:pelt-odocoileini-female-odocoileusvirginianus" },"E": { "type": "item", "code": "game:metalnailsandstrips-*", "quantity": 1 },"F": { "type": "item", "code": "game:clay-*", "quantity": 4 },"G": { "type": "block", "code": "game:debarkedlog-*", "quantity": 1 },"H": { "type": "block", "code": "game:glass-*" },"I": { "type": "item", "code": "game:powderedborax", "quantity": 1 }},"width": 3,"height": 3,"output": { "type": "block", "code": "capreolinae:taxidermy-odocoileini-female-odocoileusvirginianus-north", "quantity": 1  }},
{"name": "White-Tailed Deer Taxidermy (Male)", "ingredientPattern": "_BC,DEF,GHI","ingredients": {"B": { "type": "item", "code": "game:hammer-*", "isTool": true },"C": { "type": "item", "code": "game:knife-*", "isTool": true },"D": { "type": "item", "code": "capreolinae:pelt-odocoileini-male-odocoileusvirginianus" },"E": { "type": "item", "code": "game:metalnailsandstrips-*", "quantity": 1 },"F": { "type": "item", "code": "game:clay-*", "quantity": 4 },"G": { "type": "block", "code": "game:debarkedlog-*", "quantity": 1 },"H": { "type": "block", "code": "game:glass-*" },"I": { "type": "item", "code": "game:powderedborax", "quantity": 1 }},"width": 3,"height": 3,"output": { "type": "block", "code": "capreolinae:taxidermy-odocoileini-male-odocoileusvirginianus-north", "quantity": 1  }},

{"name": "Pampas Deer Taxidermy (Fawn)", "ingredientPattern": "_BC,DEF,GHI","ingredients": {"B": { "type": "item", "code": "game:hammer-*", "isTool": true },"C": { "type": "item", "code": "game:knife-*", "isTool": true },"D": { "type": "item", "code": "capreolinae:pelt-odocoileini-baby-ozotocerosbezoarticus" },"E": { "type": "item", "code": "game:metalnailsandstrips-*", "quantity": 1 },"F": { "type": "item", "code": "game:clay-*", "quantity": 4 },"G": { "type": "block", "code": "game:debarkedlog-*", "quantity": 1 },"H": { "type": "block", "code": "game:glass-*" },"I": { "type": "item", "code": "game:powderedborax", "quantity": 1 }},"width": 3,"height": 3,"output": { "type": "block", "code": "capreolinae:taxidermy-odocoileini-baby-ozotocerosbezoarticus-north", "quantity": 1  }},
{"name": "Pampas Deer Taxidermy (Female)", "ingredientPattern": "_BC,DEF,GHI","ingredients": {"B": { "type": "item", "code": "game:hammer-*", "isTool": true },"C": { "type": "item", "code": "game:knife-*", "isTool": true },"D": { "type": "item", "code": "capreolinae:pelt-odocoileini-female-ozotocerosbezoarticus" },"E": { "type": "item", "code": "game:metalnailsandstrips-*", "quantity": 1 },"F": { "type": "item", "code": "game:clay-*", "quantity": 4 },"G": { "type": "block", "code": "game:debarkedlog-*", "quantity": 1 },"H": { "type": "block", "code": "game:glass-*" },"I": { "type": "item", "code": "game:powderedborax", "quantity": 1 }},"width": 3,"height": 3,"output": { "type": "block", "code": "capreolinae:taxidermy-odocoileini-female-ozotocerosbezoarticus-north", "quantity": 1  }},
{"name": "Pampas Deer Taxidermy (Male)", "ingredientPattern": "_BC,DEF,GHI","ingredients": {"B": { "type": "item", "code": "game:hammer-*", "isTool": true },"C": { "type": "item", "code": "game:knife-*", "isTool": true },"D": { "type": "item", "code": "capreolinae:pelt-odocoileini-male-ozotocerosbezoarticus" },"E": { "type": "item", "code": "game:metalnailsandstrips-*", "quantity": 1 },"F": { "type": "item", "code": "game:clay-*", "quantity": 4 },"G": { "type": "block", "code": "game:debarkedlog-*", "quantity": 1 },"H": { "type": "block", "code": "game:glass-*" },"I": { "type": "item", "code": "game:powderedborax", "quantity": 1 }},"width": 3,"height": 3,"output": { "type": "block", "code": "capreolinae:taxidermy-odocoileini-male-ozotocerosbezoarticus-north", "quantity": 1  }},

{"name": "Northern Pudu Taxidermy (Fawn)", "ingredientPattern": "_BC,DEF,GHI","ingredients": {"B": { "type": "item", "code": "game:hammer-*", "isTool": true },"C": { "type": "item", "code": "game:knife-*", "isTool": true },"D": { "type": "item", "code": "capreolinae:pelt-odocoileini-baby-pudellamephistophiles" },"E": { "type": "item", "code": "game:metalnailsandstrips-*", "quantity": 1 },"F": { "type": "item", "code": "game:clay-*", "quantity": 4 },"G": { "type": "block", "code": "game:debarkedlog-*", "quantity": 1 },"H": { "type": "block", "code": "game:glass-*" },"I": { "type": "item", "code": "game:powderedborax", "quantity": 1 }},"width": 3,"height": 3,"output": { "type": "block", "code": "capreolinae:taxidermy-odocoileini-baby-pudellamephistophiles-north", "quantity": 1  }},
{"name": "Northern Pudu Taxidermy (Female)", "ingredientPattern": "_BC,DEF,GHI","ingredients": {"B": { "type": "item", "code": "game:hammer-*", "isTool": true },"C": { "type": "item", "code": "game:knife-*", "isTool": true },"D": { "type": "item", "code": "capreolinae:pelt-odocoileini-female-pudellamephistophiles" },"E": { "type": "item", "code": "game:metalnailsandstrips-*", "quantity": 1 },"F": { "type": "item", "code": "game:clay-*", "quantity": 4 },"G": { "type": "block", "code": "game:debarkedlog-*", "quantity": 1 },"H": { "type": "block", "code": "game:glass-*" },"I": { "type": "item", "code": "game:powderedborax", "quantity": 1 }},"width": 3,"height": 3,"output": { "type": "block", "code": "capreolinae:taxidermy-odocoileini-female-pudellamephistophiles-north", "quantity": 1  }},
{"name": "Northern Pudu Taxidermy (Male)", "ingredientPattern": "_BC,DEF,GHI","ingredients": {"B": { "type": "item", "code": "game:hammer-*", "isTool": true },"C": { "type": "item", "code": "game:knife-*", "isTool": true },"D": { "type": "item", "code": "capreolinae:pelt-odocoileini-male-pudellamephistophiles" },"E": { "type": "item", "code": "game:metalnailsandstrips-*", "quantity": 1 },"F": { "type": "item", "code": "game:clay-*", "quantity": 4 },"G": { "type": "block", "code": "game:debarkedlog-*", "quantity": 1 },"H": { "type": "block", "code": "game:glass-*" },"I": { "type": "item", "code": "game:powderedborax", "quantity": 1 }},"width": 3,"height": 3,"output": { "type": "block", "code": "capreolinae:taxidermy-odocoileini-male-pudellamephistophiles-north", "quantity": 1  }},

{"name": "Southern Pudu Taxidermy (Fawn)", "ingredientPattern": "_BC,DEF,GHI","ingredients": {"B": { "type": "item", "code": "game:hammer-*", "isTool": true },"C": { "type": "item", "code": "game:knife-*", "isTool": true },"D": { "type": "item", "code": "capreolinae:pelt-odocoileini-baby-pudupuda" },"E": { "type": "item", "code": "game:metalnailsandstrips-*", "quantity": 1 },"F": { "type": "item", "code": "game:clay-*", "quantity": 4 },"G": { "type": "block", "code": "game:debarkedlog-*", "quantity": 1 },"H": { "type": "block", "code": "game:glass-*" },"I": { "type": "item", "code": "game:powderedborax", "quantity": 1 }},"width": 3,"height": 3,"output": { "type": "block", "code": "capreolinae:taxidermy-odocoileini-baby-pudupuda-north", "quantity": 1  }},
{"name": "Southern Pudu Taxidermy (Female)", "ingredientPattern": "_BC,DEF,GHI","ingredients": {"B": { "type": "item", "code": "game:hammer-*", "isTool": true },"C": { "type": "item", "code": "game:knife-*", "isTool": true },"D": { "type": "item", "code": "capreolinae:pelt-odocoileini-female-pudupuda" },"E": { "type": "item", "code": "game:metalnailsandstrips-*", "quantity": 1 },"F": { "type": "item", "code": "game:clay-*", "quantity": 4 },"G": { "type": "block", "code": "game:debarkedlog-*", "quantity": 1 },"H": { "type": "block", "code": "game:glass-*" },"I": { "type": "item", "code": "game:powderedborax", "quantity": 1 }},"width": 3,"height": 3,"output": { "type": "block", "code": "capreolinae:taxidermy-odocoileini-female-pudupuda-north", "quantity": 1  }},
{"name": "Southern Pudu Taxidermy (Male)", "ingredientPattern": "_BC,DEF,GHI","ingredients": {"B": { "type": "item", "code": "game:hammer-*", "isTool": true },"C": { "type": "item", "code": "game:knife-*", "isTool": true },"D": { "type": "item", "code": "capreolinae:pelt-odocoileini-male-pudupuda" },"E": { "type": "item", "code": "game:metalnailsandstrips-*", "quantity": 1 },"F": { "type": "item", "code": "game:clay-*", "quantity": 4 },"G": { "type": "block", "code": "game:debarkedlog-*", "quantity": 1 },"H": { "type": "block", "code": "game:glass-*" },"I": { "type": "item", "code": "game:powderedborax", "quantity": 1 }},"width": 3,"height": 3,"output": { "type": "block", "code": "capreolinae:taxidermy-odocoileini-male-pudupuda-north", "quantity": 1  }},

{"name": "Reindeer Taxidermy (Fawn)", "ingredientPattern": "_BC,DEF,GHI","ingredients": {"B": { "type": "item", "code": "game:hammer-*", "isTool": true },"C": { "type": "item", "code": "game:knife-*", "isTool": true },"D": { "type": "item", "code": "capreolinae:pelt-odocoileini-baby-rangifertarandus" },"E": { "type": "item", "code": "game:metalnailsandstrips-*", "quantity": 1 },"F": { "type": "item", "code": "game:clay-*", "quantity": 4 },"G": { "type": "block", "code": "game:debarkedlog-*", "quantity": 1 },"H": { "type": "block", "code": "game:glass-*" },"I": { "type": "item", "code": "game:powderedborax", "quantity": 1 }},"width": 3,"height": 3,"output": { "type": "block", "code": "capreolinae:taxidermy-odocoileini-baby-rangifertarandus-north", "quantity": 1  }},
{"name": "Reindeer Taxidermy (Female)", "ingredientPattern": "_BC,DEF,GHI","ingredients": {"B": { "type": "item", "code": "game:hammer-*", "isTool": true },"C": { "type": "item", "code": "game:knife-*", "isTool": true },"D": { "type": "item", "code": "capreolinae:pelt-odocoileini-female-rangifertarandus" },"E": { "type": "item", "code": "game:metalnailsandstrips-*", "quantity": 1 },"F": { "type": "item", "code": "game:clay-*", "quantity": 4 },"G": { "type": "block", "code": "game:debarkedlog-*", "quantity": 1 },"H": { "type": "block", "code": "game:glass-*" },"I": { "type": "item", "code": "game:powderedborax", "quantity": 1 }},"width": 3,"height": 3,"output": { "type": "block", "code": "capreolinae:taxidermy-odocoileini-female-rangifertarandus-north", "quantity": 1  }},
{"name": "Reindeer Taxidermy (Male)", "ingredientPattern": "_BC,DEF,GHI","ingredients": {"B": { "type": "item", "code": "game:hammer-*", "isTool": true },"C": { "type": "item", "code": "game:knife-*", "isTool": true },"D": { "type": "item", "code": "capreolinae:pelt-odocoileini-male-rangifertarandus" },"E": { "type": "item", "code": "game:metalnailsandstrips-*", "quantity": 1 },"F": { "type": "item", "code": "game:clay-*", "quantity": 4 },"G": { "type": "block", "code": "game:debarkedlog-*", "quantity": 1 },"H": { "type": "block", "code": "game:glass-*" },"I": { "type": "item", "code": "game:powderedborax", "quantity": 1 }},"width": 3,"height": 3,"output": { "type": "block", "code": "capreolinae:taxidermy-odocoileini-male-rangifertarandus-north", "quantity": 1  }},
]