{
	"editor": {
		"allAngles": true,
		"entityTextureMode": true
	},
	"textureWidth": 32,
	"textureHeight": 20,
	"textureSizes": {
		"bottom": [16,16],
		"skin": [32,20]
	},
	"textures": {
	},
	"elements": [
		{
			"name": "Rotation Point",
			"from": [ 0.0, 16.0, 0.0 ],
			"to": [ 0.0, 16.0, 0.0 ],
			"uv": [ 0.0, 0.0 ],
			"rotationOrigin": [ 0.0, 16.0, 0.0 ],
			"rotationZ": -90.0,
			"faces": {
			},
			"children": [
				{
					"name": "Base",
					"from": [ 4.0, 0.0, 8.0 ],
					"to": [ 4.0, 0.0, 8.0 ],
					"uv": [ 0.0, 0.0 ],
					"rotationOrigin": [ 4.0, 0.0, 8.0 ],
					"faces": {
					},
					"children": [
						{
							"name": "PeltBody",
							"from": [ 2.0, 0.0, -0.65 ],
							"to": [ 4.0, 0.21, 0.65 ],
							"autoUnwrap": false,
							"uv": [ 0.0, 9.0 ],
							"rotationOrigin": [ 2.0, 0.0, -0.65 ],
							"faces": {
								"north": { "texture": "#skin", "uv": [ 9.0, 2.5, 13.0, 3.0 ], "rotation": 180, "autoUv": false, "windMode": [-1,-1,-1,-1] },
								"east": { "texture": "#skin", "uv": [ 6.0, 0.0, 6.5, 2.5 ], "rotation": 90, "autoUv": false, "windMode": [-1,-1,-1,-1] },
								"south": { "texture": "#skin", "uv": [ 2.5, 2.5, 6.5, 3.0 ], "autoUv": false, "windMode": [-1,-1,-1,-1] },
								"west": { "texture": "#skin", "uv": [ 2.5, 0.0, 3.0, 2.5 ], "rotation": 270, "autoUv": false, "windMode": [-1,-1,-1,-1] },
								"up": { "texture": "#skin", "uv": [ 2.5, 0.0, 6.5, 2.5 ], "autoUv": false, "windMode": [-1,-1,-1,-1] },
								"down": { "texture": "#bottom", "uv": [ 5.0, 8.5, 9.0, 11.0 ], "autoUv": false, "windMode": [-1,-1,-1,-1] }
							},
							"children": [
								{
									"name": "LBody",
									"from": [ 0.0, 0.005, 1.05 ],
									"to": [ 2.0, 0.205, 2.3 ],
									"unwrapMode": 5,
									"autoUnwrap": false,
									"uv": [ 0.0, 2.5 ],
									"rotationOrigin": [ 0.0, -0.005, 1.05 ],
									"rotationY": -3.0,
									"faces": {
										"east": { "texture": "#skin", "uv": [ 6.0, 3.0, 6.5, 5.5 ], "rotation": 90, "autoUv": false },
										"south": { "texture": "#skin", "uv": [ 2.5, 5.5, 6.5, 6.0 ], "autoUv": false, "windMode": [-1,-1,-1,-1] },
										"west": { "texture": "#skin", "uv": [ 2.5, 3.0, 3.0, 5.5 ], "rotation": 270, "autoUv": false, "windMode": [-1,-1,-1,-1] },
										"up": { "texture": "#skin", "uv": [ 2.5, 3.0, 6.5, 5.5 ], "autoUv": false, "windMode": [-1,-1,-1,-1] },
										"down": { "texture": "#bottom", "uv": [ 4.5, 2.0, 8.5, 4.5 ], "autoUv": false }
									},
									"children": [
										{
											"name": "LArm",
											"from": [ 0.0, 0.005, 0.75 ],
											"to": [ 0.5, 0.195, 2.0 ],
											"unwrapMode": 5,
											"autoUnwrap": false,
											"uv": [ 6.5, 18.0 ],
											"rotationOrigin": [ 0.0, 0.005, 0.75 ],
											"rotationY": -30.0,
											"faces": {
												"east": { "texture": "#skin", "uv": [ 18.0, 12.5, 18.5, 15.0 ], "rotation": 90, "autoUv": false },
												"south": { "texture": "#skin", "uv": [ 17.5, 15.0, 18.5, 15.5 ], "autoUv": false, "windMode": [-1,-1,-1,-1] },
												"west": { "texture": "#skin", "uv": [ 17.5, 12.5, 18.0, 15.0 ], "rotation": 270, "autoUv": false, "windMode": [-1,-1,-1,-1] },
												"up": { "texture": "#skin", "uv": [ 17.5, 12.5, 18.5, 15.0 ], "autoUv": false, "windMode": [-1,-1,-1,-1] },
												"down": { "texture": "#bottom", "uv": [ 8.5, 11.0, 9.5, 13.5 ], "autoUv": false, "windMode": [-1,-1,-1,-1] }
											},
											"children": [
												{
													"name": "LArmLower",
													"from": [ 0.5, 0.005, 0.0 ],
													"to": [ 1.0, 0.185, 1.25 ],
													"unwrapMode": 5,
													"autoUnwrap": false,
													"uv": [ 8.0, 18.0 ],
													"rotationOrigin": [ 1.0, 0.005, 0.0 ],
													"rotationY": -10.0,
													"faces": {
														"east": { "texture": "#skin", "uv": [ 18.0, 12.5, 18.5, 15.0 ], "rotation": 90, "autoUv": false },
														"south": { "texture": "#skin", "uv": [ 17.5, 15.0, 18.5, 15.5 ], "autoUv": false, "windMode": [-1,-1,-1,-1] },
														"up": { "texture": "#skin", "uv": [ 17.5, 12.5, 18.5, 15.0 ], "autoUv": false, "windMode": [-1,-1,-1,-1] },
														"down": { "texture": "#bottom", "uv": [ 9.5, 12.0, 10.5, 14.5 ], "autoUv": false, "windMode": [-1,-1,-1,-1] }
													}
												}
											]
										}
									]
								},
								{
									"name": "RBody",
									"from": [ 0.0, -0.205, 0.15 ],
									"to": [ 2.0, -0.005, 1.4 ],
									"unwrapMode": 6,
									"autoUnwrap": false,
									"uv": [ 0.0, 9.0 ],
									"rotationOrigin": [ 0.0, 0.0, 0.15 ],
									"rotationX": 180.0,
									"rotationY": -3.0,
									"faces": {
										"east": { "texture": "#skin", "uv": [ 9.0, 3.0, 9.5, 5.5 ], "rotation": 90, "autoUv": false },
										"south": { "texture": "#skin", "uv": [ 9.0, 5.5, 13.0, 6.0 ], "rotation": 180, "autoUv": false, "windMode": [-1,-1,-1,-1] },
										"west": { "texture": "#skin", "uv": [ 12.5, 3.0, 13.0, 5.5 ], "rotation": 270, "autoUv": false, "windMode": [-1,-1,-1,-1] },
										"up": { "texture": "#bottom", "uv": [ 7.0, 6.0, 11.0, 8.5 ], "autoUv": false, "windMode": [-1,-1,-1,-1] },
										"down": { "texture": "#skin", "uv": [ 9.0, 3.0, 13.0, 5.5 ], "autoUv": false, "windMode": [-1,-1,-1,-1] }
									},
									"children": [
										{
											"name": "RArm",
											"from": [ 0.0, 0.005, 0.75 ],
											"to": [ 0.5, 0.195, 2.0 ],
											"unwrapMode": 6,
											"autoUnwrap": false,
											"uv": [ 7.0, 6.5 ],
											"rotationOrigin": [ 0.0, 0.195, 0.75 ],
											"rotationY": -30.0,
											"faces": {
												"east": { "texture": "#skin", "uv": [ 24.0, 6.0, 24.5, 8.5 ], "rotation": 90, "autoUv": false },
												"south": { "texture": "#skin", "uv": [ 23.5, 8.0, 24.5, 8.5 ], "rotation": 180, "autoUv": false, "windMode": [-1,-1,-1,-1] },
												"west": { "texture": "#skin", "uv": [ 23.5, 6.0, 24.0, 8.5 ], "rotation": 270, "autoUv": false, "windMode": [-1,-1,-1,-1] },
												"up": { "texture": "#bottom", "uv": [ 4.5, 6.0, 5.5, 8.5 ], "autoUv": false, "windMode": [-1,-1,-1,-1] },
												"down": { "texture": "#skin", "uv": [ 23.5, 6.0, 24.5, 8.5 ], "autoUv": false, "windMode": [-1,-1,-1,-1] }
											},
											"children": [
												{
													"name": "RArmLower",
													"from": [ 0.5, 0.005, 0.0 ],
													"to": [ 1.0, 0.185, 1.25 ],
													"unwrapMode": 5,
													"autoUnwrap": false,
													"uv": [ 4.5, 6.5 ],
													"rotationOrigin": [ 1.0, 0.185, 0.0 ],
													"rotationY": -10.0,
													"faces": {
														"east": { "texture": "#skin", "uv": [ 23.5, 6.0, 24.0, 8.5 ], "rotation": 90, "autoUv": false, "windMode": [-1,-1,-1,-1] },
														"south": { "texture": "#skin", "uv": [ 23.5, 8.5, 24.5, 9.0 ], "autoUv": false, "windMode": [-1,-1,-1,-1] },
														"up": { "texture": "#bottom", "uv": [ 4.5, 6.5, 5.5, 9.0 ], "autoUv": false, "windMode": [-1,-1,-1,-1] },
														"down": { "texture": "#skin", "uv": [ 23.5, 6.0, 24.5, 8.5 ], "autoUv": false, "windMode": [-1,-1,-1,-1] }
													}
												}
											]
										}
									]
								},
								{
									"name": "PeltAbdomen",
									"from": [ 1.995, 0.005, 0.0 ],
									"to": [ 3.995, 0.205, 1.3 ],
									"unwrapMode": 5,
									"autoUnwrap": false,
									"uv": [ 0.0, 0.0 ],
									"rotationOrigin": [ 2.0, 0.005, 0.0 ],
									"faces": {
										"north": { "texture": "#skin", "uv": [ 19.5, 2.5, 23.5, 3.0 ], "rotation": 180, "autoUv": false, "windMode": [-1,-1,-1,-1] },
										"east": { "texture": "#skin", "uv": [ 16.5, 0.0, 17.0, 2.5 ], "rotation": 90, "autoUv": false, "windMode": [-1,-1,-1,-1] },
										"south": { "texture": "#skin", "uv": [ 13.0, 2.5, 17.0, 3.0 ], "autoUv": false, "windMode": [-1,-1,-1,-1] },
										"up": { "texture": "#skin", "uv": [ 13.0, 0.0, 17.0, 2.5 ], "autoUv": false, "windMode": [-1,-1,-1,-1] },
										"down": { "texture": "#bottom", "uv": [ 3.0, 2.5, 7.0, 5.0 ], "autoUv": false }
									},
									"children": [
										{
											"name": "LAbdomen",
											"from": [ 0.0, 0.005, 1.05 ],
											"to": [ 2.0, 0.195, 2.4 ],
											"unwrapMode": 5,
											"autoUnwrap": false,
											"uv": [ 0.0, 10.5 ],
											"rotationOrigin": [ 0.0, 0.005, 1.05 ],
											"rotationY": -3.0,
											"faces": {
												"east": { "texture": "#skin", "uv": [ 16.5, 3.0, 17.0, 5.5 ], "rotation": 90, "autoUv": false },
												"south": { "texture": "#skin", "uv": [ 13.0, 5.5, 17.0, 6.0 ], "autoUv": false, "windMode": [-1,-1,-1,-1] },
												"west": { "texture": "#skin", "uv": [ 13.0, 3.0, 13.5, 5.5 ], "rotation": 270, "autoUv": false, "windMode": [-1,-1,-1,-1] },
												"up": { "texture": "#skin", "uv": [ 13.0, 3.0, 17.0, 5.5 ], "autoUv": false, "windMode": [-1,-1,-1,-1] },
												"down": { "texture": "#bottom", "uv": [ 6.0, 8.0, 10.0, 10.5 ], "autoUv": false, "windMode": [-1,-1,-1,-1] }
											},
											"children": [
												{
													"name": "LLeg",
													"from": [ 1.0, 0.005, 1.35 ],
													"to": [ 1.65, 0.185, 2.85 ],
													"unwrapMode": 5,
													"autoUnwrap": false,
													"uv": [ 10.0, 4.5 ],
													"rotationOrigin": [ 1.0, 0.005, 1.35 ],
													"rotationY": 72.0,
													"faces": {
														"east": { "texture": "#skin", "uv": [ 5.5, 14.0, 6.0, 17.0 ], "rotation": 90, "autoUv": false, "windMode": [-1,-1,-1,-1] },
														"south": { "texture": "#skin", "uv": [ 4.5, 17.0, 5.5, 17.5 ], "autoUv": false, "windMode": [-1,-1,-1,-1] },
														"west": { "texture": "#skin", "uv": [ 4.0, 14.0, 4.5, 17.0 ], "rotation": 270, "autoUv": false, "windMode": [-1,-1,-1,-1] },
														"up": { "texture": "#skin", "uv": [ 4.5, 14.0, 5.5, 17.0 ], "autoUv": false, "windMode": [-1,-1,-1,-1] },
														"down": { "texture": "#bottom", "uv": [ 13.0, 4.5, 14.0, 7.5 ], "autoUv": false, "windMode": [-1,-1,-1,-1] }
													},
													"children": [
														{
															"name": "LLegEnd",
															"from": [ 0.05, -0.005, 1.25 ],
															"to": [ 0.65, 0.185, 2.75 ],
															"unwrapMode": 5,
															"autoUnwrap": false,
															"uv": [ 4.5, 7.5 ],
															"rotationOrigin": [ 0.55, -0.005, 1.25 ],
															"rotationY": -14.0,
															"faces": {
																"north": { "texture": "#skin", "uv": [ 0.5, 14.0, 1.5, 14.5 ], "rotation": 180, "autoUv": false },
																"east": { "texture": "#skin", "uv": [ 1.5, 14.5, 2.0, 17.5 ], "rotation": 90, "autoUv": false, "windMode": [-1,-1,-1,-1] },
																"south": { "texture": "#skin", "uv": [ 0.5, 17.5, 1.5, 18.0 ], "autoUv": false, "windMode": [-1,-1,-1,-1] },
																"west": { "texture": "#skin", "uv": [ 0.0, 14.5, 0.5, 17.5 ], "rotation": 270, "autoUv": false, "windMode": [-1,-1,-1,-1] },
																"up": { "texture": "#skin", "uv": [ 0.5, 14.5, 1.5, 17.5 ], "autoUv": false, "windMode": [-1,-1,-1,-1] },
																"down": { "texture": "#bottom", "uv": [ 6.5, 8.0, 7.5, 11.0 ], "autoUv": false, "windMode": [-1,-1,-1,-1] }
															}
														}
													]
												},
												{
													"name": "LLegLower",
													"from": [ 1.25, 0.01, -0.25 ],
													"to": [ 2.0, 0.18, 1.25 ],
													"unwrapMode": 5,
													"autoUnwrap": false,
													"uv": [ 0.5, 6.0 ],
													"rotationOrigin": [ 2.0, 0.01, -0.25 ],
													"rotationY": 16.0,
													"faces": {
														"east": { "texture": "#skin", "uv": [ 5.5, 14.0, 6.0, 17.0 ], "rotation": 90, "autoUv": false },
														"up": { "texture": "#skin", "uv": [ 4.5, 14.0, 6.0, 17.0 ], "autoUv": false, "windMode": [-1,-1,-1,-1] },
														"down": { "texture": "#bottom", "uv": [ 2.5, 6.0, 4.0, 9.0 ], "autoUv": false, "windMode": [-1,-1,-1,-1] }
													}
												}
											]
										},
										{
											"name": "RAbdomen",
											"from": [ 0.0, -0.185, 0.15 ],
											"to": [ 2.0, 0.005, 1.5 ],
											"unwrapMode": 5,
											"autoUnwrap": false,
											"uv": [ -0.5, 4.5 ],
											"rotationOrigin": [ 0.0, 0.005, 0.15 ],
											"rotationX": 180.0,
											"rotationY": -3.0,
											"faces": {
												"east": { "texture": "#skin", "uv": [ 19.5, 3.0, 20.0, 5.5 ], "rotation": 90, "autoUv": false },
												"south": { "texture": "#skin", "uv": [ 13.0, 7.5, 17.0, 8.0 ], "autoUv": false, "windMode": [-1,-1,-1,-1] },
												"west": { "texture": "#skin", "uv": [ 23.0, 3.0, 23.5, 5.5 ], "rotation": 270, "autoUv": false, "windMode": [-1,-1,-1,-1] },
												"up": { "texture": "#bottom", "uv": [ 0.0, 5.0, 4.0, 7.5 ], "autoUv": false, "windMode": [-1,-1,-1,-1] },
												"down": { "texture": "#skin", "uv": [ 19.5, 3.0, 23.5, 5.5 ], "autoUv": false, "windMode": [-1,-1,-1,-1] }
											},
											"children": [
												{
													"name": "RLeg",
													"from": [ 1.0, 0.005, 1.35 ],
													"to": [ 1.65, 0.185, 2.85 ],
													"unwrapMode": 5,
													"autoUnwrap": false,
													"uv": [ 1.0, 5.5 ],
													"rotationOrigin": [ 1.0, 0.185, 1.35 ],
													"rotationY": 72.0,
													"faces": {
														"east": { "texture": "#skin", "uv": [ 15.0, 15.0, 15.5, 18.0 ], "rotation": 90, "autoUv": false, "windMode": [-1,-1,-1,-1] },
														"south": { "texture": "#skin", "uv": [ 15.5, 18.0, 16.5, 18.5 ], "autoUv": false, "windMode": [-1,-1,-1,-1] },
														"west": { "texture": "#skin", "uv": [ 16.5, 15.0, 17.0, 18.0 ], "rotation": 270, "autoUv": false, "windMode": [-1,-1,-1,-1] },
														"up": { "texture": "#bottom", "uv": [ 1.5, 5.5, 2.5, 8.5 ], "autoUv": false, "windMode": [-1,-1,-1,-1] },
														"down": { "texture": "#skin", "uv": [ 15.5, 15.0, 16.5, 18.0 ], "autoUv": false, "windMode": [-1,-1,-1,-1] }
													},
													"children": [
														{
															"name": "RLegEnd",
															"from": [ 0.0, -0.005, 1.25 ],
															"to": [ 0.6, 0.185, 2.75 ],
															"unwrapMode": 5,
															"autoUnwrap": false,
															"uv": [ 0.0, 9.0 ],
															"rotationOrigin": [ 0.5, 0.19, 1.25 ],
															"rotationY": -14.0,
															"faces": {
																"north": { "texture": "#skin", "uv": [ 11.5, 14.0, 12.5, 14.5 ], "rotation": 180, "autoUv": false },
																"east": { "texture": "#skin", "uv": [ 12.5, 14.5, 13.0, 17.5 ], "rotation": 90, "autoUv": false, "windMode": [-1,-1,-1,-1] },
																"south": { "texture": "#skin", "uv": [ 11.5, 17.5, 12.5, 18.0 ], "autoUv": false, "windMode": [-1,-1,-1,-1] },
																"west": { "texture": "#skin", "uv": [ 11.0, 14.5, 11.5, 17.5 ], "rotation": 270, "autoUv": false, "windMode": [-1,-1,-1,-1] },
																"up": { "texture": "#bottom", "uv": [ 0.5, 9.5, 1.5, 12.5 ], "autoUv": false, "windMode": [-1,-1,-1,-1] },
																"down": { "texture": "#skin", "uv": [ 11.5, 14.5, 12.5, 17.5 ], "autoUv": false, "windMode": [-1,-1,-1,-1] }
															}
														}
													]
												},
												{
													"name": "RLegLower",
													"from": [ 1.25, 0.01, -0.25 ],
													"to": [ 2.0, 0.18, 1.25 ],
													"unwrapMode": 5,
													"autoUnwrap": false,
													"uv": [ 12.0, 4.0 ],
													"rotationOrigin": [ 2.0, 0.18, -0.25 ],
													"rotationY": 16.0,
													"faces": {
														"east": { "texture": "#skin", "uv": [ 15.0, 15.0, 15.5, 18.0 ], "rotation": 90, "autoUv": false, "windMode": [-1,-1,-1,-1] },
														"up": { "texture": "#bottom", "uv": [ 12.0, 4.0, 13.5, 7.0 ], "autoUv": false, "windMode": [-1,-1,-1,-1] },
														"down": { "texture": "#skin", "uv": [ 15.5, 15.0, 17.0, 18.0 ], "autoUv": false, "windMode": [-1,-1,-1,-1] }
													}
												}
											]
										},
										{
											"name": "PeltTail",
											"from": [ 2.0, 0.005, 0.4 ],
											"to": [ 3.0, 0.255, 0.9 ],
											"unwrapMode": 3,
											"autoUnwrap": false,
											"uv": [ 23.5, 2.5 ],
											"rotationOrigin": [ 2.0, 0.005, 0.4 ],
											"faces": {
												"north": { "texture": "#skin", "uv": [ 27.5, 3.5, 29.5, 4.0 ], "autoUv": false, "windMode": [-1,-1,-1,-1] },
												"east": { "texture": "#skin", "uv": [ 26.5, 3.5, 27.5, 4.0 ], "autoUv": false, "windMode": [-1,-1,-1,-1] },
												"south": { "texture": "#skin", "uv": [ 24.5, 3.5, 26.5, 4.0 ], "autoUv": false, "windMode": [-1,-1,-1,-1] },
												"west": { "texture": "#skin", "uv": [ 23.5, 3.5, 24.5, 4.0 ], "autoUv": false, "windMode": [-1,-1,-1,-1] },
												"up": { "texture": "#skin", "uv": [ 24.5, 2.5, 26.5, 3.5 ], "autoUv": false, "windMode": [-1,-1,-1,-1] },
												"down": { "texture": "#skin", "uv": [ 24.5, 4.5, 26.5, 5.5 ], "rotation": 180, "autoUv": false, "windMode": [-1,-1,-1,-1] }
											},
											"children": [
												{
													"name": "PeltTailMid",
													"from": [ 0.9, -0.005, -0.15 ],
													"to": [ 2.9, 0.39, 0.65 ],
													"unwrapMode": 3,
													"autoUnwrap": false,
													"uv": [ 20.0, 15.5 ],
													"rotationOrigin": [ 0.9, -0.005, -0.15 ],
													"faces": {
														"north": { "texture": "#skin", "uv": [ 27.0, 17.0, 31.0, 17.5 ], "autoUv": false },
														"east": { "texture": "#skin", "uv": [ 25.5, 17.0, 27.0, 17.5 ], "autoUv": false, "windMode": [-1,-1,-1,-1] },
														"south": { "texture": "#skin", "uv": [ 21.5, 17.0, 25.5, 17.5 ], "autoUv": false, "windMode": [-1,-1,-1,-1] },
														"west": { "texture": "#skin", "uv": [ 20.0, 17.0, 21.5, 17.5 ], "autoUv": false, "windMode": [-1,-1,-1,-1] },
														"up": { "texture": "#skin", "uv": [ 21.5, 15.5, 25.5, 17.0 ], "autoUv": false, "windMode": [-1,-1,-1,-1] },
														"down": { "texture": "#skin", "uv": [ 21.5, 18.5, 25.5, 20.0 ], "rotation": 180, "autoUv": false, "windMode": [-1,-1,-1,-1] }
													},
													"children": [
														{
															"name": "PeltTailEnd",
															"from": [ 1.95, 0.0, 0.025 ],
															"to": [ 3.2, 0.3, 0.775 ],
															"unwrapMode": 3,
															"autoUnwrap": false,
															"uv": [ 22.0, 9.5 ],
															"rotationOrigin": [ 1.95, 0.0, 0.025 ],
															"faces": {
																"north": { "texture": "#skin", "uv": [ 27.5, 11.0, 30.0, 11.5 ], "autoUv": false },
																"east": { "texture": "#skin", "uv": [ 26.0, 11.0, 27.5, 11.5 ], "autoUv": false, "windMode": [-1,-1,-1,-1] },
																"south": { "texture": "#skin", "uv": [ 23.5, 11.0, 26.0, 11.5 ], "autoUv": false, "windMode": [-1,-1,-1,-1] },
																"west": { "texture": "#skin", "uv": [ 22.0, 11.0, 23.5, 11.5 ], "autoUv": false, "windMode": [-1,-1,-1,-1] },
																"up": { "texture": "#skin", "uv": [ 23.5, 9.5, 26.0, 11.0 ], "autoUv": false, "windMode": [-1,-1,-1,-1] },
																"down": { "texture": "#skin", "uv": [ 23.5, 12.5, 26.0, 14.0 ], "rotation": 180, "autoUv": false, "windMode": [-1,-1,-1,-1] }
															}
														}
													]
												}
											]
										}
									]
								},
								{
									"name": "Neck",
									"from": [ -1.0, 0.0, 0.15 ],
									"to": [ 0.0, 0.22, 1.15 ],
									"autoUnwrap": false,
									"uv": [ 3.0, 2.0 ],
									"rotationOrigin": [ 0.05, 0.0, 0.15 ],
									"faces": {
										"north": { "texture": "#skin", "uv": [ 12.0, 8.5, 14.0, 9.0 ], "autoUv": false, "windMode": [-1,-1,-1,-1] },
										"south": { "texture": "#skin", "uv": [ 10.0, 8.5, 12.0, 9.0 ], "autoUv": false, "windMode": [-1,-1,-1,-1] },
										"west": { "texture": "#skin", "uv": [ 8.0, 8.5, 10.0, 9.0 ], "autoUv": false, "windMode": [-1,-1,-1,-1] },
										"up": { "texture": "#skin", "uv": [ 10.0, 6.5, 12.0, 8.5 ], "autoUv": false, "windMode": [-1,-1,-1,-1] },
										"down": { "texture": "#bottom", "uv": [ 6.0, 2.0, 8.0, 4.0 ], "autoUv": false }
									},
									"children": [
										{
											"name": "RNeck",
											"from": [ 0.0, -0.18, -0.5 ],
											"to": [ 1.0, 0.01, 0.5 ],
											"unwrapMode": 6,
											"autoUnwrap": false,
											"uv": [ 8.0, 11.0 ],
											"rotationOrigin": [ 1.5, 0.01, 0.5 ],
											"rotationX": -180.0,
											"rotationY": 75.0,
											"faces": {
												"north": { "texture": "#skin", "uv": [ 12.0, 8.5, 12.5, 10.5 ], "rotation": 90, "autoUv": false },
												"south": { "texture": "#skin", "uv": [ 12.0, 8.5, 14.0, 9.0 ], "rotation": 180, "autoUv": false, "windMode": [-1,-1,-1,-1] },
												"west": { "texture": "#skin", "uv": [ 12.0, 10.5, 14.0, 11.0 ], "rotation": 180, "autoUv": false, "windMode": [-1,-1,-1,-1] },
												"up": { "texture": "#bottom", "uv": [ 11.5, 11.5, 13.5, 13.5 ], "autoUv": false, "windMode": [-1,-1,-1,-1] },
												"down": { "texture": "#skin", "uv": [ 12.0, 8.5, 14.0, 10.5 ], "rotation": 180, "autoUv": false, "windMode": [-1,-1,-1,-1] }
											}
										},
										{
											"name": "LNeck",
											"from": [ 0.0, 0.01, -0.5 ],
											"to": [ 1.0, 0.2, 0.5 ],
											"unwrapMode": 5,
											"autoUnwrap": false,
											"uv": [ 6.0, 10.5 ],
											"rotationOrigin": [ 1.5, 0.01, 0.5 ],
											"rotationY": 75.0,
											"faces": {
												"north": { "texture": "#skin", "uv": [ 11.5, 8.5, 12.0, 10.5 ], "rotation": 90, "autoUv": false, "windMode": [-1,-1,-1,-1] },
												"south": { "texture": "#skin", "uv": [ 10.0, 8.5, 12.0, 9.0 ], "autoUv": false, "windMode": [-1,-1,-1,-1] },
												"west": { "texture": "#skin", "uv": [ 10.0, 10.5, 12.0, 11.0 ], "rotation": 180, "autoUv": false, "windMode": [-1,-1,-1,-1] },
												"up": { "texture": "#skin", "uv": [ 10.0, 8.5, 12.0, 10.5 ], "rotation": 180, "autoUv": false, "windMode": [-1,-1,-1,-1] },
												"down": { "texture": "#bottom", "uv": [ 9.5, 11.0, 11.5, 13.0 ], "autoUv": false, "windMode": [-1,-1,-1,-1] }
											}
										},
										{
											"name": "Head",
											"from": [ -0.4, 0.0, -0.13 ],
											"to": [ 0.35, 0.225, 1.13 ],
											"autoUnwrap": false,
											"uv": [ 4.5, 3.5 ],
											"rotationOrigin": [ 0.35, 0.0, -0.125 ],
											"faces": {
												"north": { "texture": "#skin", "uv": [ 1.0, 11.0, 1.5, 12.5 ], "rotation": 270, "autoUv": false },
												"east": { "texture": "#skin", "uv": [ 1.5, 10.5, 4.0, 11.0 ], "autoUv": false, "windMode": [-1,-1,-1,-1] },
												"south": { "texture": "#skin", "uv": [ 4.0, 11.0, 4.5, 12.5 ], "rotation": 90, "autoUv": false, "windMode": [-1,-1,-1,-1] },
												"west": { "texture": "#skin", "uv": [ 1.5, 12.5, 4.0, 13.0 ], "autoUv": false, "windMode": [-1,-1,-1,-1] },
												"up": { "texture": "#skin", "uv": [ 1.5, 11.0, 4.0, 12.5 ], "rotation": 90, "autoUv": false, "windMode": [-1,-1,-1,-1] },
												"down": { "texture": "#bottom", "uv": [ 7.5, 3.5, 9.0, 6.0 ], "autoUv": false }
											},
											"children": [
												{
													"name": "Snout",
													"from": [ -0.6, 0.0, 0.425 ],
													"to": [ 0.15, 0.2, 0.825 ],
													"autoUnwrap": false,
													"uv": [ 1.5, 2.0 ],
													"rotationOrigin": [ 0.2, 0.0, 0.425 ],
													"faces": {
														"north": { "texture": "#skin", "uv": [ 6.5, 0.0, 7.0, 1.5 ], "rotation": 270, "autoUv": false },
														"south": { "texture": "#skin", "uv": [ 7.5, 0.0, 8.0, 1.5 ], "rotation": 90, "autoUv": false, "windMode": [-1,-1,-1,-1] },
														"west": { "texture": "#skin", "uv": [ 7.0, 1.5, 7.5, 2.0 ], "autoUv": false, "windMode": [-1,-1,-1,-1] },
														"up": { "texture": "#skin", "uv": [ 7.0, 0.0, 7.5, 1.5 ], "rotation": 90, "autoUv": false, "windMode": [-1,-1,-1,-1] },
														"down": { "texture": "#bottom", "uv": [ 3.0, 2.0, 4.5, 2.5 ], "autoUv": false }
													},
													"children": [
														{
															"name": "Nose",
															"from": [ -0.005, 0.075, 0.1 ],
															"to": [ 0.245, 0.225, 0.3 ],
															"unwrapMode": 3,
															"uv": [ 10.5, 0.0 ],
															"rotationOrigin": [ 0.0, 0.075, 0.1 ],
															"faces": {
																"north": { "texture": "#skin", "uv": [ 12.0, 0.5, 12.5, 1.0 ], "autoUv": false },
																"east": { "texture": "#skin", "uv": [ 11.5, 0.5, 12.0, 1.0 ], "autoUv": false, "windMode": [-1,-1,-1,-1] },
																"south": { "texture": "#skin", "uv": [ 11.0, 0.5, 11.5, 1.0 ], "autoUv": false, "windMode": [-1,-1,-1,-1] },
																"west": { "texture": "#skin", "uv": [ 10.5, 0.5, 11.0, 1.0 ], "autoUv": false, "windMode": [-1,-1,-1,-1] },
																"up": { "texture": "#skin", "uv": [ 11.0, 0.0, 11.5, 0.5 ], "autoUv": false, "windMode": [-1,-1,-1,-1] },
																"down": { "texture": "#skin", "uv": [ 11.0, 1.0, 11.5, 1.5 ], "rotation": 180, "autoUv": false, "windMode": [-1,-1,-1,-1] }
															}
														}
													]
												}
											]
										}
									]
								}
							]
						}
					]
				}
			]
		}
	]}