{
	"editor": {
		"allAngles": true,
		"entityTextureMode": true
	},
	"textureWidth": 32,
	"textureHeight": 32,
	"textureSizes": {
		"skin": [32,32]
	},
	"textures": {
	},
	"elements": [
		{
			"name": "neck",
			"from": [ 15.49, 10.06, 7.65 ], 
			"to": [ 16.594, 10.86, 8.37 ], 
			"unwrapMode": 5,
			"unwrapRotation": 1,
			"uv": [ 14.0, 1.5 ],
			"rotationOrigin": [ 16.4524, 10.0884, 8.008 ],
			"rotationZ": 63.0,
			"faces": {
						"north": { "texture": "#skin", "uv": [ 14.0, 3.5, 16.0, 6.0 ], "rotation": 270, "windMode": [-1,-1,-1,-1], "windData": [0,0,1,0] },
						"east": { "texture": "#skin", "uv": [ 16.0, 1.5, 17.5, 3.5 ], "rotation": 180, "windMode": [-1,-1,-1,-1], "windData": [1,0,0,1] },
						"south": { "texture": "#skin", "uv": [ 17.5, 3.5, 19.5, 6.0 ], "rotation": 90, "windMode": [-1,-1,-1,-1] },
						"west": { "texture": "#skin", "uv": [ 16.0, 6.0, 17.5, 8.0 ] },
						"up": { "texture": "#skin", "uv": [ 16.0, 3.5, 17.5, 6.0 ], "rotation": 90 },
						"down": { "texture": "#skin", "uv": [ 19.5, 3.5, 21.0, 6.0 ], "rotation": 270, "enabled": false, "windMode": [-1,-1,-1,-1] }
			},
			"children": [
				{
					"name": "neck2",
					"from": [ 0.336, 0.152, 0.024 ], 
					"to": [ 1.056, 1.592, 0.696 ], 
					"unwrapMode": 3,
					"uv": [ 19.5, 1.0 ],
					"rotationOrigin": [ 1.056, 0.752, 0.36 ],
					"rotationZ": -35.0,
					"faces": {
						"north": { "texture": "#skin", "uv": [ 24.0, 2.5, 25.5, 6.0 ] },
						"east": { "texture": "#skin", "uv": [ 22.5, 2.5, 24.0, 6.0 ], "windMode": [-1,-1,-1,-1], "windData": [0,1,1,0] },
						"south": { "texture": "#skin", "uv": [ 21.0, 2.5, 22.5, 6.0 ], "windMode": [-1,-1,-1,-1], "windData": [0,0,1,1] },
						"west": { "texture": "#skin", "uv": [ 19.5, 2.5, 21.0, 6.0 ], "windMode": [-1,-1,-1,-1], "windData": [0,0,1,1] },
						"up": { "texture": "#skin", "uv": [ 21.0, 1.0, 22.5, 2.5 ], "windMode": [-1,-1,-1,-1], "windData": [1,1,1,1] },
						"down": { "texture": "#skin", "uv": [ 21.0, 6.0, 22.5, 7.5 ], "rotation": 180, "enabled": false, "windMode": [-1,-1,-1,-1] }
					},
					"children": [
						{
							"name": "head",
							"from": [ -0.144, 1.104, -0.1 ], 
							"to": [ 0.864, 1.9104, 0.7928 ], 
							"unwrapMode": 4,
							"autoUnwrap": false,
							"uv": [ 0.0, 26.5 ],
							"rotationOrigin": [ 0.7776, 1.5962, 0.352 ],
							"rotationZ": -7.0,
							"faces": {
								"north": { "texture": "#skin", "uv": [ 0.0, 28.5, 2.0, 30.0 ], "autoUv": false, "windMode": [-1,-1,-1,-1] },
								"east": { "texture": "#skin", "uv": [ 5.5, 28.5, 7.0, 30.0 ], "autoUv": false, "windMode": [-1,-1,-1,-1] },
								"south": { "texture": "#skin", "uv": [ 3.5, 28.5, 5.5, 30.0 ], "autoUv": false, "windMode": [-1,-1,-1,-1] },
								"west": { "texture": "#skin", "uv": [ 2.0, 28.5, 3.5, 30.0 ], "autoUv": false, "windMode": [-1,-1,-1,-1] },
								"up": { "texture": "#skin", "uv": [ 2.0, 26.5, 3.5, 28.5 ], "rotation": 90, "autoUv": false, "windMode": [-1,-1,-1,-1] },
								"down": { "texture": "#skin", "uv": [ 2.0, 30.0, 3.5, 32.0 ], "rotation": 90, "autoUv": false, "windMode": [-1,-1,-1,-1] }
							},
							"children": [
								{
									"name": "mouth up",
									"from": [ -0.5856, 0.1728, 0.2688 ], 
									"to": [ 0.0864, 0.432, 0.6528 ], 
									"unwrapMode": 5,
									"unwrapRotation": 1,
									"uv": [ 0.0, 23.0 ],
									"rotationOrigin": [ 0.0864, 0.5184, 0.4608 ],
									"rotationZ": -10.0,
									"faces": {
										"north": { "texture": "#skin", "uv": [ 0.0, 23.0, 0.5, 24.5 ], "rotation": 270 },
										"east": { "texture": "#skin", "uv": [ 0.5, 23.0, 1.0, 23.5 ], "rotation": 180, "enabled": false },
										"south": { "texture": "#skin", "uv": [ 1.0, 23.0, 1.5, 24.5 ], "rotation": 90 },
										"west": { "texture": "#skin", "uv": [ 0.5, 24.5, 1.0, 25.0 ] },
										"up": { "texture": "#skin", "uv": [ 0.5, 23.0, 1.0, 24.5 ], "rotation": 90 },
										"down": { "texture": "#skin", "uv": [ 1.5, 23.0, 2.0, 24.5 ], "rotation": 270 }
									},
									"children": [
										{
											"name": "nose",
											"from": [ -0.0288, 0.0432, 0.048 ], 
											"to": [ 0.2592, 0.3024, 0.336 ], 
											"unwrapMode": 4,
											"uv": [ 1.5, 24.0 ],
											"rotationOrigin": [ -0.0288, 0.3168, 0.2208 ],
											"faces": {
												"north": { "texture": "#skin", "uv": [ 1.5, 24.5, 2.0, 25.0 ], "windMode": [-1,-1,-1,-1], "windData": [1,1,1,1] },
												"east": { "texture": "#skin", "uv": [ 3.0, 24.5, 3.5, 25.0 ], "windMode": [-1,-1,-1,-1], "windData": [1,1,1,1] },
												"south": { "texture": "#skin", "uv": [ 2.5, 24.5, 3.0, 25.0 ], "windMode": [-1,-1,-1,-1], "windData": [1,1,1,1] },
												"west": { "texture": "#skin", "uv": [ 2.0, 24.5, 2.5, 25.0 ], "windMode": [-1,-1,-1,-1], "windData": [1,1,1,1] },
												"up": { "texture": "#skin", "uv": [ 2.0, 24.0, 2.5, 24.5 ], "rotation": 90, "windMode": [-1,-1,-1,-1], "windData": [1,1,1,1] },
												"down": { "texture": "#skin", "uv": [ 2.0, 25.0, 2.5, 25.5 ], "rotation": 90, "windMode": [-1,-1,-1,-1], "windData": [1,1,1,1] }
											}
										},
										{
											"name": "nose bridge",
											"from": [ 0.0576, 0.0, 0.0384 ], 
											"to": [ 0.6528, 0.3168, 0.3456 ], 
											"unwrapMode": 5,
											"unwrapRotation": 1,
											"uv": [ 2.0, 23.0 ],
											"rotationOrigin": [ 0.0576, 0.3168, 0.1824 ],
											"rotationZ": 20.0,
											"faces": {
												"north": { "texture": "#skin", "uv": [ 2.0, 23.0, 2.5, 24.0 ], "rotation": 270 },
												"east": { "texture": "#skin", "uv": [ 2.5, 23.0, 3.0, 23.5 ], "rotation": 180, "enabled": false, "windMode": [-1,-1,-1,-1], "windData": [1,1,1,1] },
												"south": { "texture": "#skin", "uv": [ 3.0, 23.0, 3.5, 24.0 ], "rotation": 90 },
												"west": { "texture": "#skin", "uv": [ 2.5, 24.0, 3.0, 24.5 ], "windMode": [-1,-1,-1,-1], "windData": [1,1,1,1] },
												"up": { "texture": "#skin", "uv": [ 2.5, 23.0, 3.0, 24.0 ], "rotation": 90 },
												"down": { "texture": "#skin", "uv": [ 3.5, 23.0, 4.0, 24.0 ], "rotation": 270, "enabled": false }
											}
										}
									]
								},
								{
									"name": "R ear",
									"from": [ 0.7488, 0.432, -0.5184 ], 
									"to": [ 0.8928, 0.9216, 0.2016 ], 
									"unwrapMode": 4,
									"uv": [ 0.0, 7.5 ],
									"rotationOrigin": [ 0.8064, 0.7488, 0.1728 ],
									"rotationX": 70.0,
									"rotationZ": 22.0,
									"faces": {
										"north": { "texture": "#skin", "uv": [ 0.0, 8.0, 0.5, 9.0 ] },
										"east": { "texture": "#skin", "uv": [ 2.5, 8.0, 4.0, 9.0 ] },
										"south": { "texture": "#skin", "uv": [ 2.0, 8.0, 2.5, 9.0 ], "windMode": [-1,-1,-1,-1], "windData": [1,1,1,1] },
										"west": { "texture": "#skin", "uv": [ 0.5, 8.0, 2.0, 9.0 ] },
										"up": { "texture": "#skin", "uv": [ 0.5, 7.5, 2.0, 8.0 ], "rotation": 90 },
										"down": { "texture": "#skin", "uv": [ 0.5, 9.0, 2.0, 9.5 ], "rotation": 90, "windMode": [-1,-1,-1,-1], "windData": [1,1,1,1] }
									}
								},
								{
									"name": "L ear",
									"from": [ 0.7488, 0.432, 0.72 ], 
									"to": [ 0.8928, 0.9216, 1.44 ], 
									"unwrapMode": 4,
									"uv": [ 0.0, 9.5 ],
									"rotationOrigin": [ 0.8064, 0.7488, 0.72 ],
									"rotationX": -70.0,
									"rotationZ": 22.0,
									"faces": {
										"north": { "texture": "#skin", "uv": [ 0.0, 10.0, 0.5, 11.0 ], "windMode": [-1,-1,-1,-1], "windData": [1,1,1,1] },
										"east": { "texture": "#skin", "uv": [ 2.5, 10.0, 4.0, 11.0 ] },
										"south": { "texture": "#skin", "uv": [ 2.0, 10.0, 2.5, 11.0 ], "windMode": [-1,-1,-1,-1], "windData": [1,1,1,1] },
										"west": { "texture": "#skin", "uv": [ 0.5, 10.0, 2.0, 11.0 ] },
										"up": { "texture": "#skin", "uv": [ 0.5, 9.5, 2.0, 10.0 ], "rotation": 90 },
										"down": { "texture": "#skin", "uv": [ 0.5, 11.0, 2.0, 11.5 ], "rotation": 90 }
									}
								},
								{
									"name": "jaw",
									"from": [ -0.5328, -0.1181, 0.3264 ], 
									"to": [ 0.5712, 0.1987, 0.5952 ], 
									"unwrapMode": 5,
									"unwrapRotation": 1,
									"uv": [ 0.0, 25.0 ],
									"rotationOrigin": [ 0.3696, 0.1702, 0.4608 ],
									"rotationZ": -15.0,
									"faces": {
										"north": { "texture": "#skin", "uv": [ 0.0, 25.0, 0.5, 27.5 ], "rotation": 270 },
										"east": { "texture": "#skin", "uv": [ 0.5, 25.0, 1.0, 25.5 ], "rotation": 180, "enabled": false },
										"south": { "texture": "#skin", "uv": [ 1.0, 25.0, 1.5, 27.5 ], "rotation": 90 },
										"west": { "texture": "#skin", "uv": [ 0.5, 27.5, 1.0, 28.0 ] },
										"up": { "texture": "#skin", "uv": [ 0.5, 25.0, 1.0, 27.5 ], "rotation": 90 },
										"down": { "texture": "#skin", "uv": [ 1.5, 25.0, 2.0, 27.5 ], "rotation": 270 }
									}
								},
								{
									"name": "Horn attachment",
									"from": [ 0.0, 0.864, 0.504 ], 
									"to": [ 0.288, 1.152, 0.792 ], 
									"uv": [ 0.0, 0.0 ],
									"rotationOrigin": [ 0.0, 0.864, 0.504 ],
									"faces": {
										"north": { "texture": "#skin", "uv": [ 0.0, 1.0, 0.6, 1.6 ], "enabled": false },
										"east": { "texture": "#skin", "uv": [ 1.0, 1.0, 1.6, 1.6 ], "enabled": false, "windMode": [-1,-1,-1,-1], "windData": [1,1,1,1] },
										"south": { "texture": "#skin", "uv": [ 1.0, 1.0, 1.6, 1.6 ], "enabled": false, "windMode": [-1,-1,-1,-1], "windData": [1,1,1,1] },
										"west": { "texture": "#skin", "uv": [ 1.0, 1.0, 1.6, 1.6 ], "enabled": false, "windMode": [-1,-1,-1,-1], "windData": [1,1,1,1] },
										"up": { "texture": "#skin", "uv": [ 0.0, 0.0, 0.6, 0.6 ], "enabled": false, "windMode": [-1,-1,-1,-1], "windData": [1,1,1,1] },
										"down": { "texture": "#skin", "uv": [ 1.0, 0.0, 1.6, 0.6 ], "enabled": false, "windMode": [-1,-1,-1,-1], "windData": [1,1,1,1] }
									}
								}
							]
						}
					]
				}
			]
		}
	]}