{
	"editor": {
		"allAngles": true,
		"entityTextureMode": true
	},
	"textureWidth": 32,
	"textureHeight": 32,
	"textureSizes": {
		"bottom": [16,16],
		"skin": [32,32]
	},
	"textures": {
	},
	"elements": [
		{
			"name": "Rotation Point",
			"from": [ 0.0, 16.0, 0.0 ],
			"to": [ 0.0, 16.0, 0.0 ],
			"uv": [ 0.0, 0.0 ],
			"rotationOrigin": [ 0.0, 16.0, 0.0 ],
			"rotationZ": -90.0,
			"faces": {
			},
			"children": [
				{
					"name": "Base",
					"from": [ 6.5, 0.0, 8.0 ],
					"to": [ 6.5, 0.0, 8.0 ],
					"uv": [ 0.0, 0.0 ],
					"rotationOrigin": [ 6.5, 0.0, 8.0 ],
					"faces": {
					},
					"children": [
						{
							"name": "PeltBody",
							"from": [ 0.0, 0.0, -0.6 ],
							"to": [ 1.92, 0.168, 0.6 ],
							"unwrapMode": 5,
							"autoUnwrap": false,
							"uv": [ -10.0, 9.5 ],
							"rotationOrigin": [ 0.0, 0.0, -0.6 ],
							"faces": {
								"north": { "texture": "#skin", "uv": [ 6.0, 3.0, 6.5, 7.5 ], "rotation": 90, "windMode": [-1,-1,-1,-1] },
								"east": { "texture": "#skin", "uv": [ 3.0, 2.5, 6.0, 3.0 ], "rotation": 180, "windMode": [-1,-1,-1,-1] },
								"south": { "texture": "#skin", "uv": [ 2.5, 3.0, 3.0, 7.5 ], "rotation": 90, "windMode": [-1,-1,-1,-1] },
								"west": { "texture": "#skin", "uv": [ 3.0, 7.5, 6.0, 8.0 ], "rotation": 180, "windMode": [-1,-1,-1,-1] },
								"up": { "texture": "#skin", "uv": [ 3.0, 3.0, 6.0, 7.5 ], "rotation": 90, "windMode": [-1,-1,-1,-1] },
								"down": { "texture": "#bottom", "uv": [ 0.0, 10.0, 4.5, 13.0 ], "windMode": [-1,-1,-1,-1] }
							},
							"children": [
								{
									"name": "LBody",
									"from": [ 0.0, 0.004, 1.08 ],
									"to": [ 1.92, 0.164, 1.96 ],
									"unwrapMode": 5,
									"autoUnwrap": false,
									"uv": [ -3.0, 4.5 ],
									"rotationOrigin": [ 0.0, -0.004, 1.08 ],
									"rotationY": -3.0,
									"faces": {
										"east": { "texture": "#skin", "uv": [ 6.5, 3.0, 8.5, 3.5 ], "windMode": [-1,-1,-1,-1] },
										"south": { "texture": "#skin", "uv": [ 8.5, 3.0, 9.0, 7.5 ], "rotation": 90, "windMode": [-1,-1,-1,-1] },
										"west": { "texture": "#skin", "uv": [ 6.5, 7.0, 8.5, 7.5 ], "rotation": 180, "windMode": [-1,-1,-1,-1] },
										"up": { "texture": "#skin", "uv": [ 7.0, 3.0, 9.0, 7.5 ], "rotation": 90, "windMode": [-1,-1,-1,-1] },
										"down": { "texture": "#bottom", "uv": [ 2.5, 4.5, 7.0, 6.5 ] }
									},
									"children": [
										{
											"name": "LArm",
											"from": [ 0.0, 0.004, 0.6 ],
											"to": [ 0.2, 0.156, 1.4 ],
											"unwrapMode": 5,
											"autoUnwrap": false,
											"uv": [ 13.0, 12.5 ],
											"rotationOrigin": [ 0.0, 0.004, 0.6 ],
											"rotationY": -30.0,
											"faces": {
												"east": { "texture": "#skin", "uv": [ 25.5, 13.5, 26.0, 15.5 ], "rotation": 90 },
												"south": { "texture": "#skin", "uv": [ 25.0, 15.5, 25.5, 16.0 ], "windMode": [-1,-1,-1,-1] },
												"west": { "texture": "#skin", "uv": [ 24.5, 13.5, 25.0, 15.5 ], "rotation": 270, "windMode": [-1,-1,-1,-1] },
												"up": { "texture": "#skin", "uv": [ 25.0, 13.5, 25.5, 15.5 ], "windMode": [-1,-1,-1,-1] },
												"down": { "texture": "#bottom", "uv": [ 14.5, 12.5, 15.0, 14.5 ], "windMode": [-1,-1,-1,-1] }
											},
											"children": [
												{
													"name": "LArmLower",
													"from": [ 0.2, 0.004, 0.0 ],
													"to": [ 0.4, 0.148, 0.8 ],
													"unwrapMode": 5,
													"autoUnwrap": false,
													"uv": [ 13.0, 11.5 ],
													"rotationOrigin": [ 0.6, 0.004, 0.0 ],
													"rotationY": -10.0,
													"faces": {
														"east": { "texture": "#skin", "uv": [ 26.5, 13.5, 27.0, 15.5 ], "rotation": 90 },
														"south": { "texture": "#skin", "uv": [ 26.0, 15.5, 26.5, 16.0 ], "windMode": [-1,-1,-1,-1] },
														"up": { "texture": "#skin", "uv": [ 26.0, 13.5, 26.5, 15.5 ], "windMode": [-1,-1,-1,-1] },
														"down": { "texture": "#bottom", "uv": [ 14.0, 11.5, 14.5, 13.5 ], "windMode": [-1,-1,-1,-1] }
													}
												}
											]
										}
									]
								},
								{
									"name": "RBody",
									"from": [ 0.0, -0.164, 0.12 ],
									"to": [ 1.92, -0.004, 1.0 ],
									"unwrapMode": 6,
									"autoUnwrap": false,
									"uv": [ -3.0, 8.0 ],
									"rotationOrigin": [ 0.0, 0.0, 0.12 ],
									"rotationX": 180.0,
									"rotationY": -3.0,
									"faces": {
										"east": { "texture": "#skin", "uv": [ 0.5, 3.0, 2.5, 3.5 ] },
										"south": { "texture": "#skin", "uv": [ 0.0, 3.0, 0.5, 7.5 ], "rotation": 90, "windMode": [-1,-1,-1,-1] },
										"west": { "texture": "#skin", "uv": [ 0.5, 7.0, 2.5, 7.5 ], "rotation": 180, "windMode": [-1,-1,-1,-1] },
										"up": { "texture": "#bottom", "uv": [ 2.5, 8.0, 7.0, 10.0 ], "windMode": [-1,-1,-1,-1] },
										"down": { "texture": "#skin", "uv": [ 0.0, 3.0, 2.0, 7.5 ], "rotation": 270, "windMode": [-1,-1,-1,-1] }
									},
									"children": [
										{
											"name": "RArm",
											"from": [ 0.0, 0.004, 0.6 ],
											"to": [ 0.2, 0.156, 1.4 ],
											"unwrapMode": 6,
											"autoUnwrap": false,
											"uv": [ 4.0, 6.5 ],
											"rotationOrigin": [ 0.0, 0.156, 0.6 ],
											"rotationY": -30.0,
											"faces": {
												"east": { "texture": "#skin", "uv": [ 22.5, 16.5, 23.0, 18.5 ], "rotation": 90 },
												"south": { "texture": "#skin", "uv": [ 22.0, 18.5, 22.5, 19.0 ], "rotation": 180, "windMode": [-1,-1,-1,-1] },
												"west": { "texture": "#skin", "uv": [ 21.5, 16.5, 22.0, 18.5 ], "rotation": 270, "windMode": [-1,-1,-1,-1] },
												"up": { "texture": "#bottom", "uv": [ 5.5, 6.5, 6.0, 8.5 ], "windMode": [-1,-1,-1,-1] },
												"down": { "texture": "#skin", "uv": [ 22.0, 16.5, 22.5, 18.5 ], "windMode": [-1,-1,-1,-1] }
											},
											"children": [
												{
													"name": "RArmLower",
													"from": [ 0.2, 0.004, 0.0 ],
													"to": [ 0.4, 0.148, 0.8 ],
													"unwrapMode": 5,
													"autoUnwrap": false,
													"uv": [ 4.5, 6.5 ],
													"rotationOrigin": [ 0.6, 0.148, 0.0 ],
													"rotationY": -10.0,
													"faces": {
														"east": { "texture": "#skin", "uv": [ 23.5, 16.5, 24.0, 18.5 ], "rotation": 90, "windMode": [-1,-1,-1,-1] },
														"south": { "texture": "#skin", "uv": [ 23.0, 18.5, 23.5, 19.0 ], "windMode": [-1,-1,-1,-1] },
														"up": { "texture": "#bottom", "uv": [ 4.5, 6.5, 5.0, 8.5 ], "windMode": [-1,-1,-1,-1] },
														"down": { "texture": "#skin", "uv": [ 23.0, 16.5, 23.5, 18.5 ], "windMode": [-1,-1,-1,-1] }
													}
												}
											]
										}
									]
								},
								{
									"name": "PeltAbdomen",
									"from": [ 1.88, 0.004, 0.0 ],
									"to": [ 3.24, 0.164, 1.2 ],
									"unwrapMode": 5,
									"autoUnwrap": false,
									"uv": [ -11.0, 10.0 ],
									"rotationOrigin": [ 1.88, 0.004, -0.02 ],
									"faces": {
										"north": { "texture": "#skin", "uv": [ 2.5, 13.5, 3.0, 16.5 ], "rotation": 90 },
										"east": { "texture": "#skin", "uv": [ 3.0, 13.0, 6.0, 13.5 ], "windMode": [-1,-1,-1,-1] },
										"south": { "texture": "#skin", "uv": [ 6.0, 13.5, 6.5, 16.5 ], "rotation": 90, "windMode": [-1,-1,-1,-1] },
										"up": { "texture": "#skin", "uv": [ 3.0, 13.5, 6.0, 16.5 ], "rotation": 90, "windMode": [-1,-1,-1,-1] },
										"down": { "texture": "#bottom", "uv": [ 0.0, 10.5, 3.0, 13.5 ] }
									},
									"children": [
										{
											"name": "LAbdomen",
											"from": [ 0.0, 0.004, 1.12 ],
											"to": [ 1.36, 0.156, 2.0 ],
											"unwrapMode": 5,
											"autoUnwrap": false,
											"uv": [ -5.0, 7.5 ],
											"rotationOrigin": [ 0.0, 0.004, 1.12 ],
											"rotationY": -3.0,
											"faces": {
												"east": { "texture": "#skin", "uv": [ 7.0, 13.5, 9.0, 14.0 ] },
												"south": { "texture": "#skin", "uv": [ 9.0, 13.5, 9.5, 16.5 ], "rotation": 90, "windMode": [-1,-1,-1,-1] },
												"west": { "texture": "#skin", "uv": [ -5.0, 7.5, -4.5, 9.5 ], "rotation": 270 },
												"up": { "texture": "#skin", "uv": [ 7.0, 13.5, 9.0, 16.5 ], "rotation": 90, "windMode": [-1,-1,-1,-1] },
												"down": { "texture": "#bottom", "uv": [ 6.0, 8.0, 9.0, 10.0 ], "windMode": [-1,-1,-1,-1] }
											},
											"children": [
												{
													"name": "LLeg",
													"from": [ 0.8, 0.004, 0.88 ],
													"to": [ 1.2, 0.148, 1.68 ],
													"unwrapMode": 5,
													"autoUnwrap": false,
													"uv": [ 0.0, 5.5 ],
													"rotationOrigin": [ 0.8, 0.004, 0.88 ],
													"rotationY": 72.0,
													"faces": {
														"east": { "texture": "#skin", "uv": [ 18.5, 8.5, 19.0, 10.5 ], "rotation": 90 },
														"south": { "texture": "#skin", "uv": [ 17.5, 10.5, 18.5, 11.0 ], "windMode": [-1,-1,-1,-1] },
														"west": { "texture": "#skin", "uv": [ 17.0, 8.5, 17.5, 10.5 ], "rotation": 270, "windMode": [-1,-1,-1,-1] },
														"up": { "texture": "#skin", "uv": [ 17.5, 8.5, 18.5, 10.5 ], "windMode": [-1,-1,-1,-1] },
														"down": { "texture": "#bottom", "uv": [ 2.0, 5.5, 3.0, 7.5 ], "windMode": [-1,-1,-1,-1] }
													},
													"children": [
														{
															"name": "LLegEnd",
															"from": [ 0.0, -0.004, 0.8 ],
															"to": [ 0.4, 0.148, 1.2 ],
															"unwrapMode": 5,
															"autoUnwrap": false,
															"uv": [ -2.0, 7.5 ],
															"rotationOrigin": [ 0.4, -0.004, 0.8 ],
															"rotationY": -14.0,
															"faces": {
																"north": { "texture": "#skin", "uv": [ 17.5, 10.5, 18.5, 11.0 ], "rotation": 180 },
																"east": { "texture": "#skin", "uv": [ 17.0, 11.0, 17.5, 12.0 ], "rotation": 90, "windMode": [-1,-1,-1,-1] },
																"south": { "texture": "#skin", "uv": [ 17.5, 11.5, 18.5, 12.0 ], "windMode": [-1,-1,-1,-1] },
																"west": { "texture": "#skin", "uv": [ 18.5, 11.0, 19.0, 12.0 ], "rotation": 270, "windMode": [-1,-1,-1,-1] },
																"up": { "texture": "#skin", "uv": [ 18.0, 11.0, 19.0, 12.0 ], "windMode": [-1,-1,-1,-1] },
																"down": { "texture": "#bottom", "uv": [ 0.0, 8.0, 1.0, 9.0 ], "windMode": [-1,-1,-1,-1] }
															}
														}
													]
												},
												{
													"name": "LLegLower",
													"from": [ 1.0, 0.008, -0.12 ],
													"to": [ 1.2, 0.144, 0.88 ],
													"unwrapMode": 5,
													"autoUnwrap": false,
													"uv": [ 0.5, 6.0 ],
													"rotationOrigin": [ 1.2, 0.008, -0.12 ],
													"rotationY": 26.0,
													"faces": {
														"east": { "texture": "#skin", "uv": [ 19.5, 8.5, 20.0, 11.0 ], "rotation": 90 },
														"up": { "texture": "#skin", "uv": [ 19.0, 8.5, 19.5, 11.0 ], "windMode": [-1,-1,-1,-1] },
														"down": { "texture": "#bottom", "uv": [ 1.5, 6.0, 2.0, 8.5 ], "windMode": [-1,-1,-1,-1] }
													}
												}
											]
										},
										{
											"name": "RAbdomen",
											"from": [ 0.0, -0.148, 0.08 ],
											"to": [ 1.36, 0.004, 0.96 ],
											"unwrapMode": 5,
											"autoUnwrap": false,
											"uv": [ -0.5, 4.5 ],
											"rotationOrigin": [ 0.0, 0.004, 0.08 ],
											"rotationX": 180.0,
											"rotationY": -3.0,
											"faces": {
												"east": { "texture": "#skin", "uv": [ 0.0, 13.5, 2.0, 14.0 ] },
												"south": { "texture": "#skin", "uv": [ 0.0, 13.5, 0.5, 16.5 ], "rotation": 90, "windMode": [-1,-1,-1,-1] },
												"west": { "texture": "#skin", "uv": [ -0.5, 4.5, 0.0, 6.5 ], "rotation": 270 },
												"up": { "texture": "#bottom", "uv": [ 0.0, 4.5, 3.0, 6.5 ], "windMode": [-1,-1,-1,-1] },
												"down": { "texture": "#skin", "uv": [ 0.0, 13.5, 2.0, 16.5 ], "rotation": 270, "windMode": [-1,-1,-1,-1] }
											},
											"children": [
												{
													"name": "RLeg",
													"from": [ 0.8, 0.004, 0.88 ],
													"to": [ 1.2, 0.148, 1.68 ],
													"unwrapMode": 5,
													"autoUnwrap": false,
													"uv": [ -0.5, 4.5 ],
													"rotationOrigin": [ 0.8, 0.148, 0.88 ],
													"rotationY": 72.0,
													"faces": {
														"east": { "texture": "#skin", "uv": [ 15.5, 7.5, 16.0, 9.5 ], "rotation": 90 },
														"south": { "texture": "#skin", "uv": [ 14.5, 9.5, 15.5, 10.0 ], "windMode": [-1,-1,-1,-1] },
														"west": { "texture": "#skin", "uv": [ 14.0, 7.5, 14.5, 9.5 ], "rotation": 270, "windMode": [-1,-1,-1,-1] },
														"up": { "texture": "#bottom", "uv": [ 0.0, 4.5, 1.0, 6.5 ], "windMode": [-1,-1,-1,-1] },
														"down": { "texture": "#skin", "uv": [ 14.5, 7.5, 15.5, 9.5 ], "windMode": [-1,-1,-1,-1] }
													},
													"children": [
														{
															"name": "RLegEnd",
															"from": [ 0.0, -0.004, 0.8 ],
															"to": [ 0.4, 0.148, 1.2 ],
															"unwrapMode": 5,
															"autoUnwrap": false,
															"uv": [ -0.5, 7.5 ],
															"rotationOrigin": [ 0.4, 0.152, 0.8 ],
															"rotationY": -14.0,
															"faces": {
																"north": { "texture": "#skin", "uv": [ 14.5, 9.5, 15.5, 10.0 ], "rotation": 180 },
																"east": { "texture": "#skin", "uv": [ 14.0, 10.0, 14.5, 11.0 ], "rotation": 90, "windMode": [-1,-1,-1,-1] },
																"south": { "texture": "#skin", "uv": [ 14.5, 10.5, 15.5, 11.0 ], "windMode": [-1,-1,-1,-1] },
																"west": { "texture": "#skin", "uv": [ 15.5, 10.0, 16.0, 11.0 ], "rotation": 270, "windMode": [-1,-1,-1,-1] },
																"up": { "texture": "#bottom", "uv": [ 0.0, 8.0, 1.0, 9.0 ], "windMode": [-1,-1,-1,-1] },
																"down": { "texture": "#skin", "uv": [ 14.5, 10.0, 15.5, 11.0 ], "windMode": [-1,-1,-1,-1] }
															}
														}
													]
												},
												{
													"name": "RLegLower",
													"from": [ 1.0, 0.008, -0.12 ],
													"to": [ 1.2, 0.144, 0.88 ],
													"unwrapMode": 5,
													"autoUnwrap": false,
													"uv": [ 14.0, 4.5 ],
													"rotationOrigin": [ 1.2, 0.144, -0.12 ],
													"rotationY": 26.0,
													"faces": {
														"east": { "texture": "#skin", "uv": [ 16.5, 7.5, 17.0, 10.0 ], "rotation": 90, "windMode": [-1,-1,-1,-1] },
														"up": { "texture": "#bottom", "uv": [ 14.0, 4.5, 14.5, 7.0 ], "windMode": [-1,-1,-1,-1] },
														"down": { "texture": "#skin", "uv": [ 16.0, 7.5, 16.5, 10.0 ], "windMode": [-1,-1,-1,-1] }
													}
												}
											]
										},
										{
											"name": "PeltTail",
											"from": [ 1.36, 0.004, 0.44 ],
											"to": [ 1.6, 0.156, 0.76 ],
											"autoUnwrap": false,
											"uv": [ 0.0, 0.0 ],
											"rotationOrigin": [ 1.36, 0.004, 0.44 ],
											"faces": {
												"north": { "texture": "#skin", "uv": [ 8.5, 0.5, 9.0, 1.0 ] },
												"east": { "texture": "#skin", "uv": [ 7.5, 0.5, 8.0, 1.0 ], "windMode": [-1,-1,-1,-1] },
												"south": { "texture": "#skin", "uv": [ 6.5, 0.5, 7.0, 1.0 ], "windMode": [-1,-1,-1,-1] },
												"west": { "texture": "#skin", "uv": [ 6.0, 0.5, 6.5, 1.0 ], "windMode": [-1,-1,-1,-1] },
												"up": { "texture": "#skin", "uv": [ 7.0, 1.0, 7.5, 1.5 ], "windMode": [-1,-1,-1,-1] },
												"down": { "texture": "#skin", "uv": [ 7.0, 0.0, 7.5, 0.5 ], "windMode": [-1,-1,-1,-1] }
											},
											"children": [
												{
													"name": "PeltTailEnd",
													"from": [ 0.24, -0.004, 0.04 ],
													"to": [ 0.48, 0.152, 0.28 ],
													"autoUnwrap": false,
													"uv": [ 0.0, 0.0 ],
													"rotationOrigin": [ 0.24, -0.004, 0.04 ],
													"faces": {
														"north": { "texture": "#skin", "uv": [ 7.0, 1.5, 7.5, 2.0 ], "windMode": [-1,-1,-1,-1] },
														"east": { "texture": "#skin", "uv": [ 6.5, 1.5, 7.0, 2.0 ], "windMode": [-1,-1,-1,-1] },
														"south": { "texture": "#skin", "uv": [ 6.0, 1.5, 6.5, 2.0 ], "windMode": [-1,-1,-1,-1] },
														"west": { "texture": "#skin", "uv": [ 6.0, 2.0, 6.5, 2.5 ], "windMode": [-1,-1,-1,-1] },
														"up": { "texture": "#skin", "uv": [ 6.0, 2.0, 6.5, 2.5 ], "windMode": [-1,-1,-1,-1] },
														"down": { "texture": "#skin", "uv": [ 6.0, 1.0, 6.5, 1.5 ], "windMode": [-1,-1,-1,-1] }
													}
												}
											]
										}
									]
								},
								{
									"name": "LNeck",
									"from": [ -0.6, 0.008, 0.6 ],
									"to": [ 0.0, 0.16, 1.4 ],
									"unwrapMode": 5,
									"autoUnwrap": false,
									"uv": [ 5.0, 11.5 ],
									"rotationOrigin": [ 0.0, 0.008, 0.6 ],
									"rotationY": 22.0,
									"faces": {
										"north": { "texture": "#skin", "uv": [ 14.5, 4.0, 16.0, 4.5 ], "rotation": 180 },
										"south": { "texture": "#skin", "uv": [ 15.5, 4.0, 17.0, 4.5 ], "windMode": [-1,-1,-1,-1] },
										"west": { "texture": "#skin", "uv": [ 16.5, 2.5, 17.0, 4.5 ], "rotation": 270, "windMode": [-1,-1,-1,-1] },
										"up": { "texture": "#skin", "uv": [ 17.5, 2.5, 19.5, 4.0 ], "rotation": 90, "windMode": [-1,-1,-1,-1] },
										"down": { "texture": "#bottom", "uv": [ 7.0, 12.0, 8.5, 14.0 ], "windMode": [-1,-1,-1,-1] }
									}
								},
								{
									"name": "RNeck",
									"from": [ -0.6, -0.144, 0.6 ],
									"to": [ 0.0, 0.008, 1.4 ],
									"unwrapMode": 6,
									"autoUnwrap": false,
									"uv": [ 8.0, 11.5 ],
									"rotationOrigin": [ 0.0, 0.008, 0.6 ],
									"rotationX": 180.0,
									"rotationY": 22.0,
									"faces": {
										"north": { "texture": "#skin", "uv": [ 14.5, 2.5, 16.0, 3.0 ] },
										"south": { "texture": "#skin", "uv": [ 15.5, 2.5, 17.0, 3.0 ], "rotation": 180, "windMode": [-1,-1,-1,-1] },
										"west": { "texture": "#skin", "uv": [ 16.5, 2.5, 17.0, 4.5 ], "rotation": 270, "windMode": [-1,-1,-1,-1] },
										"up": { "texture": "#bottom", "uv": [ 10.0, 12.0, 11.5, 14.0 ], "windMode": [-1,-1,-1,-1] },
										"down": { "texture": "#skin", "uv": [ 17.5, 2.5, 19.5, 4.0 ], "rotation": 90, "windMode": [-1,-1,-1,-1] }
									}
								}
							]
						}
					]
				}
			]
		}
	]}