{"GameVersion":"1.18.6","SizeX":1,"SizeY":5,"SizeZ":1,"BlockCodes":{"402":"game:bonyremains-ribcage","8613":"game:meta-underground","2621":"game:bonysoil","8109":"game:chest-east","8606":"game:clutter"},"ItemCodes":{"274":"game:stackrandomizer-copperweapon","260":"game:stackrandomizer-cloth-highstatus","343":"game:bone","262":"game:stackrandomizer-accessory-mediumstatus"},"Indices":[0,1048576,2097152,3145728,4194304],"BlockIds":[8613,2621,8109,8613,8606],"DecorIndices":[],"DecorIds":[],"BlockEntities":{"2097152":"!<d@[F*RKK#64c-E,TfC\"TSN&!<d@[F*\\,5#64o6@VfsmCI<#NAI;p\\ATMrFARTY%\"po!]G%GQ5DfU+(#'\"^#Dfg%+!!!!'\"`nKuFE7Zf0E;+R!!!W4!!!$\"!!!!(!AOQT!!!!%!<<*#z#6?R[!<<*\"&cht4!<<*\"!!`N\\!!*'\"!*91$!!<3$!!!6)1]RLU!!&/_!!!$\"!!!!(!AsiX!!!!'!<<*#z#6?^_!<<*\"\"9AK&!<<*\"!!!!&$taEu6>URMCI<#NAI;p\\ATMrFARTY%\"U&pmE+KAdDes5uE-#T$0a%f\"ATMNNDJ*csz!!","4194304":"!<d@[F*RKK#64c-E,TfC#64`(!<d@[F*\\,5#64o6@VfsmCI<#NAHu^]F`__:EWlSfH#R='B6%F(ATMs3DIkCS\":&scFCB9&=9&=$!!EUFATMNNDJ*csjNEk)\":&scFCB9&=o\\O&!!rsADes6$@ru9m!!!"},"Entities":[],"ReplaceMode":2,"EntranceRotation":-1}