{"GameVersion":"1.18.6","SizeX":1,"SizeY":5,"SizeZ":1,"BlockCodes":{"402":"game:bonyremains-ribcage","8613":"game:meta-underground","2621":"game:bonysoil","8109":"game:chest-east","8606":"game:clutter"},"ItemCodes":{"1964":"game:armor-head-lamellar-copper","260":"game:stackrandomizer-cloth-highstatus","1966":"game:armor-legs-lamellar-copper","1580":"game:blade-falx-tinbronze","343":"game:bone","2394":"game:poultice-linen-honey-sulfur","1714":"game:shield-woodmetal"},"Indices":[0,1048576,2097152,3145728,4194304],"BlockIds":[8613,2621,8109,8613,8606],"DecorIndices":[],"DecorIds":[],"BlockEntities":{"2097152":"!<d@[F*QR1#64c-E,TfC\"TSN&!<d@[F*\\,5#64o6@VfsmCI<#NAI;p\\ATMrFARTY%\"po!]G%GQ5DfU+(#'\"^#Dfg%+!!!!'\"`nKuFE7Zf0E;+R!!')*!!!$\"!!!!(!AOQT!!!!%!<<*#z#6?R[!<<*\"Xp4q,!<<*\"!!`N\\z!0R?_!!*'\"!!!6)1]ROV!!\"PS!!!$\"!!!!(!AsiX!!!\"#!<<*%z#6?^_!<<*\"=pY0/!rr<$!!`N`!!*'\"!3ue/!!*'\"!!NLLDf9.h@:s.^\"U/aSFCAtlFD5W%Ec5iAAH`3IARfW]DJsE(!!!!&$taEu6>URMCI<#NAI;p\\ATMrFARTY%\"U&pmE+KAdDes5uE-#T$0a%f\"ATMNNDJ*csz!!","4194304":"!<d@[F*QR1#64c-E,TfC#64`(!<d@[F*\\,5#64o6@VfsmCI<#NAHu^]F`__:EWlSfH#R='B6%F(ATMs3DIkCW\":&scFCB9&=9&=$!!EUFATMNNDJ*csjNEk)\":&scFCB9&=o\\O&!!rsADes6$@ru9m!!!"},"Entities":[],"ReplaceMode":2,"EntranceRotation":-1}