{
	"code": "casuariidae",
	"class": "EntityAgent",
	"fallDamageMultiplierByType": { "*-baby-*" :0.1,"*-bennetti" :0.25,"*" :0.75},
	"variantgroups": [
		{ "code": "age", "states": ["adult", "baby"] },
		{ "code": "gender", "states": ["male", "female"] },
		{ "code": "type", "states": ["bennetti", "casuarius", "novaehollandiae","unappendiculatus" ] }
	],
	"hitBoxSizeByType": {
		"*-adult-*-bennetti": { "x": 0.5,"y": 0.6},
		"*-adult-*-casuarius": { "x": 0.75,"y": 1.2},
		"*-adult-*-novaehollandiae": { "x": 0.75,"y": 1.0},
		"*-adult-*-unappendiculatus": { "x": 0.75,"y": 1.1},
		"*-baby-*-bennetti": { "x": 0.2,"y": 0.3},
		"*-baby-*-casuarius": { "x": 0.3,"y": 0.4},
		"*-baby-*-novaehollandiae": { "x": 0.3,"y": 0.4},
		"*-baby-*-unappendiculatus": { "x": 0.3,"y": 0.4},
		"*": { "x": 0.15,"y": 0.15}
	},
	"deadhitBoxSizeByType": {
		"*-adult-*-bennetti": { "x": 0.5,"y": 0.25},
		"*-adult-*-casuarius": { "x": 0.75,"y": 0.6},
		"*-adult-*-novaehollandiae": { "x": 0.75,"y": 0.4},
		"*-adult-*-unappendiculatus": { "x": 0.75,"y": 0.55},
		"*-baby-*-bennetti": { "x": 0.2,"y": 0.15},
		"*-baby-*-casuarius": { "x": 0.3,"y": 0.2},
		"*-baby-*-novaehollandiae": { "x": 0.3,"y": 0.2},
		"*-baby-*-unappendiculatus": { "x": 0.3,"y": 0.2},
		"*": { "x": 0.15,"y": 0.1}
	},
	"eyeHeightByType": {
		"*-adult-*-bennetti": 0.6,
		"*-adult-*-casuarius": 1.6,
		"*-adult-*-novaehollandiae": 1.4,
		"*-adult-*-unappendiculatus": 1.6,
		"*-baby-*-bennetti": 0.6,
		"*-baby-*-casuarius": 0.6,
		"*-baby-*-novaehollandiae": 0.6,
		"*-baby-*-unappendiculatus": 0.6,
		"*": 0.6
	},
	"weightByType": {
		"*-adult-female-bennetti": 24,
		"*-adult-male-bennetti": 20,
		"*-adult-female-casuarius": 58,
		"*-adult-male-casuarius": 31,
		"*-adult-female-novaehollandiae": 37,
		"*-adult-male-novaehollandiae": 31,
		"*-adult-female-unappendiculatus": 58,
		"*-adult-male-unappendiculatus": 34,
		"*-baby-*-bennetti": 3,
		"*-baby-*-casuarius": 5,
		"*-baby-*-novaehollandiae": 5,
		"*-baby-*-unappendiculatus": 5
	},	
	"knockbackResistanceByType": {
		"*-adult-*-bennetti": 0.25,
		"*-adult-*-casuarius": 0.5,
		"*-adult-*-novaehollandiae": 0.45,
		"*-adult-*-unappendiculatus": 0.5,
		"*-baby-*": 0.1
	},	
	"drops": [],
	"attributes": {
		"killedByInfoText": "deadcreature-killed",
		"basketCatchable": true,
		"trapChanceByType": { "*-baby-*": 0.75, "*": 0.0 },
		"trapDestroyChanceByType": { "*-baby-*": 0.05, "*": 0.1 },
		"creatureDiet": {
			"foodCategories": ["Fruit", "Grain", "Vegetable"],
			"foodTags": ["fish","grass","insect","nibbleCrop", "sweetBerryBush"]
		},
		"handbook": {
			"groupcode": "creaturegroup-casuariidae-*"
		}
	},
	"client": {
		"renderer": "Shape",
		"shapeByType": {
			"*-adult-*-bennetti": { "base": "entity/land/casuariidae/bennetti-adult" },
			"*-baby-*-bennetti": { "base": "entity/land/casuariidae/baby" },
			"*-adult-*-casuarius": { "base": "entity/land/casuariidae/casuarius-adult" },
			"*-baby-*-casuarius": { "base": "entity/land/casuariidae/baby" },
			"*-adult-*-novaehollandiae": { "base": "entity/land/casuariidae/novaehollandiae-adult" },
			"*-baby-*-novaehollandiae": { "base": "entity/land/casuariidae/baby" },
			"*-adult-*-unappendiculatus": { "base": "entity/land/casuariidae/unappendiculatus-adult" },
			"*-baby-*-unappendiculatus": { "base": "entity/land/casuariidae/baby" }
		},
		"textureByType": {
			"*-baby-*-casuarius": { "base": "entity/casuariidae/bennetti-baby" },   
			"*-baby-*-unappendiculatus": { "base": "entity/casuariidae/bennetti-baby" },   
			"*": { "base": "entity/casuariidae/{type}-{age}" }   
		},
		"sizeByType": {
			"*-adult-female-bennetti": 0.7,
			"*-adult-male-bennetti": 0.6,
			"*-baby-*-bennetti": 0.3,
			"*-adult-female-casuarius": 1.1,
			"*-adult-male-casuarius": 1.0,
			"*-baby-*-casuarius": 0.4,
			"*-adult-female-novaehollandiae": 1.0,
			"*-adult-male-novaehollandiae": 0.9,
			"*-baby-*-novaehollandiae": 0.4,
			"*-adult-female-unappendiculatus": 1.08,
			"*-adult-male-unappendiculatus": 1.0,
			"*-baby-*-unappendiculatus": 0.4
		},
		"behaviors": [
			{ "code": "repulseagents" },
			{ "code": "controlledphysics","stepHeightByType": {"*-adult-*": 2.1251,"*-baby-*": 1.1251 } },
			{ "code": "interpolateposition" },
			{ "code": "floatupwhenstuck", "onlyWhenDead": true },
			{ "code": "harvestable","quantitySlots": 8 },
			{ "code": "multiply", "enabledByType": { "*-adult-female-*": true, "*": false } },
			{ "code": "despawn", "minPlayerDistance": 16, "belowLightLevel": 8, "minSeconds": 300 }
		],
		"animations": [
			{
				"code": "attack",
				"animation": "Attack",
				"animationSpeed": 2.2,
				"weight": 10,
				"blendMode": "AddAverage"
			},
			{
				"code": "charge",
				"animation": "Charge",
				"animationSpeed": 2.2,
				"weight": 10,
				"blendMode": "AddAverage"
			},
			{
				"code": "call",
				"animation": "Call",
				"animationSpeed": 2.2,
				"weight": 5,
				"blendMode": "AddAverage"
			},
			{
				"code": "threat",
				"animation": "Threat",
				"animationSpeed": 2.2,
				"weight": 10,
				"blendMode": "AddAverage"
			},
			{
				"code": "hurt",
				"animation": "Hurt",
				"animationSpeed": 2.2,
				"weight": 10,
				"blendMode": "AddAverage"
			},
			{
				"code": "die",
				"animation": "Die",
				"easeInSpeed": 3,
				"animationSpeedByType": {
					"*-adult": 0.8,
					"*-baby": 1.0
				},
				"weight": 10,
				"blendMode": "Average",
				"triggeredBy": { "onControls": [ "dead" ] }
			},
			{
				"code": "idle",
				"animation": "Idle",
				"blendMode": "AddAverage",
				"easeOutSpeed": 4,
				"triggeredBy": { "defaultAnim": true }
			},
			{
				"code": "sleep",
				"animation": "Sleep",
				"easeInSpeed": 2,
				"easeOutSpeed": 4,
				"blendMode": "Average"
			},
			{
				"code": "sit",
				"animation": "Sit",
				"easeInSpeed": 1,
				"easeOutSpeed": 0.5,
				"blendMode": "Average"
			},
			{
				"code": "eat",
				"animation": "Eat",
				"easeInSpeed": 2,
				"easeOutSpeed": 2,
				"blendMode": "AddAverage"
			},
			{
				"code": "scratch",
				"animation": "Scratch",
				"easeInSpeed": 2,
				"easeOutSpeed": 2,
				"weight": 5,
				"blendMode": "AddAverage"
			},
			{
				"code": "swim",
				"animation": "Swim",
				"supressDefaultAnimation": true,
				"blendMode": "Average"
			},
			{
				"code": "walk",
				"animation": "Walk",
				"supressDefaultAnimation": true,
				"blendMode": "AddAverage"
			},
			{
				"code": "highwalk",
				"animation": "Highwalk",
				"supressDefaultAnimation": true,
				"blendMode": "AddAverage"
			},
			{
				"code": "run",
				"animation": "Run",
				"supressDefaultAnimation": true,
				"blendMode": "AddAverage"
			}
		]
	},
	"server": {
		"attributes": {
			"pathfinder": {
				"minTurnAnglePerSec": 90,
				"maxTurnAnglePerSec": 180
			}
		},
		"behaviors": [
			{ "code": "repulseagents" },
      { "code": "controlledphysics","stepHeightByType": {"*-adult-*": 2.1251,"*-baby-*": 1.1251 }},
			{"code": "despawn","minPlayerDistance": 8,"belowLightLevel": 8,"minSeconds": 300},
			{"code": "health",
				"currenthealthByType": {
				"casuariidae-adult-*-bennetti": 6,
				"casuariidae-adult-female-casuarius": 14,
				"casuariidae-adult-male-casuarius": 9,
				"casuariidae-adult-female-novaehollandiae": 14,
				"casuariidae-adult-male-novaehollandiae": 9,
				"casuariidae-adult-female-unappendiculatus": 10,
				"casuariidae-adult-male-unappendiculatus": 9,
					"*-baby-*": 3
				},
				"maxhealthByType": {
				"casuariidae-adult-*-bennetti": 6,
				"casuariidae-adult-female-casuarius": 14,
				"casuariidae-adult-male-casuarius": 9,
				"casuariidae-adult-female-novaehollandiae": 14,
				"casuariidae-adult-male-novaehollandiae": 9,
				"casuariidae-adult-female-unappendiculatus": 10,
				"casuariidae-adult-male-unappendiculatus": 9,
					"*-baby-*": 3
				}
			},
			{
				"code": "deaddecay",
				"hoursToDecay": 96,
				"decayedBlockByType": {
					"casuariidae-adult-*-bennetti": "carcass-small",
					"*-baby-*": "carcass-tiny",
					"*": "carcass-medium"
				}
			},
			{
				"code": "floatupwhenstuck",
				"onlyWhenDead": true
			},
			{
				"code": "harvestable","quantitySlots": 8,
				"drops": [
					{
						"type": "item",
						"code": "game:redmeat-raw",
						"quantityByType": {
							"casuariidae-adult-*-bennetti": {"avg": 1.3,"var": 0.3},
							"casuariidae-adult-female-casuarius": {"avg": 3.3,"var": 0.3},
							"casuariidae-adult-male-casuarius": {"avg": 2.3,"var": 0.3},
							"casuariidae-adult-*-novaehollandiae": {"avg": 1.6,"var": 0.3},
							"casuariidae-adult-female-unappendiculatus": {"avg": 3.3,"var": 0.3},
							"casuariidae-adult-male-unappendiculatus": {"avg": 2.3,"var": 0.3},
							"*": {"avg": 0,"var": 0}
						}
					},
					{
						"type": "item",
						"code": "game:poultry-raw",
						"quantityByType": {
							"casuariidae-adult-*-bennetti": {"avg": 1.3,"var": 0.3},
							"casuariidae-adult-female-casuarius": {"avg": 3.3,"var": 0.3},
							"casuariidae-adult-male-casuarius": {"avg": 2.3,"var": 0.3},
							"casuariidae-adult-*-novaehollandiae": {"avg": 1.6,"var": 0.3},
							"casuariidae-adult-female-unappendiculatus": {"avg": 3.3,"var": 0.3},
							"casuariidae-adult-male-unappendiculatus": {"avg": 2.3,"var": 0.3},
							"*": {"avg": 0,"var": 0}
						}
					},
					{
						"type": "item",
						"code": "casuariidae:pelt-baby-{type}",
						"quantityByType": {
							"*-baby-*": {"avg": 1.0,"var": 0.0},
							"*": {"avg": 0.0,"var": 0.0}
						}
					},
					{
						"type": "item",
						"code": "casuariidae:pelt-{gender}-{type}",
						"quantityByType": {
							"*-adult-*": {"avg": 1.0,"var": 0.0},
							"*": {"avg": 0.0,"var": 0.0}
						}
					},
					{
						"type": "item",
						"code": "game:feather",
						"quantityByType": {
							"*-baby-": {"avg": 4.0,"var": 1.0},
							"*": {"avg": 15.0,"var": 7.0}
						}
					},
					{
						"type": "item",
						"code": "game:fat",
						"quantityByType": {
							"casuariidae-adult-*-casuarius": {"avg": 1.3,"var": 0.3},
							"casuariidae-adult-*-novaehollandiae": {"avg": 1.3,"var": 0.3},
							"casuariidae-adult-*-unappendiculatus": {"avg": 1.3,"var": 0.3},
							"*": {"avg": 0,"var": 0}
						}
					}
				]
			},
			{ "code": "breathe" },			
			{
				"code": "multiply",
				"enabledByType": {
					"*-adult-female-*": true,
					"*": false
				},
				"spawnEntityCodesByType": {
				"*-adult-female-*": [ { "code":"casuariidae:casuariidae-egg-{type}-raw"} ]
				},
				"requiresNearbyEntityCodeByType": {"*-adult-female-*": "casuariidae:casuariidae-adult-male-{type}"},
				"requiresNearbyEntityRange": 10,
				"spawnQuantityMinByType": {"*-bennetti": 4,"*-casuarius": 4,"*-novaehollandiae": 5,"*-unappendiculatus": 12},
				"spawnQuantityMaxByType": {"*-bennetti": 6,"*-casuarius": 6,"*-novaehollandiae": 24,"*-unappendiculatus": 20},
				"eatAnyway": true,
				"pregnancyDaysByType": {"*-bennetti":10,"*-casuarius": 11, "*-novaehollandiae": 10, "*-unappendiculatus": 11},
				"multiplyCooldownDaysMin": 73,
				"multiplyCooldownDaysMax": 81,
				"portionsEatenForMultiplyByType": {"*-bennetti":6,"*-casuarius": 8, "*-novaehollandiae": 7, "*-unappendiculatus": 8}
			}, 
			{ 
				"code": "grow", 
				"enabledByType": {
					"*-baby-*": true,
					"*-adult-*": false
				},
				"hoursToGrowByType": {"*-bennetti": 160,"*-casuarius": 432,"*-novaehollandiae": 260,"*-unappendiculatus": 260},
				"adultEntityCodesByType": {
					"*-baby-male-*": ["casuariidae:casuariidae-adult-male-{type}"],
					"*-baby-female-*": ["casuariidae:casuariidae-adult-female-{type}"]
				}
			},
			{
				"code": "emotionstates",
				"states": [
					{"code": "fleeondamage","whenHealthRelBelow": 0.5,"duration": 60,"chanceByType": {"*-adult-*": 0.95,"*": 1.0},"slot": 2,"priority": 5,"accumType": "max"},
					{"code": "fleeondamage","duration": 40,"chanceByType": {"*-adult-*": 0.75,"*": 1.0},"slot": 2,"priority": 1,"accumType": "max"},
					{"code": "alarmherdondamage","chance": 1,"slot": 1,"priority": 1,"accumType": "max"},
					{"code": "aggressiveondamage","duration": 30,"chanceByType": {"*-baby-*": 0.0,"*-bennetti": 0.5,"*-casuarius": 1.0,"*-unappendiculatus": 1.0,"*-novaehollandiae": 0.5},"slot": 2,"priority": 2,"accumType": "noaccum"},
					{"code": "saturated","duration": 1200,"chance": 1,"slot": 0,"priority": 1,"accumType": "sum"},
					{ "code": "aggressivearoundentities", "duration": 60, "chanceByType": {"*-baby-*": 0.0,"*-bennetti": 0.5,"*-casuarius": 1.0,"*-unappendiculatus": 1.0,"*": 0.0}, "slot": 2, "priority": 1, "entityCodes": ["casuariidae:casuariidae-baby-female-bennetti","casuariidae:casuariidae-baby-male-bennetti","casuariidae:casuariidae-baby-female-casuarius","casuariidae:casuariidae-baby-male-casuarius","casuariidae:casuariidae-baby-female-unappendiculatus","casuariidae:casuariidae-baby-male-unappendiculatus","casuariidae:casuariidae-egg-*"], "maxGeneration": 2 }
				]
			},
			{
				"code": "taskai",
				"aitasks": [
					{
						"code": "meleeattack",
						"animation": "Attack",
						"enabledByType": {
							"*-baby-*": false,
							"*": true
						},
						"entityCodes": [ "player","bear-*", "fox-male", "fox-female",  "hyena-male", "hyena-female", "wolf-male", "wolf-female", "caninae-*","hyaenidae-*","machairodontinae-*", "pantherinae-*", "ursidae-*" ],
						"priority": 3,
						"damageByType": {
							"casuariidae-adult-female-bennetti": 4,
							"casuariidae-adult-male-bennetti": 4,
							"casuariidae-adult-female-casuarius": 6,
							"casuariidae-adult-male-casuarius": 5,
							"casuariidae-adult-female-novaehollandiae": 6,
							"casuariidae-adult-male-novaehollandiae": 5,
							"casuariidae-adult-female-unappendiculatus": 5,
							"casuariidae-adult-male-unappendiculatus": 5,
							"*-baby-*": 0.1
						},
						"damageTier": 2,
						"damageType": "SlashingAttack",
						"slot": 1,
						"mincooldown": 1500,
						"maxcooldown": 2500,
						"attackDurationMs": 1250,
						"damagePlayerAtMs": 500,
						"animationSpeed": 1.5,
						"soundByType": {
							"*-adult-*": "creature/casuariidae/hiss",
							"*-baby-*": "game:creature/chicken/chick*"
						},
						"whenInEmotionState": "aggressiveondamage|aggressivearoundentities"
					},
					{
						"code": "fleeentity",
						"animation": "Run",
						"entityCodesByType": {
							"*-bennetti": [  "bear-*", "hyena-male", "hyena-female", "wolf-male", "wolf-female", "caninae-*","hyaenidae-*","machairodontinae-*", "pantherinae-*", "ursidae-*"],
							"@.*-(casuarius|unappendiculatus)": [  "bear-*", "hyena-male", "hyena-female", "wolf-male", "wolf-female", "caninae-canina-adult*","hyaenidae-adult-*","machairodontinae-adult-*", "pantherinae-panthera-adult-*", "ursidae-adult-*"],
							"*": [  "player","bear-*", "hyena-male", "hyena-female", "wolf-male", "wolf-female", "caninae-canina-adult*","hyaenidae-*","machairodontinae-*", "pantherinae-*", "ursidae-*"]},
						"priority": 1.51,
						"movespeedByType": {
							"casuariidae-adult-*-bennetti": 0.04,
							"casuariidae-baby-*-bennetti": 0.04,
							"casuariidae-adult-*-casuarius": 0.05,
							"casuariidae-baby-*-casuarius": 0.05,
							"casuariidae-adult-*-novaehollandiae": 0.05,
							"casuariidae-baby-*-novaehollandiae": 0.05,
							"casuariidae-adult-*-unappendiculatus": 0.05,
							"casuariidae-baby-*-unappendiculatus": 0.05
						},
						"seekingRange": 14,
						"animationSpeedByType": {
							"*-adult-*": 2.0,
							"*-baby-*": 6.0
						},
						"soundByType": {
							"*-baby-*": "game:creature/chicken/chick*"
						}
					},
					{
						"code": "seekentity",
						"animation": "Charge",
						"enabledByType": {
							"*-baby-*": false,
							"*": true
						},
						"entityCodes": [ "player", "hyena-male", "hyena-female", "wolf-male", "wolf-female", "caninae-*","hyaenidae-*","machairodontinae-*", "pantherinae-*", "ursidae-*"  ],
						"priority": 1.6,
						"mincooldown": 600,
						"maxcooldown": 650,
						"movespeed": 0.05,
						"seekingRange": 20,
						"animationSpeed": 2,
						"soundByType": {
							"*-adult-*": "creature/casuariidae/hiss",
							"*-baby-*": "game:creature/chicken/chick*"
						},
						"whenInEmotionState": "aggressiveondamage|aggressivearoundentities"
					},
					{
						"code": "stayclosetoentity",
						"animationByType": {
							"*-adult-*": "Walk",
							"*": "Run"
						},
						"enabledByType": {
							"*": true
						},
						"priority": 1.4,
						"entityCodeByType": {
							"*-adult-female-*": "casuariidae-adult-male-{type}",
							"*-adult-male-*": "casuariidae-egg-{type}",
							"*-baby-*": "casuariidae-adult-male-{type}"
						},
						"movespeedByType": {
							"casuariidae-adult-*-bennetti": 0.004,
							"casuariidae-baby-*-bennetti": 0.004,
							"casuariidae-adult-*-casuarius": 0.006,
							"casuariidae-baby-*-casuarius": 0.006,
							"casuariidae-adult-*-novaehollandiae": 0.006,
							"casuariidae-baby-*-novaehollandiae": 0.006,
							"casuariidae-adult-*-unappendiculatus": 0.006,
							"casuariidae-baby-*-unappendiculatus": 0.006,
							"*": 0.006
						},
						"animationSpeedByType": {
							"casuariidae-adult-*-bennetti": 1.0,
							"casuariidae-adult-*-casuarius": 0.8,
							"casuariidae-adult-*-novaehollandiae": 1.0,
							"casuariidae-adult-*-unappendiculatus": 0.8,
							"*-baby-*": 1.5
						},
						"maxDistance": 5,
						"searchRange": 25
					},
					{
						"code": "getoutofwater",
						"animation": "Swim",
						"priority": 1.4,
						"movespeedByType": {
							"casuariidae-adult-*-bennetti": 0.01,
							"casuariidae-baby-*-bennetti": 0.0025,
							"casuariidae-adult-*-casuarius": 0.016,
							"casuariidae-baby-*-casuarius": 0.005,
							"casuariidae-adult-*-novaehollandiae": 0.016,
							"casuariidae-baby-*-novaehollandiae": 0.005,
							"casuariidae-adult-*-unappendiculatus": 0.016,
							"casuariidae-baby-*-unappendiculatus": 0.005,
							"*": 0.045
						},
						"animationSpeed": 1
					},
					{
						"code": "idle",
						"animation": "Idle",
						"priority": 0.9,
						"minduration": 1600,
						"maxduration": 4500,
						"mincooldown": 6000,
						"maxcooldown": 120000,
						"priorityForCancel": 1.28,
						"stopOnNearbyEntityCodes": [ "player", "bear-*", "hyena-male", "hyena-female", "wolf-male", "wolf-female", "caninae-*","hyaenidae-*","machairodontinae-*", "pantherinae-*", "ursidae-*" ],
						"stopRange": 10,
						"stopOnHurt": true,
						"soundByType": {
							"*-adult-*-novaehollandiae": "creature/casuariidae/emudrum*",
							"*-adult-*": "creature/casuariidae/cassgrunt*",
							"*-baby-*": "game:creature/chicken/chick*"
						}
					},
					{
						"code": "idle",
						"animation": "Sleep",
						"priority": 1.38,
						"minduration": 200000,
						"maxduration": 800000,
						"mincooldown": 10000,
						"maxcooldown": 30000,
						"priorityForCancel": 1.38,
						"whenNotInEmotionState": "aggressiveondamage",
						"duringDayTimeFrames": [
							{"fromHour": 0,"toHour": 6},{"fromHour": 22,"toHour": 24}
						],
						"stopOnNearbyEntityCodes": [ "player", "bear-*", "hyena-male", "hyena-female", "wolf-male", "wolf-female", "caninae-*","hyaenidae-*","machairodontinae-*", "pantherinae-*", "ursidae-*"  ],
						"stopRange": 8,
						"stopOnHurt": true
					},
					{
						"code": "idle",
						"animation": "Sit",
						"priority": 0.9,
						"minduration": 6000,
						"maxduration": 45000,
						"mincooldown": 6000,
						"maxcooldown": 120000,
						"priorityForCancel": 1.28,
						"stopOnNearbyEntityCodes": [ "player", "bear-*", "hyena-male", "hyena-female", "wolf-male", "wolf-female", "caninae-*","hyaenidae-*","machairodontinae-*", "pantherinae-*", "ursidae-*"  ],
						"stopRange": 10,
						"stopOnHurt": true
					},
					{
						"code": "idle",
						"animation": "Call",
						"priority": 1.0,
						"priorityForCancel": 1.35,
						"stopOnNearbyEntityCodes": [ "player", "bear-*", "hyena-male", "hyena-female", "wolf-male", "wolf-female", "caninae-*","hyaenidae-*","machairodontinae-*", "pantherinae-*", "ursidae-*"  ],
						"minduration": 4667,
						"maxduration": 4667,
						"chance": 0.1,
						"mincooldown": 8000,
						"maxcooldown": 50000,
						"animationSpeed": 1.0,
						"soundByType": {
							"*-adult-*-novaehollandiae": "creature/casuariidae/emudrum*",
							"*-adult-*": "creature/casuariidae/casscall*",
							"*-baby-*": "game:creature/chicken/chick*"
						},
						"soundRangeByType": {
							"*-adult-*": 100,
							"*": 30
						}
					},
					{
						"code": "idle",
						"animation": "Scratch",
						"priority": 1.0,
						"priorityForCancel": 1.35,
						"stopOnNearbyEntityCodes": [  "player", "bear-*", "hyena-male", "hyena-female", "wolf-male", "wolf-female", "caninae-*","hyaenidae-*","machairodontinae-*", "pantherinae-*", "ursidae-*"  ],
						"minduration": 4000,
						"maxduration": 8000,
						"mincooldown": 8000,
						"maxcooldown": 50000,
						"chance": 0.1,
						"animationSpeed": 1.0
					},
					{
						"code": "idle",
						"animation": "Eat",
						"priority": 1.2,
						"priorityForCancel": 1.35,
						"stopOnNearbyEntityCodes": [  "player", "bear-*", "hyena-male", "hyena-female", "wolf-male", "wolf-female", "caninae-*","hyaenidae-*","machairodontinae-*", "pantherinae-*", "ursidae-*" ],
						"minduration": 2667,
						"maxduration": 2667,
						"mincooldown": 6000,
						"maxcooldown": 20000,
						"chance": 0.1,
						"animationSpeed": 1
					},
					{
						"code": "idle",
						"animation": "Threat",
						"priority": 1.2,
						"priorityForCancel": 1.35,
						"stopOnNearbyEntityCodes": [  "player", "bear-*", "hyena-male", "hyena-female", "wolf-male", "wolf-female", "caninae-*","hyaenidae-*","machairodontinae-*", "pantherinae-*", "ursidae-*"  ],
						"chance": 0.1,
						"minduration": 2667,
						"maxduration": 2667,
						"mincooldown": 6000,
						"maxcooldown": 20000,
						"animationSpeed": 0.33
					},
					{
						"code": "wander",
						"animation": "Walk",
						"priority": 1.0,
						"priorityForCancel": 1.35,
						"stopOnNearbyEntityCodes": [ "player", "bear-*", "hyena-male", "hyena-female", "wolf-male", "wolf-female", "caninae-*","hyaenidae-*","machairodontinae-*", "pantherinae-*", "ursidae-*"  ],
						"chance": 0.5,
						"movespeedByType": {
							"casuariidae-adult-*-bennetti": 0.004,
							"casuariidae-baby-*-bennetti": 0.0015,
							"casuariidae-adult-*-casuarius": 0.006,
							"casuariidae-baby-*-casuarius": 0.003,
							"casuariidae-adult-*-novaehollandiae": 0.006,
							"casuariidae-baby-*-novaehollandiae": 0.003,
							"casuariidae-adult-*-unappendiculatus": 0.006,
							"casuariidae-baby-*-unappendiculatus": 0.003,
							"*": 0.006
						},
						"animationSpeedByType": {
							"casuariidae-adult-*-bennetti": 1.0,
							"casuariidae-adult-*-casuarius": 0.8,
							"casuariidae-adult-*-novaehollandiae": 1.0,
							"casuariidae-adult-*-unappendiculatus": 0.8,
							"*-baby-*": 1.5
						},
						"preferredLightLevel": 12
					},
					{
						"code": "wander",
						"animation": "Highwalk",
						"priority": 1.0,
						"priorityForCancel": 1.35,
						"stopOnNearbyEntityCodes": [  "player", "bear-*", "hyena-male", "hyena-female", "wolf-male", "wolf-female", "caninae-*","hyaenidae-*","machairodontinae-*", "pantherinae-*", "ursidae-*" ],
						"chance": 0.25,
						"movespeedByType": {
							"casuariidae-adult-*-bennetti": 0.004,
							"casuariidae-baby-*-bennetti": 0.0015,
							"casuariidae-adult-*-casuarius": 0.006,
							"casuariidae-baby-*-casuarius": 0.003,
							"casuariidae-adult-*-novaehollandiae": 0.006,
							"casuariidae-baby-*-novaehollandiae": 0.003,
							"casuariidae-adult-*-unappendiculatus": 0.006,
							"casuariidae-baby-*-unappendiculatus": 0.003,
							"*": 0.006
						},
						"animationSpeedByType": {
							"casuariidae-adult-*-bennetti": 1.0,
							"casuariidae-adult-*-casuarius": 0.8,
							"casuariidae-adult-*-novaehollandiae": 1.0,
							"casuariidae-adult-*-unappendiculatus": 0.8,
							"*-baby-*": 1.5
						},
						"preferredLightLevel": 12
					},
					{
						"code": "wander",
						"animation": "Charge",
						"priority": 1.0,
						"priorityForCancel": 1.35,
						"stopOnNearbyEntityCodes": [ "player", "bear-*", "hyena-male", "hyena-female", "wolf-male", "wolf-female", "caninae-*","hyaenidae-*","machairodontinae-*", "pantherinae-*", "ursidae-*"  ],
						"chance": 0.3,
						"movespeedByType": {
							"casuariidae-adult-*-bennetti": 0.006,
							"casuariidae-baby-*-bennetti": 0.0022,
							"casuariidae-adult-*-casuarius": 0.008,
							"casuariidae-baby-*-casuarius": 0.003,
							"casuariidae-adult-*-novaehollandiae": 0.008,
							"casuariidae-baby-*-novaehollandiae": 0.003,
							"casuariidae-adult-*-unappendiculatus": 0.008,
							"casuariidae-baby-*-unappendiculatus": 0.003,
							"*": 0.006
						},
						"animationSpeedByType": {
							"casuariidae-adult-*-bennetti": 1.0,
							"casuariidae-adult-*-casuarius": 0.8,
							"casuariidae-adult-*-novaehollandiae": 1.0,
							"casuariidae-adult-*-unappendiculatus": 0.8,
							"*-baby-*": 1.5
						},
						"preferredLightLevel": 12
					},
					{
						"code": "seekfoodandeat",
						"movespeedByType": {
							"casuariidae-adult-*-bennetti": 0.004,
							"casuariidae-adult-*-casuarius": 0.0066,
							"casuariidae-adult-*-novaehollandiae": 0.006,
							"casuariidae-adult-*-unappendiculatus": 0.006,
							"*-baby": 0.003
						},
						"priority": 1.25,
						"eatSoundByType": {
							"*": "game:creature/animal-eat-small"
						},
						"eatTime": 1.5,
						"eatLooseItems": true,
						"animationSpeedByType": {
							"casuariidae-adult-*-bennetti": 1.0,
							"casuariidae-adult-*-casuarius": 0.9,
							"casuariidae-adult-*-novaehollandiae": 1.0,
							"casuariidae-adult-*-unappendiculatus": 0.9,
							"*-baby": 1.5
						},
						"animation": "Walk",
						"eatAnimation": "Eat",
						"mincooldownHours": 1,
						"maxcooldownHours": 4
					},
					{
						"code": "lookaround",
						"priority": 0.5
					}
				]
			},
			{
				"code": "pettable",
				"minGeneration": 1
			}
		],
		"spawnconditions": {
			"runtime": {
				"group": "neutral",
				"maxQuantity": 4,
				"tryOnlySurface": true,
				"chanceByType": {
					"casuariidae-adult-female-bennetti": 0.0001, "casuariidae-adult-male-bennetti": 0.0001,
					"casuariidae-adult-female-casuarius": 0.0001, "casuariidae-adult-male-casuarius": 0.0001,
					"casuariidae-adult-female-novaehollandiae": 0.0001,"casuariidae-adult-male-novaehollandiae": 0.0001,
					"casuariidae-adult-female-unappendiculatus": 0.0001, "casuariidae-adult-male-unappendiculatus": 0.0001,
					"*": 0.0
				},
				"mindistancetoplayer": 50,
				"maxLightLevel": 7,
				"lightLevelType": "onlyBlockLight",	
				"spawnCapPlayerScaling": 0.0,	
				"groupSizeByType": {
					"*-adult-*-bennetti": { "dist": "invexp", "avg": 1.5, "var": 0.5 },
					"*-adult-*-casuarius": { "dist": "invexp", "avg": 1.5, "var": 0.5 },
					"*-adult-*-novaehollandiae": { "dist": "invexp", "avg": 13.5, "var": 12.5 },
					"*-adult-*-unappendiculatus": { "dist": "invexp", "avg": 1.5, "var": 0.5 }
				},
				"insideBlockCodes": [ "game:air", "game:soil-*","game:gravel-*", "game:tallgrass-*", "game:snowlayer-1", "game:sand-*"],
				"companionsByType": {
				"casuariidae-adult-female-novaehollandiae":["casuariidae:casuariidae-adult-female-novaehollandiae","casuariidae:casuariidae-adult-male-novaehollandiae","casuariidae:casuariidae-baby-female-novaehollandiae","casuariidae:casuariidae-baby-male-novaehollandiae"],
				"casuariidae-adult-male-novaehollandiae":["casuariidae:casuariidae-adult-female-novaehollandiae"],
				"*":["casuariidae:casuariidae-adult-female-{type}","casuariidae:casuariidae-adult-male-{type}"]}
			}
		},
		"spawnconditionsByType": {
			"casuariidae-adult-*-bennetti": {
				"climate": {
					"minTemp": 22,
					"maxTemp": 38,
					"minRain": 0.7,
					"maxRain": 1.0,
					"minForestOrShrubs": 0.6,
					"maxForest": 1.0,
					"maxShrubs": 1.0,
					"minY": 1.2,
					"maxY": 1.73					
				},
				"runtime": {
					"maxQuantityByGroup": { "code": "casuariidae-*", "maxQuantity": 1 }
				}
			},
			"casuariidae-adult-*-casuarius": {
				"climate": {
					"minTemp": 32,
					"maxTemp": 40,
					"minRain": 0.7,
					"maxRain": 1.0,
					"minForestOrShrubs": 0.5,
					"maxForest": 1.0,
					"maxShrubs": 1.0,
					"minY": 1.0,
					"maxY": 1.3					
				},
				"runtime": {
					"maxQuantityByGroup": { "code": "casuariidae-*", "maxQuantity": 1 }
				}
			},
			"casuariidae-adult-*-novaehollandiae": {
				"climate": {
					"minTemp": 16,
					"maxTemp": 50,
					"minRain": 0.0,
					"maxRain": 0.7,
					"minForestOrShrubs": 0.0,
					"maxForest": 0.5,
					"maxShrubs": 1.0,
					"minY": 1.0,
					"maxY": 1.2					
				},
				"runtime": {
					"maxQuantityByGroup": { "code": "casuariidae-*", "maxQuantity": 2 }
				}
			},
			"casuariidae-adult-*-unappendiculatus": {
				"climate": {
					"minTemp": 34,
					"maxTemp": 44,
					"minRain": 0.7,
					"maxRain": 1.0,
					"minForestOrShrubs": 0.5,
					"maxForest": 1.0,
					"maxShrubs": 1.0,
					"minY": 1.0,
					"maxY": 1.2					
				},
				"runtime": {
					"maxQuantityByGroup": { "code": "casuariidae-*", "maxQuantity": 1 }
				}
			}
		}
	},
	"soundsByType": {
		"casuariidae-adult-*-bennetti":{
			"hurt": "creature/casuariidae/hiss",
			"death": "creature/casuariidae/hiss",
			"idle": "creature/casuariidae/cassgrunt*"
		},
		"casuariidae-adult-*-casuarius":{
			"hurt": "creature/casuariidae/hiss",
			"death": "creature/casuariidae/hiss",
			"idle": "creature/casuariidae/cassgrunt*"
		},
		"casuariidae-adult-*-novaehollandiae":{
			"hurt": "creature/casuariidae/hiss",
			"death": "creature/casuariidae/hiss",
			"idle": "creature/casuariidae/emudrum*"
		},
		"casuariidae-adult-*-unappendiculatus":{
			"hurt": "creature/casuariidae/hiss",
			"death": "creature/casuariidae/hiss",
			"idle": "creature/casuariidae/cassgrunt*"
		},
		"*-baby-*":{
			"hurt": "game:creature/chicken/chick*",
			"death": "game:creature/chicken/chick*",
			"idle": "game:creature/chicken/chick*"
		}
	},
	"idleSoundRangeByType": {
		"casuariidae-adult-*-bennetti": 50,
		"casuariidae-adult-*-casuarius":100,
		"casuariidae-adult-*-novaehollandiae":35,
		"casuariidae-adult-*-unappendiculatus":100,
		"*-baby-*":14
	},
	"idleSoundChanceByType": {
		"casuariidae-adult-*-bennetti": 0.05,
		"casuariidae-adult-*-casuarius":0.05,
		"casuariidae-adult-*-novaehollandiae":0.1,
		"casuariidae-adult-*-unappendiculatus":0.05,
		"*-baby-*":1
	},
}