{
	"code": "creature",
	"class": "ItemCreature",
	"maxstacksize": 32,
	"variantgroups": [
		{"code": "type","states": ["casuariidae-egg-bennetti-raw","casuariidae-egg-casuarius-raw","casuariidae-egg-novaehollandiae-raw","casuariidae-egg-unappendiculatus-raw"	]}
		
		],

	"shapeByType": {
		"*-egg-*": {"base": "entity/land/casuariidae/egg"}
	},
	"texturesByType": {
		"*-egg-bennetti-*": {"skin": { "base": "entity/casuariidae/bennetti-egg" }},
		"*-egg-casuarius-*": {"skin": { "base": "entity/casuariidae/casuarius-egg" }},
		"*-egg-novaehollandiae-*": {"skin": { "base": "entity/casuariidae/novaehollandiae-egg" }},
		"*-egg-unappendiculatus-*": {"skin": { "base": "entity/casuariidae/bennetti-egg" }}
	},
	
	
	
	
	"creativeinventory": { "general": ["*"], "items": ["*"], "creatures": ["*-casuariidae-*"] },
	"attributes": {
		"foodTags": "egg",
		"nutritionPropsWhenInMealByType": 
		{"*-bennetti-*": {"satiety": 600,"foodcategory": "Protein"},
		 "*-casuarius-*": {"satiety": 2000,"foodcategory": "Protein"},
		 "*-novaehollandiae-*": {"satiety": 2200,"foodcategory": "Protein"},
		 "*-unappendiculatus-*": {"satiety": 1800,"foodcategory": "Protein"}
    }},
	"nutritionPropsByType": {
		"*-bennetti-boiled": {"satiety": 480,"foodcategory": "Protein"},
		 "*-casuarius-boiled": {"satiety": 1600,"foodcategory": "Protein"},
		 "*-novaehollandiae-boiled": {"satiety": 1760,"foodcategory": "Protein"},
		 "*-unappendiculatus-boiled": {"satiety": 1440,"foodcategory": "Protein"}
	},
	"materialDensity": 200,
	"guiTransformByType": {
		
		"*-egg-*": {
			"rotate": true,
			"translation": { "x": 3, "y": 0, "z": 0 },
			"rotation": { "x": -11, "y": -52, "z": -180 },
			"origin": { "x": 0.5, "y": 0.15, "z": 0.5 },
			"scale": 2.25
		}},	
	"transitionableProps": [{
		"type": "Perish",
		"freshHours": { "avg": 120 },
		"transitionHours": { "avg": 24 },
		"transitionedStack": { "type": "item", "code": "game:rot" },
		"transitionRatio": 0.5
	}]}
	

	
	
	
	




