{
	"code": "machairodontinae",
	"class": "EntityAgent",
	"fallDamageMultiplierByType": {"*-adult-*" :2},
	"canClimb": true,
	"variantgroups": [
    {"code": "age","states": [ "adult"]},
    {"code": "gender","states": [ "female"]},
		{"code": "genus","states": [ "homotherium", "smilodon" ]},
		{"code": "species","states": [ "fatalis", "populator","serum" ]}
	],	
	"allowedVariants": [
		"*-homotherium-serum",
		"*-smilodon-fatalis",
		"*-smilodon-populator"
	],
	"collisionBoxSizeByType": {
		"*-fatalis": {	"x": 1.6,"y": 1.0},
		"*-populator": {	"x": 1.8,"y": 1.1},
		"*-serum": {	"x": 1.8,"y": 1.1}
	},
	"deadCollisionBoxSizeByType": {
		"*-fatalis": {	"x": 1.6,"y": 0.5},
		"*-populator": {	"x": 1.8,"y": 0.6},
		"*-serum": {	"x": 1.8,"y": 0.55}
	},
	"selectionBoxSizeByType": {
		"*-fatalis": {	"x": 2,"y": 2},
		"*-populator": {	"x": 2,"y": 2},
		"*-serum": {	"x": 2,"y": 2}
	},
	"deadSelectionBoxSizeByType": {
		"*-fatalis": {	"x": 2,"y": 1},
		"*-populator": {	"x": 2,"y": 1},
		"*-serum": {	"x": 2,"y": 1}
	},
	"knockbackResistanceByType": {
		"*-fatalis": 0.7,
		"*-populator": 0.8,
		"*-serum": 0.75
	},	
	"eyeHeight": 1.1,

	"weightByType": {
		"*-fatalis": 140,
		"*-populator": 220,
		"*-serum": 120
	},	
	"drops": [],
	"attributes": {	
		"creatureDiet": {"foodTags": ["fish","meat"]},
		"killedByInfoText": "deadcreature-eaten-large",
		"handbook": {"groupcode": "creaturegroup-machairodontinae"}
	},
	"client": {
		"renderer": "Shape",
		"shapeByType": {
			"*": { "base": "entity/land/{genus}" }
		},
		"textureByType": {
			"*": { "base": "entity/machairodontinae/{species}" }
		},
		"sizeByType": {
			"*-fatalis": 0.78,
			"*-populator": 0.94,
			"*-serum": 0.87
		},
			"behaviors": [
				{ "code": "repulseagents" },
				{
					"code": "controlledphysics",
					"stepHeight": 3.1251
				},
				{ "code": "interpolateposition" },
				{
					"code": "floatupwhenstuck",
					"onlyWhenDead": true
				},
				{ "code": "multiply" },
				{ "code": "harvestable","quantitySlots": 8 },
				{
					"code": "despawn",
					"minPlayerDistance": 8,
					"belowLightLevel": 8,
					"minSeconds": 300
				}

			],
			"animations": [
				{
					"code": "hurt",
					"animation": "hurt",
					"animationSpeed": 2.2,
					"weight": 10,
					"blendMode": "AddAverage"
				},
				{
					"code": "die",
					"animation": "death",
					"animationSpeed": 2.25,
					"weight": 10,
					"blendMode": "Average",
					"triggeredBy": { "onControls": [ "dead" ] }
				},
				{
					"code": "idle",
					"animation": "idle",
					"blendMode": "AddAverage",
					"easeOutSpeed": 4,
					"triggeredBy": { "defaultAnim": true }
				},
				{
					"code": "sleep",
					"animation": "sleep",
					"easeInSpeed": 4,
					"easeOutSpeed": 4,
					"blendMode": "Average"
				},
				{
					"code": "sit",
					"animation": "sit",
					"easeInSpeed": 4,
					"easeOutSpeed": 4,
					"blendMode": "Average"
				},
				{
					"code": "lie",
					"animation": "lie",
					"blendMode": "Average"
				},
				{
					"code": "loaf",
					"animation": "loaf",
					"blendMode": "Average"
				},
				{
					"code": "lick",
					"animation": "lick",
					"blendMode": "Average"
				},
				{
					"code": "swim",
					"animation": "swim",
					"blendMode": "Average"
				},
				{
					"code": "walk",
					"animation": "walk",
					"supressDefaultAnimation": true,
					"blendMode": "Average"
				},
				{
					"code": "run",
					"animation": "run",
					"supressDefaultAnimation": true,
					"blendMode": "Average"
				}
			]
		},
	"server": {
		"attributes": {
			"pathfinder": {
				"minTurnAnglePerSec": 350,
				"maxTurnAnglePerSec": 650
			}
		},
		"behaviors": [
			{ "code": "repulseagents" },
			{
				"code": "controlledphysics",
				"stepHeight": 3.1251
			},
			{
				"code": "despawn",
				"minPlayerDistance": 8,
				"belowLightLevel": 8,
				"minSeconds": 300
			},
			{
				"code": "health",
				"maxhealthByType": {
					"*-fatalis": 28,
					"*-populator": 42,
					"*-serum": 24
				}
			},
			{
				"code": "deaddecay",
				"hoursToDecay": 96,
				"decayedBlock": "carcass-medium"
			},
			{
				"code": "floatupwhenstuck",
				"onlyWhenDead": true
			},
			{
				"code": "harvestable","quantitySlots": 8,
				"drops": [
					{
						"type": "item",
						"code": "game:bushmeat-raw",
						"quantityByType": {
							"*-fatalis": {"avg": 16,"var": 2},
							"*-populator": {"avg": 23,"var": 2},
							"*-serum": {"avg": 15,"var": 2}
						}
					},
					{
						"type": "item",
						"code": "fat",
						"quantityByType": {
							"*": {"avg": 2,"var": 0.3}
						}
					},
					{
						"type": "item",
						"code": "machairodontinae:pelt-female-{genus}-{species}",
						"quantityByType": {
							"*": {"avg": 1.0,"var": 0.0}
						}
					}
				]
			},
			{ "code": "breathe" },
			{
				"code": "multiply",
				"spawnEntityCodesByType": {"*": [ { "code":"machairodontinae:machairodontinae-baby-female-{genus}-{species}"}, {"code": "machairodontinae:machairodontinae-baby-male-{genus}-{species}"} ]},
				"requiresNearbyEntityCode": "machairodontinae:machairodontinae-adult-male-{genus}-*",
				"requiresNearbyEntityRange": 10,
				"spawnQuantityMin": 1,
				"spawnQuantityMaxByType": {
					"*-fatalis": 4,
					"*-populator": 3,
					"*-serum": 5
				},
				"pregnancyDaysByType": {
					"*-fatalis": 24,
					"*-populator": 26,
					"*-serum": 24
				},
				"multiplyCooldownDaysMin": 4,
				"multiplyCooldownDaysMax": 11,
				"portionsEatenForMultiplyByType": {
					"*-fatalis": 12,
					"*-populator": 16,
					"*-serum": 11
				}
			},
			{
				"code": "emotionstates",
				"states": [
					{
						"code": "fleeondamage",
						"duration": 60,
						"chanceByType": {
							"*": 0.45
						},
						"slot": 2,
						"priority": 5,
						"accumType": "max",
						"whenHealthRelBelow": 0.6
					},
					{
						"code": "aggressiveondamage",
						"duration": 30,
						"chance": 1,
						"slot": 2,
						"priority": 2,
						"accumType": "noaccum"
					},
					{
						"code": "alarmherdondamage",
						"chance": 1,
						"slot": 1,
						"priority": 1,
						"accumType": "max"
					},
					{
						"code": "saturated",
						"duration": 2400,
						"chance": 1,
						"slot": 0,
						"priority": 1,
						"accumType": "sum",
						"belowTempDuration": 600,
						"belowTempThreshold": -5
					}
				]
			},
			{
				"code": "taskai",
				"aiCreatureType": "LandCreature",
				"aitasks": [
					{
						"code": "meleeattack",
						"entityCodesByType": {
							"*": [ "player", "bear-*","chicken-*", "deer-*","drifter-*", "fox-*", "gazelle-*", "goat-*","hare-*","hyena-*", "moose-*", "pig-*", "raccoon-*",  "sheep-*","tameddeer-*", "wolf-*", "antilopinae-*", "caninae-*", "caprinae-*","casuariidae-*","cervidae-*","dinornithidae-*","emeidae-*","felinae-*","hyaenidae-*","manidae-*","megalapterygidae-*","pantherinae-neofelis-*","procyonidae-*","rhinocerotidae-*","sirenia-*","spheniscidae-*","suidae-*", "ursidae-*" ],
						},
						"priority": 1.7,
						"damageByType": {
							"*-fatalis": 10,
							"*-populator": 12,
							"*-serum": 10
						},
						"damageType": "SlashingAttack",
						"damageTierByType": {
							"*": 2
						},
						"slot": 1,
						"mincooldown": 1500,
						"maxcooldown": 1500,
						"minDist": 2,
						"minVerDist": 1.5,
						"attackDurationMs": 800,
						"damagePlayerAtMs": 500,
						"animation": "Attack",
						"animationSpeed": 1,
						"whenNotInEmotionState": "aggressiveondamage|fleeondamage|saturated",
						"soundByType": {
							"*": "machairodontinae:creature/machairodontinae/populatorattack"
						}
					},
					{
						"code": "meleeattack",
						"entityCodes": [ "player", "bear-*","chicken-*", "deer-*","drifter-*", "fox-*", "gazelle-*", "goat-*","hare-*","hyena-*", "moose-*", "pig-*", "raccoon-*",  "sheep-*","tameddeer-*", "wolf-*", "antilopinae-*", "caninae-*", "caprinae-*","casuariidae-*","cervidae-*","dinornithidae-*","emeidae-*","felinae-*","hyaenidae-*","megalapterygidae-*","pantherinae-neofelis-*","procyonidae-*","rhinocerotidae-*","spheniscidae-*","suidae-*", "ursidae-*" ],
						"priority": 2,
						"damageByType": {
							"*-fatalis": 8,
							"*-populator": 10,
							"*-serum": 8
						},
						"damageType": "SlashingAttack",
						"damageTierByType": {
							"*": 2
						},
						"slot": 1,
						"mincooldown": 1500,
						"maxcooldown": 1500,
						"minDist": 2,
						"minVerDist": 1.5,
						"attackDurationMs": 800,
						"damagePlayerAtMs": 500,
						"animation": "Attack",
						"animationSpeed": 1,
						"soundByType": {
							"*": "machairodontinae:creature/machairodontinae/populatorattack"
						},
						"whenInEmotionState": "aggressiveondamage"
					},
					{
						"code": "fleeentity",
						"entityCodesByType": {
							"*": [ "player", "bear-*","deer-*","drifter-*", "fox-*", "goat-*","hyena-*", "moose-*", "pig-*", "sheep-*","tameddeer-*", "wolf-*", "antilopinae-*", "caninae-*", "caprinae-*","casuariidae-*","cervidae-*","dinornithidae-*","emeidae-*","felinae-*","hyaenidae-*","megalapterygidae-*","pantherinae-neofelis-*","procyonidae-*","rhinocerotidae-*","suidae-*", "ursidae-*" ]
						},
						"priority": 1.53,
						"movespeedByType": {
							"*-fatalis": 0.075,
							"*-populator": 0.09,
							"*-serum": 0.09
						},
						"seekingRange": 20,
						"animation": "Run",
						"whenInEmotionState": "fleeondamage",
						"animationSpeed": 2.0

					},
					{
						"code": "fleeentity",
						"entityCodesByType": {
							"*": [ "bear-female-brown", "bear-male-brown", "bear-male-polar","bear-female-polar","rhinocerotidae-adult-*","ursidae-adult-*"]},
						"priority": 1.52,
						"movespeedByType": {
							"*-fatalis": 0.075,
							"*-populator": 0.09,
							"*-serum": 0.09
						},
						"seekingRange": 20,
						"animation": "Run",
						"animationSpeed": 2.2
					},
					{
						"code": "fleeentity",
						"entityCodesByType": {
							"*": [ "bear-female-brown", "bear-male-brown", "bear-male-polar","bear-female-polar", "pantherinae-panthera-adult-*","rhinocerotidae-adult-*","ursidae-adult-*"]},
						"priority": 1.51,
						"movespeedByType": {
							"*-fatalis": 0.0069,
							"*-populator": 0.0083,
							"*-serum": 0.0083
						},
						"seekingRange": 30,
						"animation": "Walk",
						"animationSpeed": 0.95
					},
					{
						"code": "seekentity",
						"entityCodesByType": {
							"*": [ "player", "deer-*","fox-*","gazelle-*","goat-*","moose-*", "pig-*","raccoon-*","sheep-*","tameddeer-*", "antilopinae-*","caninae-*-baby-*","caninae-cerdocyonina-*","caninae-urocyonini-*","caninae-vulpini-*","caprinae-*","casuariidae-*","cervidae-*","dinornithidae-*","emeidae-*","felinae-*","megalapterygidae-*","procyonidae-*","rhinocerotidae-baby-*","spheniscidae-*","suidae-*" ]},
						"priority": 1.5,
						"extraTargetDistance": 0.5,
						"seekingRangeByType": {
							"*-fatalis": 12,
							"*-populator": 14,
							"*-serum": 32
						},
						"belowTempSeekingRange": 40,
						"belowTempThreshold": -10,
						"animation": "Run",
						"leapAtTarget": true,
						"leapAnimation": null,
						"leapChance": 0.1,
						"soundByType": {
							"*": "machairodontinae:creature/machairodontinae/fatalishurt"
						},
						"whenNotInEmotionState": "aggressiveondamage|fleeondamage|saturated",
						"animationSpeed": 2.0,
						"movespeedByType": {
							"*-fatalis": 0.075,
							"*-populator": 0.09,
							"*-serum": 0.09
						}
					},
					{
						"code": "seekentity",
						"entityCodesByType": {
							"*": [ "player", "deer-*","fox-*","gazelle-*","goat-*","moose-*", "pig-*","raccoon-*","sheep-*","tameddeer-*", "antilopinae-*","caninae-*-baby-*","caninae-cerdocyonina-*","caninae-urocyonini-*","caninae-vulpini-*","caprinae-*","casuariidae-*","cervidae-*","dinornithidae-*","emeidae-*","felinae-*","megalapterygidae-*","procyonidae-*","rhinocerotidae-baby-*","spheniscidae-*","suidae-*" ]},
						"priority": 1.49,
						"extraTargetDistance": 0.5,
						"seekingRange": 32,
						"belowTempSeekingRange": 40,
						"belowTempThreshold": -25,
						"animation": "Stalk",
						"whenNotInEmotionState": "aggressiveondamage|fleeondamage|saturated",
						"animationSpeed": 0.75,
						"movespeedByType": {
							"*-fatalis": 0.0052,
							"*-populator": 0.00625,
							"*-serum": 0.00625
						}
					},
					{
						"code": "getoutofwater",
						"priority": 1.4,
						"movespeedByType": {
							"*": 0.04
						},
						"animation": "Swim",
						"animationSpeed": 1
					},
					{
						"code": "stayclosetoentity",
						"priority": 1.4,
						"entityCode": "machairodontinae-adult-male-*",
						"movespeedByType": {
							"*-fatalis": 0.0069,
							"*-populator": 0.0083,
							"*-serum": 0.0083
						},
						"maxDistance": 20,
						"searchRange": 35,
						"animation": "Walk",
						"animationSpeed": 0.95
					},
					{
						"code": "seekentity",
						"entityCodes": [ "player" ],
						"priority": 1.51,
						"seekingRange": 50,
						"animation": "Run",
						"leapAtTarget": true,
						"leapAnimation": null,
						"leapChance": 0.1,
						"soundByType": {
							"*": "machairodontinae:creature/machairodontinae/fatalishurt"
						},
						"whenInEmotionState": "aggressiveondamage",
						"animationSpeed": 2.2,
						"movespeedByType": {
							"*-fatalis": 0.075,
							"*-populator": 0.09,
							"*-serum": 0.09
						}
					},
					{
						"code": "idle",
						"priority": 1.3,
						"priorityForCancel": 1.35,
						"minduration": 200000,
						"maxduration": 800000,
						"mincooldown": 10000,
						"maxcooldown": 30000,
						"animation": "Sleep",
						"animationSpeed": 0.3,
						"whenNotInEmotionState": "aggressiveondamage|fleeondamage",
						"duringDayTimeFramesByType": {
							"*-fatalis": [{"fromHour": 8,"toHour": 18},{"fromHour": 0,"toHour": 5}],
							"*-populator": [{"fromHour": 9,"toHour": 17},{"fromHour": 0,"toHour": 4}],
							"*-serum": [{"fromHour": 0,"toHour": 9},{"fromHour": 17,"toHour": 24}]
						},
						"stopOnNearbyEntityCodes": [ "player", "wolf-*", "hyena-*", "bear-*" ],
						"stopRange": 10,
						"stopOnHurt": true
					},
					{
						"code": "idle",
						"priority": 1.0,
						"priorityForCancel": 1.35,
						"minduration": 4667,
						"maxduration": 4667,
						"chance": 0.25,
						"mincooldown": 8000,
						"maxcooldown": 50000,
						"animation": "Roar",
						"animationSpeed": 0.25,
						"whenNotInEmotionState": "aggressiveondamage|fleeondamage",
						"soundByType": {
							"*-fatalis": "machairodontinae:creature/machairodontinae/fatalisidle",
							"*-populator": "machairodontinae:creature/machairodontinae/populatoridle",
							"*-serum": "machairodontinae:creature/machairodontinae/serumidle"
						},
						"soundRangeByType": {
							"*": 120
						}
					},
					{
						"code": "wander",
						"priority": 0.95,
						"priorityForCancel": 1.35,
						"movespeedByType": {
							"*-fatalis": 0.0069,
							"*-populator": 0.0083,
							"*-serum": 0.0083
						},
						"animationSpeed": 0.95,
						"animation": "Walk",
						"preferredLightLevel": 10,
						"whenNotInEmotionState": "aggressiveondamage|fleeondamage"
					},
					{
						"code": "idle",
						"priority": 1,
						"minduration": 6000,
						"maxduration": 45000,
						"mincooldown": 6000,
						"maxcooldown": 120000,
						"priorityForCancel": 1.28,
						"stopOnNearbyEntityCodes": [ "player", "wolf-male", "wolf-female", "bear-*", "hyena-*" ],
						"stopRange": 15,
						"stopOnHurt": true,
						"animation": "Sit",
						"whenNotInEmotionState": "aggressiveondamage|fleeondamage"
					},
					{
						"code": "idle",
						"priority": 1,
						"minduration": 6000,
						"maxduration": 45000,
						"chance": 0.25,
						"mincooldown": 6000,
						"maxcooldown": 120000,
						"priorityForCancel": 1.28,
						"stopOnNearbyEntityCodes": [ "player", "wolf-male", "wolf-female", "bear-*", "hyena-*" ],
						"stopRange": 15,
						"stopOnHurt": true,
						"animation": "Lick",
						"whenNotInEmotionState": "aggressiveondamage|fleeondamage"
					},
					{
						"code": "idle",
						"priority": 1,
						"minduration": 6000,
						"maxduration": 45000,
						"mincooldown": 6000,
						"maxcooldown": 120000,
						"priorityForCancel": 1.28,
						"stopOnNearbyEntityCodes": [ "player", "wolf-male", "wolf-female", "bear-*", "hyena-*" ],
						"stopRange": 15,
						"stopOnHurt": true,
						"animation": "Lie",
						"whenNotInEmotionState": "aggressiveondamage|fleeondamage"
					},
					{
						"code": "idle",
						"priority": 0.9,
						"minduration": 6000,
						"maxduration": 45000,
						"chance": 0.1,
						"mincooldown": 6000,
						"maxcooldown": 120000,
						"priorityForCancel": 1.28,
						"stopOnNearbyEntityCodes": [ "player", "wolf-male", "wolf-female", "bear-*", "hyena-*" ],
						"stopRange": 15,
						"stopOnHurt": true,
						"animation": "Loaf",
						"whenNotInEmotionState": "aggressiveondamage|fleeondamage"
					},
					{
						"code": "seekfoodandeat",
						"movespeedByType": {
							"*-fatalis": 0.0069,
							"*-populator": 0.0083,
							"*-serum": 0.0083
						},
						"priority": 1.34,
						"eatSoundByType": {"*": "game:creature/animal-eat1"},
						"animationSpeed": 0.95,
						"eatTime": 2,
						"animation": "Walk",
						"eatAnimation": "Eat",
						"eatAnimationLooseItems": "Eat",
						"whenNotInEmotionState": "aggressiveondamage|fleeondamage"
					},
					{
						"code": "lookaround",
						"priority": 0.5,
						"whenNotInEmotionState": "aggressiveondamage|fleeondamage"
					}
				]
			},
			{
				"code": "ropetieable",
				"minGeneration": 2
			}
		],
		"spawnconditions": {
			"runtime": {
				"group": "hostile",
				"tryOnlySurface": true,
				"maxQuantity": 1,
				"maxQuantityByGroup": {
					"code": "machairodontinae-*",
					"maxQuantity": 1
				},
				"chanceByType": {
					"*-fatalis": 0.00001,
					"*-populator": 0.00001,
					"*-serum": 0.00001
				},
				"mindistancetoplayer": 100,
				"maxLightLevel": 7,
				"lightLevelType": "onlyBlockLight",	
				"spawnCapPlayerScaling": 0.0,	
				"groupSizeByType": {
					"*-fatalis": { "dist": "invexp", "avg": 1.5, "var": 0.5 },
					"*-populator": { "dist": "invexp", "avg": 1.5, "var": 0.5 },
					"*-serum": { "dist": "invexp", "avg": 6.5, "var": 4.5 }
				},
				"insideBlockCodes": [ "game:air","game:soil-*", "game:tallgrass-*", "game:snowlayer-*", "game:gravel-*", "game:sand-*" ],
				"minYByType": {
					"*-fatalis": 0.9,
					"*-populator": 0.9,
					"*-serum": 1.4
				},
				"maxYByType": {
					"*-fatalis": 1.5,
					"*-populator": 1.5,
					"*-serum": 1.8
				},
				"minTempByType": {
					"*-fatalis": 9,
					"*-populator": 11,
					"*-serum": 3
				},
				"maxTempByType": {
					"*-fatalis": 34,
					"*-populator": 34,
					"*-serum": 24
				},
				"minForestByType": {
					"*-fatalis": 0.25,
					"*-populator": 0.0,
					"*-serum": 0.0
				},
				"maxForestByType": {
					"*-fatalis": 1.0,
					"*-populator": 0.75,
					"*-serum": 1.0
				},
				"minPrecipitationByType": {
					"*-fatalis": 0.1,
					"*-populator": 0.1,
					"*-serum": 0.2
				},
				"maxPrecipitationByType": {
					"*-fatalis": 1.0,
					"*-populator": 1.0,
					"*-serum": 1.0
				},
				"companions": [ "machairodontinae:machairodontinae-adult-male-{genus}-{species}", "machairodontinae:machairodontinae-baby-male-{genus}-{species}", "machairodontinae:machairodontinae-baby-female-{genus}-{species}" ]
			}
		}
	},
	"sounds": {
		"hurt": "machairodontinae:creature/machairodontinae/fatalishurt",
		"death": "machairodontinae:creature/machairodontinae/fatalishurt",
		"idle": "machairodontinae:creature/machairodontinae/fatalisidle"
	},
	"idleSoundChance": 0.05
}