{"GameVersion":"1.18.6","SizeX":1,"SizeY":5,"SizeZ":1,"BlockCodes":{"611":"game:crucible-burned","402":"game:bonyremains-ribcage","8613":"game:meta-underground","2621":"game:bonysoil","8109":"game:chest-east","8606":"game:clutter"},"ItemCodes":{"343":"game:bone","2231":"game:clothes-shoulder-blacksmith-apron","1613":"game:hammer-copper","271":"game:stackrandomizer-ingot","269":"game:stackrandomizer-ore"},"Indices":[0,1048576,2097152,3145728,4194304],"BlockIds":[8613,2621,8109,8613,8606],"DecorIndices":[],"DecorIds":[],"BlockEntities":{"2097152":"!<d@[F*R6D#64c-E,TfC\"TSN&!<d@[F*]=W#64o6@VfsmCI<#NAI;p\\ATMrFARTY%\"po!]G%GQ5DfU+(#'\"^#Dfg%+!!!!'\"`nKuFE7Zf0E;(Q!!$L1!!!'#!!!!(!AOQT!!!\"#!<<*$z#6?R[!<<*\"[g2s6!<<*\"\":8RVDIdI'Bl@m%?`uWn#6?U\\!<<*\"9a1Rt!<<*\"!!`N]!!*'\"!\"T)1!!*'\"!!!6)2#mXW!!!H/!!!$\"!!!!(!B'oX!!!\"^!<<*#z#6?a`!<<*\"<ri:$!<<*\"!!!!&$taEu6>URMCI<#NAI;p\\ATMrFARTY%\"U&pmE+KAdDes5uE-#T$0a%f\"ATMNNDJ*csz!!","4194304":"!<d@[F*R6D#64c-E,TfC#64`(!<d@[F*]=W#64o6@VfsmCI<#NAHu^]F`__:EWlSfH#R='B6%F(ATMs3DIkCS\":&scFCB9&=9&=$!!EUFATMNNDJ*csjNEk)\":&scFCB9&=o\\O&!!rsADes6$@ru9m!!!"},"Entities":[],"ReplaceMode":2,"EntranceRotation":-1}