{"GameVersion":"1.19.0","SizeX":5,"SizeY":9,"SizeZ":7,"BlockCodes":{"9610":"game:debarkedlog-veryagedrotten-ud","9700":"game:supportbeam-veryagedrotten","9625":"game:debarkedlog-veryagedrotten-ns","9320":"game:metalblock-corroded-plain-rusty-iron","1327":"game:metalblock-new-plain-iron","882":"game:glass-quartz","3930":"game:crackedrock-tuff","1564":"game:shingleblock-copper","332":"game:creativeblock-79","9198":"game:packedglacierice","9640":"game:debarkedlog-veryagedrotten-we","9655":"game:planks-rottenebony-ns","9472":"game:polishedrockold-cobbled-granite","9372":"game:metalblock-corroded-plain-tinbronze","790":"game:leather","9332":"game:metalblock-new-riveted-brass","1322":"game:metalblock-new-plain-blackbronze","488":"game:bowl-fired","9442":"game:supportbeam-tarnishedmetal-brass","9482":"game:polishedrockold-cobbled-slate","317":"game:creativeblock-64","661":"game:claypot-burned","9331":"game:metalblock-corroded-plain-brass","456":"game:chiseledblock","8109":"game:chest-east","8060":"game:bed-woodaged-feet-north","8057":"game:bed-woodaged-head-north","8606":"game:clutter","8617":"game:spiderweb","8610":"game:groundstorage","8373":"game:toolrack-east","8200":"game:firepit-cold","9576":"game:door-solid-ebony","136":"game:multiblock-monolithic-0-p1-0","820":"game:mediumcarpet-turqoise-we"},"ItemCodes":{"275":"game:stackrandomizer-resource","3638":"game:stackrandomizer-buildingblocks","3648":"game:agedfirewood","1592":"game:bow-crude","3200":"game:spear-boar-ruined","1644":"game:knife-generic-flint"},"Indices":[0,6144,1048576,1054720,2097152,2103296,3145728,3146752,3147776,3148800,3149824,3150848,3151872,4194304,4195328,4196352,4197376,4198400,4199424,4200448,5242880,5243904,5244928,5245952,5246976,5248000,5249024,6291456,6292480,6293504,6294528,6295552,6296576,6297600,7340032,7341056,7342080,7343104,7344128,7345152,7346176,3145729,3146753,3147777,3148801,3149825,3150849,3151873,4194305,4195329,4198401,4199425,4200449,5242881,5243905,5249025,6291457,6296577,6297601,7340033,7341057,7342081,7343105,7344129,7345153,7346177,3145730,3146754,3147778,3148802,3149826,3150850,3151874,4194306,4195330,4196354,4199426,4200450,5242882,5243906,5249026,6291458,6297602,7340034,7341058,7342082,7343106,7344130,7345154,7346178,3145731,3146755,3147779,3148803,3149827,3150851,3151875,4194307,4195331,4199427,4200451,5242883,5243907,5248003,5249027,6291459,6296579,6297603,7340035,7341059,7342083,7343107,7344131,7345155,7346179,8393731,8394755,4,6148,1048580,1054724,2097156,2103300,3145732,3146756,3147780,3148804,3149828,3150852,3151876,4194308,4195332,4196356,4197380,4198404,4199428,4200452,5242884,5243908,5244932,5245956,5246980,5248004,5249028,6291460,6292484,6293508,6294532,6295556,6296580,6297604,7340036,7341060,7342084,7343108,7344132,7345156,7346180,8393732,8394756],"BlockIds":[456,456,456,456,456,456,456,456,456,456,456,456,456,456,456,456,456,456,456,456,456,456,456,456,456,456,456,456,456,456,456,456,456,456,456,456,456,456,456,456,456,456,456,456,456,456,456,456,456,8109,8060,8057,456,456,8606,456,456,8617,456,456,456,456,456,456,456,456,456,456,456,456,456,456,456,456,8606,456,8610,456,456,8606,456,456,456,456,456,456,456,456,456,456,456,456,456,456,456,456,456,456,8610,456,456,456,8373,8200,456,456,456,456,456,456,456,456,456,456,456,456,456,456,456,456,456,456,456,456,456,456,456,456,456,456,456,456,9576,456,456,456,456,456,456,136,456,456,456,456,456,456,456,456,456,456,456,456,456,456,456,456,456,456,456,456],"DecorIndices":[3147778],"DecorIds":[67109684],"BlockEntities":{"0":"!<d@[F*M7;#QOl.E,TfC!rr<$!<d@[F*\\YM#64o6@VfsmCI<#NAIW-_Bldj%ARo7dDe!Pj$#O*mATDKnCi]UW!!%m&!!!$*Ec6&.FD5Z2!2'Jq$O:0a@W,skErc7@!\"8](!!ipCD/\")jBk1d@DZKi&#RPQdA7\\\\XCh[D\\!'^`\"F(o/r6#:CVF*(?!Ch[D\\!'^Vn@VfsmCJJ;TAJ7s[FED)3+Co%m@<--pA0>],B+#MaG%#*$9jr-TEbSru;0?;bFD5i2ATIkP!!!!1!!!!","6144":"!<d@[F*M7;#QOl.E,TfC!rr<$!<d@[F*\\kS#64o6@VfsmCI<#NAIW-_Bldj%ARo7dDe!Pj$#O*mATDKnCi]UW!!%m&!!!$*Ec6&.FD5Z2!2'Jq$O:0a@W,skErc7@!\"89l!!ipCD/\")jBk1d@DZKi&#RPQdA7\\\\XCh[D\\!'^`\"F(o/r6#:CVF*(?!Ch[D\\!'^Vn@VfsmCJJ;TAJ7s[FED)3+Co%m@<--pA0>],B+#MaG%#*$9jr-TEbSru;0?;bFD5i2ATIkP!!!!1!!!!","1048576":"!<d@[F*M7;#QOl.E,TfC\"98E%!<d@[F*\\YM#64o6@VfsmCI<#NAIW-_Bldj%ARo7dDe!Pj$#O*mATDKnCi]UW!!%m&!!!$*Ec6&.FD5Z2!2'Jq$O:0a@W,skErc7@!\"8](!!ipCD/\")jBk1d@DZKi&#RPQdA7\\\\XCh[D\\!'^`\"F(o/r6#:CVF*(?!Ch[D\\!'^Vn@VfsmCJJ;TAJ7s[FED)3+Co%m@<--pA0>],B+#MaG%#*$9jr-TEbSru;0?;bFD5i2ATIkP!!!!1!!!!","1054720":"!<d@[F*M7;#QOl.E,TfC\"98E%!<d@[F*\\kS#64o6@VfsmCI<#NAIW-_Bldj%ARo7dDe!Pg\"_)%OD0$s&$6ffa%0-BY590_(J3FSV%0-BY5SX8!0L-WY!0FQ)j@^Tr$OLZYFCfK,@;Kuc!!!\"V,ldoG#]aj*@<?4%D?-=5!\"0$AF^f9'A9.bO!!!Dr:B1Y-ASl.';e]cR6#Qc(56qR:Bk1dRDes,u!<>=i%s)GqAO1-LDf^#!Des,u!<>=f$\"@^h@r\"hJD.OAYDfg)4DBNJ$@UX:mARlp\"DeBFo@<Q'nCe\\>[ATDKnCf,=`DKKT7Bk;>dz&-)\\1","2097152":"!<d@[F*M7;#QOl.E,TfC\"TSN&!<d@[F*\\YM#64o6@VfsmCI<#NAIW-_Bldj%ARo7dDe!Pg\"_)%OD0%-+$7?/k%0-An58=.u!'_J(!.[9H%h/L=J3ObK!8p'^!!(qA)!\"=4!Xf<O@<?($Bjkh!!<<*\"MBr6&!=3^aFCB9*Df,QJ\"TSo8@s)7!Bk28c!!!!,qu6X%$>\"'gFAlmaAO158!'^_qF(o/r;f?JdA,uZp#S1ujA7\\&CD/XK;;f?JdA,uZp\"USXSDe!QX@;TQh;K$Z!ASrW$AR](gCLq$!Ci<qo(L_JqBl$LPFCfK,@;Je`@;^1$FD5<-!<<*\"!\"],1!!","2103296":"!<d@[F*M7;#QOl.E,TfC\"TSN&!<d@[F*\\kS#64o6@VfsmCI<#NAIW-_Bldj%ARo7dDe!Pg\"_)%OD0$m$$6TZ_%0-An58=.u!'_),%KHGm58=.ui'/4^!'n:9j@]jeD..NtEbSruErc7@!/`'&!!*@GDffE0Bl@khTEP<'#@hmcDeWa'!<<*\"$h-pl#RY-[Blm9fA7\\&F!<>=i$$0fkAQ*M`Bk.5E56qd@Bk1d@Ci+*3FAm*oBk.5E56V@&Ci<g!:18!N'2iajFCf>4A7]4YEbf5s+Dbt/$Q!5p@;0OP@<?($BjkgTF^]00Bln'#Erc7@!!!Q1!!!","3145728":"!<d@[F*M7;#QOl.E,TfC\"onW'!<d@[F*\\YM#64o6@VfsmCI<#NAIW-_Bldj%ARo7dDe!Pj$#O*mATDKnCi]UW!!%m&!!!$*Ec6&.FD5Z2!2'Jq$O:0a@W,skErc7@!\"8](!!ipCD/\")jBk1d@DZKi&#RPQdA7\\\\XCh[D\\!'^`\"F(o/r6#:CVF*(?!Ch[D\\!'^Vn@VfsmCJJ;TAJ7s[FED)3+Co%m@<--pA0>],B+#MaG%#*$9jr-TEbSru;0?;bFD5i2ATIkP!!!!1!!!!","3146752":"!<d@[F*M7;#QOl.E,TfC\"onW'!<d@[F*\\\\N#64o6@VfsmCI<#NAIW-_Bldj%ARo7dDe!Pj$Zg3(G@Pc)DeWa'!WW3#rpV!0s7Do`$P@#lDfor.;f6Mt6ZljVBk28gzYj_W$_(YiudNAN\"jA5ger9s[o$#O*mATDKnCi]UW!!&E5!!!$*Ec6&.FD5Z2!2'Jq$O:0a@W,skErc7@!3Yhk!!ipCD/\")jBk1d@DZKh<#RPQdA7\\\\XCh[D\\!!!98F(o/r6#:CVF*(?!Ch[D\\!!!0/@VfsmCJJ;TAJ7s[FED)3+Co%m@<--pA0>],B+#MaG%#*$9jr-TEbSru;0?;bFD5i2ATIkP!!!!1!!!!","3147776":"!<d@[F*M7;#QOl.E,TfC\"onW'!<d@[F*\\_O#64o6@VfsmCI<#NAIW-_Bldj%ARo7dDe!Pj$Zg3(G@Pc)DeWa'!WW3#rpV!0s7Do`$P@#lDfor.;f6Mt6ZljVBk28gzYj_W$_(YiudNAN\"jA5ger9s[o$#O*mATDKnCi]UW!!&E5!!!$*Ec6&.FD5Z2!2'Jq$O:0a@W,skEs2OD!3Yh;!5AF#!8dbU!3c@t!5JR3!!ipCD/\")jBk1d@DZKh<#RPQdA7\\\\XCh[D\\!!!98F(o/r6#:CVF*(?!Ch[D\\!!!0/@VfsmCJJ;TAJ7s[FED)3+Co%m@<--pA0>],B+#MaG%#*$9jr-TEbSru;0?;bFD5i2ATIkP!!!!1!!!!","3148800":"!<d@[F*M7;#QOl.E,TfC\"onW'!<d@[F*\\bP#64o6@VfsmCI<#NAIW-_Bldj%ARo7dDe!Pj$Zg3(G@Pc)DeWa'!WW3#rpV!0s7Do`$P@#lDfor.;f6Mt6ZljVBk28gzYj_W$_(YiudNAN\"jA5ger9s[o$#O*mATDKnCi]UW!!&E5!!!$*Ec6&.FD5Z2!2'Jq$O:0a@W,skEs;UE!3Ykg!5A%(!7('E!8d5f!3bl\"!710T!!ipCD/\")jBk1d@DZKh<#RPQdA7\\\\XCh[D\\!!!98F(o/r6#:CVF*(?!Ch[D\\!!!0/@VfsmCJJ;TAJ7s[FED)3+Co%m@<--pA0>],B+#MaG%#*$9jr-TEbSru;0?;bFD5i2ATIkP!!!!1!!!!","3149824":"!<d@[F*M7;#QOl.E,TfC\"onW'!<d@[F*\\eQ#64o6@VfsmCI<#NAIW-_Bldj%ARo7dDe!Pj$Zg3(G@Pc)DeWa'!WW3#rpV!0s7Do`$P@#lDfor.;f6Mt6ZljVBk28gzYj_W$_(YiudNAN\"jA5ger9s[o$#O*mATDKnCi]UW!!&E5!!!$*Ec6&.FD5Z2!2'Jq$O:0a@W,skErc7@!3Yhk!!ipCD/\")jBk1d@DZKh<#RPQdA7\\\\XCh[D\\!!!98F(o/r6#:CVF*(?!Ch[D\\!!!0/@VfsmCJJ;TAJ7s[FED)3+Co%m@<--pA0>],B+#MaG%#*$9jr-TEbSru;0?;bFD5i2ATIkP!!!!1!!!!","3150848":"!<d@[F*M7;#QOl.E,TfC\"onW'!<d@[F*\\hR#64o6@VfsmCI<#NAIW-_Bldj%ARo7dDe!Pj$Zg3(G@Pc)DeWa'!WW3#rpV!0s7Do`$P@#lDfor.;f6Mt6ZljVBk28gzYj_W$_(YiudNAN\"jA5ger9s[o$#O*mATDKnCi]UW!!&E5!!!$*Ec6&.FD5Z2!2'Jq$O:0a@W,skErc7@!3Yhk!!ipCD/\")jBk1d@DZKh<#RPQdA7\\\\XCh[D\\!!!98F(o/r6#:CVF*(?!Ch[D\\!!!0/@VfsmCJJ;TAJ7s[FED)3+Co%m@<--pA0>],B+#MaG%#*$9jr-TEbSru;0?;bFD5i2ATIkP!!!!1!!!!","3151872":"!<d@[F*M7;#QOl.E,TfC\"onW'!<d@[F*\\kS#64o6@VfsmCI<#NAIW-_Bldj%ARo7dDe!Pj$#O*mATDKnCi]UW!!%m&!!!$*Ec6&.FD5Z2!2'Jq$O:0a@W,skErc7@!\"89l!!ipCD/\")jBk1d@DZKi&#RPQdA7\\\\XCh[D\\!'^`\"F(o/r6#:CVF*(?!Ch[D\\!'^Vn@VfsmCJJ;TAJ7s[FED)3+Co%m@<--pA0>],B+#MaG%#*$9jr-TEbSru;0?;bFD5i2ATIkP!!!!1!!!!","4194304":"!<d@[F*M7;#QOl.E,TfC#64`(!<d@[F*\\YM#64o6@VfsmCI<#NAIW-_Bldj%ARo7dDe!Pj$#O*mATDKnCi]UW!!%m&!!!$*Ec6&.FD5Z2!2'Jq$O:0a@W,skErc7@!\"8](!!ipCD/\")jBk1d@DZKi&#RPQdA7\\\\XCh[D\\!'^`\"F(o/r6#:CVF*(?!Ch[D\\!'^Vn@VfsmCJJ;TAJ7s[FED)3+Co%m@<--pA0>],B+#MaG%#*$9jr-TEbSru;0?;bFD5i2ATIkP!!!!1!!!!","4195328":"!<d@[F*M7;#QOl.E,TfC#64`(!<d@[F*\\\\N#64o6@VfsmCI<#NAIW-_Bldj%ARo7dDe!Pj$#O*mATDKnCi]XX!!$[X!!%m&!!!$*Ec6&.FD5Z2!2'Jq$O:0a@W,skEt\\NR!\"@3b!\"@@Q!\"@M@!\"@Z/!\"I<t!\"ICA!\"IIc!\"IP0!\"IVR!\"I\\t!\"IcQ!\"S!A!\"STb!=n71!\"S:t!\"Sn@!=nSu!\"\\WR!>#%1!=0$DD/\")jBk1d@DZKi&#RPQdA7\\\\XCh[D\\!'^`\"F(o/r6#:CVF*(?!Ch[D\\!'^Vn@VfsmCJJ;TAJ[^PEcQ;8@<?'k+DGk7DBO.3Cht4$0aee+G%#*$9jr-TEbSru;0?;bFD5i2ATInQ!!!!1!!!!1!!!!","4196352":"!<d@[F*M7;#QOl.E,TfC#64`(!<d@[F*\\_O#64o6@VfsmCI<#NAIW-_Bldj%ARo7dDe!Pj$#O*mATDKnCi]XX!!$[X!!%m&!!!$*Ec6&.FD5Z2!2'Jq$O:0a@W,skEt\\NR!\"@3b!\"@@Q!\"@M@!\"@Z/!\"I<t!\"ICA!\"IIc!\"IP0!\"IVR!\"I\\t!\"IcQ!\"S!A!\"STb!=n71!\"S:t!\"Sn@!=nSu!\"\\WR!>#%1!=0$DD/\")jBk1d@DZKi&#RPQdA7\\\\XCh[D\\!'^`\"F(o/r6#:CVF*(?!Ch[D\\!'^Vn@VfsmCJJ;TAJ[^PEcQ;8@<?'k+DGk7DBO.3Cht4$0aee+G%#*$9jr-TEbSru;0?;bFD5i2ATInQ!!!!1!!!!1!!!!","4197376":"!<d@[F*M7;#QOl.E,TfC#64`(!<d@[F*\\bP#64o6@VfsmCI<#NAIW-_Bldj%ARo7dDe!Pj$#O*mATDKnCi]XX!!$[X!!%m&!!!$*Ec6&.FD5Z2!2'Jq$O:0a@W,skEt\\NR!\"@3b!\"@@Q!\"@M@!\"@Z/!\"I<t!\"ICA!\"IIc!\"IP0!\"IVR!\"I\\t!\"IcQ!\"S!A!\"STb!=n71!\"S:t!\"Sn@!=nSu!\"\\WR!>#%1!=0$DD/\")jBk1d@DZKi&#RPQdA7\\\\XCh[D\\!'^`\"F(o/r6#:CVF*(?!Ch[D\\!'^Vn@VfsmCJJ;TAJ[^PEcQ;8@<?'k+DGk7DBO.3Cht4$0aee+G%#*$9jr-TEbSru;0?;bFD5i2ATInQ!!!!1!!!!1!!!!","4198400":"!<d@[F*M7;#QOl.E,TfC#64`(!<d@[F*\\eQ#64o6@VfsmCI<#NAIW-_Bldj%ARo7dDe!Pj$#O*mATDKnCi]XX!!$[X!!%m&!!!$*Ec6&.FD5Z2!2'Jq$O:0a@W,skEt\\NR!\"@3b!\"@@Q!\"@M@!\"@Z/!\"I<t!\"ICA!\"IIc!\"IP0!\"IVR!\"I\\t!\"IcQ!\"S!A!\"STb!=n71!\"S:t!\"Sn@!=nSu!\"\\WR!>#%1!=0$DD/\")jBk1d@DZKi&#RPQdA7\\\\XCh[D\\!'^`\"F(o/r6#:CVF*(?!Ch[D\\!'^Vn@VfsmCJJ;TAJ[^PEcQ;8@<?'k+DGk7DBO.3Cht4$0aee+G%#*$9jr-TEbSru;0?;bFD5i2ATInQ!!!!1!!!!1!!!!","4199424":"!<d@[F*M7;#QOl.E,TfC#64`(!<d@[F*\\hR#64o6@VfsmCI<#NAIW-_Bldj%ARo7dDe!Pj$#O*mATDKnCi]XX!!$[X!!%m&!!!$*Ec6&.FD5Z2!2'Jq$O:0a@W,skEt\\NR!\"@3b!\"@@Q!\"@M@!\"@Z/!\"I<t!\"ICA!\"IIc!\"IP0!\"IVR!\"I\\t!\"IcQ!\"S!A!\"STb!=n71!\"S:t!\"Sn@!=nSu!\"\\WR!>#%1!=0$DD/\")jBk1d@DZKi&#RPQdA7\\\\XCh[D\\!'^`\"F(o/r6#:CVF*(?!Ch[D\\!'^Vn@VfsmCJJ;TAJ[^PEcQ;8@<?'k+DGk7DBO.3Cht4$0aee+G%#*$9jr-TEbSru;0?;bFD5i2ATInQ!!!!1!!!!1!!!!","4200448":"!<d@[F*M7;#QOl.E,TfC#64`(!<d@[F*\\kS#64o6@VfsmCI<#NAIW-_Bldj%ARo7dDe!Pj$#O*mATDKnCi]UW!!%m&!!!$*Ec6&.FD5Z2!2'Jq$O:0a@W,skErc7@!\"89l!!ipCD/\")jBk1d@DZKi&#RPQdA7\\\\XCh[D\\!'^`\"F(o/r6#:CVF*(?!Ch[D\\!'^Vn@VfsmCJJ;TAJ7s[FED)3+Co%m@<--pA0>],B+#MaG%#*$9jr-TEbSru;0?;bFD5i2ATIkP!!!!1!!!!","5242880":"!<d@[F*M7;#QOl.E,TfC#QOi)!<d@[F*\\YM#64o6@VfsmCI<#NAIW-_Bldj%ARo7dDe!Pj$#O*mATDKnCi]UW!!%m&!!!$*Ec6&.FD5Z2!2'Jq$O:0a@W,skErc7@!\"8](!!ipCD/\")jBk1d@DZKi&#RPQdA7\\\\XCh[D\\!'^`\"F(o/r6#:CVF*(?!Ch[D\\!'^Vn@VfsmCJJ;TAJ7s[FED)3+Co%m@<--pA0>],B+#MaG%#*$9jr-TEbSru;0?;bFD5i2ATIkP!!!!1!!!!","5243904":"!<d@[F*M7;#QOl.E,TfC#QOi)!<d@[F*\\\\N#64o6@VfsmCI<#NAIW-_Bldj%ARo7dDe!Pj$#O*mATDKnCi]a[!!$[X!!%m&!!\"YU!!%$A!!$15!!!$*Ec6&.FD5Z2!2'Jq$O:0a@W,skF!(G_!\"@3b!\"@@C!\"@M2!\"@Z/!:8cB!:8p1!\"I<t!\"ICA!\"IIU!\"IP\"!\"IVD!\"I\\t!\"IcQ!:A<D!:ABf!:AI3!\"S!A!\"STt!=n7#!\"Sb.!=nSu!&!k-!A<Gt\"\"sGb!FFiP!cI(d\".nSA!j:US\"5`+0!q,2h!\"\\WR!>\"m4!=0$DD/\")jBk1d@DZKi&#RPQdA7\\\\XCh[D\\!'^`\"F(o/r6#:CVF*(?!Ch[D\\!'^Vn@VfsmCJJ;TAK=-VEcQ;8@<?'k+DGk7DBO.3Cht5<Bl7I\"G7$)5(L_JqBl$LPFCfK,@;Je`@;^1$FD5<-\"TSN&!\"],1!\"],1!\"],1!\"],1!\"],1!!","5244928":"!<d@[F*M7;#QOl.E,TfC#QOi)!<d@[F*\\_O#64o6@VfsmCI<#NAIW-_Bldj%ARo7dDe!Pj$Zg3(G@Pc)DeWa'$ig8-ro?iTiDts=if[UJj#OgRjJooojf+gOk,44>kGE+slI%9blc[!BhW8#C+7tZq$P@#lDfor.;f6Mt6ZljVBk28nzYRgd8&l8Q0.I[<>]^Pn(8WWoVAmbTGZVUW0`c(nd_%6SUemJIfn.5R1r9s[o$#O*mATDKnCi]a[!!$[X!!%m&!!\"YU!!%$A!!$15!!!$*Ec6&.FD5Z2!2'Jq$O:0a@W,skF#!^q!9$t=\"Q;AD\"Q>9Q!TK7p!TK;L\"QZSc\"QcVS\"QlVB\"QuY\"\"R4+D!p\\2d!pZOE\"R;gi\":WWf!\"@@C!\"@M2!\"@Z/!8Q!S!o2PD!pnuD!:8p1!\"I<t!\"ICA!\"IIU!\"IP\"!\"IVD!\"I\\p!\"IcQ!6rqC!mTK4!q\"NF!:ABf!:AI3!:AOU!\"S!A!\"STt!=n7#!\"Sb.!=nSu!&!k-!A<Gt\"\"sGb!FFiP!cI(d\".nSA!j:US\"5`+0!q,2h!\"\\WR!>\"m4!=0$DD/\")jBk1d@DZKh<#RPQdA7\\\\XCh[D\\!!!98F(o/r6#:CVF*(?!Ch[D\\!!!0/@VfsmCJJ;TAK=-VEcQ;8@<?'k+DGk7DBO.3Cht5<Bl7I\"G7$&4(L_JqBl$LPFCfK,@;Je`@;^1$FD5<-\"TSN&!\"],1!\"],1!\"],1!\"],1!\"],1!!","5245952":"!<d@[F*M7;#QOl.E,TfC#QOi)!<d@[F*\\bP#64o6@VfsmCI<#NAIW-_Bldj%ARo7dDe!Pj$#O*mATDKnCi]a[!!$[X!!%m&!!\"YU!!%$A!!$15!!!$*Ec6&.FD5Z2!2'Jq$O:0a@W,skF!(G_!\"@3b!\"@@C!\"@M2!\"@Z/!:8cB!:8p1!\"I<t!\"ICA!\"IIU!\"IP\"!\"IVD!\"I\\t!\"IcQ!:A<D!:ABf!:AI3!\"S!A!\"STt!=n7#!\"Sb.!=nSu!&!k-!A<Gt\"\"sGb!FFiP!cI(d\".nSA!j:US\"5`+0!q,2h!\"\\WR!>\"m4!=0$DD/\")jBk1d@DZKi&#RPQdA7\\\\XCh[D\\!'^`\"F(o/r6#:CVF*(?!Ch[D\\!'^Vn@VfsmCJJ;TAK=-VEcQ;8@<?'k+DGk7DBO.3Cht5<Bl7I\"G7$)5(L_JqBl$LPFCfK,@;Je`@;^1$FD5<-\"TSN&!\"],1!\"],1!\"],1!\"],1!\"],1!!","5246976":"!<d@[F*M7;#QOl.E,TfC#QOi)!<d@[F*\\eQ#64o6@VfsmCI<#NAIW-_Bldj%ARo7dDe!Pj$Zg3(G@Pc)DeWa'\"TSN&r6PrSrQu\\erpi8Rs8'J1:@IfT$P@#lDfor.;f6Mt6ZljVBk28gzYj_W$_(YiudNAN\"n.5R1oT0%\\$#O*mATDKnCi]a[!!$[X!!%m&!!\"YU!!%$A!!$15!!!$*Ec6&.FD5Z2!2'Jq$O:0a@W,skEteTS!\"@3b!\"@@Q!\"@M@!\"@Z/!\"I<t!\"ICA!\"IIc!\"IP0!\"IVR!\"I\\t!\"IcQ!\"S!A!\"STb!=n71!\"S:t!\"Sn@!=nSj!,h9*!\"\\WR!>#%1!=0$DD/\")jBk1d@DZKh<#RPQdA7\\\\XCh[D\\!!!98F(o/r6#:CVF*(?!Ch[D\\!!!0/@VfsmCJJ;TAJ[^PEcQ;8@<?'k+DGk7DBO.3Cht4$0aee+G%#*$9jr-TEbSru;0?;bFD5i2ATJ\"T!!!!1!!!!1!!!!1!!!!1!!!!1!!!!","5248000":"!<d@[F*M7;#QOl.E,TfC#QOi)!<d@[F*\\hR#64o6@VfsmCI<#NAIW-_Bldj%ARo7dDe!Pj$#O*mATDKnCi]a[!!$[X!!%m&!!\"YU!!%$A!!$15!!!$*Ec6&.FD5Z2!2'Jq$O:0a@W,skEt\\NR!\"@3b!\"@@Q!\"@M@!\"@Z/!\"I<t!\"ICA!\"IIc!\"IP0!\"IVR!\"I\\t!\"IcQ!\"S!A!\"STb!=n71!\"S:t!\"Sn@!=nSu!\"\\WR!>#%1!=0$DD/\")jBk1d@DZKi&#RPQdA7\\\\XCh[D\\!'^`\"F(o/r6#:CVF*(?!Ch[D\\!'^Vn@VfsmCJJ;TAJ[^PEcQ;8@<?'k+DGk7DBO.3Cht4$0aee+G%#*$9jr-TEbSru;0?;bFD5i2ATJ\"T!!!!1!!!!1!!!!1!!!!1!!!!1!!!!","5249024":"!<d@[F*M7;#QOl.E,TfC#QOi)!<d@[F*\\kS#64o6@VfsmCI<#NAIW-_Bldj%ARo7dDe!Pj$#O*mATDKnCi]UW!!%m&!!!$*Ec6&.FD5Z2!2'Jq$O:0a@W,skErc7@!\"89l!!ipCD/\")jBk1d@DZKi&#RPQdA7\\\\XCh[D\\!'^`\"F(o/r6#:CVF*(?!Ch[D\\!'^Vn@VfsmCJJ;TAJ7s[FED)3+Co%m@<--pA0>],B+#MaG%#*$9jr-TEbSru;0?;bFD5i2ATIkP!!!!1!!!!","6291456":"!<d@[F*M7;#QOl.E,TfC#ljr*!<d@[F*\\YM#64o6@VfsmCI<#NAIW-_Bldj%ARo7dDe!Pj$#O*mATDKnCi]UW!!%m&!!!$*Ec6&.FD5Z2!2'Jq$O:0a@W,skErc7@!\"8](!!ipCD/\")jBk1d@DZKi&#RPQdA7\\\\XCh[D\\!'^`\"F(o/r6#:CVF*(?!Ch[D\\!'^Vn@VfsmCJJ;TAJ7s[FED)3+Co%m@<--pA0>],B+#MaG%#*$9jr-TEbSru;0?;bFD5i2ATIkP!!!!1!!!!","6292480":"!<d@[F*M7;#QOl.E,TfC#ljr*!<d@[F*\\\\N#64o6@VfsmCI<#NAIW-_Bldj%ARo7dDe!Pj$#O*mATDKnCi]XX!!$[X!!%m&!!!$*Ec6&.FD5Z2!2'Jq$O:0a@W,skEt\\NR!\"@3b!\"@@Q!\"@M@!\"@Z/!\"I<t!\"ICA!\"IIc!\"IP0!\"IVR!\"I\\t!\"IcQ!\"S!A!\"STb!=n71!\"S:t!\"Sn@!=nSu!\"\\WR!>#%1!=0$DD/\")jBk1d@DZKi&#RPQdA7\\\\XCh[D\\!'^`\"F(o/r6#:CVF*(?!Ch[D\\!'^Vn@VfsmCJJ;TAJ[^PEcQ;8@<?'k+DGk7DBO.3Cht4$0aee+G%#*$9jr-TEbSru;0?;bFD5i2ATInQ!!!!1!!!!1!!!!","6293504":"!<d@[F*M7;#QOl.E,TfC#ljr*!<d@[F*\\_O#64o6@VfsmCI<#NAIW-_Bldj%ARo7dDe!Pj$#O*mATDKnCi]XX!!$[X!!%m&!!!$*Ec6&.FD5Z2!2'Jq$O:0a@W,skEt\\NR!\"@3b!\"@@Q!\"@M@!\"@Z/!\"I<t!\"ICA!\"IIc!\"IP0!\"IVR!\"I\\t!\"IcQ!\"S!A!\"STb!=n71!\"S:t!\"Sn@!=nSu!\"\\WR!>#%1!=0$DD/\")jBk1d@DZKi&#RPQdA7\\\\XCh[D\\!'^`\"F(o/r6#:CVF*(?!Ch[D\\!'^Vn@VfsmCJJ;TAJ[^PEcQ;8@<?'k+DGk7DBO.3Cht4$0aee+G%#*$9jr-TEbSru;0?;bFD5i2ATInQ!!!!1!!!!1!!!!","6294528":"!<d@[F*M7;#QOl.E,TfC#ljr*!<d@[F*\\bP#64o6@VfsmCI<#NAIW-_Bldj%ARo7dDe!Pj$#O*mATDKnCi]XX!!$[X!!%m&!!!$*Ec6&.FD5Z2!2'Jq$O:0a@W,skEt\\NR!\"@3b!\"@@Q!\"@M@!\"@Z/!\"I<t!\"ICA!\"IIc!\"IP0!\"IVR!\"I\\t!\"IcQ!\"S!A!\"STb!=n71!\"S:t!\"Sn@!=nSu!\"\\WR!>#%1!=0$DD/\")jBk1d@DZKi&#RPQdA7\\\\XCh[D\\!'^`\"F(o/r6#:CVF*(?!Ch[D\\!'^Vn@VfsmCJJ;TAJ[^PEcQ;8@<?'k+DGk7DBO.3Cht4$0aee+G%#*$9jr-TEbSru;0?;bFD5i2ATInQ!!!!1!!!!1!!!!","6295552":"!<d@[F*M7;#QOl.E,TfC#ljr*!<d@[F*\\eQ#64o6@VfsmCI<#NAIW-_Bldj%ARo7dDe!Pj$#O*mATDKnCi]XX!!$[X!!%m&!!!$*Ec6&.FD5Z2!2'Jq$O:0a@W,skEt\\NR!\"@3b!\"@@Q!\"@M@!\"@Z/!\"I<t!\"ICA!\"IIc!\"IP0!\"IVR!\"I\\t!\"IcQ!\"S!A!\"STb!=n71!\"S:t!\"Sn@!=nSu!\"\\WR!>#%1!=0$DD/\")jBk1d@DZKi&#RPQdA7\\\\XCh[D\\!'^`\"F(o/r6#:CVF*(?!Ch[D\\!'^Vn@VfsmCJJ;TAJ[^PEcQ;8@<?'k+DGk7DBO.3Cht4$0aee+G%#*$9jr-TEbSru;0?;bFD5i2ATInQ!!!!1!!!!1!!!!","6296576":"!<d@[F*M7;#QOl.E,TfC#ljr*!<d@[F*\\hR#64o6@VfsmCI<#NAIW-_Bldj%ARo7dDe!Pj$#O*mATDKnCi]XX!!$[X!!%m&!!!$*Ec6&.FD5Z2!2'Jq$O:0a@W,skEt\\NR!\"@3b!\"@@Q!\"@M@!\"@Z/!\"I<t!\"ICA!\"IIc!\"IP0!\"IVR!\"I\\t!\"IcQ!\"S!A!\"STb!=n71!\"S:t!\"Sn@!=nSu!\"\\WR!>#%1!=0$DD/\")jBk1d@DZKi&#RPQdA7\\\\XCh[D\\!'^`\"F(o/r6#:CVF*(?!Ch[D\\!'^Vn@VfsmCJJ;TAJ[^PEcQ;8@<?'k+DGk7DBO.3Cht4$0aee+G%#*$9jr-TEbSru;0?;bFD5i2ATInQ!!!!1!!!!1!!!!","6297600":"!<d@[F*M7;#QOl.E,TfC#ljr*!<d@[F*\\kS#64o6@VfsmCI<#NAIW-_Bldj%ARo7dDe!Pj$#O*mATDKnCi]UW!!%m&!!!$*Ec6&.FD5Z2!2'Jq$O:0a@W,skErc7@!\"89l!!ipCD/\")jBk1d@DZKi&#RPQdA7\\\\XCh[D\\!'^`\"F(o/r6#:CVF*(?!Ch[D\\!'^Vn@VfsmCJJ;TAJ7s[FED)3+Co%m@<--pA0>],B+#MaG%#*$9jr-TEbSru;0?;bFD5i2ATIkP!!!!1!!!!","7340032":"!<d@[F*M7;#QOl.E,TfC$31&+!<d@[F*\\YM#64o6@VfsmCI<#NAIW-_Bldj%ARo7dDe!Pj$#O*mATDKnCi]^Z!!!uC!!%m&!!#[n!!$[X!!!$*Ec6&.FD5Z2!2'Jq$O:0a@W,skErl=A!\"&Gi!$D\"+!!ipCD/\")jBk1d@DZKi&#RPQdA7\\\\XCh[D\\!'^`\"F(o/r6#:CVF*(?!Ch[D\\!'^Vn@VfsmCJJ;TAJ@LME,]B/+EM41DJ*cs+C]/*@quGg@<Q'nCe\\>[ATDKnCf,=`DKKT7Bk;>gz&-)\\1&-)\\1&-)\\1&-)\\1","7341056":"!<d@[F*M7;#QOl.E,TfC$31&+!<d@[F*\\\\N#64o6@VfsmCI<#NAIW-_Bldj%ARo7dDe!Pj$#O*mATDKnCi]^Z!!!uC!!#[n!!)F3!!%m&!!!$*Ec6&.FD5Z2!2'Jq$O:0a@W,skErl=A!\"&/a!$C_#!!ipCD/\")jBk1d@DZKi&#RPQdA7\\\\XCh[D\\!'^`\"F(o/r6#:CVF*(?!Ch[D\\!'^Vn@VfsmCJJ;TAJ@LME,]B/+EM41DJ*cs+C]/*@quGg@<Q'nCe\\>[ATDKnCf,=`DKKT7Bk;>gz&-)\\1&-)\\1&-)\\1&-)\\1","7342080":"!<d@[F*M7;#QOl.E,TfC$31&+!<d@[F*\\_O#64o6@VfsmCI<#NAIW-_Bldj%ARo7dDe!Pj$#O*mATDKnCi]^Z!!!uC!!#[n!!)F3!!%m&!!!$*Ec6&.FD5Z2!2'Jq$O:0a@W,skErl=A!\"&/a!$C_#!!ipCD/\")jBk1d@DZKi&#RPQdA7\\\\XCh[D\\!'^`\"F(o/r6#:CVF*(?!Ch[D\\!'^Vn@VfsmCJJ;TAJ@LME,]B/+EM41DJ*cs+C]/*@quGg@<Q'nCe\\>[ATDKnCf,=`DKKT7Bk;>gz&-)\\1&-)\\1&-)\\1&-)\\1","7343104":"!<d@[F*M7;#QOl.E,TfC$31&+!<d@[F*\\bP#64o6@VfsmCI<#NAIW-_Bldj%ARo7dDe!Pj$#O*mATDKnCi]^Z!!!uC!!#[n!!)F3!!%m&!!!$*Ec6&.FD5Z2!2'Jq$O:0a@W,skErl=A!\"&/a!$C_#!!ipCD/\")jBk1d@DZKi&#RPQdA7\\\\XCh[D\\!'^`\"F(o/r6#:CVF*(?!Ch[D\\!'^Vn@VfsmCJJ;TAJ@LME,]B/+EM41DJ*cs+C]/*@quGg@<Q'nCe\\>[ATDKnCf,=`DKKT7Bk;>gz&-)\\1&-)\\1&-)\\1&-)\\1","7344128":"!<d@[F*M7;#QOl.E,TfC$31&+!<d@[F*\\eQ#64o6@VfsmCI<#NAIW-_Bldj%ARo7dDe!Pj$#O*mATDKnCi]^Z!!!uC!!#[n!!)F3!!%m&!!!$*Ec6&.FD5Z2!2'Jq$O:0a@W,skErl=A!\"&/a!$C_#!!ipCD/\")jBk1d@DZKi&#RPQdA7\\\\XCh[D\\!'^`\"F(o/r6#:CVF*(?!Ch[D\\!'^Vn@VfsmCJJ;TAJ@LME,]B/+EM41DJ*cs+C]/*@quGg@<Q'nCe\\>[ATDKnCf,=`DKKT7Bk;>gz&-)\\1&-)\\1&-)\\1&-)\\1","7345152":"!<d@[F*M7;#QOl.E,TfC$31&+!<d@[F*\\hR#64o6@VfsmCI<#NAIW-_Bldj%ARo7dDe!Pj$#O*mATDKnCi]^Z!!!uC!!#[n!!)F3!!%m&!!!$*Ec6&.FD5Z2!2'Jq$O:0a@W,skErl=A!\"&/a!$C_#!!ipCD/\")jBk1d@DZKi&#RPQdA7\\\\XCh[D\\!'^`\"F(o/r6#:CVF*(?!Ch[D\\!'^Vn@VfsmCJJ;TAJ@LME,]B/+EM41DJ*cs+C]/*@quGg@<Q'nCe\\>[ATDKnCf,=`DKKT7Bk;>gz&-)\\1&-)\\1&-)\\1&-)\\1","7346176":"!<d@[F*M7;#QOl.E,TfC$31&+!<d@[F*\\kS#64o6@VfsmCI<#NAIW-_Bldj%ARo7dDe!Pj$#O*mATDKnCi]^Z!!!uC!!%m&!!#[n!!$[X!!!$*Ec6&.FD5Z2!2'Jq$O:0a@W,skErl=A!\"&.6!$C]M!!ipCD/\")jBk1d@DZKi&#RPQdA7\\\\XCh[D\\!'^`\"F(o/r6#:CVF*(?!Ch[D\\!'^Vn@VfsmCJJ;TAJ@LME,]B/+EM41DJ*cs+C]/*@quGg@<Q'nCe\\>[ATDKnCf,=`DKKT7Bk;>gz&-)\\1&-)\\1&-)\\1&-)\\1","3145729":"!<d@[F*M:<#QOl.E,TfC\"onW'!<d@[F*\\YM#64o6@VfsmCI<#NAIW-_Bldj%ARo7dDe!Pg\"_)%OD0$m$$6TZ_'`\\5!590_(J3OYW%KHGm5SX;\"!5KWQs$&^bj@]jgF)Go?@s)7!Bk28h!!!#g5Q:`R548LFNrK+T^]+<1^@)($rr2s+&SH-&F`(_gDJs_dF^f9'A9/\"V!!!#gYQ+\\T^]4LR^]4ODci=?Q^]4\\3ci=L@^]4i\"ci=F[D..NtEbSruErc7@!2q1D!!*@GDffE0Bl@khTEP<'#@hmcDeWa'#64`(TYCF+XT&(sbl@\\Cgs5?gc2R&0rVl6chu<$D#RY-[Blm9fA7\\&F!<<**$$0fkAQ*M`Bk.5E!!j*VBk1d@Ci+*3FAm*oBk.5E!!N[<Ci<g!:18!N'2iajFCf>4A7]4YEbf5s+Dbt/$Q!5p@;0OP@<?($BjkgTF^]00Bln'#Erc7@!!!Q1!!!","3146753":"!<d@[F*M:<#QOl.E,TfC\"onW'!<d@[F*\\\\N#64o6@VfsmCI<#NAIW-_Bldj%ARo7dDe!Pj$#O*mATDKnCi]UW!!'JS!!!$*Ec6&.FD5Z2!2'Jq$O:0a@W,skErc7@!9!AH!!ipCD/\")jBk1d@DZKi&#RPQdA7\\\\XCh[D\\!'^`\"F(o/r6#:CVF*(?!Ch[D\\!'^Vn@VfsmCJJ;TAJ7s[FED)3+D###DL!@DCgh3sEsidmG%#*$9jr-TEbSru;0?;bFD5i2ATIkP!!!!1!!!!","3147777":"!<d@[F*M:<#QOl.E,TfC\"onW'!<d@[F*\\_O#64o6@VfsmCI<#NAIW-_Bldj%ARo7dDe!Pj$#O*mATDKnCi]XX!!'JS!!%m&!!!$*Ec6&.FD5Z2!2'Jq$O:0a@W,skErl=A!5S>g!T<JI!!ipCD/\")jBk1d@DZKh<#RPQdA7\\\\XCh[D\\!\"]DHF(o/r6#:CVF*(?!Ch[D\\!\"];?@VfsmCJJ;TAJ7s[FED)3+D###DL!@DCgh3sEsidmG%#*$9jr-TEbSru;0?;bFD5i2ATInQ!!!!1!!!!1!!!!","3148801":"!<d@[F*M:<#QOl.E,TfC\"onW'!<d@[F*\\bP#64o6@VfsmCI<#NAIW-_Bldj%ARo7dDe!Pj$#O*mATDKnCi]UW!!'JS!!!$*Ec6&.FD5Z2!2'Jq$O:0a@W,skErc7@!9!AH!!ipCD/\")jBk1d@DZKi&#RPQdA7\\\\XCh[D\\!'^`\"F(o/r6#:CVF*(?!Ch[D\\!'^Vn@VfsmCJJ;TAJ7s[FED)3+D###DL!@DCgh3sEsidmG%#*$9jr-TEbSru;0?;bFD5i2ATIkP!!!!1!!!!","3149825":"!<d@[F*M:<#QOl.E,TfC\"onW'!<d@[F*\\eQ#64o6@VfsmCI<#NAIW-_Bldj%ARo7dDe!Pj$#O*mATDKnCi]XX!!'JS!!%m&!!!$*Ec6&.FD5Z2!2'Jq$O:0a@W,skErl=A!5S>g!T<JI!!ipCD/\")jBk1d@DZKi&#RPQdA7\\\\XCh[D\\!'^`\"F(o/r6#:CVF*(?!Ch[D\\!'^Vn@VfsmCJJ;TAJ7s[FED)3+D###DL!@DCgh3sEsidmG%#*$9jr-TEbSru;0?;bFD5i2ATInQ!!!!1!!!!1!!!!","3150849":"!<d@[F*M:<#QOl.E,TfC\"onW'!<d@[F*\\hR#64o6@VfsmCI<#NAIW-_Bldj%ARo7dDe!Pj$#O*mATDKnCi]UW!!'JS!!!$*Ec6&.FD5Z2!2'Jq$O:0a@W,skErc7@!9!AH!!ipCD/\")jBk1d@DZKi&#RPQdA7\\\\XCh[D\\!'^`\"F(o/r6#:CVF*(?!Ch[D\\!'^Vn@VfsmCJJ;TAJ7s[FED)3+D###DL!@DCgh3sEsidmG%#*$9jr-TEbSru;0?;bFD5i2ATIkP!!!!1!!!!","3151873":"!<d@[F*M:<#QOl.E,TfC\"onW'!<d@[F*\\kS#64o6@VfsmCI<#NAIW-_Bldj%ARo7dDe!Pj$#O*mATDKnCi]UW!!&rD!!!$*Ec6&.FD5Z2!2'Jq$O:0a@W,skErc7@!2/g'!!ipCD/\")jBk1d@DZKh<#RPQdA7\\\\XCh[D\\!!!98F(o/r6#:CVF*(?!Ch[D\\!!!0/@VfsmCJJ;TAJ7s[FED)3+Co%m@<--pA0>],B+#MaG%#*$9jr-TEbSru;0?;bFD5i2ATIkP!!!!1!!!!","4194305":"!<d@[F*M:<#QOl.E,TfC#64`(!<d@[F*\\YM#64o6@VfsmCI<#NAIW-_Bldj%ARo7dDe!Pj$#O*mATDKnCi]XX!!$[X!!%m&!!!$*Ec6&.FD5Z2!2'Jq$O:0a@W,skEt\\NR!\"]\"b!\"6Hs!!do/!!>@@!\"SDR!\"@-0!\",jc!!nSA!![;t!!H$R!!+\\/!\"IfR!\"@0Q!=>@d!!Q]t!!H's!<<Vu!\"Iic!<lj1!=0$DD/\")jBk1d@DZKi&#RPQdA7\\\\XCh[D\\!'^`\"F(o/r6#:CVF*(?!Ch[D\\!'^Vn@VfsmCJJ;TAJ[^PEcQ;8@<?'k+DGk7DBO.3Cht4$0aee+G%#*$9jr-TEbSru;0?;bFD5i2ATInQ!!!!1!!!!1!!!!","4195329":"!<d@[F*M:<#QOl.E,TfC#64`(!<d@[F*\\\\N#64o6@VfsmCI<#NAI;p\\ATMrFARTY%\"po!]G%GQ5DfU+(#'\"^#Dfg%3!!!!'\"`nKuFE7Zf0`V4S!!!Z5!!!$\"!!!!(!B0uZ!!!!4!<<*#z#6?gb!<<*\"'*/(5!<<*\"!!`Q[1]ROV!!\"ne!!!$\"z!!NdCDfS0\\De!QMDe*Dd@q]FpF=h'4F*%QgFEqh:$Z9m'D..64@:s.^\":8pVF(djWB5D,Zz","4199425":"!<d@[F*M:<#QOl.E,TfC#64`(!<d@[F*\\hR#64o6@VfsmCI<#NAJ\\feA1`\"DDe*9hARmB+ART+$DJsQ;BEAc_Dfor>ARn,Q7;d3]FEpGgzz\"VPZjF`);4A3tQ<CghU#E`Hga!!!","4200449":"!<d@[F*M:<#QOl.E,TfC#64`(!<d@[F*\\kS#64o6@VfsmCI<#NAIW-_Bldj%ARo7dDe!Pj$#O*mATDKnCi]XX!!$[X!!%m&!!!$*Ec6&.FD5Z2!2'Jq$O:0a@W,skEt\\NR!!!'b!!GVQ!!n0@!\"?_/!!*]c!!=u0!!Q7R!!dNt!\"\"fA!\"6(c!\"Ip@!!4;c!!=ns!<usS!\",DA!\"6\"Q!>\"]B!!48R!=GJ1!=0$DD/\")jBk1d@DZKi&#RPQdA7\\\\XCh[D\\!'^`\"F(o/r6#:CVF*(?!Ch[D\\!'^Vn@VfsmCJJ;TAJ[^PEcQ;8@<?'k+DGk7DBO.3Cht4$0aee+G%#*$9jr-TEbSru;0?;bFD5i2ATInQ!!!!1!!!!1!!!!","5242881":"!<d@[F*M:<#QOl.E,TfC#QOi)!<d@[F*\\YM#64o6@VfsmCI<#NAIW-_Bldj%ARo7dDe!Pj$#O*mATDKnCi]^Z!!$[X!!%m&!!\"YU!!%$A!!!$*Ec6&.FD5Z2!2'Jq$O:0a@W,skF!(G_!\"]\"b!\"6He!!do!!!>@@!:.;d!9\\au!\"SDR!\"@-0!\",jU!!nS3!![;f!!H$R!!+\\/!:$]D!9fF\"!9S.U!\"IfR!\".$A!=>@V!!J>P!<<Vu!%cFq!@GPA\"!h4Q!EQqr!bT11\".$[c!iE]u\"4k3R!pQ<F!\"Iic!=>Cg!=0$DD/\")jBk1d@DZKi&#RPQdA7\\\\XCh[D\\!'^`\"F(o/r6#:CVF*(?!Ch[D\\!'^Vn@VfsmCJJ;TAK=-VEcQ;8@<?'k+DGk7DBO.3Cht5<Bl7I\"G7$)5(L_JqBl$LPFCfK,@;Je`@;^1$FD5<-\"98E%!\"],1!\"],1!\"],1!\"],1!!","5243905":"!<d@[F*M:<#QOl.E,TfC#QOi)!<d@[F*\\\\N#64o6@VfsmCI<#NAHu^]F`__:EWlSfH#R=A@W-1#F(f-$G%G_J@W-1#F*(i.A1_5&ARmB%Df9DC@r-()ARkoKEc6&.FCePS!!!!%$#O6pBL-NKCh;?3aZ]h4Ec6&.FCeVU!!!!*$\"ImiCh7*uARkc@","5249025":"!<d@[F*M:<#QOl.E,TfC#QOi)!<d@[F*\\kS#64o6@VfsmCI<#NAIW-_Bldj%ARo7dDe!Pj$#O*mATDKnCi]XX!!$[X!!%m&!!!$*Ec6&.FD5Z2!2'Jq$O:0a@W,skEt\\NR!!!'b!!GVQ!!n0@!\"?_/!!*]c!!=u0!!Q7R!!dNt!\"\"fA!\"6(c!\"Ip@!!4;c!!=ns!<usS!\",DA!\"6\"Q!>\"]B!!48R!=GJ1!=0$DD/\")jBk1d@DZKi&#RPQdA7\\\\XCh[D\\!'^`\"F(o/r6#:CVF*(?!Ch[D\\!'^Vn@VfsmCJJ;TAJ[^PEcQ;8@<?'k+DGk7DBO.3Cht4$0aee+G%#*$9jr-TEbSru;0?;bFD5i2ATInQ!!!!1!!!!1!!!!","6291457":"!<d@[F*M:<#QOl.E,TfC#ljr*!<d@[F*\\YM#64o6@VfsmCI<#NAIW-_Bldj%ARo7dDe!Pj$#O*mATDKnCi]XX!!$[X!!%m&!!!$*Ec6&.FD5Z2!2'Jq$O:0a@W,skEt\\NR!\"]\"b!\"6Hs!!do/!!>@@!\"SDR!\"@-0!\",jc!!nSA!![;t!!H$R!!+\\/!\"IfR!\"@0Q!=>@d!!Q]t!!H's!<<Vu!\"Iic!<lj1!=0$DD/\")jBk1d@DZKi&#RPQdA7\\\\XCh[D\\!'^`\"F(o/r6#:CVF*(?!Ch[D\\!'^Vn@VfsmCJJ;TAJ[^PEcQ;8@<?'k+DGk7DBO.3Cht4$0aee+G%#*$9jr-TEbSru;0?;bFD5i2ATInQ!!!!1!!!!1!!!!","6297601":"!<d@[F*M:<#QOl.E,TfC#ljr*!<d@[F*\\kS#64o6@VfsmCI<#NAIW-_Bldj%ARo7dDe!Pj$#O*mATDKnCi]XX!!$[X!!%m&!!!$*Ec6&.FD5Z2!2'Jq$O:0a@W,skEt\\NR!!!'b!!GVQ!!n0@!\"?_/!!*]c!!=u0!!Q7R!!dNt!\"\"fA!\"6(c!\"Ip@!!4;c!!=ns!<usS!\",DA!\"6\"Q!>\"]B!!48R!=GJ1!=0$DD/\")jBk1d@DZKi&#RPQdA7\\\\XCh[D\\!'^`\"F(o/r6#:CVF*(?!Ch[D\\!'^Vn@VfsmCJJ;TAJ[^PEcQ;8@<?'k+DGk7DBO.3Cht4$0aee+G%#*$9jr-TEbSru;0?;bFD5i2ATInQ!!!!1!!!!1!!!!","7340033":"!<d@[F*M:<#QOl.E,TfC$31&+!<d@[F*\\YM#64o6@VfsmCI<#NAIW-_Bldj%ARo7dDe!Pj$#O*mATDKnCi]^Z!!!uC!!)F3!!$[X!!%m&!!!$*Ec6&.FD5Z2!2'Jq$O:0a@W,skEu4lW!!!;p!!,g@!YIun!!>@!!X)j!\"!i]n!#8i1!sXb4!XF+h!]\\9m!\"#7V!Xd3#!XlZX!Y!BE\"\"`3D\"\"`@#\"&/L^!\"IfD!Y+&W\"\"i?h\"$PDV\"$PQ5!tP:Y!Y>4H!XK-ED/\")jBk1d@DZKi&#RPQdA7\\\\XCh[D\\!'^`\"F(o/r6#:CVF*(?!Ch[D\\!'^Vn@VfsmCJJ;TAJ@LME,]B/+EM41DJ*cs+C]/*@quGg@<Q'nCe\\>[ATDKnCf,=`DKKT7Bk;>gz&-)\\1&-)\\1&-)\\1&-)\\1","7341057":"!<d@[F*M:<#QOl.E,TfC$31&+!<d@[F*\\\\N#64o6@VfsmCI<#NAIW-_Bldj%ARo7dDe!Pj$#O*mATDKnCi]^Z!!!uC!!#[n!!)F3!!%m&!!!$*Ec6&.FD5Z2!2'Jq$O:0a@W,skEsMaG!!!#h!\"i&t!!H-f\"!iEf!'%dc!%cLf\"&/4V!'S^#!sf6FD/\")jBk1d@DZKi&#RPQdA7\\\\XCh[D\\!'^`\"F(o/r6#:CVF*(?!Ch[D\\!'^Vn@VfsmCJJ;TAJ@LME,]B/+EM41DJ*cs+C]/*@quGg@<Q'nCe\\>[ATDKnCf,=`DKKT7Bk;>gz&-)\\1&-)\\1&-)\\1&-)\\1","7342081":"!<d@[F*M:<#QOl.E,TfC$31&+!<d@[F*\\_O#64o6@VfsmCI<#NAIW-_Bldj%ARo7dDe!Pj$#O*mATDKnCi]^Z!!!uC!!#[n!!)F3!!%m&!!!$*Ec6&.FD5Z2!2'Jq$O:0a@W,skEsMaG!!!#h!\"i&t!!H-f\"!iEf!'%dc!%cLf\"&/4V!'S^#!sf6FD/\")jBk1d@DZKi&#RPQdA7\\\\XCh[D\\!'^`\"F(o/r6#:CVF*(?!Ch[D\\!'^Vn@VfsmCJJ;TAJ@LME,]B/+EM41DJ*cs+C]/*@quGg@<Q'nCe\\>[ATDKnCf,=`DKKT7Bk;>gz&-)\\1&-)\\1&-)\\1&-)\\1","7343105":"!<d@[F*M:<#QOl.E,TfC$31&+!<d@[F*\\bP#64o6@VfsmCI<#NAIW-_Bldj%ARo7dDe!Pj$#O*mATDKnCi]^Z!!!uC!!#[n!!)F3!!%m&!!!$*Ec6&.FD5Z2!2'Jq$O:0a@W,skEsMaG!!!#h!\"i&t!!H-f\"!iEf!'%dc!%cLf\"&/4V!'S^#!sf6FD/\")jBk1d@DZKi&#RPQdA7\\\\XCh[D\\!'^`\"F(o/r6#:CVF*(?!Ch[D\\!'^Vn@VfsmCJJ;TAJ@LME,]B/+EM41DJ*cs+C]/*@quGg@<Q'nCe\\>[ATDKnCf,=`DKKT7Bk;>gz&-)\\1&-)\\1&-)\\1&-)\\1","7344129":"!<d@[F*M:<#QOl.E,TfC$31&+!<d@[F*\\eQ#64o6@VfsmCI<#NAIW-_Bldj%ARo7dDe!Pj$#O*mATDKnCi]^Z!!!uC!!#[n!!)F3!!%m&!!!$*Ec6&.FD5Z2!2'Jq$O:0a@W,skEsMaG!!!#h!\"i&t!!H-f\"!iEf!'%dc!%cLf\"&/4V!'S^#!sf6FD/\")jBk1d@DZKi&#RPQdA7\\\\XCh[D\\!'^`\"F(o/r6#:CVF*(?!Ch[D\\!'^Vn@VfsmCJJ;TAJ@LME,]B/+EM41DJ*cs+C]/*@quGg@<Q'nCe\\>[ATDKnCf,=`DKKT7Bk;>gz&-)\\1&-)\\1&-)\\1&-)\\1","7345153":"!<d@[F*M:<#QOl.E,TfC$31&+!<d@[F*\\hR#64o6@VfsmCI<#NAIW-_Bldj%ARo7dDe!Pj$#O*mATDKnCi]^Z!!!uC!!#[n!!)F3!!%m&!!!$*Ec6&.FD5Z2!2'Jq$O:0a@W,skEsMaG!!!#h!\"i&t!!H-f\"!iEf!'%dc!%cLf\"&/4V!'S^#!sf6FD/\")jBk1d@DZKi&#RPQdA7\\\\XCh[D\\!'^`\"F(o/r6#:CVF*(?!Ch[D\\!'^Vn@VfsmCJJ;TAJ@LME,]B/+EM41DJ*cs+C]/*@quGg@<Q'nCe\\>[ATDKnCf,=`DKKT7Bk;>gz&-)\\1&-)\\1&-)\\1&-)\\1","7346177":"!<d@[F*M:<#QOl.E,TfC$31&+!<d@[F*\\kS#64o6@VfsmCI<#NAIW-_Bldj%ARo7dDe!Pj$#O*mATDKnCi]^Z!!!uC!!)F3!!$[X!!%m&!!!$*Ec6&.FD5Z2!2'Jq$O:0a@W,skEu4lW!!!\"=!!,D/!YI\\;!!>#2!X)=2\"!iD;!#8<B!sX?#!XEd$!][u:!\"\"c#!Xcdg!Xl=i!XujV\"\"_nf\"\"_e#\"&/3+!\"I<f!Y*KW\"\"hnF\"$P+#\"$P!5!tOlH!Y=lY!XK-ED/\")jBk1d@DZKi&#RPQdA7\\\\XCh[D\\!'^`\"F(o/r6#:CVF*(?!Ch[D\\!'^Vn@VfsmCJJ;TAJ@LME,]B/+EM41DJ*cs+C]/*@quGg@<Q'nCe\\>[ATDKnCf,=`DKKT7Bk;>gz&-)\\1&-)\\1&-)\\1&-)\\1","3145730":"!<d@[F*M==#QOl.E,TfC\"onW'!<d@[F*\\YM#64o6@VfsmCI<#NAIW-_Bldj%ARo7dDe!Pj$#O*mATDKnCi]UW!!&rD!!!$*Ec6&.FD5Z2!2'Jq$O:0a@W,skErc7@!20>k!!ipCD/\")jBk1d@DZKi&#RPQdA7\\\\XCh[D\\!'^`\"F(o/r6#:CVF*(?!Ch[D\\!'^Vn@VfsmCJJ;TAJ7s[FED)3+Co%m@<--pA0>],B+#MaG%#*$9jr-TEbSru;0?;bFD5i2ATIkP!!!!1!!!!","3146754":"!<d@[F*M==#QOl.E,TfC\"onW'!<d@[F*\\\\N#64o6@VfsmCI<#NAIW-_Bldj%ARo7dDe!Pj$#O*mATDKnCi]UW!!'JS!!!$*Ec6&.FD5Z2!2'Jq$O:0a@W,skErc7@!9!AH!!ipCD/\")jBk1d@DZKi&#RPQdA7\\\\XCh[D\\!'^`\"F(o/r6#:CVF*(?!Ch[D\\!'^Vn@VfsmCJJ;TAJ7s[FED)3+D###DL!@DCgh3sEsidmG%#*$9jr-TEbSru;0?;bFD5i2ATIkP!!!!1!!!!","3147778":"!<d@[F*M==#QOl.E,TfC\"onW'!<d@[F*\\_O#64o6@VfsmCI<#NAIW-_Bldj%ARo7dDe!Pj$#O*mATDKnCi]XX!!'JS!!%m&!!!$*Ec6&.FD5Z2!2'Jq$O:0a@W,skErl=A!5S>g!T<JI!!ipCD/\")jBk1d@DZKi&#RPQdA7\\\\XCh[D\\!'^`\"F(o/r6#:CVF*(?!Ch[D\\!'^Vn@VfsmCJJ;TAJ7s[FED)3+D###DL!@DCgh3sEsidmG%#*$9jr-TEbSru;0?;bFD5i2ATInQ!!!!1!!!!1!!!!","3148802":"!<d@[F*M==#QOl.E,TfC\"onW'!<d@[F*\\bP#64o6@VfsmCI<#NAIW-_Bldj%ARo7dDe!Pj$#O*mATDKnCi]UW!!'JS!!!$*Ec6&.FD5Z2!2'Jq$O:0a@W,skErc7@!9!AH!!ipCD/\")jBk1d@DZKi&#RPQdA7\\\\XCh[D\\!'^`\"F(o/r6#:CVF*(?!Ch[D\\!'^Vn@VfsmCJJ;TAJ7s[FED)3+D###DL!@DCgh3sEsidmG%#*$9jr-TEbSru;0?;bFD5i2ATIkP!!!!1!!!!","3149826":"!<d@[F*M==#QOl.E,TfC\"onW'!<d@[F*\\eQ#64o6@VfsmCI<#NAIW-_Bldj%ARo7dDe!Pj$#O*mATDKnCi][Y!!'JS!!!!F!!%m&!!!$*Ec6&.FD5Z2!2'Jq$O:0a@W,skEs2OD!5S>g!oWQt!8r,%!9j4W!;Q?h!=0$DD/\")jBk1d@DZKh<#RPQdA7\\\\XCh[D\\!\"]DHF(o/r6#:CVF*(?!Ch[D\\!\"];?@VfsmCJJ;TAJ7s[FED)3+D###DL!@DCgh3sEsidmG%#*$9jr-TEbSru;0?;bFD5i2ATIqR!!!!1!!!!1!!!!1!!!!","3150850":"!<d@[F*M==#QOl.E,TfC\"onW'!<d@[F*\\hR#64o6@VfsmCI<#NAIW-_Bldj%ARo7dDe!Pj$#O*mATDKnCi]XX!!'JS!!!!F!!!$*Ec6&.FD5Z2!2'Jq$O:0a@W,skEruCB!8qhr!9iqO!;Q'`!=0$DD/\")jBk1d@DZKh<#RPQdA7\\\\XCh[D\\!\"]DHF(o/r6#:CVF*(?!Ch[D\\!\"];?@VfsmCJJ;TAJ7s[FED)3+D###DL!@DCgh3sEsidmG%#*$9jr-TEbSru;0?;bFD5i2ATInQ!!!!1!!!!1!!!!","3151874":"!<d@[F*M==#QOl.E,TfC\"onW'!<d@[F*\\kS#64o6@VfsmCI<#NAIW-_Bldj%ARo7dDe!Pj$Zg3(G@Pc)DeWa'\"onW'n.6ZAoM?V0p5fdbpQ6Ntr88Xss6pO!$P@#lDfor.;f6Mt6ZljVBk28kzo^Dh]1GAe1+s6jhF\"dRu@NYXWZS2@dU*'FFo.U.TnfRo?$#O*mATDKnCi]UW!!&rD!!!$*Ec6&.FD5Z2!2'Jq$O:0a@W,skEsVgH!2)\"f!2T*'!6\"@;!7X:V!6%eT!9IW2!6=UL!;H\"*!8-f_!!ipCD/\")jBk1d@DZKh<#RPQdA7\\\\XCh[D\\!!!98F(o/r6#:CVF*(?!Ch[D\\!!!0/@VfsmCJJ;TAJ7s[FED)3+Co%m@<--pA0>],B+#MaG%#*$9jr-TEbSru;0?;bFD5i2ATIkP!!!!1!!!!","4194306":"!<d@[F*M==#QOl.E,TfC#64`(!<d@[F*\\YM#64o6@VfsmCI<#NAIW-_Bldj%ARo7dDe!Pj$#O*mATDKnCi]XX!!$[X!!%m&!!!$*Ec6&.FD5Z2!2'Jq$O:0a@W,skEt\\NR!\"]\"b!\"6Hs!!do/!!>@@!\"SDR!\"@-0!\",jc!!nSA!![;t!!H$R!!+\\/!\"IfR!\"@0Q!=>@d!!Q]t!!H's!<<Vu!\"Iic!<lj1!=0$DD/\")jBk1d@DZKi&#RPQdA7\\\\XCh[D\\!'^`\"F(o/r6#:CVF*(?!Ch[D\\!'^Vn@VfsmCJJ;TAJ[^PEcQ;8@<?'k+DGk7DBO.3Cht4$0aee+G%#*$9jr-TEbSru;0?;bFD5i2ATInQ!!!!1!!!!1!!!!","4195330":"!<d@[F*M==#QOl.E,TfC#64`(!<d@[F*\\\\N#64o6@VfsmCI<#NAHu^]F`__:EWlSfH#R=(@V'('@V'(%D.RftC]ju`DffE0AQSp4!!!-.D.Rd%6#L=OAH2]1!!EOIDffE0AQf'6!!!<3@rH1\"ARfgnA,lT","4196354":"!<d@[F*M==#QOl.E,TfC#64`(!<d@[F*\\_O#64o6@VfsmCI<#NAIW-_Bldj%ARo7dDe!Pj$#O*mATDKnCi]^Z!!&N7!!!c:!!%*d!!$15!!!$*Ec6&.FD5Z2!2'Jq$O:0a@W,skEt86N!!7pp!/*a2!edt\\\",'=W!gL&`\"-gF.\",3OA\",3ec!saX;!!der!#LE7!!n0a!\"%;.!/n3T!fO\\#!XK-ED/\")jBk1d@DZKi&#RPQdA7\\\\XCh[D\\!'^`\"F(o/r6#:CVF*(?!Ch[D\\!'^Vn@VfsmCJJ;TAIEEmA0>r8Df9G!0aee+G%#*$9jr-TEbSru;0?;bFD5i2ATItS!!!!1!!!!1!!!!1!!!!1!!!!","4199426":"!<d@[F*M==#QOl.E,TfC#64`(!<d@[F*\\hR#64o6@VfsmCI<#NAIW9mDfor.F*)>@@:s-U$#+:#ASuU.Ed7ZiEH>r7FE7Qb!!!3,F)5c:EsD_\"!!*'\"!'h\"o!\"Ju/!!WgQASlBtEaa'4Eb,=fFCf<.ATD4$F`M%e@<6NjE+EC!AH2]1!2%J85m.R;ASlBtEaa'4Eb,4Nz!!!<;AoD^\"AQ*\\hEa`Tl:i^JnErZ=LD.Rd%6#L=OA_R_e5QM4#FECr$BLZE?AH2]1!!!","4200450":"!<d@[F*M==#QOl.E,TfC#64`(!<d@[F*\\kS#64o6@VfsmCI<#NAIW-_Bldj%ARo7dDe!Pj$#O*mATDKnCi]XX!!$[X!!%m&!!!$*Ec6&.FD5Z2!2'Jq$O:0a@W,skEt\\NR!!!'b!!GVQ!!n0@!\"?_/!!*]c!!=u0!!Q7R!!dNt!\"\"fA!\"6(c!\"Ip@!!4;c!!=ns!<usS!\",DA!\"6\"Q!>\"]B!!48R!=GJ1!=0$DD/\")jBk1d@DZKi&#RPQdA7\\\\XCh[D\\!'^`\"F(o/r6#:CVF*(?!Ch[D\\!'^Vn@VfsmCJJ;TAJ[^PEcQ;8@<?'k+DGk7DBO.3Cht4$0aee+G%#*$9jr-TEbSru;0?;bFD5i2ATInQ!!!!1!!!!1!!!!","5242882":"!<d@[F*M==#QOl.E,TfC#QOi)!<d@[F*\\YM#64o6@VfsmCI<#NAIW-_Bldj%ARo7dDe!Pj$#O*mATDKnCi]^Z!!$[X!!%m&!!\"YU!!%$A!!!$*Ec6&.FD5Z2!2'Jq$O:0a@W,skF!(G_!\"]\"b!\"6He!!do!!!>@@!:.;d!9\\au!\"SDR!\"@-0!\",jU!!nS3!![;f!!H$R!!+\\/!:$]D!9fF\"!9S.U!\"IfR!\".$A!=>@V!!J>P!<<Vu!%cFq!@GPA\"!h4Q!EQqr!bT11\".$[c!iE]u\"4k3R!pQ<F!\"Iic!=>Cg!=0$DD/\")jBk1d@DZKi&#RPQdA7\\\\XCh[D\\!'^`\"F(o/r6#:CVF*(?!Ch[D\\!'^Vn@VfsmCJJ;TAK=-VEcQ;8@<?'k+DGk7DBO.3Cht5<Bl7I\"G7$)5(L_JqBl$LPFCfK,@;Je`@;^1$FD5<-\"98E%!\"],1!\"],1!\"],1!\"],1!!","5243906":"!<d@[F*M==#QOl.E,TfC#QOi)!<d@[F*\\\\N#64o6@VfsmCI<#NAHu^]F`__:EWlSfH#R=&E+s-\"/TboLCi_<6#BFa)@<?'_z\":8pVF(djWB5D/6&';Ng#BFa)@<?'az#mk*[Ci!ZmFCet_!!","5249026":"!<d@[F*M==#QOl.E,TfC#QOi)!<d@[F*\\kS#64o6@VfsmCI<#NAIW-_Bldj%ARo7dDe!Pj$#O*mATDKnCi]^Z!!$[X!!%m&!!\"YU!!%$A!!!$*Ec6&.FD5Z2!2'Jq$O:0a@W,skEt\\NR!!!'b!!GVQ!!n0@!\"?_/!!*]c!!=u0!!Q7R!!dNt!\"\"fA!\"6(c!\"Ip@!!4;c!!=ns!<usS!\",DA!\"6\"Q!>\"]B!!48R!=GJ1!=0$DD/\")jBk1d@DZKi&#RPQdA7\\\\XCh[D\\!'^`\"F(o/r6#:CVF*(?!Ch[D\\!'^Vn@VfsmCJJ;TAJ[^PEcQ;8@<?'k+DGk7DBO.3Cht4$0aee+G%#*$9jr-TEbSru;0?;bFD5i2ATItS!!!!1!!!!1!!!!1!!!!1!!!!","6291458":"!<d@[F*M==#QOl.E,TfC#ljr*!<d@[F*\\YM#64o6@VfsmCI<#NAIW-_Bldj%ARo7dDe!Pj$#O*mATDKnCi]XX!!$[X!!%m&!!!$*Ec6&.FD5Z2!2'Jq$O:0a@W,skEt\\NR!\"]\"b!\"6Hs!!do/!!>@@!\"SDR!\"@-0!\",jc!!nSA!![;t!!H$R!!+\\/!\"IfR!\"@0Q!=>@d!!Q]t!!H's!<<Vu!\"Iic!<lj1!=0$DD/\")jBk1d@DZKi&#RPQdA7\\\\XCh[D\\!'^`\"F(o/r6#:CVF*(?!Ch[D\\!'^Vn@VfsmCJJ;TAJ[^PEcQ;8@<?'k+DGk7DBO.3Cht4$0aee+G%#*$9jr-TEbSru;0?;bFD5i2ATInQ!!!!1!!!!1!!!!","6297602":"!<d@[F*M==#QOl.E,TfC#ljr*!<d@[F*\\kS#64o6@VfsmCI<#NAIW-_Bldj%ARo7dDe!Pj$#O*mATDKnCi]XX!!$[X!!%m&!!!$*Ec6&.FD5Z2!2'Jq$O:0a@W,skEt\\NR!!!'b!!GVQ!!n0@!\"?_/!!*]c!!=u0!!Q7R!!dNt!\"\"fA!\"6(c!\"Ip@!!4;c!!=ns!<usS!\",DA!\"6\"Q!>\"]B!!48R!=GJ1!=0$DD/\")jBk1d@DZKi&#RPQdA7\\\\XCh[D\\!'^`\"F(o/r6#:CVF*(?!Ch[D\\!'^Vn@VfsmCJJ;TAJ[^PEcQ;8@<?'k+DGk7DBO.3Cht4$0aee+G%#*$9jr-TEbSru;0?;bFD5i2ATInQ!!!!1!!!!1!!!!","7340034":"!<d@[F*M==#QOl.E,TfC$31&+!<d@[F*\\YM#64o6@VfsmCI<#NAIW-_Bldj%ARo7dDe!Pj$#O*mATDKnCi]d\\!!!uC!!#[n!!$[X!!%m&!!)F3!!\"JP!!!$*Ec6&.FD5Z2!2'Jq$O:0a@W,skF!:Sa!!!Mh!^I%a!!,gC!^T!!!`;M]!!>@%!X)9j\"#O5h\"%6DD\"(\\q8!!Q]h!X2s(\"%?PX\"'&RU!sXb8!d:%,\"UBFo!f)^/\"UUd^!Xd3$!_U/U!a;_V!XlZZ!aGHm!\"@0E\"$G;U\"&.P#!tF,I!Y+&Y\"$PJh!tP:Y!`&.4!Y>4H!`/U`!!ipCD/\")jBk1d@DZKi&#RPQdA7\\\\XCh[D\\!'^`\"F(o/r6#:CVF*(?!Ch[D\\!'^Vn@VfsmCJJ;TAJ@LME,]B/+EM41DJ*cs+C]/*@quGg@<Q'nCe\\>[ATDKnCf,=`DKKT7Bk;>iz&-)\\1&-)\\1&-)\\1&-)\\1&-)\\1&-)\\1","7341058":"!<d@[F*M==#QOl.E,TfC$31&+!<d@[F*\\\\N#64o6@VfsmCI<#NAIW-_Bldj%ARo7dDe!Pj$#O*mATDKnCi]a[!!!uC!!#[n!!)F3!!%m&!!\"JP!!!$*Ec6&.FD5Z2!2'Jq$O:0a@W,skEsVgH!'gPW!)ZSc!&ROE\"(\\Y0!-XIu\"G_O&\"Bt<f!'JX#\"&JFY!!ipCD/\")jBk1d@DZKi&#RPQdA7\\\\XCh[D\\!'^`\"F(o/r6#:CVF*(?!Ch[D\\!'^Vn@VfsmCJJ;TAJ@LME,]B/+EM41DJ*cs+C]/*@quGg@<Q'nCe\\>[ATDKnCf,=`DKKT7Bk;>hz&-)\\1&-)\\1&-)\\1&-)\\1&-)\\1","7342082":"!<d@[F*M==#QOl.E,TfC$31&+!<d@[F*\\_O#64o6@VfsmCI<#NAIW-_Bldj%ARo7dDe!Pj$#O*mATDKnCi]a[!!!uC!!#[n!!)F3!!%m&!!\"JP!!!$*Ec6&.FD5Z2!2'Jq$O:0a@W,skEsVgH!'gPW!)ZSc!&ROE\"(\\Y0!-XIu\"G_O&\"Bt<f!'JX#\"&JFY!!ipCD/\")jBk1d@DZKi&#RPQdA7\\\\XCh[D\\!'^`\"F(o/r6#:CVF*(?!Ch[D\\!'^Vn@VfsmCJJ;TAJ@LME,]B/+EM41DJ*cs+C]/*@quGg@<Q'nCe\\>[ATDKnCf,=`DKKT7Bk;>hz&-)\\1&-)\\1&-)\\1&-)\\1&-)\\1","7343106":"!<d@[F*M==#QOl.E,TfC$31&+!<d@[F*\\bP#64o6@VfsmCI<#NAIW-_Bldj%ARo7dDe!Pj$#O*mATDKnCi]a[!!!uC!!#[n!!)F3!!%m&!!\"JP!!!$*Ec6&.FD5Z2!2'Jq$O:0a@W,skEsVgH!'gPW!)ZSc!&ROE\"(\\Y0!-XIu\"G_O&\"Bt<f!'JX#\"&JFY!!ipCD/\")jBk1d@DZKi&#RPQdA7\\\\XCh[D\\!'^`\"F(o/r6#:CVF*(?!Ch[D\\!'^Vn@VfsmCJJ;TAJ@LME,]B/+EM41DJ*cs+C]/*@quGg@<Q'nCe\\>[ATDKnCf,=`DKKT7Bk;>hz&-)\\1&-)\\1&-)\\1&-)\\1&-)\\1","7344130":"!<d@[F*M==#QOl.E,TfC$31&+!<d@[F*\\eQ#64o6@VfsmCI<#NAIW-_Bldj%ARo7dDe!Pj$#O*mATDKnCi]a[!!!uC!!#[n!!)F3!!%m&!!\"JP!!!$*Ec6&.FD5Z2!2'Jq$O:0a@W,skEsVgH!'gPW!)ZSc!&ROE\"(\\Y0!-XIu\"G_O&\"Bt<f!'JX#\"&JFY!!ipCD/\")jBk1d@DZKi&#RPQdA7\\\\XCh[D\\!'^`\"F(o/r6#:CVF*(?!Ch[D\\!'^Vn@VfsmCJJ;TAJ@LME,]B/+EM41DJ*cs+C]/*@quGg@<Q'nCe\\>[ATDKnCf,=`DKKT7Bk;>hz&-)\\1&-)\\1&-)\\1&-)\\1&-)\\1","7345154":"!<d@[F*M==#QOl.E,TfC$31&+!<d@[F*\\hR#64o6@VfsmCI<#NAIW-_Bldj%ARo7dDe!Pj$#O*mATDKnCi]a[!!!uC!!#[n!!)F3!!%m&!!\"JP!!!$*Ec6&.FD5Z2!2'Jq$O:0a@W,skEsVgH!'gPW!)ZSc!&ROE\"(\\Y0!-XIu\"G_O&\"Bt<f!'JX#\"&JFY!!ipCD/\")jBk1d@DZKi&#RPQdA7\\\\XCh[D\\!'^`\"F(o/r6#:CVF*(?!Ch[D\\!'^Vn@VfsmCJJ;TAJ@LME,]B/+EM41DJ*cs+C]/*@quGg@<Q'nCe\\>[ATDKnCf,=`DKKT7Bk;>hz&-)\\1&-)\\1&-)\\1&-)\\1&-)\\1","7346178":"!<d@[F*M==#QOl.E,TfC$31&+!<d@[F*\\kS#64o6@VfsmCI<#NAIW-_Bldj%ARo7dDe!Pj$#O*mATDKnCi]d\\!!!uC!!#[n!!$[X!!%m&!!)F3!!\"JP!!!$*Ec6&.FD5Z2!2'Jq$O:0a@W,skF!:Sa!\"\\T5!`/<.!\"7d2!_hT!!aFT*!\"?b%!Xl4H\"$3eW\"%ojU\"(\\WZ!\",D5!XbS(\"%o7%\"'VEf!sau8!d9Z,\"UK`<!f):s\"U8BM!Wu=F!^op3!``,E!X(kI!`2.)!!=ng\"#;Z3\"%\"ag!s0VZ!WjJH\"#;&F!rrrY!^RGE!WW<Y!^Ha-!!ipCD/\")jBk1d@DZKi&#RPQdA7\\\\XCh[D\\!'^`\"F(o/r6#:CVF*(?!Ch[D\\!'^Vn@VfsmCJJ;TAJ@LME,]B/+EM41DJ*cs+C]/*@quGg@<Q'nCe\\>[ATDKnCf,=`DKKT7Bk;>iz&-)\\1&-)\\1&-)\\1&-)\\1&-)\\1&-)\\1","3145731":"!<d@[F*M@>#QOl.E,TfC\"onW'!<d@[F*\\YM#64o6@VfsmCI<#NAIW-_Bldj%ARo7dDe!Pj$Zg3(G@Pc)DeWa'\"onW'n3?pQnNQCAp5].Qq7lq0qS)Curr2ot$P@#lDfor.;f6Mt6ZljVBk28jzn?;ln/AM5gCqp#S?-iQWXM=fBS^7?Fm(`T1h9Z-0$#O*mATDKnCi]UW!!&rD!!!$*Ec6&.FD5Z2!2'Jq$O:0a@W,skEs_mI!2(D1!5K*E!5\\^8!7Cf7!2;+B!4)Y%!5ea%!2KSj!4Dgl!2fb\\!!ipCD/\")jBk1d@DZKh<#RPQdA7\\\\XCh[D\\!!!98F(o/r6#:CVF*(?!Ch[D\\!!!0/@VfsmCJJ;TAJ7s[FED)3+Co%m@<--pA0>],B+#MaG%#*$9jr-TEbSru;0?;bFD5i2ATIkP!!!!1!!!!","3146755":"!<d@[F*M@>#QOl.E,TfC\"onW'!<d@[F*\\\\N#64o6@VfsmCI<#NAIW-_Bldj%ARo7dDe!Pj$#O*mATDKnCi]UW!!'JS!!!$*Ec6&.FD5Z2!2'Jq$O:0a@W,skErc7@!9!AH!!ipCD/\")jBk1d@DZKi&#RPQdA7\\\\XCh[D\\!'^`\"F(o/r6#:CVF*(?!Ch[D\\!'^Vn@VfsmCJJ;TAJ7s[FED)3+D###DL!@DCgh3sEsidmG%#*$9jr-TEbSru;0?;bFD5i2ATIkP!!!!1!!!!","3147779":"!<d@[F*M@>#QOl.E,TfC\"onW'!<d@[F*\\_O#64o6@VfsmCI<#NAIW-_Bldj%ARo7dDe!Pj$#O*mATDKnCi]XX!!'JS!!%m&!!!$*Ec6&.FD5Z2!2'Jq$O:0a@W,skErl=A!5S>g!T<JI!!ipCD/\")jBk1d@DZKi&#RPQdA7\\\\XCh[D\\!'^`\"F(o/r6#:CVF*(?!Ch[D\\!'^Vn@VfsmCJJ;TAJ7s[FED)3+D###DL!@DCgh3sEsidmG%#*$9jr-TEbSru;0?;bFD5i2ATInQ!!!!1!!!!1!!!!","3148803":"!<d@[F*M@>#QOl.E,TfC\"onW'!<d@[F*\\bP#64o6@VfsmCI<#NAIW-_Bldj%ARo7dDe!Pj$#O*mATDKnCi]UW!!'JS!!!$*Ec6&.FD5Z2!2'Jq$O:0a@W,skErc7@!9!AH!!ipCD/\")jBk1d@DZKi&#RPQdA7\\\\XCh[D\\!'^`\"F(o/r6#:CVF*(?!Ch[D\\!'^Vn@VfsmCJJ;TAJ7s[FED)3+D###DL!@DCgh3sEsidmG%#*$9jr-TEbSru;0?;bFD5i2ATIkP!!!!1!!!!","3149827":"!<d@[F*M@>#QOl.E,TfC\"onW'!<d@[F*\\eQ#64o6@VfsmCI<#NAIW-_Bldj%ARo7dDe!Pj$#O*mATDKnCi][Y!!'JS!!!!F!!%m&!!!$*Ec6&.FD5Z2!2'Jq$O:0a@W,skEs)IC!5S>g!oWQt!9!YO!:]d`!=0$DD/\")jBk1d@DZKh<#RPQdA7\\\\XCh[D\\!\"]DHF(o/r6#:CVF*(?!Ch[D\\!\"];?@VfsmCJJ;TAJ7s[FED)3+D###DL!@DCgh3sEsidmG%#*$9jr-TEbSru;0?;bFD5i2ATIqR!!!!1!!!!1!!!!1!!!!","3150851":"!<d@[F*M@>#QOl.E,TfC\"onW'!<d@[F*\\hR#64o6@VfsmCI<#NAIW-_Bldj%ARo7dDe!Pj$#O*mATDKnCi]XX!!'JS!!!!F!!!$*Ec6&.FD5Z2!2'Jq$O:0a@W,skErl=A!9!AG!:]LX!=0$DD/\")jBk1d@DZKh<#RPQdA7\\\\XCh[D\\!\"]DHF(o/r6#:CVF*(?!Ch[D\\!\"];?@VfsmCJJ;TAJ7s[FED)3+D###DL!@DCgh3sEsidmG%#*$9jr-TEbSru;0?;bFD5i2ATInQ!!!!1!!!!1!!!!","3151875":"!<d@[F*M@>#QOl.E,TfC\"onW'!<d@[F*\\kS#64o6@VfsmCI<#NAIW-_Bldj%ARo7dDe!Pj$#O*mATDKnCi]UW!!&rD!!!$*Ec6&.FD5Z2!2'Jq$O:0a@W,skErc7@!2/g'!!ipCD/\")jBk1d@DZKi&#RPQdA7\\\\XCh[D\\!'^`\"F(o/r6#:CVF*(?!Ch[D\\!'^Vn@VfsmCJJ;TAJ7s[FED)3+Co%m@<--pA0>],B+#MaG%#*$9jr-TEbSru;0?;bFD5i2ATIkP!!!!1!!!!","4194307":"!<d@[F*M@>#QOl.E,TfC#64`(!<d@[F*\\YM#64o6@VfsmCI<#NAIW-_Bldj%ARo7dDe!Pj$#O*mATDKnCi]XX!!$[X!!%m&!!!$*Ec6&.FD5Z2!2'Jq$O:0a@W,skEt\\NR!\"]\"b!\"6Hs!!do/!!>@@!\"SDR!\"@-0!\",jc!!nSA!![;t!!H$R!!+\\/!\"IfR!\"@0Q!=>@d!!Q]t!!H's!<<Vu!\"Iic!<lj1!=0$DD/\")jBk1d@DZKi&#RPQdA7\\\\XCh[D\\!'^`\"F(o/r6#:CVF*(?!Ch[D\\!'^Vn@VfsmCJJ;TAJ[^PEcQ;8@<?'k+DGk7DBO.3Cht4$0aee+G%#*$9jr-TEbSru;0?;bFD5i2ATInQ!!!!1!!!!1!!!!","4195331":"!<d@[F*M@>#QOl.E,TfC#64`(!<d@[F*\\\\N#64o6@VfsmCI<#NAIW9mDfor.F*)>@@:s-U$#+:#ASuU.Ed7ZiEH>r7FE7Qb!!!3,F)5c:EsD_\"z!9aF`!!*'\"z#n^cfEarZZFDl2.B4Xn[DfBat\":8pVF(djWB5D,Z!!!!\"$=S$u@:Nt?@:NjKz","4199427":"!<d@[F*M@>#QOl.E,TfC#64`(!<d@[F*\\hR#64o6@VfsmCI<#NAIW-_Bldj%ARo7dDe!Pg\"_)%OD0%-+$7?/k%0-BY58=.uJ3P%S!.[9H%h/L=J3ObK!0BGd!!%O6(ue+0\":GNQ@<?($Bjkh!!rr<$0*M=U$7,ZP4TPN_!=3^aFCB9*Df,QJ\"TSo8@s)7!Bk29A!!!#WnG`Lj1-GU=p2^38qRlk1rqug@oMY`6plb\\%r6kX4<cnCO1m\\2Or7:q#p3cq8oNM<ipmV8Xr7_2SoMGSkplPOZr6YKinhU86dPV%n<)iodplthIr7(dX;EFni<-JCS=IB/B<*93Sr7M(goN_I8pmhE'r7q?a:^I,5;&0.s;&K?<E\\RP`ZulF^fTuYopmD,ZdQ7KLE]jD8F#a4-Z7u>oUH&=sZ981]oQ:.MdQ%>Ee6)iheoq0*nhC,>niZtjoN;03p6Pab$>\"'gFAlmaAO158!'^_qF(o/r;f?JdA,uZp#S1ujA7\\&CD/XK;;f?JdA,uZp\"USXSDe!QX@;TQ[Dg#]0$8Do)@<Q'nCe\\>[ATDKnCf,=`DKKT7Bk;>fz&-)\\1&-)\\1&-)\\1","4200451":"!<d@[F*M@>#QOl.E,TfC#64`(!<d@[F*\\kS#64o6@VfsmCI<#NAIW-_Bldj%ARo7dDe!Pj$#O*mATDKnCi][Y!!$[X!!%m&!!\"JP!!!$*Ec6&.FD5Z2!2'Jq$O:0a@W,skEtSHQ!!!'b!!GVQ!!n0@!\"?_/!!*]c!!=u0!!Q7R!!dNt!\"\"fA!\"6(c!\"Ip@!!4;c!!=qt!<usS!\",DA!\"6%R!>\"]B!!)L!!XK-ED/\")jBk1d@DZKi&#RPQdA7\\\\XCh[D\\!'^`\"F(o/r6#:CVF*(?!Ch[D\\!'^Vn@VfsmCJJ;TAJ[^PEcQ;8@<?'k+DGk7DBO.3Cht4$0aee+G%#*$9jr-TEbSru;0?;bFD5i2ATIqR!!!!1!!!!1!!!!1!!!!","5242883":"!<d@[F*M@>#QOl.E,TfC#QOi)!<d@[F*\\YM#64o6@VfsmCI<#NAIW-_Bldj%ARo7dDe!Pj$#O*mATDKnCi]^Z!!$[X!!%m&!!\"YU!!%$A!!!$*Ec6&.FD5Z2!2'Jq$O:0a@W,skF!(G_!\"]\"b!\"6He!!do!!!>@@!:.;d!9\\au!\"SDR!\"@-0!\",jU!!nS3!![;f!!H$R!!+\\/!:$]D!9fF\"!9S.U!\"IfR!\".$A!=>@V!!J>P!<<Vu!%cFq!@GPA\"!h4Q!EQqr!bT11\".$[c!iE]u\"4k3R!pQ<F!\"Iic!=>Cg!=0$DD/\")jBk1d@DZKi&#RPQdA7\\\\XCh[D\\!'^`\"F(o/r6#:CVF*(?!Ch[D\\!'^Vn@VfsmCJJ;TAK=-VEcQ;8@<?'k+DGk7DBO.3Cht5<Bl7I\"G7$)5(L_JqBl$LPFCfK,@;Je`@;^1$FD5<-\"98E%!\"],1!\"],1!\"],1!\"],1!!","5243907":"!<d@[F*M@>#QOl.E,TfC#QOi)!<d@[F*\\\\N#64o6@VfsmCI<#NAIWa\"DesH&@r!Z-@<6Mp$#+:#ASuU.Ed7ZiEH>r7FE7Qb!!!3,F)5c:EsD_#!!*'\"!&t/_!!*'\"!!!6)1&q=T!!%NX!!!$\"!!!!(!Aa]V!!!\"8\"onW(z!!!!","5248003":"!<d@[F*M@>#QOl.E,TfC#QOi)!<d@[F*\\hR#64o6@VfsmCI<#NAIN0bEb03(F=h!@Ch*_VBl8**DKKf;Gl\\+hF)5c:EsD[F!!WUJCi=E:#6?OZzPl^pc!<<*\"!!!!%&nZ9,DII$d<+TocATD4$F`M$n!2)UY%W,X!<+TocATD4$F`M$n!!!!%%W?B!6Z6mYBl7Q_Bl.D]!!!!%$taWnCdN8bDH(=eAH2]1!!EgL@<b7aASa\\UEc+ijD.N\\I!!!*:AU&<2DJ+*+F(f,q<,ZkeCe/JeEcV3\\z!!!<7@ps7HB5VF*AO^fRC]FSF@prk\\ARn8QAS_>H!!!!","5249027":"!<d@[F*M@>#QOl.E,TfC#QOi)!<d@[F*\\kS#64o6@VfsmCI<#NAIW-_Bldj%ARo7dDe!Pj$#O*mATDKnCi][Y!!$[X!!%m&!!\"JP!!!$*Ec6&.FD5Z2!2'Jq$O:0a@W,skEtSHQ!!!'b!!GVQ!!n0@!\"?_/!!*]c!!=u0!!Q7R!!dNt!\"\"fA!\"6(c!\"Ip@!!4;c!!=qt!<usS!\",DA!\"6%R!>\"]B!!)L!!XK-ED/\")jBk1d@DZKi&#RPQdA7\\\\XCh[D\\!'^`\"F(o/r6#:CVF*(?!Ch[D\\!'^Vn@VfsmCJJ;TAJ[^PEcQ;8@<?'k+DGk7DBO.3Cht4$0aee+G%#*$9jr-TEbSru;0?;bFD5i2ATIqR!!!!1!!!!1!!!!1!!!!","6291459":"!<d@[F*M@>#QOl.E,TfC#ljr*!<d@[F*\\YM#64o6@VfsmCI<#NAIW-_Bldj%ARo7dDe!Pj$#O*mATDKnCi]XX!!$[X!!%m&!!!$*Ec6&.FD5Z2!2'Jq$O:0a@W,skEt\\NR!\"]\"b!\"6Hs!!do/!!>@@!\"SDR!\"@-0!\",jc!!nSA!![;t!!H$R!!+\\/!\"IfR!\"@0Q!=>@d!!Q]t!!H's!<<Vu!\"Iic!<lj1!=0$DD/\")jBk1d@DZKi&#RPQdA7\\\\XCh[D\\!'^`\"F(o/r6#:CVF*(?!Ch[D\\!'^Vn@VfsmCJJ;TAJ[^PEcQ;8@<?'k+DGk7DBO.3Cht4$0aee+G%#*$9jr-TEbSru;0?;bFD5i2ATInQ!!!!1!!!!1!!!!","6296579":"!<d@[F*M@>#QOl.E,TfC#ljr*!<d@[F*\\hR#64o6@VfsmCI<#NAIW-_Bldj%ARo7dDe!Pj$#O*mATDKnCi]UW!!\"JP!!!$*Ec6&.FD5Z2!2'Jq$O:0a@W,skF!gqf!!!QB!!!Ze!!!a2!!!gT!!!n!!!!tC!!\"%e!!\",2!\"]bd!\"]i1!\"]oS!\"]uu!\"^'B!\"^-d!\"^41!!*]T!!*d!!!*jC!!*pe!!+\"2!!+(T!!+/!!!;[&!#\"c%!$^ti!$X8k!!=nT!(?HZ!(9l\\!!Q1!!+tqO!+pKQ!!dHC!6Fs6!\"\"_e!:'F\\!\"6\"2!\"I9T!\"\\Q!!!ipCD/\")jBk1d@DZKi&#RPQdA7\\\\XCh[D\\!'^`\"F(o/r6#:CVF*(?!Ch[D\\!'^Vn@VfsmCJJ;TAJ.=G@:O'q@WHC)H=\\4.Ci<g!$Q!5p@;0OP@<?($BjkgTF^]00Bln'#Erc7@!!!Q1!!!","6297603":"!<d@[F*M@>#QOl.E,TfC#ljr*!<d@[F*\\kS#64o6@VfsmCI<#NAIW-_Bldj%ARo7dDe!Pj$#O*mATDKnCi][Y!!$[X!!%m&!!\"JP!!!$*Ec6&.FD5Z2!2'Jq$O:0a@W,skEtSHQ!!!'b!!GVQ!!n0@!\"?_/!!*]c!!=u0!!Q7R!!dNt!\"\"fA!\"6(c!\"Ip@!!4;c!!=qt!<usS!\",DA!\"6%R!>\"]B!!)L!!XK-ED/\")jBk1d@DZKi&#RPQdA7\\\\XCh[D\\!'^`\"F(o/r6#:CVF*(?!Ch[D\\!'^Vn@VfsmCJJ;TAJ[^PEcQ;8@<?'k+DGk7DBO.3Cht4$0aee+G%#*$9jr-TEbSru;0?;bFD5i2ATIqR!!!!1!!!!1!!!!1!!!!","7340035":"!<d@[F*M@>#QOl.E,TfC$31&+!<d@[F*\\YM#64o6@VfsmCI<#NAIW-_Bldj%ARo7dDe!Pj$#O*mATDKnCi]a[!!!uC!!%m&!!$[X!!#[n!!)F3!!!$*Ec6&.FD5Z2!2'Jq$O:0a@W,skEu=rX!!!Mh!^Ja;!!,72!\\l:U!WtR%!],)m!!H$C!X)9h!>J_c!<lff!X2s%!>Sr#!=\"P2![_d4!XF+h![kMK!\"#7U!Xd3!!ZJ2g!XlZV!ZUq)!\"@`R!=dl3!=nMD!Y>(q!!ipCD/\")jBk1d@DZKi&#RPQdA7\\\\XCh[D\\!'^`\"F(o/r6#:CVF*(?!Ch[D\\!'^Vn@VfsmCJJ;TAJ@LME,]B/+EM41DJ*cs+C]/*@quGg@<Q'nCe\\>[ATDKnCf,=`DKKT7Bk;>hz&-)\\1&-)\\1&-)\\1&-)\\1&-)\\1","7341059":"!<d@[F*M@>#QOl.E,TfC$31&+!<d@[F*\\\\N#64o6@VfsmCI<#NAIW-_Bldj%ARo7dDe!Pj$#O*mATDKnCi]^Z!!!uC!!#[n!!)F3!!%m&!!!$*Ec6&.FD5Z2!2'Jq$O:0a@W,skEsD[F!'i71!&JTc!#/9#\"\"1>D!#tFt!\"@6D!tXnj!!ipCD/\")jBk1d@DZKi&#RPQdA7\\\\XCh[D\\!'^`\"F(o/r6#:CVF*(?!Ch[D\\!'^Vn@VfsmCJJ;TAJ@LME,]B/+EM41DJ*cs+C]/*@quGg@<Q'nCe\\>[ATDKnCf,=`DKKT7Bk;>gz&-)\\1&-)\\1&-)\\1&-)\\1","7342083":"!<d@[F*M@>#QOl.E,TfC$31&+!<d@[F*\\_O#64o6@VfsmCI<#NAIW-_Bldj%ARo7dDe!Pj$#O*mATDKnCi]^Z!!!uC!!#[n!!)F3!!%m&!!!$*Ec6&.FD5Z2!2'Jq$O:0a@W,skEsD[F!'i71!&JTc!#/9#\"\"1>D!#tFt!\"@6D!tXnj!!ipCD/\")jBk1d@DZKi&#RPQdA7\\\\XCh[D\\!'^`\"F(o/r6#:CVF*(?!Ch[D\\!'^Vn@VfsmCJJ;TAJ@LME,]B/+EM41DJ*cs+C]/*@quGg@<Q'nCe\\>[ATDKnCf,=`DKKT7Bk;>gz&-)\\1&-)\\1&-)\\1&-)\\1","7343107":"!<d@[F*M@>#QOl.E,TfC$31&+!<d@[F*\\bP#64o6@VfsmCI<#NAIW-_Bldj%ARo7dDe!Pj$#O*mATDKnCi]^Z!!!uC!!#[n!!)F3!!%m&!!!$*Ec6&.FD5Z2!2'Jq$O:0a@W,skEsD[F!'i71!&JTc!#/9#\"\"1>D!#tFt!\"@6D!tXnj!!ipCD/\")jBk1d@DZKi&#RPQdA7\\\\XCh[D\\!'^`\"F(o/r6#:CVF*(?!Ch[D\\!'^Vn@VfsmCJJ;TAJ@LME,]B/+EM41DJ*cs+C]/*@quGg@<Q'nCe\\>[ATDKnCf,=`DKKT7Bk;>gz&-)\\1&-)\\1&-)\\1&-)\\1","7344131":"!<d@[F*M@>#QOl.E,TfC$31&+!<d@[F*\\eQ#64o6@VfsmCI<#NAIW-_Bldj%ARo7dDe!Pj$#O*mATDKnCi]^Z!!!uC!!#[n!!)F3!!%m&!!!$*Ec6&.FD5Z2!2'Jq$O:0a@W,skEsD[F!'i71!&JTc!#/9#\"\"1>D!#tFt!\"@6D!tXnj!!ipCD/\")jBk1d@DZKi&#RPQdA7\\\\XCh[D\\!'^`\"F(o/r6#:CVF*(?!Ch[D\\!'^Vn@VfsmCJJ;TAJ@LME,]B/+EM41DJ*cs+C]/*@quGg@<Q'nCe\\>[ATDKnCf,=`DKKT7Bk;>gz&-)\\1&-)\\1&-)\\1&-)\\1","7345155":"!<d@[F*M@>#QOl.E,TfC$31&+!<d@[F*\\hR#64o6@VfsmCI<#NAIW-_Bldj%ARo7dDe!Pj$#O*mATDKnCi]^Z!!!uC!!#[n!!)F3!!%m&!!!$*Ec6&.FD5Z2!2'Jq$O:0a@W,skEsD[F!'i71!&JTc!#/9#\"\"1>D!#tFt!\"@6D!tXnj!!ipCD/\")jBk1d@DZKi&#RPQdA7\\\\XCh[D\\!'^`\"F(o/r6#:CVF*(?!Ch[D\\!'^Vn@VfsmCJJ;TAJ@LME,]B/+EM41DJ*cs+C]/*@quGg@<Q'nCe\\>[ATDKnCf,=`DKKT7Bk;>gz&-)\\1&-)\\1&-)\\1&-)\\1","7346179":"!<d@[F*M@>#QOl.E,TfC$31&+!<d@[F*\\kS#64o6@VfsmCI<#NAIW-_Bldj%ARo7dDe!Pj$#O*mATDKnCi]a[!!!uC!!%m&!!$[X!!#[n!!)F3!!!$*Ec6&.FD5Z2!2'Jq$O:0a@W,skEu=rX!!!$5!^JG]!!+i!!\\klD!Wt56!]+e:!!GV2!X(b$!>JF0!<l=3!X2C%!>SHE!=\"-!![_A#!XEd$![k3m!\"\"c\"!Xcde!ZIdV!Xl=g!ZUWK!\"@3c!=dI\"!=n*3!Y=d>!!ipCD/\")jBk1d@DZKi&#RPQdA7\\\\XCh[D\\!'^`\"F(o/r6#:CVF*(?!Ch[D\\!'^Vn@VfsmCJJ;TAJ@LME,]B/+EM41DJ*cs+C]/*@quGg@<Q'nCe\\>[ATDKnCf,=`DKKT7Bk;>hz&-)\\1&-)\\1&-)\\1&-)\\1&-)\\1","8393731":"!<d@[F*M@>#QOl.E,TfC$NL/,!<d@[F*\\hR#64o6@VfsmCI<#NAIW-_Bldj%ARo7dDe!Pj$Zg3(G@Pc)DeWa'!rr<$Y5S1sS(m`=T)6V0$P@#lDfor.;f6Mt6ZljVBk28dzn=Ta^X7-)s$#O*mATDKnCi]UW!!%'c!!!$*Ec6&.FD5Z2!2'Jq$O:0a@W,skEruCB!1Wl]!0$jN!3Z:s!!ipCD/\")jBk1d@DZKh<#RPQdA7\\\\XCh[D\\!!!98F(o/r6#:CVF*(?!Ch[D\\!!!0/@VfsmCJJ;TAJ@LMEcQ)/ARlomEaa$1+C]/*@quGg@<Q'nCe\\>[ATDKnCf,=`DKKT7Bk;>dz&-)\\1","8394755":"!<d@[F*M@>#QOl.E,TfC$NL/,!<d@[F*\\kS#64o6@VfsmCI<#NAIW-_Bldj%ARo7dDe!Pj$Zg3(G@Pc)DeWa'!rr<$Xmd5/S%qSqSao>P$P@#lDfor.;f6Mt6ZljVBk28dzT^Vphp$_qh$#O*mATDKnCi]UW!!%'c!!!$*Ec6&.FD5Z2!2'Jq$O:0a@W,skEruCB!1WIL!0$D,!3P`/!!ipCD/\")jBk1d@DZKh<#RPQdA7\\\\XCh[D\\!!!98F(o/r6#:CVF*(?!Ch[D\\!!!0/@VfsmCJJ;TAJ@LMEcQ)/ARlomEaa$1+C]/*@quGg@<Q'nCe\\>[ATDKnCf,=`DKKT7Bk;>dz&-)\\1","4":"!<d@[F*MC?#QOl.E,TfC!rr<$!<d@[F*\\YM#64o6@VfsmCI<#NAIW-_Bldj%ARo7dDe!Pj$#O*mATDKnCi]UW!!%m&!!!$*Ec6&.FD5Z2!2'Jq$O:0a@W,skErc7@!!#[l!!ipCD/\")jBk1d@DZKi&#RPQdA7\\\\XCh[D\\!'^`\"F(o/r6#:CVF*(?!Ch[D\\!'^Vn@VfsmCJJ;TAJ7s[FED)3+Co%m@<--pA0>],B+#MaG%#*$9jr-TEbSru;0?;bFD5i2ATIkP!!!!1!!!!","6148":"!<d@[F*MC?#QOl.E,TfC!rr<$!<d@[F*\\kS#64o6@VfsmCI<#NAIW-_Bldj%ARo7dDe!Pj$#O*mATDKnCi]UW!!%m&!!!$*Ec6&.FD5Z2!2'Jq$O:0a@W,skErc7@!!#8[!!ipCD/\")jBk1d@DZKi&#RPQdA7\\\\XCh[D\\!'^`\"F(o/r6#:CVF*(?!Ch[D\\!'^Vn@VfsmCJJ;TAJ7s[FED)3+Co%m@<--pA0>],B+#MaG%#*$9jr-TEbSru;0?;bFD5i2ATIkP!!!!1!!!!","1048580":"!<d@[F*MC?#QOl.E,TfC\"98E%!<d@[F*\\YM#64o6@VfsmCI<#NAIW-_Bldj%ARo7dDe!Pj$#O*mATDKnCi]UW!!%m&!!!$*Ec6&.FD5Z2!2'Jq$O:0a@W,skErc7@!!#[l!!ipCD/\")jBk1d@DZKi&#RPQdA7\\\\XCh[D\\!'^`\"F(o/r6#:CVF*(?!Ch[D\\!'^Vn@VfsmCJJ;TAJ7s[FED)3+Co%m@<--pA0>],B+#MaG%#*$9jr-TEbSru;0?;bFD5i2ATIkP!!!!1!!!!","1054724":"!<d@[F*MC?#QOl.E,TfC\"98E%!<d@[F*\\kS#64o6@VfsmCI<#NAIW-_Bldj%ARo7dDe!Pg\"_)%OD0$d!$69HW*<6(i4q\\A8!!#:\"'`\\5!5TKh)!4*O'9-=<E$#O*mATDKnCi]UW!!%m&!!!$*Ec6&.FD5Z2!2'Jq$O:0a@W,skErc7@!!#8[!!ipCD/\")jBk1d@DZKi&#RPQdA7\\\\XCh[D\\!'^`\"F(o/r6#:CVF*(?!Ch[D\\!'^Vn@VfsmCJJ;TAJ7s[FED)3+Co%m@<--pA0>],B+#MaG%#*$9jr-TEbSru;0?;bFD5i2ATIkP!!!!1!!!!","2097156":"!<d@[F*MC?#QOl.E,TfC\"TSN&!<d@[F*\\YM#64o6@VfsmCI<#NAIW-_Bldj%ARo7dDe!Pj$#O*mATDKnCi]UW!!%m&!!!$*Ec6&.FD5Z2!2'Jq$O:0a@W,skEs;UE!!#[f!2)FO!737r!7OXA!:r:e!2N<d!!ipCD/\")jBk1d@DZKh<#RPQdA7\\\\XCh[D\\!!!98F(o/r6#:CVF*(?!Ch[D\\!!!0/@VfsmCJJ;TAJ7s[FED)3+Co%m@<--pA0>],B+#MaG%#*$9jr-TEbSru;0?;bFD5i2ATIkP!!!!1!!!!","2103300":"!<d@[F*MC?#QOl.E,TfC\"TSN&!<d@[F*\\kS#64o6@VfsmCI<#NAIW-_Bldj%ARo7dDe!Pj$#O*mATDKnCi]UW!!%m&!!!$*Ec6&.FD5Z2!2'Jq$O:0a@W,skEsMaG!!#8R!,t1f!0BT?!5Lur!8p7@!-(Ct!22eR!7=2/!!ipCD/\")jBk1d@DZKh<#RPQdA7\\\\XCh[D\\!!!98F(o/r6#:CVF*(?!Ch[D\\!!!0/@VfsmCJJ;TAJ7s[FED)3+Co%m@<--pA0>],B+#MaG%#*$9jr-TEbSru;0?;bFD5i2ATIkP!!!!1!!!!","3145732":"!<d@[F*MC?#QOl.E,TfC\"onW'!<d@[F*\\YM#64o6@VfsmCI<#NAIW-_Bldj%ARo7dDe!Pg\"_)%OD0$s&$6ffa'`\\46590_(J3OYW%KHGm^_HnNi4g94!'iacj@^Tt$OLZYFCfK,@;Kuc!!!\"V,ldoG#]aj*@<?4%D?-=5!\"0$AF^f9'A9.bO!!!!lrr<<3ASl.';e]cR6#Qc(56qR:Bk1dRDes,u!<>=i%s)GqAO1-LDf^#!Des,u!<>=f$\"@^h@r\"hJD.OAYDfg)4DBNJ$@UX:mARlp\"DeBFo@<Q'nCe\\>[ATDKnCf,=`DKKT7Bk;>dz&-)\\1","3146756":"!<d@[F*MC?#QOl.E,TfC\"onW'!<d@[F*\\\\N#64o6@VfsmCI<#NAIW-_Bldj%ARo7dDe!Pj$#O*mATDKnCi]UW!!&E5!!!$*Ec6&.FD5Z2!2'Jq$O:0a@W,skErc7@!2'o'!!ipCD/\")jBk1d@DZKi&#RPQdA7\\\\XCh[D\\!'^`\"F(o/r6#:CVF*(?!Ch[D\\!'^Vn@VfsmCJJ;TAJ7s[FED)3+Co%m@<--pA0>],B+#MaG%#*$9jr-TEbSru;0?;bFD5i2ATIkP!!!!1!!!!","3147780":"!<d@[F*MC?#QOl.E,TfC\"onW'!<d@[F*\\_O#64o6@VfsmCI<#NAIW-_Bldj%ARo7dDe!Pj$#O*mATDKnCi]UW!!&E5!!!$*Ec6&.FD5Z2!2'Jq$O:0a@W,skErc7@!2'o'!!ipCD/\")jBk1d@DZKi&#RPQdA7\\\\XCh[D\\!'^`\"F(o/r6#:CVF*(?!Ch[D\\!'^Vn@VfsmCJJ;TAJ7s[FED)3+Co%m@<--pA0>],B+#MaG%#*$9jr-TEbSru;0?;bFD5i2ATIkP!!!!1!!!!","3148804":"!<d@[F*MC?#QOl.E,TfC\"onW'!<d@[F*\\bP#64o6@VfsmCI<#NAIW-_Bldj%ARo7dDe!Pj$#O*mATDKnCi]UW!!&E5!!!$*Ec6&.FD5Z2!2'Jq$O:0a@W,skErc7@!2'o'!!ipCD/\")jBk1d@DZKi&#RPQdA7\\\\XCh[D\\!'^`\"F(o/r6#:CVF*(?!Ch[D\\!'^Vn@VfsmCJJ;TAJ7s[FED)3+Co%m@<--pA0>],B+#MaG%#*$9jr-TEbSru;0?;bFD5i2ATIkP!!!!1!!!!","3149828":"!<d@[F*MC?#QOl.E,TfC\"onW'!<d@[F*\\eQ#64o6@VfsmCI<#NAIW-_Bldj%ARo7dDe!Pj$#O*mATDKnCi]UW!!&E5!!!$*Ec6&.FD5Z2!2'Jq$O:0a@W,skErc7@!2'o'!!ipCD/\")jBk1d@DZKi&#RPQdA7\\\\XCh[D\\!'^`\"F(o/r6#:CVF*(?!Ch[D\\!'^Vn@VfsmCJJ;TAJ7s[FED)3+Co%m@<--pA0>],B+#MaG%#*$9jr-TEbSru;0?;bFD5i2ATIkP!!!!1!!!!","3150852":"!<d@[F*MC?#QOl.E,TfC\"onW'!<d@[F*\\hR#64o6@VfsmCI<#NAIW-_Bldj%ARo7dDe!Pj$#O*mATDKnCi]UW!!&E5!!!$*Ec6&.FD5Z2!2'Jq$O:0a@W,skErc7@!2'o'!!ipCD/\")jBk1d@DZKi&#RPQdA7\\\\XCh[D\\!'^`\"F(o/r6#:CVF*(?!Ch[D\\!'^Vn@VfsmCJJ;TAJ7s[FED)3+Co%m@<--pA0>],B+#MaG%#*$9jr-TEbSru;0?;bFD5i2ATIkP!!!!1!!!!","3151876":"!<d@[F*MC?#QOl.E,TfC\"onW'!<d@[F*\\kS#64o6@VfsmCI<#NAIW-_Bldj%ARo7dDe!Pj$#O*mATDKnCi]UW!!%m&!!!$*Ec6&.FD5Z2!2'Jq$O:0a@W,skErc7@!!#8[!!ipCD/\")jBk1d@DZKi&#RPQdA7\\\\XCh[D\\!'^`\"F(o/r6#:CVF*(?!Ch[D\\!'^Vn@VfsmCJJ;TAJ7s[FED)3+Co%m@<--pA0>],B+#MaG%#*$9jr-TEbSru;0?;bFD5i2ATIkP!!!!1!!!!","4194308":"!<d@[F*MC?#QOl.E,TfC#64`(!<d@[F*\\YM#64o6@VfsmCI<#NAIW-_Bldj%ARo7dDe!Pj$#O*mATDKnCi]UW!!%m&!!!$*Ec6&.FD5Z2!2'Jq$O:0a@W,skErc7@!!#[l!!ipCD/\")jBk1d@DZKi&#RPQdA7\\\\XCh[D\\!'^`\"F(o/r6#:CVF*(?!Ch[D\\!'^Vn@VfsmCJJ;TAJ7s[FED)3+Co%m@<--pA0>],B+#MaG%#*$9jr-TEbSru;0?;bFD5i2ATIkP!!!!1!!!!","4195332":"!<d@[F*MC?#QOl.E,TfC#64`(!<d@[F*\\\\N#64o6@VfsmCI<#NAIW-_Bldj%ARo7dDe!Pj$#O*mATDKnCi]XX!!$[X!!%m&!!!$*Ec6&.FD5Z2!2'Jq$O:0a@W,skEt\\NR!!5Cb!!56s!!5*/!!4r@!!4eA!!4^t!!4XR!!4R0!!4Kc!!4EA!!4;s!!++t!!\"\"b!<F(1!!*gA!!!^/!<E`B!!!Jc!<<:1!=0$DD/\")jBk1d@DZKi&#RPQdA7\\\\XCh[D\\!'^`\"F(o/r6#:CVF*(?!Ch[D\\!'^Vn@VfsmCJJ;TAJ[^PEcQ;8@<?'k+DGk7DBO.3Cht4$0aee+G%#*$9jr-TEbSru;0?;bFD5i2ATInQ!!!!1!!!!1!!!!","4196356":"!<d@[F*MC?#QOl.E,TfC#64`(!<d@[F*\\_O#64o6@VfsmCI<#NAIrBjDfRFNDes,u/S/C0DKu?lEc6&.FCeTQ@:\\+'ahJ,dDfB9*ARkcI%;B^'ATDl`@;]UlATIhO","4197380":"!<d@[F*MC?#QOl.E,TfC#64`(!<d@[F*\\bP#64o6@VfsmCI<#NAIW-_Bldj%ARo7dDe!Pj$#O*mATDKnCi]XX!!$[X!!%m&!!!$*Ec6&.FD5Z2!2'Jq$O:0a@W,skEt\\NR!!5Cb!!56s!!5*/!!4r@!!4eA!!4^t!!4XR!!4R0!!4Kc!!4EA!!4;s!!++t!!\"\"b!<F(1!!*gA!!!^/!<E`B!!!Jc!<<:1!=0$DD/\")jBk1d@DZKi&#RPQdA7\\\\XCh[D\\!'^`\"F(o/r6#:CVF*(?!Ch[D\\!'^Vn@VfsmCJJ;TAJ[^PEcQ;8@<?'k+DGk7DBO.3Cht4$0aee+G%#*$9jr-TEbSru;0?;bFD5i2ATInQ!!!!1!!!!1!!!!","4198404":"!<d@[F*MC?#QOl.E,TfC#64`(!<d@[F*\\eQ#64o6@VfsmCI<#NAIW-_Bldj%ARo7dDe!Pj$#O*mATDKnCi][Y!!$[X!!%m&!!\"JP!!!$*Ec6&.FD5Z2!2'Jq$O:0a@W,skEt\\NR!!5Cb!!56s!!5*/!!4r@!!4eA!!4^t!!4XR!!4R0!!4Kc!!4EA!!4;s!!++t!!\"\"b!<F(1!!*gA!!!^/!<E`B!!!Jc!<<:1!=0$DD/\")jBk1d@DZKi&#RPQdA7\\\\XCh[D\\!'^`\"F(o/r6#:CVF*(?!Ch[D\\!'^Vn@VfsmCJJ;TAJ[^PEcQ;8@<?'k+DGk7DBO.3Cht4$0aee+G%#*$9jr-TEbSru;0?;bFD5i2ATIqR!!!!1!!!!1!!!!1!!!!","4199428":"!<d@[F*MC?#QOl.E,TfC#64`(!<d@[F*\\hR#64o6@VfsmCI<#NAIW-_Bldj%ARo7dDe!Pj$#O*mATDKnCi][Y!!$[X!!%m&!!\"JP!!!$*Ec6&.FD5Z2!2'Jq$O:0a@W,skEtSHQ!!5Cb!!56s!!5*/!!4r@!!4eA!!4^t!!4XR!!4R0!!4Kc!!4EA!!4;s!!++t!!+(c!<F(1!!*gA!!*d0!<E`B!!!$!!XK-ED/\")jBk1d@DZKi&#RPQdA7\\\\XCh[D\\!'^`\"F(o/r6#:CVF*(?!Ch[D\\!'^Vn@VfsmCJJ;TAJ[^PEcQ;8@<?'k+DGk7DBO.3Cht4$0aee+G%#*$9jr-TEbSru;0?;bFD5i2ATIqR!!!!1!!!!1!!!!1!!!!","4200452":"!<d@[F*MC?#QOl.E,TfC#64`(!<d@[F*\\kS#64o6@VfsmCI<#NAIW-_Bldj%ARo7dDe!Pj$#O*mATDKnCi]UW!!%m&!!!$*Ec6&.FD5Z2!2'Jq$O:0a@W,skErc7@!!#8[!!ipCD/\")jBk1d@DZKi&#RPQdA7\\\\XCh[D\\!'^`\"F(o/r6#:CVF*(?!Ch[D\\!'^Vn@VfsmCJJ;TAJ7s[FED)3+Co%m@<--pA0>],B+#MaG%#*$9jr-TEbSru;0?;bFD5i2ATIkP!!!!1!!!!","5242884":"!<d@[F*MC?#QOl.E,TfC#QOi)!<d@[F*\\YM#64o6@VfsmCI<#NAIW-_Bldj%ARo7dDe!Pj$#O*mATDKnCi]UW!!%m&!!!$*Ec6&.FD5Z2!2'Jq$O:0a@W,skErc7@!!#[l!!ipCD/\")jBk1d@DZKi&#RPQdA7\\\\XCh[D\\!'^`\"F(o/r6#:CVF*(?!Ch[D\\!'^Vn@VfsmCJJ;TAJ7s[FED)3+Co%m@<--pA0>],B+#MaG%#*$9jr-TEbSru;0?;bFD5i2ATIkP!!!!1!!!!","5243908":"!<d@[F*MC?#QOl.E,TfC#QOi)!<d@[F*\\\\N#64o6@VfsmCI<#NAIW-_Bldj%ARo7dDe!Pj$#O*mATDKnCi]XX!!$[X!!%m&!!!$*Ec6&.FD5Z2!2'Jq$O:0a@W,skEt\\NR!!5Cb!!56s!!5*/!!4r@!!4eA!!4^t!!4XR!!4R0!!4Kc!!4EA!!4;s!!++t!!\"\"b!<F(1!!*gA!!!^/!<E`B!!!Jc!<<:1!=0$DD/\")jBk1d@DZKi&#RPQdA7\\\\XCh[D\\!'^`\"F(o/r6#:CVF*(?!Ch[D\\!'^Vn@VfsmCJJ;TAJ[^PEcQ;8@<?'k+DGk7DBO.3Cht4$0aee+G%#*$9jr-TEbSru;0?;bFD5i2ATInQ!!!!1!!!!1!!!!","5245956":"!<d@[F*MC?#QOl.E,TfC#QOi)!<d@[F*\\bP#64o6@VfsmCI<#NAIW-_Bldj%ARo7dDe!Pj$#O*mATDKnCi]a[!!$[X!!%m&!!\"YU!!%$A!!$15!!!$*Ec6&.FD5Z2!2'Jq$O:0a@W,skF!(G_!!5Cb!!56e!!5*!!!4r@!9$#S!9#kd!!4eA!!4^t!!4XD!!4R\"!!4KU!!4EA!!4;s!9,K3!9,Df!9,>D!!++t!!!qR!<F(#!!!^a!<E`B!$E9-!?i5c\"!A:b!DsW?!aukS\"-FA0!hgCB\"47mt!oY#h!!!Jc!<<Fg!=0$DD/\")jBk1d@DZKi&#RPQdA7\\\\XCh[D\\!'^`\"F(o/r6#:CVF*(?!Ch[D\\!'^Vn@VfsmCJJ;TAK=-VEcQ;8@<?'k+DGk7DBO.3Cht5<Bl7I\"G7$)5(L_JqBl$LPFCfK,@;Je`@;^1$FD5<-\"TSN&!\"],1!\"],1!\"],1!\"],1!\"],1!!","5246980":"!<d@[F*MC?#QOl.E,TfC#QOi)!<d@[F*\\eQ#64o6@VfsmCI<#NAIW-_Bldj%ARo7dDe!Pj$#O*mATDKnCi]a[!!$[X!!%m&!!\"YU!!%$A!!$15!!!$*Ec6&.FD5Z2!2'Jq$O:0a@W,skF#!^q!9W\\*!Tr^n\"R>0A\"RP5f\"R\"i@!Ti%<\"Qd$t\"QcLu\"Qbu1\"QbK3\"QO#f!odMB!p*\\4\"9Lgf!!56e!!5*!!!4r@!7F$d!n&o\"!oZ5U!9#kd!!4eA!!4^t!!4XD!!4R\"!!4KU!!4E=!!4;s!5^>C!l?3V!ob]5!9,Df!9,>D!9,8\"!!++t!!!qR!<F(#!!!^a!<E`B!$E9-!?i5c\"!A:b!DsW?!aukS\"-FA0!hgCB\"47mt!oY#h!!!Jc!<<Fg!=0$DD/\")jBk1d@DZKi&#RPQdA7\\\\XCh[D\\!'^`\"F(o/r6#:CVF*(?!Ch[D\\!'^Vn@VfsmCJJ;TAK=-VEcQ;8@<?'k+DGk7DBO.3Cht5<Bl7I\"G7$&4(L_JqBl$LPFCfK,@;Je`@;^1$FD5<-\"TSN&!\"],1!\"],1!\"],1!\"],1!\"],1!!","5248004":"!<d@[F*MC?#QOl.E,TfC#QOi)!<d@[F*\\hR#64o6@VfsmCI<#NAIW-_Bldj%ARo7dDe!Pj$#O*mATDKnCi][Y!!$[X!!%m&!!\"JP!!!$*Ec6&.FD5Z2!2'Jq$O:0a@W,skEtSHQ!!5Cb!!56s!!5*/!!4r@!!4eA!!4^t!!4XR!!4R0!!4Kc!!4EA!!4;s!!++t!!+(c!<F(1!!*gA!!*d0!<E`B!!!$!!XK-ED/\")jBk1d@DZKi&#RPQdA7\\\\XCh[D\\!'^`\"F(o/r6#:CVF*(?!Ch[D\\!'^Vn@VfsmCJJ;TAJ[^PEcQ;8@<?'k+DGk7DBO.3Cht4$0aee+G%#*$9jr-TEbSru;0?;bFD5i2ATIqR!!!!1!!!!1!!!!1!!!!","5249028":"!<d@[F*MC?#QOl.E,TfC#QOi)!<d@[F*\\kS#64o6@VfsmCI<#NAIW-_Bldj%ARo7dDe!Pj$#O*mATDKnCi]UW!!%m&!!!$*Ec6&.FD5Z2!2'Jq$O:0a@W,skErc7@!!#8[!!ipCD/\")jBk1d@DZKi&#RPQdA7\\\\XCh[D\\!'^`\"F(o/r6#:CVF*(?!Ch[D\\!'^Vn@VfsmCJJ;TAJ7s[FED)3+Co%m@<--pA0>],B+#MaG%#*$9jr-TEbSru;0?;bFD5i2ATIkP!!!!1!!!!","6291460":"!<d@[F*MC?#QOl.E,TfC#ljr*!<d@[F*\\YM#64o6@VfsmCI<#NAIW-_Bldj%ARo7dDe!Pj$#O*mATDKnCi]UW!!%m&!!!$*Ec6&.FD5Z2!2'Jq$O:0a@W,skErc7@!!#[l!!ipCD/\")jBk1d@DZKi&#RPQdA7\\\\XCh[D\\!'^`\"F(o/r6#:CVF*(?!Ch[D\\!'^Vn@VfsmCJJ;TAJ7s[FED)3+Co%m@<--pA0>],B+#MaG%#*$9jr-TEbSru;0?;bFD5i2ATIkP!!!!1!!!!","6292484":"!<d@[F*MC?#QOl.E,TfC#ljr*!<d@[F*\\\\N#64o6@VfsmCI<#NAIW-_Bldj%ARo7dDe!Pj$#O*mATDKnCi]XX!!$[X!!%m&!!!$*Ec6&.FD5Z2!2'Jq$O:0a@W,skEt\\NR!!5Cb!!56s!!5*/!!4r@!!4eA!!4^t!!4XR!!4R0!!4Kc!!4EA!!4;s!!++t!!\"\"b!<F(1!!*gA!!!^/!<E`B!!!Jc!<<:1!=0$DD/\")jBk1d@DZKi&#RPQdA7\\\\XCh[D\\!'^`\"F(o/r6#:CVF*(?!Ch[D\\!'^Vn@VfsmCJJ;TAJ[^PEcQ;8@<?'k+DGk7DBO.3Cht4$0aee+G%#*$9jr-TEbSru;0?;bFD5i2ATInQ!!!!1!!!!1!!!!","6293508":"!<d@[F*MC?#QOl.E,TfC#ljr*!<d@[F*\\_O#64o6@VfsmCI<#NAIW-_Bldj%ARo7dDe!Pj$#O*mATDKnCi]XX!!$[X!!%m&!!!$*Ec6&.FD5Z2!2'Jq$O:0a@W,skEt\\NR!!5Cb!!56s!!5*/!!4r@!!4eA!!4^t!!4XR!!4R0!!4Kc!!4EA!!4;s!!++t!!\"\"b!<F(1!!*gA!!!^/!<E`B!!!Jc!<<:1!=0$DD/\")jBk1d@DZKi&#RPQdA7\\\\XCh[D\\!'^`\"F(o/r6#:CVF*(?!Ch[D\\!'^Vn@VfsmCJJ;TAJ[^PEcQ;8@<?'k+DGk7DBO.3Cht4$0aee+G%#*$9jr-TEbSru;0?;bFD5i2ATInQ!!!!1!!!!1!!!!","6294532":"!<d@[F*MC?#QOl.E,TfC#ljr*!<d@[F*\\bP#64o6@VfsmCI<#NAIW-_Bldj%ARo7dDe!Pj$#O*mATDKnCi]XX!!$[X!!%m&!!!$*Ec6&.FD5Z2!2'Jq$O:0a@W,skEt\\NR!!5Cb!!56s!!5*/!!4r@!!4eA!!4^t!!4XR!!4R0!!4Kc!!4EA!!4;s!!++t!!\"\"b!<F(1!!*gA!!!^/!<E`B!!!Jc!<<:1!=0$DD/\")jBk1d@DZKi&#RPQdA7\\\\XCh[D\\!'^`\"F(o/r6#:CVF*(?!Ch[D\\!'^Vn@VfsmCJJ;TAJ[^PEcQ;8@<?'k+DGk7DBO.3Cht4$0aee+G%#*$9jr-TEbSru;0?;bFD5i2ATInQ!!!!1!!!!1!!!!","6295556":"!<d@[F*MC?#QOl.E,TfC#ljr*!<d@[F*\\eQ#64o6@VfsmCI<#NAIW-_Bldj%ARo7dDe!Pj$#O*mATDKnCi][Y!!$[X!!%m&!!\"JP!!!$*Ec6&.FD5Z2!2'Jq$O:0a@W,skEt\\NR!!5Cb!!56s!!5*/!!4r@!!4eA!!4^t!!4XR!!4R0!!4Kc!!4EA!!4;s!!++t!!\"\"b!<F(1!!*gA!!!^/!<E`B!!!Jc!<<:1!=0$DD/\")jBk1d@DZKi&#RPQdA7\\\\XCh[D\\!'^`\"F(o/r6#:CVF*(?!Ch[D\\!'^Vn@VfsmCJJ;TAJ[^PEcQ;8@<?'k+DGk7DBO.3Cht4$0aee+G%#*$9jr-TEbSru;0?;bFD5i2ATIqR!!!!1!!!!1!!!!1!!!!","6296580":"!<d@[F*MC?#QOl.E,TfC#ljr*!<d@[F*\\hR#64o6@VfsmCI<#NAIW-_Bldj%ARo7dDe!Pj$#O*mATDKnCi][Y!!$[X!!%m&!!\"JP!!!$*Ec6&.FD5Z2!2'Jq$O:0a@W,skEtSHQ!!5Cb!!56s!!5*/!!4r@!!4eA!!4^t!!4XR!!4R0!!4Kc!!4EA!!4;s!!++t!!+(c!<F(1!!*gA!!*d0!<E`B!!!$!!XK-ED/\")jBk1d@DZKi&#RPQdA7\\\\XCh[D\\!'^`\"F(o/r6#:CVF*(?!Ch[D\\!'^Vn@VfsmCJJ;TAJ[^PEcQ;8@<?'k+DGk7DBO.3Cht4$0aee+G%#*$9jr-TEbSru;0?;bFD5i2ATIqR!!!!1!!!!1!!!!1!!!!","6297604":"!<d@[F*MC?#QOl.E,TfC#ljr*!<d@[F*\\kS#64o6@VfsmCI<#NAIW-_Bldj%ARo7dDe!Pj$#O*mATDKnCi]UW!!%m&!!!$*Ec6&.FD5Z2!2'Jq$O:0a@W,skErc7@!!#8[!!ipCD/\")jBk1d@DZKi&#RPQdA7\\\\XCh[D\\!'^`\"F(o/r6#:CVF*(?!Ch[D\\!'^Vn@VfsmCJJ;TAJ7s[FED)3+Co%m@<--pA0>],B+#MaG%#*$9jr-TEbSru;0?;bFD5i2ATIkP!!!!1!!!!","7340036":"!<d@[F*MC?#QOl.E,TfC$31&+!<d@[F*\\YM#64o6@VfsmCI<#NAIW-_Bldj%ARo7dDe!Pj$#O*mATDKnCi]^Z!!!uC!!%m&!!$[X!!#[n!!!$*Ec6&.FD5Z2!2'Jq$O:0a@W,skErl=A!!$^%!\"]G+!!ipCD/\")jBk1d@DZKi&#RPQdA7\\\\XCh[D\\!'^`\"F(o/r6#:CVF*(?!Ch[D\\!'^Vn@VfsmCJJ;TAJ@LME,]B/+EM41DJ*cs+C]/*@quGg@<Q'nCe\\>[ATDKnCf,=`DKKT7Bk;>gz&-)\\1&-)\\1&-)\\1&-)\\1","7341060":"!<d@[F*MC?#QOl.E,TfC$31&+!<d@[F*\\\\N#64o6@VfsmCI<#NAIW-_Bldj%ARo7dDe!Pj$#O*mATDKnCi]^Z!!!uC!!#[n!!)F3!!%m&!!!$*Ec6&.FD5Z2!2'Jq$O:0a@W,skErl=A!!$Er!\"]/#!!ipCD/\")jBk1d@DZKi&#RPQdA7\\\\XCh[D\\!'^`\"F(o/r6#:CVF*(?!Ch[D\\!'^Vn@VfsmCJJ;TAJ@LME,]B/+EM41DJ*cs+C]/*@quGg@<Q'nCe\\>[ATDKnCf,=`DKKT7Bk;>gz&-)\\1&-)\\1&-)\\1&-)\\1","7342084":"!<d@[F*MC?#QOl.E,TfC$31&+!<d@[F*\\_O#64o6@VfsmCI<#NAIW-_Bldj%ARo7dDe!Pj$#O*mATDKnCi]^Z!!!uC!!#[n!!)F3!!%m&!!!$*Ec6&.FD5Z2!2'Jq$O:0a@W,skErl=A!!$Er!\"]/#!!ipCD/\")jBk1d@DZKi&#RPQdA7\\\\XCh[D\\!'^`\"F(o/r6#:CVF*(?!Ch[D\\!'^Vn@VfsmCJJ;TAJ@LME,]B/+EM41DJ*cs+C]/*@quGg@<Q'nCe\\>[ATDKnCf,=`DKKT7Bk;>gz&-)\\1&-)\\1&-)\\1&-)\\1","7343108":"!<d@[F*MC?#QOl.E,TfC$31&+!<d@[F*\\bP#64o6@VfsmCI<#NAIW-_Bldj%ARo7dDe!Pj$#O*mATDKnCi]^Z!!!uC!!#[n!!)F3!!%m&!!!$*Ec6&.FD5Z2!2'Jq$O:0a@W,skErl=A!!$Er!\"]/#!!ipCD/\")jBk1d@DZKi&#RPQdA7\\\\XCh[D\\!'^`\"F(o/r6#:CVF*(?!Ch[D\\!'^Vn@VfsmCJJ;TAJ@LME,]B/+EM41DJ*cs+C]/*@quGg@<Q'nCe\\>[ATDKnCf,=`DKKT7Bk;>gz&-)\\1&-)\\1&-)\\1&-)\\1","7344132":"!<d@[F*MC?#QOl.E,TfC$31&+!<d@[F*\\eQ#64o6@VfsmCI<#NAIW-_Bldj%ARo7dDe!Pj$#O*mATDKnCi]^Z!!!uC!!#[n!!)F3!!%m&!!!$*Ec6&.FD5Z2!2'Jq$O:0a@W,skErl=A!!$Er!\"]/#!!ipCD/\")jBk1d@DZKi&#RPQdA7\\\\XCh[D\\!'^`\"F(o/r6#:CVF*(?!Ch[D\\!'^Vn@VfsmCJJ;TAJ@LME,]B/+EM41DJ*cs+C]/*@quGg@<Q'nCe\\>[ATDKnCf,=`DKKT7Bk;>gz&-)\\1&-)\\1&-)\\1&-)\\1","7345156":"!<d@[F*MC?#QOl.E,TfC$31&+!<d@[F*\\hR#64o6@VfsmCI<#NAIW-_Bldj%ARo7dDe!Pj$#O*mATDKnCi]^Z!!!uC!!#[n!!)F3!!%m&!!!$*Ec6&.FD5Z2!2'Jq$O:0a@W,skErl=A!!$Er!\"]/#!!ipCD/\")jBk1d@DZKi&#RPQdA7\\\\XCh[D\\!'^`\"F(o/r6#:CVF*(?!Ch[D\\!'^Vn@VfsmCJJ;TAJ@LME,]B/+EM41DJ*cs+C]/*@quGg@<Q'nCe\\>[ATDKnCf,=`DKKT7Bk;>gz&-)\\1&-)\\1&-)\\1&-)\\1","7346180":"!<d@[F*MC?#QOl.E,TfC$31&+!<d@[F*\\kS#64o6@VfsmCI<#NAIW-_Bldj%ARo7dDe!Pj$#O*mATDKnCi]^Z!!!uC!!%m&!!$[X!!#[n!!!$*Ec6&.FD5Z2!2'Jq$O:0a@W,skErl=A!!$DG!\"]-M!!ipCD/\")jBk1d@DZKi&#RPQdA7\\\\XCh[D\\!'^`\"F(o/r6#:CVF*(?!Ch[D\\!'^Vn@VfsmCJJ;TAJ@LME,]B/+EM41DJ*cs+C]/*@quGg@<Q'nCe\\>[ATDKnCf,=`DKKT7Bk;>gz&-)\\1&-)\\1&-)\\1&-)\\1","8393732":"!<d@[F*MC?#QOl.E,TfC$NL/,!<d@[F*\\hR#64o6@VfsmCI<#NAIW-_Bldj%ARo7dDe!Pj$Zg3(G@Pc)DeWa'!rr<$TJ$'@OA\"7,P>:oR$P@#lDfor.;f6Mt6ZljVBk28dzn=TabqsXRn$#O*mATDKnCi]UW!!%'c!!!$*Ec6&.FD5Z2!2'Jq$O:0a@W,skEs)IC!.[3-!0Bja!2(t@!0g1Q!!ipCD/\")jBk1d@DZKh<#RPQdA7\\\\XCh[D\\!!!98F(o/r6#:CVF*(?!Ch[D\\!!!0/@VfsmCJJ;TAJ@LMEcQ)/ARlomEaa$1+C]/*@quGg@<Q'nCe\\>[ATDKnCf,=`DKKT7Bk;>dz&-)\\1","8394756":"!<d@[F*MC?#QOl.E,TfC$NL/,!<d@[F*\\kS#64o6@VfsmCI<#NAIW-_Bldj%ARo7dDe!Pj$Zg3(G@Pc)DeWa'!rr<$TF`RQO@)S>P!CGr$P@#lDfor.;f6Mt6ZljVBk28dzp$_qbn3?s]$#O*mATDKnCi]UW!!%'c!!!$*Ec6&.FD5Z2!2'Jq$O:0a@W,skEs)IC!.Za`!0BT?!2'lQ!0f`/!!ipCD/\")jBk1d@DZKh<#RPQdA7\\\\XCh[D\\!!!98F(o/r6#:CVF*(?!Ch[D\\!!!0/@VfsmCJJ;TAJ@LMEcQ)/ARlomEaa$1+C]/*@quGg@<Q'nCe\\>[ATDKnCf,=`DKKT7Bk;>dz&-)\\1"},"Entities":[],"ReplaceMode":2,"EntranceRotation":-1}