{
  "code": "wireplate",
  "class": "BlockWire",
  "entityclass": "BEEWire",
  "creativeinventory": {
    "general": [ "*-ew-uncovered" ],
    "qptech": [ "*-ew-uncovered" ]
  },
  "variantgroups": [
    {
      "code": "type",
      "states": [ "empty", "n", "e", "s", "w", "ne", "ns", "nw", "es", "ew", "sw", "nes", "new", "nsw", "esw", "nesw" ]
    },

    {
      "code": "wirecover",
      "states": [ "uncovered", "covered" ]
    }
  ],
  "attributes": {
    "acceptsdirectpower": false
  },
  "attributesByType": {
    "*": {
      "useFlux": 0,
      "genFlux": 0,
      "receptionFaces": [
        "north",
        "south",
        "east",
        "west",
        "down"
      ]

    }
  },
  "shapebytype": {
    "*-empty-uncovered": { "base": "block/metal/electric/wires/wireplate-tin-2a-empty" },
    "*-n-uncovered": {
      "base": "block/metal/electric/wires/wireplate-tin-2a-normal",
      "rotateY": 270
    },

    "*-e-uncovered": {
      "base": "block/metal/electric/wires/wireplate-tin-2a-normal",
      "rotateY": 180
    },
    "*-s-uncovered": {
      "base": "block/metal/electric/wires/wireplate-tin-2a-normal",
      "rotateY": 90
    },
    "*-w-uncovered": {
      "base": "block/metal/electric/wires/wireplate-tin-2a-normal",
      "rotateY": 0
    },

    "*-ns-uncovered": {
      "base": "block/metal/electric/wires/wireplate-tin-2a-normal",
      "rotateY": 90
    },
    "*-ew-uncovered": {
      "base": "block/metal/electric/wires/wireplate-tin-2a-normal",
      "rotateY": 0
    },

    "*-ne-uncovered": {
      "base": "block/metal/electric/wires/wireplate-tin-2a-l",
      "rotateY": 180
    },
    "*-nw-uncovered": {
      "base": "block/metal/electric/wires/wireplate-tin-2a-l",
      "rotateY": 270
    },
    "*-es-uncovered": {
      "base": "block/metal/electric/wires/wireplate-tin-2a-l",
      "rotateY": 90
    },
    "*-sw-uncovered": {
      "base": "block/metal/electric/wires/wireplate-tin-2a-l",
      "rotateY": 0
    },

    "*-nes-uncovered": {
      "base": "block/metal/electric/wires/wireplate-tin-2a-t",
      "rotateY": 180
    },
    "*-new-uncovered": {
      "base": "block/metal/electric/wires/wireplate-tin-2a-t",
      "rotateY": 270
    },
    "*-nsw-uncovered": {
      "base": "block/metal/electric/wires/wireplate-tin-2a-t",
      "rotateY": 0
    },
    "*-esw-uncovered": {
      "base": "block/metal/electric/wires/wireplate-tin-2a-t",
      "rotateY": 90
    },

    "*-nesw-uncovered": {
      "base": "block/metal/electric/wires/wireplate-tin-2a-cross",
      
      "rotateY": 0
    }

  },
  "textures": {
    "wires": { "base": "block/metal/wires/tin-wires" },
    "wire": { "base": "block/metal/wires/tin-wires" },
    "wood": { "base": "block/metal/wires/tin-wires" },
    "castiron": { "base": "block/castiron" }
  },
  "resistance": 1,
  "drawtypeByType": {
    "*-uncovered": "JSON"
  },
  "lightAbsorption": 0,
  "faceCullMode": "NeverCull",
  "renderpass": "OpaqueNoCull",
  "emitSideAo": {
    "all": false
  },
  "sideAo": { "all": false },
  "sideopaque": {
    "all": false
  },
  "sidesolid": { "all": false },
  "selectionBox": {
    "x1": 0,
    "y1": 0.0625,
    "z1": 0,
    "x2": 1,
    "y2": 0.125,
    "z2": 1
  },
  "collisionBox": {
    "x1": 0,
    "y1": 0.0625,
    "z1": 0,
    "x2": 1,
    "y2": 0.125,
    "z2": 1
  },
  "fpHandTransform": {
    "translation": {
      "x": 0,
      "y": 0.85,
      "z": 0.5
    },
    "rotation": {
      "x": 53,
      "y": -136,
      "z": -10
    },
    "origin": {
      "x": 0.5,
      "y": -0.5,
      "z": 0.5
    }
  },
  "sounds": {
    "place": "game:block/anvil",
    "walk": "game:walk/stone"
  }
}