{
	"editor": {
		"allAngles": true,
		"entityTextureMode": true
	},
	"textureWidth": 64,
	"textureHeight": 36,
	"textureSizes": {
		"bottom": [16,16],
		"skin": [64,36]
	},
	"textures": {
	},
	"elements": [
		{
			"name": "Rotation Point",
			"from": [ 0.0, 16.0, 0.0 ],
			"to": [ 0.0, 16.0, 0.0 ],
			"uv": [ 0.0, 0.0 ],
			"rotationOrigin": [ 0.0, 16.0, 0.0 ],
			"rotationZ": -90.0,
			"faces": {
			},
			"children": [
				{
					"name": "Base",
					"from": [ 0.0, 0.0, 8.0 ],
					"to": [ 0.0, 0.0, 8.0 ],
					"uv": [ 0.0, 0.0 ],
					"rotationOrigin": [ 0.0, 0.0, 8.0 ],
					"faces": {
					},
					"children": [
						{
							"name": "PeltBody",
							"from": [ 3.6, 0.0, -2.7 ],
							"to": [ 9.45, 0.378, 2.7 ],
							"unwrapMode": 5,
							"autoUnwrap": false,
							"uv": [ 0.0, 9.0 ],
							"rotationOrigin": [ 3.6, 0.0, -2.7 ],
							"faces": {
								"north": { "texture": "#skin", "uv": [ 18.5, 6.0, 25.0, 6.5 ], "rotation": 180, "autoUv": false, "windMode": [-1,-1,-1,-1] },
								"east": { "texture": "#skin", "uv": [ 12.0, 0.0, 12.5, 6.0 ], "rotation": 90, "autoUv": false, "windMode": [-1,-1,-1,-1] },
								"south": { "texture": "#skin", "uv": [ 6.0, 6.0, 12.5, 6.5 ], "autoUv": false, "windMode": [-1,-1,-1,-1] },
								"west": { "texture": "#skin", "uv": [ 6.0, 0.0, 6.5, 6.0 ], "rotation": 270, "autoUv": false, "windMode": [-1,-1,-1,-1] },
								"up": { "texture": "#skin", "uv": [ 6.0, 0.0, 12.5, 6.0 ], "autoUv": false, "windMode": [-1,-1,-1,-1] },
								"down": { "texture": "#bottom", "uv": [ 5.0, 8.5, 11.5, 14.5 ], "autoUv": false, "windMode": [-1,-1,-1,-1] }
							},
							"children": [
								{
									"name": "LBody",
									"from": [ 0.0, 0.009, 5.04 ],
									"to": [ 5.85, 0.369, 7.29 ],
									"unwrapMode": 5,
									"autoUnwrap": false,
									"uv": [ 0.0, 2.5 ],
									"rotationOrigin": [ 0.0, -0.009, 5.04 ],
									"rotationY": -3.0,
									"faces": {
										"east": { "texture": "#skin", "uv": [ 12.0, 6.5, 12.5, 9.0 ], "rotation": 90, "autoUv": false },
										"south": { "texture": "#skin", "uv": [ 6.0, 9.0, 12.5, 9.5 ], "autoUv": false, "windMode": [-1,-1,-1,-1] },
										"west": { "texture": "#skin", "uv": [ 6.0, 6.5, 6.5, 9.0 ], "rotation": 270, "autoUv": false, "windMode": [-1,-1,-1,-1] },
										"up": { "texture": "#skin", "uv": [ 6.0, 6.5, 12.5, 9.0 ], "autoUv": false, "windMode": [-1,-1,-1,-1] },
										"down": { "texture": "#bottom", "uv": [ 4.5, 2.0, 11.0, 4.5 ], "autoUv": false }
									},
									"children": [
										{
											"name": "LArm",
											"from": [ 0.0, 0.009, 1.35 ],
											"to": [ 0.9, 0.351, 4.5 ],
											"unwrapMode": 5,
											"autoUnwrap": false,
											"uv": [ 1.0, 27.0 ],
											"rotationOrigin": [ 0.0, 0.009, 1.35 ],
											"rotationY": -30.0,
											"faces": {
												"east": { "texture": "#skin", "uv": [ 36.5, 24.0, 37.0, 27.5 ], "rotation": 90, "autoUv": false, "windMode": [-1,-1,-1,-1] },
												"south": { "texture": "#skin", "uv": [ 35.5, 27.5, 36.5, 28.0 ], "autoUv": false, "windMode": [-1,-1,-1,-1] },
												"west": { "texture": "#skin", "uv": [ 35.0, 24.0, 35.5, 27.5 ], "rotation": 270, "autoUv": false, "windMode": [-1,-1,-1,-1] },
												"up": { "texture": "#skin", "uv": [ 35.5, 24.0, 36.5, 27.5 ], "autoUv": false, "windMode": [-1,-1,-1,-1] },
												"down": { "texture": "#bottom", "uv": [ 2.0, 11.0, 3.0, 14.5 ], "autoUv": false, "windMode": [-1,-1,-1,-1] }
											},
											"children": [
												{
													"name": "LArmLower",
													"from": [ 0.9, 0.009, 0.0 ],
													"to": [ 1.8, 0.333, 3.15 ],
													"unwrapMode": 5,
													"autoUnwrap": false,
													"uv": [ 3.0, 27.0 ],
													"rotationOrigin": [ 1.8, 0.009, 0.0 ],
													"rotationY": -10.0,
													"faces": {
														"east": { "texture": "#skin", "uv": [ 38.0, 24.0, 38.5, 27.5 ], "rotation": 90, "autoUv": false },
														"south": { "texture": "#skin", "uv": [ 37.0, 27.5, 38.0, 28.0 ], "autoUv": false, "windMode": [-1,-1,-1,-1] },
														"up": { "texture": "#skin", "uv": [ 37.0, 24.0, 38.0, 27.5 ], "autoUv": false, "windMode": [-1,-1,-1,-1] },
														"down": { "texture": "#bottom", "uv": [ 1.5, 9.0, 2.5, 12.5 ], "autoUv": false, "windMode": [-1,-1,-1,-1] }
													}
												}
											]
										}
									]
								},
								{
									"name": "RBody",
									"from": [ 0.0, -0.369, 0.36 ],
									"to": [ 5.85, -0.009, 2.61 ],
									"unwrapMode": 6,
									"autoUnwrap": false,
									"uv": [ 0.0, 9.0 ],
									"rotationOrigin": [ 0.0, 0.0, 0.36 ],
									"rotationX": 180.0,
									"rotationY": -3.0,
									"faces": {
										"east": { "texture": "#skin", "uv": [ 18.5, 6.5, 19.0, 9.0 ], "rotation": 90, "autoUv": false },
										"south": { "texture": "#skin", "uv": [ 18.5, 9.0, 25.0, 9.5 ], "rotation": 180, "autoUv": false, "windMode": [-1,-1,-1,-1] },
										"west": { "texture": "#skin", "uv": [ 24.5, 6.5, 25.0, 9.0 ], "rotation": 270, "autoUv": false, "windMode": [-1,-1,-1,-1] },
										"up": { "texture": "#bottom", "uv": [ 7.0, 6.0, 13.5, 8.5 ], "autoUv": false, "windMode": [-1,-1,-1,-1] },
										"down": { "texture": "#skin", "uv": [ 18.5, 6.5, 25.0, 9.0 ], "autoUv": false, "windMode": [-1,-1,-1,-1] }
									},
									"children": [
										{
											"name": "RArm",
											"from": [ 0.0, 0.009, 1.35 ],
											"to": [ 0.9, 0.351, 4.5 ],
											"unwrapMode": 6,
											"autoUnwrap": false,
											"uv": [ 2.5, 14.0 ],
											"rotationOrigin": [ 0.0, 0.351, 1.35 ],
											"rotationY": -30.0,
											"faces": {
												"east": { "texture": "#skin", "uv": [ 44.5, 24.0, 45.0, 27.5 ], "rotation": 90, "autoUv": false },
												"south": { "texture": "#skin", "uv": [ 43.5, 27.5, 44.5, 28.0 ], "rotation": 180, "autoUv": false, "windMode": [-1,-1,-1,-1] },
												"west": { "texture": "#skin", "uv": [ 43.0, 24.0, 43.5, 27.5 ], "rotation": 270, "autoUv": false, "windMode": [-1,-1,-1,-1] },
												"up": { "texture": "#bottom", "uv": [ 4.5, 14.0, 5.5, 17.5 ], "autoUv": false, "windMode": [-1,-1,-1,-1] },
												"down": { "texture": "#skin", "uv": [ 43.5, 24.0, 44.5, 27.5 ], "autoUv": false, "windMode": [-1,-1,-1,-1] }
											},
											"children": [
												{
													"name": "RArmLower",
													"from": [ 0.9, 0.009, 0.0 ],
													"to": [ 1.8, 0.333, 3.15 ],
													"unwrapMode": 5,
													"autoUnwrap": false,
													"uv": [ 4.5, 6.5 ],
													"rotationOrigin": [ 1.8, 0.333, 0.0 ],
													"rotationY": -10.0,
													"faces": {
														"east": { "texture": "#skin", "uv": [ 46.0, 24.0, 46.5, 27.5 ], "rotation": 90, "autoUv": false, "windMode": [-1,-1,-1,-1] },
														"south": { "texture": "#skin", "uv": [ 45.0, 27.5, 46.0, 28.0 ], "autoUv": false, "windMode": [-1,-1,-1,-1] },
														"up": { "texture": "#bottom", "uv": [ 4.5, 6.5, 5.5, 10.0 ], "autoUv": false, "windMode": [-1,-1,-1,-1] },
														"down": { "texture": "#skin", "uv": [ 45.0, 24.0, 46.0, 27.5 ], "autoUv": false, "windMode": [-1,-1,-1,-1] }
													}
												}
											]
										}
									]
								},
								{
									"name": "PeltAbdomen",
									"from": [ 5.841, 0.009, 0.63 ],
									"to": [ 13.491, 0.369, 4.77 ],
									"unwrapMode": 5,
									"autoUnwrap": false,
									"uv": [ 0.0, 0.0 ],
									"rotationOrigin": [ 5.85, 0.009, 0.63 ],
									"faces": {
										"north": { "texture": "#skin", "uv": [ 38.0, 15.0, 46.5, 15.5 ], "rotation": 180, "autoUv": false, "windMode": [-1,-1,-1,-1] },
										"east": { "texture": "#skin", "uv": [ 33.0, 10.5, 33.5, 15.0 ], "rotation": 90, "autoUv": false, "windMode": [-1,-1,-1,-1] },
										"south": { "texture": "#skin", "uv": [ 25.0, 15.0, 33.5, 15.5 ], "autoUv": false, "windMode": [-1,-1,-1,-1] },
										"up": { "texture": "#skin", "uv": [ 25.0, 10.5, 33.5, 15.0 ], "autoUv": false, "windMode": [-1,-1,-1,-1] },
										"down": { "texture": "#bottom", "uv": [ 5.5, 0.5, 14.0, 5.0 ], "autoUv": false }
									},
									"children": [
										{
											"name": "LAbdomen",
											"from": [ 0.0, 0.009, 3.69 ],
											"to": [ 7.65, 0.351, 6.39 ],
											"unwrapMode": 5,
											"autoUnwrap": false,
											"uv": [ 0.0, 10.5 ],
											"rotationOrigin": [ 0.0, 0.009, 3.69 ],
											"rotationY": -3.0,
											"faces": {
												"east": { "texture": "#skin", "uv": [ 33.0, 15.5, 33.5, 18.5 ], "rotation": 90, "autoUv": false },
												"south": { "texture": "#skin", "uv": [ 25.0, 18.5, 33.5, 19.0 ], "autoUv": false, "windMode": [-1,-1,-1,-1] },
												"west": { "texture": "#skin", "uv": [ 25.0, 15.5, 25.5, 18.5 ], "rotation": 270, "autoUv": false, "windMode": [-1,-1,-1,-1] },
												"up": { "texture": "#skin", "uv": [ 25.0, 15.5, 33.5, 18.5 ], "autoUv": false, "windMode": [-1,-1,-1,-1] },
												"down": { "texture": "#bottom", "uv": [ 6.0, 8.0, 14.5, 11.0 ], "autoUv": false, "windMode": [-1,-1,-1,-1] }
											},
											"children": [
												{
													"name": "LLeg",
													"from": [ 5.85, 0.009, 2.43 ],
													"to": [ 7.02, 0.333, 5.13 ],
													"unwrapMode": 5,
													"autoUnwrap": false,
													"uv": [ 10.0, 4.5 ],
													"rotationOrigin": [ 5.85, 0.009, 2.43 ],
													"rotationY": 72.0,
													"faces": {
														"east": { "texture": "#skin", "uv": [ 46.0, 1.5, 46.5, 4.5 ], "rotation": 90, "autoUv": false, "windMode": [-1,-1,-1,-1] },
														"south": { "texture": "#skin", "uv": [ 45.0, 4.5, 46.0, 5.0 ], "autoUv": false, "windMode": [-1,-1,-1,-1] },
														"west": { "texture": "#skin", "uv": [ 44.5, 1.5, 45.0, 4.5 ], "rotation": 270, "autoUv": false, "windMode": [-1,-1,-1,-1] },
														"up": { "texture": "#skin", "uv": [ 45.0, 1.5, 46.0, 4.5 ], "autoUv": false, "windMode": [-1,-1,-1,-1] },
														"down": { "texture": "#bottom", "uv": [ 13.0, 4.5, 14.0, 7.5 ], "autoUv": false, "windMode": [-1,-1,-1,-1] }
													},
													"children": [
														{
															"name": "LLegEnd",
															"from": [ 0.09, -0.009, 2.25 ],
															"to": [ 1.89, 0.333, 4.95 ],
															"unwrapMode": 5,
															"autoUnwrap": false,
															"uv": [ 0.5, 9.5 ],
															"rotationOrigin": [ 0.99, -0.009, 2.25 ],
															"rotationY": -14.0,
															"faces": {
																"north": { "texture": "#skin", "uv": [ 44.5, 5.0, 46.5, 5.5 ], "rotation": 180, "autoUv": false },
																"east": { "texture": "#skin", "uv": [ 46.5, 5.5, 47.0, 8.5 ], "rotation": 90, "autoUv": false, "windMode": [-1,-1,-1,-1] },
																"south": { "texture": "#skin", "uv": [ 44.5, 8.5, 46.5, 9.0 ], "autoUv": false, "windMode": [-1,-1,-1,-1] },
																"west": { "texture": "#skin", "uv": [ 44.0, 5.5, 44.5, 8.5 ], "rotation": 270, "autoUv": false, "windMode": [-1,-1,-1,-1] },
																"up": { "texture": "#skin", "uv": [ 44.5, 5.5, 46.5, 8.5 ], "autoUv": false, "windMode": [-1,-1,-1,-1] },
																"down": { "texture": "#bottom", "uv": [ 2.5, 10.0, 4.5, 13.0 ], "autoUv": false, "windMode": [-1,-1,-1,-1] }
															}
														}
													]
												},
												{
													"name": "LLegLower",
													"from": [ 6.3, 0.018, -0.45 ],
													"to": [ 7.65, 0.324, 2.25 ],
													"unwrapMode": 5,
													"autoUnwrap": false,
													"uv": [ 0.5, 6.0 ],
													"rotationOrigin": [ 7.65, 0.018, -0.45 ],
													"rotationY": 30.0,
													"faces": {
														"east": { "texture": "#skin", "uv": [ 48.0, 1.5, 48.5, 4.5 ], "rotation": 90, "autoUv": false },
														"up": { "texture": "#skin", "uv": [ 46.5, 1.5, 48.0, 4.5 ], "autoUv": false, "windMode": [-1,-1,-1,-1] },
														"down": { "texture": "#bottom", "uv": [ 2.5, 6.0, 4.0, 9.0 ], "autoUv": false, "windMode": [-1,-1,-1,-1] }
													}
												}
											]
										},
										{
											"name": "RAbdomen",
											"from": [ 0.0, -0.333, 0.45 ],
											"to": [ 7.65, 0.009, 3.15 ],
											"unwrapMode": 5,
											"autoUnwrap": false,
											"uv": [ -0.5, 4.5 ],
											"rotationOrigin": [ 0.0, 0.009, 0.45 ],
											"rotationX": 180.0,
											"rotationY": -3.0,
											"faces": {
												"east": { "texture": "#skin", "uv": [ 38.0, 15.5, 38.5, 18.5 ], "rotation": 90, "autoUv": false, "windMode": [-1,-1,-1,-1] },
												"south": { "texture": "#skin", "uv": [ 38.0, 18.5, 46.5, 19.0 ], "autoUv": false, "windMode": [-1,-1,-1,-1] },
												"west": { "texture": "#skin", "uv": [ 46.0, 15.5, 46.5, 18.5 ], "rotation": 270, "autoUv": false, "windMode": [-1,-1,-1,-1] },
												"up": { "texture": "#bottom", "uv": [ 0.0, 5.0, 8.5, 8.0 ], "autoUv": false, "windMode": [-1,-1,-1,-1] },
												"down": { "texture": "#skin", "uv": [ 38.0, 15.5, 46.5, 18.5 ], "autoUv": false, "windMode": [-1,-1,-1,-1] }
											},
											"children": [
												{
													"name": "RLeg",
													"from": [ 5.67, 0.009, 2.43 ],
													"to": [ 6.84, 0.333, 5.13 ],
													"unwrapMode": 5,
													"autoUnwrap": false,
													"uv": [ 27.5, 20.5 ],
													"rotationOrigin": [ 5.67, 0.333, 2.43 ],
													"rotationY": 72.0,
													"faces": {
														"east": { "texture": "#skin", "uv": [ 54.5, 1.5, 55.0, 4.5 ], "rotation": 90, "autoUv": false, "windMode": [-1,-1,-1,-1] },
														"south": { "texture": "#skin", "uv": [ 55.0, 4.5, 56.0, 5.0 ], "autoUv": false, "windMode": [-1,-1,-1,-1] },
														"west": { "texture": "#skin", "uv": [ 56.0, 1.5, 56.5, 4.5 ], "rotation": 270, "autoUv": false, "windMode": [-1,-1,-1,-1] },
														"up": { "texture": "#bottom", "uv": [ 2.0, 2.0, 3.0, 5.0 ], "autoUv": false, "windMode": [-1,-1,-1,-1] },
														"down": { "texture": "#skin", "uv": [ 55.0, 1.5, 56.0, 4.5 ], "autoUv": false, "windMode": [-1,-1,-1,-1] }
													},
													"children": [
														{
															"name": "RLegEnd",
															"from": [ 0.0, -0.009, 2.25 ],
															"to": [ 1.8, 0.333, 4.95 ],
															"unwrapMode": 5,
															"autoUnwrap": false,
															"uv": [ 19.0, 2.0 ],
															"rotationOrigin": [ 0.9, 0.342, 2.25 ],
															"rotationY": -14.0,
															"faces": {
																"north": { "texture": "#skin", "uv": [ 54.5, 5.0, 56.5, 5.5 ], "rotation": 180, "autoUv": false },
																"east": { "texture": "#skin", "uv": [ 56.5, 5.5, 57.0, 8.5 ], "rotation": 90, "autoUv": false, "windMode": [-1,-1,-1,-1] },
																"south": { "texture": "#skin", "uv": [ 54.5, 8.5, 56.5, 9.0 ], "autoUv": false, "windMode": [-1,-1,-1,-1] },
																"west": { "texture": "#skin", "uv": [ 54.0, 5.5, 54.5, 8.5 ], "rotation": 270, "autoUv": false, "windMode": [-1,-1,-1,-1] },
																"up": { "texture": "#bottom", "uv": [ 5.5, 2.5, 7.5, 5.5 ], "autoUv": false, "windMode": [-1,-1,-1,-1] },
																"down": { "texture": "#skin", "uv": [ 54.5, 5.5, 56.5, 8.5 ], "autoUv": false, "windMode": [-1,-1,-1,-1] }
															}
														}
													]
												},
												{
													"name": "RLegLower",
													"from": [ 6.3, 0.018, -0.45 ],
													"to": [ 7.65, 0.324, 2.25 ],
													"unwrapMode": 5,
													"autoUnwrap": false,
													"uv": [ 12.0, 4.0 ],
													"rotationOrigin": [ 7.65, 0.324, -0.45 ],
													"rotationY": 30.0,
													"faces": {
														"east": { "texture": "#skin", "uv": [ 58.0, 1.5, 58.5, 4.5 ], "rotation": 90, "autoUv": false, "windMode": [-1,-1,-1,-1] },
														"up": { "texture": "#bottom", "uv": [ 12.0, 4.0, 13.5, 7.0 ], "autoUv": false, "windMode": [-1,-1,-1,-1] },
														"down": { "texture": "#skin", "uv": [ 56.5, 1.5, 58.0, 4.5 ], "autoUv": false, "windMode": [-1,-1,-1,-1] }
													}
												}
											]
										},
										{
											"name": "PeltTail",
											"from": [ 7.65, 0.009, 1.035 ],
											"to": [ 9.63, 0.459, 3.195 ],
											"unwrapMode": 3,
											"autoUnwrap": false,
											"uv": [ 50.5, 21.0 ],
											"rotationOrigin": [ 7.65, 0.009, 1.035 ],
											"faces": {
												"north": { "texture": "#skin", "uv": [ 56.5, 23.0, 58.5, 23.5 ], "autoUv": false, "windMode": [-1,-1,-1,-1] },
												"east": { "texture": "#skin", "uv": [ 54.5, 23.0, 56.5, 23.5 ], "autoUv": false, "windMode": [-1,-1,-1,-1] },
												"south": { "texture": "#skin", "uv": [ 52.5, 23.0, 54.5, 23.5 ], "autoUv": false, "windMode": [-1,-1,-1,-1] },
												"west": { "texture": "#skin", "uv": [ 50.5, 23.0, 52.5, 23.5 ], "autoUv": false, "windMode": [-1,-1,-1,-1] },
												"up": { "texture": "#skin", "uv": [ 52.5, 21.0, 54.5, 23.0 ], "autoUv": false, "windMode": [-1,-1,-1,-1] },
												"down": { "texture": "#skin", "uv": [ 52.5, 25.0, 54.5, 27.0 ], "rotation": 180, "autoUv": false, "windMode": [-1,-1,-1,-1] }
											},
											"children": [
												{
													"name": "PeltTailMid",
													"from": [ 1.62, -0.009, 0.18 ],
													"to": [ 6.57, 0.612, 1.98 ],
													"unwrapMode": 3,
													"autoUnwrap": false,
													"uv": [ 48.0, 30.0 ],
													"rotationOrigin": [ 1.62, -0.009, 0.18 ],
													"faces": {
														"north": { "texture": "#skin", "uv": [ 57.5, 32.0, 63.0, 32.5 ], "autoUv": false },
														"east": { "texture": "#skin", "uv": [ 55.5, 32.0, 57.5, 32.5 ], "autoUv": false, "windMode": [-1,-1,-1,-1] },
														"south": { "texture": "#skin", "uv": [ 50.0, 32.0, 55.5, 32.5 ], "autoUv": false, "windMode": [-1,-1,-1,-1] },
														"west": { "texture": "#skin", "uv": [ 48.0, 32.0, 50.0, 32.5 ], "autoUv": false, "windMode": [-1,-1,-1,-1] },
														"up": { "texture": "#skin", "uv": [ 50.0, 30.0, 55.5, 32.0 ], "autoUv": false, "windMode": [-1,-1,-1,-1] },
														"down": { "texture": "#skin", "uv": [ 50.0, 34.0, 55.5, 36.0 ], "rotation": 180, "autoUv": false, "windMode": [-1,-1,-1,-1] }
													},
													"children": [
														{
															"name": "PeltTailEnd",
															"from": [ 4.41, 0.0, 0.18 ],
															"to": [ 9.81, 0.54, 1.62 ],
															"unwrapMode": 3,
															"autoUnwrap": false,
															"uv": [ 33.0, 30.5 ],
															"rotationOrigin": [ 4.41, 0.0, 0.18 ],
															"faces": {
																"north": { "texture": "#skin", "uv": [ 42.0, 32.0, 48.0, 32.5 ], "autoUv": false },
																"east": { "texture": "#skin", "uv": [ 40.5, 32.0, 42.0, 32.5 ], "autoUv": false, "windMode": [-1,-1,-1,-1] },
																"south": { "texture": "#skin", "uv": [ 34.5, 32.0, 40.5, 32.5 ], "autoUv": false, "windMode": [-1,-1,-1,-1] },
																"west": { "texture": "#skin", "uv": [ 33.0, 32.0, 34.5, 32.5 ], "autoUv": false, "windMode": [-1,-1,-1,-1] },
																"up": { "texture": "#skin", "uv": [ 34.5, 30.5, 40.5, 32.0 ], "autoUv": false, "windMode": [-1,-1,-1,-1] },
																"down": { "texture": "#skin", "uv": [ 34.5, 34.0, 40.5, 35.5 ], "rotation": 180, "autoUv": false, "windMode": [-1,-1,-1,-1] }
															}
														}
													]
												}
											]
										}
									]
								},
								{
									"name": "Neck",
									"from": [ -2.7, 0.0, 0.72 ],
									"to": [ 0.9, 0.306, 4.77 ],
									"autoUnwrap": false,
									"uv": [ 3.0, 2.0 ],
									"rotationOrigin": [ -0.81, 0.0, 0.72 ],
									"faces": {
										"north": { "texture": "#skin", "uv": [ 34.0, 0.0, 38.0, 0.5 ], "autoUv": false, "windMode": [-1,-1,-1,-1] },
										"south": { "texture": "#skin", "uv": [ 34.0, 4.0, 38.0, 4.5 ], "autoUv": false, "windMode": [-1,-1,-1,-1] },
										"west": { "texture": "#skin", "uv": [ 29.0, 4.5, 33.5, 5.0 ], "autoUv": false, "windMode": [-1,-1,-1,-1] },
										"up": { "texture": "#skin", "uv": [ 34.0, 0.0, 38.0, 4.5 ], "autoUv": false, "windMode": [-1,-1,-1,-1] },
										"down": { "texture": "#bottom", "uv": [ 6.0, 2.0, 10.0, 6.5 ], "autoUv": false }
									},
									"children": [
										{
											"name": "RNeck",
											"from": [ 0.0, -0.324, -0.9 ],
											"to": [ 1.8, 0.018, 1.8 ],
											"unwrapMode": 6,
											"autoUnwrap": false,
											"uv": [ 8.0, 11.0 ],
											"rotationOrigin": [ 2.7, 0.018, 0.9 ],
											"rotationX": -180.0,
											"rotationY": 75.0,
											"faces": {
												"north": { "texture": "#skin", "uv": [ 38.5, 4.5, 39.0, 6.5 ], "rotation": 90, "autoUv": false },
												"south": { "texture": "#skin", "uv": [ 40.5, 4.5, 42.5, 5.0 ], "rotation": 180, "autoUv": false, "windMode": [-1,-1,-1,-1] },
												"west": { "texture": "#skin", "uv": [ 39.0, 6.5, 42.0, 7.0 ], "rotation": 180, "autoUv": false, "windMode": [-1,-1,-1,-1] },
												"up": { "texture": "#bottom", "uv": [ 11.5, 11.5, 13.5, 14.5 ], "autoUv": false, "windMode": [-1,-1,-1,-1] },
												"down": { "texture": "#skin", "uv": [ 39.0, 4.5, 42.0, 6.5 ], "rotation": 270, "autoUv": false, "windMode": [-1,-1,-1,-1] }
											}
										},
										{
											"name": "LNeck",
											"from": [ 0.0, 0.018, 1.35 ],
											"to": [ 1.8, 0.36, 4.05 ],
											"unwrapMode": 5,
											"autoUnwrap": false,
											"uv": [ 6.0, 10.5 ],
											"rotationOrigin": [ 2.7, 0.018, 3.15 ],
											"rotationY": 75.0,
											"faces": {
												"north": { "texture": "#skin", "uv": [ 37.0, 4.5, 37.5, 6.5 ], "rotation": 90, "autoUv": false },
												"south": { "texture": "#skin", "uv": [ 33.5, 4.5, 35.5, 5.0 ], "autoUv": false, "windMode": [-1,-1,-1,-1] },
												"west": { "texture": "#skin", "uv": [ 34.0, 6.5, 37.0, 7.0 ], "rotation": 180, "autoUv": false, "windMode": [-1,-1,-1,-1] },
												"up": { "texture": "#skin", "uv": [ 34.0, 4.5, 37.0, 6.5 ], "rotation": 90, "autoUv": false, "windMode": [-1,-1,-1,-1] },
												"down": { "texture": "#bottom", "uv": [ 9.5, 11.0, 11.5, 14.0 ], "autoUv": false, "windMode": [-1,-1,-1,-1] }
											}
										},
										{
											"name": "Head",
											"from": [ -2.25, 0.0, 0.0 ],
											"to": [ 0.9, 0.405, 4.068 ],
											"autoUnwrap": false,
											"uv": [ 2.5, 18.0 ],
											"faces": {
												"north": { "texture": "#skin", "uv": [ 3.0, 23.0, 3.5, 26.5 ], "rotation": 270, "autoUv": false },
												"east": { "texture": "#skin", "uv": [ 3.5, 22.5, 8.0, 23.0 ], "autoUv": false, "windMode": [-1,-1,-1,-1] },
												"south": { "texture": "#skin", "uv": [ 8.0, 23.0, 8.5, 26.5 ], "rotation": 90, "autoUv": false, "windMode": [-1,-1,-1,-1] },
												"west": { "texture": "#skin", "uv": [ 3.5, 26.0, 8.0, 26.5 ], "autoUv": false, "windMode": [-1,-1,-1,-1] },
												"up": { "texture": "#skin", "uv": [ 3.5, 22.5, 8.0, 26.0 ], "rotation": 90, "autoUv": false, "windMode": [-1,-1,-1,-1] },
												"down": { "texture": "#bottom", "uv": [ 3.5, 9.0, 7.0, 13.5 ], "autoUv": false, "windMode": [-1,-1,-1,-1] }
											},
											"children": [
												{
													"name": "Snout",
													"from": [ -2.7, 0.0, 1.17 ],
													"to": [ 0.9, 0.36, 2.79 ],
													"autoUnwrap": false,
													"uv": [ 1.5, 2.0 ],
													"rotationOrigin": [ -0.36, 0.0, 1.17 ],
													"faces": {
														"north": { "texture": "#skin", "uv": [ 22.0, 0.0, 22.5, 4.0 ], "rotation": 270, "autoUv": false, "windMode": [-1,-1,-1,-1] },
														"south": { "texture": "#skin", "uv": [ 24.0, 0.0, 24.5, 4.0 ], "rotation": 90, "autoUv": false, "windMode": [-1,-1,-1,-1] },
														"west": { "texture": "#skin", "uv": [ 22.5, 4.0, 24.0, 4.5 ], "autoUv": false, "windMode": [-1,-1,-1,-1] },
														"up": { "texture": "#skin", "uv": [ 22.5, 0.0, 24.0, 4.0 ], "rotation": 90, "autoUv": false, "windMode": [-1,-1,-1,-1] },
														"down": { "texture": "#bottom", "uv": [ 3.0, 2.0, 7.0, 3.5 ], "autoUv": false }
													},
													"children": [
														{
															"name": "Nose",
															"from": [ -0.009, 0.135, 0.27 ],
															"to": [ 1.341, 0.405, 1.17 ],
															"unwrapMode": 5,
															"uv": [ 2.0, 4.0 ],
															"rotationOrigin": [ 0.0, 0.135, 0.27 ],
															"faces": {
																"north": { "texture": "#skin", "uv": [ 2.5, 4.0, 4.0, 4.5 ], "rotation": 180, "autoUv": false },
																"east": { "texture": "#skin", "uv": [ 4.0, 4.5, 4.5, 5.5 ], "rotation": 90, "autoUv": false, "windMode": [-1,-1,-1,-1] },
																"south": { "texture": "#skin", "uv": [ 2.5, 5.5, 4.0, 6.0 ], "autoUv": false, "windMode": [-1,-1,-1,-1] },
																"west": { "texture": "#skin", "uv": [ 2.0, 4.5, 2.5, 5.5 ], "rotation": 270, "autoUv": false, "windMode": [-1,-1,-1,-1] },
																"up": { "texture": "#skin", "uv": [ 2.5, 4.5, 4.0, 5.5 ], "autoUv": false, "windMode": [-1,-1,-1,-1] },
																"down": { "texture": "#skin", "uv": [ 4.5, 4.5, 6.0, 5.5 ], "autoUv": false, "windMode": [-1,-1,-1,-1] }
															}
														}
													]
												}
											]
										}
									]
								}
							]
						}
					]
				}
			]
		}
	]}