{
	"editor": {
		"allAngles": true,
		"entityTextureMode": true
	},
	"textureWidth": 64,
	"textureHeight": 36,
	"textureSizes": {
		"bottom": [16,16],
		"skin": [64,36]
	},
	"textures": {
	},
	"elements": [
		{
			"name": "Rotation Point",
			"from": [ 0.0, 16.0, 0.0 ],
			"to": [ 0.0, 16.0, 0.0 ],
			"uv": [ 0.0, 0.0 ],
			"rotationOrigin": [ 0.0, 16.0, 0.0 ],
			"rotationZ": -90.0,
			"faces": {
			},
			"children": [
				{
					"name": "Base",
					"from": [ 0.0, 0.0, 8.0 ],
					"to": [ 0.0, 0.0, 8.0 ],
					"uv": [ 0.0, 0.0 ],
					"rotationOrigin": [ 0.0, 0.0, 8.0 ],
					"faces": {
					},
					"children": [
						{
							"name": "PeltBody",
							"from": [ 4.0, 0.0, -3.0 ],
							"to": [ 10.5, 0.42, 3.0 ],
							"unwrapMode": 5,
							"autoUnwrap": false,
							"uv": [ 0.0, 9.0 ],
							"rotationOrigin": [ 4.0, 0.0, -3.0 ],
							"faces": {
								"north": { "texture": "#skin", "uv": [ 18.5, 6.0, 25.0, 6.5 ], "rotation": 180, "windMode": [-1,-1,-1,-1] },
								"east": { "texture": "#skin", "uv": [ 12.0, 0.0, 12.5, 6.0 ], "rotation": 90, "windMode": [-1,-1,-1,-1] },
								"south": { "texture": "#skin", "uv": [ 6.0, 6.0, 12.5, 6.5 ], "windMode": [-1,-1,-1,-1] },
								"west": { "texture": "#skin", "uv": [ 6.0, 0.0, 6.5, 6.0 ], "rotation": 270, "windMode": [-1,-1,-1,-1] },
								"up": { "texture": "#skin", "uv": [ 6.0, 0.0, 12.5, 6.0 ], "windMode": [-1,-1,-1,-1] },
								"down": { "texture": "#bottom", "uv": [ 5.0, 8.5, 11.5, 14.5 ], "windMode": [-1,-1,-1,-1] }
							},
							"children": [
								{
									"name": "LBody",
									"from": [ 0.0, 0.01, 5.6 ],
									"to": [ 6.5, 0.41, 8.1 ],
									"unwrapMode": 5,
									"autoUnwrap": false,
									"uv": [ 0.0, 2.5 ],
									"rotationOrigin": [ 0.0, -0.01, 5.6 ],
									"rotationY": -3.0,
									"faces": {
										"east": { "texture": "#skin", "uv": [ 12.0, 6.5, 12.5, 9.0 ], "rotation": 90 },
										"south": { "texture": "#skin", "uv": [ 6.0, 9.0, 12.5, 9.5 ], "windMode": [-1,-1,-1,-1] },
										"west": { "texture": "#skin", "uv": [ 6.0, 6.5, 6.5, 9.0 ], "rotation": 270, "windMode": [-1,-1,-1,-1] },
										"up": { "texture": "#skin", "uv": [ 6.0, 6.5, 12.5, 9.0 ], "windMode": [-1,-1,-1,-1] },
										"down": { "texture": "#bottom", "uv": [ 4.5, 2.0, 11.0, 4.5 ] }
									},
									"children": [
										{
											"name": "LArm",
											"from": [ 0.0, 0.01, 1.5 ],
											"to": [ 1.0, 0.39, 5.0 ],
											"unwrapMode": 5,
											"autoUnwrap": false,
											"uv": [ 1.0, 27.0 ],
											"rotationOrigin": [ 0.0, 0.01, 1.5 ],
											"rotationY": -30.0,
											"faces": {
												"east": { "texture": "#skin", "uv": [ 36.5, 24.0, 37.0, 27.5 ], "rotation": 90, "windMode": [-1,-1,-1,-1] },
												"south": { "texture": "#skin", "uv": [ 35.5, 27.5, 36.5, 28.0 ], "windMode": [-1,-1,-1,-1] },
												"west": { "texture": "#skin", "uv": [ 35.0, 24.0, 35.5, 27.5 ], "rotation": 270, "windMode": [-1,-1,-1,-1] },
												"up": { "texture": "#skin", "uv": [ 35.5, 24.0, 36.5, 27.5 ], "windMode": [-1,-1,-1,-1] },
												"down": { "texture": "#bottom", "uv": [ 2.0, 11.0, 3.0, 14.5 ], "windMode": [-1,-1,-1,-1] }
											},
											"children": [
												{
													"name": "LArmLower",
													"from": [ 1.0, 0.01, 0.0 ],
													"to": [ 2.0, 0.37, 3.5 ],
													"unwrapMode": 5,
													"autoUnwrap": false,
													"uv": [ 3.0, 27.0 ],
													"rotationOrigin": [ 2.0, 0.01, 0.0 ],
													"rotationY": -10.0,
													"faces": {
														"east": { "texture": "#skin", "uv": [ 38.0, 24.0, 38.5, 27.5 ], "rotation": 90 },
														"south": { "texture": "#skin", "uv": [ 37.0, 27.5, 38.0, 28.0 ], "windMode": [-1,-1,-1,-1] },
														"up": { "texture": "#skin", "uv": [ 37.0, 24.0, 38.0, 27.5 ], "windMode": [-1,-1,-1,-1] },
														"down": { "texture": "#bottom", "uv": [ 1.5, 9.0, 2.5, 12.5 ], "windMode": [-1,-1,-1,-1] }
													}
												}
											]
										}
									]
								},
								{
									"name": "RBody",
									"from": [ 0.0, -0.41, 0.4 ],
									"to": [ 6.5, -0.01, 2.9 ],
									"unwrapMode": 6,
									"autoUnwrap": false,
									"uv": [ 0.0, 9.0 ],
									"rotationOrigin": [ 0.0, 0.0, 0.4 ],
									"rotationX": 180.0,
									"rotationY": -3.0,
									"faces": {
										"east": { "texture": "#skin", "uv": [ 18.5, 6.5, 19.0, 9.0 ], "rotation": 90 },
										"south": { "texture": "#skin", "uv": [ 18.5, 9.0, 25.0, 9.5 ], "rotation": 180, "windMode": [-1,-1,-1,-1] },
										"west": { "texture": "#skin", "uv": [ 24.5, 6.5, 25.0, 9.0 ], "rotation": 270, "windMode": [-1,-1,-1,-1] },
										"up": { "texture": "#bottom", "uv": [ 7.0, 6.0, 13.5, 8.5 ], "windMode": [-1,-1,-1,-1] },
										"down": { "texture": "#skin", "uv": [ 18.5, 6.5, 25.0, 9.0 ], "windMode": [-1,-1,-1,-1] }
									},
									"children": [
										{
											"name": "RArm",
											"from": [ 0.0, 0.01, 1.5 ],
											"to": [ 1.0, 0.39, 5.0 ],
											"unwrapMode": 6,
											"autoUnwrap": false,
											"uv": [ 2.5, 14.0 ],
											"rotationOrigin": [ 0.0, 0.39, 1.5 ],
											"rotationY": -30.0,
											"faces": {
												"east": { "texture": "#skin", "uv": [ 44.5, 24.0, 45.0, 27.5 ], "rotation": 90 },
												"south": { "texture": "#skin", "uv": [ 43.5, 27.5, 44.5, 28.0 ], "rotation": 180, "windMode": [-1,-1,-1,-1] },
												"west": { "texture": "#skin", "uv": [ 43.0, 24.0, 43.5, 27.5 ], "rotation": 270, "windMode": [-1,-1,-1,-1] },
												"up": { "texture": "#bottom", "uv": [ 4.5, 14.0, 5.5, 17.5 ], "windMode": [-1,-1,-1,-1] },
												"down": { "texture": "#skin", "uv": [ 43.5, 24.0, 44.5, 27.5 ], "windMode": [-1,-1,-1,-1] }
											},
											"children": [
												{
													"name": "RArmLower",
													"from": [ 1.0, 0.01, 0.0 ],
													"to": [ 2.0, 0.37, 3.5 ],
													"unwrapMode": 5,
													"autoUnwrap": false,
													"uv": [ 4.5, 6.5 ],
													"rotationOrigin": [ 2.0, 0.37, 0.0 ],
													"rotationY": -10.0,
													"faces": {
														"east": { "texture": "#skin", "uv": [ 46.0, 24.0, 46.5, 27.5 ], "rotation": 90, "windMode": [-1,-1,-1,-1] },
														"south": { "texture": "#skin", "uv": [ 45.0, 27.5, 46.0, 28.0 ], "windMode": [-1,-1,-1,-1] },
														"up": { "texture": "#bottom", "uv": [ 4.5, 6.5, 5.5, 10.0 ], "windMode": [-1,-1,-1,-1] },
														"down": { "texture": "#skin", "uv": [ 45.0, 24.0, 46.0, 27.5 ], "windMode": [-1,-1,-1,-1] }
													}
												}
											]
										}
									]
								},
								{
									"name": "PeltAbdomen",
									"from": [ 6.49, 0.01, 0.7 ],
									"to": [ 14.99, 0.41, 5.3 ],
									"unwrapMode": 5,
									"autoUnwrap": false,
									"uv": [ 0.0, 0.0 ],
									"rotationOrigin": [ 6.5, 0.01, 0.7 ],
									"faces": {
										"north": { "texture": "#skin", "uv": [ 38.0, 15.0, 46.5, 15.5 ], "rotation": 180, "windMode": [-1,-1,-1,-1] },
										"east": { "texture": "#skin", "uv": [ 33.0, 10.5, 33.5, 15.0 ], "rotation": 90, "windMode": [-1,-1,-1,-1] },
										"south": { "texture": "#skin", "uv": [ 25.0, 15.0, 33.5, 15.5 ], "windMode": [-1,-1,-1,-1] },
										"up": { "texture": "#skin", "uv": [ 25.0, 10.5, 33.5, 15.0 ], "windMode": [-1,-1,-1,-1] },
										"down": { "texture": "#bottom", "uv": [ 5.5, 0.5, 14.0, 5.0 ] }
									},
									"children": [
										{
											"name": "LAbdomen",
											"from": [ 0.0, 0.01, 4.1 ],
											"to": [ 8.5, 0.39, 7.1 ],
											"unwrapMode": 5,
											"autoUnwrap": false,
											"uv": [ 0.0, 10.5 ],
											"rotationOrigin": [ 0.0, 0.01, 4.1 ],
											"rotationY": -3.0,
											"faces": {
												"east": { "texture": "#skin", "uv": [ 33.0, 15.5, 33.5, 18.5 ], "rotation": 90 },
												"south": { "texture": "#skin", "uv": [ 25.0, 18.5, 33.5, 19.0 ], "windMode": [-1,-1,-1,-1] },
												"west": { "texture": "#skin", "uv": [ 25.0, 15.5, 25.5, 18.5 ], "rotation": 270, "windMode": [-1,-1,-1,-1] },
												"up": { "texture": "#skin", "uv": [ 25.0, 15.5, 33.5, 18.5 ], "windMode": [-1,-1,-1,-1] },
												"down": { "texture": "#bottom", "uv": [ 6.0, 8.0, 14.5, 11.0 ], "windMode": [-1,-1,-1,-1] }
											},
											"children": [
												{
													"name": "LLeg",
													"from": [ 6.5, 0.01, 2.7 ],
													"to": [ 7.8, 0.37, 5.7 ],
													"unwrapMode": 5,
													"autoUnwrap": false,
													"uv": [ 10.0, 4.5 ],
													"rotationOrigin": [ 6.5, 0.01, 2.7 ],
													"rotationY": 72.0,
													"faces": {
														"east": { "texture": "#skin", "uv": [ 46.0, 1.5, 46.5, 4.5 ], "rotation": 90, "windMode": [-1,-1,-1,-1] },
														"south": { "texture": "#skin", "uv": [ 45.0, 4.5, 46.0, 5.0 ], "windMode": [-1,-1,-1,-1] },
														"west": { "texture": "#skin", "uv": [ 44.5, 1.5, 45.0, 4.5 ], "rotation": 270, "windMode": [-1,-1,-1,-1] },
														"up": { "texture": "#skin", "uv": [ 45.0, 1.5, 46.0, 4.5 ], "windMode": [-1,-1,-1,-1] },
														"down": { "texture": "#bottom", "uv": [ 13.0, 4.5, 14.0, 7.5 ], "windMode": [-1,-1,-1,-1] }
													},
													"children": [
														{
															"name": "LLegEnd",
															"from": [ 0.1, -0.01, 2.5 ],
															"to": [ 2.1, 0.37, 5.5 ],
															"unwrapMode": 5,
															"autoUnwrap": false,
															"uv": [ 0.5, 9.5 ],
															"rotationOrigin": [ 1.1, -0.01, 2.5 ],
															"rotationY": -14.0,
															"faces": {
																"north": { "texture": "#skin", "uv": [ 44.5, 5.0, 46.5, 5.5 ], "rotation": 180 },
																"east": { "texture": "#skin", "uv": [ 46.5, 5.5, 47.0, 8.5 ], "rotation": 90, "windMode": [-1,-1,-1,-1] },
																"south": { "texture": "#skin", "uv": [ 44.5, 8.5, 46.5, 9.0 ], "windMode": [-1,-1,-1,-1] },
																"west": { "texture": "#skin", "uv": [ 44.0, 5.5, 44.5, 8.5 ], "rotation": 270, "windMode": [-1,-1,-1,-1] },
																"up": { "texture": "#skin", "uv": [ 44.5, 5.5, 46.5, 8.5 ], "windMode": [-1,-1,-1,-1] },
																"down": { "texture": "#bottom", "uv": [ 2.5, 10.0, 4.5, 13.0 ], "windMode": [-1,-1,-1,-1] }
															}
														}
													]
												},
												{
													"name": "LLegLower",
													"from": [ 7.0, 0.02, -0.5 ],
													"to": [ 8.5, 0.36, 2.5 ],
													"unwrapMode": 5,
													"autoUnwrap": false,
													"uv": [ 0.5, 6.0 ],
													"rotationOrigin": [ 8.5, 0.02, -0.5 ],
													"rotationY": 30.0,
													"faces": {
														"east": { "texture": "#skin", "uv": [ 48.0, 1.5, 48.5, 4.5 ], "rotation": 90 },
														"up": { "texture": "#skin", "uv": [ 46.5, 1.5, 48.0, 4.5 ], "windMode": [-1,-1,-1,-1] },
														"down": { "texture": "#bottom", "uv": [ 2.5, 6.0, 4.0, 9.0 ], "windMode": [-1,-1,-1,-1] }
													}
												}
											]
										},
										{
											"name": "RAbdomen",
											"from": [ 0.0, -0.37, 0.5 ],
											"to": [ 8.5, 0.01, 3.5 ],
											"unwrapMode": 5,
											"autoUnwrap": false,
											"uv": [ -0.5, 4.5 ],
											"rotationOrigin": [ 0.0, 0.01, 0.5 ],
											"rotationX": 180.0,
											"rotationY": -3.0,
											"faces": {
												"east": { "texture": "#skin", "uv": [ 38.0, 15.5, 38.5, 18.5 ], "rotation": 90, "windMode": [-1,-1,-1,-1] },
												"south": { "texture": "#skin", "uv": [ 38.0, 18.5, 46.5, 19.0 ], "windMode": [-1,-1,-1,-1] },
												"west": { "texture": "#skin", "uv": [ 46.0, 15.5, 46.5, 18.5 ], "rotation": 270, "windMode": [-1,-1,-1,-1] },
												"up": { "texture": "#bottom", "uv": [ 0.0, 5.0, 8.5, 8.0 ], "windMode": [-1,-1,-1,-1] },
												"down": { "texture": "#skin", "uv": [ 38.0, 15.5, 46.5, 18.5 ], "windMode": [-1,-1,-1,-1] }
											},
											"children": [
												{
													"name": "RLeg",
													"from": [ 6.3, 0.01, 2.7 ],
													"to": [ 7.6, 0.37, 5.7 ],
													"unwrapMode": 5,
													"autoUnwrap": false,
													"uv": [ 27.5, 20.5 ],
													"rotationOrigin": [ 6.3, 0.37, 2.7 ],
													"rotationY": 72.0,
													"faces": {
														"east": { "texture": "#skin", "uv": [ 54.5, 1.5, 55.0, 4.5 ], "rotation": 90, "windMode": [-1,-1,-1,-1] },
														"south": { "texture": "#skin", "uv": [ 55.0, 4.5, 56.0, 5.0 ], "windMode": [-1,-1,-1,-1] },
														"west": { "texture": "#skin", "uv": [ 56.0, 1.5, 56.5, 4.5 ], "rotation": 270, "windMode": [-1,-1,-1,-1] },
														"up": { "texture": "#bottom", "uv": [ 2.0, 2.0, 3.0, 5.0 ], "windMode": [-1,-1,-1,-1] },
														"down": { "texture": "#skin", "uv": [ 55.0, 1.5, 56.0, 4.5 ], "windMode": [-1,-1,-1,-1] }
													},
													"children": [
														{
															"name": "RLegEnd",
															"from": [ 0.0, -0.01, 2.5 ],
															"to": [ 2.0, 0.37, 5.5 ],
															"unwrapMode": 5,
															"autoUnwrap": false,
															"uv": [ 19.0, 2.0 ],
															"rotationOrigin": [ 1.0, 0.38, 2.5 ],
															"rotationY": -14.0,
															"faces": {
																"north": { "texture": "#skin", "uv": [ 54.5, 5.0, 56.5, 5.5 ], "rotation": 180 },
																"east": { "texture": "#skin", "uv": [ 56.5, 5.5, 57.0, 8.5 ], "rotation": 90, "windMode": [-1,-1,-1,-1] },
																"south": { "texture": "#skin", "uv": [ 54.5, 8.5, 56.5, 9.0 ], "windMode": [-1,-1,-1,-1] },
																"west": { "texture": "#skin", "uv": [ 54.0, 5.5, 54.5, 8.5 ], "rotation": 270, "windMode": [-1,-1,-1,-1] },
																"up": { "texture": "#bottom", "uv": [ 5.5, 2.5, 7.5, 5.5 ], "windMode": [-1,-1,-1,-1] },
																"down": { "texture": "#skin", "uv": [ 54.5, 5.5, 56.5, 8.5 ], "windMode": [-1,-1,-1,-1] }
															}
														}
													]
												},
												{
													"name": "RLegLower",
													"from": [ 7.0, 0.02, -0.5 ],
													"to": [ 8.5, 0.36, 2.5 ],
													"unwrapMode": 5,
													"autoUnwrap": false,
													"uv": [ 12.0, 4.0 ],
													"rotationOrigin": [ 8.5, 0.36, -0.5 ],
													"rotationY": 30.0,
													"faces": {
														"east": { "texture": "#skin", "uv": [ 58.0, 1.5, 58.5, 4.5 ], "rotation": 90, "windMode": [-1,-1,-1,-1] },
														"up": { "texture": "#bottom", "uv": [ 12.0, 4.0, 13.5, 7.0 ], "windMode": [-1,-1,-1,-1] },
														"down": { "texture": "#skin", "uv": [ 56.5, 1.5, 58.0, 4.5 ], "windMode": [-1,-1,-1,-1] }
													}
												}
											]
										},
										{
											"name": "PeltTail",
											"from": [ 8.5, 0.01, 1.15 ],
											"to": [ 10.7, 0.51, 3.55 ],
											"unwrapMode": 3,
											"autoUnwrap": false,
											"uv": [ 50.5, 21.0 ],
											"rotationOrigin": [ 8.5, 0.01, 1.15 ],
											"faces": {
												"north": { "texture": "#skin", "uv": [ 56.5, 23.0, 58.5, 23.5 ], "windMode": [-1,-1,-1,-1] },
												"east": { "texture": "#skin", "uv": [ 54.5, 23.0, 56.5, 23.5 ], "windMode": [-1,-1,-1,-1] },
												"south": { "texture": "#skin", "uv": [ 52.5, 23.0, 54.5, 23.5 ], "windMode": [-1,-1,-1,-1] },
												"west": { "texture": "#skin", "uv": [ 50.5, 23.0, 52.5, 23.5 ], "windMode": [-1,-1,-1,-1] },
												"up": { "texture": "#skin", "uv": [ 52.5, 21.0, 54.5, 23.0 ], "windMode": [-1,-1,-1,-1] },
												"down": { "texture": "#skin", "uv": [ 52.5, 25.0, 54.5, 27.0 ], "rotation": 180, "windMode": [-1,-1,-1,-1] }
											},
											"children": [
												{
													"name": "PeltTailMid",
													"from": [ 1.8, -0.01, 0.2 ],
													"to": [ 7.3, 0.68, 2.2 ],
													"unwrapMode": 3,
													"autoUnwrap": false,
													"uv": [ 48.0, 30.0 ],
													"rotationOrigin": [ 1.8, -0.01, 0.2 ],
													"faces": {
														"north": { "texture": "#skin", "uv": [ 57.5, 32.0, 63.0, 32.5 ] },
														"east": { "texture": "#skin", "uv": [ 55.5, 32.0, 57.5, 32.5 ], "windMode": [-1,-1,-1,-1] },
														"south": { "texture": "#skin", "uv": [ 50.0, 32.0, 55.5, 32.5 ], "windMode": [-1,-1,-1,-1] },
														"west": { "texture": "#skin", "uv": [ 48.0, 32.0, 50.0, 32.5 ], "windMode": [-1,-1,-1,-1] },
														"up": { "texture": "#skin", "uv": [ 50.0, 30.0, 55.5, 32.0 ], "windMode": [-1,-1,-1,-1] },
														"down": { "texture": "#skin", "uv": [ 50.0, 34.0, 55.5, 36.0 ], "rotation": 180, "windMode": [-1,-1,-1,-1] }
													},
													"children": [
														{
															"name": "PeltTailEnd",
															"from": [ 4.9, 0.0, 0.2 ],
															"to": [ 10.9, 0.6, 1.8 ],
															"unwrapMode": 3,
															"autoUnwrap": false,
															"uv": [ 33.0, 30.5 ],
															"rotationOrigin": [ 4.9, 0.0, 0.2 ],
															"faces": {
																"north": { "texture": "#skin", "uv": [ 42.0, 32.0, 48.0, 32.5 ] },
																"east": { "texture": "#skin", "uv": [ 40.5, 32.0, 42.0, 32.5 ], "windMode": [-1,-1,-1,-1] },
																"south": { "texture": "#skin", "uv": [ 34.5, 32.0, 40.5, 32.5 ], "windMode": [-1,-1,-1,-1] },
																"west": { "texture": "#skin", "uv": [ 33.0, 32.0, 34.5, 32.5 ], "windMode": [-1,-1,-1,-1] },
																"up": { "texture": "#skin", "uv": [ 34.5, 30.5, 40.5, 32.0 ], "windMode": [-1,-1,-1,-1] },
																"down": { "texture": "#skin", "uv": [ 34.5, 34.0, 40.5, 35.5 ], "rotation": 180, "windMode": [-1,-1,-1,-1] }
															}
														}
													]
												}
											]
										}
									]
								},
								{
									"name": "Neck",
									"from": [ -3.0, 0.0, 0.8 ],
									"to": [ 1.0, 0.34, 5.3 ],
									"autoUnwrap": false,
									"uv": [ 3.0, 2.0 ],
									"rotationOrigin": [ -0.9, 0.0, 0.8 ],
									"faces": {
										"north": { "texture": "#skin", "uv": [ 34.0, 0.0, 38.0, 0.5 ], "windMode": [-1,-1,-1,-1] },
										"south": { "texture": "#skin", "uv": [ 34.0, 4.0, 38.0, 4.5 ], "windMode": [-1,-1,-1,-1] },
										"west": { "texture": "#skin", "uv": [ 29.0, 4.5, 33.5, 5.0 ], "windMode": [-1,-1,-1,-1] },
										"up": { "texture": "#skin", "uv": [ 34.0, 0.0, 38.0, 4.5 ], "windMode": [-1,-1,-1,-1] },
										"down": { "texture": "#bottom", "uv": [ 6.0, 2.0, 10.0, 6.5 ] }
									},
									"children": [
										{
											"name": "RNeck",
											"from": [ 0.0, -0.36, -1.0 ],
											"to": [ 2.0, 0.02, 2.0 ],
											"unwrapMode": 6,
											"autoUnwrap": false,
											"uv": [ 8.0, 11.0 ],
											"rotationOrigin": [ 3.0, 0.02, 1.0 ],
											"rotationX": -180.0,
											"rotationY": 75.0,
											"faces": {
												"north": { "texture": "#skin", "uv": [ 38.5, 4.5, 39.0, 6.5 ], "rotation": 90 },
												"south": { "texture": "#skin", "uv": [ 40.5, 4.5, 42.5, 5.0 ], "rotation": 180, "windMode": [-1,-1,-1,-1] },
												"west": { "texture": "#skin", "uv": [ 39.0, 6.5, 42.0, 7.0 ], "rotation": 180, "windMode": [-1,-1,-1,-1] },
												"up": { "texture": "#bottom", "uv": [ 11.5, 11.5, 13.5, 14.5 ], "windMode": [-1,-1,-1,-1] },
												"down": { "texture": "#skin", "uv": [ 39.0, 4.5, 42.0, 6.5 ], "rotation": 270, "windMode": [-1,-1,-1,-1] }
											}
										},
										{
											"name": "LNeck",
											"from": [ 0.0, 0.02, 1.5 ],
											"to": [ 2.0, 0.4, 4.5 ],
											"unwrapMode": 5,
											"autoUnwrap": false,
											"uv": [ 6.0, 10.5 ],
											"rotationOrigin": [ 3.0, 0.02, 3.5 ],
											"rotationY": 75.0,
											"faces": {
												"north": { "texture": "#skin", "uv": [ 37.0, 4.5, 37.5, 6.5 ], "rotation": 90 },
												"south": { "texture": "#skin", "uv": [ 33.5, 4.5, 35.5, 5.0 ], "windMode": [-1,-1,-1,-1] },
												"west": { "texture": "#skin", "uv": [ 34.0, 6.5, 37.0, 7.0 ], "rotation": 180, "windMode": [-1,-1,-1,-1] },
												"up": { "texture": "#skin", "uv": [ 34.0, 4.5, 37.0, 6.5 ], "rotation": 90, "windMode": [-1,-1,-1,-1] },
												"down": { "texture": "#bottom", "uv": [ 9.5, 11.0, 11.5, 14.0 ], "windMode": [-1,-1,-1,-1] }
											}
										},
										{
											"name": "Head",
											"from": [ -2.5, 0.0, 0.0 ],
											"to": [ 1.0, 0.45, 4.52 ],
											"autoUnwrap": false,
											"uv": [ 2.5, 18.0 ],
											"faces": {
												"north": { "texture": "#skin", "uv": [ 3.0, 23.0, 3.5, 26.5 ], "rotation": 270 },
												"east": { "texture": "#skin", "uv": [ 3.5, 22.5, 8.0, 23.0 ], "windMode": [-1,-1,-1,-1] },
												"south": { "texture": "#skin", "uv": [ 8.0, 23.0, 8.5, 26.5 ], "rotation": 90, "windMode": [-1,-1,-1,-1] },
												"west": { "texture": "#skin", "uv": [ 3.5, 26.0, 8.0, 26.5 ], "windMode": [-1,-1,-1,-1] },
												"up": { "texture": "#skin", "uv": [ 3.5, 22.5, 8.0, 26.0 ], "rotation": 90, "windMode": [-1,-1,-1,-1] },
												"down": { "texture": "#bottom", "uv": [ 3.5, 9.0, 7.0, 13.5 ], "windMode": [-1,-1,-1,-1] }
											},
											"children": [
												{
													"name": "Snout",
													"from": [ -3.0, 0.0, 1.3 ],
													"to": [ 1.0, 0.4, 3.1 ],
													"autoUnwrap": false,
													"uv": [ 1.5, 2.0 ],
													"rotationOrigin": [ -0.4, 0.0, 1.3 ],
													"faces": {
														"north": { "texture": "#skin", "uv": [ 22.0, 0.0, 22.5, 4.0 ], "rotation": 270, "windMode": [-1,-1,-1,-1] },
														"south": { "texture": "#skin", "uv": [ 24.0, 0.0, 24.5, 4.0 ], "rotation": 90, "windMode": [-1,-1,-1,-1] },
														"west": { "texture": "#skin", "uv": [ 22.5, 4.0, 24.0, 4.5 ], "windMode": [-1,-1,-1,-1] },
														"up": { "texture": "#skin", "uv": [ 22.5, 0.0, 24.0, 4.0 ], "rotation": 90, "windMode": [-1,-1,-1,-1] },
														"down": { "texture": "#bottom", "uv": [ 3.0, 2.0, 7.0, 3.5 ] }
													},
													"children": [
														{
															"name": "Nose",
															"from": [ -0.01, 0.15, 0.3 ],
															"to": [ 1.49, 0.45, 1.3 ],
															"unwrapMode": 5,
															"uv": [ 2.0, 4.0 ],
															"rotationOrigin": [ 0.0, 0.15, 0.3 ],
															"faces": {
																"north": { "texture": "#skin", "uv": [ 2.5, 4.0, 4.0, 4.5 ], "rotation": 180 },
																"east": { "texture": "#skin", "uv": [ 4.0, 4.5, 4.5, 5.5 ], "rotation": 90, "windMode": [-1,-1,-1,-1] },
																"south": { "texture": "#skin", "uv": [ 2.5, 5.5, 4.0, 6.0 ], "windMode": [-1,-1,-1,-1] },
																"west": { "texture": "#skin", "uv": [ 2.0, 4.5, 2.5, 5.5 ], "rotation": 270, "windMode": [-1,-1,-1,-1] },
																"up": { "texture": "#skin", "uv": [ 2.5, 4.5, 4.0, 5.5 ], "windMode": [-1,-1,-1,-1] },
																"down": { "texture": "#skin", "uv": [ 4.5, 4.5, 6.0, 5.5 ], "windMode": [-1,-1,-1,-1] }
															}
														}
													]
												}
											]
										}
									]
								}
							]
						}
					]
				}
			]
		}
	]}