{
	"editor": {
		"allAngles": true,
		"entityTextureMode": true
	},
	"textureWidth": 32,
	"textureHeight": 24,
	"textureSizes": {
		"skin": [32,24]
	},
	"textures": {
	},
	"elements": [
		{
			"name": "neck",
			"from": [ 15.1, 9.62, 7.26 ], 
			"to": [ 16.7238, 11.2622, 8.64 ], 
			"unwrapMode": 3,
			"uv": [ 4.5, 9.5 ],
			"rotationOrigin": [ 16.3603, 10.082, 7.9512 ],
			"rotationZ": 57.0,
			"faces": {
						"north": { "texture": "#skin", "uv": [ 14.0, 12.5, 17.5, 16.0 ], "windMode": [-1,-1,-1,-1], "windData": [0,0,1,0] },
						"east": { "texture": "#skin", "uv": [ 11.0, 12.5, 14.0, 16.0 ], "windMode": [-1,-1,-1,-1], "windData": [1,0,0,1] },
						"south": { "texture": "#skin", "uv": [ 7.5, 12.5, 11.0, 16.0 ] },
						"west": { "texture": "#skin", "uv": [ 4.5, 12.5, 7.5, 16.0 ] },
						"up": { "texture": "#skin", "uv": [ 7.5, 9.5, 11.0, 12.5 ] },
						"down": { "texture": "#skin", "uv": [ 7.5, 16.0, 11.0, 19.0 ], "rotation": 180, "enabled": false, "windMode": [-1,-1,-1,-1], "windData": [0,1,1,0] }
			},
			"children": [
				{
					"name": "neck2",
					"from": [ 0.2438, 0.9292, 0.2806 ], 
					"to": [ 1.5778, 2.4012, 1.1086 ], 
					"unwrapMode": 3,
					"uv": [ 20.5, 11.5 ],
					"rotationOrigin": [ 1.4812, 1.4858, 0.69 ],
					"rotationZ": -15.0,
					"faces": {
						"north": { "texture": "#skin", "uv": [ 26.0, 13.0, 28.5, 16.0 ], "windMode": [-1,-1,-1,-1], "windData": [1,1,1,1] },
						"east": { "texture": "#skin", "uv": [ 24.5, 13.0, 26.0, 16.0 ], "windMode": [-1,-1,-1,-1], "windData": [1,1,1,1] },
						"south": { "texture": "#skin", "uv": [ 22.0, 13.0, 24.5, 16.0 ], "windMode": [-1,-1,-1,-1], "windData": [1,1,1,1] },
						"west": { "texture": "#skin", "uv": [ 20.5, 13.0, 22.0, 16.0 ], "windMode": [-1,-1,-1,-1], "windData": [1,1,1,1] },
						"up": { "texture": "#skin", "uv": [ 22.0, 11.5, 24.5, 13.0 ], "windMode": [-1,-1,-1,-1], "windData": [1,1,1,1] },
						"down": { "texture": "#skin", "uv": [ 22.0, 16.0, 24.5, 17.5 ], "rotation": 180, "enabled": false, "windMode": [-1,-1,-1,-1], "windData": [1,1,1,1] }
					},
					"children": [
						{
							"name": "head",
							"from": [ 0.437, 0.276, -0.0506 ], 
							"to": [ 1.288, 1.4398, 0.8694 ], 
							"unwrapMode": 4,
							"uv": [ 16.0, 14.5 ],
							"rotationOrigin": [ 1.288, 1.4444, 0.4048 ],
							"rotationZ": -60.0,
							"faces": {
								"north": { "texture": "#skin", "uv": [ 16.0, 16.0, 17.5, 18.5 ] },
								"east": { "texture": "#skin", "uv": [ 21.0, 16.0, 23.0, 18.5 ] },
								"south": { "texture": "#skin", "uv": [ 19.5, 16.0, 21.0, 18.5 ] },
								"west": { "texture": "#skin", "uv": [ 17.5, 16.0, 19.5, 18.5 ] },
								"up": { "texture": "#skin", "uv": [ 17.5, 14.5, 19.5, 16.0 ], "rotation": 90 },
								"down": { "texture": "#skin", "uv": [ 17.5, 18.5, 19.5, 20.0 ], "rotation": 90 }
							},
							"children": [
								{
									"name": "mouth up",
									"from": [ -0.5428, 0.0506, 0.2484 ], 
									"to": [ 0.0276, 0.2346, 0.6624 ], 
									"unwrapMode": 5,
									"unwrapRotation": 1,
									"uv": [ 0.0, 0.0 ],
									"rotationOrigin": [ -0.023, 0.253, 0.4554 ],
									"rotationZ": 55.0,
									"faces": {
										"north": { "texture": "#skin", "uv": [ 0.0, 0.0, 0.5, 1.0 ], "rotation": 270 },
										"east": { "texture": "#skin", "uv": [ 0.5, 0.0, 1.0, 0.5 ], "rotation": 180, "enabled": false },
										"south": { "texture": "#skin", "uv": [ 1.0, 0.0, 1.5, 1.0 ], "rotation": 90 },
										"west": { "texture": "#skin", "uv": [ 0.5, 1.0, 1.0, 1.5 ] },
										"up": { "texture": "#skin", "uv": [ 0.5, 0.0, 1.0, 1.0 ], "rotation": 90 },
										"down": { "texture": "#skin", "uv": [ 1.5, 0.0, 2.0, 1.0 ], "rotation": 270 }
									},
									"children": [
										{
											"name": "nose",
											"from": [ -0.0552, 0.115, 0.069 ], 
											"to": [ 0.299, 0.3726, 0.3496 ], 
											"unwrapMode": 4,
											"uv": [ 1.5, 2.0 ],
											"rotationOrigin": [ -0.0552, 0.4002, 0.2438 ],
											"rotationZ": 1.0,
											"faces": {
												"north": { "texture": "#skin", "uv": [ 1.5, 2.5, 2.0, 3.0 ], "windMode": [-1,-1,-1,-1], "windData": [1,1,1,1] },
												"east": { "texture": "#skin", "uv": [ 3.0, 2.5, 3.5, 3.0 ], "windMode": [-1,-1,-1,-1], "windData": [1,1,1,1] },
												"south": { "texture": "#skin", "uv": [ 2.5, 2.5, 3.0, 3.0 ], "windMode": [-1,-1,-1,-1], "windData": [1,1,1,1] },
												"west": { "texture": "#skin", "uv": [ 2.0, 2.5, 2.5, 3.0 ], "windMode": [-1,-1,-1,-1], "windData": [1,1,1,1] },
												"up": { "texture": "#skin", "uv": [ 2.0, 2.0, 2.5, 2.5 ], "rotation": 90, "windMode": [-1,-1,-1,-1], "windData": [1,1,1,1] },
												"down": { "texture": "#skin", "uv": [ 2.0, 3.0, 2.5, 3.5 ], "rotation": 90, "windMode": [-1,-1,-1,-1], "windData": [1,1,1,1] }
											}
										},
										{
											"name": "nose bridge",
											"from": [ 0.2162, 0.092, 0.0276 ], 
											"to": [ 1.3202, 0.368, 0.3956 ], 
											"unwrapMode": 5,
											"unwrapRotation": 1,
											"uv": [ 0.0, 8.0 ],
											"rotationOrigin": [ 0.2162, 0.138, 0.1518 ],
											"rotationZ": 16.0,
											"faces": {
												"north": { "texture": "#skin", "uv": [ 0.0, 8.5, 0.5, 10.5 ], "rotation": 270 },
												"east": { "texture": "#skin", "uv": [ 0.5, 8.0, 1.0, 8.5 ], "rotation": 180, "windMode": [-1,-1,-1,-1], "windData": [0,0,0,0] },
												"south": { "texture": "#skin", "uv": [ 1.0, 8.5, 1.5, 10.5 ], "rotation": 90 },
												"west": { "texture": "#skin", "uv": [ 0.5, 10.5, 1.0, 11.0 ], "windMode": [-1,-1,-1,-1], "windData": [0,0,0,0] },
												"up": { "texture": "#skin", "uv": [ 0.5, 8.5, 1.0, 10.5 ], "rotation": 90 },
												"down": { "texture": "#skin", "uv": [ 1.5, 8.5, 2.0, 10.5 ], "rotation": 270, "enabled": false }
											}
										}
									]
								},
								{
									"name": "R ear",
									"from": [ 0.529, 0.6992, -0.6164 ], 
									"to": [ 0.6302, 1.2972, 0.1472 ], 
									"unwrapMode": 4,
									"uv": [ 28.0, 11.5 ],
									"rotationOrigin": [ 0.6302, 1.104, 0.1426 ],
									"rotationX": 45.0,
									"rotationZ": 22.0,
									"faces": {
										"north": { "texture": "#skin", "uv": [ 28.0, 12.0, 28.5, 13.0 ] },
										"east": { "texture": "#skin", "uv": [ 30.5, 12.0, 32.0, 13.0 ] },
										"south": { "texture": "#skin", "uv": [ 30.0, 12.0, 30.5, 13.0 ], "windMode": [-1,-1,-1,-1], "windData": [0,0,0,0] },
										"west": { "texture": "#skin", "uv": [ 28.5, 12.0, 30.0, 13.0 ] },
										"up": { "texture": "#skin", "uv": [ 28.5, 11.5, 30.0, 12.0 ], "rotation": 90 },
										"down": { "texture": "#skin", "uv": [ 28.5, 13.0, 30.0, 13.5 ], "rotation": 90 }
									}
								},
								{
									"name": "L ear",
									"from": [ 0.529, 0.6992, 0.7682 ], 
									"to": [ 0.6302, 1.2972, 1.5318 ], 
									"unwrapMode": 4,
									"uv": [ 11.0, 8.0 ],
									"rotationOrigin": [ 0.6302, 1.104, 0.7682 ],
									"rotationX": -45.0,
									"rotationZ": 22.0,
									"faces": {
										"north": { "texture": "#skin", "uv": [ 11.0, 8.5, 11.5, 9.5 ], "windMode": [-1,-1,-1,-1] },
										"east": { "texture": "#skin", "uv": [ 13.5, 8.5, 15.0, 9.5 ] },
										"south": { "texture": "#skin", "uv": [ 13.0, 8.5, 13.5, 9.5 ], "windMode": [-1,-1,-1,-1] },
										"west": { "texture": "#skin", "uv": [ 11.5, 8.5, 13.0, 9.5 ] },
										"up": { "texture": "#skin", "uv": [ 11.5, 8.0, 13.0, 8.5 ], "rotation": 90 },
										"down": { "texture": "#skin", "uv": [ 11.5, 9.5, 13.0, 10.0 ], "rotation": 90 }
									}
								},
								{
									"name": "jaw",
									"from": [ -0.3772, 0.0, 0.253 ], 
									"to": [ 0.2898, 0.1771, 0.6578 ], 
									"unwrapMode": 5,
									"unwrapRotation": 1,
									"uv": [ 0.0, 1.5 ],
									"rotationOrigin": [ 0.138, 0.1518, 0.46 ],
									"rotationZ": 51.0,
									"faces": {
										"north": { "texture": "#skin", "uv": [ 0.0, 1.5, 0.5, 2.5 ], "rotation": 270 },
										"east": { "texture": "#skin", "uv": [ 0.5, 1.5, 1.0, 2.0 ], "rotation": 180, "enabled": false },
										"south": { "texture": "#skin", "uv": [ 1.0, 1.5, 1.5, 2.5 ], "rotation": 90 },
										"west": { "texture": "#skin", "uv": [ 0.5, 2.5, 1.0, 3.0 ] },
										"up": { "texture": "#skin", "uv": [ 0.5, 1.5, 1.0, 2.5 ], "rotation": 90 },
										"down": { "texture": "#skin", "uv": [ 1.5, 1.5, 2.0, 2.5 ], "rotation": 270 }
									}
								}
							]
						}
					]
				}
			]
		}
	]}