{
	"editor": {
		"allAngles": true,
		"entityTextureMode": true
	},
	"textureWidth": 32,
	"textureHeight": 24,
	"textureSizes": {
		"skin": [32,24]
	},
	"textures": {
	},
	"elements": [
		{
			"name": "neck",
			"from": [ 15.59, 10.0, 7.48 ], 
			"to": [ 16.8255, 11.2495, 8.53 ], 
			"unwrapMode": 3,
			"uv": [ 4.5, 9.5 ],
			"rotationOrigin": [ 16.5568, 10.345, 8.002 ],
			"rotationZ": 57.0,
			"faces": {
						"north": { "texture": "#skin", "uv": [ 14.0, 12.5, 17.5, 16.0 ], "windMode": [-1,-1,-1,-1], "windData": [0,0,1,0] },
						"east": { "texture": "#skin", "uv": [ 11.0, 12.5, 14.0, 16.0 ], "windMode": [-1,-1,-1,-1], "windData": [1,0,0,1] },
						"south": { "texture": "#skin", "uv": [ 7.5, 12.5, 11.0, 16.0 ] },
						"west": { "texture": "#skin", "uv": [ 4.5, 12.5, 7.5, 16.0 ] },
						"up": { "texture": "#skin", "uv": [ 7.5, 9.5, 11.0, 12.5 ] },
						"down": { "texture": "#skin", "uv": [ 7.5, 16.0, 11.0, 19.0 ], "rotation": 180, "enabled": false, "windMode": [-1,-1,-1,-1], "windData": [0,1,1,0] }
			},
			"children": [
				{
					"name": "neck2",
					"from": [ 0.1855, 0.707, 0.2135 ], 
					"to": [ 1.2005, 1.827, 0.8435 ], 
					"unwrapMode": 3,
					"uv": [ 20.5, 11.5 ],
					"rotationOrigin": [ 1.127, 1.1305, 0.525 ],
					"rotationZ": -15.0,
					"faces": {
						"north": { "texture": "#skin", "uv": [ 26.0, 13.0, 28.5, 16.0 ], "windMode": [-1,-1,-1,-1], "windData": [1,1,1,1] },
						"east": { "texture": "#skin", "uv": [ 24.5, 13.0, 26.0, 16.0 ], "windMode": [-1,-1,-1,-1], "windData": [1,1,1,1] },
						"south": { "texture": "#skin", "uv": [ 22.0, 13.0, 24.5, 16.0 ], "windMode": [-1,-1,-1,-1], "windData": [1,1,1,1] },
						"west": { "texture": "#skin", "uv": [ 20.5, 13.0, 22.0, 16.0 ], "windMode": [-1,-1,-1,-1], "windData": [1,1,1,1] },
						"up": { "texture": "#skin", "uv": [ 22.0, 11.5, 24.5, 13.0 ], "windMode": [-1,-1,-1,-1], "windData": [1,1,1,1] },
						"down": { "texture": "#skin", "uv": [ 22.0, 16.0, 24.5, 17.5 ], "rotation": 180, "enabled": false, "windMode": [-1,-1,-1,-1], "windData": [1,1,1,1] }
					},
					"children": [
						{
							"name": "head",
							"from": [ 0.3325, 0.21, -0.0385 ], 
							"to": [ 0.98, 1.0955, 0.6615 ], 
							"unwrapMode": 4,
							"uv": [ 16.0, 14.5 ],
							"rotationOrigin": [ 0.98, 1.099, 0.308 ],
							"rotationZ": -60.0,
							"faces": {
								"north": { "texture": "#skin", "uv": [ 16.0, 16.0, 17.5, 18.5 ] },
								"east": { "texture": "#skin", "uv": [ 21.0, 16.0, 23.0, 18.5 ] },
								"south": { "texture": "#skin", "uv": [ 19.5, 16.0, 21.0, 18.5 ] },
								"west": { "texture": "#skin", "uv": [ 17.5, 16.0, 19.5, 18.5 ] },
								"up": { "texture": "#skin", "uv": [ 17.5, 14.5, 19.5, 16.0 ], "rotation": 90 },
								"down": { "texture": "#skin", "uv": [ 17.5, 18.5, 19.5, 20.0 ], "rotation": 90 }
							},
							"children": [
								{
									"name": "mouth up",
									"from": [ -0.413, 0.0385, 0.189 ], 
									"to": [ 0.021, 0.1785, 0.504 ], 
									"unwrapMode": 5,
									"unwrapRotation": 1,
									"uv": [ 0.0, 0.0 ],
									"rotationOrigin": [ -0.0175, 0.1925, 0.3465 ],
									"rotationZ": 55.0,
									"faces": {
										"north": { "texture": "#skin", "uv": [ 0.0, 0.0, 0.5, 1.0 ], "rotation": 270 },
										"east": { "texture": "#skin", "uv": [ 0.5, 0.0, 1.0, 0.5 ], "rotation": 180, "enabled": false },
										"south": { "texture": "#skin", "uv": [ 1.0, 0.0, 1.5, 1.0 ], "rotation": 90 },
										"west": { "texture": "#skin", "uv": [ 0.5, 1.0, 1.0, 1.5 ] },
										"up": { "texture": "#skin", "uv": [ 0.5, 0.0, 1.0, 1.0 ], "rotation": 90 },
										"down": { "texture": "#skin", "uv": [ 1.5, 0.0, 2.0, 1.0 ], "rotation": 270 }
									},
									"children": [
										{
											"name": "nose",
											"from": [ -0.042, 0.0875, 0.0525 ], 
											"to": [ 0.2275, 0.2835, 0.266 ], 
											"unwrapMode": 4,
											"uv": [ 1.5, 2.0 ],
											"rotationOrigin": [ -0.042, 0.3045, 0.1855 ],
											"rotationZ": 1.0,
											"faces": {
												"north": { "texture": "#skin", "uv": [ 1.5, 2.5, 2.0, 3.0 ], "windMode": [-1,-1,-1,-1], "windData": [1,1,1,1] },
												"east": { "texture": "#skin", "uv": [ 3.0, 2.5, 3.5, 3.0 ], "windMode": [-1,-1,-1,-1], "windData": [1,1,1,1] },
												"south": { "texture": "#skin", "uv": [ 2.5, 2.5, 3.0, 3.0 ], "windMode": [-1,-1,-1,-1], "windData": [1,1,1,1] },
												"west": { "texture": "#skin", "uv": [ 2.0, 2.5, 2.5, 3.0 ], "windMode": [-1,-1,-1,-1], "windData": [1,1,1,1] },
												"up": { "texture": "#skin", "uv": [ 2.0, 2.0, 2.5, 2.5 ], "rotation": 90, "windMode": [-1,-1,-1,-1], "windData": [1,1,1,1] },
												"down": { "texture": "#skin", "uv": [ 2.0, 3.0, 2.5, 3.5 ], "rotation": 90, "windMode": [-1,-1,-1,-1], "windData": [1,1,1,1] }
											}
										},
										{
											"name": "nose bridge",
											"from": [ 0.1645, 0.07, 0.021 ], 
											"to": [ 1.0045, 0.28, 0.301 ], 
											"unwrapMode": 5,
											"unwrapRotation": 1,
											"uv": [ 0.0, 8.0 ],
											"rotationOrigin": [ 0.1645, 0.105, 0.1155 ],
											"rotationZ": 16.0,
											"faces": {
												"north": { "texture": "#skin", "uv": [ 0.0, 8.5, 0.5, 10.5 ], "rotation": 270 },
												"east": { "texture": "#skin", "uv": [ 0.5, 8.0, 1.0, 8.5 ], "rotation": 180, "windMode": [-1,-1,-1,-1], "windData": [0,0,0,0] },
												"south": { "texture": "#skin", "uv": [ 1.0, 8.5, 1.5, 10.5 ], "rotation": 90 },
												"west": { "texture": "#skin", "uv": [ 0.5, 10.5, 1.0, 11.0 ], "windMode": [-1,-1,-1,-1], "windData": [0,0,0,0] },
												"up": { "texture": "#skin", "uv": [ 0.5, 8.5, 1.0, 10.5 ], "rotation": 90 },
												"down": { "texture": "#skin", "uv": [ 1.5, 8.5, 2.0, 10.5 ], "rotation": 270, "enabled": false }
											}
										}
									]
								},
								{
									"name": "R ear",
									"from": [ 0.4025, 0.532, -0.469 ], 
									"to": [ 0.4795, 0.987, 0.112 ], 
									"unwrapMode": 4,
									"uv": [ 28.0, 11.5 ],
									"rotationOrigin": [ 0.4795, 0.84, 0.1085 ],
									"rotationX": 45.0,
									"rotationZ": 22.0,
									"faces": {
										"north": { "texture": "#skin", "uv": [ 28.0, 12.0, 28.5, 13.0 ] },
										"east": { "texture": "#skin", "uv": [ 30.5, 12.0, 32.0, 13.0 ] },
										"south": { "texture": "#skin", "uv": [ 30.0, 12.0, 30.5, 13.0 ], "windMode": [-1,-1,-1,-1], "windData": [0,0,0,0] },
										"west": { "texture": "#skin", "uv": [ 28.5, 12.0, 30.0, 13.0 ] },
										"up": { "texture": "#skin", "uv": [ 28.5, 11.5, 30.0, 12.0 ], "rotation": 90 },
										"down": { "texture": "#skin", "uv": [ 28.5, 13.0, 30.0, 13.5 ], "rotation": 90 }
									}
								},
								{
									"name": "L ear",
									"from": [ 0.4025, 0.532, 0.5845 ], 
									"to": [ 0.4795, 0.987, 1.1655 ], 
									"unwrapMode": 4,
									"uv": [ 11.0, 8.0 ],
									"rotationOrigin": [ 0.4795, 0.84, 0.5845 ],
									"rotationX": -45.0,
									"rotationZ": 22.0,
									"faces": {
										"north": { "texture": "#skin", "uv": [ 11.0, 8.5, 11.5, 9.5 ], "windMode": [-1,-1,-1,-1] },
										"east": { "texture": "#skin", "uv": [ 13.5, 8.5, 15.0, 9.5 ] },
										"south": { "texture": "#skin", "uv": [ 13.0, 8.5, 13.5, 9.5 ], "windMode": [-1,-1,-1,-1] },
										"west": { "texture": "#skin", "uv": [ 11.5, 8.5, 13.0, 9.5 ] },
										"up": { "texture": "#skin", "uv": [ 11.5, 8.0, 13.0, 8.5 ], "rotation": 90 },
										"down": { "texture": "#skin", "uv": [ 11.5, 9.5, 13.0, 10.0 ], "rotation": 90 }
									}
								},
								{
									"name": "jaw",
									"from": [ -0.287, 0.0, 0.1925 ], 
									"to": [ 0.2205, 0.1347, 0.5005 ], 
									"unwrapMode": 5,
									"unwrapRotation": 1,
									"uv": [ 0.0, 1.5 ],
									"rotationOrigin": [ 0.105, 0.1155, 0.35 ],
									"rotationZ": 51.0,
									"faces": {
										"north": { "texture": "#skin", "uv": [ 0.0, 1.5, 0.5, 2.5 ], "rotation": 270 },
										"east": { "texture": "#skin", "uv": [ 0.5, 1.5, 1.0, 2.0 ], "rotation": 180, "enabled": false },
										"south": { "texture": "#skin", "uv": [ 1.0, 1.5, 1.5, 2.5 ], "rotation": 90 },
										"west": { "texture": "#skin", "uv": [ 0.5, 2.5, 1.0, 3.0 ] },
										"up": { "texture": "#skin", "uv": [ 0.5, 1.5, 1.0, 2.5 ], "rotation": 90 },
										"down": { "texture": "#skin", "uv": [ 1.5, 1.5, 2.0, 2.5 ], "rotation": 270 }
									}
								}
							]
						}
					]
				}
			]
		}
	]}