{
	"editor": {
		"allAngles": true,
		"entityTextureMode": true
	},
	"textureWidth": 32,
	"textureHeight": 32,
	"textureSizes": {
		"skin": [32,32]
	},
	"textures": {
	},
	"elements": [
		{
			"name": "Body",
			"from": [ 5.92, 2.995, 6.86 ], 
			"to": [ 8.055, 5.745, 8.81 ], 
			"unwrapMode": 3,
			"unwrapRotation": 1,
			"uv": [ 0.0, 0.0 ],
			"rotationOrigin": [ 8.06, 4.425, 8.0 ],
			"rotationZ": 10.0,
			"faces": {
				"north": { "texture": "#skin", "uv": [ 12.5, 3.5, 18.0, 7.5 ], "rotation": 270 },
				"east": { "texture": "#skin", "uv": [ 3.5, 0.0, 9.0, 3.5 ], "rotation": 90 },
				"south": { "texture": "#skin", "uv": [ 3.5, 3.5, 9.0, 7.5 ], "rotation": 90 },
				"west": { "texture": "#skin", "uv": [ 3.5, 7.5, 9.0, 11.0 ], "rotation": 90 },
				"up": { "texture": "#skin", "uv": [ 0.0, 3.5, 3.5, 7.5 ], "rotation": 90 },
				"down": { "texture": "#skin", "uv": [ 9.0, 3.5, 12.5, 7.5 ], "rotation": 270 }
			},
			"children": [
				{
					"name": "neck",
					"from": [ -0.525, 1.74, 0.25 ], 
					"to": [ 1.24, 3.775, 1.75 ], 
					"unwrapMode": 3,
					"unwrapRotation": 1,
					"uv": [ 10.0, 22.5 ],
					"rotationOrigin": [ 0.85, 2.24, 1.0 ],
					"rotationZ": 89.0,
					"faces": {
						"north": { "texture": "#skin", "uv": [ 17.0, 25.5, 21.0, 29.0 ], "rotation": 270, "windMode": [-1,-1,-1,-1], "windData": [0,0,1,0] },
						"east": { "texture": "#skin", "uv": [ 13.0, 22.5, 17.0, 25.5 ], "rotation": 90, "windMode": [-1,-1,-1,-1], "windData": [1,0,0,1] },
						"south": { "texture": "#skin", "uv": [ 13.0, 25.5, 17.0, 29.0 ], "rotation": 90 },
						"west": { "texture": "#skin", "uv": [ 13.0, 29.0, 17.0, 32.0 ], "rotation": 90 },
						"up": { "texture": "#skin", "uv": [ 10.0, 25.5, 13.0, 29.0 ], "rotation": 90 },
						"down": { "texture": "#skin", "uv": [ 17.0, 25.5, 20.0, 29.0 ], "rotation": 270, "enabled": false, "windMode": [-1,-1,-1,-1], "windData": [0,1,1,0] }
					},
					"children": [
						{
							"name": "neck2",
							"from": [ 0.265, 1.36, 0.205 ], 
							"to": [ 1.715, 2.96, 1.305 ], 
							"unwrapMode": 3,
							"uv": [ 23.0, 27.0 ],
							"rotationOrigin": [ 1.61, 1.965, 0.75 ],
							"rotationZ": 4.0,
							"faces": {
								"north": { "texture": "#skin", "uv": [ 29.5, 29.0, 32.0, 32.0 ], "windMode": [-1,-1,-1,-1], "windData": [1,1,1,1] },
								"east": { "texture": "#skin", "uv": [ 27.5, 29.0, 29.5, 32.0 ], "windMode": [-1,-1,-1,-1], "windData": [1,1,1,1] },
								"south": { "texture": "#skin", "uv": [ 25.0, 29.0, 27.5, 32.0 ], "windMode": [-1,-1,-1,-1], "windData": [1,1,1,1] },
								"west": { "texture": "#skin", "uv": [ 23.0, 29.0, 25.0, 32.0 ], "windMode": [-1,-1,-1,-1], "windData": [1,1,1,1] },
								"up": { "texture": "#skin", "uv": [ 25.0, 27.0, 27.5, 29.0 ], "windMode": [-1,-1,-1,-1], "windData": [1,1,1,1] },
								"down": { "texture": "#skin", "uv": [ 25.0, 32.0, 27.5, 34.0 ], "rotation": 180, "enabled": false, "windMode": [-1,-1,-1,-1], "windData": [1,1,1,1] }
							},
							"children": [
								{
									"name": "head",
									"from": [ 0.475, 0.05, 0.045 ], 
									"to": [ 1.4, 1.315, 1.045 ], 
									"unwrapMode": 4,
									"uv": [ 9.5, 7.5 ],
									"rotationOrigin": [ 1.4, 1.32, 0.54 ],
									"rotationZ": -100.0,
									"faces": {
										"north": { "texture": "#skin", "uv": [ 9.5, 9.0, 11.0, 11.5 ] },
										"east": { "texture": "#skin", "uv": [ 14.5, 9.0, 16.5, 11.5 ] },
										"south": { "texture": "#skin", "uv": [ 13.0, 9.0, 14.5, 11.5 ] },
										"west": { "texture": "#skin", "uv": [ 11.0, 9.0, 13.0, 11.5 ] },
										"up": { "texture": "#skin", "uv": [ 11.0, 7.5, 13.0, 9.0 ], "rotation": 90 },
										"down": { "texture": "#skin", "uv": [ 11.0, 11.5, 13.0, 13.0 ], "rotation": 90 }
									},
									"children": [
										{
											"name": "mouth up",
											"from": [ -0.79, 0.055, 0.22 ], 
											"to": [ 0.33, 0.255, 0.77 ], 
											"unwrapMode": 5,
											"unwrapRotation": 1,
											"uv": [ 0.0, 0.0 ],
											"rotationOrigin": [ 0.275, 0.275, 0.495 ],
											"rotationZ": 35.0,
											"faces": {
												"north": { "texture": "#skin", "uv": [ 0.0, 0.0, 0.5, 2.0 ], "rotation": 270 },
												"east": { "texture": "#skin", "uv": [ 0.5, 0.0, 1.5, 0.5 ], "rotation": 180, "enabled": false },
												"south": { "texture": "#skin", "uv": [ 1.5, 0.0, 2.0, 2.0 ], "rotation": 90 },
												"west": { "texture": "#skin", "uv": [ 0.5, 2.0, 1.5, 2.5 ] },
												"up": { "texture": "#skin", "uv": [ 0.5, 0.0, 1.5, 2.0 ], "rotation": 90 },
												"down": { "texture": "#skin", "uv": [ 2.0, 0.0, 3.0, 2.0 ], "rotation": 270 }
											},
											"children": [
												{
													"name": "nose",
													"from": [ -0.16, 0.025, 0.025 ], 
													"to": [ 0.225, 0.355, 0.53 ], 
													"unwrapMode": 4,
													"uv": [ 9.5, 13.5 ],
													"rotationOrigin": [ -0.16, 0.335, 0.215 ],
													"rotationZ": 31.0,
													"faces": {
														"north": { "texture": "#skin", "uv": [ 9.5, 14.0, 10.0, 14.5 ], "windMode": [-1,-1,-1,-1], "windData": [1,1,1,1] },
														"east": { "texture": "#skin", "uv": [ 11.5, 14.0, 12.5, 14.5 ], "windMode": [-1,-1,-1,-1], "windData": [1,1,1,1] },
														"south": { "texture": "#skin", "uv": [ 11.0, 14.0, 11.5, 14.5 ], "windMode": [-1,-1,-1,-1], "windData": [1,1,1,1] },
														"west": { "texture": "#skin", "uv": [ 10.0, 14.0, 11.0, 14.5 ], "windMode": [-1,-1,-1,-1], "windData": [1,1,1,1] },
														"up": { "texture": "#skin", "uv": [ 10.0, 13.5, 11.0, 14.0 ], "rotation": 90, "windMode": [-1,-1,-1,-1], "windData": [1,1,1,1] },
														"down": { "texture": "#skin", "uv": [ 10.0, 14.5, 11.0, 15.0 ], "rotation": 90, "windMode": [-1,-1,-1,-1], "windData": [1,1,1,1] }
													}
												},
												{
													"name": "nose bridge",
													"from": [ 0.235, -0.1, 0.0275 ], 
													"to": [ 1.735, 0.5, 0.5275 ], 
													"unwrapMode": 5,
													"unwrapRotation": 1,
													"uv": [ 0.5, 10.0 ],
													"rotationOrigin": [ 0.235, 0.0, 0.165 ],
													"rotationZ": 32.0,
													"faces": {
														"north": { "texture": "#skin", "uv": [ 0.5, 11.0, 1.5, 14.0 ], "rotation": 270 },
														"east": { "texture": "#skin", "uv": [ 1.5, 10.0, 2.5, 11.0 ], "rotation": 180, "windMode": [-1,-1,-1,-1], "windData": [0,0,0,0] },
														"south": { "texture": "#skin", "uv": [ 2.5, 11.0, 3.5, 14.0 ], "rotation": 90 },
														"west": { "texture": "#skin", "uv": [ 1.5, 14.0, 2.5, 15.0 ], "windMode": [-1,-1,-1,-1], "windData": [0,0,0,0] },
														"up": { "texture": "#skin", "uv": [ 1.5, 11.0, 2.5, 14.0 ], "rotation": 90 },
														"down": { "texture": "#skin", "uv": [ 3.5, 11.0, 4.5, 14.0 ], "rotation": 270, "enabled": false }
													}
												}
											]
										},
										{
											"name": "R ear",
											"from": [ 0.375, 0.76, -0.57 ], 
											"to": [ 0.485, 1.31, 0.16 ], 
											"unwrapMode": 4,
											"uv": [ 9.0, 0.0 ],
											"rotationOrigin": [ 0.485, 1.2, 0.155 ],
											"rotationX": 45.0,
											"rotationZ": 22.0,
											"faces": {
												"north": { "texture": "#skin", "uv": [ 9.0, 0.5, 9.5, 1.5 ] },
												"east": { "texture": "#skin", "uv": [ 11.0, 0.5, 12.0, 1.5 ] },
												"south": { "texture": "#skin", "uv": [ 10.5, 0.5, 11.0, 1.5 ], "windMode": [-1,-1,-1,-1], "windData": [0,0,0,0] },
												"west": { "texture": "#skin", "uv": [ 9.5, 0.5, 10.5, 1.5 ] },
												"up": { "texture": "#skin", "uv": [ 9.5, 0.0, 10.5, 0.5 ], "rotation": 90 },
												"down": { "texture": "#skin", "uv": [ 9.5, 1.5, 10.5, 2.0 ], "rotation": 90 }
											}
										},
										{
											"name": "L ear",
											"from": [ 0.375, 0.76, 0.835 ], 
											"to": [ 0.485, 1.31, 1.565 ], 
											"unwrapMode": 4,
											"uv": [ 12.0, 0.0 ],
											"rotationOrigin": [ 0.485, 1.2, 0.835 ],
											"rotationX": -45.0,
											"rotationZ": 22.0,
											"faces": {
												"north": { "texture": "#skin", "uv": [ 12.0, 0.5, 12.5, 1.5 ], "windMode": [-1,-1,-1,-1] },
												"east": { "texture": "#skin", "uv": [ 14.0, 0.5, 15.0, 1.5 ] },
												"south": { "texture": "#skin", "uv": [ 13.5, 0.5, 14.0, 1.5 ], "windMode": [-1,-1,-1,-1] },
												"west": { "texture": "#skin", "uv": [ 12.5, 0.5, 13.5, 1.5 ] },
												"up": { "texture": "#skin", "uv": [ 12.5, 0.0, 13.5, 0.5 ], "rotation": 90 },
												"down": { "texture": "#skin", "uv": [ 12.5, 1.5, 13.5, 2.0 ], "rotation": 90 }
											}
										},
										{
											"name": "jaw",
											"from": [ -0.66, 0.0, 0.225 ], 
											"to": [ 0.715, 0.1925, 0.765 ], 
											"unwrapMode": 5,
											"unwrapRotation": 1,
											"uv": [ 0.0, 7.5 ],
											"rotationOrigin": [ 0.55, 0.165, 0.5 ],
											"rotationZ": 31.0,
											"faces": {
												"north": { "texture": "#skin", "uv": [ 0.0, 7.5, 0.5, 10.0 ], "rotation": 270 },
												"east": { "texture": "#skin", "uv": [ 0.5, 7.5, 1.5, 8.0 ], "rotation": 180, "enabled": false },
												"south": { "texture": "#skin", "uv": [ 1.5, 7.5, 2.0, 10.0 ], "rotation": 90 },
												"west": { "texture": "#skin", "uv": [ 0.5, 10.0, 1.5, 10.5 ] },
												"up": { "texture": "#skin", "uv": [ 0.5, 7.5, 1.5, 10.0 ], "rotation": 90 },
												"down": { "texture": "#skin", "uv": [ 2.0, 7.5, 3.0, 10.0 ], "rotation": 270 }
											}
										},
										{
											"name": "Horn attachment",
											"from": [ 0.15, 1.305, 0.495 ], 
											"to": [ 0.535, 1.69, 0.88 ], 
											"uv": [ 0.0, 0.0 ],
											"rotationOrigin": [ 0.15, 1.305, 0.495 ],
											"rotationZ": -25.0,
											"faces": {
												"north": { "texture": "#skin", "uv": [ 0.0, 1.0, 0.792, 1.792 ], "enabled": false },
												"east": { "texture": "#skin", "uv": [ 1.0, 1.0, 1.792, 1.792 ], "enabled": false, "windMode": [-1,-1,-1,-1], "windData": [1,1,1,1] },
												"south": { "texture": "#skin", "uv": [ 1.0, 1.0, 1.792, 1.792 ], "enabled": false, "windMode": [-1,-1,-1,-1], "windData": [1,1,1,1] },
												"west": { "texture": "#skin", "uv": [ 1.0, 1.0, 1.792, 1.792 ], "enabled": false, "windMode": [-1,-1,-1,-1], "windData": [1,1,1,1] },
												"up": { "texture": "#skin", "uv": [ 0.0, 0.0, 0.792, 0.792 ], "enabled": false, "windMode": [-1,-1,-1,-1], "windData": [1,1,1,1] },
												"down": { "texture": "#skin", "uv": [ 1.0, 0.0, 1.792, 0.792 ], "enabled": false, "windMode": [-1,-1,-1,-1], "windData": [1,1,1,1] }
											},
											"children": [
												{
													"name": "R antler base",
													"from": [ -0.165, -0.33, -0.33 ], 
													"to": [ 0.055, -0.08, -0.11 ], 
													"unwrapMode": 4,
													"uv": [ 0.0, 30.5 ],
													"rotationOrigin": [ -0.165, -0.33, -0.11 ],
													"rotationX": -10.0,
													"rotationY": -25.0,
													"rotationZ": 10.0,
													"faces": {
														"north": { "texture": "#skin", "uv": [ 0.0, 31.0, 0.5, 31.5 ] },
														"east": { "texture": "#skin", "uv": [ 1.5, 31.0, 2.0, 31.5 ] },
														"south": { "texture": "#skin", "uv": [ 1.0, 31.0, 1.5, 31.5 ] },
														"west": { "texture": "#skin", "uv": [ 0.5, 31.0, 1.0, 31.5 ] },
														"up": { "texture": "#skin", "uv": [ 0.5, 30.5, 1.0, 31.0 ], "rotation": 90 },
														"down": { "texture": "#skin", "uv": [ 0.5, 31.5, 1.0, 32.0 ], "rotation": 90 }
													},
													"children": [
														{
															"name": "R antler",
															"from": [ 0.05, 0.24, 0.05 ], 
															"to": [ 0.165, 0.89, 0.165 ], 
															"unwrapMode": 4,
															"uv": [ 0.0, 28.5 ],
															"rotationOrigin": [ 0.0, 0.24, 0.22 ],
															"faces": {
																"north": { "texture": "#skin", "uv": [ 0.0, 29.0, 0.5, 30.0 ] },
																"east": { "texture": "#skin", "uv": [ 1.5, 29.0, 2.0, 30.0 ] },
																"south": { "texture": "#skin", "uv": [ 1.0, 29.0, 1.5, 30.0 ] },
																"west": { "texture": "#skin", "uv": [ 0.5, 29.0, 1.0, 30.0 ] },
																"up": { "texture": "#skin", "uv": [ 0.5, 28.5, 1.0, 29.0 ], "rotation": 90 },
																"down": { "texture": "#skin", "uv": [ 0.5, 30.0, 1.0, 30.5 ], "rotation": 90 }
															}
														}
													]
												},
												{
													"name": "L antler base",
													"from": [ -0.165, -0.33, 0.11 ], 
													"to": [ 0.055, -0.08, 0.33 ], 
													"unwrapMode": 4,
													"uv": [ 2.0, 30.5 ],
													"rotationOrigin": [ -0.165, -0.33, 0.11 ],
													"rotationX": 10.0,
													"rotationY": 25.0,
													"rotationZ": 10.0,
													"faces": {
														"north": { "texture": "#skin", "uv": [ 2.0, 31.0, 2.5, 31.5 ] },
														"east": { "texture": "#skin", "uv": [ 3.5, 31.0, 4.0, 31.5 ] },
														"south": { "texture": "#skin", "uv": [ 3.0, 31.0, 3.5, 31.5 ] },
														"west": { "texture": "#skin", "uv": [ 2.5, 31.0, 3.0, 31.5 ] },
														"up": { "texture": "#skin", "uv": [ 2.5, 30.5, 3.0, 31.0 ], "rotation": 90, "windMode": [-1,-1,-1,-1], "windData": [1,1,1,1] },
														"down": { "texture": "#skin", "uv": [ 2.5, 31.5, 3.0, 32.0 ], "rotation": 90, "windMode": [-1,-1,-1,-1], "windData": [1,1,1,1] }
													},
													"children": [
														{
															"name": "L antler",
															"from": [ 0.05, 0.24, 0.05 ], 
															"to": [ 0.165, 0.89, 0.165 ], 
															"unwrapMode": 4,
															"uv": [ 2.0, 28.5 ],
															"rotationOrigin": [ 0.0, 0.24, 0.0 ],
															"faces": {
																"north": { "texture": "#skin", "uv": [ 2.0, 29.0, 2.5, 30.0 ] },
																"east": { "texture": "#skin", "uv": [ 3.5, 29.0, 4.0, 30.0 ] },
																"south": { "texture": "#skin", "uv": [ 3.0, 29.0, 3.5, 30.0 ] },
																"west": { "texture": "#skin", "uv": [ 2.5, 29.0, 3.0, 30.0 ] },
																"up": { "texture": "#skin", "uv": [ 2.5, 28.5, 3.0, 29.0 ], "rotation": 90 },
																"down": { "texture": "#skin", "uv": [ 2.5, 30.0, 3.0, 30.5 ], "rotation": 90 }
															}
														}
													]
												}
											]
										}
									]
								}
							]
						}
					]
				},
				{
					"name": "abdomen",
					"from": [ 1.86, 0.0, -0.055 ], 
					"to": [ 5.0, 2.8, 2.005 ], 
					"unwrapMode": 3,
					"unwrapRotation": 1,
					"uv": [ 0.0, 11.0 ],
					"rotationOrigin": [ 1.86, 1.375, 0.935 ],
					"rotationZ": -4.0,
					"faces": {
						"north": { "texture": "#skin", "uv": [ 13.5, 15.0, 19.0, 21.0 ], "rotation": 270 },
						"east": { "texture": "#skin", "uv": [ 4.0, 11.0, 9.5, 15.0 ], "rotation": 90 },
						"south": { "texture": "#skin", "uv": [ 4.0, 15.0, 9.5, 21.0 ], "rotation": 90 },
						"west": { "texture": "#skin", "uv": [ 4.0, 21.0, 9.5, 25.0 ], "rotation": 90 },
						"up": { "texture": "#skin", "uv": [ 0.0, 15.0, 4.0, 21.0 ], "rotation": 90 },
						"down": { "texture": "#skin", "uv": [ 9.5, 15.0, 13.5, 21.0 ], "rotation": 270 }
					},
					"children": [
						{
							"name": "L back Thigh",
							"from": [ 1.655, -0.26, 1.565 ], 
							"to": [ 3.635, 2.105, 2.335 ], 
							"unwrapMode": 3,
							"uv": [ 20.0, 15.5 ],
							"rotationOrigin": [ 2.425, 1.445, 1.95 ],
							"rotationX": 3.0,
							"rotationZ": -28.0,
							"faces": {
								"north": { "texture": "#skin", "uv": [ 26.5, 17.0, 30.0, 21.5 ] },
								"east": { "texture": "#skin", "uv": [ 25.0, 17.0, 26.5, 21.5 ] },
								"south": { "texture": "#skin", "uv": [ 21.5, 17.0, 25.0, 21.5 ] },
								"west": { "texture": "#skin", "uv": [ 20.0, 17.0, 21.5, 21.5 ] },
								"up": { "texture": "#skin", "uv": [ 21.5, 15.5, 25.0, 17.0 ], "windMode": [-1,-1,-1,-1], "windData": [0,0,1,1] },
								"down": { "texture": "#skin", "uv": [ 21.5, 21.5, 25.0, 23.0 ], "rotation": 180 }
							},
							"children": [
								{
									"name": "L back Upper Arm",
									"from": [ -0.19, -1.88, 0.11 ], 
									"to": [ 0.58, 0.32, 0.715 ], 
									"unwrapMode": 3,
									"uv": [ 27.0, 11.0 ],
									"rotationOrigin": [ 0.195, 0.32, 0.44 ],
									"rotationX": 1.0,
									"rotationZ": 73.0,
									"faces": {
										"north": { "texture": "#skin", "uv": [ 30.5, 12.0, 32.0, 16.0 ] },
										"east": { "texture": "#skin", "uv": [ 29.5, 12.0, 30.5, 16.0 ] },
										"south": { "texture": "#skin", "uv": [ 28.0, 12.0, 29.5, 16.0 ] },
										"west": { "texture": "#skin", "uv": [ 27.0, 12.0, 28.0, 16.0 ] },
										"up": { "texture": "#skin", "uv": [ 28.0, 11.0, 29.5, 12.0 ] },
										"down": { "texture": "#skin", "uv": [ 28.0, 16.0, 29.5, 17.0 ], "rotation": 180 }
									},
									"children": [
										{
											"name": "L back lower arm",
											"from": [ 0.26, -1.81, 0.11 ], 
											"to": [ 0.7, 0.19, 0.495 ], 
											"unwrapMode": 3,
											"uv": [ 30.0, 19.0 ],
											"rotationOrigin": [ 0.535, 0.18, 0.33 ],
											"rotationX": -4.0,
											"rotationZ": -60.0,
											"faces": {
												"north": { "texture": "#skin", "uv": [ 31.5, 19.5, 32.0, 23.5 ] },
												"east": { "texture": "#skin", "uv": [ 31.0, 19.5, 31.5, 23.5 ] },
												"south": { "texture": "#skin", "uv": [ 30.5, 19.5, 31.0, 23.5 ] },
												"west": { "texture": "#skin", "uv": [ 30.0, 19.5, 30.5, 23.5 ] },
												"up": { "texture": "#skin", "uv": [ 30.5, 19.0, 31.0, 19.5 ] },
												"down": { "texture": "#skin", "uv": [ 30.5, 23.5, 31.0, 24.0 ], "rotation": 180 }
											},
											"children": [
												{
													"name": "L back pastern",
													"from": [ 0.0275, -0.49, 0.0 ], 
													"to": [ 0.4125, 0.5, 0.385 ], 
													"unwrapMode": 3,
													"uv": [ 2.0, 22.0 ],
													"rotationOrigin": [ 0.275, 0.445, 0.165 ],
													"rotationZ": -19.0,
													"faces": {
														"north": { "texture": "#skin", "uv": [ 3.5, 22.5, 4.0, 24.0 ] },
														"east": { "texture": "#skin", "uv": [ 3.0, 22.5, 3.5, 24.0 ] },
														"south": { "texture": "#skin", "uv": [ 2.5, 22.5, 3.0, 24.0 ] },
														"west": { "texture": "#skin", "uv": [ 2.0, 22.5, 2.5, 24.0 ] },
														"up": { "texture": "#skin", "uv": [ 2.5, 22.0, 3.0, 22.5 ] },
														"down": { "texture": "#skin", "uv": [ 2.5, 24.0, 3.0, 24.5 ], "rotation": 180 }
													},
													"children": [
														{
															"name": "L origin hind hoof",
															"from": [ 0.22, 0.275, 0.1925 ], 
															"to": [ 0.22, 0.275, 0.1925 ], 
															"uv": [ 0.0, 0.0 ],
															"rotationOrigin": [ 0.22, 0.275, 0.22 ],
															"faces": {
																"north": { "texture": "#skin", "uv": [ 0.0, 0.5, 0.396, 0.896 ], "enabled": false },
																"east": { "texture": "#skin", "uv": [ 0.5, 0.5, 0.896, 0.896 ], "enabled": false },
																"south": { "texture": "#skin", "uv": [ 1.0, 0.5, 1.396, 0.896 ], "enabled": false },
																"west": { "texture": "#skin", "uv": [ 1.5, 0.5, 1.896, 0.896 ], "enabled": false },
																"up": { "texture": "#skin", "uv": [ 0.0, 0.0, 0.396, 0.396 ], "enabled": false },
																"down": { "texture": "#skin", "uv": [ 0.5, 0.0, 0.896, 0.396 ], "enabled": false }
															},
															"children": [
																{
																	"name": "L hind hoof 1",
																	"from": [ -0.605, -0.11, -0.165 ], 
																	"to": [ -0.165, 0.055, 0.165 ], 
																	"unwrapMode": 4,
																	"uv": [ 6.0, 30.5 ],
																	"rotationOrigin": [ -0.055, 0.0, 0.11 ],
																	"rotationZ": 55.0,
																	"faces": {
																		"north": { "texture": "#skin", "uv": [ 6.0, 31.0, 6.5, 31.5 ] },
																		"east": { "texture": "#skin", "uv": [ 7.5, 31.0, 8.0, 31.5 ] },
																		"south": { "texture": "#skin", "uv": [ 7.0, 31.0, 7.5, 31.5 ] },
																		"west": { "texture": "#skin", "uv": [ 6.5, 31.0, 7.0, 31.5 ] },
																		"up": { "texture": "#skin", "uv": [ 6.5, 30.5, 7.0, 31.0 ], "rotation": 90 },
																		"down": { "texture": "#skin", "uv": [ 6.5, 31.5, 7.0, 32.0 ], "rotation": 90 }
																	}
																},
																{
																	"name": "L hind hoof 2",
																	"from": [ -0.44, -0.33, -0.165 ], 
																	"to": [ 0.11, -0.165, 0.165 ], 
																	"unwrapMode": 4,
																	"uv": [ 9.0, 29.5 ],
																	"rotationOrigin": [ 0.055, -0.11, 0.055 ],
																	"rotationZ": 27.0,
																	"faces": {
																		"north": { "texture": "#skin", "uv": [ 9.0, 30.5, 10.0, 31.0 ] },
																		"east": { "texture": "#skin", "uv": [ 11.5, 30.5, 12.0, 31.0 ] },
																		"south": { "texture": "#skin", "uv": [ 10.5, 30.5, 11.5, 31.0 ] },
																		"west": { "texture": "#skin", "uv": [ 10.0, 30.5, 10.5, 31.0 ] },
																		"up": { "texture": "#skin", "uv": [ 10.0, 29.5, 10.5, 30.5 ], "rotation": 90 },
																		"down": { "texture": "#skin", "uv": [ 10.0, 31.0, 10.5, 32.0 ], "rotation": 90 }
																	}
																}
															]
														}
													]
												}
											]
										}
									]
								}
							]
						},
						{
							"name": "tail",
							"from": [ 2.0, 1.0, 0.03 ], 
							"to": [ 3.275, 2.55, 2.03 ], 
							"unwrapMode": 3,
							"unwrapRotation": 1,
							"uv": [ 16.5, 8.5 ],
							"rotationOrigin": [ 2.965, 2.53, 1.03 ],
							"rotationZ": 60.0,
							"faces": {
								"north": { "texture": "#skin", "uv": [ 19.5, 12.5, 22.5, 15.0 ], "rotation": 270, "windMode": [-1,-1,-1,-1], "windData": [0,1,1,0] },
								"east": { "texture": "#skin", "uv": [ 16.5, 8.5, 19.5, 12.5 ], "rotation": 90, "windMode": [-1,-1,-1,-1], "windData": [0,1,1,0] },
								"south": { "texture": "#skin", "uv": [ 16.5, 12.5, 19.5, 15.0 ], "rotation": 90 },
								"west": { "texture": "#skin", "uv": [ 16.5, 15.0, 19.5, 19.0 ], "rotation": 90, "enabled": false, "windMode": [-1,-1,-1,-1], "windData": [0,0,0,0] },
								"up": { "texture": "#skin", "uv": [ 16.5, 12.5, 20.5, 15.0 ], "rotation": 90, "enabled": false, "windMode": [-1,-1,-1,-1], "windData": [0,0,0,0] },
								"down": { "texture": "#skin", "uv": [ 19.5, 12.5, 23.5, 15.0 ], "rotation": 270, "enabled": false, "windMode": [-1,-1,-1,-1] }
							}
						},
						{
							"name": "R back Thigh",
							"from": [ 1.655, -0.26, -0.275 ], 
							"to": [ 3.635, 2.105, 0.495 ], 
							"unwrapMode": 1,
							"uv": [ 22.0, 5.0 ],
							"rotationOrigin": [ 2.425, 1.445, 0.055 ],
							"rotationX": -3.0,
							"rotationZ": 25.0,
							"faces": {
								"north": { "texture": "#skin", "uv": [ 23.5, 6.5, 27.0, 11.0 ] },
								"east": { "texture": "#skin", "uv": [ 22.0, 6.5, 23.5, 11.0 ] },
								"south": { "texture": "#skin", "uv": [ 28.5, 6.5, 32.0, 11.0 ] },
								"west": { "texture": "#skin", "uv": [ 27.0, 6.5, 28.5, 11.0 ] },
								"up": { "texture": "#skin", "uv": [ 23.5, 5.0, 27.0, 6.5 ], "rotation": 180 },
								"down": { "texture": "#skin", "uv": [ 23.5, 11.0, 27.0, 12.5 ] }
							},
							"children": [
								{
									"name": "R back Upper Arm",
									"from": [ -0.04, -1.93, 0.055 ], 
									"to": [ 0.73, 0.27, 0.66 ], 
									"unwrapMode": 1,
									"uv": [ 18.5, 1.5 ],
									"rotationOrigin": [ 0.345, 0.27, 0.385 ],
									"rotationX": -1.0,
									"rotationZ": 42.0,
									"faces": {
										"north": { "texture": "#skin", "uv": [ 19.5, 2.5, 21.0, 6.5 ] },
										"east": { "texture": "#skin", "uv": [ 18.5, 2.5, 19.5, 6.5 ] },
										"south": { "texture": "#skin", "uv": [ 22.0, 2.5, 23.5, 6.5 ] },
										"west": { "texture": "#skin", "uv": [ 21.0, 2.5, 22.0, 6.5 ] },
										"up": { "texture": "#skin", "uv": [ 19.5, 1.5, 21.0, 2.5 ], "rotation": 180 },
										"down": { "texture": "#skin", "uv": [ 19.5, 6.5, 21.0, 7.5 ] }
									},
									"children": [
										{
											"name": "R back lower arm",
											"from": [ 0.26, -1.855, 0.11 ], 
											"to": [ 0.7, 0.145, 0.495 ], 
											"unwrapMode": 1,
											"uv": [ 30.0, 24.0 ],
											"rotationOrigin": [ 0.535, 0.135, 0.33 ],
											"rotationX": 4.0,
											"rotationZ": -60.0,
											"faces": {
												"north": { "texture": "#skin", "uv": [ 30.5, 24.5, 31.0, 28.5 ] },
												"east": { "texture": "#skin", "uv": [ 30.0, 24.5, 30.5, 28.5 ] },
												"south": { "texture": "#skin", "uv": [ 31.5, 24.5, 32.0, 28.5 ] },
												"west": { "texture": "#skin", "uv": [ 31.0, 24.5, 31.5, 28.5 ] },
												"up": { "texture": "#skin", "uv": [ 30.5, 24.0, 31.0, 24.5 ], "rotation": 180 },
												"down": { "texture": "#skin", "uv": [ 30.5, 28.5, 31.0, 29.0 ] }
											},
											"children": [
												{
													"name": "R back pastern",
													"from": [ 0.0275, -0.44, 0.0 ], 
													"to": [ 0.4125, 0.55, 0.385 ], 
													"unwrapMode": 1,
													"uv": [ 0.0, 20.83 ],
													"rotationOrigin": [ 0.275, 0.495, 0.165 ],
													"rotationZ": -10.0,
													"faces": {
														"north": { "texture": "#skin", "uv": [ 0.5, 21.5, 1.0, 23.0 ] },
														"east": { "texture": "#skin", "uv": [ 0.0, 21.5, 0.5, 23.0 ] },
														"south": { "texture": "#skin", "uv": [ 1.5, 21.5, 2.0, 23.0 ] },
														"west": { "texture": "#skin", "uv": [ 1.0, 21.5, 1.5, 23.0 ] },
														"up": { "texture": "#skin", "uv": [ 0.5, 21.0, 1.0, 21.5 ], "rotation": 180 },
														"down": { "texture": "#skin", "uv": [ 0.5, 23.0, 1.0, 23.5 ] }
													},
													"children": [
														{
															"name": "R origin hind hoof",
															"from": [ 0.22, 0.275, 0.1925 ], 
															"to": [ 0.22, 0.275, 0.1925 ], 
															"uv": [ 0.0, 0.0 ],
															"rotationOrigin": [ 0.22, 0.275, 0.22 ],
															"faces": {
																"north": { "texture": "#skin", "uv": [ 0.0, 0.5, 0.396, 0.896 ], "enabled": false },
																"east": { "texture": "#skin", "uv": [ 0.5, 0.5, 0.896, 0.896 ], "enabled": false },
																"south": { "texture": "#skin", "uv": [ 1.0, 0.5, 1.396, 0.896 ], "enabled": false },
																"west": { "texture": "#skin", "uv": [ 1.5, 0.5, 1.896, 0.896 ], "enabled": false },
																"up": { "texture": "#skin", "uv": [ 0.0, 0.0, 0.396, 0.396 ], "enabled": false },
																"down": { "texture": "#skin", "uv": [ 0.5, 0.0, 0.896, 0.396 ], "enabled": false }
															},
															"children": [
																{
																	"name": "R hind hoof 1",
																	"from": [ -0.605, -0.11, -0.165 ], 
																	"to": [ -0.165, 0.055, 0.165 ], 
																	"unwrapMode": 4,
																	"uv": [ 3.5, 28.0 ],
																	"rotationOrigin": [ -0.055, 0.0, 0.11 ],
																	"rotationZ": 55.0,
																	"faces": {
																		"north": { "texture": "#skin", "uv": [ 3.5, 28.5, 4.0, 29.0 ] },
																		"east": { "texture": "#skin", "uv": [ 5.0, 28.5, 5.5, 29.0 ] },
																		"south": { "texture": "#skin", "uv": [ 4.5, 28.5, 5.0, 29.0 ] },
																		"west": { "texture": "#skin", "uv": [ 4.0, 28.5, 4.5, 29.0 ] },
																		"up": { "texture": "#skin", "uv": [ 4.0, 28.0, 4.5, 28.5 ], "rotation": 90 },
																		"down": { "texture": "#skin", "uv": [ 4.0, 29.0, 4.5, 29.5 ], "rotation": 90 }
																	}
																},
																{
																	"name": "R hind hoof 2",
																	"from": [ -0.44, -0.33, -0.165 ], 
																	"to": [ 0.11, -0.165, 0.165 ], 
																	"unwrapMode": 4,
																	"uv": [ 4.5, 27.0 ],
																	"rotationOrigin": [ 0.055, -0.11, 0.055 ],
																	"rotationZ": 27.0,
																	"faces": {
																		"north": { "texture": "#skin", "uv": [ 4.5, 28.0, 5.5, 28.5 ] },
																		"east": { "texture": "#skin", "uv": [ 7.0, 28.0, 7.5, 28.5 ] },
																		"south": { "texture": "#skin", "uv": [ 6.0, 28.0, 7.0, 28.5 ] },
																		"west": { "texture": "#skin", "uv": [ 5.5, 28.0, 6.0, 28.5 ] },
																		"up": { "texture": "#skin", "uv": [ 5.5, 27.0, 6.0, 28.0 ], "rotation": 90 },
																		"down": { "texture": "#skin", "uv": [ 5.5, 28.5, 6.0, 29.5 ], "rotation": 90 }
																	}
																}
															]
														}
													]
												}
											]
										}
									]
								}
							]
						},
						{
							"name": "tail-end",
							"from": [ 2.2938, 1.1594, 0.81 ], 
							"to": [ 3.2938, 2.3144, 1.25 ], 
							"unwrapMode": 3,
							"unwrapRotation": 1,
							"uv": [ 17.0, 23.0 ],
							"rotationOrigin": [ 3.2938, 2.2594, 1.0 ],
							"rotationZ": 38.0,
							"faces": {
								"north": { "texture": "#skin", "uv": [ 19.0, 23.5, 21.0, 25.5 ], "rotation": 270 },
								"east": { "texture": "#skin", "uv": [ 17.0, 23.0, 19.0, 23.5 ], "rotation": 90 },
								"south": { "texture": "#skin", "uv": [ 17.0, 23.5, 19.0, 25.5 ], "rotation": 90 },
								"west": { "texture": "#skin", "uv": [ 17.0, 25.5, 19.0, 26.0 ], "rotation": 90, "enabled": false, "windMode": [-1,-1,-1,-1] },
								"up": { "texture": "#skin", "uv": [ 17.0, 23.5, 17.5, 25.5 ], "rotation": 90, "enabled": false, "windMode": [-1,-1,-1,-1], "windData": [0,0,0,0] },
								"down": { "texture": "#skin", "uv": [ 19.0, 23.5, 19.5, 25.5 ], "rotation": 270, "enabled": false, "windMode": [-1,-1,-1,-1] }
							}
						}
					]
				},
				{
					"name": "L front Thigh",
					"from": [ -0.325, -0.4, 1.565 ], 
					"to": [ 0.775, 1.22, 2.17 ], 
					"unwrapMode": 3,
					"uv": [ 24.0, 22.0 ],
					"rotationOrigin": [ 0.28, 0.755, 1.95 ],
					"rotationX": 3.0,
					"rotationZ": 58.0,
					"faces": {
						"north": { "texture": "#skin", "uv": [ 28.0, 23.0, 30.0, 26.0 ] },
						"east": { "texture": "#skin", "uv": [ 27.0, 23.0, 28.0, 26.0 ] },
						"south": { "texture": "#skin", "uv": [ 25.0, 23.0, 27.0, 26.0 ] },
						"west": { "texture": "#skin", "uv": [ 24.0, 23.0, 25.0, 26.0 ] },
						"up": { "texture": "#skin", "uv": [ 25.0, 22.0, 27.0, 23.0 ], "windMode": [-1,-1,-1,-1] },
						"down": { "texture": "#skin", "uv": [ 25.0, 26.0, 27.0, 27.0 ], "rotation": 180 }
					},
					"children": [
						{
							"name": "L front Upper Arm",
							"from": [ 0.165, -1.32, 0.11 ], 
							"to": [ 0.865, 0.385, 0.55 ], 
							"unwrapMode": 3,
							"uv": [ 9.5, 21.0 ],
							"rotationOrigin": [ 0.55, 0.165, 0.22 ],
							"rotationX": 1.0,
							"rotationZ": -116.0,
							"faces": {
								"north": { "texture": "#skin", "uv": [ 11.5, 21.5, 12.5, 24.5 ] },
								"east": { "texture": "#skin", "uv": [ 11.0, 21.5, 11.5, 24.5 ] },
								"south": { "texture": "#skin", "uv": [ 10.0, 21.5, 11.0, 24.5 ] },
								"west": { "texture": "#skin", "uv": [ 9.5, 21.5, 10.0, 24.5 ] },
								"up": { "texture": "#skin", "uv": [ 10.0, 21.0, 11.0, 21.5 ] },
								"down": { "texture": "#skin", "uv": [ 10.0, 24.5, 11.0, 25.0 ], "rotation": 180 }
							},
							"children": [
								{
									"name": "L front lower arm",
									"from": [ 0.155, -0.49, 0.0275 ], 
									"to": [ 0.54, 0.36, 0.4125 ], 
									"unwrapMode": 3,
									"uv": [ 4.0, 25.0 ],
									"rotationOrigin": [ 0.485, 0.265, 0.22 ],
									"rotationX": -3.0,
									"rotationZ": 111.0,
									"faces": {
										"north": { "texture": "#skin", "uv": [ 5.5, 25.5, 6.0, 27.0 ] },
										"east": { "texture": "#skin", "uv": [ 5.0, 25.5, 5.5, 27.0 ] },
										"south": { "texture": "#skin", "uv": [ 4.5, 25.5, 5.0, 27.0 ] },
										"west": { "texture": "#skin", "uv": [ 4.0, 25.5, 4.5, 27.0 ] },
										"up": { "texture": "#skin", "uv": [ 4.5, 25.0, 5.0, 25.5 ] },
										"down": { "texture": "#skin", "uv": [ 4.5, 27.0, 5.0, 27.5 ], "rotation": 180 }
									},
									"children": [
										{
											"name": "L front pastern",
											"from": [ 0.0, -0.76, 0.0 ], 
											"to": [ 0.385, 0.23, 0.385 ], 
											"unwrapMode": 3,
											"uv": [ 0.0, 23.5 ],
											"rotationOrigin": [ 0.0, 0.12, 0.165 ],
											"rotationX": -1.0,
											"rotationZ": 11.0,
											"faces": {
												"north": { "texture": "#skin", "uv": [ 1.5, 24.0, 2.0, 25.5 ] },
												"east": { "texture": "#skin", "uv": [ 1.0, 24.0, 1.5, 25.5 ] },
												"south": { "texture": "#skin", "uv": [ 0.5, 24.0, 1.0, 25.5 ] },
												"west": { "texture": "#skin", "uv": [ 0.0, 24.0, 0.5, 25.5 ] },
												"up": { "texture": "#skin", "uv": [ 0.5, 23.5, 1.0, 24.0 ] },
												"down": { "texture": "#skin", "uv": [ 0.5, 25.5, 1.0, 26.0 ], "rotation": 180 }
											},
											"children": [
												{
													"name": "L origin hoof",
													"from": [ 0.165, 0.275, 0.1925 ], 
													"to": [ 0.165, 0.275, 0.1925 ], 
													"uv": [ 0.0, 0.0 ],
													"rotationOrigin": [ 0.165, 0.275, 0.22 ],
													"faces": {
														"north": { "texture": "#skin", "uv": [ 0.0, 0.5, 0.396, 0.896 ], "enabled": false },
														"east": { "texture": "#skin", "uv": [ 0.5, 0.5, 0.896, 0.896 ], "enabled": false },
														"south": { "texture": "#skin", "uv": [ 1.0, 0.5, 1.396, 0.896 ], "enabled": false },
														"west": { "texture": "#skin", "uv": [ 1.5, 0.5, 1.896, 0.896 ], "enabled": false },
														"up": { "texture": "#skin", "uv": [ 0.0, 0.0, 0.396, 0.396 ], "enabled": false },
														"down": { "texture": "#skin", "uv": [ 0.5, 0.0, 0.896, 0.396 ], "enabled": false }
													},
													"children": [
														{
															"name": "L front hoof 1",
															"from": [ -0.605, -0.11, -0.165 ], 
															"to": [ -0.165, 0.055, 0.165 ], 
															"unwrapMode": 4,
															"uv": [ 4.0, 29.0 ],
															"rotationOrigin": [ -0.055, 0.0, 0.11 ],
															"rotationZ": 55.0,
															"faces": {
																"north": { "texture": "#skin", "uv": [ 4.0, 29.5, 4.5, 30.0 ] },
																"east": { "texture": "#skin", "uv": [ 5.5, 29.5, 6.0, 30.0 ] },
																"south": { "texture": "#skin", "uv": [ 5.0, 29.5, 5.5, 30.0 ] },
																"west": { "texture": "#skin", "uv": [ 4.5, 29.5, 5.0, 30.0 ] },
																"up": { "texture": "#skin", "uv": [ 4.5, 29.0, 5.0, 29.5 ], "rotation": 90 },
																"down": { "texture": "#skin", "uv": [ 4.5, 30.0, 5.0, 30.5 ], "rotation": 90 }
															}
														},
														{
															"name": "L front hoof 2",
															"from": [ -0.44, -0.33, -0.165 ], 
															"to": [ 0.11, -0.165, 0.165 ], 
															"unwrapMode": 4,
															"uv": [ 6.5, 27.5 ],
															"rotationOrigin": [ 0.055, -0.11, 0.055 ],
															"rotationZ": 27.0,
															"faces": {
																"north": { "texture": "#skin", "uv": [ 6.5, 28.5, 7.5, 29.0 ] },
																"east": { "texture": "#skin", "uv": [ 9.0, 28.5, 9.5, 29.0 ] },
																"south": { "texture": "#skin", "uv": [ 8.0, 28.5, 9.0, 29.0 ] },
																"west": { "texture": "#skin", "uv": [ 7.5, 28.5, 8.0, 29.0 ] },
																"up": { "texture": "#skin", "uv": [ 7.5, 27.5, 8.0, 28.5 ], "rotation": 90 },
																"down": { "texture": "#skin", "uv": [ 7.5, 29.0, 8.0, 30.0 ], "rotation": 90 }
															}
														}
													]
												}
											]
										}
									]
								}
							]
						}
					]
				},
				{
					"name": "R front Thigh",
					"from": [ -0.025, -0.35, -0.22 ], 
					"to": [ 1.075, 1.27, 0.385 ], 
					"unwrapMode": 1,
					"uv": [ 26.0, 0.0 ],
					"rotationOrigin": [ 0.58, 0.81, 0.0 ],
					"rotationX": -3.0,
					"rotationZ": 10.0,
					"faces": {
						"north": { "texture": "#skin", "uv": [ 27.0, 1.0, 29.0, 4.0 ] },
						"east": { "texture": "#skin", "uv": [ 26.0, 1.0, 27.0, 4.0 ] },
						"south": { "texture": "#skin", "uv": [ 30.0, 1.0, 32.0, 4.0 ] },
						"west": { "texture": "#skin", "uv": [ 29.0, 1.0, 30.0, 4.0 ] },
						"up": { "texture": "#skin", "uv": [ 27.0, 0.0, 29.0, 1.0 ], "rotation": 180 },
						"down": { "texture": "#skin", "uv": [ 27.0, 4.0, 29.0, 5.0 ] }
					},
					"children": [
						{
							"name": "R front Upper Arm",
							"from": [ -0.035, -1.32, 0.055 ], 
							"to": [ 0.665, 0.385, 0.495 ], 
							"unwrapMode": 1,
							"uv": [ 21.5, 25.5 ],
							"rotationOrigin": [ 0.35, 0.165, 0.385 ],
							"rotationX": -1.0,
							"rotationZ": -48.0,
							"faces": {
								"north": { "texture": "#skin", "uv": [ 22.0, 26.0, 23.0, 29.0 ] },
								"east": { "texture": "#skin", "uv": [ 21.5, 26.0, 22.0, 29.0 ] },
								"south": { "texture": "#skin", "uv": [ 23.5, 26.0, 24.5, 29.0 ] },
								"west": { "texture": "#skin", "uv": [ 23.0, 26.0, 23.5, 29.0 ] },
								"up": { "texture": "#skin", "uv": [ 22.0, 25.5, 23.0, 26.0 ], "rotation": 180 },
								"down": { "texture": "#skin", "uv": [ 22.0, 29.0, 23.0, 29.5 ] }
							},
							"children": [
								{
									"name": "R front lower arm",
									"from": [ 0.055, -0.74, 0.0275 ], 
									"to": [ 0.44, 0.11, 0.4125 ], 
									"unwrapMode": 1,
									"uv": [ 6.0, 25.0 ],
									"rotationOrigin": [ 0.385, 0.015, 0.33 ],
									"rotationX": 3.0,
									"rotationZ": -4.0,
									"faces": {
										"north": { "texture": "#skin", "uv": [ 6.5, 25.5, 7.0, 27.0 ] },
										"east": { "texture": "#skin", "uv": [ 6.0, 25.5, 6.5, 27.0 ] },
										"south": { "texture": "#skin", "uv": [ 7.5, 25.5, 8.0, 27.0 ] },
										"west": { "texture": "#skin", "uv": [ 7.0, 25.5, 7.5, 27.0 ] },
										"up": { "texture": "#skin", "uv": [ 6.5, 25.0, 7.0, 25.5 ], "rotation": 180 },
										"down": { "texture": "#skin", "uv": [ 6.5, 27.0, 7.0, 27.5 ] }
									},
									"children": [
										{
											"name": "R front pastern",
											"from": [ 0.0, -0.71, 0.0 ], 
											"to": [ 0.385, 0.28, 0.385 ], 
											"unwrapMode": 1,
											"uv": [ 2.0, 24.5 ],
											"rotationOrigin": [ 0.0, 0.17, 0.165 ],
											"rotationX": -1.0,
											"rotationZ": -6.0,
											"faces": {
												"north": { "texture": "#skin", "uv": [ 2.5, 25.0, 3.0, 26.5 ] },
												"east": { "texture": "#skin", "uv": [ 2.0, 25.0, 2.5, 26.5 ] },
												"south": { "texture": "#skin", "uv": [ 3.5, 25.0, 4.0, 26.5 ] },
												"west": { "texture": "#skin", "uv": [ 3.0, 25.0, 3.5, 26.5 ] },
												"up": { "texture": "#skin", "uv": [ 2.5, 24.5, 3.0, 25.0 ], "rotation": 180 },
												"down": { "texture": "#skin", "uv": [ 2.5, 26.5, 3.0, 27.0 ] }
											},
											"children": [
												{
													"name": "R origin hoof",
													"from": [ 0.165, 0.275, 0.1925 ], 
													"to": [ 0.165, 0.275, 0.1925 ], 
													"uv": [ 0.0, 0.0 ],
													"rotationOrigin": [ 0.165, 0.275, 0.22 ],
													"rotationZ": 11.0,
													"faces": {
														"north": { "texture": "#skin", "uv": [ 0.0, 0.5, 0.396, 0.896 ], "enabled": false },
														"east": { "texture": "#skin", "uv": [ 0.5, 0.5, 0.896, 0.896 ], "enabled": false },
														"south": { "texture": "#skin", "uv": [ 1.0, 0.5, 1.396, 0.896 ], "enabled": false },
														"west": { "texture": "#skin", "uv": [ 1.5, 0.5, 1.896, 0.896 ], "enabled": false },
														"up": { "texture": "#skin", "uv": [ 0.0, 0.0, 0.396, 0.396 ], "enabled": false },
														"down": { "texture": "#skin", "uv": [ 0.5, 0.0, 0.896, 0.396 ], "enabled": false }
													},
													"children": [
														{
															"name": "R front hoof 1",
															"from": [ -0.605, -0.11, -0.165 ], 
															"to": [ -0.165, 0.055, 0.165 ], 
															"unwrapMode": 4,
															"uv": [ 4.5, 30.0 ],
															"rotationOrigin": [ -0.055, 0.0, 0.11 ],
															"rotationZ": 55.0,
															"faces": {
																"north": { "texture": "#skin", "uv": [ 4.5, 30.5, 5.0, 31.0 ] },
																"east": { "texture": "#skin", "uv": [ 6.0, 30.5, 6.5, 31.0 ] },
																"south": { "texture": "#skin", "uv": [ 5.5, 30.5, 6.0, 31.0 ] },
																"west": { "texture": "#skin", "uv": [ 5.0, 30.5, 5.5, 31.0 ] },
																"up": { "texture": "#skin", "uv": [ 5.0, 30.0, 5.5, 30.5 ], "rotation": 90 },
																"down": { "texture": "#skin", "uv": [ 5.0, 31.0, 5.5, 31.5 ], "rotation": 90 }
															}
														},
														{
															"name": "R front hoof 2",
															"from": [ -0.44, -0.33, -0.165 ], 
															"to": [ 0.11, -0.165, 0.165 ], 
															"unwrapMode": 4,
															"uv": [ 7.0, 29.0 ],
															"rotationOrigin": [ 0.055, -0.11, 0.055 ],
															"rotationZ": 27.0,
															"faces": {
																"north": { "texture": "#skin", "uv": [ 7.0, 30.0, 8.0, 30.5 ] },
																"east": { "texture": "#skin", "uv": [ 9.5, 30.0, 10.0, 30.5 ] },
																"south": { "texture": "#skin", "uv": [ 8.5, 30.0, 9.5, 30.5 ] },
																"west": { "texture": "#skin", "uv": [ 8.0, 30.0, 8.5, 30.5 ] },
																"up": { "texture": "#skin", "uv": [ 8.0, 29.0, 8.5, 30.0 ], "rotation": 90 },
																"down": { "texture": "#skin", "uv": [ 8.0, 30.5, 8.5, 31.5 ], "rotation": 90 }
															}
														}
													]
												}
											]
										}
									]
								}
							]
						}
					]
				}
			],
			"attachmentpoints": [
				{
					"code": "Center",
					"posX": "9.0","posY": "4.0","posZ": "5.0",
					"rotationX": "0.0","rotationY": "0.0","rotationZ": "0.0"
				}
			]
		}
	]}