{
	"editor": {
		"allAngles": true,
		"entityTextureMode": true
	},
	"textureWidth": 64,
	"textureHeight": 32,
	"textureSizes": {
		"skin": [64,32]
	},
	"textures": {
	},
	"elements": [
		{
			"name": "Body",
			"from": [ 2.52, 6.24, 5.84 ], 
			"to": [ 8.28, 11.28, 9.68 ], 
			"unwrapMode": 3,
			"unwrapRotation": 1,
			"uv": [ 0.0, 0.0 ],
			"rotationOrigin": [ 8.28, 8.76, 8.0 ],
			"rotationZ": -6.0,
			"faces": {
				"north": { "texture": "#skin", "uv": [ 15.0, 4.5, 21.0, 11.5 ], "rotation": 270 },
				"east": { "texture": "#skin", "uv": [ 4.5, 0.0, 10.5, 4.5 ], "rotation": 90 },
				"south": { "texture": "#skin", "uv": [ 4.5, 4.5, 10.5, 11.5 ], "rotation": 90 },
				"west": { "texture": "#skin", "uv": [ 4.5, 11.5, 10.5, 16.0 ], "rotation": 90 },
				"up": { "texture": "#skin", "uv": [ 0.0, 4.5, 4.5, 11.5 ], "rotation": 90 },
				"down": { "texture": "#skin", "uv": [ 10.5, 4.5, 15.0, 11.5 ], "rotation": 270 }
			},
			"children": [
				{
					"name": "neck",
					"from": [ -0.36, 2.46, 1.02 ], 
					"to": [ 2.46, 6.18, 2.82 ], 
					"unwrapMode": 3,
					"unwrapRotation": 1,
					"uv": [ 21.0, 0.0 ],
					"rotationOrigin": [ 2.28, 2.46, 1.92 ],
					"rotationY": 2.0,
					"rotationZ": 45.0,
					"faces": {
						"north": { "texture": "#skin", "uv": [ 27.5, 2.0, 32.0, 5.5 ], "rotation": 270, "windMode": [-1,-1,-1,-1], "windData": [0,0,1,0] },
						"east": { "texture": "#skin", "uv": [ 23.0, 0.0, 27.5, 2.0 ], "rotation": 90, "windMode": [-1,-1,-1,-1], "windData": [1,0,0,1] },
						"south": { "texture": "#skin", "uv": [ 23.0, 2.0, 27.5, 5.5 ], "rotation": 90 },
						"west": { "texture": "#skin", "uv": [ 23.0, 5.5, 27.5, 7.5 ], "rotation": 90 },
						"up": { "texture": "#skin", "uv": [ 21.0, 2.0, 23.0, 5.5 ], "rotation": 90 },
						"down": { "texture": "#skin", "uv": [ 27.5, 2.0, 29.5, 5.5 ], "rotation": 270, "enabled": false, "windMode": [-1,-1,-1,-1], "windData": [0,1,1,0] }
					},
					"children": [
						{
							"name": "neck2",
							"from": [ 0.32, 2.1, 0.06 ], 
							"to": [ 2.84, 5.7, 1.74 ], 
							"unwrapMode": 3,
							"uv": [ 32.5, 0.0 ],
							"rotationOrigin": [ 2.72, 3.3, 0.9 ],
							"rotationX": 2.0,
							"rotationZ": -15.0,
							"faces": {
								"north": { "texture": "#skin", "uv": [ 39.5, 2.0, 42.5, 6.5 ], "windMode": [-1,-1,-1,-1], "windData": [1,1,1,1] },
								"east": { "texture": "#skin", "uv": [ 37.5, 2.0, 39.5, 6.5 ], "windMode": [-1,-1,-1,-1], "windData": [1,1,1,1] },
								"south": { "texture": "#skin", "uv": [ 34.5, 2.0, 37.5, 6.5 ], "windMode": [-1,-1,-1,-1], "windData": [1,1,1,1] },
								"west": { "texture": "#skin", "uv": [ 32.5, 2.0, 34.5, 6.5 ], "windMode": [-1,-1,-1,-1], "windData": [1,1,1,1] },
								"up": { "texture": "#skin", "uv": [ 34.5, 0.0, 37.5, 2.0 ], "windMode": [-1,-1,-1,-1], "windData": [1,1,1,1] },
								"down": { "texture": "#skin", "uv": [ 34.5, 6.5, 37.5, 8.5 ], "rotation": 180, "enabled": false, "windMode": [-1,-1,-1,-1], "windData": [1,1,1,1] }
							},
							"children": [
								{
									"name": "head",
									"from": [ 1.2, 0.96, -0.24 ], 
									"to": [ 2.52, 3.66, 1.92 ], 
									"unwrapMode": 4,
									"uv": [ 10.5, 11.5 ],
									"rotationOrigin": [ 2.52, 3.6, 0.9 ],
									"rotationZ": -60.0,
									"faces": {
										"north": { "texture": "#skin", "uv": [ 10.5, 13.0, 12.0, 16.0 ] },
										"east": { "texture": "#skin", "uv": [ 16.0, 13.0, 18.5, 16.0 ] },
										"south": { "texture": "#skin", "uv": [ 14.5, 13.0, 16.0, 16.0 ] },
										"west": { "texture": "#skin", "uv": [ 12.0, 13.0, 14.5, 16.0 ] },
										"up": { "texture": "#skin", "uv": [ 12.0, 11.5, 14.5, 13.0 ], "rotation": 90 },
										"down": { "texture": "#skin", "uv": [ 12.0, 16.0, 14.5, 17.5 ], "rotation": 90 }
									},
									"children": [
										{
											"name": "mouth up",
											"from": [ -1.44, 0.36, 0.48 ], 
											"to": [ 0.36, 0.78, 1.68 ], 
											"unwrapMode": 5,
											"unwrapRotation": 1,
											"uv": [ 0.0, 0.0 ],
											"rotationOrigin": [ 0.3, 0.78, 1.08 ],
											"rotationZ": 55.0,
											"faces": {
												"north": { "texture": "#skin", "uv": [ 0.0, 0.0, 0.5, 2.0 ], "rotation": 270 },
												"east": { "texture": "#skin", "uv": [ 0.5, 0.0, 2.0, 0.5 ], "rotation": 180, "enabled": false },
												"south": { "texture": "#skin", "uv": [ 2.0, 0.0, 2.5, 2.0 ], "rotation": 90 },
												"west": { "texture": "#skin", "uv": [ 0.5, 2.0, 2.0, 2.5 ] },
												"up": { "texture": "#skin", "uv": [ 0.5, 0.0, 2.0, 2.0 ], "rotation": 90 },
												"down": { "texture": "#skin", "uv": [ 2.5, 0.0, 4.0, 2.0 ], "rotation": 270 }
											},
											"children": [
												{
													"name": "nose",
													"from": [ -0.24, 0.12, 0.3 ], 
													"to": [ 0.48, 0.72, 0.9 ], 
													"unwrapMode": 4,
													"uv": [ 0.0, 3.0 ],
													"rotationOrigin": [ -0.24, 0.72, 0.6 ],
													"rotationZ": 16.0,
													"faces": {
														"north": { "texture": "#skin", "uv": [ 0.0, 3.5, 0.5, 4.0 ], "windMode": [-1,-1,-1,-1], "windData": [1,1,1,1] },
														"east": { "texture": "#skin", "uv": [ 1.5, 3.5, 2.0, 4.0 ], "windMode": [-1,-1,-1,-1], "windData": [1,1,1,1] },
														"south": { "texture": "#skin", "uv": [ 1.0, 3.5, 1.5, 4.0 ], "windMode": [-1,-1,-1,-1], "windData": [1,1,1,1] },
														"west": { "texture": "#skin", "uv": [ 0.5, 3.5, 1.0, 4.0 ], "windMode": [-1,-1,-1,-1], "windData": [1,1,1,1] },
														"up": { "texture": "#skin", "uv": [ 0.5, 3.0, 1.0, 3.5 ], "rotation": 90, "windMode": [-1,-1,-1,-1], "windData": [1,1,1,1] },
														"down": { "texture": "#skin", "uv": [ 0.5, 4.0, 1.0, 4.5 ], "rotation": 90, "windMode": [-1,-1,-1,-1], "windData": [1,1,1,1] }
													}
												},
												{
													"name": "nose bridge",
													"from": [ 0.36, 0.0, 0.12 ], 
													"to": [ 3.3, 0.9, 1.08 ], 
													"unwrapMode": 5,
													"unwrapRotation": 1,
													"uv": [ 1.5, 14.0 ],
													"rotationOrigin": [ 0.36, 0.0, 0.48 ],
													"rotationZ": 16.0,
													"faces": {
														"north": { "texture": "#skin", "uv": [ 1.5, 14.0, 2.5, 17.5 ], "rotation": 270 },
														"east": { "texture": "#skin", "uv": [ 2.5, 14.0, 3.5, 15.0 ], "rotation": 180, "enabled": false, "windMode": [-1,-1,-1,-1], "windData": [1,1,1,1] },
														"south": { "texture": "#skin", "uv": [ 3.5, 14.0, 4.5, 17.5 ], "rotation": 90 },
														"west": { "texture": "#skin", "uv": [ 2.5, 17.5, 3.5, 18.5 ], "windMode": [-1,-1,-1,-1], "windData": [1,1,1,1] },
														"up": { "texture": "#skin", "uv": [ 2.5, 14.0, 3.5, 17.5 ], "rotation": 90 },
														"down": { "texture": "#skin", "uv": [ 4.5, 14.0, 5.5, 17.5 ], "rotation": 270, "enabled": false }
													}
												}
											]
										},
										{
											"name": "R ear",
											"from": [ 0.72, 1.86, -1.8 ], 
											"to": [ 0.96, 2.94, 0.36 ], 
											"unwrapMode": 4,
											"uv": [ 16.0, 17.5 ],
											"rotationOrigin": [ 0.9, 2.28, 0.36 ],
											"rotationX": 45.0,
											"rotationY": 10.0,
											"rotationZ": 22.0,
											"faces": {
												"north": { "texture": "#skin", "uv": [ 16.0, 18.0, 16.5, 19.0 ] },
												"east": { "texture": "#skin", "uv": [ 19.0, 18.0, 21.5, 19.0 ] },
												"south": { "texture": "#skin", "uv": [ 19.0, 18.0, 19.5, 19.0 ], "enabled": false, "windMode": [-1,-1,-1,-1], "windData": [1,1,1,1] },
												"west": { "texture": "#skin", "uv": [ 16.5, 18.0, 19.0, 19.0 ] },
												"up": { "texture": "#skin", "uv": [ 16.5, 17.5, 19.0, 18.0 ], "rotation": 90 },
												"down": { "texture": "#skin", "uv": [ 16.5, 19.0, 19.0, 19.5 ], "rotation": 90 }
											}
										},
										{
											"name": "L ear",
											"from": [ 0.72, 1.86, 1.8 ], 
											"to": [ 0.96, 2.94, 3.96 ], 
											"unwrapMode": 4,
											"uv": [ 10.5, 17.5 ],
											"rotationOrigin": [ 0.9, 2.28, 1.8 ],
											"rotationX": -45.0,
											"rotationY": -16.0,
											"rotationZ": 22.0,
											"faces": {
												"north": { "texture": "#skin", "uv": [ 10.5, 18.0, 11.0, 19.0 ], "enabled": false },
												"east": { "texture": "#skin", "uv": [ 13.5, 18.0, 16.0, 19.0 ] },
												"south": { "texture": "#skin", "uv": [ 13.0, 18.0, 13.5, 19.0 ] },
												"west": { "texture": "#skin", "uv": [ 10.5, 18.0, 13.0, 19.0 ] },
												"up": { "texture": "#skin", "uv": [ 10.5, 17.5, 13.0, 18.0 ], "rotation": 90 },
												"down": { "texture": "#skin", "uv": [ 10.5, 19.0, 13.0, 19.5 ], "rotation": 90 }
											}
										},
										{
											"name": "jaw",
											"from": [ -0.9, 0.0, 0.54 ], 
											"to": [ 0.9, 0.36, 1.62 ], 
											"unwrapMode": 5,
											"unwrapRotation": 1,
											"uv": [ 0.0, 11.5 ],
											"rotationOrigin": [ 0.66, 0.36, 1.08 ],
											"rotationZ": 42.0,
											"faces": {
												"north": { "texture": "#skin", "uv": [ 0.0, 11.5, 0.5, 13.5 ], "rotation": 270 },
												"east": { "texture": "#skin", "uv": [ 0.5, 11.5, 1.5, 12.0 ], "rotation": 180, "enabled": false },
												"south": { "texture": "#skin", "uv": [ 1.5, 11.5, 2.0, 13.5 ], "rotation": 90 },
												"west": { "texture": "#skin", "uv": [ 0.5, 13.5, 1.5, 14.0 ] },
												"up": { "texture": "#skin", "uv": [ 0.5, 11.5, 1.5, 13.5 ], "rotation": 90 },
												"down": { "texture": "#skin", "uv": [ 2.0, 11.5, 3.0, 13.5 ], "rotation": 270 }
											}
										}
									]
								}
							]
						}
					]
				},
				{
					"name": "abdomen",
					"from": [ 5.28, 0.0, 0.12 ], 
					"to": [ 11.16, 5.04, 3.72 ], 
					"unwrapMode": 3,
					"unwrapRotation": 1,
					"uv": [ 0.0, 16.0 ],
					"rotationOrigin": [ 5.28, 2.52, 1.92 ],
					"rotationZ": 8.0,
					"faces": {
						"north": { "texture": "#skin", "uv": [ 15.0, 20.5, 21.0, 27.5 ], "rotation": 270 },
						"east": { "texture": "#skin", "uv": [ 4.5, 16.0, 10.5, 20.5 ], "rotation": 90 },
						"south": { "texture": "#skin", "uv": [ 4.5, 20.5, 10.5, 27.5 ], "rotation": 90 },
						"west": { "texture": "#skin", "uv": [ 4.5, 27.5, 10.5, 32.0 ], "rotation": 90 },
						"up": { "texture": "#skin", "uv": [ 0.0, 20.5, 4.5, 27.5 ], "rotation": 90 },
						"down": { "texture": "#skin", "uv": [ 10.5, 20.5, 15.0, 27.5 ], "rotation": 270 }
					},
					"children": [
						{
							"name": "L back Thigh",
							"from": [ 2.64, -0.4, 2.64 ], 
							"to": [ 6.24, 3.92, 4.08 ], 
							"unwrapMode": 3,
							"uv": [ 34.0, 7.0 ],
							"rotationOrigin": [ 4.08, 2.78, 3.36 ],
							"rotationX": 3.0,
							"rotationZ": 8.0,
							"faces": {
								"north": { "texture": "#skin", "uv": [ 41.5, 8.5, 46.0, 13.5 ] },
								"east": { "texture": "#skin", "uv": [ 40.0, 8.5, 41.5, 13.5 ] },
								"south": { "texture": "#skin", "uv": [ 35.5, 8.5, 40.0, 13.5 ] },
								"west": { "texture": "#skin", "uv": [ 34.0, 8.5, 35.5, 13.5 ] },
								"up": { "texture": "#skin", "uv": [ 35.5, 7.0, 40.0, 8.5 ], "windMode": [-1,-1,-1,-1], "windData": [0,0,1,1] },
								"down": { "texture": "#skin", "uv": [ 35.5, 13.5, 40.0, 15.0 ], "rotation": 180 }
							},
							"children": [
								{
									"name": "L back Upper Arm",
									"from": [ 0.24, -3.6, 0.12 ], 
									"to": [ 1.68, 0.48, 1.26 ], 
									"unwrapMode": 3,
									"uv": [ 27.5, 16.5 ],
									"rotationOrigin": [ 0.96, 0.42, 0.72 ],
									"rotationX": 1.0,
									"rotationZ": 53.0,
									"faces": {
										"north": { "texture": "#skin", "uv": [ 31.0, 17.5, 32.5, 22.5 ] },
										"east": { "texture": "#skin", "uv": [ 30.0, 17.5, 31.0, 22.5 ] },
										"south": { "texture": "#skin", "uv": [ 28.5, 17.5, 30.0, 22.5 ] },
										"west": { "texture": "#skin", "uv": [ 27.5, 17.5, 28.5, 22.5 ] },
										"up": { "texture": "#skin", "uv": [ 28.5, 16.5, 30.0, 17.5 ] },
										"down": { "texture": "#skin", "uv": [ 28.5, 22.5, 30.0, 23.5 ], "rotation": 180 }
									},
									"children": [
										{
											"name": "L back lower arm",
											"from": [ 0.24, -3.36, 0.12 ], 
											"to": [ 1.08, 0.72, 0.84 ], 
											"unwrapMode": 3,
											"uv": [ 30.5, 23.5 ],
											"rotationOrigin": [ 0.78, 0.72, 0.54 ],
											"rotationX": -4.0,
											"rotationZ": -61.0,
											"faces": {
												"north": { "texture": "#skin", "uv": [ 32.5, 24.0, 33.5, 29.0 ] },
												"east": { "texture": "#skin", "uv": [ 32.0, 24.0, 32.5, 29.0 ] },
												"south": { "texture": "#skin", "uv": [ 31.0, 24.0, 32.0, 29.0 ] },
												"west": { "texture": "#skin", "uv": [ 30.5, 24.0, 31.0, 29.0 ] },
												"up": { "texture": "#skin", "uv": [ 31.0, 23.5, 32.0, 24.0 ] },
												"down": { "texture": "#skin", "uv": [ 31.0, 29.0, 32.0, 29.5 ], "rotation": 180 }
											},
											"children": [
												{
													"name": "L back pastern",
													"from": [ 0.06, -0.92, 0.0 ], 
													"to": [ 0.78, 0.88, 0.72 ], 
													"unwrapMode": 3,
													"uv": [ 36.0, 15.5 ],
													"rotationOrigin": [ 0.48, 0.82, 0.36 ],
													"rotationZ": -28.0,
													"faces": {
														"north": { "texture": "#skin", "uv": [ 37.5, 16.0, 38.0, 18.0 ] },
														"east": { "texture": "#skin", "uv": [ 37.0, 16.0, 37.5, 18.0 ] },
														"south": { "texture": "#skin", "uv": [ 36.5, 16.0, 37.0, 18.0 ] },
														"west": { "texture": "#skin", "uv": [ 36.0, 16.0, 36.5, 18.0 ] },
														"up": { "texture": "#skin", "uv": [ 36.5, 15.5, 37.0, 16.0 ] },
														"down": { "texture": "#skin", "uv": [ 36.5, 18.0, 37.0, 18.5 ], "rotation": 180 }
													},
													"children": [
														{
															"name": "L origin hind hoof",
															"from": [ 0.42, 0.54, 0.42 ], 
															"to": [ 0.42, 0.54, 0.42 ], 
															"uv": [ 0.0, 0.0 ],
															"rotationOrigin": [ 0.42, 0.54, 0.42 ],
															"faces": {
																"north": { "texture": "#skin", "uv": [ 0.0, 0.5, 0.45, 0.95 ], "enabled": false },
																"east": { "texture": "#skin", "uv": [ 0.5, 0.5, 0.95, 0.95 ], "enabled": false },
																"south": { "texture": "#skin", "uv": [ 1.0, 0.5, 1.45, 0.95 ], "enabled": false },
																"west": { "texture": "#skin", "uv": [ 1.5, 0.5, 1.95, 0.95 ], "enabled": false },
																"up": { "texture": "#skin", "uv": [ 0.0, 0.0, 0.45, 0.45 ], "enabled": false },
																"down": { "texture": "#skin", "uv": [ 0.5, 0.0, 0.95, 0.45 ], "enabled": false }
															},
															"children": [
																{
																	"name": "L hind hoof 1",
																	"from": [ -1.2, -0.24, -0.36 ], 
																	"to": [ -0.24, 0.12, 0.24 ], 
																	"unwrapMode": 4,
																	"uv": [ 40.0, 23.5 ],
																	"rotationOrigin": [ -0.18, 0.06, 0.24 ],
																	"rotationZ": 55.0,
																	"faces": {
																		"north": { "texture": "#skin", "uv": [ 40.0, 24.5, 41.0, 25.0 ] },
																		"east": { "texture": "#skin", "uv": [ 42.5, 24.5, 43.0, 25.0 ] },
																		"south": { "texture": "#skin", "uv": [ 41.5, 24.5, 42.5, 25.0 ] },
																		"west": { "texture": "#skin", "uv": [ 41.0, 24.5, 41.5, 25.0 ] },
																		"up": { "texture": "#skin", "uv": [ 41.0, 23.5, 41.5, 24.5 ], "rotation": 90 },
																		"down": { "texture": "#skin", "uv": [ 41.0, 25.0, 41.5, 26.0 ], "rotation": 90 }
																	}
																},
																{
																	"name": "L hind hoof 2",
																	"from": [ -0.72, -0.6, -0.36 ], 
																	"to": [ 0.24, -0.24, 0.24 ], 
																	"unwrapMode": 4,
																	"uv": [ 38.5, 27.0 ],
																	"rotationOrigin": [ 0.12, -0.24, 0.18 ],
																	"rotationZ": 27.0,
																	"faces": {
																		"north": { "texture": "#skin", "uv": [ 38.5, 28.0, 39.5, 28.5 ] },
																		"east": { "texture": "#skin", "uv": [ 41.0, 28.0, 41.5, 28.5 ] },
																		"south": { "texture": "#skin", "uv": [ 40.0, 28.0, 41.0, 28.5 ] },
																		"west": { "texture": "#skin", "uv": [ 39.5, 28.0, 40.0, 28.5 ] },
																		"up": { "texture": "#skin", "uv": [ 39.5, 27.0, 40.0, 28.0 ], "rotation": 90 },
																		"down": { "texture": "#skin", "uv": [ 39.5, 28.5, 40.0, 29.5 ], "rotation": 90 }
																	}
																}
															]
														}
													]
												}
											]
										}
									]
								}
							]
						},
						{
							"name": "tail",
							"from": [ 5.22, 3.24, 1.2 ], 
							"to": [ 5.94, 4.68, 2.28 ], 
							"unwrapMode": 3,
							"unwrapRotation": 1,
							"uv": [ 10.5, 0.0 ],
							"rotationOrigin": [ 5.22, 4.68, 1.68 ],
							"rotationZ": 28.0,
							"faces": {
								"north": { "texture": "#skin", "uv": [ 14.0, 1.0, 15.5, 1.5 ], "rotation": 270, "windMode": [-1,-1,-1,-1], "windData": [0,1,1,0] },
								"east": { "texture": "#skin", "uv": [ 11.5, 0.0, 13.0, 1.0 ], "rotation": 90, "windMode": [-1,-1,-1,-1], "windData": [0,1,1,0] },
								"south": { "texture": "#skin", "uv": [ 11.5, 1.0, 13.0, 1.5 ], "rotation": 90 },
								"west": { "texture": "#skin", "uv": [ 11.5, 1.5, 13.0, 2.5 ], "rotation": 90, "windMode": [-1,-1,-1,-1], "windData": [0,0,1,1] },
								"up": { "texture": "#skin", "uv": [ 10.5, 1.0, 11.5, 1.5 ], "rotation": 90, "windMode": [-1,-1,-1,-1], "windData": [1,1,1,1] },
								"down": { "texture": "#skin", "uv": [ 13.0, 1.0, 14.0, 1.5 ], "rotation": 270, "windMode": [-1,-1,-1,-1] }
							},
							"children": [
								{
									"name": "tail-end",
									"from": [ 0.0, -1.62, 0.06 ], 
									"to": [ 0.84, 0.3, 1.02 ], 
									"unwrapMode": 3,
									"unwrapRotation": 1,
									"uv": [ 12.0, 1.5 ],
									"rotationOrigin": [ 0.0, 0.24, 0.54 ],
									"rotationZ": -22.0,
									"faces": {
										"north": { "texture": "#skin", "uv": [ 16.0, 2.5, 18.0, 3.5 ], "rotation": 270 },
										"east": { "texture": "#skin", "uv": [ 13.0, 1.5, 15.0, 2.5 ], "rotation": 90 },
										"south": { "texture": "#skin", "uv": [ 13.0, 2.5, 15.0, 3.5 ], "rotation": 90 },
										"west": { "texture": "#skin", "uv": [ 13.0, 3.5, 15.0, 4.5 ], "rotation": 90 },
										"up": { "texture": "#skin", "uv": [ 12.0, 2.5, 13.0, 3.5 ], "rotation": 90, "windMode": [-1,-1,-1,-1], "windData": [1,1,1,1] },
										"down": { "texture": "#skin", "uv": [ 15.0, 2.5, 16.0, 3.5 ], "rotation": 270 }
									}
								}
							]
						},
						{
							"name": "R back Thigh",
							"from": [ 2.64, -0.24, -0.54 ], 
							"to": [ 6.24, 4.08, 0.9 ], 
							"unwrapMode": 1,
							"uv": [ 21.5, 8.0 ],
							"rotationOrigin": [ 4.08, 2.94, 0.18 ],
							"rotationX": -3.0,
							"rotationZ": -23.0,
							"faces": {
								"north": { "texture": "#skin", "uv": [ 23.0, 9.5, 27.5, 14.5 ] },
								"east": { "texture": "#skin", "uv": [ 21.5, 9.5, 23.0, 14.5 ] },
								"south": { "texture": "#skin", "uv": [ 29.0, 9.5, 33.5, 14.5 ] },
								"west": { "texture": "#skin", "uv": [ 27.5, 9.5, 29.0, 14.5 ] },
								"up": { "texture": "#skin", "uv": [ 23.0, 8.0, 27.5, 9.5 ], "rotation": 180 },
								"down": { "texture": "#skin", "uv": [ 23.0, 14.5, 27.5, 16.0 ] }
							},
							"children": [
								{
									"name": "R back Upper Arm",
									"from": [ 0.24, -3.6, 0.12 ], 
									"to": [ 1.68, 0.48, 1.26 ], 
									"unwrapMode": 1,
									"uv": [ 22.0, 16.5 ],
									"rotationOrigin": [ 0.96, 0.42, 0.72 ],
									"rotationX": -1.0,
									"rotationZ": 73.0,
									"faces": {
										"north": { "texture": "#skin", "uv": [ 23.0, 17.5, 24.5, 22.5 ] },
										"east": { "texture": "#skin", "uv": [ 22.0, 17.5, 23.0, 22.5 ] },
										"south": { "texture": "#skin", "uv": [ 25.5, 17.5, 27.0, 22.5 ] },
										"west": { "texture": "#skin", "uv": [ 24.5, 17.5, 25.5, 22.5 ] },
										"up": { "texture": "#skin", "uv": [ 23.0, 16.5, 24.5, 17.5 ], "rotation": 180 },
										"down": { "texture": "#skin", "uv": [ 23.0, 22.5, 24.5, 23.5 ] }
									},
									"children": [
										{
											"name": "R back lower arm",
											"from": [ 0.24, -3.36, 0.24 ], 
											"to": [ 1.08, 0.72, 0.96 ], 
											"unwrapMode": 1,
											"uv": [ 24.5, 23.5 ],
											"rotationOrigin": [ 0.78, 0.72, 0.66 ],
											"rotationX": 4.0,
											"rotationZ": -63.0,
											"faces": {
												"north": { "texture": "#skin", "uv": [ 25.0, 24.0, 26.0, 29.0 ] },
												"east": { "texture": "#skin", "uv": [ 24.5, 24.0, 25.0, 29.0 ] },
												"south": { "texture": "#skin", "uv": [ 26.5, 24.0, 27.5, 29.0 ] },
												"west": { "texture": "#skin", "uv": [ 26.0, 24.0, 26.5, 29.0 ] },
												"up": { "texture": "#skin", "uv": [ 25.0, 23.5, 26.0, 24.0 ], "rotation": 180 },
												"down": { "texture": "#skin", "uv": [ 25.0, 29.0, 26.0, 29.5 ] }
											},
											"children": [
												{
													"name": "R back pastern",
													"from": [ 0.06, -1.0, 0.0 ], 
													"to": [ 0.78, 0.8, 0.72 ], 
													"unwrapMode": 1,
													"uv": [ 33.5, 15.33 ],
													"rotationOrigin": [ 0.48, 0.74, 0.36 ],
													"rotationZ": -11.0,
													"faces": {
														"north": { "texture": "#skin", "uv": [ 34.0, 16.0, 34.5, 18.0 ] },
														"east": { "texture": "#skin", "uv": [ 33.5, 16.0, 34.0, 18.0 ] },
														"south": { "texture": "#skin", "uv": [ 35.0, 16.0, 35.5, 18.0 ] },
														"west": { "texture": "#skin", "uv": [ 34.5, 16.0, 35.0, 18.0 ] },
														"up": { "texture": "#skin", "uv": [ 34.0, 15.5, 34.5, 16.0 ], "rotation": 180 },
														"down": { "texture": "#skin", "uv": [ 34.0, 18.0, 34.5, 18.5 ] }
													},
													"children": [
														{
															"name": "R origin hind hoof",
															"from": [ 0.42, 0.54, 0.42 ], 
															"to": [ 0.42, 0.54, 0.42 ], 
															"uv": [ 0.0, 0.0 ],
															"rotationOrigin": [ 0.42, 0.54, 0.42 ],
															"faces": {
																"north": { "texture": "#skin", "uv": [ 0.0, 0.5, 0.45, 0.95 ], "enabled": false },
																"east": { "texture": "#skin", "uv": [ 0.5, 0.5, 0.95, 0.95 ], "enabled": false },
																"south": { "texture": "#skin", "uv": [ 1.0, 0.5, 1.45, 0.95 ], "enabled": false },
																"west": { "texture": "#skin", "uv": [ 1.5, 0.5, 1.95, 0.95 ], "enabled": false },
																"up": { "texture": "#skin", "uv": [ 0.0, 0.0, 0.45, 0.45 ], "enabled": false },
																"down": { "texture": "#skin", "uv": [ 0.5, 0.0, 0.95, 0.45 ], "enabled": false }
															},
															"children": [
																{
																	"name": "R hind hoof 1",
																	"from": [ -1.2, -0.24, -0.36 ], 
																	"to": [ -0.24, 0.12, 0.24 ], 
																	"unwrapMode": 4,
																	"uv": [ 34.5, 19.0 ],
																	"rotationOrigin": [ -0.18, 0.06, 0.24 ],
																	"rotationZ": 55.0,
																	"faces": {
																		"north": { "texture": "#skin", "uv": [ 34.5, 20.0, 35.5, 20.5 ] },
																		"east": { "texture": "#skin", "uv": [ 37.0, 20.0, 37.5, 20.5 ] },
																		"south": { "texture": "#skin", "uv": [ 36.0, 20.0, 37.0, 20.5 ] },
																		"west": { "texture": "#skin", "uv": [ 35.5, 20.0, 36.0, 20.5 ] },
																		"up": { "texture": "#skin", "uv": [ 35.5, 19.0, 36.0, 20.0 ], "rotation": 90 },
																		"down": { "texture": "#skin", "uv": [ 35.5, 20.5, 36.0, 21.5 ], "rotation": 90 }
																	}
																},
																{
																	"name": "R hind hoof 2",
																	"from": [ -0.72, -0.6, -0.36 ], 
																	"to": [ 0.24, -0.24, 0.24 ], 
																	"unwrapMode": 4,
																	"uv": [ 38.0, 19.5 ],
																	"rotationOrigin": [ 0.12, -0.24, 0.18 ],
																	"rotationZ": 27.0,
																	"faces": {
																		"north": { "texture": "#skin", "uv": [ 38.0, 20.5, 39.0, 21.0 ] },
																		"east": { "texture": "#skin", "uv": [ 40.5, 20.5, 41.0, 21.0 ] },
																		"south": { "texture": "#skin", "uv": [ 39.5, 20.5, 40.5, 21.0 ] },
																		"west": { "texture": "#skin", "uv": [ 39.0, 20.5, 39.5, 21.0 ] },
																		"up": { "texture": "#skin", "uv": [ 39.0, 19.5, 39.5, 20.5 ], "rotation": 90 },
																		"down": { "texture": "#skin", "uv": [ 39.0, 21.0, 39.5, 22.0 ], "rotation": 90 }
																	}
																}
															]
														}
													]
												}
											]
										}
									]
								}
							]
						}
					]
				},
				{
					"name": "L front Thigh",
					"from": [ 0.54, 0.0, 3.24 ], 
					"to": [ 2.94, 4.2, 4.38 ], 
					"unwrapMode": 3,
					"uv": [ 47.5, 0.0 ],
					"rotationOrigin": [ 1.62, 2.16, 3.96 ],
					"rotationX": 3.0,
					"rotationZ": 15.0,
					"faces": {
						"north": { "texture": "#skin", "uv": [ 52.5, 1.0, 55.5, 6.0 ] },
						"east": { "texture": "#skin", "uv": [ 51.5, 1.0, 52.5, 6.0 ] },
						"south": { "texture": "#skin", "uv": [ 48.5, 1.0, 51.5, 6.0 ] },
						"west": { "texture": "#skin", "uv": [ 47.5, 1.0, 48.5, 6.0 ] },
						"up": { "texture": "#skin", "uv": [ 48.5, 0.0, 51.5, 1.0 ], "windMode": [-1,-1,-1,-1] },
						"down": { "texture": "#skin", "uv": [ 48.5, 6.0, 51.5, 7.0 ], "rotation": 180 }
					},
					"children": [
						{
							"name": "L front Upper Arm",
							"from": [ 0.36, -2.4, 0.12 ], 
							"to": [ 1.56, 0.72, 0.96 ], 
							"unwrapMode": 3,
							"uv": [ 48.0, 7.5 ],
							"rotationOrigin": [ 1.08, 0.36, 0.72 ],
							"rotationX": 1.0,
							"rotationZ": -3.0,
							"faces": {
								"north": { "texture": "#skin", "uv": [ 51.5, 8.5, 53.0, 12.0 ] },
								"east": { "texture": "#skin", "uv": [ 50.5, 8.5, 51.5, 12.0 ] },
								"south": { "texture": "#skin", "uv": [ 49.0, 8.5, 50.5, 12.0 ] },
								"west": { "texture": "#skin", "uv": [ 48.0, 8.5, 49.0, 12.0 ] },
								"up": { "texture": "#skin", "uv": [ 49.0, 7.5, 50.5, 8.5 ] },
								"down": { "texture": "#skin", "uv": [ 49.0, 12.0, 50.5, 13.0 ], "rotation": 180 }
							},
							"children": [
								{
									"name": "L front lower arm",
									"from": [ 0.18, -2.88, 0.06 ], 
									"to": [ 0.9, 0.72, 0.78 ], 
									"unwrapMode": 3,
									"uv": [ 53.5, 6.5 ],
									"rotationOrigin": [ 0.72, 0.36, 0.48 ],
									"rotationX": -3.0,
									"rotationZ": -4.0,
									"faces": {
										"north": { "texture": "#skin", "uv": [ 55.0, 7.0, 55.5, 11.5 ] },
										"east": { "texture": "#skin", "uv": [ 54.5, 7.0, 55.0, 11.5 ] },
										"south": { "texture": "#skin", "uv": [ 54.0, 7.0, 54.5, 11.5 ] },
										"west": { "texture": "#skin", "uv": [ 53.5, 7.0, 54.0, 11.5 ] },
										"up": { "texture": "#skin", "uv": [ 54.0, 6.5, 54.5, 7.0 ] },
										"down": { "texture": "#skin", "uv": [ 54.0, 11.5, 54.5, 12.0 ], "rotation": 180 }
									},
									"children": [
										{
											"name": "L front pastern",
											"from": [ 0.0, -1.26, 0.0 ], 
											"to": [ 0.72, 0.54, 0.72 ], 
											"unwrapMode": 3,
											"uv": [ 50.5, 13.0 ],
											"rotationOrigin": [ 0.06, 0.48, 0.36 ],
											"rotationX": -1.0,
											"rotationZ": -22.0,
											"faces": {
												"north": { "texture": "#skin", "uv": [ 52.0, 13.5, 52.5, 15.5 ] },
												"east": { "texture": "#skin", "uv": [ 51.5, 13.5, 52.0, 15.5 ] },
												"south": { "texture": "#skin", "uv": [ 51.0, 13.5, 51.5, 15.5 ] },
												"west": { "texture": "#skin", "uv": [ 50.5, 13.5, 51.0, 15.5 ] },
												"up": { "texture": "#skin", "uv": [ 51.0, 13.0, 51.5, 13.5 ] },
												"down": { "texture": "#skin", "uv": [ 51.0, 15.5, 51.5, 16.0 ], "rotation": 180 }
											},
											"children": [
												{
													"name": "L origin hoof",
													"from": [ 0.36, 0.54, 0.42 ], 
													"to": [ 0.36, 0.54, 0.42 ], 
													"uv": [ 0.0, 0.0 ],
													"rotationOrigin": [ 0.36, 0.54, 0.42 ],
													"faces": {
														"north": { "texture": "#skin", "uv": [ 0.0, 0.5, 0.45, 0.95 ], "enabled": false },
														"east": { "texture": "#skin", "uv": [ 0.5, 0.5, 0.95, 0.95 ], "enabled": false },
														"south": { "texture": "#skin", "uv": [ 1.0, 0.5, 1.45, 0.95 ], "enabled": false },
														"west": { "texture": "#skin", "uv": [ 1.5, 0.5, 1.95, 0.95 ], "enabled": false },
														"up": { "texture": "#skin", "uv": [ 0.0, 0.0, 0.45, 0.45 ], "enabled": false },
														"down": { "texture": "#skin", "uv": [ 0.5, 0.0, 0.95, 0.45 ], "enabled": false }
													},
													"children": [
														{
															"name": "L front hoof 1",
															"from": [ -1.2, -0.24, -0.36 ], 
															"to": [ -0.24, 0.06, 0.24 ], 
															"unwrapMode": 4,
															"uv": [ 35.5, 21.0 ],
															"rotationOrigin": [ -0.18, 0.06, 0.24 ],
															"rotationZ": 55.0,
															"faces": {
																"north": { "texture": "#skin", "uv": [ 35.5, 22.0, 36.5, 22.5 ] },
																"east": { "texture": "#skin", "uv": [ 38.0, 22.0, 38.5, 22.5 ] },
																"south": { "texture": "#skin", "uv": [ 37.0, 22.0, 38.0, 22.5 ] },
																"west": { "texture": "#skin", "uv": [ 36.5, 22.0, 37.0, 22.5 ] },
																"up": { "texture": "#skin", "uv": [ 36.5, 21.0, 37.0, 22.0 ], "rotation": 90 },
																"down": { "texture": "#skin", "uv": [ 36.5, 22.5, 37.0, 23.5 ], "rotation": 90 }
															}
														},
														{
															"name": "L front hoof 2",
															"from": [ -0.72, -0.6, -0.36 ], 
															"to": [ 0.24, -0.24, 0.24 ], 
															"unwrapMode": 4,
															"uv": [ 36.5, 23.0 ],
															"rotationOrigin": [ 0.12, -0.24, 0.18 ],
															"rotationZ": 27.0,
															"faces": {
																"north": { "texture": "#skin", "uv": [ 36.5, 24.0, 37.5, 24.5 ] },
																"east": { "texture": "#skin", "uv": [ 39.0, 24.0, 39.5, 24.5 ] },
																"south": { "texture": "#skin", "uv": [ 38.0, 24.0, 39.0, 24.5 ] },
																"west": { "texture": "#skin", "uv": [ 37.5, 24.0, 38.0, 24.5 ] },
																"up": { "texture": "#skin", "uv": [ 37.5, 23.0, 38.0, 24.0 ], "rotation": 90 },
																"down": { "texture": "#skin", "uv": [ 37.5, 24.5, 38.0, 25.5 ], "rotation": 90 }
															}
														}
													]
												}
											]
										}
									]
								}
							]
						}
					]
				},
				{
					"name": "R front Thigh",
					"from": [ 0.54, 0.0, -0.42 ], 
					"to": [ 2.94, 4.2, 0.72 ], 
					"unwrapMode": 1,
					"uv": [ 56.0, 0.0 ],
					"rotationOrigin": [ 1.62, 2.16, 0.0 ],
					"rotationX": -3.0,
					"rotationZ": 15.0,
					"faces": {
						"north": { "texture": "#skin", "uv": [ 57.0, 1.0, 60.0, 6.0 ] },
						"east": { "texture": "#skin", "uv": [ 56.0, 1.0, 57.0, 6.0 ] },
						"south": { "texture": "#skin", "uv": [ 61.0, 1.0, 64.0, 6.0 ] },
						"west": { "texture": "#skin", "uv": [ 60.0, 1.0, 61.0, 6.0 ] },
						"up": { "texture": "#skin", "uv": [ 57.0, 0.0, 60.0, 1.0 ], "rotation": 180 },
						"down": { "texture": "#skin", "uv": [ 57.0, 6.0, 60.0, 7.0 ] }
					},
					"children": [
						{
							"name": "R front Upper Arm",
							"from": [ 0.36, -2.4, 0.12 ], 
							"to": [ 1.56, 0.72, 0.96 ], 
							"unwrapMode": 1,
							"uv": [ 56.0, 7.5 ],
							"rotationOrigin": [ 1.08, 0.36, 0.72 ],
							"rotationX": -1.0,
							"rotationZ": -33.0,
							"faces": {
								"north": { "texture": "#skin", "uv": [ 57.0, 8.5, 58.5, 12.0 ] },
								"east": { "texture": "#skin", "uv": [ 56.0, 8.5, 57.0, 12.0 ] },
								"south": { "texture": "#skin", "uv": [ 59.5, 8.5, 61.0, 12.0 ] },
								"west": { "texture": "#skin", "uv": [ 58.5, 8.5, 59.5, 12.0 ] },
								"up": { "texture": "#skin", "uv": [ 57.0, 7.5, 58.5, 8.5 ], "rotation": 180 },
								"down": { "texture": "#skin", "uv": [ 57.0, 12.0, 58.5, 13.0 ] }
							},
							"children": [
								{
									"name": "R front lower arm",
									"from": [ 0.18, -2.88, 0.06 ], 
									"to": [ 0.9, 0.72, 0.78 ], 
									"unwrapMode": 1,
									"uv": [ 61.5, 6.5 ],
									"rotationOrigin": [ 0.72, 0.36, 0.6 ],
									"rotationX": 3.0,
									"rotationZ": 30.0,
									"faces": {
										"north": { "texture": "#skin", "uv": [ 62.0, 7.0, 62.5, 11.5 ] },
										"east": { "texture": "#skin", "uv": [ 61.5, 7.0, 62.0, 11.5 ] },
										"south": { "texture": "#skin", "uv": [ 63.0, 7.0, 63.5, 11.5 ] },
										"west": { "texture": "#skin", "uv": [ 62.5, 7.0, 63.0, 11.5 ] },
										"up": { "texture": "#skin", "uv": [ 62.0, 6.5, 62.5, 7.0 ], "rotation": 180 },
										"down": { "texture": "#skin", "uv": [ 62.0, 11.5, 62.5, 12.0 ] }
									},
									"children": [
										{
											"name": "R front pastern",
											"from": [ 0.04, -1.264, 0.0 ], 
											"to": [ 0.76, 0.536, 0.72 ], 
											"unwrapMode": 1,
											"uv": [ 58.5, 13.0 ],
											"rotationOrigin": [ 0.14, 0.48, 0.36 ],
											"rotationX": -1.0,
											"rotationZ": 19.0,
											"faces": {
												"north": { "texture": "#skin", "uv": [ 59.0, 13.5, 59.5, 15.5 ] },
												"east": { "texture": "#skin", "uv": [ 58.5, 13.5, 59.0, 15.5 ] },
												"south": { "texture": "#skin", "uv": [ 60.0, 13.5, 60.5, 15.5 ] },
												"west": { "texture": "#skin", "uv": [ 59.5, 13.5, 60.0, 15.5 ] },
												"up": { "texture": "#skin", "uv": [ 59.0, 13.0, 59.5, 13.5 ], "rotation": 180 },
												"down": { "texture": "#skin", "uv": [ 59.0, 15.5, 59.5, 16.0 ] }
											},
											"children": [
												{
													"name": "R origin hoof",
													"from": [ 0.2, 0.544, 0.42 ], 
													"to": [ 0.2, 0.544, 0.42 ], 
													"uv": [ 0.0, 0.0 ],
													"rotationOrigin": [ 0.2, 0.54, 0.42 ],
													"rotationZ": 39.0,
													"faces": {
														"north": { "texture": "#skin", "uv": [ 0.0, 0.5, 0.45, 0.95 ], "enabled": false },
														"east": { "texture": "#skin", "uv": [ 0.5, 0.5, 0.95, 0.95 ], "enabled": false },
														"south": { "texture": "#skin", "uv": [ 1.0, 0.5, 1.45, 0.95 ], "enabled": false },
														"west": { "texture": "#skin", "uv": [ 1.5, 0.5, 1.95, 0.95 ], "enabled": false },
														"up": { "texture": "#skin", "uv": [ 0.0, 0.0, 0.45, 0.45 ], "enabled": false },
														"down": { "texture": "#skin", "uv": [ 0.5, 0.0, 0.95, 0.45 ], "enabled": false }
													},
													"children": [
														{
															"name": "R front hoof 1",
															"from": [ -1.2, -0.24, -0.36 ], 
															"to": [ -0.24, 0.06, 0.24 ], 
															"unwrapMode": 4,
															"uv": [ 39.0, 21.5 ],
															"rotationOrigin": [ -0.18, 0.06, 0.24 ],
															"rotationZ": 55.0,
															"faces": {
																"north": { "texture": "#skin", "uv": [ 39.0, 22.5, 40.0, 23.0 ] },
																"east": { "texture": "#skin", "uv": [ 41.5, 22.5, 42.0, 23.0 ] },
																"south": { "texture": "#skin", "uv": [ 40.5, 22.5, 41.5, 23.0 ] },
																"west": { "texture": "#skin", "uv": [ 40.0, 22.5, 40.5, 23.0 ] },
																"up": { "texture": "#skin", "uv": [ 40.0, 21.5, 40.5, 22.5 ], "rotation": 90 },
																"down": { "texture": "#skin", "uv": [ 40.0, 23.0, 40.5, 24.0 ], "rotation": 90 }
															}
														},
														{
															"name": "R front hoof 2",
															"from": [ -0.72, -0.6, -0.36 ], 
															"to": [ 0.24, -0.24, 0.24 ], 
															"unwrapMode": 4,
															"uv": [ 37.5, 25.0 ],
															"rotationOrigin": [ 0.12, -0.24, 0.18 ],
															"rotationZ": 27.0,
															"faces": {
																"north": { "texture": "#skin", "uv": [ 37.5, 26.0, 38.5, 26.5 ] },
																"east": { "texture": "#skin", "uv": [ 40.0, 26.0, 40.5, 26.5 ] },
																"south": { "texture": "#skin", "uv": [ 39.0, 26.0, 40.0, 26.5 ] },
																"west": { "texture": "#skin", "uv": [ 38.5, 26.0, 39.0, 26.5 ] },
																"up": { "texture": "#skin", "uv": [ 38.5, 25.0, 39.0, 26.0 ], "rotation": 90 },
																"down": { "texture": "#skin", "uv": [ 38.5, 26.5, 39.0, 27.5 ], "rotation": 90 }
															}
														}
													]
												}
											]
										}
									]
								}
							]
						}
					]
				}
			],
			"attachmentpoints": [
				{
					"code": "Center",
					"posX": "9.0","posY": "4.0","posZ": "5.0",
					"rotationX": "0.0","rotationY": "0.0","rotationZ": "0.0"
				}
			]
		}
	]}