{
	"editor": {
		"allAngles": true,
		"entityTextureMode": true
	},
	"textureWidth": 32,
	"textureHeight": 32,
	"textureSizes": {
		"skin": [32,32]
	},
	"textures": {
	},
	"elements": [
		{
			"name": "Body",
			"from": [ 4.22, 6.256, 6.3 ], 
			"to": [ 9.464, 10.856, 9.06 ], 
			"unwrapMode": 3,
			"unwrapRotation": 1,
			"uv": [ 0.0, 0.0 ],
			"rotationOrigin": [ 9.464, 8.648, 7.96 ],
			"rotationZ": 4.0,
			"faces": {
				"north": { "texture": "#skin", "uv": [ 11.0, 3.0, 16.0, 8.5 ], "rotation": 270 },
				"east": { "texture": "#skin", "uv": [ 3.0, 0.0, 8.0, 3.0 ], "rotation": 90 },
				"south": { "texture": "#skin", "uv": [ 3.0, 3.0, 8.0, 8.5 ], "rotation": 90 },
				"west": { "texture": "#skin", "uv": [ 3.0, 8.5, 8.0, 11.5 ], "rotation": 90 },
				"up": { "texture": "#skin", "uv": [ 0.0, 3.0, 3.0, 8.5 ], "rotation": 90 },
				"down": { "texture": "#skin", "uv": [ 8.0, 3.0, 11.0, 8.5 ], "rotation": 270 }
			},
			"children": [
				{
					"name": "neck",
					"from": [ -0.276, 2.576, 0.552 ], 
					"to": [ 2.024, 5.98, 2.208 ], 
					"unwrapMode": 3,
					"unwrapRotation": 1,
					"uv": [ 16.0, 0.0 ],
					"rotationOrigin": [ 2.024, 2.576, 1.38 ],
					"rotationZ": 45.0,
					"faces": {
						"north": { "texture": "#skin", "uv": [ 21.0, 1.5, 24.5, 4.0 ], "rotation": 270, "windMode": [-1,-1,-1,-1], "windData": [0,0,1,0] },
						"east": { "texture": "#skin", "uv": [ 17.5, 0.0, 21.0, 1.5 ], "rotation": 90, "windMode": [-1,-1,-1,-1], "windData": [1,0,0,1] },
						"south": { "texture": "#skin", "uv": [ 17.5, 1.5, 21.0, 4.0 ], "rotation": 90 },
						"west": { "texture": "#skin", "uv": [ 17.5, 4.0, 21.0, 5.5 ], "rotation": 90 },
						"up": { "texture": "#skin", "uv": [ 16.0, 1.5, 17.5, 4.0 ], "rotation": 90 },
						"down": { "texture": "#skin", "uv": [ 21.0, 1.5, 22.5, 4.0 ], "rotation": 270, "enabled": false, "windMode": [-1,-1,-1,-1], "windData": [0,1,1,0] }
					},
					"children": [
						{
							"name": "neck2",
							"from": [ 0.276, 2.024, 0.092 ], 
							"to": [ 2.208, 5.152, 1.564 ], 
							"unwrapMode": 3,
							"uv": [ 24.5, 0.0 ],
							"rotationOrigin": [ 2.208, 3.036, 0.92 ],
							"rotationZ": -25.0,
							"faces": {
								"north": { "texture": "#skin", "uv": [ 29.5, 1.5, 31.5, 4.5 ], "windMode": [-1,-1,-1,-1], "windData": [1,1,1,1] },
								"east": { "texture": "#skin", "uv": [ 28.0, 1.5, 29.5, 4.5 ], "windMode": [-1,-1,-1,-1], "windData": [1,1,1,1] },
								"south": { "texture": "#skin", "uv": [ 26.0, 1.5, 28.0, 4.5 ], "windMode": [-1,-1,-1,-1], "windData": [1,1,1,1] },
								"west": { "texture": "#skin", "uv": [ 24.5, 1.5, 26.0, 4.5 ], "windMode": [-1,-1,-1,-1], "windData": [1,1,1,1] },
								"up": { "texture": "#skin", "uv": [ 26.0, 0.0, 28.0, 1.5 ], "windMode": [-1,-1,-1,-1], "windData": [1,1,1,1] },
								"down": { "texture": "#skin", "uv": [ 26.0, 4.5, 28.0, 6.0 ], "rotation": 180, "enabled": false, "windMode": [-1,-1,-1,-1], "windData": [1,1,1,1] }
							},
							"children": [
								{
									"name": "head",
									"from": [ 0.736, 0.828, -0.092 ], 
									"to": [ 1.932, 3.128, 1.564 ], 
									"unwrapMode": 4,
									"uv": [ 8.0, 8.5 ],
									"rotationOrigin": [ 1.932, 3.128, 0.736 ],
									"rotationZ": -52.0,
									"faces": {
										"north": { "texture": "#skin", "uv": [ 8.0, 9.5, 9.0, 12.0 ] },
										"east": { "texture": "#skin", "uv": [ 11.5, 9.5, 13.0, 12.0 ] },
										"south": { "texture": "#skin", "uv": [ 10.5, 9.5, 11.5, 12.0 ] },
										"west": { "texture": "#skin", "uv": [ 9.0, 9.5, 10.5, 12.0 ] },
										"up": { "texture": "#skin", "uv": [ 9.0, 8.5, 10.5, 9.5 ], "rotation": 90 },
										"down": { "texture": "#skin", "uv": [ 9.0, 12.0, 10.5, 13.0 ], "rotation": 90 }
									},
									"children": [
										{
											"name": "mouth up",
											"from": [ -1.472, 0.276, 0.276 ], 
											"to": [ 0.276, 0.644, 1.38 ], 
											"unwrapMode": 5,
											"unwrapRotation": 1,
											"uv": [ 0.0, 0.0 ],
											"rotationOrigin": [ 0.184, 0.644, 0.828 ],
											"rotationZ": 55.0,
											"faces": {
												"north": { "texture": "#skin", "uv": [ 0.0, 0.0, 0.5, 1.5 ], "rotation": 270 },
												"east": { "texture": "#skin", "uv": [ 0.5, 0.0, 1.5, 0.5 ], "rotation": 180, "enabled": false },
												"south": { "texture": "#skin", "uv": [ 1.5, 0.0, 2.0, 1.5 ], "rotation": 90 },
												"west": { "texture": "#skin", "uv": [ 0.5, 1.5, 1.5, 2.0 ] },
												"up": { "texture": "#skin", "uv": [ 0.5, 0.0, 1.5, 1.5 ], "rotation": 90 },
												"down": { "texture": "#skin", "uv": [ 2.0, 0.0, 3.0, 1.5 ], "rotation": 270 }
											},
											"children": [
												{
													"name": "nose",
													"from": [ -0.184, 0.184, 0.276 ], 
													"to": [ 0.46, 0.736, 0.828 ], 
													"unwrapMode": 4,
													"uv": [ 1.0, 1.5 ],
													"rotationOrigin": [ -0.184, 0.736, 0.552 ],
													"rotationZ": 16.0,
													"faces": {
														"north": { "texture": "#skin", "uv": [ 1.0, 2.0, 1.5, 2.5 ], "windMode": [-1,-1,-1,-1], "windData": [1,1,1,1] },
														"east": { "texture": "#skin", "uv": [ 2.5, 2.0, 3.0, 2.5 ], "windMode": [-1,-1,-1,-1], "windData": [1,1,1,1] },
														"south": { "texture": "#skin", "uv": [ 2.0, 2.0, 2.5, 2.5 ], "windMode": [-1,-1,-1,-1], "windData": [1,1,1,1] },
														"west": { "texture": "#skin", "uv": [ 1.5, 2.0, 2.0, 2.5 ], "windMode": [-1,-1,-1,-1], "windData": [1,1,1,1] },
														"up": { "texture": "#skin", "uv": [ 1.5, 1.5, 2.0, 2.0 ], "rotation": 90, "windMode": [-1,-1,-1,-1], "windData": [1,1,1,1] },
														"down": { "texture": "#skin", "uv": [ 1.5, 2.5, 2.0, 3.0 ], "rotation": 90, "windMode": [-1,-1,-1,-1], "windData": [1,1,1,1] }
													}
												},
												{
													"name": "nose bridge",
													"from": [ 0.276, 0.0, 0.138 ], 
													"to": [ 3.128, 0.828, 0.966 ], 
													"unwrapMode": 5,
													"unwrapRotation": 1,
													"uv": [ 1.0, 10.5 ],
													"rotationOrigin": [ 0.276, 0.0, 0.368 ],
													"rotationZ": 13.0,
													"faces": {
														"north": { "texture": "#skin", "uv": [ 1.0, 10.5, 1.5, 13.5 ], "rotation": 270 },
														"east": { "texture": "#skin", "uv": [ 1.5, 10.5, 2.0, 11.0 ], "rotation": 180, "enabled": false, "windMode": [-1,-1,-1,-1], "windData": [1,1,1,1] },
														"south": { "texture": "#skin", "uv": [ 2.0, 10.5, 2.5, 13.5 ], "rotation": 90 },
														"west": { "texture": "#skin", "uv": [ 1.5, 13.5, 2.0, 14.0 ], "windMode": [-1,-1,-1,-1], "windData": [1,1,1,1] },
														"up": { "texture": "#skin", "uv": [ 1.5, 10.5, 2.0, 13.5 ], "rotation": 90 },
														"down": { "texture": "#skin", "uv": [ 2.5, 10.5, 3.0, 13.5 ], "rotation": 270, "enabled": false }
													}
												}
											]
										},
										{
											"name": "R ear",
											"from": [ 0.644, 1.656, -1.472 ], 
											"to": [ 0.828, 2.576, 0.368 ], 
											"unwrapMode": 4,
											"uv": [ 7.5, 19.5 ],
											"rotationOrigin": [ 0.828, 2.024, 0.276 ],
											"rotationX": 64.0,
											"rotationZ": 22.0,
											"faces": {
												"north": { "texture": "#skin", "uv": [ 7.5, 20.0, 8.0, 21.0 ] },
												"east": { "texture": "#skin", "uv": [ 10.0, 20.0, 12.0, 21.0 ] },
												"south": { "texture": "#skin", "uv": [ 10.0, 20.0, 10.5, 21.0 ], "enabled": false, "windMode": [-1,-1,-1,-1], "windData": [1,1,1,1] },
												"west": { "texture": "#skin", "uv": [ 8.0, 20.0, 10.0, 21.0 ] },
												"up": { "texture": "#skin", "uv": [ 8.0, 19.5, 10.0, 20.0 ], "rotation": 90 },
												"down": { "texture": "#skin", "uv": [ 8.0, 21.0, 10.0, 21.5 ], "rotation": 90 }
											}
										},
										{
											"name": "L ear",
											"from": [ 0.644, 1.656, 1.38 ], 
											"to": [ 0.828, 2.576, 3.22 ], 
											"unwrapMode": 4,
											"uv": [ 12.0, 19.5 ],
											"rotationOrigin": [ 0.828, 2.024, 1.38 ],
											"rotationX": -64.0,
											"rotationZ": 22.0,
											"faces": {
												"north": { "texture": "#skin", "uv": [ 12.0, 20.0, 12.5, 21.0 ], "enabled": false },
												"east": { "texture": "#skin", "uv": [ 14.5, 20.0, 16.5, 21.0 ] },
												"south": { "texture": "#skin", "uv": [ 14.0, 20.0, 14.5, 21.0 ] },
												"west": { "texture": "#skin", "uv": [ 12.0, 20.0, 14.0, 21.0 ] },
												"up": { "texture": "#skin", "uv": [ 12.0, 19.5, 14.0, 20.0 ], "rotation": 90 },
												"down": { "texture": "#skin", "uv": [ 12.0, 21.0, 14.0, 21.5 ], "rotation": 90 }
											}
										},
										{
											"name": "jaw",
											"from": [ -0.92, 0.0, 0.368 ], 
											"to": [ 0.828, 0.322, 1.288 ], 
											"unwrapMode": 5,
											"unwrapRotation": 1,
											"uv": [ 0.0, 8.5 ],
											"rotationOrigin": [ 0.552, 0.276, 0.92 ],
											"rotationZ": 42.0,
											"faces": {
												"north": { "texture": "#skin", "uv": [ 0.0, 8.5, 0.5, 10.0 ], "rotation": 270 },
												"east": { "texture": "#skin", "uv": [ 0.5, 8.5, 1.5, 9.0 ], "rotation": 180, "enabled": false },
												"south": { "texture": "#skin", "uv": [ 1.5, 8.5, 2.0, 10.0 ], "rotation": 90 },
												"west": { "texture": "#skin", "uv": [ 0.5, 10.0, 1.5, 10.5 ] },
												"up": { "texture": "#skin", "uv": [ 0.5, 8.5, 1.5, 10.0 ], "rotation": 90 },
												"down": { "texture": "#skin", "uv": [ 2.0, 8.5, 3.0, 10.0 ], "rotation": 270 }
											}
										}
									]
								}
							]
						}
					]
				},
				{
					"name": "abdomen",
					"from": [ 4.784, 0.0, 0.092 ], 
					"to": [ 10.12, 4.6, 2.668 ], 
					"unwrapMode": 3,
					"unwrapRotation": 1,
					"uv": [ 0.0, 11.5 ],
					"rotationOrigin": [ 4.784, 2.3, 1.748 ],
					"rotationZ": -2.0,
					"faces": {
						"north": { "texture": "#skin", "uv": [ 10.0, 14.0, 15.0, 19.5 ], "rotation": 270 },
						"east": { "texture": "#skin", "uv": [ 2.5, 11.5, 7.5, 14.0 ], "rotation": 90 },
						"south": { "texture": "#skin", "uv": [ 2.5, 14.0, 7.5, 19.5 ], "rotation": 90 },
						"west": { "texture": "#skin", "uv": [ 2.5, 19.5, 7.5, 22.0 ], "rotation": 90 },
						"up": { "texture": "#skin", "uv": [ 0.0, 14.0, 2.5, 19.5 ], "rotation": 90 },
						"down": { "texture": "#skin", "uv": [ 7.5, 14.0, 10.0, 19.5 ], "rotation": 270 }
					},
					"children": [
						{
							"name": "L back Thigh",
							"from": [ 2.392, -0.184, 1.748 ], 
							"to": [ 5.704, 3.772, 3.036 ], 
							"unwrapMode": 3,
							"uv": [ 23.0, 10.5 ],
							"rotationOrigin": [ 3.68, 2.668, 2.392 ],
							"rotationX": 3.0,
							"rotationZ": -6.0,
							"faces": {
								"north": { "texture": "#skin", "uv": [ 28.5, 11.5, 32.0, 15.5 ] },
								"east": { "texture": "#skin", "uv": [ 27.5, 11.5, 28.5, 15.5 ] },
								"south": { "texture": "#skin", "uv": [ 24.0, 11.5, 27.5, 15.5 ] },
								"west": { "texture": "#skin", "uv": [ 23.0, 11.5, 24.0, 15.5 ] },
								"up": { "texture": "#skin", "uv": [ 24.0, 10.5, 27.5, 11.5 ], "windMode": [-1,-1,-1,-1], "windData": [0,0,1,1] },
								"down": { "texture": "#skin", "uv": [ 24.0, 15.5, 27.5, 16.5 ], "rotation": 180 }
							},
							"children": [
								{
									"name": "L back Upper Arm",
									"from": [ 0.0, -3.036, 0.184 ], 
									"to": [ 1.288, 0.644, 1.196 ], 
									"unwrapMode": 3,
									"uv": [ 19.0, 11.5 ],
									"rotationOrigin": [ 0.644, 0.644, 0.736 ],
									"rotationX": 1.0,
									"rotationZ": 54.0,
									"faces": {
										"north": { "texture": "#skin", "uv": [ 22.0, 12.5, 23.0, 16.5 ] },
										"east": { "texture": "#skin", "uv": [ 21.0, 12.5, 22.0, 16.5 ] },
										"south": { "texture": "#skin", "uv": [ 20.0, 12.5, 21.0, 16.5 ] },
										"west": { "texture": "#skin", "uv": [ 19.0, 12.5, 20.0, 16.5 ] },
										"up": { "texture": "#skin", "uv": [ 20.0, 11.5, 21.0, 12.5 ] },
										"down": { "texture": "#skin", "uv": [ 20.0, 16.5, 21.0, 17.5 ], "rotation": 180 }
									},
									"children": [
										{
											"name": "L back lower arm",
											"from": [ 0.46, -4.048, 0.184 ], 
											"to": [ 1.196, 0.368, 0.828 ], 
											"unwrapMode": 3,
											"uv": [ 21.0, 16.5 ],
											"rotationOrigin": [ 0.92, 0.368, 0.552 ],
											"rotationX": -4.0,
											"rotationZ": -64.0,
											"faces": {
												"north": { "texture": "#skin", "uv": [ 22.5, 17.0, 23.0, 21.5 ] },
												"east": { "texture": "#skin", "uv": [ 22.0, 17.0, 22.5, 21.5 ] },
												"south": { "texture": "#skin", "uv": [ 21.5, 17.0, 22.0, 21.5 ] },
												"west": { "texture": "#skin", "uv": [ 21.0, 17.0, 21.5, 21.5 ] },
												"up": { "texture": "#skin", "uv": [ 21.5, 16.5, 22.0, 17.0 ] },
												"down": { "texture": "#skin", "uv": [ 21.5, 21.5, 22.0, 22.0 ], "rotation": 180 }
											},
											"children": [
												{
													"name": "L back pastern",
													"from": [ 0.046, -0.736, 0.0 ], 
													"to": [ 0.69, 0.92, 0.644 ], 
													"unwrapMode": 3,
													"uv": [ 8.0, 22.0 ],
													"rotationOrigin": [ 0.46, 0.828, 0.276 ],
													"rotationZ": -14.0,
													"faces": {
														"north": { "texture": "#skin", "uv": [ 9.5, 22.5, 10.0, 24.0 ] },
														"east": { "texture": "#skin", "uv": [ 9.0, 22.5, 9.5, 24.0 ] },
														"south": { "texture": "#skin", "uv": [ 8.5, 22.5, 9.0, 24.0 ] },
														"west": { "texture": "#skin", "uv": [ 8.0, 22.5, 8.5, 24.0 ] },
														"up": { "texture": "#skin", "uv": [ 8.5, 22.0, 9.0, 22.5 ] },
														"down": { "texture": "#skin", "uv": [ 8.5, 24.0, 9.0, 24.5 ], "rotation": 180 }
													},
													"children": [
														{
															"name": "L origin hind hoof",
															"from": [ 0.368, 0.46, 0.322 ], 
															"to": [ 0.368, 0.46, 0.322 ], 
															"uv": [ 0.0, 0.0 ],
															"rotationOrigin": [ 0.368, 0.46, 0.368 ],
															"faces": {
																"north": { "texture": "#skin", "uv": [ 0.0, 0.5, 0.36, 0.86 ], "enabled": false },
																"east": { "texture": "#skin", "uv": [ 0.5, 0.5, 0.86, 0.86 ], "enabled": false },
																"south": { "texture": "#skin", "uv": [ 1.0, 0.5, 1.36, 0.86 ], "enabled": false },
																"west": { "texture": "#skin", "uv": [ 1.5, 0.5, 1.86, 0.86 ], "enabled": false },
																"up": { "texture": "#skin", "uv": [ 0.0, 0.0, 0.36, 0.36 ], "enabled": false },
																"down": { "texture": "#skin", "uv": [ 0.5, 0.0, 0.86, 0.36 ], "enabled": false }
															},
															"children": [
																{
																	"name": "L hind hoof 1",
																	"from": [ -1.012, -0.184, -0.276 ], 
																	"to": [ -0.276, 0.092, 0.276 ], 
																	"unwrapMode": 4,
																	"uv": [ 8.0, 30.5 ],
																	"rotationOrigin": [ -0.092, 0.0, 0.184 ],
																	"rotationZ": 55.0,
																	"faces": {
																		"north": { "texture": "#skin", "uv": [ 8.0, 31.0, 8.5, 31.5 ] },
																		"east": { "texture": "#skin", "uv": [ 9.5, 31.0, 10.0, 31.5 ] },
																		"south": { "texture": "#skin", "uv": [ 9.0, 31.0, 9.5, 31.5 ] },
																		"west": { "texture": "#skin", "uv": [ 8.5, 31.0, 9.0, 31.5 ] },
																		"up": { "texture": "#skin", "uv": [ 8.5, 30.5, 9.0, 31.0 ], "rotation": 90 },
																		"down": { "texture": "#skin", "uv": [ 8.5, 31.5, 9.0, 32.0 ], "rotation": 90 }
																	}
																},
																{
																	"name": "L hind hoof 2",
																	"from": [ -0.736, -0.552, -0.276 ], 
																	"to": [ 0.184, -0.276, 0.276 ], 
																	"unwrapMode": 4,
																	"uv": [ 11.0, 29.5 ],
																	"rotationOrigin": [ 0.092, -0.184, 0.092 ],
																	"rotationZ": 27.0,
																	"faces": {
																		"north": { "texture": "#skin", "uv": [ 11.0, 30.5, 12.0, 31.0 ] },
																		"east": { "texture": "#skin", "uv": [ 13.5, 30.5, 14.0, 31.0 ] },
																		"south": { "texture": "#skin", "uv": [ 12.5, 30.5, 13.5, 31.0 ] },
																		"west": { "texture": "#skin", "uv": [ 12.0, 30.5, 12.5, 31.0 ] },
																		"up": { "texture": "#skin", "uv": [ 12.0, 29.5, 12.5, 30.5 ], "rotation": 90 },
																		"down": { "texture": "#skin", "uv": [ 12.0, 31.0, 12.5, 32.0 ], "rotation": 90 }
																	}
																}
															]
														}
													]
												}
											]
										}
									]
								}
							]
						},
						{
							"name": "tail",
							"from": [ 4.876, 3.496, 0.966 ], 
							"to": [ 5.336, 4.232, 1.61 ], 
							"unwrapMode": 3,
							"unwrapRotation": 1,
							"uv": [ 8.0, 0.0 ],
							"rotationOrigin": [ 4.876, 4.232, 1.288 ],
							"rotationZ": 28.0,
							"faces": {
								"north": { "texture": "#skin", "uv": [ 9.5, 0.5, 10.0, 1.0 ], "rotation": 270, "windMode": [-1,-1,-1,-1], "windData": [0,1,1,0] },
								"east": { "texture": "#skin", "uv": [ 8.5, 0.0, 9.0, 0.5 ], "rotation": 90, "windMode": [-1,-1,-1,-1], "windData": [0,1,1,0] },
								"south": { "texture": "#skin", "uv": [ 8.5, 0.5, 9.0, 1.0 ], "rotation": 90 },
								"west": { "texture": "#skin", "uv": [ 8.5, 1.0, 9.0, 1.5 ], "rotation": 90, "windMode": [-1,-1,-1,-1], "windData": [0,0,1,1] },
								"up": { "texture": "#skin", "uv": [ 8.0, 0.5, 8.5, 1.0 ], "rotation": 90, "windMode": [-1,-1,-1,-1], "windData": [1,1,1,1] },
								"down": { "texture": "#skin", "uv": [ 9.0, 0.5, 9.5, 1.0 ], "rotation": 270, "windMode": [-1,-1,-1,-1] }
							},
							"children": [
								{
									"name": "tail-end",
									"from": [ -0.092, -0.736, 0.046 ], 
									"to": [ 0.46, 0.276, 0.598 ], 
									"unwrapMode": 3,
									"unwrapRotation": 1,
									"uv": [ 8.5, 1.0 ],
									"rotationOrigin": [ -0.092, 0.184, 0.276 ],
									"rotationZ": -22.0,
									"faces": {
										"north": { "texture": "#skin", "uv": [ 10.5, 1.5, 11.5, 2.0 ], "rotation": 270 },
										"east": { "texture": "#skin", "uv": [ 9.0, 1.0, 10.0, 1.5 ], "rotation": 90 },
										"south": { "texture": "#skin", "uv": [ 9.0, 1.5, 10.0, 2.0 ], "rotation": 90 },
										"west": { "texture": "#skin", "uv": [ 9.0, 2.0, 10.0, 2.5 ], "rotation": 90 },
										"up": { "texture": "#skin", "uv": [ 8.5, 1.5, 9.0, 2.0 ], "rotation": 90, "windMode": [-1,-1,-1,-1], "windData": [1,1,1,1] },
										"down": { "texture": "#skin", "uv": [ 10.0, 1.5, 10.5, 2.0 ], "rotation": 270 }
									}
								}
							]
						},
						{
							"name": "R back Thigh",
							"from": [ 2.392, -0.184, -0.46 ], 
							"to": [ 5.704, 3.772, 0.828 ], 
							"unwrapMode": 1,
							"uv": [ 16.0, 5.5 ],
							"rotationOrigin": [ 3.68, 2.668, 0.092 ],
							"rotationX": -3.0,
							"rotationZ": -39.0,
							"faces": {
								"north": { "texture": "#skin", "uv": [ 17.0, 6.5, 20.5, 10.5 ] },
								"east": { "texture": "#skin", "uv": [ 16.0, 6.5, 17.0, 10.5 ] },
								"south": { "texture": "#skin", "uv": [ 21.5, 6.5, 25.0, 10.5 ] },
								"west": { "texture": "#skin", "uv": [ 20.5, 6.5, 21.5, 10.5 ] },
								"up": { "texture": "#skin", "uv": [ 17.0, 5.5, 20.5, 6.5 ], "rotation": 180 },
								"down": { "texture": "#skin", "uv": [ 17.0, 10.5, 20.5, 11.5 ] }
							},
							"children": [
								{
									"name": "R back Upper Arm",
									"from": [ 0.184, -3.312, 0.092 ], 
									"to": [ 1.472, 0.368, 1.104 ], 
									"unwrapMode": 1,
									"uv": [ 15.0, 10.5 ],
									"rotationOrigin": [ 0.828, 0.368, 0.644 ],
									"rotationX": -1.0,
									"rotationZ": 68.0,
									"faces": {
										"north": { "texture": "#skin", "uv": [ 16.0, 11.5, 17.0, 15.5 ] },
										"east": { "texture": "#skin", "uv": [ 15.0, 11.5, 16.0, 15.5 ] },
										"south": { "texture": "#skin", "uv": [ 18.0, 11.5, 19.0, 15.5 ] },
										"west": { "texture": "#skin", "uv": [ 17.0, 11.5, 18.0, 15.5 ] },
										"up": { "texture": "#skin", "uv": [ 16.0, 10.5, 17.0, 11.5 ], "rotation": 180 },
										"down": { "texture": "#skin", "uv": [ 16.0, 15.5, 17.0, 16.5 ] }
									},
									"children": [
										{
											"name": "R back lower arm",
											"from": [ 0.552, -4.048, 0.184 ], 
											"to": [ 1.288, 0.368, 0.828 ], 
											"unwrapMode": 1,
											"uv": [ 17.0, 15.5 ],
											"rotationOrigin": [ 1.012, 0.368, 0.552 ],
											"rotationX": 4.0,
											"rotationZ": -55.0,
											"faces": {
												"north": { "texture": "#skin", "uv": [ 17.5, 16.0, 18.0, 20.5 ] },
												"east": { "texture": "#skin", "uv": [ 17.0, 16.0, 17.5, 20.5 ] },
												"south": { "texture": "#skin", "uv": [ 18.5, 16.0, 19.0, 20.5 ] },
												"west": { "texture": "#skin", "uv": [ 18.0, 16.0, 18.5, 20.5 ] },
												"up": { "texture": "#skin", "uv": [ 17.5, 15.5, 18.0, 16.0 ], "rotation": 180 },
												"down": { "texture": "#skin", "uv": [ 17.5, 20.5, 18.0, 21.0 ] }
											},
											"children": [
												{
													"name": "R back pastern",
													"from": [ 0.046, -0.736, 0.0 ], 
													"to": [ 0.69, 0.92, 0.644 ], 
													"unwrapMode": 1,
													"uv": [ 6.0, 21.83 ],
													"rotationOrigin": [ 0.46, 0.828, 0.276 ],
													"rotationZ": -8.0,
													"faces": {
														"north": { "texture": "#skin", "uv": [ 6.5, 22.5, 7.0, 24.0 ] },
														"east": { "texture": "#skin", "uv": [ 6.0, 22.5, 6.5, 24.0 ] },
														"south": { "texture": "#skin", "uv": [ 7.5, 22.5, 8.0, 24.0 ] },
														"west": { "texture": "#skin", "uv": [ 7.0, 22.5, 7.5, 24.0 ] },
														"up": { "texture": "#skin", "uv": [ 6.5, 22.0, 7.0, 22.5 ], "rotation": 180 },
														"down": { "texture": "#skin", "uv": [ 6.5, 24.0, 7.0, 24.5 ] }
													},
													"children": [
														{
															"name": "R origin hind hoof",
															"from": [ 0.368, 0.46, 0.322 ], 
															"to": [ 0.368, 0.46, 0.322 ], 
															"uv": [ 0.0, 0.0 ],
															"rotationOrigin": [ 0.368, 0.46, 0.368 ],
															"rotationZ": 3.0,
															"faces": {
																"north": { "texture": "#skin", "uv": [ 0.0, 0.5, 0.36, 0.86 ], "enabled": false },
																"east": { "texture": "#skin", "uv": [ 0.5, 0.5, 0.86, 0.86 ], "enabled": false },
																"south": { "texture": "#skin", "uv": [ 1.0, 0.5, 1.36, 0.86 ], "enabled": false },
																"west": { "texture": "#skin", "uv": [ 1.5, 0.5, 1.86, 0.86 ], "enabled": false },
																"up": { "texture": "#skin", "uv": [ 0.0, 0.0, 0.36, 0.36 ], "enabled": false },
																"down": { "texture": "#skin", "uv": [ 0.5, 0.0, 0.86, 0.36 ], "enabled": false }
															},
															"children": [
																{
																	"name": "R hind hoof 1",
																	"from": [ -1.012, -0.184, -0.276 ], 
																	"to": [ -0.276, 0.092, 0.276 ], 
																	"unwrapMode": 4,
																	"uv": [ 5.5, 28.0 ],
																	"rotationOrigin": [ -0.092, 0.0, 0.184 ],
																	"rotationZ": 55.0,
																	"faces": {
																		"north": { "texture": "#skin", "uv": [ 5.5, 28.5, 6.0, 29.0 ] },
																		"east": { "texture": "#skin", "uv": [ 7.0, 28.5, 7.5, 29.0 ] },
																		"south": { "texture": "#skin", "uv": [ 6.5, 28.5, 7.0, 29.0 ] },
																		"west": { "texture": "#skin", "uv": [ 6.0, 28.5, 6.5, 29.0 ] },
																		"up": { "texture": "#skin", "uv": [ 6.0, 28.0, 6.5, 28.5 ], "rotation": 90 },
																		"down": { "texture": "#skin", "uv": [ 6.0, 29.0, 6.5, 29.5 ], "rotation": 90 }
																	}
																},
																{
																	"name": "R hind hoof 2",
																	"from": [ -0.736, -0.552, -0.276 ], 
																	"to": [ 0.184, -0.276, 0.276 ], 
																	"unwrapMode": 4,
																	"uv": [ 6.5, 27.0 ],
																	"rotationOrigin": [ 0.092, -0.184, 0.092 ],
																	"rotationZ": 27.0,
																	"faces": {
																		"north": { "texture": "#skin", "uv": [ 6.5, 28.0, 7.5, 28.5 ] },
																		"east": { "texture": "#skin", "uv": [ 9.0, 28.0, 9.5, 28.5 ] },
																		"south": { "texture": "#skin", "uv": [ 8.0, 28.0, 9.0, 28.5 ] },
																		"west": { "texture": "#skin", "uv": [ 7.5, 28.0, 8.0, 28.5 ] },
																		"up": { "texture": "#skin", "uv": [ 7.5, 27.0, 8.0, 28.0 ], "rotation": 90 },
																		"down": { "texture": "#skin", "uv": [ 7.5, 28.5, 8.0, 29.5 ], "rotation": 90 }
																	}
																}
															]
														}
													]
												}
											]
										}
									]
								}
							]
						}
					]
				},
				{
					"name": "L front Thigh",
					"from": [ 0.46, -0.184, 2.116 ], 
					"to": [ 2.3, 2.944, 3.128 ], 
					"unwrapMode": 3,
					"uv": [ 23.0, 16.5 ],
					"rotationOrigin": [ 1.472, 1.748, 2.76 ],
					"rotationX": 3.0,
					"rotationZ": 17.0,
					"faces": {
						"north": { "texture": "#skin", "uv": [ 27.0, 17.5, 29.0, 20.5 ] },
						"east": { "texture": "#skin", "uv": [ 26.0, 17.5, 27.0, 20.5 ] },
						"south": { "texture": "#skin", "uv": [ 24.0, 17.5, 26.0, 20.5 ] },
						"west": { "texture": "#skin", "uv": [ 23.0, 17.5, 24.0, 20.5 ] },
						"up": { "texture": "#skin", "uv": [ 24.0, 16.5, 26.0, 17.5 ], "windMode": [-1,-1,-1,-1] },
						"down": { "texture": "#skin", "uv": [ 24.0, 20.5, 26.0, 21.5 ], "rotation": 180 }
					},
					"children": [
						{
							"name": "L front Upper Arm",
							"from": [ 0.276, -2.208, 0.184 ], 
							"to": [ 1.104, 0.644, 0.92 ], 
							"unwrapMode": 3,
							"uv": [ 13.5, 21.0 ],
							"rotationOrigin": [ 0.92, 0.276, 0.368 ],
							"rotationX": 1.0,
							"rotationZ": -19.0,
							"faces": {
								"north": { "texture": "#skin", "uv": [ 15.0, 21.5, 15.5, 24.5 ] },
								"east": { "texture": "#skin", "uv": [ 14.5, 21.5, 15.0, 24.5 ] },
								"south": { "texture": "#skin", "uv": [ 14.0, 21.5, 14.5, 24.5 ] },
								"west": { "texture": "#skin", "uv": [ 13.5, 21.5, 14.0, 24.5 ] },
								"up": { "texture": "#skin", "uv": [ 14.0, 21.0, 14.5, 21.5 ] },
								"down": { "texture": "#skin", "uv": [ 14.0, 24.5, 14.5, 25.0 ], "rotation": 180 }
							},
							"children": [
								{
									"name": "L front lower arm",
									"from": [ 0.092, -2.576, 0.046 ], 
									"to": [ 0.736, 0.736, 0.69 ], 
									"unwrapMode": 3,
									"uv": [ 17.5, 21.0 ],
									"rotationOrigin": [ 0.644, 0.276, 0.368 ],
									"rotationX": -3.0,
									"rotationZ": 6.0,
									"faces": {
										"north": { "texture": "#skin", "uv": [ 19.0, 21.5, 19.5, 25.0 ] },
										"east": { "texture": "#skin", "uv": [ 18.5, 21.5, 19.0, 25.0 ] },
										"south": { "texture": "#skin", "uv": [ 18.0, 21.5, 18.5, 25.0 ] },
										"west": { "texture": "#skin", "uv": [ 17.5, 21.5, 18.0, 25.0 ] },
										"up": { "texture": "#skin", "uv": [ 18.0, 21.0, 18.5, 21.5 ] },
										"down": { "texture": "#skin", "uv": [ 18.0, 25.0, 18.5, 25.5 ], "rotation": 180 }
									},
									"children": [
										{
											"name": "L front pastern",
											"from": [ 0.0, -1.012, 0.0 ], 
											"to": [ 0.644, 0.644, 0.644 ], 
											"unwrapMode": 3,
											"uv": [ 6.0, 24.5 ],
											"rotationOrigin": [ 0.0, 0.46, 0.276 ],
											"rotationX": -1.0,
											"rotationZ": -25.0,
											"faces": {
												"north": { "texture": "#skin", "uv": [ 7.5, 25.0, 8.0, 26.5 ] },
												"east": { "texture": "#skin", "uv": [ 7.0, 25.0, 7.5, 26.5 ] },
												"south": { "texture": "#skin", "uv": [ 6.5, 25.0, 7.0, 26.5 ] },
												"west": { "texture": "#skin", "uv": [ 6.0, 25.0, 6.5, 26.5 ] },
												"up": { "texture": "#skin", "uv": [ 6.5, 24.5, 7.0, 25.0 ] },
												"down": { "texture": "#skin", "uv": [ 6.5, 26.5, 7.0, 27.0 ], "rotation": 180 }
											},
											"children": [
												{
													"name": "L origin hoof",
													"from": [ 0.276, 0.46, 0.322 ], 
													"to": [ 0.276, 0.46, 0.322 ], 
													"uv": [ 0.0, 0.0 ],
													"rotationOrigin": [ 0.276, 0.46, 0.368 ],
													"rotationZ": -11.0,
													"faces": {
														"north": { "texture": "#skin", "uv": [ 0.0, 0.5, 0.36, 0.86 ], "enabled": false },
														"east": { "texture": "#skin", "uv": [ 0.5, 0.5, 0.86, 0.86 ], "enabled": false },
														"south": { "texture": "#skin", "uv": [ 1.0, 0.5, 1.36, 0.86 ], "enabled": false },
														"west": { "texture": "#skin", "uv": [ 1.5, 0.5, 1.86, 0.86 ], "enabled": false },
														"up": { "texture": "#skin", "uv": [ 0.0, 0.0, 0.36, 0.36 ], "enabled": false },
														"down": { "texture": "#skin", "uv": [ 0.5, 0.0, 0.86, 0.36 ], "enabled": false }
													},
													"children": [
														{
															"name": "L front hoof 1",
															"from": [ -1.012, -0.184, -0.276 ], 
															"to": [ -0.276, 0.092, 0.276 ], 
															"unwrapMode": 4,
															"uv": [ 6.0, 29.0 ],
															"rotationOrigin": [ -0.092, 0.0, 0.184 ],
															"rotationZ": 55.0,
															"faces": {
																"north": { "texture": "#skin", "uv": [ 6.0, 29.5, 6.5, 30.0 ] },
																"east": { "texture": "#skin", "uv": [ 7.5, 29.5, 8.0, 30.0 ] },
																"south": { "texture": "#skin", "uv": [ 7.0, 29.5, 7.5, 30.0 ] },
																"west": { "texture": "#skin", "uv": [ 6.5, 29.5, 7.0, 30.0 ] },
																"up": { "texture": "#skin", "uv": [ 6.5, 29.0, 7.0, 29.5 ], "rotation": 90 },
																"down": { "texture": "#skin", "uv": [ 6.5, 30.0, 7.0, 30.5 ], "rotation": 90 }
															}
														},
														{
															"name": "L front hoof 2",
															"from": [ -0.736, -0.552, -0.276 ], 
															"to": [ 0.184, -0.276, 0.276 ], 
															"unwrapMode": 4,
															"uv": [ 8.5, 27.5 ],
															"rotationOrigin": [ 0.092, -0.184, 0.092 ],
															"rotationZ": 27.0,
															"faces": {
																"north": { "texture": "#skin", "uv": [ 8.5, 28.5, 9.5, 29.0 ] },
																"east": { "texture": "#skin", "uv": [ 11.0, 28.5, 11.5, 29.0 ] },
																"south": { "texture": "#skin", "uv": [ 10.0, 28.5, 11.0, 29.0 ] },
																"west": { "texture": "#skin", "uv": [ 9.5, 28.5, 10.0, 29.0 ] },
																"up": { "texture": "#skin", "uv": [ 9.5, 27.5, 10.0, 28.5 ], "rotation": 90 },
																"down": { "texture": "#skin", "uv": [ 9.5, 29.0, 10.0, 30.0 ], "rotation": 90 }
															}
														}
													]
												}
											]
										}
									]
								}
							]
						}
					]
				},
				{
					"name": "R front Thigh",
					"from": [ 0.46, 0.0, -0.368 ], 
					"to": [ 2.3, 3.128, 0.644 ], 
					"unwrapMode": 1,
					"uv": [ 23.0, 21.5 ],
					"rotationOrigin": [ 1.472, 1.932, 0.0 ],
					"rotationX": -3.0,
					"faces": {
						"north": { "texture": "#skin", "uv": [ 24.0, 22.5, 26.0, 25.5 ] },
						"east": { "texture": "#skin", "uv": [ 23.0, 22.5, 24.0, 25.5 ] },
						"south": { "texture": "#skin", "uv": [ 27.0, 22.5, 29.0, 25.5 ] },
						"west": { "texture": "#skin", "uv": [ 26.0, 22.5, 27.0, 25.5 ] },
						"up": { "texture": "#skin", "uv": [ 24.0, 21.5, 26.0, 22.5 ], "rotation": 180 },
						"down": { "texture": "#skin", "uv": [ 24.0, 25.5, 26.0, 26.5 ] }
					},
					"children": [
						{
							"name": "R front Upper Arm",
							"from": [ 0.276, -2.208, 0.092 ], 
							"to": [ 1.104, 0.644, 0.828 ], 
							"unwrapMode": 1,
							"uv": [ 15.5, 21.0 ],
							"rotationOrigin": [ 0.92, 0.276, 0.644 ],
							"rotationX": -1.0,
							"rotationZ": -42.0,
							"faces": {
								"north": { "texture": "#skin", "uv": [ 16.0, 21.5, 16.5, 24.5 ] },
								"east": { "texture": "#skin", "uv": [ 15.5, 21.5, 16.0, 24.5 ] },
								"south": { "texture": "#skin", "uv": [ 17.0, 21.5, 17.5, 24.5 ] },
								"west": { "texture": "#skin", "uv": [ 16.5, 21.5, 17.0, 24.5 ] },
								"up": { "texture": "#skin", "uv": [ 16.0, 21.0, 16.5, 21.5 ], "rotation": 180 },
								"down": { "texture": "#skin", "uv": [ 16.0, 24.5, 16.5, 25.0 ] }
							},
							"children": [
								{
									"name": "R front lower arm",
									"from": [ 0.184, -2.576, 0.046 ], 
									"to": [ 0.828, 0.736, 0.69 ], 
									"unwrapMode": 1,
									"uv": [ 19.5, 21.0 ],
									"rotationOrigin": [ 0.736, 0.276, 0.552 ],
									"rotationX": 3.0,
									"rotationZ": 39.0,
									"faces": {
										"north": { "texture": "#skin", "uv": [ 20.0, 21.5, 20.5, 25.0 ] },
										"east": { "texture": "#skin", "uv": [ 19.5, 21.5, 20.0, 25.0 ] },
										"south": { "texture": "#skin", "uv": [ 21.0, 21.5, 21.5, 25.0 ] },
										"west": { "texture": "#skin", "uv": [ 20.5, 21.5, 21.0, 25.0 ] },
										"up": { "texture": "#skin", "uv": [ 20.0, 21.0, 20.5, 21.5 ], "rotation": 180 },
										"down": { "texture": "#skin", "uv": [ 20.0, 25.0, 20.5, 25.5 ] }
									},
									"children": [
										{
											"name": "R front pastern",
											"from": [ 0.092, -1.196, 0.0 ], 
											"to": [ 0.736, 0.46, 0.644 ], 
											"unwrapMode": 1,
											"uv": [ 8.0, 24.5 ],
											"rotationOrigin": [ 0.092, 0.276, 0.276 ],
											"rotationX": -1.0,
											"rotationZ": 11.0,
											"faces": {
												"north": { "texture": "#skin", "uv": [ 8.5, 25.0, 9.0, 26.5 ] },
												"east": { "texture": "#skin", "uv": [ 8.0, 25.0, 8.5, 26.5 ] },
												"south": { "texture": "#skin", "uv": [ 9.5, 25.0, 10.0, 26.5 ] },
												"west": { "texture": "#skin", "uv": [ 9.0, 25.0, 9.5, 26.5 ] },
												"up": { "texture": "#skin", "uv": [ 8.5, 24.5, 9.0, 25.0 ], "rotation": 180 },
												"down": { "texture": "#skin", "uv": [ 8.5, 26.5, 9.0, 27.0 ] }
											},
											"children": [
												{
													"name": "R origin hoof",
													"from": [ 0.276, 0.46, 0.322 ], 
													"to": [ 0.276, 0.46, 0.322 ], 
													"uv": [ 0.0, 0.0 ],
													"rotationOrigin": [ 0.276, 0.46, 0.368 ],
													"rotationZ": 28.0,
													"faces": {
														"north": { "texture": "#skin", "uv": [ 0.0, 0.5, 0.36, 0.86 ], "enabled": false },
														"east": { "texture": "#skin", "uv": [ 0.5, 0.5, 0.86, 0.86 ], "enabled": false },
														"south": { "texture": "#skin", "uv": [ 1.0, 0.5, 1.36, 0.86 ], "enabled": false },
														"west": { "texture": "#skin", "uv": [ 1.5, 0.5, 1.86, 0.86 ], "enabled": false },
														"up": { "texture": "#skin", "uv": [ 0.0, 0.0, 0.36, 0.36 ], "enabled": false },
														"down": { "texture": "#skin", "uv": [ 0.5, 0.0, 0.86, 0.36 ], "enabled": false }
													},
													"children": [
														{
															"name": "R front hoof 1",
															"from": [ -1.012, -0.184, -0.276 ], 
															"to": [ -0.276, 0.092, 0.276 ], 
															"unwrapMode": 4,
															"uv": [ 6.5, 30.0 ],
															"rotationOrigin": [ -0.092, 0.0, 0.184 ],
															"rotationZ": 55.0,
															"faces": {
																"north": { "texture": "#skin", "uv": [ 6.5, 30.5, 7.0, 31.0 ] },
																"east": { "texture": "#skin", "uv": [ 8.0, 30.5, 8.5, 31.0 ] },
																"south": { "texture": "#skin", "uv": [ 7.5, 30.5, 8.0, 31.0 ] },
																"west": { "texture": "#skin", "uv": [ 7.0, 30.5, 7.5, 31.0 ] },
																"up": { "texture": "#skin", "uv": [ 7.0, 30.0, 7.5, 30.5 ], "rotation": 90 },
																"down": { "texture": "#skin", "uv": [ 7.0, 31.0, 7.5, 31.5 ], "rotation": 90 }
															}
														},
														{
															"name": "R front hoof 2",
															"from": [ -0.736, -0.552, -0.276 ], 
															"to": [ 0.184, -0.276, 0.276 ], 
															"unwrapMode": 4,
															"uv": [ 9.0, 29.0 ],
															"rotationOrigin": [ 0.092, -0.184, 0.092 ],
															"rotationZ": 27.0,
															"faces": {
																"north": { "texture": "#skin", "uv": [ 9.0, 30.0, 10.0, 30.5 ] },
																"east": { "texture": "#skin", "uv": [ 11.5, 30.0, 12.0, 30.5 ] },
																"south": { "texture": "#skin", "uv": [ 10.5, 30.0, 11.5, 30.5 ] },
																"west": { "texture": "#skin", "uv": [ 10.0, 30.0, 10.5, 30.5 ] },
																"up": { "texture": "#skin", "uv": [ 10.0, 29.0, 10.5, 30.0 ], "rotation": 90 },
																"down": { "texture": "#skin", "uv": [ 10.0, 30.5, 10.5, 31.5 ], "rotation": 90 }
															}
														}
													]
												}
											]
										}
									]
								}
							]
						}
					]
				}
			],
			"attachmentpoints": [
				{
					"code": "Center",
					"posX": "9.0","posY": "4.0","posZ": "5.0",
					"rotationX": "0.0","rotationY": "0.0","rotationZ": "0.0"
				}
			]
		}
	]}