{
	"editor": {
		"allAngles": false,
		"entityTextureMode": false
	},
	"textureWidth": 16,
	"textureHeight": 16,
	"textureSizes": {
	},
	"textures": {
	},
	"elements": [
		{
			"name": "Screw",
			"from": [ 7.5, 0.0, 7.5 ],
			"to": [ 8.5, 4.0, 8.5 ],
			"rotationOrigin": [ 8.0, 2.0, 8.0 ],
			"faces": {
				"north": { "texture": "#metal", "uv": [ 0.0, 0.0, 1.0, 4.0 ] },
				"east": { "texture": "#metal", "uv": [ 0.0, 0.0, 1.0, 4.0 ] },
				"south": { "texture": "#metal", "uv": [ 0.0, 0.0, 1.0, 4.0 ] },
				"west": { "texture": "#metal", "uv": [ 0.0, 0.0, 1.0, 4.0 ] },
				"up": { "texture": "#metal", "uv": [ 0.0, 0.0, 1.0, 1.0 ] },
				"down": { "texture": "#metal", "uv": [ 0.0, 0.0, 1.0, 1.0 ] }
			},
			"children": [
				{
					"name": "TopMiddle",
					"from": [ -1.0, 4.0, 0.0 ],
					"to": [ 2.0, 4.4, 1.0 ],
					"rotationOrigin": [ 0.5, 4.5, 0.5 ],
					"faces": {
						"north": { "texture": "#metal", "uv": [ 0.0, 0.0, 3.0, 0.5 ] },
						"east": { "texture": "#metal", "uv": [ 0.0, 0.0, 1.0, 0.5 ] },
						"south": { "texture": "#metal", "uv": [ 0.0, 0.0, 3.0, 0.5 ] },
						"west": { "texture": "#metal", "uv": [ 0.0, 0.0, 1.0, 0.5 ] },
						"up": { "texture": "#metal", "uv": [ 0.0, 0.0, 3.0, 1.0 ] },
						"down": { "texture": "#metal", "uv": [ 0.0, 0.0, 3.0, 1.0 ] }
					}
				},
				{
					"name": "TopSide1",
					"from": [ -1.0, 4.0, 1.0 ],
					"to": [ 2.0, 4.7, 2.0 ],
					"rotationOrigin": [ 0.5, 4.5, 1.5 ],
					"faces": {
						"north": { "texture": "#metal", "uv": [ 0.0, 0.0, 3.0, 0.5 ] },
						"east": { "texture": "#metal", "uv": [ 0.0, 0.0, 1.0, 0.5 ] },
						"south": { "texture": "#metal", "uv": [ 0.0, 0.0, 3.0, 0.5 ] },
						"west": { "texture": "#metal", "uv": [ 0.0, 0.0, 1.0, 0.5 ] },
						"up": { "texture": "#metal", "uv": [ 0.0, 0.0, 3.0, 1.0 ] },
						"down": { "texture": "#metal", "uv": [ 0.0, 0.0, 3.0, 1.0 ] }
					}
				},
				{
					"name": "TopSide2",
					"from": [ -1.0, 4.0, -1.0 ],
					"to": [ 2.0, 4.7, 0.0 ],
					"rotationOrigin": [ 0.5, 4.5, -0.5 ],
					"faces": {
						"north": { "texture": "#metal", "uv": [ 0.0, 0.0, 3.0, 0.5 ] },
						"east": { "texture": "#metal", "uv": [ 0.0, 0.0, 1.0, 0.5 ] },
						"south": { "texture": "#metal", "uv": [ 0.0, 0.0, 3.0, 0.5 ] },
						"west": { "texture": "#metal", "uv": [ 0.0, 0.0, 1.0, 0.5 ] },
						"up": { "texture": "#metal", "uv": [ 0.0, 0.0, 3.0, 1.0 ] },
						"down": { "texture": "#metal", "uv": [ 0.0, 0.0, 3.0, 1.0 ] }
					}
				},
				{
					"name": "Thread",
					"from": [ -0.3, 0.5, -0.3 ],
					"to": [ 1.3, 0.6, 1.3 ],
					"rotationOrigin": [ 0.5, 0.5, 0.5 ],
					"rotationX": 22.5,
					"faces": {
						"north": { "texture": "#metal", "uv": [ 0.0, 0.0, 1.5, 0.5 ] },
						"east": { "texture": "#metal", "uv": [ 0.0, 0.0, 1.5, 0.5 ] },
						"south": { "texture": "#metal", "uv": [ 0.0, 0.0, 1.5, 0.5 ] },
						"west": { "texture": "#metal", "uv": [ 0.0, 0.0, 1.5, 0.5 ] },
						"up": { "texture": "#metal", "uv": [ 3.0, 9.5, 4.5, 11.0 ] },
						"down": { "texture": "#metal", "uv": [ 0.0, 0.0, 1.5, 1.5 ] }
					}
				},
				{
					"name": "Thread2",
					"from": [ -0.3, 1.0, -0.3 ],
					"to": [ 1.3, 1.1, 1.3 ],
					"rotationOrigin": [ 0.5, 1.0, 0.5 ],
					"rotationX": 22.5,
					"faces": {
						"north": { "texture": "#metal", "uv": [ 0.0, 0.0, 1.5, 0.5 ] },
						"east": { "texture": "#metal", "uv": [ 0.0, 0.0, 1.5, 0.5 ] },
						"south": { "texture": "#metal", "uv": [ 0.0, 0.0, 1.5, 0.5 ] },
						"west": { "texture": "#metal", "uv": [ 0.0, 0.0, 1.5, 0.5 ] },
						"up": { "texture": "#metal", "uv": [ 0.0, 0.0, 1.5, 1.5 ] },
						"down": { "texture": "#metal", "uv": [ 0.0, 0.0, 1.5, 1.5 ] }
					}
				},
				{
					"name": "Thread3",
					"from": [ -0.3, 1.5, -0.3 ],
					"to": [ 1.3, 1.6, 1.3 ],
					"rotationOrigin": [ 0.5, 1.5, 0.5 ],
					"rotationX": 22.5,
					"faces": {
						"north": { "texture": "#metal", "uv": [ 0.0, 0.0, 1.5, 0.5 ] },
						"east": { "texture": "#metal", "uv": [ 0.0, 0.0, 1.5, 0.5 ] },
						"south": { "texture": "#metal", "uv": [ 0.0, 0.0, 1.5, 0.5 ] },
						"west": { "texture": "#metal", "uv": [ 0.0, 0.0, 1.5, 0.5 ] },
						"up": { "texture": "#metal", "uv": [ 0.0, 0.0, 1.5, 1.5 ] },
						"down": { "texture": "#metal", "uv": [ 0.0, 0.0, 1.5, 1.5 ] }
					}
				},
				{
					"name": "Thread4",
					"from": [ -0.3, 2.0, -0.3 ],
					"to": [ 1.3, 2.1, 1.3 ],
					"rotationOrigin": [ 0.5, 2.0, 0.5 ],
					"rotationX": 22.5,
					"faces": {
						"north": { "texture": "#metal", "uv": [ 0.0, 0.0, 1.5, 0.5 ] },
						"east": { "texture": "#metal", "uv": [ 0.0, 0.0, 1.5, 0.5 ] },
						"south": { "texture": "#metal", "uv": [ 0.0, 0.0, 1.5, 0.5 ] },
						"west": { "texture": "#metal", "uv": [ 0.0, 0.0, 1.5, 0.5 ] },
						"up": { "texture": "#metal", "uv": [ 0.0, 0.0, 1.5, 1.5 ] },
						"down": { "texture": "#metal", "uv": [ 0.0, 0.0, 1.5, 1.5 ] }
					}
				},
				{
					"name": "Thread5",
					"from": [ -0.3, 2.5, -0.3 ],
					"to": [ 1.3, 2.6, 1.3 ],
					"rotationOrigin": [ 0.5, 2.5, 0.5 ],
					"rotationX": 22.5,
					"faces": {
						"north": { "texture": "#metal", "uv": [ 0.0, 0.0, 1.5, 0.5 ] },
						"east": { "texture": "#metal", "uv": [ 0.0, 0.0, 1.5, 0.5 ] },
						"south": { "texture": "#metal", "uv": [ 0.0, 0.0, 1.5, 0.5 ] },
						"west": { "texture": "#metal", "uv": [ 0.0, 0.0, 1.5, 0.5 ] },
						"up": { "texture": "#metal", "uv": [ 0.0, 0.0, 1.5, 1.5 ] },
						"down": { "texture": "#metal", "uv": [ 0.0, 0.0, 1.5, 1.5 ] }
					}
				},
				{
					"name": "Thread6",
					"from": [ -0.3, 3.0, -0.3 ],
					"to": [ 1.3, 3.1, 1.3 ],
					"rotationOrigin": [ 0.5, 3.0, 0.5 ],
					"rotationX": 22.5,
					"faces": {
						"north": { "texture": "#metal", "uv": [ 0.0, 0.0, 1.5, 0.5 ] },
						"east": { "texture": "#metal", "uv": [ 0.0, 0.0, 1.5, 0.5 ] },
						"south": { "texture": "#metal", "uv": [ 0.0, 0.0, 1.5, 0.5 ] },
						"west": { "texture": "#metal", "uv": [ 0.0, 0.0, 1.5, 0.5 ] },
						"up": { "texture": "#metal", "uv": [ 0.0, 0.0, 1.5, 1.5 ] },
						"down": { "texture": "#metal", "uv": [ 0.0, 0.0, 1.5, 1.5 ] }
					}
				},
				{
					"name": "Thread7",
					"from": [ -0.3, 3.5, -0.3 ],
					"to": [ 1.3, 3.6, 1.3 ],
					"rotationOrigin": [ 0.5, 3.5, 0.5 ],
					"rotationX": 22.5,
					"faces": {
						"north": { "texture": "#metal", "uv": [ 0.0, 0.0, 1.5, 0.5 ], "windMode": [-1,-1,-1,-1] },
						"east": { "texture": "#metal", "uv": [ 0.0, 0.0, 1.5, 0.5 ] },
						"south": { "texture": "#metal", "uv": [ 0.0, 0.0, 1.5, 0.5 ] },
						"west": { "texture": "#metal", "uv": [ 0.0, 0.0, 1.5, 0.5 ] },
						"up": { "texture": "#metal", "uv": [ 0.0, 0.0, 1.5, 1.5 ] },
						"down": { "texture": "#metal", "uv": [ 0.0, 0.0, 1.5, 1.5 ] }
					}
				}
			]
		}
	]}