{
  "code": "headmount-pantherinae",
	"behaviors": [{"name": "HorizontalAttachable"},{ "name": "RightClickPickup"} ],
  "variantgroups": [
    {"code": "type","states": [ "baby","female","male" ]},
    {"code": "genus","states": [ "neofelis","panthera"]},
    {"code": "species","states": [ "atrox","diardi","leo","nebulosa","onca","pardus","spelaea","tigris","uncia"]},
    {"code": "pigment","states": [ "normal","albino","melanistic"]},
    { "code": "orientation", "states": ["up"], "loadFromProperties": "game:abstract/horizontalorientation"}
  ],
	"allowedVariants": [
		"*-neofelis-diardi-normal-*",
		"*-neofelis-nebulosa-normal-*",
		"*-panthera-atrox-normal-*",
		"*-panthera-leo-normal-*",
		"*-panthera-onca-melanistic-*",
		"*-panthera-onca-normal-*",
		"*-panthera-pardus-melanistic-*",
		"*-panthera-pardus-normal-*",
		"*-panthera-spelaea-normal-*",
		"*-panthera-tigris-normal-*",
		"*-panthera-uncia-normal-*"
	],
  "attributes": {
    "handbook": {
      "groupBy": [ "headmount-*" ]
    }
  },
  "shapebytype": {
    "*-north": {
      "base": "block/{genus}/headmount-{species}-{type}",
      "rotateY": 90
    },
    "*-east": {
      "base": "block/{genus}/headmount-{species}-{type}",
      "rotateY": 0
    },
    "*-south": {
      "base": "block/{genus}/headmount-{species}-{type}",
      "rotateY": 270
    },
    "*-west": {
      "base": "block/{genus}/headmount-{species}-{type}",
      "rotateY": 180
    }
  },
  "sidesolid": { "all": false },
  "sideopaque": { "all": false },
  "blockmaterial": "Cloth",
  "creativeinventory": {
    "general": [ "*-{type}-{genus}-{species}-{pigment}-north" ],
    "decorative": [ "*-{type}-{genus}-{species}-{pigment}-north" ]
  },
  "replaceable": 5001,
  "resistance": 0.5,
  "lightAbsorption": 0,
  "texturesByType": {
    "*-male-panthera-leo-*": {"skin": {"base": "entity/pantherinae/{genus}-{species}"},"mane": {"base": "entity/pantherinae/{genus}-{species}-mane"}},
    "*-baby-*-melanistic-*": {"skin": {"base": "entity/pantherinae/cub-{species}-melanistic"}},
    "*-baby-*": {"skin": {"base": "entity/pantherinae/cub-{species}"}},
    "*-melanistic-*": {"skin": {"base": "entity/pantherinae/{genus}-{species}-melanistic"}},
    "*": {"skin": {"base": "entity/pantherinae/{genus}-{species}"}}
  },
  "selectionBoxByType": {
    "*-north": {"x1": 0.15,"y1": 0.15,"z1": 0.0,"x2": 0.85,"y2": 0.85,"z2": 1},
    "*-east": {"x1": 0,"y1": 0.15,"z1": 0.15,"x2": 1.0,"y2": 0.85,"z2": 0.85},
    "*-south": {"x1": 0.15,"y1": 0.15,"z1": 0,"x2": 0.85,"y2": 0.85,"z2": 1.0},
    "*-west": {"x1": 0.0,"y1": 0.15,"z1": 0.15,"x2": 1,"y2": 0.85,"z2": 0.85}
  },
  "collisionbox": null,
  "combustibleProps": {
    "burnTemperature": 400,
    "burnDuration": 10
  },
  "sounds": {
    "place": "game:block/cloth",
    "walk": "game:walk/cloth"
  },
  "guiTransformByType": {
    "*": {
     "translation": {"x": 0,"y": 3,"z": 0},
    "rotation": {"x": 0,"y": 135,"z": 0},
    "origin": {"x": 0.5,"y": 0.5,"z": 0.1},
    "scale": 1.0
      }
  },
  "groundTransform": {
    "translation": {"x": 0.5,"y": 0,"z": 0},
    "rotation": {"x": 0,"y": 135,"z": 0},
    "origin": {"x": 0.5,"y": -0.02,"z": 0.5},
    "scale": 1
  },
  "tpHandTransform": {
    "translation": {"x": -0.55,"y": -0.6,"z": -0.15},
    "rotation": {"x": 0,"y": 0,"z": 0},
    "origin": {"x": 0.5,"y": 0.5,"z": 0.1},
    "scale": 1.0
  },
  "fpHandTransform": {
    "rotation": {"x": 0,"y": 0,"z": 0},
    "origin": {"x": 0.5,"y": -1,"z": 1.5}
  },
  "materialDensity": 200
}