{
  "code": "bottlerackcorner",
  "class": "BlockBottleRack",
  "entityClass": "BottleRack",
  "behaviors": [ { "name": "HorizontalOrientable" } ],
    "attributes": {
		handbook: { "groupBy": ["bottlerackcorner-*"] },
    },
  "variantgroups": [
    {
      "code": "woodframe",
      "states": [ "acacia", "baldcypress", "birch", "ebony", "kapok", "larch", "maple", "oak", "pine", "purpleheart", "redwood", "walnut", "aged" ]
    },
    {
      "code": "woodinterior",
      "states": [ "acacia", "baldcypress", "birch", "ebony", "kapok", "larch", "maple", "oak", "pine", "purpleheart", "redwood", "walnut", "aged" ]
    },
    {
      "code": "side",
      "loadFromProperties": "abstract/horizontalorientation"
    }
  ],
  "shape": {
    "base": "block/bottlerackcorner",
    "rotateYByType": {
      "*-west": 90,
      "*-south": 180,
      "*-east": 270
    }
  },
  "drops": [
    {
      "type": "block",
      "code": "bottlerackcorner-{woodframe}-{woodinterior}-north",
      "quantity": { "avg": 1 }
    }
  ],
  "creativeinventory": {
    "general": [ "*-north" ],
    "terrain": [ "*-north" ],
    "aculinaryartillery": ["*-north"]
  },
  "textures": {
    "woodframe": { "base": "game:block/wood/planks/{woodframe}1" },
    "woodinterior": { "base": "game:block/wood/planks/{woodinterior}1" },
  },
  "drawtype": "json",
  "blockmaterial": "Wood",
  "replaceable": 600,
  "resistance": 3,
  heldTpIdleAnimation: "holdunderarm",
  "sounds": {
    "walk": "game:player/buildhigh"
  },
  "sideopaque": { "all": false },
  "sideao": { "all": true },
  "emitsideao": { "all": false },
    "sidesolid": { "all": false },
    "CollisionBoxes": [
        {
            "x1": 0,
            "y1": 0,
            "z1": 0,
            "x2": 1,
            "y2": 1,
            "z2": 0.5,
            "rotateYByType": {
                "*-west": 90,
                "*-south": 180,
                "*-east": 270
            }
        },
        {
            "x1": 0.5,
            "y1": 0,
            "z1": 0.5,
            "x2": 1,
            "y2": 1,
            "z2": 1,
            "rotateYByType": {
                "*-west": 90,
                "*-south": 180,
                "*-east": 270
            }
        }
    ],
    "SelectionBoxes": [
        {
            "x1": 0,
            "y1": 0,
            "z1": 0,
            "x2": 0.25,
            "y2": 0.25,
            "z2": 0.4,
            "rotateYByType": {
                "*-west": 90,
                "*-south": 180,
                "*-east": 270
            }
        },
        {
            "x1": 0.25,
            "y1": 0,
            "z1": 0.2,
            "x2": 0.6,
            "y2": 0.25,
            "z2": 0.4,
            "rotateYByType": {
                "*-west": 90,
                "*-south": 180,
                "*-east": 270
            }
        },
        {
            "x1": 0.6,
            "y1": 0,
            "z1": 0.4,
            "x2": 0.8,
            "y2": 0.25,
            "z2": 0.75,
            "rotateYByType": {
                "*-west": 90,
                "*-south": 180,
                "*-east": 270
            }
        },
        {
            "x1": 0.6,
            "y1": 0,
            "z1": 0.75,
            "x2": 1,
            "y2": 0.25,
            "z2": 1,
            "rotateYByType": {
                "*-west": 90,
                "*-south": 180,
                "*-east": 270
            }
        },
        {
            "x1": 0,
            "y1": 0.25,
            "z1": 0,
            "x2": 0.25,
            "y2": 0.5,
            "z2": 0.4,
            "rotateYByType": {
                "*-west": 90,
                "*-south": 180,
                "*-east": 270
            }
        },
        {
            "x1": 0.25,
            "y1": 0.25,
            "z1": 0.2,
            "x2": 0.6,
            "y2": 0.5,
            "z2": 0.4,
            "rotateYByType": {
                "*-west": 90,
                "*-south": 180,
                "*-east": 270
            }
        },
        {
            "x1": 0.6,
            "y1": 0.25,
            "z1": 0.4,
            "x2": 0.8,
            "y2": 0.5,
            "z2": 0.75,
            "rotateYByType": {
                "*-west": 90,
                "*-south": 180,
                "*-east": 270
            }
        },
        {
            "x1": 0.6,
            "y1": 0.25,
            "z1": 0.75,
            "x2": 1,
            "y2": 0.5,
            "z2": 1,
            "rotateYByType": {
                "*-west": 90,
                "*-south": 180,
                "*-east": 270
            }
        },
        {
            "x1": 0,
            "y1": 0.5,
            "z1": 0,
            "x2": 0.25,
            "y2": 0.75,
            "z2": 0.4,
            "rotateYByType": {
                "*-west": 90,
                "*-south": 180,
                "*-east": 270
            }
        },
        {
            "x1": 0.25,
            "y1": 0.5,
            "z1": 0.2,
            "x2": 0.6,
            "y2": 0.75,
            "z2": 0.4,
            "rotateYByType": {
                "*-west": 90,
                "*-south": 180,
                "*-east": 270
            }
        },
        {
            "x1": 0.6,
            "y1": 0.5,
            "z1": 0.4,
            "x2": 0.8,
            "y2": 0.75,
            "z2": 0.75,
            "rotateYByType": {
                "*-west": 90,
                "*-south": 180,
                "*-east": 270
            }
        },
        {
            "x1": 0.6,
            "y1": 0.5,
            "z1": 0.75,
            "x2": 1,
            "y2": 0.75,
            "z2": 1,
            "rotateYByType": {
                "*-west": 90,
                "*-south": 180,
                "*-east": 270
            }
        },
        {
            "x1": 0,
            "y1": 0.75,
            "z1": 0,
            "x2": 0.25,
            "y2": 1,
            "z2": 0.4,
            "rotateYByType": {
                "*-west": 90,
                "*-south": 180,
                "*-east": 270
            }
        },
        {
            "x1": 0.25,
            "y1": 0.75,
            "z1": 0.2,
            "x2": 0.6,
            "y2": 1,
            "z2": 0.4,
            "rotateYByType": {
                "*-west": 90,
                "*-south": 180,
                "*-east": 270
            }
        },
        {
            "x1": 0.6,
            "y1": 0.75,
            "z1": 0.4,
            "x2": 0.8,
            "y2": 1,
            "z2": 0.75,
            "rotateYByType": {
                "*-west": 90,
                "*-south": 180,
                "*-east": 270
            }
        },
        {
            "x1": 0.6,
            "y1": 0.75,
            "z1": 0.75,
            "x2": 1,
            "y2": 1,
            "z2": 1,
            "rotateYByType": {
                "*-west": 90,
                "*-south": 180,
                "*-east": 270
            }
        }
    ],
    "guiTransform": {
        "translation": {
            "x": -2,
            "y": 0,
            "z": 0
        },
        "rotation": {
            "x": -20,
            "y": -164,
            "z": 0
        },
        "scale": 1.25
    },
    "fpHandTransform": {
        "translation": {
            "x": 0,
            "y": 0,
            "z": 0.5
        },
        "rotation": {
            "x": -5,
            "y": -40,
            "z": 0
        },
        "scale": 2.0
    },
    "tpHandTransform": {
        "translation": {
            "x": -0.7,
            "y": -0.55,
            "z": -0.85
        },
        "rotation": {
            "x": 10,
            "y": 30,
            "z": 0
        },
        "scale": 0.65
    },
    "groundTransform": {
        "translation": {
            "x": 0,
            "y": 0,
            "z": 0
        },
        "rotation": {
            "x": 0,
            "y": 0,
            "z": 0
        },
        "origin": {
            "x": 0.5,
            "y": 0,
            "z": 0.5
        },
        "scale": 5.0
    }
}