{"GameVersion":"1.19.7","SizeX":10,"SizeY":7,"SizeZ":5,"BlockCodes":{"9680":"game:planks-ebony-we","1321":"game:metalblock-new-plain-bismuthbronze","9320":"game:metalblock-corroded-plain-rusty-iron","9321":"game:metalblock-corroded-riveted-rusty-iron","7281":"game:planks-pine-ns","7289":"game:planks-purpleheart-ns","7287":"game:planks-ebony-ns","8206":"game:genericwood","385":"game:creativelight-55","390":"game:creativelight-79","383":"game:creativelight-53","379":"game:creativelight-49","1337":"game:metalblock-new-plain-tinbronze","1326":"game:metalblock-new-plain-gold","8606":"game:clutter","7300":"game:planks-ebony-ud","6179":"game:rock-granite","1322":"game:metalblock-new-plain-blackbronze","879":"game:glass-smoky","9325":"game:metalblock-new-riveted-bismuthbronze","1564":"game:shingleblock-copper","1325":"game:metalblock-new-plain-copper","9341":"game:metalblock-new-riveted-gold","1327":"game:metalblock-new-plain-iron","335":"game:creativeglow-34","372":"game:creativelight-42","362":"game:creativelight-32","264":"game:creativeblock-11","349":"game:creativeglow-48","378":"game:creativelight-48","9329":"game:metalblock-new-riveted-blackbronze","456":"game:chiseledblock","8436":"game:wagonwheels-solid-longaxle-north","8444":"game:wagonwheels-solid-longaxle-south","9699":"game:supportbeam-veryaged","6540":"game:crate","9264":"game:jonas-poweramplifier-gearbox-east","136":"game:multiblock-monolithic-0-p1-0","146":"game:multiblock-monolithic-0-p2-0","9250":"game:jonas-gasifier-west","8611":"game:meta-filler","8610":"game:groundstorage","8614":"game:meta-spawner","9295":"game:jonas-lamp","8062":"game:bed-hay-head-east","8435":"game:wagonwheels-spoked-longaxle-north","8443":"game:wagonwheels-spoked-longaxle-south","8054":"game:barrel","9270":"game:jonas-poweramplifier-lever4-west","8372":"game:toolrack-north","8065":"game:bed-hay-feet-east"},"ItemCodes":{"1722":"game:shovel-obsidian","351":"game:charcoal","1754":"game:wrench-copper","1640":"game:knife-generic-andesite","1575":"game:axe-bone-obsidian","1596":"game:chisel-copper"},"Indices":[1024,2048,3072,1,1025,2049,3073,4097,1048577,1049601,1050625,1052673,2,1026,2050,3074,4098,1048578,1049602,1050626,1052674,2098178,2099202,3,1027,2051,3075,4099,1048579,1049603,1050627,1052675,2098179,2099203,3147779,4196355,4,1028,2052,3076,4100,1048580,1049604,1050628,1051652,1052676,2098180,2099204,2100228,3146756,3147780,3148804,4194308,4195332,4196356,4197380,4198404,5243908,6292484,5,1029,2053,3077,4101,1048581,1049605,1050629,1051653,1052677,2097157,2098181,2099205,2100229,2101253,3145733,3146757,3147781,3148805,3149829,4194309,4195333,4196357,4197381,4198405,6,1030,2054,3078,4102,1048582,1049606,1050630,1051654,1052678,2097158,2098182,2099206,2100230,2101254,3145734,3146758,3147782,3148806,3149830,4194310,4195334,4196358,4197382,4198406,7,1031,2055,3079,4103,1048583,1049607,1050631,1051655,1052679,2097159,2098183,2099207,2100231,2101255,3145735,3146759,3147783,3148807,3149831,4194311,4195335,4196359,4197383,4198407,1032,2056,3080,1049608,1050632,1051656,2098184,2099208,2100232,3145736,3146760,3147784,3148808,3149832,4194312,4195336,4196360,4197384,4198408,1033,2057,3081],"BlockIds":[456,456,456,456,456,456,456,456,456,8606,8606,456,8436,456,456,456,8444,456,9699,6540,456,8606,8606,456,456,456,456,456,456,8606,456,456,8606,9264,136,146,8436,456,456,456,8444,456,9250,8606,8611,456,8606,456,8611,456,456,456,456,456,456,456,456,8606,8606,456,456,456,456,456,456,8610,8614,8611,456,456,456,8611,456,456,456,456,456,8606,456,456,456,456,456,456,456,456,456,456,456,456,9295,456,8606,456,456,8611,456,456,456,456,8611,456,8062,456,456,456,456,456,456,8435,456,456,456,8443,456,8054,456,9270,456,456,8372,456,456,456,456,8611,456,8065,456,456,456,456,456,456,456,456,456,456,456,456,456,456,456,9295,456,456,456,9295,456,456,456,456,456,456,456,456],"DecorIndices":[],"DecorIds":[],"BlockEntities":{"1024":"!<d@[F*P+-#64c-E,TfC)uos=!<d@[F*\\qT#64o6@VfsmCI<#NAIW-_Bldj%ARo7dDe!Pj$Zg3(G@Pc)DeWa'!rr<$s6q*1mbn'En+(>r$P@#lDfor.;f6Mt6ZljVBk28dzd-q#Gp[A.j$#O*mATDKnCi]^Z!!(@l!!\"GO!!$[X!!$^Y!!!$*Ec6&.FD5Z2!2'Jq$O:0a@W,skEsr$K!)E%V\")dT;\")dYr!,hi8!q,\"G!q5V\"!:TJr!q5lD!:Ta?!q6-f!<;O1!WVnT!=0$DD/\")jBk1d@DZKh<#RPQdA7\\\\XCh[D\\!!3E:F(o/r6#:CVF*(?!Ch[D\\!!!0/@VfsmCJJ;TAIM\":Df0hCE,8s#CNBk\"@<Q'nCe\\>[ATDKnCf,=`DKKT7Bk;>gz&-)\\1&-)\\1&-)\\1&-)\\1","2048":"!<d@[F*P+-#64c-E,TfC)uos=!<d@[F*\\tU#64o6@VfsmCI<#NAIW-_Bldj%ARo7dDe!Pj$Zg3(G@Pc)DeWa'!rr<$s6q*1mbn'En+(>r$P@#lDfor.;f6Mt6ZljVBk28dzd-q#Gp[A.j$#O*mATDKnCi]^Z!!(@l!!\"GO!!$[X!!$^Y!!!$*Ec6&.FD5Z2!2'Jq$O:0a@W,skEt&*L!)E%V\")dT;\")dYr!,hi8!q,\"G!q5V\"!:TJr!q5lD!:Ta?!q6-f!<;O1!WVnT!WW0!!=0$DD/\")jBk1d@DZKh<#RPQdA7\\\\XCh[D\\!!3E:F(o/r6#:CVF*(?!Ch[D\\!!!0/@VfsmCJJ;TAIM\":Df0hCE,8s#CNBk\"@<Q'nCe\\>[ATDKnCf,=`DKKT7Bk;>gz&-)\\1&-)\\1&-)\\1&-)\\1","3072":"!<d@[F*P+-#64c-E,TfC)uos=!<d@[F*]\"V#64o6@VfsmCI<#NAIW-_Bldj%ARo7dDe!Pj$Zg3(G@Pc)DeWa'!rr<$s7_QSmdP)on+kf?$P@#lDfor.;f6Mt6ZljVBk28ezd-q#FkO8H^rpTmq$#O*mATDKnCi]d\\!!(@l!!\"GO!!$[X!!$^Y!!%!Y!!%9a!!!$*Ec6&.FD5Z2!2'Jq$O:0a@W,skEsr$K!)E%V\")dT;\")dYr!,hi8!q,\"G!q5V\"!:TJr!q5lD!:Ta?!q6-f!<;eS!WW0!!=0$DD/\")jBk1d@DZKh<#RPQdA7\\\\XCh[D\\!!3E:F(o/r6#:CVF*(?!Ch[D\\!!!0/@VfsmCJJ;TAIM\":Df0hCE,8s#CNBk\"@<Q'nCe\\>[ATDKnCf,=`DKKT7Bk;>iz&-)\\1&-)\\1&-)\\1&-)\\1&-)\\1&-)\\1","1":"!<d@[F*P..#64c-E,TfC)uos=!<d@[F*\\nS#64o6@VfsmCI<#NAIW-_Bldj%ARo7dDe!Pj$#O*mATDKnCi]XX!!$^Y!!%3_!!!$*Ec6&.FD5Z2!2'Jq$O:0a@W,skErc7@!9!kV!!ipCD/\")jBk1d@DZKi&#RPQdA7\\\\XCh[D\\!'^`\"F(o/r6#:CVF*(?!Ch[D\\!'^Vn@VfsmCJJ;TAK=-VEcP`%ARlotEc5h<@VfsmCEP$GBm+'0ARm4t(L_JqBl$LPFCfK,@;Je`@;^1$FD5<-!WW3#!\"],1!\"],1!!","1025":"!<d@[F*P..#64c-E,TfC)uos=!<d@[F*\\qT#64o6@VfsmCI<#NAIW-_Bldj%ARo7dDe!Pj$#O*mATDKnCi][Y!!%3_!!$^Y!!$[X!!!$*Ec6&.FD5Z2!2'Jq$O:0a@W,skErc7@!9!AH!!ipCD/\")jBk1d@DZKi&#RPQdA7\\\\XCh[D\\!'^`\"F(o/r6#:CVF*(?!Ch[D\\!'^Vn@VfsmCJJ;TAIM\":Df0hCE,8s#CNBk\"@<Q'nCe\\>[ATDKnCf,=`DKKT7Bk;>fz&-)\\1&-)\\1&-)\\1","2049":"!<d@[F*P..#64c-E,TfC)uos=!<d@[F*\\tU#64o6@VfsmCI<#NAIW-_Bldj%ARo7dDe!Pj$#O*mATDKnCi][Y!!%3_!!$^Y!!$[X!!!$*Ec6&.FD5Z2!2'Jq$O:0a@W,skErc7@!9!AH!!ipCD/\")jBk1d@DZKi&#RPQdA7\\\\XCh[D\\!'^`\"F(o/r6#:CVF*(?!Ch[D\\!'^Vn@VfsmCJJ;TAIM\":Df0hCE,8s#CNBk\"@<Q'nCe\\>[ATDKnCf,=`DKKT7Bk;>fz&-)\\1&-)\\1&-)\\1","3073":"!<d@[F*P..#64c-E,TfC)uos=!<d@[F*]\"V#64o6@VfsmCI<#NAIW-_Bldj%ARo7dDe!Pj$#O*mATDKnCi][Y!!%3_!!$^Y!!$[X!!!$*Ec6&.FD5Z2!2'Jq$O:0a@W,skErc7@!9!AH!!ipCD/\")jBk1d@DZKi&#RPQdA7\\\\XCh[D\\!'^`\"F(o/r6#:CVF*(?!Ch[D\\!'^Vn@VfsmCJJ;TAIM\":Df0hCE,8s#CNBk\"@<Q'nCe\\>[ATDKnCf,=`DKKT7Bk;>fz&-)\\1&-)\\1&-)\\1","4097":"!<d@[F*P..#64c-E,TfC)uos=!<d@[F*]%W#64o6@VfsmCI<#NAIW-_Bldj%ARo7dDe!Pj$#O*mATDKnCi]XX!!$^Y!!%3_!!!$*Ec6&.FD5Z2!2'Jq$O:0a@W,skErc7@!9!>g!!ipCD/\")jBk1d@DZKi&#RPQdA7\\\\XCh[D\\!'^`\"F(o/r6#:CVF*(?!Ch[D\\!'^Vn@VfsmCJJ;TAK=-VEcP`%ARlotEc5h<@VfsmCEP$GBm+'0ARm4t(L_JqBl$LPFCfK,@;Je`@;^1$FD5<-!WW3#!\"],1!\"],1!!","1048577":"!<d@[F*P..#64c-E,TfC*<6'>!<d@[F*\\nS#64o6@VfsmCI<#NAIW-_Bldj%ARo7dDe!Pj$Zg3(G@Pc)DeWa'!<<*\"nGW@e$P@#lDfor.;f6Mt6ZljVBk28cznA##3$#O*mATDKnCi]sa!!%3_!!$^Y!!%3_!!!KO!!%QN!!%`S!!%KL!!$[X!!%?H!!#\"_!!\"VT!!!$*Ec6&.FD5Z2!2'Jq$O:0a@W,skEs2OD!!!K.!<MWg!:g$F!>#/.!WW0!!=0$DD/\")jBk1d@DZKh<#RPQdA7\\\\XCh[D\\!!EQ<F(o/r6#:CVF*(?!Ch[D\\!!EH3@VfsmCJJ;TAIM\":Df0hCE,8s#CNBk\"@<Q'nCe\\>[ATDKnCf,=`DKKT7Bk;>nz&-)\\1&-)\\1&-)\\1&-)\\1&-)\\1&-)\\1&-)\\1&-)\\1&-)\\1&-)\\1&-)\\1","1049601":"!<d@[F*P..#64c-E,TfC*<6'>!<d@[F*\\qT#64o6@VfsmCI<#NAHu^]F`__:EWlSfH#R=2@rc\"\"AM7P6@<?'4D.R6lF_r^FF`(st#BFa)@<?'_z\":8pVF(djWB5D/6&';Ng#BFa)@<?'az#mk*[Ci!ZmFCet_\":K6]E+*I$;flGiAH2]1!!!","1050625":"!<d@[F*P..#64c-E,TfC*<6'>!<d@[F*\\tU#64o6@VfsmCI<#NAHu^]F`__:EWlSfH#R=$@<6O2DerikAHW6YDffE0AQSp4!!!-.D.Rd%6#L=OA`V%#^B=d^DffE0AQf'6!!!<3@rH1\"ARfgnA,l`?Eb02uBl[-o@<?&\\z","1052673":"!<d@[F*P..#64c-E,TfC*<6'>!<d@[F*]%W#64o6@VfsmCI<#NAIW-_Bldj%ARo7dDe!Pj$#O*mATDKnCi]p`!!%3_!!$^Y!!%3_!!!KO!!%QN!!%`S!!%KL!!$[X!!%?H!!#\"_!!!$*Ec6&.FD5Z2!2'Jq$O:0a@W,skEs2OD!!!!P!<M+#!:fV5!>\"ZP!WVX2!=0$DD/\")jBk1d@DZKi&#RPQdA7\\\\XCh[D\\!'^`\"F(o/r6#:CVF*(?!Ch[D\\!'^Vn@VfsmCJJ;TAIM\":Df0hCE,8s#CNBk\"@<Q'nCe\\>[ATDKnCf,=`DKKT7Bk;>mz&-)\\1&-)\\1&-)\\1&-)\\1&-)\\1&-)\\1&-)\\1&-)\\1&-)\\1&-)\\1","1026":"!<d@[F*P1/#64c-E,TfC)uos=!<d@[F*\\qT#64o6@VfsmCI<#NAIW-_Bldj%ARo7dDe!Pj$#O*mATDKnCi][Y!!%3_!!$^Y!!$[X!!!$*Ec6&.FD5Z2!2'Jq$O:0a@W,skErl=A!9!AH!61-!!!ipCD/\")jBk1d@DZKi&#RPQdA7\\\\XCh[D\\!'^`\"F(o/r6#:CVF*(?!Ch[D\\!'^Vn@VfsmCJJ;TAHY;DCh3tj@<Q'nCe\\>[ATDKnCf,=`DKKT7Bk;>fz&-)\\1&-)\\1&-)\\1","2050":"!<d@[F*P1/#64c-E,TfC)uos=!<d@[F*\\tU#64o6@VfsmCI<#NAIW-_Bldj%ARo7dDe!Pj$#O*mATDKnCi][Y!!%3_!!$^Y!!$[X!!!$*Ec6&.FD5Z2!2'Jq$O:0a@W,skErl=A!9!AH!61-!!!ipCD/\")jBk1d@DZKi&#RPQdA7\\\\XCh[D\\!'^`\"F(o/r6#:CVF*(?!Ch[D\\!'^Vn@VfsmCJJ;TAHY;DCh3tj@<Q'nCe\\>[ATDKnCf,=`DKKT7Bk;>fz&-)\\1&-)\\1&-)\\1","3074":"!<d@[F*P1/#64c-E,TfC)uos=!<d@[F*]\"V#64o6@VfsmCI<#NAIW-_Bldj%ARo7dDe!Pj$#O*mATDKnCi][Y!!%3_!!$^Y!!$[X!!!$*Ec6&.FD5Z2!2'Jq$O:0a@W,skErl=A!9!AH!61-!!!ipCD/\")jBk1d@DZKi&#RPQdA7\\\\XCh[D\\!'^`\"F(o/r6#:CVF*(?!Ch[D\\!'^Vn@VfsmCJJ;TAHY;DCh3tj@<Q'nCe\\>[ATDKnCf,=`DKKT7Bk;>fz&-)\\1&-)\\1&-)\\1","1048578":"!<d@[F*P1/#64c-E,TfC*<6'>!<d@[F*\\nS#64o6@VfsmCI<#NAIW-_Bldj%ARo7dDe!Pj$#O*mATDKnCi]p`!!%3_!!$^Y!!%3_!!!KO!!%QN!!%`S!!%KL!!$[X!!%?H!!#\"_!!!$*Ec6&.FD5Z2!2'Jq$O:0a@W,skF!:Sa!!*#g!>#.d!AFHP!A<g>!:]IW!V,UH!:]C5!<V'(!@$Cl!DMAL!(=Qo!GfFK!+rD-!I:mJ!.(g9!!\\ms!Ht't!K!E9!-aLu!J-=2!/HTu!KiE1!-)rO!.f%O!+B7.!+fL!!HDH/!+AXb!'rgA!!\"%d!?iNU!\"]Ur!?_mO!UpTf!=0$DD/\")jBk1d@DZKi&#RPQdA7\\\\XCh[D\\!'^`\"F(o/r6#:CVF*(?!Ch[D\\!'^Vn@VfsmCJJ;TAIM\":Df0hCE,8s#CNBk\"@<Q'nCe\\>[ATDKnCf,=`DKKT7Bk;>mz&-)\\1&-)\\1&-)\\1&-)\\1&-)\\1&-)\\1&-)\\1&-)\\1&-)\\1&-)\\1","1049602":"!<d@[F*P1/#64c-E,TfC*<6'>!<d@[F*\\qT#64o6@VfsmCI<#NAJB3.E,]`9FCJfiD(TpBEd;)+ARkc","1050626":"!<d@[F*P1/#64c-E,TfC*<6'>!<d@[F*\\tU#64o6@VfsmCI<#NAHcRa@<?&b$#+:#ASuU.Ed7ZiEH>r7FE8,r!!!3,F)5c:EsD_\"z!1k>6!!*'\"!!NLIH#R=&E+s-\"/TboLCi_B4!!!02AoD]VCi<g!6Z6LH\"_2R]FCbUZCggdaC]FVAFEqh:$[6N-A1_5\"@:O\"[\":8pVF(djWB5D/;m4U^*$>a-[ASa_PCi==o!!!!&#]+3c;flGiAHlX\\Df]K##7>9U@V'@SFCAZp!<<","1052674":"!<d@[F*P1/#64c-E,TfC*<6'>!<d@[F*]%W#64o6@VfsmCI<#NAIW-_Bldj%ARo7dDe!Pj$#O*mATDKnCi]p`!!%3_!!$^Y!!%3_!!!KO!!%QN!!%`S!!%KL!!$[X!!%?H!!#\"_!!!$*Ec6&.FD5Z2!2'Jq$O:0a@W,skF!:Sa!!)L#!<<0S!?_@a!?i!q!:fOh!V,+j!:fV5!<U\\(!@#l(!CAI]!(=%+!G\"G:!+h6-!Hhc[!-M-[!!\\Zb!HsSA!JY#(!-`qu!JfSC!/H+B!LMad!.!K-!/]YO!,CEr!,A2C!IE]@!,LO/!)2;c!\"SQB!A<:D!$Cba!AEp`!WV[3!=0$DD/\")jBk1d@DZKi&#RPQdA7\\\\XCh[D\\!'^`\"F(o/r6#:CVF*(?!Ch[D\\!'^Vn@VfsmCJJ;TAIM\":Df0hCE,8s#CNBk\"@<Q'nCe\\>[ATDKnCf,=`DKKT7Bk;>mz&-)\\1&-)\\1&-)\\1&-)\\1&-)\\1&-)\\1&-)\\1&-)\\1&-)\\1&-)\\1","2098178":"!<d@[F*P1/#64c-E,TfC*WQ0?!<d@[F*\\qT#64o6@VfsmCI<#NAHu^]F`__:EWlSfH#R=3E+s9&/Tt]GH#e%KFCeu7BJ!.a?SjWN\":&scFCB9&=9&=$!!EUFATMNNDJ*csgCMCj\":&scFCB9&=o\\O&!!rsADes6$@ru9m!!E[MAT2'lE`7'gFCbFP!!!!","2099202":"!<d@[F*P1/#64c-E,TfC*WQ0?!<d@[F*\\tU#64o6@VfsmCI<#NAHu^]F`__:EWlSfH#R=3E+s9&/Tt]GH#e%KFCeu7BJ!.a?SjWN\":&scFCB9&=9&=$!!EUFATMNNDJ*csgCHlk\":&scFCB9&=o\\O&!!rsADes6$@ru9m!!E[MAT2'lE`7'gFCbFP!!!!","3":"!<d@[F*P40#64c-E,TfC)uos=!<d@[F*\\nS#64o6@VfsmCI<#NAIW-_Bldj%ARo7dDe!Pj$#O*mATDKnCi]XX!!$^Y!!%3_!!!$*Ec6&.FD5Z2!2'Jq$O:0a@W,skErc7@!9!kV!!ipCD/\")jBk1d@DZKi&#RPQdA7\\\\XCh[D\\!'^`\"F(o/r6#:CVF*(?!Ch[D\\!'^Vn@VfsmCJJ;TAK=-VEcP`%ARlotEc5h<@VfsmCEP$GBm+'0ARm4t(L_JqBl$LPFCfK,@;Je`@;^1$FD5<-!WW3#!\"],1!\"],1!!","1027":"!<d@[F*P40#64c-E,TfC)uos=!<d@[F*\\qT#64o6@VfsmCI<#NAIW-_Bldj%ARo7dDe!Pj$#O*mATDKnCi][Y!!%3_!!$^Y!!$[X!!!$*Ec6&.FD5Z2!2'Jq$O:0a@W,skErc7@!9!AH!!ipCD/\")jBk1d@DZKi&#RPQdA7\\\\XCh[D\\!'^`\"F(o/r6#:CVF*(?!Ch[D\\!'^Vn@VfsmCJJ;TAIM\":Df0hCE,8s#CNBk\"@<Q'nCe\\>[ATDKnCf,=`DKKT7Bk;>fz&-)\\1&-)\\1&-)\\1","2051":"!<d@[F*P40#64c-E,TfC)uos=!<d@[F*\\tU#64o6@VfsmCI<#NAIW-_Bldj%ARo7dDe!Pj$#O*mATDKnCi]XX!!%3_!!$^Y!!!$*Ec6&.FD5Z2!2'Jq$O:0a@W,skErc7@!9!AH!!ipCD/\")jBk1d@DZKi&#RPQdA7\\\\XCh[D\\!'^`\"F(o/r6#:CVF*(?!Ch[D\\!'^Vn@VfsmCJJ;TAIM\":Df0hCE,8s#CNBk\"@<Q'nCe\\>[ATDKnCf,=`DKKT7Bk;>ez&-)\\1&-)\\1","3075":"!<d@[F*P40#64c-E,TfC)uos=!<d@[F*]\"V#64o6@VfsmCI<#NAIW-_Bldj%ARo7dDe!Pj$#O*mATDKnCi]UW!!%Zl!!!$*Ec6&.FD5Z2!2'Jq$O:0a@W,skErl=A!9!AH!61-!!!ipCD/\")jBk1d@DZKi&#RPQdA7\\\\XCh[D\\!'^`\"F(o/r6#:CVF*(?!Ch[D\\!'^Vn@VfsmCJJ;TAHY;DCh3tj@<Q'nCe\\>[ATDKnCf,=`DKKT7Bk;>dz&-)\\1","4099":"!<d@[F*P40#64c-E,TfC)uos=!<d@[F*]%W#64o6@VfsmCI<#NAIW-_Bldj%ARo7dDe!Pj$#O*mATDKnCi]XX!!$^Y!!%3_!!!$*Ec6&.FD5Z2!2'Jq$O:0a@W,skErc7@!9!>g!!ipCD/\")jBk1d@DZKi&#RPQdA7\\\\XCh[D\\!'^`\"F(o/r6#:CVF*(?!Ch[D\\!'^Vn@VfsmCJJ;TAK=-VEcP`%ARlotEc5h<@VfsmCEP$GBm+'0ARm4t(L_JqBl$LPFCfK,@;Je`@;^1$FD5<-!WW3#!\"],1!\"],1!!","1048579":"!<d@[F*P40#64c-E,TfC*<6'>!<d@[F*\\nS#64o6@VfsmCI<#NAIW-_Bldj%ARo7dDe!Pj$#O*mATDKnCi]p`!!%3_!!$^Y!!%3_!!!KO!!%QN!!%`S!!%KL!!$[X!!%?H!!#\"_!!!$*Ec6&.FD5Z2!2'Jq$O:0a@W,skEs2OD!\"]&.!<MWg!:]C5!<<T.!UpU!!=0$DD/\")jBk1d@DZKi&#RPQdA7\\\\XCh[D\\!'^`\"F(o/r6#:CVF*(?!Ch[D\\!'^Vn@VfsmCJJ;TAIM\":Df0hCE,8s#CNBk\"@<Q'nCe\\>[ATDKnCf,=`DKKT7Bk;>mz&-)\\1&-)\\1&-)\\1&-)\\1&-)\\1&-)\\1&-)\\1&-)\\1&-)\\1&-)\\1","1049603":"!<d@[F*P40#64c-E,TfC*<6'>!<d@[F*\\qT#64o6@VfsmCI<#NAHu^]F`__:EWlSfH#R<tFDlFZ\":&scFCB9&=9&=$!!EUFATMNNDJ*csjNEk(\":&scFCB9&=o\\O&!!rsADes6$@ru9m!!E[MAT2'lE`7'gFCbFP!!!!","1050627":"!<d@[F*P40#64c-E,TfC*<6'>!<d@[F*\\tU#64o6@VfsmCI<#NAIW-_Bldj%ARo7dDe!Pj$#O*mATDKnCi]XX!!\"5\\!!$^Y!!!$*Ec6&.FD5Z2!2'Jq$O:0a@W,skEuk;]!2/gg!2(+\"!MK;h!0K1-!CCs?!CA/u!J9fD!.m+r!J:1D!2B1Z!(2$r!HV;.!G(\\$!+],r!G)'$!/1'6!(D*b!@F+r!ClQY!(QhX!*49.!G;%l!%@>8!%@^8!(cgK!\"/3m!\"-/s!=J\\n!%R]+!\"AR`!!ipCD/\")jBk1d@DZKi&#RPQdA7\\\\XCh[D\\!'^`\"F(o/r6#:CVF*(?!Ch[D\\!'^Vn@VfsmCJJ;TAIM(L@;]e$AKZ#3@quGg@<Q'nCe\\>[ATDKnCf,=`DKKT7Bk;>ez&-)\\1&-)\\1","1052675":"!<d@[F*P40#64c-E,TfC*<6'>!<d@[F*]%W#64o6@VfsmCI<#NAIW-_Bldj%ARo7dDe!Pj$#O*mATDKnCi]p`!!%3_!!$^Y!!%3_!!!KO!!%QN!!%`S!!%KL!!$[X!!%?H!!#\"_!!!$*Ec6&.FD5Z2!2'Jq$O:0a@W,skEs2OD!!!!P!<M+#!:fV5!>\"ZP!WVX2!=0$DD/\")jBk1d@DZKi&#RPQdA7\\\\XCh[D\\!'^`\"F(o/r6#:CVF*(?!Ch[D\\!'^Vn@VfsmCJJ;TAIM\":Df0hCE,8s#CNBk\"@<Q'nCe\\>[ATDKnCf,=`DKKT7Bk;>mz&-)\\1&-)\\1&-)\\1&-)\\1&-)\\1&-)\\1&-)\\1&-)\\1&-)\\1&-)\\1","2098179":"!<d@[F*P40#64c-E,TfC*WQ0?!<d@[F*\\qT#64o6@VfsmCI<#NAHu^]F`__:EWlSfH#R=/E+s9&/Tt]GH#e%KFCeu7BIuYS\":&scFCB9&=9&=$!!EUFATMNNDJ*csgCHk@\":&scFCB9&=o\\O&!!rsADes6$@ru9m!!E[MAT2'lE`7'gFCbFP!!!!","2099203":"!<d@[F*P40#64c-E,TfC*WQ0?!<d@[F*\\tU#64o6@VfsmCI<#NAKbf,DIIT<E,Tr3Ea`g(Ch[KqATBA8ARTUgDg3jF@<6Mj","1028":"!<d@[F*P71#64c-E,TfC)uos=!<d@[F*\\qT#64o6@VfsmCI<#NAIW-_Bldj%ARo7dDe!Pj$#O*mATDKnCi]^Z!!%3_!!$^Y!!%3_!!!KO!!!$*Ec6&.FD5Z2!2'Jq$O:0a@W,skErl=A!9!AH!61-!!!ipCD/\")jBk1d@DZKi&#RPQdA7\\\\XCh[D\\!'^`\"F(o/r6#:CVF*(?!Ch[D\\!'^Vn@VfsmCJJ;TAHY;DCh3tj@<Q'nCe\\>[ATDKnCf,=`DKKT7Bk;>gz&-)\\1&-)\\1&-)\\1&-)\\1","2052":"!<d@[F*P71#64c-E,TfC)uos=!<d@[F*\\tU#64o6@VfsmCI<#NAIW-_Bldj%ARo7dDe!Pj$#O*mATDKnCi]^Z!!%3_!!$^Y!!%3_!!!KO!!!$*Ec6&.FD5Z2!2'Jq$O:0a@W,skErl=A!9!AH!61-!!!ipCD/\")jBk1d@DZKi&#RPQdA7\\\\XCh[D\\!'^`\"F(o/r6#:CVF*(?!Ch[D\\!'^Vn@VfsmCJJ;TAHY;DCh3tj@<Q'nCe\\>[ATDKnCf,=`DKKT7Bk;>gz&-)\\1&-)\\1&-)\\1&-)\\1","3076":"!<d@[F*P71#64c-E,TfC)uos=!<d@[F*]\"V#64o6@VfsmCI<#NAIW-_Bldj%ARo7dDe!Pj$#O*mATDKnCi]^Z!!%3_!!$^Y!!%3_!!!KO!!!$*Ec6&.FD5Z2!2'Jq$O:0a@W,skErl=A!9!AH!61-!!!ipCD/\")jBk1d@DZKi&#RPQdA7\\\\XCh[D\\!'^`\"F(o/r6#:CVF*(?!Ch[D\\!'^Vn@VfsmCJJ;TAHY;DCh3tj@<Q'nCe\\>[ATDKnCf,=`DKKT7Bk;>gz&-)\\1&-)\\1&-)\\1&-)\\1","1048580":"!<d@[F*P71#64c-E,TfC*<6'>!<d@[F*\\nS#64o6@VfsmCI<#NAIW-_Bldj%ARo7dDe!Pj$#O*mATDKnCi]XX!!%3_!!$^Y!!!$*Ec6&.FD5Z2!2'Jq$O:0a@W,skF!CYb!!(jE!>#_?!>5>$!?iN`!:g$F!V,UH!:g*h!<V&m!>=59!@$Cl!CB!L!(=Qo!G\"t)!+i=q!G,X;!-MW9!!\\ms!G8P/!Ht't!HrD\\!/>CZ!-aLu!Jc^!!Jg.C!13-A!.\"&-!/^.-!.+(r!,M#r!)2hR!\"T\"t!A<g3!\"]%b!AFHO!WW/f!=0$DD/\")jBk1d@DZKi&#RPQdA7\\\\XCh[D\\!!EQ<F(o/r6#:CVF*(?!Ch[D\\!!EH3@VfsmCJJ;TAIM\":Df0hCE,8s#CNBk\"@<Q'nCe\\>[ATDKnCf,=`DKKT7Bk;>ez&-)\\1&-)\\1","1049604":"!<d@[F*P71#64c-E,TfC*<6'>!<d@[F*\\qT#64o6@VfsmCI<#NAJ8fsDIIT<B45jqAnbgs/U(cIF9r%cBlj=Y$Z9NtGAhM;6Z6LH!!<mDF`M@uFCB33<,ZkeCe/JeEcV3\\z!!!30Bl8**DKKf;Gl\\+hF)5c:Erc7@!!WUJCi=E:!!!!","1050628":"!<d@[F*P71#64c-E,TfC*<6'>!<d@[F*\\tU#64o6@VfsmCI<#NAHu^]F`__:EWlSfH#R='F*)>DAM%qFBl7Km\":&scFCB9&=9&=$!!EUFATMNNDJ*csgCMCj\":&scFCB9&=o\\O&!!rsADes6$@ru9m!!E[MAT2'lE`7'gFCbFP!!!!","1052676":"!<d@[F*P71#64c-E,TfC*<6'>!<d@[F*]%W#64o6@VfsmCI<#NAIW-_Bldj%ARo7dDe!Pj$#O*mATDKnCi]XX!!%3_!!$^Y!!!$*Ec6&.FD5Z2!2'Jq$O:0a@W,skF!:Sa!!)L#!<<0S!?_@a!?i!q!:fOh!V,+j!:fV5!<U\\(!@#l(!CAI]!(=%+!G\"G:!+h6-!Hhc[!-M-[!!\\Zb!HsSA!JY#(!-`qu!JfSC!/H+B!LMad!.!K-!/]YO!,CEr!,A2C!IE]@!,LO/!)2;c!\"SQB!A<:D!$Cba!AEp`!WV[3!=0$DD/\")jBk1d@DZKi&#RPQdA7\\\\XCh[D\\!!*?9F(o/r6#:CVF*(?!Ch[D\\!!*60@VfsmCJJ;TAIM\":Df0hCE,8s#CNBk\"@<Q'nCe\\>[ATDKnCf,=`DKKT7Bk;>ez&-)\\1&-)\\1","2098180":"!<d@[F*P71#64c-E,TfC*WQ0?!<d@[F*\\qT#64o6@VfsmCI<#NAHu^]F`__:EWlSfH#R=2E+s9&/Tt]GH#e%KFCeu7FtI9BE--@.#BFa)@<?'_z\":8pVF(djWB5D/6%nT\"h#BFa)@<?'az#mk*[Ci!ZmFCet_\":K6]E+*I$;flGiAH2]1!!!","2099204":"!<d@[F*P71#64c-E,TfC*WQ0?!<d@[F*\\tU#64o6@VfsmCI<#NAIW-_Bldj%ARo7dDe!Pj$#O*mATDKnCi]p`!!$^Y!!$^Y!!%3_!!!KO!!%QN!!%`S!!%KL!!$[X!!%?H!!#\"_!!!$*Ec6&.FD5Z2!2'Jq$O:0a@W,skF#j:$!!'7<!!)re!$E9]!$Y\\$#bjH9#f>BS!94\"X!2NlR\"gh\"Y\"gqUY\"X`$R!%*0n#=cA\\#7U)D!\"AG'!%cP_!%cW##V>+J!%c0S!%cj)#V=02#Y`im#Y`m(#Y`@)\"&.M)!.<9e#^jTo#^j[:#b8h)#b9#)!Na4D!R0'.!%lfT#VG;1!%ls;\"^Tc=#]81<\"b\"p*\"eF.9\"eF7l#VP+9#qkCo#qkMm#ql5U!)DZm!7'i!!8cjT#N\"^9#O_.Y!:Jt+!&+%T!&+/2!:TSu#OhDJ!:T`d#OhQI!<;_1!<;ku!!ipCD/\")jBk1d@DZKi&#RPQdA7\\\\XCh[D\\!'^`\"F(o/r6#:CVF*(?!Ch[D\\!'^Vn@VfsmCJJ;TAK=-VEcP`%ARlotEc5h<@VfsmCEP$GBm+'0ARm4t(L_JqBl$LPFCfK,@;Je`@;^1$FD5<-$31&+!\"],1!\"],1!\"],1!\"],1!\"],1!\"],1!\"],1!\"],1!\"],1!\"],1!!","3146756":"!<d@[F*P71#64c-E,TfC*rl9@!<d@[F*\\qT#64o6@VfsmCI<#NAIW-_Bldj%ARo7dDe!Pj$#O*mATDKnCi]XX!!$[X!!$^Y!!!$*Ec6&.FD5Z2!2'Jq$O:0a@W,skEsD[F!!)N[!'p#g!C.:j!CG63!5u8E!)E+X!H7K-!!ipCD/\")jBk1d@DZKi&#RPQdA7\\\\XCh[D\\!%%s^F(o/r6#:CVF*(?!Ch[D\\!$VRQ@VfsmCJJ;TAJ7FLEcQ)/ARlotEc5h<@VfsmCC:qeG%#*$9jr-TEbSru;0?;bFD5i2ATInQ!!!!1!!!!1!!!!","3147780":"!<d@[F*P71#64c-E,TfC*rl9@!<d@[F*\\tU#64o6@VfsmCI<#NAIW-_Bldj%ARo7dDe!Pj$#O*mATDKnCi]UW!!\"JP!!!$*Ec6&.FD5Z2!2'Jq$O:0a@W,skEteTS!!)LA!!)he!!;aJ!!;qJ!('UK!('eK!+tg]!+u\"]!2f?L!2fOL!9Wl;!9X';!!r4H!(c]=!(cm=!/U5,!/UE,!6Fap!6Fqp!\"Sl*!!ipCD/\")jBk1d@DZKi&#RPQdA7\\\\XCh[D\\!!<K;F(o/r6#:CVF*(?!Ch[D\\!!<B2@VfsmCJJ;TAJ.=G@:O'q@WHC)H=\\4.Ci<g!$Q!5p@;0OP@<?($BjkgTF^]00Bln'#Erc7@!!!Q1!!!","3148804":"!<d@[F*P71#64c-E,TfC*rl9@!<d@[F*]\"V#64o6@VfsmCI<#NAIW-_Bldj%ARo7dDe!Pj$#O*mATDKnCi]a[!!$p>!!%3_!!$[X!!$^Y!!$j]!!!$*Ec6&.FD5Z2!2'Jq$O:0a@W,skEtnZT!\"\\Q0!tO8^!=dBY\"'s:H\"E*/l!,^'h\".nHH!3Y8[!Nj`F\"MN.m!tXq_!FPBY\"E3hp!06%5!3bqX\"MaKq!WCFG!tYG3!tF/[\")Zrk\"23Uk!sf6FD/\")jBk1d@DZKi&#RPQdA7\\\\XCh[D\\!'^`\"F(o/r6#:CVF*(?!Ch[D\\!'^Vn@VfsmCJJ;TAIDFRDejV@B5D!tEsidmG%#*$9jr-TEbSru;0?;bFD5i2ATJ\"T!!!!1!!!!1!!!!1!!!!1!!!!1!!!!","4194308":"!<d@[F*P71#64c-E,TfC+92BA!<d@[F*\\nS#64o6@VfsmCI<#NAIW-_Bldj%ARo7dDe!Pj$#O*mATDKnCi][Y!!!uC!!$[X!!%3_!!!$*Ec6&.FD5Z2!2'Jq$O:0a@W,skEt&*L!!!#h!?_U;!AFrR!<M[d!!2e$!<N,7!>5%1!$V:2!\"\\h.!>#/!!?^f.!AF/P!C-MR!=0$DD/\")jBk1d@DZKh<#RPQdA7\\\\XCh[D\\!!!98F(o/r6#:CVF*(?!Ch[D\\!!!0/@VfsmCJJ;TAJ@LME,]B/+EM41DJ*cs+C]/*@quGg@<Q'nCe\\>[ATDKnCf,=`DKKT7Bk;>fz&-)\\1&-)\\1&-)\\1","4195332":"!<d@[F*P71#64c-E,TfC+92BA!<d@[F*\\qT#64o6@VfsmCI<#NAIW-_Bldj%ARo7dDe!Pj$#O*mATDKnCi]XX!!$[X!!!uC!!!$*Ec6&.FD5Z2!2'Jq$O:0a@W,skEu=rX!!)L#!!!Z%!$D:5!'gVX!)Nso!$U8E!?q70!&7Am!C9i[!E&:X!<W8j!#!^'!@3tO!!]lo!&ih8!B-6n!(N?J!(Q8G!BT@a!D;R?!=n\\J!&*h_!)N1X!+5No!,ql1!!ipCD/\")jBk1d@DZKh<#RPQdA7\\\\XCh[D\\!!!98F(o/r6#:CVF*(?!Ch[D\\!!!0/@VfsmCJJ;TAJ@LME,]B/+EM41DJ*cs+C]/*@quGg@<Q'nCe\\>[ATDKnCf,=`DKKT7Bk;>ez&-)\\1&-)\\1","4196356":"!<d@[F*P71#64c-E,TfC+92BA!<d@[F*\\tU#64o6@VfsmCI<#NAIW-_Bldj%ARo7dDe!Pj$Zg3(G@Pc)DeWa'%0-A.TD+0BLut')O7m5eE;HI4GkG,<?iW(b@JdJ5B_4aoDt#Xb;;a;3;XF&V+:Q*e&.\"Bu$P@#lDfor.;f6Mt6ZljVBk28dzFDq3\\G`Vn5$#O*mATDKnCi]a[!!!uC!!$[X!!%3_!!\"SS!!%Em!!!$*Ec6&.FD5Z2!2'Jq$O:0a@W,skF!q\"g!!!!G!<<3W!<<Dq!?_`U!?_gA!AFuV!C-`F!C6Oj!C.(5!Dj-$!E&>D!)`[e!+G`%!D)iP!GM.-!JpH:\")dh!!>\"ZF!>\"d2!>\"qp!AF2!\">BTA!C-03\"@)NW!C-9g\"@)X6!C-CE\"@)aZ!C-If!C-M\"\"@)kW!Di;D!DiAg!DiX3!FPP3!FPST\"CLti!H7Hc!H7o0!MB+C!=0$DD/\")jBk1d@DZKh<#RPQdA7\\\\XCh[D\\!!!98F(o/r6#:CVF*(?!Ch[D\\!!!0/@VfsmCJJ;TAJ@LME,]B/+EM41DJ*cs+C]/*@quGg@<Q'nCe\\>[ATDKnCf,=`DKKT7Bk;>hz&-)\\1&-)\\1&-)\\1&-)\\1&-)\\1","4197380":"!<d@[F*P71#64c-E,TfC+92BA!<d@[F*]\"V#64o6@VfsmCI<#NAIW-_Bldj%ARo7dDe!Pj$#O*mATDKnCi][Y!!!uC!!$[X!!%3_!!!$*Ec6&.FD5Z2!2'Jq$O:0a@W,skEu+fV!!!\"A!<<DT!<<W$!FPmC!<N5j!>5:Y!?q2Y!?qI5!&=!X!AXAu!($0t!)`5#!\"\\R.!>\"q@!>#.e!?_=\"!AF5b!C-&V!C--b!C-ST!DiL?!FPD?!H7HC!=0$DD/\")jBk1d@DZKh<#RPQdA7\\\\XCh[D\\!!!98F(o/r6#:CVF*(?!Ch[D\\!!!0/@VfsmCJJ;TAJ@LME,]B/+EM41DJ*cs+C]/*@quGg@<Q'nCe\\>[ATDKnCf,=`DKKT7Bk;>fz&-)\\1&-)\\1&-)\\1","4198404":"!<d@[F*P71#64c-E,TfC+92BA!<d@[F*]%W#64o6@VfsmCI<#NAIW-_Bldj%ARo7dDe!Pj$#O*mATDKnCi][Y!!!uC!!$[X!!%3_!!!$*Ec6&.FD5Z2!2'Jq$O:0a@W,skEt&*L!!!!T!<<7c!<<Js!<MdH!<N\"X!<N&d!\"njc!$Uhe!\"\\QB!>\"gQ!?_1.!AF).!C-'0!=0$DD/\")jBk1d@DZKh<#RPQdA7\\\\XCh[D\\!!!98F(o/r6#:CVF*(?!Ch[D\\!!!0/@VfsmCJJ;TAJ@LME,]B/+EM41DJ*cs+C]/*@quGg@<Q'nCe\\>[ATDKnCf,=`DKKT7Bk;>fz&-)\\1&-)\\1&-)\\1","5243908":"!<d@[F*P71#64c-E,TfC+TMKB!<d@[F*\\qT#64o6@VfsmCI<#NAHu^]F`__:EWlSfH#R=2E+s9&/Tt]GH#e%KFCeu7FtI9BE--@.#BFa)@<?'_z\":8pVF(djWB5D/6%nT\"h#BFa)@<?'az#mk*[Ci!ZmFCet_\":K6]E+*I$;flGiAH2]1!!!","6292484":"!<d@[F*P71#64c-E,TfC+ohTC!<d@[F*\\qT#64o6@VfsmCI<#NAHu^]F`__:EWlSfH#R=4E+s9&/Tt]GH#e%KFCeu7FtI0DDeip%1B[r'DffE0AQSp4!!!-.D.Rd%6#L=OA_R_e5Qh=4DffE0AQf'6!!!<3@rH1\"ARfgnA,l`?Eb02uBl[-o@<?&\\z","5":"!<d@[F*P:2#64c-E,TfC)uos=!<d@[F*\\nS#64o6@VfsmCI<#NAIW-_Bldj%ARo7dDe!Pj$#O*mATDKnCi]XX!!$^Y!!%3_!!!$*Ec6&.FD5Z2!2'Jq$O:0a@W,skErc7@!9!kV!!ipCD/\")jBk1d@DZKi&#RPQdA7\\\\XCh[D\\!'^`\"F(o/r6#:CVF*(?!Ch[D\\!'^Vn@VfsmCJJ;TAK=-VEcP`%ARlotEc5h<@VfsmCEP$GBm+'0ARm4t(L_JqBl$LPFCfK,@;Je`@;^1$FD5<-!WW3#!\"],1!\"],1!!","1029":"!<d@[F*P:2#64c-E,TfC)uos=!<d@[F*\\qT#64o6@VfsmCI<#NAIW-_Bldj%ARo7dDe!Pj$#O*mATDKnCi][Y!!\"YU!!$^Y!!$[X!!!$*Ec6&.FD5Z2!2'Jq$O:0a@W,skErc7@!9!AH!!ipCD/\")jBk1d@DZKi&#RPQdA7\\\\XCh[D\\!'^`\"F(o/r6#:CVF*(?!Ch[D\\!'^Vn@VfsmCJJ;TAIM\":Df0hCE,8s#CNBk\"@<Q'nCe\\>[ATDKnCf,=`DKKT7Bk;>fz&-)\\1&-)\\1&-)\\1","2053":"!<d@[F*P:2#64c-E,TfC)uos=!<d@[F*\\tU#64o6@VfsmCI<#NAIW-_Bldj%ARo7dDe!Pj$#O*mATDKnCi][Y!!\"YU!!$^Y!!$[X!!!$*Ec6&.FD5Z2!2'Jq$O:0a@W,skErc7@!9!AH!!ipCD/\")jBk1d@DZKi&#RPQdA7\\\\XCh[D\\!'^`\"F(o/r6#:CVF*(?!Ch[D\\!'^Vn@VfsmCJJ;TAIM\":Df0hCE,8s#CNBk\"@<Q'nCe\\>[ATDKnCf,=`DKKT7Bk;>fz&-)\\1&-)\\1&-)\\1","3077":"!<d@[F*P:2#64c-E,TfC)uos=!<d@[F*]\"V#64o6@VfsmCI<#NAIW-_Bldj%ARo7dDe!Pj$#O*mATDKnCi][Y!!%3_!!$^Y!!$[X!!!$*Ec6&.FD5Z2!2'Jq$O:0a@W,skErc7@!9!AH!!ipCD/\")jBk1d@DZKi&#RPQdA7\\\\XCh[D\\!'^`\"F(o/r6#:CVF*(?!Ch[D\\!'^Vn@VfsmCJJ;TAIM\":Df0hCE,8s#CNBk\"@<Q'nCe\\>[ATDKnCf,=`DKKT7Bk;>fz&-)\\1&-)\\1&-)\\1","4101":"!<d@[F*P:2#64c-E,TfC)uos=!<d@[F*]%W#64o6@VfsmCI<#NAIW-_Bldj%ARo7dDe!Pj$#O*mATDKnCi]XX!!$^Y!!%3_!!!$*Ec6&.FD5Z2!2'Jq$O:0a@W,skErc7@!9!>g!!ipCD/\")jBk1d@DZKi&#RPQdA7\\\\XCh[D\\!'^`\"F(o/r6#:CVF*(?!Ch[D\\!'^Vn@VfsmCJJ;TAK=-VEcP`%ARlotEc5h<@VfsmCEP$GBm+'0ARm4t(L_JqBl$LPFCfK,@;Je`@;^1$FD5<-!WW3#!\"],1!\"],1!!","1048581":"!<d@[F*P:2#64c-E,TfC*<6'>!<d@[F*\\nS#64o6@VfsmCI<#NAIW-_Bldj%ARo7dDe!Pj$#O*mATDKnCi]XX!!%3_!!$^Y!!!$*Ec6&.FD5Z2!2'Jq$O:0a@W,skEs2OD!\"]&.!<MWg!:]C5!<<T.!UpU!!=0$DD/\")jBk1d@DZKi&#RPQdA7\\\\XCh[D\\!'^`\"F(o/r6#:CVF*(?!Ch[D\\!'^Vn@VfsmCJJ;TAIM\":Df0hCE,8s#CNBk\"@<Q'nCe\\>[ATDKnCf,=`DKKT7Bk;>ez&-)\\1&-)\\1","1049605":"!<d@[F*P:2#64c-E,TfC*<6'>!<d@[F*\\qT#64o6@VfsmCI<#NAIW9mDfor.F*)>@@:s-U$#+:#ASuU.Ed7ZiEH>r7FE7Qb!!!3,F)5c:EsD_\"!!*'\"!4i@7!!*'\"z#n^cfEarZZFDl2.B4Xn[DfBat\":8pVF(djWB5D/6%nT\"e$=S$u@:Nt?@:NjKz","1050629":"!<d@[F*P:2#64c-E,TfC*<6'>!<d@[F*\\tU#64o6@VfsmCI<#NAINEeFC?bBE+*s.AT@eWD..ZVDfor>!<<*\"\":]'_FCfK9@;JJQF`MO'!!!!+$Y=3tBlnVfDe*F##ljr*)J<JqANFLID..=#Bk/f;Ea`KiE\\1mADe*o/B45Xg3bWYQ@;^!tA1_nD@:Wqi/R`[ABld^#,A1G%ANFLID..=#Bk/f;Ea`KiE\\1aCBl%<s@<?($Bjkh!*G8etANFLID..=#Bk/f;Ea`KiE\\1d;DffZ,DJ())@;TR:BQ\\0#DJs6\"/Tc#AA7]d5@rH4$De*R(Bk;?,B45Xg3bWYQ@;^!tA1_nD@:Wqi/S9-GDJ=38Eb-8(@;TR:BQ\\0#DJs6\"/Tc#AA7]d5CisuFEbT*+,%k>$ANFLID..=#Bk/f;Ea`KiE\\2?TEcu/?@;KRpDe*o6B45Xg3bWYQ@;^!tA1_nD@:Wqi/Tc#E@<6R3AS?4(FCfIn!dHF\"!!!!\"!dQL#!!!!\"!dZR$!!!!\"!dHI$!!!!\"!dQO&!!!!\"!dZU&!!!!\"%W,ot:i'QcATC[WDJ*M\\!!!!\"%W,X!:i'QcATC[WDJ*P\\s8W*\"%WcStGA^;eDJ*NTDe*DZ!!!!\"$?L/pGA]cdF`):%!!!!*'Q\\5%GA^2oCjA<YFCfJaD/aE6F9)CXBl7X,BjkgTF^]00BlnW!E+*s.ARkc@!!!$6Bl7X,BjkgVE+*s.;0?;bFD5iBz!=<CZDfp\"tBmO=k!!!!*$[6$#8SrEbEcbl'!!<mN@<6NhE+*s.<,ZkeCe/JeEc]SFgkU3-PX#6\\Bl8$(Ec,<%6XaqB@qg%1z!tK$_FCfK1@;J;E@<-!lzz!tTE`@q]:kB4XnNE_(+kEW?(>z!!=-U@<6NXBOPpoAQ<\\[@<?'[DffE(88iWkErZ1?z!\"TT]E+*s.ARn5IFD5i2ATIhO!!!!","1052677":"!<d@[F*P:2#64c-E,TfC*<6'>!<d@[F*]%W#64o6@VfsmCI<#NAIW-_Bldj%ARo7dDe!Pj$#O*mATDKnCi]XX!!%3_!!$^Y!!!$*Ec6&.FD5Z2!2'Jq$O:0a@W,skEs2OD!!!!P!<M+#!:fV5!>\"ZP!WVX2!=0$DD/\")jBk1d@DZKi&#RPQdA7\\\\XCh[D\\!'^`\"F(o/r6#:CVF*(?!Ch[D\\!'^Vn@VfsmCJJ;TAIM\":Df0hCE,8s#CNBk\"@<Q'nCe\\>[ATDKnCf,=`DKKT7Bk;>ez&-)\\1&-)\\1","2097157":"!<d@[F*P:2#64c-E,TfC*WQ0?!<d@[F*\\nS#64o6@VfsmCI<#NAIW-_Bldj%ARo7dDe!Pj$#O*mATDKnCi]XX!!%3_!!$^Y!!!$*Ec6&.FD5Z2!2'Jq$O:0a@W,skEs2OD!\"]&.!<MWg!:]C5!<<T.!UpU!!=0$DD/\")jBk1d@DZKi&#RPQdA7\\\\XCh[D\\!'^`\"F(o/r6#:CVF*(?!Ch[D\\!'^Vn@VfsmCJJ;TAIM\":Df0hCE,8s#CNBk\"@<Q'nCe\\>[ATDKnCf,=`DKKT7Bk;>ez&-)\\1&-)\\1","2098181":"!<d@[F*P:2#64c-E,TfC*WQ0?!<d@[F*\\qT#64o6@VfsmCI<#NAIW-_Bldj%ARo7dDe!Pj$#O*mATDKnCi][Y!!$^Y!!#dq!!$j]!!!$*Ec6&.FD5Z2!2'Jq$O:0a@W,skEuG#Y!!!#j!'gN+!'h/s!C-j]!'hIQ!C..p!+5k4!FQ8h!PebD!5Js!!&5'*!\\k<t!\\kR_!\\kVR!^RT<!^Rmo!au^B!b!\"u!c\\iT!HB%1!Ke!t!g+DS!hg62!MLFd!PoCR!l5f1!XK-ED/\")jBk1d@DZKi&#RPQdA7\\\\XCh[D\\!'^`\"F(o/r6#:CVF*(?!Ch[D\\!'^Vn@VfsmCJJ;TAK=-VEcP`%ARlotEc5h<@VfsmCEP$GBm+'0ARm4t(L_JqBl$LPFCfK,@;Je`@;^1$FD5<-!rr<$!\"],1!\"],1!\"],1!!","2100229":"!<d@[F*P:2#64c-E,TfC*WQ0?!<d@[F*]\"V#64o6@VfsmCI<#NAIW-_Bldj%ARo7dDe!Pj$#O*mATDKnCi]XX!!%!Y!!\"YU!!!$*Ec6&.FD5Z2!2'Jq$O:0a@W,skErl=A!8nFg!V5a[!!ipCD/\")jBk1d@DZKi&#RPQdA7\\\\XCh[D\\!'^`\"F(o/r6#:CVF*(?!Ch[D\\!'^Vn@VfsmCJJ;TAID=KDIjr0Cgh3sEsidmG%#*$9jr-TEbSru;0?;bFD5i2ATInQ!!!!1!!!!1!!!!","2101253":"!<d@[F*P:2#64c-E,TfC*WQ0?!<d@[F*]%W#64o6@VfsmCI<#NAIW-_Bldj%ARo7dDe!Pj$#O*mATDKnCi]XX!!%3_!!$^Y!!!$*Ec6&.FD5Z2!2'Jq$O:0a@W,skEs2OD!!!!P!<M+#!:fV5!>\"ZP!WVX2!=0$DD/\")jBk1d@DZKi&#RPQdA7\\\\XCh[D\\!'^`\"F(o/r6#:CVF*(?!Ch[D\\!'^Vn@VfsmCJJ;TAIM\":Df0hCE,8s#CNBk\"@<Q'nCe\\>[ATDKnCf,=`DKKT7Bk;>ez&-)\\1&-)\\1","3145733":"!<d@[F*P:2#64c-E,TfC*rl9@!<d@[F*\\nS#64o6@VfsmCI<#NAIW-_Bldj%ARo7dDe!Pj$#O*mATDKnCi]a[!!$p>!!%3_!!$[X!!$^Y!!$j]!!!$*Ec6&.FD5Z2!2'Jq$O:0a@W,skEteTS!!!JX!s&>^!<<Z1\"&SsH\"CM\\l\"/,VH\"JGb_!O*$j!s.l_!E&=Y\"C^`o!28lX\"L7Fq!V--G!tY@[!tYG3\")n.k\")n2%!2'8T!5JKh!sf6FD/\")jBk1d@DZKi&#RPQdA7\\\\XCh[D\\!!EQ<F(o/r6#:CVF*(?!Ch[D\\!!EH3@VfsmCJJ;TAIDFRDejV@B5D!tEsidmG%#*$9jr-TEbSru;0?;bFD5i2ATJ\"T!!!!1!!!!1!!!!1!!!!1!!!!1!!!!","3146757":"!<d@[F*P:2#64c-E,TfC*rl9@!<d@[F*\\qT#64o6@VfsmCI<#NAIW-_Bldj%ARo7dDe!Pj$#O*mATDKnCi]g]!!$[X!!%*A!!$a7!!!9*!!$^Y!!$:*!!$j]!!!$*Ec6&.FD5Z2!2'Jq$O:0a@W,skF!q\"g!!!!@\"98Mn\"<[b?!$DHo!$DdO\"@*,i#!`B@!'ggC#!`K[!'gme#!`R(!'gt2#!`XR!)Ni!!)NrT!)O$!!)O*C!+5t2#%._V\"`OWI!,r4b!0@@e!g!\\E\"-<h[!0@Pe!g!f'!0@W2!MBU\"!2'UT!2'\\!!2'bC!3cW2!O)if!jE$4!O*!U!PekE!5Jl\"!5JrD!5K#f!8mq9\":,?GD/\")jBk1d@DZKi&#RPQdA7\\\\XCh[D\\!'^`\"F(o/r6#:CVF*(?!Ch[D\\!'^Vn@VfsmCJJ;TAJ7FLEcQ)/ARlotEc5h<@VfsmCC:qeG%#*$9jr-TEbSru;0?;bFD5i2ATJ(V!!!!1!!!!1!!!!1!!!!1!!!!1!!!!1!!!!1!!!!","3147781":"!<d@[F*P:2#64c-E,TfC*rl9@!<d@[F*\\tU#64o6@VfsmCI<#NAIW-_Bldj%ARo7dDe!Pj$#O*mATDKnCi][Y!!$[X!!%<G!!$j]!!!$*Ec6&.FD5Z2!2'Jq$O:0a@W,skEuk;]!!!!`!!!/l!$DtS![%\\s!$E,B![%ib!$E91![&!Q!'gZe!'ggT!'gtC!+5q8!FQ2(!FQ>l!T4)f!8n-T!8n:C!+?RB!auq3!b!)\"!c\\i#!c\\oZ!HAsH!HB+7!Ke!D!jN@g!mqW4!mq]f!mqjU!mr\"D!XK-ED/\")jBk1d@DZKi&#RPQdA7\\\\XCh[D\\!'^`\"F(o/r6#:CVF*(?!Ch[D\\!'^Vn@VfsmCJJ;TAJ7FLEcQ)/ARlotEc5h<@VfsmCC:qeG%#*$9jr-TEbSru;0?;bFD5i2ATIqR!!!!1!!!!1!!!!1!!!!","3148805":"!<d@[F*P:2#64c-E,TfC*rl9@!<d@[F*]\"V#64o6@VfsmCI<#NAHu^]F`__:EWlSfH#R=4@rc\"\"AM7P6@<?'4F)>?%Cb9^M@:O(aA-<-XDffE0AQSp4!!!-.D.Rd%6#L=OA`V#M5Qh=4DffE0AQf'6!!!<3@rH1\"ARfgnA,l`?Eb02uBl[-o@<?&\\z","3149829":"!<d@[F*P:2#64c-E,TfC*rl9@!<d@[F*]%W#64o6@VfsmCI<#NAIW-_Bldj%ARo7dDe!Pj$#O*mATDKnCi]a[!!$p>!!%3_!!$[X!!$^Y!!$j]!!!$*Ec6&.FD5Z2!2'Jq$O:0a@W,skEtnZT!!!!0!s%j+!<<0H\"&SP7\"CUa9!+5jW\"-E$j!2/j(!MK!5\"L%q\\!s.<_!E%bY\"C^3p!.jYW!28<X\"L6kq!V,_6!tXl3!tXrJ\")m`Z\"2FCZ!sf6FD/\")jBk1d@DZKi&#RPQdA7\\\\XCh[D\\!'^`\"F(o/r6#:CVF*(?!Ch[D\\!'^Vn@VfsmCJJ;TAIDFRDejV@B5D!tEsidmG%#*$9jr-TEbSru;0?;bFD5i2ATJ\"T!!!!1!!!!1!!!!1!!!!1!!!!1!!!!","4194309":"!<d@[F*P:2#64c-E,TfC+92BA!<d@[F*\\nS#64o6@VfsmCI<#NAIW-_Bldj%ARo7dDe!Pj$#O*mATDKnCi][Y!!!uC!!$[X!!%3_!!!$*Ec6&.FD5Z2!2'Jq$O:0a@W,skEs_mI!!)r5!<Dh$!<D%S!\"e:t!$LY!!\"]&\"!>\"q1!>\"Zs!?_#E!AFAg!=0$DD/\")jBk1d@DZKi&#RPQdA7\\\\XCh[D\\!'^`\"F(o/r6#:CVF*(?!Ch[D\\!'^Vn@VfsmCJJ;TAJ@LME,]B/+EM41DJ*cs+C]/*@quGg@<Q'nCe\\>[ATDKnCf,=`DKKT7Bk;>fz&-)\\1&-)\\1&-)\\1","4195333":"!<d@[F*P:2#64c-E,TfC+92BA!<d@[F*\\qT#64o6@VfsmCI<#NAIW-_Bldj%ARo7dDe!Pj$#O*mATDKnCi][Y!!!uC!!$[X!!%3_!!!$*Ec6&.FD5Z2!2'Jq$O:0a@W,skEt\\NR!!)Kh!>+fG!?h/i!?g;5!&4E5!ANMS!'obt!)W+V!\"\\nr!>\"dQ!>\"]C!?^hF!AF%d!AEpE!C-VX!C-D1!C--#!DiKE!FPig!=0$DD/\")jBk1d@DZKi&#RPQdA7\\\\XCh[D\\!'^`\"F(o/r6#:CVF*(?!Ch[D\\!'^Vn@VfsmCJJ;TAJ@LME,]B/+EM41DJ*cs+C]/*@quGg@<Q'nCe\\>[ATDKnCf,=`DKKT7Bk;>fz&-)\\1&-)\\1&-)\\1","4196357":"!<d@[F*P:2#64c-E,TfC+92BA!<d@[F*\\tU#64o6@VfsmCI<#NAIW-_Bldj%ARo7dDe!Pj$#O*mATDKnCi]a[!!!uC!!$[X!!%3_!!\"SS!!%Em!!!$*Ec6&.FD5Z2!2'Jq$O:0a@W,skF!1M`!'p0G!C3]o!Dq]3!)W%T!+>J$!FYc%!J'=\"\"&&Nu!GhS@!F5N0!H.Ut!>\"ZH!>\"d2!>\"qp!AF2!\">BTA!C-03\"@)NW!C-9g\"@)X6!C-CE\"@)aZ!C-If!C-M\"\"@)kY!Di;F!DiAg!DiX5!FPP3!FPST\"CLti!KZrA!MB+C!=0$DD/\")jBk1d@DZKi&#RPQdA7\\\\XCh[D\\!'^`\"F(o/r6#:CVF*(?!Ch[D\\!'^Vn@VfsmCJJ;TAJ@LME,]B/+EM41DJ*cs+C]/*@quGg@<Q'nCe\\>[ATDKnCf,=`DKKT7Bk;>hz&-)\\1&-)\\1&-)\\1&-)\\1&-)\\1","4197381":"!<d@[F*P:2#64c-E,TfC+92BA!<d@[F*]\"V#64o6@VfsmCI<#NAIW-_Bldj%ARo7dDe!Pj$#O*mATDKnCi][Y!!!uC!!$[X!!%3_!!!$*Ec6&.FD5Z2!2'Jq$O:0a@W,skEt\\NR!!*&h!>,4X!?h,X!?gh$!&3pW!AN`d!'oOc!)VSg!\"\\R.!>\"q@!>#.e!?_=$!AF5d!AFKE!C-&X!C--d!C-P4!DiH4!FP@4!=0$DD/\")jBk1d@DZKi&#RPQdA7\\\\XCh[D\\!'^`\"F(o/r6#:CVF*(?!Ch[D\\!'^Vn@VfsmCJJ;TAJ@LME,]B/+EM41DJ*cs+C]/*@quGg@<Q'nCe\\>[ATDKnCf,=`DKKT7Bk;>fz&-)\\1&-)\\1&-)\\1","4198405":"!<d@[F*P:2#64c-E,TfC+92BA!<d@[F*]%W#64o6@VfsmCI<#NAIW-_Bldj%ARo7dDe!Pj$#O*mATDKnCi][Y!!!uC!!$[X!!%3_!!!$*Ec6&.FD5Z2!2'Jq$O:0a@W,skEs_mI!!)UF!<DqW!<DES!\"e4R!$L2T!\"\\QD!>\"gS!>#%s!?_-#!AF%#!=0$DD/\")jBk1d@DZKi&#RPQdA7\\\\XCh[D\\!'^`\"F(o/r6#:CVF*(?!Ch[D\\!'^Vn@VfsmCJJ;TAJ@LME,]B/+EM41DJ*cs+C]/*@quGg@<Q'nCe\\>[ATDKnCf,=`DKKT7Bk;>fz&-)\\1&-)\\1&-)\\1","6":"!<d@[F*P=3#64c-E,TfC)uos=!<d@[F*\\nS#64o6@VfsmCI<#NAIW-_Bldj%ARo7dDe!Pj$#O*mATDKnCi]XX!!$^Y!!%3_!!!$*Ec6&.FD5Z2!2'Jq$O:0a@W,skErc7@!9!kV!!ipCD/\")jBk1d@DZKi&#RPQdA7\\\\XCh[D\\!'^`\"F(o/r6#:CVF*(?!Ch[D\\!'^Vn@VfsmCJJ;TAK=-VEcP`%ARlotEc5h<@VfsmCEP$GBm+'0ARm4t(L_JqBl$LPFCfK,@;Je`@;^1$FD5<-!WW3#!\"],1!\"],1!!","1030":"!<d@[F*P=3#64c-E,TfC)uos=!<d@[F*\\qT#64o6@VfsmCI<#NAIW-_Bldj%ARo7dDe!Pj$#O*mATDKnCi][Y!!%Zl!!$^Y!!$[X!!!$*Ec6&.FD5Z2!2'Jq$O:0a@W,skErc7@!9!AH!!ipCD/\")jBk1d@DZKi&#RPQdA7\\\\XCh[D\\!'^`\"F(o/r6#:CVF*(?!Ch[D\\!'^Vn@VfsmCJJ;TAIM\":Df0hCE,8s#CNBk\"@<Q'nCe\\>[ATDKnCf,=`DKKT7Bk;>fz&-)\\1&-)\\1&-)\\1","2054":"!<d@[F*P=3#64c-E,TfC)uos=!<d@[F*\\tU#64o6@VfsmCI<#NAIW-_Bldj%ARo7dDe!Pj$#O*mATDKnCi][Y!!%Zl!!$^Y!!$[X!!!$*Ec6&.FD5Z2!2'Jq$O:0a@W,skErc7@!9!AH!!ipCD/\")jBk1d@DZKi&#RPQdA7\\\\XCh[D\\!'^`\"F(o/r6#:CVF*(?!Ch[D\\!'^Vn@VfsmCJJ;TAIM\":Df0hCE,8s#CNBk\"@<Q'nCe\\>[ATDKnCf,=`DKKT7Bk;>fz&-)\\1&-)\\1&-)\\1","3078":"!<d@[F*P=3#64c-E,TfC)uos=!<d@[F*]\"V#64o6@VfsmCI<#NAIW-_Bldj%ARo7dDe!Pj$#O*mATDKnCi][Y!!%Zl!!$^Y!!$[X!!!$*Ec6&.FD5Z2!2'Jq$O:0a@W,skErc7@!9!AH!!ipCD/\")jBk1d@DZKi&#RPQdA7\\\\XCh[D\\!'^`\"F(o/r6#:CVF*(?!Ch[D\\!'^Vn@VfsmCJJ;TAIM\":Df0hCE,8s#CNBk\"@<Q'nCe\\>[ATDKnCf,=`DKKT7Bk;>fz&-)\\1&-)\\1&-)\\1","4102":"!<d@[F*P=3#64c-E,TfC)uos=!<d@[F*]%W#64o6@VfsmCI<#NAIW-_Bldj%ARo7dDe!Pj$#O*mATDKnCi]XX!!$^Y!!%3_!!!$*Ec6&.FD5Z2!2'Jq$O:0a@W,skErc7@!9!>g!!ipCD/\")jBk1d@DZKi&#RPQdA7\\\\XCh[D\\!'^`\"F(o/r6#:CVF*(?!Ch[D\\!'^Vn@VfsmCJJ;TAK=-VEcP`%ARlotEc5h<@VfsmCEP$GBm+'0ARm4t(L_JqBl$LPFCfK,@;Je`@;^1$FD5<-!WW3#!\"],1!\"],1!!","1048582":"!<d@[F*P=3#64c-E,TfC*<6'>!<d@[F*\\nS#64o6@VfsmCI<#NAIW-_Bldj%ARo7dDe!Pj$#O*mATDKnCi]p`!!%3_!!$^Y!!%3_!!!KO!!%QN!!%`S!!%KL!!$[X!!%?H!!#\"_!!!$*Ec6&.FD5Z2!2'Jq$O:0a@W,skEs2OD!\"]&.!<MWg!:]C5!<<T.!UpU!!=0$DD/\")jBk1d@DZKi&#RPQdA7\\\\XCh[D\\!'^`\"F(o/r6#:CVF*(?!Ch[D\\!'^Vn@VfsmCJJ;TAIM\":Df0hCE,8s#CNBk\"@<Q'nCe\\>[ATDKnCf,=`DKKT7Bk;>mz&-)\\1&-)\\1&-)\\1&-)\\1&-)\\1&-)\\1&-)\\1&-)\\1&-)\\1&-)\\1","1049606":"!<d@[F*P=3#64c-E,TfC*<6'>!<d@[F*\\qT#64o6@VfsmCI<#NAI<0jDIIT<Cgh1\"\"U&pmE+L,-BkM+$F)Q2A@q@<3DD,gKD.tS@BlIW8FtIN=D/]U_Ec6&.FCePS!!!!%$#O6pBL-NKCh;?3ah@l_Ec6&.FCeVU!!!!*$\"ImiCh7*uARkcD$Z]ft@;0a\\FCB9&z\"Uf3ZFE_YDCI<#NAH2]","1050630":"!<d@[F*P=3#64c-E,TfC*<6'>!<d@[F*\\tU#64o6@VfsmCI<#NAIW-_Bldj%ARo7dDe!Pj$#O*mATDKnCi]XX!!\"YU!!\"GO!!!$*Ec6&.FD5Z2!2'Jq$O:0a@W,skEs)IC!!\")?!(-_X!L!KY!V69j!=0$DD/\")jBk1d@DZKi&#RPQdA7\\\\XCh[D\\!'^`\"F(o/r6#:CVF*(?!Ch[D\\!'^Vn@VfsmCJJ;TAID=KDIjr0Cgh3sEsidmG%#*$9jr-TEbSru;0?;bFD5i2ATInQ!!!!1!!!!1!!!!","1051654":"!<d@[F*P=3#64c-E,TfC*<6'>!<d@[F*]\"V#64o6@VfsmCI<#NAHu^]F`__:EWlSfH#R=%@q]:bE\\2*GDJ'(WEc6&.FCePS!!!!%$#O6pBL-NKCh;?38O*C`Ec6&.FCeVU!!!!*$\"ImiCh7*uARkcD$Z]ft@;0a\\FCB9&z!!","1052678":"!<d@[F*P=3#64c-E,TfC*<6'>!<d@[F*]%W#64o6@VfsmCI<#NAIW-_Bldj%ARo7dDe!Pj$#O*mATDKnCi]XX!!%3_!!$^Y!!!$*Ec6&.FD5Z2!2'Jq$O:0a@W,skEs2OD!!!!P!<M+#!:fV5!>\"ZP!WVX2!=0$DD/\")jBk1d@DZKi&#RPQdA7\\\\XCh[D\\!'^`\"F(o/r6#:CVF*(?!Ch[D\\!'^Vn@VfsmCJJ;TAIM\":Df0hCE,8s#CNBk\"@<Q'nCe\\>[ATDKnCf,=`DKKT7Bk;>ez&-)\\1&-)\\1","2097158":"!<d@[F*P=3#64c-E,TfC*WQ0?!<d@[F*\\nS#64o6@VfsmCI<#NAIW-_Bldj%ARo7dDe!Pj$#O*mATDKnCi]^Z!!$p>!!$^Y!!%3_!!\"GO!!!$*Ec6&.FD5Z2!2'Jq$O:0a@W,skF#s@%!!*&g!=o(T!?_@A!?_9t!M')0!VQH\\!<qoT!$(J&!\"nVN!1`NR!M&QF!3GYg!:]IW!V#L6!=dl3!\"@-!!=QTf!\"6HT!uo#M!?8\\m!Lpat\"0939!MR3p!3<cX!W0OU!t)0W!>Vg5!0sb`!L9eO!0sY-!N!\"!!\"#4C!!nS2!=+&\"!![;e!<lcU!!,jU!!H$C!<c*3!u+Q+!>J5K!F\\ae!0g1Q\"/J`l!MiE7!VB(3!s:^5!\"hHj!)YrA!0BG@!KfP0!0B=b!MMaW!:W2@!<Ok\"!<F4f!!!Jb!>#e:!MBu&!=0$DD/\")jBk1d@DZKh<#RPQdA7\\\\XCh[D\\!!!98F(o/r6#:CVF*(?!Ch[D\\!!!0/@VfsmCJJ;TAIDFRDejV@B5D!tEsidmG%#*$9jr-TEbSru;0?;bFD5i2ATItS!!!!1!!!!1!!!!1!!!!1!!!!","2099206":"!<d@[F*P=3#64c-E,TfC*WQ0?!<d@[F*\\tU#64o6@VfsmCI<#NAIW-_Bldj%ARo7dDe!Pj$#O*mATDKnCi]XX!!\"YU!!\"GO!!!$*Ec6&.FD5Z2!2'Jq$O:0a@W,skEs)IC!!\")?!(-_X!L!KY!V69j!=0$DD/\")jBk1d@DZKi&#RPQdA7\\\\XCh[D\\!'^`\"F(o/r6#:CVF*(?!Ch[D\\!'^Vn@VfsmCJJ;TAID=KDIjr0Cgh3sEsidmG%#*$9jr-TEbSru;0?;bFD5i2ATInQ!!!!1!!!!1!!!!","2100230":"!<d@[F*P=3#64c-E,TfC*WQ0?!<d@[F*]\"V#64o6@VfsmCI<#NAIW-_Bldj%ARo7dDe!Pj$#O*mATDKnCi]XX!!%!Y!!\"YU!!!$*Ec6&.FD5Z2!2'Jq$O:0a@W,skErl=A!8nFg!V5a[!!ipCD/\")jBk1d@DZKh<#RPQdA7\\\\XCh[D\\!\"]DHF(o/r6#:CVF*(?!Ch[D\\!\"];?@VfsmCJJ;TAID=KDIjr0Cgh3sEsidmG%#*$9jr-TEbSru;0?;bFD5i2ATInQ!!!!1!!!!1!!!!","2101254":"!<d@[F*P=3#64c-E,TfC*WQ0?!<d@[F*]%W#64o6@VfsmCI<#NAIW-_Bldj%ARo7dDe!Pj$#O*mATDKnCi]^Z!!$p>!!$^Y!!%3_!!\"GO!!!$*Ec6&.FD5Z2!2'Jq$O:0a@W,skF#s@%!!)Kg!<<`T!>#5A!>#;c!K])t!Uud)!<Jl2!\"gmj!\"n3=!0JrA!Kf)h!22(V!:fOh!V,_6!<OGf!!=u!!<b_3!!GYC!u+!+!>Im\\!L,i0\"/J0l!Mn[,!2MtG!VA`D!sMRF!>V75!0s2`!L9?-!0s<>!MuG!!!ZmT!!dNe!=49\"!\"\"f2!=GPD!\"7a\"!\"6(T!=Q4f!unHM!?8@)!GgX2!1U2Q\"08X9!NWOj!W02f!t<$h!$'o&!*nIt!1`Nb!M&*t!1`X@!Nb2h!;u@/!=dI\"!=n*3!\"\\WQ!?^e:!O(u&!=0$DD/\")jBk1d@DZKi&#RPQdA7\\\\XCh[D\\!'^`\"F(o/r6#:CVF*(?!Ch[D\\!'^Vn@VfsmCJJ;TAIDFRDejV@B5D!tEsidmG%#*$9jr-TEbSru;0?;bFD5i2ATItS!!!!1!!!!1!!!!1!!!!1!!!!","3145734":"!<d@[F*P=3#64c-E,TfC*rl9@!<d@[F*\\nS#64o6@VfsmCI<#NAIW-_Bldj%ARo7dDe!Pj$#O*mATDKnCi]a[!!$p>!!%3_!!$[X!!$^Y!!$j]!!!$*Ec6&.FD5Z2!2'Jq$O:0a@W,skEtnZT!\"],0!s&>^!>#.Y\"&SsH\"CV5l!,qhh\"-ENH!20>[!MKDF\"Maom!s.l_!E&=Y\"C^cp!.aM$!28lX\"L7Fq!V#L6!rrl3!rre[\"(2Sk\"0`6k!sf6FD/\")jBk1d@DZKi&#RPQdA7\\\\XCh[D\\!'^`\"F(o/r6#:CVF*(?!Ch[D\\!'^Vn@VfsmCJJ;TAIDFRDejV@B5D!tEsidmG%#*$9jr-TEbSru;0?;bFD5i2ATJ\"T!!!!1!!!!1!!!!1!!!!1!!!!1!!!!","3147782":"!<d@[F*P=3#64c-E,TfC*rl9@!<d@[F*\\tU#64o6@VfsmCI<#NAIW-_Bldj%ARo7dDe!Pj$#O*mATDKnCi]UW!!\"YU!!!$*Ec6&.FD5Z2!2'Jq$O:0a@W,skErl=A!!*#g!$E?W!!ipCD/\")jBk1d@DZKi&#RPQdA7\\\\XCh[D\\!'^`\"F(o/r6#:CVF*(?!Ch[D\\!'^Vn@VfsmCJJ;TAI;\"LDf-\\,Ci<g!$Q!5p@;0OP@<?($BjkgTF^]00Bln'#Erc7@!!!Q1!!!","3148806":"!<d@[F*P=3#64c-E,TfC*rl9@!<d@[F*]\"V#64o6@VfsmCI<#NAJ&B_A1_J'GqE]@@:Us$@<6Mo$$L$!Cggsf8Rqf&&T)H/DKKH#6?u\";FD5iB8Rqf$z!!!08D/XQ7FCeuLGu/<cH\"D\"rBk.2D","3149830":"!<d@[F*P=3#64c-E,TfC*rl9@!<d@[F*]%W#64o6@VfsmCI<#NAIW-_Bldj%ARo7dDe!Pj$#O*mATDKnCi]a[!!$p>!!%3_!!$[X!!$^Y!!$j]!!!$*Ec6&.FD5Z2!2'Jq$O:0a@W,skEtnZT!!!!0!s%j+!<<0H\"&SP7\"CUa9!+5jW\"-E$j!2/j(!MK!5\"L%q\\!s.<_!E%bY\"C^3p!.jYW!28<X\"L6kq!V,_6!tXl3!tXrJ\")m`Z\"2FCZ!sf6FD/\")jBk1d@DZKi&#RPQdA7\\\\XCh[D\\!'^`\"F(o/r6#:CVF*(?!Ch[D\\!'^Vn@VfsmCJJ;TAIDFRDejV@B5D!tEsidmG%#*$9jr-TEbSru;0?;bFD5i2ATJ\"T!!!!1!!!!1!!!!1!!!!1!!!!1!!!!","4194310":"!<d@[F*P=3#64c-E,TfC+92BA!<d@[F*\\nS#64o6@VfsmCI<#NAIW-_Bldj%ARo7dDe!Pj$#O*mATDKnCi][Y!!!uC!!$[X!!%3_!!!$*Ec6&.FD5Z2!2'Jq$O:0a@W,skEs_mI!!)r5!<Dh$!<D%S!\"e:t!$LY!!\"]&\"!>\"q1!>\"Zs!?_#E!AFAg!=0$DD/\")jBk1d@DZKi&#RPQdA7\\\\XCh[D\\!'^`\"F(o/r6#:CVF*(?!Ch[D\\!'^Vn@VfsmCJJ;TAJ@LME,]B/+EM41DJ*cs+C]/*@quGg@<Q'nCe\\>[ATDKnCf,=`DKKT7Bk;>fz&-)\\1&-)\\1&-)\\1","4195334":"!<d@[F*P=3#64c-E,TfC+92BA!<d@[F*\\qT#64o6@VfsmCI<#NAIW-_Bldj%ARo7dDe!Pj$#O*mATDKnCi][Y!!!uC!!$[X!!%3_!!!$*Ec6&.FD5Z2!2'Jq$O:0a@W,skEt\\NR!!)Kh!>+fG!?h/i!?g;5!&4E5!ANMS!'obt!)W+V!\"\\nr!>\"dQ!>\"]C!?^hF!AF%d!AEpE!C-VX!C-D1!C--#!DiKE!FPig!=0$DD/\")jBk1d@DZKi&#RPQdA7\\\\XCh[D\\!'^`\"F(o/r6#:CVF*(?!Ch[D\\!'^Vn@VfsmCJJ;TAJ@LME,]B/+EM41DJ*cs+C]/*@quGg@<Q'nCe\\>[ATDKnCf,=`DKKT7Bk;>fz&-)\\1&-)\\1&-)\\1","4196358":"!<d@[F*P=3#64c-E,TfC+92BA!<d@[F*\\tU#64o6@VfsmCI<#NAIW-_Bldj%ARo7dDe!Pj$#O*mATDKnCi]a[!!!uC!!$[X!!%3_!!\"SS!!%Em!!!$*Ec6&.FD5Z2!2'Jq$O:0a@W,skF!1M`!'p0G!C3]o!Dq]3!)W%T!+>J$!FYc%!J'=\"\"&&Nu!GhS@!F5N0!H.Ut!>\"ZH!>\"d2!>\"qp!AF2!\">BTA!C-03\"@)NW!C-9g\"@)X6!C-CE\"@)aZ!C-If!C-M\"\"@)kY!Di;F!DiAg!DiX5!FPP3!FPST\"CLti!KZrA!MB+C!=0$DD/\")jBk1d@DZKi&#RPQdA7\\\\XCh[D\\!'^`\"F(o/r6#:CVF*(?!Ch[D\\!'^Vn@VfsmCJJ;TAJ@LME,]B/+EM41DJ*cs+C]/*@quGg@<Q'nCe\\>[ATDKnCf,=`DKKT7Bk;>hz&-)\\1&-)\\1&-)\\1&-)\\1&-)\\1","4197382":"!<d@[F*P=3#64c-E,TfC+92BA!<d@[F*]\"V#64o6@VfsmCI<#NAIW-_Bldj%ARo7dDe!Pj$#O*mATDKnCi][Y!!!uC!!$[X!!%3_!!!$*Ec6&.FD5Z2!2'Jq$O:0a@W,skEt\\NR!!*&h!>,4X!?h,X!?gh$!&3pW!AN`d!'oOc!)VSg!\"\\R.!>\"q@!>#.e!?_=$!AF5d!AFKE!C-&X!C--d!C-P4!DiH4!FP@4!=0$DD/\")jBk1d@DZKi&#RPQdA7\\\\XCh[D\\!'^`\"F(o/r6#:CVF*(?!Ch[D\\!'^Vn@VfsmCJJ;TAJ@LME,]B/+EM41DJ*cs+C]/*@quGg@<Q'nCe\\>[ATDKnCf,=`DKKT7Bk;>fz&-)\\1&-)\\1&-)\\1","4198406":"!<d@[F*P=3#64c-E,TfC+92BA!<d@[F*]%W#64o6@VfsmCI<#NAIW-_Bldj%ARo7dDe!Pj$#O*mATDKnCi][Y!!!uC!!$[X!!%3_!!!$*Ec6&.FD5Z2!2'Jq$O:0a@W,skEs_mI!!)UF!<DqW!<DES!\"e4R!$L2T!\"\\QD!>\"gS!>#%s!?_-#!AF%#!=0$DD/\")jBk1d@DZKi&#RPQdA7\\\\XCh[D\\!'^`\"F(o/r6#:CVF*(?!Ch[D\\!'^Vn@VfsmCJJ;TAJ@LME,]B/+EM41DJ*cs+C]/*@quGg@<Q'nCe\\>[ATDKnCf,=`DKKT7Bk;>fz&-)\\1&-)\\1&-)\\1","1031":"!<d@[F*P@4#64c-E,TfC)uos=!<d@[F*\\qT#64o6@VfsmCI<#NAIW-_Bldj%ARo7dDe!Pj$#O*mATDKnCi][Y!!%Zl!!$^Y!!$[X!!!$*Ec6&.FD5Z2!2'Jq$O:0a@W,skErl=A!9!AH!61-!!!ipCD/\")jBk1d@DZKi&#RPQdA7\\\\XCh[D\\!'^`\"F(o/r6#:CVF*(?!Ch[D\\!'^Vn@VfsmCJJ;TAHY;DCh3tj@<Q'nCe\\>[ATDKnCf,=`DKKT7Bk;>fz&-)\\1&-)\\1&-)\\1","2055":"!<d@[F*P@4#64c-E,TfC)uos=!<d@[F*\\tU#64o6@VfsmCI<#NAIW-_Bldj%ARo7dDe!Pj$#O*mATDKnCi][Y!!%Zl!!$^Y!!$[X!!!$*Ec6&.FD5Z2!2'Jq$O:0a@W,skErl=A!9!AH!61-!!!ipCD/\")jBk1d@DZKi&#RPQdA7\\\\XCh[D\\!'^`\"F(o/r6#:CVF*(?!Ch[D\\!'^Vn@VfsmCJJ;TAHY;DCh3tj@<Q'nCe\\>[ATDKnCf,=`DKKT7Bk;>fz&-)\\1&-)\\1&-)\\1","3079":"!<d@[F*P@4#64c-E,TfC)uos=!<d@[F*]\"V#64o6@VfsmCI<#NAIW-_Bldj%ARo7dDe!Pj$#O*mATDKnCi][Y!!%Zl!!$^Y!!$[X!!!$*Ec6&.FD5Z2!2'Jq$O:0a@W,skErl=A!9!AH!61-!!!ipCD/\")jBk1d@DZKi&#RPQdA7\\\\XCh[D\\!'^`\"F(o/r6#:CVF*(?!Ch[D\\!'^Vn@VfsmCJJ;TAHY;DCh3tj@<Q'nCe\\>[ATDKnCf,=`DKKT7Bk;>fz&-)\\1&-)\\1&-)\\1","1048583":"!<d@[F*P@4#64c-E,TfC*<6'>!<d@[F*\\nS#64o6@VfsmCI<#NAIW-_Bldj%ARo7dDe!Pj$#O*mATDKnCi]XX!!%3_!!$^Y!!!$*Ec6&.FD5Z2!2'Jq$O:0a@W,skEs2OD!\"]&.!<MWg!:]C5!<<T.!UpU!!=0$DD/\")jBk1d@DZKi&#RPQdA7\\\\XCh[D\\!'^`\"F(o/r6#:CVF*(?!Ch[D\\!'^Vn@VfsmCJJ;TAIM\":Df0hCE,8s#CNBk\"@<Q'nCe\\>[ATDKnCf,=`DKKT7Bk;>ez&-)\\1&-)\\1","1049607":"!<d@[F*P@4#64c-E,TfC*<6'>!<d@[F*\\qT#64o6@VfsmCI<#NAHlUPEcP`-\"po!]G%GQ5DfU+(#'\"^#Dfg%%!!!!'\"`nKuFE7Zf0E;+R!!$@,!!!3'z!!rjNARTCdA,l]HF(JcrARn_RDI[6WDffE(88iWkErZ1?z!!!","1050631":"!<d@[F*P@4#64c-E,TfC*<6'>!<d@[F*\\tU#64o6@VfsmCI<#NAIW-_Bldj%ARo7dDe!Pj$#O*mATDKnCi]UW!!\"YU!!!$*Ec6&.FD5Z2!2'Jq$O:0a@W,skErl=A!!\")?!\"T#.!!ipCD/\")jBk1d@DZKi&#RPQdA7\\\\XCh[D\\!'^`\"F(o/r6#:CVF*(?!Ch[D\\!'^Vn@VfsmCJJ;TAI;\"LDf-\\,Ci<g!$Q!5p@;0OP@<?($BjkgTF^]00Bln'#Erc7@!!!Q1!!!","1052679":"!<d@[F*P@4#64c-E,TfC*<6'>!<d@[F*]%W#64o6@VfsmCI<#NAIW-_Bldj%ARo7dDe!Pj$#O*mATDKnCi]XX!!%3_!!$^Y!!!$*Ec6&.FD5Z2!2'Jq$O:0a@W,skEs2OD!!!!P!<M+#!:fV5!>\"ZP!WVX2!=0$DD/\")jBk1d@DZKi&#RPQdA7\\\\XCh[D\\!'^`\"F(o/r6#:CVF*(?!Ch[D\\!'^Vn@VfsmCJJ;TAIM\":Df0hCE,8s#CNBk\"@<Q'nCe\\>[ATDKnCf,=`DKKT7Bk;>ez&-)\\1&-)\\1","2097159":"!<d@[F*P@4#64c-E,TfC*WQ0?!<d@[F*\\nS#64o6@VfsmCI<#NAIW-_Bldj%ARo7dDe!Pj$#O*mATDKnCi]XX!!%3_!!$^Y!!!$*Ec6&.FD5Z2!2'Jq$O:0a@W,skEs2OD!\"]&.!<MWg!:]C5!<<T.!UpU!!=0$DD/\")jBk1d@DZKi&#RPQdA7\\\\XCh[D\\!'^`\"F(o/r6#:CVF*(?!Ch[D\\!'^Vn@VfsmCJJ;TAIM\":Df0hCE,8s#CNBk\"@<Q'nCe\\>[ATDKnCf,=`DKKT7Bk;>ez&-)\\1&-)\\1","2098183":"!<d@[F*P@4#64c-E,TfC*WQ0?!<d@[F*\\qT#64o6@VfsmCI<#NAI`g#DesH&@r!Z6DfTr5\"po!]G%GQ5DfU+(#'\"^#Dfg%'!!!!'\"`nKuFE7Zf0E;+R!!(^W!!!$\"!!!!(!AOQT!!!\"4\"onW(z#6?R[!<<*\"-O'PN!<<*\"!!`N\\!!*'\"!'CGc!!*'\"z!!","2099207":"!<d@[F*P@4#64c-E,TfC*WQ0?!<d@[F*\\tU#64o6@VfsmCI<#NAIW-_Bldj%ARo7dDe!Pj$#O*mATDKnCi]UW!!\"YU!!!$*Ec6&.FD5Z2!2'Jq$O:0a@W,skErl=A!!\")?!\"T#.!!ipCD/\")jBk1d@DZKi&#RPQdA7\\\\XCh[D\\!'^`\"F(o/r6#:CVF*(?!Ch[D\\!'^Vn@VfsmCJJ;TAI;\"LDf-\\,Ci<g!$Q!5p@;0OP@<?($BjkgTF^]00Bln'#Erc7@!!!Q1!!!","2100231":"!<d@[F*P@4#64c-E,TfC*WQ0?!<d@[F*]\"V#64o6@VfsmCI<#NAIW-_Bldj%ARo7dDe!Pj$#O*mATDKnCi]XX!!%!Y!!\"YU!!!$*Ec6&.FD5Z2!2'Jq$O:0a@W,skErl=A!:\\A8!:K@V!=0$DD/\")jBk1d@DZKh<#RPQdA7\\\\XCh[D\\!\"]DHF(o/r6#:CVF*(?!Ch[D\\!\"];?@VfsmCJJ;TAID=KDIjr0Cgh3sEsidmG%#*$9jr-TEbSru;0?;bFD5i2ATInQ!!!!1!!!!1!!!!","2101255":"!<d@[F*P@4#64c-E,TfC*WQ0?!<d@[F*]%W#64o6@VfsmCI<#NAIW-_Bldj%ARo7dDe!Pj$#O*mATDKnCi]XX!!%3_!!$^Y!!!$*Ec6&.FD5Z2!2'Jq$O:0a@W,skEs2OD!!!!P!<M+#!:fV5!>\"ZP!WVX2!=0$DD/\")jBk1d@DZKi&#RPQdA7\\\\XCh[D\\!'^`\"F(o/r6#:CVF*(?!Ch[D\\!'^Vn@VfsmCJJ;TAIM\":Df0hCE,8s#CNBk\"@<Q'nCe\\>[ATDKnCf,=`DKKT7Bk;>ez&-)\\1&-)\\1","3145735":"!<d@[F*P@4#64c-E,TfC*rl9@!<d@[F*\\nS#64o6@VfsmCI<#NAIW-_Bldj%ARo7dDe!Pj$#O*mATDKnCi]a[!!$p>!!%3_!!$[X!!$^Y!!$j]!!!$*Ec6&.FD5Z2!2'Jq$O:0a@W,skEtnZT!\"],0!s&>^!>#.Y\"&SsH\"CV5l!,qhh\"-ENH!20>[!MKDF\"Maom!s.l_!E&=Y\"C^cp!.aM$!28lX\"L7Fq!V#L6!rrl3!rre[\"(2Sk\"0`6k!sf6FD/\")jBk1d@DZKi&#RPQdA7\\\\XCh[D\\!'^`\"F(o/r6#:CVF*(?!Ch[D\\!'^Vn@VfsmCJJ;TAIDFRDejV@B5D!tEsidmG%#*$9jr-TEbSru;0?;bFD5i2ATJ\"T!!!!1!!!!1!!!!1!!!!1!!!!1!!!!","3147783":"!<d@[F*P@4#64c-E,TfC*rl9@!<d@[F*\\tU#64o6@VfsmCI<#NAIW-_Bldj%ARo7dDe!Pj$#O*mATDKnCi]XX!!\"YU!!\"GO!!!$*Ec6&.FD5Z2!2'Jq$O:0a@W,skEs)IC!!*#g!$E?W!+OjZ!A=BG!!ipCD/\")jBk1d@DZKi&#RPQdA7\\\\XCh[D\\!'^`\"F(o/r6#:CVF*(?!Ch[D\\!'^Vn@VfsmCJJ;TAI;\"LDf-\\,Ci<g!$Q!5p@;0OP@<?($BjkgTF^]00Bln'#Erl=A!!!Q1!!!Q1!!!","3149831":"!<d@[F*P@4#64c-E,TfC*rl9@!<d@[F*]%W#64o6@VfsmCI<#NAIW-_Bldj%ARo7dDe!Pj$#O*mATDKnCi]a[!!$p>!!%3_!!$[X!!$^Y!!$j]!!!$*Ec6&.FD5Z2!2'Jq$O:0a@W,skEtnZT!!!!0!s%j+!<<0H\"&SP7\"CUa9!+5jW\"-E$j!2/j(!MK!5\"L%q\\!s.<_!E%bY\"C^3p!.jYW!28<X\"L6kq!V,_6!tXl3!tXrJ\")m`Z\"2FCZ!sf6FD/\")jBk1d@DZKi&#RPQdA7\\\\XCh[D\\!'^`\"F(o/r6#:CVF*(?!Ch[D\\!'^Vn@VfsmCJJ;TAIDFRDejV@B5D!tEsidmG%#*$9jr-TEbSru;0?;bFD5i2ATJ\"T!!!!1!!!!1!!!!1!!!!1!!!!1!!!!","4194311":"!<d@[F*P@4#64c-E,TfC+92BA!<d@[F*\\nS#64o6@VfsmCI<#NAIW-_Bldj%ARo7dDe!Pj$#O*mATDKnCi][Y!!!uC!!$[X!!%3_!!!$*Ec6&.FD5Z2!2'Jq$O:0a@W,skEs_mI!!)r5!<Dh$!<D%S!\"e:t!$LY!!\"]&\"!>\"q1!>\"Zs!?_#E!AFAg!=0$DD/\")jBk1d@DZKi&#RPQdA7\\\\XCh[D\\!'^`\"F(o/r6#:CVF*(?!Ch[D\\!'^Vn@VfsmCJJ;TAJ@LME,]B/+EM41DJ*cs+C]/*@quGg@<Q'nCe\\>[ATDKnCf,=`DKKT7Bk;>fz&-)\\1&-)\\1&-)\\1","4195335":"!<d@[F*P@4#64c-E,TfC+92BA!<d@[F*\\qT#64o6@VfsmCI<#NAIW-_Bldj%ARo7dDe!Pj$#O*mATDKnCi][Y!!!uC!!$[X!!%3_!!!$*Ec6&.FD5Z2!2'Jq$O:0a@W,skEt\\NR!!)Kh!>+fG!?h/i!?g;5!&4E5!ANMS!'obt!)W+V!\"\\nr!>\"dQ!>\"]C!?^hF!AF%d!AEpE!C-VX!C-D1!C--#!DiKE!FPig!=0$DD/\")jBk1d@DZKi&#RPQdA7\\\\XCh[D\\!'^`\"F(o/r6#:CVF*(?!Ch[D\\!'^Vn@VfsmCJJ;TAJ@LME,]B/+EM41DJ*cs+C]/*@quGg@<Q'nCe\\>[ATDKnCf,=`DKKT7Bk;>fz&-)\\1&-)\\1&-)\\1","4196359":"!<d@[F*P@4#64c-E,TfC+92BA!<d@[F*\\tU#64o6@VfsmCI<#NAIW-_Bldj%ARo7dDe!Pj$#O*mATDKnCi]a[!!!uC!!$[X!!%3_!!\"SS!!%Em!!!$*Ec6&.FD5Z2!2'Jq$O:0a@W,skF!1M`!'p0G!C3]o!Dq]3!)W%T!+>J$!FYc%!J'=\"\"&&Nu!GhS@!F5N0!H.Ut!>\"ZH!>\"d2!>\"qp!AF2!\">BTA!C-03\"@)NW!C-9g\"@)X6!C-CE\"@)aZ!C-If!C-M\"\"@)kY!Di;F!DiAg!DiX5!FPP3!FPST\"CLti!KZrA!MB+C!=0$DD/\")jBk1d@DZKi&#RPQdA7\\\\XCh[D\\!'^`\"F(o/r6#:CVF*(?!Ch[D\\!'^Vn@VfsmCJJ;TAJ@LME,]B/+EM41DJ*cs+C]/*@quGg@<Q'nCe\\>[ATDKnCf,=`DKKT7Bk;>hz&-)\\1&-)\\1&-)\\1&-)\\1&-)\\1","4197383":"!<d@[F*P@4#64c-E,TfC+92BA!<d@[F*]\"V#64o6@VfsmCI<#NAIW-_Bldj%ARo7dDe!Pj$#O*mATDKnCi][Y!!!uC!!$[X!!%3_!!!$*Ec6&.FD5Z2!2'Jq$O:0a@W,skEt\\NR!!*&h!>,4X!?h,X!?gh$!&3pW!AN`d!'oOc!)VSg!\"\\R.!>\"q@!>#.e!?_=$!AF5d!AFKE!C-&X!C--d!C-P4!DiH4!FP@4!=0$DD/\")jBk1d@DZKi&#RPQdA7\\\\XCh[D\\!'^`\"F(o/r6#:CVF*(?!Ch[D\\!'^Vn@VfsmCJJ;TAJ@LME,]B/+EM41DJ*cs+C]/*@quGg@<Q'nCe\\>[ATDKnCf,=`DKKT7Bk;>fz&-)\\1&-)\\1&-)\\1","4198407":"!<d@[F*P@4#64c-E,TfC+92BA!<d@[F*]%W#64o6@VfsmCI<#NAIW-_Bldj%ARo7dDe!Pj$#O*mATDKnCi][Y!!!uC!!$[X!!%3_!!!$*Ec6&.FD5Z2!2'Jq$O:0a@W,skEs_mI!!)UF!<DqW!<DES!\"e4R!$L2T!\"\\QD!>\"gS!>#%s!?_-#!AF%#!=0$DD/\")jBk1d@DZKi&#RPQdA7\\\\XCh[D\\!'^`\"F(o/r6#:CVF*(?!Ch[D\\!'^Vn@VfsmCJJ;TAJ@LME,]B/+EM41DJ*cs+C]/*@quGg@<Q'nCe\\>[ATDKnCf,=`DKKT7Bk;>fz&-)\\1&-)\\1&-)\\1","1032":"!<d@[F*PC5#64c-E,TfC)uos=!<d@[F*\\qT#64o6@VfsmCI<#NAIW-_Bldj%ARo7dDe!Pj$Zg3(G@Pc)DeWa'!WW3#o'me%oC*7j$P@#lDfor.;f6Mt6ZljVBk28d!!!!#o&'KMs6p!r$#O*mATDKnCi][Y!!$^Y!!\"YU!!$[X!!!$*Ec6&.FD5Z2!2'Jq$O:0a@W,skEruCB!8nFg!92?I!q,P\"!=0$DD/\")jBk1d@DZKh<#RPQdA7\\\\XCh[D\\!!!98F(o/r6#:CVF*(?!Ch[D\\!!!0/@VfsmCJJ;TAK=-VEcP`%ARlotEc5h<@VfsmCEP$GBm+'0ARm4t(L_JqBl$LPFCfK,@;Je`@;^1$FD5<-!rr<$!\"],1!\"],1!\"],1!!","2056":"!<d@[F*PC5#64c-E,TfC)uos=!<d@[F*\\tU#64o6@VfsmCI<#NAIW-_Bldj%ARo7dDe!Pj$#O*mATDKnCi]XX!!$^Y!!$p>!!!$*Ec6&.FD5Z2!2'Jq$O:0a@W,skErc7@!8nFg!!ipCD/\")jBk1d@DZKh<#RPQdA7\\\\XCh[D\\!!!98F(o/r6#:CVF*(?!Ch[D\\!!!0/@VfsmCJJ;TAK=-VEcP`%ARlotEc5h<@VfsmCEP$GBm+'0ARm4t(L_JqBl$LPFCfK,@;Je`@;^1$FD5<-!WW3#!\"],1!\"],1!!","3080":"!<d@[F*PC5#64c-E,TfC)uos=!<d@[F*]\"V#64o6@VfsmCI<#NAIW-_Bldj%ARo7dDe!Pj$Zg3(G@Pc)DeWa'!<<*\"pAY'l$P@#lDfor.;f6Mt6ZljVBk28c!!!!'nB_.C$#O*mATDKnCi][Y!!$^Y!!\"YU!!$[X!!!$*Ec6&.FD5Z2!2'Jq$O:0a@W,skEruCB!8nFg!92l8!q-'f!=0$DD/\")jBk1d@DZKh<#RPQdA7\\\\XCh[D\\!!!98F(o/r6#:CVF*(?!Ch[D\\!!!0/@VfsmCJJ;TAK=-VEcP`%ARlotEc5h<@VfsmCEP$GBm+'0ARm4t(L_JqBl$LPFCfK,@;Je`@;^1$FD5<-!rr<$!\"],1!\"],1!\"],1!!","1049608":"!<d@[F*PC5#64c-E,TfC*<6'>!<d@[F*\\qT#64o6@VfsmCI<#NAIW-_Bldj%ARo7dDe!Pj$Zg3(G@Pc)DeWa'!<<*\"nfdH%$P@#lDfor.;f6Mt6ZljVBk28c!!!!$nF-Dc$#O*mATDKnCi]XX!!%3_!!$^Y!!!$*Ec6&.FD5Z2!2'Jq$O:0a@W,skEs)IC!!\",P!<<`#!!\"\\P!V.E&!=0$DD/\")jBk1d@DZKi&#RPQdA7\\\\XCh[D\\!!ii@F(o/r6#:CVF*(?!Ch[D\\!!i`7@VfsmCJJ;TAIM\":Df0hCE,8s#CNBk\"@<Q'nCe\\>[ATDKnCf,=`DKKT7Bk;>ez&-)\\1&-)\\1","1050632":"!<d@[F*PC5#64c-E,TfC*<6'>!<d@[F*\\tU#64o6@VfsmCI<#NAIW-_Bldj%ARo7dDe!Pj$#O*mATDKnCi]^Z!!%3_!!$^Y!!%3_!!\"GO!!!$*Ec6&.FD5Z2!2'Jq$O:0a@W,skEs)IC!!\",P!<<`#!!\"\\P!V.E&!=0$DD/\")jBk1d@DZKi&#RPQdA7\\\\XCh[D\\!'^`\"F(o/r6#:CVF*(?!Ch[D\\!'^Vn@VfsmCJJ;TAIM\":Df0hCE,8s#CNBk\"@<Q'nCe\\>[ATDKnCf,=`DKKT7Bk;>gz&-)\\1&-)\\1&-)\\1&-)\\1","1051656":"!<d@[F*PC5#64c-E,TfC*<6'>!<d@[F*]\"V#64o6@VfsmCI<#NAIW-_Bldj%ARo7dDe!Pj$#O*mATDKnCi]XX!!$p>!!$j]!!!$*Ec6&.FD5Z2!2'Jq$O:0a@W,skEsVgH!!#gq!<>FD!!$Bq!>%L,!\"_s+!!Q6X!>SEA!>SK#!#8l@!=0$DD/\")jBk1d@DZKi&#RPQdA7\\\\XCh[D\\!'^`\"F(o/r6#:CVF*(?!Ch[D\\!'^Vn@VfsmCJJ;TAIDFRDejV@B5D!tEsidmG%#*$9jr-TEbSru;0?;bFD5i2ATInQ!!!!1!!!!1!!!!","2098184":"!<d@[F*PC5#64c-E,TfC*WQ0?!<d@[F*\\qT#64o6@VfsmCI<#NAIW-_Bldj%ARo7dDe!Pj$#O*mATDKnCi]XX!!%3_!!$^Y!!!$*Ec6&.FD5Z2!2'Jq$O:0a@W,skEs2OD!!\"\\P!<<`#!:h9$!<=5P!UpX2!=0$DD/\")jBk1d@DZKi&#RPQdA7\\\\XCh[D\\!'^`\"F(o/r6#:CVF*(?!Ch[D\\!'^Vn@VfsmCJJ;TAIM\":Df0hCE,8s#CNBk\"@<Q'nCe\\>[ATDKnCf,=`DKKT7Bk;>ez&-)\\1&-)\\1","2099208":"!<d@[F*PC5#64c-E,TfC*WQ0?!<d@[F*\\tU#64o6@VfsmCI<#NAIW-_Bldj%ARo7dDe!Pj$#O*mATDKnCi]^Z!!$p>!!$^Y!!%3_!!\"GO!!!$*Ec6&.FD5Z2!2'Jq$O:0a@W,skF#s@%!!!#g!<OnC!>#eA!>7'c!L#YA!V$p)!<Er!!\"]S&!\"pI=!0@WR!Ker$!2'bg!:U!W!V.B%!<Ok\"!!4^e!<OdU!!><e!tYjM!>@Q)!K]CR\"/$%9!ML[N!2DWi!V8Cf!s0sF!>#F5!0@A`!Ke\\-!0]:>!MBV!!!4U2!!4R!!<OWf!!4KT!<OQD!!*[\"!!4E2!<Y/D!tYT+!>@:\\!FZR2!0B$/\"/#cl!M_JH!V8-D!s0]$!\"]/j!)X=c!0@1@!KeNc!0])s!MBHW!:^Ub!<OGf!<ODU!!48Q!>#5:!MBE&!=0$DD/\")jBk1d@DZKi&#RPQdA7\\\\XCh[D\\!'^`\"F(o/r6#:CVF*(?!Ch[D\\!'^Vn@VfsmCJJ;TAIDFRDejV@B5D!tEsidmG%#*$9jr-TEbSru;0?;bFD5i2ATItS!!!!1!!!!1!!!!1!!!!1!!!!","2100232":"!<d@[F*PC5#64c-E,TfC*WQ0?!<d@[F*]\"V#64o6@VfsmCI<#NAIW-_Bldj%ARo7dDe!Pj$#O*mATDKnCi][Y!!$p>!!$j]!!%!a!!!$*Ec6&.FD5Z2!2'Jq$O:0a@W,skF\"@:k!!#gq!<?Kr!>%L+!\"_s*!:W5a!UrDD!:Wea!<l?Y!>SE3!>SK\"!#8l2!@:PD![V4E!]<dV!B\"6U!C]ff!_$Jg!``&#!EEM\"!G,(3!bGa4!d.<F!HhcE!L6If!gR-g!i8^#!Ms0\"!OY`3!juD4!l[tE!QAFD!S(!U!nCZV!p*5g!Td\\f!VK8\"!qfDD!VKAU!qfN2!VKNT!qf^2!VK^D!qfjf!VKh\"!XK-ED/\")jBk1d@DZKi&#RPQdA7\\\\XCh[D\\!'^`\"F(o/r6#:CVF*(?!Ch[D\\!'^Vn@VfsmCJJ;TAIDFRDejV@B5D!tEsidmG%#*$9jr-TEbSru;0?;bFD5i2ATIqR!!!!1!!!!1!!!!1!!!!","3145736":"!<d@[F*PC5#64c-E,TfC*rl9@!<d@[F*\\nS#64o6@VfsmCI<#NAI<0jDIIT<Cgh1\"\"U&pmE+Kr(BkM+$F)Q2A@q@<3DD,gKD.tS6Ci=643<TS-DffE0AQSp4!!!-.D.Rd%6#L=OA_R_e^]Xm_DffE0AQf'6!!!<3@rH1\"ARfgnA,l`?Eb02uBl[-o@<?&\\!!!!&$Z9NtGAhM;6Z6LH!!!","3146760":"!<d@[F*PC5#64c-E,TfC*rl9@!<d@[F*\\qT#64o6@VfsmCI<#NAIW-_Bldj%ARo7dDe!Pj$#O*mATDKnCi]a[!!$p>!!%3_!!$[X!!$^Y!!$j]!!!$*Ec6&.FD5Z2!2'Jq$O:0a@W,skEtnZT!!!Q0!s&u+!<OqH\"&^97\"CVl9!+IVW\"-F/j!20u(!MU_5\"L9]\\!rrA_!DigY\"CM8p!.b^F!2'AX\"L%pq!V.B%!rr<3!s0SJ\"(EAZ\"0s$Z!sf6FD/\")jBk1d@DZKi&#RPQdA7\\\\XCh[D\\!'^`\"F(o/r6#:CVF*(?!Ch[D\\!'^Vn@VfsmCJJ;TAIDFRDejV@B5D!tEsidmG%#*$9jr-TEbSru;0?;bFD5i2ATJ\"T!!!!1!!!!1!!!!1!!!!1!!!!1!!!!","3147784":"!<d@[F*PC5#64c-E,TfC*rl9@!<d@[F*\\tU#64o6@VfsmCI<#NAIW-_Bldj%ARo7dDe!Pj$#O*mATDKnCi]a[!!$p>!!%3_!!$[X!!$^Y!!$j]!!!$*Ec6&.FD5Z2!2'Jq$O:0a@W,skEtnZT!!!Q0!s&u+!<OqH\"&^97\"CVl9!+IVW\"-F/j!20u(!MU_5\"L9]\\!rrA_!DigY\"CM8p!.b^F!2'AX\"L%pq!V.B%!rr<3!s0SJ\"(EAZ\"0s$Z!sf6FD/\")jBk1d@DZKi&#RPQdA7\\\\XCh[D\\!'^`\"F(o/r6#:CVF*(?!Ch[D\\!'^Vn@VfsmCJJ;TAIDFRDejV@B5D!tEsidmG%#*$9jr-TEbSru;0?;bFD5i2ATJ\"T!!!!1!!!!1!!!!1!!!!1!!!!1!!!!","3148808":"!<d@[F*PC5#64c-E,TfC*rl9@!<d@[F*]\"V#64o6@VfsmCI<#NAIW-_Bldj%ARo7dDe!Pj$#O*mATDKnCi]a[!!$p>!!%3_!!$[X!!$^Y!!$j]!!!$*Ec6&.FD5Z2!2'Jq$O:0a@W,skEtnZT!!!Q0!s&u+!<OqH\"&^97\"CVl9!+IVW\"-F/j!20u(!MU_5\"L9]\\!rrA_!DigY\"CM8p!.b^F!2'AX\"L%pq!V.B%!rr<3!s0SJ\"(EAZ\"0s$Z!sf6FD/\")jBk1d@DZKi&#RPQdA7\\\\XCh[D\\!'^`\"F(o/r6#:CVF*(?!Ch[D\\!'^Vn@VfsmCJJ;TAIDFRDejV@B5D!tEsidmG%#*$9jr-TEbSru;0?;bFD5i2ATJ\"T!!!!1!!!!1!!!!1!!!!1!!!!1!!!!","3149832":"!<d@[F*PC5#64c-E,TfC*rl9@!<d@[F*]%W#64o6@VfsmCI<#NAI<0jDIIT<Cgh1\"\"U&pmE+Kr(BkM+$F)Q2A@q@<3DD,gKD.tS6Ci=643<TS-DffE0AQSp4!!!-.D.Rd%6#L=OA_Ra;56M43DffE0AQf'6!!!<3@rH1\"ARfgnA,l`?Eb02uBl[-o@<?&\\!!!!&$Z9NtGAhM;6Z6LH!!!","4194312":"!<d@[F*PC5#64c-E,TfC+92BA!<d@[F*\\nS#64o6@VfsmCI<#NAIW-_Bldj%ARo7dDe!Pj$#O*mATDKnCi][Y!!!uC!!$[X!!%3_!!!$*Ec6&.FD5Z2!2'Jq$O:0a@W,skEs_mI!!)r5!<Dh$!<D%S!\"e:t!$LY!!\"]&\"!>\"q1!>\"Zs!?_#E!AFAg!=0$DD/\")jBk1d@DZKi&#RPQdA7\\\\XCh[D\\!'^`\"F(o/r6#:CVF*(?!Ch[D\\!'^Vn@VfsmCJJ;TAJ@LME,]B/+EM41DJ*cs+C]/*@quGg@<Q'nCe\\>[ATDKnCf,=`DKKT7Bk;>fz&-)\\1&-)\\1&-)\\1","4195336":"!<d@[F*PC5#64c-E,TfC+92BA!<d@[F*\\qT#64o6@VfsmCI<#NAIW-_Bldj%ARo7dDe!Pj$#O*mATDKnCi][Y!!!uC!!$[X!!%3_!!!$*Ec6&.FD5Z2!2'Jq$O:0a@W,skEt\\NR!!)Kh!>+fG!?h/i!?g;5!&4E5!ANMS!'obt!)W+V!\"\\nr!>\"dQ!>\"]C!?^hF!AF%d!AEpE!C-VX!C-D1!C--#!DiKE!FPig!=0$DD/\")jBk1d@DZKi&#RPQdA7\\\\XCh[D\\!'^`\"F(o/r6#:CVF*(?!Ch[D\\!'^Vn@VfsmCJJ;TAJ@LME,]B/+EM41DJ*cs+C]/*@quGg@<Q'nCe\\>[ATDKnCf,=`DKKT7Bk;>fz&-)\\1&-)\\1&-)\\1","4196360":"!<d@[F*PC5#64c-E,TfC+92BA!<d@[F*\\tU#64o6@VfsmCI<#NAIW-_Bldj%ARo7dDe!Pj$#O*mATDKnCi]a[!!!uC!!$[X!!%3_!!\"SS!!%Em!!!$*Ec6&.FD5Z2!2'Jq$O:0a@W,skF!1M`!'p0G!C3]o!Dq]3!)W%T!+>J$!FYc%!J'=\"\"&&Nu!GhS@!F5N0!H.Ut!>\"ZH!>\"d2!>\"qp!AF2!\">BTA!C-03\"@)NW!C-9g\"@)X6!C-CE\"@)aZ!C-If!C-M\"\"@)kY!Di;F!DiAg!DiX5!FPP3!FPST\"CLti!KZrA!MB+C!=0$DD/\")jBk1d@DZKi&#RPQdA7\\\\XCh[D\\!'^`\"F(o/r6#:CVF*(?!Ch[D\\!'^Vn@VfsmCJJ;TAJ@LME,]B/+EM41DJ*cs+C]/*@quGg@<Q'nCe\\>[ATDKnCf,=`DKKT7Bk;>hz&-)\\1&-)\\1&-)\\1&-)\\1&-)\\1","4197384":"!<d@[F*PC5#64c-E,TfC+92BA!<d@[F*]\"V#64o6@VfsmCI<#NAIW-_Bldj%ARo7dDe!Pj$#O*mATDKnCi][Y!!!uC!!$[X!!%3_!!!$*Ec6&.FD5Z2!2'Jq$O:0a@W,skEt\\NR!!*&h!>,4X!?h,X!?gh$!&3pW!AN`d!'oOc!)VSg!\"\\R.!>\"q@!>#.e!?_=$!AF5d!AFKE!C-&X!C--d!C-P4!DiH4!FP@4!=0$DD/\")jBk1d@DZKi&#RPQdA7\\\\XCh[D\\!'^`\"F(o/r6#:CVF*(?!Ch[D\\!'^Vn@VfsmCJJ;TAJ@LME,]B/+EM41DJ*cs+C]/*@quGg@<Q'nCe\\>[ATDKnCf,=`DKKT7Bk;>fz&-)\\1&-)\\1&-)\\1","4198408":"!<d@[F*PC5#64c-E,TfC+92BA!<d@[F*]%W#64o6@VfsmCI<#NAIW-_Bldj%ARo7dDe!Pj$#O*mATDKnCi][Y!!!uC!!$[X!!%3_!!!$*Ec6&.FD5Z2!2'Jq$O:0a@W,skEs_mI!!)UF!<DqW!<DES!\"e4R!$L2T!\"\\QD!>\"gS!>#%s!?_-#!AF%#!=0$DD/\")jBk1d@DZKi&#RPQdA7\\\\XCh[D\\!'^`\"F(o/r6#:CVF*(?!Ch[D\\!'^Vn@VfsmCJJ;TAJ@LME,]B/+EM41DJ*cs+C]/*@quGg@<Q'nCe\\>[ATDKnCf,=`DKKT7Bk;>fz&-)\\1&-)\\1&-)\\1","1033":"!<d@[F*PF6#64c-E,TfC)uos=!<d@[F*\\qT#64o6@VfsmCI<#NAIW-_Bldj%ARo7dDe!Pj$Zg3(G@Pc)DeWa'!<<*\"n1akB$P@#lDfor.;f6Mt6ZljVBk28c!!!!%nF-Dc$#O*mATDKnCi]UW!!$[X!!!$*Ec6&.FD5Z2!2'Jq$O:0a@W,skEsD[F!5L91!5K6I!5^RB!5^eS!9,au!9,u1!9-3B!!ipCD/\")jBk1d@DZKh<#RPQdA7\\\\XCh[D\\!!!98F(o/r6#:CVF*(?!Ch[D\\!!!0/@VfsmCJJ;TAJ7FLEcQ)/ARlotEc5h<@VfsmCC:qeG%#*$9jr-TEbSru;0?;bFD5i2ATIkP!!!!1!!!!","2057":"!<d@[F*PF6#64c-E,TfC)uos=!<d@[F*\\tU#64o6@VfsmCI<#NAIW-_Bldj%ARo7dDe!Pj$#O*mATDKnCi]UW!!$[X!!!$*Ec6&.FD5Z2!2'Jq$O:0a@W,skEs;UE!5L9Q!5K<K!5^Xd!5^ku!9,hB!9-&S!!ipCD/\")jBk1d@DZKh<#RPQdA7\\\\XCh[D\\!!!98F(o/r6#:CVF*(?!Ch[D\\!!!0/@VfsmCJJ;TAJ7FLEcQ)/ARlotEc5h<@VfsmCC:qeG%#*$9jr-TEbSru;0?;bFD5i2ATIkP!!!!1!!!!","3081":"!<d@[F*PF6#64c-E,TfC)uos=!<d@[F*]\"V#64o6@VfsmCI<#NAIW-_Bldj%ARo7dDe!Pj$Zg3(G@Pc)DeWa'!<<*\"n1akB$P@#lDfor.;f6Mt6ZljVBk28c!!!!%nF-Dc$#O*mATDKnCi]UW!!$[X!!!$*Ec6&.FD5Z2!2'Jq$O:0a@W,skEsD[F!5K0G!5^Ku!5^_1!5^r\"!9,[S!9,nd!9-,u!!ipCD/\")jBk1d@DZKh<#RPQdA7\\\\XCh[D\\!!!98F(o/r6#:CVF*(?!Ch[D\\!!!0/@VfsmCJJ;TAJ7FLEcQ)/ARlotEc5h<@VfsmCC:qeG%#*$9jr-TEbSru;0?;bFD5i2ATIkP!!!!1!!!!"},"Entities":[],"ReplaceMode":2,"EntranceRotation":-1}