{
	"editor": {
		"collapsedPaths": "Root/Flask_origin/Flask_origin_inner/Flask,Root/Arquebus_origin/Lever,Root/Arquebus_origin/Ramdrod_origin,Root/Arquebus_origin/Stock,Root/Arquebus_origin/Barrel,Root/Arquebus_origin/Patch,Root/Arquebus_origin/Matchlock/Lock_lever/Lever_arm,Root/Arquebus_origin/Flask_origin/Flask_origin_inner/Flask,Root/Arquebus_origin/Matchlock/Lock_lever/Match_origin,Root/Arquebus_origin/Flask_origin,Root/Flask/Bottom_plate,Root/Match",
		"allAngles": false,
		"entityTextureMode": false
	},
	"textureWidth": 16,
	"textureHeight": 16,
	"textureSizes": {
	},
	"textures": {
		"ember": "game:block/coal/ember",
		"brass": "game:block/metal/plate/brass",
		"metal": "game:block/metal/plate/iron",
		"wood": "game:block/wood/debarked/oak"
	},
	"elements": [
		{
			"name": "Arquebus_origin",
			"from": [ 0.0, 0.0, 0.0 ],
			"to": [ 0.0, 0.0, 0.0 ],
			"faces": {
				"north": { "texture": "#wood", "uv": [ 0.0, 0.0, 0.5, 0.5 ] },
				"east": { "texture": "#wood", "uv": [ 0.0, 0.0, 0.5, 0.5 ] },
				"south": { "texture": "#wood", "uv": [ 0.0, 0.0, 0.5, 0.5 ] },
				"west": { "texture": "#wood", "uv": [ 0.0, 0.0, 0.5, 0.5 ] },
				"up": { "texture": "#wood", "uv": [ 0.0, 0.0, 0.5, 0.5 ] },
				"down": { "texture": "#wood", "uv": [ 0.0, 0.0, 0.5, 0.5 ] }
			},
			"children": [
				{
					"name": "Barrel",
					"from": [ 0.0, 2.0, -7.0 ],
					"to": [ 0.0, 2.0, -7.0 ],
					"rotationOrigin": [ 0.0, 2.0, -7.0 ],
					"faces": {
						"north": { "texture": "#null", "uv": [ 0.0, 0.0, 0.5, 0.5 ] },
						"east": { "texture": "#null", "uv": [ 0.0, 0.0, 0.5, 0.5 ] },
						"south": { "texture": "#null", "uv": [ 0.0, 0.0, 0.5, 0.5 ] },
						"west": { "texture": "#null", "uv": [ 0.0, 0.0, 0.5, 0.5 ] },
						"up": { "texture": "#null", "uv": [ 0.0, 0.0, 0.5, 0.5 ] },
						"down": { "texture": "#null", "uv": [ 0.0, 0.0, 0.5, 0.5 ] }
					},
					"children": [
						{
							"name": "Barrel_top",
							"from": [ -0.31, 0.15, -10.0 ],
							"to": [ 0.31, 0.5, 8.5 ],
							"rotationOrigin": [ 0.0, 0.0, -11.3 ],
							"faces": {
								"north": { "texture": "#metal", "uv": [ 0.0, 0.0, 0.5, 0.5 ] },
								"east": { "texture": "#metal", "uv": [ 0.0, 0.0, 16.0, 0.5 ], "autoUv": false },
								"south": { "texture": "#metal", "uv": [ 0.0, 0.0, 0.5, 0.5 ] },
								"west": { "texture": "#metal", "uv": [ 0.0, 0.0, 16.0, 0.5 ], "autoUv": false },
								"up": { "texture": "#metal", "uv": [ 10.0, 0.0, 10.5, 16.0 ], "autoUv": false },
								"down": { "texture": "#metal", "uv": [ 0.0, 0.0, 0.5, 16.0 ], "autoUv": false }
							},
							"children": [
								{
									"name": "Barrel_muzzle_top",
									"from": [ 0.0, 0.0, -1.2 ],
									"to": [ 0.62, 0.35, 0.0 ],
									"rotationOrigin": [ 0.31, 0.0, 0.0 ],
									"rotationX": 4.0,
									"faces": {
										"north": { "texture": "#metal", "uv": [ 0.0, 0.0, 0.5, 0.5 ] },
										"east": { "texture": "#metal", "uv": [ 0.0, 0.0, 1.0, 0.5 ] },
										"south": { "texture": "#metal", "uv": [ 0.0, 0.0, 0.5, 0.5 ] },
										"west": { "texture": "#metal", "uv": [ 0.0, 0.0, 1.0, 0.5 ] },
										"up": { "texture": "#metal", "uv": [ 10.0, 0.0, 10.5, 1.0 ] },
										"down": { "texture": "#metal", "uv": [ 0.0, 0.0, 0.5, 1.0 ] }
									}
								}
							]
						},
						{
							"name": "Barrel_top2",
							"from": [ -0.31, 0.15, -10.0 ],
							"to": [ 0.31, 0.5, 8.0 ],
							"rotationOrigin": [ 0.0, 0.0, -11.3 ],
							"rotationZ": 180.0,
							"faces": {
								"north": { "texture": "#metal", "uv": [ 0.0, 0.0, 0.5, 0.5 ] },
								"east": { "texture": "#metal", "uv": [ 0.0, 0.0, 16.0, 0.5 ], "autoUv": false },
								"south": { "texture": "#metal", "uv": [ 0.0, 0.0, 0.5, 0.5 ] },
								"west": { "texture": "#metal", "uv": [ 0.0, 0.0, 16.0, 0.5 ], "autoUv": false },
								"up": { "texture": "#metal", "uv": [ 10.0, 0.0, 10.5, 16.0 ], "autoUv": false },
								"down": { "texture": "#metal", "uv": [ 0.0, 0.0, 0.5, 16.0 ], "autoUv": false }
							},
							"children": [
								{
									"name": "Barrel_muzzle_top2",
									"from": [ 0.0, 0.0, -1.2 ],
									"to": [ 0.62, 0.35, 0.0 ],
									"rotationOrigin": [ 0.31, 0.0, 0.0 ],
									"rotationX": 4.0,
									"faces": {
										"north": { "texture": "#metal", "uv": [ 0.0, 0.0, 0.5, 0.5 ] },
										"east": { "texture": "#metal", "uv": [ 0.0, 0.0, 1.0, 0.5 ] },
										"south": { "texture": "#metal", "uv": [ 0.0, 0.0, 0.5, 0.5 ] },
										"west": { "texture": "#metal", "uv": [ 0.0, 0.0, 1.0, 0.5 ] },
										"up": { "texture": "#metal", "uv": [ 12.0, 1.5, 12.5, 2.5 ] },
										"down": { "texture": "#metal", "uv": [ 0.0, 0.0, 0.5, 1.0 ] }
									}
								}
							]
						},
						{
							"name": "Barrel_top3",
							"from": [ -0.31, 0.15, -10.0 ],
							"to": [ 0.31, 0.5, 8.5 ],
							"rotationOrigin": [ 0.0, 0.0, -11.3 ],
							"rotationZ": 90.0,
							"faces": {
								"north": { "texture": "#metal", "uv": [ 0.0, 0.0, 0.5, 0.5 ] },
								"east": { "texture": "#metal", "uv": [ 0.0, 0.0, 16.0, 0.5 ], "autoUv": false },
								"south": { "texture": "#metal", "uv": [ 0.0, 0.0, 0.5, 0.5 ] },
								"west": { "texture": "#metal", "uv": [ 0.0, 0.0, 16.0, 0.5 ], "autoUv": false },
								"up": { "texture": "#metal", "uv": [ 3.0, 0.0, 3.5, 16.0 ], "autoUv": false },
								"down": { "texture": "#metal", "uv": [ 0.0, 0.0, 0.5, 16.0 ], "autoUv": false }
							},
							"children": [
								{
									"name": "Barrel_muzzle_top3",
									"from": [ 0.0, 0.0, -1.2 ],
									"to": [ 0.62, 0.35, 0.0 ],
									"rotationOrigin": [ 0.31, 0.0, 0.0 ],
									"rotationX": 4.0,
									"faces": {
										"north": { "texture": "#metal", "uv": [ 0.0, 0.0, 0.5, 0.5 ] },
										"east": { "texture": "#metal", "uv": [ 0.0, 0.0, 1.0, 0.5 ] },
										"south": { "texture": "#metal", "uv": [ 0.0, 0.0, 0.5, 0.5 ] },
										"west": { "texture": "#metal", "uv": [ 0.0, 0.0, 1.0, 0.5 ] },
										"up": { "texture": "#metal", "uv": [ 8.5, 9.5, 9.0, 10.5 ] },
										"down": { "texture": "#metal", "uv": [ 0.0, 0.0, 0.5, 1.0 ] }
									}
								}
							]
						},
						{
							"name": "Barrel_top4",
							"from": [ -0.31, 0.15, -10.0 ],
							"to": [ 0.31, 0.5, 8.5 ],
							"rotationOrigin": [ 0.0, 0.0, -11.3 ],
							"rotationZ": -90.0,
							"faces": {
								"north": { "texture": "#metal", "uv": [ 0.0, 0.0, 0.5, 0.5 ] },
								"east": { "texture": "#metal", "uv": [ 0.0, 0.0, 16.0, 0.5 ], "autoUv": false },
								"south": { "texture": "#metal", "uv": [ 0.0, 0.0, 0.5, 0.5 ] },
								"west": { "texture": "#metal", "uv": [ 0.0, 0.0, 16.0, 0.5 ], "autoUv": false },
								"up": { "texture": "#metal", "uv": [ 2.0, 0.0, 2.5, 16.0 ], "autoUv": false },
								"down": { "texture": "#metal", "uv": [ 0.0, 0.0, 0.5, 16.0 ], "autoUv": false }
							},
							"children": [
								{
									"name": "Barrel_muzzle_top4",
									"from": [ 0.0, 0.0, -1.2 ],
									"to": [ 0.62, 0.35, 0.0 ],
									"rotationOrigin": [ 0.31, 0.0, 0.0 ],
									"rotationX": 4.0,
									"faces": {
										"north": { "texture": "#metal", "uv": [ 0.0, 0.0, 0.5, 0.5 ] },
										"east": { "texture": "#metal", "uv": [ 0.0, 0.0, 1.0, 0.5 ] },
										"south": { "texture": "#metal", "uv": [ 0.0, 0.0, 0.5, 0.5 ] },
										"west": { "texture": "#metal", "uv": [ 0.5, 0.0, 1.5, 0.5 ] },
										"up": { "texture": "#metal", "uv": [ 8.5, 10.0, 9.0, 11.0 ] },
										"down": { "texture": "#metal", "uv": [ 0.0, 0.0, 0.5, 1.0 ] }
									}
								}
							]
						},
						{
							"name": "Frontsight_post",
							"from": [ -0.1, 0.4, -10.6 ],
							"to": [ 0.1, 0.7, -10.1 ],
							"rotationOrigin": [ -0.1, 0.4, -10.1 ],
							"rotationX": -10.0,
							"faces": {
								"north": { "texture": "#metal", "uv": [ 0.0, 0.0, 0.5, 0.5 ] },
								"east": { "texture": "#metal", "uv": [ 0.0, 0.0, 0.5, 0.5 ] },
								"south": { "texture": "#metal", "uv": [ 0.0, 0.0, 0.5, 0.5 ] },
								"west": { "texture": "#metal", "uv": [ 0.0, 0.0, 0.5, 0.5 ] },
								"up": { "texture": "#metal", "uv": [ 0.0, 0.0, 0.5, 0.5 ] },
								"down": { "texture": "#metal", "uv": [ 0.0, 0.0, 0.5, 0.5 ] }
							},
							"children": [
								{
									"name": "Frontsight_post2",
									"from": [ 0.0, 0.0, 0.0 ],
									"to": [ 0.2, 0.3, 0.5 ],
									"rotationOrigin": [ 0.0, 0.3, 0.5 ],
									"rotationX": 20.0,
									"faces": {
										"north": { "texture": "#metal", "uv": [ 0.0, 0.0, 0.5, 0.5 ] },
										"east": { "texture": "#metal", "uv": [ 0.0, 0.0, 0.5, 0.5 ] },
										"south": { "texture": "#metal", "uv": [ 0.0, 0.0, 0.5, 0.5 ] },
										"west": { "texture": "#metal", "uv": [ 0.0, 0.0, 0.5, 0.5 ] },
										"up": { "texture": "#metal", "uv": [ 0.0, 0.0, 0.5, 0.5 ] },
										"down": { "texture": "#metal", "uv": [ 0.0, 0.0, 0.5, 0.5 ] }
									}
								}
							]
						}
					]
				},
				{
					"name": "Stock",
					"from": [ 0.0, 2.0, 0.0 ],
					"to": [ 0.0, 2.0, 0.0 ],
					"rotationOrigin": [ 0.0, 2.0, 0.0 ],
					"faces": {
						"north": { "texture": "#null", "uv": [ 0.0, 0.0, 0.5, 0.5 ] },
						"east": { "texture": "#null", "uv": [ 0.0, 0.0, 0.5, 0.5 ] },
						"south": { "texture": "#null", "uv": [ 0.0, 0.0, 0.5, 0.5 ] },
						"west": { "texture": "#null", "uv": [ 0.0, 0.0, 0.5, 0.5 ] },
						"up": { "texture": "#null", "uv": [ 0.0, 0.0, 0.5, 0.5 ] },
						"down": { "texture": "#null", "uv": [ 0.0, 0.0, 0.5, 0.5 ] }
					},
					"children": [
						{
							"name": "Underbarrel",
							"from": [ -0.3, -1.2, -24.0 ],
							"to": [ -0.3, -1.2, -24.0 ],
							"faces": {
								"north": { "texture": "#null", "uv": [ 0.0, 0.0, 0.5, 0.5 ] },
								"east": { "texture": "#null", "uv": [ 0.0, 0.0, 0.5, 0.5 ] },
								"south": { "texture": "#null", "uv": [ 0.0, 0.0, 0.5, 0.5 ] },
								"west": { "texture": "#null", "uv": [ 0.0, 0.0, 0.5, 0.5 ] },
								"up": { "texture": "#null", "uv": [ 0.0, 0.0, 0.5, 0.5 ] },
								"down": { "texture": "#null", "uv": [ 0.0, 0.0, 0.5, 0.5 ] }
							},
							"children": [
								{
									"name": "Underbarrel_bottom",
									"from": [ -0.2, 0.2, 7.0 ],
									"to": [ -0.2, 0.2, 7.0 ],
									"rotationOrigin": [ 0.0, -0.1, 20.6 ],
									"rotationX": 2.3,
									"faces": {
										"north": { "texture": "#wood", "uv": [ 0.0, 0.0, 0.5, 0.5 ] },
										"east": { "texture": "#wood", "uv": [ 0.0, 0.0, 0.5, 0.5 ] },
										"south": { "texture": "#wood", "uv": [ 0.0, 0.0, 0.5, 0.5 ] },
										"west": { "texture": "#wood", "uv": [ 0.0, 0.0, 0.5, 0.5 ] },
										"up": { "texture": "#wood", "uv": [ 3.5, 1.0, 4.0, 1.5 ] },
										"down": { "texture": "#wood", "uv": [ 10.5, 1.0, 11.0, 1.5 ] }
									},
									"children": [
										{
											"name": "Underbarrel_bottom2",
											"from": [ 0.0, -0.3, 0.0 ],
											"to": [ 0.3, 0.4, 13.6 ],
											"rotationOrigin": [ 0.2, -0.3, 13.6 ],
											"faces": {
												"north": { "texture": "#wood", "uv": [ 0.0, 0.0, 0.5, 0.5 ] },
												"east": { "texture": "#wood", "uv": [ 0.0, 0.0, 13.5, 0.5 ] },
												"south": { "texture": "#wood", "uv": [ 0.0, 0.0, 0.5, 0.5 ] },
												"west": { "texture": "#wood", "uv": [ 0.0, 6.5, 11.0, 7.0 ], "autoUv": false },
												"up": { "texture": "#wood", "uv": [ 3.5, 1.0, 4.0, 14.5 ] },
												"down": { "texture": "#wood", "uv": [ 0.0, 6.5, 11.0, 7.0 ], "rotation": 90, "autoUv": false }
											}
										},
										{
											"name": "Underbarrel_bottom3",
											"from": [ 0.7, -0.3, 0.0 ],
											"to": [ 1.0, 0.4, 13.6 ],
											"rotationOrigin": [ 0.9, -0.3, 13.6 ],
											"faces": {
												"north": { "texture": "#wood", "uv": [ 0.0, 0.0, 0.5, 0.5 ] },
												"east": { "texture": "#wood", "uv": [ 2.5, 8.0, 13.5, 8.5 ], "autoUv": false },
												"south": { "texture": "#wood", "uv": [ 0.0, 0.0, 0.5, 0.5 ] },
												"west": { "texture": "#wood", "uv": [ 0.0, 0.0, 13.5, 0.5 ] },
												"up": { "texture": "#wood", "uv": [ 3.5, 1.0, 4.0, 14.5 ] },
												"down": { "texture": "#wood", "uv": [ 2.5, 8.0, 13.5, 8.5 ], "rotation": 90, "autoUv": false }
											}
										},
										{
											"name": "Underbarrel_bottom4",
											"from": [ 0.3, -0.3, 7.6 ],
											"to": [ 0.7, 0.0, 13.6 ],
											"rotationOrigin": [ 0.5, -0.3, 13.6 ],
											"faces": {
												"north": { "texture": "#wood", "uv": [ 0.0, 0.0, 0.5, 0.5 ] },
												"east": { "texture": "#wood", "uv": [ 0.0, 0.0, 6.0, 0.5 ] },
												"south": { "texture": "#wood", "uv": [ 0.0, 0.0, 0.5, 0.5 ] },
												"west": { "texture": "#wood", "uv": [ 0.0, 0.0, 6.0, 0.5 ] },
												"up": { "texture": "#wood", "uv": [ 3.5, 1.0, 4.0, 7.0 ] },
												"down": { "texture": "#wood", "uv": [ 6.0, 4.6, 6.5, 9.5 ], "autoUv": false }
											}
										}
									]
								},
								{
									"name": "Underbarrel_top",
									"from": [ 0.2, 0.55, 7.0 ],
									"to": [ 0.8, 1.65, 20.6 ],
									"rotationOrigin": [ 0.5, 0.9, 27.0 ],
									"rotationZ": 90.0,
									"faces": {
										"north": { "texture": "#wood", "uv": [ 0.0, 0.0, 0.5, 1.0 ] },
										"east": { "texture": "#wood", "uv": [ 0.0, 0.0, 16.0, 0.5 ], "autoUv": false },
										"south": { "texture": "#wood", "uv": [ 0.0, 0.0, 0.5, 1.0 ] },
										"west": { "texture": "#wood", "uv": [ 0.0, 5.5, 16.0, 6.0 ], "autoUv": false },
										"up": { "texture": "#wood", "uv": [ 5.0, 5.0, 16.0, 5.5 ], "rotation": 90, "autoUv": false },
										"down": { "texture": "#wood", "uv": [ 5.0, 5.0, 16.0, 5.5 ], "rotation": 90, "autoUv": false }
									}
								}
							]
						},
						{
							"name": "Receiver",
							"from": [ 0.0, 0.0, 0.0 ],
							"to": [ 0.0, 0.0, 0.0 ],
							"faces": {
								"north": { "texture": "#null", "uv": [ 0.0, 0.0, 0.5, 0.5 ] },
								"east": { "texture": "#null", "uv": [ 0.0, 0.0, 0.5, 0.5 ] },
								"south": { "texture": "#null", "uv": [ 0.0, 0.0, 0.5, 0.5 ] },
								"west": { "texture": "#null", "uv": [ 0.0, 0.0, 0.5, 0.5 ] },
								"up": { "texture": "#null", "uv": [ 0.0, 0.0, 0.5, 0.5 ] },
								"down": { "texture": "#null", "uv": [ 0.0, 0.0, 0.5, 0.5 ] }
							},
							"children": [
								{
									"name": "Middle_receiver",
									"from": [ -0.6, -1.3, -3.4 ],
									"to": [ 0.6, 0.0, 2.8 ],
									"rotationOrigin": [ -0.1, -1.3, -3.4 ],
									"faces": {
										"north": { "texture": "#wood", "uv": [ 0.0, 0.0, 1.0, 1.0 ] },
										"east": { "texture": "#wood", "uv": [ 0.5, 5.0, 5.5, 6.0 ], "autoUv": false },
										"south": { "texture": "#wood", "uv": [ 0.0, 0.0, 1.0, 1.0 ] },
										"west": { "texture": "#wood", "uv": [ 5.0, 7.5, 11.0, 8.5 ] },
										"up": { "texture": "#wood", "uv": [ 0.0, 0.0, 1.0, 6.0 ] },
										"down": { "texture": "#wood", "uv": [ 0.5, 4.5, 1.5, 10.5 ], "autoUv": false }
									}
								}
							]
						},
						{
							"name": "Buttstock",
							"from": [ 0.0, 0.0, -0.9 ],
							"to": [ 0.0, 0.0, -0.9 ],
							"rotationOrigin": [ -0.6, -1.3, 2.3 ],
							"rotationX": 13.0,
							"faces": {
								"north": { "texture": "#null", "uv": [ 0.0, 0.0, 0.5, 0.5 ] },
								"east": { "texture": "#null", "uv": [ 0.0, 0.0, 0.5, 0.5 ] },
								"south": { "texture": "#null", "uv": [ 0.0, 0.0, 0.5, 0.5 ] },
								"west": { "texture": "#null", "uv": [ 0.0, 0.0, 0.5, 0.5 ] },
								"up": { "texture": "#null", "uv": [ 0.0, 0.0, 0.5, 0.5 ] },
								"down": { "texture": "#null", "uv": [ 0.0, 0.0, 0.5, 0.5 ] }
							},
							"children": [
								{
									"name": "Buttstock_bottom",
									"from": [ -0.59, -1.3, 1.8 ],
									"to": [ 0.59, 0.1, 10.3 ],
									"rotationOrigin": [ 0.0, -1.3, 1.8 ],
									"faces": {
										"north": { "texture": "#wood", "uv": [ 0.0, 0.0, 1.0, 1.0 ] },
										"east": { "texture": "#wood", "uv": [ 6.0, 6.0, 12.0, 7.0 ], "autoUv": false },
										"south": { "texture": "#wood", "uv": [ 0.0, 0.0, 1.0, 1.0 ] },
										"west": { "texture": "#wood", "uv": [ 4.0, 6.0, 10.0, 7.0 ], "autoUv": false },
										"up": { "texture": "#wood", "uv": [ 1.5, 3.1, 2.5, 11.5 ], "autoUv": false },
										"down": { "texture": "#wood", "uv": [ 5.5, 5.0, 6.5, 11.0 ], "autoUv": false }
									},
									"children": [
										{
											"name": "Buttstock_top_back2",
											"from": [ 0.01, 0.0, 4.4 ],
											"to": [ 1.15, 0.9, 8.3 ],
											"rotationOrigin": [ 0.4, 0.0, 4.4 ],
											"rotationX": 13.0,
											"faces": {
												"north": { "texture": "#wood", "uv": [ 0.0, 0.0, 1.0, 0.5 ] },
												"east": { "texture": "#wood", "uv": [ 5.0, 8.0, 7.5, 8.5 ], "autoUv": false },
												"south": { "texture": "#wood", "uv": [ 0.0, 0.0, 1.0, 0.5 ] },
												"west": { "texture": "#wood", "uv": [ 8.0, 8.0, 10.5, 8.5 ], "autoUv": false },
												"up": { "texture": "#wood", "uv": [ 0.0, 0.0, 1.0, 3.5 ] },
												"down": { "texture": "#wood", "uv": [ 6.5, 6.0, 7.5, 8.5 ], "autoUv": false }
											}
										},
										{
											"name": "Buttstock_butt",
											"from": [ -0.01, -0.9, 8.0 ],
											"to": [ 1.19, 2.1, 8.5 ],
											"rotationOrigin": [ 0.31, -0.9, 8.0 ],
											"rotationX": 2.0,
											"faces": {
												"north": { "texture": "#metal", "uv": [ 0.0, 0.0, 1.0, 3.0 ] },
												"east": { "texture": "#metal", "uv": [ 7.5, 10.0, 8.0, 13.0 ] },
												"south": { "texture": "#metal", "uv": [ 0.0, 0.0, 1.0, 3.0 ] },
												"west": { "texture": "#metal", "uv": [ 8.0, 10.0, 8.5, 13.0 ] },
												"up": { "texture": "#metal", "uv": [ 0.0, 0.0, 1.0, 0.5 ] },
												"down": { "texture": "#metal", "uv": [ 7.5, 4.5, 8.5, 5.0 ] }
											}
										},
										{
											"name": "Buttstock_top_back",
											"from": [ 0.01, 0.3, 1.9 ],
											"to": [ 1.17, 1.4, 8.2 ],
											"rotationOrigin": [ 0.41, 1.4, 1.9 ],
											"rotationX": -6.0,
											"faces": {
												"north": { "texture": "#wood", "uv": [ 0.0, 0.0, 1.0, 1.0 ], "windMode": [-1,-1,-1,-1] },
												"east": { "texture": "#wood", "uv": [ 6.5, 6.0, 11.5, 7.0 ], "autoUv": false },
												"south": { "texture": "#wood", "uv": [ 0.0, 0.0, 1.0, 1.0 ] },
												"west": { "texture": "#wood", "uv": [ 5.0, 6.5, 10.0, 7.0 ], "autoUv": false },
												"up": { "texture": "#wood", "uv": [ 6.0, 6.0, 11.0, 7.0 ], "rotation": 90, "autoUv": false },
												"down": { "texture": "#wood", "uv": [ 7.5, 4.5, 8.5, 11.0 ], "autoUv": false }
											}
										},
										{
											"name": "Top_receiver3",
											"from": [ 0.19, 1.4, 0.0 ],
											"to": [ 1.02, 1.59, 3.0 ],
											"rotationOrigin": [ 0.2, 1.4, 0.0 ],
											"rotationX": 4.0,
											"faces": {
												"north": { "texture": "#wood", "uv": [ 0.0, 0.0, 0.5, 0.5 ] },
												"east": { "texture": "#wood", "uv": [ 0.0, 0.0, 3.0, 0.5 ] },
												"south": { "texture": "#wood", "uv": [ 0.0, 0.0, 0.5, 0.5 ] },
												"west": { "texture": "#wood", "uv": [ 0.0, 0.0, 3.0, 0.5 ] },
												"up": { "texture": "#wood", "uv": [ 1.5, 3.1, 2.5, 6.1 ], "autoUv": false },
												"down": { "texture": "#wood", "uv": [ 0.0, 0.0, 0.5, 3.0 ] }
											}
										}
									]
								}
							]
						}
					]
				},
				{
					"name": "Lever",
					"from": [ 0.0, 0.7, -0.8 ],
					"to": [ 0.0, 0.7, -0.8 ],
					"rotationOrigin": [ 0.0, 1.3, -0.8 ],
					"rotationX": -14.0,
					"faces": {
						"north": { "texture": "#null", "uv": [ 0.0, 0.0, 0.5, 0.5 ] },
						"east": { "texture": "#null", "uv": [ 0.0, 0.0, 0.5, 0.5 ] },
						"south": { "texture": "#null", "uv": [ 0.0, 0.0, 0.5, 0.5 ] },
						"west": { "texture": "#null", "uv": [ 0.0, 0.0, 0.5, 0.5 ] },
						"up": { "texture": "#null", "uv": [ 0.0, 0.0, 0.5, 0.5 ] },
						"down": { "texture": "#null", "uv": [ 0.0, 0.0, 0.5, 0.5 ] }
					},
					"children": [
						{
							"name": "Lever_base",
							"from": [ -0.2, -0.8, 0.0 ],
							"to": [ 0.2, 0.2, 0.4 ],
							"rotationOrigin": [ -0.2, -0.8, 0.0 ],
							"rotationX": -8.0,
							"faces": {
								"north": { "texture": "#metal", "uv": [ 0.0, 0.0, 0.5, 1.0 ] },
								"east": { "texture": "#metal", "uv": [ 0.0, 0.0, 0.5, 1.0 ] },
								"south": { "texture": "#metal", "uv": [ 0.0, 0.0, 0.5, 1.0 ] },
								"west": { "texture": "#metal", "uv": [ 0.0, 0.0, 0.5, 1.0 ] },
								"up": { "texture": "#metal", "uv": [ 0.0, 0.0, 0.5, 0.5 ] },
								"down": { "texture": "#metal", "uv": [ 0.0, 0.0, 0.5, 0.5 ] }
							},
							"children": [
								{
									"name": "Lever_middle",
									"from": [ -0.01, 0.0, -0.4 ],
									"to": [ 0.388, 3.3, 0.0 ],
									"rotationOrigin": [ 0.0, 0.0, 0.0 ],
									"rotationX": 112.5,
									"faces": {
										"north": { "texture": "#metal", "uv": [ 0.0, 0.0, 0.5, 3.0 ] },
										"east": { "texture": "#metal", "uv": [ 0.0, 0.0, 0.5, 3.0 ] },
										"south": { "texture": "#metal", "uv": [ 0.0, 0.0, 0.5, 3.0 ] },
										"west": { "texture": "#metal", "uv": [ 0.0, 0.0, 0.5, 3.0 ] },
										"up": { "texture": "#metal", "uv": [ 0.0, 0.0, 0.5, 0.5 ] },
										"down": { "texture": "#metal", "uv": [ 0.0, 0.0, 0.5, 0.5 ] }
									},
									"children": [
										{
											"name": "Lever_bottom",
											"from": [ -0.01, 3.3, 0.0 ],
											"to": [ 0.386, 6.5, 0.4 ],
											"rotationOrigin": [ 0.0, 3.3, 0.0 ],
											"rotationX": 17.0,
											"faces": {
												"north": { "texture": "#metal", "uv": [ 0.0, 0.0, 0.5, 3.0 ] },
												"east": { "texture": "#metal", "uv": [ 0.0, 0.0, 0.5, 3.0 ] },
												"south": { "texture": "#metal", "uv": [ 0.0, 0.0, 0.5, 3.0 ] },
												"west": { "texture": "#metal", "uv": [ 0.0, 0.0, 0.5, 3.0 ] },
												"up": { "texture": "#metal", "uv": [ 0.0, 0.0, 0.5, 0.5 ] },
												"down": { "texture": "#metal", "uv": [ 0.0, 0.0, 0.5, 0.5 ] }
											}
										}
									]
								}
							]
						}
					]
				},
				{
					"name": "Matchlock",
					"from": [ 0.6, 2.0, 0.5 ],
					"to": [ 0.6, 2.0, 0.5 ],
					"rotationOrigin": [ 0.6, 2.0, 0.5 ],
					"faces": {
						"north": { "texture": "#null", "uv": [ 0.0, 0.0, 0.5, 0.5 ] },
						"east": { "texture": "#null", "uv": [ 0.0, 0.0, 0.5, 0.5 ] },
						"south": { "texture": "#null", "uv": [ 0.0, 0.0, 0.5, 0.5 ] },
						"west": { "texture": "#null", "uv": [ 0.0, 0.0, 0.5, 0.5 ] },
						"up": { "texture": "#null", "uv": [ 0.0, 0.0, 0.5, 0.5 ] },
						"down": { "texture": "#null", "uv": [ 0.0, 0.0, 0.5, 0.5 ] }
					},
					"children": [
						{
							"name": "Pan",
							"from": [ -0.3, -0.4, -0.4 ],
							"to": [ 0.7, 0.105, 0.6 ],
							"rotationOrigin": [ -0.3, -0.5, -0.4 ],
							"faces": {
								"north": { "texture": "#metal", "uv": [ 0.0, 0.0, 1.0, 0.5 ] },
								"east": { "texture": "#metal", "uv": [ 4.5, 2.5, 5.5, 3.0 ] },
								"south": { "texture": "#metal", "uv": [ 0.0, 0.0, 1.0, 0.5 ] },
								"west": { "texture": "#metal", "uv": [ 0.0, 0.0, 1.0, 0.5 ] },
								"up": { "texture": "#metal", "uv": [ 0.0, 0.0, 1.0, 1.0 ] },
								"down": { "texture": "#metal", "uv": [ 0.0, 0.0, 1.0, 1.0 ] }
							},
							"children": [
								{
									"name": "Pan_cover",
									"from": [ 0.4, 0.5, 0.0 ],
									"to": [ 1.0, 0.8, 1.0 ],
									"rotationOrigin": [ 0.8, 0.5, 0.8 ],
									"rotationY": -135.0,
									"faces": {
										"north": { "texture": "#metal", "uv": [ 9.0, 8.0, 9.5, 8.5 ] },
										"east": { "texture": "#metal", "uv": [ 9.0, 7.5, 10.0, 8.0 ] },
										"south": { "texture": "#metal", "uv": [ 9.5, 7.5, 10.0, 8.0 ] },
										"west": { "texture": "#metal", "uv": [ 9.0, 8.5, 10.0, 9.0 ] },
										"up": { "texture": "#metal", "uv": [ 9.5, 7.5, 10.0, 8.5 ] },
										"down": { "texture": "#metal", "uv": [ 9.5, 7.5, 10.0, 8.5 ] }
									}
								},
								{
									"name": "Pan_hinch",
									"from": [ 0.7, -0.1, 0.7 ],
									"to": [ 0.9, 0.9, 0.9 ],
									"rotationOrigin": [ 0.7, -0.1, 0.7 ],
									"faces": {
										"north": { "texture": "#brass", "uv": [ 0.0, 0.0, 0.5, 1.0 ] },
										"east": { "texture": "#brass", "uv": [ 0.0, 0.0, 0.5, 1.0 ] },
										"south": { "texture": "#brass", "uv": [ 0.0, 0.0, 0.5, 1.0 ] },
										"west": { "texture": "#brass", "uv": [ 0.0, 0.0, 0.5, 1.0 ] },
										"up": { "texture": "#brass", "uv": [ 0.0, 0.0, 0.5, 0.5 ] },
										"down": { "texture": "#brass", "uv": [ 0.0, 0.0, 0.5, 0.5 ] }
									}
								}
							]
						},
						{
							"name": "Plate",
							"from": [ 0.0, -1.1, -3.6 ],
							"to": [ 0.01, -0.2, 1.7 ],
							"rotationOrigin": [ 0.0, -1.1, -3.6 ],
							"faces": {
								"north": { "texture": "#metal", "uv": [ 0.0, 0.0, 0.5, 0.5 ] },
								"east": { "texture": "#metal", "uv": [ 7.5, 10.0, 11.5, 11.0 ], "autoUv": false },
								"south": { "texture": "#metal", "uv": [ 0.0, 0.0, 0.5, 0.5 ] },
								"west": { "texture": "#metal", "uv": [ 0.0, 0.0, 5.0, 0.5 ] },
								"up": { "texture": "#metal", "uv": [ 0.0, 0.0, 0.5, 5.0 ] },
								"down": { "texture": "#metal", "uv": [ 0.0, 0.0, 0.5, 5.0 ] }
							}
						},
						{
							"name": "Lock_lever",
							"from": [ 0.0, -1.0, -3.5 ],
							"to": [ 0.5, -0.4, -2.9 ],
							"rotationOrigin": [ 0.0, -0.7, -3.2 ],
							"rotationX": 35.0,
							"faces": {
								"north": { "texture": "#metal", "uv": [ 0.0, 0.0, 0.5, 0.5 ] },
								"east": { "texture": "#metal", "uv": [ 0.0, 0.0, 0.5, 0.5 ] },
								"south": { "texture": "#metal", "uv": [ 0.0, 0.0, 0.5, 0.5 ] },
								"west": { "texture": "#metal", "uv": [ 0.0, 0.0, 0.5, 0.5 ] },
								"up": { "texture": "#metal", "uv": [ 0.0, 0.0, 0.5, 0.5 ] },
								"down": { "texture": "#metal", "uv": [ 0.0, 0.0, 0.5, 0.5 ] }
							},
							"children": [
								{
									"name": "Lever_arm",
									"from": [ 0.0, 0.6, 1.1 ],
									"to": [ 0.5, 2.3, 1.5 ],
									"rotationOrigin": [ 0.0, 0.6, 1.1 ],
									"faces": {
										"north": { "texture": "#metal", "uv": [ 9.5, 2.0, 10.0, 3.5 ] },
										"east": { "texture": "#metal", "uv": [ 12.0, 2.0, 12.5, 3.5 ] },
										"south": { "texture": "#metal", "uv": [ 9.5, 2.0, 10.0, 3.5 ] },
										"west": { "texture": "#metal", "uv": [ 0.0, 0.0, 0.5, 1.5 ] },
										"up": { "texture": "#metal", "uv": [ 0.0, 0.0, 0.5, 0.5 ] },
										"down": { "texture": "#metal", "uv": [ 0.0, 0.0, 0.5, 0.5 ] }
									},
									"children": [
										{
											"name": "Lever_jaw_left",
											"from": [ 0.0, 1.7, 0.0 ],
											"to": [ 0.2, 2.1, 0.9 ],
											"rotationOrigin": [ 0.0, 1.7, 0.0 ],
											"faces": {
												"north": { "texture": "#metal", "uv": [ 0.0, 0.0, 0.5, 0.5 ] },
												"east": { "texture": "#metal", "uv": [ 0.0, 0.0, 0.5, 0.5 ] },
												"south": { "texture": "#metal", "uv": [ 0.0, 0.0, 0.5, 0.5 ] },
												"west": { "texture": "#metal", "uv": [ 0.0, 0.0, 0.5, 0.5 ] },
												"up": { "texture": "#metal", "uv": [ 0.0, 0.0, 0.5, 0.5 ] },
												"down": { "texture": "#metal", "uv": [ 0.0, 0.0, 0.5, 0.5 ] }
											}
										},
										{
											"name": "Lever_jaw_right",
											"from": [ 0.3, 1.7, 0.0 ],
											"to": [ 0.5, 2.1, 0.9 ],
											"rotationOrigin": [ 0.3, 1.7, 0.0 ],
											"faces": {
												"north": { "texture": "#metal", "uv": [ 0.0, 0.0, 0.5, 0.5 ] },
												"east": { "texture": "#metal", "uv": [ 0.0, 0.0, 0.5, 0.5 ] },
												"south": { "texture": "#metal", "uv": [ 0.0, 0.0, 0.5, 0.5 ] },
												"west": { "texture": "#metal", "uv": [ 0.0, 0.0, 0.5, 0.5 ] },
												"up": { "texture": "#metal", "uv": [ 0.0, 0.0, 0.5, 0.5 ] },
												"down": { "texture": "#metal", "uv": [ 0.0, 0.0, 0.5, 0.5 ] }
											}
										}
									]
								},
								{
									"name": "Lock_lever5",
									"from": [ 0.0, 0.2, 0.6 ],
									"to": [ 0.5, 0.6, 1.5 ],
									"rotationOrigin": [ 0.0, 0.5, 0.9 ],
									"faces": {
										"north": { "texture": "#metal", "uv": [ 0.0, 0.0, 0.5, 0.5 ] },
										"east": { "texture": "#metal", "uv": [ 12.5, 5.0, 13.0, 5.5 ] },
										"south": { "texture": "#metal", "uv": [ 0.0, 0.0, 0.5, 0.5 ] },
										"west": { "texture": "#metal", "uv": [ 0.0, 0.0, 0.5, 0.5 ] },
										"up": { "texture": "#metal", "uv": [ 0.0, 0.0, 0.5, 0.5 ] },
										"down": { "texture": "#metal", "uv": [ 0.0, 0.0, 0.5, 0.5 ] }
									}
								}
							]
						},
						{
							"name": "Middle_receiver2",
							"from": [ -1.1, -1.35, -1.9 ],
							"to": [ -0.1, -1.25, 0.2 ],
							"rotationOrigin": [ -0.6, -1.4, -1.9 ],
							"faces": {
								"north": { "texture": "#metal", "uv": [ 0.0, 0.0, 1.0, 0.5 ] },
								"east": { "texture": "#metal", "uv": [ 0.0, 0.0, 6.0, 1.5 ], "autoUv": false },
								"south": { "texture": "#metal", "uv": [ 0.0, 0.0, 1.0, 0.5 ] },
								"west": { "texture": "#metal", "uv": [ 0.0, 0.0, 6.0, 1.5 ], "autoUv": false },
								"up": { "texture": "#metal", "uv": [ 0.0, 0.0, 1.0, 2.0 ] },
								"down": { "texture": "#metal", "uv": [ 0.0, 0.0, 1.0, 2.0 ] }
							}
						},
						{
							"name": "Lock_lever2",
							"from": [ -1.3, -0.85, -3.35 ],
							"to": [ 0.6, -0.55, -3.05 ],
							"rotationOrigin": [ -1.3, -0.7, -3.2 ],
							"faces": {
								"north": { "texture": "#brass", "uv": [ 0.0, 0.0, 1.5, 0.5 ] },
								"east": { "texture": "#brass", "uv": [ 0.0, 0.0, 0.5, 0.5 ] },
								"south": { "texture": "#brass", "uv": [ 0.0, 0.0, 1.5, 0.5 ] },
								"west": { "texture": "#brass", "uv": [ 0.0, 0.0, 0.5, 0.5 ] },
								"up": { "texture": "#brass", "uv": [ 0.0, 0.0, 1.5, 0.5 ] },
								"down": { "texture": "#brass", "uv": [ 0.0, 0.0, 1.5, 0.5 ] }
							}
						},
						{
							"name": "Lock_lever3",
							"from": [ -1.3, -0.85, 1.15 ],
							"to": [ 0.1, -0.55, 1.45 ],
							"rotationOrigin": [ -1.3, -0.7, 1.3 ],
							"faces": {
								"north": { "texture": "#brass", "uv": [ 0.0, 0.0, 1.0, 0.5 ] },
								"east": { "texture": "#brass", "uv": [ 0.0, 0.0, 0.5, 0.5 ] },
								"south": { "texture": "#brass", "uv": [ 0.0, 0.0, 1.0, 0.5 ] },
								"west": { "texture": "#brass", "uv": [ 0.0, 0.0, 0.5, 0.5 ] },
								"up": { "texture": "#brass", "uv": [ 0.0, 0.0, 1.0, 0.5 ] },
								"down": { "texture": "#brass", "uv": [ 0.0, 0.0, 1.0, 0.5 ] }
							}
						},
						{
							"name": "Lock_lever4",
							"from": [ -1.3, -0.85, -1.45 ],
							"to": [ 0.1, -0.55, -1.15 ],
							"rotationOrigin": [ -1.3, -0.7, -1.3 ],
							"faces": {
								"north": { "texture": "#brass", "uv": [ 0.0, 0.0, 1.0, 0.5 ] },
								"east": { "texture": "#brass", "uv": [ 0.0, 0.0, 0.5, 0.5 ] },
								"south": { "texture": "#brass", "uv": [ 0.0, 0.0, 1.0, 0.5 ] },
								"west": { "texture": "#brass", "uv": [ 0.0, 0.0, 0.5, 0.5 ] },
								"up": { "texture": "#brass", "uv": [ 0.0, 0.0, 1.0, 0.5 ] },
								"down": { "texture": "#brass", "uv": [ 0.0, 0.0, 1.0, 0.5 ] }
							}
						},
						{
							"name": "Plate2",
							"from": [ -1.21, -1.0, -3.5 ],
							"to": [ -1.2, -0.4, 1.6 ],
							"rotationOrigin": [ -1.2, -1.0, -3.5 ],
							"faces": {
								"north": { "texture": "#metal", "uv": [ 0.0, 0.0, 0.5, 0.5 ] },
								"east": { "texture": "#metal", "uv": [ 7.5, 10.0, 11.5, 11.0 ], "autoUv": false },
								"south": { "texture": "#metal", "uv": [ 0.0, 0.0, 0.5, 0.5 ] },
								"west": { "texture": "#metal", "uv": [ 0.0, 0.0, 5.0, 0.5 ] },
								"up": { "texture": "#metal", "uv": [ 0.0, 0.0, 0.5, 5.0 ] },
								"down": { "texture": "#metal", "uv": [ 0.0, 0.0, 0.5, 5.0 ] }
							}
						}
					]
				},
				{
					"name": "Ramdrod_origin",
					"from": [ -0.15, 1.0, -12.65 ],
					"to": [ -0.15, 1.0, -12.65 ],
					"rotationOrigin": [ -0.15, 1.0, -12.65 ],
					"faces": {
						"north": { "texture": "#ember", "uv": [ 0.0, 0.0, 0.5, 0.5 ] },
						"east": { "texture": "#ember", "uv": [ 0.0, 0.0, 0.5, 0.5 ] },
						"south": { "texture": "#ember", "uv": [ 0.0, 0.0, 0.5, 0.5 ] },
						"west": { "texture": "#ember", "uv": [ 0.0, 0.0, 0.5, 0.5 ] },
						"up": { "texture": "#ember", "uv": [ 0.0, 0.0, 0.5, 0.5 ] },
						"down": { "texture": "#ember", "uv": [ 0.0, 0.0, 0.5, 0.5 ] }
					},
					"children": [
						{
							"name": "Ramrod",
							"from": [ 0.0, 0.0, -5.0 ],
							"to": [ 0.3, 0.3, 14.5 ],
							"rotationOrigin": [ 0.05, 0.3, 3.05 ],
							"faces": {
								"north": { "texture": "#metal", "uv": [ 0.0, 0.0, 0.5, 0.5 ] },
								"east": { "texture": "#metal", "uv": [ 0.0, 0.0, 16.0, 0.5 ], "autoUv": false },
								"south": { "texture": "#metal", "uv": [ 0.0, 0.0, 0.5, 0.5 ] },
								"west": { "texture": "#metal", "uv": [ 0.0, 0.0, 16.0, 0.5 ], "autoUv": false },
								"up": { "texture": "#metal", "uv": [ 0.0, 0.0, 0.5, 16.0 ], "autoUv": false },
								"down": { "texture": "#metal", "uv": [ 0.0, 0.0, 0.5, 16.0 ], "autoUv": false }
							},
							"children": [
								{
									"name": "Ramrod_cap",
									"from": [ -0.05, -0.05, -0.2 ],
									"to": [ 0.35, 0.35, 0.1 ],
									"rotationOrigin": [ 0.0, 0.1, -0.3 ],
									"faces": {
										"north": { "texture": "#brass", "uv": [ 0.0, 0.0, 0.5, 0.5 ] },
										"east": { "texture": "#brass", "uv": [ 0.0, 0.0, 0.5, 0.5 ] },
										"south": { "texture": "#brass", "uv": [ 0.0, 0.0, 0.5, 0.5 ] },
										"west": { "texture": "#brass", "uv": [ 0.0, 0.0, 0.5, 0.5 ] },
										"up": { "texture": "#brass", "uv": [ 0.0, 0.0, 0.5, 0.5 ] },
										"down": { "texture": "#brass", "uv": [ 0.0, 0.0, 0.5, 0.5 ] }
									}
								}
							]
						}
					]
				}
			]
		}
	],
	"animations": [
		{
			"name": "Load",
			"code": "load",
			"quantityframes": 200,
			"onActivityStopped": "Stop",
			"onAnimationEnd": "Hold",
			"keyframes": [
				{
					"frame": 0,
					"elements": {
						"Ramdrod_origin": { "offsetX": 0.0, "offsetY": 0.0, "offsetZ": 0.0 },
						"Ramrod": { "offsetX": 0.0, "offsetY": 0.0, "offsetZ": 0.0, "rotationX": 0.0, "rotationY": 0.0, "rotationZ": 0.0 }
					}
				},
				{
					"frame": 15,
					"elements": {
						"Ramrod": { "offsetX": 0.0, "offsetY": 0.0, "offsetZ": 0.0, "rotationX": 0.0, "rotationY": 0.0, "rotationZ": 0.0 }
					}
				},
				{
					"frame": 20,
					"elements": {
						"Ramrod": { "offsetX": 0.0, "offsetY": 0.0, "offsetZ": 0.0, "rotationX": 0.0, "rotationY": 0.0, "rotationZ": 0.0 }
					}
				},
				{
					"frame": 26,
					"elements": {
						"Ramrod": { "offsetX": 0.0, "offsetY": 0.0, "offsetZ": 0.0, "rotationX": 0.0, "rotationY": 0.0, "rotationZ": 0.0 }
					}
				},
				{
					"frame": 30,
					"elements": {
						"Ramrod": { "offsetX": 0.0, "offsetY": 0.0, "offsetZ": 0.0, "rotationX": 0.0, "rotationY": 0.0, "rotationZ": 0.0 }
					}
				},
				{
					"frame": 37,
					"elements": {
						"Ramrod": { "offsetX": 0.0, "offsetY": 0.0, "offsetZ": 0.0, "rotationX": 0.0, "rotationY": 0.0, "rotationZ": 0.0 }
					}
				},
				{
					"frame": 40,
					"elements": {
						"Ramrod": { "offsetX": 0.0, "offsetY": 0.0, "offsetZ": 0.0, "rotationX": 0.0, "rotationY": 0.0, "rotationZ": 0.0 }
					}
				},
				{
					"frame": 45,
					"elements": {
						"Ramrod": { "offsetX": 0.0, "offsetY": 0.0, "offsetZ": 0.0, "rotationX": 0.0, "rotationY": 0.0, "rotationZ": 0.0 }
					}
				},
				{
					"frame": 60,
					"elements": {
						"Ramrod": { "offsetX": 0.0, "offsetY": 0.0, "offsetZ": 0.0, "rotationX": 0.0, "rotationY": 0.0, "rotationZ": 0.0 }
					}
				},
				{
					"frame": 70,
					"elements": {
						"Ramrod": { "offsetX": 0.0, "offsetY": 0.0, "offsetZ": 0.0, "rotationX": 0.0, "rotationY": 0.0, "rotationZ": 0.0 }
					}
				},
				{
					"frame": 75,
					"elements": {
						"Ramrod": { "offsetX": 0.0, "offsetY": 0.0, "offsetZ": 0.0, "rotationX": 0.0, "rotationY": 0.0, "rotationZ": 0.0 }
					}
				},
				{
					"frame": 80,
					"elements": {
						"Ramrod": { "offsetX": 0.0, "offsetY": 0.0, "offsetZ": 0.0, "rotationX": 0.0, "rotationY": 0.0, "rotationZ": 0.0 }
					}
				},
				{
					"frame": 82,
					"elements": {
						"Ramrod": { "offsetX": 0.0, "offsetY": 0.0, "offsetZ": 0.0, "rotationX": 0.0, "rotationY": 0.0, "rotationZ": 0.0 }
					}
				},
				{
					"frame": 90,
					"elements": {
						"Ramrod": { "offsetX": 0.0, "offsetY": 0.0, "offsetZ": 0.0, "rotationX": 0.0, "rotationY": 0.0, "rotationZ": 0.0 }
					}
				},
				{
					"frame": 95,
					"elements": {
						"Ramrod": { "offsetX": 0.0, "offsetY": 0.0, "offsetZ": 0.0, "rotationX": 0.0, "rotationY": 0.0, "rotationZ": 0.0 }
					}
				},
				{
					"frame": 100,
					"elements": {
						"Ramrod": { "offsetX": 0.0, "offsetY": 0.0, "offsetZ": 0.0, "rotationX": 0.0, "rotationY": 0.0, "rotationZ": 0.0 }
					}
				},
				{
					"frame": 105,
					"elements": {
						"Ramdrod_origin": { "offsetX": 0.0, "offsetY": 0.0, "offsetZ": 0.0 },
						"Ramrod": { "offsetX": 0.0, "offsetY": 0.0, "offsetZ": 0.0, "rotationX": 0.0, "rotationY": 0.0, "rotationZ": 0.0 }
					}
				},
				{
					"frame": 115,
					"elements": {
						"Ramdrod_origin": { "offsetX": 0.0, "offsetY": 0.0, "offsetZ": -21.0 },
						"Ramrod": { "offsetX": 0.0, "offsetY": 0.0, "offsetZ": 0.0, "rotationX": 0.0, "rotationY": 0.0, "rotationZ": 0.0 }
					}
				},
				{
					"frame": 120,
					"elements": {
						"Ramdrod_origin": { "offsetX": 0.0, "offsetY": 0.0, "offsetZ": -21.0 },
						"Ramrod": { "offsetX": 0.0, "offsetY": 0.0, "offsetZ": 0.0, "rotationX": 170.0, "rotationY": 0.0, "rotationZ": 0.0 }
					}
				},
				{
					"frame": 125,
					"elements": {
						"Ramdrod_origin": { "offsetX": 0.0, "offsetY": 0.55, "offsetZ": -17.0 },
						"Ramrod": { "offsetX": 0.0, "offsetY": 0.0, "offsetZ": 0.0, "rotationX": 180.0, "rotationY": 0.0, "rotationZ": 0.0 }
					}
				},
				{
					"frame": 130,
					"elements": {
						"Ramdrod_origin": { "offsetX": 0.0, "offsetY": 0.55, "offsetZ": -15.7 },
						"Ramrod": { "offsetX": 0.0, "offsetY": 0.0, "offsetZ": 0.0, "rotationX": 180.0, "rotationY": 0.0, "rotationZ": 0.0 }
					}
				},
				{
					"frame": 140,
					"elements": {
						"Ramdrod_origin": { "offsetX": 0.0, "offsetY": 0.55, "offsetZ": -0.7 },
						"Ramrod": { "offsetX": 0.0, "offsetY": 0.0, "offsetZ": 0.0, "rotationX": 180.0, "rotationY": 0.0, "rotationZ": 0.0 }
					}
				},
				{
					"frame": 145,
					"elements": {
						"Ramdrod_origin": { "offsetX": 0.0, "offsetY": 0.55, "offsetZ": -5.7 },
						"Ramrod": { "offsetX": 0.0, "offsetY": 0.0, "offsetZ": 0.0, "rotationX": 180.0, "rotationY": 0.0, "rotationZ": 0.0 }
					}
				},
				{
					"frame": 150,
					"elements": {
						"Ramdrod_origin": { "offsetX": 0.0, "offsetY": 0.55, "offsetZ": 0.3 },
						"Ramrod": { "offsetX": 0.0, "offsetY": 0.0, "offsetZ": 0.0, "rotationX": 180.0, "rotationY": 0.0, "rotationZ": 0.0 }
					}
				},
				{
					"frame": 155,
					"elements": {
						"Ramdrod_origin": { "offsetX": 0.0, "offsetY": 0.55, "offsetZ": -9.7 },
						"Ramrod": { "offsetX": 0.0, "offsetY": 0.0, "offsetZ": 0.0, "rotationX": 180.0, "rotationY": 0.0, "rotationZ": 0.0 }
					}
				},
				{
					"frame": 160,
					"elements": {
						"Ramdrod_origin": { "offsetX": 0.0, "offsetY": 0.55, "offsetZ": 1.3 },
						"Ramrod": { "offsetX": 0.0, "offsetY": 0.0, "offsetZ": 0.0, "rotationX": 180.0, "rotationY": 0.0, "rotationZ": 0.0 }
					}
				},
				{
					"frame": 165,
					"elements": {
						"Ramdrod_origin": { "offsetX": 0.0, "offsetY": 0.55, "offsetZ": -9.7 },
						"Ramrod": { "offsetX": 0.0, "offsetY": 0.0, "offsetZ": 0.0, "rotationX": 180.0, "rotationY": 0.0, "rotationZ": 0.0 }
					}
				},
				{
					"frame": 170,
					"elements": {
						"Ramdrod_origin": { "offsetX": 0.0, "offsetY": 0.55, "offsetZ": 0.3 },
						"Ramrod": { "offsetX": 0.0, "offsetY": 0.0, "offsetZ": 0.0, "rotationX": 180.0, "rotationY": 0.0, "rotationZ": 0.0 }
					}
				},
				{
					"frame": 180,
					"elements": {
						"Ramdrod_origin": { "offsetX": 0.0, "offsetY": 0.55, "offsetZ": -17.7 },
						"Ramrod": { "offsetX": 0.0, "offsetY": 0.0, "offsetZ": 0.0, "rotationX": 180.0, "rotationY": 0.0, "rotationZ": 0.0 }
					}
				},
				{
					"frame": 185,
					"elements": {
						"Ramdrod_origin": { "offsetX": 0.0, "offsetY": -2.45, "offsetZ": -17.7 },
						"Ramrod": { "offsetX": 0.0, "offsetY": 0.0, "offsetZ": 0.0, "rotationX": -10.0, "rotationY": 0.0, "rotationZ": 0.0 }
					}
				},
				{
					"frame": 190,
					"elements": {
						"Ramdrod_origin": { "offsetX": 0.0, "offsetY": -0.3, "offsetZ": -11.3 },
						"Ramrod": { "offsetX": 0.0, "offsetY": 0.0, "offsetZ": 0.0, "rotationX": -2.0, "rotationY": 0.0, "rotationZ": 0.0 }
					}
				},
				{
					"frame": 199,
					"elements": {
						"Ramdrod_origin": { "offsetX": 0.0, "offsetY": 0.0, "offsetZ": 0.0 },
						"Ramrod": { "offsetX": 0.0, "offsetY": 0.0, "offsetZ": 0.0, "rotationX": 0.0, "rotationY": 0.0, "rotationZ": 0.0 }
					}
				}
			]
		},

		{
			"name": "Prime",
			"code": "prime",
			"quantityframes": 60,
			"onActivityStopped": "Stop",
			"onAnimationEnd": "Hold",
			"keyframes": [
				{
					"frame": 0,
					"elements": {
						"Lock_lever": { "rotationX": 0.0, "rotationY": 0.0, "rotationZ": 0.0 },
						"Pan_cover": { "rotationX": 0.0, "rotationY": 0.0, "rotationZ": 0.0 },
						"Lever": { "rotationX": 0.0, "rotationY": 0.0, "rotationZ": 0.0 }
					}
				},
				{
					"frame": 5,
					"elements": {
						"Lever": { "rotationX": 20.0, "rotationY": 0.0, "rotationZ": 0.0 },
						"Pan_cover": { "rotationX": 0.0, "rotationY": 0.0, "rotationZ": 0.0 },
						"Lock_lever": { "rotationX": -70.0, "rotationY": 0.0, "rotationZ": 0.0 }
					}
				},
				{
					"frame": 10,
					"elements": {
						"Lever": { "rotationX": 20.0, "rotationY": 0.0, "rotationZ": 0.0 },
						"Pan_cover": { "rotationX": 0.0, "rotationY": -45.0, "rotationZ": 0.0 },
						"Lock_lever": { "rotationX": -70.0, "rotationY": 0.0, "rotationZ": 0.0 }
					}
				},
				{
					"frame": 20,
					"elements": {
						"Lever": { "rotationX": 20.0, "rotationY": 0.0, "rotationZ": 0.0 },
						"Pan_cover": { "rotationX": 0.0, "rotationY": -45.0, "rotationZ": 0.0 },
						"Lock_lever": { "rotationX": -70.0, "rotationY": 0.0, "rotationZ": 0.0 }
					}
				},
				{
					"frame": 25,
					"elements": {
						"Lever": { "rotationX": 20.0, "rotationY": 0.0, "rotationZ": 0.0 },
						"Pan_cover": { "rotationX": 0.0, "rotationY": -45.0, "rotationZ": 0.0 },
						"Lock_lever": { "rotationX": -70.0, "rotationY": 0.0, "rotationZ": 0.0 }
					}
				},
				{
					"frame": 30,
					"elements": {
						"Lever": { "rotationX": 20.0, "rotationY": 0.0, "rotationZ": 0.0 },
						"Pan_cover": { "rotationX": 0.0, "rotationY": -45.0, "rotationZ": 0.0 },
						"Lock_lever": { "rotationX": -70.0, "rotationY": 0.0, "rotationZ": 0.0 }
					}
				},
				{
					"frame": 35,
					"elements": {
						"Lever": { "rotationX": 20.0, "rotationY": 0.0, "rotationZ": 0.0 },
						"Pan_cover": { "rotationX": 0.0, "rotationY": -45.0, "rotationZ": 0.0 },
						"Lock_lever": { "rotationX": -70.0, "rotationY": 0.0, "rotationZ": 0.0 }
					}
				},
				{
					"frame": 40,
					"elements": {
						"Lever": { "rotationX": 20.0, "rotationY": 0.0, "rotationZ": 0.0 },
						"Pan_cover": { "rotationX": 0.0, "rotationY": -45.0, "rotationZ": 0.0 },
						"Lock_lever": { "rotationX": -70.0, "rotationY": 0.0, "rotationZ": 0.0 }
					}
				},
				{
					"frame": 50,
					"elements": {
						"Lever": { "rotationX": 20.0, "rotationY": 0.0, "rotationZ": 0.0 },
						"Pan_cover": { "rotationX": 0.0, "rotationY": -45.0, "rotationZ": 0.0 },
						"Lock_lever": { "rotationX": -70.0, "rotationY": 0.0, "rotationZ": 0.0 }
					}
				},
				{
					"frame": 55,
					"elements": {
						"Lever": { "rotationX": 20.0, "rotationY": 0.0, "rotationZ": 0.0 },
						"Pan_cover": { "rotationX": 0.0, "rotationY": 135.0, "rotationZ": 0.0 },
						"Lock_lever": { "rotationX": -70.0, "rotationY": 0.0, "rotationZ": 0.0 }
					}
				},
				{
					"frame": 59,
					"elements": {
						"Lever": { "rotationX": 10.0, "rotationY": 0.0, "rotationZ": 0.0 },
						"Pan_cover": { "rotationX": 0.0, "rotationY": 135.0, "rotationZ": 0.0 },
						"Lock_lever": { "rotationX": -35.0, "rotationY": 0.0, "rotationZ": 0.0 }
					}
				}
			]
		},

		{
			"name": "Match",
			"code": "match",
			"quantityframes": 30,
			"onActivityStopped": "Stop",
			"onAnimationEnd": "Hold",
			"keyframes": [
				{
					"frame": 0,
					"elements": {
						"Lever": { "rotationX": 10.0, "rotationY": 0.0, "rotationZ": 0.0 },
						"Pan_cover": { "rotationX": 0.0, "rotationY": 135.0, "rotationZ": 0.0 },
						"Lock_lever": { "rotationX": -35.0, "rotationY": 0.0, "rotationZ": 0.0 }
					}
				},
				{
					"frame": 15,
					"elements": {
						"Lever": { "rotationX": 10.0, "rotationY": 0.0, "rotationZ": 0.0 },
						"Pan_cover": { "rotationX": 0.0, "rotationY": 135.0, "rotationZ": 0.0 },
						"Lock_lever": { "rotationX": -35.0, "rotationY": 0.0, "rotationZ": 0.0 }
					}
				},
				{
					"frame": 19,
					"elements": {
						"Lever": { "rotationX": 10.0, "rotationY": 0.0, "rotationZ": 0.0 },
						"Pan_cover": { "rotationX": 0.0, "rotationY": 135.0, "rotationZ": 0.0 },
						"Lock_lever": { "rotationX": -35.0, "rotationY": 0.0, "rotationZ": 0.0 }
					}
				},
				{
					"frame": 24,
					"elements": {
						"Lever": { "rotationX": 10.0, "rotationY": 0.0, "rotationZ": 0.0 },
						"Pan_cover": { "rotationX": 0.0, "rotationY": 135.0, "rotationZ": 0.0 },
						"Lock_lever": { "rotationX": -35.0, "rotationY": 0.0, "rotationZ": 0.0 }
					}
				},
				{
					"frame": 29,
					"elements": {
						"Lever": { "rotationX": 10.0, "rotationY": 0.0, "rotationZ": 0.0 },
						"Pan_cover": { "rotationX": 0.0, "rotationY": 0.0, "rotationZ": 0.0 },
						"Lock_lever": { "rotationX": -35.0, "rotationY": 0.0, "rotationZ": 0.0 }
					}
				}
			]
		},

		{
			"name": "Fire",
			"code": "fire",
			"quantityframes": 20,
			"onActivityStopped": "Stop",
			"onAnimationEnd": "Hold",
			"keyframes": [
				{
					"frame": 0,
					"elements": {
						"Lever": { "rotationX": 10.0, "rotationY": 0.0, "rotationZ": 0.0 },
						"Pan_cover": { "rotationX": 0.0, "rotationY": 0.0, "rotationZ": 0.0 },
						"Lock_lever": { "rotationX": -35.0, "rotationY": 0.0, "rotationZ": 0.0 }
					}
				},
				{
					"frame": 5,
					"elements": {
						"Lever": { "rotationX": 5.0, "rotationY": 0.0, "rotationZ": 0.0 },
						"Pan_cover": { "rotationX": 0.0, "rotationY": 0.0, "rotationZ": 0.0 },
						"Lock_lever": { "rotationX": -20.0, "rotationY": 0.0, "rotationZ": 0.0 }
					}
				},
				{
					"frame": 10,
					"elements": {
						"Lever": { "rotationX": 0.0, "rotationY": 0.0, "rotationZ": 0.0 },
						"Pan_cover": { "rotationX": 0.0, "rotationY": 0.0, "rotationZ": 0.0 },
						"Lock_lever": { "rotationX": 0.0, "rotationY": 0.0, "rotationZ": 0.0 }
					}
				},
				{
					"frame": 15,
					"elements": {
						"Lever": { "rotationX": 0.0, "rotationY": 0.0, "rotationZ": 0.0 },
						"Pan_cover": { "rotationX": 0.0, "rotationY": 0.0, "rotationZ": 0.0 },
						"Lock_lever": { "rotationX": 0.0, "rotationY": 0.0, "rotationZ": 0.0 }
					}
				},
				{
					"frame": 19,
					"elements": {
						"Lever": { "rotationX": 0.0, "rotationY": 0.0, "rotationZ": 0.0 },
						"Pan_cover": { "rotationX": 0.0, "rotationY": 0.0, "rotationZ": 0.0 },
						"Lock_lever": { "rotationX": 0.0, "rotationY": 0.0, "rotationZ": 0.0 }
					}
				}
			]
		}
	]
}