{
	"editor": {
		"allAngles": true,
		"entityTextureMode": true
	},
	"textureWidth": 64,
	"textureHeight": 40,
	"textureSizes": {
		"bottom": [16,16],
		"skin": [64,40]
	},
	"textures": {
	},
	"elements": [
		{
			"name": "Rotation Point",
			"from": [ 0.0, 16.0, 0.0 ],
			"to": [ 0.0, 16.0, 0.0 ],
			"uv": [ 0.0, 0.0 ],
			"rotationOrigin": [ 0.0, 16.0, 0.0 ],
			"rotationZ": -90.0,
			"faces": {
			},
			"children": [
				{
					"name": "Base",
					"from": [ 0.0, 0.0, 8.0 ],
					"to": [ 0.0, 0.0, 8.0 ],
					"uv": [ 0.0, 0.0 ],
					"rotationOrigin": [ 0.0, 0.0, 8.0 ],
					"faces": {
					},
					"children": [
						{
							"name": "PeltBody",
							"from": [ 4.0, 0.0, -2.5 ],
							"to": [ 10.5, 0.42, 2.5 ],
							"unwrapMode": 5,
							"autoUnwrap": false,
							"uv": [ 0.0, 9.0 ],
							"rotationOrigin": [ 4.0, 0.0, -2.5 ],
							"faces": {
								"north": { "texture": "#skin", "uv": [ 16.5, 5.0, 23.0, 5.5 ], "rotation": 180, "windMode": [-1,-1,-1,-1] },
								"east": { "texture": "#skin", "uv": [ 11.0, 0.0, 11.5, 5.0 ], "rotation": 90, "windMode": [-1,-1,-1,-1] },
								"south": { "texture": "#skin", "uv": [ 5.0, 5.0, 11.5, 5.5 ], "windMode": [-1,-1,-1,-1] },
								"west": { "texture": "#skin", "uv": [ 5.0, 0.0, 5.5, 5.0 ], "rotation": 270, "windMode": [-1,-1,-1,-1] },
								"up": { "texture": "#skin", "uv": [ 5.0, 0.0, 11.5, 5.0 ], "windMode": [-1,-1,-1,-1] },
								"down": { "texture": "#bottom", "uv": [ 5.0, 8.5, 11.5, 13.5 ], "windMode": [-1,-1,-1,-1] }
							},
							"children": [
								{
									"name": "LBody",
									"from": [ 0.0, 0.01, 4.6 ],
									"to": [ 6.5, 0.41, 7.1 ],
									"unwrapMode": 5,
									"autoUnwrap": false,
									"uv": [ 0.0, 2.5 ],
									"rotationOrigin": [ 0.0, -0.01, 4.6 ],
									"rotationY": -3.0,
									"faces": {
										"east": { "texture": "#skin", "uv": [ 11.0, 5.5, 11.5, 8.0 ], "rotation": 90 },
										"south": { "texture": "#skin", "uv": [ 5.0, 8.0, 11.5, 8.5 ], "windMode": [-1,-1,-1,-1] },
										"west": { "texture": "#skin", "uv": [ 5.0, 5.5, 5.5, 8.0 ], "rotation": 270, "windMode": [-1,-1,-1,-1] },
										"up": { "texture": "#skin", "uv": [ 5.0, 5.5, 11.5, 8.0 ], "windMode": [-1,-1,-1,-1] },
										"down": { "texture": "#bottom", "uv": [ 4.5, 2.0, 11.0, 4.5 ] }
									},
									"children": [
										{
											"name": "LArm",
											"from": [ 0.0, 0.01, 1.5 ],
											"to": [ 1.0, 0.39, 4.0 ],
											"unwrapMode": 5,
											"autoUnwrap": false,
											"uv": [ 1.0, 27.0 ],
											"rotationOrigin": [ 0.0, 0.01, 1.5 ],
											"rotationY": -30.0,
											"faces": {
												"east": { "texture": "#skin", "uv": [ 33.5, 17.0, 34.0, 19.5 ], "rotation": 90, "windMode": [-1,-1,-1,-1] },
												"south": { "texture": "#skin", "uv": [ 32.5, 19.5, 33.5, 20.0 ], "windMode": [-1,-1,-1,-1] },
												"west": { "texture": "#skin", "uv": [ 32.0, 17.0, 32.5, 19.5 ], "rotation": 270, "windMode": [-1,-1,-1,-1] },
												"up": { "texture": "#skin", "uv": [ 32.5, 17.0, 33.5, 19.5 ], "windMode": [-1,-1,-1,-1] },
												"down": { "texture": "#bottom", "uv": [ 2.0, 11.0, 3.0, 13.5 ], "windMode": [-1,-1,-1,-1] }
											},
											"children": [
												{
													"name": "LArmLower",
													"from": [ 1.0, 0.01, 0.0 ],
													"to": [ 2.0, 0.37, 2.5 ],
													"unwrapMode": 5,
													"autoUnwrap": false,
													"uv": [ 3.0, 27.0 ],
													"rotationOrigin": [ 2.0, 0.01, 0.0 ],
													"rotationY": -10.0,
													"faces": {
														"east": { "texture": "#skin", "uv": [ 35.0, 17.0, 35.5, 19.5 ], "rotation": 90 },
														"south": { "texture": "#skin", "uv": [ 34.0, 19.5, 35.0, 20.0 ], "windMode": [-1,-1,-1,-1] },
														"up": { "texture": "#skin", "uv": [ 34.0, 17.0, 35.0, 19.5 ], "windMode": [-1,-1,-1,-1] },
														"down": { "texture": "#bottom", "uv": [ 1.5, 9.0, 2.5, 11.5 ], "windMode": [-1,-1,-1,-1] }
													}
												}
											]
										}
									]
								},
								{
									"name": "RBody",
									"from": [ 0.0, -0.41, 0.4 ],
									"to": [ 6.5, -0.01, 2.9 ],
									"unwrapMode": 6,
									"autoUnwrap": false,
									"uv": [ 0.0, 9.0 ],
									"rotationOrigin": [ 0.0, 0.0, 0.4 ],
									"rotationX": 180.0,
									"rotationY": -3.0,
									"faces": {
										"east": { "texture": "#skin", "uv": [ 16.5, 5.5, 17.0, 8.0 ], "rotation": 90 },
										"south": { "texture": "#skin", "uv": [ 16.5, 8.0, 23.0, 8.5 ], "rotation": 180, "windMode": [-1,-1,-1,-1] },
										"west": { "texture": "#skin", "uv": [ 22.5, 5.5, 23.0, 8.0 ], "rotation": 270, "windMode": [-1,-1,-1,-1] },
										"up": { "texture": "#bottom", "uv": [ 7.0, 6.0, 13.5, 8.5 ], "windMode": [-1,-1,-1,-1] },
										"down": { "texture": "#skin", "uv": [ 16.5, 5.5, 23.0, 8.0 ], "windMode": [-1,-1,-1,-1] }
									},
									"children": [
										{
											"name": "RArm",
											"from": [ 0.0, 0.01, 1.5 ],
											"to": [ 1.0, 0.39, 4.0 ],
											"unwrapMode": 6,
											"autoUnwrap": false,
											"uv": [ 2.5, 14.0 ],
											"rotationOrigin": [ 0.0, 0.39, 1.5 ],
											"rotationY": -30.0,
											"faces": {
												"east": { "texture": "#skin", "uv": [ 58.5, 26.0, 59.0, 28.5 ], "rotation": 90 },
												"south": { "texture": "#skin", "uv": [ 57.5, 28.5, 58.5, 29.0 ], "rotation": 180, "windMode": [-1,-1,-1,-1] },
												"west": { "texture": "#skin", "uv": [ 57.0, 26.0, 57.5, 28.5 ], "rotation": 270, "windMode": [-1,-1,-1,-1] },
												"up": { "texture": "#bottom", "uv": [ 4.5, 14.0, 5.5, 16.5 ], "windMode": [-1,-1,-1,-1] },
												"down": { "texture": "#skin", "uv": [ 57.5, 26.0, 58.5, 28.5 ], "windMode": [-1,-1,-1,-1] }
											},
											"children": [
												{
													"name": "RArmLower",
													"from": [ 1.0, 0.01, 0.0 ],
													"to": [ 2.0, 0.37, 2.5 ],
													"unwrapMode": 5,
													"autoUnwrap": false,
													"uv": [ 4.5, 6.5 ],
													"rotationOrigin": [ 2.0, 0.37, 0.0 ],
													"rotationY": -10.0,
													"faces": {
														"east": { "texture": "#skin", "uv": [ 60.0, 26.0, 60.5, 28.5 ], "rotation": 90, "windMode": [-1,-1,-1,-1] },
														"south": { "texture": "#skin", "uv": [ 59.0, 28.5, 60.0, 29.0 ], "windMode": [-1,-1,-1,-1] },
														"up": { "texture": "#bottom", "uv": [ 4.5, 6.5, 5.5, 9.0 ], "windMode": [-1,-1,-1,-1] },
														"down": { "texture": "#skin", "uv": [ 59.0, 26.0, 60.0, 28.5 ], "windMode": [-1,-1,-1,-1] }
													}
												}
											]
										}
									]
								},
								{
									"name": "PeltAbdomen",
									"from": [ 6.49, 0.01, 0.2 ],
									"to": [ 15.49, 0.41, 4.8 ],
									"unwrapMode": 5,
									"autoUnwrap": false,
									"uv": [ 0.0, 0.0 ],
									"rotationOrigin": [ 6.5, 0.01, 0.2 ],
									"faces": {
										"north": { "texture": "#skin", "uv": [ 41.0, 4.5, 50.0, 5.0 ], "rotation": 180, "windMode": [-1,-1,-1,-1] },
										"east": { "texture": "#skin", "uv": [ 36.0, 0.0, 36.5, 4.5 ], "rotation": 90, "windMode": [-1,-1,-1,-1] },
										"south": { "texture": "#skin", "uv": [ 27.5, 4.5, 36.5, 5.0 ], "windMode": [-1,-1,-1,-1] },
										"up": { "texture": "#skin", "uv": [ 27.5, 0.0, 36.5, 4.5 ], "windMode": [-1,-1,-1,-1] },
										"down": { "texture": "#bottom", "uv": [ 5.5, 0.5, 14.5, 5.0 ] }
									},
									"children": [
										{
											"name": "LAbdomen",
											"from": [ 0.0, 0.01, 4.1 ],
											"to": [ 9.0, 0.39, 7.1 ],
											"unwrapMode": 5,
											"autoUnwrap": false,
											"uv": [ 0.0, 10.5 ],
											"rotationOrigin": [ 0.0, 0.01, 4.1 ],
											"rotationY": -3.0,
											"faces": {
												"east": { "texture": "#skin", "uv": [ 36.0, 5.0, 36.5, 8.0 ], "rotation": 90 },
												"south": { "texture": "#skin", "uv": [ 27.5, 8.0, 36.5, 8.5 ], "windMode": [-1,-1,-1,-1] },
												"west": { "texture": "#skin", "uv": [ 27.5, 5.0, 28.0, 8.0 ], "rotation": 270, "windMode": [-1,-1,-1,-1] },
												"up": { "texture": "#skin", "uv": [ 27.5, 5.0, 36.5, 8.0 ], "windMode": [-1,-1,-1,-1] },
												"down": { "texture": "#bottom", "uv": [ 6.0, 8.0, 15.0, 11.0 ], "windMode": [-1,-1,-1,-1] }
											},
											"children": [
												{
													"name": "LLeg",
													"from": [ 7.0, 0.01, 2.7 ],
													"to": [ 8.3, 0.37, 5.7 ],
													"unwrapMode": 5,
													"autoUnwrap": false,
													"uv": [ 10.0, 4.5 ],
													"rotationOrigin": [ 7.0, 0.01, 2.7 ],
													"rotationY": 72.0,
													"faces": {
														"east": { "texture": "#skin", "uv": [ 41.5, 21.5, 42.0, 24.5 ], "rotation": 90, "windMode": [-1,-1,-1,-1] },
														"south": { "texture": "#skin", "uv": [ 40.5, 24.5, 41.5, 25.0 ], "windMode": [-1,-1,-1,-1] },
														"west": { "texture": "#skin", "uv": [ 40.0, 21.5, 40.5, 24.5 ], "rotation": 270, "windMode": [-1,-1,-1,-1] },
														"up": { "texture": "#skin", "uv": [ 40.5, 21.5, 41.5, 24.5 ], "windMode": [-1,-1,-1,-1] },
														"down": { "texture": "#bottom", "uv": [ 13.0, 4.5, 14.0, 7.5 ], "windMode": [-1,-1,-1,-1] }
													},
													"children": [
														{
															"name": "LLegEnd",
															"from": [ 0.1, -0.01, 2.5 ],
															"to": [ 1.3, 0.37, 5.5 ],
															"unwrapMode": 5,
															"autoUnwrap": false,
															"uv": [ 0.5, 9.5 ],
															"rotationOrigin": [ 1.1, -0.01, 2.5 ],
															"rotationY": -14.0,
															"faces": {
																"north": { "texture": "#skin", "uv": [ 50.0, 20.5, 51.0, 21.0 ], "rotation": 180 },
																"east": { "texture": "#skin", "uv": [ 51.0, 21.0, 51.5, 24.0 ], "rotation": 90, "windMode": [-1,-1,-1,-1] },
																"south": { "texture": "#skin", "uv": [ 50.0, 24.0, 51.0, 24.5 ], "windMode": [-1,-1,-1,-1] },
																"west": { "texture": "#skin", "uv": [ 49.5, 21.0, 50.0, 24.0 ], "rotation": 270, "windMode": [-1,-1,-1,-1] },
																"up": { "texture": "#skin", "uv": [ 50.0, 21.0, 51.0, 24.0 ], "windMode": [-1,-1,-1,-1] },
																"down": { "texture": "#bottom", "uv": [ 2.5, 10.0, 3.5, 13.0 ], "windMode": [-1,-1,-1,-1] }
															}
														}
													]
												},
												{
													"name": "LLegLower",
													"from": [ 7.5, 0.02, -0.5 ],
													"to": [ 9.0, 0.36, 2.5 ],
													"unwrapMode": 5,
													"autoUnwrap": false,
													"uv": [ 0.5, 6.0 ],
													"rotationOrigin": [ 9.0, 0.02, -0.5 ],
													"rotationY": 16.0,
													"faces": {
														"east": { "texture": "#skin", "uv": [ 43.5, 21.5, 44.0, 24.5 ], "rotation": 90 },
														"up": { "texture": "#skin", "uv": [ 42.0, 21.5, 43.5, 24.5 ], "windMode": [-1,-1,-1,-1] },
														"down": { "texture": "#bottom", "uv": [ 2.5, 6.0, 4.0, 9.0 ], "windMode": [-1,-1,-1,-1] }
													}
												}
											]
										},
										{
											"name": "RAbdomen",
											"from": [ 0.0, -0.37, 0.5 ],
											"to": [ 9.0, 0.01, 3.5 ],
											"unwrapMode": 5,
											"autoUnwrap": false,
											"uv": [ -0.5, 4.5 ],
											"rotationOrigin": [ 0.0, 0.01, 0.5 ],
											"rotationX": 180.0,
											"rotationY": -3.0,
											"faces": {
												"east": { "texture": "#skin", "uv": [ 41.0, 5.0, 41.5, 8.0 ], "rotation": 90, "windMode": [-1,-1,-1,-1] },
												"south": { "texture": "#skin", "uv": [ 41.0, 8.0, 50.0, 8.5 ], "windMode": [-1,-1,-1,-1] },
												"west": { "texture": "#skin", "uv": [ 49.5, 5.0, 50.0, 8.0 ], "rotation": 270, "windMode": [-1,-1,-1,-1] },
												"up": { "texture": "#bottom", "uv": [ 0.0, 5.0, 9.0, 8.0 ], "windMode": [-1,-1,-1,-1] },
												"down": { "texture": "#skin", "uv": [ 41.0, 5.0, 50.0, 8.0 ], "windMode": [-1,-1,-1,-1] }
											},
											"children": [
												{
													"name": "RLeg",
													"from": [ 6.8, 0.01, 2.7 ],
													"to": [ 8.1, 0.37, 5.7 ],
													"unwrapMode": 5,
													"autoUnwrap": false,
													"uv": [ 27.5, 20.5 ],
													"rotationOrigin": [ 6.8, 0.37, 2.7 ],
													"rotationY": 72.0,
													"faces": {
														"east": { "texture": "#skin", "uv": [ 53.0, 2.0, 53.5, 5.0 ], "rotation": 90, "windMode": [-1,-1,-1,-1] },
														"south": { "texture": "#skin", "uv": [ 53.5, 5.0, 54.5, 5.5 ], "windMode": [-1,-1,-1,-1] },
														"west": { "texture": "#skin", "uv": [ 54.5, 2.0, 55.0, 5.0 ], "rotation": 270, "windMode": [-1,-1,-1,-1] },
														"up": { "texture": "#bottom", "uv": [ 2.0, 2.0, 3.0, 5.0 ], "windMode": [-1,-1,-1,-1] },
														"down": { "texture": "#skin", "uv": [ 53.5, 2.0, 54.5, 5.0 ], "windMode": [-1,-1,-1,-1] }
													},
													"children": [
														{
															"name": "RLegEnd",
															"from": [ 0.0, -0.01, 2.5 ],
															"to": [ 1.2, 0.37, 5.5 ],
															"unwrapMode": 5,
															"autoUnwrap": false,
															"uv": [ 19.0, 2.0 ],
															"rotationOrigin": [ 1.0, 0.38, 2.5 ],
															"rotationY": -14.0,
															"faces": {
																"north": { "texture": "#skin", "uv": [ 58.0, 15.5, 59.0, 16.0 ], "rotation": 180 },
																"east": { "texture": "#skin", "uv": [ 59.0, 16.0, 59.5, 19.0 ], "rotation": 90, "windMode": [-1,-1,-1,-1] },
																"south": { "texture": "#skin", "uv": [ 58.0, 19.0, 59.0, 19.5 ], "windMode": [-1,-1,-1,-1] },
																"west": { "texture": "#skin", "uv": [ 57.5, 16.0, 58.0, 19.0 ], "rotation": 270, "windMode": [-1,-1,-1,-1] },
																"up": { "texture": "#bottom", "uv": [ 5.5, 2.5, 6.5, 5.5 ], "windMode": [-1,-1,-1,-1] },
																"down": { "texture": "#skin", "uv": [ 58.0, 16.0, 59.0, 19.0 ], "windMode": [-1,-1,-1,-1] }
															}
														}
													]
												},
												{
													"name": "RLegLower",
													"from": [ 7.5, 0.02, -0.5 ],
													"to": [ 9.0, 0.36, 2.5 ],
													"unwrapMode": 5,
													"autoUnwrap": false,
													"uv": [ 12.0, 4.0 ],
													"rotationOrigin": [ 9.0, 0.36, -0.5 ],
													"rotationY": 16.0,
													"faces": {
														"east": { "texture": "#skin", "uv": [ 51.0, 2.0, 51.5, 5.0 ], "rotation": 90, "windMode": [-1,-1,-1,-1] },
														"up": { "texture": "#bottom", "uv": [ 12.0, 4.0, 13.5, 7.0 ], "windMode": [-1,-1,-1,-1] },
														"down": { "texture": "#skin", "uv": [ 51.5, 2.0, 53.0, 5.0 ], "windMode": [-1,-1,-1,-1] }
													}
												}
											]
										},
										{
											"name": "PeltTail",
											"from": [ 9.0, 0.01, 1.35 ],
											"to": [ 12.0, 0.51, 3.35 ],
											"unwrapMode": 3,
											"autoUnwrap": false,
											"uv": [ 36.5, 10.5 ],
											"rotationOrigin": [ 9.0, 0.01, 1.35 ],
											"faces": {
												"north": { "texture": "#skin", "uv": [ 43.5, 12.5, 46.5, 13.0 ], "windMode": [-1,-1,-1,-1] },
												"east": { "texture": "#skin", "uv": [ 41.5, 12.5, 43.5, 13.0 ], "windMode": [-1,-1,-1,-1] },
												"south": { "texture": "#skin", "uv": [ 38.5, 12.5, 41.5, 13.0 ], "windMode": [-1,-1,-1,-1] },
												"west": { "texture": "#skin", "uv": [ 36.5, 12.5, 38.5, 13.0 ], "windMode": [-1,-1,-1,-1] },
												"up": { "texture": "#skin", "uv": [ 38.5, 10.5, 41.5, 12.5 ], "windMode": [-1,-1,-1,-1] },
												"down": { "texture": "#skin", "uv": [ 38.5, 14.5, 41.5, 16.5 ], "rotation": 180, "windMode": [-1,-1,-1,-1] }
											},
											"children": [
												{
													"name": "PeltTailMid",
													"from": [ 2.4, -0.01, -0.1 ],
													"to": [ 8.4, 0.78, 2.1 ],
													"unwrapMode": 3,
													"autoUnwrap": false,
													"uv": [ 39.5, 14.5 ],
													"rotationOrigin": [ 2.4, -0.01, -0.1 ],
													"faces": {
														"north": { "texture": "#skin", "uv": [ 49.5, 16.5, 55.5, 17.0 ] },
														"east": { "texture": "#skin", "uv": [ 47.5, 16.5, 49.5, 17.0 ], "windMode": [-1,-1,-1,-1] },
														"south": { "texture": "#skin", "uv": [ 41.5, 16.5, 47.5, 17.0 ], "windMode": [-1,-1,-1,-1] },
														"west": { "texture": "#skin", "uv": [ 39.5, 16.5, 41.5, 17.0 ], "windMode": [-1,-1,-1,-1] },
														"up": { "texture": "#skin", "uv": [ 41.5, 14.5, 47.5, 16.5 ], "windMode": [-1,-1,-1,-1] },
														"down": { "texture": "#skin", "uv": [ 41.5, 19.5, 47.5, 21.5 ], "rotation": 180, "windMode": [-1,-1,-1,-1] }
													},
													"children": [
														{
															"name": "PeltTailEnd",
															"from": [ 4.9, 0.0, 0.3 ],
															"to": [ 9.9, 0.6, 1.9 ],
															"unwrapMode": 3,
															"autoUnwrap": false,
															"uv": [ 46.5, 10.5 ],
															"rotationOrigin": [ 4.9, 0.0, 0.3 ],
															"faces": {
																"north": { "texture": "#skin", "uv": [ 54.5, 12.0, 59.5, 12.5 ] },
																"east": { "texture": "#skin", "uv": [ 53.0, 12.0, 54.5, 12.5 ], "windMode": [-1,-1,-1,-1] },
																"south": { "texture": "#skin", "uv": [ 48.0, 12.0, 53.0, 12.5 ], "windMode": [-1,-1,-1,-1] },
																"west": { "texture": "#skin", "uv": [ 46.5, 12.0, 48.0, 12.5 ], "windMode": [-1,-1,-1,-1] },
																"up": { "texture": "#skin", "uv": [ 48.0, 10.5, 53.0, 12.0 ], "windMode": [-1,-1,-1,-1] },
																"down": { "texture": "#skin", "uv": [ 48.0, 14.0, 53.0, 15.5 ], "rotation": 180, "windMode": [-1,-1,-1,-1] }
															}
														}
													]
												}
											]
										}
									]
								},
								{
									"name": "Neck",
									"from": [ -3.0, 0.0, 0.55 ],
									"to": [ 0.0, 0.44, 4.55 ],
									"autoUnwrap": false,
									"uv": [ 3.0, 2.0 ],
									"rotationOrigin": [ -0.9, 0.0, 0.55 ],
									"faces": {
										"north": { "texture": "#skin", "uv": [ 15.5, 12.0, 18.5, 12.5 ], "windMode": [-1,-1,-1,-1] },
										"south": { "texture": "#skin", "uv": [ 15.5, 15.5, 18.5, 16.0 ], "windMode": [-1,-1,-1,-1] },
										"west": { "texture": "#skin", "uv": [ 11.5, 16.0, 15.5, 16.5 ], "windMode": [-1,-1,-1,-1] },
										"up": { "texture": "#skin", "uv": [ 15.5, 12.0, 18.5, 16.0 ], "windMode": [-1,-1,-1,-1] },
										"down": { "texture": "#bottom", "uv": [ 6.0, 2.0, 9.0, 6.0 ] }
									},
									"children": [
										{
											"name": "RNeck",
											"from": [ 0.0, -0.36, -1.0 ],
											"to": [ 2.0, 0.02, 2.0 ],
											"unwrapMode": 6,
											"autoUnwrap": false,
											"uv": [ 8.0, 11.0 ],
											"rotationOrigin": [ 3.0, 0.02, 1.0 ],
											"rotationX": -180.0,
											"rotationY": 75.0,
											"faces": {
												"north": { "texture": "#skin", "uv": [ 23.0, 16.0, 23.5, 18.0 ], "rotation": 90 },
												"south": { "texture": "#skin", "uv": [ 18.5, 12.0, 20.5, 12.5 ], "rotation": 180, "windMode": [-1,-1,-1,-1] },
												"west": { "texture": "#skin", "uv": [ 23.5, 18.0, 26.5, 18.5 ], "rotation": 180, "windMode": [-1,-1,-1,-1] },
												"up": { "texture": "#bottom", "uv": [ 11.5, 11.5, 13.5, 14.5 ], "windMode": [-1,-1,-1,-1] },
												"down": { "texture": "#skin", "uv": [ 23.5, 16.0, 26.5, 18.0 ], "rotation": 270, "windMode": [-1,-1,-1,-1] }
											}
										},
										{
											"name": "LNeck",
											"from": [ 0.0, 0.02, 1.0 ],
											"to": [ 2.0, 0.4, 4.0 ],
											"unwrapMode": 5,
											"autoUnwrap": false,
											"uv": [ 6.0, 10.5 ],
											"rotationOrigin": [ 3.0, 0.02, 3.0 ],
											"rotationY": 75.0,
											"faces": {
												"north": { "texture": "#skin", "uv": [ 18.5, 16.0, 19.0, 18.0 ], "rotation": 90 },
												"south": { "texture": "#skin", "uv": [ 18.5, 15.5, 20.5, 16.0 ], "windMode": [-1,-1,-1,-1] },
												"west": { "texture": "#skin", "uv": [ 15.5, 18.0, 18.5, 18.5 ], "rotation": 180, "windMode": [-1,-1,-1,-1] },
												"up": { "texture": "#skin", "uv": [ 15.5, 16.0, 18.5, 18.0 ], "rotation": 90, "windMode": [-1,-1,-1,-1] },
												"down": { "texture": "#bottom", "uv": [ 9.5, 11.0, 11.5, 14.0 ], "windMode": [-1,-1,-1,-1] }
											}
										},
										{
											"name": "Head",
											"from": [ -2.0, 0.0, 0.0 ],
											"to": [ 1.0, 0.45, 4.02 ],
											"autoUnwrap": false,
											"uv": [ 2.5, 18.0 ],
											"rotationOrigin": [ 0.5, 0.0, 0.0 ],
											"faces": {
												"north": { "texture": "#skin", "uv": [ 7.0, 31.5, 7.5, 34.5 ], "rotation": 270 },
												"east": { "texture": "#skin", "uv": [ 7.5, 31.0, 11.5, 31.5 ], "windMode": [-1,-1,-1,-1] },
												"south": { "texture": "#skin", "uv": [ 11.5, 31.5, 12.0, 34.5 ], "rotation": 90, "windMode": [-1,-1,-1,-1] },
												"west": { "texture": "#skin", "uv": [ 7.5, 34.5, 11.5, 35.0 ], "windMode": [-1,-1,-1,-1] },
												"up": { "texture": "#skin", "uv": [ 7.5, 31.5, 11.5, 34.5 ], "rotation": 90, "windMode": [-1,-1,-1,-1] },
												"down": { "texture": "#bottom", "uv": [ 3.5, 9.0, 6.5, 13.0 ], "windMode": [-1,-1,-1,-1] }
											},
											"children": [
												{
													"name": "Snout",
													"from": [ -3.0, 0.0, 1.2 ],
													"to": [ 1.0, 0.5, 2.8 ],
													"autoUnwrap": false,
													"uv": [ 1.5, 2.0 ],
													"rotationOrigin": [ -0.4, 0.0, 1.2 ],
													"faces": {
														"north": { "texture": "#skin", "uv": [ 0.5, 12.0, 1.0, 16.0 ], "rotation": 270, "windMode": [-1,-1,-1,-1] },
														"south": { "texture": "#skin", "uv": [ 2.5, 12.0, 3.0, 16.0 ], "rotation": 90, "windMode": [-1,-1,-1,-1] },
														"west": { "texture": "#skin", "uv": [ 1.0, 16.0, 2.5, 16.5 ], "windMode": [-1,-1,-1,-1] },
														"up": { "texture": "#skin", "uv": [ 1.0, 12.0, 2.5, 16.0 ], "rotation": 90, "windMode": [-1,-1,-1,-1] },
														"down": { "texture": "#bottom", "uv": [ 3.0, 2.0, 7.0, 3.5 ] }
													},
													"children": [
														{
															"name": "Nose",
															"from": [ -0.01, 0.05, 0.3 ],
															"to": [ 0.59, 0.45, 1.3 ],
															"unwrapMode": 4,
															"uv": [ 0.0, 3.5 ],
															"rotationOrigin": [ 0.0, 0.05, 0.3 ],
															"faces": {
																"north": { "texture": "#skin", "uv": [ 0.0, 4.0, 0.5, 4.5 ] },
																"east": { "texture": "#skin", "uv": [ 2.0, 4.0, 3.0, 4.5 ], "windMode": [-1,-1,-1,-1] },
																"south": { "texture": "#skin", "uv": [ 1.5, 4.0, 2.0, 4.5 ], "windMode": [-1,-1,-1,-1] },
																"west": { "texture": "#skin", "uv": [ 0.5, 4.0, 1.5, 4.5 ], "windMode": [-1,-1,-1,-1] },
																"up": { "texture": "#skin", "uv": [ 0.5, 3.5, 1.5, 4.0 ], "rotation": 90, "windMode": [-1,-1,-1,-1] },
																"down": { "texture": "#skin", "uv": [ 0.5, 4.5, 1.5, 5.0 ], "rotation": 90, "windMode": [-1,-1,-1,-1] }
															}
														}
													]
												}
											]
										}
									]
								}
							]
						}
					]
				}
			]
		}
	]}