{
	"editor": {
		"allAngles": true,
		"entityTextureMode": true
	},
	"textureWidth": 32,
	"textureHeight": 28,
	"textureSizes": {
		"bottom": [16,16],
		"skin": [32,28]
	},
	"textures": {
	},
	"elements": [
		{
			"name": "Rotation Point",
			"from": [ 0.0, 16.0, 0.0 ],
			"to": [ 0.0, 16.0, 0.0 ],
			"uv": [ 0.0, 0.0 ],
			"rotationOrigin": [ 0.0, 16.0, 0.0 ],
			"rotationZ": -90.0,
			"faces": {
			},
			"children": [
				{
					"name": "Base",
					"from": [ 0.0, 0.0, 8.0 ],
					"to": [ 0.0, 0.0, 8.0 ],
					"uv": [ 0.0, 0.0 ],
					"rotationOrigin": [ 0.0, 0.0, 8.0 ],
					"faces": {
					},
					"children": [
						{
							"name": "PeltBody",
							"from": [ 3.8, 0.0, -1.615 ],
							"to": [ 8.075, 0.399, 1.615 ],
							"unwrapMode": 5,
							"autoUnwrap": false,
							"uv": [ 0.0, 9.0 ],
							"rotationOrigin": [ 3.8, 0.0, -1.615 ],
							"faces": {
								"north": { "texture": "#skin", "uv": [ 10.5, 3.0, 15.0, 3.5 ], "rotation": 180, "autoUv": false, "windMode": [-1,-1,-1,-1] },
								"east": { "texture": "#skin", "uv": [ 7.0, 0.0, 7.5, 3.0 ], "rotation": 90, "autoUv": false, "windMode": [-1,-1,-1,-1] },
								"south": { "texture": "#skin", "uv": [ 3.0, 3.0, 7.5, 3.5 ], "autoUv": false, "windMode": [-1,-1,-1,-1] },
								"west": { "texture": "#skin", "uv": [ 3.0, 0.0, 3.5, 3.0 ], "rotation": 270, "autoUv": false, "windMode": [-1,-1,-1,-1] },
								"up": { "texture": "#skin", "uv": [ 3.0, 0.0, 7.5, 3.0 ], "autoUv": false, "windMode": [-1,-1,-1,-1] },
								"down": { "texture": "#bottom", "uv": [ 5.0, 8.5, 9.5, 11.5 ], "autoUv": false, "windMode": [-1,-1,-1,-1] }
							},
							"children": [
								{
									"name": "LBody",
									"from": [ 0.0, 0.0095, 2.85 ],
									"to": [ 4.275, 0.3895, 5.225 ],
									"unwrapMode": 5,
									"autoUnwrap": false,
									"uv": [ 0.0, 2.5 ],
									"rotationOrigin": [ 0.0, -0.0095, 2.85 ],
									"rotationY": -3.0,
									"faces": {
										"east": { "texture": "#skin", "uv": [ 7.0, 3.0, 7.5, 5.5 ], "rotation": 90, "autoUv": false },
										"south": { "texture": "#skin", "uv": [ 3.0, 5.0, 7.5, 5.5 ], "autoUv": false, "windMode": [-1,-1,-1,-1] },
										"west": { "texture": "#skin", "uv": [ 3.0, 3.0, 3.5, 5.5 ], "rotation": 270, "autoUv": false, "windMode": [-1,-1,-1,-1] },
										"up": { "texture": "#skin", "uv": [ 3.0, 3.0, 7.5, 5.5 ], "autoUv": false, "windMode": [-1,-1,-1,-1] },
										"down": { "texture": "#bottom", "uv": [ 4.5, 2.0, 9.0, 4.5 ], "autoUv": false }
									},
									"children": [
										{
											"name": "LArm",
											"from": [ 0.0, 0.0095, 1.425 ],
											"to": [ 0.95, 0.3705, 3.8 ],
											"unwrapMode": 5,
											"autoUnwrap": false,
											"uv": [ 6.5, 18.0 ],
											"rotationOrigin": [ 0.0, 0.0095, 1.425 ],
											"rotationY": -30.0,
											"faces": {
												"east": { "texture": "#skin", "uv": [ 23.0, 20.5, 23.5, 23.0 ], "rotation": 90, "autoUv": false, "windMode": [-1,-1,-1,-1] },
												"south": { "texture": "#skin", "uv": [ 22.0, 23.0, 23.0, 23.5 ], "autoUv": false, "windMode": [-1,-1,-1,-1] },
												"west": { "texture": "#skin", "uv": [ 21.5, 20.5, 22.0, 23.0 ], "rotation": 270, "autoUv": false, "windMode": [-1,-1,-1,-1] },
												"up": { "texture": "#skin", "uv": [ 22.0, 20.5, 23.0, 23.0 ], "autoUv": false, "windMode": [-1,-1,-1,-1] },
												"down": { "texture": "#bottom", "uv": [ 8.5, 11.0, 9.5, 13.5 ], "autoUv": false, "windMode": [-1,-1,-1,-1] }
											},
											"children": [
												{
													"name": "LArmLower",
													"from": [ 0.95, 0.0095, 0.0 ],
													"to": [ 1.9, 0.3515, 2.375 ],
													"unwrapMode": 5,
													"autoUnwrap": false,
													"uv": [ 8.0, 18.0 ],
													"rotationOrigin": [ 1.9, 0.0095, 0.0 ],
													"rotationY": -10.0,
													"faces": {
														"east": { "texture": "#skin", "uv": [ 24.0, 20.5, 24.5, 23.0 ], "rotation": 90, "autoUv": false },
														"south": { "texture": "#skin", "uv": [ 23.0, 23.0, 24.0, 23.5 ], "autoUv": false, "windMode": [-1,-1,-1,-1] },
														"up": { "texture": "#skin", "uv": [ 23.0, 20.5, 24.0, 23.0 ], "autoUv": false, "windMode": [-1,-1,-1,-1] },
														"down": { "texture": "#bottom", "uv": [ 9.5, 12.0, 10.5, 14.5 ], "autoUv": false, "windMode": [-1,-1,-1,-1] }
													}
												}
											]
										}
									]
								},
								{
									"name": "RBody",
									"from": [ 0.0, -0.3895, 0.38 ],
									"to": [ 4.275, -0.0095, 2.755 ],
									"unwrapMode": 6,
									"autoUnwrap": false,
									"uv": [ 0.0, 9.0 ],
									"rotationOrigin": [ 0.0, 0.0, 0.38 ],
									"rotationX": 180.0,
									"rotationY": -3.0,
									"faces": {
										"east": { "texture": "#skin", "uv": [ 10.0, 3.0, 10.5, 5.5 ], "rotation": 90, "autoUv": false },
										"south": { "texture": "#skin", "uv": [ 10.5, 5.0, 15.0, 5.5 ], "rotation": 180, "autoUv": false, "windMode": [-1,-1,-1,-1] },
										"west": { "texture": "#skin", "uv": [ 14.5, 3.0, 15.0, 5.5 ], "rotation": 270, "autoUv": false, "windMode": [-1,-1,-1,-1] },
										"up": { "texture": "#bottom", "uv": [ 7.0, 6.0, 11.5, 8.5 ], "autoUv": false, "windMode": [-1,-1,-1,-1] },
										"down": { "texture": "#skin", "uv": [ 10.5, 3.0, 15.0, 5.5 ], "autoUv": false, "windMode": [-1,-1,-1,-1] }
									},
									"children": [
										{
											"name": "RArm",
											"from": [ 0.0, 0.0095, 1.425 ],
											"to": [ 0.95, 0.3705, 3.8 ],
											"unwrapMode": 6,
											"autoUnwrap": false,
											"uv": [ 4.0, 6.5 ],
											"rotationOrigin": [ 0.0, 0.3705, 1.425 ],
											"rotationY": -30.0,
											"faces": {
												"east": { "texture": "#skin", "uv": [ 28.0, 19.0, 28.5, 21.5 ], "rotation": 90, "autoUv": false },
												"south": { "texture": "#skin", "uv": [ 28.5, 21.5, 29.5, 22.0 ], "rotation": 180, "autoUv": false, "windMode": [-1,-1,-1,-1] },
												"west": { "texture": "#skin", "uv": [ 29.5, 19.0, 30.0, 21.5 ], "rotation": 270, "autoUv": false, "windMode": [-1,-1,-1,-1] },
												"up": { "texture": "#bottom", "uv": [ 6.0, 5.5, 7.0, 8.0 ], "autoUv": false, "windMode": [-1,-1,-1,-1] },
												"down": { "texture": "#skin", "uv": [ 28.5, 19.0, 29.5, 21.5 ], "autoUv": false, "windMode": [-1,-1,-1,-1] }
											},
											"children": [
												{
													"name": "RArmLower",
													"from": [ 0.95, 0.0095, 0.0 ],
													"to": [ 1.9, 0.3515, 2.375 ],
													"unwrapMode": 5,
													"autoUnwrap": false,
													"uv": [ 4.5, 6.5 ],
													"rotationOrigin": [ 1.9, 0.3515, 0.0 ],
													"rotationY": -10.0,
													"faces": {
														"east": { "texture": "#skin", "uv": [ 30.0, 19.0, 30.5, 21.5 ], "rotation": 90, "autoUv": false, "windMode": [-1,-1,-1,-1] },
														"south": { "texture": "#skin", "uv": [ 29.5, 21.0, 30.5, 21.5 ], "autoUv": false, "windMode": [-1,-1,-1,-1] },
														"up": { "texture": "#bottom", "uv": [ 4.5, 6.5, 5.5, 9.0 ], "autoUv": false, "windMode": [-1,-1,-1,-1] },
														"down": { "texture": "#skin", "uv": [ 27.0, 19.0, 28.0, 21.5 ], "autoUv": false, "windMode": [-1,-1,-1,-1] }
													}
												}
											]
										}
									]
								},
								{
									"name": "PeltAbdomen",
									"from": [ 4.2655, 0.0095, 0.3325 ],
									"to": [ 9.0155, 0.3895, 2.8975 ],
									"unwrapMode": 5,
									"autoUnwrap": false,
									"uv": [ 0.0, 0.0 ],
									"rotationOrigin": [ 4.275, 0.0095, 0.3325 ],
									"faces": {
										"north": { "texture": "#skin", "uv": [ 22.5, 2.5, 27.5, 3.0 ], "rotation": 180, "autoUv": false, "windMode": [-1,-1,-1,-1] },
										"east": { "texture": "#skin", "uv": [ 19.5, 0.0, 20.0, 2.5 ], "rotation": 90, "autoUv": false, "windMode": [-1,-1,-1,-1] },
										"south": { "texture": "#skin", "uv": [ 15.0, 2.5, 20.0, 3.0 ], "autoUv": false, "windMode": [-1,-1,-1,-1] },
										"up": { "texture": "#skin", "uv": [ 15.0, 0.0, 20.0, 2.5 ], "autoUv": false, "windMode": [-1,-1,-1,-1] },
										"down": { "texture": "#bottom", "uv": [ 5.5, 0.5, 10.5, 3.0 ], "autoUv": false }
									},
									"children": [
										{
											"name": "LAbdomen",
											"from": [ 0.0, 0.0095, 2.375 ],
											"to": [ 4.75, 0.3705, 4.94 ],
											"unwrapMode": 5,
											"autoUnwrap": false,
											"uv": [ 0.0, 10.5 ],
											"rotationOrigin": [ 0.0, 0.0095, 2.375 ],
											"rotationY": -3.0,
											"faces": {
												"east": { "texture": "#skin", "uv": [ 19.5, 2.5, 20.0, 5.0 ], "rotation": 90, "autoUv": false },
												"south": { "texture": "#skin", "uv": [ 15.0, 5.0, 20.0, 5.5 ], "autoUv": false, "windMode": [-1,-1,-1,-1] },
												"west": { "texture": "#skin", "uv": [ 15.0, 2.5, 15.5, 5.0 ], "rotation": 270, "autoUv": false, "windMode": [-1,-1,-1,-1] },
												"up": { "texture": "#skin", "uv": [ 15.0, 2.5, 20.0, 5.0 ], "autoUv": false, "windMode": [-1,-1,-1,-1] },
												"down": { "texture": "#bottom", "uv": [ 6.0, 8.0, 11.0, 10.5 ], "autoUv": false, "windMode": [-1,-1,-1,-1] }
											},
											"children": [
												{
													"name": "LLeg",
													"from": [ 2.85, 0.0095, 2.565 ],
													"to": [ 4.085, 0.3515, 5.415 ],
													"unwrapMode": 5,
													"autoUnwrap": false,
													"uv": [ 10.0, 4.5 ],
													"rotationOrigin": [ 2.85, 0.0095, 2.565 ],
													"rotationY": 72.0,
													"faces": {
														"east": { "texture": "#skin", "uv": [ 11.0, 21.5, 11.5, 24.5 ], "rotation": 90, "autoUv": false },
														"south": { "texture": "#skin", "uv": [ 10.0, 24.5, 11.0, 25.0 ], "autoUv": false, "windMode": [-1,-1,-1,-1] },
														"west": { "texture": "#skin", "uv": [ 9.5, 21.5, 10.0, 24.5 ], "rotation": 270, "autoUv": false, "windMode": [-1,-1,-1,-1] },
														"up": { "texture": "#skin", "uv": [ 10.0, 21.5, 11.0, 24.5 ], "autoUv": false, "windMode": [-1,-1,-1,-1] },
														"down": { "texture": "#bottom", "uv": [ 13.0, 4.5, 14.0, 7.5 ], "autoUv": false, "windMode": [-1,-1,-1,-1] }
													},
													"children": [
														{
															"name": "LLegEnd",
															"from": [ 0.095, -0.0095, 2.375 ],
															"to": [ 1.235, 0.3515, 5.225 ],
															"unwrapMode": 5,
															"autoUnwrap": false,
															"uv": [ 4.5, 7.5 ],
															"rotationOrigin": [ 1.045, -0.0095, 2.375 ],
															"rotationY": -14.0,
															"faces": {
																"north": { "texture": "#skin", "uv": [ 1.0, 10.0, 2.0, 10.5 ], "rotation": 180, "autoUv": false },
																"east": { "texture": "#skin", "uv": [ 2.0, 10.5, 2.5, 13.5 ], "rotation": 90, "autoUv": false, "windMode": [-1,-1,-1,-1] },
																"south": { "texture": "#skin", "uv": [ 1.0, 13.5, 2.0, 14.0 ], "autoUv": false, "windMode": [-1,-1,-1,-1] },
																"west": { "texture": "#skin", "uv": [ 0.5, 10.5, 1.0, 13.5 ], "rotation": 270, "autoUv": false, "windMode": [-1,-1,-1,-1] },
																"up": { "texture": "#skin", "uv": [ 1.5, 10.5, 2.5, 13.5 ], "autoUv": false, "windMode": [-1,-1,-1,-1] },
																"down": { "texture": "#bottom", "uv": [ 6.5, 8.0, 7.5, 11.0 ], "autoUv": false, "windMode": [-1,-1,-1,-1] }
															}
														}
													]
												},
												{
													"name": "LLegLower",
													"from": [ 3.325, 0.019, -0.475 ],
													"to": [ 4.75, 0.342, 2.375 ],
													"unwrapMode": 5,
													"autoUnwrap": false,
													"uv": [ 0.5, 6.0 ],
													"rotationOrigin": [ 4.75, 0.019, -0.475 ],
													"rotationY": 16.0,
													"faces": {
														"east": { "texture": "#skin", "uv": [ 12.0, 21.5, 12.5, 24.5 ], "rotation": 90, "autoUv": false },
														"up": { "texture": "#skin", "uv": [ 10.5, 21.5, 12.0, 24.5 ], "autoUv": false, "windMode": [-1,-1,-1,-1] },
														"down": { "texture": "#bottom", "uv": [ 2.5, 6.0, 4.0, 9.0 ], "autoUv": false, "windMode": [-1,-1,-1,-1] }
													}
												}
											]
										},
										{
											"name": "RAbdomen",
											"from": [ 0.0, -0.3515, 0.19 ],
											"to": [ 4.75, 0.0095, 2.755 ],
											"unwrapMode": 5,
											"autoUnwrap": false,
											"uv": [ -0.5, 4.5 ],
											"rotationOrigin": [ 0.0, 0.0095, 0.19 ],
											"rotationX": 180.0,
											"rotationY": -3.0,
											"faces": {
												"east": { "texture": "#skin", "uv": [ 22.5, 2.5, 23.0, 5.0 ], "rotation": 90, "autoUv": false },
												"south": { "texture": "#skin", "uv": [ 22.5, 5.0, 27.5, 5.5 ], "autoUv": false, "windMode": [-1,-1,-1,-1] },
												"west": { "texture": "#skin", "uv": [ 27.0, 2.5, 27.5, 5.0 ], "rotation": 270, "autoUv": false, "windMode": [-1,-1,-1,-1] },
												"up": { "texture": "#bottom", "uv": [ 0.0, 5.0, 5.0, 7.5 ], "autoUv": false, "windMode": [-1,-1,-1,-1] },
												"down": { "texture": "#skin", "uv": [ 22.5, 2.5, 27.5, 5.0 ], "autoUv": false, "windMode": [-1,-1,-1,-1] }
											},
											"children": [
												{
													"name": "RLeg",
													"from": [ 2.85, 0.0095, 2.565 ],
													"to": [ 4.085, 0.3515, 5.415 ],
													"unwrapMode": 5,
													"autoUnwrap": false,
													"uv": [ 1.0, 5.5 ],
													"rotationOrigin": [ 2.85, 0.3515, 2.565 ],
													"rotationY": 72.0,
													"faces": {
														"east": { "texture": "#skin", "uv": [ 16.0, 18.5, 16.5, 21.5 ], "rotation": 90, "autoUv": false, "windMode": [-1,-1,-1,-1] },
														"south": { "texture": "#skin", "uv": [ 15.0, 21.5, 16.0, 22.0 ], "autoUv": false, "windMode": [-1,-1,-1,-1] },
														"west": { "texture": "#skin", "uv": [ 14.5, 18.5, 15.0, 21.5 ], "rotation": 270, "autoUv": false, "windMode": [-1,-1,-1,-1] },
														"up": { "texture": "#bottom", "uv": [ 1.5, 5.5, 2.5, 8.5 ], "autoUv": false, "windMode": [-1,-1,-1,-1] },
														"down": { "texture": "#skin", "uv": [ 15.0, 18.5, 16.0, 21.5 ], "autoUv": false, "windMode": [-1,-1,-1,-1] }
													},
													"children": [
														{
															"name": "RLegEnd",
															"from": [ 0.0, -0.0095, 2.375 ],
															"to": [ 1.14, 0.3515, 5.225 ],
															"unwrapMode": 5,
															"autoUnwrap": false,
															"uv": [ 0.0, 9.0 ],
															"rotationOrigin": [ 0.95, 0.361, 2.375 ],
															"rotationY": -14.0,
															"faces": {
																"north": { "texture": "#skin", "uv": [ 14.5, 9.0, 15.5, 9.5 ], "rotation": 180, "autoUv": false },
																"east": { "texture": "#skin", "uv": [ 15.5, 9.5, 16.0, 12.5 ], "rotation": 90, "autoUv": false, "windMode": [-1,-1,-1,-1] },
																"south": { "texture": "#skin", "uv": [ 14.5, 12.5, 15.5, 13.0 ], "autoUv": false, "windMode": [-1,-1,-1,-1] },
																"west": { "texture": "#skin", "uv": [ 14.0, 9.5, 14.5, 12.5 ], "rotation": 270, "autoUv": false, "windMode": [-1,-1,-1,-1] },
																"up": { "texture": "#bottom", "uv": [ 0.5, 9.5, 1.5, 12.5 ], "autoUv": false, "windMode": [-1,-1,-1,-1] },
																"down": { "texture": "#skin", "uv": [ 14.5, 9.5, 15.5, 12.5 ], "autoUv": false, "windMode": [-1,-1,-1,-1] }
															}
														}
													]
												},
												{
													"name": "RLegLower",
													"from": [ 3.325, 0.019, -0.475 ],
													"to": [ 4.75, 0.342, 2.375 ],
													"unwrapMode": 5,
													"autoUnwrap": false,
													"uv": [ 12.0, 4.0 ],
													"rotationOrigin": [ 4.75, 0.342, -0.475 ],
													"rotationY": 16.0,
													"faces": {
														"east": { "texture": "#skin", "uv": [ 17.0, 18.5, 17.5, 21.5 ], "rotation": 90, "autoUv": false, "windMode": [-1,-1,-1,-1] },
														"up": { "texture": "#bottom", "uv": [ 12.0, 4.0, 13.5, 7.0 ], "autoUv": false, "windMode": [-1,-1,-1,-1] },
														"down": { "texture": "#skin", "uv": [ 15.5, 18.5, 17.0, 21.5 ], "autoUv": false, "windMode": [-1,-1,-1,-1] }
													}
												}
											]
										},
										{
											"name": "PeltTail",
											"from": [ 4.75, 0.0095, 0.7125 ],
											"to": [ 6.175, 0.4845, 1.8525 ],
											"unwrapMode": 3,
											"autoUnwrap": false,
											"uv": [ 27.0, 0.5 ],
											"rotationOrigin": [ 4.75, 0.0095, 0.7125 ],
											"faces": {
												"north": { "texture": "#skin", "uv": [ 30.5, 1.5, 32.0, 2.0 ], "autoUv": false, "windMode": [-1,-1,-1,-1] },
												"east": { "texture": "#skin", "uv": [ 29.5, 1.5, 30.5, 2.0 ], "autoUv": false, "windMode": [-1,-1,-1,-1] },
												"south": { "texture": "#skin", "uv": [ 28.0, 1.5, 29.5, 2.0 ], "autoUv": false, "windMode": [-1,-1,-1,-1] },
												"west": { "texture": "#skin", "uv": [ 27.0, 1.5, 28.0, 2.0 ], "autoUv": false, "windMode": [-1,-1,-1,-1] },
												"up": { "texture": "#skin", "uv": [ 28.0, 0.5, 29.5, 1.5 ], "autoUv": false, "windMode": [-1,-1,-1,-1] },
												"down": { "texture": "#skin", "uv": [ 28.0, 2.5, 29.5, 3.5 ], "rotation": 180, "autoUv": false, "windMode": [-1,-1,-1,-1] }
											},
											"children": [
												{
													"name": "PeltTailMid",
													"from": [ 1.33, -0.0095, -0.38 ],
													"to": [ 6.08, 0.741, 1.52 ],
													"unwrapMode": 3,
													"autoUnwrap": false,
													"uv": [ 18.0, 7.0 ],
													"rotationOrigin": [ 1.33, -0.0095, -0.38 ],
													"faces": {
														"north": { "texture": "#skin", "uv": [ 27.0, 9.0, 32.0, 9.5 ], "autoUv": false },
														"east": { "texture": "#skin", "uv": [ 25.0, 9.0, 27.0, 9.5 ], "autoUv": false, "windMode": [-1,-1,-1,-1] },
														"south": { "texture": "#skin", "uv": [ 20.0, 9.0, 25.0, 9.5 ], "autoUv": false, "windMode": [-1,-1,-1,-1] },
														"west": { "texture": "#skin", "uv": [ 18.0, 9.0, 20.0, 9.5 ], "autoUv": false, "windMode": [-1,-1,-1,-1] },
														"up": { "texture": "#skin", "uv": [ 20.0, 7.0, 25.0, 9.0 ], "autoUv": false, "windMode": [-1,-1,-1,-1] },
														"down": { "texture": "#skin", "uv": [ 20.0, 11.0, 25.0, 13.0 ], "rotation": 180, "autoUv": false, "windMode": [-1,-1,-1,-1] }
													},
													"children": [
														{
															"name": "PeltTailEnd",
															"from": [ 4.655, 0.0, 0.1425 ],
															"to": [ 7.03, 0.57, 1.7575 ],
															"unwrapMode": 3,
															"autoUnwrap": false,
															"uv": [ 23.0, 14.5 ],
															"rotationOrigin": [ 4.655, 0.0, 0.1425 ],
															"faces": {
																"north": { "texture": "#skin", "uv": [ 28.5, 16.0, 31.0, 16.5 ], "autoUv": false },
																"east": { "texture": "#skin", "uv": [ 27.0, 16.0, 28.5, 16.5 ], "autoUv": false, "windMode": [-1,-1,-1,-1] },
																"south": { "texture": "#skin", "uv": [ 24.5, 16.0, 27.0, 16.5 ], "autoUv": false, "windMode": [-1,-1,-1,-1] },
																"west": { "texture": "#skin", "uv": [ 23.0, 16.0, 24.5, 16.5 ], "autoUv": false, "windMode": [-1,-1,-1,-1] },
																"up": { "texture": "#skin", "uv": [ 24.5, 14.5, 27.0, 16.0 ], "autoUv": false, "windMode": [-1,-1,-1,-1] },
																"down": { "texture": "#skin", "uv": [ 24.5, 17.5, 27.0, 19.0 ], "rotation": 180, "autoUv": false, "windMode": [-1,-1,-1,-1] }
															}
														}
													]
												}
											]
										}
									]
								},
								{
									"name": "Neck",
									"from": [ -2.85, 0.0, 0.475 ],
									"to": [ 0.0, 0.418, 2.85 ],
									"autoUnwrap": false,
									"uv": [ 3.0, 2.0 ],
									"rotationOrigin": [ -0.855, 0.0, 0.475 ],
									"faces": {
										"north": { "texture": "#skin", "uv": [ 10.5, 10.5, 13.5, 11.0 ], "autoUv": false, "windMode": [-1,-1,-1,-1] },
										"south": { "texture": "#skin", "uv": [ 7.5, 10.5, 10.5, 11.0 ], "autoUv": false, "windMode": [-1,-1,-1,-1] },
										"west": { "texture": "#skin", "uv": [ 5.0, 10.5, 7.5, 11.0 ], "autoUv": false, "windMode": [-1,-1,-1,-1] },
										"up": { "texture": "#skin", "uv": [ 7.5, 8.0, 10.5, 10.5 ], "autoUv": false, "windMode": [-1,-1,-1,-1] },
										"down": { "texture": "#bottom", "uv": [ 6.0, 2.0, 9.0, 4.5 ], "autoUv": false }
									},
									"children": [
										{
											"name": "RNeck",
											"from": [ 0.0, -0.342, -0.95 ],
											"to": [ 1.9, 0.019, 1.9 ],
											"unwrapMode": 6,
											"autoUnwrap": false,
											"uv": [ 8.0, 11.0 ],
											"rotationOrigin": [ 2.85, 0.019, 0.95 ],
											"rotationX": -180.0,
											"rotationY": 75.0,
											"faces": {
												"north": { "texture": "#skin", "uv": [ 10.5, 10.5, 11.0, 12.5 ], "rotation": 90, "autoUv": false },
												"south": { "texture": "#skin", "uv": [ 11.0, 12.5, 13.0, 13.0 ], "rotation": 180, "autoUv": false, "windMode": [-1,-1,-1,-1] },
												"west": { "texture": "#skin", "uv": [ 10.5, 10.5, 13.5, 11.0 ], "rotation": 180, "autoUv": false, "windMode": [-1,-1,-1,-1] },
												"up": { "texture": "#bottom", "uv": [ 11.5, 11.5, 13.5, 14.5 ], "autoUv": false, "windMode": [-1,-1,-1,-1] },
												"down": { "texture": "#skin", "uv": [ 10.5, 10.5, 13.5, 12.5 ], "rotation": 270, "autoUv": false, "windMode": [-1,-1,-1,-1] }
											}
										},
										{
											"name": "LNeck",
											"from": [ 0.0, 0.019, -0.475 ],
											"to": [ 1.9, 0.38, 2.375 ],
											"unwrapMode": 5,
											"autoUnwrap": false,
											"uv": [ 6.0, 10.5 ],
											"rotationOrigin": [ 2.85, 0.019, 1.425 ],
											"rotationY": 75.0,
											"faces": {
												"north": { "texture": "#skin", "uv": [ 10.0, 10.5, 10.5, 12.5 ], "rotation": 90, "autoUv": false },
												"south": { "texture": "#skin", "uv": [ 8.0, 10.0, 10.0, 10.5 ], "autoUv": false, "windMode": [-1,-1,-1,-1] },
												"west": { "texture": "#skin", "uv": [ 7.5, 10.5, 10.5, 11.0 ], "rotation": 180, "autoUv": false, "windMode": [-1,-1,-1,-1] },
												"up": { "texture": "#skin", "uv": [ 7.5, 10.5, 10.5, 12.5 ], "rotation": 90, "autoUv": false, "windMode": [-1,-1,-1,-1] },
												"down": { "texture": "#bottom", "uv": [ 9.5, 11.0, 11.5, 14.0 ], "autoUv": false, "windMode": [-1,-1,-1,-1] }
											}
										},
										{
											"name": "Head",
											"from": [ -1.71, 0.0, -0.247 ],
											"to": [ 0.665, 0.4275, 2.622 ],
											"autoUnwrap": false,
											"uv": [ 4.5, 3.5 ],
											"rotationOrigin": [ 0.665, 0.0, -0.2375 ],
											"faces": {
												"north": { "texture": "#skin", "uv": [ 7.5, 17.0, 8.0, 19.5 ], "rotation": 270, "autoUv": false },
												"east": { "texture": "#skin", "uv": [ 4.5, 17.0, 7.5, 17.5 ], "autoUv": false, "windMode": [-1,-1,-1,-1] },
												"south": { "texture": "#skin", "uv": [ 4.0, 17.0, 4.5, 19.5 ], "rotation": 90, "autoUv": false, "windMode": [-1,-1,-1,-1] },
												"west": { "texture": "#skin", "uv": [ 4.5, 19.0, 7.5, 19.5 ], "autoUv": false, "windMode": [-1,-1,-1,-1] },
												"up": { "texture": "#skin", "uv": [ 4.5, 17.0, 7.5, 19.5 ], "rotation": 90, "autoUv": false, "windMode": [-1,-1,-1,-1] },
												"down": { "texture": "#bottom", "uv": [ 7.5, 3.5, 10.0, 6.5 ], "autoUv": false }
											},
											"children": [
												{
													"name": "Snout",
													"from": [ -1.425, 0.0, 0.95 ],
													"to": [ 0.475, 0.38, 1.9 ],
													"autoUnwrap": false,
													"uv": [ 1.5, 2.0 ],
													"rotationOrigin": [ 0.095, 0.0, 0.95 ],
													"faces": {
														"north": { "texture": "#skin", "uv": [ 20.0, 0.0, 20.5, 2.0 ], "rotation": 270, "autoUv": false, "windMode": [-1,-1,-1,-1] },
														"south": { "texture": "#skin", "uv": [ 21.5, 0.0, 22.0, 2.0 ], "rotation": 90, "autoUv": false, "windMode": [-1,-1,-1,-1] },
														"west": { "texture": "#skin", "uv": [ 20.5, 2.0, 21.5, 2.5 ], "autoUv": false, "windMode": [-1,-1,-1,-1] },
														"up": { "texture": "#skin", "uv": [ 20.5, 0.0, 21.5, 2.0 ], "rotation": 90, "autoUv": false, "windMode": [-1,-1,-1,-1] },
														"down": { "texture": "#bottom", "uv": [ 3.0, 2.0, 5.0, 3.0 ], "autoUv": false }
													},
													"children": [
														{
															"name": "Nose",
															"from": [ -0.0095, 0.1425, 0.2375 ],
															"to": [ 0.3705, 0.4275, 0.7125 ],
															"unwrapMode": 3,
															"uv": [ 1.0, 1.5 ],
															"rotationOrigin": [ 0.0, 0.1425, 0.2375 ],
															"faces": {
																"north": { "texture": "#skin", "uv": [ 2.5, 2.0, 3.0, 2.5 ], "autoUv": false },
																"east": { "texture": "#skin", "uv": [ 2.0, 2.0, 2.5, 2.5 ], "autoUv": false, "windMode": [-1,-1,-1,-1] },
																"south": { "texture": "#skin", "uv": [ 1.5, 2.0, 2.0, 2.5 ], "autoUv": false, "windMode": [-1,-1,-1,-1] },
																"west": { "texture": "#skin", "uv": [ 1.0, 2.0, 1.5, 2.5 ], "autoUv": false, "windMode": [-1,-1,-1,-1] },
																"up": { "texture": "#skin", "uv": [ 1.5, 1.5, 2.0, 2.0 ], "autoUv": false, "windMode": [-1,-1,-1,-1] },
																"down": { "texture": "#skin", "uv": [ 1.5, 2.5, 2.0, 3.0 ], "rotation": 180, "autoUv": false, "windMode": [-1,-1,-1,-1] }
															}
														}
													]
												}
											]
										}
									]
								}
							]
						}
					]
				}
			]
		}
	]}