{
	code: "screwdriver",
	creativeinventory: {
		"qptech": [ "*" ]
	},
	drawtype: "json",
	shape: { base: "item/tool/screwdriver" },
	attributes: {
		"handbook": { "groupBy": ["screwdriver-*"]},

		
			"toolrackTransform": {
				"translation": {
					"x": 0.2,
					"y": 0.5,
					"z": 0
				},
				"rotation": {
					"x": 5,
					"y": 3,
					"z": -1
				},
				"scale": 1.25
			},
			"groundStorageTransform": {
				"translation": {
					"x": 0.025,
					"y": 0,
					"z": -0.025
				},
				"rotation": {
					"x": 0,
					"y": 45,
					"z": 0
				}
			}
		
	},
	"behaviors": [
		{
			"name": "GroundStorable",
			"properties": {
				"layout": "Quadrants",
				"collisionBox": {
					"x1": 0,
					"y1": 0,
					"z1": 0,
					"x2": 1,
					"y2": 0.094,
					"z2": 1
				}
			}
		}
	],
	variantgroups: [
		{ code: "material", states: ["copper", "tinbronze", "bismuthbronze", "blackbronze", "iron", "meteoriciron", "steel" ] },
	],
	tool: "hammer",
	enabled: true,
	heldTpHitAnimation: "breaktool",
	textures: {
		metal: { base: "game:block/metal/ingot/{material}" }
	},
	guiTransform: {
		translation: { x: 0, y: 0, z: 0 },
		rotation: { x: 9, y: 137, z: -53 },
		origin: { x: 0.44, y: 0, z: 0.38 },
		scale: 2.92
	},
	fpHandTransform: {
		translation: { x: -0.1, y: 0.2, z: 0 },
		rotation: { x: 90, y: 99, z: -42 },
		origin: { x: 0.5, y: 0, z: 0.5 },
		scale: 2.15
	},
	groundTransform: {
		translation: { x: 0, y: 0, z: 0 },
		rotation: { x: 0, y: 0, z: 0 },
		origin: { x: 0.5, y: 0, z: 0.5 },
		scale: 4.31
	},
	tpHandTransform: {
		translation: { x: -0.78, y: -0.09, z: -0.67 },
		rotation: { x: 9, y: -1, z: -16 },
		origin: { x: 0.5, y: 0, z: 0.5 },
		scale: 0.76
	},
	durabilitybytype: {
		"screwdriver-copper": 80,
		"screwdriver-tinbronze": 120,
		"screwdriver-bismuthbronze": 120,
		"screwdriver-blackbronze": 160,
		"screwdriver-iron": 200,
		"screwdriver-meteoriciron": 280,
		"screwdriver-steel": 500,
	}
}