[
  {
    "file": "capreolinae:entities/land/cervidae-carcass.json",
    "op": "addmerge",
    "path": "/attributesByType",
    "side": "Server",
    "value": {
      "*": {
        "biorealm": [
         "pacific nearctic",
         "atlantic nearctic",
         "atlantic palearctic",
         "central palearctic",
         "eastern palearctic",
         "pacific palearctic",
         "pacific neotropic",
         "atlantic neotropic"
        ]
      }
    },
    "dependsOn": [
      {
        "modid": "biomes"
      }
    ]
  },
  {
    "file": "capreolinae:entities/land/alceini.json",
    "op": "addmerge",
    "path": "/attributesByType",
    "side": "Server",
    "value": {
      "*-alcesalces": {
        "biorealm": [
         "pacific nearctic",
         "atlantic nearctic",
         "atlantic palearctic",
         "central palearctic",
         "eastern palearctic"
        ]
      }
    },
    "dependsOn": [
      {
        "modid": "biomes"
      }
    ]
  },
  {
    "file": "capreolinae:entities/land/capreolini.json",
    "op": "addmerge",
    "path": "/attributesByType",
    "side": "Server",
    "value": {
      "*-capreoluscapreolus": {
        "biorealm": [
         "atlantic palearctic",
         "central palearctic"
        ]
      },
      "*-capreoluspygargus": {
        "biorealm": [
         "atlantic palearctic",
         "central palearctic",
         "eastern palearctic"
        ]
      },
      "*-hydropotesinermis": {
        "biorealm": [
         "eastern palearctic"
        ]
      }
    },
    "dependsOn": [
      {
        "modid": "biomes"
      }
    ]
  },
  {
    "file": "capreolinae:entities/land/odocoileini.json",
    "op": "addmerge",
    "path": "/attributesByType",
    "side": "Server",
    "value": {
      "*-blastocerusdichotomus": {
        "biorealm": [
         "atlantic neotropic"
        ]
      },
      "*-hippocamelusantisensis": {
        "biorealm": [
         "pacific neotropic"
        ]
      },
      "*-hippocamelusbisulcus": {
        "biorealm": [
         "pacific neotropic"
        ]
      },
      "*-mazamaamericana": {
        "biorealm": [
         "pacific neotropic",
         "atlantic neotropic"
        ]
      },
      "*-mazamachunyi": {
        "biorealm": [
         "pacific neotropic"
        ]
      },
      "*-mazamagouazoubira": {
        "biorealm": [
         "atlantic neotropic"
        ]
      },
      "*-mazamanana": {
        "biorealm": [
         "atlantic neotropic"
        ]
      },
      "*-mazamanemorivaga": {
        "biorealm": [
         "pacific neotropic",
         "atlantic neotropic"
        ]
      },
      "*-mazamarufina": {
        "biorealm": [
         "pacific neotropic"
        ]
      },
      "*-mazamatemama": {
        "biorealm": [
         "pacific nearctic"
        ]
      },
      "*-mazamatienhoveni": {
        "biorealm": [
         "atlantic neotropic"
        ]
      },
      "*-odocoileushemionus": {
        "biorealm": [
         "pacific nearctic"
        ]
      },
      "*-odocoileuspandora": {
        "biorealm": [
         "pacific nearctic"
        ]
      },
      "*-odocoileusvirginianus": {
        "biorealm": [
         "pacific nearctic",
         "atlantic nearctic",
         "pacific neotropic",
         "atlantic neotropic"
        ]
      },
      "*-ozotocerosbezoarticus": {
        "biorealm": [
         "pacific neotropic",
         "atlantic neotropic"
        ]
      },
      "*-pudellamephistophiles": {
        "biorealm": [
         "pacific neotropic"
        ]
      },
      "*-pudupuda": {
        "biorealm": [
         "pacific neotropic"
        ]
      },
      "*-rangifertarandus": {
        "biorealm": [
         "pacific nearctic",
         "atlantic nearctic",
         "atlantic palearctic",
         "central palearctic",
         "eastern palearctic",
         "pacific palearctic"
        ]
      }
    },
    "dependsOn": [
      {
        "modid": "biomes"
      }
    ]
  },
]