{"GameVersion":"1.19.8","SizeX":4,"SizeY":5,"SizeZ":8,"BlockCodes":{"7340":"game:plankslab-walnut-south-free","7248":"game:log-placed-walnut-ns","3422":"game:polishedrockslab-basalt-down-free","3365":"game:polishedrockslab-basalt-south-free","3327":"game:polishedrockslab-basalt-north-free","7314":"game:plankslab-walnut-north-free","7301":"game:planks-walnut-ud","6185":"game:rock-slate","7302":"game:planks-purpleheart-ud","7288":"game:planks-walnut-ns","7379":"game:plankslab-walnut-down-free","7278":"game:planks-birch-ns","3311":"game:rockpolished-slate","879":"game:glass-smoky","363":"game:creativelight-33","390":"game:creativelight-79","335":"game:creativeglow-34","7296":"game:planks-kapok-ud","7297":"game:planks-baldcypress-ud","7291":"game:planks-birch-ud","877":"game:glass-brown","7292":"game:planks-oak-ud","456":"game:chiseledblock","8614":"game:meta-spawner","9582":"game:door-1x3gate-walnut","8058":"game:bed-wood-feet-north","8055":"game:bed-wood-head-north","136":"game:multiblock-monolithic-0-p1-0","146":"game:multiblock-monolithic-0-p2-0","1415":"game:lantern-up"},"ItemCodes":{},"Indices":[2048,3072,4096,5120,6144,1050624,1051648,1052672,1053696,1054720,2099200,2100224,2101248,2102272,3146752,3147776,3148800,3149824,3150848,4195328,4196352,4197376,4198400,4199424,1,1025,2049,3073,4097,5121,6145,7169,1050625,1051649,1052673,1053697,1054721,2099201,2102273,3147777,3150849,4195329,4196353,4197377,4198401,4199425,1026,2050,3074,4098,5122,6146,7170,1050626,1052674,1053698,1054722,2099202,2101250,2102274,3147778,3149826,3150850,4195330,4196354,4197378,4198402,4199426,2051,3075,4099,5123,6147,1050627,1051651,1052675,1053699,1054723,2099203,2100227,2101251,2102275,3146755,3147779,3148803,3149827,3150851,4195331,4196355,4197379,4198403,4199427],"BlockIds":[456,456,456,456,456,456,456,456,456,456,456,456,456,456,456,456,456,456,456,456,456,456,456,456,8614,456,456,456,456,456,456,456,9582,8058,8055,456,456,136,456,146,456,456,456,456,456,456,456,456,456,456,456,456,456,9582,456,456,456,136,456,456,146,1415,456,456,456,456,456,456,456,456,456,456,456,456,456,456,456,456,456,456,456,456,456,456,456,456,456,456,456,456,456,456],"DecorIndices":[],"DecorIds":[],"BlockEntities":{"2048":"!<d@[F*I]##64c-E,TfC)uos=!<d@[F*\\AD#64o6@VfsmCI<#NAIW-_Bldj%ARo7dDe!Pj$Zg3(G@Pc)DeWa'+TMKBnL`Vuo/a&TpNj\"CqRtbdr7Sgbrr)isi!QUeiSNu&j.5$,k%_%!m+pLumchFcd2K+edP(P!e6i.SeQT'Tf8ok1g;!Rdh;A/2_CDVe_`=4e`(I*2Z727CZq6_e\\@S^@>Ig\"!8u\\$T3LQ'2-]*ud.#YA2&/gT1&SnWO'krd1$P@#lDfor.;f6Mt6ZljVBk28izn:1K>r4i:75O\\XWDt!`5]<D8DcgUoFq60i,$#O*mATDKnCi][Y!!')?!!#h8!!$=7!!!$*Ec6&.FD5Z2z$O:0a@W,skF#3js!\"$4+!#`7t!%G<c!'.DT!(jLU!(jRt!,8_l!/[s%!3)L4!kFf4!kFlV!r9/e!%P(r!*Z72!,AET!.(T!!/dbC!/duT!1Kpe!1L(T!33*4!330V!4nr+!4o?1!8=HT!8=UC!:$PT!:$ce!;`XT!3?%A!5&-?!5&3a!8ZTd!Su74!o<%\"!T!%T!SuT#!q\"nU!U\\o2!U]#e!U]-C!U]7!!U]@T!WDL0!8d?R!T*eB!Uf#T!Uf@C!T3E!!T3X2!T3ae!UoM!!!ipCD/\")jBk1d@DZKh<#RPQdA7\\\\XCh[D\\!!!98F(o/r6#:CVF*(?!Ch[D\\!!!0/@VfsmCJJ;TAIDRJCi4B;+EM@-@K6","3072":"!<d@[F*I]##64c-E,TfC)uos=!<d@[F*\\DE#64o6@VfsmCI<#NAIW-_Bldj%ARo7dDe!Pj$Zg3(G@Pc)DeWa''EA+5n.\"7Tpmp:Bq5M+/s8&o!i;W-EiI0P_k_[\"RlM]Q>ck$'TdQd[1eSkBdfUr*BgX#fuhZ*NS]BZEs>Ig\"!9Z`M!4kZ#!0):Y10Di$T$P@#lDfor.;f6Mt6ZljVBk28jzn:1K>H,'C_:[e>hJ+*FDr4i:>YODN\"gTUYehs^UR$#O*mATDKnCi][Y!!')?!!#h8!!$=7!!!$*Ec6&.FD5Z2z$O:0a@W,skEu=rX!#`!R!%G30!'.DT!(jLR!(jS\"!,8l[!/\\16!;X$0!*Z*C!,A2C!.(:C!4nh-!;`?!!8[,b!T!?A!Su=V!o<[S!T!\\0!SuZ5!q\"oP!:B\"<!8dEt!T*kT!Uf*!!:K=T!!ipCD/\")jBk1d@DZKh<#RPQdA7\\\\XCh[D\\!!!98F(o/r6#:CVF*(?!Ch[D\\!!!0/@VfsmCJJ;TAIDRJCi4B;+EM@-@K6","4096":"!<d@[F*I]##64c-E,TfC)uos=!<d@[F*\\GF#64o6@VfsmCI<#NAIW-_Bldj%ARo7dDe!Pj$Zg3(G@Pc)DeWa'$NL/,p3kfus8CgTi*GaNk5OcKkj@4,cl`2ddnfoBepmVufrt>Sgu&&1huEWT$P@#lDfor.;f6Mt6ZljVBk28hznA##*0CSrF?gn%$O73,W^[M45n*g;b$#O*mATDKnCi]XX!!#h8!!\";S!!!$*Ec6&.FD5Z2z$O:0a@W,skEt\\NR!8Z!4!Sua!!8ZaS!8Z;\"!T!(e!8[)B!:A_d!:AiB!:Aru!:B'S!:B11!8d2S!8dLA!:JbT!:K'B!8m?1!8mHd!8m[u!8meS!!ipCD/\")jBk1d@DZKh<#RPQdA7\\\\XCh[D\\!!!98F(o/r6#:CVF*(?!Ch[D\\!!!0/@VfsmCJJ;TAI;LICi4B;+Dbt/!!","5120":"!<d@[F*I]##64c-E,TfC)uos=!<d@[F*\\JG#64o6@VfsmCI<#NAIW-_Bldj%ARo7dDe!Pj$Zg3(G@Pc)DeWa'+TMKBo/a&ToNg>SpNj\"Cr7SgbrU&JBi!QUeiB?T/jSnQIk%_%!kKVi`mchFcn,;)Cd2K+edP(P!e6i.SeQT'Tf8ok1g;!Rdh=(:B_CDVe_`=4e`(I*2Z727CZq6_e\\@S^@>Ig\"!8u\\$T3LQ'2-]*ud.#YA2&/gT1&SnWO'krd1$P@#lDfor.;f6Mt6ZljVBk28izn:1K>r4i:75O\\XWD9r7h]<D8DcgUoFq60i,$#O*mATDKnCi][Y!!')?!!#h8!!\";S!!!$*Ec6&.FD5Z2z$O:0a@W,skF\"74j!\"$4+!#`7t!%G<c!'.DT!(jLU!(jRt!,8_l!/[s%!3)L4!kFf4!kFlV!r9/e!%P(r!*Z72!,AET!.(T!!/dbC!/duT!1Kpe!1L(T!33*4!330V!4nr+!4o?1!8=HT!8=UC!:$PT!:$ce!;`XT!3?%A!5&-?!5&3a!8Z$U!o<KS!T!L0!SuJE!o<hB!U\\5D!:A7,!:AS@!8d5t!T*[d!UenF!=0$DD/\")jBk1d@DZKh<#RPQdA7\\\\XCh[D\\!!!98F(o/r6#:CVF*(?!Ch[D\\!!!0/@VfsmCJJ;TAIDRJCi4B;+EM@-@K6","6144":"!<d@[F*I]##64c-E,TfC)uos=!<d@[F*\\MH#64o6@VfsmCI<#NAIW-_Bldj%ARo7dDe!Pj$#O*mATDKnCi][Y!!')?!!#h8!!\";S!!!$*Ec6&.FD5Z2z$O:0a@W,skEuG#Y!#`!R!%G30!'.DT!(jLR!(jS\"!,8l[!/\\16!;X$0!*Z*C!,A2C!.(:C!4nh-!;`?!!8R@?!:7e1!8ZQS!Su4#!q\"u\"!U]!/!U]]d!<)\\R!8d<A!T*Nu!UeuC!T3Ae!UofD!=0$DD/\")jBk1d@DZKh<#RPQdA7\\\\XCh[D\\!!!98F(o/r6#:CVF*(?!Ch[D\\!!!0/@VfsmCJJ;TAIDRJCi4B;+EM@-@K6","1050624":"!<d@[F*I]##64c-E,TfC*<6'>!<d@[F*\\AD#64o6@VfsmCI<#NAIW-_Bldj%ARo7dDe!Pj$Zg3(G@Pc)DeWa'#64`(OPSRi?tlJ<=,EaR5i1Q%8\\(Vs/BOUd%G@BS$P@#lDfor.;f6Mt6ZljVBk28ezn:1K>hs^UUq4I]q$#O*mATDKnCi]XX!!')?!!$=7!!!$*Ec6&.FD5Z2z$O:0a@W,skEu\"`U!\"RrZ!*Ql+!+!tI!3F!9!:-lh!\"IcF!DLc&!Lpdi!=GpH!(jYR!\",WC!#h_C!'.Ds!\"IFW!@b?Q!)1=6!LpH%!?&40!\"#qb!\"\\Q@!++S*!3OTi!!ipCD/\")jBk1d@DZKh<#RPQdA7\\\\XCh[D\\!!!98F(o/r6#:CVF*(?!Ch[D\\!!!0/@VfsmCJJ;TAIDRJCi4B;+EM@-@K6","1051648":"!<d@[F*I]##64c-E,TfC*<6'>!<d@[F*\\DE#64o6@VfsmCI<#NAIW-_Bldj%ARo7dDe!Pj$Zg3(G@Pc)DeWa'#64`(nGCN3OT!i4?MUDt5lTgE9A-*@.]K-B)4@/u$P@#lDfor.;f6Mt6ZljVBk28ezn:1K>M4ahMs6p!r$#O*mATDKnCi][Y!!')?!!$=7!!*$-!!!$*Ec6&.FD5Z2z$O:0a@W,skEtJBP!\"IiX!=n&[!)1`7!F=(J!1Ub%!Na*:!:-lh!\"IM$!DLLY!LpNG!=?/B!%G6P!#`.0!'.>Q!#hRT!\",D2!(jC0!!ipCD/\")jBk1d@DZKh<#RPQdA7\\\\XCh[D\\!!!98F(o/r6#:CVF*(?!Ch[D\\!!!0/@VfsmCJJ;TAIDRJCi4B;+EM@-@K6","1052672":"!<d@[F*I]##64c-E,TfC*<6'>!<d@[F*\\GF#64o6@VfsmCI<#NAIW-_Bldj%ARo7dDe!Pj$#O*mATDKnCi]XX!!$=7!!&0%!!!$*Ec6&.FD5Z2z$O:0a@W,skEs_mI!\"RrZ!F=(J!Na*:!UHui!=d\\G!)1J%!1UKh!\"I9X!)107!1U2%!!ipCD/\")jBk1d@DZKh<#RPQdA7\\\\XCh[D\\!!!98F(o/r6#:CVF*(?!Ch[D\\!!!0/@VfsmCJJ;TAK*sEF(&m,+EDC1CER\\7@:C?-:iC/aF(f,q.0'","1053696":"!<d@[F*I]##64c-E,TfC*<6'>!<d@[F*\\JG#64o6@VfsmCI<#NAIW-_Bldj%ARo7dDe!Pj$#O*mATDKnCi]XX!!')?!!\";S!!!$*Ec6&.FD5Z2z$O:0a@W,skEu+fV!\"RrZ!*Ql+!+!tI!3F!9!:-lh!\",gG!\"IYh!DLYH!Lp[6!>\"pq!++iZ!3OkD!(jYR!:BNA!\",WC!#h_C!'.Ds!%G6P!#`+/!\"#qb!\"I=$!DL<Y!Lp>G!=0$DD/\")jBk1d@DZKh<#RPQdA7\\\\XCh[D\\!!!98F(o/r6#:CVF*(?!Ch[D\\!!!0/@VfsmCJJ;TAIDRJCi4B;+EM@-@K6","1054720":"!<d@[F*I]##64c-E,TfC*<6'>!<d@[F*\\MH#64o6@VfsmCI<#NAIW-_Bldj%ARo7dDe!Pj$Zg3(G@Pc)DeWa'#64`(kPNO)Qi5S;?MUDt8,hQL9A-*@.]K-B)4@/u$P@#lDfor.;f6Mt6ZljVBk28fzn:1K>C%)*-M4ahSs6p!r$#O*mATDKnCi]XX!!')?!!\";S!!!$*Ec6&.FD5Z2z$O:0a@W,skEt/0M!\"Rq?!+!s.!3Etr!:-kL!\"$&A!%G6P!\"ICF!?&71!'.>Q!)1:%!LpDi!?.[U!\",D2!(jC0!!ipCD/\")jBk1d@DZKh<#RPQdA7\\\\XCh[D\\!!!98F(o/r6#:CVF*(?!Ch[D\\!!!0/@VfsmCJJ;TAIDRJCi4B;+EM@-@K6","2099200":"!<d@[F*I]##64c-E,TfC*WQ0?!<d@[F*\\AD#64o6@VfsmCI<#NAIW-_Bldj%ARo7dDe!Pj$Zg3(G@Pc)DeWa'!WW3#nGCN3rr)is$P@#lDfor.;f6Mt6ZljVBk28dzn=Ta^h=(CP$#O*mATDKnCi]UW!!%]m!!!$*Ec6&.FD5Z2z$O:0a@W,skErl=A!\"6UB!\"JE>!!ipCD/\")jBk1d@DZKh<#RPQdA7\\\\XCh[D\\!!!98F(o/r6#:CVF*(?!Ch[D\\!!!0/@VfsmCJJ;TAIV^LCi4B;+E2.*DJO:n","2100224":"!<d@[F*I]##64c-E,TfC*WQ0?!<d@[F*\\DE#64o6@VfsmCI<#NAIW-_Bldj%ARo7dDe!Pj$Zg3(G@Pc)DeWa'!<<*\"nGCN3$P@#lDfor.;f6Mt6ZljVBk28dzn=Ta^rU9dp$#O*mATDKnCi]UW!!%]m!!!$*Ec6&.FD5Z2z$O:0a@W,skErc7@!\"6UB!!ipCD/\")jBk1d@DZKh<#RPQdA7\\\\XCh[D\\!!!98F(o/r6#:CVF*(?!Ch[D\\!!!0/@VfsmCJJ;TAIV^LCi4B;+E2.*DJO:n","2101248":"!<d@[F*I]##64c-E,TfC*WQ0?!<d@[F*\\GF#64o6@VfsmCI<#NAIW-_Bldj%ARo7dDe!Pj$Zg3(G@Pc)DeWa'!<<*\"nGCN3$P@#lDfor.;f6Mt6ZljVBk28dzn=Ta^rU9dp$#O*mATDKnCi]UW!!%]m!!!$*Ec6&.FD5Z2z$O:0a@W,skErc7@!\"6UB!!ipCD/\")jBk1d@DZKh<#RPQdA7\\\\XCh[D\\!!!98F(o/r6#:CVF*(?!Ch[D\\!!!0/@VfsmCJJ;TAIV^LCi4B;+E2.*DJO:n","2102272":"!<d@[F*I]##64c-E,TfC*WQ0?!<d@[F*\\JG#64o6@VfsmCI<#NAIW-_Bldj%ARo7dDe!Pj$Zg3(G@Pc)DeWa'!WW3#p\\W8:pl5:R$P@#lDfor.;f6Mt6ZljVBk28ezn=Ta^C[_<1rU9dp$#O*mATDKnCi]UW!!%]m!!!$*Ec6&.FD5Z2z$O:0a@W,skErl=A!\"6T'!\"J[`!!ipCD/\")jBk1d@DZKh<#RPQdA7\\\\XCh[D\\!!!98F(o/r6#:CVF*(?!Ch[D\\!!!0/@VfsmCJJ;TAIV^LCi4B;+E2.*DJO:n","3146752":"!<d@[F*I]##64c-E,TfC*rl9@!<d@[F*\\>C#64o6@VfsmCI<#NAIW-_Bldj%ARo7dDe!Pj$Zg3(G@Pc)DeWa'!<<*\"nGCN3$P@#lDfor.;f6Mt6ZljVBk28dzn=Ta^rU9dp$#O*mATDKnCi]XX!!%]m!!\"Gb!!!$*Ec6&.FD5Z2z$O:0a@W,skEshsJ!\"7-P!W0\\4!)(W#!Sbof!Gfs4!UISY!K51E!NXDU!P?IS!R&NR!SbS1!=0$DD/\")jBk1d@DZKh<#RPQdA7\\\\XCh[D\\!!!98F(o/r6#:CVF*(?!Ch[D\\!!!0/@VfsmCJJ;TAIV^LCi4B;+E2.*DJO:n","3147776":"!<d@[F*I]##64c-E,TfC*rl9@!<d@[F*\\AD#64o6@VfsmCI<#NAIW-_Bldj%ARo7dDe!Pj$Zg3(G@Pc)DeWa'!WW3#nGCN3rr)is$P@#lDfor.;f6Mt6ZljVBk28dzn=Ta^h=(CP$#O*mATDKnCi]UW!!%]m!!!$*Ec6&.FD5Z2z$O:0a@W,skErl=A!\"6UB!\"JE>!!ipCD/\")jBk1d@DZKh<#RPQdA7\\\\XCh[D\\!!!98F(o/r6#:CVF*(?!Ch[D\\!!!0/@VfsmCJJ;TAIV^LCi4B;+E2.*DJO:n","3148800":"!<d@[F*I]##64c-E,TfC*rl9@!<d@[F*\\DE#64o6@VfsmCI<#NAIW-_Bldj%ARo7dDe!Pj$Zg3(G@Pc)DeWa'!<<*\"nGCN3$P@#lDfor.;f6Mt6ZljVBk28dzn=Ta^rU9dp$#O*mATDKnCi]UW!!%]m!!!$*Ec6&.FD5Z2z$O:0a@W,skErc7@!\"6UB!!ipCD/\")jBk1d@DZKh<#RPQdA7\\\\XCh[D\\!!!98F(o/r6#:CVF*(?!Ch[D\\!!!0/@VfsmCJJ;TAIV^LCi4B;+E2.*DJO:n","3149824":"!<d@[F*I]##64c-E,TfC*rl9@!<d@[F*\\GF#64o6@VfsmCI<#NAIW-_Bldj%ARo7dDe!Pj$Zg3(G@Pc)DeWa'!<<*\"nGCN3$P@#lDfor.;f6Mt6ZljVBk28dzn=Ta^rU9dp$#O*mATDKnCi]UW!!%]m!!!$*Ec6&.FD5Z2z$O:0a@W,skErc7@!\"6UB!!ipCD/\")jBk1d@DZKh<#RPQdA7\\\\XCh[D\\!!!98F(o/r6#:CVF*(?!Ch[D\\!!!0/@VfsmCJJ;TAIV^LCi4B;+E2.*DJO:n","3150848":"!<d@[F*I]##64c-E,TfC*rl9@!<d@[F*\\JG#64o6@VfsmCI<#NAIW-_Bldj%ARo7dDe!Pj$Zg3(G@Pc)DeWa'\"onW'n3#S.p\\W8:pl5:Rj@nD1eQgo1`baE1$P@#lDfor.;f6Mt6ZljVBk28fzn=Ta^CTmd?DX[W4rU9dp$#O*mATDKnCi]UW!!%]m!!!$*Ec6&.FD5Z2z$O:0a@W,skEshsJ!;tXP!:8Is!8Q;A!5-pb!1_Z0!\"6Su!\"J[Y!1U3R!1rqG!8Q1e!1^iC!!ipCD/\")jBk1d@DZKh<#RPQdA7\\\\XCh[D\\!!!98F(o/r6#:CVF*(?!Ch[D\\!!!0/@VfsmCJJ;TAIV^LCi4B;+E2.*DJO:n","4195328":"!<d@[F*I]##64c-E,TfC+92BA!<d@[F*\\>C#64o6@VfsmCI<#NAIW-_Bldj%ARo7dDe!Pj$Zg3(G@Pc)DeWa'!rr<$;#g1g5lKaD0`&Ze$P@#lDfor.;f6Mt6ZljVBk28czn;mVX$#O*mATDKnCi][Y!!%]m!!%`n!!\"Gb!!!$*Ec6&.FD5Z2z$O:0a@W,skEteTS!\"6U3!'6eE!^\"6i!DVPF!FPBi!?9;C!%m$e!']f1!)NRS!#rt1!%lfT!']Ru!)N?B!#r`u!%lSC!']?d!)N,1!'@su!_qSU!akF#!XK-ED/\")jBk1d@DZKh<#RPQdA7\\\\XCh[D\\!!!98F(o/r6#:CVF*(?!Ch[D\\!!!0/@VfsmCJJ;TAIV^LCi4B;+E2.*DJO:n","4196352":"!<d@[F*I]##64c-E,TfC+92BA!<d@[F*\\AD#64o6@VfsmCI<#NAIW-_Bldj%ARo7dDe!Pj$Zg3(G@Pc)DeWa'!rr<$;#g1g5lKaD0`&Ze$P@#lDfor.;f6Mt6ZljVBk28czn;mVX$#O*mATDKnCi][Y!!%]m!!%`n!!\"Gb!!!$*Ec6&.FD5Z2z$O:0a@W,skEsD[F!\"6U5!'6eE!^\"3h!DVME!FP?h!=eNC!)N)0!!ipCD/\")jBk1d@DZKh<#RPQdA7\\\\XCh[D\\!!!98F(o/r6#:CVF*(?!Ch[D\\!!!0/@VfsmCJJ;TAIV^LCi4B;+E2.*DJO:n","4197376":"!<d@[F*I]##64c-E,TfC+92BA!<d@[F*\\DE#64o6@VfsmCI<#NAIW-_Bldj%ARo7dDe!Pj$Zg3(G@Pc)DeWa'!rr<$;#g1g5lKaD0`&Ze$P@#lDfor.;f6Mt6ZljVBk28czn;mVX$#O*mATDKnCi][Y!!%6`!!%`n!!\"Gb!!!$*Ec6&.FD5Z2z$O:0a@W,skEsMaG!\"6U5!'6eE!^\"3h!DVME!FP?h!=di5!&\"2u!)NOB!!ipCD/\")jBk1d@DZKh<#RPQdA7\\\\XCh[D\\!!!98F(o/r6#:CVF*(?!Ch[D\\!!!0/@VfsmCJJ;TAIV^LCi4B;+E2.*DJO:n","4198400":"!<d@[F*I]##64c-E,TfC+92BA!<d@[F*\\GF#64o6@VfsmCI<#NAIW-_Bldj%ARo7dDe!Pj$Zg3(G@Pc)DeWa'!rr<$;#g1g5lKaD0`&Ze$P@#lDfor.;f6Mt6ZljVBk28czn;mVX$#O*mATDKnCi][Y!!%6`!!%`n!!\"Gb!!!$*Ec6&.FD5Z2z$O:0a@W,skEs2OD!\"6U5!'6eE!^\"3h!DVME!FP?h!=0$DD/\")jBk1d@DZKh<#RPQdA7\\\\XCh[D\\!!!98F(o/r6#:CVF*(?!Ch[D\\!!!0/@VfsmCJJ;TAIV^LCi4B;+E2.*DJO:n","4199424":"!<d@[F*I]##64c-E,TfC+92BA!<d@[F*\\JG#64o6@VfsmCI<#NAIW-_Bldj%ARo7dDe!Pj$Zg3(G@Pc)DeWa'!rr<$;#g1g5lKaD0`&Ze$P@#lDfor.;f6Mt6ZljVBk28czn;mVX$#O*mATDKnCi][Y!!%]m!!%`n!!\"Gb!!!$*Ec6&.FD5Z2z$O:0a@W,skEtSHQ!\"@KK!'6eE!^\"a\"!_r.U!al!#!Z^%U!%YbB!'A!V!Boi1!);D4!Di[T!+56W!=Q,`!\"SaU!$'UB!'Sqd!)N?B!\"?YP!!ipCD/\")jBk1d@DZKh<#RPQdA7\\\\XCh[D\\!!!98F(o/r6#:CVF*(?!Ch[D\\!!!0/@VfsmCJJ;TAIV^LCi4B;+E2.*DJO:n","1":"!<d@[F*I`$#64c-E,TfC)uos=!<d@[F*\\;B#64o6@VfsmCI<#NAINEeFC?bBE+*s.AT@eWD..ZVDfor>!<<*\"\":]'_FCfK9@;JJQF`MO'!!!!+$Y=3tBlnVfDe*F##ljr*)J<JqANFLID..=#Bk/f;Ea`KiE\\1mADe*o/B45Xg3bWYQ@;^!tA1_nD@:Wqi/R`[ABld^#,A1G%ANFLID..=#Bk/f;Ea`KiE\\1aCBl%<s@<?($Bjkh!*G8etANFLID..=#Bk/f;Ea`KiE\\1d;DffZ,DJ())@;TR:BQ\\0#DJs6\"/Tc#AA7]d5@rH4$De*R(Bk;?,B45Xg3bWYQ@;^!tA1_nD@:Wqi/S9-GDJ=38Eb-8(@;TR:BQ\\0#DJs6\"/Tc#AA7]d5CisuFEbT*+,%k>$ANFLID..=#Bk/f;Ea`KiE\\2?TEcu/?@;KRpDe*o6B45Xg3bWYQ@;^!tA1_nD@:Wqi/Tc#E@<6R3AS?4(FCfIn!dHF\"!!!!\"!dQL#!!!!\"!dZR$!!!!\"!dHI$!!!!\"!dQO&!!!!\"!dZU&!!!!\"%W,ot:i'QcATC[WDJ*M\\!!!!\"%W,X!:i'QcATC[WDJ*P\\s8W*\"%WcStGA^;eDJ*NTDe*DZ!!!!\"$?L/pGA]cdF`):%!!!!*'Q\\5%GA^2oCjA<YFCfJaD/aE6F9)CXBl7X,BjkgTF^]00BlnW!E+*s.ARkc@!!!$6Bl7X,BjkgVE+*s.;0?;bFD5iBz!=<CZDfp\"tBmO=k!!!!*$[6$#8SrEbEcbl'!!<mN@<6NhE+*s.<,ZkeCe/JeEc]SFgkU3-PX#6\\Bl8$(Ec,<%6XaqB@qg%1z!tK$_FCfK1@;J;E@<-!lzz!tTE`@q]:kB4XnNE_(+kEW?(>z!!=-U@<6NXBOPpoAQ<\\[@<?'[DffE(88iWkErZ1?z!\"TT]E+*s.ARn5IFD5i2ATIhO!!!!","1025":"!<d@[F*I`$#64c-E,TfC)uos=!<d@[F*\\>C#64o6@VfsmCI<#NAIW-_Bldj%ARo7dDe!Pj$#O*mATDKnCi]UW!!%6`!!!$*Ec6&.FD5Z2z$O:0a@W,skF!L_c!5K'B!71WB!8n@e!:Tpe!:fFU!3cap!5J<p!2'\\Q!3c7Q!:UES!<;uS!0@N/!2')/!5K#e!71Se!.Y?b!0?ob!3tb\"!,r(=!.XX=!+6\"s!,qRs!)NiQ!+5DQ!'g[/!)N6/!-.(D!&+C_!'fs_!$D>@!&*n@!\"]/s!$C_s!!!!Q!\"\\QQ!&<Cf!!ipCD/\")jBk1d@DZKh<#RPQdA7\\\\XCh[D\\!!!98F(o/r6#:CVF*(?!Ch[D\\!!!0/@VfsmCJJ;TAIV^LCi4B;+E2.*DJO:n","2049":"!<d@[F*I`$#64c-E,TfC)uos=!<d@[F*\\AD#64o6@VfsmCI<#NAIW-_Bldj%ARo7dDe!Pj$#O*mATDKnCi][Y!!')?!!\";S!!#h8!!!$*Ec6&.FD5Z2z$O:0a@W,skF!1M`!2086!3l@4!3lFV!7:6f!7:@D!7:J\"!72(d!722B!8o\"!!q>\\$!0K@r!MMQV!MM^E!RX!b!TPjT!7^kY!7^u7!9@Pe!p>(T!9f\"u!9g6X!pQ@A!pdWC!:7Qd!:8cA!pmmd!:8sQ!pn+u!:91R!q#Iu!q\"u2!q#*0!q#=A!XK-ED/\")jBk1d@DZKh<#RPQdA7\\\\XCh[D\\!!!98F(o/r6#:CVF*(?!Ch[D\\!!!0/@VfsmCJJ;TAIDRJCi4B;+EM@-@K6","3073":"!<d@[F*I`$#64c-E,TfC)uos=!<d@[F*\\DE#64o6@VfsmCI<#NAIW-_Bldj%ARo7dDe!Pj$#O*mATDKnCi]UW!!#h8!!!$*Ec6&.FD5Z2z$O:0a@W,skEteTS!72i0!72rc!73'A!730t!73:R!73Cu!8o%R!8o/0!8o8c!8oBA!8oKt!7UEX!7UO6!7UXi!7UbG!7Ul%!7UuH!9@Pe!9g*T!:8YC!!ipCD/\")jBk1d@DZKh<#RPQdA7\\\\XCh[D\\!!!98F(o/r6#:CVF*(?!Ch[D\\!!!0/@VfsmCJJ;TAI;LICi4B;+Dbt/!!","4097":"!<d@[F*I`$#64c-E,TfC)uos=!<d@[F*\\GF#64o6@VfsmCI<#NAIW-_Bldj%ARo7dDe!Pj$#O*mATDKnCi]UW!!#h8!!!$*Ec6&.FD5Z2z$O:0a@W,skEteTS!72hu!72oR!73$0!73-c!737A!73@t!8o\"A!8o+t!8o5R!8o?0!8oHc!7UEH!7UL%!7UUX!7U_6!7Uhi!7UrG!9@Pe!9g*T!:8YC!!ipCD/\")jBk1d@DZKh<#RPQdA7\\\\XCh[D\\!!!98F(o/r6#:CVF*(?!Ch[D\\!!!0/@VfsmCJJ;TAI;LICi4B;+Dbt/!!","5121":"!<d@[F*I`$#64c-E,TfC)uos=!<d@[F*\\JG#64o6@VfsmCI<#NAIW-_Bldj%ARo7dDe!Pj$Zg3(G@Pc)DeWa'%fcS0i:&?!iUh!fiqTYVj8A<FckAPBd2.32dmH7ue44oeeoNtSf6;WCfqU\\1g8B?!gs\\Cdh:I&Tht&u2$P@#lDfor.;f6Mt6ZljVBk28pz\"RlBl)\"7M,,;9*\"2fJa\"qlg&(;_S1UB5dhUs6p!oK.m93QZ)p4ZS2@fa)D\"gj\"LHDpM^*?$#O*mATDKnCi]UW!!#h8!!!$*Ec6&.FD5Z2z$O:0a@W,skEteTS!72hu!72oR!73$0!73-c!737A!73@t!8o\"A!8o+t!8o5R!8o?0!8oHc!7UEH!7UL%!7UUX!7U_6!7Uhi!7UrG!9@Pe!9g*T!:8YC!!ipCD/\")jBk1d@DZKh<#RPQdA7\\\\XCh[D\\!!!98F(o/r6#:CVF*(?!Ch[D\\!!!0/@VfsmCJJ;TAI;LICi4B;+Dbt/!!","6145":"!<d@[F*I`$#64c-E,TfC)uos=!<d@[F*\\MH#64o6@VfsmCI<#NAIW-_Bldj%ARo7dDe!Pj$Zg3(G@Pc)DeWa'&HDe2ol0p2qP#VCqt!#Pi'KU-kjTVnl&mY!lD/:tlgcY.m.>/qmJ*gamelJQfTSGufp@*egW+^BgrmA2hY2Euhtt(e$P@#lDfor.;f6Mt6ZljVBk28lz5S*nr7.:0^Jfk%\"P[FIuUG)ZUZsWkBaIiMBf5L^\"l`^@\"s6p!r$#O*mATDKnCi]XX!!#h8!!(If!!!$*Ec6&.FD5Z2z$O:0a@W,skEu\"`U!7:3U!7:=3!7:Ff!7:M3!T3s\\!V#lf!T>^r!9#2`!9*aV!Ra%-!9-*>!:hFC!:qm?!9?D*!VH\"[!9IUK!9g)9!:8Vb!:7R_!U\\m,!:TMC!:T]C!!ipCD/\")jBk1d@DZKh<#RPQdA7\\\\XCh[D\\!!!98F(o/r6#:CVF*(?!Ch[D\\!!!0/@VfsmCJJ;TAI;LICi4B;+Dbt/!!","7169":"!<d@[F*I`$#64c-E,TfC)uos=!<d@[F*\\PI#64o6@VfsmCI<#NAIW-_Bldj%ARo7dDe!Pj$Zg3(G@Pc)DeWa'!<<*\"i:9&3$P@#lDfor.;f6Mt6ZljVBk2;C!!!!0n,NFuhuE`dci=%S^]4?BYQ+Y1TE\"ruO8o7dJ,fQSDu]kB?iU01:]LIu5QCcd0E;(S+92BB&-)\\1!!!!0nIP[1i=Gtud1?9d_%6SSYn-mBTb%21OUqKuJIhedE=`*S@1WDB;%N^15nF\"u0b=<d+V4VS&J+pB!>#5AoKWBdj?N\\Se3F!B`'=;1Zp4TuUd+ndPX#3SKKoMBF?fg1A3^+u<'UEd6pL_S1dD$B,X;>1'L2Wu\"@)qtohYVuj\\PpdePH5S`D?OB[86i1V,.-uPu%GdKhqaSF\\i&BAP`@1<DWYu78Nsd2,F8S,u=RB'i4l1\"],10p0[k1k$S/uemJId`aAcS[U9(BVI0B1Q='[uL0sudG$k:SAmbTB<aYn17UQ2u2IHLd-=?fS(17+B#%.EApM^*BkAUD1f5L]ua)D\"d[r;<SVf2VBQZ)p1LN!4uGAmNdB5dhS=)\\-B7rSG12fJ`u-ZB%d(N9?S#B0YRpj`>Sk^WXBfRNr1aFF6u\\:=PdW.4jSR\",/BLk#I1G^obuBRg'd=F^AS8:U[B3.Lu1.\"D9u(k;Sd#_2mcq2bRdl&YlSfoQ1BacHK1\\W?duWK7)dR?.CSM3%]BH&r\"1Boi;u=c`Ud8WWoS3KO4B.?FN1)3=gu$'5,tqOdfulC\\+dg7SESb+J_B\\tB$1Wh9=uR\\0WdMP'qSHCt6BC7kP1>+biu8tZ.d3hQHS.\\HbB)P@'1$D7A0qlg&1l`^?ugTUYdbHLsS]<D8BX0;R1S$2kuMm*0dHa!JSCTmdB>He)19<\\Bu40S\\d/$K!S)mB;B$a9UAr4i:Bm(`T1gqWmubeO2d]YFLSXM=fBSA5+1N5,DuI)#^dCqp#S>eg=B9Y^W14MUpu/AM5d*5DOS%);iRrQkNSmEbhBh9Z-1c-QFu^!H`dXj@%SS^7?BNR.Y1IF%ruD9r7d?-iQS:!`kB4jX01/^OIu*RFcd%F>(crnmbdmbe'ShV\\ABcJS[1^>JtuY2B9dT&9SSNo0mBIc(21DVtKu?Jked:>c*S52ZDB0&Q^1*oI\"u%c@<ts6p!un*g;dhs^UScgUoB^[M41YODMuTC;gdO73,SJ+*FBDt!`1?gn$u:[e>d5O\\XS0CSrB+7K71&+BQ,$#O*mATDKnCi]UW!!#h8!!!$*Ec6&.FD5Z2z$O:0a@W,skErc7@!7ES#!!ipCD/\")jBk1d@DZKh<#RPQdA7\\\\XCh[D\\!!!98F(o/r6#:CVF*(?!Ch[D\\!!!0/@VfsmCJJ;TAI;LICi4B;+Dbt/!!","1050625":"!<d@[F*I`$#64c-E,TfC*<6'>!<d@[F*\\AD#64o6@VfsmCI<#NAJ8TmDfREaGV`u@FCd%J@;Kh(F9DqkDffE0AQ_o>AD7Vd5R@X5E+NouA,loFBl8**Ecai\\DIdQpErc:MCh74#6uR!a:iCDW!<<*\"!=WdUAopFZDfSZmF'/JC!!!$.Ch74#6uR!a:iCDYz!!","1052673":"!<d@[F*I`$#64c-E,TfC*<6'>!<d@[F*\\GF#64o6@VfsmCI<#NAJ8NaA1`\"DDe(G5ART+$DJsQ;BEAc_Dfor>ARn,Q7;d3]FEpGgzz\"VPZjF`);4A3tQ<CghU#E`Hga!!!","1053697":"!<d@[F*I`$#64c-E,TfC*<6'>!<d@[F*\\JG#64o6@VfsmCI<#NAIW-_Bldj%ARo7dDe!Pj$Zg3(G@Pc)DeWa'#QOi)on38EpOFmsj?rnHemL'0YVJ9?Zr/CSUGVfI:aG]6$P@#lDfor.;f6Mt6ZljVBk28dz:_3U5nF-Dc$#O*mATDKnCi]XX!!')?!!$=7!!!$*Ec6&.FD5Z2z$O:0a@W,skEtSHQ!!>=U!)b3;!*&^c!4\"`a!Fu#L!!N2+!4\")d!OMO6!9<pi!!4OD!)khQ!;#rg!!!h+!!Dt[!+P\\k!4!uC!8o5c!9<g6!!ipCD/\")jBk1d@DZKh<#RPQdA7\\\\XCh[D\\!!!98F(o/r6#:CVF*(?!Ch[D\\!!!0/@VfsmCJJ;TAIDRJCi4B;+EM@-@K6","1054721":"!<d@[F*I`$#64c-E,TfC*<6'>!<d@[F*\\MH#64o6@VfsmCI<#NAIW-_Bldj%ARo7dDe!Pj$Zg3(G@Pc)DeWa'\"TSN&^%+5bXMR!uS$G$S>,(Zi>P.Rg$P@#lDfor.;f6Mt6ZljVBk2:d!!!!0n,NFuhuE`dci=%S^]4?BYQ+Y1TE\"ruO8o7dJ,fQSDu]kB?iU01:]LIu5QCcd0E;(S+92BB&-)\\1!!!!0nIP[1i=Gtud1?9d_%6SSYn-mBTb%21OUqKuJIhedE=`*S@1WDB;%N^15nF\"u0b=<d+V4VS&J+pB!>#5;Ors`1Jfk$uEZb>d@NYXS;BPrB66H711*?Pu+s6jd&g./S![%ILP:utBK.m91F\"dRu@k[ld;_S1S6SJKB1GAe1,;9)u'/0Cd\"#']]PX#3SKKoMBF?fg1A3^+u<'UEd6pL_S1dD$B,X;>1'L2Wu\"@)qnPu%GdKhqaSF\\i&BAP`@1<DWYu78Nsd2,F8S,u=RB'i4l1\"],1*Q='[uL0sudG$k:SAmbTB<aYn17UQ2u2IHLd-=?fS(17+B#%.E;QZ)p1LN!4uGAmNdB5dhS=)\\-B7rSG12fJ`u-ZB%d(N9?S#B0YLR\",/BLk#I1G^obuBRg'd=F^AS8:U[B3.Lu1.\"D9u(k;Sd#_2m]R?.CSM3%]BH&r\"1Boi;u=c`Ud8WWoS3KO4B.?FN1)3=gu$'5,nR\\0WdMP'qSHCt6BC7kP1>+biu8tZ.d3hQHS.\\HbB)P@'1$D7A*S$2kuMm*0dHa!JSCTmdB>He)19<\\Bu40S\\d/$K!S)mB;B$a9U;SA5+1N5,DuI)#^dCqp#S>eg=B9Y^W14MUpu/AM5d*5DOS%);iLS^7?BNR.Y1IF%ruD9r7d?-iQS:!`kB4jX01/^OIu*RFcd%F>(]T&9SSNo0mBIc(21DVtKu?Jked:>c*S52ZDB0&Q^1*oI\"u%c@<nTC;gdO73,SJ+*FBDt!`1?gn$u:[e>d5O\\XS0CSrB+7K71&+BQ,$#O*mATDKnCi]XX!!(If!!$=7!!!$*Ec6&.FD5Z2z$O:0a@W,skEsMaG!!4HH!)i;T!+IcV!MVA2!O=C0!<Y#D!)rPj!!Mp^!!ipCD/\")jBk1d@DZKh<#RPQdA7\\\\XCh[D\\!!!98F(o/r6#:CVF*(?!Ch[D\\!!!0/@VfsmCJJ;TAIDRJCi4B;+EM@-@K6","2102273":"!<d@[F*I`$#64c-E,TfC*WQ0?!<d@[F*\\JG#64o6@VfsmCI<#NAIW-_Bldj%ARo7dDe!Pj$#O*mATDKnCi]XX!!$mV!!)Hr!!!$*Ec6&.FD5Z2z$O:0a@W,skEruCB!!!:U!<F$f!<DkD!!ipCD/\")jBk1d@DZKh<#RPQdA7\\\\XCh[D\\!!!98F(o/r6#:CVF*(?!Ch[D\\!!!0/@VfsmCJJ;TAILn>Earc*E,8s#CNBI","3150849":"!<d@[F*I`$#64c-E,TfC*rl9@!<d@[F*\\JG#64o6@VfsmCI<#NAIW-_Bldj%ARo7dDe!Pj$#O*mATDKnCi]XX!!$mV!!)Hr!!!$*Ec6&.FD5Z2z$O:0a@W,skEruCB!!)bC!8n-D!V%\"f!=0$DD/\")jBk1d@DZKh<#RPQdA7\\\\XCh[D\\!!!98F(o/r6#:CVF*(?!Ch[D\\!!!0/@VfsmCJJ;TAILn>Earc*E,8s#CNBI","4195329":"!<d@[F*I`$#64c-E,TfC+92BA!<d@[F*\\>C#64o6@VfsmCI<#NAIW-_Bldj%ARo7dDe!Pj$#O*mATDKnCi]j^!!%6`!!%`n!!)Hr!!$p>!!$d8!!%`S!!#dq!!\"Gb!!!$*Ec6&.FD5Z2z$O:0a@W,skF\"..i!'gQ1!'gdB!'h\"S!)NY!#>bHo!Dt!d!)Y+t!)Y?0!+?uS#@SeL!FntR!+T)b!+T<s!-:sA#BNc:!I!u\\!-\\*l!-\\>(!/BtK#DVdD!GIQ\"!,.Mg!-j]?!-jpP!-k.1!\"SKP!Zp8&!ZpkU\"Wl\\\\!^?,f#!VT&\"A\\J4!e0VD!.OMu!$C\\3\"X!=k\"[DJY#!_]8##F^k!`/DE!akID!cRTU!!ipCD/\")jBk1d@DZKh<#RPQdA7\\\\XCh[D\\!!!98F(o/r6#:CVF*(?!Ch[D\\!!!0/@VfsmCJJ;TAIV^LCi4B;+E2.*DJO:n","4196353":"!<d@[F*I`$#64c-E,TfC+92BA!<d@[F*\\AD#64o6@VfsmCI<#NAIW-_Bldj%ARo7dDe!Pj$#O*mATDKnCi]XX!!%6`!!%`n!!!$*Ec6&.FD5Z2z$O:0a@W,skEsMaG!)N[g!F[,E!HV*3!J^+=!<DU7!)`53!+YLF!-[iZ!!ipCD/\")jBk1d@DZKh<#RPQdA7\\\\XCh[D\\!!!98F(o/r6#:CVF*(?!Ch[D\\!!!0/@VfsmCJJ;TAIV^LCi4B;+E2.*DJO:n","4197377":"!<d@[F*I`$#64c-E,TfC+92BA!<d@[F*\\DE#64o6@VfsmCI<#NAIW-_Bldj%ARo7dDe!Pj$#O*mATDKnCi]XX!!%`n!!%6`!!!$*Ec6&.FD5Z2z$O:0a@W,skEshsJ!)N[g!+@#D!-;!2!/C\"<!&,DB!CAp!!Dsie!E=Ht!Fn7C!GMD_!HrkB!=0$DD/\")jBk1d@DZKh<#RPQdA7\\\\XCh[D\\!!!98F(o/r6#:CVF*(?!Ch[D\\!!!0/@VfsmCJJ;TAJ@[DEb&a!ARlonCghT3-r=VqCFK5","4198401":"!<d@[F*I`$#64c-E,TfC+92BA!<d@[F*\\GF#64o6@VfsmCI<#NAIW-_Bldj%ARo7dDe!Pj$#O*mATDKnCi]UW!!%`n!!!$*Ec6&.FD5Z2z$O:0a@W,skEs)IC!)N[g!+@#D!-;!2!/C\"<!!ipCD/\")jBk1d@DZKh<#RPQdA7\\\\XCh[D\\!!!98F(o/r6#:CVF*(?!Ch[D\\!!!0/@VfsmCJJ;TAJ@[DEb&a!ARlonCghT3-r=VqCFK5","4199425":"!<d@[F*I`$#64c-E,TfC+92BA!<d@[F*\\JG#64o6@VfsmCI<#NAIW-_Bldj%ARo7dDe!Pj$#O*mATDKnCi]j^!!%6`!!%`n!!)Hr!!$p>!!$d8!!%`S!!#dq!!\"Gb!!!$*Ec6&.FD5Z2z$O:0a@W,skF!(G_!\"Sqr!Zph&![%I6\"&Jje!`0F##@T:Z#ABIu!-;NA#DW9R#9N9m\"!@L$\"[E\"H#!`XY!)DnA!`/mY!DtH1!+5]d!b!56!FoEt!,qi!!-;!\"!HrnS!.+%q!/C\",!C-P3\"<QpI![%?X!s&(K!)`KE!+U5-!,D7`!-WRA!!ipCD/\")jBk1d@DZKh<#RPQdA7\\\\XCh[D\\!!!98F(o/r6#:CVF*(?!Ch[D\\!!!0/@VfsmCJJ;TAIV^LCi4B;+E2.*DJO:n","1026":"!<d@[F*Ic%#64c-E,TfC)uos=!<d@[F*\\>C#64o6@VfsmCI<#NAIW-_Bldj%ARo7dDe!Pj$#O*mATDKnCi]UW!!%6`!!!$*Ec6&.FD5Z2z$O:0a@W,skF!L_c!5K'B!71WB!8n@e!:Tpe!:fFU!3cap!5J<p!2'\\Q!3c7Q!:UES!<;uS!0@N/!2')/!5K#e!71Se!.Y?b!0?ob!3tb\"!,r(=!.XX=!+6\"s!,qRs!)NiQ!+5DQ!'g[/!)N6/!-.(D!&+C_!'fs_!$D>@!&*n@!\"]/s!$C_s!!!!Q!\"\\QQ!&<Cf!!ipCD/\")jBk1d@DZKh<#RPQdA7\\\\XCh[D\\!!!98F(o/r6#:CVF*(?!Ch[D\\!!!0/@VfsmCJJ;TAIV^LCi4B;+E2.*DJO:n","2050":"!<d@[F*Ic%#64c-E,TfC)uos=!<d@[F*\\AD#64o6@VfsmCI<#NAIW-_Bldj%ARo7dDe!Pj$#O*mATDKnCi][Y!!')?!!\";S!!#h8!!!$*Ec6&.FD5Z2z$O:0a@W,skEu=rX!2086!3l@4!3lFV!7:6f!7:@D!7:J\"!78<j!78FH!8o\"!!q>\\$!98#.!95dT!9@Sf!p=PE!9g*T!pf=c!:-m2!1`B.!NbRg!Nb_V!Sm\"s!USeE!oNjf!8mbB!:TG!!!ipCD/\")jBk1d@DZKh<#RPQdA7\\\\XCh[D\\!!!98F(o/r6#:CVF*(?!Ch[D\\!!!0/@VfsmCJJ;TAIDRJCi4B;+EM@-@K6","3074":"!<d@[F*Ic%#64c-E,TfC)uos=!<d@[F*\\DE#64o6@VfsmCI<#NAIW-_Bldj%ARo7dDe!Pj$#O*mATDKnCi]UW!!#h8!!!$*Ec6&.FD5Z2z$O:0a@W,skEteTS!72i0!72rc!73'A!730t!73:R!73Cu!8o%R!8o/0!8o8c!8oBA!8oKt!7UEX!7UO6!7UXi!7UbG!7Ul%!7UuH!9@Pe!9g*T!:8YC!!ipCD/\")jBk1d@DZKh<#RPQdA7\\\\XCh[D\\!!!98F(o/r6#:CVF*(?!Ch[D\\!!!0/@VfsmCJJ;TAI;LICi4B;+Dbt/!!","4098":"!<d@[F*Ic%#64c-E,TfC)uos=!<d@[F*\\GF#64o6@VfsmCI<#NAIW-_Bldj%ARo7dDe!Pj$#O*mATDKnCi]UW!!#h8!!!$*Ec6&.FD5Z2z$O:0a@W,skEteTS!72hu!72oR!73$0!73-c!737A!73@t!8o\"A!8o+t!8o5R!8o?0!8oHc!7UEH!7UL%!7UUX!7U_6!7Uhi!7UrG!9@Pe!9g*T!:8YC!!ipCD/\")jBk1d@DZKh<#RPQdA7\\\\XCh[D\\!!!98F(o/r6#:CVF*(?!Ch[D\\!!!0/@VfsmCJJ;TAI;LICi4B;+Dbt/!!","5122":"!<d@[F*Ic%#64c-E,TfC)uos=!<d@[F*\\JG#64o6@VfsmCI<#NAIW-_Bldj%ARo7dDe!Pj$Zg3(G@Pc)DeWa'%fcS0i:&?!iUh!fiqTYVj8A<FckAPBd2.32dmH7ue44oeeoNtSf6;WCfqU\\1g8B?!gs\\Cdh:I&Tht&u2$P@#lDfor.;f6Mt6ZljVBk28pz\"RlBl)\"7M,,;9*\"2fJa\"qlg&(;_S1UB5dhUs6p!oK.m93QZ)p4ZS2@fa)D\"gj\"LHDpM^*?$#O*mATDKnCi]UW!!#h8!!!$*Ec6&.FD5Z2z$O:0a@W,skEteTS!72hu!72oR!73$0!73-c!737A!73@t!8o\"A!8o+t!8o5R!8o?0!8oHc!7UEH!7UL%!7UUX!7U_6!7Uhi!7UrG!9@Pe!9g*T!:8YC!!ipCD/\")jBk1d@DZKh<#RPQdA7\\\\XCh[D\\!!!98F(o/r6#:CVF*(?!Ch[D\\!!!0/@VfsmCJJ;TAI;LICi4B;+Dbt/!!","6146":"!<d@[F*Ic%#64c-E,TfC)uos=!<d@[F*\\MH#64o6@VfsmCI<#NAIW-_Bldj%ARo7dDe!Pj$Zg3(G@Pc)DeWa'&c_n3ol0p2qQ8WTqlnBHr;=k@i(Vu-kb'O.l(i1slDUicli$5Om-lV-mIY8rmeEpbfTSGufp@*egX#fugqu8ThX`l1htMO!$P@#lDfor.;f6Mt6ZljVBk28kz5d14h:@J5hK^\\sJR.((_UG)ZV`394NdkCb3kAUD3qlg&.$#O*mATDKnCi]XX!!#h8!!(If!!!$*Ec6&.FD5Z2z$O:0a@W,skEteTS!72i0!72rc!73'A!7:M3!T5.S!8o/0!8o8c!9![V!V\"$'!:]cE!RpNY!7UO6!7UXi!9@OJ!9g)9!8Q<,!:8X(!:8J>!;sVs!<(GT!!ipCD/\")jBk1d@DZKh<#RPQdA7\\\\XCh[D\\!!!98F(o/r6#:CVF*(?!Ch[D\\!!!0/@VfsmCJJ;TAI;LICi4B;+Dbt/!!","7170":"!<d@[F*Ic%#64c-E,TfC)uos=!<d@[F*\\PI#64o6@VfsmCI<#NAIW-_Bldj%ARo7dDe!Pj$Zg3(G@Pc)DeWa'!<<*\"i;DF3$P@#lDfor.;f6Mt6ZljVBk2;C!!!!0n,NFuhuE`dci=%S^]4?BYQ+Y1TE\"ruO8o7dJ,fQSDu]kB?iU01:]LIu5QCcd0E;(S+92BB&-)\\1!!!!0nIP[1i=Gtud1?9d_%6SSYn-mBTb%21OUqKuJIhedE=`*S@1WDB;%N^15nF\"u0b=<d+V4VS&J+pB!>#5AnfRoBiZJ41dNAMu_B8gdZ60,SU*'FBOrs`1Jfk$uEZb>d@NYXS;BPrB66H711*?Pu+s6jd&g./S![%IRo.U.Sj\"LHBdkCb1__;&uZS2@dUG)ZSP:utBK.m91F\"dRu@k[ld;_S1S6SJKB1GAe1,;9)u'/0Cd\"#']coKWBdj?N\\Se3F!B`'=;1Zp4TuUd+ndPX#3SKKoMBF?fg1A3^+u<'UEd6pL_S1dD$B,X;>1'L2Wu\"@)qtohYVuj\\PpdePH5S`D?OB[86i1V,.-uPu%GdKhqaSF\\i&BAP`@1<DWYu78Nsd2,F8S,u=RB'i4l1\"],10p0[k1k$S/uemJId`aAcS[U9(BVI0B1Q='[uL0sudG$k:SAmbTB<aYn17UQ2u2IHLd-=?fS(17+B#%.EApM^*BkAUD1f5L]ua)D\"d[r;<SVf2VBQZ)p1LN!4uGAmNdB5dhS=)\\-B7rSG12fJ`u-ZB%d(N9?S#B0YRpj`>Sk^WXBfRNr1aFF6u\\:=PdW.4jSR\",/BLk#I1G^obuBRg'd=F^AS8:U[B3.Lu1.\"D9u(k;Sd#_2mcq2bRdl&YlSfoQ1BacHK1\\W?duWK7)dR?.CSM3%]BH&r\"1Boi;u=c`Ud8WWoS3KO4B.?FN1)3=gu$'5,tqOdfulC\\+dg7SESb+J_B\\tB$1Wh9=uR\\0WdMP'qSHCt6BC7kP1>+biu8tZ.d3hQHS.\\HbB)P@'1$D7A0qlg&1l`^?ugTUYdbHLsS]<D8BX0;R1S$2kuMm*0dHa!JSCTmdB>He)19<\\Bu40S\\d/$K!S)mB;B$a9UArnmbdmbe'ShV\\ABcJS[1^>JtuY2B9dT&9SSNo0mBIc(21DVtKu?Jked:>c*S52ZDB0&Q^1*oI\"u%c@<ts6p!un*g;dhs^UScgUoB^[M41YODMuTC;gdO73,SJ+*FBDt!`1?gn$u:[e>d5O\\XS0CSrB+7K71&+BQ,$#O*mATDKnCi]UW!!#h8!!!$*Ec6&.FD5Z2z$O:0a@W,skErc7@!8Ps#!!ipCD/\")jBk1d@DZKh<#RPQdA7\\\\XCh[D\\!!!98F(o/r6#:CVF*(?!Ch[D\\!!!0/@VfsmCJJ;TAI;LICi4B;+Dbt/!!","1050626":"!<d@[F*Ic%#64c-E,TfC*<6'>!<d@[F*\\AD#64o6@VfsmCI<#NAJ8TmDfREaGV`u@FCd%J@;Kh(F9DqkDffE0AQ_o>AD7Vd5R@X5E+NouA,loFBl8**Ecai\\DIdQpErZ4MEbT0\"F@:%cE_p[q=TAF$rrERLBkM+$6uR!a:iCDXz!=a'`B4uBTDf9YmDf](^z","1052674":"!<d@[F*Ic%#64c-E,TfC*<6'>!<d@[F*\\GF#64o6@VfsmCI<#NAIW-_Bldj%ARo7dDe!Pj$Zg3(G@Pc)DeWa'#64`(n`9]Me&![:gqu8T[UC*T[t\"hd\\WIg2Pd<@M$P@#lDfor.;f6Mt6ZljVBk28jz+><ct:_3U2?iU03JIhefn,NFqnIP[0nh:%So^Dhg$#O*mATDKnCi]XX!!(If!!$=7!!!$*Ec6&.FD5Z2!2'Jq$O:0a@W,skF!Ued!!2.G!<Er)!>-#A!>-FR!V$on!<UgI!#!dI!$W[Y!.s9&!Ko96!2;@>!2ABM!:o2H!V5^Z!HZa\\!0b8O!0b;\\!2D>5!0ku)!2SE=!9D\\F!(LKe!OcDU!Cqc!!OmRe!D/MD!P+=3!Na2P!%l\\i!3Oba!\"S*f!=n8]!?U;l!?U\\!!A<j?!M8@I!WM3L!=0$DD/\")jBk1d@DZKh@#RPQdA7\\\\XCh[D\\!&OrlF(o/r6#:CVF*(?!Ch[D\\!!EH3@VfsmCJJ;TAIV^LCi4B;+E2.*DJO;$(L_JqBl$LPFCfK,@;Je`@;^1$FD5<-!WW3#!\"],1!\"],1!!","1053698":"!<d@[F*Ic%#64c-E,TfC*<6'>!<d@[F*\\JG#64o6@VfsmCI<#NAIW-_Bldj%ARo7dDe!Pj$#O*mATDKnCi]XX!!')?!!$=7!!!$*Ec6&.FD5Z2z$O:0a@W,skEtSHQ!\"@'D!)U/t!+\"4L!5.+a!FX*n!!'X<!3jMW!57*u!T;,7!\"IPU!*mR@!:\\%4!!('(!\"Sao!+=EI!57!T!9!U3!<)YQ!!ipCD/\")jBk1d@DZKh<#RPQdA7\\\\XCh[D\\!!!98F(o/r6#:CVF*(?!Ch[D\\!!!0/@VfsmCJJ;TAIDRJCi4B;+EM@-@K6","1054722":"!<d@[F*Ic%#64c-E,TfC*<6'>!<d@[F*\\MH#64o6@VfsmCI<#NAIW-_Bldj%ARo7dDe!Pj$Zg3(G@Pc)DeWa'\"TSN&>4Ap\"^&6UbXN]AuS%RDS>--6S$P@#lDfor.;f6Mt6ZljVBk2:d!!!!*O8o7dJ,fQSDu]kB?iU01:]LIu5QCcd0E;(S+92BB&-)\\1!!!!*OUqKuJIhedE=`*S@1WDB;%N^15nF\"u0b=<d+V4VS&J+pB!>#5;Ors`1Jfk$uEZb>d@NYXS;BPrB66H711*?Pu+s6jd&g./S![%ILP:utBK.m91F\"dRu@k[ld;_S1S6SJKB1GAe1,;9)u'/0Cd\"#']]PX#3SKKoMBF?fg1A3^+u<'UEd6pL_S1dD$B,X;>1'L2Wu\"@)qnPu%GdKhqaSF\\i&BAP`@1<DWYu78Nsd2,F8S,u=RB'i4l1\"],1*Q='[uL0sudG$k:SAmbTB<aYn17UQ2u2IHLd-=?fS(17+B#%.E;QZ)p1LN!4uGAmNdB5dhS=)\\-B7rSG12fJ`u-ZB%d(N9?S#B0YLR\",/BLk#I1G^obuBRg'd=F^AS8:U[B3.Lu1.\"D9u(k;Sd#_2m]R?.CSM3%]BH&r\"1Boi;u=c`Ud8WWoS3KO4B.?FN1)3=gu$'5,nR\\0WdMP'qSHCt6BC7kP1>+biu8tZ.d3hQHS.\\HbB)P@'1$D7A*S$2kuMm*0dHa!JSCTmdB>He)19<\\Bu40S\\d/$K!S)mB;B$a9U;SA5+1N5,DuI)#^dCqp#S>eg=B9Y^W14MUpu/AM5d*5DOS%);iLS^7?BNR.Y1IF%ruD9r7d?-iQS:!`kB4jX01/^OIu*RFcd%F>(crnmbdmbe'ShV\\ABcJS[1^>JtuY2B9dT&9SSNo0mBIc(21DVtKu?Jked:>c*S52ZDB0&Q^1*oI\"u%c@<ts6p!un*g;dhs^UScgUoB^[M41YODMuTC;gdO73,SJ+*FBDt!`1?gn$u:[e>d5O\\XS0CSrB+7K71&+BQ,$#O*mATDKnCi]XX!!(If!!$=7!!!$*Ec6&.FD5Z2z$O:0a@W,skEsVgH!!'r+!)V$\"!)V3G!\"?Y\"!,U.V!Naa2!PHc0!=dRY!+\")C!!ipCD/\")jBk1d@DZKh<#RPQdA7\\\\XCh[D\\!!!98F(o/r6#:CVF*(?!Ch[D\\!!!0/@VfsmCJJ;TAIDRJCi4B;+EM@-@K6","2101250":"!<d@[F*Ic%#64c-E,TfC*WQ0?!<d@[F*\\GF#64o6@VfsmCI<#NAIW-_Bldj%ARo7dDe!Pj$Zg3(G@Pc)DeWa'!WW3#oX)@5r:c6P$P@#lDfor.;f6Mt6ZljVBk28gzn1XhC2\"1JJr9s[poO%Y.q60i,$#O*mATDKnCi]UW!!\"Gb!!!$*Ec6&.FD5Z2!2'Jq$O:0a@W,skEtJBP!2N,D!;*Y5!0pWB!7b/1!/?hr!4HNu!9T&s!2kU0!69;B!4eGU!1KgB!3<Se!6iKC!;uSP!:BN@!7'bd!5J8d!!ipCD/\")jBk1d@DZKh<#RPQdA7\\\\XCh[D\\!!!98F(o/r6#:CVF*(?!Ch[D\\!!!0/@VfsmCJJ;TAIDRJCi4B;+EM@-@LE]bEbT0#DII?KF^f9'A9.bO!!%Q=rr<EC@<Q'nCe\\>[ATDKnCf,=`DKKT7Bk;>dz#QOi)","2102274":"!<d@[F*Ic%#64c-E,TfC*WQ0?!<d@[F*\\JG#64o6@VfsmCI<#NAIW-_Bldj%ARo7dDe!Pj$#O*mATDKnCi]XX!!$mV!!)Hr!!!$*Ec6&.FD5Z2z$O:0a@W,skEruCB!!)bC!\"SdS!?_)f!=0$DD/\")jBk1d@DZKh<#RPQdA7\\\\XCh[D\\!!!98F(o/r6#:CVF*(?!Ch[D\\!!!0/@VfsmCJJ;TAILn>Earc*E,8s#CNBI","3149826":"!<d@[F*Ic%#64c-E,TfC*rl9@!<d@[F*\\GF#64o6@VfsmCI<#NAI<6^DKKH1DCp!M\"UJsRFCfK,@;H-XDfBZ,EWlY`Bl7X&B*E6j@;0T_\"_VX[F)qP*F^]<4H3=OkATMNNDJ*csgCHk@!!","3150850":"!<d@[F*Ic%#64c-E,TfC*rl9@!<d@[F*\\JG#64o6@VfsmCI<#NAIW-_Bldj%ARo7dDe!Pj$#O*mATDKnCi]XX!!$mV!!)Hr!!!$*Ec6&.FD5Z2z$O:0a@W,skEruCB!!)bC!<2bS!UofD!=0$DD/\")jBk1d@DZKh<#RPQdA7\\\\XCh[D\\!!!98F(o/r6#:CVF*(?!Ch[D\\!!!0/@VfsmCJJ;TAILn>Earc*E,8s#CNBI","4195330":"!<d@[F*Ic%#64c-E,TfC+92BA!<d@[F*\\>C#64o6@VfsmCI<#NAIW-_Bldj%ARo7dDe!Pj$#O*mATDKnCi]j^!!%6`!!%`n!!)Hr!!$p>!!$d8!!%`S!!#dq!!\"Gb!!!$*Ec6&.FD5Z2z$O:0a@W,skF!gqf!!!Qa!Y>>e\"Y]oi\"u$Z7\">Bp6#!`_V!`/nD!al$V!,rJS!,rT1!-\"9[!-\"Ll!.^.:#Cqs3!>,kF!YH\"g\"VDD(!\\k9##'#bQ!+p0T!+p6E!-WEr!-WY.!-Wkd!,B=s!,BQ/!,Bd@!.)Ec#C=5\\!F=Y1!+\"cA!+#!R!,^Wu#ArGn!Di52!)N?B!)NRS!+54!#@I#o!=0$DD/\")jBk1d@DZKh<#RPQdA7\\\\XCh[D\\!!!98F(o/r6#:CVF*(?!Ch[D\\!!!0/@VfsmCJJ;TAIV^LCi4B;+E2.*DJO:n","4196354":"!<d@[F*Ic%#64c-E,TfC+92BA!<d@[F*\\AD#64o6@VfsmCI<#NAIW-_Bldj%ARo7dDe!Pj$#O*mATDKnCi]XX!!%6`!!%`n!!!$*Ec6&.FD5Z2z$O:0a@W,skEsMaG!+56g!H$cg!IDQU!J$:,!<A3/!\".X1!\"\\QE!,B:r!!ipCD/\")jBk1d@DZKh<#RPQdA7\\\\XCh[D\\!!!98F(o/r6#:CVF*(?!Ch[D\\!!!0/@VfsmCJJ;TAIV^LCi4B;+E2.*DJO:n","4197378":"!<d@[F*Ic%#64c-E,TfC+92BA!<d@[F*\\DE#64o6@VfsmCI<#NAIW-_Bldj%ARo7dDe!Pj$#O*mATDKnCi]XX!!%`n!!%6`!!!$*Ec6&.FD5Z2z$O:0a@W,skEshsJ!+56g!,^Zf!.)HT!.^1+!'^>1!DM;!!EblD!F!.e!FG-C!FU<,!Gp!2!=0$DD/\")jBk1d@DZKh<#RPQdA7\\\\XCh[D\\!!!98F(o/r6#:CVF*(?!Ch[D\\!!!0/@VfsmCJJ;TAJ@[DEb&a!ARlonCghT3-r=VqCFK5","4198402":"!<d@[F*Ic%#64c-E,TfC+92BA!<d@[F*\\GF#64o6@VfsmCI<#NAIW-_Bldj%ARo7dDe!Pj$#O*mATDKnCi]UW!!%`n!!!$*Ec6&.FD5Z2z$O:0a@W,skEs)IC!+56g!,^Zf!.)HT!.^1+!!ipCD/\")jBk1d@DZKh<#RPQdA7\\\\XCh[D\\!!!98F(o/r6#:CVF*(?!Ch[D\\!!!0/@VfsmCJJ;TAJ@[DEb&a!ARlonCghT3-r=VqCFK5","4199426":"!<d@[F*Ic%#64c-E,TfC+92BA!<d@[F*\\JG#64o6@VfsmCI<#NAIW-_Bldj%ARo7dDe!Pj$#O*mATDKnCi]m_!!%6`!!%`n!!)Hr!!$p>!!$d8!!%`S!!#dq!!\"Gb!!%`n!!!$*Ec6&.FD5Z2z$O:0a@W,skF!(G_!!\"#.!Y>n6!tcXI!^I1d!al!##A/2S!,_2u#C=_j#CrHA#7q@(\"VDd8\"#(5F\"@4$g!`/dU!)O-d!aY3T!+56W!FQB\"!,Bd@!,^ZV!HDE.!-k't!.)HD!J$9q!AFu3\"qV3\\!tcNj!WZ;W!!_V?!\"\\gW!,.^S!,BQ/!!ipCD/\")jBk1d@DZKh<#RPQdA7\\\\XCh[D\\!!!98F(o/r6#:CVF*(?!Ch[D\\!!!0/@VfsmCJJ;TAIV^LCi4B;+E2.*DJO:n","2051":"!<d@[F*If&#64c-E,TfC)uos=!<d@[F*\\AD#64o6@VfsmCI<#NAIW-_Bldj%ARo7dDe!Pj$#O*mATDKnCi][Y!!')?!!#h8!!$=7!!!$*Ec6&.FD5Z2z$O:0a@W,skF\"mXp!2*T@!3f\\>!3fb`!72lA!RMNe!RN3S!RN=1!RMkT!T5(2!8o(c!T5;B!T5Du!T5NS!T5X1!Uq6S!7E-\"!n&[h!X*6-!#0't!$l,c!&S4T!(:<U!(:Bt!+]Ol!/+c%!;'bc!$tml!**'2!+f5T!-MD!!/4RC!/4eT!0p`e!0pmT!2Wo2!2WuT!4>b+!4?/1!6&0T!6&7!!7b8T!7b?#!7bEC!9I@T!9ISe!;0HT!2aSV!k)mV!k)t#!XK-ED/\")jBk1d@DZKh<#RPQdA7\\\\XCh[D\\!!!98F(o/r6#:CVF*(?!Ch[D\\!!!0/@VfsmCJJ;TAIDRJCi4B;+EM@-@K6","3075":"!<d@[F*If&#64c-E,TfC)uos=!<d@[F*\\DE#64o6@VfsmCI<#NAIW-_Bldj%ARo7dDe!Pj$#O*mATDKnCi][Y!!')?!!#h8!!$=7!!!$*Ec6&.FD5Z2z$O:0a@W,skEu4lW!72i/!RN&c!RMU1!RN9t!RNCR!RMqe!T5),!8nXl!7E3D!n&b%!obWr!#/fR!$l#0!&S4T!(:<R!(:C\"!+]\\[!/,!6!;'i0!*)oC!+f\"C!-M*C!4>X-!;0/!!!ipCD/\")jBk1d@DZKh<#RPQdA7\\\\XCh[D\\!!!98F(o/r6#:CVF*(?!Ch[D\\!!!0/@VfsmCJJ;TAIDRJCi4B;+EM@-@K6","4099":"!<d@[F*If&#64c-E,TfC)uos=!<d@[F*\\GF#64o6@VfsmCI<#NAIW-_Bldj%ARo7dDe!Pj$#O*mATDKnCi]XX!!#h8!!\";S!!!$*Ec6&.FD5Z2z$O:0a@W,skEt&*L!728e!72oR!73$0!72RS!737A!73@t!8o\"A!8o+t!8o5R!8o?0!8oHc!7Du#!R`Bg!=0$DD/\")jBk1d@DZKh<#RPQdA7\\\\XCh[D\\!!!98F(o/r6#:CVF*(?!Ch[D\\!!!0/@VfsmCJJ;TAI;LICi4B;+Dbt/!!","5123":"!<d@[F*If&#64c-E,TfC)uos=!<d@[F*\\JG#64o6@VfsmCI<#NAIW-_Bldj%ARo7dDe!Pj$Zg3(G@Pc)DeWa')uos=o/0kToMR=BpN9gCr7#WbrSfI1i%Qb`jR=2jk/&_Nmc86cn+&(2d1opeeQ#lT_BiFe__Xsd`'mo2YQ\\52Z6N!BZpRId[UiYC\\@#N@>I6g!8u+iT3Kul2-\\Oed.#)12&/7D1&S>GO'kBT1$P@#lDfor.;f6Mt6ZljVBk28gz'/0Cep[A.do.U.N[U9(GoO%Y,$#O*mATDKnCi]^Z!!')?!!#h8!!\";S!!%Nh!!!$*Ec6&.FD5Z2z$O:0a@W,skF#F!u!2*T@!3f\\>!3fb`!72<1!RMNe!RMXC!RMb!!RMkT!T4M!!T4VT!T4`2!T4ie!T4sC!T5(!!R`,E!n&?\"!R`?T!R`I4!n&[f!TG43!9,5p!9,R/!!I$+!#0't!$l,c!&S4T!(:<U!(:Bt!+]Ol!/+c%!;'bc!$tml!**'2!+f5T!-MD!!/4RC!/4eT!0p`e!0pmT!2Wo2!2WuT!4>b+!4?/1!6&0T!6&7!!7b8T!7b?#!7bEC!9I@T!9ISe!;0HT!2aSV!k)mV!k)t#!XK-ED/\")jBk1d@DZKh<#RPQdA7\\\\XCh[D\\!!!98F(o/r6#:CVF*(?!Ch[D\\!!!0/@VfsmCJJ;TAIDRJCi4B;+EM@-@K6","6147":"!<d@[F*If&#64c-E,TfC)uos=!<d@[F*\\MH#64o6@VfsmCI<#NAIW-_Bldj%ARo7dDe!Pj$Zg3(G@Pc)DeWa'&HDe2n-H2tnN!cQni2[1ohZ/!huJ3+iZKiRjC`oA[8KWt<('.T<b+W!6pid27Un7T1dWDe2/&0R2I[m2,X;tB-=@Gd$P@#lDfor.;f6Mt6ZljVBk28gzqsXRe2/iNt0L,U@qOdfnn;mVX$#O*mATDKnCi]^Z!!')?!!#h8!!\";S!!%Nh!!!$*Ec6&.FD5Z2z$O:0a@W,skF!:Sa!72i0!RMKT!RMU\"!RMX2!RNfs!8o%R!T581!T433!8o8c!T5uA!:Vt/!9#;S!R`2g!obPE!TQ/\"!!H\\k!u,,U!#/n)\"!h>3!$jsq\"#OOW!&SAQ\"%6WU!(:C\"!+]\\[!/,!6!;'i0!$u3>\"'&5F!+f\"C!-M*C!4>X-!;0/!!%)5C!sf6FD/\")jBk1d@DZKh<#RPQdA7\\\\XCh[D\\!!!98F(o/r6#:CVF*(?!Ch[D\\!!!0/@VfsmCJJ;TAIDRJCi4B;+EM@-@K6","1050627":"!<d@[F*If&#64c-E,TfC*<6'>!<d@[F*\\AD#64o6@VfsmCI<#NAIW-_Bldj%ARo7dDe!Pj$Zg3(G@Pc)DeWa'#64`(Os9]%ASLi<<G.!c5n`ei7:]p/-\"A\\1#%A\\T$P@#lDfor.;f6Mt6ZljVBk28ez!q60nn.5R)o'cVe$#O*mATDKnCi]XX!!')?!!$=7!!!$*Ec6&.FD5Z2z$O:0a@W,skEu\"`U!!!QP!!*`)!!4EF!<Ok6!E('9!2;.h!(/SG!CK$7!M_FM!!Hab!#/p0!$l,T!&S4S!&S:u!(:IR!*!\\+!0flW!L-=G!TZNG!!QGC!!QWG!#8OC!!ipCD/\")jBk1d@DZKh<#RPQdA7\\\\XCh[D\\!!!98F(o/r6#:CVF*(?!Ch[D\\!!!0/@VfsmCJJ;TAIDRJCi4B;+EM@-@K6","1051651":"!<d@[F*If&#64c-E,TfC*<6'>!<d@[F*\\DE#64o6@VfsmCI<#NAIW-_Bldj%ARo7dDe!Pj$Zg3(G@Pc)DeWa'#64`(o0E<UOs'Q#<F?OA5nNYg7:JXb-\"TsS'kUkS$P@#lDfor.;f6Mt6ZljVBk28ez!:Tslp[A.fn6c5($#O*mATDKnCi][Y!!')?!!$=7!!*$-!!!$*Ec6&.FD5Z2z$O:0a@W,skEtSHQ!!*Z'!!4Kh!<OqH!E('9!(/Yi!CK*I!M_@K!!HkA!#/s3!$l&2!$l,R!&S.1!(:30!0fs$!L-CY!TZNG!!Q42!#8BT!!ipCD/\")jBk1d@DZKh<#RPQdA7\\\\XCh[D\\!!!98F(o/r6#:CVF*(?!Ch[D\\!!!0/@VfsmCJJ;TAIDRJCi4B;+EM@-@K6","1052675":"!<d@[F*If&#64c-E,TfC*<6'>!<d@[F*\\GF#64o6@VfsmCI<#NAIW-_Bldj%ARo7dDe!Pj$#O*mATDKnCi]^Z!!$=7!!&0%!!%Qi!!%?c!!!$*Ec6&.FD5Z2z$O:0a@W,skEu+fV!!*Z'!<OAH!!4R5!)as8!CJOI!(/`6!2D7J!L,hY!0g$F!9?EF!S)6S!nDY2!p*i3!Td6E!p*Y$!p+:U!Tmk:!VUS!!qpuU!p>b2!p?&e!rB5f!rBOD!XK-ED/\")jBk1d@DZKh<#RPQdA7\\\\XCh[D\\!!!98F(o/r6#:CVF*(?!Ch[D\\!!!0/@VfsmCJJ;TAK*sEF(&m,+EDC1CER\\7@:C?-:iC/aF(f,q.0'","1053699":"!<d@[F*If&#64c-E,TfC*<6'>!<d@[F*\\JG#64o6@VfsmCI<#NAIW-_Bldj%ARo7dDe!Pj$#O*mATDKnCi]XX!!')?!!\";S!!!$*Ec6&.FD5Z2z$O:0a@W,skEu+fV!!*Z'!)as8!*!\\+!2D7J!9?EF!!QWG!!4XW!CJoY!L-3i!<<@q!)XQ'!2:j3!(:IR!8o5c!!QGC!#8OC!&S4s!$l&P!#/p/!!Hab!!4;h!CJRj!L,l%!=0$DD/\")jBk1d@DZKh<#RPQdA7\\\\XCh[D\\!!!98F(o/r6#:CVF*(?!Ch[D\\!!!0/@VfsmCJJ;TAIDRJCi4B;+EM@-@K6","1054723":"!<d@[F*If&#64c-E,TfC*<6'>!<d@[F*\\MH#64o6@VfsmCI<#NAIW-_Bldj%ARo7dDe!Pj$Zg3(G@Pc)DeWa'#64`(kOVFKQguR*?M.k08+@8n9@[PQ.]$SS)3nV1$P@#lDfor.;f6Mt6ZljVBk28fz@.4.$n,NFoL%#'Kp[A.j$#O*mATDKnCi]XX!!')?!!\";S!!!$*Ec6&.FD5Z2z$O:0a@W,skEt/0M!!*Xa!)aqr!2D6.!9?D*!!HkA!$l&P!!4B5!>K'1!&S.Q!(/P6!L,rG!>SKU!!Q42!(:30!!ipCD/\")jBk1d@DZKh<#RPQdA7\\\\XCh[D\\!!!98F(o/r6#:CVF*(?!Ch[D\\!!!0/@VfsmCJJ;TAIDRJCi4B;+EM@-@K6","2099203":"!<d@[F*If&#64c-E,TfC*WQ0?!<d@[F*\\AD#64o6@VfsmCI<#NAIW-_Bldj%ARo7dDe!Pj$Zg3(G@Pc)DeWa'!WW3#nFKEUrpVQ@$P@#lDfor.;f6Mt6ZljVBk28dzcl`;hp$_qh$#O*mATDKnCi]UW!!%]m!!!$*Ec6&.FD5Z2z$O:0a@W,skErl=A!!>Ld!!\",`!!ipCD/\")jBk1d@DZKh<#RPQdA7\\\\XCh[D\\!!!98F(o/r6#:CVF*(?!Ch[D\\!!!0/@VfsmCJJ;TAIV^LCi4B;+E2.*DJO:n","2100227":"!<d@[F*If&#64c-E,TfC*WQ0?!<d@[F*\\DE#64o6@VfsmCI<#NAIW-_Bldj%ARo7dDe!Pj$Zg3(G@Pc)DeWa'!rr<$dNd!:ePj]m=.f-c$P@#lDfor.;f6Mt6ZljVBk28hz+<UXb'CYu'/ar`Dn/q]8oABTUs6p!r$#O*mATDKnCi][Y!!%]m!!\"Gb!!$j<!!!$*Ec6&.FD5Z2z$O:0a@W,skEtSHQ!)b%)!E(2^!FdV)!R`7,!<YU[!+S8Y!+SF0!b4q(!7O?N!*)r\\!EE+<!G,;K!G,E)!G,N\\!S(.T!S(82!S(Ae!EYod!=0$DD/\")jBk1d@DZKh<#RPQdA7\\\\XCh[D\\!!!98F(o/r6#:CVF*(?!Ch[D\\!!!0/@VfsmCJJ;TAIV^LCi4B;+E2.*DJO:n","2101251":"!<d@[F*If&#64c-E,TfC*WQ0?!<d@[F*\\GF#64o6@VfsmCI<#NAIW-_Bldj%ARo7dDe!Pj$Zg3(G@Pc)DeWa')uos=n0a7s`H+-A`d>>u[:(!S[UL`eW.R,2R?KW2LQEnaLm4h<M4Ec0MPE-2G$kOTHCuVcHa>X2AP`R2CTo,cCr8.2=.f-c2JJ?T-?Oh>-[DEd.''WR.\\rd=\"]?HC#&9e2#E7R@$G=.S$ad,<$P@#lDfor.;f6Mt6ZljVBk28fz+CG0M.I[<Gn/q]?oC)_f$#O*mATDKnCi]a[!!%]m!!\"Gb!!%Qi!!%?c!!%Bd!!!$*Ec6&.FD5Z2z$O:0a@W,skF%QE4!3c]d!T43D!MLlu!Pp.C!V%Ou!O=)2!TGJe!<YUe!!TS,!<o1D!!U*p!@=rO!@:V&!B![X!B!a)\">sNJ!G,-Z!MtE0!i:gd!juGU!4>`f!ju7F!jun\"!#AuU\";Yk&\"=Bk[\"=CkB!B-ST\"?'tX\"?*FF\"En/X!Hqo'\"En\\G!OcI\\!60(B!lfT\"![jZS\"=L>\"\"BV5g!I'V1\"F$I#\"G`'E!Jcfi\"G`T4!Om,3!k3Ng!h#64!h#Og!ZIaE\"<+Di\"F?^G!ICHk\"F@66!K*X3!fF%g!Xl9[!@tG'!B[Li!B[Pd\"?X&%\"?X)6!B[g?\"?X?[!DBk5!DBnE!_^%X!DBuR\"Db8C!Gf/f!Gf6s!IM.3!dhPg!Xut)!Y!8\\!XK-ED/\")jBk1d@DZKh<#RPQdA7\\\\XCh[D\\!!!98F(o/r6#:CVF*(?!Ch[D\\!!!0/@VfsmCJJ;TAIV^LCi4B;+E2.*DJO:n","2102275":"!<d@[F*If&#64c-E,TfC*WQ0?!<d@[F*\\JG#64o6@VfsmCI<#NAIW-_Bldj%ARo7dDe!Pj$#O*mATDKnCi]UW!!%]m!!!$*Ec6&.FD5Z2z$O:0a@W,skErl=A!!#NM!!>K)!!ipCD/\")jBk1d@DZKh<#RPQdA7\\\\XCh[D\\!!!98F(o/r6#:CVF*(?!Ch[D\\!!!0/@VfsmCJJ;TAIV^LCi4B;+E2.*DJO:n","3146755":"!<d@[F*If&#64c-E,TfC*rl9@!<d@[F*\\>C#64o6@VfsmCI<#NAIW-_Bldj%ARo7dDe!Pj$Zg3(G@Pc)DeWa'!<<*\"nFKEU$P@#lDfor.;f6Mt6ZljVBk28dzn/q]3p$_qh$#O*mATDKnCi]XX!!%]m!!\"Gb!!!$*Ec6&.FD5Z2z$O:0a@W,skEshsJ!!?$r!V8SV!(0NE!Rjg3!FnjV!TQK&!J=(g!M`<\"!OG@u!Q.Et!RjJS!=0$DD/\")jBk1d@DZKh<#RPQdA7\\\\XCh[D\\!!!98F(o/r6#:CVF*(?!Ch[D\\!!!0/@VfsmCJJ;TAIV^LCi4B;+E2.*DJO:n","3147779":"!<d@[F*If&#64c-E,TfC*rl9@!<d@[F*\\AD#64o6@VfsmCI<#NAIW-_Bldj%ARo7dDe!Pj$Zg3(G@Pc)DeWa'!WW3#nFKEUrpVQ@$P@#lDfor.;f6Mt6ZljVBk28dzcl`;hp$_qh$#O*mATDKnCi]UW!!%]m!!!$*Ec6&.FD5Z2z$O:0a@W,skErl=A!!>Ld!!\",`!!ipCD/\")jBk1d@DZKh<#RPQdA7\\\\XCh[D\\!!!98F(o/r6#:CVF*(?!Ch[D\\!!!0/@VfsmCJJ;TAIV^LCi4B;+E2.*DJO:n","3148803":"!<d@[F*If&#64c-E,TfC*rl9@!<d@[F*\\DE#64o6@VfsmCI<#NAIW-_Bldj%ARo7dDe!Pj$Zg3(G@Pc)DeWa'!<<*\"nFKEU$P@#lDfor.;f6Mt6ZljVBk28dzn/q]3p$_qh$#O*mATDKnCi]UW!!%]m!!!$*Ec6&.FD5Z2z$O:0a@W,skErc7@!!>Ld!!ipCD/\")jBk1d@DZKh<#RPQdA7\\\\XCh[D\\!!!98F(o/r6#:CVF*(?!Ch[D\\!!!0/@VfsmCJJ;TAIV^LCi4B;+E2.*DJO:n","3149827":"!<d@[F*If&#64c-E,TfC*rl9@!<d@[F*\\GF#64o6@VfsmCI<#NAIW-_Bldj%ARo7dDe!Pj$Zg3(G@Pc)DeWa'!<<*\"nFKEU$P@#lDfor.;f6Mt6ZljVBk28dzn/q]3p$_qh$#O*mATDKnCi]UW!!%]m!!!$*Ec6&.FD5Z2z$O:0a@W,skErc7@!!>Ld!!ipCD/\")jBk1d@DZKh<#RPQdA7\\\\XCh[D\\!!!98F(o/r6#:CVF*(?!Ch[D\\!!!0/@VfsmCJJ;TAIV^LCi4B;+E2.*DJO:n","3150851":"!<d@[F*If&#64c-E,TfC*rl9@!<d@[F*\\JG#64o6@VfsmCI<#NAIW-_Bldj%ARo7dDe!Pj$#O*mATDKnCi]UW!!%]m!!!$*Ec6&.FD5Z2z$O:0a@W,skEshsJ!:i8P!9-)s!7EpA!4\"Pb!0T:0!!#NF!0A\"X!0fa0!7Efe!!>K\"!0]*T!!ipCD/\")jBk1d@DZKh<#RPQdA7\\\\XCh[D\\!!!98F(o/r6#:CVF*(?!Ch[D\\!!!0/@VfsmCJJ;TAIV^LCi4B;+E2.*DJO:n","4195331":"!<d@[F*If&#64c-E,TfC+92BA!<d@[F*\\>C#64o6@VfsmCI<#NAIW-_Bldj%ARo7dDe!Pj$Zg3(G@Pc)DeWa'!rr<$;\"+Vg5k-*\"0_83C$P@#lDfor.;f6Mt6ZljVBk28czp@&%i$#O*mATDKnCi][Y!!%]m!!%`n!!\"Gb!!!$*Ec6&.FD5Z2z$O:0a@W,skEteTS!!>LU!&Hq4!B!^F!^S\"%!Digi!>A2e!$X#T!&5MS!'h\"S!#%kS!$WeC!&5:B!'gdB!#%XB!$WR2!&5'1!'gQ1!&HkB!^Rq3!`/k#!XK-ED/\")jBk1d@DZKh<#RPQdA7\\\\XCh[D\\!!!98F(o/r6#:CVF*(?!Ch[D\\!!!0/@VfsmCJJ;TAIV^LCi4B;+E2.*DJO:n","4196355":"!<d@[F*If&#64c-E,TfC+92BA!<d@[F*\\AD#64o6@VfsmCI<#NAIW-_Bldj%ARo7dDe!Pj$Zg3(G@Pc)DeWa'!rr<$;\"+Vg5k-*\"0_83C$P@#lDfor.;f6Mt6ZljVBk28czp@&%i$#O*mATDKnCi][Y!!%]m!!%`n!!\"Gb!!!$*Ec6&.FD5Z2z$O:0a@W,skEsD[F!!>LW!&Hn3!B!^F!^Rt$!Didh!<=5e!'gN0!!ipCD/\")jBk1d@DZKh<#RPQdA7\\\\XCh[D\\!!!98F(o/r6#:CVF*(?!Ch[D\\!!!0/@VfsmCJJ;TAIV^LCi4B;+E2.*DJO:n","4197379":"!<d@[F*If&#64c-E,TfC+92BA!<d@[F*\\DE#64o6@VfsmCI<#NAIW-_Bldj%ARo7dDe!Pj$Zg3(G@Pc)DeWa'!rr<$;\"+Vg5k-*\"0_83C$P@#lDfor.;f6Mt6ZljVBk28czp@&%i$#O*mATDKnCi][Y!!%6`!!%`n!!\"Gb!!!$*Ec6&.FD5Z2z$O:0a@W,skEsMaG!!>LW!&Hn3!B!^F!^Rt$!Didh!<Oh$!$E91!'gtB!!ipCD/\")jBk1d@DZKh<#RPQdA7\\\\XCh[D\\!!!98F(o/r6#:CVF*(?!Ch[D\\!!!0/@VfsmCJJ;TAIV^LCi4B;+E2.*DJO:n","4198403":"!<d@[F*If&#64c-E,TfC+92BA!<d@[F*\\GF#64o6@VfsmCI<#NAIW-_Bldj%ARo7dDe!Pj$Zg3(G@Pc)DeWa'!rr<$;\"+Vg5k-*\"0_83C$P@#lDfor.;f6Mt6ZljVBk28czp@&%i$#O*mATDKnCi][Y!!%6`!!%`n!!\"Gb!!!$*Ec6&.FD5Z2z$O:0a@W,skEs2OD!!>LW!&Hn3!B!^F!^Rt$!Didh!=0$DD/\")jBk1d@DZKh<#RPQdA7\\\\XCh[D\\!!!98F(o/r6#:CVF*(?!Ch[D\\!!!0/@VfsmCJJ;TAIV^LCi4B;+E2.*DJO:n","4199427":"!<d@[F*If&#64c-E,TfC+92BA!<d@[F*\\JG#64o6@VfsmCI<#NAIW-_Bldj%ARo7dDe!Pj$Zg3(G@Pc)DeWa'!rr<$:]U.g5p5e\"1JmZC$P@#lDfor.;f6Mt6ZljVBk28c!!!!'nF-Dc$#O*mATDKnCi][Y!!%]m!!%`n!!\"Gb!!!$*Ec6&.FD5Z2z$O:0a@W,skEtA<O!!#N@!&,dQ!'gdB!'h\"S!)N[W!Dj=\"!\\l:e!'qag!C8C2!WkCO!\"qHS!!>Jq!&Hn#!Ae*S![LM\"!&[U5!XK-ED/\")jBk1d@DZKh<#RPQdA7\\\\XCh[D\\!!!98F(o/r6#:CVF*(?!Ch[D\\!!!0/@VfsmCJJ;TAIV^LCi4B;+E2.*DJO:n"},"Entities":[],"ReplaceMode":2,"EntranceRotation":-1}