﻿{
  "code": "gunpowder",
  "variantgroups": [{"code": "state", "states": ["wet", "coarse", "fine"]}],
  "shapeByType": {"*-wet": {"base": "powder/wetpowder"}, "*-coarse": {"base": "powder/coarsepowder"}, "*-fine": {"base": "powder/gunpowder"}},
  "textureByType": {"*-wet": {"base": "wetpowder"}, "*-coarse": {"base": "coarsepowder"}, "*-fine": {"base": "gunpowder"}},
  "heldTpIdleAnimation": "holdbothhands",
  "creativeinventory": {"maltiezfirearms": ["*"]},
  "attributes": {
    "dissolveInWater": true,
    "displaycaseable": true,
    "shelvable": true,
    "onDisplayTransform": {"translation": {"x": 0.05, "y": 0, "z": 0}, "origin": {"x": 0.5, "y": 0, "z": 0.5}, "scale": 0.65}
  },
  "behaviors": [],
  "storageFlags": 257,
  "maxstacksize": 64,
  "materialDensity": 500,
  "guiTransform": {"translation": {"x": 3, "y": 1, "z": -25}, "rotation": {"x": 149, "y": 12, "z": 0}, "origin": {"x": 0.4, "y": -0.1, "z": 0.8}, "scale": 2.54},
  "fpHandTransform": {"rotation": {"x": 54, "y": 95, "z": -31}, "scale": 1.34},
  "tpHandTransform": {"translation": {"x": -1.67, "y": -1.25, "z": -0.8}, "rotation": {"x": 70, "y": 11, "z": -65}, "scale": 0.41},
  "groundTransform": {"translation": {"x": 0, "y": 0.2, "z": 0}, "rotation": {"x": -4, "y": 8, "z": 0}, "origin": {"x": 0.5, "y": 0.5, "z": 0.5299}, "scale": 1.92},
  "transitionablePropsByType": {
    "*-wet": [{"type": "Dry", "freshHours": {"avg": 0}, "transitionHours": {"avg": 12}, "transitionedStack": {"type": "item", "code": "gunpowder-coarse"}, "transitionRatio": 1}]
  },
  "grindingPropsByType": {"*-coarse": {"groundStack": {"type": "item", "code": "gunpowder-fine"}}}
}