[ 
	{ "side": "Server", "file": "game:entities/arrow", "op": "add", "path": "/variantgroups/0/states/-", "value": "obsidian" },

	{ "side": "Server", "file": "game:entities/arrow", "op": "move", "frompath": "/client/shapeByType/*", "path": "/move-temp"},
	{ "side": "Server", "file": "game:entities/arrow", "op": "add", "path": "/client/shapeByType/arrow-obsidian", "value": { "base": "entity/arrow/stone" } },
	{ "side": "Server", "file": "game:entities/arrow", "op": "move", "frompath": "/move-temp", "path": "/client/shapeByType/*"},

	{ "side": "Server", "file": "game:entities/arrow", "op": "move", "frompath": "/client/texturesByType/*", "path": "/move-temp"},
	{ "side": "Server", "file": "game:entities/arrow", "op": "add", "path": "/client/texturesByType/arrow-obsidian", "value": 
		{
			"material": { "base": "block/stone/rock/{material}1" }
		}
	},
	{ "side": "Server", "file": "game:entities/arrow", "op": "move", "frompath": "/move-temp", "path": "/client/texturesByType/*"}
]