[ 
	{ "side": "Server", "file": "game:itemtypes/tool/bow", "op": "replace", "path": "/class", "value": "Bullseye.BullseyeItemNoTpUseAnimation" },

	
	{
		"file": "game:itemtypes/tool/bow", "op": "add", "path": "/behaviors/-", "value": 
		{
			"name": "AnimatableProcedural",
			"properties": {
				"animated-shape": "bullseye:item/tool/bow/{type}-animated",
				"only-when-animating": false
			}
		}
	},

	{
		"side": "Server", "file": "game:itemtypes/tool/bow", "op": "add", "path": "/behaviors/-", "value": 
		{
			"name": "Bullseye.Bow",
			"propertiesByType": {
				"bow-crude": {
					"followHorizontal": 0.07,
					"followVertical": 0.06,
					"offsetHorizontal": -5.0,
					"offsetVertical": -2.2
				},
				"bow-simple": {
					"followHorizontal": 0.07,
					"followVertical": 0.06,
					"offsetHorizontal": -2.0,
					"offsetVertical": 1.3
				},
				"bow-long": {
					"followHorizontal": 0.07,
					"followVertical": 0.06,
					"offsetHorizontal": 2.3,
					"offsetVertical": 4.2
				},
				"bow-recurve": {
					"followHorizontal": 0.07,
					"followVertical": 0.06,
					"offsetHorizontal": 0.0,
					"offsetVertical": 0.0
				}
			}
		}
	},

	{ 
		"side": "Server", "file": "game:itemtypes/tool/bow", "op": "add", "path": "/attributes/bullseyeWeaponStatsByType", "value": 
		{
			"bow-crude": {
				"ammoType": "arrow",

				"aimDrift": 130,
				"aimTwitch": 32,

				"projectileVelocity": 30,

				"accuracyOvertimeStart": 8,
				"accuracyMovePenalty": 1,

				"projectileSpread": 0.6,
				"zeroingAngle": 1.5,

				"aimTexPartChargePath": "bullseye:gui/aimarrowpart.png",
				"aimTexFullChargePath": "bullseye:gui/aimarrowfull.png",

				"allowSprint": false,
				"moveSpeedPenalty": 0.4
			},

			"bow-simple": {
				"ammoType": "arrow",

				"aimDrift": 130,
				"aimTwitch": 32,

				"projectileVelocity": 30,

				"accuracyOvertimeStart": 8,
				"accuracyMovePenalty": 1,

				"projectileSpread": 0,
				"zeroingAngle": 1.5,

				"aimTexPartChargePath": "bullseye:gui/aimarrowpart.png",
				"aimTexFullChargePath": "bullseye:gui/aimarrowfull.png",

				"allowSprint": false,
				"moveSpeedPenalty": 0.4
			},

			"bow-long": {
				"ammoType": "arrow",

				"aimDrift": 150,
				"aimTwitch": 45,

				"projectileVelocity": 39,
				"chargeTime": 1.25,

				"accuracyStartTime": 1.75,
				"accuracyOvertimeStart": 8,
				"accuracyMovePenalty": 1.3,

				"projectileSpread": 0,
				"zeroingAngle": 1,

				"aimTexPartChargePath": "bullseye:gui/aimarrowpart.png",
				"aimTexFullChargePath": "bullseye:gui/aimarrowfull.png",

				"aimFullChargeLeeway": 0.6,
				"allowSprint": false,
				"moveSpeedPenalty": 0.7
			},

			"bow-recurve": {
				"ammoType": "arrow",
				
				"aimDrift": 180,
				"aimTwitch": 35,

				"projectileVelocity": 33,
				"chargeTime": 0.85,

				"accuracyStartTime": 1.25,
				"accuracyOvertimeStart": 8,
				"accuracyMovePenalty": 0.6,

				"projectileSpread": 0,
				"zeroingAngle": 1.5,

				"aimTexPartChargePath": "bullseye:gui/aimarrowpart.png",
				"aimTexFullChargePath": "bullseye:gui/aimarrowfull.png",

				"aimFullChargeLeeway": 0.5,
				"allowSprint": false,
				"moveSpeedPenalty": 0
			}
		}
	},

	{ "side": "Server", "file": "game:itemtypes/tool/bow", "op": "remove", "path": "/attributes/damageByType/bow-crude" },
	{ "side": "Server", "file": "game:itemtypes/tool/bow", "op": "remove", "path": "/attributes/damageByType/bow-simple" },
	{ "side": "Server", "file": "game:itemtypes/tool/bow", "op": "remove", "path": "/attributes/damageByType/bow-long" },
	{ "side": "Server", "file": "game:itemtypes/tool/bow", "op": "remove", "path": "/attributes/damageByType/bow-recurve" },

	{
		"side": "Server", "file": "game:itemtypes/tool/bow", "op": "add", "path": "/attributes/damagePercentByType", "value": 
		{
			"bow-crude": -0.1,
			"bow-long": 0.6,
			"bow-recurve": 0.35
		}
	},

	{
		"side": "Server", "file": "game:itemtypes/tool/bow", "op": "add", "path": "/attributes/arrowScaleByType", "value": 
		{
			"bow-long": 1.2,
			"bow-recurve": 1.5
		}
	},

	{ "side": "Server", "file": "game:itemtypes/tool/bow", "op": "add", "path": "/attributes/interactionLangCode", "value": "heldhelp-chargebow" },
	{ "side": "Server", "file": "game:itemtypes/tool/bow", "op": "add", "path": "/attributes/interactionCollectibleCode", "value": "arrow-" }
]