[
	{ "side": "Server", "file": "game:itemtypes/tool/arrow", "op": "remove", "path": "/class" },

	{
		"side": "Server", "file": "game:itemtypes/tool/arrow", "op": "add", "path": "/behaviors", "value": 
		[{
			"name": "Bullseye.Ammunition"
		}]
	},

	{ "side": "Server", "file": "game:itemtypes/tool/arrow", "op": "add", "path": "/attributes/ammoType", "value": "arrow" },
	{ "side": "Server", "file": "game:itemtypes/tool/arrow", "op": "add", "path": "/attributes/projectileEntityCode", "value": "arrow-{material}" },
	{ "side": "Server", "file": "game:itemtypes/tool/arrow", "op": "add", "path": "/attributes/damageLangCode", "value": "game:bow-piercingdamage" },
	
	{ "side": "Server", "file": "game:itemtypes/tool/arrow", "op": "replace", "path": "/attributes/damageByType/*-crude", "value": 3 },
	{ "side": "Server", "file": "game:itemtypes/tool/arrow", "op": "replace", "path": "/attributes/damageByType/*-flint", "value": 3.5 },
	{ "side": "Server", "file": "game:itemtypes/tool/arrow", "op": "replace", "path": "/attributes/damageByType/*-copper", "value": 5 },
	{ "side": "Server", "file": "game:itemtypes/tool/arrow", "op": "replace", "path": "/attributes/damageByType/*-bismuthbronze", "value": 5.5 },
	{ "side": "Server", "file": "game:itemtypes/tool/arrow", "op": "replace", "path": "/attributes/damageByType/*-tinbronze", "value": 5.75 },
	{ "side": "Server", "file": "game:itemtypes/tool/arrow", "op": "replace", "path": "/attributes/damageByType/*-blackbronze", "value": 6 },
	{ "side": "Server", "file": "game:itemtypes/tool/arrow", "op": "replace", "path": "/attributes/damageByType/*-gold", "value": 6.5 },
	{ "side": "Server", "file": "game:itemtypes/tool/arrow", "op": "replace", "path": "/attributes/damageByType/*-silver", "value": 6.5 },
	{ "side": "Server", "file": "game:itemtypes/tool/arrow", "op": "replace", "path": "/attributes/damageByType/*-iron", "value": 6.5 },
	{ "side": "Server", "file": "game:itemtypes/tool/arrow", "op": "replace", "path": "/attributes/damageByType/*-meteoriciron", "value": 6.75 },
	{ "side": "Server", "file": "game:itemtypes/tool/arrow", "op": "replace", "path": "/attributes/damageByType/*-steel", "value": 7 },

	{ "side": "Server", "file": "game:itemtypes/tool/arrow", "op": "add", "path": "/attributes/damageByType/*-obsidian", "value": 4 },

	{ "side": "Server", "file": "game:itemtypes/tool/arrow", "op": "add", "path": "/attributes/spreadModifierByType", "value": 
		{
			"*-crude": 0.8,
			"*": 0
		}
	},
	
	/* These aren't normally needed and are here only as fall-back in case Bullseye's own item display fails */
	{ "side": "Server", "file": "game:itemtypes/tool/arrow", "op": "replace", "path": "/attributes/breakChanceOnImpactByType/*-crude", "value": 0.5 },
	{ "side": "Server", "file": "game:itemtypes/tool/arrow", "op": "replace", "path": "/attributes/breakChanceOnImpactByType/*-flint", "value": 0.32 },
	{ "side": "Server", "file": "game:itemtypes/tool/arrow", "op": "replace", "path": "/attributes/breakChanceOnImpactByType/*-copper", "value": 0.156 },
	{ "side": "Server", "file": "game:itemtypes/tool/arrow", "op": "replace", "path": "/attributes/breakChanceOnImpactByType/*-bismuthbronze", "value": 0.078 },
	{ "side": "Server", "file": "game:itemtypes/tool/arrow", "op": "replace", "path": "/attributes/breakChanceOnImpactByType/*-tinbronze", "value": 0.088 },
	{ "side": "Server", "file": "game:itemtypes/tool/arrow", "op": "replace", "path": "/attributes/breakChanceOnImpactByType/*-blackbronze", "value": 0.075 },
	{ "side": "Server", "file": "game:itemtypes/tool/arrow", "op": "replace", "path": "/attributes/breakChanceOnImpactByType/*-gold", "value": 0.054 },
	{ "side": "Server", "file": "game:itemtypes/tool/arrow", "op": "replace", "path": "/attributes/breakChanceOnImpactByType/*-silver", "value": 0.054 },
	{ "side": "Server", "file": "game:itemtypes/tool/arrow", "op": "replace", "path": "/attributes/breakChanceOnImpactByType/*-iron", "value": 0.054 },
	{ "side": "Server", "file": "game:itemtypes/tool/arrow", "op": "replace", "path": "/attributes/breakChanceOnImpactByType/*-meteoriciron", "value": 0.042 },
	{ "side": "Server", "file": "game:itemtypes/tool/arrow", "op": "replace", "path": "/attributes/breakChanceOnImpactByType/*-steel", "value": 0.0225 },

	{ "side": "Server", "file": "game:itemtypes/tool/arrow", "op": "add", "path": "/attributes/breakChanceOnImpactByType/*-obsidian", "value": 0.26 },

	{
		"side": "Server", "file": "game:itemtypes/tool/arrow", "op": "add", "path": "/attributes/averageLifetimeDamageByType", "value": 
		{
			"*-crude": 6,
			"*-flint": 11,
			"*-obsidian": 15,
			"*-copper": 32,
			"*-bismuthbronze": 70,
			"*-tinbronze": 65,
			"*-blackbronze": 80,
			"*-gold": 120,
			"*-silver": 120,
			"*-iron": 120,
			"*-meteoriciron": 160,
			"*-steel": 310
		}
	},

	{ "side": "Server", "file": "game:itemtypes/tool/arrow", "op": "add", "path": "/variantgroups/0/states/-", "value": "obsidian" },

	{ "side": "Server", "file": "game:itemtypes/tool/arrow", "op": "move", "frompath": "/shapeByType/*", "path": "/move-temp", "dependsOn": [{ "modid": "weaponpackg", "invert": true }]},
	{ "side": "Server", "file": "game:itemtypes/tool/arrow", "op": "add", "path": "/shapeByType/arrow-obsidian", "value": { "base": "item/tool/arrow-stone" } },
	{ "side": "Server", "file": "game:itemtypes/tool/arrow", "op": "move", "frompath": "/move-temp", "path": "/shapeByType/*", "dependsOn": [{ "modid": "weaponpackg", "invert": true }]},

	{ "side": "Server", "file": "game:itemtypes/tool/arrow", "op": "move", "frompath": "/texturesByType/*", "path": "/move-temp", "dependsOn": [{ "modid": "weaponpackg", "invert": true }]},
	{ "side": "Server", "file": "game:itemtypes/tool/arrow", "op": "add", "path": "/texturesByType/*-obsidian", "value":
		{
			"material": { "base": "block/stone/rock/{material}1" }
		}
	},
	{ "side": "Server", "file": "game:itemtypes/tool/arrow", "op": "move", "frompath": "/move-temp", "path": "/texturesByType/*", "dependsOn": [{ "modid": "weaponpackg", "invert": true }]}
]