[
	{
		"side": "Server", "file": "game:itemtypes/resource/stone", "op": "add", "path": "/behaviorsByType/*", "value": 
		[
			{ "name": "Bullseye.ThrowableStone" },
			{ "name": "Bullseye.Ammunition" }
		]
	},
	{ "side": "Server", "file": "game:itemtypes/resource/stone", "op": "add", "path": "/behaviorsByType/*-chalk/-", "value": { "name": "Bullseye.Ammunition" } },
	{ "side": "Server", "file": "game:itemtypes/resource/stone", "op": "add", "path": "/behaviorsByType/*-chalk/-", "value": { "name": "Bullseye.ThrowableStone" } },
	
	{ "side": "Server", "file": "game:itemtypes/resource/stone", "op": "add", "path": "/attributes", "value": {} },
	{ "side": "Server", "file": "game:itemtypes/resource/stone", "op": "add", "path": "/attributes/projectileEntityCode", "value": "thrownstone-{rock}" },

	{
		"side": "Server", "file": "game:itemtypes/resource/stone", "op": "add", "path": "/attributes/bullseyeWeaponStats", "value": 
		{
			"cooldownTime": 0.5, 

			"aimDrift": 160,
			"aimTwitch": 35,
			"aimTwitchDuration": 450,

			"horizontalLimit": 0,
			"verticalLimit": 0,
        	"verticalOffset": 0,
			"projectileSpread": 2,
			"projectileVelocity": 15,

			"verticalAccuracyMult": 0.7,
			"accuracyStart": 0.8,
			"accuracyStartTime": 1.5,
			"accuracyOvertime": 0,
			"accuracyMovePenalty": 0.3,

			"aimTexPartChargePath": "bullseye:gui/aimthrowpart.png",
			"aimTexFullChargePath": "bullseye:gui/aimthrowfull.png"
		}
	},

	{ 
		"side": "Server", "file": "game:itemtypes/resource/stone", "op": "add", "path": "/attributes/ammoTypesByType", "value":
		{
			"stone-meteorite-iron": { "slingbullet": { "damage": 6, "langCode": "bullseye:damage-with-sling" } },
			"*": { "slingbullet": { "damage": 4, "langCode": "bullseye:damage-with-sling" } } 
		}
	},

	{ "side": "Server", "file": "game:itemtypes/resource/stone", "op": "add", "path": "/attributes/damageByType", "value": 
		{
			"stone-meteorite-iron": 1.5,
			"*": 1
		}
	},
	{ "side": "Server", "file": "game:itemtypes/resource/stone", "op": "add", "path": "/attributes/breakChanceOnImpact", "value": 0.8 }
]