[
	{ "side": "Server", "file": "game:itemtypes/tool/sling", "op": "replace", "path": "/class", "value": "Bullseye.BullseyeItemNoTpUseAnimation" },

	{
		"side": "Server", "file": "game:itemtypes/tool/sling", "op": "add", "path": "/behaviors", "value": 
		[{
			"name": "Bullseye.Sling"
		}]
	},

	{
		"side": "Server", "file": "game:itemtypes/tool/sling", "op": "add", "path": "/attributes/bullseyeWeaponStats", "value": 
		{
			"ammoType": "slingbullet",
			"cooldownTime": 1.5, 

			"aimDrift": 1,
			"aimTwitch": 10,

			"horizontalLimit": 0.15,
			"verticalLimit": 0.05,
        	"verticalOffset": 0,

			"projectileVelocity": 35,

			"chargeTime": 0.9,
			"accuracyStartTime": 1.5,

			"accuracyOvertimeStart": 8,
			"accuracyOvertimeTime": 6,
			"accuracyMovePenalty": 1.5,

			"projectileSpread": 0,
			"zeroingAngle": 1.5,

			"aimTexPartChargePath": "bullseye:gui/aimthrowpart.png",
			"aimTexFullChargePath": "bullseye:gui/aimthrowfull.png",

			"allowSprint": false,
			"moveSpeedPenalty": 0.5
		}
	},

	{ "side": "Server", "file": "game:itemtypes/tool/sling", "op": "replace", "path": "/attributes/damage", "value": 0 },

	{ "side": "Server", "file": "game:itemtypes/tool/sling", "op": "add", "path": "/attributes/interactionLangCode", "value": "heldhelp-chargesling" },
	{ "side": "Server", "file": "game:itemtypes/tool/sling", "op": "add", "path": "/attributes/interactionCollectibleCode", "value": "stone-" }
]