{
	"editor": {
		"allAngles": true,
		"entityTextureMode": true
	},
	"textureWidth": 32,
	"textureHeight": 32,
	"textureSizes": {
		"bottom": [16,16],
		"skin": [32,32]
	},
	"textures": {
	},
	"elements": [
		{
			"name": "Rotation Point",
			"from": [ 0.0, 0.0, 0.0 ], 
			"to": [ 0.0, 0.0, 0.0 ], 
			"uv": [ 0.0, 0.0 ],
			"rotationOrigin": [ 0.0, 0.0, 0.0 ],
			"rotationZ": -90.0,
			"faces": {
				"north": { "texture": "#null", "uv": [ 0.0, 0.5, 0.5, 1.0 ], "enabled": false },
				"east": { "texture": "#null", "uv": [ 0.5, 0.5, 1.0, 1.0 ], "enabled": false },
				"south": { "texture": "#null", "uv": [ 1.0, 0.5, 1.5, 1.0 ], "enabled": false },
				"west": { "texture": "#null", "uv": [ 1.5, 0.5, 2.0, 1.0 ], "enabled": false },
				"up": { "texture": "#null", "uv": [ 0.0, 0.0, 0.5, 0.5 ], "enabled": false },
				"down": { "texture": "#null", "uv": [ 0.5, 0.0, 1.0, 0.5 ], "enabled": false }
			},
			"children": [
				{
					"name": "Base",
					"from": [ -16.0, 0.0, 8.0 ], 
					"to": [ -16.0, 0.0, 8.0 ], 
					"uv": [ 0.0, 0.0 ],
					"rotationOrigin": [ -16.0, 0.0, 8.0 ],
					"faces": {
						"north": { "texture": "#null", "uv": [ 0.0, 0.5, 0.5, 1.0 ], "enabled": false },
						"east": { "texture": "#null", "uv": [ 0.5, 0.5, 1.0, 1.0 ], "enabled": false },
						"south": { "texture": "#null", "uv": [ 1.0, 0.5, 1.5, 1.0 ], "enabled": false },
						"west": { "texture": "#null", "uv": [ 1.5, 0.5, 2.0, 1.0 ], "enabled": false },
						"up": { "texture": "#null", "uv": [ 0.0, 0.0, 0.5, 0.5 ], "enabled": false },
						"down": { "texture": "#null", "uv": [ 0.5, 0.0, 1.0, 0.5 ], "enabled": false }
					},
					"children": [
						{
							"name": "PeltBody",
							"from": [ 4.0, 0.0, -1.5 ], 
							"to": [ 8.0, 0.42, 1.5 ], 
							"unwrapMode": 5,
							"autoUnwrap": false,
							"uv": [ 0.0, 9.0 ],
							"rotationOrigin": [ 4.0, 0.0, -1.5 ],
							"faces": {
								"north": { "texture": "#skin", "uv": [ 10.0, 3.0, 14.0, 3.5 ], "rotation": 180, "windMode": [-1,-1,-1,-1] },
								"east": { "texture": "#skin", "uv": [ 6.5, 0.0, 7.0, 3.0 ], "rotation": 90, "windMode": [-1,-1,-1,-1] },
								"south": { "texture": "#skin", "uv": [ 3.0, 3.0, 7.0, 3.5 ], "windMode": [-1,-1,-1,-1] },
								"west": { "texture": "#skin", "uv": [ 3.0, 0.0, 3.5, 3.0 ], "rotation": 270, "windMode": [-1,-1,-1,-1] },
								"up": { "texture": "#skin", "uv": [ 3.0, 0.0, 7.0, 3.0 ], "windMode": [-1,-1,-1,-1] },
								"down": { "texture": "#bottom", "uv": [ 5.0, 8.5, 9.0, 11.5 ], "windMode": [-1,-1,-1,-1] }
							},
							"children": [
								{
									"name": "LBody",
									"from": [ 0.0, 0.01, 2.3 ], 
									"to": [ 4.0, 0.41, 5.8 ], 
									"unwrapMode": 5,
									"autoUnwrap": false,
									"uv": [ 0.0, 2.5 ],
									"rotationOrigin": [ 0.0, -0.01, 2.3 ],
									"rotationY": -3.0,
									"faces": {
										"north": { "texture": "#null", "uv": [ 0.5, 2.5, 4.5, 3.0 ], "rotation": 180, "enabled": false },
										"east": { "texture": "#skin", "uv": [ 6.5, 3.0, 7.0, 6.5 ], "rotation": 90 },
										"south": { "texture": "#skin", "uv": [ 3.0, 6.5, 7.0, 7.0 ], "windMode": [-1,-1,-1,-1] },
										"west": { "texture": "#skin", "uv": [ 3.0, 3.0, 3.5, 6.5 ], "rotation": 270, "windMode": [-1,-1,-1,-1] },
										"up": { "texture": "#skin", "uv": [ 3.0, 3.0, 7.0, 6.5 ], "windMode": [-1,-1,-1,-1] },
										"down": { "texture": "#bottom", "uv": [ 4.5, 2.0, 8.5, 5.5 ] }
									},
									"children": [
										{
											"name": "LArm",
											"from": [ 0.0, 0.01, 2.5 ], 
											"to": [ 1.0, 0.39, 5.0 ], 
											"unwrapMode": 5,
											"autoUnwrap": false,
											"uv": [ 6.5, 18.0 ],
											"rotationOrigin": [ 0.0, 0.01, 2.5 ],
											"rotationY": -30.0,
											"faces": {
												"north": { "texture": "#null", "uv": [ 7.0, 18.0, 8.0, 18.5 ], "rotation": 180, "enabled": false },
												"east": { "texture": "#skin", "uv": [ 8.0, 18.0, 8.5, 20.5 ], "rotation": 90 },
												"south": { "texture": "#skin", "uv": [ 7.0, 20.5, 8.0, 21.0 ], "windMode": [-1,-1,-1,-1] },
												"west": { "texture": "#skin", "uv": [ 6.5, 18.0, 7.0, 20.5 ], "rotation": 270, "windMode": [-1,-1,-1,-1] },
												"up": { "texture": "#skin", "uv": [ 7.0, 18.0, 8.0, 20.5 ], "windMode": [-1,-1,-1,-1] },
												"down": { "texture": "#bottom", "uv": [ 8.5, 11.0, 9.5, 13.5 ], "windMode": [-1,-1,-1,-1] }
											},
											"children": [
												{
													"name": "LArmLower",
													"from": [ 1.0, 0.01, 0.0 ], 
													"to": [ 2.0, 0.37, 2.5 ], 
													"unwrapMode": 5,
													"autoUnwrap": false,
													"uv": [ 8.0, 18.0 ],
													"rotationOrigin": [ 2.0, 0.01, 0.0 ],
													"rotationY": -10.0,
													"faces": {
														"north": { "texture": "#null", "uv": [ 8.0, 18.0, 9.0, 18.5 ], "rotation": 180, "enabled": false },
														"east": { "texture": "#skin", "uv": [ 9.0, 18.0, 9.5, 20.5 ], "rotation": 90 },
														"south": { "texture": "#skin", "uv": [ 7.5, 20.5, 8.5, 21.0 ], "windMode": [-1,-1,-1,-1] },
														"west": { "texture": "#null", "uv": [ 8.0, 18.0, 8.5, 20.5 ], "rotation": 270, "enabled": false, "windMode": [-1,-1,-1,-1] },
														"up": { "texture": "#skin", "uv": [ 8.0, 18.0, 9.0, 20.5 ], "windMode": [-1,-1,-1,-1] },
														"down": { "texture": "#bottom", "uv": [ 9.5, 12.0, 10.5, 14.5 ], "windMode": [-1,-1,-1,-1] }
													}
												}
											]
										}
									]
								},
								{
									"name": "RBody",
									"from": [ 0.0, -0.41, 0.7 ], 
									"to": [ 4.0, -0.01, 4.2 ], 
									"unwrapMode": 6,
									"autoUnwrap": false,
									"uv": [ 0.0, 9.0 ],
									"rotationOrigin": [ 0.0, 0.0, 0.7 ],
									"rotationX": 180.0,
									"rotationY": -3.0,
									"faces": {
										"north": { "texture": "#null", "uv": [ 0.5, 9.0, 4.5, 9.5 ], "enabled": false },
										"east": { "texture": "#skin", "uv": [ 10.0, 3.0, 10.5, 6.5 ], "rotation": 90 },
										"south": { "texture": "#skin", "uv": [ 10.0, 6.5, 14.0, 7.0 ], "rotation": 180, "windMode": [-1,-1,-1,-1] },
										"west": { "texture": "#skin", "uv": [ 13.5, 3.0, 14.0, 6.5 ], "rotation": 270, "windMode": [-1,-1,-1,-1] },
										"up": { "texture": "#bottom", "uv": [ 7.0, 6.0, 11.0, 9.5 ], "windMode": [-1,-1,-1,-1] },
										"down": { "texture": "#skin", "uv": [ 10.0, 3.0, 14.0, 6.5 ], "windMode": [-1,-1,-1,-1] }
									},
									"children": [
										{
											"name": "RArm",
											"from": [ 0.0, 0.01, 2.5 ], 
											"to": [ 1.0, 0.39, 5.0 ], 
											"unwrapMode": 6,
											"autoUnwrap": false,
											"uv": [ 4.0, 6.5 ],
											"rotationOrigin": [ 0.0, 0.39, 2.5 ],
											"rotationY": -30.0,
											"faces": {
												"north": { "texture": "#null", "uv": [ 4.5, 6.5, 5.5, 7.0 ], "enabled": false },
												"east": { "texture": "#skin", "uv": [ 27.0, 21.0, 27.5, 23.5 ], "rotation": 90 },
												"south": { "texture": "#skin", "uv": [ 26.0, 23.5, 27.0, 24.0 ], "rotation": 180, "windMode": [-1,-1,-1,-1] },
												"west": { "texture": "#skin", "uv": [ 25.5, 21.0, 26.0, 23.5 ], "rotation": 270, "windMode": [-1,-1,-1,-1] },
												"up": { "texture": "#bottom", "uv": [ 6.0, 6.5, 7.0, 9.0 ], "windMode": [-1,-1,-1,-1] },
												"down": { "texture": "#skin", "uv": [ 26.0, 21.0, 27.0, 23.5 ], "windMode": [-1,-1,-1,-1] }
											},
											"children": [
												{
													"name": "RArmLower",
													"from": [ 1.0, 0.01, 0.0 ], 
													"to": [ 2.0, 0.37, 2.5 ], 
													"unwrapMode": 5,
													"autoUnwrap": false,
													"uv": [ 4.5, 6.5 ],
													"rotationOrigin": [ 2.0, 0.37, 0.0 ],
													"rotationY": -10.0,
													"faces": {
														"north": { "texture": "#null", "uv": [ 4.5, 6.5, 5.5, 7.0 ], "rotation": 180, "enabled": false },
														"east": { "texture": "#skin", "uv": [ 28.0, 21.0, 28.5, 23.5 ], "rotation": 90, "windMode": [-1,-1,-1,-1] },
														"south": { "texture": "#skin", "uv": [ 27.5, 23.0, 28.5, 23.5 ], "windMode": [-1,-1,-1,-1] },
														"west": { "texture": "#null", "uv": [ 4.5, 6.5, 5.0, 9.0 ], "rotation": 270, "enabled": false },
														"up": { "texture": "#bottom", "uv": [ 4.5, 6.5, 5.5, 9.0 ], "windMode": [-1,-1,-1,-1] },
														"down": { "texture": "#skin", "uv": [ 27.5, 21.0, 28.5, 23.5 ], "windMode": [-1,-1,-1,-1] }
													}
												}
											]
										}
									]
								},
								{
									"name": "PeltAbdomen",
									"from": [ 3.99, 0.01, 0.25 ], 
									"to": [ 8.49, 0.41, 2.75 ], 
									"unwrapMode": 5,
									"autoUnwrap": false,
									"uv": [ 0.0, 0.0 ],
									"rotationOrigin": [ 4.0, 0.01, 0.25 ],
									"faces": {
										"north": { "texture": "#skin", "uv": [ 21.0, 2.5, 25.5, 3.0 ], "rotation": 180 },
										"east": { "texture": "#skin", "uv": [ 18.0, 0.0, 18.5, 2.5 ], "rotation": 90, "windMode": [-1,-1,-1,-1] },
										"south": { "texture": "#skin", "uv": [ 14.0, 2.5, 18.5, 3.0 ], "windMode": [-1,-1,-1,-1] },
										"west": { "texture": "#null", "uv": [ 0.0, 0.5, 0.5, 3.0 ], "rotation": 270, "enabled": false, "windMode": [-1,-1,-1,-1] },
										"up": { "texture": "#skin", "uv": [ 14.0, 0.0, 18.5, 2.5 ], "windMode": [-1,-1,-1,-1] },
										"down": { "texture": "#bottom", "uv": [ 3.0, 2.5, 7.5, 5.0 ] }
									},
									"children": [
										{
											"name": "LAbdomen",
											"from": [ 0.0, 0.01, 2.0 ], 
											"to": [ 4.5, 0.39, 5.7 ], 
											"unwrapMode": 5,
											"autoUnwrap": false,
											"uv": [ 0.0, 10.5 ],
											"rotationOrigin": [ 0.0, 0.01, 2.0 ],
											"rotationY": -3.0,
											"faces": {
												"north": { "texture": "#null", "uv": [ 0.5, 10.5, 5.0, 11.0 ], "rotation": 180, "enabled": false },
												"east": { "texture": "#skin", "uv": [ 18.0, 2.5, 18.5, 6.0 ], "rotation": 90 },
												"south": { "texture": "#skin", "uv": [ 14.0, 5.5, 18.5, 6.0 ], "windMode": [-1,-1,-1,-1] },
												"west": { "texture": "#skin", "uv": [ 14.0, 2.5, 14.5, 6.0 ], "rotation": 270, "windMode": [-1,-1,-1,-1] },
												"up": { "texture": "#skin", "uv": [ 14.0, 2.5, 18.5, 6.0 ], "windMode": [-1,-1,-1,-1] },
												"down": { "texture": "#bottom", "uv": [ 6.0, 8.0, 10.5, 11.5 ], "windMode": [-1,-1,-1,-1] }
											},
											"children": [
												{
													"name": "LLeg",
													"from": [ 2.0, 0.01, 3.7 ], 
													"to": [ 4.0, 0.37, 6.7 ], 
													"unwrapMode": 5,
													"autoUnwrap": false,
													"uv": [ 10.0, 4.5 ],
													"rotationOrigin": [ 2.0, 0.01, 3.7 ],
													"rotationY": 72.0,
													"faces": {
														"north": { "texture": "#null", "uv": [ 10.5, 4.5, 12.5, 5.0 ], "rotation": 180, "enabled": false },
														"east": { "texture": "#skin", "uv": [ 3.0, 17.5, 3.5, 20.5 ], "rotation": 90 },
														"south": { "texture": "#skin", "uv": [ 1.0, 20.5, 3.0, 21.0 ], "windMode": [-1,-1,-1,-1] },
														"west": { "texture": "#skin", "uv": [ 0.5, 17.5, 1.0, 20.5 ], "rotation": 270, "windMode": [-1,-1,-1,-1] },
														"up": { "texture": "#skin", "uv": [ 1.0, 17.5, 3.0, 20.5 ], "windMode": [-1,-1,-1,-1] },
														"down": { "texture": "#bottom", "uv": [ 13.0, 4.5, 15.0, 7.5 ], "windMode": [-1,-1,-1,-1] }
													},
													"children": [
														{
															"name": "LLegEnd",
															"from": [ 0.1, -0.01, 2.5 ], 
															"to": [ 1.3, 0.37, 5.0 ], 
															"unwrapMode": 5,
															"autoUnwrap": false,
															"uv": [ 4.5, 7.5 ],
															"rotationOrigin": [ 1.1, -0.01, 2.5 ],
															"rotationY": -14.0,
															"faces": {
																"north": { "texture": "#skin", "uv": [ 3.5, 20.5, 4.5, 21.0 ], "rotation": 180 },
																"east": { "texture": "#skin", "uv": [ 4.5, 21.0, 5.0, 23.5 ], "rotation": 90, "windMode": [-1,-1,-1,-1] },
																"south": { "texture": "#skin", "uv": [ 3.5, 23.5, 4.5, 24.0 ], "windMode": [-1,-1,-1,-1] },
																"west": { "texture": "#skin", "uv": [ 3.0, 21.0, 3.5, 23.5 ], "rotation": 270, "windMode": [-1,-1,-1,-1] },
																"up": { "texture": "#skin", "uv": [ 3.5, 21.0, 4.5, 23.5 ], "windMode": [-1,-1,-1,-1] },
																"down": { "texture": "#bottom", "uv": [ 6.5, 8.0, 7.5, 10.5 ], "windMode": [-1,-1,-1,-1] }
															}
														}
													]
												},
												{
													"name": "LLegLower",
													"from": [ 3.0, 0.02, -0.2 ], 
													"to": [ 4.5, 0.36, 2.8 ], 
													"unwrapMode": 5,
													"autoUnwrap": false,
													"uv": [ 0.5, 6.0 ],
													"rotationOrigin": [ 4.5, 0.02, -0.2 ],
													"rotationY": 16.0,
													"faces": {
														"north": { "texture": "#null", "uv": [ 0.5, 6.0, 2.0, 6.5 ], "rotation": 180, "enabled": false },
														"east": { "texture": "#skin", "uv": [ 5.0, 17.5, 5.5, 20.5 ], "rotation": 90 },
														"south": { "texture": "#null", "uv": [ 0.5, 9.0, 2.0, 9.5 ], "enabled": false },
														"west": { "texture": "#null", "uv": [ 0.5, 6.0, 1.0, 9.0 ], "rotation": 270, "enabled": false },
														"up": { "texture": "#skin", "uv": [ 3.5, 17.5, 5.0, 20.5 ], "windMode": [-1,-1,-1,-1] },
														"down": { "texture": "#bottom", "uv": [ 2.5, 6.0, 4.0, 9.0 ], "windMode": [-1,-1,-1,-1] }
													}
												}
											]
										},
										{
											"name": "RAbdomen",
											"from": [ 0.0, -0.37, 0.5 ], 
											"to": [ 4.5, 0.01, 4.2 ], 
											"unwrapMode": 5,
											"autoUnwrap": false,
											"uv": [ -0.5, 4.5 ],
											"rotationOrigin": [ 0.0, 0.01, 0.5 ],
											"rotationX": 180.0,
											"rotationY": -3.0,
											"faces": {
												"north": { "texture": "#null", "uv": [ 0.0, 4.5, 4.5, 5.0 ], "rotation": 180, "enabled": false },
												"east": { "texture": "#skin", "uv": [ 21.0, 2.5, 21.5, 6.0 ], "rotation": 90 },
												"south": { "texture": "#skin", "uv": [ 21.0, 5.5, 25.5, 6.0 ], "windMode": [-1,-1,-1,-1] },
												"west": { "texture": "#skin", "uv": [ 25.0, 2.5, 25.5, 6.0 ], "rotation": 270, "windMode": [-1,-1,-1,-1] },
												"up": { "texture": "#bottom", "uv": [ 0.0, 5.0, 4.5, 8.5 ], "windMode": [-1,-1,-1,-1] },
												"down": { "texture": "#skin", "uv": [ 21.0, 2.5, 25.5, 6.0 ], "windMode": [-1,-1,-1,-1] }
											},
											"children": [
												{
													"name": "RLeg",
													"from": [ 2.0, 0.01, 3.7 ], 
													"to": [ 4.0, 0.37, 6.7 ], 
													"unwrapMode": 5,
													"autoUnwrap": false,
													"uv": [ 1.0, 5.5 ],
													"rotationOrigin": [ 2.0, 0.37, 3.7 ],
													"rotationY": 72.0,
													"faces": {
														"north": { "texture": "#null", "uv": [ 1.5, 5.5, 3.5, 6.0 ], "rotation": 180, "enabled": false },
														"east": { "texture": "#skin", "uv": [ 11.5, 21.0, 12.0, 24.0 ], "rotation": 90 },
														"south": { "texture": "#skin", "uv": [ 12.0, 24.0, 14.0, 24.5 ], "windMode": [-1,-1,-1,-1] },
														"west": { "texture": "#skin", "uv": [ 14.0, 21.0, 14.5, 24.0 ], "rotation": 270, "windMode": [-1,-1,-1,-1] },
														"up": { "texture": "#bottom", "uv": [ 1.5, 5.5, 3.5, 8.5 ], "windMode": [-1,-1,-1,-1] },
														"down": { "texture": "#skin", "uv": [ 12.0, 21.0, 14.0, 24.0 ], "windMode": [-1,-1,-1,-1] }
													},
													"children": [
														{
															"name": "RLegEnd",
															"from": [ 0.0, -0.01, 2.5 ], 
															"to": [ 1.2, 0.37, 5.0 ], 
															"unwrapMode": 5,
															"autoUnwrap": false,
															"uv": [ 0.0, 9.0 ],
															"rotationOrigin": [ 1.0, 0.38, 2.5 ],
															"rotationY": -14.0,
															"faces": {
																"north": { "texture": "#skin", "uv": [ 14.5, 24.0, 15.5, 24.5 ], "rotation": 180 },
																"east": { "texture": "#skin", "uv": [ 15.5, 24.5, 16.0, 27.0 ], "rotation": 90, "windMode": [-1,-1,-1,-1] },
																"south": { "texture": "#skin", "uv": [ 14.5, 27.0, 15.5, 27.5 ], "windMode": [-1,-1,-1,-1] },
																"west": { "texture": "#skin", "uv": [ 14.0, 24.5, 14.5, 27.0 ], "rotation": 270, "windMode": [-1,-1,-1,-1] },
																"up": { "texture": "#bottom", "uv": [ 0.5, 9.5, 1.5, 12.0 ], "windMode": [-1,-1,-1,-1] },
																"down": { "texture": "#skin", "uv": [ 14.5, 24.5, 15.5, 27.0 ], "windMode": [-1,-1,-1,-1] }
															}
														}
													]
												},
												{
													"name": "RLegLower",
													"from": [ 3.0, 0.02, 0.0 ], 
													"to": [ 4.5, 0.36, 3.0 ], 
													"unwrapMode": 5,
													"autoUnwrap": false,
													"uv": [ 12.0, 4.0 ],
													"rotationOrigin": [ 4.5, 0.36, 0.0 ],
													"rotationY": 16.0,
													"faces": {
														"north": { "texture": "#null", "uv": [ 12.0, 4.0, 13.5, 4.5 ], "rotation": 180, "enabled": false },
														"east": { "texture": "#skin", "uv": [ 16.0, 21.0, 16.5, 24.0 ], "rotation": 90, "windMode": [-1,-1,-1,-1] },
														"south": { "texture": "#null", "uv": [ 12.0, 7.0, 13.5, 7.5 ], "enabled": false },
														"west": { "texture": "#null", "uv": [ 12.0, 4.0, 12.5, 7.0 ], "rotation": 270, "enabled": false },
														"up": { "texture": "#bottom", "uv": [ 12.0, 4.0, 13.5, 7.0 ], "windMode": [-1,-1,-1,-1] },
														"down": { "texture": "#skin", "uv": [ 14.5, 21.0, 16.0, 24.0 ], "windMode": [-1,-1,-1,-1] }
													}
												}
											]
										},
										{
											"name": "PeltTail",
											"from": [ 4.5, 0.01, 0.25 ], 
											"to": [ 7.5, 0.51, 2.25 ], 
											"autoUnwrap": false,
											"uv": [ 4.0, 4.0 ],
											"rotationOrigin": [ 4.5, 0.01, 0.25 ],
											"faces": {
												"north": { "texture": "#skin", "uv": [ 23.5, 8.5, 26.5, 9.0 ] },
												"east": { "texture": "#skin", "uv": [ 21.5, 8.5, 23.5, 9.0 ], "windMode": [-1,-1,-1,-1] },
												"south": { "texture": "#skin", "uv": [ 18.5, 8.5, 21.5, 9.0 ], "windMode": [-1,-1,-1,-1] },
												"west": { "texture": "#skin", "uv": [ 16.5, 8.5, 18.5, 9.0 ], "windMode": [-1,-1,-1,-1] },
												"up": { "texture": "#skin", "uv": [ 18.5, 6.5, 21.5, 8.5 ], "windMode": [-1,-1,-1,-1] },
												"down": { "texture": "#skin", "uv": [ 18.5, 10.5, 21.5, 12.5 ], "windMode": [-1,-1,-1,-1] }
											},
											"children": [
												{
													"name": "PeltTailMid",
													"from": [ 2.5, -0.01, -0.3 ], 
													"to": [ 5.5, 0.78, 2.3 ], 
													"autoUnwrap": false,
													"uv": [ 29.0, 10.5 ],
													"rotationOrigin": [ 2.5, -0.01, -0.3 ],
													"faces": {
														"north": { "texture": "#skin", "uv": [ 29.0, 13.0, 32.0, 13.5 ] },
														"east": { "texture": "#skin", "uv": [ 26.5, 13.0, 29.0, 13.5 ], "windMode": [-1,-1,-1,-1] },
														"south": { "texture": "#skin", "uv": [ 23.5, 13.0, 26.5, 13.5 ], "windMode": [-1,-1,-1,-1] },
														"west": { "texture": "#skin", "uv": [ 21.0, 13.0, 23.5, 13.5 ], "windMode": [-1,-1,-1,-1] },
														"up": { "texture": "#skin", "uv": [ 23.5, 10.5, 26.5, 13.0 ], "windMode": [-1,-1,-1,-1] },
														"down": { "texture": "#skin", "uv": [ 23.5, 15.5, 26.5, 18.0 ], "windMode": [-1,-1,-1,-1] }
													},
													"children": [
														{
															"name": "PeltTailEnd",
															"from": [ 2.7, 0.0, 0.1 ], 
															"to": [ 6.2, 0.6, 2.5 ], 
															"autoUnwrap": false,
															"uv": [ 4.5, 4.5 ],
															"rotationOrigin": [ 2.7, 0.0, 0.1 ],
															"faces": {
																"north": { "texture": "#skin", "uv": [ 17.5, 14.0, 21.0, 14.5 ] },
																"east": { "texture": "#skin", "uv": [ 15.5, 14.0, 17.5, 14.5 ], "windMode": [-1,-1,-1,-1] },
																"south": { "texture": "#skin", "uv": [ 12.0, 14.0, 15.5, 14.5 ], "windMode": [-1,-1,-1,-1] },
																"west": { "texture": "#skin", "uv": [ 10.0, 14.0, 12.0, 14.5 ], "windMode": [-1,-1,-1,-1] },
																"up": { "texture": "#skin", "uv": [ 12.0, 12.0, 15.5, 14.0 ], "windMode": [-1,-1,-1,-1] },
																"down": { "texture": "#skin", "uv": [ 12.0, 16.0, 15.5, 18.0 ], "rotation": 180, "windMode": [-1,-1,-1,-1] }
															}
														}
													]
												}
											]
										}
									]
								},
								{
									"name": "Neck",
									"from": [ -3.0, 0.0, 0.5 ], 
									"to": [ 0.0, 0.44, 2.5 ], 
									"autoUnwrap": false,
									"uv": [ 3.0, 2.0 ],
									"rotationOrigin": [ 0.0, 0.0, 0.5 ],
									"faces": {
										"north": { "texture": "#skin", "uv": [ 12.0, 9.0, 15.0, 9.5 ] },
										"east": { "texture": "#skin", "uv": [ 6.0, 4.0, 8.0, 4.5 ], "enabled": false, "windMode": [-1,-1,-1,-1] },
										"south": { "texture": "#skin", "uv": [ 9.0, 9.0, 12.0, 9.5 ], "windMode": [-1,-1,-1,-1] },
										"west": { "texture": "#skin", "uv": [ 7.0, 9.0, 9.0, 9.5 ], "windMode": [-1,-1,-1,-1] },
										"up": { "texture": "#skin", "uv": [ 9.0, 7.0, 12.0, 9.0 ], "windMode": [-1,-1,-1,-1] },
										"down": { "texture": "#bottom", "uv": [ 6.0, 2.0, 9.0, 4.0 ] }
									},
									"children": [
										{
											"name": "RNeck",
											"from": [ 1.0, -0.36, -2.0 ], 
											"to": [ 4.0, 0.02, 1.0 ], 
											"unwrapMode": 6,
											"autoUnwrap": false,
											"uv": [ 8.0, 11.0 ],
											"rotationOrigin": [ 4.0, 0.02, 1.0 ],
											"rotationX": -180.0,
											"rotationY": 75.0,
											"faces": {
												"north": { "texture": "#skin", "uv": [ 12.0, 11.5, 15.0, 12.0 ] },
												"east": { "texture": "#null", "uv": [ 8.0, 11.5, 8.5, 14.5 ], "rotation": 90, "enabled": false, "windMode": [-1,-1,-1,-1] },
												"south": { "texture": "#skin", "uv": [ 12.0, 9.0, 15.0, 9.5 ], "rotation": 180, "windMode": [-1,-1,-1,-1] },
												"west": { "texture": "#skin", "uv": [ 14.5, 9.0, 15.0, 12.0 ], "rotation": 270, "windMode": [-1,-1,-1,-1] },
												"up": { "texture": "#bottom", "uv": [ 11.5, 11.5, 14.5, 14.5 ], "windMode": [-1,-1,-1,-1] },
												"down": { "texture": "#skin", "uv": [ 12.0, 9.0, 15.0, 12.0 ], "rotation": 270, "windMode": [-1,-1,-1,-1] }
											}
										},
										{
											"name": "LNeck",
											"from": [ 1.0, 0.02, -2.0 ], 
											"to": [ 4.0, 0.4, 1.0 ], 
											"unwrapMode": 5,
											"autoUnwrap": false,
											"uv": [ 6.0, 10.5 ],
											"rotationOrigin": [ 4.0, 0.02, 1.0 ],
											"rotationY": 75.0,
											"faces": {
												"north": { "texture": "#skin", "uv": [ 9.0, 9.0, 12.0, 9.5 ], "rotation": 180 },
												"east": { "texture": "#null", "uv": [ 9.5, 11.0, 10.0, 14.0 ], "rotation": 90, "enabled": false, "windMode": [-1,-1,-1,-1] },
												"south": { "texture": "#skin", "uv": [ 9.0, 11.5, 12.0, 12.0 ], "windMode": [-1,-1,-1,-1] },
												"west": { "texture": "#skin", "uv": [ 9.0, 9.0, 9.5, 12.0 ], "rotation": 270, "windMode": [-1,-1,-1,-1] },
												"up": { "texture": "#skin", "uv": [ 9.0, 9.0, 12.0, 12.0 ], "rotation": 90, "windMode": [-1,-1,-1,-1] },
												"down": { "texture": "#bottom", "uv": [ 9.5, 11.0, 12.5, 14.0 ], "windMode": [-1,-1,-1,-1] }
											}
										},
										{
											"name": "Head",
											"from": [ -2.0, 0.0, -0.25 ], 
											"to": [ 1.0, 0.45, 2.25 ], 
											"autoUnwrap": false,
											"uv": [ 4.5, 3.5 ],
											"rotationOrigin": [ 1.0, 0.0, -0.25 ],
											"faces": {
												"north": { "texture": "#skin", "uv": [ 2.0, 11.5, 2.5, 14.5 ], "rotation": 270 },
												"east": { "texture": "#skin", "uv": [ 2.0, 11.0, 4.5, 11.5 ], "windMode": [-1,-1,-1,-1] },
												"south": { "texture": "#skin", "uv": [ 4.0, 11.5, 4.5, 14.5 ], "rotation": 90, "windMode": [-1,-1,-1,-1] },
												"west": { "texture": "#skin", "uv": [ 2.0, 14.0, 4.5, 14.5 ], "windMode": [-1,-1,-1,-1] },
												"up": { "texture": "#skin", "uv": [ 2.0, 11.5, 4.5, 14.5 ], "rotation": 90, "windMode": [-1,-1,-1,-1] },
												"down": { "texture": "#bottom", "uv": [ 7.5, 3.5, 10.5, 6.0 ] }
											},
											"children": [
												{
													"name": "Snout",
													"from": [ -1.4, 0.0, 0.85 ], 
													"to": [ 0.1, 0.4, 1.65 ], 
													"autoUnwrap": false,
													"uv": [ 1.5, 2.0 ],
													"rotationOrigin": [ 0.1, 0.0, 0.85 ],
													"faces": {
														"north": { "texture": "#skin", "uv": [ 7.0, 7.0, 7.5, 8.5 ], "rotation": 270 },
														"east": { "texture": "#skin", "uv": [ 3.0, 2.5, 3.5, 3.0 ], "enabled": false, "windMode": [-1,-1,-1,-1] },
														"south": { "texture": "#skin", "uv": [ 8.0, 7.0, 8.5, 8.5 ], "rotation": 90, "windMode": [-1,-1,-1,-1] },
														"west": { "texture": "#skin", "uv": [ 7.5, 8.5, 8.0, 9.0 ], "windMode": [-1,-1,-1,-1] },
														"up": { "texture": "#skin", "uv": [ 7.5, 7.0, 8.0, 8.5 ], "rotation": 90, "windMode": [-1,-1,-1,-1] },
														"down": { "texture": "#bottom", "uv": [ 3.0, 2.0, 4.5, 2.5 ] }
													},
													"children": [
														{
															"name": "Nose",
															"from": [ -0.01, 0.15, 0.25 ], 
															"to": [ 0.39, 0.45, 0.55 ], 
															"unwrapMode": 3,
															"uv": [ 4.5, 10.0 ],
															"rotationOrigin": [ 0.0, 0.15, 0.25 ],
															"faces": {
																"north": { "texture": "#skin", "uv": [ 6.0, 10.5, 6.5, 11.0 ] },
																"east": { "texture": "#skin", "uv": [ 5.5, 10.5, 6.0, 11.0 ], "windMode": [-1,-1,-1,-1] },
																"south": { "texture": "#skin", "uv": [ 5.0, 10.5, 5.5, 11.0 ], "windMode": [-1,-1,-1,-1] },
																"west": { "texture": "#skin", "uv": [ 4.5, 10.5, 5.0, 11.0 ], "windMode": [-1,-1,-1,-1] },
																"up": { "texture": "#skin", "uv": [ 5.0, 10.0, 5.5, 10.5 ], "windMode": [-1,-1,-1,-1] },
																"down": { "texture": "#skin", "uv": [ 5.0, 11.0, 5.5, 11.5 ], "rotation": 180, "windMode": [-1,-1,-1,-1] }
															}
														}
													]
												}
											]
										}
									]
								}
							]
						}
					]
				}
			]
		}
	]}