{
	"editor": {
		"allAngles": true,
		"entityTextureMode": true
	},
	"textureWidth": 32,
	"textureHeight": 24,
	"textureSizes": {
		"bottom": [16,16],
		"skin": [32,24]
	},
	"textures": {
	},
	"elements": [
		{
			"name": "Rotation Point",
			"from": [ 0.0, 0.0, 0.0 ], 
			"to": [ 0.0, 0.0, 0.0 ], 
			"uv": [ 0.0, 0.0 ],
			"rotationOrigin": [ 0.0, 0.0, 0.0 ],
			"rotationZ": -90.0,
			"faces": {
				"north": { "texture": "#null", "uv": [ 0.0, 0.5, 0.5, 1.0 ], "enabled": false },
				"east": { "texture": "#null", "uv": [ 0.5, 0.5, 1.0, 1.0 ], "enabled": false },
				"south": { "texture": "#null", "uv": [ 1.0, 0.5, 1.5, 1.0 ], "enabled": false },
				"west": { "texture": "#null", "uv": [ 1.5, 0.5, 2.0, 1.0 ], "enabled": false },
				"up": { "texture": "#null", "uv": [ 0.0, 0.0, 0.5, 0.5 ], "enabled": false },
				"down": { "texture": "#null", "uv": [ 0.5, 0.0, 1.0, 0.5 ], "enabled": false }
			},
			"children": [
				{
					"name": "Base",
					"from": [ -11.0, 0.0, 8.0 ], 
					"to": [ -11.0, 0.0, 8.0 ], 
					"uv": [ 0.0, 0.0 ],
					"rotationOrigin": [ -11.0, 0.0, 8.0 ],
					"faces": {
						"north": { "texture": "#null", "uv": [ 0.0, 0.5, 0.5, 1.0 ], "enabled": false },
						"east": { "texture": "#null", "uv": [ 0.5, 0.5, 1.0, 1.0 ], "enabled": false },
						"south": { "texture": "#null", "uv": [ 1.0, 0.5, 1.5, 1.0 ], "enabled": false },
						"west": { "texture": "#null", "uv": [ 1.5, 0.5, 2.0, 1.0 ], "enabled": false },
						"up": { "texture": "#null", "uv": [ 0.0, 0.0, 0.5, 0.5 ], "enabled": false },
						"down": { "texture": "#null", "uv": [ 0.5, 0.0, 1.0, 0.5 ], "enabled": false }
					},
					"children": [
						{
							"name": "PeltBody",
							"from": [ 1.0, 0.0, -0.375 ], 
							"to": [ 2.0, 0.105, 0.375 ], 
							"unwrapMode": 5,
							"autoUnwrap": false,
							"uv": [ 0.0, 9.0 ],
							"rotationOrigin": [ 1.0, 0.0, -0.375 ],
							"faces": {
								"north": { "texture": "#skin", "uv": [ 10.0, 3.0, 14.0, 3.5 ], "rotation": 180, "windMode": [-1,-1,-1,-1] },
								"east": { "texture": "#skin", "uv": [ 6.5, 0.0, 7.0, 3.0 ], "rotation": 90, "windMode": [-1,-1,-1,-1] },
								"south": { "texture": "#skin", "uv": [ 3.0, 3.0, 7.0, 3.5 ], "windMode": [-1,-1,-1,-1] },
								"west": { "texture": "#skin", "uv": [ 3.0, 0.0, 3.5, 3.0 ], "rotation": 270, "windMode": [-1,-1,-1,-1] },
								"up": { "texture": "#skin", "uv": [ 3.0, 0.0, 7.0, 3.0 ], "windMode": [-1,-1,-1,-1] },
								"down": { "texture": "#bottom", "uv": [ 5.0, 8.5, 9.0, 11.5 ], "windMode": [-1,-1,-1,-1] }
							},
							"children": [
								{
									"name": "LBody",
									"from": [ 0.0, 0.0025, 0.575 ], 
									"to": [ 1.0, 0.1025, 1.45 ], 
									"unwrapMode": 5,
									"autoUnwrap": false,
									"uv": [ 0.0, 2.5 ],
									"rotationOrigin": [ 0.0, -0.0025, 0.575 ],
									"rotationY": -3.0,
									"faces": {
										"north": { "texture": "#null", "uv": [ 0.5, 2.5, 4.5, 3.0 ], "rotation": 180, "enabled": false },
										"east": { "texture": "#skin", "uv": [ 6.5, 3.0, 7.0, 6.5 ], "rotation": 90 },
										"south": { "texture": "#skin", "uv": [ 3.0, 6.5, 7.0, 7.0 ], "windMode": [-1,-1,-1,-1] },
										"west": { "texture": "#skin", "uv": [ 3.0, 3.0, 3.5, 6.5 ], "rotation": 270, "windMode": [-1,-1,-1,-1] },
										"up": { "texture": "#skin", "uv": [ 3.0, 3.0, 7.0, 6.5 ], "windMode": [-1,-1,-1,-1] },
										"down": { "texture": "#bottom", "uv": [ 4.5, 2.0, 8.5, 5.5 ] }
									},
									"children": [
										{
											"name": "LArm",
											"from": [ 0.0, 0.0025, 0.625 ], 
											"to": [ 0.25, 0.0975, 1.25 ], 
											"unwrapMode": 5,
											"autoUnwrap": false,
											"uv": [ 6.5, 18.0 ],
											"rotationOrigin": [ 0.0, 0.0025, 0.625 ],
											"rotationY": -30.0,
											"faces": {
												"north": { "texture": "#null", "uv": [ 7.0, 18.0, 8.0, 18.5 ], "rotation": 180, "enabled": false },
												"east": { "texture": "#skin", "uv": [ 24.5, 14.5, 25.0, 17.0 ], "rotation": 90 },
												"south": { "texture": "#skin", "uv": [ 23.5, 17.0, 24.5, 17.5 ], "windMode": [-1,-1,-1,-1] },
												"west": { "texture": "#skin", "uv": [ 23.0, 14.5, 23.5, 17.0 ], "rotation": 270, "windMode": [-1,-1,-1,-1] },
												"up": { "texture": "#skin", "uv": [ 23.5, 14.5, 24.5, 17.0 ], "windMode": [-1,-1,-1,-1] },
												"down": { "texture": "#bottom", "uv": [ 8.5, 11.0, 9.5, 13.5 ], "windMode": [-1,-1,-1,-1] }
											},
											"children": [
												{
													"name": "LArmLower",
													"from": [ 0.25, 0.0025, 0.0 ], 
													"to": [ 0.5, 0.0925, 0.625 ], 
													"unwrapMode": 5,
													"autoUnwrap": false,
													"uv": [ 8.0, 18.0 ],
													"rotationOrigin": [ 0.5, 0.0025, 0.0 ],
													"rotationY": -10.0,
													"faces": {
														"north": { "texture": "#null", "uv": [ 8.0, 18.0, 9.0, 18.5 ], "rotation": 180, "enabled": false },
														"east": { "texture": "#skin", "uv": [ 25.5, 14.5, 26.0, 17.0 ], "rotation": 90 },
														"south": { "texture": "#skin", "uv": [ 25.0, 16.5, 26.0, 17.0 ], "windMode": [-1,-1,-1,-1] },
														"west": { "texture": "#null", "uv": [ 8.0, 18.0, 8.5, 20.5 ], "rotation": 270, "enabled": false, "windMode": [-1,-1,-1,-1] },
														"up": { "texture": "#skin", "uv": [ 24.5, 14.5, 25.5, 17.0 ], "windMode": [-1,-1,-1,-1] },
														"down": { "texture": "#bottom", "uv": [ 9.5, 12.0, 10.5, 14.5 ], "windMode": [-1,-1,-1,-1] }
													}
												}
											]
										}
									]
								},
								{
									"name": "RBody",
									"from": [ 0.0, -0.1025, 0.175 ], 
									"to": [ 1.0, -0.0025, 1.05 ], 
									"unwrapMode": 6,
									"autoUnwrap": false,
									"uv": [ 0.0, 9.0 ],
									"rotationOrigin": [ 0.0, 0.0, 0.175 ],
									"rotationX": 180.0,
									"rotationY": -3.0,
									"faces": {
										"north": { "texture": "#null", "uv": [ 0.5, 9.0, 4.5, 9.5 ], "enabled": false, "windMode": [-1,-1,-1,-1] },
										"east": { "texture": "#skin", "uv": [ 10.0, 3.0, 10.5, 6.5 ], "rotation": 90 },
										"south": { "texture": "#skin", "uv": [ 10.0, 6.5, 14.0, 7.0 ], "rotation": 180, "windMode": [-1,-1,-1,-1] },
										"west": { "texture": "#skin", "uv": [ 13.5, 3.0, 14.0, 6.5 ], "rotation": 270, "windMode": [-1,-1,-1,-1] },
										"up": { "texture": "#bottom", "uv": [ 7.0, 6.0, 11.0, 9.5 ], "windMode": [-1,-1,-1,-1] },
										"down": { "texture": "#skin", "uv": [ 10.0, 3.0, 14.0, 6.5 ], "windMode": [-1,-1,-1,-1] }
									},
									"children": [
										{
											"name": "RArm",
											"from": [ 0.0, 0.0025, 0.625 ], 
											"to": [ 0.25, 0.0975, 1.25 ], 
											"unwrapMode": 6,
											"autoUnwrap": false,
											"uv": [ 4.0, 6.5 ],
											"rotationOrigin": [ 0.0, 0.0975, 0.625 ],
											"rotationY": -30.0,
											"faces": {
												"north": { "texture": "#null", "uv": [ 4.5, 6.5, 5.5, 7.0 ], "enabled": false },
												"east": { "texture": "#skin", "uv": [ 30.0, 0.5, 30.5, 3.0 ], "rotation": 90 },
												"south": { "texture": "#skin", "uv": [ 29.0, 3.0, 30.0, 3.5 ], "rotation": 180, "windMode": [-1,-1,-1,-1] },
												"west": { "texture": "#skin", "uv": [ 28.5, 0.5, 29.0, 3.0 ], "rotation": 270, "windMode": [-1,-1,-1,-1] },
												"up": { "texture": "#bottom", "uv": [ 6.0, 6.5, 7.0, 9.0 ], "windMode": [-1,-1,-1,-1] },
												"down": { "texture": "#skin", "uv": [ 29.0, 0.5, 30.0, 3.0 ], "windMode": [-1,-1,-1,-1] }
											},
											"children": [
												{
													"name": "RArmLower",
													"from": [ 0.25, 0.0025, 0.0 ], 
													"to": [ 0.5, 0.0925, 0.625 ], 
													"unwrapMode": 5,
													"autoUnwrap": false,
													"uv": [ 4.5, 6.5 ],
													"rotationOrigin": [ 0.5, 0.0925, 0.0 ],
													"rotationY": -10.0,
													"faces": {
														"north": { "texture": "#null", "uv": [ 4.5, 6.5, 5.5, 7.0 ], "rotation": 180, "enabled": false },
														"east": { "texture": "#skin", "uv": [ 31.0, 0.5, 31.5, 3.0 ], "rotation": 90, "windMode": [-1,-1,-1,-1] },
														"south": { "texture": "#skin", "uv": [ 30.5, 2.5, 31.5, 3.0 ], "windMode": [-1,-1,-1,-1] },
														"west": { "texture": "#null", "uv": [ 4.5, 6.5, 5.0, 9.0 ], "rotation": 270, "enabled": false },
														"up": { "texture": "#bottom", "uv": [ 4.5, 6.5, 5.5, 9.0 ], "windMode": [-1,-1,-1,-1] },
														"down": { "texture": "#skin", "uv": [ 30.5, 0.5, 31.5, 3.0 ], "windMode": [-1,-1,-1,-1] }
													}
												}
											]
										}
									]
								},
								{
									"name": "PeltAbdomen",
									"from": [ 0.9975, 0.0025, 0.0625 ], 
									"to": [ 2.1225, 0.1025, 0.6875 ], 
									"unwrapMode": 5,
									"autoUnwrap": false,
									"uv": [ 0.0, 0.0 ],
									"rotationOrigin": [ 1.0, 0.0025, 0.0625 ],
									"faces": {
										"north": { "texture": "#skin", "uv": [ 21.0, 2.5, 25.5, 3.0 ], "rotation": 180 },
										"east": { "texture": "#skin", "uv": [ 18.0, 0.0, 18.5, 2.5 ], "rotation": 90, "windMode": [-1,-1,-1,-1] },
										"south": { "texture": "#skin", "uv": [ 14.0, 2.5, 18.5, 3.0 ], "windMode": [-1,-1,-1,-1] },
										"west": { "texture": "#null", "uv": [ 0.0, 0.5, 0.5, 3.0 ], "rotation": 270, "enabled": false, "windMode": [-1,-1,-1,-1] },
										"up": { "texture": "#skin", "uv": [ 14.0, 0.0, 18.5, 2.5 ], "windMode": [-1,-1,-1,-1] },
										"down": { "texture": "#bottom", "uv": [ 3.0, 2.5, 7.5, 5.0 ] }
									},
									"children": [
										{
											"name": "LAbdomen",
											"from": [ 0.0, 0.0025, 0.5 ], 
											"to": [ 1.125, 0.0975, 1.425 ], 
											"unwrapMode": 5,
											"autoUnwrap": false,
											"uv": [ 0.0, 10.5 ],
											"rotationOrigin": [ 0.0, 0.0025, 0.5 ],
											"rotationY": -3.0,
											"faces": {
												"north": { "texture": "#null", "uv": [ 0.5, 10.5, 5.0, 11.0 ], "rotation": 180, "enabled": false },
												"east": { "texture": "#skin", "uv": [ 18.0, 2.5, 18.5, 6.0 ], "rotation": 90 },
												"south": { "texture": "#skin", "uv": [ 14.0, 5.5, 18.5, 6.0 ], "windMode": [-1,-1,-1,-1] },
												"west": { "texture": "#skin", "uv": [ 14.0, 2.5, 14.5, 6.0 ], "rotation": 270, "windMode": [-1,-1,-1,-1] },
												"up": { "texture": "#skin", "uv": [ 14.0, 2.5, 18.5, 6.0 ], "windMode": [-1,-1,-1,-1] },
												"down": { "texture": "#bottom", "uv": [ 6.0, 8.0, 10.5, 11.5 ], "windMode": [-1,-1,-1,-1] }
											},
											"children": [
												{
													"name": "LLeg",
													"from": [ 0.5, 0.0025, 0.925 ], 
													"to": [ 1.0, 0.0925, 1.675 ], 
													"unwrapMode": 5,
													"autoUnwrap": false,
													"uv": [ 10.0, 4.5 ],
													"rotationOrigin": [ 0.5, 0.0025, 0.925 ],
													"rotationY": 72.0,
													"faces": {
														"north": { "texture": "#null", "uv": [ 10.5, 4.5, 12.5, 5.0 ], "rotation": 180, "enabled": false },
														"east": { "texture": "#skin", "uv": [ 8.0, 16.5, 8.5, 19.5 ], "rotation": 90 },
														"south": { "texture": "#skin", "uv": [ 6.0, 19.5, 8.0, 20.0 ], "windMode": [-1,-1,-1,-1] },
														"west": { "texture": "#skin", "uv": [ 5.5, 16.5, 6.0, 19.5 ], "rotation": 270, "windMode": [-1,-1,-1,-1] },
														"up": { "texture": "#skin", "uv": [ 6.0, 16.5, 8.0, 19.5 ], "windMode": [-1,-1,-1,-1] },
														"down": { "texture": "#bottom", "uv": [ 13.0, 4.5, 15.0, 7.5 ], "windMode": [-1,-1,-1,-1] }
													},
													"children": [
														{
															"name": "LLegEnd",
															"from": [ 0.025, -0.0025, 0.625 ], 
															"to": [ 0.325, 0.0925, 1.25 ], 
															"unwrapMode": 5,
															"autoUnwrap": false,
															"uv": [ 4.5, 7.5 ],
															"rotationOrigin": [ 0.275, -0.0025, 0.625 ],
															"rotationY": -14.0,
															"faces": {
																"north": { "texture": "#skin", "uv": [ 13.5, 17.0, 14.5, 17.5 ], "rotation": 180 },
																"east": { "texture": "#skin", "uv": [ 14.5, 17.5, 15.0, 20.0 ], "rotation": 90, "windMode": [-1,-1,-1,-1] },
																"south": { "texture": "#skin", "uv": [ 13.5, 20.0, 14.5, 20.5 ], "windMode": [-1,-1,-1,-1] },
																"west": { "texture": "#skin", "uv": [ 13.0, 17.5, 13.5, 20.0 ], "rotation": 270, "windMode": [-1,-1,-1,-1] },
																"up": { "texture": "#skin", "uv": [ 13.5, 17.5, 14.5, 20.0 ], "windMode": [-1,-1,-1,-1] },
																"down": { "texture": "#bottom", "uv": [ 6.5, 8.0, 7.5, 10.5 ], "windMode": [-1,-1,-1,-1] }
															}
														}
													]
												},
												{
													"name": "LLegLower",
													"from": [ 0.75, 0.005, -0.05 ], 
													"to": [ 1.125, 0.09, 0.7 ], 
													"unwrapMode": 5,
													"autoUnwrap": false,
													"uv": [ 0.5, 6.0 ],
													"rotationOrigin": [ 1.125, 0.005, -0.05 ],
													"rotationY": 16.0,
													"faces": {
														"north": { "texture": "#null", "uv": [ 0.5, 6.0, 2.0, 6.5 ], "rotation": 180, "enabled": false },
														"east": { "texture": "#skin", "uv": [ 10.0, 16.5, 10.5, 19.5 ], "rotation": 90 },
														"south": { "texture": "#null", "uv": [ 0.5, 9.0, 2.0, 9.5 ], "enabled": false },
														"west": { "texture": "#null", "uv": [ 0.5, 6.0, 1.0, 9.0 ], "rotation": 270, "enabled": false },
														"up": { "texture": "#skin", "uv": [ 8.5, 16.5, 10.0, 19.5 ], "windMode": [-1,-1,-1,-1] },
														"down": { "texture": "#bottom", "uv": [ 2.5, 6.0, 4.0, 9.0 ], "windMode": [-1,-1,-1,-1] }
													}
												}
											]
										},
										{
											"name": "RAbdomen",
											"from": [ 0.0, -0.0925, 0.125 ], 
											"to": [ 1.125, 0.0025, 1.05 ], 
											"unwrapMode": 5,
											"autoUnwrap": false,
											"uv": [ -0.5, 4.5 ],
											"rotationOrigin": [ 0.0, 0.0025, 0.125 ],
											"rotationX": 180.0,
											"rotationY": -3.0,
											"faces": {
												"north": { "texture": "#null", "uv": [ 0.0, 4.5, 4.5, 5.0 ], "rotation": 180, "enabled": false },
												"east": { "texture": "#skin", "uv": [ 21.0, 2.5, 21.5, 6.0 ], "rotation": 90 },
												"south": { "texture": "#skin", "uv": [ 21.0, 5.5, 25.5, 6.0 ], "windMode": [-1,-1,-1,-1] },
												"west": { "texture": "#skin", "uv": [ 25.0, 2.5, 25.5, 6.0 ], "rotation": 270, "windMode": [-1,-1,-1,-1] },
												"up": { "texture": "#bottom", "uv": [ 0.0, 5.0, 4.5, 8.5 ], "windMode": [-1,-1,-1,-1] },
												"down": { "texture": "#skin", "uv": [ 21.0, 2.5, 25.5, 6.0 ], "windMode": [-1,-1,-1,-1] }
											},
											"children": [
												{
													"name": "RLeg",
													"from": [ 0.5, 0.0025, 0.925 ], 
													"to": [ 1.0, 0.0925, 1.675 ], 
													"unwrapMode": 5,
													"autoUnwrap": false,
													"uv": [ 1.0, 5.5 ],
													"rotationOrigin": [ 0.5, 0.0925, 0.925 ],
													"rotationY": 72.0,
													"faces": {
														"north": { "texture": "#null", "uv": [ 1.5, 5.5, 3.5, 6.0 ], "rotation": 180, "enabled": false },
														"east": { "texture": "#skin", "uv": [ 26.5, 14.0, 27.0, 17.0 ], "rotation": 90 },
														"south": { "texture": "#skin", "uv": [ 27.0, 17.0, 29.0, 17.5 ], "windMode": [-1,-1,-1,-1] },
														"west": { "texture": "#skin", "uv": [ 29.0, 14.0, 29.5, 17.0 ], "rotation": 270, "windMode": [-1,-1,-1,-1] },
														"up": { "texture": "#bottom", "uv": [ 1.5, 5.5, 3.5, 8.5 ], "windMode": [-1,-1,-1,-1] },
														"down": { "texture": "#skin", "uv": [ 27.0, 14.0, 29.0, 17.0 ], "windMode": [-1,-1,-1,-1] }
													},
													"children": [
														{
															"name": "RLegEnd",
															"from": [ 0.0, -0.0025, 0.625 ], 
															"to": [ 0.3, 0.0925, 1.25 ], 
															"unwrapMode": 5,
															"autoUnwrap": false,
															"uv": [ 0.0, 9.0 ],
															"rotationOrigin": [ 0.25, 0.095, 0.625 ],
															"rotationY": -14.0,
															"faces": {
																"north": { "texture": "#skin", "uv": [ 28.5, 9.5, 29.5, 10.0 ], "rotation": 180 },
																"east": { "texture": "#skin", "uv": [ 29.5, 10.0, 30.0, 12.5 ], "rotation": 90, "windMode": [-1,-1,-1,-1] },
																"south": { "texture": "#skin", "uv": [ 28.5, 12.5, 29.5, 13.0 ], "windMode": [-1,-1,-1,-1] },
																"west": { "texture": "#skin", "uv": [ 28.0, 10.0, 28.5, 12.5 ], "rotation": 270, "windMode": [-1,-1,-1,-1] },
																"up": { "texture": "#bottom", "uv": [ 0.5, 9.5, 1.5, 12.0 ], "windMode": [-1,-1,-1,-1] },
																"down": { "texture": "#skin", "uv": [ 28.5, 10.0, 29.5, 12.5 ], "windMode": [-1,-1,-1,-1] }
															}
														}
													]
												},
												{
													"name": "RLegLower",
													"from": [ 0.75, 0.005, 0.0 ], 
													"to": [ 1.125, 0.09, 0.75 ], 
													"unwrapMode": 5,
													"autoUnwrap": false,
													"uv": [ 12.0, 4.0 ],
													"rotationOrigin": [ 1.125, 0.09, 0.0 ],
													"rotationY": 16.0,
													"faces": {
														"north": { "texture": "#null", "uv": [ 12.0, 4.0, 13.5, 4.5 ], "rotation": 180, "enabled": false },
														"east": { "texture": "#skin", "uv": [ 31.0, 14.0, 31.5, 17.0 ], "rotation": 90, "windMode": [-1,-1,-1,-1] },
														"south": { "texture": "#null", "uv": [ 12.0, 7.0, 13.5, 7.5 ], "enabled": false },
														"west": { "texture": "#null", "uv": [ 12.0, 4.0, 12.5, 7.0 ], "rotation": 270, "enabled": false },
														"up": { "texture": "#bottom", "uv": [ 12.0, 4.0, 13.5, 7.0 ], "windMode": [-1,-1,-1,-1] },
														"down": { "texture": "#skin", "uv": [ 29.5, 14.0, 31.0, 17.0 ], "windMode": [-1,-1,-1,-1] }
													}
												}
											]
										},
										{
											"name": "PeltTail",
											"from": [ 1.125, 0.0025, 0.0625 ], 
											"to": [ 1.625, 0.1275, 0.5625 ], 
											"autoUnwrap": false,
											"uv": [ 4.0, 4.0 ],
											"rotationOrigin": [ 1.125, 0.0025, 0.0625 ],
											"faces": {
												"north": { "texture": "#skin", "uv": [ 22.5, 8.5, 24.5, 9.0 ] },
												"east": { "texture": "#skin", "uv": [ 20.5, 8.5, 22.5, 9.0 ], "windMode": [-1,-1,-1,-1] },
												"south": { "texture": "#skin", "uv": [ 18.5, 8.5, 20.5, 9.0 ], "windMode": [-1,-1,-1,-1] },
												"west": { "texture": "#skin", "uv": [ 16.5, 8.5, 18.5, 9.0 ], "windMode": [-1,-1,-1,-1] },
												"up": { "texture": "#skin", "uv": [ 18.5, 6.5, 20.5, 8.5 ], "windMode": [-1,-1,-1,-1] },
												"down": { "texture": "#skin", "uv": [ 18.5, 10.5, 20.5, 12.5 ], "windMode": [-1,-1,-1,-1] }
											},
											"children": [
												{
													"name": "PeltTailMid",
													"from": [ 0.375, -0.0025, 0.025 ], 
													"to": [ 1.0, 0.12, 0.475 ], 
													"autoUnwrap": false,
													"uv": [ 29.0, 10.5 ],
													"rotationOrigin": [ 0.375, -0.0025, 0.025 ],
													"faces": {
														"north": { "texture": "#skin", "uv": [ 24.5, 12.5, 27.0, 13.0 ] },
														"east": { "texture": "#skin", "uv": [ 23.0, 12.5, 24.5, 13.0 ], "windMode": [-1,-1,-1,-1] },
														"south": { "texture": "#skin", "uv": [ 20.5, 12.5, 23.0, 13.0 ], "windMode": [-1,-1,-1,-1] },
														"west": { "texture": "#skin", "uv": [ 19.0, 12.5, 20.5, 13.0 ], "windMode": [-1,-1,-1,-1] },
														"up": { "texture": "#skin", "uv": [ 20.5, 11.0, 23.0, 12.5 ], "windMode": [-1,-1,-1,-1] },
														"down": { "texture": "#skin", "uv": [ 20.5, 14.0, 23.0, 15.5 ], "windMode": [-1,-1,-1,-1] }
													},
													"children": [
														{
															"name": "PeltTailEnd",
															"from": [ 0.5, 0.0, 0.025 ], 
															"to": [ 1.25, 0.1, 0.425 ], 
															"autoUnwrap": false,
															"uv": [ 4.5, 4.5 ],
															"rotationOrigin": [ 0.5, 0.0, 0.025 ],
															"faces": {
																"north": { "texture": "#skin", "uv": [ 17.0, 14.0, 20.0, 14.5 ] },
																"east": { "texture": "#skin", "uv": [ 15.5, 14.0, 17.0, 14.5 ], "windMode": [-1,-1,-1,-1] },
																"south": { "texture": "#skin", "uv": [ 12.5, 14.0, 15.5, 14.5 ], "windMode": [-1,-1,-1,-1] },
																"west": { "texture": "#skin", "uv": [ 11.0, 14.0, 12.5, 14.5 ], "windMode": [-1,-1,-1,-1] },
																"up": { "texture": "#skin", "uv": [ 12.5, 12.5, 15.5, 14.0 ], "windMode": [-1,-1,-1,-1] },
																"down": { "texture": "#skin", "uv": [ 12.5, 15.5, 15.5, 17.0 ], "rotation": 180, "windMode": [-1,-1,-1,-1] }
															}
														}
													]
												}
											]
										}
									]
								},
								{
									"name": "Neck",
									"from": [ -0.625, 0.0, 0.125 ], 
									"to": [ 0.0, 0.11, 0.625 ], 
									"autoUnwrap": false,
									"uv": [ 3.0, 2.0 ],
									"rotationOrigin": [ 0.0, 0.0, 0.125 ],
									"faces": {
										"north": { "texture": "#skin", "uv": [ 12.5, 9.0, 15.0, 9.5 ] },
										"east": { "texture": "#skin", "uv": [ 6.0, 4.0, 8.0, 4.5 ], "enabled": false, "windMode": [-1,-1,-1,-1] },
										"south": { "texture": "#skin", "uv": [ 10.0, 9.0, 12.5, 9.5 ], "windMode": [-1,-1,-1,-1] },
										"west": { "texture": "#skin", "uv": [ 8.0, 9.0, 10.0, 9.5 ], "windMode": [-1,-1,-1,-1] },
										"up": { "texture": "#skin", "uv": [ 10.0, 7.0, 12.5, 9.0 ], "windMode": [-1,-1,-1,-1] },
										"down": { "texture": "#bottom", "uv": [ 6.0, 2.0, 8.5, 4.0 ] }
									},
									"children": [
										{
											"name": "RNeck",
											"from": [ 0.125, -0.09, -0.5 ], 
											"to": [ 0.75, 0.005, 0.25 ], 
											"unwrapMode": 6,
											"autoUnwrap": false,
											"uv": [ 8.0, 11.0 ],
											"rotationOrigin": [ 0.875, 0.005, 0.25 ],
											"rotationX": -180.0,
											"rotationY": 75.0,
											"faces": {
												"north": { "texture": "#skin", "uv": [ 12.5, 9.0, 15.0, 9.5 ] },
												"east": { "texture": "#null", "uv": [ 8.0, 11.5, 8.5, 14.5 ], "rotation": 90, "enabled": false, "windMode": [-1,-1,-1,-1] },
												"south": { "texture": "#skin", "uv": [ 12.0, 9.0, 14.5, 9.5 ], "rotation": 180, "enabled": false, "windMode": [-1,-1,-1,-1] },
												"west": { "texture": "#skin", "uv": [ 14.5, 9.0, 15.0, 12.0 ], "rotation": 270, "windMode": [-1,-1,-1,-1] },
												"up": { "texture": "#bottom", "uv": [ 11.5, 11.5, 14.0, 14.5 ], "windMode": [-1,-1,-1,-1] },
												"down": { "texture": "#skin", "uv": [ 12.5, 9.0, 15.0, 12.0 ], "windMode": [-1,-1,-1,-1] }
											}
										},
										{
											"name": "LNeck",
											"from": [ 0.125, 0.005, -0.5 ], 
											"to": [ 0.75, 0.1, 0.25 ], 
											"unwrapMode": 5,
											"autoUnwrap": false,
											"uv": [ 6.0, 10.5 ],
											"rotationOrigin": [ 0.875, 0.005, 0.25 ],
											"rotationY": 75.0,
											"faces": {
												"north": { "texture": "#skin", "uv": [ 10.0, 9.0, 12.5, 9.5 ], "rotation": 180 },
												"east": { "texture": "#null", "uv": [ 9.5, 11.0, 10.0, 14.0 ], "rotation": 90, "enabled": false, "windMode": [-1,-1,-1,-1] },
												"south": { "texture": "#skin", "uv": [ 9.0, 11.5, 11.5, 12.0 ], "enabled": false, "windMode": [-1,-1,-1,-1] },
												"west": { "texture": "#skin", "uv": [ 10.0, 9.0, 10.5, 12.0 ], "rotation": 270, "windMode": [-1,-1,-1,-1] },
												"up": { "texture": "#skin", "uv": [ 10.0, 9.0, 12.5, 12.0 ], "windMode": [-1,-1,-1,-1] },
												"down": { "texture": "#bottom", "uv": [ 9.5, 11.0, 12.0, 14.0 ], "windMode": [-1,-1,-1,-1] }
											}
										},
										{
											"name": "Head",
											"from": [ -0.5, 0.0, -0.0625 ], 
											"to": [ 0.125, 0.1125, 0.5625 ], 
											"autoUnwrap": false,
											"uv": [ 4.5, 3.5 ],
											"rotationOrigin": [ 0.1, 0.0, -0.0625 ],
											"faces": {
												"north": { "texture": "#skin", "uv": [ 2.0, 12.5, 2.5, 15.0 ], "rotation": 270 },
												"east": { "texture": "#skin", "uv": [ 2.5, 12.0, 5.0, 12.5 ], "windMode": [-1,-1,-1,-1] },
												"south": { "texture": "#skin", "uv": [ 5.0, 12.5, 5.5, 15.0 ], "rotation": 90, "windMode": [-1,-1,-1,-1] },
												"west": { "texture": "#skin", "uv": [ 2.5, 15.0, 5.0, 15.5 ], "windMode": [-1,-1,-1,-1] },
												"up": { "texture": "#skin", "uv": [ 2.5, 12.5, 5.0, 15.0 ], "rotation": 90, "windMode": [-1,-1,-1,-1] },
												"down": { "texture": "#bottom", "uv": [ 7.5, 3.5, 10.0, 6.0 ] }
											},
											"children": [
												{
													"name": "Snout",
													"from": [ -0.35, 0.0, 0.2125 ], 
													"to": [ 0.15, 0.1, 0.4125 ], 
													"autoUnwrap": false,
													"uv": [ 1.5, 2.0 ],
													"rotationOrigin": [ 0.025, 0.0, 0.2125 ],
													"faces": {
														"north": { "texture": "#skin", "uv": [ 7.0, 7.0, 7.5, 9.0 ], "rotation": 270 },
														"east": { "texture": "#skin", "uv": [ 3.0, 2.5, 3.5, 3.0 ], "enabled": false, "windMode": [-1,-1,-1,-1] },
														"south": { "texture": "#skin", "uv": [ 8.0, 7.0, 8.5, 9.0 ], "rotation": 90, "windMode": [-1,-1,-1,-1] },
														"west": { "texture": "#skin", "uv": [ 7.5, 9.0, 8.0, 9.5 ], "windMode": [-1,-1,-1,-1] },
														"up": { "texture": "#skin", "uv": [ 7.5, 7.0, 8.0, 9.0 ], "rotation": 90, "windMode": [-1,-1,-1,-1] },
														"down": { "texture": "#bottom", "uv": [ 3.0, 2.0, 5.0, 2.5 ] }
													},
													"children": [
														{
															"name": "Nose",
															"from": [ -0.0025, 0.0375, 0.0625 ], 
															"to": [ 0.0975, 0.1125, 0.1375 ], 
															"unwrapMode": 3,
															"autoUnwrap": false,
															"uv": [ 5.0, 10.0 ],
															"rotationOrigin": [ 0.0, 0.0375, 0.0625 ],
															"faces": {
																"north": { "texture": "#skin", "uv": [ 6.5, 10.5, 7.0, 11.0 ] },
																"east": { "texture": "#skin", "uv": [ 6.0, 10.5, 6.5, 11.0 ], "windMode": [-1,-1,-1,-1] },
																"south": { "texture": "#skin", "uv": [ 5.5, 10.5, 6.0, 11.0 ], "windMode": [-1,-1,-1,-1] },
																"west": { "texture": "#skin", "uv": [ 5.0, 10.5, 5.5, 11.0 ], "windMode": [-1,-1,-1,-1] },
																"up": { "texture": "#skin", "uv": [ 5.5, 10.0, 6.0, 10.5 ], "windMode": [-1,-1,-1,-1] },
																"down": { "texture": "#skin", "uv": [ 5.5, 11.0, 6.0, 11.5 ], "rotation": 180, "windMode": [-1,-1,-1,-1] }
															}
														}
													]
												}
											]
										}
									]
								}
							]
						}
					]
				}
			]
		}
	]}