{
	"editor": {
		"backDropShape": "entity/alceini/alcesalces/adult",
		"collapsedPaths": "Root/Body/abdomen/L back Thigh,Root/Body/abdomen/R back Thigh",
		"allAngles": true,
		"entityTextureMode": false
	},
	"textureWidth": 16,
	"textureHeight": 16,
	"textureSizes": {
	},
	"textures": {
		"moose-antlers": "game:entity/hooved/deer/moose-antlers"
	},
	"elements": [
		{
			"name": "Horn attachment",
			"stepParentName": "head",
			"from": [ 2.0, 5.3, 2.8 ],
			"to": [ 3.0, 6.3, 3.8 ],
			"rotationOrigin": [ 2.0, 5.3, 2.8 ],
			"faces": {
			},
			"children": [
				{
					"name": "R antler base",
					"from": [ 0.5, 0.4, -3.2 ],
					"to": [ 1.5, 1.4, -2.2 ],
					"rotationOrigin": [ 0.5, 0.4, -2.4 ],
					"rotationX": -65.0,
					"rotationY": -15.0,
					"rotationZ": -5.0,
					"faces": {
						"north": { "texture": "#moose-antlers", "uv": [ 14.5, 14.5, 15.5, 15.5 ], "windMode": [-1,-1,-1,-1] },
						"east": { "texture": "#moose-antlers", "uv": [ 15.0, 15.0, 16.0, 16.0 ], "windMode": [-1,-1,-1,-1] },
						"south": { "texture": "#moose-antlers", "uv": [ 14.5, 14.5, 15.5, 15.5 ], "windMode": [-1,-1,-1,-1] },
						"west": { "texture": "#moose-antlers", "uv": [ 14.5, 15.0, 15.5, 16.0 ], "windMode": [-1,-1,-1,-1], "windData": [0,1,1,1] },
						"up": { "texture": "#moose-antlers", "uv": [ 15.0, 15.0, 16.0, 16.0 ], "rotation": 90 }
					},
					"children": [
						{
							"name": "R antler base 2",
							"from": [ 0.1, 0.9, 0.1 ],
							"to": [ 0.9, 2.9, 0.9 ],
							"rotationOrigin": [ 0.1, 0.9, 1.1 ],
							"rotationX": -7.0,
							"faces": {
								"north": { "texture": "#moose-antlers", "uv": [ 1.5, 4.0, 2.0, 6.0 ] },
								"east": { "texture": "#moose-antlers", "uv": [ 10.5, 13.0, 11.0, 15.0 ] },
								"south": { "texture": "#moose-antlers", "uv": [ 0.5, 3.0, 1.0, 5.0 ] },
								"west": { "texture": "#moose-antlers", "uv": [ 13.5, 2.5, 14.0, 4.5 ] },
								"up": { "texture": "#moose-antlers", "uv": [ 8.0, 1.0, 8.5, 1.5 ], "rotation": 90 },
								"down": { "texture": "#moose-antlers", "uv": [ 5.0, 0.0, 5.5, 0.5 ], "rotation": 90, "windMode": [-1,-1,-1,-1] }
							},
							"children": [
								{
									"name": "R antler Hand1",
									"from": [ -1.6, 2.4, 0.2 ],
									"to": [ 0.9, 8.4, 0.9 ],
									"rotationOrigin": [ -0.3, 2.4, 0.2 ],
									"rotationX": 25.0,
									"rotationZ": -50.0,
									"faces": {
										"north": { "texture": "#moose-antlers", "uv": [ 0.5, 10.5, 3.0, 16.5 ] },
										"east": { "texture": "#moose-antlers", "uv": [ 9.0, 2.5, 9.5, 8.5 ] },
										"south": { "texture": "#moose-antlers", "uv": [ 9.5, 4.0, 12.0, 10.0 ] },
										"west": { "texture": "#moose-antlers", "uv": [ 2.5, 5.0, 3.0, 11.0 ] },
										"up": { "texture": "#moose-antlers", "uv": [ 5.5, 12.0, 6.0, 14.5 ], "rotation": 270 },
										"down": { "texture": "#moose-antlers", "uv": [ 0.0, 0.5, 0.5, 3.0 ], "rotation": 270 }
									},
									"children": [
										{
											"name": "RHorn1",
											"from": [ 2.1, 6.0, 0.1 ],
											"to": [ 2.6, 8.0, 0.6 ],
											"rotationOrigin": [ 2.1, 6.0, 0.4 ],
											"rotationZ": -20.0,
											"faces": {
												"north": { "texture": "#moose-antlers", "uv": [ 3.5, 9.5, 4.0, 11.5 ] },
												"east": { "texture": "#moose-antlers", "uv": [ 0.0, 0.5, 0.5, 2.5 ] },
												"south": { "texture": "#moose-antlers", "uv": [ 1.5, 8.0, 2.0, 10.0 ] },
												"west": { "texture": "#moose-antlers", "uv": [ 10.0, 4.5, 10.5, 6.5 ] },
												"up": { "texture": "#moose-antlers", "uv": [ 13.0, 8.5, 13.5, 9.0 ] },
												"down": { "texture": "#moose-antlers", "uv": [ 7.5, 10.0, 8.0, 10.5 ] }
											}
										},
										{
											"name": "RHorn2",
											"from": [ 0.0, 6.0, 0.0 ],
											"to": [ 0.5, 7.5, 0.5 ],
											"rotationOrigin": [ 0.6, 6.0, 0.3 ],
											"rotationZ": 25.0,
											"faces": {
												"north": { "texture": "#moose-antlers", "uv": [ 15.0, 10.5, 15.5, 12.0 ] },
												"east": { "texture": "#moose-antlers", "uv": [ 6.5, 1.0, 7.0, 2.5 ] },
												"south": { "texture": "#moose-antlers", "uv": [ 2.0, 6.5, 2.5, 8.0 ] },
												"west": { "texture": "#moose-antlers", "uv": [ 12.0, 2.5, 12.5, 4.0 ] },
												"up": { "texture": "#moose-antlers", "uv": [ 8.5, 12.0, 9.0, 12.5 ] },
												"down": { "texture": "#moose-antlers", "uv": [ 14.5, 1.0, 15.0, 1.5 ] }
											}
										},
										{
											"name": "RHorn4",
											"from": [ 0.0, 3.0, 0.0 ],
											"to": [ 0.6, 5.0, 0.6 ],
											"rotationOrigin": [ 0.0, 3.0, 0.3 ],
											"rotationZ": 65.0,
											"faces": {
												"north": { "texture": "#moose-antlers", "uv": [ 15.0, 10.5, 15.5, 12.5 ] },
												"east": { "texture": "#moose-antlers", "uv": [ 6.5, 1.0, 7.0, 3.0 ] },
												"south": { "texture": "#moose-antlers", "uv": [ 2.0, 6.5, 2.5, 8.5 ] },
												"west": { "texture": "#moose-antlers", "uv": [ 12.0, 2.5, 12.5, 4.5 ] },
												"up": { "texture": "#moose-antlers", "uv": [ 8.5, 12.0, 9.0, 12.5 ] },
												"down": { "texture": "#moose-antlers", "uv": [ 14.5, 1.0, 15.0, 1.5 ] }
											}
										},
										{
											"name": "RantlerThumb",
											"from": [ -1.0, 0.0, 0.0 ],
											"to": [ 0.0, 1.5, 0.7 ],
											"rotationOrigin": [ -1.0, 0.0, 0.0 ],
											"faces": {
												"north": { "texture": "#moose-antlers", "uv": [ 14.0, 3.5, 15.0, 5.0 ] },
												"east": { "texture": "#moose-antlers", "uv": [ 2.0, 10.5, 2.5, 12.0 ] },
												"south": { "texture": "#moose-antlers", "uv": [ 10.5, 1.0, 11.5, 2.5 ] },
												"west": { "texture": "#moose-antlers", "uv": [ 3.0, 14.0, 3.5, 15.5 ] },
												"up": { "texture": "#moose-antlers", "uv": [ 13.5, 6.5, 14.5, 7.0 ] },
												"down": { "texture": "#moose-antlers", "uv": [ 5.5, 12.0, 6.5, 12.5 ] }
											},
											"children": [
												{
													"name": "RthumbHorn1",
													"from": [ -1.0, 0.0, 0.05 ],
													"to": [ 0.0, 0.6, 0.65 ],
													"rotationOrigin": [ 0.0, 0.6, 0.65 ],
													"rotationZ": 20.0,
													"faces": {
														"north": { "texture": "#moose-antlers", "uv": [ 0.0, 0.0, 1.0, 0.5 ] },
														"east": { "texture": "#moose-antlers", "uv": [ 0.0, 0.0, 0.5, 0.5 ] },
														"south": { "texture": "#moose-antlers", "uv": [ 0.0, 0.0, 1.0, 0.5 ] },
														"west": { "texture": "#moose-antlers", "uv": [ 0.0, 0.0, 0.5, 0.5 ] },
														"up": { "texture": "#moose-antlers", "uv": [ 0.0, 0.0, 1.0, 0.5 ] },
														"down": { "texture": "#moose-antlers", "uv": [ 0.0, 0.0, 1.0, 0.5 ] }
													},
													"children": [
														{
															"name": "RthumbHorn1A",
															"from": [ -1.5, 0.05, 0.05 ],
															"to": [ 0.0, 0.55, 0.55 ],
															"rotationOrigin": [ 0.0, 0.55, 0.05 ],
															"rotationY": 15.0,
															"faces": {
																"north": { "texture": "#moose-antlers", "uv": [ 0.0, 0.0, 1.5, 0.5 ] },
																"east": { "texture": "#moose-antlers", "uv": [ 0.0, 0.0, 0.5, 0.5 ] },
																"south": { "texture": "#moose-antlers", "uv": [ 0.0, 0.0, 1.5, 0.5 ] },
																"west": { "texture": "#moose-antlers", "uv": [ 0.0, 0.0, 0.5, 0.5 ] },
																"up": { "texture": "#moose-antlers", "uv": [ 0.0, 0.0, 1.5, 0.5 ] },
																"down": { "texture": "#moose-antlers", "uv": [ 0.0, 0.0, 1.5, 0.5 ] }
															}
														}
													]
												},
												{
													"name": "RthumbHorn2",
													"from": [ -1.0, 0.9, 0.05 ],
													"to": [ 0.0, 1.5, 0.65 ],
													"rotationOrigin": [ 0.0, 0.9, 0.65 ],
													"rotationZ": -20.0,
													"faces": {
														"north": { "texture": "#moose-antlers", "uv": [ 0.0, 0.0, 1.0, 0.5 ] },
														"east": { "texture": "#moose-antlers", "uv": [ 0.0, 0.0, 0.5, 0.5 ] },
														"south": { "texture": "#moose-antlers", "uv": [ 0.0, 0.0, 1.0, 0.5 ] },
														"west": { "texture": "#moose-antlers", "uv": [ 0.0, 0.0, 0.5, 0.5 ] },
														"up": { "texture": "#moose-antlers", "uv": [ 0.0, 0.0, 1.0, 0.5 ] },
														"down": { "texture": "#moose-antlers", "uv": [ 0.0, 0.0, 1.0, 0.5 ] }
													},
													"children": [
														{
															"name": "RthumbHorn1A2",
															"from": [ -1.0, 0.05, 0.05 ],
															"to": [ 0.0, 0.55, 0.55 ],
															"rotationOrigin": [ 0.0, 0.55, 0.05 ],
															"rotationY": 15.0,
															"faces": {
																"north": { "texture": "#moose-antlers", "uv": [ 0.0, 0.0, 1.0, 0.5 ] },
																"east": { "texture": "#moose-antlers", "uv": [ 0.0, 0.0, 0.5, 0.5 ] },
																"south": { "texture": "#moose-antlers", "uv": [ 0.0, 0.0, 1.0, 0.5 ] },
																"west": { "texture": "#moose-antlers", "uv": [ 0.0, 0.0, 0.5, 0.5 ] },
																"up": { "texture": "#moose-antlers", "uv": [ 0.0, 0.0, 1.0, 0.5 ] },
																"down": { "texture": "#moose-antlers", "uv": [ 0.0, 0.0, 1.0, 0.5 ] }
															}
														}
													]
												}
											]
										}
									]
								}
							]
						}
					]
				},
				{
					"name": "L antler base",
					"from": [ 0.5, 0.6, 2.3 ],
					"to": [ 1.5, 1.6, 3.3 ],
					"rotationOrigin": [ 0.5, 0.6, 2.3 ],
					"rotationX": 65.0,
					"rotationY": 15.0,
					"rotationZ": -5.0,
					"faces": {
						"north": { "texture": "#moose-antlers", "uv": [ 15.0, 14.5, 16.0, 15.5 ], "windMode": [-1,-1,-1,-1] },
						"east": { "texture": "#moose-antlers", "uv": [ 14.5, 15.0, 15.5, 16.0 ], "windMode": [-1,-1,-1,-1] },
						"south": { "texture": "#moose-antlers", "uv": [ 15.0, 15.0, 16.0, 16.0 ], "windMode": [-1,-1,-1,-1] },
						"west": { "texture": "#moose-antlers", "uv": [ 14.5, 14.5, 15.5, 15.5 ], "rotation": 90, "windMode": [-1,-1,-1,-1], "windData": [0,0,0,0] },
						"up": { "texture": "#moose-antlers", "uv": [ 15.0, 14.5, 16.0, 15.5 ], "rotation": 90, "windMode": [-1,-1,-1,-1] }
					},
					"children": [
						{
							"name": "L antler base 2",
							"from": [ 0.1, 0.9, 0.1 ],
							"to": [ 0.9, 2.9, 0.9 ],
							"rotationOrigin": [ 0.1, 0.9, 0.1 ],
							"rotationX": 7.0,
							"faces": {
								"north": { "texture": "#moose-antlers", "uv": [ 5.5, 3.0, 6.0, 5.0 ] },
								"east": { "texture": "#moose-antlers", "uv": [ 1.5, 13.0, 2.0, 15.0 ] },
								"south": { "texture": "#moose-antlers", "uv": [ 11.0, 7.0, 11.5, 9.0 ] },
								"west": { "texture": "#moose-antlers", "uv": [ 9.5, 3.0, 10.0, 5.0 ] },
								"up": { "texture": "#moose-antlers", "uv": [ 1.0, 5.0, 1.5, 5.5 ], "rotation": 90 },
								"down": { "texture": "#moose-antlers", "uv": [ 3.0, 5.0, 3.5, 5.5 ], "rotation": 90 }
							},
							"children": [
								{
									"name": "L antler base 3",
									"from": [ -1.2, 2.6, -0.4 ],
									"to": [ 1.3, 7.6, 0.3 ],
									"rotationOrigin": [ -0.7, 2.7, 0.0 ],
									"rotationX": -25.0,
									"rotationY": -1.0,
									"rotationZ": -50.0,
									"faces": {
										"north": { "texture": "#moose-antlers", "uv": [ 2.0, 1.0, 4.5, 6.0 ] },
										"east": { "texture": "#moose-antlers", "uv": [ 7.0, 8.0, 7.5, 13.0 ] },
										"south": { "texture": "#moose-antlers", "uv": [ 2.5, 8.5, 5.0, 13.5 ] },
										"west": { "texture": "#moose-antlers", "uv": [ 9.5, 9.0, 10.0, 14.0 ] },
										"up": { "texture": "#moose-antlers", "uv": [ 8.0, 3.5, 10.5, 4.0 ], "rotation": 180 },
										"down": { "texture": "#moose-antlers", "uv": [ 9.5, 0.0, 12.0, 0.5 ] }
									},
									"children": [
										{
											"name": "LHorn3",
											"from": [ 2.0, 5.0, 0.0 ],
											"to": [ 2.5, 7.0, 0.5 ],
											"rotationOrigin": [ 2.0, 5.0, 0.0 ],
											"rotationZ": -20.0,
											"faces": {
												"north": { "texture": "#moose-antlers", "uv": [ 13.5, 12.0, 14.0, 14.0 ] },
												"east": { "texture": "#moose-antlers", "uv": [ 4.0, 11.5, 4.5, 13.5 ] },
												"south": { "texture": "#moose-antlers", "uv": [ 10.5, 3.5, 11.0, 5.5 ] },
												"west": { "texture": "#moose-antlers", "uv": [ 1.5, 7.0, 2.0, 9.0 ] },
												"up": { "texture": "#moose-antlers", "uv": [ 1.5, 9.5, 2.0, 10.0 ] },
												"down": { "texture": "#moose-antlers", "uv": [ 3.5, 1.0, 4.0, 1.5 ] }
											}
										},
										{
											"name": "LHorn4",
											"from": [ -0.1, 3.0, 0.0 ],
											"to": [ 0.5, 5.0, 0.6 ],
											"rotationOrigin": [ 0.5, 3.0, 0.0 ],
											"rotationZ": 65.0,
											"faces": {
												"north": { "texture": "#moose-antlers", "uv": [ 10.5, 1.5, 11.0, 3.5 ] },
												"east": { "texture": "#moose-antlers", "uv": [ 14.0, 2.5, 14.5, 4.5 ] },
												"south": { "texture": "#moose-antlers", "uv": [ 6.0, 5.5, 6.5, 7.5 ] },
												"west": { "texture": "#moose-antlers", "uv": [ 2.0, 1.0, 2.5, 3.0 ] },
												"up": { "texture": "#moose-antlers", "uv": [ 9.0, 14.0, 9.5, 14.5 ] },
												"down": { "texture": "#moose-antlers", "uv": [ 1.0, 13.0, 1.5, 13.5 ] }
											}
										},
										{
											"name": "LHorn5",
											"from": [ -0.1, 5.0, 0.0 ],
											"to": [ 0.4, 6.5, 0.5 ],
											"rotationOrigin": [ 0.5, 5.0, 0.0 ],
											"rotationZ": 25.0,
											"faces": {
												"north": { "texture": "#moose-antlers", "uv": [ 10.5, 1.5, 11.0, 3.0 ] },
												"east": { "texture": "#moose-antlers", "uv": [ 14.0, 2.5, 14.5, 4.0 ] },
												"south": { "texture": "#moose-antlers", "uv": [ 6.0, 5.5, 6.5, 7.0 ] },
												"west": { "texture": "#moose-antlers", "uv": [ 2.0, 1.0, 2.5, 2.5 ] },
												"up": { "texture": "#moose-antlers", "uv": [ 9.0, 14.0, 9.5, 14.5 ] },
												"down": { "texture": "#moose-antlers", "uv": [ 1.0, 13.0, 1.5, 13.5 ] }
											}
										},
										{
											"name": "LAntlerThumb",
											"from": [ -1.0, 0.0, 0.0 ],
											"to": [ 0.0, 1.5, 0.7 ],
											"rotationOrigin": [ -1.0, 0.0, 0.0 ],
											"faces": {
												"north": { "texture": "#moose-antlers", "uv": [ 8.0, 2.5, 9.0, 4.0 ] },
												"east": { "texture": "#moose-antlers", "uv": [ 7.5, 5.0, 8.0, 6.5 ] },
												"south": { "texture": "#moose-antlers", "uv": [ 10.5, 4.5, 11.5, 6.0 ] },
												"west": { "texture": "#moose-antlers", "uv": [ 10.5, 4.5, 11.0, 6.0 ] },
												"up": { "texture": "#moose-antlers", "uv": [ 14.0, 12.0, 15.0, 12.5 ] },
												"down": { "texture": "#moose-antlers", "uv": [ 11.5, 11.5, 12.5, 12.0 ] }
											},
											"children": [
												{
													"name": "LthumbHorn1A",
													"from": [ -1.0, 0.0, 0.05 ],
													"to": [ 0.0, 0.6, 0.65 ],
													"rotationOrigin": [ 0.0, 0.6, 0.05 ],
													"rotationZ": 20.0,
													"faces": {
														"north": { "texture": "#moose-antlers", "uv": [ 0.0, 0.0, 1.0, 0.5 ] },
														"east": { "texture": "#moose-antlers", "uv": [ 0.0, 0.0, 0.5, 0.5 ] },
														"south": { "texture": "#moose-antlers", "uv": [ 0.0, 0.0, 1.0, 0.5 ] },
														"west": { "texture": "#moose-antlers", "uv": [ 0.0, 0.0, 0.5, 0.5 ] },
														"up": { "texture": "#moose-antlers", "uv": [ 0.0, 0.0, 1.0, 0.5 ] },
														"down": { "texture": "#moose-antlers", "uv": [ 0.0, 0.0, 1.0, 0.5 ] }
													},
													"children": [
														{
															"name": "LThumbHorn1B",
															"from": [ -1.5, 0.05, 0.05 ],
															"to": [ 0.0, 0.55, 0.55 ],
															"rotationOrigin": [ 0.0, 0.05, 0.55 ],
															"rotationY": -15.0,
															"faces": {
																"north": { "texture": "#moose-antlers", "uv": [ 0.0, 0.0, 1.5, 0.5 ] },
																"east": { "texture": "#moose-antlers", "uv": [ 0.0, 0.0, 0.5, 0.5 ] },
																"south": { "texture": "#moose-antlers", "uv": [ 0.0, 0.0, 1.5, 0.5 ] },
																"west": { "texture": "#moose-antlers", "uv": [ 0.0, 0.0, 0.5, 0.5 ] },
																"up": { "texture": "#moose-antlers", "uv": [ 0.0, 0.0, 1.5, 0.5 ] },
																"down": { "texture": "#moose-antlers", "uv": [ 0.0, 0.0, 1.5, 0.5 ] }
															}
														}
													]
												},
												{
													"name": "LthumbHorn1A2",
													"from": [ -1.0, 0.9, 0.05 ],
													"to": [ 0.0, 1.5, 0.65 ],
													"rotationOrigin": [ 0.0, 0.9, 0.05 ],
													"rotationZ": -20.0,
													"faces": {
														"north": { "texture": "#moose-antlers", "uv": [ 0.0, 0.0, 1.0, 0.5 ] },
														"east": { "texture": "#moose-antlers", "uv": [ 0.0, 0.0, 0.5, 0.5 ] },
														"south": { "texture": "#moose-antlers", "uv": [ 0.0, 0.0, 1.0, 0.5 ] },
														"west": { "texture": "#moose-antlers", "uv": [ 0.0, 0.0, 0.5, 0.5 ] },
														"up": { "texture": "#moose-antlers", "uv": [ 0.0, 0.0, 1.0, 0.5 ] },
														"down": { "texture": "#moose-antlers", "uv": [ 0.0, 0.0, 1.0, 0.5 ] }
													},
													"children": [
														{
															"name": "LThumbHorn1B2",
															"from": [ -1.5, 0.05, 0.05 ],
															"to": [ 0.0, 0.55, 0.55 ],
															"rotationOrigin": [ 0.0, 0.05, 0.55 ],
															"rotationY": -15.0,
															"faces": {
																"north": { "texture": "#moose-antlers", "uv": [ 0.0, 0.0, 1.5, 0.5 ] },
																"east": { "texture": "#moose-antlers", "uv": [ 0.0, 0.0, 0.5, 0.5 ] },
																"south": { "texture": "#moose-antlers", "uv": [ 0.0, 0.0, 1.5, 0.5 ] },
																"west": { "texture": "#moose-antlers", "uv": [ 0.0, 0.0, 0.5, 0.5 ] },
																"up": { "texture": "#moose-antlers", "uv": [ 0.0, 0.0, 1.5, 0.5 ] },
																"down": { "texture": "#moose-antlers", "uv": [ 0.0, 0.0, 1.5, 0.5 ] }
															}
														}
													]
												}
											]
										}
									]
								}
							]
						}
					]
				}
			]
		}
	]
}