{
	"editor": {
		"allAngles": true,
		"entityTextureMode": true
	},
	"textureWidth": 32,
	"textureHeight": 24,
	"textureSizes": {
		"bottom": [16,16],
		"skin": [32,24]
	},
	"textures": {
	},
	"elements": [
		{
			"name": "Rotation Point",
			"from": [ 0.0, 16.0, 0.0 ],
			"to": [ 0.0, 16.0, 0.0 ],
			"uv": [ 0.0, 0.0 ],
			"rotationOrigin": [ 0.0, 16.0, 0.0 ],
			"rotationZ": -90.0,
			"faces": {
			},
			"children": [
				{
					"name": "Base",
					"from": [ 1.0, 0.0, 8.0 ],
					"to": [ 1.0, 0.0, 8.0 ],
					"uv": [ 0.0, 0.0 ],
					"rotationOrigin": [ 1.0, 0.0, 8.0 ],
					"faces": {
					},
					"children": [
						{
							"name": "PeltBody",
							"from": [ 2.8, 0.0, -0.77 ],
							"to": [ 5.6, 0.294, 0.77 ],
							"unwrapMode": 5,
							"autoUnwrap": false,
							"uv": [ 0.0, 9.0 ],
							"rotationOrigin": [ 2.8, 0.0, -0.77 ],
							"faces": {
								"north": { "texture": "#skin", "uv": [ 8.0, 2.0, 12.0, 2.5 ], "rotation": 180, "autoUv": false, "windMode": [-1,-1,-1,-1] },
								"east": { "texture": "#skin", "uv": [ 5.5, 0.0, 6.0, 2.0 ], "rotation": 90, "autoUv": false, "windMode": [-1,-1,-1,-1] },
								"south": { "texture": "#skin", "uv": [ 2.0, 2.0, 6.0, 2.5 ], "autoUv": false, "windMode": [-1,-1,-1,-1] },
								"west": { "texture": "#skin", "uv": [ 2.0, 0.0, 2.5, 2.0 ], "rotation": 270, "autoUv": false, "windMode": [-1,-1,-1,-1] },
								"up": { "texture": "#skin", "uv": [ 2.0, 0.0, 6.0, 2.0 ], "autoUv": false, "windMode": [-1,-1,-1,-1] },
								"down": { "texture": "#bottom", "uv": [ 5.0, 8.5, 9.0, 10.5 ], "autoUv": false, "windMode": [-1,-1,-1,-1] }
							},
							"children": [
								{
									"name": "LBody",
									"from": [ 0.0, 0.007, 1.33 ],
									"to": [ 2.8, 0.287, 3.08 ],
									"unwrapMode": 5,
									"autoUnwrap": false,
									"uv": [ 0.0, 2.5 ],
									"rotationOrigin": [ 0.0, -0.007, 1.33 ],
									"rotationY": -3.0,
									"faces": {
										"east": { "texture": "#skin", "uv": [ 5.5, 2.5, 6.0, 5.0 ], "rotation": 90, "autoUv": false },
										"south": { "texture": "#skin", "uv": [ 2.0, 5.0, 6.0, 5.5 ], "autoUv": false, "windMode": [-1,-1,-1,-1] },
										"west": { "texture": "#skin", "uv": [ 2.0, 2.5, 2.5, 5.0 ], "rotation": 270, "autoUv": false, "windMode": [-1,-1,-1,-1] },
										"up": { "texture": "#skin", "uv": [ 2.0, 2.5, 6.0, 5.0 ], "autoUv": false, "windMode": [-1,-1,-1,-1] },
										"down": { "texture": "#bottom", "uv": [ 4.5, 2.0, 8.5, 4.5 ], "autoUv": false }
									},
									"children": [
										{
											"name": "LArm",
											"from": [ 0.0, 0.007, 1.05 ],
											"to": [ 0.7, 0.273, 2.8 ],
											"unwrapMode": 5,
											"autoUnwrap": false,
											"uv": [ 6.5, 18.0 ],
											"rotationOrigin": [ 0.0, 0.007, 1.05 ],
											"rotationY": -30.0,
											"faces": {
												"east": { "texture": "#skin", "uv": [ 18.0, 12.5, 18.5, 15.0 ], "rotation": 90, "autoUv": false },
												"south": { "texture": "#skin", "uv": [ 17.5, 12.5, 18.5, 13.0 ], "autoUv": false, "windMode": [-1,-1,-1,-1] },
												"west": { "texture": "#skin", "uv": [ 17.5, 12.5, 18.0, 15.0 ], "rotation": 270, "autoUv": false, "windMode": [-1,-1,-1,-1] },
												"up": { "texture": "#skin", "uv": [ 17.5, 12.5, 18.5, 15.0 ], "autoUv": false, "windMode": [-1,-1,-1,-1] },
												"down": { "texture": "#bottom", "uv": [ 8.5, 11.0, 9.5, 13.5 ], "autoUv": false, "windMode": [-1,-1,-1,-1] }
											},
											"children": [
												{
													"name": "LArmLower",
													"from": [ 0.7, 0.007, 0.0 ],
													"to": [ 1.4, 0.259, 1.75 ],
													"unwrapMode": 5,
													"autoUnwrap": false,
													"uv": [ 8.0, 18.0 ],
													"rotationOrigin": [ 1.4, 0.007, 0.0 ],
													"rotationY": -10.0,
													"faces": {
														"east": { "texture": "#skin", "uv": [ 18.0, 12.5, 18.5, 15.0 ], "rotation": 90, "autoUv": false },
														"south": { "texture": "#skin", "uv": [ 17.5, 14.5, 18.5, 15.0 ], "autoUv": false, "windMode": [-1,-1,-1,-1] },
														"up": { "texture": "#skin", "uv": [ 17.5, 12.5, 18.5, 15.0 ], "autoUv": false, "windMode": [-1,-1,-1,-1] },
														"down": { "texture": "#bottom", "uv": [ 9.5, 12.0, 10.5, 14.5 ], "autoUv": false, "windMode": [-1,-1,-1,-1] }
													}
												}
											]
										}
									]
								},
								{
									"name": "RBody",
									"from": [ 0.0, -0.287, 0.21 ],
									"to": [ 2.8, -0.007, 1.96 ],
									"unwrapMode": 6,
									"autoUnwrap": false,
									"uv": [ 0.0, 9.0 ],
									"rotationOrigin": [ 0.0, 0.0, 0.21 ],
									"rotationX": 180.0,
									"rotationY": -3.0,
									"faces": {
										"east": { "texture": "#skin", "uv": [ 8.0, 2.5, 8.5, 5.0 ], "rotation": 90, "autoUv": false },
										"south": { "texture": "#skin", "uv": [ 8.0, 5.0, 12.0, 5.5 ], "rotation": 180, "autoUv": false, "windMode": [-1,-1,-1,-1] },
										"west": { "texture": "#skin", "uv": [ 11.5, 2.5, 12.0, 5.0 ], "rotation": 270, "autoUv": false, "windMode": [-1,-1,-1,-1] },
										"up": { "texture": "#bottom", "uv": [ 7.0, 6.0, 11.0, 8.5 ], "autoUv": false, "windMode": [-1,-1,-1,-1] },
										"down": { "texture": "#skin", "uv": [ 8.0, 2.5, 12.0, 5.0 ], "autoUv": false, "windMode": [-1,-1,-1,-1] }
									},
									"children": [
										{
											"name": "RArm",
											"from": [ 0.0, 0.007, 1.05 ],
											"to": [ 0.7, 0.273, 2.8 ],
											"unwrapMode": 6,
											"autoUnwrap": false,
											"uv": [ 4.0, 6.5 ],
											"rotationOrigin": [ 0.0, 0.273, 1.05 ],
											"rotationY": -30.0,
											"faces": {
												"east": { "texture": "#skin", "uv": [ 24.0, 7.0, 24.5, 9.5 ], "rotation": 90, "autoUv": false },
												"south": { "texture": "#skin", "uv": [ 23.5, 8.5, 24.5, 9.0 ], "rotation": 180, "autoUv": false, "windMode": [-1,-1,-1,-1] },
												"west": { "texture": "#skin", "uv": [ 23.5, 6.5, 24.0, 9.0 ], "rotation": 270, "autoUv": false, "windMode": [-1,-1,-1,-1] },
												"up": { "texture": "#bottom", "uv": [ 6.0, 5.5, 7.0, 8.0 ], "autoUv": false, "windMode": [-1,-1,-1,-1] },
												"down": { "texture": "#skin", "uv": [ 23.5, 6.5, 24.5, 9.0 ], "autoUv": false, "windMode": [-1,-1,-1,-1] }
											},
											"children": [
												{
													"name": "RArmLower",
													"from": [ 0.7, 0.007, 0.0 ],
													"to": [ 1.4, 0.259, 1.75 ],
													"unwrapMode": 5,
													"autoUnwrap": false,
													"uv": [ 4.5, 6.5 ],
													"rotationOrigin": [ 1.4, 0.259, 0.0 ],
													"rotationY": -10.0,
													"faces": {
														"east": { "texture": "#skin", "uv": [ 24.0, 6.5, 24.5, 9.0 ], "rotation": 90, "autoUv": false, "windMode": [-1,-1,-1,-1] },
														"south": { "texture": "#skin", "uv": [ 23.5, 8.5, 24.5, 9.0 ], "autoUv": false, "windMode": [-1,-1,-1,-1] },
														"up": { "texture": "#bottom", "uv": [ 4.5, 6.5, 5.5, 9.0 ], "autoUv": false, "windMode": [-1,-1,-1,-1] },
														"down": { "texture": "#skin", "uv": [ 23.5, 6.5, 24.5, 9.0 ], "autoUv": false, "windMode": [-1,-1,-1,-1] }
													}
												}
											]
										}
									]
								},
								{
									"name": "PeltAbdomen",
									"from": [ 2.793, 0.007, -0.105 ],
									"to": [ 5.943, 0.287, 1.645 ],
									"unwrapMode": 5,
									"autoUnwrap": false,
									"uv": [ 0.0, 0.0 ],
									"rotationOrigin": [ 2.8, 0.007, -0.105 ],
									"faces": {
										"north": { "texture": "#skin", "uv": [ 19.0, 2.5, 23.5, 3.0 ], "rotation": 180, "autoUv": false, "windMode": [-1,-1,-1,-1] },
										"east": { "texture": "#skin", "uv": [ 16.0, 0.0, 16.5, 2.5 ], "rotation": 90, "autoUv": false, "windMode": [-1,-1,-1,-1] },
										"south": { "texture": "#skin", "uv": [ 12.0, 0.0, 16.5, 0.5 ], "autoUv": false, "windMode": [-1,-1,-1,-1] },
										"up": { "texture": "#skin", "uv": [ 12.0, 0.0, 16.5, 2.5 ], "autoUv": false, "windMode": [-1,-1,-1,-1] },
										"down": { "texture": "#bottom", "uv": [ 3.0, 2.5, 7.5, 5.0 ], "autoUv": false }
									},
									"children": [
										{
											"name": "LAbdomen",
											"from": [ 0.0, 0.007, 1.4 ],
											"to": [ 3.15, 0.273, 3.29 ],
											"unwrapMode": 5,
											"autoUnwrap": false,
											"uv": [ 0.0, 10.5 ],
											"rotationOrigin": [ 0.0, 0.007, 1.4 ],
											"rotationY": -3.0,
											"faces": {
												"east": { "texture": "#skin", "uv": [ 16.0, 3.0, 16.5, 5.5 ], "rotation": 90, "autoUv": false },
												"south": { "texture": "#skin", "uv": [ 12.0, 5.0, 16.5, 5.5 ], "autoUv": false, "windMode": [-1,-1,-1,-1] },
												"west": { "texture": "#skin", "uv": [ 12.0, 2.5, 12.5, 5.0 ], "rotation": 270, "autoUv": false, "windMode": [-1,-1,-1,-1] },
												"up": { "texture": "#skin", "uv": [ 12.0, 2.5, 16.5, 5.0 ], "autoUv": false, "windMode": [-1,-1,-1,-1] },
												"down": { "texture": "#bottom", "uv": [ 6.0, 8.0, 10.5, 10.5 ], "autoUv": false, "windMode": [-1,-1,-1,-1] }
											},
											"children": [
												{
													"name": "LLeg",
													"from": [ 1.75, 0.007, 1.89 ],
													"to": [ 2.66, 0.259, 3.99 ],
													"unwrapMode": 5,
													"autoUnwrap": false,
													"uv": [ 10.0, 4.5 ],
													"rotationOrigin": [ 1.75, 0.007, 1.89 ],
													"rotationY": 72.0,
													"faces": {
														"east": { "texture": "#skin", "uv": [ 5.5, 13.5, 6.0, 16.5 ], "rotation": 90, "autoUv": false },
														"south": { "texture": "#skin", "uv": [ 4.5, 16.5, 5.5, 17.0 ], "autoUv": false, "windMode": [-1,-1,-1,-1] },
														"west": { "texture": "#skin", "uv": [ 4.0, 13.5, 4.5, 16.5 ], "rotation": 270, "autoUv": false, "windMode": [-1,-1,-1,-1] },
														"up": { "texture": "#skin", "uv": [ 4.5, 13.5, 5.5, 16.5 ], "autoUv": false, "windMode": [-1,-1,-1,-1] },
														"down": { "texture": "#bottom", "uv": [ 13.0, 4.5, 14.0, 7.5 ], "autoUv": false, "windMode": [-1,-1,-1,-1] }
													},
													"children": [
														{
															"name": "LLegEnd",
															"from": [ 0.07, -0.007, 1.75 ],
															"to": [ 0.91, 0.259, 3.85 ],
															"unwrapMode": 5,
															"autoUnwrap": false,
															"uv": [ 4.5, 7.5 ],
															"rotationOrigin": [ 0.77, -0.007, 1.75 ],
															"rotationY": -14.0,
															"faces": {
																"north": { "texture": "#skin", "uv": [ 0.5, 13.0, 1.5, 13.5 ], "rotation": 180, "autoUv": false },
																"east": { "texture": "#skin", "uv": [ 1.5, 13.5, 2.0, 16.5 ], "rotation": 90, "autoUv": false, "windMode": [-1,-1,-1,-1] },
																"south": { "texture": "#skin", "uv": [ 0.5, 16.5, 1.5, 17.0 ], "autoUv": false, "windMode": [-1,-1,-1,-1] },
																"west": { "texture": "#skin", "uv": [ 0.0, 13.5, 0.5, 16.5 ], "rotation": 270, "autoUv": false, "windMode": [-1,-1,-1,-1] },
																"up": { "texture": "#skin", "uv": [ 0.5, 13.5, 1.5, 16.5 ], "autoUv": false, "windMode": [-1,-1,-1,-1] },
																"down": { "texture": "#bottom", "uv": [ 6.5, 8.0, 7.5, 11.0 ], "autoUv": false, "windMode": [-1,-1,-1,-1] }
															}
														}
													]
												},
												{
													"name": "LLegLower",
													"from": [ 2.1, 0.014, -0.35 ],
													"to": [ 3.15, 0.252, 1.75 ],
													"unwrapMode": 5,
													"autoUnwrap": false,
													"uv": [ 0.5, 6.0 ],
													"rotationOrigin": [ 3.15, 0.014, -0.35 ],
													"rotationY": 16.0,
													"faces": {
														"east": { "texture": "#skin", "uv": [ 7.0, 13.5, 7.5, 16.5 ], "rotation": 90, "autoUv": false },
														"up": { "texture": "#skin", "uv": [ 6.0, 13.5, 7.5, 16.5 ], "autoUv": false, "windMode": [-1,-1,-1,-1] },
														"down": { "texture": "#bottom", "uv": [ 2.5, 6.0, 4.0, 9.0 ], "autoUv": false, "windMode": [-1,-1,-1,-1] }
													}
												}
											]
										},
										{
											"name": "RAbdomen",
											"from": [ 0.0, -0.259, 0.35 ],
											"to": [ 3.15, 0.007, 2.24 ],
											"unwrapMode": 5,
											"autoUnwrap": false,
											"uv": [ -0.5, 4.5 ],
											"rotationOrigin": [ 0.0, 0.007, 0.35 ],
											"rotationX": 180.0,
											"rotationY": -3.0,
											"faces": {
												"east": { "texture": "#skin", "uv": [ 19.0, 3.0, 19.5, 5.5 ], "rotation": 90, "autoUv": false },
												"south": { "texture": "#skin", "uv": [ 19.0, 5.0, 23.5, 5.5 ], "autoUv": false, "windMode": [-1,-1,-1,-1] },
												"west": { "texture": "#skin", "uv": [ 23.0, 3.0, 23.5, 5.5 ], "rotation": 270, "autoUv": false, "windMode": [-1,-1,-1,-1] },
												"up": { "texture": "#bottom", "uv": [ 0.0, 5.0, 4.5, 7.5 ], "autoUv": false, "windMode": [-1,-1,-1,-1] },
												"down": { "texture": "#skin", "uv": [ 19.0, 3.0, 23.5, 5.5 ], "autoUv": false, "windMode": [-1,-1,-1,-1] }
											},
											"children": [
												{
													"name": "RLeg",
													"from": [ 1.75, 0.007, 1.89 ],
													"to": [ 2.66, 0.259, 3.99 ],
													"unwrapMode": 5,
													"autoUnwrap": false,
													"uv": [ 1.0, 5.5 ],
													"rotationOrigin": [ 1.75, 0.259, 1.89 ],
													"rotationY": 72.0,
													"faces": {
														"east": { "texture": "#skin", "uv": [ 16.5, 15.5, 17.0, 18.5 ], "rotation": 90, "autoUv": false, "windMode": [-1,-1,-1,-1] },
														"south": { "texture": "#skin", "uv": [ 15.5, 18.0, 16.5, 18.5 ], "autoUv": false, "windMode": [-1,-1,-1,-1] },
														"west": { "texture": "#skin", "uv": [ 15.0, 15.5, 15.5, 18.5 ], "rotation": 270, "autoUv": false, "windMode": [-1,-1,-1,-1] },
														"up": { "texture": "#bottom", "uv": [ 1.5, 5.5, 2.5, 8.5 ], "autoUv": false, "windMode": [-1,-1,-1,-1] },
														"down": { "texture": "#skin", "uv": [ 15.5, 15.5, 16.5, 18.5 ], "autoUv": false, "windMode": [-1,-1,-1,-1] }
													},
													"children": [
														{
															"name": "RLegEnd",
															"from": [ 0.0, -0.007, 1.75 ],
															"to": [ 0.84, 0.259, 3.85 ],
															"unwrapMode": 5,
															"autoUnwrap": false,
															"uv": [ 0.0, 9.0 ],
															"rotationOrigin": [ 0.7, 0.266, 1.75 ],
															"rotationY": -14.0,
															"faces": {
																"north": { "texture": "#skin", "uv": [ 11.5, 14.0, 12.5, 14.5 ], "rotation": 180, "autoUv": false },
																"east": { "texture": "#skin", "uv": [ 12.5, 14.5, 13.0, 17.5 ], "rotation": 90, "autoUv": false, "windMode": [-1,-1,-1,-1] },
																"south": { "texture": "#skin", "uv": [ 11.5, 17.5, 12.5, 18.0 ], "autoUv": false, "windMode": [-1,-1,-1,-1] },
																"west": { "texture": "#skin", "uv": [ 11.0, 14.5, 11.5, 17.5 ], "rotation": 270, "autoUv": false, "windMode": [-1,-1,-1,-1] },
																"up": { "texture": "#bottom", "uv": [ 0.5, 9.5, 1.5, 12.5 ], "autoUv": false, "windMode": [-1,-1,-1,-1] },
																"down": { "texture": "#skin", "uv": [ 11.5, 14.5, 12.5, 17.5 ], "autoUv": false, "windMode": [-1,-1,-1,-1] }
															}
														}
													]
												},
												{
													"name": "RLegLower",
													"from": [ 2.1, 0.014, -0.35 ],
													"to": [ 3.15, 0.252, 1.75 ],
													"unwrapMode": 5,
													"autoUnwrap": false,
													"uv": [ 12.0, 4.0 ],
													"rotationOrigin": [ 3.15, 0.252, -0.35 ],
													"rotationY": 16.0,
													"faces": {
														"east": { "texture": "#skin", "uv": [ 19.0, 15.5, 19.5, 18.5 ], "rotation": 90, "autoUv": false, "windMode": [-1,-1,-1,-1] },
														"up": { "texture": "#bottom", "uv": [ 12.0, 4.0, 13.5, 7.0 ], "autoUv": false, "windMode": [-1,-1,-1,-1] },
														"down": { "texture": "#skin", "uv": [ 18.0, 15.5, 19.5, 18.5 ], "autoUv": false, "windMode": [-1,-1,-1,-1] }
													}
												}
											]
										},
										{
											"name": "PeltTail",
											"from": [ 3.15, 0.007, 0.525 ],
											"to": [ 4.9, 0.357, 1.225 ],
											"unwrapMode": 3,
											"autoUnwrap": false,
											"uv": [ 23.5, 2.5 ],
											"rotationOrigin": [ 3.15, 0.007, 0.525 ],
											"faces": {
												"north": { "texture": "#skin", "uv": [ 28.0, 3.5, 30.5, 4.0 ], "autoUv": false },
												"east": { "texture": "#skin", "uv": [ 27.0, 3.5, 28.0, 4.0 ], "autoUv": false, "windMode": [-1,-1,-1,-1] },
												"south": { "texture": "#skin", "uv": [ 24.5, 3.5, 27.0, 4.0 ], "autoUv": false, "windMode": [-1,-1,-1,-1] },
												"west": { "texture": "#skin", "uv": [ 23.5, 3.5, 24.5, 4.0 ], "autoUv": false, "windMode": [-1,-1,-1,-1] },
												"up": { "texture": "#skin", "uv": [ 24.5, 2.5, 27.0, 3.5 ], "autoUv": false, "windMode": [-1,-1,-1,-1] },
												"down": { "texture": "#skin", "uv": [ 24.5, 5.5, 27.0, 6.5 ], "rotation": 180, "autoUv": false, "windMode": [-1,-1,-1,-1] }
											},
											"children": [
												{
													"name": "PeltTailMid",
													"from": [ 1.54, -0.007, -0.35 ],
													"to": [ 4.34, 0.546, 1.05 ],
													"unwrapMode": 3,
													"autoUnwrap": false,
													"uv": [ 18.0, 17.0 ],
													"rotationOrigin": [ 1.54, -0.007, -0.35 ],
													"faces": {
														"north": { "texture": "#skin", "uv": [ 26.0, 19.0, 30.0, 19.5 ], "autoUv": false },
														"east": { "texture": "#skin", "uv": [ 24.0, 19.0, 26.0, 19.5 ], "autoUv": false, "windMode": [-1,-1,-1,-1] },
														"south": { "texture": "#skin", "uv": [ 20.0, 19.0, 24.0, 19.5 ], "autoUv": false, "windMode": [-1,-1,-1,-1] },
														"west": { "texture": "#skin", "uv": [ 18.0, 19.0, 20.0, 19.5 ], "autoUv": false, "windMode": [-1,-1,-1,-1] },
														"up": { "texture": "#skin", "uv": [ 20.0, 17.0, 24.0, 19.0 ], "autoUv": false, "windMode": [-1,-1,-1,-1] },
														"down": { "texture": "#skin", "uv": [ 20.0, 22.0, 24.0, 24.0 ], "rotation": 180, "autoUv": false, "windMode": [-1,-1,-1,-1] }
													},
													"children": [
														{
															"name": "PeltTailEnd",
															"from": [ 2.59, 0.0, 0.105 ],
															"to": [ 4.34, 0.42, 1.295 ],
															"unwrapMode": 3,
															"autoUnwrap": false,
															"uv": [ 22.0, 9.5 ],
															"rotationOrigin": [ 2.59, 0.0, 0.105 ],
															"faces": {
																"north": { "texture": "#skin", "uv": [ 27.5, 11.0, 30.0, 11.5 ], "autoUv": false },
																"east": { "texture": "#skin", "uv": [ 26.0, 11.0, 27.5, 11.5 ], "autoUv": false, "windMode": [-1,-1,-1,-1] },
																"south": { "texture": "#skin", "uv": [ 23.5, 11.0, 26.0, 11.5 ], "autoUv": false, "windMode": [-1,-1,-1,-1] },
																"west": { "texture": "#skin", "uv": [ 22.0, 11.0, 23.5, 11.5 ], "autoUv": false, "windMode": [-1,-1,-1,-1] },
																"up": { "texture": "#skin", "uv": [ 23.5, 9.5, 26.0, 11.0 ], "autoUv": false, "windMode": [-1,-1,-1,-1] },
																"down": { "texture": "#skin", "uv": [ 23.5, 13.5, 26.0, 15.0 ], "rotation": 180, "autoUv": false, "windMode": [-1,-1,-1,-1] }
															}
														}
													]
												}
											]
										}
									]
								},
								{
									"name": "Neck",
									"from": [ -1.4, 0.0, 0.07 ],
									"to": [ 0.0, 0.308, 1.47 ],
									"autoUnwrap": false,
									"uv": [ 3.0, 2.0 ],
									"rotationOrigin": [ 0.07, 0.0, 0.07 ],
									"faces": {
										"north": { "texture": "#skin", "uv": [ 12.0, 8.5, 14.0, 9.0 ], "autoUv": false },
										"south": { "texture": "#skin", "uv": [ 10.0, 8.5, 12.0, 9.0 ], "autoUv": false, "windMode": [-1,-1,-1,-1] },
										"west": { "texture": "#skin", "uv": [ 8.0, 8.5, 10.0, 9.0 ], "autoUv": false, "windMode": [-1,-1,-1,-1] },
										"up": { "texture": "#skin", "uv": [ 10.0, 6.5, 12.0, 8.5 ], "autoUv": false, "windMode": [-1,-1,-1,-1] },
										"down": { "texture": "#bottom", "uv": [ 6.0, 2.0, 8.0, 4.0 ], "autoUv": false }
									},
									"children": [
										{
											"name": "RNeck",
											"from": [ 0.0, -0.252, -0.7 ],
											"to": [ 1.4, 0.014, 0.7 ],
											"unwrapMode": 6,
											"autoUnwrap": false,
											"uv": [ 8.0, 11.0 ],
											"rotationOrigin": [ 2.1, 0.014, 0.7 ],
											"rotationX": -180.0,
											"rotationY": 75.0,
											"faces": {
												"north": { "texture": "#skin", "uv": [ 12.0, 8.5, 12.5, 10.5 ], "rotation": 90, "autoUv": false },
												"south": { "texture": "#skin", "uv": [ 12.0, 10.0, 14.0, 10.5 ], "rotation": 180, "autoUv": false, "windMode": [-1,-1,-1,-1] },
												"west": { "texture": "#skin", "uv": [ 12.0, 11.0, 14.0, 11.5 ], "rotation": 180, "autoUv": false, "windMode": [-1,-1,-1,-1] },
												"up": { "texture": "#bottom", "uv": [ 11.5, 11.5, 13.5, 13.5 ], "autoUv": false, "windMode": [-1,-1,-1,-1] },
												"down": { "texture": "#skin", "uv": [ 12.0, 8.5, 14.0, 10.5 ], "rotation": 270, "autoUv": false, "windMode": [-1,-1,-1,-1] }
											}
										},
										{
											"name": "LNeck",
											"from": [ 0.0, 0.014, -0.7 ],
											"to": [ 1.4, 0.28, 0.7 ],
											"unwrapMode": 5,
											"autoUnwrap": false,
											"uv": [ 6.0, 10.5 ],
											"rotationOrigin": [ 2.1, 0.014, 0.7 ],
											"rotationY": 75.0,
											"faces": {
												"north": { "texture": "#skin", "uv": [ 11.5, 8.5, 12.0, 10.5 ], "rotation": 90, "autoUv": false },
												"south": { "texture": "#skin", "uv": [ 10.0, 10.0, 12.0, 10.5 ], "autoUv": false, "windMode": [-1,-1,-1,-1] },
												"west": { "texture": "#skin", "uv": [ 10.0, 10.0, 12.0, 10.5 ], "rotation": 180, "autoUv": false, "windMode": [-1,-1,-1,-1] },
												"up": { "texture": "#skin", "uv": [ 10.0, 8.5, 12.0, 10.5 ], "rotation": 90, "autoUv": false, "windMode": [-1,-1,-1,-1] },
												"down": { "texture": "#bottom", "uv": [ 9.5, 11.0, 11.5, 13.0 ], "autoUv": false, "windMode": [-1,-1,-1,-1] }
											}
										},
										{
											"name": "Head",
											"from": [ -0.56, 0.0, -0.175 ],
											"to": [ 0.49, 0.315, 1.575 ],
											"autoUnwrap": false,
											"uv": [ 4.5, 3.5 ],
											"rotationOrigin": [ 0.49, 0.0, -0.175 ],
											"faces": {
												"north": { "texture": "#skin", "uv": [ 1.0, 10.5, 1.5, 12.0 ], "rotation": 270, "autoUv": false },
												"east": { "texture": "#skin", "uv": [ 1.5, 10.0, 4.0, 10.5 ], "autoUv": false, "windMode": [-1,-1,-1,-1] },
												"south": { "texture": "#skin", "uv": [ 4.0, 10.5, 4.5, 12.0 ], "rotation": 90, "autoUv": false, "windMode": [-1,-1,-1,-1] },
												"west": { "texture": "#skin", "uv": [ 1.5, 12.0, 4.0, 12.5 ], "autoUv": false, "windMode": [-1,-1,-1,-1] },
												"up": { "texture": "#skin", "uv": [ 1.5, 10.5, 4.0, 12.0 ], "rotation": 90, "autoUv": false, "windMode": [-1,-1,-1,-1] },
												"down": { "texture": "#bottom", "uv": [ 7.5, 3.5, 9.0, 6.0 ], "autoUv": false }
											},
											"children": [
												{
													"name": "Snout",
													"from": [ -0.84, 0.0, 0.665 ],
													"to": [ 0.21, 0.28, 1.085 ],
													"autoUnwrap": false,
													"uv": [ 1.5, 2.0 ],
													"rotationOrigin": [ 0.21, 0.0, 0.665 ],
													"faces": {
														"north": { "texture": "#skin", "uv": [ 6.0, 0.0, 6.5, 1.5 ], "rotation": 270, "autoUv": false },
														"south": { "texture": "#skin", "uv": [ 7.0, 0.0, 7.5, 1.5 ], "rotation": 90, "autoUv": false, "windMode": [-1,-1,-1,-1] },
														"west": { "texture": "#skin", "uv": [ 6.5, 1.5, 7.0, 2.0 ], "autoUv": false, "windMode": [-1,-1,-1,-1] },
														"up": { "texture": "#skin", "uv": [ 6.5, 0.0, 7.0, 1.5 ], "rotation": 90, "autoUv": false, "windMode": [-1,-1,-1,-1] },
														"down": { "texture": "#bottom", "uv": [ 3.0, 2.0, 4.5, 2.5 ], "autoUv": false }
													},
													"children": [
														{
															"name": "Nose",
															"from": [ -0.007, 0.105, 0.105 ],
															"to": [ 0.273, 0.315, 0.315 ],
															"unwrapMode": 3,
															"uv": [ 10.0, 0.0 ],
															"rotationOrigin": [ 0.0, 0.105, 0.105 ],
															"faces": {
																"north": { "texture": "#skin", "uv": [ 11.5, 0.5, 12.0, 1.0 ], "autoUv": false },
																"east": { "texture": "#skin", "uv": [ 11.0, 0.5, 11.5, 1.0 ], "autoUv": false, "windMode": [-1,-1,-1,-1] },
																"south": { "texture": "#skin", "uv": [ 10.5, 0.5, 11.0, 1.0 ], "autoUv": false, "windMode": [-1,-1,-1,-1] },
																"west": { "texture": "#skin", "uv": [ 10.0, 0.5, 10.5, 1.0 ], "autoUv": false, "windMode": [-1,-1,-1,-1] },
																"up": { "texture": "#skin", "uv": [ 10.5, 0.0, 11.0, 0.5 ], "autoUv": false, "windMode": [-1,-1,-1,-1] },
																"down": { "texture": "#skin", "uv": [ 10.5, 1.0, 11.0, 1.5 ], "rotation": 180, "autoUv": false, "windMode": [-1,-1,-1,-1] }
															}
														}
													]
												}
											]
										}
									]
								}
							]
						}
					]
				}
			]
		}
	]}