{
	"editor": {
		"allAngles": true,
		"entityTextureMode": true
	},
	"textureWidth": 32,
	"textureHeight": 24,
	"textureSizes": {
		"bottom": [16,16],
		"skin": [32,24]
	},
	"textures": {
	},
	"elements": [
		{
			"name": "Rotation Point",
			"from": [ 0.0, 0.0, 0.0 ], 
			"to": [ 0.0, 0.0, 0.0 ], 
			"uv": [ 0.0, 0.0 ],
			"faces": {
				"north": { "texture": "#null", "uv": [ 0.0, 0.5, 0.5, 1.0 ], "enabled": false },
				"east": { "texture": "#null", "uv": [ 0.5, 0.5, 1.0, 1.0 ], "enabled": false },
				"south": { "texture": "#null", "uv": [ 1.0, 0.5, 1.5, 1.0 ], "enabled": false },
				"west": { "texture": "#null", "uv": [ 1.5, 0.5, 2.0, 1.0 ], "enabled": false },
				"up": { "texture": "#null", "uv": [ 0.0, 0.0, 0.5, 0.5 ], "enabled": false },
				"down": { "texture": "#null", "uv": [ 0.5, 0.0, 1.0, 0.5 ], "enabled": false }
			},
			"children": [
				{
					"name": "Base",
					"from": [ 0.0, 12.0, 8.0 ], 
					"to": [ 0.0, 12.0, 8.0 ], 
					"uv": [ 0.0, 0.0 ],
					"rotationOrigin": [ 0.0, 12.0, 8.0 ],
					"rotationZ": -90.0,
					"faces": {
						"north": { "texture": "#null", "uv": [ 0.0, 0.5, 0.5, 1.0 ], "enabled": false },
						"east": { "texture": "#null", "uv": [ 0.5, 0.5, 1.0, 1.0 ], "enabled": false },
						"south": { "texture": "#null", "uv": [ 1.0, 0.5, 1.5, 1.0 ], "enabled": false },
						"west": { "texture": "#null", "uv": [ 1.5, 0.5, 2.0, 1.0 ], "enabled": false },
						"up": { "texture": "#null", "uv": [ 0.0, 0.0, 0.5, 0.5 ], "enabled": false },
						"down": { "texture": "#null", "uv": [ 0.5, 0.0, 1.0, 0.5 ], "enabled": false }
					},
					"children": [
						{
							"name": "PeltBody",
							"from": [ 2.0, 0.0, -0.75 ], 
							"to": [ 4.0, 0.21, 0.75 ], 
							"unwrapMode": 5,
							"autoUnwrap": false,
							"uv": [ 0.0, 9.0 ],
							"rotationOrigin": [ 2.0, 0.0, -0.75 ],
							"faces": {
								"north": { "texture": "#skin", "uv": [ 10.0, 3.0, 14.0, 3.5 ], "rotation": 180, "windMode": [-1,-1,-1,-1] },
								"east": { "texture": "#skin", "uv": [ 6.5, 0.0, 7.0, 3.0 ], "rotation": 90, "windMode": [-1,-1,-1,-1] },
								"south": { "texture": "#skin", "uv": [ 3.0, 3.0, 7.0, 3.5 ], "windMode": [-1,-1,-1,-1] },
								"west": { "texture": "#skin", "uv": [ 3.0, 0.0, 3.5, 3.0 ], "rotation": 270, "windMode": [-1,-1,-1,-1] },
								"up": { "texture": "#skin", "uv": [ 3.0, 0.0, 7.0, 3.0 ], "windMode": [-1,-1,-1,-1] },
								"down": { "texture": "#bottom", "uv": [ 5.0, 8.5, 9.0, 11.5 ], "windMode": [-1,-1,-1,-1] }
							},
							"children": [
								{
									"name": "LBody",
									"from": [ 0.0, 0.005, 1.15 ], 
									"to": [ 2.0, 0.205, 2.9 ], 
									"unwrapMode": 5,
									"autoUnwrap": false,
									"uv": [ 0.0, 2.5 ],
									"rotationOrigin": [ 0.0, -0.005, 1.15 ],
									"rotationY": -3.0,
									"faces": {
										"north": { "texture": "#null", "uv": [ 0.5, 2.5, 4.5, 3.0 ], "rotation": 180, "enabled": false },
										"east": { "texture": "#skin", "uv": [ 6.5, 3.0, 7.0, 6.5 ], "rotation": 90 },
										"south": { "texture": "#skin", "uv": [ 3.0, 6.5, 7.0, 7.0 ], "windMode": [-1,-1,-1,-1] },
										"west": { "texture": "#skin", "uv": [ 3.0, 3.0, 3.5, 6.5 ], "rotation": 270, "windMode": [-1,-1,-1,-1] },
										"up": { "texture": "#skin", "uv": [ 3.0, 3.0, 7.0, 6.5 ], "windMode": [-1,-1,-1,-1] },
										"down": { "texture": "#bottom", "uv": [ 4.5, 2.0, 8.5, 5.5 ] }
									},
									"children": [
										{
											"name": "LArm",
											"from": [ 0.0, 0.005, 1.25 ], 
											"to": [ 0.5, 0.195, 2.5 ], 
											"unwrapMode": 5,
											"autoUnwrap": false,
											"uv": [ 6.5, 18.0 ],
											"rotationOrigin": [ 0.0, 0.005, 1.25 ],
											"rotationY": -30.0,
											"faces": {
												"north": { "texture": "#null", "uv": [ 7.0, 18.0, 8.0, 18.5 ], "rotation": 180, "enabled": false },
												"east": { "texture": "#skin", "uv": [ 24.5, 14.5, 25.0, 17.0 ], "rotation": 90 },
												"south": { "texture": "#skin", "uv": [ 23.5, 17.0, 24.5, 17.5 ], "windMode": [-1,-1,-1,-1] },
												"west": { "texture": "#skin", "uv": [ 23.0, 14.5, 23.5, 17.0 ], "rotation": 270, "windMode": [-1,-1,-1,-1] },
												"up": { "texture": "#skin", "uv": [ 23.5, 14.5, 24.5, 17.0 ], "windMode": [-1,-1,-1,-1] },
												"down": { "texture": "#bottom", "uv": [ 8.5, 11.0, 9.5, 13.5 ], "windMode": [-1,-1,-1,-1] }
											},
											"children": [
												{
													"name": "LArmLower",
													"from": [ 0.5, 0.005, 0.0 ], 
													"to": [ 1.0, 0.185, 1.25 ], 
													"unwrapMode": 5,
													"autoUnwrap": false,
													"uv": [ 8.0, 18.0 ],
													"rotationOrigin": [ 1.0, 0.005, 0.0 ],
													"rotationY": -10.0,
													"faces": {
														"north": { "texture": "#null", "uv": [ 8.0, 18.0, 9.0, 18.5 ], "rotation": 180, "enabled": false },
														"east": { "texture": "#skin", "uv": [ 25.5, 14.5, 26.0, 17.0 ], "rotation": 90 },
														"south": { "texture": "#skin", "uv": [ 25.0, 16.5, 26.0, 17.0 ], "windMode": [-1,-1,-1,-1] },
														"west": { "texture": "#null", "uv": [ 8.0, 18.0, 8.5, 20.5 ], "rotation": 270, "enabled": false, "windMode": [-1,-1,-1,-1] },
														"up": { "texture": "#skin", "uv": [ 24.5, 14.5, 25.5, 17.0 ], "windMode": [-1,-1,-1,-1] },
														"down": { "texture": "#bottom", "uv": [ 9.5, 12.0, 10.5, 14.5 ], "windMode": [-1,-1,-1,-1] }
													}
												}
											]
										}
									]
								},
								{
									"name": "RBody",
									"from": [ 0.0, -0.205, 0.35 ], 
									"to": [ 2.0, -0.005, 2.1 ], 
									"unwrapMode": 6,
									"autoUnwrap": false,
									"uv": [ 0.0, 9.0 ],
									"rotationOrigin": [ 0.0, 0.0, 0.35 ],
									"rotationX": 180.0,
									"rotationY": -3.0,
									"faces": {
										"north": { "texture": "#null", "uv": [ 0.5, 9.0, 4.5, 9.5 ], "enabled": false, "windMode": [-1,-1,-1,-1] },
										"east": { "texture": "#skin", "uv": [ 10.0, 3.0, 10.5, 6.5 ], "rotation": 90 },
										"south": { "texture": "#skin", "uv": [ 10.0, 6.5, 14.0, 7.0 ], "rotation": 180, "windMode": [-1,-1,-1,-1] },
										"west": { "texture": "#skin", "uv": [ 13.5, 3.0, 14.0, 6.5 ], "rotation": 270, "windMode": [-1,-1,-1,-1] },
										"up": { "texture": "#bottom", "uv": [ 7.0, 4.0, 11.0, 7.5 ], "windMode": [-1,-1,-1,-1] },
										"down": { "texture": "#skin", "uv": [ 10.0, 3.0, 14.0, 6.5 ], "windMode": [-1,-1,-1,-1] }
									},
									"children": [
										{
											"name": "RArm",
											"from": [ 0.0, 0.005, 1.25 ], 
											"to": [ 0.5, 0.195, 2.5 ], 
											"unwrapMode": 6,
											"autoUnwrap": false,
											"uv": [ 4.0, 6.5 ],
											"rotationOrigin": [ 0.0, 0.195, 1.25 ],
											"rotationY": -30.0,
											"faces": {
												"north": { "texture": "#null", "uv": [ 4.5, 6.5, 5.5, 7.0 ], "enabled": false },
												"east": { "texture": "#skin", "uv": [ 30.0, 0.5, 30.5, 3.0 ], "rotation": 90 },
												"south": { "texture": "#skin", "uv": [ 29.0, 3.0, 30.0, 3.5 ], "rotation": 180, "windMode": [-1,-1,-1,-1] },
												"west": { "texture": "#skin", "uv": [ 28.5, 0.5, 29.0, 3.0 ], "rotation": 270, "windMode": [-1,-1,-1,-1] },
												"up": { "texture": "#bottom", "uv": [ 6.0, 6.5, 7.0, 9.0 ], "windMode": [-1,-1,-1,-1] },
												"down": { "texture": "#skin", "uv": [ 29.0, 0.5, 30.0, 3.0 ], "windMode": [-1,-1,-1,-1] }
											},
											"children": [
												{
													"name": "RArmLower",
													"from": [ 0.5, 0.005, 0.0 ], 
													"to": [ 1.0, 0.185, 1.25 ], 
													"unwrapMode": 5,
													"autoUnwrap": false,
													"uv": [ 4.5, 6.5 ],
													"rotationOrigin": [ 1.0, 0.185, 0.0 ],
													"rotationY": -10.0,
													"faces": {
														"north": { "texture": "#null", "uv": [ 4.5, 6.5, 5.5, 7.0 ], "rotation": 180, "enabled": false },
														"east": { "texture": "#skin", "uv": [ 31.0, 0.5, 31.5, 3.0 ], "rotation": 90, "windMode": [-1,-1,-1,-1] },
														"south": { "texture": "#skin", "uv": [ 30.5, 2.5, 31.5, 3.0 ], "windMode": [-1,-1,-1,-1] },
														"west": { "texture": "#null", "uv": [ 4.5, 6.5, 5.0, 9.0 ], "rotation": 270, "enabled": false },
														"up": { "texture": "#bottom", "uv": [ 4.5, 6.5, 5.5, 9.0 ], "windMode": [-1,-1,-1,-1] },
														"down": { "texture": "#skin", "uv": [ 30.5, 0.5, 31.5, 3.0 ], "windMode": [-1,-1,-1,-1] }
													}
												}
											]
										}
									]
								},
								{
									"name": "PeltAbdomen",
									"from": [ 1.995, 0.005, 0.125 ], 
									"to": [ 4.245, 0.205, 1.375 ], 
									"unwrapMode": 5,
									"autoUnwrap": false,
									"uv": [ 0.0, 0.0 ],
									"rotationOrigin": [ 2.0, 0.005, 0.125 ],
									"faces": {
										"north": { "texture": "#skin", "uv": [ 21.0, 2.5, 25.5, 3.0 ], "rotation": 180 },
										"east": { "texture": "#skin", "uv": [ 18.0, 0.0, 18.5, 2.5 ], "rotation": 90, "windMode": [-1,-1,-1,-1] },
										"south": { "texture": "#skin", "uv": [ 14.0, 2.5, 18.5, 3.0 ], "windMode": [-1,-1,-1,-1] },
										"west": { "texture": "#null", "uv": [ 0.0, 0.5, 0.5, 3.0 ], "rotation": 270, "enabled": false, "windMode": [-1,-1,-1,-1] },
										"up": { "texture": "#skin", "uv": [ 14.0, 0.0, 18.5, 2.5 ], "windMode": [-1,-1,-1,-1] },
										"down": { "texture": "#bottom", "uv": [ 3.0, 2.5, 7.5, 5.0 ] }
									},
									"children": [
										{
											"name": "LAbdomen",
											"from": [ 0.0, 0.005, 1.0 ], 
											"to": [ 2.25, 0.195, 2.85 ], 
											"unwrapMode": 5,
											"autoUnwrap": false,
											"uv": [ 0.0, 10.5 ],
											"rotationOrigin": [ 0.0, 0.005, 1.0 ],
											"rotationY": -3.0,
											"faces": {
												"north": { "texture": "#null", "uv": [ 0.5, 10.5, 5.0, 11.0 ], "rotation": 180, "enabled": false },
												"east": { "texture": "#skin", "uv": [ 18.0, 2.5, 18.5, 6.0 ], "rotation": 90 },
												"south": { "texture": "#skin", "uv": [ 14.0, 5.5, 18.5, 6.0 ], "windMode": [-1,-1,-1,-1] },
												"west": { "texture": "#skin", "uv": [ 14.0, 2.5, 14.5, 6.0 ], "rotation": 270, "windMode": [-1,-1,-1,-1] },
												"up": { "texture": "#skin", "uv": [ 14.0, 2.5, 18.5, 6.0 ], "windMode": [-1,-1,-1,-1] },
												"down": { "texture": "#bottom", "uv": [ 6.0, 8.0, 10.5, 11.5 ], "windMode": [-1,-1,-1,-1] }
											},
											"children": [
												{
													"name": "LLeg",
													"from": [ 1.0, 0.005, 1.85 ], 
													"to": [ 2.0, 0.185, 3.35 ], 
													"unwrapMode": 5,
													"autoUnwrap": false,
													"uv": [ 10.0, 4.5 ],
													"rotationOrigin": [ 1.0, 0.005, 1.85 ],
													"rotationY": 72.0,
													"faces": {
														"north": { "texture": "#null", "uv": [ 10.5, 4.5, 12.5, 5.0 ], "rotation": 180, "enabled": false },
														"east": { "texture": "#skin", "uv": [ 8.0, 19.0, 8.5, 22.0 ], "rotation": 90 },
														"south": { "texture": "#skin", "uv": [ 6.0, 22.0, 8.0, 22.5 ], "windMode": [-1,-1,-1,-1] },
														"west": { "texture": "#skin", "uv": [ 5.5, 19.0, 6.0, 22.0 ], "rotation": 270, "windMode": [-1,-1,-1,-1] },
														"up": { "texture": "#skin", "uv": [ 6.0, 19.0, 8.0, 22.0 ], "windMode": [-1,-1,-1,-1] },
														"down": { "texture": "#bottom", "uv": [ 13.0, 4.5, 15.0, 7.5 ], "windMode": [-1,-1,-1,-1] }
													},
													"children": [
														{
															"name": "LLegEnd",
															"from": [ 0.05, -0.005, 1.25 ], 
															"to": [ 0.65, 0.185, 2.5 ], 
															"unwrapMode": 5,
															"autoUnwrap": false,
															"uv": [ 4.5, 7.5 ],
															"rotationOrigin": [ 0.55, -0.005, 1.25 ],
															"rotationY": -14.0,
															"faces": {
																"north": { "texture": "#skin", "uv": [ 13.5, 17.0, 14.5, 17.5 ], "rotation": 180 },
																"east": { "texture": "#skin", "uv": [ 14.5, 17.5, 15.0, 20.0 ], "rotation": 90, "windMode": [-1,-1,-1,-1] },
																"south": { "texture": "#skin", "uv": [ 13.5, 20.0, 14.5, 20.5 ], "windMode": [-1,-1,-1,-1] },
																"west": { "texture": "#skin", "uv": [ 13.0, 17.5, 13.5, 20.0 ], "rotation": 270, "windMode": [-1,-1,-1,-1] },
																"up": { "texture": "#skin", "uv": [ 13.5, 17.5, 14.5, 20.0 ], "windMode": [-1,-1,-1,-1] },
																"down": { "texture": "#bottom", "uv": [ 6.5, 8.0, 7.5, 10.5 ], "windMode": [-1,-1,-1,-1] }
															}
														}
													]
												},
												{
													"name": "LLegLower",
													"from": [ 1.5, 0.01, -0.1 ], 
													"to": [ 2.25, 0.18, 1.4 ], 
													"unwrapMode": 5,
													"autoUnwrap": false,
													"uv": [ 0.5, 6.0 ],
													"rotationOrigin": [ 2.25, 0.01, -0.1 ],
													"rotationY": 16.0,
													"faces": {
														"north": { "texture": "#null", "uv": [ 0.5, 6.0, 2.0, 6.5 ], "rotation": 180, "enabled": false },
														"east": { "texture": "#skin", "uv": [ 10.0, 19.0, 10.5, 22.0 ], "rotation": 90 },
														"south": { "texture": "#null", "uv": [ 0.5, 9.0, 2.0, 9.5 ], "enabled": false },
														"west": { "texture": "#null", "uv": [ 0.5, 6.0, 1.0, 9.0 ], "rotation": 270, "enabled": false },
														"up": { "texture": "#skin", "uv": [ 8.5, 19.0, 10.0, 22.0 ], "windMode": [-1,-1,-1,-1] },
														"down": { "texture": "#bottom", "uv": [ 2.5, 6.0, 4.0, 9.0 ], "windMode": [-1,-1,-1,-1] }
													}
												}
											]
										},
										{
											"name": "RAbdomen",
											"from": [ 0.0, -0.185, 0.25 ], 
											"to": [ 2.25, 0.005, 2.1 ], 
											"unwrapMode": 5,
											"autoUnwrap": false,
											"uv": [ -0.5, 4.5 ],
											"rotationOrigin": [ 0.0, 0.005, 0.25 ],
											"rotationX": 180.0,
											"rotationY": -3.0,
											"faces": {
												"north": { "texture": "#null", "uv": [ 0.0, 4.5, 4.5, 5.0 ], "rotation": 180, "enabled": false },
												"east": { "texture": "#skin", "uv": [ 21.0, 2.5, 21.5, 6.0 ], "rotation": 90 },
												"south": { "texture": "#skin", "uv": [ 21.0, 5.5, 25.5, 6.0 ], "windMode": [-1,-1,-1,-1] },
												"west": { "texture": "#skin", "uv": [ 25.0, 2.5, 25.5, 6.0 ], "rotation": 270, "windMode": [-1,-1,-1,-1] },
												"up": { "texture": "#bottom", "uv": [ 0.0, 5.0, 4.5, 8.5 ], "windMode": [-1,-1,-1,-1] },
												"down": { "texture": "#skin", "uv": [ 21.0, 2.5, 25.5, 6.0 ], "windMode": [-1,-1,-1,-1] }
											},
											"children": [
												{
													"name": "RLeg",
													"from": [ 1.0, 0.005, 1.85 ], 
													"to": [ 2.0, 0.185, 3.35 ], 
													"unwrapMode": 5,
													"autoUnwrap": false,
													"uv": [ 1.0, 5.5 ],
													"rotationOrigin": [ 1.0, 0.185, 1.85 ],
													"rotationY": 72.0,
													"faces": {
														"north": { "texture": "#null", "uv": [ 1.5, 5.5, 3.5, 6.0 ], "rotation": 180, "enabled": false },
														"east": { "texture": "#skin", "uv": [ 26.5, 14.5, 27.0, 17.5 ], "rotation": 90 },
														"south": { "texture": "#skin", "uv": [ 27.0, 17.5, 29.0, 18.0 ], "windMode": [-1,-1,-1,-1] },
														"west": { "texture": "#skin", "uv": [ 29.0, 14.5, 29.5, 17.5 ], "rotation": 270, "windMode": [-1,-1,-1,-1] },
														"up": { "texture": "#bottom", "uv": [ 1.5, 5.5, 3.5, 8.5 ], "windMode": [-1,-1,-1,-1] },
														"down": { "texture": "#skin", "uv": [ 27.0, 14.5, 29.0, 17.5 ], "windMode": [-1,-1,-1,-1] }
													},
													"children": [
														{
															"name": "RLegEnd",
															"from": [ 0.0, -0.005, 1.25 ], 
															"to": [ 0.6, 0.185, 2.5 ], 
															"unwrapMode": 5,
															"autoUnwrap": false,
															"uv": [ 0.0, 9.0 ],
															"rotationOrigin": [ 0.5, 0.19, 1.25 ],
															"rotationY": -14.0,
															"faces": {
																"north": { "texture": "#skin", "uv": [ 28.5, 10.0, 29.5, 10.5 ], "rotation": 180 },
																"east": { "texture": "#skin", "uv": [ 29.5, 10.5, 30.0, 13.0 ], "rotation": 90, "windMode": [-1,-1,-1,-1] },
																"south": { "texture": "#skin", "uv": [ 28.5, 13.0, 29.5, 13.5 ], "windMode": [-1,-1,-1,-1] },
																"west": { "texture": "#skin", "uv": [ 28.0, 10.5, 28.5, 13.0 ], "rotation": 270, "windMode": [-1,-1,-1,-1] },
																"up": { "texture": "#bottom", "uv": [ 0.5, 9.5, 1.5, 12.0 ], "windMode": [-1,-1,-1,-1] },
																"down": { "texture": "#skin", "uv": [ 28.5, 10.5, 29.5, 13.0 ], "windMode": [-1,-1,-1,-1] }
															}
														}
													]
												},
												{
													"name": "RLegLower",
													"from": [ 1.5, 0.01, 0.0 ], 
													"to": [ 2.25, 0.18, 1.5 ], 
													"unwrapMode": 5,
													"autoUnwrap": false,
													"uv": [ 12.0, 4.0 ],
													"rotationOrigin": [ 2.25, 0.18, 0.0 ],
													"rotationY": 16.0,
													"faces": {
														"north": { "texture": "#null", "uv": [ 12.0, 4.0, 13.5, 4.5 ], "rotation": 180, "enabled": false },
														"east": { "texture": "#skin", "uv": [ 31.0, 14.5, 31.5, 17.5 ], "rotation": 90, "windMode": [-1,-1,-1,-1] },
														"south": { "texture": "#null", "uv": [ 12.0, 7.0, 13.5, 7.5 ], "enabled": false },
														"west": { "texture": "#null", "uv": [ 12.0, 4.0, 12.5, 7.0 ], "rotation": 270, "enabled": false },
														"up": { "texture": "#bottom", "uv": [ 12.0, 4.0, 13.5, 7.0 ], "windMode": [-1,-1,-1,-1] },
														"down": { "texture": "#skin", "uv": [ 29.5, 14.5, 31.0, 17.5 ], "windMode": [-1,-1,-1,-1] }
													}
												}
											]
										},
										{
											"name": "PeltTail",
											"from": [ 2.25, 0.005, 0.325 ], 
											"to": [ 3.25, 0.205, 0.925 ], 
											"unwrapMode": 3,
											"autoUnwrap": false,
											"uv": [ 18.5, 6.0 ],
											"rotationOrigin": [ 2.25, 0.005, 0.325 ],
											"faces": {
												"north": { "texture": "#skin", "uv": [ 22.5, 7.5, 24.5, 8.0 ], "windMode": [-1,-1,-1,-1] },
												"east": { "texture": "#skin", "uv": [ 21.5, 7.5, 22.5, 8.0 ], "windMode": [-1,-1,-1,-1] },
												"south": { "texture": "#skin", "uv": [ 19.5, 7.5, 21.5, 8.0 ], "windMode": [-1,-1,-1,-1] },
												"west": { "texture": "#skin", "uv": [ 18.5, 7.5, 19.5, 8.0 ], "windMode": [-1,-1,-1,-1] },
												"up": { "texture": "#skin", "uv": [ 19.5, 6.5, 21.5, 7.5 ], "windMode": [-1,-1,-1,-1] },
												"down": { "texture": "#skin", "uv": [ 19.5, 9.0, 21.5, 10.0 ], "rotation": 180, "windMode": [-1,-1,-1,-1] }
											},
											"children": [
												{
													"name": "PeltTailMid",
													"from": [ 0.75, -0.005, 0.025 ], 
													"to": [ 2.0, 0.19, 0.575 ], 
													"unwrapMode": 3,
													"autoUnwrap": false,
													"uv": [ 19.0, 10.5 ],
													"rotationOrigin": [ 0.75, -0.005, 0.025 ],
													"faces": {
														"north": { "texture": "#skin", "uv": [ 23.5, 12.0, 26.0, 12.5 ], "windMode": [-1,-1,-1,-1] },
														"east": { "texture": "#skin", "uv": [ 22.5, 12.0, 23.5, 12.5 ], "windMode": [-1,-1,-1,-1] },
														"south": { "texture": "#skin", "uv": [ 20.0, 12.0, 22.5, 12.5 ], "windMode": [-1,-1,-1,-1] },
														"west": { "texture": "#skin", "uv": [ 19.0, 12.0, 20.0, 12.5 ], "windMode": [-1,-1,-1,-1] },
														"up": { "texture": "#skin", "uv": [ 20.0, 11.0, 22.5, 12.0 ], "windMode": [-1,-1,-1,-1] },
														"down": { "texture": "#skin", "uv": [ 20.0, 13.0, 22.5, 14.0 ], "rotation": 180, "windMode": [-1,-1,-1,-1] }
													},
													"children": [
														{
															"name": "PeltTailEnd",
															"from": [ 1.0, 0.0, 0.05 ], 
															"to": [ 2.5, 0.15, 0.55 ], 
															"unwrapMode": 3,
															"autoUnwrap": false,
															"uv": [ 11.5, 13.0 ],
															"rotationOrigin": [ 1.0, 0.0, 0.05 ],
															"faces": {
																"north": { "texture": "#skin", "uv": [ 17.5, 14.5, 20.5, 15.0 ], "windMode": [-1,-1,-1,-1] },
																"east": { "texture": "#skin", "uv": [ 16.5, 14.5, 17.5, 15.0 ], "windMode": [-1,-1,-1,-1] },
																"south": { "texture": "#skin", "uv": [ 13.5, 14.5, 16.5, 15.0 ], "windMode": [-1,-1,-1,-1] },
																"west": { "texture": "#skin", "uv": [ 12.5, 14.5, 13.5, 15.0 ], "windMode": [-1,-1,-1,-1] },
																"up": { "texture": "#skin", "uv": [ 13.5, 13.5, 16.5, 14.5 ], "windMode": [-1,-1,-1,-1] },
																"down": { "texture": "#skin", "uv": [ 13.5, 15.5, 16.5, 16.5 ], "rotation": 180, "windMode": [-1,-1,-1,-1] }
															}
														}
													]
												}
											]
										}
									]
								},
								{
									"name": "Neck",
									"from": [ -1.25, 0.0, 0.25 ], 
									"to": [ 0.0, 0.22, 1.25 ], 
									"autoUnwrap": false,
									"uv": [ 3.0, 2.0 ],
									"rotationOrigin": [ 0.0, 0.0, 0.25 ],
									"faces": {
										"north": { "texture": "#skin", "uv": [ 13.5, 9.5, 16.0, 10.0 ] },
										"east": { "texture": "#skin", "uv": [ 6.0, 4.0, 8.0, 4.5 ], "enabled": false, "windMode": [-1,-1,-1,-1] },
										"south": { "texture": "#skin", "uv": [ 11.0, 9.5, 13.5, 10.0 ], "windMode": [-1,-1,-1,-1] },
										"west": { "texture": "#skin", "uv": [ 9.0, 9.5, 11.0, 10.0 ], "windMode": [-1,-1,-1,-1] },
										"up": { "texture": "#skin", "uv": [ 11.0, 7.5, 13.5, 9.5 ], "windMode": [-1,-1,-1,-1] },
										"down": { "texture": "#bottom", "uv": [ 6.0, 2.0, 8.5, 4.0 ] }
									},
									"children": [
										{
											"name": "RNeck",
											"from": [ 0.25, -0.18, -1.0 ], 
											"to": [ 1.5, 0.01, 0.5 ], 
											"unwrapMode": 6,
											"autoUnwrap": false,
											"uv": [ 8.0, 11.0 ],
											"rotationOrigin": [ 1.75, 0.01, 0.5 ],
											"rotationX": -180.0,
											"rotationY": 75.0,
											"faces": {
												"north": { "texture": "#skin", "uv": [ 13.5, 9.5, 16.0, 10.0 ] },
												"east": { "texture": "#null", "uv": [ 8.0, 11.5, 8.5, 14.5 ], "rotation": 90, "enabled": false, "windMode": [-1,-1,-1,-1] },
												"south": { "texture": "#skin", "uv": [ 12.0, 9.0, 14.5, 9.5 ], "rotation": 180, "enabled": false, "windMode": [-1,-1,-1,-1] },
												"west": { "texture": "#skin", "uv": [ 15.5, 9.5, 16.0, 12.5 ], "rotation": 270, "windMode": [-1,-1,-1,-1] },
												"up": { "texture": "#bottom", "uv": [ 11.5, 11.5, 14.0, 14.5 ], "windMode": [-1,-1,-1,-1] },
												"down": { "texture": "#skin", "uv": [ 13.5, 9.5, 16.0, 12.5 ], "windMode": [-1,-1,-1,-1] }
											}
										},
										{
											"name": "LNeck",
											"from": [ 0.25, 0.01, -1.0 ], 
											"to": [ 1.5, 0.2, 0.5 ], 
											"unwrapMode": 5,
											"autoUnwrap": false,
											"uv": [ 6.0, 10.5 ],
											"rotationOrigin": [ 1.75, 0.01, 0.5 ],
											"rotationY": 75.0,
											"faces": {
												"north": { "texture": "#skin", "uv": [ 11.0, 9.5, 13.5, 10.0 ], "rotation": 180 },
												"east": { "texture": "#null", "uv": [ 9.5, 11.0, 10.0, 14.0 ], "rotation": 90, "enabled": false, "windMode": [-1,-1,-1,-1] },
												"south": { "texture": "#skin", "uv": [ 9.0, 11.5, 11.5, 12.0 ], "enabled": false, "windMode": [-1,-1,-1,-1] },
												"west": { "texture": "#skin", "uv": [ 11.0, 9.5, 11.5, 12.5 ], "rotation": 270, "windMode": [-1,-1,-1,-1] },
												"up": { "texture": "#skin", "uv": [ 11.0, 9.5, 13.5, 12.5 ], "windMode": [-1,-1,-1,-1] },
												"down": { "texture": "#bottom", "uv": [ 9.5, 11.0, 12.0, 14.0 ], "windMode": [-1,-1,-1,-1] }
											}
										},
										{
											"name": "Head",
											"from": [ -1.0, 0.0, -0.25 ], 
											"to": [ 0.25, 0.225, 1.25 ], 
											"autoUnwrap": false,
											"uv": [ 4.5, 3.5 ],
											"rotationOrigin": [ 0.2, 0.0, -0.25 ],
											"faces": {
												"north": { "texture": "#skin", "uv": [ 2.0, 13.5, 2.5, 16.0 ], "rotation": 270, "windMode": [-1,-1,-1,-1] },
												"east": { "texture": "#skin", "uv": [ 2.5, 13.0, 5.5, 13.5 ], "windMode": [-1,-1,-1,-1] },
												"south": { "texture": "#skin", "uv": [ 5.5, 13.5, 6.0, 16.0 ], "rotation": 90, "windMode": [-1,-1,-1,-1] },
												"west": { "texture": "#skin", "uv": [ 2.5, 16.0, 5.5, 16.5 ], "windMode": [-1,-1,-1,-1] },
												"up": { "texture": "#skin", "uv": [ 2.5, 13.5, 5.5, 16.0 ], "rotation": 90, "windMode": [-1,-1,-1,-1] },
												"down": { "texture": "#bottom", "uv": [ 7.5, 3.5, 10.0, 6.5 ] }
											},
											"children": [
												{
													"name": "Snout",
													"from": [ -0.7, 0.0, 0.5 ], 
													"to": [ 0.3, 0.2, 1.0 ], 
													"autoUnwrap": false,
													"uv": [ 1.5, 2.0 ],
													"rotationOrigin": [ 0.05, 0.0, 0.5 ],
													"faces": {
														"north": { "texture": "#skin", "uv": [ 7.0, 7.5, 7.5, 9.5 ], "rotation": 270, "windMode": [-1,-1,-1,-1] },
														"east": { "texture": "#skin", "uv": [ 3.0, 2.5, 4.0, 3.0 ], "enabled": false, "windMode": [-1,-1,-1,-1] },
														"south": { "texture": "#skin", "uv": [ 8.5, 7.5, 9.0, 9.5 ], "rotation": 90, "windMode": [-1,-1,-1,-1] },
														"west": { "texture": "#skin", "uv": [ 7.5, 9.5, 8.5, 10.0 ], "windMode": [-1,-1,-1,-1] },
														"up": { "texture": "#skin", "uv": [ 7.5, 7.5, 8.5, 9.5 ], "rotation": 90, "windMode": [-1,-1,-1,-1] },
														"down": { "texture": "#bottom", "uv": [ 3.0, 2.0, 5.0, 3.0 ] }
													},
													"children": [
														{
															"name": "Nose",
															"from": [ -0.005, 0.075, 0.175 ], 
															"to": [ 0.195, 0.225, 0.325 ], 
															"unwrapMode": 3,
															"autoUnwrap": false,
															"uv": [ 5.0, 10.0 ],
															"rotationOrigin": [ 0.0, 0.075, 0.175 ],
															"faces": {
																"north": { "texture": "#skin", "uv": [ 7.0, 11.0, 7.5, 11.5 ] },
																"east": { "texture": "#skin", "uv": [ 6.5, 11.0, 7.0, 11.5 ], "windMode": [-1,-1,-1,-1] },
																"south": { "texture": "#skin", "uv": [ 6.0, 11.0, 6.5, 11.5 ], "windMode": [-1,-1,-1,-1] },
																"west": { "texture": "#skin", "uv": [ 5.5, 11.0, 6.0, 11.5 ], "windMode": [-1,-1,-1,-1] },
																"up": { "texture": "#skin", "uv": [ 6.0, 10.5, 6.5, 11.0 ], "windMode": [-1,-1,-1,-1] },
																"down": { "texture": "#skin", "uv": [ 6.0, 11.5, 6.5, 12.0 ], "rotation": 180, "windMode": [-1,-1,-1,-1] }
															}
														}
													]
												}
											]
										}
									]
								}
							]
						}
					]
				}
			]
		}
	]}