{
	"code": "rewardbag",
	"class": "ItemRewardBag",
	"creativeinventory": {
		"qptech-parts": [ "*" ]
	},
	"drawtype": "json",
	"shape": { "base": "game:item/resource/seeds/seedbag" },
	"maxstacksize": 64,
	"variantgroups": [
		{
			"code": "material",
			"states": [ "lv" ]
		}
	],
	"attributes": {
    "groundStorageTransform": {
			"translation": {
				"x": 0.01,
				"y": 0,
				"z": -0.01
			},
			"rotation": {
				"x": 0,
				"y": 45,
				"z": 0
			}
    }
  },
	"attributesbytype": {
		"*-lv": {
			"minqty": 4,
			"maxqty": 6,
			"rewards": ["machines:screw-brass","machines:screw-brass","machines:screw-brass","machines:rod-copper","machines:rod-copper","machines:rod-copper","machines:drilledplate-tinbronze","machines:wire-copper","machines:wire-copper","machines:motor-primitive","game:ingot-copper"]
		},
  "behaviors": [
    {
      "name": "GroundStorable",
      "properties": {
        "layout": "Quadrants",
        "collisionBox": {
          "x1": 0,
          "y1": 0,
          "z1": 0,
          "x2": 1,
          "y2": 0.0625,
          "z2": 1
        }
      }
    }
  ],
	"textures": {
		"seed": { "base": "game:block/metal/plate/copper" }
	},
fpHandTransform: {
		translation: { x: 0, y: 0, z: 0 },
		rotation: { x: 180, y: 90, z: 13 }
	},
	materialDensity: 450,
	guiTransform: {
		translation: { x: 0, y: 0, z: 0 },
		rotation: { x: 159, y: 148, z: 0 },
		origin: { x: 0.53, y: 0.37, z: 0.5 },
		scale: 1.99
	},
	fpHandTransform: {
		rotation: { x: 54, y: 99, z: -30 },
		scale: 1.34
	},
	tpHandTransform: {
		translation: { x: -1.67, y: -1.25, z: -0.8 },
		rotation: { x: 70, y: 11, z: -65 },
		scale: 0.41
	},
	groundTransform: {
		translation: { x: 0, y: 0.2, z: 0 },
		rotation: { x: -4, y: 8, z: 0 },
		origin: { x: 0.5, y: 0.5, z: 0.5299 },
		scale: 1.92
	}

}