{
	"editor": {
		"collapsedPaths": "Root/origin/Body/",
		"allAngles": false,
		"entityTextureMode": true
	},
	"textureWidth": 92,
	"textureHeight": 128,
	"textureSizes": {
	},
	"textures": {
	},
	"elements": [
		{
			"name": "origin",
			"from": [ 0.0, 8.0, 8.0 ],
			"to": [ 0.0, 8.0, 8.0 ],
			"uv": [ 0.0, 0.0 ],
			"rotationOrigin": [ 0.0, 8.0, 8.0 ],
			"rotationZ": -90.0,
			"faces": {
			},
			"children": [
				{
					"name": "Body",
					"from": [ -6.5, 0.0, -13.0 ],
					"to": [ 19.5, 2.6, 13.0 ],
					"unwrapMode": 7,
					"unwrapRotation": 1,
					"autoUnwrap": false,
					"uv": [ 21.5, 41.0 ],
					"rotationOrigin": [ -6.5, 0.0, -13.0 ],
					"faces": {
						"north": { "texture": "#skin", "uv": [ 43.5, 43.0, 45.5, 63.0 ], "rotation": 90, "autoUv": false },
						"east": { "texture": "#skin", "uv": [ 23.5, 63.5, 43.5, 65.5 ], "autoUv": false },
						"south": { "texture": "#skin", "uv": [ 21.5, 43.0, 23.5, 63.0 ], "rotation": 270, "autoUv": false },
						"west": { "texture": "#skin", "uv": [ 21.5, 40.5, 41.5, 42.5 ], "rotation": 180, "autoUv": false },
						"up": { "texture": "#skin", "uv": [ 23.5, 43.0, 43.5, 63.0 ], "rotation": 270, "autoUv": false },
						"down": { "texture": "#skin", "uv": [ 67.0, 43.0, 87.0, 63.0 ], "rotation": 90, "autoUv": false }
					},
					"children": [
						{
							"name": "Tail1",
							"from": [ 25.74, -0.013, 1.3 ],
							"to": [ 34.84, 2.457, 24.7 ],
							"unwrapMode": 7,
							"unwrapRotation": 1,
							"autoUnwrap": false,
							"uv": [ 23.5, 63.5 ],
							"rotationOrigin": [ 25.74, 0.0, 1.3 ],
							"faces": {
								"north": { "texture": "#skin", "uv": [ 43.0, 63.5, 44.5, 70.5 ], "rotation": 90, "autoUv": false },
								"east": { "texture": "#skin", "uv": [ 24.5, 71.0, 42.5, 72.5 ], "autoUv": false },
								"south": { "texture": "#skin", "uv": [ 23.5, 63.5, 25.0, 70.5 ], "rotation": 270, "autoUv": false },
								"up": { "texture": "#skin", "uv": [ 25.0, 63.5, 43.0, 70.5 ], "rotation": 270, "autoUv": false },
								"down": { "texture": "#skin", "uv": [ 61.0, 63.5, 79.0, 70.5 ], "rotation": 90, "autoUv": false }
							},
							"children": [
								{
									"name": "Tail2",
									"from": [ 8.84, -0.013, 1.3 ],
									"to": [ 17.94, 2.457, 22.1 ],
									"unwrapMode": 7,
									"unwrapRotation": 1,
									"autoUnwrap": false,
									"uv": [ 23.5, 71.0 ],
									"rotationOrigin": [ 8.84, 0.013, 1.3 ],
									"faces": {
										"north": { "texture": "#skin", "uv": [ 41.0, 71.0, 42.5, 78.0 ], "rotation": 90, "autoUv": false },
										"east": { "texture": "#skin", "uv": [ 17.5, 78.5, 33.5, 80.0 ], "autoUv": false },
										"south": { "texture": "#skin", "uv": [ 23.5, 71.0, 25.0, 78.0 ], "rotation": 270, "autoUv": false },
										"up": { "texture": "#skin", "uv": [ 25.0, 71.0, 41.0, 78.0 ], "rotation": 270, "autoUv": false },
										"down": { "texture": "#skin", "uv": [ 53.0, 71.0, 69.0, 78.0 ], "rotation": 90, "autoUv": false }
									},
									"children": [
										{
											"name": "Tail3",
											"from": [ 8.84, -0.013, 1.3 ],
											"to": [ 17.94, 2.457, 19.5 ],
											"unwrapMode": 7,
											"unwrapRotation": 1,
											"autoUnwrap": false,
											"uv": [ 17.0, 78.5 ],
											"rotationOrigin": [ 8.84, 0.026, 1.3 ],
											"faces": {
												"north": { "texture": "#skin", "uv": [ 32.5, 78.5, 34.0, 85.5 ], "rotation": 90, "autoUv": false },
												"east": { "texture": "#skin", "uv": [ 17.0, 86.0, 31.0, 87.5 ], "autoUv": false },
												"south": { "texture": "#skin", "uv": [ 17.0, 78.5, 18.5, 85.5 ], "rotation": 270, "autoUv": false },
												"up": { "texture": "#skin", "uv": [ 18.5, 78.5, 32.5, 85.5 ], "rotation": 270, "autoUv": false },
												"down": { "texture": "#skin", "uv": [ 45.0, 78.5, 59.0, 85.5 ], "rotation": 90, "autoUv": false }
											},
											"children": [
												{
													"name": "Tail4",
													"from": [ 7.8, -0.013, 1.3 ],
													"to": [ 17.42, 2.457, 16.9 ],
													"unwrapMode": 7,
													"unwrapRotation": 1,
													"autoUnwrap": false,
													"uv": [ 16.0, 86.0 ],
													"rotationOrigin": [ 7.8, 0.026, 1.3 ],
													"faces": {
														"north": { "texture": "#skin", "uv": [ 29.5, 86.0, 31.0, 93.0 ], "rotation": 90, "autoUv": false },
														"east": { "texture": "#skin", "uv": [ 11.5, 93.5, 23.5, 95.0 ], "autoUv": false },
														"south": { "texture": "#skin", "uv": [ 16.0, 86.0, 17.5, 93.0 ], "rotation": 270, "autoUv": false },
														"up": { "texture": "#skin", "uv": [ 17.5, 86.0, 29.5, 93.0 ], "rotation": 270, "autoUv": false },
														"down": { "texture": "#skin", "uv": [ 39.0, 86.0, 51.0, 93.0 ], "rotation": 90, "autoUv": false }
													},
													"children": [
														{
															"name": "Tail5",
															"from": [ 9.36, -0.013, 1.3 ],
															"to": [ 19.76, 2.457, 14.3 ],
															"unwrapMode": 7,
															"unwrapRotation": 1,
															"autoUnwrap": false,
															"uv": [ 11.0, 93.5 ],
															"rotationOrigin": [ 9.36, 0.026, 1.3 ],
															"faces": {
																"north": { "texture": "#skin", "uv": [ 22.5, 93.5, 24.0, 101.5 ], "rotation": 90, "autoUv": false },
																"east": { "texture": "#skin", "uv": [ 12.5, 101.5, 22.5, 103.0 ], "autoUv": false },
																"south": { "texture": "#skin", "uv": [ 11.0, 93.5, 12.5, 101.5 ], "rotation": 270, "autoUv": false },
																"up": { "texture": "#skin", "uv": [ 12.5, 93.5, 22.5, 101.5 ], "rotation": 270, "autoUv": false },
																"down": { "texture": "#skin", "uv": [ 29.0, 93.5, 39.0, 101.5 ], "rotation": 90, "autoUv": false }
															},
															"children": [
																{
																	"name": "Tail6",
																	"from": [ 9.62, -0.013, 1.3 ],
																	"to": [ 20.02, 2.457, 11.7 ],
																	"unwrapMode": 7,
																	"unwrapRotation": 1,
																	"autoUnwrap": false,
																	"uv": [ 7.0, 102.0 ],
																	"rotationOrigin": [ 9.62, 0.026, 1.3 ],
																	"faces": {
																		"north": { "texture": "#skin", "uv": [ 16.5, 102.0, 18.0, 110.0 ], "rotation": 90, "autoUv": false },
																		"east": { "texture": "#skin", "uv": [ 4.5, 110.5, 12.5, 112.0 ], "autoUv": false },
																		"south": { "texture": "#skin", "uv": [ 7.0, 102.0, 8.5, 110.0 ], "rotation": 270, "autoUv": false },
																		"up": { "texture": "#skin", "uv": [ 8.5, 102.0, 16.5, 110.0 ], "rotation": 270, "autoUv": false },
																		"down": { "texture": "#skin", "uv": [ 23.0, 102.0, 31.0, 110.0 ], "rotation": 90, "autoUv": false }
																	}
																}
															]
														}
													]
												}
											]
										}
									]
								}
							]
						},
						{
							"name": "Body2",
							"from": [ -5.85, -0.013, 2.6 ],
							"to": [ 0.65, 2.457, 23.4 ],
							"unwrapMode": 7,
							"unwrapRotation": 1,
							"autoUnwrap": false,
							"uv": [ 21.0, 36.0 ],
							"rotationOrigin": [ -5.85, 0.0, 2.6 ],
							"faces": {
								"north": { "texture": "#skin", "uv": [ 38.5, 37.5, 40.0, 42.5 ], "rotation": 90, "autoUv": false },
								"south": { "texture": "#skin", "uv": [ 21.0, 37.5, 22.5, 42.5 ], "rotation": 270, "autoUv": false },
								"west": { "texture": "#skin", "uv": [ 18.0, 35.5, 34.0, 37.0 ], "rotation": 180, "autoUv": false },
								"up": { "texture": "#skin", "uv": [ 22.5, 37.5, 38.5, 42.5 ], "rotation": 270, "autoUv": false },
								"down": { "texture": "#skin", "uv": [ 59.0, 37.5, 75.0, 42.5 ], "rotation": 90, "autoUv": false }
							},
							"children": [
								{
									"name": "Body3",
									"from": [ -6.5, -0.013, 1.69 ],
									"to": [ 0.0, 2.457, 19.89 ],
									"unwrapMode": 7,
									"unwrapRotation": 1,
									"autoUnwrap": false,
									"uv": [ 17.5, 30.5 ],
									"rotationOrigin": [ -6.5, 0.0, 1.69 ],
									"faces": {
										"north": { "texture": "#skin", "uv": [ 33.0, 32.0, 34.5, 37.0 ], "rotation": 90, "autoUv": false },
										"south": { "texture": "#skin", "uv": [ 17.5, 32.0, 19.0, 37.0 ], "rotation": 270, "autoUv": false },
										"west": { "texture": "#skin", "uv": [ 15.5, 30.0, 29.5, 31.5 ], "rotation": 180, "autoUv": false },
										"up": { "texture": "#skin", "uv": [ 19.0, 32.0, 33.0, 37.0 ], "rotation": 270, "autoUv": false },
										"down": { "texture": "#skin", "uv": [ 51.0, 32.0, 65.0, 37.0 ], "rotation": 90, "autoUv": false }
									},
									"children": [
										{
											"name": "Neck1",
											"from": [ -7.8, -0.013, 0.91 ],
											"to": [ 0.0, 2.457, 17.29 ],
											"unwrapMode": 7,
											"unwrapRotation": 1,
											"autoUnwrap": false,
											"uv": [ 14.5, 24.0 ],
											"rotationOrigin": [ -7.8, 0.013, 0.91 ],
											"faces": {
												"north": { "texture": "#skin", "uv": [ 28.5, 25.5, 30.0, 31.5 ], "rotation": 90, "autoUv": false },
												"south": { "texture": "#skin", "uv": [ 14.5, 25.5, 16.0, 31.5 ], "rotation": 270, "autoUv": false },
												"west": { "texture": "#skin", "uv": [ 13.5, 23.5, 26.0, 25.0 ], "rotation": 180, "autoUv": false },
												"up": { "texture": "#skin", "uv": [ 16.0, 25.5, 28.5, 31.5 ], "rotation": 270, "autoUv": false },
												"down": { "texture": "#skin", "uv": [ 45.5, 25.5, 58.0, 31.5 ], "rotation": 90, "autoUv": false }
											},
											"children": [
												{
													"name": "Neck2",
													"from": [ -5.2, -0.013, 1.3 ],
													"to": [ 1.56, 2.457, 15.08 ],
													"unwrapMode": 7,
													"unwrapRotation": 1,
													"autoUnwrap": false,
													"uv": [ 13.0, 18.5 ],
													"rotationOrigin": [ -5.2, 0.026, 1.3 ],
													"faces": {
														"north": { "texture": "#skin", "uv": [ 25.0, 20.0, 26.5, 25.0 ], "rotation": 90, "autoUv": false },
														"south": { "texture": "#skin", "uv": [ 13.0, 20.0, 14.5, 25.0 ], "rotation": 270, "autoUv": false },
														"west": { "texture": "#skin", "uv": [ 13.5, 18.0, 24.0, 19.5 ], "rotation": 180, "autoUv": false },
														"up": { "texture": "#skin", "uv": [ 14.5, 20.0, 25.0, 25.0 ], "rotation": 270, "autoUv": false },
														"down": { "texture": "#skin", "uv": [ 37.5, 20.0, 48.0, 25.0 ], "rotation": 90, "autoUv": false }
													}
												}
											]
										}
									]
								}
							]
						}
					]
				}
			]
		}
	]}