{
	"editor": {
		"collapsedPaths": "Root/origin/Body/",
		"allAngles": false,
		"entityTextureMode": true
	},
	"textureWidth": 32,
	"textureHeight": 32,
	"textureSizes": {
	},
	"textures": {
	},
	"elements": [
		{
			"name": "origin",
			"from": [ 0.0, 8.0, 8.0 ],
			"to": [ 0.0, 8.0, 8.0 ],
			"uv": [ 0.0, 0.0 ],
			"rotationOrigin": [ 0.0, 8.0, 8.0 ],
			"rotationZ": -90.0,
			"faces": {
			},
			"children": [
				{
					"name": "Body",
					"from": [ -2.5, 0.0, -2.5 ],
					"to": [ 2.7, 0.5, 2.5 ],
					"unwrapMode": 7,
					"unwrapRotation": 1,
					"autoUnwrap": false,
					"uv": [ 4.5, 9.0 ],
					"rotationOrigin": [ -2.5, 0.0, -2.5 ],
					"faces": {
						"north": { "texture": "#skin", "uv": [ 10.0, 9.5, 10.5, 14.5 ], "rotation": 90 },
						"east": { "texture": "#skin", "uv": [ 5.0, 15.0, 10.0, 15.5 ] },
						"south": { "texture": "#skin", "uv": [ 4.5, 9.5, 5.0, 14.5 ], "rotation": 270 },
						"west": { "texture": "#skin", "uv": [ 5.0, 8.5, 10.0, 9.0 ], "rotation": 180 },
						"up": { "texture": "#skin", "uv": [ 5.0, 9.5, 10.0, 14.5 ], "rotation": 270 },
						"down": { "texture": "#skin", "uv": [ 14.5, 9.5, 19.5, 14.5 ], "rotation": 90 }
					},
					"children": [
						{
							"name": "Tail1",
							"from": [ 5.1, -0.005, 0.25 ],
							"to": [ 7.8, 0.445, 4.75 ],
							"unwrapMode": 7,
							"unwrapRotation": 1,
							"autoUnwrap": false,
							"uv": [ 4.5, 15.0 ],
							"rotationOrigin": [ 5.1, 0.0, 0.25 ],
							"faces": {
								"north": { "texture": "#skin", "uv": [ 9.5, 15.0, 10.0, 17.5 ], "rotation": 90 },
								"east": { "texture": "#skin", "uv": [ 5.0, 18.0, 9.5, 18.5 ] },
								"south": { "texture": "#skin", "uv": [ 4.5, 15.0, 5.0, 17.5 ], "rotation": 270 },
								"up": { "texture": "#skin", "uv": [ 5.0, 15.0, 9.5, 17.5 ], "rotation": 270 },
								"down": { "texture": "#skin", "uv": [ 13.5, 15.0, 18.0, 17.5 ], "rotation": 90 }
							},
							"children": [
								{
									"name": "Tail2",
									"from": [ 2.6, -0.005, 0.25 ],
									"to": [ 5.3, 0.445, 4.25 ],
									"unwrapMode": 7,
									"unwrapRotation": 1,
									"autoUnwrap": false,
									"uv": [ 5.0, 18.0 ],
									"rotationOrigin": [ 2.6, 0.005, 0.25 ],
									"faces": {
										"north": { "texture": "#skin", "uv": [ 9.5, 18.0, 10.0, 20.5 ], "rotation": 90 },
										"east": { "texture": "#skin", "uv": [ 5.0, 21.0, 9.0, 21.5 ] },
										"south": { "texture": "#skin", "uv": [ 5.0, 18.0, 5.5, 20.5 ], "rotation": 270 },
										"up": { "texture": "#skin", "uv": [ 5.5, 18.0, 9.5, 20.5 ], "rotation": 270 },
										"down": { "texture": "#skin", "uv": [ 12.0, 18.0, 16.0, 20.5 ], "rotation": 90 }
									},
									"children": [
										{
											"name": "Tail3",
											"from": [ 2.6, 0.0, 0.5 ],
											"to": [ 5.3, 0.45, 3.5 ],
											"unwrapMode": 7,
											"unwrapRotation": 1,
											"autoUnwrap": false,
											"uv": [ 5.0, 21.0 ],
											"rotationOrigin": [ 2.6, 0.01, 0.5 ],
											"faces": {
												"north": { "texture": "#skin", "uv": [ 8.5, 21.0, 9.0, 23.5 ], "rotation": 90 },
												"east": { "texture": "#skin", "uv": [ 5.5, 24.0, 8.5, 24.5 ] },
												"south": { "texture": "#skin", "uv": [ 5.0, 21.0, 5.5, 23.5 ], "rotation": 270 },
												"up": { "texture": "#skin", "uv": [ 5.5, 21.0, 8.5, 23.5 ], "rotation": 270 },
												"down": { "texture": "#skin", "uv": [ 10.0, 21.0, 13.0, 23.5 ], "rotation": 90 }
											}
										}
									]
								}
							]
						},
						{
							"name": "Neck1",
							"from": [ -1.4, -0.005, 0.35 ],
							"to": [ 0.1, 0.445, 4.65 ],
							"unwrapMode": 7,
							"unwrapRotation": 1,
							"autoUnwrap": false,
							"uv": [ 5.0, 7.0 ],
							"rotationOrigin": [ -1.4, 0.0, 0.35 ],
							"faces": {
								"north": { "texture": "#skin", "uv": [ 9.5, 7.5, 10.0, 9.0 ], "rotation": 90 },
								"south": { "texture": "#skin", "uv": [ 5.0, 7.5, 5.5, 9.0 ], "rotation": 270 },
								"west": { "texture": "#skin", "uv": [ 5.5, 6.5, 9.5, 7.0 ], "rotation": 180 },
								"up": { "texture": "#skin", "uv": [ 5.5, 7.5, 9.5, 9.0 ], "rotation": 270 },
								"down": { "texture": "#skin", "uv": [ 13.0, 7.5, 17.0, 9.0 ], "rotation": 90 }
							},
							"children": [
								{
									"name": "Neck2",
									"from": [ -1.5, -0.005, 0.65 ],
									"to": [ 0.0, 0.445, 3.65 ],
									"unwrapMode": 7,
									"unwrapRotation": 1,
									"autoUnwrap": false,
									"uv": [ 5.5, 5.0 ],
									"rotationOrigin": [ -1.5, 0.0, 0.65 ],
									"faces": {
										"north": { "texture": "#skin", "uv": [ 9.0, 5.5, 9.5, 7.0 ], "rotation": 90 },
										"south": { "texture": "#skin", "uv": [ 5.5, 5.5, 6.0, 7.0 ], "rotation": 270 },
										"west": { "texture": "#skin", "uv": [ 6.0, 4.5, 9.0, 5.0 ], "rotation": 180 },
										"up": { "texture": "#skin", "uv": [ 6.0, 5.5, 9.0, 7.0 ], "rotation": 270 },
										"down": { "texture": "#skin", "uv": [ 12.0, 5.5, 15.0, 7.0 ], "rotation": 90 }
									}
								}
							]
						}
					]
				}
			]
		}
	]}