{
	"editor": {
		"allAngles": false,
		"entityTextureMode": true
	},
	"textureWidth": 36,
	"textureHeight": 36,
	"textureSizes": {
	},
	"textures": {
	},
	"elements": [
		{
			"name": "origin",
			"from": [ 0.0, 8.0, 8.0 ],
			"to": [ 0.0, 8.0, 8.0 ],
			"uv": [ 0.0, 0.0 ],
			"rotationOrigin": [ 0.0, 8.0, 8.0 ],
			"rotationZ": -90.0,
			"faces": {
			},
			"children": [
				{
					"name": "Body",
					"from": [ -2.25, 0.0, -2.25 ],
					"to": [ 2.25, 0.45, 2.25 ],
					"unwrapMode": 7,
					"unwrapRotation": 1,
					"autoUnwrap": false,
					"uv": [ 5.0, 12.5 ],
					"rotationOrigin": [ -2.25, 0.0, -2.25 ],
					"faces": {
						"north": { "texture": "#skin", "uv": [ 10.5, 13.0, 11.0, 18.0 ], "rotation": 90, "autoUv": false },
						"east": { "texture": "#skin", "uv": [ 24.0, 28.5, 29.0, 29.0 ], "autoUv": false },
						"south": { "texture": "#skin", "uv": [ 5.0, 13.0, 5.5, 18.0 ], "rotation": 270, "autoUv": false },
						"west": { "texture": "#skin", "uv": [ 18.5, 28.5, 23.5, 29.0 ], "rotation": 180, "autoUv": false },
						"up": { "texture": "#skin", "uv": [ 5.5, 13.0, 10.5, 18.0 ], "rotation": 270, "autoUv": false },
						"down": { "texture": "#skin", "uv": [ 15.5, 13.0, 20.5, 18.0 ], "rotation": 90, "autoUv": false }
					},
					"children": [
						{
							"name": "Tail1",
							"from": [ 4.41, -0.0045, 0.45 ],
							"to": [ 7.11, 0.4005, 4.05 ],
							"unwrapMode": 7,
							"unwrapRotation": 1,
							"autoUnwrap": false,
							"uv": [ 5.5, 18.5 ],
							"rotationOrigin": [ 4.41, 0.0, 0.45 ],
							"faces": {
								"north": { "texture": "#skin", "uv": [ 10.0, 18.5, 10.5, 21.5 ], "rotation": 90, "autoUv": false },
								"east": { "texture": "#skin", "uv": [ 16.0, 23.5, 20.0, 24.0 ], "autoUv": false },
								"south": { "texture": "#skin", "uv": [ 5.5, 18.5, 6.0, 21.5 ], "rotation": 270, "autoUv": false },
								"up": { "texture": "#skin", "uv": [ 6.0, 18.5, 10.0, 21.5 ], "rotation": 270, "autoUv": false },
								"down": { "texture": "#skin", "uv": [ 14.0, 18.5, 18.0, 21.5 ], "rotation": 90, "autoUv": false }
							},
							"children": [
								{
									"name": "Tail2",
									"from": [ 2.61, -0.0045, 0.45 ],
									"to": [ 5.31, 0.4005, 3.15 ],
									"unwrapMode": 7,
									"unwrapRotation": 1,
									"autoUnwrap": false,
									"uv": [ 6.0, 22.0 ],
									"rotationOrigin": [ 2.61, 0.0045, 0.45 ],
									"faces": {
										"north": { "texture": "#skin", "uv": [ 9.5, 22.0, 10.0, 25.0 ], "rotation": 90, "autoUv": false },
										"east": { "texture": "#skin", "uv": [ 15.0, 28.5, 18.0, 29.0 ], "autoUv": false },
										"south": { "texture": "#skin", "uv": [ 6.0, 22.0, 6.5, 25.0 ], "rotation": 270, "autoUv": false },
										"up": { "texture": "#skin", "uv": [ 6.5, 22.0, 9.5, 25.0 ], "rotation": 270, "autoUv": false },
										"down": { "texture": "#skin", "uv": [ 12.5, 22.0, 15.5, 25.0 ], "rotation": 90, "autoUv": false }
									},
									"children": [
										{
											"name": "Tail3",
											"from": [ 2.61, 0.0, 0.45 ],
											"to": [ 4.86, 0.405, 2.25 ],
											"unwrapMode": 7,
											"unwrapRotation": 1,
											"autoUnwrap": false,
											"uv": [ 6.5, 25.5 ],
											"rotationOrigin": [ 2.61, 0.009, 0.45 ],
											"faces": {
												"north": { "texture": "#skin", "uv": [ 9.0, 25.5, 9.5, 28.0 ], "rotation": 90, "autoUv": false },
												"east": { "texture": "#skin", "uv": [ 7.0, 28.5, 9.0, 29.0 ], "autoUv": false },
												"south": { "texture": "#skin", "uv": [ 6.5, 25.5, 7.0, 28.0 ], "rotation": 270, "autoUv": false },
												"up": { "texture": "#skin", "uv": [ 7.0, 25.5, 9.0, 28.0 ], "rotation": 270, "autoUv": false },
												"down": { "texture": "#skin", "uv": [ 11.5, 25.5, 13.5, 28.0 ], "rotation": 90, "autoUv": false }
											}
										}
									]
								}
							]
						},
						{
							"name": "Neck1",
							"from": [ -1.8, -0.0045, 0.315 ],
							"to": [ 0.0, 0.4005, 4.185 ],
							"unwrapMode": 7,
							"unwrapRotation": 1,
							"autoUnwrap": false,
							"uv": [ 5.5, 10.0 ],
							"rotationOrigin": [ -1.8, 0.0, 0.315 ],
							"faces": {
								"north": { "texture": "#skin", "uv": [ 10.0, 10.5, 10.5, 12.5 ], "rotation": 90, "autoUv": false },
								"south": { "texture": "#skin", "uv": [ 5.5, 10.5, 6.0, 12.5 ], "rotation": 270, "autoUv": false },
								"west": { "texture": "#skin", "uv": [ 20.5, 23.5, 24.5, 24.0 ], "rotation": 180, "autoUv": false },
								"up": { "texture": "#skin", "uv": [ 6.0, 10.5, 10.0, 12.5 ], "rotation": 270, "autoUv": false },
								"down": { "texture": "#skin", "uv": [ 14.5, 10.5, 18.5, 12.5 ], "rotation": 90, "autoUv": false }
							},
							"children": [
								{
									"name": "Neck2",
									"from": [ -1.35, -0.0045, 0.585 ],
									"to": [ 0.0, 0.4005, 3.285 ],
									"unwrapMode": 7,
									"unwrapRotation": 1,
									"autoUnwrap": false,
									"uv": [ 6.0, 8.0 ],
									"rotationOrigin": [ -1.35, 0.0, 0.585 ],
									"faces": {
										"north": { "texture": "#skin", "uv": [ 9.5, 8.5, 10.0, 10.0 ], "rotation": 90, "autoUv": false },
										"south": { "texture": "#skin", "uv": [ 6.0, 8.5, 6.5, 10.0 ], "rotation": 270, "autoUv": false },
										"west": { "texture": "#skin", "uv": [ 14.5, 0.5, 17.5, 1.0 ], "rotation": 180, "autoUv": false },
										"up": { "texture": "#skin", "uv": [ 6.5, 8.5, 9.5, 10.0 ], "rotation": 270, "autoUv": false },
										"down": { "texture": "#skin", "uv": [ 13.0, 8.5, 16.0, 10.0 ], "rotation": 90, "autoUv": false }
									}
								}
							]
						}
					]
				}
			]
		}
	]}