{
	"editor": {
		"allAngles": true,
		"entityTextureMode": true
	},
	"textureWidth": 44,
	"textureHeight": 64,
	"textureSizes": {
		"bottom": [16,16],
		"skin": [44,64]
	},
	"textures": {
	},
	"elements": [
		{
			"name": "Rotation Point",
			"from": [ 0.0, 16.0, 0.0 ],
			"to": [ 0.0, 16.0, 0.0 ],
			"uv": [ 0.0, 0.0 ],
			"rotationOrigin": [ 0.0, 16.0, 0.0 ],
			"rotationZ": -90.0,
			"faces": {
			},
			"children": [
				{
					"name": "Base",
					"from": [ 4.0, 0.0, 8.0 ],
					"to": [ 4.0, 0.0, 8.0 ],
					"uv": [ 0.0, 0.0 ],
					"rotationOrigin": [ 4.0, 0.0, 8.0 ],
					"faces": {
					},
					"children": [
						{
							"name": "PeltBody",
							"from": [ 1.04, 0.0, -0.856 ],
							"to": [ 3.08, 0.1092, 0.864 ],
							"unwrapMode": 7,
							"unwrapRotation": 1,
							"autoUnwrap": false,
							"uv": [ 5.5027, 27.25 ],
							"rotationOrigin": [ 1.04, 0.0, -0.858 ],
							"faces": {
								"north": { "texture": "#skin", "uv": [ 10.5, 28.0, 11.0, 33.0 ], "rotation": 90, "autoUv": false, "windMode": [-1,-1,-1,-1] },
								"east": { "texture": "#skin", "uv": [ 2.0, 42.0, 6.0, 42.5 ], "autoUv": false, "windMode": [-1,-1,-1,-1] },
								"south": { "texture": "#skin", "uv": [ 6.0, 28.0, 6.5, 33.0 ], "rotation": 270, "autoUv": false, "windMode": [-1,-1,-1,-1] },
								"west": { "texture": "#skin", "uv": [ 6.5, 27.5, 10.5, 28.0 ], "rotation": 180, "autoUv": false, "windMode": [-1,-1,-1,-1] },
								"up": { "texture": "#skin", "uv": [ 6.5, 28.0, 10.5, 33.0 ], "rotation": 270, "autoUv": false, "windMode": [-1,-1,-1,-1] },
								"down": { "texture": "#bottom", "uv": [ 1.0, 1.0, 5.0, 6.0 ], "rotation": 90, "autoUv": false, "windMode": [-1,-1,-1,-1] }
							},
							"children": [
								{
									"name": "LBody",
									"from": [ 0.0, 0.0026, 1.612 ],
									"to": [ 2.04, 0.1066, 3.292 ],
									"unwrapMode": 5,
									"autoUnwrap": false,
									"uv": [ 0.0, 2.5 ],
									"rotationOrigin": [ 0.0, -0.0026, 1.612 ],
									"rotationY": -3.0,
									"faces": {
										"east": { "texture": "#skin", "uv": [ 2.0, 42.5, 2.5, 46.5 ], "rotation": 270, "autoUv": false, "windMode": [-1,-1,-1,-1] },
										"south": { "texture": "#skin", "uv": [ 1.5, 28.0, 2.0, 33.0 ], "rotation": 270, "autoUv": false, "windMode": [-1,-1,-1,-1] },
										"west": { "texture": "#skin", "uv": [ 6.5, 23.5, 7.0, 27.5 ], "rotation": 90, "autoUv": false, "windMode": [-1,-1,-1,-1] },
										"up": { "texture": "#skin", "uv": [ 2.0, 28.0, 6.0, 33.0 ], "rotation": 270, "autoUv": false, "windMode": [-1,-1,-1,-1] },
										"down": { "texture": "#bottom", "uv": [ 4.5, 2.0, 9.5, 6.0 ], "autoUv": false }
									},
									"children": [
										{
											"name": "LArm",
											"from": [ 0.0, 0.0026, 1.17 ],
											"to": [ 0.8, 0.1014, 2.77 ],
											"unwrapMode": 5,
											"autoUnwrap": false,
											"uv": [ 1.0, 27.0 ],
											"rotationOrigin": [ 0.0, 0.0026, 1.17 ],
											"rotationY": -30.0,
											"faces": {
												"east": { "texture": "#skin", "uv": [ 25.0, 10.5, 25.5, 14.5 ], "rotation": 90, "autoUv": false, "windMode": [-1,-1,-1,-1] },
												"south": { "texture": "#skin", "uv": [ 23.0, 14.5, 25.0, 15.0 ], "autoUv": false, "windMode": [-1,-1,-1,-1] },
												"west": { "texture": "#skin", "uv": [ 22.5, 10.5, 23.0, 14.5 ], "rotation": 270, "autoUv": false, "windMode": [-1,-1,-1,-1] },
												"up": { "texture": "#skin", "uv": [ 23.0, 10.5, 25.0, 14.5 ], "autoUv": false, "windMode": [-1,-1,-1,-1] },
												"down": { "texture": "#bottom", "uv": [ 2.0, 8.0, 4.0, 12.0 ], "autoUv": false, "windMode": [-1,-1,-1,-1] }
											},
											"children": [
												{
													"name": "LArmLower",
													"from": [ 0.78, 0.0026, 0.0 ],
													"to": [ 1.04, 0.0946, 1.6 ],
													"unwrapMode": 5,
													"autoUnwrap": false,
													"uv": [ 3.0, 27.0 ],
													"rotationOrigin": [ 1.04, 0.0026, 0.0 ],
													"rotationY": -10.0,
													"faces": {
														"east": { "texture": "#skin", "uv": [ 26.0, 10.5, 26.5, 14.5 ], "rotation": 90, "autoUv": false },
														"south": { "texture": "#skin", "uv": [ 25.0, 14.5, 25.5, 15.0 ], "autoUv": false, "windMode": [-1,-1,-1,-1] },
														"up": { "texture": "#skin", "uv": [ 25.5, 10.5, 26.0, 14.5 ], "autoUv": false, "windMode": [-1,-1,-1,-1] },
														"down": { "texture": "#bottom", "uv": [ 3.0, 2.0, 3.5, 6.0 ], "autoUv": false, "windMode": [-1,-1,-1,-1] }
													}
												}
											]
										}
									]
								},
								{
									"name": "RBody",
									"from": [ 0.0, -0.1066, 0.104 ],
									"to": [ 2.04, -0.0026, 1.794 ],
									"unwrapMode": 6,
									"autoUnwrap": false,
									"uv": [ 0.0, 9.0 ],
									"rotationOrigin": [ 0.0, 0.0, 0.104 ],
									"rotationX": 180.0,
									"rotationY": -3.0,
									"faces": {
										"east": { "texture": "#skin", "uv": [ 5.5, 42.5, 6.0, 46.5 ], "rotation": 90, "autoUv": false, "windMode": [-1,-1,-1,-1] },
										"south": { "texture": "#skin", "uv": [ 15.0, 28.0, 15.5, 33.0 ], "rotation": 270, "autoUv": false, "windMode": [-1,-1,-1,-1] },
										"west": { "texture": "#skin", "uv": [ 10.0, 23.5, 10.5, 27.5 ], "rotation": 270, "autoUv": false, "windMode": [-1,-1,-1,-1] },
										"up": { "texture": "#bottom", "uv": [ 7.0, 6.0, 12.0, 10.0 ], "autoUv": false, "windMode": [-1,-1,-1,-1] },
										"down": { "texture": "#skin", "uv": [ 11.0, 28.0, 15.0, 33.0 ], "rotation": 90, "autoUv": false, "windMode": [-1,-1,-1,-1] }
									},
									"children": [
										{
											"name": "RArm",
											"from": [ 0.0, 0.0026, 1.17 ],
											"to": [ 0.8, 0.1014, 2.77 ],
											"unwrapMode": 6,
											"autoUnwrap": false,
											"uv": [ 33.5, 10.5 ],
											"rotationOrigin": [ 0.0, 0.1014, 1.17 ],
											"rotationY": -30.0,
											"faces": {
												"east": { "texture": "#skin", "uv": [ 33.5, 10.5, 34.0, 14.5 ], "rotation": 90, "autoUv": false },
												"south": { "texture": "#skin", "uv": [ 34.0, 14.5, 36.0, 15.0 ], "rotation": 180, "autoUv": false, "windMode": [-1,-1,-1,-1] },
												"west": { "texture": "#skin", "uv": [ 36.0, 10.5, 36.5, 14.5 ], "rotation": 270, "autoUv": false, "windMode": [-1,-1,-1,-1] },
												"up": { "texture": "#bottom", "uv": [ 8.0, 1.0, 10.0, 5.0 ], "autoUv": false, "windMode": [-1,-1,-1,-1] },
												"down": { "texture": "#skin", "uv": [ 34.0, 10.5, 36.0, 14.5 ], "autoUv": false, "windMode": [-1,-1,-1,-1] }
											},
											"children": [
												{
													"name": "RArmLower",
													"from": [ 0.78, 0.0026, 0.0 ],
													"to": [ 1.04, 0.0962, 1.6 ],
													"unwrapMode": 5,
													"autoUnwrap": false,
													"uv": [ 36.5, 10.5 ],
													"rotationOrigin": [ 1.04, 0.0962, 0.0 ],
													"rotationY": -10.0,
													"faces": {
														"east": { "texture": "#skin", "uv": [ 33.5, 10.5, 34.0, 14.5 ], "rotation": 90, "autoUv": false, "windMode": [-1,-1,-1,-1] },
														"south": { "texture": "#skin", "uv": [ 36.0, 14.5, 36.5, 15.0 ], "autoUv": false, "windMode": [-1,-1,-1,-1] },
														"up": { "texture": "#bottom", "uv": [ 9.0, 1.0, 9.5, 5.0 ], "autoUv": false, "windMode": [-1,-1,-1,-1] },
														"down": { "texture": "#skin", "uv": [ 33.0, 10.5, 33.5, 14.5 ], "autoUv": false, "windMode": [-1,-1,-1,-1] }
													}
												}
											]
										}
									]
								},
								{
									"name": "Neck",
									"from": [ -0.9, 0.0, 0.272 ],
									"to": [ 0.3, 0.1144, 1.472 ],
									"unwrapMode": 7,
									"unwrapRotation": 1,
									"autoUnwrap": false,
									"uv": [ 7.5, 7.0 ],
									"rotationOrigin": [ -0.354, 0.0, 0.273 ],
									"faces": {
										"north": { "texture": "#skin", "uv": [ 8.0, 5.0, 8.5, 8.0 ], "rotation": 90, "autoUv": false, "windMode": [-1,-1,-1,-1] },
										"south": { "texture": "#skin", "uv": [ 4.5, 5.0, 5.0, 8.0 ], "rotation": 270, "autoUv": false, "windMode": [-1,-1,-1,-1] },
										"west": { "texture": "#skin", "uv": [ 5.0, 4.5, 8.0, 5.0 ], "rotation": 180, "autoUv": false, "windMode": [-1,-1,-1,-1] },
										"up": { "texture": "#skin", "uv": [ 5.0, 5.0, 8.0, 8.0 ], "rotation": 270, "autoUv": false, "windMode": [-1,-1,-1,-1] },
										"down": { "texture": "#bottom", "uv": [ 0.0, 1.0, 3.0, 4.0 ], "rotation": 90, "autoUv": false }
									},
									"children": [
										{
											"name": "RNeck",
											"from": [ 0.0, -0.0936, -1.18 ],
											"to": [ 1.6, 0.0052, 0.02 ],
											"unwrapMode": 6,
											"autoUnwrap": false,
											"uv": [ 12.5, 7.0 ],
											"rotationOrigin": [ 0.78, 0.0052, -0.66 ],
											"rotationX": -180.0,
											"rotationY": 75.0,
											"faces": {
												"north": { "texture": "#skin", "uv": [ 7.5, 1.0, 8.0, 5.0 ], "rotation": 90, "autoUv": false },
												"west": { "texture": "#skin", "uv": [ 12.0, 5.0, 12.5, 8.0 ], "rotation": 270, "autoUv": false, "windMode": [-1,-1,-1,-1] },
												"up": { "texture": "#bottom", "uv": [ 9.0, 1.0, 13.0, 4.0 ], "autoUv": false, "windMode": [-1,-1,-1,-1] },
												"down": { "texture": "#skin", "uv": [ 8.5, 5.0, 12.5, 8.0 ], "autoUv": false, "windMode": [-1,-1,-1,-1] }
											}
										},
										{
											"name": "LNeck",
											"from": [ 0.0, 0.0052, 1.284 ],
											"to": [ 1.6, 0.104, 2.484 ],
											"unwrapMode": 7,
											"autoUnwrap": false,
											"uv": [ -2.5, 1.5 ],
											"rotationOrigin": [ 0.78, 0.0052, 1.804 ],
											"rotationY": 75.0,
											"faces": {
												"north": { "texture": "#skin", "uv": [ 5.0, 1.0, 5.5, 5.0 ], "rotation": 90, "autoUv": false, "windMode": [-1,-1,-1,-1] },
												"west": { "texture": "#skin", "uv": [ 1.0, 5.0, 1.5, 8.0 ], "rotation": 270, "autoUv": false, "windMode": [-1,-1,-1,-1] },
												"up": { "texture": "#skin", "uv": [ 1.0, 5.0, 5.0, 8.0 ], "autoUv": false, "windMode": [-1,-1,-1,-1] },
												"down": { "texture": "#bottom", "uv": [ 3.0, 1.5, 7.0, 4.5 ], "autoUv": false, "windMode": [-1,-1,-1,-1] }
											}
										},
										{
											"name": "Head",
											"from": [ -0.702, 0.0, -0.276 ],
											"to": [ 0.578, 0.117, 1.444 ],
											"unwrapMode": 5,
											"unwrapRotation": 1,
											"autoUnwrap": false,
											"uv": [ 12.0, 53.5 ],
											"rotationOrigin": [ -0.052, 0.0, -0.276 ],
											"faces": {
												"north": { "texture": "#skin", "uv": [ 12.0, 54.0, 12.5, 57.0 ], "rotation": 270, "autoUv": false, "windMode": [-1,-1,-1,-1] },
												"east": { "texture": "#skin", "uv": [ 12.5, 53.0, 16.5, 53.5 ], "rotation": 180, "autoUv": false, "windMode": [-1,-1,-1,-1] },
												"south": { "texture": "#skin", "uv": [ 16.5, 54.0, 17.0, 57.0 ], "rotation": 90, "autoUv": false, "windMode": [-1,-1,-1,-1] },
												"west": { "texture": "#skin", "uv": [ 12.5, 56.5, 16.5, 57.0 ], "autoUv": false, "windMode": [-1,-1,-1,-1] },
												"up": { "texture": "#skin", "uv": [ 12.5, 53.5, 16.5, 56.5 ], "rotation": 90, "autoUv": false, "windMode": [-1,-1,-1,-1] },
												"down": { "texture": "#bottom", "uv": [ 9.0, 1.5, 13.0, 4.5 ], "rotation": 270, "autoUv": false, "windMode": [-1,-1,-1,-1] }
											},
											"children": [
												{
													"name": "Nose bridge",
													"from": [ -0.412, 0.0, 0.56 ],
													"to": [ 0.628, 0.13, 1.16 ],
													"unwrapMode": 5,
													"unwrapRotation": 1,
													"autoUnwrap": false,
													"uv": [ 16.0, 42.5 ],
													"rotationOrigin": [ 0.264, 0.0, 0.562 ],
													"faces": {
														"north": { "texture": "#skin", "uv": [ 16.0, 42.5, 16.5, 45.0 ], "rotation": 270, "autoUv": false, "windMode": [-1,-1,-1,-1] },
														"south": { "texture": "#skin", "uv": [ 18.0, 42.5, 18.5, 45.0 ], "rotation": 90, "autoUv": false, "windMode": [-1,-1,-1,-1] },
														"west": { "texture": "#skin", "uv": [ 16.5, 45.0, 18.0, 45.5 ], "autoUv": false, "windMode": [-1,-1,-1,-1] },
														"up": { "texture": "#skin", "uv": [ 16.5, 42.5, 18.0, 45.0 ], "rotation": 90, "autoUv": false, "windMode": [-1,-1,-1,-1] },
														"down": { "texture": "#bottom", "uv": [ 11.5, 1.5, 13.0, 4.0 ], "rotation": 270, "autoUv": false }
													},
													"children": [
														{
															"name": "Right jaw",
															"from": [ -0.026, 0.0, -0.196 ],
															"to": [ 0.974, 0.104, 0.244 ],
															"unwrapMode": 7,
															"unwrapRotation": 1,
															"autoUnwrap": false,
															"uv": [ 1.5, 58.5 ],
															"rotationOrigin": [ 0.65, 0.0, -0.196 ],
															"faces": {
																"north": { "texture": "#skin", "uv": [ 3.0, 59.0, 3.5, 61.5 ], "rotation": 90, "autoUv": false },
																"south": { "texture": "#skin", "uv": [ 1.5, 59.0, 2.0, 61.5 ], "rotation": 270, "autoUv": false },
																"west": { "texture": "#skin", "uv": [ 2.0, 58.5, 3.0, 59.0 ], "rotation": 180, "autoUv": false },
																"up": { "texture": "#skin", "uv": [ 2.0, 59.0, 3.0, 61.5 ], "rotation": 270, "autoUv": false },
																"down": { "texture": "#bottom", "uv": [ 2.0, 2.0, 3.0, 4.5 ], "rotation": 90, "autoUv": false }
															}
														},
														{
															"name": "Left Jaw",
															"from": [ -0.026, 0.0, 0.324 ],
															"to": [ 0.974, 0.104, 0.764 ],
															"unwrapMode": 7,
															"unwrapRotation": 1,
															"autoUnwrap": false,
															"uv": [ 7.0, 58.5 ],
															"rotationOrigin": [ 0.65, 0.0, 0.326 ],
															"faces": {
																"north": { "texture": "#skin", "uv": [ 8.5, 59.0, 9.0, 61.5 ], "rotation": 90, "autoUv": false },
																"south": { "texture": "#skin", "uv": [ 7.0, 59.0, 7.5, 61.5 ], "rotation": 270, "autoUv": false },
																"west": { "texture": "#skin", "uv": [ 7.5, 58.5, 8.5, 59.0 ], "rotation": 180, "autoUv": false },
																"up": { "texture": "#skin", "uv": [ 7.5, 59.0, 8.5, 61.5 ], "rotation": 270, "autoUv": false },
																"down": { "texture": "#bottom", "uv": [ 8.5, 1.5, 9.5, 4.0 ], "rotation": 90, "autoUv": false }
															}
														}
													]
												}
											]
										}
									]
								},
								{
									"name": "PeltAbdomen",
									"from": [ 1.928, 0.0026, 0.036 ],
									"to": [ 4.048, 0.1066, 1.676 ],
									"unwrapMode": 7,
									"unwrapRotation": 1,
									"autoUnwrap": false,
									"uv": [ 6.0, 33.5 ],
									"rotationOrigin": [ 1.93, 0.0026, 0.038 ],
									"faces": {
										"north": { "texture": "#skin", "uv": [ 10.5, 33.5, 11.0, 38.5 ], "rotation": 90, "autoUv": false, "windMode": [-1,-1,-1,-1] },
										"east": { "texture": "#skin", "uv": [ 2.0, 48.0, 6.0, 48.5 ], "autoUv": false },
										"south": { "texture": "#skin", "uv": [ 6.0, 33.5, 6.5, 38.5 ], "rotation": 270, "autoUv": false },
										"up": { "texture": "#skin", "uv": [ 6.5, 33.5, 10.5, 38.5 ], "rotation": 270, "autoUv": false },
										"down": { "texture": "#bottom", "uv": [ 8.5, 1.0, 12.5, 6.0 ], "rotation": 90, "autoUv": false, "windMode": [-1,-1,-1,-1] }
									},
									"children": [
										{
											"name": "LAbdomen",
											"from": [ 0.0, 0.0026, 1.508 ],
											"to": [ 2.12, 0.1014, 3.328 ],
											"unwrapMode": 7,
											"unwrapRotation": 1,
											"autoUnwrap": false,
											"uv": [ 1.5, 33.0 ],
											"rotationOrigin": [ 0.0, 0.0026, 1.51 ],
											"rotationY": -3.0,
											"faces": {
												"east": { "texture": "#skin", "uv": [ 6.5, 48.5, 7.0, 53.0 ], "rotation": 90, "autoUv": false },
												"south": { "texture": "#skin", "uv": [ 1.5, 33.5, 2.0, 38.5 ], "rotation": 270, "autoUv": false },
												"west": { "texture": "#skin", "uv": [ 2.0, 48.5, 2.5, 53.0 ], "rotation": 90, "autoUv": false },
												"up": { "texture": "#skin", "uv": [ 2.0, 33.5, 6.5, 38.5 ], "rotation": 270, "autoUv": false },
												"down": { "texture": "#bottom", "uv": [ 1.0, 4.0, 5.5, 9.0 ], "rotation": 90, "autoUv": false, "windMode": [-1,-1,-1,-1] }
											}
										},
										{
											"name": "RAbdomen",
											"from": [ 0.0, -0.0962, 0.13 ],
											"to": [ 2.12, 0.0026, 1.95 ],
											"unwrapMode": 6,
											"unwrapRotation": 1,
											"autoUnwrap": false,
											"uv": [ 10.5, 33.0 ],
											"rotationOrigin": [ 0.0, 0.0026, 0.13 ],
											"rotationX": 180.0,
											"rotationY": -3.0,
											"faces": {
												"east": { "texture": "#skin", "uv": [ 10.0, 48.5, 10.5, 53.0 ], "rotation": 270, "autoUv": false },
												"south": { "texture": "#skin", "uv": [ 15.5, 33.5, 16.0, 38.5 ], "rotation": 270, "autoUv": false },
												"west": { "texture": "#skin", "uv": [ 5.5, 48.5, 6.0, 53.0 ], "rotation": 90, "autoUv": false },
												"up": { "texture": "#bottom", "uv": [ 15.5, 33.5, 20.0, 38.5 ], "rotation": 270, "autoUv": false },
												"down": { "texture": "#skin", "uv": [ 11.0, 33.5, 15.5, 38.5 ], "rotation": 90, "autoUv": false }
											}
										},
										{
											"name": "PeltHip",
											"from": [ 2.12, 0.0, 0.04 ],
											"to": [ 3.29, 0.104, 1.6 ],
											"unwrapMode": 7,
											"unwrapRotation": 1,
											"autoUnwrap": false,
											"uv": [ 9.0, 63.0 ],
											"rotationOrigin": [ 2.1226, 0.0, 0.04 ],
											"faces": {
												"north": { "texture": "#skin", "uv": [ 10.0, 39.0, 10.5, 41.5 ], "rotation": 90, "autoUv": false, "windMode": [-1,-1,-1,-1] },
												"east": { "texture": "#skin", "uv": [ 6.5, 41.5, 10.0, 42.0 ], "autoUv": false, "windMode": [-1,-1,-1,-1] },
												"south": { "texture": "#skin", "uv": [ 6.0, 39.0, 6.5, 41.5 ], "rotation": 270, "autoUv": false, "windMode": [-1,-1,-1,-1] },
												"up": { "texture": "#skin", "uv": [ 6.5, 39.0, 10.0, 41.5 ], "rotation": 270, "autoUv": false, "windMode": [-1,-1,-1,-1] },
												"down": { "texture": "#bottom", "uv": [ 1.5, 11.0, 5.0, 13.5 ], "rotation": 90, "autoUv": false }
											},
											"children": [
												{
													"name": "LHip",
													"from": [ 0.0, 0.0026, 1.43 ],
													"to": [ 1.16, 0.1014, 3.25 ],
													"unwrapMode": 7,
													"unwrapRotation": 1,
													"autoUnwrap": false,
													"uv": [ 2.0, 62.5 ],
													"rotationOrigin": [ 0.0, 0.0026, 1.43 ],
													"rotationY": -3.0,
													"faces": {
														"east": { "texture": "#skin", "uv": [ 6.5, 41.5, 7.0, 46.0 ], "rotation": 90, "autoUv": false, "windMode": [-1,-1,-1,-1] },
														"south": { "texture": "#skin", "uv": [ 2.0, 39.0, 2.5, 41.5 ], "rotation": 270, "autoUv": false, "windMode": [-1,-1,-1,-1] },
														"west": { "texture": "#skin", "uv": [ 10.5, 42.0, 11.0, 46.5 ], "rotation": 90, "autoUv": false, "windMode": [-1,-1,-1,-1] },
														"up": { "texture": "#skin", "uv": [ 2.0, 39.0, 6.5, 41.5 ], "rotation": 270, "autoUv": false, "windMode": [-1,-1,-1,-1] },
														"down": { "texture": "#bottom", "uv": [ 0.5, 1.5, 5.0, 4.0 ], "rotation": 90, "autoUv": false, "windMode": [-1,-1,-1,-1] }
													},
													"children": [
														{
															"name": "LLeg",
															"from": [ 0.338, 0.0026, 1.742 ],
															"to": [ 1.196, 0.1066, 2.782 ],
															"unwrapMode": 5,
															"autoUnwrap": false,
															"uv": [ 34.0, 59.0 ],
															"rotationOrigin": [ 0.338, 0.0026, 1.742 ],
															"rotationY": 72.0,
															"faces": {
																"east": { "texture": "#skin", "uv": [ 25.5, 39.0, 26.0, 41.5 ], "rotation": 90, "autoUv": false, "windMode": [-1,-1,-1,-1] },
																"south": { "texture": "#skin", "uv": [ 23.5, 41.5, 25.5, 42.0 ], "autoUv": false, "windMode": [-1,-1,-1,-1] },
																"west": { "texture": "#skin", "uv": [ 23.0, 39.0, 23.5, 41.5 ], "rotation": 270, "autoUv": false, "windMode": [-1,-1,-1,-1] },
																"up": { "texture": "#skin", "uv": [ 23.5, 39.0, 25.5, 41.5 ], "autoUv": false, "windMode": [-1,-1,-1,-1] },
																"down": { "texture": "#bottom", "uv": [ 10.0, 1.5, 12.0, 4.0 ], "autoUv": false, "windMode": [-1,-1,-1,-1] }
															},
															"children": [
																{
																	"name": "LLegEnd",
																	"from": [ 0.026, 0.004, 0.91 ],
																	"to": [ 0.806, 0.1028, 2.21 ],
																	"unwrapMode": 5,
																	"autoUnwrap": false,
																	"uv": [ 23.5, 45.0 ],
																	"rotationOrigin": [ 0.286, -0.0026, 0.91 ],
																	"rotationY": -14.0,
																	"faces": {
																		"north": { "texture": "#skin", "uv": [ 24.0, 45.0, 25.5, 45.5 ], "rotation": 180, "autoUv": false },
																		"east": { "texture": "#skin", "uv": [ 25.5, 45.5, 26.0, 48.5 ], "rotation": 90, "autoUv": false, "windMode": [-1,-1,-1,-1] },
																		"south": { "texture": "#skin", "uv": [ 24.0, 48.5, 25.5, 49.0 ], "autoUv": false, "windMode": [-1,-1,-1,-1] },
																		"west": { "texture": "#skin", "uv": [ 23.5, 45.5, 24.0, 48.5 ], "rotation": 270, "autoUv": false, "windMode": [-1,-1,-1,-1] },
																		"up": { "texture": "#skin", "uv": [ 24.0, 45.5, 25.5, 48.5 ], "autoUv": false, "windMode": [-1,-1,-1,-1] },
																		"down": { "texture": "#bottom", "uv": [ 9.0, 1.0, 10.5, 4.0 ], "autoUv": false, "windMode": [-1,-1,-1,-1] }
																	}
																}
															]
														},
														{
															"name": "LLegLower",
															"from": [ 0.78, 0.0052, 0.39 ],
															"to": [ 1.17, 0.0936, 1.43 ],
															"unwrapMode": 5,
															"autoUnwrap": false,
															"uv": [ 38.0, 59.0 ],
															"rotationOrigin": [ 1.17, 0.0052, 0.39 ],
															"rotationY": 25.0,
															"faces": {
																"east": { "texture": "#skin", "uv": [ 26.5, 39.0, 27.0, 41.5 ], "rotation": 90, "autoUv": false },
																"up": { "texture": "#skin", "uv": [ 26.0, 39.0, 26.5, 41.5 ], "autoUv": false, "windMode": [-1,-1,-1,-1] },
																"down": { "texture": "#bottom", "uv": [ 8.0, 8.0, 8.5, 10.5 ], "autoUv": false, "windMode": [-1,-1,-1,-1] }
															}
														}
													]
												},
												{
													"name": "RHip",
													"from": [ 0.0, -0.0962, 0.13 ],
													"to": [ 1.16, 0.0026, 1.95 ],
													"unwrapMode": 6,
													"unwrapRotation": 1,
													"autoUnwrap": false,
													"uv": [ 10.5, 39.0 ],
													"rotationOrigin": [ 0.0, 0.0026, 0.13 ],
													"rotationX": 180.0,
													"rotationY": -3.0,
													"faces": {
														"east": { "texture": "#skin", "uv": [ 9.5, 41.5, 10.0, 46.0 ], "rotation": 90, "autoUv": false, "windMode": [-1,-1,-1,-1] },
														"south": { "texture": "#skin", "uv": [ 15.0, 39.0, 15.5, 41.5 ], "rotation": 270, "autoUv": false, "windMode": [-1,-1,-1,-1] },
														"up": { "texture": "#bottom", "uv": [ 9.0, 3.0, 13.5, 5.5 ], "rotation": 270, "autoUv": false, "windMode": [-1,-1,-1,-1] },
														"down": { "texture": "#skin", "uv": [ 10.5, 39.0, 15.0, 41.5 ], "rotation": 90, "autoUv": false, "windMode": [-1,-1,-1,-1] }
													},
													"children": [
														{
															"name": "RLeg",
															"from": [ 0.338, -0.004, 1.742 ],
															"to": [ 1.196, 0.1, 2.782 ],
															"unwrapMode": 6,
															"autoUnwrap": false,
															"uv": [ 34.0, 39.0 ],
															"rotationOrigin": [ 0.338, 0.0962, 1.742 ],
															"rotationY": 72.0,
															"faces": {
																"east": { "texture": "#skin", "uv": [ 34.0, 39.0, 34.5, 41.5 ], "rotation": 90, "autoUv": false, "windMode": [-1,-1,-1,-1] },
																"south": { "texture": "#skin", "uv": [ 34.5, 41.5, 36.5, 42.0 ], "rotation": 180, "autoUv": false, "windMode": [-1,-1,-1,-1] },
																"west": { "texture": "#skin", "uv": [ 36.5, 39.0, 37.0, 41.5 ], "rotation": 270, "autoUv": false, "windMode": [-1,-1,-1,-1] },
																"up": { "texture": "#bottom", "uv": [ 9.0, 1.0, 11.0, 3.5 ], "autoUv": false, "windMode": [-1,-1,-1,-1] },
																"down": { "texture": "#skin", "uv": [ 34.5, 39.0, 36.5, 41.5 ], "autoUv": false, "windMode": [-1,-1,-1,-1] }
															},
															"children": [
																{
																	"name": "RLegEnd",
																	"from": [ 0.026, -0.0026, 0.91 ],
																	"to": [ 0.806, 0.0962, 2.21 ],
																	"unwrapMode": 6,
																	"autoUnwrap": false,
																	"uv": [ 34.5, 45.0 ],
																	"rotationOrigin": [ 0.286, 0.0988, 0.91 ],
																	"rotationY": -14.0,
																	"faces": {
																		"north": { "texture": "#skin", "uv": [ 35.0, 45.0, 36.5, 45.5 ], "autoUv": false },
																		"east": { "texture": "#skin", "uv": [ 34.5, 45.5, 35.0, 48.5 ], "rotation": 90, "autoUv": false, "windMode": [-1,-1,-1,-1] },
																		"south": { "texture": "#skin", "uv": [ 35.0, 48.5, 36.5, 49.0 ], "rotation": 180, "autoUv": false, "windMode": [-1,-1,-1,-1] },
																		"west": { "texture": "#skin", "uv": [ 36.5, 45.5, 37.0, 48.5 ], "rotation": 270, "autoUv": false, "windMode": [-1,-1,-1,-1] },
																		"up": { "texture": "#bottom", "uv": [ 3.0, 1.0, 4.5, 4.0 ], "autoUv": false, "windMode": [-1,-1,-1,-1] },
																		"down": { "texture": "#skin", "uv": [ 35.0, 45.5, 36.5, 48.5 ], "autoUv": false, "windMode": [-1,-1,-1,-1] }
																	}
																}
															]
														},
														{
															"name": "RLegLower",
															"from": [ 0.78, 0.0052, 0.39 ],
															"to": [ 1.17, 0.0936, 1.43 ],
															"unwrapMode": 5,
															"autoUnwrap": false,
															"uv": [ 32.5, 39.0 ],
															"rotationOrigin": [ 1.17, 0.0936, 0.39 ],
															"rotationY": 25.0,
															"faces": {
																"east": { "texture": "#skin", "uv": [ 33.0, 39.0, 33.5, 41.5 ], "rotation": 90, "autoUv": false, "windMode": [-1,-1,-1,-1] },
																"up": { "texture": "#bottom", "uv": [ 12.5, 1.5, 13.0, 4.0 ], "autoUv": false, "windMode": [-1,-1,-1,-1] },
																"down": { "texture": "#skin", "uv": [ 33.5, 39.0, 34.0, 41.5 ], "autoUv": false, "windMode": [-1,-1,-1,-1] }
															}
														}
													]
												},
												{
													"name": "PeltTail",
													"from": [ 1.17, 0.0026, 0.572 ],
													"to": [ 1.85, 0.1326, 1.014 ],
													"unwrapMode": 7,
													"unwrapRotation": 1,
													"autoUnwrap": false,
													"uv": [ 16.0, 1.0 ],
													"rotationOrigin": [ 1.17, 0.0026, 0.572 ],
													"faces": {
														"north": { "texture": "#skin", "uv": [ 17.5, 1.5, 18.0, 3.0 ], "rotation": 90, "autoUv": false, "windMode": [-1,-1,-1,-1] },
														"east": { "texture": "#skin", "uv": [ 16.5, 3.0, 17.5, 3.5 ], "autoUv": false, "windMode": [-1,-1,-1,-1] },
														"south": { "texture": "#skin", "uv": [ 16.0, 1.5, 16.5, 3.0 ], "rotation": 270, "autoUv": false, "windMode": [-1,-1,-1,-1] },
														"west": { "texture": "#skin", "uv": [ 16.5, 1.0, 17.5, 1.5 ], "rotation": 180, "autoUv": false, "windMode": [-1,-1,-1,-1] },
														"up": { "texture": "#skin", "uv": [ 16.5, 1.5, 17.5, 3.0 ], "rotation": 270, "autoUv": false, "windMode": [-1,-1,-1,-1] },
														"down": { "texture": "#skin", "uv": [ 18.5, 1.5, 19.5, 3.0 ], "rotation": 90, "autoUv": false, "windMode": [-1,-1,-1,-1] }
													},
													"children": [
														{
															"name": "PeltTail 2",
															"from": [ 0.676, -0.0026, 0.04 ],
															"to": [ 1.716, 0.1508, 0.4 ],
															"unwrapMode": 7,
															"unwrapRotation": 1,
															"uv": [ 16.5, 4.5 ],
															"rotationOrigin": [ 0.676, -0.0026, 0.04 ],
															"faces": {
																"north": { "texture": "#skin", "uv": [ 17.5, 5.0, 18.0, 7.5 ], "rotation": 90, "autoUv": false },
																"east": { "texture": "#skin", "uv": [ 17.0, 7.5, 17.5, 8.0 ], "autoUv": false, "windMode": [-1,-1,-1,-1] },
																"south": { "texture": "#skin", "uv": [ 16.5, 5.0, 17.0, 7.5 ], "rotation": 270, "autoUv": false, "windMode": [-1,-1,-1,-1] },
																"west": { "texture": "#skin", "uv": [ 17.0, 4.5, 17.5, 5.0 ], "rotation": 180, "autoUv": false, "windMode": [-1,-1,-1,-1] },
																"up": { "texture": "#skin", "uv": [ 17.0, 5.0, 17.5, 7.5 ], "rotation": 270, "autoUv": false, "windMode": [-1,-1,-1,-1] },
																"down": { "texture": "#skin", "uv": [ 18.0, 5.0, 18.5, 7.5 ], "rotation": 90, "autoUv": false, "windMode": [-1,-1,-1,-1] }
															},
															"children": [
																{
																	"name": "PeltTail 3",
																	"from": [ 1.04, 0.0, -0.02 ],
																	"to": [ 2.36, 0.156, 0.38 ],
																	"unwrapMode": 7,
																	"unwrapRotation": 1,
																	"uv": [ 16.0, 8.5 ],
																	"rotationOrigin": [ 1.04, 0.0, 0.08 ],
																	"faces": {
																		"north": { "texture": "#skin", "uv": [ 17.5, 9.0, 18.0, 12.0 ], "rotation": 90, "autoUv": false },
																		"east": { "texture": "#skin", "uv": [ 16.5, 12.0, 17.5, 12.5 ], "autoUv": false },
																		"south": { "texture": "#skin", "uv": [ 16.0, 9.0, 16.5, 12.0 ], "rotation": 270, "autoUv": false },
																		"west": { "texture": "#skin", "uv": [ 16.5, 8.5, 17.5, 9.0 ], "rotation": 180, "autoUv": false },
																		"up": { "texture": "#skin", "uv": [ 16.5, 9.0, 17.5, 12.0 ], "rotation": 270, "autoUv": false },
																		"down": { "texture": "#skin", "uv": [ 18.0, 9.0, 19.0, 12.0 ], "rotation": 90, "autoUv": false }
																	},
																	"children": [
																		{
																			"name": "PeltTail 4",
																			"from": [ 1.3, 0.0, 0.02 ],
																			"to": [ 2.74, 0.1586, 0.38 ],
																			"unwrapMode": 5,
																			"unwrapRotation": 1,
																			"uv": [ 16.5, 13.0 ],
																			"rotationOrigin": [ 1.3, 0.0, 0.0 ],
																			"faces": {
																				"north": { "texture": "#skin", "uv": [ 16.5, 13.5, 17.0, 17.0 ], "rotation": 270, "autoUv": false },
																				"east": { "texture": "#skin", "uv": [ 17.0, 13.0, 17.5, 13.5 ], "rotation": 180, "autoUv": false },
																				"south": { "texture": "#skin", "uv": [ 17.5, 13.5, 18.0, 17.0 ], "rotation": 90, "autoUv": false },
																				"west": { "texture": "#skin", "uv": [ 17.0, 17.0, 17.5, 17.5 ], "autoUv": false },
																				"up": { "texture": "#skin", "uv": [ 17.0, 13.5, 17.5, 17.0 ], "rotation": 90, "autoUv": false },
																				"down": { "texture": "#skin", "uv": [ 18.0, 13.5, 18.5, 17.0 ], "rotation": 270, "autoUv": false }
																			},
																			"children": [
																				{
																					"name": "PeltTail End",
																					"from": [ 1.248, 0.0, -0.02 ],
																					"to": [ 2.008, 0.1872, 0.38 ],
																					"unwrapMode": 5,
																					"unwrapRotation": 1,
																					"autoUnwrap": false,
																					"uv": [ 16.0, 18.5 ],
																					"rotationOrigin": [ 1.248, 0.0, -0.052 ],
																					"faces": {
																						"north": { "texture": "#skin", "uv": [ 16.0, 19.0, 16.5, 20.5 ], "rotation": 270, "autoUv": false },
																						"east": { "texture": "#skin", "uv": [ 16.5, 18.5, 17.5, 19.0 ], "rotation": 180, "autoUv": false },
																						"south": { "texture": "#skin", "uv": [ 17.5, 19.0, 18.0, 20.5 ], "rotation": 90, "autoUv": false },
																						"west": { "texture": "#skin", "uv": [ 16.5, 20.5, 17.5, 21.0 ], "autoUv": false },
																						"up": { "texture": "#skin", "uv": [ 16.5, 19.0, 17.5, 20.5 ], "rotation": 90, "autoUv": false },
																						"down": { "texture": "#skin", "uv": [ 18.5, 19.0, 19.5, 20.5 ], "rotation": 270, "autoUv": false }
																					}
																				}
																			]
																		}
																	]
																}
															]
														}
													]
												}
											]
										}
									]
								}
							]
						}
					]
				}
			]
		}
	]}