[
{"name": "Diardi Item to Block", "ingredientPattern": "K","ingredients": {"K": { "type": "item", "code": "pantherinae:pelt-neofelis-baby-diardi-normal", "quantity": "1"}},"width": 1,"height": 1,"output": { "type": "block", "code": "pantherinae:peltmount-neofelis-baby-diardi-normal-north", "quantity": 1  }},
{"name": "Diardi Block to Item", "ingredientPattern": "K","ingredients": {"K": { "type": "block", "code": "pantherinae:peltmount-neofelis-baby-diardi-normal-*", "quantity": "1" }},"width": 1,"height": 1,"output": { "type": "item", "code": "pantherinae:pelt-neofelis-baby-diardi-normal", "quantity": 1  }},
{"name": "Nebulosa Item to Block", "ingredientPattern": "K","ingredients": {"K": { "type": "item", "code": "pantherinae:pelt-neofelis-baby-nebulosa-normal", "quantity": "1"}},"width": 1,"height": 1,"output": { "type": "block", "code": "pantherinae:peltmount-neofelis-baby-nebulosa-normal-north", "quantity": 1  }},
{"name": "Nebulosa Block to Item", "ingredientPattern": "K","ingredients": {"K": { "type": "block", "code": "pantherinae:peltmount-neofelis-baby-nebulosa-normal-*", "quantity": "1" }},"width": 1,"height": 1,"output": { "type": "item", "code": "pantherinae:pelt-neofelis-baby-nebulosa-normal", "quantity": 1  }},
{"name": "Atrox Item to Block", "ingredientPattern": "K","ingredients": {"K": { "type": "item", "code": "pantherinae:pelt-panthera-baby-atrox-normal", "quantity": "1"}},"width": 1,"height": 1,"output": { "type": "block", "code": "pantherinae:peltmount-panthera-baby-atrox-normal-north", "quantity": 1  }},
{"name": "Atrox Block to Item", "ingredientPattern": "K","ingredients": {"K": { "type": "block", "code": "pantherinae:peltmount-panthera-baby-atrox-normal-*", "quantity": "1" }},"width": 1,"height": 1,"output": { "type": "item", "code": "pantherinae:pelt-panthera-baby-atrox-normal", "quantity": 1  }},
{"name": "Leo Item to Block", "ingredientPattern": "K","ingredients": {"K": { "type": "item", "code": "pantherinae:pelt-panthera-baby-Leo-normal", "quantity": "1"}},"width": 1,"height": 1,"output": { "type": "block", "code": "pantherinae:peltmount-panthera-baby-Leo-normal-north", "quantity": 1  }},
{"name": "Leo Block to Item", "ingredientPattern": "K","ingredients": {"K": { "type": "block", "code": "pantherinae:peltmount-panthera-baby-Leo-normal-*", "quantity": "1" }},"width": 1,"height": 1,"output": { "type": "item", "code": "pantherinae:pelt-panthera-baby-Leo-normal", "quantity": 1  }},
{"name": "onca Item to Block", "ingredientPattern": "K","ingredients": {"K": { "type": "item", "code": "pantherinae:pelt-panthera-baby-onca-normal", "quantity": "1"}},"width": 1,"height": 1,"output": { "type": "block", "code": "pantherinae:peltmount-panthera-baby-onca-normal-north", "quantity": 1  }},
{"name": "onca Block to Item", "ingredientPattern": "K","ingredients": {"K": { "type": "block", "code": "pantherinae:peltmount-panthera-baby-onca-normal-*", "quantity": "1" }},"width": 1,"height": 1,"output": { "type": "item", "code": "pantherinae:pelt-panthera-baby-onca-normal", "quantity": 1  }},
{"name": "onca Item to Block", "ingredientPattern": "K","ingredients": {"K": { "type": "item", "code": "pantherinae:pelt-panthera-baby-onca-melanistic", "quantity": "1"}},"width": 1,"height": 1,"output": { "type": "block", "code": "pantherinae:peltmount-panthera-baby-onca-melanistic-north", "quantity": 1  }},
{"name": "onca Block to Item", "ingredientPattern": "K","ingredients": {"K": { "type": "block", "code": "pantherinae:peltmount-panthera-baby-onca-melanistic-*", "quantity": "1" }},"width": 1,"height": 1,"output": { "type": "item", "code": "pantherinae:pelt-panthera-baby-onca-melanistic", "quantity": 1  }},
{"name": "pardus Item to Block", "ingredientPattern": "K","ingredients": {"K": { "type": "item", "code": "pantherinae:pelt-panthera-baby-pardus-normal", "quantity": "1"}},"width": 1,"height": 1,"output": { "type": "block", "code": "pantherinae:peltmount-panthera-baby-pardus-normal-north", "quantity": 1  }},
{"name": "pardus Block to Item", "ingredientPattern": "K","ingredients": {"K": { "type": "block", "code": "pantherinae:peltmount-panthera-baby-pardus-normal-*", "quantity": "1" }},"width": 1,"height": 1,"output": { "type": "item", "code": "pantherinae:pelt-panthera-baby-pardus-normal", "quantity": 1  }},
{"name": "pardus Item to Block", "ingredientPattern": "K","ingredients": {"K": { "type": "item", "code": "pantherinae:pelt-panthera-baby-pardus-melanistic", "quantity": "1"}},"width": 1,"height": 1,"output": { "type": "block", "code": "pantherinae:peltmount-panthera-baby-pardus-melanistic-north", "quantity": 1  }},
{"name": "pardus Block to Item", "ingredientPattern": "K","ingredients": {"K": { "type": "block", "code": "pantherinae:peltmount-panthera-baby-pardus-melanistic-*", "quantity": "1" }},"width": 1,"height": 1,"output": { "type": "item", "code": "pantherinae:pelt-panthera-baby-pardus-melanistic", "quantity": 1  }},
{"name": "spelaea Item to Block", "ingredientPattern": "K","ingredients": {"K": { "type": "item", "code": "pantherinae:pelt-panthera-baby-spelaea-normal", "quantity": "1"}},"width": 1,"height": 1,"output": { "type": "block", "code": "pantherinae:peltmount-panthera-baby-spelaea-normal-north", "quantity": 1  }},
{"name": "spelaea Block to Item", "ingredientPattern": "K","ingredients": {"K": { "type": "block", "code": "pantherinae:peltmount-panthera-baby-spelaea-normal-*", "quantity": "1" }},"width": 1,"height": 1,"output": { "type": "item", "code": "pantherinae:pelt-panthera-baby-spelaea-normal", "quantity": 1  }},
{"name": "tigris Item to Block", "ingredientPattern": "K","ingredients": {"K": { "type": "item", "code": "pantherinae:pelt-panthera-baby-tigris-normal", "quantity": "1"}},"width": 1,"height": 1,"output": { "type": "block", "code": "pantherinae:peltmount-panthera-baby-tigris-normal-north", "quantity": 1  }},
{"name": "tigris Block to Item", "ingredientPattern": "K","ingredients": {"K": { "type": "block", "code": "pantherinae:peltmount-panthera-baby-tigris-normal-*", "quantity": "1" }},"width": 1,"height": 1,"output": { "type": "item", "code": "pantherinae:pelt-panthera-baby-tigris-normal", "quantity": 1  }},
{"name": "uncia Item to Block", "ingredientPattern": "K","ingredients": {"K": { "type": "item", "code": "pantherinae:pelt-panthera-baby-uncia-normal", "quantity": "1"}},"width": 1,"height": 1,"output": { "type": "block", "code": "pantherinae:peltmount-panthera-baby-uncia-normal-north", "quantity": 1  }},
{"name": "uncia Block to Item", "ingredientPattern": "K","ingredients": {"K": { "type": "block", "code": "pantherinae:peltmount-panthera-baby-uncia-normal-*", "quantity": "1" }},"width": 1,"height": 1,"output": { "type": "item", "code": "pantherinae:pelt-panthera-baby-uncia-normal", "quantity": 1  }},

{"name": "Diardi Item to Block", "ingredientPattern": "K","ingredients": {"K": { "type": "item", "code": "pantherinae:pelt-neofelis-female-diardi-normal", "quantity": "1"}},"width": 1,"height": 1,"output": { "type": "block", "code": "pantherinae:peltmount-neofelis-female-diardi-normal-north", "quantity": 1  }},
{"name": "Diardi Block to Item", "ingredientPattern": "K","ingredients": {"K": { "type": "block", "code": "pantherinae:peltmount-neofelis-female-diardi-normal-*", "quantity": "1" }},"width": 1,"height": 1,"output": { "type": "item", "code": "pantherinae:pelt-neofelis-female-diardi-normal", "quantity": 1  }},
{"name": "Nebulosa Item to Block", "ingredientPattern": "K","ingredients": {"K": { "type": "item", "code": "pantherinae:pelt-neofelis-female-nebulosa-normal", "quantity": "1"}},"width": 1,"height": 1,"output": { "type": "block", "code": "pantherinae:peltmount-neofelis-female-nebulosa-normal-north", "quantity": 1  }},
{"name": "Nebulosa Block to Item", "ingredientPattern": "K","ingredients": {"K": { "type": "block", "code": "pantherinae:peltmount-neofelis-female-nebulosa-normal-*", "quantity": "1" }},"width": 1,"height": 1,"output": { "type": "item", "code": "pantherinae:pelt-neofelis-female-nebulosa-normal", "quantity": 1  }},
{"name": "Atrox Item to Block", "ingredientPattern": "K","ingredients": {"K": { "type": "item", "code": "pantherinae:pelt-panthera-female-atrox-normal", "quantity": "1"}},"width": 1,"height": 1,"output": { "type": "block", "code": "pantherinae:peltmount-panthera-female-atrox-normal-north", "quantity": 1  }},
{"name": "Atrox Block to Item", "ingredientPattern": "K","ingredients": {"K": { "type": "block", "code": "pantherinae:peltmount-panthera-female-atrox-normal-*", "quantity": "1" }},"width": 1,"height": 1,"output": { "type": "item", "code": "pantherinae:pelt-panthera-female-atrox-normal", "quantity": 1  }},
{"name": "Leo Item to Block", "ingredientPattern": "K","ingredients": {"K": { "type": "item", "code": "pantherinae:pelt-panthera-female-Leo-normal", "quantity": "1"}},"width": 1,"height": 1,"output": { "type": "block", "code": "pantherinae:peltmount-panthera-female-Leo-normal-north", "quantity": 1  }},
{"name": "Leo Block to Item", "ingredientPattern": "K","ingredients": {"K": { "type": "block", "code": "pantherinae:peltmount-panthera-female-Leo-normal-*", "quantity": "1" }},"width": 1,"height": 1,"output": { "type": "item", "code": "pantherinae:pelt-panthera-female-Leo-normal", "quantity": 1  }},
{"name": "onca Item to Block", "ingredientPattern": "K","ingredients": {"K": { "type": "item", "code": "pantherinae:pelt-panthera-female-onca-normal", "quantity": "1"}},"width": 1,"height": 1,"output": { "type": "block", "code": "pantherinae:peltmount-panthera-female-onca-normal-north", "quantity": 1  }},
{"name": "onca Block to Item", "ingredientPattern": "K","ingredients": {"K": { "type": "block", "code": "pantherinae:peltmount-panthera-female-onca-normal-*", "quantity": "1" }},"width": 1,"height": 1,"output": { "type": "item", "code": "pantherinae:pelt-panthera-female-onca-normal", "quantity": 1  }},
{"name": "onca Item to Block", "ingredientPattern": "K","ingredients": {"K": { "type": "item", "code": "pantherinae:pelt-panthera-female-onca-melanistic", "quantity": "1"}},"width": 1,"height": 1,"output": { "type": "block", "code": "pantherinae:peltmount-panthera-female-onca-melanistic-north", "quantity": 1  }},
{"name": "onca Block to Item", "ingredientPattern": "K","ingredients": {"K": { "type": "block", "code": "pantherinae:peltmount-panthera-female-onca-melanistic-*", "quantity": "1" }},"width": 1,"height": 1,"output": { "type": "item", "code": "pantherinae:pelt-panthera-female-onca-melanistic", "quantity": 1  }},
{"name": "pardus Item to Block", "ingredientPattern": "K","ingredients": {"K": { "type": "item", "code": "pantherinae:pelt-panthera-female-pardus-normal", "quantity": "1"}},"width": 1,"height": 1,"output": { "type": "block", "code": "pantherinae:peltmount-panthera-female-pardus-normal-north", "quantity": 1  }},
{"name": "pardus Block to Item", "ingredientPattern": "K","ingredients": {"K": { "type": "block", "code": "pantherinae:peltmount-panthera-female-pardus-normal-*", "quantity": "1" }},"width": 1,"height": 1,"output": { "type": "item", "code": "pantherinae:pelt-panthera-female-pardus-normal", "quantity": 1  }},
{"name": "pardus Item to Block", "ingredientPattern": "K","ingredients": {"K": { "type": "item", "code": "pantherinae:pelt-panthera-female-pardus-melanistic", "quantity": "1"}},"width": 1,"height": 1,"output": { "type": "block", "code": "pantherinae:peltmount-panthera-female-pardus-melanistic-north", "quantity": 1  }},
{"name": "pardus Block to Item", "ingredientPattern": "K","ingredients": {"K": { "type": "block", "code": "pantherinae:peltmount-panthera-female-pardus-melanistic-*", "quantity": "1" }},"width": 1,"height": 1,"output": { "type": "item", "code": "pantherinae:pelt-panthera-female-pardus-melanistic", "quantity": 1  }},
{"name": "spelaea Item to Block", "ingredientPattern": "K","ingredients": {"K": { "type": "item", "code": "pantherinae:pelt-panthera-female-spelaea-normal", "quantity": "1"}},"width": 1,"height": 1,"output": { "type": "block", "code": "pantherinae:peltmount-panthera-female-spelaea-normal-north", "quantity": 1  }},
{"name": "spelaea Block to Item", "ingredientPattern": "K","ingredients": {"K": { "type": "block", "code": "pantherinae:peltmount-panthera-female-spelaea-normal-*", "quantity": "1" }},"width": 1,"height": 1,"output": { "type": "item", "code": "pantherinae:pelt-panthera-female-spelaea-normal", "quantity": 1  }},
{"name": "tigris Item to Block", "ingredientPattern": "K","ingredients": {"K": { "type": "item", "code": "pantherinae:pelt-panthera-female-tigris-normal", "quantity": "1"}},"width": 1,"height": 1,"output": { "type": "block", "code": "pantherinae:peltmount-panthera-female-tigris-normal-north", "quantity": 1  }},
{"name": "tigris Block to Item", "ingredientPattern": "K","ingredients": {"K": { "type": "block", "code": "pantherinae:peltmount-panthera-female-tigris-normal-*", "quantity": "1" }},"width": 1,"height": 1,"output": { "type": "item", "code": "pantherinae:pelt-panthera-female-tigris-normal", "quantity": 1  }},
{"name": "uncia Item to Block", "ingredientPattern": "K","ingredients": {"K": { "type": "item", "code": "pantherinae:pelt-panthera-female-uncia-normal", "quantity": "1"}},"width": 1,"height": 1,"output": { "type": "block", "code": "pantherinae:peltmount-panthera-female-uncia-normal-north", "quantity": 1  }},
{"name": "uncia Block to Item", "ingredientPattern": "K","ingredients": {"K": { "type": "block", "code": "pantherinae:peltmount-panthera-female-uncia-normal-*", "quantity": "1" }},"width": 1,"height": 1,"output": { "type": "item", "code": "pantherinae:pelt-panthera-female-uncia-normal", "quantity": 1  }},

{"name": "Diardi Item to Block", "ingredientPattern": "K","ingredients": {"K": { "type": "item", "code": "pantherinae:pelt-neofelis-male-diardi-normal", "quantity": "1"}},"width": 1,"height": 1,"output": { "type": "block", "code": "pantherinae:peltmount-neofelis-male-diardi-normal-north", "quantity": 1  }},
{"name": "Diardi Block to Item", "ingredientPattern": "K","ingredients": {"K": { "type": "block", "code": "pantherinae:peltmount-neofelis-male-diardi-normal-*", "quantity": "1" }},"width": 1,"height": 1,"output": { "type": "item", "code": "pantherinae:pelt-neofelis-male-diardi-normal", "quantity": 1  }},
{"name": "Nebulosa Item to Block", "ingredientPattern": "K","ingredients": {"K": { "type": "item", "code": "pantherinae:pelt-neofelis-male-nebulosa-normal", "quantity": "1"}},"width": 1,"height": 1,"output": { "type": "block", "code": "pantherinae:peltmount-neofelis-male-nebulosa-normal-north", "quantity": 1  }},
{"name": "Nebulosa Block to Item", "ingredientPattern": "K","ingredients": {"K": { "type": "block", "code": "pantherinae:peltmount-neofelis-male-nebulosa-normal-*", "quantity": "1" }},"width": 1,"height": 1,"output": { "type": "item", "code": "pantherinae:pelt-neofelis-male-nebulosa-normal", "quantity": 1  }},
{"name": "Atrox Item to Block", "ingredientPattern": "K","ingredients": {"K": { "type": "item", "code": "pantherinae:pelt-panthera-male-atrox-normal", "quantity": "1"}},"width": 1,"height": 1,"output": { "type": "block", "code": "pantherinae:peltmount-panthera-male-atrox-normal-north", "quantity": 1  }},
{"name": "Atrox Block to Item", "ingredientPattern": "K","ingredients": {"K": { "type": "block", "code": "pantherinae:peltmount-panthera-male-atrox-normal-*", "quantity": "1" }},"width": 1,"height": 1,"output": { "type": "item", "code": "pantherinae:pelt-panthera-male-atrox-normal", "quantity": 1  }},
{"name": "Leo Item to Block", "ingredientPattern": "K","ingredients": {"K": { "type": "item", "code": "pantherinae:pelt-panthera-male-Leo-normal", "quantity": "1"}},"width": 1,"height": 1,"output": { "type": "block", "code": "pantherinae:peltmount-panthera-male-Leo-normal-north", "quantity": 1  }},
{"name": "Leo Block to Item", "ingredientPattern": "K","ingredients": {"K": { "type": "block", "code": "pantherinae:peltmount-panthera-male-Leo-normal-*", "quantity": "1" }},"width": 1,"height": 1,"output": { "type": "item", "code": "pantherinae:pelt-panthera-male-Leo-normal", "quantity": 1  }},
{"name": "onca Item to Block", "ingredientPattern": "K","ingredients": {"K": { "type": "item", "code": "pantherinae:pelt-panthera-male-onca-normal", "quantity": "1"}},"width": 1,"height": 1,"output": { "type": "block", "code": "pantherinae:peltmount-panthera-male-onca-normal-north", "quantity": 1  }},
{"name": "onca Block to Item", "ingredientPattern": "K","ingredients": {"K": { "type": "block", "code": "pantherinae:peltmount-panthera-male-onca-normal-*", "quantity": "1" }},"width": 1,"height": 1,"output": { "type": "item", "code": "pantherinae:pelt-panthera-male-onca-normal", "quantity": 1  }},
{"name": "onca Item to Block", "ingredientPattern": "K","ingredients": {"K": { "type": "item", "code": "pantherinae:pelt-panthera-male-onca-melanistic", "quantity": "1"}},"width": 1,"height": 1,"output": { "type": "block", "code": "pantherinae:peltmount-panthera-male-onca-melanistic-north", "quantity": 1  }},
{"name": "onca Block to Item", "ingredientPattern": "K","ingredients": {"K": { "type": "block", "code": "pantherinae:peltmount-panthera-male-onca-melanistic-*", "quantity": "1" }},"width": 1,"height": 1,"output": { "type": "item", "code": "pantherinae:pelt-panthera-male-onca-melanistic", "quantity": 1  }},
{"name": "pardus Item to Block", "ingredientPattern": "K","ingredients": {"K": { "type": "item", "code": "pantherinae:pelt-panthera-male-pardus-normal", "quantity": "1"}},"width": 1,"height": 1,"output": { "type": "block", "code": "pantherinae:peltmount-panthera-male-pardus-normal-north", "quantity": 1  }},
{"name": "pardus Block to Item", "ingredientPattern": "K","ingredients": {"K": { "type": "block", "code": "pantherinae:peltmount-panthera-male-pardus-normal-*", "quantity": "1" }},"width": 1,"height": 1,"output": { "type": "item", "code": "pantherinae:pelt-panthera-male-pardus-normal", "quantity": 1  }},
{"name": "pardus Item to Block", "ingredientPattern": "K","ingredients": {"K": { "type": "item", "code": "pantherinae:pelt-panthera-male-pardus-melanistic", "quantity": "1"}},"width": 1,"height": 1,"output": { "type": "block", "code": "pantherinae:peltmount-panthera-male-pardus-melanistic-north", "quantity": 1  }},
{"name": "pardus Block to Item", "ingredientPattern": "K","ingredients": {"K": { "type": "block", "code": "pantherinae:peltmount-panthera-male-pardus-melanistic-*", "quantity": "1" }},"width": 1,"height": 1,"output": { "type": "item", "code": "pantherinae:pelt-panthera-male-pardus-melanistic", "quantity": 1  }},
{"name": "spelaea Item to Block", "ingredientPattern": "K","ingredients": {"K": { "type": "item", "code": "pantherinae:pelt-panthera-male-spelaea-normal", "quantity": "1"}},"width": 1,"height": 1,"output": { "type": "block", "code": "pantherinae:peltmount-panthera-male-spelaea-normal-north", "quantity": 1  }},
{"name": "spelaea Block to Item", "ingredientPattern": "K","ingredients": {"K": { "type": "block", "code": "pantherinae:peltmount-panthera-male-spelaea-normal-*", "quantity": "1" }},"width": 1,"height": 1,"output": { "type": "item", "code": "pantherinae:pelt-panthera-male-spelaea-normal", "quantity": 1  }},
{"name": "tigris Item to Block", "ingredientPattern": "K","ingredients": {"K": { "type": "item", "code": "pantherinae:pelt-panthera-male-tigris-normal", "quantity": "1"}},"width": 1,"height": 1,"output": { "type": "block", "code": "pantherinae:peltmount-panthera-male-tigris-normal-north", "quantity": 1  }},
{"name": "tigris Block to Item", "ingredientPattern": "K","ingredients": {"K": { "type": "block", "code": "pantherinae:peltmount-panthera-male-tigris-normal-*", "quantity": "1" }},"width": 1,"height": 1,"output": { "type": "item", "code": "pantherinae:pelt-panthera-male-tigris-normal", "quantity": 1  }},
{"name": "uncia Item to Block", "ingredientPattern": "K","ingredients": {"K": { "type": "item", "code": "pantherinae:pelt-panthera-male-uncia-normal", "quantity": "1"}},"width": 1,"height": 1,"output": { "type": "block", "code": "pantherinae:peltmount-panthera-male-uncia-normal-north", "quantity": 1  }},
{"name": "uncia Block to Item", "ingredientPattern": "K","ingredients": {"K": { "type": "block", "code": "pantherinae:peltmount-panthera-male-uncia-normal-*", "quantity": "1" }},"width": 1,"height": 1,"output": { "type": "item", "code": "pantherinae:pelt-panthera-male-uncia-normal", "quantity": 1  }}
]