{"GameVersion":"1.18.6","SizeX":1,"SizeY":5,"SizeZ":1,"BlockCodes":{"8613":"game:meta-underground","2683":"game:soil-verylow-normal","8109":"game:chest-east","8606":"game:clutter"},"ItemCodes":{"270":"game:stackrandomizer-fuel","3639":"game:stackrandomizer-clayproducts","279":"game:stackrandomizer-gear","1612":"game:firestarter","1658":"game:knife-generic-boneobsidian","275":"game:stackrandomizer-resource"},"Indices":[0,1048576,2097152,3145728,4194304],"BlockIds":[8613,2683,8109,8613,8606],"DecorIndices":[],"DecorIds":[],"BlockEntities":{"2097152":"!<d@[F*Mir#64c-E,TfC\"TSN&!<d@[F*`AX#64o6@VfsmCI<#NAI;p\\ATMrFARTY%\"po!]G%GQ5DfU+(#'\"^#Dfg%+!!!!'\"`nKuFE7Zf0E;+R!!!K0!!!$\"!!!!(!AOQT!!!!X%KHJ0!!!!%$Zp</@;J;E@;]Rd!!!!`!!`N[!!*'\"!#GY9!!*'\"!!!6)1B7FU!!\"qf!!!$\"!!!-0FDl80CdVlEDI[5X!!#4`#6?X]!<<*\"9EkIs!<<*\"!!`N^!!*'\"!.\"hL!!*'\"!!!6)2?3aX!!!Z5!!!$\"!!!-0FDl80CdVlEDI[5X!.[65#6?a`!<<*\"'*/(5!<<*\"\":K<iFCAuQBOPdgAH2^\\4obQ_\"Uo!]E^FS\\@r\"GMA7Z*XBOu7,/S/@3F9MehH#R=%@rH1\"@;p:!A2+2nD.Rd%6#L=OAH2]1!!!","4194304":"!<d@[F*Mir#64c-E,TfC#64`(!<d@[F*`AX#64o6@VfsmCI<#NAHu^]F`__:EWlSfH#R='B6%F(ATMs3DIkCT\":&scFCB9&=9&=$!!EUFATMNNDJ*csjNEk)\":&scFCB9&=o\\O&!!rsADes6$@ru9m!!!"},"Entities":[],"ReplaceMode":2,"EntranceRotation":-1}