{"GameVersion":"1.18.6","SizeX":1,"SizeY":5,"SizeZ":1,"BlockCodes":{"8613":"game:meta-underground","2673":"game:soil-verylow-verysparse","8109":"game:chest-east","8606":"game:clutter"},"ItemCodes":{"1642":"game:knife-generic-obsidian","275":"game:stackrandomizer-resource","270":"game:stackrandomizer-fuel","3639":"game:stackrandomizer-clayproducts","279":"game:stackrandomizer-gear"},"Indices":[0,1048576,2097152,3145728,4194304],"BlockIds":[8613,2673,8109,8613,8606],"DecorIndices":[],"DecorIds":[],"BlockEntities":{"2097152":"!<d@[F*N$\"#64c-E,TfC\"TSN&!<d@[F*`AX#64o6@VfsmCI<#NAI;p\\ATMrFARTY%\"po!]G%GQ5DfU+(#'\"^#Dfg%+!!!!'\"`nKuFE7Zf0E;+R!!$a<!!!$\"!!!!(!AOQT!!!!4!<<*#!!!!%$Zp</@;J;E@;]Rd!!!!`!!`N[!!*'\"!\"K#0!!*'\"!!!6)1B7FU!!\"qf!!!$\"!!!!(!AjcW!!!!8!<<*#z#6?[^!<<*\"'*/(5!<<*\"\":K<iFCAuQBOPdgAH2^\\4obfg2?3aX!!!Z5!!!$\"!!!-0FDl80CdVlEDI[5X!.[65#6?a`!<<*\"2\\#ff!<<*\"!!!!&$taEu6>URMCI<#NAI;p\\ATMrFARTY%\"U&pmE+KAdDes5uE-#T$0a%f\"ATMNNDJ*csz!!","4194304":"!<d@[F*N$\"#64c-E,TfC#64`(!<d@[F*`AX#64o6@VfsmCI<#NAHu^]F`__:EWlSfH#R='B6%F(ATMs3DIkCT\":&scFCB9&=9&=$!!EUFATMNNDJ*csjNEk)\":&scFCB9&=o\\O&!!rsADes6$@ru9m!!!"},"Entities":[],"ReplaceMode":2,"EntranceRotation":-1}