{"GameVersion":"1.18.6","SizeX":1,"SizeY":5,"SizeZ":1,"BlockCodes":{"8613":"game:meta-underground","2668":"game:soil-verylow-none","8109":"game:chest-east","8606":"game:clutter"},"ItemCodes":{"797":"game:hide-raw-medium","2397":"game:poultice-reed-horsetail","803":"game:hide-raw-large","3080":"game:stackrandomizer-ruinedweapon","1644":"game:knife-generic-flint","791":"game:hide-raw-small"},"Indices":[0,1048576,2097152,3145728,4194304],"BlockIds":[8613,2668,8109,8613,8606],"DecorIndices":[],"DecorIds":[],"BlockEntities":{"2097152":"!<d@[F*NH.#64c-E,TfC\"TSN&!<d@[F*`AX#64o6@VfsmCI<#NAI;p\\ATMrFARTY%\"po!]G%GQ5DfU+(#'\"^#Dfg%+!!!!'\"`nKuFE7Zf0E;+R!!\"#A!!!-%!!!!(!AOQT!!!\")#ljr,z#6?R[!<<*\",6IoG!<<*\"!!`N\\!!*'\"!!iu5!!*'\"!!!6)2#mXW!!$g>!!!$\"!!!!(!B'oY!!!!8!rr<&z!!!02AoD]VCi<g!6Z6LH$=da\\F*'!F@<6Mo\"E\\p.AI;pcCi!O!F(Jl:\":8pVF(djWB5D,Zz","4194304":"!<d@[F*NH.#64c-E,TfC#64`(!<d@[F*`AX#64o6@VfsmCI<#NAHu^]F`__:EWlSfH#R='B6%F(ATMs3DIkCT\":&scFCB9&=9&=$!!EUFATMNNDJ*csjNEk)\":&scFCB9&=o\\O&!!rsADes6$@ru9m!!!"},"Entities":[],"ReplaceMode":2,"EntranceRotation":-1}