{"GameVersion":"1.18.6","SizeX":1,"SizeY":5,"SizeZ":1,"BlockCodes":{"8328":"game:pan-wooden","8613":"game:meta-underground","2673":"game:soil-verylow-verysparse","8109":"game:chest-east","8606":"game:clutter"},"ItemCodes":{"269":"game:stackrandomizer-ore","279":"game:stackrandomizer-gear","261":"game:stackrandomizer-accessory-lowstatus"},"Indices":[0,1048576,2097152,3145728,4194304],"BlockIds":[8613,2673,8109,8613,8606],"DecorIndices":[],"DecorIds":[],"BlockEntities":{"2097152":"!<d@[F*NW3#64c-E,TfC\"TSN&!<d@[F*`AX#64o6@VfsmCI<#NAI;p\\ATMrFARTY%\"po!]G%GQ5DfU+(#'\"^#Dfg%+!!!!'\"`nKuFE7Zf0`V4S!!!H/!!!$\"!!!!(!Aa]V!!!!8!<<*#z#6?X]zL`cZt!<<*\"!!`N^!!*'\"!!NB'!!*'\"!!!6)2?3aX!!!H/!!!$\"z!!NdCDfS0\\De!QMDe*Dd@q]FpF=h'4F*%QgFEqh:$=e!jCgh:(ARmLu$#O6pBL-NKCh3SH!!!!","4194304":"!<d@[F*NW3#64c-E,TfC#64`(!<d@[F*`AX#64o6@VfsmCI<#NAHu^]F`__:EWlSfH#R='B6%F(ATMs3DIkCT\":&scFCB9&=9&=$!!EUFATMNNDJ*csjNEk)\":&scFCB9&=o\\O&!!rsADes6$@ru9m!!!"},"Entities":[],"ReplaceMode":2,"EntranceRotation":-1}