{
	"code": "caninae-urocyonini",
	"class": "EntityAgent",
	"canClimb": true,
	"fallDamageMultiplier": 0.25,
	"variantgroups": [
    {"code": "age","states": [ "adult"]},
    {"code": "gender","states": [ "male"]},
    {"code": "genus","states": [ "urocyon"]},
    {"code": "species","states": [ "cinereoargenteus","littoralis"]}
	],
	"allowedVariants": [
		"*-urocyon-cinereoargenteus",
		"*-urocyon-littoralis"
	],
	"collisionBoxSizeByType": {
		"*-urocyon-cinereoargenteus": {	"x": 0.8,"y": 0.45},
		"*-urocyon-littoralis": {	"x": 0.6,"y": 0.25}
	},
	"deadCollisionBoxSizeByType": {
		"*-urocyon-cinereoargenteus": {	"x": 0.8,"y": 0.4},
		"*-urocyon-littoralis": {	"x": 0.6,"y": 0.2}
	},
	"eyeHeightByType": {
		"*-urocyon-cinereoargenteus": 0.5,
		"*-urocyon-littoralis": 0.3
	},
	"weightByType": {
		"*-urocyon-cinereoargenteus": 6,
		"*-urocyon-littoralis": 2.5
	},
	"attributes": {
		"basketCatchableByType": { "*":  true },
		"trapChance": 0.4,
		"trapDestroyChance": 0.05,
		"creatureDiet": {"foodTags": [ "fruitmash","fruit","meat","sweetBerryBush"]},
		"handbook": {"groupcode": "creaturegroup-caninae"},
	"killedByInfoText": "deadcreature-eaten"},
	"drops": [],
	"client": {
		"renderer": "Shape",
		"shapeByType": {
			"*-urocyon-cinereoargenteus": { "base": "entity/urocyonini/cinereoargenteus-male" },
			"*-urocyon-littoralis": { "base": "entity/urocyonini/littoralis-male" }
		},
		"textureByType": {
			"*-urocyon-cinereoargenteus": { "base": "entity/urocyon/cinereoargenteus-adult" },
			"*-urocyon-littoralis": { "base": "entity/urocyon/littoralis-adult" }
		},
		"sizeByType": {
		"*-urocyon-cinereoargenteus": 1.0,
		"*-urocyon-littoralis": 0.7
		},
		"behaviors": [
			{"code": "repulseagents" },
			{"code": "controlledphysics","stepHeight": 1.1251},
			{"code": "floatupwhenstuck","onlyWhenDead": true},
			{"code": "interpolateposition" },
			{"code": "harvestable","quantitySlots": 8},
			{ "code": "mouthinventory", "acceptStacksByType": {"*-urocyon-*":[ { "type": "item", "code": "bushmeat-raw" }, { "type": "item", "code": "fish-raw" } , { "type": "item", "code": "poultry-raw" } , { "type": "item", "code": "redmeat-raw" } ,  { "type": "item", "code": "insect-grub"},{ "type": "item", "code": "insect-termite" }  ] }},
			{"code": "despawn","minPlayerDistance": 8,"belowLightLevel": 8,"minSeconds": 300},
			{"code": "ropetieable","minGeneration": 2}
		],
		"animations": [
			{"code": "hurt","animation": "Hurt","animationSpeed": 2.2,"weight": 10,"blendMode": "AddAverage"},
			{"code": "die","animation": "Death","animationSpeed": 1.25,"weight": 10,"blendMode": "Average","triggeredBy": { "onControls": [ "dead" ] }},
			{"code": "idle","animation": "Idle","blendMode": "AddAverage","easeOutSpeed": 4,"triggeredBy": { "defaultAnim": true }},
			{"code": "sleep","animation": "Sleep","easeInSpeed": 4,"easeOutSpeed": 4,"blendMode": "Average"},
			{"code": "sit","animation": "Sit","easeInSpeed": 4,"easeOutSpeed": 4,"blendMode": "Average"},
			{"code": "lie","animation": "Lie","easeInSpeed": 4,"easeOutSpeed": 4,"blendMode": "Average"},
			{"code": "swim","animation": "Swim","supressDefaultAnimation": true,"blendMode": "Average"},
			{"code": "walk","animation": "Walk","supressDefaultAnimation": true,"blendMode": "AddAverage"},
			{"code": "trot","animation": "Trot","supressDefaultAnimation": true,"blendMode": "AddAverage"},
			{"code": "canter","animation": "Canter","supressDefaultAnimation": true,"blendMode": "AddAverage"},
			{"code": "gallop","animation": "Gallop","supressDefaultAnimation": true,"blendMode": "AddAverage"}
		]
	},
	"server": {
		"attributes": {
			"pathfinder": {
				"minTurnAnglePerSec": 90,
				"maxTurnAnglePerSec": 270
			}
		},
		"behaviors": [
			{ "code": "repulseagents" },
			{"code": "controlledphysics","stepHeight": 1.1251},
			{"code": "despawn","minPlayerDistance": 8,"belowLightLevel": 8,"minSeconds": 300},
			{"code": "health",
				"maxhealthByType": {
				"*-urocyon-cinereoargenteus": 4,
				"*-urocyon-littoralis": 3
				}
			},
			{"code": "deaddecay",
				"hoursToDecay": 96,
				"decayedBlockByType": {
				"*-urocyon-*": "carcass-tiny"
				}
			},
			{"code": "floatupwhenstuck","onlyWhenDead": true},
			{"code": "harvestable",
				"quantitySlots": 8,
				"drops": [
					{
						"type": "item",
						"code": "game:bushmeat-raw",
						"quantityByType": {
							"*-urocyon-cinereoargenteus": {"avg": 1,"var": 0.3},
							"*-urocyon-littoralis": {"avg": 1,"var": 0.3}
						}
					},
					{
						"type": "item",
						"code": "game:fat",
						"quantityByType": {
							"*-urocyon-cinereoargenteus": {"avg": 0,"var": 0.3},
							"*-urocyon-littoralis": {"avg": 0,"var": 0.1}
						}
					},
					{
						"type": "item",
						"code": "caninae:pelt-urocyonini-male-{genus}-{species}",
						"quantityByType": {
							"*": {"avg": 1.0,"var": 0.0}
						}
					}
				]
			},
			{"code": "breathe" },
			{"code": "emotionstates",
				"states": [
					{"code": "fleeondamage","duration": 120,
						"chanceByType": {
							"*-urocyon-*": 0.95
						},
						"slot": 2,"priority": 5,"accumType": "max","whenHealthRelBelow": 0.75},
					{"code": "aggressiveondamage","duration": 30,
						"chanceByType": {
							"*-urocyon-*": 0.05
						},
						"slot": 2,"priority": 2,"accumType": "noaccum"},
					{"code": "fleeondamage","duration": 60,"chance": 1,"slot": 2,"priority": 1,"accumType": "max"},
					{"code": "alarmherdondamage","chance": 1,"slot": 1,"priority": 1,"accumType": "max"},
					{"code": "saturated","duration": 2400,"chance": 1,"slot": 0,"priority": 1,"accumType": "sum"}
				]
			},
			{
				"code": "taskai",
				"aitasks": [
					{
						"code": "meleeattack",
						"entityCodesByType": {
							"*-urocyon-cinereoargenteus": [ "player","chicken-*","fox-*","hare-*", "caninae-vulpini-*","casuariidae-egg-*", "procyonidae-*" ],
							"*-urocyon-littoralis": [ "chicken-*","fox-*","hare-*", "caninae-vulpini-*","casuariidae-egg-*" ]},
						"knockbackStrengthByType": {"*-urocyon-*":0.1,"*":0.1},
						"priority": 3,
						"slot": 1,
						"damageByType": {"*-urocyon-cinereoargenteus": 3,"*-urocyon-littoralis": 1},
						"damageTierByType": {"*-urocyon-*":1},
						"damageTypeByType": {"*": "SlashingAttack"},
						"mincooldown": 1500,
						"maxcooldown": 1500,
						"attackDurationMs": 800,
						"damagePlayerAtMs": 500,
						"animation": "Attack",
						"animationSpeed": 2.5,
						"soundByType": {"*-urocyon-*":"caninae:creature/urocyon/attack"},
						"whenNotInEmotionState": "fleeondamage"
					},
					{
						"code": "meleeattack",
						"entityCodesByType": {"*": ["player","bear-*","deer-*","goat-*","hyena-*","moose-*","pig-*","Sheep-*","wolf-*","antilopinae-*","caprinae-*","caninae-*","casuariidae-*","cervidae-*","machairodontinae-*","pantherinae-*","procyonidae-*","rhinocerotidae-*","suidae-*","ursidae-*"]},
						"knockbackStrengthByType": {"*-urocyon-*":0.1,"*":0.1},
						"priority": 3.1,
						"slot": 1,
						"damageByType": {"*-urocyon-cinereoargenteus": 3,"*-urocyon-littoralis": 1},
						"damageTierByType": {"*-urocyon-*": 1},
						"damageTypeByType": {"*": "SlashingAttack"},
						"mincooldown": 1500,
						"maxcooldown": 1500,
						"attackDurationMs": 800,
						"damagePlayerAtMs": 500,
						"animation": "Attack",
						"animationSpeed": 2.5,
						"soundByType": {"*-urocyon-*":"caninae:creature/urocyon/attack"},
						"whenInEmotionState": "aggressiveondamage"
					},
					{
						"code": "fleeentity",
						"entityCodesByType": {
							"*-urocyon-cinereoargenteus":[ "bear-*","deer-*","gazelle-*","goat-*","hyena-*","moose-*", "pig-*","sheep-*", "wolf-*","antilopinae-adult-*","caninae-canina-adult-*","caninae-cerdocyonina-adult-*","caninae-vulpini-adult-*", "caprinae-adult-*","casuariidae-adult-*","cervidae-alceini-adult-*","cervidae-capreolini-adult-*","cervidae-odocoileini-adult-*","machairodontinae-adult-*", "pantherinae-*", "rhinocerotidae-adult-*","suidae-adult-*","suidae-elder-*","ursidae-*"],
							"*-urocyon-littoralis":[ "bear-*","deer-*","gazelle-*","goat-*","hyena-*","moose-*", "pig-*","sheep-*", "wolf-*","antilopinae-adult-*","caninae-canina-adult-*","caninae-cerdocyonina-adult-*","caninae-vulpini-adult-*", "caprinae-adult-*","casuariidae-adult-*","cervidae-alceini-adult-*","cervidae-capreolini-adult-*","cervidae-odocoileini-adult-*","machairodontinae-adult-*", "pantherinae-*","procyonidae-adult-*","rhinocerotidae-adult-*", "suidae-adult-*","suidae-elder-*","ursidae-*"],
						},
						"priority": 3.81,
						"movespeedByType": {"*-urocyon-cinereoargenteus": 0.04,"*-urocyon-littoralis":0.04},
						"seekingRange": 12,
						"animation": "Gallop",
						"animationSpeed": 2
					},
					{
						"code": "fleeentity",
						"entityCodesByType": {
							"*-urocyon-cinereoargenteus":[ "bear-*","deer-*","gazelle-*","goat-*","hyena-*","moose-*", "pig-*","sheep-*", "wolf-*","antilopinae-adult-*","caninae-canina-adult-*","caninae-cerdocyonina-adult-*","caninae-vulpini-adult-*", "caprinae-adult-*","casuariidae-adult-*","cervidae-alceini-adult-*","cervidae-capreolini-adult-*","cervidae-odocoileini-adult-*","machairodontinae-adult-*", "pantherinae-*","rhinocerotidae-adult-*", "suidae-adult-*","suidae-elder-*","ursidae-*"],
							"*-urocyon-littoralis":[ "bear-*","deer-*","gazelle-*","goat-*","hyena-*","moose-*", "pig-*","sheep-*", "wolf-*","antilopinae-adult-*","caninae-canina-adult-*","caninae-cerdocyonina-adult-*","caninae-vulpini-adult-*", "caprinae-adult-*","casuariidae-adult-*","cervidae-alceini-adult-*","cervidae-capreolini-adult-*","cervidae-odocoileini-adult-*","machairodontinae-adult-*", "pantherinae-*","procyonidae-adult-*","rhinocerotidae-adult-*", "suidae-adult-*","suidae-elder-*","ursidae-*"],
						},
						"priority": 3.8,
						"movespeedByType": {"*-urocyon-cinereoargenteus": 0.026,"*-urocyon-littoralis":0.026},
						"seekingRange": 25,
						"animation": "Trot",
						"animationSpeed": 2.0,
						"soundByType": {"*-urocyon-*":"caninae:creature/urocyon/hurt"},
						"whenNotInEmotionState": "aggressiveondamage"
					},
					{
						"code": "seekentity",
						"entityCodesByType": {
							"*-urocyon-cinereoargenteus": [ "chicken-*","hare-*"  ],
							"*-urocyon-littoralis": [ "chicken-*","hare-*"  ]
						},
						"priority": 1.8,
						"seekingRange": 10,
						"movespeedByType": {"*-urocyon-cinereoargenteus": 0.04,"*-urocyon-littoralis":0.04},
						"animation": "Gallop",
						"animationSpeed": 2.0,
						"whenNotInEmotionState": "saturated"
					},
					{
						"code": "seekentity",
						"entityCodesByType": {
							"*-urocyon-cinereoargenteus": [ "chicken-*","hare-*","casuariidae-egg-*" ],
							"*-urocyon-littoralis": [ "chicken-*","hare-*","casuariidae-egg-*" ]
						},
						"priority": 1.7,
						"priorityForCancel": 1.71,
						"seekingRange": 30,
						"movespeedByType": {"*-urocyon-cinereoargenteus": 0.026,"*-urocyon-littoralis":0.026},
						"animation": "Trot",
						"animationSpeed": 2.0,
						"whenNotInEmotionState": "saturated"
					},
					{
						"code": "seekentity",
						"entityCodesByType": {
							"*": [ "caninae-vulpini-*", "procyonidae-*"]
						},
						"priority": 3.82,
						"seekingRange": 30,
						"movespeedByType": {"*-urocyon-cinereoargenteus": 0.04,"*-urocyon-littoralis":0.04},
						"animation": "Canter",
						"animationSpeed": 2.0,
						"soundByType": {"*-urocyon-*":"caninae:creature/urocyon/hurt"},
						"whenInEmotionState": "aggressiveondamage"
					},
					{
						"code": "fleeentity",
						"entityCodesByType": {
							"*-urocyon-cinereoargenteus": [ "player","bear-*", "deer-*","fox-*","gazelle-*", "goat-*","moose-*", "pig-*","raccoon-*","sheep-*", "wolf-*", "antilopinae-*", "caprinae-*", "caninae-canina-*", "caninae-cerdocyonina-*", "caninae-vulpini-*","casuariidae-adult-*", "cervidae-*","machairodontinae-adult-*","pantherinae-*","procyonidae-*","suidae-*","ursidae-*" ],
							"*-urocyon-littoralis": [ "player","bear-*", "deer-*","fox-*","gazelle-*", "goat-*","moose-*", "pig-*","raccoon-*","sheep-*", "wolf-*", "antilopinae-*", "caprinae-*", "caninae-canina-*", "caninae-cerdocyonina-*", "caninae-vulpini-*","casuariidae-adult-*", "cervidae-*","machairodontinae-adult-*","pantherinae-*","procyonidae-*","suidae-*","ursidae-*" ]
						},
						"priority": 3.83,
						"movespeedByType": {"*-urocyon-cinereoargenteus": 0.036,"*-urocyon-littoralis":0.036},
						"seekingRange": 25,
						"animation": "Canter",
						"animationSpeed": 2.0,
						"soundByType": {"*-urocyon-*":"caninae:creature/urocyon/hurt"},
						"whenInEmotionState": "fleeondamage"
					},
					{
						"code": "getoutofwater",
						"priority": 1.8,
						"priorityForCancel": 1.85,
						"movespeedByType": {"*-urocyon-cinereoargenteus": 0.036,"*-urocyon-littoralis":0.024},
						"animation": "Swim",
						"animationSpeed": 1
					},
					{
						"code": "stayclosetoentity",
						"priority": 1.4,
						"entityCodeByType": {
							"*-urocyon-*": "player"
						},
						"chance": 0.1,
						"movespeedByType": {"*-urocyon-cinereoargenteus": 0.012,"*-urocyon-littoralis":0.006},
						"maxDistance": 12,
						"searchRange": 25,
						"animation": "Trot",
						"animationSpeed": 2,
						"stopOnHurt": true,
						"soundByType": {"*-urocyon-*":"caninae:creature/urocyon/idle"}
					},
					{
						"code": "seekentity",
						"priority": 1.34,
						"entityCodesByType": {
							"*-urocyon-*": [ "player" ]
						},
						"minduration": 4000,
						"maxduration": 4000,
						"movespeedByType": {"*-urocyon-*": 0.0001},
						"mincooldown": 6000,
						"maxcooldown": 12000,
						"maxDistance": 18,
						"animation": "Yip",
						"animationSpeed": 1,
						"stopOnHurt": true,
						"soundByType": {"*-urocyon-*":"caninae:creature/urocyon/yip"},
						"soundRangeByType": {"*": 50}
					},
					{
						"code": "idle",
						"priority": 1.3,
						"minduration": 200000,
						"maxduration": 800000,
						"mincooldown": 10000,
						"maxcooldown": 30000,
						"animation": "Sleep",
						"animationSpeed": 0.3,
						"whenNotInEmotionState": "aggressiveondamage",
						"duringDayTimeFramesByType": {
							"*-urocyon-*":[{"fromHour": 11,"toHour": 18},{"fromHour": 0,"toHour": 3}]},
						"stopOnNearbyEntityCodes": [ "player" ],
						"stopRange": 6,
						"stopOnHurt": true
					},
					{
						"code": "seekfoodandeat",
						"movespeedByType": {"*-urocyon-cinereoargenteus": 0.005,"*-urocyon-littoralis":0.0025},
						"priority": 1.34,
						"eatSoundByType": {"*":"game:player/eat"},
						"eatTime": 5.0,
						"eatItemCategoriesByType":{"*-urocyon-*": ["fruit","protein"]},
						"eatItemCodesByType": {"*-urocyon-*": ["bone","fish-raw","insect-grub","insect-termite"]},
						"animationSpeed": 1,
						"animation": "Walk",
						"eatAnimation": "Eat",
						"eatAnimationLooseItems": "Eat",
						"mincooldownHours": 1,
						"maxcooldownHours": 4,
						"stopOnHurt": true
					},
					{
						"code": "useinventory",
						"animation": "Eat",
						"priority": 1.31,
						"priorityForCancel": 1.35,
						"eatItemCodesByType": {"*-urocyon-*": ["bone","fish-raw","insect-grub","insect-termite"]},
						"useTime": 3,
						"mincooldownHours": 0,
						"maxcooldownHours": 0.5,
						"stopOnHurt": true
					},
					{
						"code": "idle",
						"priority": 1.0,
						"priorityForCancel": 1.35,
						"minduration": 4667,
						"maxduration": 4667,
						"chance": 0.02,
						"mincooldown": 8000,
						"maxcooldown": 50000,
						"animation": "Yip",
						"animationSpeed": 1.0,
						"soundByType": {"*-urocyon-*": "caninae:creature/urocyon/yip"},
						"soundRangeByType": {"*": 50},
						"stopOnHurt": true
					},
					{
						"code": "wander",
						"priority": 1.0,
						"priorityForCancel": 1.35,
						"chance": 0.5,
						"movespeedByType": {"*-urocyon-cinereoargenteus": 0.012,"*-urocyon-littoralis":0.006},
						"animationSpeedByType": {"*": 2},
						"animation": "Trot",
						"preferredLightLevel": 8,
						"stopOnHurt": true
					},
					{
						"code": "wander",
						"priority": 1.0,
						"priorityForCancel": 1.35,
						"chance": 0.25,
						"movespeedByType": {"*-urocyon-cinereoargenteus": 0.005,"*-urocyon-littoralis":0.0025},
						"animationSpeedByType": {"*": 1},
						"animation": "Walk",
						"preferredLightLevel": 8,
						"stopOnHurt": true
					},
					{
						"code": "idle",
						"onBlockBelowCode": "game:snowblock",
						"priority": 0.9,
						"chance": 0.1,
						"minduration": 2400,
						"maxduration": 2400,
						"mincooldown": 6000,
						"maxcooldown": 120000,
						"priorityForCancel": 1.28,
						"stopOnHurt": true,
						"animation": "Dive",
						"animationSpeed": 1.25,
						"sound": "walk/deepsnow1",
						"soundStartMs": 950
					},
					{
						"code": "idle",
						"priority": 0.9,
						"minduration": 2500,
						"maxduration": 2500,
						"mincooldown": 6000,
						"maxcooldown": 20000,
						"priorityForCancel": 1.28,
						"stopOnHurt": true,
						"animation": "Sniff",
						"animationSpeed": 1.25
					},
					{
						"code": "idle",
						"priority": 0.9,
						"minduration": 6000,
						"maxduration": 45000,
						"mincooldown": 6000,
						"maxcooldown": 120000,
						"priorityForCancel": 1.28,
						"stopOnNearbyEntityCodes": [ "player", "bear-*","wolf-*","sheep-*","pig-*","cervidae-*","caprinae-*","caninae-canina-*","caninae-cerdocyonina-*","caninae-vulpini-*","machairodontinae-*","pantherinae-*","suidae-*","ursidae-*" ],
						"stopRange": 10,
						"stopOnHurt": true,
						"animation": "lie"
					},
					{
						"code": "idle",
						"priority": 0.9,
						"minduration": 6000,
						"maxduration": 45000,
						"mincooldown": 6000,
						"maxcooldown": 120000,
						"priorityForCancel": 1.28,
						"stopOnNearbyEntityCodes": [ "player", "bear-*","wolf-*","sheep-*","pig-*","cervidae-*","caprinae-*","caninae-canina-*","caninae-cerdocyonina-*","caninae-vulpini-*","machairodontinae-*","pantherinae-*","suidae-*","ursidae-*" ],
						"stopRange": 10,
						"stopOnHurt": true,
						"animation": "Sit"
					},
					{
						"code": "lookaround",
						"priority": 0.5
					}
				]
			},
			{"code": "ropetieable","minGeneration": 2},
			{"code": "pettable","minGeneration": 1},
			{ "code": "collectitems" }, 
			{ "code": "mouthinventory", "acceptStacksByType": {"*-urocyon-*":[ { "type": "item", "code": "bone" }, { "type": "item", "code": "fish-raw" }, { "type": "item", "code": "insect-grub" },{ "type": "item", "code": "insect-termite" }]}}
			],
		"spawnconditions": {
			"runtime": {
				"group": "neutral",
				"maxQuantity": 1,
				"spawnCapPlayerScaling": 0.01,
				"maxQuantityByGroup": {"code": "caninae-urocyonini-*","maxQuantity": 2},
				"tryOnlySurface": true,
				"chanceByType": {
					"*-urocyon-cinereoargenteus": 0.005,
					"*-urocyon-littoralis": 0.005
				},
				"minLightLevel": 10,
				"groupSizeByType": {
					"*-urocyon-cinereoargenteus": { "dist": "uniform", "avg": 1.5, "var": 0.5 },
					"*-urocyon-littoralis": { "dist": "uniform", "avg": 1.5, "var": 0.5 }
				},
				"insideBlockCodes": [ "game:gravel-*", "game:sand-*", "game:snowlayer-1", "game:soil-*","game:tallgrass-*" ],
				"minTempByType": {
					"*-urocyon-cinereoargenteus": -2,
					"*-urocyon-littoralis": 10},
				"maxTempByType": {
					"*-urocyon-cinereoargenteus": 28,
					"*-urocyon-littoralis": 23},
				"minRainByType": {
					"*-urocyon-cinereoargenteus": 0.0,
					"*-urocyon-littoralis": 0.4},
				"maxRainByType": {
					"*-urocyon-cinereoargenteus": 1.0,
					"*-urocyon-littoralis": 0.7},
				"minForestByType": {
					"*-urocyon-cinereoargenteus": 0.0,
					"*-urocyon-littoralis": 0.0},
				"maxForestByType": {
					"*-urocyon-cinereoargenteus": 1.0,
					"*-urocyon-littoralis": 0.6},
				"minYByType": {
					"*-urocyon-cinereoargenteus": 0.9,
					"*-urocyon-littoralis": 0.9},
				"maxYByType": {
					"*-urocyon-cinereoargenteus": 1.7,
					"*-urocyon-littoralis": 1.1},
				"companionsByType": {
				"*":["caninae:caninae-urocyonini-adult-female-{genus}-{species}"]}
			}
		}
	},
	"soundsByType": {
"*-urocyon-*":{"hurt": "caninae:creature/urocyon/hurt","death": "caninae:creature/urocyon/hurt","idle": "caninae:creature/urocyon/idle"}
	},
	"idleSoundChance": 0.05
}