{
	"code": "caninae-vulpini",
	"class": "EntityAgent",
	"fallDamageMultiplier": 0.25,
	"variantgroups": [
    {"code": "age","states": [ "adult"]},
    {"code": "gender","states": [ "male"]},
    {"code": "genus","states": [ "nyctereutes","otocyon","vulpes"]},
    {"code": "species","states": [ "procyonoides","viverrinus","megalotis","bengalensis","cana","chama","corsac","ferrilata","lagopus","macrotis","pallida","rueppellii","velox","vulpes","zerda"]}
	],
	"allowedVariants": [
		"*-nyctereutes-procyonoides",
		"*-nyctereutes-viverrinus",
		"*-otocyon-megalotis",
		"*-vulpes-bengalensis",
		"*-vulpes-cana",
		"*-vulpes-chama",
		"*-vulpes-corsac",
		"*-vulpes-ferrilata",
		"*-vulpes-lagopus",
		"*-vulpes-macrotis",
		"*-vulpes-pallida",
		"*-vulpes-rueppellii",
		"*-vulpes-velox",
		"*-vulpes-vulpes",
		"*-vulpes-zerda"
	],
	"collisionBoxSizeByType": {
		"*-nyctereutes-procyonoides": {	"x": 0.8,"y": 0.5},
		"*-nyctereutes-viverrinus": {	"x": 0.8,"y": 0.5},
		"*-otocyon-megalotis": {	"x": 0.8,"y": 0.4},
		"*-vulpes-bengalensis": {	"x": 0.8,"y": 0.3},
		"*-vulpes-cana": {	"x": 0.5,"y": 0.3},
		"*-vulpes-chama": {	"x": 0.7,"y": 0.35},
		"*-vulpes-corsac": {	"x": 0.8,"y": 0.4},
		"*-vulpes-ferrilata": {	"x": 0.8,"y": 0.4},
		"*-vulpes-lagopus": {	"x": 0.6,"y": 0.3},
		"*-vulpes-macrotis": {	"x": 0.7,"y": 0.4},
		"*-vulpes-pallida": {	"x": 0.2,"y": 0.4},
		"*-vulpes-rueppellii": {	"x": 0.6,"y": 0.3},
		"*-vulpes-velox": {	"x": 0.7,"y": 0.4},
		"*-vulpes-vulpes": {	"x": 0.8,"y": 0.5},
		"*-vulpes-zerda": {	"x": 0.4,"y": 0.25}
	},
	"deadCollisionBoxSizeByType": {
		"*-nyctereutes-procyonoides": {	"x": 0.8,"y": 0.4},
		"*-nyctereutes-viverrinus": {	"x": 0.8,"y": 0.4},
		"*-otocyon-megalotis": {	"x": 0.8,"y": 0.4},
		"*-vulpes-bengalensis": {	"x": 0.8,"y": 0.3},
		"*-vulpes-cana": {	"x": 0.5,"y": 0.2},
		"*-vulpes-chama": {	"x": 0.7,"y": 0.2},
		"*-vulpes-corsac": {	"x": 0.8,"y": 0.2},
		"*-vulpes-ferrilata": {	"x": 0.8,"y": 0.4},
		"*-vulpes-lagopus": {	"x": 0.6,"y": 0.2},
		"*-vulpes-macrotis": {	"x": 0.7,"y": 0.2},
		"*-vulpes-pallida": {	"x": 0.2,"y": 0.2},
		"*-vulpes-rueppellii": {	"x": 0.6,"y": 0.2},
		"*-vulpes-velox": {	"x": 0.7,"y": 0.2},
		"*-vulpes-vulpes": {	"x": 0.8,"y": 0.3},
		"*-vulpes-zerda": {	"x": 0.4,"y": 0.1}
	},
	"eyeHeightByType": {
		"*-nyctereutes-procyonoides": 0.5,
		"*-nyctereutes-viverrinus": 0.5,
		"*-otocyon-megalotis": 0.4,
		"*-vulpes-bengalensis": 0.3,
		"*-vulpes-cana": 0.5,
		"*-vulpes-chama": 0.5,
		"*-vulpes-corsac": 0.5,
		"*-vulpes-ferrilata": 0.5,
		"*-vulpes-lagopus": 0.5,
		"*-vulpes-macrotis": 0.5,
		"*-vulpes-pallida": 0.5,
		"*-vulpes-rueppellii": 0.5,
		"*-vulpes-velox": 0.5,
		"*-vulpes-vulpes": 0.5,
		"*-vulpes-zerda": 0.3
	},
	"weightByType": {
		"*-nyctereutes-procyonoides": 6,
		"*-nyctereutes-viverrinus": 6,
		"*-otocyon-megalotis": 5,
		"*-vulpes-bengalensis": 3,
		"*-vulpes-cana": 0.8,
		"*-vulpes-chama": 4,
		"*-vulpes-corsac": 2.5,
		"*-vulpes-ferrilata": 5,
		"*-vulpes-lagopus": 3.5,
		"*-vulpes-macrotis": 2,
		"*-vulpes-pallida": 3,
		"*-vulpes-rueppellii": 1.7,
		"*-vulpes-velox": 3,
		"*-vulpes-vulpes": 10,
		"*-vulpes-zerda": 1.5
	},
	"attributes": {
		"basketCatchableByType": { "*":  true },
		"trapChance": 0.4,
		"trapDestroyChance": 0.05,
		"creatureDiet": {"foodTags": [ "fruitmash","fruit","meat","sweetBerryBush"]},
		"handbook": {"groupcode": "creaturegroup-caninae"},
	"killedByInfoText": "deadcreature-eaten"},
	"drops": [],
	"client": {
		"renderer": "Shape",
		"shapeByType": {
			"*-nyctereutes-procyonoides": { "base": "entity/vulpini/procyonoides-male" },
		"*-nyctereutes-viverrinus": { "base": "entity/vulpini/viverrinus-male" },
		"*-otocyon-megalotis": { "base": "entity/vulpini/megalotis-male" },
		"*-vulpes-bengalensis": { "base": "entity/vulpini/bengalensis-male" },
		"*-vulpes-cana": { "base": "entity/vulpini/cana-male" },
		"*-vulpes-chama": { "base": "entity/vulpini/chama-male" },
		"*-vulpes-corsac": { "base": "entity/vulpini/corsac-male" },
		"*-vulpes-ferrilata": { "base": "entity/vulpini/ferrilata-male" },
		"*-vulpes-lagopus": { "base": "entity/vulpini/lagopus-male" },
		"*-vulpes-macrotis": { "base": "entity/vulpini/macrotis-male" },
		"*-vulpes-pallida": { "base": "entity/vulpini/macrotis-male" },
		"*-vulpes-rueppellii": { "base": "entity/vulpini/rueppellii-male" },
		"*-vulpes-velox": { "base": "entity/vulpini/velox-male" },
		"*-vulpes-vulpes": { "base": "entity/vulpini/vulpes-male" },
		"*-vulpes-zerda": { "base": "entity/vulpini/zerda-male" }
		},
		"textureByType": {
			"*-nyctereutes-procyonoides": { "base": "entity/nyctereutes/procyonoides-adult" },
			"*-nyctereutes-viverrinus": { "base": "entity/nyctereutes/viverrinus-adult" },
			"*-otocyon-megalotis": { "base": "entity/otocyon/megalotis-adult"}, 
			"*-vulpes-bengalensis": { "base": "entity/vulpes/bengalensis-adult" },
			"*-vulpes-cana": { "base": "entity/vulpes/cana-adult" },
			"*-vulpes-chama": { "base": "entity/vulpes/chama-adult" },
			"*-vulpes-corsac": { "base": "entity/vulpes/corsac-adult" },
			"*-vulpes-ferrilata": { "base": "entity/vulpes/ferrilata-adult" },
			"*-vulpes-lagopus": { "base": "entity/vulpes/lagopus-adult" },
			"*-vulpes-macrotis": { "base": "entity/vulpes/macrotis-adult" },
			"*-vulpes-pallida": { "base": "entity/vulpes/pallida-adult" },
			"*-vulpes-rueppellii": { "base": "entity/vulpes/rueppellii-adult" },
			"*-vulpes-velox": { "base": "entity/vulpes/velox-adult" },
			"*-vulpes-vulpes": { "base": "entity/vulpes/vulpes-adult" },
			"*-vulpes-zerda": { "base": "entity/vulpes/zerda-adult" }
		},
		"sizeByType": {
		"*-nyctereutes-procyonoides": 1.0,
		"*-nyctereutes-viverrinus": 1.0,
		"*-otocyon-megalotis": 0.86,
		"*-vulpes-bengalensis": 0.7,
		"*-vulpes-cana": 0.65,
		"*-vulpes-chama": 0.75,
		"*-vulpes-corsac": 0.86,
		"*-vulpes-ferrilata": 0.77,
		"*-vulpes-lagopus": 0.65,
		"*-vulpes-macrotis": 0.65,
		"*-vulpes-pallida": 0.55,
		"*-vulpes-rueppellii": 0.65,
		"*-vulpes-velox": 0.65,
		"*-vulpes-vulpes": 1.0,
		"*-vulpes-zerda": 0.46
		},
		"behaviors": [
			{"code": "repulseagents" },
			{"code": "controlledphysics","stepHeight": 2.1251},
			{"code": "floatupwhenstuck","onlyWhenDead": true},
			{"code": "interpolateposition" },
			{"code": "harvestable","quantitySlots": 8},
			{ "code": "mouthinventory", "acceptStacksByType": {"*-nyctereutes-*":[ { "type": "item", "code": "bushmeat-raw" },  { "type": "item", "code": "fish-raw" } , { "type": "item", "code": "poultry-raw" } , { "type": "item", "code": "redmeat-raw" } ,  { "type": "item", "code": "insect-grub"},{ "type": "item", "code": "insect-termite" }  ],"*-otocyon-*":[ { "type": "item", "code": "insect-grub"},{ "type": "item", "code": "insect-termite" }  ],"*-vulpes-*":[ { "type": "item", "code": "bushmeat-raw" },  { "type": "item", "code": "fish-raw" } , { "type": "item", "code": "poultry-raw" } , { "type": "item", "code": "redmeat-raw" } , { "type": "item", "code": "insect-grub"},{ "type": "item", "code": "insect-termite" }  ]  }},
			{"code": "despawn","minPlayerDistance": 8,"belowLightLevel": 8,"minSeconds": 300},
			{"code": "ropetieable","minGeneration": 2}
		],
		"animations": [
			{"code": "hurt","animation": "Hurt","animationSpeed": 2.2,"weight": 10,"blendMode": "AddAverage"},
			{"code": "die","animation": "Death","animationSpeed": 1.25,"weight": 10,"blendMode": "Average","triggeredBy": { "onControls": [ "dead" ] }},
			{"code": "idle","animation": "Idle","blendMode": "AddAverage","easeOutSpeed": 4,"triggeredBy": { "defaultAnim": true }},
			{"code": "sleep","animation": "Sleep","easeInSpeed": 4,"easeOutSpeed": 4,"blendMode": "Average"},
			{"code": "sit","animation": "Sit","easeInSpeed": 4,"easeOutSpeed": 4,"blendMode": "Average"},
			{"code": "lie","animation": "Lie","easeInSpeed": 4,"easeOutSpeed": 4,"blendMode": "Average"},
			{"code": "swim","animation": "Swim","supressDefaultAnimation": true,"blendMode": "Average"},
			{"code": "walk","animation": "Walk","supressDefaultAnimation": true,"blendMode": "AddAverage"},
			{"code": "trot","animation": "Trot","supressDefaultAnimation": true,"blendMode": "AddAverage"},
			{"code": "canter","animation": "Canter","supressDefaultAnimation": true,"blendMode": "AddAverage"},
			{"code": "gallop","animation": "Gallop","supressDefaultAnimation": true,"blendMode": "AddAverage"}
		]
	},
	"server": {
		"attributes": {
			"pathfinder": {
				"minTurnAnglePerSec": 90,
				"maxTurnAnglePerSec": 270
			}
		},
		"behaviors": [
			{ "code": "repulseagents" },
			{"code": "controlledphysics","stepHeight": 1.1251},
			{"code": "despawn","minPlayerDistance": 8,"belowLightLevel": 8,"minSeconds": 300},
			{"code": "health",
				"maxhealthByType": {
				"*-nyctereutes-procyonoides": 4,
				"*-nyctereutes-viverrinus": 4,
				"*-otocyon-megalotis": 4,
				"*-vulpes-bengalensis": 3,
				"*-vulpes-cana": 3,
				"*-vulpes-chama": 3,
				"*-vulpes-corsac": 3,
				"*-vulpes-ferrilata": 4,
				"*-vulpes-lagopus": 3,
				"*-vulpes-macrotis": 3,
				"*-vulpes-pallida": 3,
				"*-vulpes-rueppellii": 3,
				"*-vulpes-velox": 3,
				"*-vulpes-vulpes": 5,
				"*-vulpes-zerda": 3
				}
			},
			{"code": "deaddecay",
				"hoursToDecay": 96,
				"decayedBlockByType": {
				"*-vulpini-*": "carcass-tiny"
				}
			},
			{"code": "floatupwhenstuck","onlyWhenDead": true},
			{"code": "harvestable",
				"quantitySlots": 8,
				"drops": [
					{
						"type": "item",
						"code": "game:bushmeat-raw",
						"quantityByType": {
							"*-nyctereutes-procyonoides": {"avg": 1,"var": 0.3},
							"*-nyctereutes-viverrinus": {"avg": 1,"var": 0.3},
							"*-otocyon-megalotis": {"avg": 1,"var": 0.3},
							"*-vulpes-bengalensis": {"avg": 1,"var": 0.3},
							"*-vulpes-cana": {"avg": 0,"var": 0},
							"*-vulpes-chama": {"avg": 1,"var": 0.3},
							"*-vulpes-corsac": {"avg": 1,"var": 0.3},
							"*-vulpes-ferrilata": {"avg": 1,"var": 0.3},
							"*-vulpes-lagopus": {"avg": 1,"var": 0.3},
							"*-vulpes-macrotis": {"avg": 0,"var": 0},
							"*-vulpes-pallida": {"avg": 1,"var": 0.3},
							"*-vulpes-rueppellii": {"avg": 0,"var": 0},
							"*-vulpes-velox": {"avg": 1,"var": 0.3},
							"*-vulpes-vulpes": {"avg": 2,"var": 0.6},
							"*-vulpes-zerda": {"avg": 0,"var": 0}
						}
					},
					{
						"type": "item",
						"code": "game:fat",
						"quantityByType": {
							"*-nyctereutes-procyonoides": {"avg": 1,"var": 0.3},
							"*-nyctereutes-viverrinus": {"avg": 1,"var": 0.3},
							"*-vulpes-ferrilata": {"avg": 1,"var": 0.3},
							"*-vulpes-vulpes": {"avg": 1,"var": 0.3},
							"*": {"avg": 0,"var": 0}
						}
					},
					{
						"type": "item",
						"code": "caninae:pelt-vulpini-male-{genus}-{species}",
						"quantityByType": {
							"*": {"avg": 1.0,"var": 0.0}
						}
					}
				]
			},
			{"code": "breathe" },
			{"code": "emotionstates",
				"states": [
					{"code": "fleeondamage","duration": 120,
						"chanceByType": {
							"*": 0.95
						},
						"slot": 2,"priority": 5,"accumType": "max","whenHealthRelBelow": 0.75},
					{"code": "aggressiveondamage","duration": 30,
						"chanceByType": {
							"*": 0.05
						},
						"slot": 2,"priority": 2,"accumType": "noaccum"},
					{"code": "fleeondamage","duration": 60,"chance": 1,"slot": 2,"priority": 1,"accumType": "max"},
					{"code": "alarmherdondamage","chance": 1,"slot": 1,"priority": 1,"accumType": "max"},
					{"code": "saturated","duration": 2400,"chance": 1,"slot": 0,"priority": 1,"accumType": "sum"}
				]
			},
			{
				"code": "taskai",
				"aitasks": [
					{
						"code": "meleeattack",
						"entityCodesByType": {
							"*-nyctereutes-*": [ "player","chicken-*","hare-*","casuariidae-baby-*","casuariidae-egg-*", "procyonidae-*" ],
							"*-otocyon-*": [ "player","chicken-*","hare-*","casuariidae-baby-*","casuariidae-egg-*", "procyonidae-*" ],
							"*-vulpes-vulpes": [ "player","chicken-*","deer-*","goat-*","hare-*","antilopinae-*", "caprinae-*","casuariidae-baby-*","casuariidae-egg-*", "cervidae-*","procyonidae-*", "suidae-*" ],
							"*-vulpes-*": [ "player","chicken-*","hare-*","casuariidae-baby-*","casuariidae-egg-*", "procyonidae-*" ]},
						"knockbackStrengthByType": {"*":0.1},
						"priority": 3,
						"slot": 1,
						"damageByType": {"*-nyctereutes-*": 3,"*-otocyon-*": 3,"*-bengalensis": 2,"*-cana": 1,"*-chama": 2,"*-corsac": 1,"*-ferrilata": 3,"*-lagopus": 2,"*-macrotis": 1,"*-pallida": 2,"*-rueppellii": 1,"*-velox": 2,"*-vulpes": 3,"*-zerda": 1},
						"damageTierByType": {"*":1},
						"damageTypeByType": {"*": "SlashingAttack"},
						"mincooldown": 1500,
						"maxcooldown": 1500,
						"attackDurationMs": 800,
						"damagePlayerAtMs": 500,
						"animation": "Attack",
						"animationSpeed": 2.5,
						"soundByType": {"*-nyctereutes-*":"caninae:creature/nyctereutes/growl","*-otocyon-*":"caninae:creature/otocyon/growl","*-vulpes-zerda":"caninae:creature/vulpes/zerda-attack","*-vulpes-*":"game:creature/fox/attack"},
						"whenNotInEmotionState": "fleeondamage"
					},
					{
						"code": "meleeattack",
						"entityCodesByType": {"*": ["player","bear-*","deer-*","gazelle-*","goat-*","hyena-*","moose-*","pig-*","wolf-*","antilopinae-*","caprinae-*","caninae-canina-*", "caninae-cerdocyonina-*","casuariidae-*","cervidae-*","machairodontinae-*","pantherinae-*","procyonidae-*","rhinocerotidae-*","suidae-*","ursidae-*"]},
						"knockbackStrengthByType": {"*":0.1},
						"priority": 3.1,
						"slot": 1,
						"damageByType": {"*-nyctereutes-*": 3,"*-otocyon-*": 3,"*-bengalensis": 2,"*-cana": 1,"*-chama": 2,"*-corsac": 1,"*-ferrilata": 3,"*-lagopus": 2,"*-macrotis": 1,"*-pallida": 2,"*-rueppellii": 1,"*-velox": 2,"*-vulpes": 3,"*-zerda": 1},
						"damageTierByType": {"*": 1},
						"damageTypeByType": {"*": "SlashingAttack"},
						"mincooldown": 1500,
						"maxcooldown": 1500,
						"attackDurationMs": 800,
						"damagePlayerAtMs": 500,
						"animation": "Attack",
						"animationSpeed": 2.5,
						"soundByType": {"*-nyctereutes-*":"caninae:creature/nyctereutes/growl","*-otocyon-*":"caninae:creature/otocyon/growl","*-vulpes-zerda":"caninae:creature/vulpes/zerda-attack","*-vulpes-*":"game:creature/fox/attack"},
						"whenInEmotionState": "aggressiveondamage"
					},
					{
						"code": "fleeentity",
						"entityCodesByType": {
							"*-nyctereutes-*":[ "player", "bear-*", "deer-*", "fox-*","gazelle_*", "goat-*","hyena-*", "moose-*","sheep-*", "pig-*", "wolf-*","antilopinae-*","caninae-canina-*","caninae-cerdocyonina-*","caprinae-*","casuariidae-*", "cervidae-*","machairodontinae-adult-*", "pantherinae-*","rhinocerotidae-*","suidae-*","ursidae-*"  ],
							"*-otocyon-*": [ "player", "bear-*", "deer-*", "fox-*","gazelle_*", "goat-*","hyena-*", "moose-*","sheep-*", "pig-*", "wolf-*","antilopinae-*","caninae-canina-*","caninae-cerdocyonina-*","caprinae-*","casuariidae-*", "cervidae-*","machairodontinae-adult-*", "pantherinae-*","rhinocerotidae-*","suidae-*","ursidae-*"  ],
							"*-vulpes-vulpes": [ "player", "bear-*", "deer-*", "gazelle_*", "goat-*","hyena-*", "moose-*","sheep-*", "pig-*", "wolf-*","antilopinae-*","caninae-canina-*","caninae-cerdocyonina-*","caprinae-*","casuariidae-*", "cervidae-*","machairodontinae-adult-*", "pantherinae-*","rhinocerotidae-*","suidae-*","ursidae-*"  ],
							"*-vulpes-*": [ "player", "bear-*", "deer-*", "fox-*","gazelle_*", "goat-*","hyena-*", "moose-*","sheep-*", "pig-*", "wolf-*","antilopinae-*","caninae-canina-*","caninae-cerdocyonina-*","caprinae-*","casuariidae-*", "cervidae-*","machairodontinae-adult-*", "pantherinae-*","rhinocerotidae-*","suidae-*","ursidae-*"  ]},
						"priority": 3.81,
						"movespeedByType": {"*-nyctereutes-*": 0.04,"*-otocyon-*":0.032,"*-vulpes-bengalensis":0.028,"*-vulpes-cana":0.024,"*-vulpes-chama":0.03,"*-vulpes-corsac":0.032,"*-vulpes-ferrilata":0.03,"*-vulpes-lagopus":0.024,"*-vulpes-macrotis":0.024,"*-vulpes-pallida":0.02,"*-vulpes-rueppellii":0.024,"*-vulpes-velox":0.024,"*-vulpes-vulpes":0.04,"*-vulpes-zerda":0.02},
						"seekingRange": 6,
						"animation": "Gallop",
						"animationSpeed": 2,
						"soundByType": {"*-nyctereutes-*":"caninae:creature/nyctereutes/hurt", "*-vulpes-zerda":"caninae:creature/vulpes/zerda-chirp","*-vulpes-*":"game:creature/fox/hurt"}
					},
					{
						"code": "fleeentity",
						"entityCodesByType": {
							"*-nyctereutes-*":[ "player", "bear-*", "deer-*", "fox-*","gazelle_*", "goat-*","hyena-*", "moose-*","sheep-*", "pig-*", "wolf-*","antilopinae-*","caninae-canina-*","caninae-cerdocyonina-*","caprinae-*","casuariidae-*", "cervidae-*","machairodontinae-adult-*", "pantherinae-*","rhinocerotidae-*","suidae-*","ursidae-*"  ],
							"*-otocyon-*": [ "player", "bear-*", "deer-*", "fox-*","gazelle_*", "goat-*","hyena-*", "moose-*","sheep-*", "pig-*", "wolf-*","antilopinae-*","caninae-canina-*","caninae-cerdocyonina-*","caprinae-*","casuariidae-*", "cervidae-*","machairodontinae-adult-*", "pantherinae-*","rhinocerotidae-*","suidae-*","ursidae-*"  ],
							"*-vulpes-vulpes": [ "player", "bear-*", "deer-*", "gazelle_*", "goat-*","hyena-*", "moose-*","sheep-*", "pig-*", "wolf-*","antilopinae-*","caninae-canina-*","caninae-cerdocyonina-*","caprinae-*","casuariidae-*", "cervidae-*","machairodontinae-adult-*", "pantherinae-*","rhinocerotidae-*","suidae-*","ursidae-*"  ],
							"*-vulpes-*": [ "player", "bear-*", "deer-*", "fox-*","gazelle_*", "goat-*","hyena-*", "moose-*","sheep-*", "pig-*", "wolf-*","antilopinae-*","caninae-canina-*","caninae-cerdocyonina-*","caprinae-*","casuariidae-*", "cervidae-*","machairodontinae-adult-*", "pantherinae-*","rhinocerotidae-*","suidae-*","ursidae-*"  ]},
						"priority": 3.8,
						"movespeedByType": {"*-nyctereutes-*": 0.01,"*-otocyon-*":0.0085,"*-vulpes-bengalensis":0.007,"*-vulpes-cana":0.006,"*-vulpes-chama":0.0075,"*-vulpes-corsac":0.0085,"*-vulpes-ferrilata":0.0075,"*-vulpes-lagopus":0.006,"*-vulpes-macrotis":0.006,"*-vulpes-pallida":0.005,"*-vulpes-rueppellii":0.006,"*-vulpes-velox":0.006,"*-vulpes-vulpes":0.01,"*-vulpes-zerda":0.005},
						"seekingRange": 25,
						"animation": "Trot",
						"animationSpeed": 2.0,
						"whenNotInEmotionState": "aggressiveondamage"
					},
					{
						"code": "seekentity",
						"entityCodesByType": {
							"*-nyctereutes-procyonoides": [ "chicken-*","hare-*","casuariidae-baby-*"  ],
							"*-otocyon-*": [],
							"*-vulpes-vulpes": [ "chicken-*","deer-*-*-baby","gazelle-baby","goat-*-*-baby","hare-*","pig-baby","antilopinae-baby-*","caprinae-baby-*","casuariidae-baby-*","cervidae-capreolini-baby-*","cervidae-odocoileini-baby-*","suidae-baby-*"  ],
							"*-vulpes-*": [ "chicken-*","hare-*","casuariidae-baby-*"  ]},
						"priority": 1.8,
						"seekingRange": 10,
						"movespeedByType": {"*-nyctereutes-*": 0.04, "*-otocyon-*":0.032,"*-vulpes-bengalensis":0.028,"*-vulpes-cana":0.024,"*-vulpes-chama":0.03,"*-vulpes-corsac":0.032,"*-vulpes-ferrilata":0.03,"*-vulpes-lagopus":0.024,"*-vulpes-macrotis":0.024,"*-vulpes-pallida":0.02,"*-vulpes-rueppellii":0.024,"*-vulpes-velox":0.024,"*-vulpes-vulpes":0.04,"*-vulpes-zerda":0.02},
						"animation": "Gallop",
						"animationSpeed": 2.0,
						"whenNotInEmotionState": "saturated"
					},
					{
						"code": "seekentity",
						"entityCodesByType": {
							"*-nyctereutes-procyonoides": [ "chicken-*","hare-*","casuariidae-baby-*","casuariidae-egg-*"  ],
							"*-otocyon-*": [],
							"*-vulpes-vulpes": [ "chicken-*","deer-*-*-baby","gazelle-baby","goat-*-*-baby","hare-*","pig-baby","antilopinae-baby-*","caprinae-baby-*","casuariidae-baby-*","casuariidae-egg-*","cervidae-capreolini-baby-*","cervidae-odocoileini-baby-*","suidae-baby-*"  ],
							"*-vulpes-*": [ "chicken-*","hare-*","casuariidae-baby-*","casuariidae-egg-*"   ]},
						"priority": 1.7,
						"priorityForCancel": 1.71,
						"seekingRange": 30,
						"movespeedByType": {"*-nyctereutes-*": 0.009,"*-otocyon-*":0.008,"*-vulpes-bengalensis":0.0063,"*-vulpes-cana":0.006,"*-vulpes-chama":0.00675,"*-vulpes-corsac":0.008,"*-vulpes-ferrilata":0.00675,"*-vulpes-lagopus":0.006,"*-vulpes-macrotis":0.006,"*-vulpes-pallida":0.0045,"*-vulpes-rueppellii":0.006,"*-vulpes-velox":0.006,"*-vulpes-vulpes":0.009,"*-vulpes-zerda":0.0045},
						"animation": "Trot",
						"animationSpeed": 2.0,
						"whenNotInEmotionState": "saturated"
					},
					{
						"code": "seekentity",
						"entityCodesByType": {
							"*-nyctereutes-*":[ "player", "bear-*", "deer-*", "fox-*","gazelle_*", "goat-*","hyena-*", "moose-*","sheep-*", "pig-*", "wolf-*","antilopinae-*","caninae-canina-*","caninae-cerdocyonina-*","caprinae-*","casuariidae-*", "cervidae-*","machairodontinae-adult-*", "pantherinae-*","suidae-*","ursidae-*"  ],
							"*-otocyon-*": [ "player", "bear-*", "deer-*", "fox-*","gazelle_*", "goat-*","hyena-*", "moose-*","sheep-*", "pig-*", "wolf-*","antilopinae-*","caninae-canina-*","caninae-cerdocyonina-*","caprinae-*","casuariidae-*", "cervidae-*","machairodontinae-adult-*", "pantherinae-*","suidae-*","ursidae-*"  ],
							"*-vulpes-vulpes": [ "player", "bear-*", "deer-*", "gazelle_*", "goat-*","hyena-*", "moose-*","sheep-*", "pig-*", "wolf-*","antilopinae-*","caninae-canina-*","caninae-cerdocyonina-*","caprinae-*","casuariidae-*", "cervidae-*","machairodontinae-adult-*", "pantherinae-*","suidae-*","ursidae-*"  ],
							"*-vulpes-*": [ "player", "bear-*", "deer-*", "fox-*","gazelle_*", "goat-*","hyena-*", "moose-*","sheep-*", "pig-*", "wolf-*","antilopinae-*","caninae-canina-*","caninae-cerdocyonina-*","caprinae-*","casuariidae-*", "cervidae-*","machairodontinae-adult-*", "pantherinae-*","suidae-*","ursidae-*"  ]},
						"priority": 3.82,
						"seekingRange": 5,
						"movespeedByType": {"*-nyctereutes-*": 0.04,"*-otocyon-*":0.032,"*-vulpes-bengalensis":0.028,"*-vulpes-cana":0.024,"*-vulpes-chama":0.03,"*-vulpes-corsac":0.032,"*-vulpes-ferrilata":0.03,"*-vulpes-lagopus":0.024,"*-vulpes-macrotis":0.024,"*-vulpes-pallida":0.02,"*-vulpes-rueppellii":0.024,"*-vulpes-velox":0.024,"*-vulpes-vulpes":0.04,"*-vulpes-zerda":0.02},
						"animation": "Canter",
						"animationSpeed": 1.0,
						"soundByType": {"*-nyctereutes-*":"caninae:creature/nyctereutes/hurt","*-vulpes-zerda":"caninae:creature/vulpes/zerda-attack","*-vulpes-*":"game:creature/fox/growl"},
						"whenInEmotionState": "aggressiveondamage"
					},
					{
						"code": "fleeentity",
						"entityCodesByType": {
							"*-nyctereutes-*":[ "player", "bear-*", "deer-*", "fox-*","gazelle_*", "goat-*","hyena-*", "moose-*","sheep-*", "pig-*", "wolf-*","antilopinae-*","caninae-canina-*","caninae-cerdocyonina-*","caprinae-*","casuariidae-*", "cervidae-*","machairodontinae-adult-*", "pantherinae-*","suidae-*","ursidae-*"  ],
							"*-otocyon-*": [ "player", "bear-*", "deer-*", "fox-*","gazelle_*", "goat-*","hyena-*", "moose-*","sheep-*", "pig-*", "wolf-*","antilopinae-*","caninae-canina-*","caninae-cerdocyonina-*","caprinae-*","casuariidae-*", "cervidae-*","machairodontinae-adult-*", "pantherinae-*","suidae-*","ursidae-*"  ],
							"*-vulpes-vulpes": [ "player", "bear-*", "deer-*", "gazelle_*", "goat-*","hyena-*", "moose-*","sheep-*", "pig-*", "wolf-*","antilopinae-*","caninae-canina-*","caninae-cerdocyonina-*","caprinae-*","casuariidae-*", "cervidae-*","machairodontinae-adult-*", "pantherinae-*","suidae-*","ursidae-*"  ],
							"*-vulpes-*": [ "player", "bear-*", "deer-*", "fox-*","gazelle_*", "goat-*","hyena-*", "moose-*","sheep-*", "pig-*", "wolf-*","antilopinae-*","caninae-canina-*","caninae-cerdocyonina-*","caprinae-*","casuariidae-*", "cervidae-*","machairodontinae-adult-*", "pantherinae-*","suidae-*","ursidae-*"  ]},
						"priority": 3.83,
						"movespeedByType": {"*-nyctereutes-*": 0.036,"*-otocyon-*":0.029,"*-vulpes-bengalensis":0.024,"*-vulpes-cana":0.022,"*-vulpes-chama":0.027,"*-vulpes-corsac":0.029,"*-vulpes-ferrilata":0.027,"*-vulpes-lagopus":0.022,"*-vulpes-macrotis":0.022,"*-vulpes-pallida":0.018,"*-vulpes-rueppellii":0.022,"*-vulpes-velox":0.022,"*-vulpes-vulpes":0.036,"*-vulpes-zerda":0.018},
						"seekingRange": 25,
						"animation": "Canter",
						"animationSpeed": 2.0,
						"soundByType": {"*-nyctereutes-*":"caninae:creature/nyctereutes/hurt", "*-vulpes-zerda":"caninae:creature/vulpes/zerda-chirp","*-vulpes-*":"game:creature/fox/hurt"},
						"whenInEmotionState": "fleeondamage"
					},
					{
						"code": "getoutofwater",
						"priority": 1.81,
						"priorityForCancel": 1.85,
						"movespeedByType": {"*-nyctereutes-*": 0.036,"*-otocyon-*":0.029,"*-vulpes-bengalensis":0.024,"*-vulpes-cana":0.024,"*-vulpes-chama":0.03,"*-vulpes-corsac":0.029,"*-vulpes-ferrilata":0.03,"*-vulpes-lagopus":0.024,"*-vulpes-macrotis":0.024,"*-vulpes-pallida":0.018,"*-vulpes-rueppellii":0.024,"*-vulpes-velox":0.024,"*-vulpes-vulpes":0.036,"*-vulpes-zerda":0.018},
						"animation": "Swim",
						"animationSpeed": 1
					},
					{
						"code": "stayclosetoentity",
						"priority": 1.4,
						"entityCodeByType": {
							"*-nyctereutes-*": "*-nyctereutes-*",
							"*-otocyon-*": "*-otocyon-*",
							"*-vulpes-*": "*-vulpes-*"
						},
						"chance": 0.1,
						"movespeedByType": {"*-nyctereutes-*": 0.012,"*-otocyon-*":0.0096,"*-vulpes-bengalensis":0.008,"*-vulpes-cana":0.008,"*-vulpes-chama":0.009,"*-vulpes-corsac":0.0096,"*-vulpes-ferrilata":0.009,"*-vulpes-lagopus":0.008,"*-vulpes-macrotis":0.008,"*-vulpes-pallida":0.006,"*-vulpes-rueppellii":0.08,"*-vulpes-velox":0.008,"*-vulpes-vulpes":0.012,"*-vulpes-zerda":0.006},
						"maxDistance": 6,
						"searchRange": 25,
						"animation": "Trot",
						"animationSpeed": 2,
						"stopOnHurt": true,
						"soundByType": {"*-nyctereutes-*":"caninae:creature/nyctereutes/call"}
					},
					{
						"code": "seekentity",
						"priority": 1.34,
						"entityCodesByType": {
							"*-nyctereutes-*": [ "player" ],
							"*-otocyon-*": [],
							"*-vulpes-vulpes": [ "player" ],
							"*-vulpes-*": [ "player" ]
						},
						"minduration": 4000,
						"maxduration": 4000,
						"movespeedByType": {"*-vulpini-*": 0.0001},
						"mincooldown": 6000,
						"maxcooldown": 12000,
						"maxDistanceByType": {"*-nyctereutes-*":10,"*-vulpes-vulpes":13,"*-vulpes-*":10},
						"animation": "Yip",
						"animationSpeed": 1,
						"stopOnHurt": true,
						"soundByType": {"*-nyctereutes-*":"caninae:creature/nyctereutes/growl","*-otocyon-*":"caninae:creature/otocyon/growl","*-vulpes-zerda":"caninae:creature/vulpes/zerda-chirp","*-vulpes-*":"game:creature/fox/growl"},
						"soundRangeByType": {"*": 25}
					},
					{
						"code": "idle",
						"priority": 1.3,
						"minduration": 200000,
						"maxduration": 800000,
						"mincooldown": 10000,
						"maxcooldown": 30000,
						"animation": "Sleep",
						"animationSpeed": 0.3,
						"whenNotInEmotionState": "aggressiveondamage",
						"duringDayTimeFramesByType": {
							"*-nyctereutes-*":[{"fromHour": 11,"toHour": 14},{"fromHour": 16,"toHour": 18}],
							"*-otocyon-*":[{"fromHour": 11,"toHour": 18}],
							"*-vulpes-bengalensis":[{"fromHour": 11,"toHour": 18}],
							"*-vulpes-cana":[{"fromHour": 11,"toHour": 18}],
							"*-vulpes-chama":[{"fromHour": 11,"toHour": 18}],
							"*-vulpes-corsac":[{"fromHour": 11,"toHour": 18}],
							"*-vulpes-ferrilata":[{"fromHour": 18,"toHour": 24},{"fromHour": 0,"toHour": 6}],
							"*-vulpes-lagopus":[{"fromHour": 18,"toHour": 24},{"fromHour": 0,"toHour": 6}],
							"*-vulpes-macrotis":[{"fromHour": 11,"toHour": 18}],
							"*-vulpes-pallida":[{"fromHour": 11,"toHour": 18}],
							"*-vulpes-rueppellii":[{"fromHour": 11,"toHour": 18}],
							"*-vulpes-velox":[{"fromHour": 11,"toHour": 18}],
							"*-vulpes-vulpes":[{"fromHour": 11,"toHour": 18}],
							"*-vulpes-zerda":[{"fromHour": 11,"toHour": 18}]},
						"stopOnNearbyEntityCodes": [ "player" ],
						"stopRange": 6,
						"stopOnHurt": true
					},
					{
						"code": "seekfoodandeat",
						"movespeedByType": {"*-nyctereutes-*": 0.004,"*-otocyon-*":0.032,"*-vulpes-bengalensis":0.0028,"*-vulpes-cana":0.0024,"*-vulpes-chama":0.003,"*-vulpes-corsac":0.004,"*-vulpes-ferrilata":0.003,"*-vulpes-lagopus":0.0024,"*-vulpes-macrotis":0.024,"*-vulpes-pallida":0.002,"*-vulpes-rueppellii":0.024,"*-vulpes-velox":0.024,"*-vulpes-vulpes":0.004,"*-vulpes-zerda":0.002},
						"priority": 1.34,
						"eatSoundByType": {"*":"game:player/eat"},
						"eatTime": 5.0,
						"eatItemCategoriesByType":{"*-nyctereutes-*": ["protein"],"*-vulpes-*": ["protein","fruit"]},
						"eatItemCodesByType": {"*-nyctereutes-*": ["bone","fish-raw","insect-grub","insect-termite"],"*-otocyon-*": ["insect-grub","insect-termite"],"*-vulpes-*": ["bone","fish-raw","insect-grub","insect-termite"]},
						"animationSpeed": 1,
						"animation": "Walk",
						"eatAnimation": "Eat",
						"eatAnimationLooseItems": "Eat",
						"mincooldownHours": 1,
						"maxcooldownHours": 4,
						"stopOnHurt": true
					},
					{
						"code": "useinventory",
						"animation": "Eat",
						"priority": 1.31,
						"priorityForCancel": 1.35,
						"eatItemCodesByType": {"*-nyctereutes-*": ["bone","fish-raw","insect-grub","insect-termite"],"*-otocyon-*": ["insect-grub","insect-termite"],"*-vulpes-*": ["bone","fish-raw","insect-grub","insect-termite"]},
						"useTime": 3,
						"mincooldownHours": 0,
						"maxcooldownHours": 0.5,
						"stopOnHurt": true
					},
					{
						"code": "idle",
						"priority": 1.0,
						"priorityForCancel": 1.35,
						"minduration": 4667,
						"maxduration": 4667,
						"chanceByType": {"*-nyctereutes-*": 0.001, "*-vulpes-*": 0.005},
						"mincooldown": 8000,
						"maxcooldown": 50000,
						"animation": "Yip",
						"animationSpeed": 1.0,
						"soundByType": {"*-nyctereutes-*":"caninae:creature/nyctereutes/call","*-vulpes-bengalensis":"caninae:creature/vulpes/bengalensis-call","*-vulpes-lagopus":"caninae:creature/vulpes/lagopus-call","*-vulpes-vulpes":"caninae:creature/vulpes/vulpes-call","*-vulpes-zerda":"caninae:creature/vulpes/zerda-call"},
						"soundRangeByType": {"*-nyctereutes-*": 25, "*-vulpes-*": 50},
						"stopOnHurt": true
					},
					{
						"code": "wander",
						"priority": 1.0,
						"priorityForCancel": 1.35,
						"chance": 0.5,
						"movespeedByType": {"*-nyctereutes-*": 0.009,"*-otocyon-*":0.0072,"*-vulpes-bengalensis":0.0063,"*-vulpes-cana":0.006,"*-vulpes-chama":0.00675,"*-vulpes-corsac":0.0072,"*-vulpes-ferrilata":0.00675,"*-vulpes-lagopus":0.006,"*-vulpes-macrotis":0.006,"*-vulpes-pallida":0.0045,"*-vulpes-rueppellii":0.006,"*-vulpes-velox":0.006,"*-vulpes-vulpes":0.009,"*-vulpes-zerda":0.0045},
						"animationSpeedByType": {"*": 2},
						"animation": "Trot",
						"preferredLightLevel": 8,
						"stopOnHurt": true
					},
					{
						"code": "wander",
						"priority": 1.0,
						"priorityForCancel": 1.35,
						"chance": 0.25,
						"movespeedByType": {"*-nyctereutes-*": 0.004,"*-otocyon-*":0.0032,"*-vulpes-bengalensis":0.0028,"*-vulpes-cana":0.0024,"*-vulpes-chama":0.003,"*-vulpes-corsac":0.0032,"*-vulpes-ferrilata":0.003,"*-vulpes-lagopus":0.0024,"*-vulpes-macrotis":0.0024,"*-vulpes-pallida":0.002,"*-vulpes-rueppellii":0.0024,"*-vulpes-velox":0.0024,"*-vulpes-vulpes":0.004,"*-vulpes-zerda":0.002},
						"animationSpeedByType": {"*": 1},
						"animation": "Walk",
						"preferredLightLevel": 8,
						"stopOnHurt": true
					},
					{
						"code": "idle",
						"onBlockBelowCode": "game:snowblock",
						"priority": 0.9,
						"chance": 0.1,
						"minduration": 2400,
						"maxduration": 2400,
						"mincooldown": 6000,
						"maxcooldown": 120000,
						"priorityForCancel": 1.28,
						"stopOnHurt": true,
						"animation": "Dive",
						"animationSpeed": 1.25,
						"sound": "walk/deepsnow1",
						"soundStartMs": 950
					},
					{
						"code": "idle",
						"priority": 0.9,
						"minduration": 2500,
						"maxduration": 2500,
						"mincooldown": 6000,
						"maxcooldown": 20000,
						"priorityForCancel": 1.28,
						"stopOnHurt": true,
						"animation": "Sniff",
						"soundByType": {"*-nyctereutes-*":"caninae:creature/nyctereutes/sniff"},
						"animationSpeed": 1.25
					},
					{
						"code": "idle",
						"priority": 0.9,
						"minduration": 6000,
						"maxduration": 45000,
						"mincooldown": 6000,
						"maxcooldown": 120000,
						"priorityForCancel": 1.28,
						"stopOnNearbyEntityCodes": [ "player", "bear-*","wolf-*","sheep-*","pig-*","cervidae-*","caprinae-*","caninae-canina-*","machairodontinae-*","pantherinae-*","suidae-*","ursidae-*" ],
						"stopRange": 10,
						"stopOnHurt": true,
						"animation": "Lie"
					},
					{
						"code": "idle",
						"priority": 0.9,
						"minduration": 6000,
						"maxduration": 45000,
						"mincooldown": 6000,
						"maxcooldown": 120000,
						"priorityForCancel": 1.28,
						"stopOnNearbyEntityCodes": [ "player", "bear-*","wolf-*","sheep-*","pig-*","cervidae-*","caprinae-*","caninae-canina-*","machairodontinae-*","pantherinae-*","suidae-*","ursidae-*" ],
						"stopRange": 10,
						"stopOnHurt": true,
						"animation": "Sit"
					},
					{
						"code": "lookaround",
						"priority": 0.5
					}
				]
			},
			{"code": "ropetieable","minGeneration": 2},
			{"code": "pettable","minGeneration": 1},
			{ "code": "collectitems" }, 
			{ "code": "mouthinventory", "acceptStacksByType": {"*-nyctereutes-*":[{ "type": "item", "code": "fish-raw" },{ "type": "item", "code": "insect-grub"},{ "type": "item", "code": "insect-termite" }  ],"*-otocyon-*":[ { "type": "item", "code": "insect-grub"},{ "type": "item", "code": "insect-termite" }  ],"*-vulpes-*":[{ "type": "item", "code": "fish-raw" },{ "type": "item", "code": "insect-grub"},{ "type": "item", "code": "insect-termite" }  ]  }},
			],
		"spawnconditions": {
			"runtime": {
				"group": "neutral",
				"maxQuantity": 1,
				"spawnCapPlayerScaling": 0.01,
				"maxQuantityByGroup": {"code": "caninae-vulpini-*","maxQuantity": 4},
				"tryOnlySurface": true,
				"chanceByType": {
					"*-nyctereutes-procyonoides": 0.005,
					"*-nyctereutes-viverrinus": 0.005,
					"*-otocyon-megalotis": 0.005,
					"*-vulpes-bengalensis": 0.005,
					"*-vulpes-cana": 0.005,
					"*-vulpes-chama": 0.005,
					"*-vulpes-corsac": 0.005,
					"*-vulpes-ferrilata": 0.005,
					"*-vulpes-lagopus": 0.005,
					"*-vulpes-macrotis": 0.005,
					"*-vulpes-pallida": 0.005,
					"*-vulpes-rueppellii": 0.005,
					"*-vulpes-velox": 0.005,
					"*-vulpes-vulpes": 0.005,
					"*-vulpes-zerda": 0.005
				},
				"minLightLevel": 10,
				"groupSizeByType": {
					"*-nyctereutes-procyonoides": { "dist": "uniform", "avg": 1.5, "var": 0.5 },
					"*-nyctereutes-viverrinus": { "dist": "uniform", "avg": 1.5, "var": 0.5 },
					"*-otocyon-megalotis": { "dist": "uniform", "avg": 1.5, "var": 0.5 },
					"*-vulpes-bengalensis": { "dist": "uniform", "avg": 1.5, "var": 0.5 },
					"*-vulpes-cana": { "dist": "uniform", "avg": 1.0, "var": 0.0},
					"*-vulpes-chama": { "dist": "uniform", "avg": 1.0, "var": 0.0},
					"*-vulpes-corsac": { "dist": "uniform", "avg": 1.0, "var": 0.0},
					"*-vulpes-ferrilata": { "dist": "uniform", "avg": 1.0, "var": 0.0},
					"*-vulpes-lagopus": { "dist": "uniform", "avg": 1.0, "var": 0.0},
					"*-vulpes-macrotis": { "dist": "uniform", "avg": 1.0, "var": 0.0},
					"*-vulpes-pallida": { "dist": "uniform", "avg": 1.0, "var": 0.0},
					"*-vulpes-rueppellii": { "dist": "uniform", "avg": 1.0, "var": 0.0},
					"*-vulpes-velox": { "dist": "uniform", "avg": 1.0, "var": 0.0},
					"*-vulpes-vulpes": { "dist": "uniform", "avg": 1.0, "var": 0.0},
					"*-vulpes-zerda": { "dist": "uniform", "avg": 1.0, "var": 0.0}
				},
				"insideBlockCodes": [ "game:gravel-*", "game:sand-*", "game:snowlayer-1", "game:soil-*","game:tallgrass-*" ],
				"minTempByType": {
					"*-nyctereutes-procyonoides": -2,
					"*-nyctereutes-viverrinus": -2,
					"*-otocyon-megalotis": 18,
					"*-vulpes-bengalensis": 23,
					"*-vulpes-cana": 23,
					"*-vulpes-chama": 18,
					"*-vulpes-corsac": -2,
					"*-vulpes-ferrilata": -2,
					"*-vulpes-lagopus": -40,
					"*-vulpes-macrotis": -2,
					"*-vulpes-pallida": 28,
					"*-vulpes-rueppellii": 28,
					"*-vulpes-velox": -2,
					"*-vulpes-vulpes": -11,
					"*-vulpes-zerda": 28},
				"maxTempByType": {
					"*-nyctereutes-procyonoides": 28,
					"*-nyctereutes-viverrinus": 18,
					"*-otocyon-megalotis": 60,
					"*-vulpes-bengalensis": 60,
					"*-vulpes-cana": 60,
					"*-vulpes-chama": 60,
					"*-vulpes-corsac": 18,
					"*-vulpes-ferrilata": 18,
					"*-vulpes-lagopus": -11,
					"*-vulpes-macrotis": 23,
					"*-vulpes-pallida": 60,
					"*-vulpes-rueppellii": 60,
					"*-vulpes-velox": 18,
					"*-vulpes-vulpes": 34,
					"*-vulpes-zerda": 60},
				"minRainByType": {
					"*-nyctereutes-procyonoides": 0.2,
					"*-nyctereutes-viverrinus": 0.25,
					"*-otocyon-megalotis": 0.1,
					"*-vulpes-bengalensis": 0.25,
					"*-vulpes-cana": 0.1,
					"*-vulpes-chama": 0.1,
					"*-vulpes-corsac": 0.1,
					"*-vulpes-ferrilata": 0.1,
					"*-vulpes-lagopus": 0.1,
					"*-vulpes-macrotis": 0.1,
					"*-vulpes-pallida": 0.1,
					"*-vulpes-rueppellii": 0.1,
					"*-vulpes-velox": 0.25,
					"*-vulpes-vulpes": 0.1,
					"*-vulpes-zerda": 0.05},
				"maxRainByType": {
					"*-nyctereutes-procyonoides": 0.9,
					"*-nyctereutes-viverrinus": 0.9,
					"*-otocyon-megalotis": 0.5,
					"*-vulpes-bengalensis": 0.75,
					"*-vulpes-cana": 0.3,
					"*-vulpes-chama": 0.75,
					"*-vulpes-corsac": 0.3,
					"*-vulpes-ferrilata": 0.5,
					"*-vulpes-lagopus": 1.0,
					"*-vulpes-macrotis": 1.0,
					"*-vulpes-pallida": 0.4,
					"*-vulpes-rueppellii": 0.25,
					"*-vulpes-velox": 0.75,
					"*-vulpes-vulpes": 1.0,
					"*-vulpes-zerda": 0.2},
				"minForestByType": {
					"*-nyctereutes-procyonoides": 0.0,
					"*-nyctereutes-viverrinus": 0.0,
					"*-otocyon-megalotis": 0.0,
					"*-vulpes-bengalensis": 0.0,
					"*-vulpes-cana": 0.0,
					"*-vulpes-chama": 0.0,
					"*-vulpes-corsac": 0.0,
					"*-vulpes-ferrilata": 0.0,
					"*-vulpes-lagopus": 0.0,
					"*-vulpes-macrotis": 0.0,
					"*-vulpes-pallida": 0.0,
					"*-vulpes-rueppellii": 0.0,
					"*-vulpes-velox": 0.0,
					"*-vulpes-vulpes": 0.0,
					"*-vulpes-zerda": 0.0},
				"maxForestByType": {
					"*-nyctereutes-procyonoides": 1.0,
					"*-nyctereutes-viverrinus": 1.0,
					"*-otocyon-megalotis": 0.75,
					"*-vulpes-bengalensis": 0.75,
					"*-vulpes-cana": 0.5,
					"*-vulpes-chama": 0.5,
					"*-vulpes-corsac": 0.5,
					"*-vulpes-ferrilata": 0.25,
					"*-vulpes-lagopus": 1.0,
					"*-vulpes-macrotis": 0.25,
					"*-vulpes-pallida": 0.25,
					"*-vulpes-rueppellii": 0.25,
					"*-vulpes-velox": 0.25,
					"*-vulpes-vulpes": 1.0,
					"*-vulpes-zerda": 0.1},
				"minShrubByType": {
					"*-nyctereutes-procyonoides": 0.0,
					"*-nyctereutes-viverrinus": 0.0,
					"*-otocyon-megalotis": 0.0,
					"*-vulpes-bengalensis": 0.0,
					"*-vulpes-cana": 0.0,
					"*-vulpes-chama": 0.0,
					"*-vulpes-corsac": 0.0,
					"*-vulpes-ferrilata": 0.0,
					"*-vulpes-lagopus": 0.0,
					"*-vulpes-macrotis": 0.0,
					"*-vulpes-pallida": 0.0,
					"*-vulpes-rueppellii": 0.0,
					"*-vulpes-velox": 0.0,
					"*-vulpes-vulpes": 0.0,
					"*-vulpes-zerda": 0.0},
				"maxShrubByType": {
					"*-nyctereutes-procyonoides": 1.0,
					"*-nyctereutes-viverrinus": 1.0,
					"*-otocyon-megalotis": 0.75,
					"*-vulpes-bengalensis": 0.75,
					"*-vulpes-cana": 0.5,
					"*-vulpes-chama": 0.5,
					"*-vulpes-corsac": 0.2,
					"*-vulpes-ferrilata": 0.25,
					"*-vulpes-lagopus": 0.5,
					"*-vulpes-macrotis": 0.75,
					"*-vulpes-pallida": 0.25,
					"*-vulpes-rueppellii": 1.0,
					"*-vulpes-velox": 1.0,
					"*-vulpes-vulpes": 1.0,
					"*-vulpes-zerda": 0.1},
				"minYByType": {
					"*-nyctereutes-procyonoides": 0.9,
					"*-nyctereutes-viverrinus": 0.9,
					"*-otocyon-megalotis": 0.9,
					"*-vulpes-bengalensis": 0.9,
					"*-vulpes-cana": 0.9,
					"*-vulpes-chama": 0.9,
					"*-vulpes-corsac": 1.1,
					"*-vulpes-ferrilata": 1.6,
					"*-vulpes-lagopus": 0.9,
					"*-vulpes-macrotis": 1.1,
					"*-vulpes-pallida": 0.9,
					"*-vulpes-rueppellii": 0.9,
					"*-vulpes-velox": 1.1,
					"*-vulpes-vulpes": 0.9,
					"*-vulpes-zerda": 0.9},
				"maxYByType": {
					"*-nyctereutes-procyonoides": 1.6,
					"*-nyctereutes-viverrinus": 1.6,
					"*-otocyon-megalotis": 1.6,
					"*-vulpes-bengalensis": 1.4,
					"*-vulpes-cana": 1.45,
					"*-vulpes-chama": 1.4,
					"*-vulpes-corsac": 1.8,
					"*-vulpes-ferrilata": 1.9,
					"*-vulpes-lagopus": 1.4,
					"*-vulpes-macrotis": 1.6,
					"*-vulpes-pallida": 1.4,
					"*-vulpes-rueppellii": 1.6,
					"*-vulpes-velox": 1.6,
					"*-vulpes-vulpes": 1.8,
					"*-vulpes-zerda": 1.6},
				"companionsByType": {
				"*":["caninae:caninae-vulpini-adult-female-{genus}-{species}"]}
			}
		}
	},
	"soundsByType": {
"*-nyctereutes-*":{"hurt": "caninae:creature/nyctereutes/hurt","death": "caninae:creature/nyctereutes/hurt","idle": "caninae:creature/nyctereutes/sniff"},
"*-otocyon-*":{"hurt": "caninae:creature/otocyon/growl","death": "caninae:creature/otocyon/growl"},
"*-vulpes-zerda":{"hurt": "caninae:creature/vulpes/zerda-chirp","death": "caninae:creature/vulpes/zerda-chirp","idle": "caninae:creature/vulpes/zerda-bark"},
"*-vulpes-*":{"hurt": "caninae:creature/vulpes/whimper","death": "caninae:creature/vulpes/whimper","idle": "caninae:creature/nyctereutes/sniff"}
	},
	"idleSoundChance": 0.05
}