[
  {
    "op": "addmerge",
    "path": "/schematicYOffsets",
    "value": {
      "story/brforlornhopetower": 61,
      "story/brforlornhopedungeon": 21,
      "story/bruniversity": 88,
      "story/brcoalmine": 29,
      "story/brmine": 15

    },
    "file": "game:worldgen/storystructures.json"
  },
  {
    "op": "add",
    "path": "/structures/-",
    "value": {
      "code": "largeforlornhopetower",
      "group": "storystructure",
      "name": "largeforlornhopetower",
      "schematics": [
        "story/brforlornhopetower"
      ],
      "placement": "SurfaceRuin",
      "dependsOnStructure": "spawn",
      "minSpawnDistX": 14000,
      "maxSpawnDistX": 15000,
      "minSpawnDistZ": 500,
      "maxSpawnDistZ": 1500,
      "requireLandform": "cold glaciers",
      "landformRadius": 400,
      "forceTemperature": -9,
      "rockTypeRemapGroup": "underground",
      "skipGenerationCategories": {
        "structures": 800,
        "trees": 200,
        "shrubs": 120,
        "hotsprings": 200,
        "pond": 200,
        "rivulets": 0,
        "caves": 0,
        "patches": 0
      }
    },
    "file": "game:worldgen/storystructures.json"
  },
  {
    "op": "add",
    "path": "/structures/-",
    "value": {
      "code": "forlornhopedungeon",
      "group": "storystructure",
      "name": "forlornhopedungeon",
      "schematics": [
        "story/brforlornhopedungeon"
      ],
      "placement": "SurfaceRuin",
      "dependsOnStructure": "largeforlornhopetower",
      "minSpawnDistX": 4000,
      "maxSpawnDistX": 5000,
      "minSpawnDistZ": 7000,
      "maxSpawnDistZ": 8000,
      "requireLandform": "cold glaciers",
      "forceRain": 134,
			"forceTemperature": -14,
      "landformRadius": 500,
      "ExcludeSchematicSizeProtect":true,
      "skipGenerationCategories": {
        "structures": 800,
        "trees": 200,
        "shrubs": 20,
        "hotsprings": 200,
        "pond": 200,
        "rivulets": 60,
        "caves": 120,
        "patches": 0
      }
    },
    "file": "game:worldgen/storystructures.json"
  },
  {
    "op": "add",
    "path": "/structures/-",
    "value": {
      "code": "university",
      "group": "storystructure",
      "name": "university",
      "schematics": [
        "story/bruniversity"
      ],
      "placement": "SurfaceRuin",
      "dependsOnStructure": "spawn",
      "minSpawnDistX": 13000,
      "maxSpawnDistX": 14000,
      "minSpawnDistZ": 16000,
      "maxSpawnDistZ": 17000,
      "requireLandform": "veryflat",
      "landformRadius": 400,
      "rockTypeRemapGroup": "underground",
      "ExcludeSchematicSizeProtect":true,
      "skipGenerationCategories": {
        "structures": 800,
        "trees": 70,
        "shrubs": 70,
        "hotsprings": 200,
        "pond": 200,
        "rivulets": 100,
        "caves": 100,
        "patches": 0
      }
    },
    "file": "game:worldgen/storystructures.json"
  },
  {
    "op": "add",
    "path": "/structures/-",
    "value": {
      "code": "coalmine",
      "group": "storystructure",
      "name": "coalmine",
      "schematics": [
        "story/brcoalmine"
      ],
      "placement": "SurfaceRuin",
      "dependsOnStructure": "spawn",
      "minSpawnDistX": 6000,
      "maxSpawnDistX": 7000,
      "minSpawnDistZ": 6000,
      "maxSpawnDistZ": 7000,
      "requireLandform": "veryflat",
      "landformRadius": 400,
      "rockTypeRemapGroup": "underground",
      "ExcludeSchematicSizeProtect":true,
      "skipGenerationCategories": {
        "structures": 800,
        "trees": 70,
        "shrubs": 60,
        "hotsprings": 200,
        "pond": 200,
        "rivulets": 100,
        "caves": 100,
        "patches": 0
      }
    },
    "file": "game:worldgen/storystructures.json"
  },
  {
    "op": "add",
    "path": "/structures/-",
    "value": {
      "code": "mine1",
      "group": "storystructure",
      "name": "mine1",
      "schematics": [
        "story/brmine"
      ],
      "placement": "SurfaceRuin",
      "dependsOnStructure": "spawn",
      "minSpawnDistX": 8000,
      "maxSpawnDistX": 9000,
      "minSpawnDistZ": 4000,
      "maxSpawnDistZ": 5000,
      "requireLandform": "veryflat",
      "landformRadius": 400,
      "rockTypeRemapGroup": "underground",
      "ExcludeSchematicSizeProtect":true,
      "skipGenerationCategories": {
        "structures": 50,
        "trees": 0,
        "shrubs": 0,
        "hotsprings": 200,
        "pond": 200,
        "rivulets": 100,
        "caves": 120,
        "patches": 0
      }
    },
    "file": "game:worldgen/storystructures.json"
  },
  {
    "op": "add",
    "path": "/structures/-",
    "value": {
      "code": "mine2",
      "group": "storystructure",
      "name": "mine2",
      "schematics": [
        "story/brmine"
      ],
      "placement": "SurfaceRuin",
      "dependsOnStructure": "spawn",
      "minSpawnDistX": 4000,
      "maxSpawnDistX": 5000,
      "minSpawnDistZ": 8000,
      "maxSpawnDistZ": 9000,
      "requireLandform": "veryflat",
      "landformRadius": 400,
      "rockTypeRemapGroup": "underground",
      "ExcludeSchematicSizeProtect":true,
      "skipGenerationCategories": {
        "structures": 50,
        "trees": 0,
        "shrubs": 0,
        "hotsprings": 200,
        "pond": 200,
        "rivulets": 100,
        "caves": 120,
        "patches": 0
      }
    },
    "file": "game:worldgen/storystructures.json"
  }
]