{"GameVersion":"1.19.7","SizeX":7,"SizeY":7,"SizeZ":7,"BlockCodes":{"8671":"game:planks-oak-we","9441":"game:supportbeam-oak","8656":"game:planks-oak-ns","9554":"game:genericwood","2209":"game:supportbeam-tarnishedmetal-iron","14388":"bricklayers:glazedplanter-wet-milky-greenblue-plain","12646":"bricklayers:glazedbowl-burnt-milky-white-plain","12572":"bricklayers:glazedbowl-wet-milky-blue-plain","354":"game:chiseledblock","587":"game:clayshingleblock-blurple","13494":"bricklayers:saltglazedflowerpot-burnt-pale-copper-yellow-plain","9790":"game:wagonwheels-spoked-south","9782":"game:wagonwheels-spoked-north","1059":"game:glasspane-leaded-oak-ew","9465":"game:banner-banner","79":"game:multiblock-monolithic-0-p1-0","84":"game:multiblock-monolithic-0-p2-0","9951":"game:clutter","9955":"game:groundstorage","1046":"game:glasspane-leaded-oak-ns","9491":"game:clutteredbookshelf-agedacacia","15019":"bricklayers:vesselcoloredplanter-paleblue","1771":"game:meta-filler","1774":"game:meta-spawner","9721":"game:toolrack-north","552":"game:oillamp-west","9614":"game:painting-howl-south","9464":"game:banner-segment","3447":"game:slantedroofingcornerouter-greenclay-south-free","16066":"bricklayers:glassluminous-plain-orange-bright","991":"game:wallpaper-pink"},"ItemCodes":{"2137":"game:spear-scrap-scrap","1914":"game:axe-scrap-scrap"},"Indices":[2048,3072,4096,1050624,1051648,1052672,2099200,3147776,3149824,4195328,4196352,4197376,4198400,4199424,5244928,5245952,5246976,1025,2049,3073,4097,5121,1050625,1051649,1052673,2098177,2099201,2100225,2101249,2102273,3145729,3146753,3147777,3148801,3149825,4194305,4195329,4196353,4197377,4198401,4199425,5242881,5244929,5245953,5246977,1050626,1051650,1052674,1053698,2099202,2100226,2101250,2102274,3147778,3148802,3149826,4195330,4196354,4197378,4198402,4199426,5244930,5245954,5246978,1050627,1051651,1052675,1053699,2099203,2100227,2101251,2102275,3147779,3148803,3149827,4195331,4196355,4197379,4198403,4199427,5244931,5245955,5246979,1050628,1051652,1052676,2098180,2099204,2100228,2101252,2102276,3147780,3148804,3149828,4195332,4196356,4197380,4198404,4199428,5244932,5245956,5246980,1029,2053,3077,4101,5125,1050629,1051653,1052677,2098181,2099205,2100229,2101253,2102277,3145733,3146757,3147781,3148805,3149829,3150853,3151877,4194309,4195333,4196357,4197381,4198405,4199429,4200453,5242885,5244933,5245957,5246981,5249029,6297605,2054,3078,4102,1050630,1052678,2099206,2101254,3147782,3149830,4195334,4196358,4198406,4199430,5244934,5245958,5246982],"BlockIds":[354,354,354,587,9441,13494,9441,354,354,354,354,9441,354,354,354,354,354,9790,354,354,354,9782,354,8671,354,9441,8656,1059,8671,9441,9465,2209,8656,1059,8656,79,354,8656,8656,8656,354,84,354,354,354,354,8656,354,354,354,9951,354,9955,1046,9955,1046,354,8671,9491,8656,354,354,354,354,354,8656,354,354,354,9951,354,15019,1046,1771,1046,354,8671,1771,8656,354,354,354,354,354,354,354,9441,8671,1774,8656,9441,8671,9721,8671,354,8671,552,8656,354,354,354,354,9790,354,354,354,9782,354,354,354,9441,8671,9614,8671,9441,9465,2209,8671,354,8656,2209,9464,79,354,8671,354,8656,354,9465,84,354,354,354,79,84,354,354,354,3447,16066,9441,9441,354,354,354,354,354,354,354,354,354],"DecorIndices":[2099201,2101249,3147777,3149825,2099204,2101252,3147780,3149828],"DecorIds":[991,33555423,991,33555423,991,33555423,991,33555423],"BlockEntities":{"2048":"!<d@[F*Jt`#64c-E,TfC70!;f!<d@[F*dT-#64o6@VfsmCI<#NAIW-_Bldj%ARo7dDe!Pj$#O*mATDKnCi]UW!!(n\"!!!$*Ec6&.FD5Z2!2'Jq$O:0a@W,skErc7@!9!AH!!ipCD/\")jBk1d@DZKh<#RPQdA7\\\\XCh[D\\!\"]DHF(o/r6#:CVF*(?!Ch[D\\!\"];?@VfsmCJJ;TAI;4ACERS4@;]k%$Q!5p@;0OP@<?($BjkgTF^]00Bln'#Erc7@!!!Q1!!!","3072":"!<d@[F*Jt`#64c-E,TfC70!;f!<d@[F*dW.#64o6@VfsmCI<#NAIW-_Bldj%ARo7dDe!Pj$#O*mATDKnCi]UW!!(n\"!!!$*Ec6&.FD5Z2!2'Jq$O:0a@W,skErc7@!9!AH!!ipCD/\")jBk1d@DZKh<#RPQdA7\\\\XCh[D\\!\"]DHF(o/r6#:CVF*(?!Ch[D\\!\"];?@VfsmCJJ;TAI;4ACERS4@;]k%$Q!5p@;0OP@<?($BjkgTF^]00Bln'#Erc7@!!!Q1!!!","4096":"!<d@[F*Jt`#64c-E,TfC70!;f!<d@[F*dZ/#64o6@VfsmCI<#NAIW-_Bldj%ARo7dDe!Pj$#O*mATDKnCi]UW!!(n\"!!!$*Ec6&.FD5Z2!2'Jq$O:0a@W,skErc7@!9!AH!!ipCD/\")jBk1d@DZKh<#RPQdA7\\\\XCh[D\\!\"]DHF(o/r6#:CVF*(?!Ch[D\\!\"];?@VfsmCJJ;TAI;4ACERS4@;]k%$Q!5p@;0OP@<?($BjkgTF^]00Bln'#Erc7@!!!Q1!!!","1051648":"!<d@[F*Jt`#64c-E,TfC7K<Dg!<d@[F*dW.#64o6@VfsmCI<#NAIij)E,]`9FCJfiD(T[7CBt)QARTFs,QJ/q$4dRG!.[9K!!%O6*<6(i58\";4!!%O6*WQ.h58`?N+9MT","1052672":"!<d@[F*Jt`#64c-E,TfC7K<Dg!<d@[F*dZ/#64o6@VfsmCI<#NANjRDBk(pp@<lF)F#nANCij<+@<uKqAo)C0ATDa.F=gsEEc,tNE+*Qo/Rr^<E+O&AH\"Cf.Dg*dPCgh$q\"po!]G%GQ5DfU+(#'\"^#Dfg%$!!!!'\"`nKuFE7E^\":8pVF(djWB5D/6&';Qd","2099200":"!<d@[F*Jt`#64c-E,TfC7fWMh!<d@[F*dT-#64o6@VfsmCI<#NAIij)E,]`9FCJfiD(T[7CBt)QARTFs*rlWg$3^k=!.[9H%h8O<Im4\\.bm^s\"!!#8L(u\\%/!rr","3147776":"!<d@[F*Jt`#64c-E,TfC8,rVi!<d@[F*dT-#64o6@VfsmCI<#NAIW-_Bldj%ARo7dDe!Pg\"_)%OD0%-+$7?/k%0-BY58=.uJ3P%S!.[9H%h/L=J3ObK!._g)rVq@3(u\\%/!t,KXDJs`/F^f9'A9.bO!!)rd56)''B6%p5DIc[`Dg+Qk@W,skErl=A!!'7m!\"AMh!\"0*M@<?($Bjkh!!<<*\"h]Vt\"!=3^aFCB9*Df,QJ\"TSo8@s)7!Bk28d!!!\"Xn36m_n2C=Q$>\"'gFAlmaAO158!!!92F(o/r;f?JdA,uZ1#S1ujA7\\&CD/XK;;f?JdA,uZ1\"USXSDe!QX@;TQ_:LS#]E,8s#CNBk\"@<Q'nCe\\>[ATDKnCf,=`DKKT7Bk;>dz&-)\\1","3149824":"!<d@[F*Jt`#64c-E,TfC8,rVi!<d@[F*dZ/#64o6@VfsmCI<#NAIW-_Bldj%ARo7dDe!Pg\"_)%OD0$s&$6ffa%0-BY58=.uJ3OYW%0-BY58=.uJA3*W]fWS<iCP-o$OLZYFCfK,@;Kuc!!!#V+TMKC#]aj*@<?4%D?-=5!\"0$AF^f9'A9.eP!!%uUrr<Q,pAbI+ASl.';e]cR6#Qc(!!imPBk1dRDes,u!<<**%s)GqAO1-LDf^#!Des,u!<<*'$\"@^h@r\"hJD.O&M@;@!)Cgh3sEsidmG%#*$9jr-TEbSru;0?;bFD5i2ATIkP!!!!1!!!!","4195328":"!<d@[F*Jt`#64c-E,TfC8H8_j!<d@[F*dQ,#64o6@VfsmCI<#NAIW-_Bldj%ARo7dDe!Pj$#O*mATDKnCi]UW!!(n\"!!!$*Ec6&.FD5Z2!71cI$O:0a@W,skEs;UE!!)L'!'p*8!.a]e!20%6!5SBC!9!_R!!ipCD/\")jBk1d@DZKh<#RPQdA7\\\\XCh[D\\!!!98F(o/r6#:CVF*(?!Ch[D\\!!!0/@VfsmCJJ;TAI;4ACERS4@;]k%$Q!5p@;0OP@<?($BjkgTF^]00Bln'#Erc7@!!!Q1!!!","4196352":"!<d@[F*Jt`#64c-E,TfC8H8_j!<d@[F*dT-#64o6@VfsmCI<#NAIW-_Bldj%ARo7dDe!Pg\"_)%OD0&5J$6ffa%0-BY590_(J3FSV%K?BW58ALGlE_K2!&-YTiCP-o$6ffa%0-BY590_(J3OYW%0-BY58=.uTKaFs!.[9NiCP-o$O_#nDg,]6@W,skErc7@!:]J\"!\"0BOEc6)<A5dAaG=-L^DeWa'!<<*\"!;u<d$OLZYFCfK,@;Kuc!!!#V+TMKC#]aj*@<?4%D?/#b!\"0$AF^f9'A9.hQ!!(sH56+7D4TGo[1B7[fASl.';e]cR6#Qc(!!imPBk1dRDes,u!<<**%s)GqAO1-LDf^#!Des,u!<<*'$\"@^h@r\"hJD.O&M@;@!)Cgh3sEsidmG%#*$9jr-TEbSru;0?;bFD5i2ATIkP!!!!1!!!!","4197376":"!<d@[F*Jt`#64c-E,TfC8H8_j!<d@[F*dW.#64o6@VfsmCI<#NAIij)E,]`9FCJfiD(T[7CBt)QARTFs,QJ/q$474B!.[9S!!%O6&e>EO!.[9K!!&ZV*<6(i58`?N+9MT","4198400":"!<d@[F*Jt`#64c-E,TfC8H8_j!<d@[F*dZ/#64o6@VfsmCI<#NAIW-_Bldj%ARo7dDe!Pj$Zg3(G@Pc)DeWa'!<<*\"nG`Ff$P@#lDfor.;f6Mt6ZljVBk28czn1XhM$#O*mATDKnCi]UW!!(n\"!!!$*Ec6&.FD5Z2!2'Jq$O:0a@W,skEruCB!9!eT!(d%d!\"Aes!!ipCD/\")jBk1d@DZKh<#RPQdA7\\\\XCh[D\\!!!98F(o/r6#:CVF*(?!Ch[D\\!!!0/@VfsmCJJ;TAI;4ACERS4@;]k%$Q!5p@;0OP@<?($BjkgTF^]00Bln'#Erc7@!!!Q1!!!","4199424":"!<d@[F*Jt`#64c-E,TfC8H8_j!<d@[F*d]0#64o6@VfsmCI<#NAIW-_Bldj%ARo7dDe!Pj$#O*mATDKnCi]UW!!(n\"!!!$*Ec6&.FD5Z2!2'Jq$O:0a@W,skEsD[F!!*#k!'pJ8!.aj8!.apV!5S56!5S;V!9!?2!!ipCD/\")jBk1d@DZKh<#RPQdA7\\\\XCh[D\\!!!98F(o/r6#:CVF*(?!Ch[D\\!!!0/@VfsmCJJ;TAI;4ACERS4@;]k%$Q!5p@;0OP@<?($BjkgTF^]00Bln'#Erc7@!!!Q1!!!","5244928":"!<d@[F*Jt`#64c-E,TfC8cShk!<d@[F*dT-#64o6@VfsmCI<#NAIW-_Bldj%ARo7dDe!Pj$#O*mATDKnCi]UW!!(@h!!!$*Ec6&.FD5Z2!2'Jq$O:0a@W,skErl=A!!)Sp!$M.0!!ipCD/\")jBk1d@DZKh<#RPQdA7\\\\XCh[D\\!!!98F(o/r6#:CVF*(?!Ch[D\\!!!0/@VfsmCJJ;TAI;4ACERS4@;]k%$Q!5p@;0OP@<?($BjkgTF^]00Bln'#Erc7@!!!Q1!!!","5245952":"!<d@[F*Jt`#64c-E,TfC8cShk!<d@[F*dW.#64o6@VfsmCI<#NAIW-_Bldj%ARo7dDe!Pj$#O*mATDKnCi]UW!!(@h!!!$*Ec6&.FD5Z2!2'Jq$O:0a@W,skEruCB!$LbG!$M:6!'p,*!!ipCD/\")jBk1d@DZKh<#RPQdA7\\\\XCh[D\\!!!98F(o/r6#:CVF*(?!Ch[D\\!!!0/@VfsmCJJ;TAI;4ACERS4@;]k%$Q!5p@;0OP@<?($BjkgTF^]00Bln'#Erc7@!!!Q1!!!","5246976":"!<d@[F*Jt`#64c-E,TfC8cShk!<d@[F*dZ/#64o6@VfsmCI<#NAIW-_Bldj%ARo7dDe!Pj$Zg3(G@Pc)DeWa'!WW3#0^r!@&GFKO$P@#lDfor.;f6Mt6ZljVBk28czrpTmq$#O*mATDKnCi]UW!!(@h!!!$*Ec6&.FD5Z2!2'Jq$O:0a@W,skEruCB!!)Xi!!)`?!$Lbe!!ipCD/\")jBk1d@DZKh<#RPQdA7\\\\XCh[D\\!$DOXF(o/r6#:CVF*(?!Ch[D\\!!!0/@VfsmCJJ;TAI;4ACERS4@;]k%$Q!5p@;0OP@<?($BjkgTF^]00Bln'#Erc7@!!!Q1!!!","2049":"!<d@[F*K\"a#64c-E,TfC70!;f!<d@[F*dT-#64o6@VfsmCI<#NAIW-_Bldj%ARo7dDe!Pj$#O*mATDKnCi]UW!!#nC!!!$*Ec6&.FD5Z2!2'Jq$O:0a@W,skErc7@!61-#!!ipCD/\")jBk1d@DZKh<#RPQdA7\\\\XCh[D\\!!!98F(o/r6#:CVF*(?!Ch[D\\!!!0/@VfsmCJJ;TAHY;DCh3tj@<Q'nCe\\>[ATDKnCf,=`DKKT7Bk;>dz&-)\\1","3073":"!<d@[F*K\"a#64c-E,TfC70!;f!<d@[F*dW.#64o6@VfsmCI<#NAIW-_Bldj%ARo7dDe!Pj$#O*mATDKnCi]UW!!#nC!!!$*Ec6&.FD5Z2!2'Jq$O:0a@W,skErc7@!61-#!!ipCD/\")jBk1d@DZKh<#RPQdA7\\\\XCh[D\\!!!98F(o/r6#:CVF*(?!Ch[D\\!!!0/@VfsmCJJ;TAHY;DCh3tj@<Q'nCe\\>[ATDKnCf,=`DKKT7Bk;>dz&-)\\1","4097":"!<d@[F*K\"a#64c-E,TfC70!;f!<d@[F*dZ/#64o6@VfsmCI<#NAIW-_Bldj%ARo7dDe!Pj$#O*mATDKnCi]UW!!#nC!!!$*Ec6&.FD5Z2!2'Jq$O:0a@W,skErc7@!61-#!!ipCD/\")jBk1d@DZKh<#RPQdA7\\\\XCh[D\\!!!98F(o/r6#:CVF*(?!Ch[D\\!!!0/@VfsmCJJ;TAHY;DCh3tj@<Q'nCe\\>[ATDKnCf,=`DKKT7Bk;>dz&-)\\1","1050625":"!<d@[F*K\"a#64c-E,TfC7K<Dg!<d@[F*dT-#64o6@VfsmCI<#NAIW-_Bldj%ARo7dDe!Pg\"_)%OD0%l@$69H\\'`\\5a590_(J3OYR%IU?T-QW6eIm4e/8K\\*B*=;rj!!%O5&e>FtXQm,,HE?D<*<6'n5T&HO+9MuXD..NtEbSruErc7@!72kh!!*@GDffE0Bl@khciO1T#@hmcDeWa'#ljr*!#\"l'5SX4uTFsHhi\"-t1!quWo#a/*d8<dH]W00@Fk`?kd#RY-[Blm9fA7\\&F!<>=i$$0fkAQ*M`Bk.5E$j[AbBk1d@Ci+*3FAm*oBk.5E\"9f*@Ci<g!:18!N$;Y)G+E2.*DJO;$(L_JqBl$LPFCfK,@;Je`@;^1$FD5<-!<<*\"!\"],1!!","1052673":"!<d@[F*K\"a#64c-E,TfC7K<Dg!<d@[F*dZ/#64o6@VfsmCI<#NAIW-_Bldj%ARo7dDe!Pj$Zg3(G@Pc)DeWa'\"98E%nF3%MnJ_E-pmV3_0FZD1$P@#lDfor.;f6Mt6ZljVBk28ez%e'H\"HLLnAqX=Im$#O*mATDKnCi]UW!!(n\"!!!$*Ec6&.FD5Z2!2'Jq$O:0a@W,skEsVgH!!)M\\!!!qd!'hI;!2(=h!8npu!!o%B!(`Qn!2uFF!9g$S!!ipCD/\")jBk1d@DZKi&#RPQdA7\\\\XCh[D\\!!*?9F(o/r6#:CVF*(?!Ch[D\\!!*60@VfsmCJJ;TAI;4ACERS4@;]k%$Q!5p@;0OP@<?($BjkgTF^]00Bln'#Erc7@!!!Q1!!!","2098177":"!<d@[F*K\"a#64c-E,TfC7fWMh!<d@[F*dQ,#64o6@VfsmCI<#NAIij)E,]`9FCJfiD(T[7CBt)QARTFs<r`RC$3_FM!.[9H$5EO@5X6=i!.[9NiCO@q$3_FM!.[9H%h/L=J3Oc$]fWP@!!%O6(u\\$n+:8Gb!!!!`*<6(i58\"J9!!%O6'`\\46^E!:SJ3On08H8","2102273":"!<d@[F*K\"a#64c-E,TfC7fWMh!<d@[F*d]0#64o6@VfsmCI<#NAIij)E,]`9FCJfiD(T[7CBt)QARTFs6i[Q2$3^k=!.[9H$5G2,40oq[]t6';iCP-n$4[CC&d9!M!'iddiCP-n$5a*R%0-A.58\";4!!%O6'`\\46^DPp$+9DN","3145729":"!<d@[F*K\"a#64c-E,TfC8,rVi!<d@[F*dN+#64o6@VfsmCI<#NAIW*WDJj$+/Ri.+DImhl\"E\\p.AJAfdDKB5<G@><(/Snj9B4Y[hF(b[]Ec6&.FCePS!!!!%$#O6pBL-NKCh;?38\\bH6Ec6&.FCeVU!!!!*$\"ImiCh7*uARkcD$Z]ft@;0a\\FCB9&z!!","3146753":"!<d@[F*K\"a#64c-E,TfC8,rVi!<d@[F*dQ,#64o6@VfsmCI<#NAKPu9E,]`9FCJfiD(Tj<Ec,T4BOt^kATV?s/ST6DD?pDTARTFs,QJ/q$474B!'ia`!!%O6&e>EO!.[6J!!%O6*A5#e1Dlet+9DN","4195329":"!<d@[F*K\"a#64c-E,TfC8H8_j!<d@[F*dQ,#64o6@VfsmCI<#NAIW-_Bldj%ARo7dDe!Pg\"_)%OD0$m$$6TZ_'`\\5a4rjV'J3OYW%0-C$5S`hhIm+kQ!.[9NiCOC`D..NtEbSruErc7@!8eq\"!!*@GDffE0Bl@khciO1T#@hmcDeWa'\"98E%!:U^'5k=^NT_A<ai;3HR#RY-[Blm9fA7\\&F!<<**$$0fkAQ*M`Bk.5E\":,NZBk1d@Ci+*3FAm*oBk.5E!!N[<Ci<g!:18!N$;Y)G+E2.*DJO;$(L_JqBl$LPFCfK,@;Je`@;^1$FD5<-!<<*\"!\"],1!!","4199425":"!<d@[F*K\"a#64c-E,TfC8H8_j!<d@[F*d]0#64o6@VfsmCI<#NAIW-_Bldj%ARo7dDe!Pj$#O*mATDKnCi]UW!!(n\"!!!$*Ec6&.FD5Z2!2'Jq$O:0a@W,skEs)IC!!*#k!'p%E!'pD6!9!?R!!ipCD/\")jBk1d@DZKh<#RPQdA7\\\\XCh[D\\!!*?9F(o/r6#:CVF*(?!Ch[D\\!!!0/@VfsmCJJ;TAI;4ACERS4@;]k%$Q!5p@;0OP@<?($BjkgTF^]00Bln'#Erc7@!!!Q1!!!","5244929":"!<d@[F*K\"a#64c-E,TfC8cShk!<d@[F*dT-#64o6@VfsmCI<#NAIW-_Bldj%ARo7dDe!Pj$#O*mATDKnCi]UW!!(@h!!!$*Ec6&.FD5Z2!2'Jq$O:0a@W,skErl=A!!)T[!$M.0!!ipCD/\")jBk1d@DZKh<#RPQdA7\\\\XCh[D\\!$DOXF(o/r6#:CVF*(?!Ch[D\\!$DFO@VfsmCJJ;TAI;4ACERS4@;]k%$Q!5p@;0OP@<?($BjkgTF^]00Bln'#Erc7@!!!Q1!!!","5245953":"!<d@[F*K\"a#64c-E,TfC8cShk!<d@[F*dW.#64o6@VfsmCI<#NAIW-_Bldj%ARo7dDe!Pg\"_)%OD0(@1$69H\\'`\\5!590_(J3OYR%5,=UZPEN?5<g\"D8K\\*B+pnYl!!#8K*<6(i58\"J9!!%O6('\":u590_(J3On08K\\'A+pnhi!!%O6'`\\5!590_(J3OYR%KHHX58F4u5<g\"D8K\\$@)[Zo]!!%O6'`\\5!58\";<s8P;J*A5%;1Do(B$OLZYFCfK,@;Kuc!!!#G+TMKC#]aj*@<?4%D?-=5!\"0$AF^f9'A9.bO!!!#grW!32ASl.';e]cR6#Qc(56qR:Bk1dRDes,u!<=bY%s)GqAO1-LDf^#!Des,u!<=bV$\"@^h@r\"hJD.O&M@;@!)Cgh3sEsidmG%#*$9jr-TEbSru;0?;bFD5i2ATIkP!!!!1!!!!","5246977":"!<d@[F*K\"a#64c-E,TfC8cShk!<d@[F*dZ/#64o6@VfsmCI<#NAIW-_Bldj%ARo7dDe!Pj$Zg3(G@Pc)DeWa'!WW3#0^r!@&GFKO$P@#lDfor.;f6Mt6ZljVBk28czrpTmq$#O*mATDKnCi]UW!!(@h!!!$*Ec6&.FD5Z2!2'Jq$O:0a@W,skErl=A!!)Le!!)`?!!ipCD/\")jBk1d@DZKh<#RPQdA7\\\\XCh[D\\!$DOXF(o/r6#:CVF*(?!Ch[D\\!$DFO@VfsmCJJ;TAI;4ACERS4@;]k%$Q!5p@;0OP@<?($BjkgTF^]00Bln'#Erc7@!!!Q1!!!","1050626":"!<d@[F*K%b#64c-E,TfC7K<Dg!<d@[F*dT-#64o6@VfsmCI<#NAIW-_Bldj%ARo7dDe!Pg\"_)%OD0$?j$5!UK'`\\5a4q\\#6!!#h\\(u\\$o$#O*mATDKnCi]UW!!(@h!!!$*Ec6&.FD5Z2!2'Jq$O:0a@W,skErl=A!!)lq!$Lg(!!ipCD/\")jBk1d@DZKi&#RPQdA7\\\\XCh[D\\!'^`\"F(o/r6#:CVF*(?!Ch[D\\!'^Vn@VfsmCJJ;TAI;4ACERS4@;]k%$Q!5p@;0OP@<?($BjkgTF^]00Bln'#Erc7@!!!Q1!!!","1052674":"!<d@[F*K%b#64c-E,TfC7K<Dg!<d@[F*dZ/#64o6@VfsmCI<#NAIW-_Bldj%ARo7dDe!Pg\"_)%OD0&t_$69H\\'`\\5a590_(J3OYR%IU?T-QW6eIm4e/8K\\'A*=;rj!!%O6&e>EO!!#8!0\"nm'*<6(i58`?N+9Dlj$47LJ!.[9S!!%O6&df?R!)Pp$!!%O6(u\\%/!XfBWDJs`/F^f9'A9.bO!!)NX?N:HGB6%p5DIc[`Dg+Qk@W,skErc7@!!*&g!\"0*M@<?($Bjkh!!<<*\"cliAh!=3^aFCB9*Df,QJ\"TSo8@s)7!Bk28dzn6Z/<p?qte$>\"'gFAlmaAO158!'^_qF(o/r;f?JdA,uZL#S1ujA7\\&CD/XK;;f?JdA,uZB\"USXSDe!QX@;TQ_:LS#]E,8s#CNBk\"@<Q'nCe\\>[ATDKnCf,=`DKKT7Bk;>dz&-)\\1","1053698":"!<d@[F*K%b#64c-E,TfC7K<Dg!<d@[F*d]0#64o6@VfsmCI<#NAIW-_Bldj%ARo7dDe!Pj$#O*mATDKnCi]UW!!(n\"!!!$*Ec6&.FD5Z2!2'Jq$O:0a@W,skErc7@!9!AH!!ipCD/\")jBk1d@DZKh<#RPQdA7\\\\XCh[D\\!\"]DHF(o/r6#:CVF*(?!Ch[D\\!\"];?@VfsmCJJ;TAI;4ACERS4@;]k%$Q!5p@;0OP@<?($BjkgTF^]00Bln'#Erc7@!!!Q1!!!","2099202":"!<d@[F*K%b#64c-E,TfC7fWMh!<d@[F*dT-#64o6@VfsmCI<#NAIW-_Bldj%ARo7dDe!Pj$#O*mATDKnCi]UW!!(n\"!!!$*Ec6&.FD5Z2!2'Jq$O:0a@W,skErc7@!!)P]!!ipCD/\")jBk1d@DZKh<#RPQdA7\\\\XCh[D\\!!!98F(o/r6#:CVF*(?!Ch[D\\!!!0/@VfsmCJJ;TAI;4ACERS4@;]k%$Q!5p@;0OP@<?($BjkgTF^]00Bln'#Erc7@!!!Q1!!!","2100226":"!<d@[F*K%b#64c-E,TfC7fWMh!<d@[F*dW.#64o6@VfsmCI<#NAHu^]F`__:EWlSfH#R=6FCAWpAM%_:DJ(PFBln#?@:NeYF)u8?Bk;>g#BFa)@<?'_z\":8pVF(djWB5D/6&'7$=#BFa)@<?'az#mk*[Ci!ZmFCet_\":K6]E+*I$;flGiAH2]1!!O$SG%G]7Bk1dSAU&<>Eb.UVA7YmPB4YTR","2101250":"!<d@[F*K%b#64c-E,TfC7fWMh!<d@[F*dZ/#64o6@VfsmCI<#NAIW-_Bldj%ARo7dDe!Pj$#O*mATDKnCi]UW!!(@h!!!$*Ec6&.FD5Z2!2'Jq$O:0a@W,skErc7@!!)`]!!ipCD/\")jBk1d@DZKh<#RPQdA7\\\\XCh[D\\!!!98F(o/r6#:CVF*(?!Ch[D\\!!!0/@VfsmCJJ;TAI;4ACERS4@;]k%$Q!5p@;0OP@<?($BjkgTF^]00Bln'#Erc7@!!!Q1!!!","2102274":"!<d@[F*K%b#64c-E,TfC7fWMh!<d@[F*d]0#64o6@VfsmCI<#NAIW9mDfor.F*)>@@:s-U$#+:#ASuU.Ed7ZiEH>r7FE7Qb!!!3,F)5c:EsD_\"z!&QY8!!*'\"!!WsUEa`j,Bln'-DKBo.FCbOd@rc-hFCeu^DffE(88iWkF1K[HVPQkB5Q_a;@<6NjE+EC!ARnbYFCAuVDfp)A(!#s2Dek7r$jpTeATMNUDfp)A!<<*\"z$kIH#@;^.#FD5Z288iWkErc7@!8$aF64=HJEa`j,Bln'-DIm?LDfp)A!<<*\"]-i@uz#n^cfEarZZFDl2.B4Xn[DfBat\":8pVF(djWB5D,Z!!!!\"$=S$u@:Nt?@:NjKz","3148802":"!<d@[F*K%b#64c-E,TfC8,rVi!<d@[F*dW.#64o6@VfsmCI<#NAIW9mDfor.F*)>@@:s-U$#+:#ASuU.Ed7ZiEH>r7FE7Qb!!!3,F)5c:EsD_\"z!+mqc!!*'\"!!!6)1B7CT!!!un!!!$\"!!!36FE1f-F(o`1Df0W<@<?&_&S#im@<?'k<,ZkeCe/JeEc[8LAK6e%Ma.@ZCghC,<H)JWFCeu^DffE(88iWkEtuafP](>q5R\\!3Eb0<*88iWkErc7@z!\"9B[Ea`j,Bln'-DFe\\gEcV6]!!)ad%71I8FE1f-F(o`1Df0,s88iWkErc7@!9&?e56(Z`!!s6LDfT?!;flqu@:s.JEc5o<!!EUFATMNNDJ*csgCMCj!=E7WFCAZm7U]e<z!!","4195330":"!<d@[F*K%b#64c-E,TfC8H8_j!<d@[F*dQ,#64o6@VfsmCI<#NAIW-_Bldj%ARo7dDe!Pj$#O*mATDKnCi]UW!!(n\"!!!$*Ec6&.FD5Z2!71cI$O:0a@W,skEs)IC!!)L'!'p,N!20&a!9!_R!!ipCD/\")jBk1d@DZKh<#RPQdA7\\\\XCh[D\\!!EQ<F(o/r6#:CVF*(?!Ch[D\\!!!0/@VfsmCJJ;TAI;4ACERS4@;]k%$Q!5p@;0OP@<?($BjkgTF^]00Bln'#Erc7@!!!Q1!!!","4197378":"!<d@[F*K%b#64c-E,TfC8H8_j!<d@[F*dW.#64o6@VfsmCI<#NAK>8sF`__:Eb/cjDf9E4BOu!l/R`:'A78tV@qf?T\"E\\p.AKtZ&DejE-AScO$F\"_!@DejE-ASbs1Ecl)6ARmB)F_kkK2?X8*DffE0AQSp4!!!-.D.Rd%6#L=OA_Ra;56M43DffE0AQf'6!!!<3@rH1\"ARfgnA,l`?Eb02uBl[-o@<?&\\!!!!&#BjNrBjkn$\"DD4[Ad&?[H#R=M!!!","4199426":"!<d@[F*K%b#64c-E,TfC8H8_j!<d@[F*d]0#64o6@VfsmCI<#NAIW-_Bldj%ARo7dDe!Pj$#O*mATDKnCi]UW!!(n\"!!!$*Ec6&.FD5Z2!2'Jq$O:0a@W,skEs)IC!!*#k!'p%E!'pD6!9!?R!!ipCD/\")jBk1d@DZKh<#RPQdA7\\\\XCh[D\\!!*?9F(o/r6#:CVF*(?!Ch[D\\!!!0/@VfsmCJJ;TAI;4ACERS4@;]k%$Q!5p@;0OP@<?($BjkgTF^]00Bln'#Erc7@!!!Q1!!!","5244930":"!<d@[F*K%b#64c-E,TfC8cShk!<d@[F*dT-#64o6@VfsmCI<#NAIW-_Bldj%ARo7dDe!Pj$#O*mATDKnCi]UW!!(@h!!!$*Ec6&.FD5Z2!2'Jq$O:0a@W,skErl=A!!)T[!$M.0!!ipCD/\")jBk1d@DZKh<#RPQdA7\\\\XCh[D\\!$DOXF(o/r6#:CVF*(?!Ch[D\\!$DFO@VfsmCJJ;TAI;4ACERS4@;]k%$Q!5p@;0OP@<?($BjkgTF^]00Bln'#Erc7@!!!Q1!!!","5245954":"!<d@[F*K%b#64c-E,TfC8cShk!<d@[F*dW.#64o6@VfsmCI<#NAIW-_Bldj%ARo7dDe!Pj$#O*mATDKnCi]UW!!(@h!!!$*Ec6&.FD5Z2!2'Jq$O:0a@W,skErc7@!!)N]!!ipCD/\")jBk1d@DZKh<#RPQdA7\\\\XCh[D\\!$DOXF(o/r6#:CVF*(?!Ch[D\\!$DFO@VfsmCJJ;TAI;4ACERS4@;]k%$Q!5p@;0OP@<?($BjkgTF^]00Bln'#Erc7@!!!Q1!!!","5246978":"!<d@[F*K%b#64c-E,TfC8cShk!<d@[F*dZ/#64o6@VfsmCI<#NAIW-_Bldj%ARo7dDe!Pj$#O*mATDKnCi]UW!!(@h!!!$*Ec6&.FD5Z2!2'Jq$O:0a@W,skErl=A!!)Le!!)`?!!ipCD/\")jBk1d@DZKh<#RPQdA7\\\\XCh[D\\!$DOXF(o/r6#:CVF*(?!Ch[D\\!$DFO@VfsmCJJ;TAI;4ACERS4@;]k%$Q!5p@;0OP@<?($BjkgTF^]00Bln'#Erc7@!!!Q1!!!","1050627":"!<d@[F*K(c#64c-E,TfC7K<Dg!<d@[F*dT-#64o6@VfsmCI<#NAIW-_Bldj%ARo7dDe!Pg\"_)%OD0%oA$6'<Z%0-BY58=.uJ3FSQ%0-BY58=.u:d>lV8I?RI$4Qt8J3ObK!.[6G%h/L=JA2iqs*m3Q0\"j>'(u\\$o$#O*mATDKnCi]UW!!(@h!!!$*Ec6&.FD5Z2!2'Jq$O:0a@W,skErl=A!!)lq!$Lg(!!ipCD/\")jBk1d@DZKi&#RPQdA7\\\\XCh[D\\!'^`\"F(o/r6#:CVF*(?!Ch[D\\!'^Vn@VfsmCJJ;TAI;4ACERS4@;]k%$Q!5p@;0OP@<?($BjkgTF^]00Bln'#Erc7@!!!Q1!!!","1052675":"!<d@[F*K(c#64c-E,TfC7K<Dg!<d@[F*dZ/#64o6@VfsmCI<#NAIW-_Bldj%ARo7dDe!Pg\"_)%OD0$s&$6ffa%0-BY590_(J3OYW%0-BY58=.u5X6=i!.[9NiCP-n$O_#nDg,]6@W,skErc7@!:]Jb!\"0BOEc6)<A5dAaG=-L^DeWa'!<<*\"!<;Ng$OLZYFCfK,@;Kuc!!!#G+TMKC#]aj*@<?4%D?/#b!\"0$AF^f9'A9.eP!!!#g?N;5Bmf3V#ASl.';e]cR6#Qc(56qR:Bk1dRDes,u!<=&E%s)GqAO1-LDf^#!Des,u!<<]8$\"@^h@r\"hJD.O&M@;@!)Cgh3sEsidmG%#*$9jr-TEbSru;0?;bFD5i2ATIkP!!!!1!!!!","1053699":"!<d@[F*K(c#64c-E,TfC7K<Dg!<d@[F*d]0#64o6@VfsmCI<#NAIW-_Bldj%ARo7dDe!Pj$#O*mATDKnCi]UW!!(n\"!!!$*Ec6&.FD5Z2!2'Jq$O:0a@W,skErc7@!9!AH!!ipCD/\")jBk1d@DZKh<#RPQdA7\\\\XCh[D\\!\"]DHF(o/r6#:CVF*(?!Ch[D\\!\"];?@VfsmCJJ;TAI;4ACERS4@;]k%$Q!5p@;0OP@<?($BjkgTF^]00Bln'#Erc7@!!!Q1!!!","2099203":"!<d@[F*K(c#64c-E,TfC7fWMh!<d@[F*dT-#64o6@VfsmCI<#NAIW-_Bldj%ARo7dDe!Pg\"_)%OD0$m$$6TZ_%0-BY58=.uJ3OYW%0-BY^D6eKIm4r+]fS%fiCOC`D..NtEbSruErc7@!8eq\"!!*@GDffE0Bl@khTEP<'#@hmcDeWa'!<<*\"!:cZ]#RY-[Blm9fA7\\&F!<>=i$$0fkAQ*M`Bk.5E!=03WBk1d@Ci+*3FAm*oBk.5E!<id=Ci<g!:18!N$;Y)G+E2.*DJO;$(L_JqBl$LPFCfK,@;Je`@;^1$FD5<-!<<*\"!\"],1!!","2100227":"!<d@[F*K(c#64c-E,TfC7fWMh!<d@[F*dW.#64o6@VfsmCI<#NAHu^]F`__:EWlSfH#R=#FDl)6/TY?E\":&scFCB9&=9&=$!!EUFATMNNDJ*csjNA<(\":&scFCB9&=o\\O&!!rsADes6$@ru9m!!E[MAT2'lE`7'gFCbFP!!!!","2101251":"!<d@[F*K(c#64c-E,TfC7fWMh!<d@[F*dZ/#64o6@VfsmCI<#NAIW-_Bldj%ARo7dDe!Pg\"_)%OD0%-+$7?/k%0-BY58=.uJ3P%S!.[9H%h/L=JA2j!s*m6R!<@X7(u\\%/!t,EP@<?($Bjkh!!<<*\"cliAh!=3^aFCB9*Df,QJ\"TSo8@s)7!Bk28czp?qte$>\"'gFAlmaAO158!!!92F(o/r;f?JdA,uZ1#S1ujA7\\&CD/XK;;f?JdA,uZ1\"USXSDe!QX@;TQ_:LS#]E,8s#CNBk\"@<Q'nCe\\>[ATDKnCf,=`DKKT7Bk;>dz&-)\\1","2102275":"!<d@[F*K(c#64c-E,TfC7fWMh!<d@[F*d]0#64o6@VfsmCI<#NALV)/Bk(pp@<lF)F#nJUF)to/@rH1%Eb/d#Cgh4'ATBAA@;KLaCis:n$#+:#ASuU.Ed7ZiEH>r7FE7H_!!!3,F)5c:ErZ1C$#O6pBL-NKCh3SH!!!!","4195331":"!<d@[F*K(c#64c-E,TfC8H8_j!<d@[F*dQ,#64o6@VfsmCI<#NAIW-_Bldj%ARo7dDe!Pg\"_)%OD0$m$$6TZ_%0-BY590_(J3OYW%0-BY^D/B7]<`LY!.[9NiCOC`D..NtEbSruErc7@!8eq\"!!*@GDffE0Bl@khciO1T#@hmcDeWa'\"98E%!:U^'5k=^NT_A<ai;3HR#RY-[Blm9fA7\\&F!<<**$$0fkAQ*M`Bk.5E\":,NZBk1d@Ci+*3FAm*oBk.5E!!N[<Ci<g!:18!N$;Y)G+E2.*DJO;$(L_JqBl$LPFCfK,@;Je`@;^1$FD5<-!<<*\"!\"],1!!","4199427":"!<d@[F*K(c#64c-E,TfC8H8_j!<d@[F*d]0#64o6@VfsmCI<#NAIW-_Bldj%ARo7dDe!Pj$#O*mATDKnCi]UW!!(n\"!!!$*Ec6&.FD5Z2!2'Jq$O:0a@W,skEs)IC!!*#k!'p%E!'pD6!9!?R!!ipCD/\")jBk1d@DZKh<#RPQdA7\\\\XCh[D\\!!*?9F(o/r6#:CVF*(?!Ch[D\\!!!0/@VfsmCJJ;TAI;4ACERS4@;]k%$Q!5p@;0OP@<?($BjkgTF^]00Bln'#Erc7@!!!Q1!!!","5244931":"!<d@[F*K(c#64c-E,TfC8cShk!<d@[F*dT-#64o6@VfsmCI<#NAIW-_Bldj%ARo7dDe!Pj$#O*mATDKnCi]UW!!(@h!!!$*Ec6&.FD5Z2!2'Jq$O:0a@W,skErl=A!!)T[!$M.0!!ipCD/\")jBk1d@DZKh<#RPQdA7\\\\XCh[D\\!$DOXF(o/r6#:CVF*(?!Ch[D\\!$DFO@VfsmCJJ;TAI;4ACERS4@;]k%$Q!5p@;0OP@<?($BjkgTF^]00Bln'#Erc7@!!!Q1!!!","5245955":"!<d@[F*K(c#64c-E,TfC8cShk!<d@[F*dW.#64o6@VfsmCI<#NAIW-_Bldj%ARo7dDe!Pj$#O*mATDKnCi]UW!!(@h!!!$*Ec6&.FD5Z2!2'Jq$O:0a@W,skErc7@!!)N]!!ipCD/\")jBk1d@DZKh<#RPQdA7\\\\XCh[D\\!$DOXF(o/r6#:CVF*(?!Ch[D\\!$DFO@VfsmCJJ;TAI;4ACERS4@;]k%$Q!5p@;0OP@<?($BjkgTF^]00Bln'#Erc7@!!!Q1!!!","5246979":"!<d@[F*K(c#64c-E,TfC8cShk!<d@[F*dZ/#64o6@VfsmCI<#NAIW-_Bldj%ARo7dDe!Pj$#O*mATDKnCi]UW!!(@h!!!$*Ec6&.FD5Z2!2'Jq$O:0a@W,skErl=A!!)Le!!)`?!!ipCD/\")jBk1d@DZKh<#RPQdA7\\\\XCh[D\\!$DOXF(o/r6#:CVF*(?!Ch[D\\!$DFO@VfsmCJJ;TAI;4ACERS4@;]k%$Q!5p@;0OP@<?($BjkgTF^]00Bln'#Erc7@!!!Q1!!!","1050628":"!<d@[F*K+d#64c-E,TfC7K<Dg!<d@[F*dT-#64o6@VfsmCI<#NAIW-_Bldj%ARo7dDe!Pj$#O*mATDKnCi]UW!!(n\"!!!$*Ec6&.FD5Z2!71cI$O:0a@W,skEs2OD!!)`m!![IB!(M';!2ad$!9S5B!!ipCD/\")jBk1d@DZKi&#RPQdA7\\\\XCh[D\\!!*?9F(o/r6#:CVF*(?!Ch[D\\!!*60@VfsmCJJ;TAI;4ACERS4@;]k%$Q!5p@;0OP@<?($BjkgTF^]00Bln'#Erc7@!!!Q1!!!","1051652":"!<d@[F*K+d#64c-E,TfC7K<Dg!<d@[F*dW.#64o6@VfsmCI<#NAIW-_Bldj%ARo7dDe!Pj$#O*mATDKnCi]UW!!(@h!!!$*Ec6&.FD5Z2!2'Jq$O:0a@W,skEs)IC!!'7t!.]%c!5L;g!\"AAg!!ipCD/\")jBk1d@DZKi&#RPQdA7\\\\XCh[D\\!%8*`F(o/r6#:CVF*(?!Ch[D\\!%8!W@VfsmCJJ;TAI;4ACERS4@;]k%$Q!5p@;0OP@<?($BjkgTF^]00Bln'#Erc7@!!!Q1!!!","1052676":"!<d@[F*K+d#64c-E,TfC7K<Dg!<d@[F*dZ/#64o6@VfsmCI<#NAIW-_Bldj%ARo7dDe!Pj$#O*mATDKnCi]UW!!(n\"!!!$*Ec6&.FD5Z2!2'Jq$O:0a@W,skEs2OD!!)M\\!![bu!(M:L!2b/$!9Sb1!!ipCD/\")jBk1d@DZKi&#RPQdA7\\\\XCh[D\\!!*?9F(o/r6#:CVF*(?!Ch[D\\!!*60@VfsmCJJ;TAI;4ACERS4@;]k%$Q!5p@;0OP@<?($BjkgTF^]00Bln'#Erc7@!!!Q1!!!","2098180":"!<d@[F*K+d#64c-E,TfC7fWMh!<d@[F*dQ,#64o6@VfsmCI<#NAIij)E,]`9FCJfiD(T[7CBt)QARTFs3WKL+$474B!!#5(!!%O6&df?R!!'bS!!%O6(u\\$n)[Z`h!!%O6&e>EO!!#8!0\"nm'*<6(i58`?N!!","2100228":"!<d@[F*K+d#64c-E,TfC7fWMh!<d@[F*dW.#64o6@VfsmCI<#NAINEeFC?bBE+*s.AT@eWD..ZVDfor>!<<*\"\":]'_FCfK9@;JJQF`MO'!!!!+$Y=3tBlnVfDe*F#!WW3#)J<JqANFLID..=#Bk/f;Ea`KiE\\1p?@<6K0B45Xg3bWYQ@;^!tA1_nD@:Wqi/T>WMFCfK<!<RL#z!<RO$z!<RR%z!<RL$!<<*\"!<RO%!WW3#!<RR&!<<*\"!=is\\DGY.XH\"D\"o@;]^hz!=isTGYi3bH\"D\"o@;]^hs8W-!!=j0i@<ZTe@;]^h9lFQRz!=Eme@<ZTVDfor>!<<*\"#o%H\"@<ZTbDJXSaAoqU)8SrEbEc_<_(27Z#FD50\";0?;bFD5iB;fH/hDIm>Y!!!!\"'PVH!FD50\";fH/hDGbObDKKT7GlRgE!!*C=Ec6)>;e^Ph!<<*\"#n(rcF%L4fDfTr2A,l]FCghC,;fH/hDH(Or@;JJQF`MQM);L!nJs8M$&8?$(ATDZsCdVWM@:O\"nGlRgE!!<^FDKKH1DII?KBOPpoAH2]1z!!<aPARfC^EbAr[ATC=[F`IH^z!!!*>CghC,6YKnKB4Y(^A79Rk<,ZkeCe/JeEcV3\\z!!!N?F)YQ3DIm?IDKKT7Bk;>cz","2102276":"!<d@[F*K+d#64c-E,TfC7fWMh!<d@[F*d]0#64o6@VfsmCI<#NAIij)E,]`9FCJfiD(T[7CBt)QARTFs8H9)2$31\\G%0-A.5SYob]<`@58K\\'A(^^EU!!!!`&df'J!!#4u!!!!a(u\\%/!X]bO\"UtG3!'_)''`\\46^E\"r?4#7`48K\\'7","3148804":"!<d@[F*K+d#64c-E,TfC8,rVi!<d@[F*dW.#64o6@VfsmCI<#NAI`g#DesH&@r!Z6DfTr5\"po!]G%GQ5DfU+(#'\"^#Dfg%'!!!!'\"`nKuFE7Zf0`V4S!!$.-!!!$\"!!!!(!AXWU!!!\"F#64`)z!!!!","4195332":"!<d@[F*K+d#64c-E,TfC8H8_j!<d@[F*dQ,#64o6@VfsmCI<#NAIW-_Bldj%ARo7dDe!Pj$#O*mATDKnCi]UW!!(n\"!!!$*Ec6&.FD5Z2!71cI$O:0a@W,skEs)IC!!)L'!'p,N!20&a!9!_R!!ipCD/\")jBk1d@DZKh<#RPQdA7\\\\XCh[D\\!!EQ<F(o/r6#:CVF*(?!Ch[D\\!!!0/@VfsmCJJ;TAI;4ACERS4@;]k%$Q!5p@;0OP@<?($BjkgTF^]00Bln'#Erc7@!!!Q1!!!","4199428":"!<d@[F*K+d#64c-E,TfC8H8_j!<d@[F*d]0#64o6@VfsmCI<#NAIW-_Bldj%ARo7dDe!Pj$#O*mATDKnCi]UW!!(n\"!!!$*Ec6&.FD5Z2!2'Jq$O:0a@W,skEs)IC!!*#k!'p%E!'pD6!9!?R!!ipCD/\")jBk1d@DZKh<#RPQdA7\\\\XCh[D\\!!*?9F(o/r6#:CVF*(?!Ch[D\\!!!0/@VfsmCJJ;TAI;4ACERS4@;]k%$Q!5p@;0OP@<?($BjkgTF^]00Bln'#Erc7@!!!Q1!!!","5244932":"!<d@[F*K+d#64c-E,TfC8cShk!<d@[F*dT-#64o6@VfsmCI<#NAIW-_Bldj%ARo7dDe!Pj$#O*mATDKnCi]UW!!(@h!!!$*Ec6&.FD5Z2!2'Jq$O:0a@W,skErl=A!!)T[!$M.0!!ipCD/\")jBk1d@DZKh<#RPQdA7\\\\XCh[D\\!$DOXF(o/r6#:CVF*(?!Ch[D\\!$DFO@VfsmCJJ;TAI;4ACERS4@;]k%$Q!5p@;0OP@<?($BjkgTF^]00Bln'#Erc7@!!!Q1!!!","5245956":"!<d@[F*K+d#64c-E,TfC8cShk!<d@[F*dW.#64o6@VfsmCI<#NAIW-_Bldj%ARo7dDe!Pg\"_)%OD0%W9$5NsP'`\\5!58\";4!!!!a('\":u58`?N$69H\\'`\\5!590_(J3OYR%5,=UZPEN?5<g\"D8K\\*C$#O*mATDKnCi]UW!!(@h!!!$*Ec6&.FD5Z2!2'Jq$O:0a@W,skErc7@!!)Nf!!ipCD/\")jBk1d@DZKi&#RPQdA7\\\\XCh[D\\!&\"TgF(o/r6#:CVF*(?!Ch[D\\!&\"K^@VfsmCJJ;TAI;4ACERS4@;]k%$Q!5p@;0OP@<?($BjkgTF^]00Bln'#Erc7@!!!Q1!!!","5246980":"!<d@[F*K+d#64c-E,TfC8cShk!<d@[F*dZ/#64o6@VfsmCI<#NAIW-_Bldj%ARo7dDe!Pj$#O*mATDKnCi]UW!!(@h!!!$*Ec6&.FD5Z2!2'Jq$O:0a@W,skErl=A!!)Le!!)`?!!ipCD/\")jBk1d@DZKh<#RPQdA7\\\\XCh[D\\!$DOXF(o/r6#:CVF*(?!Ch[D\\!$DFO@VfsmCJJ;TAI;4ACERS4@;]k%$Q!5p@;0OP@<?($BjkgTF^]00Bln'#Erc7@!!!Q1!!!","2053":"!<d@[F*K.e#64c-E,TfC70!;f!<d@[F*dT-#64o6@VfsmCI<#NAIW-_Bldj%ARo7dDe!Pj$#O*mATDKnCi]UW!!#nC!!!$*Ec6&.FD5Z2!2'Jq$O:0a@W,skErc7@!61-#!!ipCD/\")jBk1d@DZKh<#RPQdA7\\\\XCh[D\\!!!98F(o/r6#:CVF*(?!Ch[D\\!!!0/@VfsmCJJ;TAHY;DCh3tj@<Q'nCe\\>[ATDKnCf,=`DKKT7Bk;>dz&-)\\1","3077":"!<d@[F*K.e#64c-E,TfC70!;f!<d@[F*dW.#64o6@VfsmCI<#NAIW-_Bldj%ARo7dDe!Pj$#O*mATDKnCi]UW!!#nC!!!$*Ec6&.FD5Z2!2'Jq$O:0a@W,skErc7@!61-#!!ipCD/\")jBk1d@DZKh<#RPQdA7\\\\XCh[D\\!!!98F(o/r6#:CVF*(?!Ch[D\\!!!0/@VfsmCJJ;TAHY;DCh3tj@<Q'nCe\\>[ATDKnCf,=`DKKT7Bk;>dz&-)\\1","4101":"!<d@[F*K.e#64c-E,TfC70!;f!<d@[F*dZ/#64o6@VfsmCI<#NAIW-_Bldj%ARo7dDe!Pj$#O*mATDKnCi]UW!!#nC!!!$*Ec6&.FD5Z2!2'Jq$O:0a@W,skErc7@!61-#!!ipCD/\")jBk1d@DZKh<#RPQdA7\\\\XCh[D\\!!!98F(o/r6#:CVF*(?!Ch[D\\!!!0/@VfsmCJJ;TAHY;DCh3tj@<Q'nCe\\>[ATDKnCf,=`DKKT7Bk;>dz&-)\\1","1050629":"!<d@[F*K.e#64c-E,TfC7K<Dg!<d@[F*dT-#64o6@VfsmCI<#NAIW-_Bldj%ARo7dDe!Pg\"_)%OD0&DO$6ffa%0-BY590_(J3OYW%0-BY58=.uLd2s\\!.[9NiCP-m$7?/k%0-BY58=.uJ3P%S!.[6G%h8R=Im4YJ!.ZjG!!%O6(u\\%/!=K3N@<?($Bjkh!!<<*\"cliAh!=3^aFCB9*Df,R%!WWT5@s)7!Bk28kzpAY*sE`2s-FC,$FE^'QdE$#&inl#N`oNqU$nim-Bn/hW9$>\"'gFAlmaAO158!'^_qF(o/r;f?JdA,uZ7#S1ujA7\\&CD/XK;;f?JdA,uZ5\"USXSDe!QX@;TQ_:LS#]E,8s#CNBk\"@<Q'nCe\\>[ATDKnCf,=`DKKT7Bk;>dz&-)\\1","1051653":"!<d@[F*K.e#64c-E,TfC7K<Dg!<d@[F*dW.#64o6@VfsmCI<#NAIW-_Bldj%ARo7dDe!Pj$#O*mATDKnCi]UW!!(@h!!!$*Ec6&.FD5Z2!2'Jq$O:0a@W,skErc7@!!)NX!!ipCD/\")jBk1d@DZKh<#RPQdA7\\\\XCh[D\\!$DOXF(o/r6#:CVF*(?!Ch[D\\!$DFO@VfsmCJJ;TAI;4ACERS4@;]k%$Q!5p@;0OP@<?($BjkgTF^]00Bln'#Erc7@!!!Q1!!!","1052677":"!<d@[F*K.e#64c-E,TfC7K<Dg!<d@[F*dZ/#64o6@VfsmCI<#NAIW-_Bldj%ARo7dDe!Pg\"_)%OD0'=i$5a*R%0-BY58\";4!!%O6'`\\5i5T&HO+9;fn$474B!.[9S!!#8K&e>HNs*m6JHE?D<*<6)t^DPp$+9;fs$4dRG!.[9K!!%O6*<6()58\"J9s8RR5'`\\5a1E?GqJ?p*O8K\\$A$#O*mATDKnCi]UW!!(@h!!!$*Ec6&.FD5Z2!2'Jq$O:0a@W,skEsVgH!!)M\\!![bu!(M:L!2b/$!9Sb1!\"SkS!)EC*!3Z7W!:Kjd!!ipCD/\")jBk1d@DZKi&#RPQdA7\\\\XCh[D\\!'^`\"F(o/r6#:CVF*(?!Ch[D\\!'^Vn@VfsmCJJ;TAI;4ACERS4@;]k%$Q!5p@;0OP@<?($BjkgTF^]00Bln'#Erc7@!!!Q1!!!","2098181":"!<d@[F*K.e#64c-E,TfC7fWMh!<d@[F*dQ,#64o6@VfsmCI<#NAIij)E,]`9FCJfiD(T[7CBt)QARTFs+ohrm$474B!.[9S!!%O6&e>EO!.[9K!!#8L*<6(i58`?N!!","2102277":"!<d@[F*K.e#64c-E,TfC7fWMh!<d@[F*d]0#64o6@VfsmCI<#NAIij)E,]`9FCJfiD(T[7CBt)QARTFsaoDbc$3^k=!!#4r$4Qt8!'_1u!!#8$iCP-n$5a*R%0-BY58\";4!!%O6'`\\465T&HO+9Dlo$474B!!#4u!!%O6&e>HMs8P7ts8RR5*<6)t58^(++9Dle$3^k=!!#4r$4Qt8!'_1u!.[9NTb/CK$5a*R%0-BY4q\\23!!%O5'`\\6,58^(++9Dle$3^k=!'ia]$4Qt85X,t`!2)OnTb/CK$6ffa%0-A.58=.uJ3FSV%K?D-4r\"%tJ3P%S!2)OnTb/CK!!","3145733":"!<d@[F*K.e#64c-E,TfC8,rVi!<d@[F*dN+#64o6@VfsmCI<#NAIW*WDJj$+/Ri.+DImhl\"E\\p.AJAfdDKB5<G@><(/Snj9B4Y[hF(b[]Ec6&.FCePS!!!!%$#O6pBL-NKCh;?38O*C`Ec6&.FCeVU!!!!*$\"ImiCh7*uARkcD$Z]ft@;0a\\FCB9&z!!","3146757":"!<d@[F*K.e#64c-E,TfC8,rVi!<d@[F*dQ,#64o6@VfsmCI<#NAKPu9E,]`9FCJfiD(Tj<Ec,T4BOt^kATV?s/ST6DD?pDTARTFs,QJ/q$474B!'ia`!!%O6&e>EO!.[6J!!%O6*A5#e1Dlet+9DN","3148805":"!<d@[F*K.e#64c-E,TfC8,rVi!<d@[F*dW.#64o6@VfsmCI<#NAIW-_Bldj%ARo7dDe!Pj$#O*mATDKnCi]UW!!(@h!!!$*Ec6&.FD5Z2!2'Jq$O:0a@W,skErc7@!\"\\T!!!ipCD/\")jBk1d@DZKi&#RPQdA7\\\\XCh[D\\!!3E:F(o/r6#:CVF*(?!Ch[D\\!!3<1@VfsmCJJ;TAI;4ACERS4@;]k%$Q!5p@;0OP@<?($BjkgTF^]00Bln'#Erc7@!!!Q1!!!","3150853":"!<d@[F*K.e#64c-E,TfC8,rVi!<d@[F*d]0#64o6@VfsmCI<#NAKPu9E,]`9FCJfiD(Tj<Ec,T4BOt^kATV?s/ST6DD?pDTARTFs*rlWg$474B!.[6J!!%O5&df'J!'ia`s8RR4(nhNa!WW","3151877":"!<d@[F*K.e#64c-E,TfC8,rVi!<d@[F*d`1#64o6@VfsmCI<#NAI`0XDJj$+/TYK9D.RU,\"U&pmE+K8qAS5jkDKH!dEc6&.FCePS!!!!%$#O6pBL-NKCh;?3ahIr`Ec6&.FCeVU!!!!*$\"ImiCh7*uARkcD$Z]ft@;0a\\FCB9&z!!","4195333":"!<d@[F*K.e#64c-E,TfC8H8_j!<d@[F*dQ,#64o6@VfsmCI<#NAIW-_Bldj%ARo7dDe!Pg\"_)%OD0$m$$6TZ_%0-BY590_(J3OYW%0-BY^_M0sC:\"ua!.[9NiCOC`D..NtEbSruErc7@!8eq\"!!*@GDffE0Bl@khciO1T#@hmcDeWa'\"98E%!:U^'5k=^NT_A<ai;3HR#RY-[Blm9fA7\\&F!<<**$$0fkAQ*M`Bk.5E\":,NZBk1d@Ci+*3FAm*oBk.5E!!N[<Ci<g!:18!N$;Y)G+E2.*DJO;$(L_JqBl$LPFCfK,@;Je`@;^1$FD5<-!<<*\"!\"],1!!","4197381":"!<d@[F*K.e#64c-E,TfC8H8_j!<d@[F*dW.#64o6@VfsmCI<#NAIW-_Bldj%ARo7dDe!Pj$#O*mATDKnCi]UW!!(@h!!!$*Ec6&.FD5Z2!2'Jq$O:0a@W,skErc7@!!)Ng!!ipCD/\")jBk1d@DZKi&#RPQdA7\\\\XCh[D\\!'^`\"F(o/r6#:CVF*(?!Ch[D\\!'^Vn@VfsmCJJ;TAI;4ACERS4@;]k%$Q!5p@;0OP@<?($BjkgTF^]00Bln'#Erc7@!!!Q1!!!","4199429":"!<d@[F*K.e#64c-E,TfC8H8_j!<d@[F*d]0#64o6@VfsmCI<#NAIW-_Bldj%ARo7dDe!Pg\"_)%OD0&&E$6ffa%0-BY58=.uJ3FSV%0-BY^_QD>Im+m!XQhVZiCP-n$69HW%0-BY58\"J9!!%Pb'mcrrZlOIol80@:8K\\'B$#O*mATDKnCi]UW!!(n\"!!!$*Ec6&.FD5Z2!2'Jq$O:0a@W,skEs)IC!!*#k!'p%E!'pD6!9!?R!!ipCD/\")jBk1d@DZKh<#RPQdA7\\\\XCh[D\\!!*?9F(o/r6#:CVF*(?!Ch[D\\!!!0/@VfsmCJJ;TAI;4ACERS4@;]k%$Q!5p@;0OP@<?($BjkgTF^]00Bln'#Erc7@!!!Q1!!!","4200453":"!<d@[F*K.e#64c-E,TfC8H8_j!<d@[F*d`1#64o6@VfsmCI<#NAIW*WDJj$+/Ri.+DImhl\"E\\p.AJSrfDKB5<B6%p5DIb>8@<-!lAnc=\"\":&scFCB9&=9&=$!!EUFATMNNDJ*csgCME@\":&scFCB9&=o\\O&!!rsADes6$@ru9m!!E[MAT2'lE`7'gFCbFP!!!!","5244933":"!<d@[F*K.e#64c-E,TfC8cShk!<d@[F*dT-#64o6@VfsmCI<#NAIW-_Bldj%ARo7dDe!Pj$Zg3(G@Pc)DeWa'!WW3#0`(A@&Ftq`$P@#lDfor.;f6Mt6ZljVBk28czn.5R-$#O*mATDKnCi]UW!!(@h!!!$*Ec6&.FD5Z2!2'Jq$O:0a@W,skErl=A!!)T[!$M.0!!ipCD/\")jBk1d@DZKh<#RPQdA7\\\\XCh[D\\!$DOXF(o/r6#:CVF*(?!Ch[D\\!$DFO@VfsmCJJ;TAI;4ACERS4@;]k%$Q!5p@;0OP@<?($BjkgTF^]00Bln'#Erc7@!!!Q1!!!","5245957":"!<d@[F*K.e#64c-E,TfC8cShk!<d@[F*dW.#64o6@VfsmCI<#NAIW-_Bldj%ARo7dDe!Pg\"_)%OD0&DO$6ffa%0-BY58=.u5X,kl%KHHX58F4u5<g.g!.[9NiCP-m$7?/k%0-BY58=.u5X-7h!.[9H%h/L=JA2j!s$&^g!<@X7(u\\%/!Xf<O@<?($Bjkh!!<<*\"cliAh!=3^aFCB9*Df,QJ\"TSo8@s)7!Bk28cznGWCn$>\"'gFAlmaAO158!'^_qF(o/r;f?JdA,uZ`#S1ujA7\\&CD/XK;;f?JdA,uZ`\"USXSDe!QX@;TQ_:LS#]E,8s#CNBk\"@<Q'nCe\\>[ATDKnCf,=`DKKT7Bk;>dz&-)\\1","5246981":"!<d@[F*K.e#64c-E,TfC8cShk!<d@[F*dZ/#64o6@VfsmCI<#NAIW-_Bldj%ARo7dDe!Pj$#O*mATDKnCi]UW!!(@h!!!$*Ec6&.FD5Z2!2'Jq$O:0a@W,skErl=A!!)Le!!)`?!!ipCD/\")jBk1d@DZKh<#RPQdA7\\\\XCh[D\\!$DOXF(o/r6#:CVF*(?!Ch[D\\!$DFO@VfsmCJJ;TAI;4ACERS4@;]k%$Q!5p@;0OP@<?($BjkgTF^]00Bln'#Erc7@!!!Q1!!!","2054":"!<d@[F*K1f#64c-E,TfC70!;f!<d@[F*dT-#64o6@VfsmCI<#NAIW-_Bldj%ARo7dDe!Pj$#O*mATDKnCi]UW!!(n\"!!!$*Ec6&.FD5Z2!2'Jq$O:0a@W,skErc7@!9!AH!!ipCD/\")jBk1d@DZKh<#RPQdA7\\\\XCh[D\\!\"]DHF(o/r6#:CVF*(?!Ch[D\\!\"];?@VfsmCJJ;TAI;4ACERS4@;]k%$Q!5p@;0OP@<?($BjkgTF^]00Bln'#Erc7@!!!Q1!!!","3078":"!<d@[F*K1f#64c-E,TfC70!;f!<d@[F*dW.#64o6@VfsmCI<#NAIW-_Bldj%ARo7dDe!Pj$#O*mATDKnCi]UW!!(n\"!!!$*Ec6&.FD5Z2!2'Jq$O:0a@W,skErc7@!9!AH!!ipCD/\")jBk1d@DZKh<#RPQdA7\\\\XCh[D\\!\"]DHF(o/r6#:CVF*(?!Ch[D\\!\"];?@VfsmCJJ;TAI;4ACERS4@;]k%$Q!5p@;0OP@<?($BjkgTF^]00Bln'#Erc7@!!!Q1!!!","4102":"!<d@[F*K1f#64c-E,TfC70!;f!<d@[F*dZ/#64o6@VfsmCI<#NAIW-_Bldj%ARo7dDe!Pj$#O*mATDKnCi]UW!!(n\"!!!$*Ec6&.FD5Z2!2'Jq$O:0a@W,skErc7@!9!AH!!ipCD/\")jBk1d@DZKh<#RPQdA7\\\\XCh[D\\!\"]DHF(o/r6#:CVF*(?!Ch[D\\!\"];?@VfsmCJJ;TAI;4ACERS4@;]k%$Q!5p@;0OP@<?($BjkgTF^]00Bln'#Erc7@!!!Q1!!!","2099206":"!<d@[F*K1f#64c-E,TfC7fWMh!<d@[F*dT-#64o6@VfsmCI<#NAIij)E,]`9FCJfiD(T[7CBt)QARTFs)?:*]$31\\L%5,=UZP>++40oq-!.[9NiCP-m!!","2101254":"!<d@[F*K1f#64c-E,TfC7fWMh!<d@[F*dZ/#64o6@VfsmCI<#NAIij)E,]`9FCJfiD(T[7CBt)QARTFs4obp6$47LJ!.[9S!!%O6&e>H3bm^rorr7I4*<6'>^_l$%+9;fd$3_FM!.[9H$4SW$40oYS]fWP;iCP-m!!","3147782":"!<d@[F*K1f#64c-E,TfC8,rVi!<d@[F*dT-#64o6@VfsmCI<#NAIW-_Bldj%ARo7dDe!Pj$Zg3(G@Pc)DeWa'!<<*\"n1[',$P@#lDfor.;f6Mt6ZljVBk28dzo^Dh`n1XhM$#O*mATDKnCi]UW!!(n\"!!!$*Ec6&.FD5Z2!2'Jq$O:0a@W,skErl=A!!!Qp!.lmh!!ipCD/\")jBk1d@DZKh<#RPQdA7\\\\XCh[D\\!!!98F(o/r6#:CVF*(?!Ch[D\\!!!0/@VfsmCJJ;TAI;4ACERS4@;]k%$Q!5p@;0OP@<?($BjkgTF^]00Bln'#Erc7@!!!Q1!!!","3149830":"!<d@[F*K1f#64c-E,TfC8,rVi!<d@[F*dZ/#64o6@VfsmCI<#NAIW-_Bldj%ARo7dDe!Pj$#O*mATDKnCi]UW!!(n\"!!!$*Ec6&.FD5Z2!2'Jq$O:0a@W,skErl=A!!\"#=!.m?5!!ipCD/\")jBk1d@DZKh<#RPQdA7\\\\XCh[D\\!!!98F(o/r6#:CVF*(?!Ch[D\\!!!0/@VfsmCJJ;TAI;4ACERS4@;]k%$Q!5p@;0OP@<?($BjkgTF^]00Bln'#Erc7@!!!Q1!!!","4195334":"!<d@[F*K1f#64c-E,TfC8H8_j!<d@[F*dQ,#64o6@VfsmCI<#NAIW-_Bldj%ARo7dDe!Pj$#O*mATDKnCi]UW!!(n\"!!!$*Ec6&.FD5Z2!71cI$O:0a@W,skEs;UE!!)L'!'p*8!.a]e!20%6!5SBC!9!_R!!ipCD/\")jBk1d@DZKh<#RPQdA7\\\\XCh[D\\!!!98F(o/r6#:CVF*(?!Ch[D\\!!!0/@VfsmCJJ;TAI;4ACERS4@;]k%$Q!5p@;0OP@<?($BjkgTF^]00Bln'#Erc7@!!!Q1!!!","4196358":"!<d@[F*K1f#64c-E,TfC8H8_j!<d@[F*dT-#64o6@VfsmCI<#NAIW-_Bldj%ARo7dDe!Pj$#O*mATDKnCi]UW!!(n\"!!!$*Ec6&.FD5Z2!71cI$O:0a@W,skEruCB!!\"];!(:cj!9io:!!ipCD/\")jBk1d@DZKh<#RPQdA7\\\\XCh[D\\!!!98F(o/r6#:CVF*(?!Ch[D\\!!!0/@VfsmCJJ;TAI;4ACERS4@;]k%$Q!5p@;0OP@<?($BjkgTF^]00Bln'#Erc7@!!!Q1!!!","4198406":"!<d@[F*K1f#64c-E,TfC8H8_j!<d@[F*dZ/#64o6@VfsmCI<#NAIW-_Bldj%ARo7dDe!Pg\"_)%OD0$Tq$5a*R*<6(i58\";<!!%O6*<6(i58`?N+9;iXF)Go?@s)7!Bk28c!!!#grr2s+&SH-&F`(_gDJs_dF^f9'A9.bO!!!#g0E;IeD..NtEbSruErc7@!72kh!!*@GDffE0Bl@khTEP<'#@hmcDeWa'!rr<$!'L8]7\"#\"7kktG\\#RY-[Blm9fA7\\&F!<<**$$0fkAQ*M`Bk.5E!!j*VBk1d@Ci+*3FAm*oBk.5E!!N[<Ci<g!:18!N$;Y)G+E2.*DJO;$(L_JqBl$LPFCfK,@;Je`@;^1$FD5<-!<<*\"!\"],1!!","4199430":"!<d@[F*K1f#64c-E,TfC8H8_j!<d@[F*d]0#64o6@VfsmCI<#NAIW-_Bldj%ARo7dDe!Pj$#O*mATDKnCi]UW!!(n\"!!!$*Ec6&.FD5Z2!2'Jq$O:0a@W,skEsD[F!!*#k!'pJ8!.aj8!.apV!5S56!5S;V!9!?2!!ipCD/\")jBk1d@DZKh<#RPQdA7\\\\XCh[D\\!!!98F(o/r6#:CVF*(?!Ch[D\\!!!0/@VfsmCJJ;TAI;4ACERS4@;]k%$Q!5p@;0OP@<?($BjkgTF^]00Bln'#Erc7@!!!Q1!!!","5244934":"!<d@[F*K1f#64c-E,TfC8cShk!<d@[F*dT-#64o6@VfsmCI<#NAIW-_Bldj%ARo7dDe!Pj$Zg3(G@Pc)DeWa'!WW3#0`(A@&Ftq`$P@#lDfor.;f6Mt6ZljVBk28czn.5R-$#O*mATDKnCi]UW!!(@h!!!$*Ec6&.FD5Z2!2'Jq$O:0a@W,skErl=A!!)Sp!$M.0!!ipCD/\")jBk1d@DZKh<#RPQdA7\\\\XCh[D\\!!!98F(o/r6#:CVF*(?!Ch[D\\!!!0/@VfsmCJJ;TAI;4ACERS4@;]k%$Q!5p@;0OP@<?($BjkgTF^]00Bln'#Erc7@!!!Q1!!!","5245958":"!<d@[F*K1f#64c-E,TfC8cShk!<d@[F*dW.#64o6@VfsmCI<#NAIW-_Bldj%ARo7dDe!Pj$#O*mATDKnCi]UW!!(@h!!!$*Ec6&.FD5Z2!2'Jq$O:0a@W,skEruCB!$LbG!$M:6!'p,*!!ipCD/\")jBk1d@DZKh<#RPQdA7\\\\XCh[D\\!!!98F(o/r6#:CVF*(?!Ch[D\\!!!0/@VfsmCJJ;TAI;4ACERS4@;]k%$Q!5p@;0OP@<?($BjkgTF^]00Bln'#Erc7@!!!Q1!!!","5246982":"!<d@[F*K1f#64c-E,TfC8cShk!<d@[F*dZ/#64o6@VfsmCI<#NAIW-_Bldj%ARo7dDe!Pj$#O*mATDKnCi]UW!!(@h!!!$*Ec6&.FD5Z2!2'Jq$O:0a@W,skEruCB!!)Xi!!)`?!$Lbe!!ipCD/\")jBk1d@DZKh<#RPQdA7\\\\XCh[D\\!$DOXF(o/r6#:CVF*(?!Ch[D\\!!!0/@VfsmCJJ;TAI;4ACERS4@;]k%$Q!5p@;0OP@<?($BjkgTF^]00Bln'#Erc7@!!!Q1!!!"},"Entities":[],"ReplaceMode":2,"EntranceRotation":-1}