
    [

    {"id": "start",
     "questline": "qptech",
     "domain": "machines",
     "requireall": true,
     "requirements": [{"name":"game:ingot-copper","qty": 1}],
     "rewards":[{"name":"game:ingot-copper","qty":4}],
     "hidden": false,
     "startunlocked": true,
     "unlocks": ["bronzeage","screwdriver"],
     "achievement": true
    },
    
    {"id": "bronzeage",
     "questline": "qptech",
     "domain": "machines",
     "requireall":  false,
     "requirements": [{"name":"game:ingot-tinbronze","qty": 1},{"name":"game:ingot-bismuthbronze","qty": 1},{"name":"game:ingot-blackbronze","qty": 1}],
     "rewards":[{"name":"game:ingot-tinbronze","qty":2}],
     
     "startunlocked": false,
     "unlocks": []
    },
    
    {"id": "screwdriver",
     "questline": "qptech",
     "domain": "machines",
     "requireall":  true,
     "requirements": [{"name":"machines:screwdriver-*","qty": 1}],
     "rewards":[],
     
     "startunlocked": false,
     "unlocks": ["wireplate"]
    },
    
    {"id": "wireplate",
     "questline": "qptech",
     "domain": "machines",
     "requireall":  true,
     "requirements": [{"name":"machines:pullplate-*","qty": 1}],
     "rewards":[{"name":"game:ingot-copper","qty":1}],
     
     "startunlocked": false,
     "unlocks": []
    }
  ]