{"GameVersion":"1.18.5","SizeX":10,"SizeY":5,"SizeZ":4,"BlockCodes":{"9321":"game:metalblock-corroded-riveted-rusty-iron","7292":"game:planks-oak-ud","8206":"game:genericwood","1327":"game:metalblock-new-plain-iron","882":"game:glass-quartz","7279":"game:planks-oak-ns","9672":"game:planks-oak-we","1321":"game:metalblock-new-plain-bismuthbronze","456":"game:chiseledblock","8614":"game:meta-spawner","8441":"game:wagonwheels-spoked-south","8433":"game:wagonwheels-spoked-north","2685":"game:soil-medium-normal","2269":"game:tallgrass-short-free","2273":"game:tallgrass-verytall-free","1971":"game:flower-lupine-red-free","1991":"game:flower-goldenpoppy-free","1179":"game:water-still-7","1984":"game:flower-heather-free","1994":"game:flower-redtopgrass-free"},"ItemCodes":{},"Indices":[0,3072,1,3073,2,1026,3074,3,1027,2051,3075,1049603,1050627,2098179,2099203,3146755,3147779,4,1028,2052,3076,1048580,1049604,1050628,1051652,2097156,2098180,2099204,2100228,3145732,3148804,4195332,4196356,5,1029,2053,3077,1048581,1049605,1050629,1051653,2097157,2098181,2099205,2100229,3145733,3148805,4195333,4196357,6,1030,2054,3078,1048582,1049606,1050630,1051654,2097158,2099206,2100230,3145734,3148806,4195334,4196358,7,1031,2055,3079,1048583,1049607,1050631,1051655,2097159,2098183,2099207,2100231,3145735,3148807,4195335,4196359,8,1032,2056,3080,1048584,1049608,1050632,1051656,2097160,2099208,2100232,3145736,3148808,4195336,4196360,1033,2057,1049609,1050633,2098185,2099209,3146761,3147785],"BlockIds":[456,456,456,456,456,8614,456,456,456,456,456,456,456,456,456,456,456,8441,456,456,8433,456,2685,2685,456,456,2269,2273,456,456,456,456,456,456,456,456,456,456,2685,2685,456,456,1971,1991,456,456,456,456,456,456,456,456,456,456,1179,2685,456,456,1984,456,456,456,456,456,8441,456,456,8433,456,2685,2685,456,456,2273,2269,456,456,456,456,456,456,456,456,456,456,456,2685,456,456,1994,456,456,456,456,456,456,456,456,456,456,456,456,456],"DecorIndices":[],"DecorIds":[],"BlockEntities":{"0":"!<d@[F*O7k#64c-E,TfC!rr<$!<d@[F*`ek#64o6@VfsmCI<#NAIW-_Bldj%ARo7dDe!Pj$#O*mATDKnCi]UW!!$^Y!!!$*Ec6&.FD5Z2!2'Jq$O:0a@W,skErc7@!9!nW!!ipCD/\")jBk1d@DZKi&#RPQdA7\\\\XCh[D\\!'^`\"F(o/r6#:CVF*(?!Ch[D\\!'^Vn@VfsmCJJ;TAK=-VEcP`%ARlotEc5h<@VfsmCEP$GBm+'0ARm4t(L_JqBl$LPFCfK,@;Je`@;^1$FD5<-!<<*\"!\"],1!!","3072":"!<d@[F*O7k#64c-E,TfC!rr<$!<d@[F*`nn#64o6@VfsmCI<#NAIW-_Bldj%ARo7dDe!Pj$#O*mATDKnCi]UW!!$^Y!!!$*Ec6&.FD5Z2!2'Jq$O:0a@W,skErc7@!9!>W!!ipCD/\")jBk1d@DZKi&#RPQdA7\\\\XCh[D\\!'^`\"F(o/r6#:CVF*(?!Ch[D\\!'^Vn@VfsmCJJ;TAK=-VEcP`%ARlotEc5h<@VfsmCEP$GBm+'0ARm4t(L_JqBl$LPFCfK,@;Je`@;^1$FD5<-!<<*\"!\"],1!!","1":"!<d@[F*O:l#64c-E,TfC!rr<$!<d@[F*`ek#64o6@VfsmCI<#NAIW-_Bldj%ARo7dDe!Pj$#O*mATDKnCi]UW!!$^Y!!!$*Ec6&.FD5Z2!2'Jq$O:0a@W,skErc7@!9!nW!!ipCD/\")jBk1d@DZKi&#RPQdA7\\\\XCh[D\\!'^`\"F(o/r6#:CVF*(?!Ch[D\\!'^Vn@VfsmCJJ;TAK=-VEcP`%ARlotEc5h<@VfsmCEP$GBm+'0ARm4t(L_JqBl$LPFCfK,@;Je`@;^1$FD5<-!<<*\"!\"],1!!","3073":"!<d@[F*O:l#64c-E,TfC!rr<$!<d@[F*`nn#64o6@VfsmCI<#NAIW-_Bldj%ARo7dDe!Pj$#O*mATDKnCi]UW!!$^Y!!!$*Ec6&.FD5Z2!2'Jq$O:0a@W,skErc7@!9!>W!!ipCD/\")jBk1d@DZKi&#RPQdA7\\\\XCh[D\\!'^`\"F(o/r6#:CVF*(?!Ch[D\\!'^Vn@VfsmCJJ;TAK=-VEcP`%ARlotEc5h<@VfsmCEP$GBm+'0ARm4t(L_JqBl$LPFCfK,@;Je`@;^1$FD5<-!<<*\"!\"],1!!","2":"!<d@[F*O=m#64c-E,TfC!rr<$!<d@[F*`ek#64o6@VfsmCI<#NAIW-_Bldj%ARo7dDe!Pj$#O*mATDKnCi]UW!!$^Y!!!$*Ec6&.FD5Z2!2'Jq$O:0a@W,skErc7@!9!nW!!ipCD/\")jBk1d@DZKi&#RPQdA7\\\\XCh[D\\!'^`\"F(o/r6#:CVF*(?!Ch[D\\!'^Vn@VfsmCJJ;TAK=-VEcP`%ARlotEc5h<@VfsmCEP$GBm+'0ARm4t(L_JqBl$LPFCfK,@;Je`@;^1$FD5<-!<<*\"!\"],1!!","1026":"!<d@[F*O=m#64c-E,TfC!rr<$!<d@[F*`hl#64o6@VfsmCI<#NAINEeFC?bBE+*s.AT@eWD..ZVDfor>!<<*\"\":]'_FCfK9@;JJQF`MO'!!!!+$Y=3tBlnVfDe*F#\"98E%)J<JqANFLID..=#Bk/f;Ea`KiE\\1mADe*o/B45Xg3bWYQ@;^!tA1_nD@:Wqi/R`[ABld^#+D5,\"ANFLID..=#Bk/f;Ea`KiE\\1d>D/F3%Bln'#F!>7*D.PbAF_tQ)DeW`6FE1f#ATBADF`MY>G%#3\"Df90-!<RL#z!<RO$z!<RR%z!<RL$!<<*\"!<RO%!WW3#!<RR&!<<*\"!=is\\DGY.XH\"D\"o@;]^hz!=isTGYi3bH\"D\"o@;]^hs8W-!!=j0i@<ZTe@;]^h9lFQRz!=Eme@<ZTVDfor>!<<*\"#o%H\"@<ZTbDJXSaAoqU)8SrEbEc_<_(27Z#FD50\";0?;bFD5iB;fH/hDIm>Y!!!!\"'PVH!FD50\";fH/hDGbObDKKT7GlRgE!!*C=Ec6)>;e^Ph!<<*\"#n(rcF%L4fDfTr2A,l]FCghC,;fH/hDH(Or@;JJQF`MQM);L!nJs8M$&8?$(ATDZsCdVWM@:O\"nGlRgE!!<^FDKKH1DII?KBOPpoAH2]1z!!<aPARfC^EbAr[ATC=[F`IH^z!!!*>CghC,6YKnKB4Y(^A79Rk<,ZkeCe/JeEcV3\\z!!!N?F)YQ3DIm?IDKKT7Bk;>cz","3074":"!<d@[F*O=m#64c-E,TfC!rr<$!<d@[F*`nn#64o6@VfsmCI<#NAIW-_Bldj%ARo7dDe!Pj$#O*mATDKnCi]UW!!$^Y!!!$*Ec6&.FD5Z2!2'Jq$O:0a@W,skErc7@!9!>W!!ipCD/\")jBk1d@DZKi&#RPQdA7\\\\XCh[D\\!'^`\"F(o/r6#:CVF*(?!Ch[D\\!'^Vn@VfsmCJJ;TAK=-VEcP`%ARlotEc5h<@VfsmCEP$GBm+'0ARm4t(L_JqBl$LPFCfK,@;Je`@;^1$FD5<-!<<*\"!\"],1!!","3":"!<d@[F*O@n#64c-E,TfC!rr<$!<d@[F*`ek#64o6@VfsmCI<#NAIW-_Bldj%ARo7dDe!Pj$#O*mATDKnCi]UW!!$^Y!!!$*Ec6&.FD5Z2!2'Jq$O:0a@W,skErc7@!9!nW!!ipCD/\")jBk1d@DZKi&#RPQdA7\\\\XCh[D\\!'^`\"F(o/r6#:CVF*(?!Ch[D\\!'^Vn@VfsmCJJ;TAK=-VEcP`%ARlotEc5h<@VfsmCEP$GBm+'0ARm4t(L_JqBl$LPFCfK,@;Je`@;^1$FD5<-!<<*\"!\"],1!!","1027":"!<d@[F*O@n#64c-E,TfC!rr<$!<d@[F*`hl#64o6@VfsmCI<#NAIW-_Bldj%ARo7dDe!Pj$#O*mATDKnCi]UW!!%Bd!!!$*Ec6&.FD5Z2!2'Jq$O:0a@W,skErc7@!9!AH!!ipCD/\")jBk1d@DZKi&#RPQdA7\\\\XCh[D\\!'^`\"F(o/r6#:CVF*(?!Ch[D\\!'^Vn@VfsmCJJ;TAI;4ACERS4@;]k%$Q!5p@;0OP@<?($BjkgTF^]00Bln'#Erc7@!!!Q1!!!","2051":"!<d@[F*O@n#64c-E,TfC!rr<$!<d@[F*`km#64o6@VfsmCI<#NAIW-_Bldj%ARo7dDe!Pj$#O*mATDKnCi]UW!!%Bd!!!$*Ec6&.FD5Z2!2'Jq$O:0a@W,skErc7@!9!AH!!ipCD/\")jBk1d@DZKi&#RPQdA7\\\\XCh[D\\!'^`\"F(o/r6#:CVF*(?!Ch[D\\!'^Vn@VfsmCJJ;TAI;4ACERS4@;]k%$Q!5p@;0OP@<?($BjkgTF^]00Bln'#Erc7@!!!Q1!!!","3075":"!<d@[F*O@n#64c-E,TfC!rr<$!<d@[F*`nn#64o6@VfsmCI<#NAIW-_Bldj%ARo7dDe!Pj$#O*mATDKnCi]UW!!$^Y!!!$*Ec6&.FD5Z2!2'Jq$O:0a@W,skErc7@!9!>W!!ipCD/\")jBk1d@DZKi&#RPQdA7\\\\XCh[D\\!'^`\"F(o/r6#:CVF*(?!Ch[D\\!'^Vn@VfsmCJJ;TAK=-VEcP`%ARlotEc5h<@VfsmCEP$GBm+'0ARm4t(L_JqBl$LPFCfK,@;Je`@;^1$FD5<-!<<*\"!\"],1!!","1049603":"!<d@[F*O@n#64c-E,TfC\"98E%!<d@[F*`hl#64o6@VfsmCI<#NAIW-_Bldj%ARo7dDe!Pj$Zg3(G@Pc)DeWa'!WW3#ro*;GQdGO.$P@#lDfor.;f6Mt6ZljVBk28cz@.4.($#O*mATDKnCi]^Z!!%Bd!!$^Y!!!KO!!\"YU!!!$*Ec6&.FD5Z2!2'Jq$O:0a@W,skEs;UE!12(.!Y4]1!=o/0!M897!rh`Y!>\"_g!!ipCD/\")jBk1d@DZKi&#RPQdA7\\\\XCh[D\\!!3E:F(o/r6#:CVF*(?!Ch[D\\!!3<1@VfsmCJJ;TAI;4ACERS4@;]k%$Q!5p@;0OP@<?($BjkgTF^]00Bln'#Erc7@!!!Q1!!!","1050627":"!<d@[F*O@n#64c-E,TfC\"98E%!<d@[F*`km#64o6@VfsmCI<#NAIW-_Bldj%ARo7dDe!Pj$Zg3(G@Pc)DeWa'!WW3#ro*;GQdGO.$P@#lDfor.;f6Mt6ZljVBk28cz@.4.($#O*mATDKnCi]^Z!!%Bd!!$^Y!!!KO!!\"YU!!!$*Ec6&.FD5Z2!2'Jq$O:0a@W,skEs;UE!12(.!Y4]1!=o/0!M897!rh`Y!>\"_g!!ipCD/\")jBk1d@DZKi&#RPQdA7\\\\XCh[D\\!!3E:F(o/r6#:CVF*(?!Ch[D\\!!3<1@VfsmCJJ;TAI;4ACERS4@;]k%$Q!5p@;0OP@<?($BjkgTF^]00Bln'#Es)IC!!!Q1!!!Q1!!!Q1!!!Q1!!!","2098179":"!<d@[F*O@n#64c-E,TfC\"TSN&!<d@[F*`hl#64o6@VfsmCI<#NAIW-_Bldj%ARo7dDe!Pj$#O*mATDKnCi]XX!!%Bd!!$^Y!!!$*Ec6&.FD5Z2!2'Jq$O:0a@W,skEs)IC!\"SK/!=o/0!WMWX!>\"_g!!ipCD/\")jBk1d@DZKi&#RPQdA7\\\\XCh[D\\!'^`\"F(o/r6#:CVF*(?!Ch[D\\!'^Vn@VfsmCJJ;TAI;4ACERS4@;]k%$Q!5p@;0OP@<?($BjkgTF^]00Bln'#Erc7@!!!Q1!!!","2099203":"!<d@[F*O@n#64c-E,TfC\"TSN&!<d@[F*`km#64o6@VfsmCI<#NAIW-_Bldj%ARo7dDe!Pj$#O*mATDKnCi]XX!!%Bd!!$^Y!!!$*Ec6&.FD5Z2!2'Jq$O:0a@W,skEs)IC!\"SK/!=o/0!WMWX!>\"_g!!ipCD/\")jBk1d@DZKi&#RPQdA7\\\\XCh[D\\!'^`\"F(o/r6#:CVF*(?!Ch[D\\!'^Vn@VfsmCJJ;TAI;4ACERS4@;]k%$Q!5p@;0OP@<?($BjkgTF^]00Bln'#Erc7@!!!Q1!!!","3146755":"!<d@[F*O@n#64c-E,TfC\"onW'!<d@[F*`hl#64o6@VfsmCI<#NAIW-_Bldj%ARo7dDe!Pj$#O*mATDKnCi]XX!!%$A!!$^Y!!!$*Ec6&.FD5Z2!2'Jq$O:0a@W,skEruCB!\"\\W!!<2Kf!=nT/!=0$DD/\")jBk1d@DZKi&#RPQdA7\\\\XCh[D\\!'^`\"F(o/r6#:CVF*(?!Ch[D\\!'^Vn@VfsmCJJ;TAIMFY@<-I9+D5M!F)q^*@<Q'nCe\\>[ATDKnCf,=`DKKT7Bk;>dz&-)\\1","3147779":"!<d@[F*O@n#64c-E,TfC\"onW'!<d@[F*`km#64o6@VfsmCI<#NAIW-_Bldj%ARo7dDe!Pj$#O*mATDKnCi]XX!!%$A!!$^Y!!!$*Ec6&.FD5Z2!2'Jq$O:0a@W,skEs)IC!\"T&/!>\"_g!<2KV!=nT/!=0$DD/\")jBk1d@DZKi&#RPQdA7\\\\XCh[D\\!'^`\"F(o/r6#:CVF*(?!Ch[D\\!'^Vn@VfsmCJJ;TAIMFY@<-I9+D5M!F)q^*@<Q'nCe\\>[ATDKnCf,=`DKKT7Bk;>dz&-)\\1","1028":"!<d@[F*OCo#64c-E,TfC!rr<$!<d@[F*`hl#64o6@VfsmCI<#NAIW-_Bldj%ARo7dDe!Pj$#O*mATDKnCi]XX!!!KO!!$pW!!!$*Ec6&.FD5Z2!2'Jq$O:0a@W,skErl=A!9!AH!QL6\"!!ipCD/\")jBk1d@DZKi&#RPQdA7\\\\XCh[D\\!'^`\"F(o/r6#:CVF*(?!Ch[D\\!'^Vn@VfsmCJJ;TAHY;DCh3tj@<Q'nCe\\>[ATDKnCf,=`DKKT7Bk;>dz&-)\\1","2052":"!<d@[F*OCo#64c-E,TfC!rr<$!<d@[F*`km#64o6@VfsmCI<#NAIW-_Bldj%ARo7dDe!Pj$#O*mATDKnCi]XX!!!KO!!$pW!!!$*Ec6&.FD5Z2!2'Jq$O:0a@W,skErl=A!9!AH!QL6\"!!ipCD/\")jBk1d@DZKh<#RPQdA7\\\\XCh[D\\!\"]DHF(o/r6#:CVF*(?!Ch[D\\!\"];?@VfsmCJJ;TAHY;DCh3tj@<Q'nCe\\>[ATDKnCf,=`DKKT7Bk;>ez&-)\\1&-)\\1","1048580":"!<d@[F*OCo#64c-E,TfC\"98E%!<d@[F*`ek#64o6@VfsmCI<#NAIW-_Bldj%ARo7dDe!Pj$#O*mATDKnCi]XX!!%Bd!!$^Y!!!$*Ec6&.FD5Z2!2'Jq$O:0a@W,skEs)IC!!!N/!<MZg!:g'g!>#2/!=0$DD/\")jBk1d@DZKi&#RPQdA7\\\\XCh[D\\!'^`\"F(o/r6#:CVF*(?!Ch[D\\!'^Vn@VfsmCJJ;TAIMFY@<-I9+D5M!F)q^*@<Q'nCe\\>[ATDKnCf,=`DKKT7Bk;>dz&-)\\1","1051652":"!<d@[F*OCo#64c-E,TfC\"98E%!<d@[F*`nn#64o6@VfsmCI<#NAIW-_Bldj%ARo7dDe!Pj$#O*mATDKnCi]XX!!%Bd!!$^Y!!!$*Ec6&.FD5Z2!2'Jq$O:0a@W,skEs)IC!\"\\Q@!<M*g!:\\ng!<<*@!=0$DD/\")jBk1d@DZKi&#RPQdA7\\\\XCh[D\\!'^`\"F(o/r6#:CVF*(?!Ch[D\\!'^Vn@VfsmCJJ;TAI;4ACERS4@;]k%$Q!5p@;0OP@<?($BjkgTF^]00Bln'#Erc7@!!!Q1!!!","2097156":"!<d@[F*OCo#64c-E,TfC\"TSN&!<d@[F*`ek#64o6@VfsmCI<#NAIW-_Bldj%ARo7dDe!Pj$#O*mATDKnCi]XX!!%$A!!$^Y!!!$*Ec6&.FD5Z2!2'Jq$O:0a@W,skEs)IC!!!N/!<MZg!:g'g!>#2/!=0$DD/\")jBk1d@DZKi&#RPQdA7\\\\XCh[D\\!'^`\"F(o/r6#:CVF*(?!Ch[D\\!'^Vn@VfsmCJJ;TAIMFY@<-I9+D5M!F)q^*@<Q'nCe\\>[ATDKnCf,=`DKKT7Bk;>dz&-)\\1","2100228":"!<d@[F*OCo#64c-E,TfC\"TSN&!<d@[F*`nn#64o6@VfsmCI<#NAIW-_Bldj%ARo7dDe!Pj$#O*mATDKnCi]XX!!%$A!!$^Y!!!$*Ec6&.FD5Z2!2'Jq$O:0a@W,skEruCB!!2R!!:]J\"!<<*@!=0$DD/\")jBk1d@DZKi&#RPQdA7\\\\XCh[D\\!'^`\"F(o/r6#:CVF*(?!Ch[D\\!'^Vn@VfsmCJJ;TAIMFY@<-I9+D5M!F)q^*@<Q'nCe\\>[ATDKnCf,=`DKKT7Bk;>dz&-)\\1","3145732":"!<d@[F*OCo#64c-E,TfC\"onW'!<d@[F*`ek#64o6@VfsmCI<#NAIW-_Bldj%ARo7dDe!Pj$#O*mATDKnCi]XX!!%$A!!$^Y!!!$*Ec6&.FD5Z2!2'Jq$O:0a@W,skEs)IC!!!N/!<MZg!:g'g!>#2/!=0$DD/\")jBk1d@DZKi&#RPQdA7\\\\XCh[D\\!'^`\"F(o/r6#:CVF*(?!Ch[D\\!'^Vn@VfsmCJJ;TAIMFY@<-I9+D5M!F)q^*@<Q'nCe\\>[ATDKnCf,=`DKKT7Bk;>dz&-)\\1","3148804":"!<d@[F*OCo#64c-E,TfC\"onW'!<d@[F*`nn#64o6@VfsmCI<#NAIW-_Bldj%ARo7dDe!Pj$#O*mATDKnCi]XX!!%$A!!$^Y!!!$*Ec6&.FD5Z2!2'Jq$O:0a@W,skEruCB!!2R!!:]J\"!<<*@!=0$DD/\")jBk1d@DZKi&#RPQdA7\\\\XCh[D\\!'^`\"F(o/r6#:CVF*(?!Ch[D\\!'^Vn@VfsmCJJ;TAIMFY@<-I9+D5M!F)q^*@<Q'nCe\\>[ATDKnCf,=`DKKT7Bk;>dz&-)\\1","4195332":"!<d@[F*OCo#64c-E,TfC#64`(!<d@[F*`hl#64o6@VfsmCI<#NAIW-_Bldj%ARo7dDe!Pj$#O*mATDKnCi]XX!!%$A!!$^Y!!!$*Ec6&.FD5Z2!2'Jq$O:0a@W,skEs)IC!!)Kh!<</j!<M`K!!3,i!=0$DD/\")jBk1d@DZKi&#RPQdA7\\\\XCh[D\\!'^`\"F(o/r6#:CVF*(?!Ch[D\\!'^Vn@VfsmCJJ;TAIMFY@<-I9+D5M!F)q^*@<Q'nCe\\>[ATDKnCf,=`DKKT7Bk;>dz&-)\\1","4196356":"!<d@[F*OCo#64c-E,TfC#64`(!<d@[F*`km#64o6@VfsmCI<#NAIW-_Bldj%ARo7dDe!Pj$#O*mATDKnCi]XX!!%$A!!$^Y!!!$*Ec6&.FD5Z2!2'Jq$O:0a@W,skEruCB!!!#h!<M]J!!3,i!=0$DD/\")jBk1d@DZKi&#RPQdA7\\\\XCh[D\\!'^`\"F(o/r6#:CVF*(?!Ch[D\\!'^Vn@VfsmCJJ;TAIMFY@<-I9+D5M!F)q^*@<Q'nCe\\>[ATDKnCf,=`DKKT7Bk;>dz&-)\\1","5":"!<d@[F*OFp#64c-E,TfC!rr<$!<d@[F*`ek#64o6@VfsmCI<#NAIW-_Bldj%ARo7dDe!Pj$#O*mATDKnCi]UW!!$^Y!!!$*Ec6&.FD5Z2!2'Jq$O:0a@W,skErc7@!9!nW!!ipCD/\")jBk1d@DZKi&#RPQdA7\\\\XCh[D\\!'^`\"F(o/r6#:CVF*(?!Ch[D\\!'^Vn@VfsmCJJ;TAK=-VEcP`%ARlotEc5h<@VfsmCEP$GBm+'0ARm4t(L_JqBl$LPFCfK,@;Je`@;^1$FD5<-!<<*\"!\"],1!!","1029":"!<d@[F*OFp#64c-E,TfC!rr<$!<d@[F*`hl#64o6@VfsmCI<#NAIW-_Bldj%ARo7dDe!Pj$#O*mATDKnCi]UW!!$pW!!!$*Ec6&.FD5Z2!2'Jq$O:0a@W,skErc7@!9!AH!!ipCD/\")jBk1d@DZKi&#RPQdA7\\\\XCh[D\\!'^`\"F(o/r6#:CVF*(?!Ch[D\\!'^Vn@VfsmCJJ;TAI;4ACERS4@;]k%$Q!5p@;0OP@<?($BjkgTF^]00Bln'#Erc7@!!!Q1!!!","2053":"!<d@[F*OFp#64c-E,TfC!rr<$!<d@[F*`km#64o6@VfsmCI<#NAIW-_Bldj%ARo7dDe!Pj$#O*mATDKnCi]UW!!%Bd!!!$*Ec6&.FD5Z2!2'Jq$O:0a@W,skErc7@!9!AH!!ipCD/\")jBk1d@DZKi&#RPQdA7\\\\XCh[D\\!'^`\"F(o/r6#:CVF*(?!Ch[D\\!'^Vn@VfsmCJJ;TAI;4ACERS4@;]k%$Q!5p@;0OP@<?($BjkgTF^]00Bln'#Erc7@!!!Q1!!!","3077":"!<d@[F*OFp#64c-E,TfC!rr<$!<d@[F*`nn#64o6@VfsmCI<#NAIW-_Bldj%ARo7dDe!Pj$#O*mATDKnCi]UW!!$^Y!!!$*Ec6&.FD5Z2!2'Jq$O:0a@W,skErc7@!9!>W!!ipCD/\")jBk1d@DZKh<#RPQdA7\\\\XCh[D\\!!!98F(o/r6#:CVF*(?!Ch[D\\!!!0/@VfsmCJJ;TAK=-VEcP`%ARlotEc5h<@VfsmCEP$GBm+'0ARm4t(L_JqBl$LPFCfK,@;Je`@;^1$FD5<-!<<*\"!\"],1!!","1048581":"!<d@[F*OFp#64c-E,TfC\"98E%!<d@[F*`ek#64o6@VfsmCI<#NAIW-_Bldj%ARo7dDe!Pj$#O*mATDKnCi]XX!!%Bd!!$^Y!!!$*Ec6&.FD5Z2!2'Jq$O:0a@W,skEs)IC!!!N/!<MZg!:g'g!>#2/!=0$DD/\")jBk1d@DZKi&#RPQdA7\\\\XCh[D\\!'^`\"F(o/r6#:CVF*(?!Ch[D\\!'^Vn@VfsmCJJ;TAI;4ACERS4@;]k%$Q!5p@;0OP@<?($BjkgTF^]00Bln'#Erc7@!!!Q1!!!","1051653":"!<d@[F*OFp#64c-E,TfC\"98E%!<d@[F*`nn#64o6@VfsmCI<#NAIW-_Bldj%ARo7dDe!Pj$#O*mATDKnCi]XX!!%Bd!!$^Y!!!$*Ec6&.FD5Z2!2'Jq$O:0a@W,skEs)IC!\"\\Q@!<M*g!:\\ng!<<*@!=0$DD/\")jBk1d@DZKi&#RPQdA7\\\\XCh[D\\!'^`\"F(o/r6#:CVF*(?!Ch[D\\!'^Vn@VfsmCJJ;TAI;4ACERS4@;]k%$Q!5p@;0OP@<?($BjkgTF^]00Bln'#Erc7@!!!Q1!!!","2097157":"!<d@[F*OFp#64c-E,TfC\"TSN&!<d@[F*`ek#64o6@VfsmCI<#NAIW-_Bldj%ARo7dDe!Pj$#O*mATDKnCi]XX!!%$A!!$^Y!!!$*Ec6&.FD5Z2!2'Jq$O:0a@W,skEruCB!!)Ke!:^!f!>#2/!=0$DD/\")jBk1d@DZKi&#RPQdA7\\\\XCh[D\\!!EQ<F(o/r6#:CVF*(?!Ch[D\\!!EH3@VfsmCJJ;TAIMFY@<-I9+D5M!F)q^*@<Q'nCe\\>[ATDKnCf,=`DKKT7Bk;>ez&-)\\1&-)\\1","2100229":"!<d@[F*OFp#64c-E,TfC\"TSN&!<d@[F*`nn#64o6@VfsmCI<#NAIW-_Bldj%ARo7dDe!Pj$#O*mATDKnCi]XX!!%$A!!$^Y!!!$*Ec6&.FD5Z2!2'Jq$O:0a@W,skEruCB!!2R!!:]J\"!<<*@!=0$DD/\")jBk1d@DZKi&#RPQdA7\\\\XCh[D\\!'^`\"F(o/r6#:CVF*(?!Ch[D\\!'^Vn@VfsmCJJ;TAIMFY@<-I9+D5M!F)q^*@<Q'nCe\\>[ATDKnCf,=`DKKT7Bk;>dz&-)\\1","3145733":"!<d@[F*OFp#64c-E,TfC\"onW'!<d@[F*`ek#64o6@VfsmCI<#NAIW-_Bldj%ARo7dDe!Pj$#O*mATDKnCi]XX!!%$A!!$^Y!!!$*Ec6&.FD5Z2!2'Jq$O:0a@W,skEruCB!!)Ke!:^!f!>#2/!=0$DD/\")jBk1d@DZKi&#RPQdA7\\\\XCh[D\\!'^`\"F(o/r6#:CVF*(?!Ch[D\\!'^Vn@VfsmCJJ;TAIMFY@<-I9+D5M!F)q^*@<Q'nCe\\>[ATDKnCf,=`DKKT7Bk;>dz&-)\\1","3148805":"!<d@[F*OFp#64c-E,TfC\"onW'!<d@[F*`nn#64o6@VfsmCI<#NAIW-_Bldj%ARo7dDe!Pj$#O*mATDKnCi]XX!!%$A!!$^Y!!!$*Ec6&.FD5Z2!2'Jq$O:0a@W,skEruCB!!2R!!:]J\"!<<*@!=0$DD/\")jBk1d@DZKi&#RPQdA7\\\\XCh[D\\!'^`\"F(o/r6#:CVF*(?!Ch[D\\!'^Vn@VfsmCJJ;TAIMFY@<-I9+D5M!F)q^*@<Q'nCe\\>[ATDKnCf,=`DKKT7Bk;>dz&-)\\1","4195333":"!<d@[F*OFp#64c-E,TfC#64`(!<d@[F*`hl#64o6@VfsmCI<#NAIW-_Bldj%ARo7dDe!Pj$#O*mATDKnCi]XX!!%$A!!$^Y!!!$*Ec6&.FD5Z2!2'Jq$O:0a@W,skEs)IC!!)Kh!<</j!<M`K!!3,i!=0$DD/\")jBk1d@DZKi&#RPQdA7\\\\XCh[D\\!'^`\"F(o/r6#:CVF*(?!Ch[D\\!'^Vn@VfsmCJJ;TAIMFY@<-I9+D5M!F)q^*@<Q'nCe\\>[ATDKnCf,=`DKKT7Bk;>dz&-)\\1","4196357":"!<d@[F*OFp#64c-E,TfC#64`(!<d@[F*`km#64o6@VfsmCI<#NAIW-_Bldj%ARo7dDe!Pj$#O*mATDKnCi]XX!!%$A!!$^Y!!!$*Ec6&.FD5Z2!2'Jq$O:0a@W,skEruCB!!!#h!<M]J!!3,i!=0$DD/\")jBk1d@DZKi&#RPQdA7\\\\XCh[D\\!'^`\"F(o/r6#:CVF*(?!Ch[D\\!'^Vn@VfsmCJJ;TAIMFY@<-I9+D5M!F)q^*@<Q'nCe\\>[ATDKnCf,=`DKKT7Bk;>dz&-)\\1","6":"!<d@[F*OIq#64c-E,TfC!rr<$!<d@[F*`ek#64o6@VfsmCI<#NAIW-_Bldj%ARo7dDe!Pj$#O*mATDKnCi]UW!!$^Y!!!$*Ec6&.FD5Z2!2'Jq$O:0a@W,skErc7@!9!nW!!ipCD/\")jBk1d@DZKi&#RPQdA7\\\\XCh[D\\!'^`\"F(o/r6#:CVF*(?!Ch[D\\!'^Vn@VfsmCJJ;TAK=-VEcP`%ARlotEc5h<@VfsmCEP$GBm+'0ARm4t(L_JqBl$LPFCfK,@;Je`@;^1$FD5<-!<<*\"!\"],1!!","1030":"!<d@[F*OIq#64c-E,TfC!rr<$!<d@[F*`hl#64o6@VfsmCI<#NAIW-_Bldj%ARo7dDe!Pj$#O*mATDKnCi]UW!!$pW!!!$*Ec6&.FD5Z2!2'Jq$O:0a@W,skErc7@!9!AH!!ipCD/\")jBk1d@DZKi&#RPQdA7\\\\XCh[D\\!'^`\"F(o/r6#:CVF*(?!Ch[D\\!'^Vn@VfsmCJJ;TAI;4ACERS4@;]k%$Q!5p@;0OP@<?($BjkgTF^]00Bln'#Erc7@!!!Q1!!!","2054":"!<d@[F*OIq#64c-E,TfC!rr<$!<d@[F*`km#64o6@VfsmCI<#NAIW-_Bldj%ARo7dDe!Pj$#O*mATDKnCi]UW!!%Bd!!!$*Ec6&.FD5Z2!2'Jq$O:0a@W,skErc7@!9!AH!!ipCD/\")jBk1d@DZKi&#RPQdA7\\\\XCh[D\\!'^`\"F(o/r6#:CVF*(?!Ch[D\\!'^Vn@VfsmCJJ;TAI;4ACERS4@;]k%$Q!5p@;0OP@<?($BjkgTF^]00Bln'#Erc7@!!!Q1!!!","3078":"!<d@[F*OIq#64c-E,TfC!rr<$!<d@[F*`nn#64o6@VfsmCI<#NAIW-_Bldj%ARo7dDe!Pj$#O*mATDKnCi]UW!!$^Y!!!$*Ec6&.FD5Z2!2'Jq$O:0a@W,skErc7@!9!>W!!ipCD/\")jBk1d@DZKi&#RPQdA7\\\\XCh[D\\!'^`\"F(o/r6#:CVF*(?!Ch[D\\!'^Vn@VfsmCJJ;TAK=-VEcP`%ARlotEc5h<@VfsmCEP$GBm+'0ARm4t(L_JqBl$LPFCfK,@;Je`@;^1$FD5<-!<<*\"!\"],1!!","1048582":"!<d@[F*OIq#64c-E,TfC\"98E%!<d@[F*`ek#64o6@VfsmCI<#NAIW-_Bldj%ARo7dDe!Pj$#O*mATDKnCi]XX!!%Bd!!$^Y!!!$*Ec6&.FD5Z2!2'Jq$O:0a@W,skEs)IC!!!N/!<MZg!:g'g!>#2/!=0$DD/\")jBk1d@DZKi&#RPQdA7\\\\XCh[D\\!'^`\"F(o/r6#:CVF*(?!Ch[D\\!'^Vn@VfsmCJJ;TAI;4ACERS4@;]k%$Q!5p@;0OP@<?($BjkgTF^]00Bln'#Erc7@!!!Q1!!!","1051654":"!<d@[F*OIq#64c-E,TfC\"98E%!<d@[F*`nn#64o6@VfsmCI<#NAIW-_Bldj%ARo7dDe!Pj$#O*mATDKnCi]XX!!%Bd!!$^Y!!!$*Ec6&.FD5Z2!2'Jq$O:0a@W,skEs)IC!\"\\Q@!<M*g!:\\ng!<<*@!=0$DD/\")jBk1d@DZKi&#RPQdA7\\\\XCh[D\\!'^`\"F(o/r6#:CVF*(?!Ch[D\\!'^Vn@VfsmCJJ;TAI;4ACERS4@;]k%$Q!5p@;0OP@<?($BjkgTF^]00Bln'#Erc7@!!!Q1!!!","2097158":"!<d@[F*OIq#64c-E,TfC\"TSN&!<d@[F*`ek#64o6@VfsmCI<#NAIW-_Bldj%ARo7dDe!Pj$#O*mATDKnCi]XX!!%$A!!$^Y!!!$*Ec6&.FD5Z2!2'Jq$O:0a@W,skEruCB!!)Ke!:^!f!>#2/!=0$DD/\")jBk1d@DZKi&#RPQdA7\\\\XCh[D\\!'^`\"F(o/r6#:CVF*(?!Ch[D\\!'^Vn@VfsmCJJ;TAIMFY@<-I9+D5M!F)q^*@<Q'nCe\\>[ATDKnCf,=`DKKT7Bk;>dz&-)\\1","2100230":"!<d@[F*OIq#64c-E,TfC\"TSN&!<d@[F*`nn#64o6@VfsmCI<#NAIW-_Bldj%ARo7dDe!Pj$#O*mATDKnCi]XX!!%$A!!$^Y!!!$*Ec6&.FD5Z2!2'Jq$O:0a@W,skEruCB!!2R!!:]J\"!<<*@!=0$DD/\")jBk1d@DZKi&#RPQdA7\\\\XCh[D\\!'^`\"F(o/r6#:CVF*(?!Ch[D\\!'^Vn@VfsmCJJ;TAIMFY@<-I9+D5M!F)q^*@<Q'nCe\\>[ATDKnCf,=`DKKT7Bk;>dz&-)\\1","3145734":"!<d@[F*OIq#64c-E,TfC\"onW'!<d@[F*`ek#64o6@VfsmCI<#NAIW-_Bldj%ARo7dDe!Pj$#O*mATDKnCi]XX!!%$A!!$^Y!!!$*Ec6&.FD5Z2!2'Jq$O:0a@W,skEruCB!!)Ke!:^!f!>#2/!=0$DD/\")jBk1d@DZKi&#RPQdA7\\\\XCh[D\\!'^`\"F(o/r6#:CVF*(?!Ch[D\\!'^Vn@VfsmCJJ;TAIMFY@<-I9+D5M!F)q^*@<Q'nCe\\>[ATDKnCf,=`DKKT7Bk;>dz&-)\\1","3148806":"!<d@[F*OIq#64c-E,TfC\"onW'!<d@[F*`nn#64o6@VfsmCI<#NAIW-_Bldj%ARo7dDe!Pj$#O*mATDKnCi]XX!!%$A!!$^Y!!!$*Ec6&.FD5Z2!2'Jq$O:0a@W,skEruCB!!2R!!:]J\"!<<*@!=0$DD/\")jBk1d@DZKi&#RPQdA7\\\\XCh[D\\!'^`\"F(o/r6#:CVF*(?!Ch[D\\!'^Vn@VfsmCJJ;TAIMFY@<-I9+D5M!F)q^*@<Q'nCe\\>[ATDKnCf,=`DKKT7Bk;>dz&-)\\1","4195334":"!<d@[F*OIq#64c-E,TfC#64`(!<d@[F*`hl#64o6@VfsmCI<#NAIW-_Bldj%ARo7dDe!Pj$#O*mATDKnCi]XX!!%$A!!$^Y!!!$*Ec6&.FD5Z2!2'Jq$O:0a@W,skEs)IC!!)Kh!<</j!<M`K!!3,i!=0$DD/\")jBk1d@DZKi&#RPQdA7\\\\XCh[D\\!'^`\"F(o/r6#:CVF*(?!Ch[D\\!'^Vn@VfsmCJJ;TAIMFY@<-I9+D5M!F)q^*@<Q'nCe\\>[ATDKnCf,=`DKKT7Bk;>dz&-)\\1","4196358":"!<d@[F*OIq#64c-E,TfC#64`(!<d@[F*`km#64o6@VfsmCI<#NAIW-_Bldj%ARo7dDe!Pj$#O*mATDKnCi]XX!!%$A!!$^Y!!!$*Ec6&.FD5Z2!2'Jq$O:0a@W,skEruCB!!!#h!<M]J!!3,i!=0$DD/\")jBk1d@DZKi&#RPQdA7\\\\XCh[D\\!'^`\"F(o/r6#:CVF*(?!Ch[D\\!'^Vn@VfsmCJJ;TAIMFY@<-I9+D5M!F)q^*@<Q'nCe\\>[ATDKnCf,=`DKKT7Bk;>dz&-)\\1","1031":"!<d@[F*OLr#64c-E,TfC!rr<$!<d@[F*`hl#64o6@VfsmCI<#NAIW-_Bldj%ARo7dDe!Pj$#O*mATDKnCi]XX!!!KO!!$pW!!!$*Ec6&.FD5Z2!2'Jq$O:0a@W,skErl=A!9!AH!QL6\"!!ipCD/\")jBk1d@DZKi&#RPQdA7\\\\XCh[D\\!'^`\"F(o/r6#:CVF*(?!Ch[D\\!'^Vn@VfsmCJJ;TAHY;DCh3tj@<Q'nCe\\>[ATDKnCf,=`DKKT7Bk;>dz&-)\\1","2055":"!<d@[F*OLr#64c-E,TfC!rr<$!<d@[F*`km#64o6@VfsmCI<#NAIW-_Bldj%ARo7dDe!Pj$#O*mATDKnCi]XX!!!KO!!$pW!!!$*Ec6&.FD5Z2!2'Jq$O:0a@W,skErl=A!9!AH!QL6\"!!ipCD/\")jBk1d@DZKi&#RPQdA7\\\\XCh[D\\!'^`\"F(o/r6#:CVF*(?!Ch[D\\!'^Vn@VfsmCJJ;TAHY;DCh3tj@<Q'nCe\\>[ATDKnCf,=`DKKT7Bk;>dz&-)\\1","1048583":"!<d@[F*OLr#64c-E,TfC\"98E%!<d@[F*`ek#64o6@VfsmCI<#NAIW-_Bldj%ARo7dDe!Pj$#O*mATDKnCi]XX!!%Bd!!$^Y!!!$*Ec6&.FD5Z2!2'Jq$O:0a@W,skEs)IC!!!N/!<MZg!:g'g!>#2/!=0$DD/\")jBk1d@DZKi&#RPQdA7\\\\XCh[D\\!'^`\"F(o/r6#:CVF*(?!Ch[D\\!'^Vn@VfsmCJJ;TAI;4ACERS4@;]k%$Q!5p@;0OP@<?($BjkgTF^]00Bln'#Erc7@!!!Q1!!!","1051655":"!<d@[F*OLr#64c-E,TfC\"98E%!<d@[F*`nn#64o6@VfsmCI<#NAIW-_Bldj%ARo7dDe!Pj$#O*mATDKnCi]XX!!%Bd!!$^Y!!!$*Ec6&.FD5Z2!2'Jq$O:0a@W,skEs)IC!\"\\Q@!<M*g!:\\ng!<<*@!=0$DD/\")jBk1d@DZKi&#RPQdA7\\\\XCh[D\\!'^`\"F(o/r6#:CVF*(?!Ch[D\\!'^Vn@VfsmCJJ;TAI;4ACERS4@;]k%$Q!5p@;0OP@<?($BjkgTF^]00Bln'#Erc7@!!!Q1!!!","2097159":"!<d@[F*OLr#64c-E,TfC\"TSN&!<d@[F*`ek#64o6@VfsmCI<#NAIW-_Bldj%ARo7dDe!Pj$#O*mATDKnCi]XX!!%$A!!$^Y!!!$*Ec6&.FD5Z2!2'Jq$O:0a@W,skEruCB!!)Ke!:^!f!>#2/!=0$DD/\")jBk1d@DZKi&#RPQdA7\\\\XCh[D\\!'^`\"F(o/r6#:CVF*(?!Ch[D\\!'^Vn@VfsmCJJ;TAIMFY@<-I9+D5M!F)q^*@<Q'nCe\\>[ATDKnCf,=`DKKT7Bk;>dz&-)\\1","2100231":"!<d@[F*OLr#64c-E,TfC\"TSN&!<d@[F*`nn#64o6@VfsmCI<#NAIW-_Bldj%ARo7dDe!Pj$#O*mATDKnCi]XX!!%$A!!$^Y!!!$*Ec6&.FD5Z2!2'Jq$O:0a@W,skEruCB!!2R!!:]J\"!<<*@!=0$DD/\")jBk1d@DZKi&#RPQdA7\\\\XCh[D\\!'^`\"F(o/r6#:CVF*(?!Ch[D\\!'^Vn@VfsmCJJ;TAIMFY@<-I9+D5M!F)q^*@<Q'nCe\\>[ATDKnCf,=`DKKT7Bk;>dz&-)\\1","3145735":"!<d@[F*OLr#64c-E,TfC\"onW'!<d@[F*`ek#64o6@VfsmCI<#NAIW-_Bldj%ARo7dDe!Pj$#O*mATDKnCi]XX!!%$A!!$^Y!!!$*Ec6&.FD5Z2!2'Jq$O:0a@W,skEruCB!!)Ke!:^!f!>#2/!=0$DD/\")jBk1d@DZKi&#RPQdA7\\\\XCh[D\\!'^`\"F(o/r6#:CVF*(?!Ch[D\\!'^Vn@VfsmCJJ;TAIMFY@<-I9+D5M!F)q^*@<Q'nCe\\>[ATDKnCf,=`DKKT7Bk;>dz&-)\\1","3148807":"!<d@[F*OLr#64c-E,TfC\"onW'!<d@[F*`nn#64o6@VfsmCI<#NAIW-_Bldj%ARo7dDe!Pj$#O*mATDKnCi]XX!!%$A!!$^Y!!!$*Ec6&.FD5Z2!2'Jq$O:0a@W,skEruCB!!2R!!:]J\"!<<*@!=0$DD/\")jBk1d@DZKi&#RPQdA7\\\\XCh[D\\!'^`\"F(o/r6#:CVF*(?!Ch[D\\!'^Vn@VfsmCJJ;TAIMFY@<-I9+D5M!F)q^*@<Q'nCe\\>[ATDKnCf,=`DKKT7Bk;>dz&-)\\1","4195335":"!<d@[F*OLr#64c-E,TfC#64`(!<d@[F*`hl#64o6@VfsmCI<#NAIW-_Bldj%ARo7dDe!Pj$#O*mATDKnCi]XX!!%$A!!$^Y!!!$*Ec6&.FD5Z2!2'Jq$O:0a@W,skEs)IC!!)Kh!<</j!<M`K!!3,i!=0$DD/\")jBk1d@DZKi&#RPQdA7\\\\XCh[D\\!'^`\"F(o/r6#:CVF*(?!Ch[D\\!'^Vn@VfsmCJJ;TAIMFY@<-I9+D5M!F)q^*@<Q'nCe\\>[ATDKnCf,=`DKKT7Bk;>dz&-)\\1","4196359":"!<d@[F*OLr#64c-E,TfC#64`(!<d@[F*`km#64o6@VfsmCI<#NAIW-_Bldj%ARo7dDe!Pj$#O*mATDKnCi]XX!!%$A!!$^Y!!!$*Ec6&.FD5Z2!2'Jq$O:0a@W,skEruCB!!!#h!<M]J!!3,i!=0$DD/\")jBk1d@DZKi&#RPQdA7\\\\XCh[D\\!'^`\"F(o/r6#:CVF*(?!Ch[D\\!'^Vn@VfsmCJJ;TAIMFY@<-I9+D5M!F)q^*@<Q'nCe\\>[ATDKnCf,=`DKKT7Bk;>dz&-)\\1","8":"!<d@[F*OOs#64c-E,TfC!rr<$!<d@[F*`ek#64o6@VfsmCI<#NAIW-_Bldj%ARo7dDe!Pj$#O*mATDKnCi]UW!!$^Y!!!$*Ec6&.FD5Z2!2'Jq$O:0a@W,skErc7@!9!nW!!ipCD/\")jBk1d@DZKi&#RPQdA7\\\\XCh[D\\!'^`\"F(o/r6#:CVF*(?!Ch[D\\!'^Vn@VfsmCJJ;TAK=-VEcP`%ARlotEc5h<@VfsmCEP$GBm+'0ARm4t(L_JqBl$LPFCfK,@;Je`@;^1$FD5<-!<<*\"!\"],1!!","1032":"!<d@[F*OOs#64c-E,TfC!rr<$!<d@[F*`hl#64o6@VfsmCI<#NAIW-_Bldj%ARo7dDe!Pj$#O*mATDKnCi]UW!!$pW!!!$*Ec6&.FD5Z2!2'Jq$O:0a@W,skErc7@!9!AH!!ipCD/\")jBk1d@DZKi&#RPQdA7\\\\XCh[D\\!'^`\"F(o/r6#:CVF*(?!Ch[D\\!'^Vn@VfsmCJJ;TAI;4ACERS4@;]k%$Q!5p@;0OP@<?($BjkgTF^]00Bln'#Erc7@!!!Q1!!!","2056":"!<d@[F*OOs#64c-E,TfC!rr<$!<d@[F*`km#64o6@VfsmCI<#NAIW-_Bldj%ARo7dDe!Pj$#O*mATDKnCi]UW!!%Bd!!!$*Ec6&.FD5Z2!2'Jq$O:0a@W,skErc7@!9!AH!!ipCD/\")jBk1d@DZKh<#RPQdA7\\\\XCh[D\\!\"]DHF(o/r6#:CVF*(?!Ch[D\\!\"];?@VfsmCJJ;TAI;4ACERS4@;]k%$Q!5p@;0OP@<?($BjkgTF^]00Bln'#Erc7@!!!Q1!!!","3080":"!<d@[F*OOs#64c-E,TfC!rr<$!<d@[F*`nn#64o6@VfsmCI<#NAIW-_Bldj%ARo7dDe!Pj$#O*mATDKnCi]UW!!$^Y!!!$*Ec6&.FD5Z2!2'Jq$O:0a@W,skErc7@!9!>W!!ipCD/\")jBk1d@DZKi&#RPQdA7\\\\XCh[D\\!'^`\"F(o/r6#:CVF*(?!Ch[D\\!'^Vn@VfsmCJJ;TAK=-VEcP`%ARlotEc5h<@VfsmCEP$GBm+'0ARm4t(L_JqBl$LPFCfK,@;Je`@;^1$FD5<-!<<*\"!\"],1!!","1048584":"!<d@[F*OOs#64c-E,TfC\"98E%!<d@[F*`ek#64o6@VfsmCI<#NAIW-_Bldj%ARo7dDe!Pj$#O*mATDKnCi]XX!!%Bd!!$^Y!!!$*Ec6&.FD5Z2!2'Jq$O:0a@W,skEs)IC!!!N/!<MZg!:g'g!>#2/!=0$DD/\")jBk1d@DZKi&#RPQdA7\\\\XCh[D\\!'^`\"F(o/r6#:CVF*(?!Ch[D\\!'^Vn@VfsmCJJ;TAI;4ACERS4@;]k%$Q!5p@;0OP@<?($BjkgTF^]00Bln'#Erc7@!!!Q1!!!","1049608":"!<d@[F*OOs#64c-E,TfC\"98E%!<d@[F*`hl#64o6@VfsmCI<#NAIW-_Bldj%ARo7dDe!Pj$#O*mATDKnCi]UW!!((d!!!$*Ec6&.FD5Z2!2'Jq$O:0a@W,skErl=A!!!$!!!3-\"!!ipCD/\")jBk1d@DZKi&#RPQdA7\\\\XCh[D\\!'^`\"F(o/r6#:CVF*(?!Ch[D\\!'^Vn@VfsmCJJ;TAI;4ACERS4@;]k%$Q!5p@;0OP@<?($BjkgTF^]00Bln'#Erc7@!!!Q1!!!","1051656":"!<d@[F*OOs#64c-E,TfC\"98E%!<d@[F*`nn#64o6@VfsmCI<#NAIW-_Bldj%ARo7dDe!Pj$#O*mATDKnCi]XX!!%Bd!!$^Y!!!$*Ec6&.FD5Z2!2'Jq$O:0a@W,skEs)IC!\"\\Q@!<M*g!:\\ng!<<*@!=0$DD/\")jBk1d@DZKi&#RPQdA7\\\\XCh[D\\!'^`\"F(o/r6#:CVF*(?!Ch[D\\!'^Vn@VfsmCJJ;TAI;4ACERS4@;]k%$Q!5p@;0OP@<?($BjkgTF^]00Bln'#Erc7@!!!Q1!!!","2097160":"!<d@[F*OOs#64c-E,TfC\"TSN&!<d@[F*`ek#64o6@VfsmCI<#NAIW-_Bldj%ARo7dDe!Pj$#O*mATDKnCi]XX!!%$A!!$^Y!!!$*Ec6&.FD5Z2!2'Jq$O:0a@W,skEruCB!!)Ke!:^!f!>#2/!=0$DD/\")jBk1d@DZKi&#RPQdA7\\\\XCh[D\\!!EQ<F(o/r6#:CVF*(?!Ch[D\\!!EH3@VfsmCJJ;TAIMFY@<-I9+D5M!F)q^*@<Q'nCe\\>[ATDKnCf,=`DKKT7Bk;>ez&-)\\1&-)\\1","2100232":"!<d@[F*OOs#64c-E,TfC\"TSN&!<d@[F*`nn#64o6@VfsmCI<#NAIW-_Bldj%ARo7dDe!Pj$#O*mATDKnCi]XX!!%$A!!$^Y!!!$*Ec6&.FD5Z2!2'Jq$O:0a@W,skEs)IC!\"\\Q@!<M*g!:\\ng!<<*@!=0$DD/\")jBk1d@DZKi&#RPQdA7\\\\XCh[D\\!'^`\"F(o/r6#:CVF*(?!Ch[D\\!'^Vn@VfsmCJJ;TAIMFY@<-I9+D5M!F)q^*@<Q'nCe\\>[ATDKnCf,=`DKKT7Bk;>dz&-)\\1","3145736":"!<d@[F*OOs#64c-E,TfC\"onW'!<d@[F*`ek#64o6@VfsmCI<#NAIW-_Bldj%ARo7dDe!Pj$#O*mATDKnCi]XX!!%$A!!$^Y!!!$*Ec6&.FD5Z2!2'Jq$O:0a@W,skEruCB!!)Ke!:^!f!>#2/!=0$DD/\")jBk1d@DZKi&#RPQdA7\\\\XCh[D\\!'^`\"F(o/r6#:CVF*(?!Ch[D\\!'^Vn@VfsmCJJ;TAIMFY@<-I9+D5M!F)q^*@<Q'nCe\\>[ATDKnCf,=`DKKT7Bk;>dz&-)\\1","3148808":"!<d@[F*OOs#64c-E,TfC\"onW'!<d@[F*`nn#64o6@VfsmCI<#NAIW-_Bldj%ARo7dDe!Pj$#O*mATDKnCi]XX!!%$A!!$^Y!!!$*Ec6&.FD5Z2!2'Jq$O:0a@W,skEs)IC!\"\\Q@!<M*g!:\\ng!<<*@!=0$DD/\")jBk1d@DZKi&#RPQdA7\\\\XCh[D\\!'^`\"F(o/r6#:CVF*(?!Ch[D\\!'^Vn@VfsmCJJ;TAIMFY@<-I9+D5M!F)q^*@<Q'nCe\\>[ATDKnCf,=`DKKT7Bk;>dz&-)\\1","4195336":"!<d@[F*OOs#64c-E,TfC#64`(!<d@[F*`hl#64o6@VfsmCI<#NAIW-_Bldj%ARo7dDe!Pj$#O*mATDKnCi]XX!!%$A!!$^Y!!!$*Ec6&.FD5Z2!2'Jq$O:0a@W,skEs)IC!!)Kh!<</j!<M`K!!3,i!=0$DD/\")jBk1d@DZKh<#RPQdA7\\\\XCh[D\\!$DOXF(o/r6#:CVF*(?!Ch[D\\!$DFO@VfsmCJJ;TAIMFY@<-I9+D5M!F)q^*@<Q'nCe\\>[ATDKnCf,=`DKKT7Bk;>ez&-)\\1&-)\\1","4196360":"!<d@[F*OOs#64c-E,TfC#64`(!<d@[F*`km#64o6@VfsmCI<#NAIW-_Bldj%ARo7dDe!Pj$#O*mATDKnCi]XX!!%$A!!$^Y!!!$*Ec6&.FD5Z2!2'Jq$O:0a@W,skEruCB!!!#h!<M]J!!3,i!=0$DD/\")jBk1d@DZKh<#RPQdA7\\\\XCh[D\\!$DOXF(o/r6#:CVF*(?!Ch[D\\!$DFO@VfsmCJJ;TAIMFY@<-I9+D5M!F)q^*@<Q'nCe\\>[ATDKnCf,=`DKKT7Bk;>ez&-)\\1&-)\\1","1033":"!<d@[F*ORt#64c-E,TfC!rr<$!<d@[F*`hl#64o6@VfsmCI<#NAIW-_Bldj%ARo7dDe!Pj$#O*mATDKnCi]XX!!%Bd!!$^Y!!!$*Ec6&.FD5Z2!2'Jq$O:0a@W,skEs)IC!8qf<!T6l5!8r>+!TnF[!=0$DD/\")jBk1d@DZKi&#RPQdA7\\\\XCh[D\\!'^`\"F(o/r6#:CVF*(?!Ch[D\\!'^Vn@VfsmCJJ;TAI;4ACERS4@;]k%$Q!5p@;0OP@<?($BjkgTF^]00Bln'#Erc7@!!!Q1!!!","2057":"!<d@[F*ORt#64c-E,TfC!rr<$!<d@[F*`km#64o6@VfsmCI<#NAIW-_Bldj%ARo7dDe!Pj$#O*mATDKnCi]UW!!$^Y!!!$*Ec6&.FD5Z2!2'Jq$O:0a@W,skErc7@!8mkW!!ipCD/\")jBk1d@DZKi&#RPQdA7\\\\XCh[D\\!'^`\"F(o/r6#:CVF*(?!Ch[D\\!'^Vn@VfsmCJJ;TAK=-VEcP`%ARlotEc5h<@VfsmCEP$GBm+'0ARm4t(L_JqBl$LPFCfK,@;Je`@;^1$FD5<-!<<*\"!\"],1!!","1049609":"!<d@[F*ORt#64c-E,TfC\"98E%!<d@[F*`hl#64o6@VfsmCI<#NAIW-_Bldj%ARo7dDe!Pj$#O*mATDKnCi]XX!!%Bd!!$^Y!!!$*Ec6&.FD5Z2!2'Jq$O:0a@W,skEs2OD!!!Q@!<<`$!>#;\"!\"^7P!Up]i!=0$DD/\")jBk1d@DZKi&#RPQdA7\\\\XCh[D\\!'^`\"F(o/r6#:CVF*(?!Ch[D\\!'^Vn@VfsmCJJ;TAI;4ACERS4@;]k%$Q!5p@;0OP@<?($BjkgTF^]00Bln'#Erc7@!!!Q1!!!","1050633":"!<d@[F*ORt#64c-E,TfC\"98E%!<d@[F*`km#64o6@VfsmCI<#NAIW-_Bldj%ARo7dDe!Pj$#O*mATDKnCi]XX!!%Bd!!$^Y!!!$*Ec6&.FD5Z2!2'Jq$O:0a@W,skEs)IC!!!Q@!<</g!:UU#!<=5@!=0$DD/\")jBk1d@DZKi&#RPQdA7\\\\XCh[D\\!'^`\"F(o/r6#:CVF*(?!Ch[D\\!'^Vn@VfsmCJJ;TAI;4ACERS4@;]k%$Q!5p@;0OP@<?($BjkgTF^]00Bln'#Erc7@!!!Q1!!!","2098185":"!<d@[F*ORt#64c-E,TfC\"TSN&!<d@[F*`hl#64o6@VfsmCI<#NAIW-_Bldj%ARo7dDe!Pj$#O*mATDKnCi][Y!!%$A!!$^Y!!\"GO!!!$*Ec6&.FD5Z2!2'Jq$O:0a@W,skEsD[F!!!Q@!<</g!!\",@!Up]i!<F8&!?s_e![B_R!XK-ED/\")jBk1d@DZKi&#RPQdA7\\\\XCh[D\\!'^`\"F(o/r6#:CVF*(?!Ch[D\\!'^Vn@VfsmCJJ;TAIMFY@<-I9+D5M!F)q^*@<Q'nCe\\>[ATDKnCf,=`DKKT7Bk;>dz&-)\\1","2099209":"!<d@[F*ORt#64c-E,TfC\"TSN&!<d@[F*`km#64o6@VfsmCI<#NAIW-_Bldj%ARo7dDe!Pj$#O*mATDKnCi]XX!!%$A!!$^Y!!!$*Ec6&.FD5Z2!2'Jq$O:0a@W,skEruCB!!!#e!:UR\"!<=5@!=0$DD/\")jBk1d@DZKi&#RPQdA7\\\\XCh[D\\!'^`\"F(o/r6#:CVF*(?!Ch[D\\!'^Vn@VfsmCJJ;TAIMFY@<-I9+D5M!F)q^*@<Q'nCe\\>[ATDKnCf,=`DKKT7Bk;>dz&-)\\1","3146761":"!<d@[F*ORt#64c-E,TfC\"onW'!<d@[F*`hl#64o6@VfsmCI<#NAIW-_Bldj%ARo7dDe!Pj$#O*mATDKnCi]XX!!%$A!!$^Y!!!$*Ec6&.FD5Z2!2'Jq$O:0a@W,skEs)IC!!!Q@!<</g!:UU#!<=5@!=0$DD/\")jBk1d@DZKi&#RPQdA7\\\\XCh[D\\!'^`\"F(o/r6#:CVF*(?!Ch[D\\!'^Vn@VfsmCJJ;TAIMFY@<-I9+D5M!F)q^*@<Q'nCe\\>[ATDKnCf,=`DKKT7Bk;>dz&-)\\1","3147785":"!<d@[F*ORt#64c-E,TfC\"onW'!<d@[F*`km#64o6@VfsmCI<#NAIW-_Bldj%ARo7dDe!Pj$#O*mATDKnCi]XX!!%$A!!$^Y!!!$*Ec6&.FD5Z2!2'Jq$O:0a@W,skEruCB!!!#e!:UR\"!<=5@!=0$DD/\")jBk1d@DZKi&#RPQdA7\\\\XCh[D\\!'^`\"F(o/r6#:CVF*(?!Ch[D\\!'^Vn@VfsmCJJ;TAIMFY@<-I9+D5M!F)q^*@<Q'nCe\\>[ATDKnCf,=`DKKT7Bk;>dz&-)\\1"},"Entities":[],"ReplaceMode":2,"EntranceRotation":-1}