{
	"ingredient": { "type": "item", "code": "game:clay-*", "name": "type", "allowedVariants": ["blue", "fire"] },
	"pattern": [[
		"##############",
		"##############",
		"##############",
		"##############",
		"##############",
		"##############",
		"##############",
		"##############",
		"##############",
		"##############",
		"##############",
		"##############",
		"##############",
		"##############"
	],
	[
		"##############",
		"##############",
		"##############",
		"######__######",
		"#####____#####",
		"#####____#####",
		"#####____#####",
		"####______####",
		"####______####",
		"####_#__#_####",
		"####_####_####",
		"##############",
		"##############",
		"##############"
	]],
	"name": "Spear Mold",
	"output": { "type": "block", "code": "bullseye:toolmold-raw-spear"  }
}