{
  "code": "skullmount",
	"behaviors": [{"name": "HorizontalAttachable"},{ "name": "RightClickPickup"} ],
  "variantgroups": [
    {"code": "type","states": [ "female","male" ]},
    {"code": "tribe","states": [ "alceini", "capreolini", "odocoileini" ]},
    {"code": "genus","states": [ "alces","capreolus","hydropotes","blastocerus","hippocamelus","mazama","odocoileus","ozotoceros","pudu","rangifer" ]},
    {"code": "species","states": [ "alces","capreolus","pygargus","inermis","dichotomus","antisensis","bisulcus","americana","chunyi","gouazoubira","nana","nemorivaga","rufina","temama","tienhoveni","hemionus","pandora","virginianus","bezoarticus","mephistophiles","puda","tarandus" ]},
		{ "code": "orientation", "states": ["up"], "combine": "add" },
    { "code": "orientation", "loadFromProperties": "game:abstract/horizontalorientation"}
  ],
	"allowedVariants": [
		"*-male-alceini-alces-alces-*",
		"*-male-capreolini-capreolus-capreolus-*",
		"*-male-capreolini-capreolus-pygargus-*",
		"*-male-capreolini-hydropotes-inermis-*",
		"*-male-odocoileini-blastocerus-dichotomus-*",
		"*-male-odocoileini-hippocamelus-antisensis-*",
		"*-male-odocoileini-hippocamelus-bisulcus-*",
		"*-male-odocoileini-mazama-americana-*",
		"*-male-odocoileini-mazama-chunyi-*",
		"*-male-odocoileini-mazama-gouazoubira-*",
		"*-male-odocoileini-mazama-nana-*",
		"*-male-odocoileini-mazama-nemorivaga-*",
		"*-male-odocoileini-mazama-rufina-*",
		"*-male-odocoileini-mazama-temama-*",
		"*-male-odocoileini-mazama-tienhoveni-*",
		"*-male-odocoileini-odocoileus-hemionus-*",
		"*-male-odocoileini-odocoileus-pandora-*",
		"*-male-odocoileini-odocoileus-virginianus-*",
		"*-male-odocoileini-ozotoceros-bezoarticus-*",
		"*-male-odocoileini-pudu-mephistophiles-*",
		"*-male-odocoileini-pudu-puda-*",
		"*-female-odocoileini-rangifer-tarandus-*",
		"*-male-odocoileini-rangifer-tarandus-*"
	],
  "attributes": {
  }, 
  "transitionablePropsByType": {
    "*": [
      {
        "type": "Cure",
        "freshHours": { "avg": 0.001 },
        "spoilHours": { "avg": 0.001 },
        "transitionedStack": {
          "type": "item",
          "code": "game:bone"
        },
        "transitionRatio": 1
      }
    ]
  },
  "sidesolid": { "all": false },
  "sideopaque": { "all": false },
   "replaceable": 5001,
  "resistance": 0.5,
  "lightAbsorption": 0,
  "selectionBoxByType": {
    "*-north": {"x1": 0.15,"y1": 0.15,"z1": 0.0,"x2": 0.85,"y2": 0.85,"z2": 0.5},
    "*-east": {"x1": 0.5,"y1": 0.15,"z1": 0.15,"x2": 1.0,"y2": 0.85,"z2": 0.85},
    "*-south": {"x1": 0.15,"y1": 0.15,"z1": 0.5,"x2": 0.85,"y2": 0.85,"z2": 1.0},
    "*-west": {"x1": 0.0,"y1": 0.15,"z1": 0.15,"x2": 0.5,"y2": 0.85,"z2": 0.85}
  },
  "collisionbox": null,
  "sounds": {
    "walk": "game:walk/stone"
  },
  "guiTransformByType": {
    "*-alces-*": {"translation": {"x": 0,"y": 0,"z": 0},"rotation": {"x": 0,"y": 135,"z": 0},"origin": {"x": 0.5,"y": 0.5,"z": 0.1},"scale": 1.25},
    "*-dichotomus-*": {"translation": {"x": 0,"y": 0,"z": 0},"rotation": {"x": 0,"y": 135,"z": 0},"origin": {"x": 0.5,"y": 0.5,"z": 0.1},"scale": 1.5},
    "*-hemionus-*": {"translation": {"x": 0,"y": 0,"z": 0},"rotation": {"x": 0,"y": 135,"z": 0},"origin": {"x": 0.5,"y": 0.5,"z": 0.1},"scale": 1.5},
    "*-virginianus-*": {"translation": {"x": 0,"y": 0,"z": 0},"rotation": {"x": 0,"y": 135,"z": 0},"origin": {"x": 0.5,"y": 0.5,"z": 0.1},"scale": 1.5},
    "*-rangifer-*": {"translation": {"x": 0,"y": 0,"z": 0},"rotation": {"x": 0,"y": 135,"z": 0},"origin": {"x": 0.5,"y": 0.5,"z": 0.1},"scale": 1.5},
    "*-capreolini-*": {"translation": {"x": 0,"y": 0,"z": 0},"rotation": {"x": 0,"y": 135,"z": 0},"origin": {"x": 0.5,"y": 0.5,"z": 0.1},"scale": 3.0},
    "*-hippocamelus-*": {"translation": {"x": 0,"y": 0,"z": 0},"rotation": {"x": 0,"y": 135,"z": 0},"origin": {"x": 0.5,"y": 0.5,"z": 0.1},"scale": 3.0},
    "*-ozotoceros-*": {"translation": {"x": 0,"y": 0,"z": 0},"rotation": {"x": 0,"y": 135,"z": 0},"origin": {"x": 0.5,"y": 0.5,"z": 0.1},"scale": 3.5},
    "*": {"translation": {"x": 0,"y": 0,"z": 0},"rotation": {"x": 0,"y": 135,"z": 0},"origin": {"x": 0.5,"y": 0.5,"z": 0.1},"scale": 5.0}
  },
  "groundTransform": {
    "translation": {"x": 0,"y": 0,"z": 0},
    "rotation": {"x": 0,"y": 135,"z": 0},
    "origin": {"x": 0.5,"y": -0.02,"z": 0.5},
    "scale": 1
  },
  "tpHandTransform": {
    "translation": {"x": -0.55,"y": -0.6,"z": -0.15},
    "rotation": {"x": 0,"y": 0,"z": 0},
    "origin": {"x": 0.5,"y": 0.5,"z": 0.1},
    "scale": 1.0
  },
  "fpHandTransform": {
    "rotation": {"x": 0,"y": 0,"z": 0},
    "origin": {"x": 0.5,"y": 0.5,"z": 1.0},
    "scale": 1.0
  },
  "materialDensity": 3000
}