{
	"editor": {
		"collapsedPaths": "Root/origin/handle,Root/Axe/Head/head_14/head_20,Root/Axe/Head/head_4,Root/Axe/Head/head_00,Root/origin/Large gear 2,Root/origin/Large gear 1,Root/origin/segment end",
		"allAngles": false,
		"entityTextureMode": false
	},
	"textureWidth": 16,
	"textureHeight": 16,
	"textureSizes": {
	},
	"textures": {
		"iron": "game:block/metal/plate/iron",
		"head": "game:block/metal/plate/steel",
		"handle": "game:block/wood/debarked/oak"
	},
	"elements": [
		{
			"name": "Axe",
			"from": [ 2.0, -0.25, 7.75 ],
			"to": [ 2.0, -0.25, 7.75 ],
			"rotationOrigin": [ 2.0, 0.0, 8.0 ],
			"rotationX": 180.0,
			"faces": {
				"north": { "texture": "#handle", "uv": [ 0.0, 0.0, 0.5, 0.5 ] },
				"east": { "texture": "#handle", "uv": [ 0.0, 0.0, 0.5, 0.5 ] },
				"south": { "texture": "#handle", "uv": [ 0.0, 0.0, 0.5, 0.5 ] },
				"west": { "texture": "#handle", "uv": [ 0.0, 0.0, 0.5, 0.5 ] },
				"up": { "texture": "#handle", "uv": [ 0.0, 0.0, 0.5, 0.5 ] },
				"down": { "texture": "#handle", "uv": [ 0.0, 0.0, 0.5, 0.5 ] }
			},
			"children": [
				{
					"name": "Shaft",
					"from": [ 0.0, 0.0, 0.0 ],
					"to": [ 0.0, 0.0, 0.0 ],
					"faces": {
						"north": { "texture": "#head", "uv": [ 0.0, 0.0, 0.5, 0.5 ] },
						"east": { "texture": "#head", "uv": [ 0.0, 0.0, 0.5, 0.5 ] },
						"south": { "texture": "#head", "uv": [ 0.0, 0.0, 0.5, 0.5 ] },
						"west": { "texture": "#head", "uv": [ 0.0, 0.0, 0.5, 0.5 ] },
						"up": { "texture": "#head", "uv": [ 0.0, 0.0, 0.5, 0.5 ] },
						"down": { "texture": "#head", "uv": [ 0.0, 0.0, 0.5, 0.5 ] }
					},
					"children": [
						{
							"name": "handle_1",
							"from": [ -8.0, -0.5, -0.5 ],
							"to": [ 8.0, 1.0, 1.0 ],
							"rotationOrigin": [ -9.5, -8.0, 0.0 ],
							"faces": {
								"north": { "texture": "#handle", "uv": [ 0.0, 5.5, 16.0, 7.0 ] },
								"east": { "texture": "#handle", "uv": [ 7.0, 0.5, 8.5, 2.0 ] },
								"south": { "texture": "#handle", "uv": [ 0.0, 10.5, 16.0, 12.0 ] },
								"west": { "texture": "#handle", "uv": [ 14.0, 10.0, 15.5, 11.5 ] },
								"up": { "texture": "#handle", "uv": [ 0.0, 4.5, 16.0, 6.0 ] },
								"down": { "texture": "#handle", "uv": [ 0.0, 5.0, 16.0, 6.5 ] }
							}
						},
						{
							"name": "handle_2",
							"from": [ -24.0, -0.5, -0.5 ],
							"to": [ -8.0, 1.0, 1.0 ],
							"rotationOrigin": [ -25.5, -8.0, 0.0 ],
							"faces": {
								"north": { "texture": "#handle", "uv": [ 0.0, 5.5, 16.0, 7.0 ] },
								"east": { "texture": "#handle", "uv": [ 0.5, 0.5, 2.0, 2.0 ] },
								"south": { "texture": "#handle", "uv": [ 0.0, 10.5, 16.0, 12.0 ] },
								"west": { "texture": "#handle", "uv": [ 14.0, 10.0, 15.5, 11.5 ] },
								"up": { "texture": "#handle", "uv": [ 0.0, 4.5, 16.0, 6.0 ] },
								"down": { "texture": "#handle", "uv": [ 0.0, 5.0, 16.0, 6.5 ] }
							}
						},
						{
							"name": "handle_3",
							"from": [ -40.0, -0.5, -0.5 ],
							"to": [ -24.0, 1.0, 1.0 ],
							"rotationOrigin": [ -40.5, 0.0, 0.0 ],
							"faces": {
								"north": { "texture": "#handle", "uv": [ 0.0, 7.5, 16.0, 9.0 ] },
								"east": { "texture": "#handle", "uv": [ 0.0, 3.5, 1.5, 5.0 ] },
								"south": { "texture": "#handle", "uv": [ 0.0, 9.0, 16.0, 10.5 ] },
								"west": { "texture": "#handle", "uv": [ 13.5, 3.5, 15.0, 5.0 ] },
								"up": { "texture": "#handle", "uv": [ 0.0, 4.5, 16.0, 6.0 ] },
								"down": { "texture": "#handle", "uv": [ 0.0, 13.5, 16.0, 15.0 ] }
							}
						},
						{
							"name": "handle_0",
							"from": [ 8.0, -0.5, -0.5 ],
							"to": [ 10.0, 1.0, 1.0 ],
							"rotationOrigin": [ 8.0, -0.5, -0.5 ],
							"faces": {
								"north": { "texture": "#handle", "uv": [ 12.0, 10.5, 14.0, 12.0 ] },
								"east": { "texture": "#handle", "uv": [ 10.0, 9.0, 11.5, 10.5 ] },
								"south": { "texture": "#handle", "uv": [ 11.5, 11.5, 13.5, 13.0 ] },
								"west": { "texture": "#handle", "uv": [ 0.0, 0.0, 1.5, 1.5 ] },
								"up": { "texture": "#handle", "uv": [ 0.0, 7.5, 2.0, 9.0 ] },
								"down": { "texture": "#handle", "uv": [ 0.0, 0.0, 2.0, 1.5 ] }
							}
						},
						{
							"name": "handle_4",
							"from": [ -41.0, -0.6, -0.6 ],
							"to": [ -40.0, 1.1, 1.1 ],
							"rotationOrigin": [ -41.5, -0.1, -0.1 ],
							"faces": {
								"north": { "texture": "#head", "uv": [ 0.0, 11.5, 1.0, 13.0 ] },
								"east": { "texture": "#head", "uv": [ 0.5, 11.5, 2.0, 13.0 ] },
								"south": { "texture": "#head", "uv": [ 1.0, 11.5, 2.0, 13.0 ] },
								"west": { "texture": "#head", "uv": [ 14.5, 2.5, 16.0, 4.0 ] },
								"up": { "texture": "#head", "uv": [ 3.0, 11.5, 4.0, 13.0 ] },
								"down": { "texture": "#head", "uv": [ 13.5, 11.5, 14.5, 13.0 ] }
							}
						}
					]
				},
				{
					"name": "Head",
					"from": [ 8.0, 0.0, 0.0 ],
					"to": [ 8.0, 0.0, 0.0 ],
					"rotationOrigin": [ 8.0, 0.0, 0.0 ],
					"faces": {
						"north": { "texture": "#head", "uv": [ 0.0, 0.0, 0.5, 0.5 ] },
						"east": { "texture": "#head", "uv": [ 0.0, 0.0, 0.5, 0.5 ] },
						"south": { "texture": "#head", "uv": [ 0.0, 0.0, 0.5, 0.5 ] },
						"west": { "texture": "#head", "uv": [ 0.0, 0.0, 0.5, 0.5 ] },
						"up": { "texture": "#head", "uv": [ 0.0, 0.0, 0.5, 0.5 ] },
						"down": { "texture": "#head", "uv": [ 0.0, 0.0, 0.5, 0.5 ] }
					},
					"children": [
						{
							"name": "head_4",
							"from": [ -1.0, -0.6, -0.7 ],
							"to": [ 0.5, 1.1, 1.2 ],
							"rotationOrigin": [ -1.0, -0.6, -0.7 ],
							"faces": {
								"north": { "texture": "#head", "uv": [ 0.0, 0.0, 1.5, 1.5 ] },
								"east": { "texture": "#head", "uv": [ 0.0, 0.0, 1.5, 1.5 ] },
								"south": { "texture": "#head", "uv": [ 0.0, 0.0, 1.5, 1.5 ] },
								"west": { "texture": "#head", "uv": [ 0.0, 0.0, 1.5, 1.5 ] },
								"up": { "texture": "#head", "uv": [ 0.0, 0.0, 1.5, 1.5 ] },
								"down": { "texture": "#head", "uv": [ 0.0, 0.0, 1.5, 1.5 ] }
							},
							"children": [
								{
									"name": "head_7",
									"from": [ 0.0, 1.7, 1.1 ],
									"to": [ 1.5, 2.7, 1.9 ],
									"rotationOrigin": [ 0.0, 1.7, 1.9 ],
									"rotationX": -36.0,
									"faces": {
										"north": { "texture": "#head", "uv": [ 0.0, 0.0, 1.5, 1.0 ] },
										"east": { "texture": "#head", "uv": [ 0.0, 0.0, 0.5, 1.0 ] },
										"south": { "texture": "#head", "uv": [ 0.0, 0.0, 1.5, 1.0 ] },
										"west": { "texture": "#head", "uv": [ 0.0, 0.0, 0.5, 1.0 ] },
										"up": { "texture": "#head", "uv": [ 0.0, 0.0, 1.5, 0.5 ] },
										"down": { "texture": "#head", "uv": [ 0.0, 0.0, 1.5, 0.5 ] }
									}
								},
								{
									"name": "head_0",
									"from": [ 0.0, 1.7, 0.0 ],
									"to": [ 1.5, 2.7, 0.8 ],
									"rotationOrigin": [ 0.0, 1.7, 0.0 ],
									"rotationX": 36.0,
									"faces": {
										"north": { "texture": "#head", "uv": [ 0.0, 0.0, 1.5, 1.0 ] },
										"east": { "texture": "#head", "uv": [ 0.0, 0.0, 0.5, 1.0 ] },
										"south": { "texture": "#head", "uv": [ 0.0, 0.0, 1.5, 1.0 ] },
										"west": { "texture": "#head", "uv": [ 0.0, 0.0, 0.5, 1.0 ] },
										"up": { "texture": "#head", "uv": [ 0.0, 0.0, 1.5, 0.5 ] },
										"down": { "texture": "#head", "uv": [ 0.0, 0.0, 1.5, 0.5 ] }
									}
								},
								{
									"name": "head_8",
									"from": [ 0.0, 0.0, -0.8 ],
									"to": [ 1.5, 1.0, 0.0 ],
									"rotationOrigin": [ 0.0, 0.0, 0.0 ],
									"rotationX": 150.0,
									"faces": {
										"north": { "texture": "#head", "uv": [ 0.0, 0.0, 1.5, 1.0 ] },
										"east": { "texture": "#head", "uv": [ 0.0, 0.0, 0.5, 1.0 ] },
										"south": { "texture": "#head", "uv": [ 0.0, 0.0, 1.5, 1.0 ] },
										"west": { "texture": "#head", "uv": [ 0.0, 0.0, 0.5, 1.0 ] },
										"up": { "texture": "#head", "uv": [ 0.0, 0.0, 1.5, 0.5 ] },
										"down": { "texture": "#head", "uv": [ 0.0, 0.0, 1.5, 0.5 ] }
									}
								},
								{
									"name": "head_9",
									"from": [ 0.0, 0.0, 1.9 ],
									"to": [ 1.5, 1.0, 2.7 ],
									"rotationOrigin": [ 0.0, 0.0, 1.9 ],
									"rotationX": -150.0,
									"faces": {
										"north": { "texture": "#head", "uv": [ 0.0, 0.0, 1.5, 1.0 ] },
										"east": { "texture": "#head", "uv": [ 0.0, 0.0, 0.5, 1.0 ] },
										"south": { "texture": "#head", "uv": [ 0.0, 0.0, 1.5, 1.0 ] },
										"west": { "texture": "#head", "uv": [ 0.0, 0.0, 0.5, 1.0 ] },
										"up": { "texture": "#head", "uv": [ 0.0, 0.0, 1.5, 0.5 ] },
										"down": { "texture": "#head", "uv": [ 0.0, 0.0, 1.5, 0.5 ] }
									}
								},
								{
									"name": "head_10",
									"from": [ 0.0, -0.9, 0.5 ],
									"to": [ 1.5, 0.0, 1.4 ],
									"rotationOrigin": [ 0.0, -0.9, 0.5 ],
									"faces": {
										"north": { "texture": "#head", "uv": [ 0.0, 0.0, 1.5, 0.5 ] },
										"east": { "texture": "#head", "uv": [ 0.0, 0.0, 0.5, 0.5 ] },
										"south": { "texture": "#head", "uv": [ 0.0, 0.0, 1.5, 0.5 ] },
										"west": { "texture": "#head", "uv": [ 0.0, 0.0, 0.5, 0.5 ] },
										"up": { "texture": "#head", "uv": [ 0.0, 0.0, 1.5, 0.5 ] },
										"down": { "texture": "#head", "uv": [ 0.0, 0.0, 1.5, 0.5 ] }
									}
								}
							]
						},
						{
							"name": "head_1",
							"from": [ -1.0, 1.7, -0.1 ],
							"to": [ 0.5, 2.5, 0.6 ],
							"rotationOrigin": [ -1.0, 1.7, -0.1 ],
							"faces": {
								"north": { "texture": "#head", "uv": [ 0.0, 0.0, 1.5, 0.5 ] },
								"east": { "texture": "#head", "uv": [ 0.0, 0.0, 0.5, 0.5 ] },
								"south": { "texture": "#head", "uv": [ 0.0, 0.0, 1.5, 0.5 ] },
								"west": { "texture": "#head", "uv": [ 0.0, 0.0, 0.5, 0.5 ] },
								"up": { "texture": "#head", "uv": [ 0.0, 0.0, 1.5, 0.5 ] },
								"down": { "texture": "#head", "uv": [ 0.0, 0.0, 1.5, 0.5 ] }
							}
						},
						{
							"name": "head_5",
							"from": [ -2.5, 3.3, -0.4 ],
							"to": [ -1.0, 9.3, -0.1 ],
							"rotationOrigin": [ -2.5, 3.3, 0.0 ],
							"rotationY": 180.0,
							"rotationZ": 90.0,
							"faces": {
								"north": { "texture": "#head", "uv": [ 0.0, 0.0, 1.5, 6.0 ] },
								"east": { "texture": "#head", "uv": [ 0.0, 0.0, 0.5, 6.0 ] },
								"south": { "texture": "#head", "uv": [ 0.0, 0.0, 1.5, 6.0 ] },
								"west": { "texture": "#head", "uv": [ 0.0, 0.0, 0.5, 6.0 ] },
								"up": { "texture": "#head", "uv": [ 0.0, 0.0, 1.5, 0.5 ] },
								"down": { "texture": "#head", "uv": [ 0.0, 0.0, 1.5, 0.5 ] }
							},
							"children": [
								{
									"name": "head_6",
									"from": [ -2.0, 4.5, 0.01 ],
									"to": [ 0.0, 6.0, 0.31 ],
									"rotationOrigin": [ 0.0, 6.0, 0.3 ],
									"rotationZ": 61.0,
									"faces": {
										"north": { "texture": "#head", "uv": [ 0.0, 0.0, 2.0, 1.5 ] },
										"east": { "texture": "#head", "uv": [ 0.0, 0.0, 0.5, 1.5 ] },
										"south": { "texture": "#head", "uv": [ 0.0, 0.0, 2.0, 1.5 ] },
										"west": { "texture": "#head", "uv": [ 0.0, 0.0, 0.5, 1.5 ] },
										"up": { "texture": "#head", "uv": [ 0.0, 0.0, 2.0, 0.5 ] },
										"down": { "texture": "#head", "uv": [ 0.0, 0.0, 2.0, 0.5 ] }
									},
									"children": [
										{
											"name": "head_11",
											"from": [ -1.5, 0.0, 0.0 ],
											"to": [ 0.0, 1.5, 0.3 ],
											"rotationOrigin": [ 0.0, 1.5, 0.29 ],
											"faces": {
												"north": { "texture": "#head", "uv": [ 0.0, 0.0, 1.5, 1.5 ] },
												"east": { "texture": "#head", "uv": [ 0.0, 0.0, 0.5, 1.5 ] },
												"south": { "texture": "#head", "uv": [ 0.0, 0.0, 1.5, 1.5 ] },
												"west": { "texture": "#head", "uv": [ 0.0, 0.0, 0.5, 1.5 ] },
												"up": { "texture": "#head", "uv": [ 0.0, 0.0, 1.5, 0.5 ] },
												"down": { "texture": "#head", "uv": [ 0.0, 0.0, 1.5, 0.5 ] }
											}
										}
									]
								},
								{
									"name": "head_12",
									"from": [ -2.5, 0.0, -0.01 ],
									"to": [ 0.0, 1.5, 0.29 ],
									"rotationOrigin": [ 0.0, 0.0, 0.3 ],
									"rotationZ": -47.0,
									"faces": {
										"north": { "texture": "#head", "uv": [ 0.0, 0.0, 2.5, 1.5 ] },
										"east": { "texture": "#head", "uv": [ 0.0, 0.0, 0.5, 1.5 ] },
										"south": { "texture": "#head", "uv": [ 0.0, 0.0, 2.5, 1.5 ] },
										"west": { "texture": "#head", "uv": [ 0.0, 0.0, 0.5, 1.5 ] },
										"up": { "texture": "#head", "uv": [ 0.0, 0.0, 2.5, 0.5 ] },
										"down": { "texture": "#head", "uv": [ 0.0, 0.0, 2.5, 0.5 ] }
									}
								},
								{
									"name": "head_13",
									"from": [ -2.0, 1.5, 0.0 ],
									"to": [ 0.0, 3.0, 0.3 ],
									"rotationOrigin": [ -2.0, 1.5, 0.4 ],
									"faces": {
										"north": { "texture": "#head", "uv": [ 0.0, 0.0, 2.0, 1.5 ] },
										"east": { "texture": "#head", "uv": [ 0.0, 0.0, 0.5, 1.5 ] },
										"south": { "texture": "#head", "uv": [ 0.0, 0.0, 2.0, 1.5 ] },
										"west": { "texture": "#head", "uv": [ 0.0, 0.0, 0.5, 1.5 ] },
										"up": { "texture": "#head", "uv": [ 0.0, 0.0, 2.0, 0.5 ] },
										"down": { "texture": "#head", "uv": [ 0.0, 0.0, 2.0, 0.5 ] }
									}
								}
							]
						},
						{
							"name": "head_2",
							"from": [ -0.8, -3.5, 0.0 ],
							"to": [ 0.1, -2.6, 2.5 ],
							"rotationOrigin": [ -0.2, -2.9, 0.0 ],
							"rotationX": -90.0,
							"rotationY": 0.0,
							"rotationZ": 45.0,
							"faces": {
								"north": { "texture": "#head", "uv": [ 0.0, 0.0, 0.5, 0.5 ] },
								"east": { "texture": "#head", "uv": [ 0.0, 0.0, 2.5, 0.5 ] },
								"south": { "texture": "#head", "uv": [ 0.0, 0.0, 0.5, 0.5 ] },
								"west": { "texture": "#head", "uv": [ 0.0, 0.0, 2.5, 0.5 ] },
								"up": { "texture": "#head", "uv": [ 0.0, 0.0, 0.5, 2.5 ] },
								"down": { "texture": "#head", "uv": [ 0.0, 0.0, 0.5, 2.5 ] }
							},
							"children": [
								{
									"name": "head_04",
									"from": [ -0.1, 0.0, -1.0 ],
									"to": [ 0.9, 0.9, 0.5 ],
									"rotationOrigin": [ 0.9, 0.5, 0.5 ],
									"rotationY": -15.0,
									"faces": {
										"north": { "texture": "#head", "uv": [ 0.0, 0.0, 1.0, 0.5 ] },
										"east": { "texture": "#head", "uv": [ 0.0, 0.0, 1.5, 0.5 ] },
										"south": { "texture": "#head", "uv": [ 0.0, 0.0, 1.0, 0.5 ] },
										"west": { "texture": "#head", "uv": [ 0.0, 0.0, 1.5, 0.5 ] },
										"up": { "texture": "#head", "uv": [ 0.0, 0.0, 1.0, 1.5 ] },
										"down": { "texture": "#head", "uv": [ 0.0, 0.0, 1.0, 1.5 ] }
									},
									"children": [
										{
											"name": "head_011",
											"from": [ 0.0, 0.0, -0.5 ],
											"to": [ 1.0, 0.9, 0.0 ],
											"rotationOrigin": [ 1.0, 0.5, 0.0 ],
											"rotationY": 20.0,
											"faces": {
												"north": { "texture": "#head", "uv": [ 0.0, 0.0, 1.0, 0.5 ] },
												"east": { "texture": "#head", "uv": [ 0.0, 0.0, 0.5, 0.5 ] },
												"south": { "texture": "#head", "uv": [ 0.0, 0.0, 1.0, 0.5 ] },
												"west": { "texture": "#head", "uv": [ 0.0, 0.0, 0.5, 0.5 ] },
												"up": { "texture": "#head", "uv": [ 0.0, 0.0, 1.0, 0.5 ] },
												"down": { "texture": "#head", "uv": [ 0.0, 0.0, 1.0, 0.5 ] }
											}
										}
									]
								},
								{
									"name": "head_05",
									"from": [ -1.0, -0.1, -1.0 ],
									"to": [ 0.0, 0.8, 0.5 ],
									"rotationOrigin": [ 0.0, 0.4, 0.5 ],
									"rotationY": 15.0,
									"rotationZ": 180.0,
									"faces": {
										"north": { "texture": "#head", "uv": [ 0.0, 0.0, 1.0, 0.5 ] },
										"east": { "texture": "#head", "uv": [ 0.0, 0.0, 1.5, 0.5 ] },
										"south": { "texture": "#head", "uv": [ 0.0, 0.0, 1.0, 0.5 ] },
										"west": { "texture": "#head", "uv": [ 0.0, 0.0, 1.5, 0.5 ] },
										"up": { "texture": "#head", "uv": [ 0.0, 0.0, 1.0, 1.5 ] },
										"down": { "texture": "#head", "uv": [ 0.0, 0.0, 1.0, 1.5 ] }
									},
									"children": [
										{
											"name": "head_014",
											"from": [ 0.0, 0.0, -0.5 ],
											"to": [ 1.0, 0.9, 0.0 ],
											"rotationOrigin": [ 1.0, 0.5, 0.0 ],
											"rotationY": 20.0,
											"faces": {
												"north": { "texture": "#head", "uv": [ 0.0, 0.0, 1.0, 0.5 ] },
												"east": { "texture": "#head", "uv": [ 0.0, 0.0, 0.5, 0.5 ] },
												"south": { "texture": "#head", "uv": [ 0.0, 0.0, 1.0, 0.5 ] },
												"west": { "texture": "#head", "uv": [ 0.0, 0.0, 0.5, 0.5 ] },
												"up": { "texture": "#head", "uv": [ 0.0, 0.0, 1.0, 0.5 ] },
												"down": { "texture": "#head", "uv": [ 0.0, 0.0, 1.0, 0.5 ] }
											}
										}
									]
								},
								{
									"name": "head_07",
									"from": [ -0.5, -0.5, -1.0 ],
									"to": [ 0.5, 0.4, 0.5 ],
									"rotationOrigin": [ 0.5, 0.0, 0.5 ],
									"rotationX": -15.0,
									"rotationZ": -90.0,
									"faces": {
										"north": { "texture": "#head", "uv": [ 0.0, 0.0, 1.0, 0.5 ] },
										"east": { "texture": "#head", "uv": [ 0.0, 0.0, 1.5, 0.5 ] },
										"south": { "texture": "#head", "uv": [ 0.0, 0.0, 1.0, 0.5 ] },
										"west": { "texture": "#head", "uv": [ 0.0, 0.0, 1.5, 0.5 ] },
										"up": { "texture": "#head", "uv": [ 0.0, 0.0, 1.0, 1.5 ] },
										"down": { "texture": "#head", "uv": [ 0.0, 0.0, 1.0, 1.5 ] }
									},
									"children": [
										{
											"name": "head_013",
											"from": [ 0.0, 0.0, -0.5 ],
											"to": [ 1.0, 0.9, 0.0 ],
											"rotationOrigin": [ 1.0, 0.5, 0.0 ],
											"rotationY": 20.0,
											"faces": {
												"north": { "texture": "#head", "uv": [ 0.0, 0.0, 1.0, 0.5 ] },
												"east": { "texture": "#head", "uv": [ 0.0, 0.0, 0.5, 0.5 ] },
												"south": { "texture": "#head", "uv": [ 0.0, 0.0, 1.0, 0.5 ] },
												"west": { "texture": "#head", "uv": [ 0.0, 0.0, 0.5, 0.5 ] },
												"up": { "texture": "#head", "uv": [ 0.0, 0.0, 1.0, 0.5 ] },
												"down": { "texture": "#head", "uv": [ 0.0, 0.0, 1.0, 0.5 ] }
											}
										}
									]
								},
								{
									"name": "head_08",
									"from": [ -0.6, 0.4, -1.0 ],
									"to": [ 0.4, 1.3, 0.5 ],
									"rotationOrigin": [ 0.4, 0.9, 0.5 ],
									"rotationX": 15.0,
									"rotationZ": 90.0,
									"faces": {
										"north": { "texture": "#head", "uv": [ 0.0, 0.0, 1.0, 0.5 ] },
										"east": { "texture": "#head", "uv": [ 0.0, 0.0, 1.5, 0.5 ] },
										"south": { "texture": "#head", "uv": [ 0.0, 0.0, 1.0, 0.5 ] },
										"west": { "texture": "#head", "uv": [ 0.0, 0.0, 1.5, 0.5 ] },
										"up": { "texture": "#head", "uv": [ 0.0, 0.0, 1.0, 1.5 ] },
										"down": { "texture": "#head", "uv": [ 0.0, 0.0, 1.0, 1.5 ] }
									},
									"children": [
										{
											"name": "head_012",
											"from": [ 0.0, 0.0, -0.5 ],
											"to": [ 1.0, 1.0, 0.0 ],
											"rotationOrigin": [ 1.0, 0.5, 0.0 ],
											"rotationY": 20.0,
											"faces": {
												"north": { "texture": "#head", "uv": [ 0.0, 0.0, 1.0, 1.0 ] },
												"east": { "texture": "#head", "uv": [ 0.0, 0.0, 0.5, 1.0 ] },
												"south": { "texture": "#head", "uv": [ 0.0, 0.0, 1.0, 1.0 ] },
												"west": { "texture": "#head", "uv": [ 0.0, 0.0, 0.5, 1.0 ] },
												"up": { "texture": "#head", "uv": [ 0.0, 0.0, 1.0, 0.5 ] },
												"down": { "texture": "#head", "uv": [ 0.0, 0.0, 1.0, 0.5 ] }
											}
										}
									]
								}
							]
						},
						{
							"name": "head_00",
							"from": [ -11.5, 0.8, -0.6 ],
							"to": [ 2.1, 2.5, 0.5 ],
							"rotationOrigin": [ -11.5, 0.8, -0.6 ],
							"rotationX": 90.0,
							"faces": {
								"north": { "texture": "#head", "uv": [ 0.0, 0.0, 13.5, 1.5 ] },
								"east": { "texture": "#head", "uv": [ 0.0, 0.0, 1.0, 1.5 ] },
								"south": { "texture": "#head", "uv": [ 0.0, 0.0, 13.5, 1.5 ] },
								"west": { "texture": "#head", "uv": [ 0.0, 0.0, 1.0, 1.5 ] },
								"up": { "texture": "#head", "uv": [ 0.0, 0.0, 13.5, 1.0 ] },
								"down": { "texture": "#head", "uv": [ 0.0, 0.0, 13.5, 1.0 ] }
							},
							"children": [
								{
									"name": "Cube2",
									"from": [ 2.3, -0.1, 0.35 ],
									"to": [ 2.7, 1.8, 0.75 ],
									"rotationOrigin": [ 2.5, -0.2, 0.6 ],
									"rotationY": 45.0,
									"faces": {
										"north": { "texture": "#iron", "uv": [ 0.0, 0.0, 0.5, 1.5 ] },
										"east": { "texture": "#iron", "uv": [ 0.0, 0.0, 0.5, 1.5 ] },
										"south": { "texture": "#iron", "uv": [ 0.0, 0.0, 0.5, 1.5 ] },
										"west": { "texture": "#iron", "uv": [ 0.0, 0.0, 0.5, 1.5 ] },
										"up": { "texture": "#iron", "uv": [ 0.0, 0.0, 0.5, 0.5 ] },
										"down": { "texture": "#iron", "uv": [ 0.0, 0.0, 0.5, 0.5 ] }
									}
								},
								{
									"name": "Cube4",
									"from": [ 6.3, -0.1, 0.35 ],
									"to": [ 6.7, 1.8, 0.75 ],
									"rotationOrigin": [ 6.5, -0.2, 0.6 ],
									"rotationY": 45.0,
									"faces": {
										"north": { "texture": "#iron", "uv": [ 0.0, 0.0, 0.5, 1.5 ] },
										"east": { "texture": "#iron", "uv": [ 0.0, 0.0, 0.5, 1.5 ] },
										"south": { "texture": "#iron", "uv": [ 0.0, 0.0, 0.5, 1.5 ] },
										"west": { "texture": "#iron", "uv": [ 0.0, 0.0, 0.5, 1.5 ] },
										"up": { "texture": "#iron", "uv": [ 0.0, 0.0, 0.5, 0.5 ] },
										"down": { "texture": "#iron", "uv": [ 0.0, 0.0, 0.5, 0.5 ] }
									}
								},
								{
									"name": "Cube6",
									"from": [ 11.1, -0.2, 0.35 ],
									"to": [ 11.5, 1.9, 0.75 ],
									"rotationOrigin": [ 11.3, -0.3, 0.6 ],
									"rotationY": 45.0,
									"faces": {
										"north": { "texture": "#iron", "uv": [ 0.0, 0.0, 0.5, 2.0 ] },
										"east": { "texture": "#iron", "uv": [ 0.0, 0.0, 0.5, 2.0 ] },
										"south": { "texture": "#iron", "uv": [ 0.0, 0.0, 0.5, 2.0 ] },
										"west": { "texture": "#iron", "uv": [ 0.0, 0.0, 0.5, 2.0 ] },
										"up": { "texture": "#iron", "uv": [ 0.0, 0.0, 0.5, 0.5 ] },
										"down": { "texture": "#iron", "uv": [ 0.0, 0.0, 0.5, 0.5 ] }
									}
								},
								{
									"name": "Cube7",
									"from": [ 0.3, -0.1, 0.35 ],
									"to": [ 0.7, 1.8, 0.75 ],
									"rotationOrigin": [ 0.5, -0.2, 0.6 ],
									"rotationY": 45.0,
									"faces": {
										"north": { "texture": "#iron", "uv": [ 0.0, 0.0, 0.5, 1.5 ] },
										"east": { "texture": "#iron", "uv": [ 0.0, 0.0, 0.5, 1.5 ] },
										"south": { "texture": "#iron", "uv": [ 0.0, 0.0, 0.5, 1.5 ] },
										"west": { "texture": "#iron", "uv": [ 0.0, 0.0, 0.5, 1.5 ] },
										"up": { "texture": "#iron", "uv": [ 0.0, 0.0, 0.5, 0.5 ] },
										"down": { "texture": "#iron", "uv": [ 0.0, 0.0, 0.5, 0.5 ] }
									}
								},
								{
									"name": "Cube3",
									"from": [ 4.3, -0.1, 0.35 ],
									"to": [ 4.7, 1.8, 0.75 ],
									"rotationOrigin": [ 4.5, -0.2, 0.6 ],
									"rotationY": 45.0,
									"faces": {
										"north": { "texture": "#iron", "uv": [ 0.0, 0.0, 0.5, 1.5 ] },
										"east": { "texture": "#iron", "uv": [ 0.0, 0.0, 0.5, 1.5 ] },
										"south": { "texture": "#iron", "uv": [ 0.0, 0.0, 0.5, 1.5 ] },
										"west": { "texture": "#iron", "uv": [ 0.0, 0.0, 0.5, 1.5 ] },
										"up": { "texture": "#iron", "uv": [ 0.0, 0.0, 0.5, 0.5 ] },
										"down": { "texture": "#iron", "uv": [ 0.0, 0.0, 0.5, 0.5 ] }
									}
								},
								{
									"name": "Cube5",
									"from": [ 8.3, -0.1, 0.35 ],
									"to": [ 8.7, 1.8, 0.75 ],
									"rotationOrigin": [ 8.5, -0.2, 0.6 ],
									"rotationY": 45.0,
									"faces": {
										"north": { "texture": "#iron", "uv": [ 0.0, 0.0, 0.5, 1.5 ] },
										"east": { "texture": "#iron", "uv": [ 0.0, 0.0, 0.5, 1.5 ] },
										"south": { "texture": "#iron", "uv": [ 0.0, 0.0, 0.5, 1.5 ] },
										"west": { "texture": "#iron", "uv": [ 0.0, 0.0, 0.5, 1.5 ] },
										"up": { "texture": "#iron", "uv": [ 0.0, 0.0, 0.5, 0.5 ] },
										"down": { "texture": "#iron", "uv": [ 0.0, 0.0, 0.5, 0.5 ] }
									}
								}
							]
						},
						{
							"name": "head_3",
							"from": [ 1.4, -0.2, -0.2 ],
							"to": [ 2.0, 0.7, 0.7 ],
							"rotationOrigin": [ 1.4, -0.2, -0.2 ],
							"faces": {
								"north": { "texture": "#head", "uv": [ 0.0, 0.0, 0.5, 0.5 ] },
								"east": { "texture": "#head", "uv": [ 0.0, 0.0, 0.5, 0.5 ] },
								"south": { "texture": "#head", "uv": [ 0.0, 0.0, 0.5, 0.5 ] },
								"west": { "texture": "#head", "uv": [ 0.0, 0.0, 0.5, 0.5 ] },
								"up": { "texture": "#head", "uv": [ 0.0, 0.0, 0.5, 0.5 ] },
								"down": { "texture": "#head", "uv": [ 0.0, 0.0, 0.5, 0.5 ] }
							},
							"children": [
								{
									"name": "head_14",
									"from": [ 0.5, 0.1, 0.3 ],
									"to": [ 8.0, 0.4, 0.6 ],
									"rotationOrigin": [ 0.5, 0.1, 0.3 ],
									"rotationZ": 1.4,
									"faces": {
										"north": { "texture": "#head", "uv": [ 0.0, 0.0, 7.5, 0.5 ] },
										"east": { "texture": "#head", "uv": [ 0.0, 0.0, 0.5, 0.5 ] },
										"south": { "texture": "#head", "uv": [ 0.0, 0.0, 7.5, 0.5 ] },
										"west": { "texture": "#head", "uv": [ 0.0, 0.0, 0.5, 0.5 ] },
										"up": { "texture": "#head", "uv": [ 0.0, 0.0, 7.5, 0.5 ] },
										"down": { "texture": "#head", "uv": [ 0.0, 0.0, 7.5, 0.5 ] }
									}
								},
								{
									"name": "head_15",
									"from": [ 0.5, 0.8, 0.6 ],
									"to": [ 8.0, 1.1, 0.9 ],
									"rotationOrigin": [ 0.5, 0.8, 0.6 ],
									"rotationX": 180.0,
									"rotationZ": 1.4,
									"faces": {
										"north": { "texture": "#head", "uv": [ 0.0, 0.0, 7.5, 0.5 ] },
										"east": { "texture": "#head", "uv": [ 0.0, 0.0, 0.5, 0.5 ] },
										"south": { "texture": "#head", "uv": [ 0.0, 0.0, 7.5, 0.5 ] },
										"west": { "texture": "#head", "uv": [ 0.0, 0.0, 0.5, 0.5 ] },
										"up": { "texture": "#head", "uv": [ 0.0, 0.0, 7.5, 0.5 ] },
										"down": { "texture": "#head", "uv": [ 0.0, 0.0, 7.5, 0.5 ] }
									}
								},
								{
									"name": "head_16",
									"from": [ 0.5, 0.6, 0.1 ],
									"to": [ 8.0, 0.9, 0.4 ],
									"rotationOrigin": [ 0.5, 0.6, 0.1 ],
									"rotationX": 90.0,
									"rotationZ": 1.4,
									"faces": {
										"north": { "texture": "#head", "uv": [ 0.0, 0.0, 7.5, 0.5 ] },
										"east": { "texture": "#head", "uv": [ 0.0, 0.0, 0.5, 0.5 ] },
										"south": { "texture": "#head", "uv": [ 0.0, 0.0, 7.5, 0.5 ] },
										"west": { "texture": "#head", "uv": [ 0.0, 0.0, 0.5, 0.5 ] },
										"up": { "texture": "#head", "uv": [ 0.0, 0.0, 7.5, 0.5 ] },
										"down": { "texture": "#head", "uv": [ 0.0, 0.0, 7.5, 0.5 ] }
									}
								},
								{
									"name": "head_17",
									"from": [ 0.5, 0.3, 0.8 ],
									"to": [ 8.0, 0.6, 1.1 ],
									"rotationOrigin": [ 0.5, 0.3, 0.8 ],
									"rotationX": -90.0,
									"rotationZ": 1.4,
									"faces": {
										"north": { "texture": "#head", "uv": [ 0.0, 0.0, 7.5, 0.5 ] },
										"east": { "texture": "#head", "uv": [ 0.0, 0.0, 0.5, 0.5 ] },
										"south": { "texture": "#head", "uv": [ 0.0, 0.0, 7.5, 0.5 ] },
										"west": { "texture": "#head", "uv": [ 0.0, 0.0, 0.5, 0.5 ] },
										"up": { "texture": "#head", "uv": [ 0.0, 0.0, 7.5, 0.5 ] },
										"down": { "texture": "#head", "uv": [ 0.0, 0.0, 7.5, 0.5 ] }
									}
								}
							]
						}
					]
				}
			]
		}
	]}