[
  {
    "op": "add",
    "path": "/server/behaviors/9/aitasks/0/entityCodesByType/*/-",
    "value": "machairodontinae-*",
    "file": "game:entities/land/bear.json"
  },
  {
    "op": "add",
    "path": "/server/behaviors/9/aitasks/1/entityCodes/0",
    "value": "machairodontinae-adult-*",
    "file": "game:entities/land/bear.json"
  },
  {
    "op": "add",
    "path": "/server/behaviors/9/aitasks/2/entityCodes/0",
    "value": "machairodontinae-adult-*",
    "file": "game:entities/land/bear.json"
  },
  {
    "op": "add",
    "path": "/server/behaviors/9/aitasks/3/entityCodesByType/*/-",
    "value": "machairodontinae-adult-*",
    "file": "game:entities/land/bear.json"
  },
  {
    "op": "add",
    "path": "/server/behaviors/9/aitasks/4/entityCodesByType/*-panda/-",
    "value": "machairodontinae-adult-*",
    "file": "game:entities/land/bear.json"
  },
  {
    "op": "add",
    "path": "/server/behaviors/9/aitasks/4/entityCodesByType/*-sun/-",
    "value": "machairodontinae-adult-*",
    "file": "game:entities/land/bear.json"
  },
  {
    "op": "add",
    "path": "/server/behaviors/9/aitasks/5/entityCodes/0",
    "value": "machairodontinae-adult-*",
    "file": "game:entities/land/bear.json"
  },


  {
    "op": "add",
    "path": "/server/behaviors/10/aitasks/0/entityCodes/0",
    "value": "machairodontinae-adult-*",
    "file": "game:entities/land/chicken-baby.json"
  },
  {
    "op": "add",
    "path": "/server/behaviors/11/aitasks/0/entityCodes/0",
    "value": "machairodontinae-adult-*",
    "file": "game:entities/land/chicken-hen.json"
  },
  {
    "op": "add",
    "path": "/server/behaviors/10/aitasks/1/entityCodes/0",
    "value": "machairodontinae-adult-*",
    "file": "game:entities/land/chicken-rooster.json"
  },
  {
    "op": "add",
    "path": "/server/behaviors/10/aitasks/2/entityCodes/0",
    "value": "machairodontinae-adult-*",
    "file": "game:entities/land/chicken-rooster.json"
  },
  {
    "op": "add",
    "path": "/server/behaviors/10/aitasks/4/entityCodes/0",
    "value": "machairodontinae-adult-*",
    "file": "game:entities/land/chicken-rooster.json"
  },

  
  {
    "op": "add",
    "path": "/server/behaviors/10/aitasks/0/entityCodes/0",
    "value": "machairodontinae-*",
    "file": "game:entities/land/hooved/deer.json"
  },
  {
    "op": "add",
    "path": "/server/behaviors/10/aitasks/1/entityCodes/0",
    "value": "machairodontinae-adult-*",
    "file": "game:entities/land/hooved/deer.json"
  },
  {
    "op": "add",
    "path": "/server/behaviors/10/aitasks/2/entityCodes/0",
    "value": "machairodontinae-adult-*",
    "file": "game:entities/land/hooved/deer.json"
  },



  {
    "op": "add",
    "path": "/server/behaviors/11/aitasks/0/entityCodes/0",
    "value": "machairodontinae-*",
    "file": "game:entities/land/fox.json"
  },
  {
    "op": "add",
    "path": "/server/behaviors/11/aitasks/1/entityCodes/0",
    "value": "machairodontinae-*",
    "file": "game:entities/land/fox.json"
  },
  {
    "op": "add",
    "path": "/server/behaviors/11/aitasks/3/entityCodes/0",
    "value": "machairodontinae-adult-*",
    "file": "game:entities/land/fox.json"
  },

  {
    "op": "add",
    "path": "/server/behaviors/9/aitasks/0/entityCodes/0",
    "value": "machairodontinae-adult-*",
    "file": "game:entities/land/gazelle.json"
  },

    {
    "op": "add",
    "path": "/server/behaviors/12/aitasks/0/entityCodes/0",
    "value": "machairodontinae-*",
    "file": "game:entities/land/hooved/goat.json"
  },
  {
    "op": "add",
    "path": "/server/behaviors/12/aitasks/1/entityCodes/0",
    "value": "machairodontinae-adult-*",
    "file": "game:entities/land/hooved/goat.json"
  },
  {
    "op": "add",
    "path": "/server/behaviors/12/aitasks/2/entityCodes/0",
    "value": "machairodontinae-adult-*",
    "file": "game:entities/land/hooved/goat.json"
  },

  {
    "op": "add",
    "path": "/server/behaviors/9/aitasks/0/entityCodes/0",
    "value": "machairodontinae-adult-*",
    "file": "game:entities/land/hare-baby.json"
  },
  {
    "op": "add",
    "path": "/server/behaviors/10/aitasks/0/entityCodes/0",
    "value": "machairodontinae-adult-*",
    "file": "game:entities/land/hare-female.json"
  },
  {
    "op": "add",
    "path": "/server/behaviors/9/aitasks/0/entityCodes/0",
    "value": "machairodontinae-adult-*",
    "file": "game:entities/land/hare-male.json"
  },

  {
    "op": "add",
    "path": "/server/behaviors/10/aitasks/0/entityCodes/0",
    "value": "machairodontinae-adult-*",
    "file": "game:entities/land/hyena-female.json"
  },

  {
    "op": "add",
    "path": "/server/behaviors/10/aitasks/1/entityCodes/0",
    "value": "machairodontinae-adult-*",
    "file": "game:entities/land/hyena-female.json"
  },

  {
    "op": "add",
    "path": "/server/behaviors/10/aitasks/3/entityCodes/0",
    "value": "machairodontinae-baby-*",
    "file": "game:entities/land/hyena-female.json"
  },

  {
    "op": "add",
    "path": "/server/behaviors/9/aitasks/0/entityCodes/0",
    "value": "machairodontinae-adult-*",
    "file": "game:entities/land/hyena-male.json"
  },

  {
    "op": "add",
    "path": "/server/behaviors/9/aitasks/1/entityCodes/0",
    "value": "machairodontinae-adult-*",
    "file": "game:entities/land/hyena-male.json"
  },

  {
    "op": "add",
    "path": "/server/behaviors/9/aitasks/3/entityCodes/0",
    "value": "machairodontinae-baby-*",
    "file": "game:entities/land/hyena-male.json"
  },


  {
    "op": "add",
    "path": "/server/behaviors/9/aitasks/0/entityCodes/0",
    "value": "machairodontinae-adult-*",
    "file": "game:entities/land/hyena-pup.json"
  },


    {
    "op": "add",
    "path": "/server/behaviors/10/aitasks/0/entityCodes/0",
    "value": "machairodontinae-*",
    "file": "game:entities/land/hooved/moose.json"
  },
  {
    "op": "add",
    "path": "/server/behaviors/10/aitasks/1/entityCodes/0",
    "value": "machairodontinae-adult-*",
    "file": "game:entities/land/hooved/moose.json"
  },
  {
    "op": "add",
    "path": "/server/behaviors/10/aitasks/2/entityCodes/0",
    "value": "machairodontinae-adult-*",
    "file": "game:entities/land/hooved/moose.json"
  },

  {
    "op": "add",
    "path": "/server/behaviors/10/aitasks/0/entityCodes/0",
    "value": "machairodontinae-adult-*",
    "file": "game:entities/land/pig-wild-female.json"
  },
  {
    "op": "add",
    "path": "/server/behaviors/10/aitasks/1/entityCodes/0",
    "value": "machairodontinae-adult-*",
    "file": "game:entities/land/pig-wild-female.json"
  },
  {
    "op": "add",
    "path": "/server/behaviors/10/aitasks/2/entityCodes/0",
    "value": "machairodontinae-adult-*",
    "file": "game:entities/land/pig-wild-female.json"
  },
  {
    "op": "add",
    "path": "/server/behaviors/9/aitasks/0/entityCodes/0",
    "value": "machairodontinae-adult-*",
    "file": "game:entities/land/pig-wild-male.json"
  },
  {
    "op": "add",
    "path": "/server/behaviors/9/aitasks/1/entityCodes/0",
    "value": "machairodontinae-adult-*",
    "file": "game:entities/land/pig-wild-male.json"
  },
  {
    "op": "add",
    "path": "/server/behaviors/9/aitasks/2/entityCodes/0",
    "value": "machairodontinae-adult-*",
    "file": "game:entities/land/pig-wild-male.json"
  },
  {
    "op": "add",
    "path": "/server/behaviors/10/aitasks/0/entityCodes/0",
    "value": "machairodontinae-adult-*",
    "file": "game:entities/land/pig-wild-piglet.json"
  },





  {
    "op": "add",
    "path": "/server/behaviors/9/aitasks/0/entityCodes/0",
    "value": "machairodontinae-adult-*",
    "file": "game:entities/land/raccoon-female.json"
  },
  {
    "op": "add",
    "path": "/server/behaviors/9/aitasks/1/entityCodes/0",
    "value": "machairodontinae-adult-*",
    "file": "game:entities/land/raccoon-female.json"
  },
  {
    "op": "add",
    "path": "/server/behaviors/9/aitasks/2/entityCodes/0",
    "value": "machairodontinae-adult-*",
    "file": "game:entities/land/raccoon-female.json"
  },
  {
    "op": "add",
    "path": "/server/behaviors/9/aitasks/0/entityCodes/0",
    "value": "machairodontinae-adult-*",
    "file": "game:entities/land/raccoon-male.json"
  },
  {
    "op": "add",
    "path": "/server/behaviors/9/aitasks/1/entityCodes/0",
    "value": "machairodontinae-adult-*",
    "file": "game:entities/land/raccoon-male.json"
  },
  {
    "op": "add",
    "path": "/server/behaviors/9/aitasks/2/entityCodes/0",
    "value": "machairodontinae-adult-*",
    "file": "game:entities/land/raccoon-male.json"
  },
  {
    "op": "add",
    "path": "/server/behaviors/9/aitasks/0/entityCodes/0",
    "value": "machairodontinae-adult-*",
    "file": "game:entities/land/raccoon-pup.json"
  },





  {
    "op": "add",
    "path": "/server/behaviors/8/aitasks/1/entityCodes/0",
    "value": "machairodontinae-adult-*",
    "file": "game:entities/water/salmon.json"
  },




  {
    "op": "add",
    "path": "/server/behaviors/10/aitasks/0/entityCodes/0",
    "value": "machairodontinae-adult-*",
    "file": "game:entities/land/sheep-bighorn-female.json"
  },
  {
    "op": "add",
    "path": "/server/behaviors/10/aitasks/1/entityCodes/0",
    "value": "machairodontinae-adult-*",
    "file": "game:entities/land/sheep-bighorn-female.json"
  },
  {
    "op": "add",
    "path": "/server/behaviors/10/aitasks/2/entityCodes/0",
    "value": "machairodontinae-adult-*",
    "file": "game:entities/land/sheep-bighorn-female.json"
  },
  {
    "op": "add",
    "path": "/server/behaviors/10/aitasks/0/entityCodes/0",
    "value": "machairodontinae-adult-*",
    "file": "game:entities/land/sheep-bighorn-lamb.json"
  },
  {
    "op": "add",
    "path": "/server/behaviors/9/aitasks/0/entityCodes/0",
    "value": "machairodontinae-adult-*",
    "file": "game:entities/land/sheep-bighorn-male.json"
  },
  {
    "op": "add",
    "path": "/server/behaviors/9/aitasks/1/entityCodes/0",
    "value": "machairodontinae-adult-*",
    "file": "game:entities/land/sheep-bighorn-male.json"
  },
  {
    "op": "add",
    "path": "/server/behaviors/9/aitasks/2/entityCodes/0",
    "value": "machairodontinae-adult-*",
    "file": "game:entities/land/sheep-bighorn-male.json"
  },





  {
    "op": "add",
    "path": "/server/behaviors/10/aitasks/0/entityCodes/0",
    "value": "machairodontinae-adult-*",
    "file": "game:entities/land/wolf-female.json"
  },

  {
    "op": "add",
    "path": "/server/behaviors/10/aitasks/1/entityCodes/0",
    "value": "machairodontinae-adult-*",
    "file": "game:entities/land/wolf-female.json"
  },

  {
    "op": "add",
    "path": "/server/behaviors/10/aitasks/3/entityCodes/0",
    "value": "machairodontinae-baby-*",
    "file": "game:entities/land/wolf-female.json"
  },

  {
    "op": "add",
    "path": "/server/behaviors/9/aitasks/0/entityCodes/0",
    "value": "machairodontinae-adult-*",
    "file": "game:entities/land/wolf-male.json"
  },

  {
    "op": "add",
    "path": "/server/behaviors/9/aitasks/1/entityCodes/0",
    "value": "machairodontinae-adult-*",
    "file": "game:entities/land/wolf-male.json"
  },

  {
    "op": "add",
    "path": "/server/behaviors/9/aitasks/3/entityCodes/0",
    "value": "machairodontinae-baby-*",
    "file": "game:entities/land/wolf-male.json"
  },


  {
    "op": "add",
    "path": "/server/behaviors/10/aitasks/0/entityCodes/0",
    "value": "machairodontinae-adult-*",
    "file": "game:entities/land/wolf-pup.json"
  }




]