{"GameVersion":"1.19.3","SizeX":10,"SizeY":6,"SizeZ":10,"BlockCodes":{"2966":"game:cobblestone-granite","3240":"game:stonepath-free","3584":"game:stonebricks-granite","8606":"game:clutter","3836":"game:stonebrickstairs-granite-up-west-free","3668":"game:stonebrickslab-granite-down-free","3808":"game:stonebrickstairs-granite-up-south-free","3752":"game:stonebrickstairs-granite-up-north-free"},"ItemCodes":{},"Indices":[6144,1054720,6145,8193,9217,1054721,1056769,1057793,2106369,6146,7170,8194,9218,1054722,1055746,1056770,1057794,2106370,5123,6147,9219,1054723,1055747,1056771,1057795,2106371,4100,5124,9220,1053700,1054724,1055748,1056772,2102276,2106372,3077,4101,9221,1051653,1052677,1053701,1054725,1055749,1056773,1057797,2100229,2101253,2106373,1030,2054,3078,9222,1049606,1050630,1051654,1052678,1053702,1054726,1055750,1056774,1057798,2106374,7,1031,8199,9223,1048583,1049607,1050631,1051655,1052679,1053703,1054727,1055751,1056775,1057799,2106375,3154951,2056,7176,8200,1050632,1051656,1052680,1053704,1054728,1055752,1056776,2105352,3153928,4202504,5251080,1033,2057,3081,4105,5129,6153,7177,1049609,1050633,1051657,1052681,1053705,1054729,1055753,2098185,2099209,2100233,2101257,2102281,2103305,2104329,3147785],"BlockIds":[2966,3240,2966,2966,2966,3240,3240,3584,8606,2966,2966,2966,2966,3240,3240,3240,3584,3836,2966,2966,2966,3240,3240,3240,3584,8606,2966,2966,2966,3584,3240,3240,3240,3668,8606,2966,2966,2966,3584,3584,3240,3240,3240,3240,3584,8606,3808,8606,2966,2966,2966,2966,3240,3240,3240,3240,3240,3240,3240,3240,3584,8606,2966,2966,2966,2966,3240,3240,3240,3240,3240,3240,3240,3240,3240,3584,3584,8606,2966,2966,2966,3240,3240,3240,3240,3240,3240,3584,3584,8606,8606,8606,2966,2966,2966,2966,2966,2966,2966,3584,3584,3584,3584,3752,3584,3584,8606,3584,8606,8606,8606,8606,3668,3668],"DecorIndices":[],"DecorIds":[],"BlockEntities":{"2106369":"!<d@[F*RI!#QOl.E,TfC\"onW'!<d@[F*]7]#64o6@VfsmCI<#NAHu^]F`__:EWlSfH#R=(An>jiAM7b<Df.4P1B[r'DffE0AQ[[t8\\bH8D.Rd%6#L=OAYOkaZNLMRDffE0AQmh!8\\bW=@rH1\"ARfgnA,lT","2106371":"!<d@[F*RO##QOl.E,TfC\"onW'!<d@[F*]7]#64o6@VfsmCI<#NAHu^]F`__:EWlSfH#R=)An>jiAM7b<Df.4>G;9:+Ec6&.FCeS/%nXP>$#O6pBL-NKCh9>p#dXX=Ec6&.FCeY1%nXPC$\"ImiCh7*uARkc@","2106372":"!<d@[F*RR$#QOl.E,TfC\"onW'!<d@[F*]7]#64o6@VfsmCI<#NAHu^]F`__:EWlSfH#R=(An>jiAM7b<Df.4P1B[r'DffE0AQSp4!!!-.D.Rd%6#L=OAM:_YZigVSDffE0AQf'6!.Y@^@rH1\"ARfgnA,lT","2100229":"!<d@[F*RU%#QOl.E,TfC\"onW'!<d@[F*]%W#64o6@VfsmCI<#NAHu^]F`__:EWlSfH#R=(An>jiAM7b<Df.4P1B[r'DffE0AQSp4!!!-.D.Rd%6#L=OA_Ra;56M43DffE0AQf'6!!!<3@rH1\"ARfgnA,lT","2106373":"!<d@[F*RU%#QOl.E,TfC\"onW'!<d@[F*]7]#64o6@VfsmCI<#NAHu^]F`__:EWlSfH#R=(An>jiAM7b<Df.4P1'@i&DffE0AQ[[t8\\bH8D.Rd%6#L=OAYOkaZNLMRDffE0AQmh!8\\bW=@rH1\"ARfgnA,lT","2106374":"!<d@[F*RX&#QOl.E,TfC\"onW'!<d@[F*]7]#64o6@VfsmCI<#NAHu^]F`__:EWlSfH#R=)An>jiAM7b<Df.4>G;04*Ec6&.FCePS!!!!%$#O6pBL-NKCh:3MDR0HNEc6&.FCeVU!!%NU$\"ImiCh7*uARkc@","3154951":"!<d@[F*R['#QOl.E,TfC#64`(!<d@[F*]7]#64o6@VfsmCI<#NAHu^]F`__:EWlSfH#R=*Cgh4'ATDZAB6%p5DIbU-#BFa)@<?'_gCHlk\":8pVF(djWB5D/5%nXM=#BFa)@<?'agCHlk#mk*[Ci!ZmFCet_!!","3153928":"!<d@[F*R^(#QOl.E,TfC#64`(!<d@[F*]4\\#64o6@VfsmCI<#NAHu^]F`__:EWlSfH#R=,An>jiAM7b<Df.4>D/aTB0a%`%DffE0AQ[[t8\\bH8D.Rd%6#L=OAI8u?56M43DffE0AQmh!8\\bW=@rH1\"ARfgnA,lT","4202504":"!<d@[F*R^(#QOl.E,TfC#QOi)!<d@[F*]4\\#64o6@VfsmCI<#NAHu^]F`__:EWlSfH#R=,An>jiAM7b<Df.4>D/aTB0a%`%DffE0AQ[[t8\\bH8D.Rd%6#L=OA_IYd^B=d^DffE0AQmh!8\\bW=@rH1\"ARfgnA,lT","5251080":"!<d@[F*R^(#QOl.E,TfC#ljr*!<d@[F*]4\\#64o6@VfsmCI<#NAHu^]F`__:EWlSfH#R=,An>jiAM7b<Df.4>D/aTB1B[r'DffE0AQ[[t8\\bH8D.Rd%6#L=OA_IYd^B=d^DffE0AQmh!8\\bW=@rH1\"ARfgnA,lT","2098185":"!<d@[F*I[)#QOl.E,TfC\"onW'!<d@[F*\\tU#64o6@VfsmCI<#NAHu^]F`__:EWlSfH#R=)An>jiAM7b<Df.4>G;9:+Ec6&.FCePS!!!!%$#O6pBL-NKCh;?3aZfn5Ec6&.FCeVU!!!!*$\"ImiCh7*uARkc@","2100233":"!<d@[F*I[)#QOl.E,TfC\"onW'!<d@[F*]%W#64o6@VfsmCI<#NAHu^]F`__:EWlSfH#R=(An>jiAM7b<Df.4P1'@i&DffE0AQSp4!.Y1YD.Rd%6#L=OA_Ra;^B=d^DffE0AQf'6!!!<3@rH1\"ARfgnA,lT","2101257":"!<d@[F*I[)#QOl.E,TfC\"onW'!<d@[F*](X#64o6@VfsmCI<#NAHu^]F`__:EWlSfH#R=(An>jiAM7b<Df.4P1B[r'DffE0AQSp4!!!-.D.Rd%6#L=OA_Ra;56M43DffE0AQf'6!!!<3@rH1\"ARfgnA,lT","2102281":"!<d@[F*I[)#QOl.E,TfC\"onW'!<d@[F*]+Y#64o6@VfsmCI<#NAHu^]F`__:EWlSfH#R=*An>jiAM7b<Df.4GF*BDC#BFa)@<?'_gCHlk\":8pVF(djWB5D/9&';Ng#BFa)@<?'agCHlk#mk*[Ci!ZmFCet_!!","2103305":"!<d@[F*I[)#QOl.E,TfC\"onW'!<d@[F*].Z#64o6@VfsmCI<#NAHu^]F`__:EWlSfH#R=)An>jiAM7b<Df.4>G;B@,Ec6&.FCePS!!%NP$#O6pBL-NKCh;?3ahIr`Ec6&.FCeVU!!!!*$\"ImiCh7*uARkc@"},"Entities":[],"ReplaceMode":2,"EntranceRotation":-1}