[
{"name": "Dire Wolf Head Mount (Baby)", "ingredientPattern": "_BC,DEF,GHI","ingredients": {"B": { "type": "item", "code": "game:knife-*", "isTool": true },"C": { "type": "item", "code": "game:hammer-*", "isTool": true },"D": { "type": "item", "code": "caninae:pelt-canina-baby-aenocyon-dirus" },"E": { "type": "item", "code": "game:metalnailsandstrips-*" },"F": { "type": "item", "code": "game:clay-*" },"G": { "type": "block", "code": "game:debarkedlog-*" },"H": { "type": "block", "code": "game:glass-*" },"I": { "type": "item", "code": "game:powderedborax" }},"width": 3,"height": 3,"output": { "type": "block", "code": "caninae:headmount-caninae-canina-baby-aenocyon-dirus-north", "quantity": 1  }},
{"name": "Dire Wolf Head Mount (Female)", "ingredientPattern": "_BC,DEF,GHI","ingredients": {"B": { "type": "item", "code": "game:knife-*", "isTool": true },"C": { "type": "item", "code": "game:hammer-*", "isTool": true },"D": { "type": "item", "code": "caninae:pelt-canina-female-aenocyon-dirus" },"E": { "type": "item", "code": "game:metalnailsandstrips-*" },"F": { "type": "item", "code": "game:clay-*" },"G": { "type": "block", "code": "game:debarkedlog-*" },"H": { "type": "block", "code": "game:glass-*" },"I": { "type": "item", "code": "game:powderedborax" }},"width": 3,"height": 3,"output": { "type": "block", "code": "caninae:headmount-caninae-canina-female-aenocyon-dirus-north", "quantity": 1  }},
{"name": "Dire Wolf Head Mount (Male)", "ingredientPattern": "_BC,DEF,GHI","ingredients": {"B": { "type": "item", "code": "game:knife-*", "isTool": true },"C": { "type": "item", "code": "game:hammer-*", "isTool": true },"D": { "type": "item", "code": "caninae:pelt-canina-male-aenocyon-dirus" },"E": { "type": "item", "code": "game:metalnailsandstrips-*" },"F": { "type": "item", "code": "game:clay-*" },"G": { "type": "block", "code": "game:debarkedlog-*" },"H": { "type": "block", "code": "game:glass-*" },"I": { "type": "item", "code": "game:powderedborax" }},"width": 3,"height": 3,"output": { "type": "block", "code": "caninae:headmount-caninae-canina-male-aenocyon-dirus-north", "quantity": 1  }},
{"name": "Golden Jackal Head Mount (Baby)", "ingredientPattern": "_BC,DEF,GHI","ingredients": {"B": { "type": "item", "code": "game:knife-*", "isTool": true },"C": { "type": "item", "code": "game:hammer-*", "isTool": true },"D": { "type": "item", "code": "caninae:pelt-canina-baby-canis-aureus" },"E": { "type": "item", "code": "game:metalnailsandstrips-*" },"F": { "type": "item", "code": "game:clay-*" },"G": { "type": "block", "code": "game:debarkedlog-*" },"H": { "type": "block", "code": "game:glass-*" },"I": { "type": "item", "code": "game:powderedborax" }},"width": 3,"height": 3,"output": { "type": "block", "code": "caninae:headmount-caninae-canina-baby-canis-aureus-north", "quantity": 1  }},
{"name": "Golden Jackal Head Mount (Female)", "ingredientPattern": "_BC,DEF,GHI","ingredients": {"B": { "type": "item", "code": "game:knife-*", "isTool": true },"C": { "type": "item", "code": "game:hammer-*", "isTool": true },"D": { "type": "item", "code": "caninae:pelt-canina-female-canis-aureus" },"E": { "type": "item", "code": "game:metalnailsandstrips-*" },"F": { "type": "item", "code": "game:clay-*" },"G": { "type": "block", "code": "game:debarkedlog-*" },"H": { "type": "block", "code": "game:glass-*" },"I": { "type": "item", "code": "game:powderedborax" }},"width": 3,"height": 3,"output": { "type": "block", "code": "caninae:headmount-caninae-canina-female-canis-aureus-north", "quantity": 1  }},
{"name": "Golden Jackal Head Mount (Male)", "ingredientPattern": "_BC,DEF,GHI","ingredients": {"B": { "type": "item", "code": "game:knife-*", "isTool": true },"C": { "type": "item", "code": "game:hammer-*", "isTool": true },"D": { "type": "item", "code": "caninae:pelt-canina-male-canis-aureus" },"E": { "type": "item", "code": "game:metalnailsandstrips-*" },"F": { "type": "item", "code": "game:clay-*" },"G": { "type": "block", "code": "game:debarkedlog-*" },"H": { "type": "block", "code": "game:glass-*" },"I": { "type": "item", "code": "game:powderedborax" }},"width": 3,"height": 3,"output": { "type": "block", "code": "caninae:headmount-caninae-canina-male-canis-aureus-north", "quantity": 1  }},
{"name": "Domestic Dog Head Mount (Baby)", "ingredientPattern": "_BC,DEF,GHI","ingredients": {"B": { "type": "item", "code": "game:knife-*", "isTool": true },"C": { "type": "item", "code": "game:hammer-*", "isTool": true },"D": { "type": "item", "code": "caninae:pelt-canina-baby-canis-familiaris" },"E": { "type": "item", "code": "game:metalnailsandstrips-*" },"F": { "type": "item", "code": "game:clay-*" },"G": { "type": "block", "code": "game:debarkedlog-*" },"H": { "type": "block", "code": "game:glass-*" },"I": { "type": "item", "code": "game:powderedborax" }},"width": 3,"height": 3,"output": { "type": "block", "code": "caninae:headmount-caninae-canina-baby-canis-familiaris-north", "quantity": 1  }},
{"name": "Domestic Dog Head Mount (Female)", "ingredientPattern": "_BC,DEF,GHI","ingredients": {"B": { "type": "item", "code": "game:knife-*", "isTool": true },"C": { "type": "item", "code": "game:hammer-*", "isTool": true },"D": { "type": "item", "code": "caninae:pelt-canina-female-canis-familiaris" },"E": { "type": "item", "code": "game:metalnailsandstrips-*" },"F": { "type": "item", "code": "game:clay-*" },"G": { "type": "block", "code": "game:debarkedlog-*" },"H": { "type": "block", "code": "game:glass-*" },"I": { "type": "item", "code": "game:powderedborax" }},"width": 3,"height": 3,"output": { "type": "block", "code": "caninae:headmount-caninae-canina-female-canis-familiaris-north", "quantity": 1  }},
{"name": "Domestic Dog Head Mount (Male)", "ingredientPattern": "_BC,DEF,GHI","ingredients": {"B": { "type": "item", "code": "game:knife-*", "isTool": true },"C": { "type": "item", "code": "game:hammer-*", "isTool": true },"D": { "type": "item", "code": "caninae:pelt-canina-male-canis-familiaris" },"E": { "type": "item", "code": "game:metalnailsandstrips-*" },"F": { "type": "item", "code": "game:clay-*" },"G": { "type": "block", "code": "game:debarkedlog-*" },"H": { "type": "block", "code": "game:glass-*" },"I": { "type": "item", "code": "game:powderedborax" }},"width": 3,"height": 3,"output": { "type": "block", "code": "caninae:headmount-caninae-canina-male-canis-familiaris-north", "quantity": 1  }},
{"name": "Coyote Head Mount (Baby)", "ingredientPattern": "_BC,DEF,GHI","ingredients": {"B": { "type": "item", "code": "game:knife-*", "isTool": true },"C": { "type": "item", "code": "game:hammer-*", "isTool": true },"D": { "type": "item", "code": "caninae:pelt-canina-baby-canis-latrans" },"E": { "type": "item", "code": "game:metalnailsandstrips-*" },"F": { "type": "item", "code": "game:clay-*" },"G": { "type": "block", "code": "game:debarkedlog-*" },"H": { "type": "block", "code": "game:glass-*" },"I": { "type": "item", "code": "game:powderedborax" }},"width": 3,"height": 3,"output": { "type": "block", "code": "caninae:headmount-caninae-canina-baby-canis-latrans-north", "quantity": 1  }},
{"name": "Coyote Head Mount (Female)", "ingredientPattern": "_BC,DEF,GHI","ingredients": {"B": { "type": "item", "code": "game:knife-*", "isTool": true },"C": { "type": "item", "code": "game:hammer-*", "isTool": true },"D": { "type": "item", "code": "caninae:pelt-canina-female-canis-latrans" },"E": { "type": "item", "code": "game:metalnailsandstrips-*" },"F": { "type": "item", "code": "game:clay-*" },"G": { "type": "block", "code": "game:debarkedlog-*" },"H": { "type": "block", "code": "game:glass-*" },"I": { "type": "item", "code": "game:powderedborax" }},"width": 3,"height": 3,"output": { "type": "block", "code": "caninae:headmount-caninae-canina-female-canis-latrans-north", "quantity": 1  }},
{"name": "Coyote Head Mount (Male)", "ingredientPattern": "_BC,DEF,GHI","ingredients": {"B": { "type": "item", "code": "game:knife-*", "isTool": true },"C": { "type": "item", "code": "game:hammer-*", "isTool": true },"D": { "type": "item", "code": "caninae:pelt-canina-male-canis-latrans" },"E": { "type": "item", "code": "game:metalnailsandstrips-*" },"F": { "type": "item", "code": "game:clay-*" },"G": { "type": "block", "code": "game:debarkedlog-*" },"H": { "type": "block", "code": "game:glass-*" },"I": { "type": "item", "code": "game:powderedborax" }},"width": 3,"height": 3,"output": { "type": "block", "code": "caninae:headmount-caninae-canina-male-canis-latrans-north", "quantity": 1  }},
{"name": "African Wolf Head Mount (Baby)", "ingredientPattern": "_BC,DEF,GHI","ingredients": {"B": { "type": "item", "code": "game:knife-*", "isTool": true },"C": { "type": "item", "code": "game:hammer-*", "isTool": true },"D": { "type": "item", "code": "caninae:pelt-canina-baby-canis-lupastor" },"E": { "type": "item", "code": "game:metalnailsandstrips-*" },"F": { "type": "item", "code": "game:clay-*" },"G": { "type": "block", "code": "game:debarkedlog-*" },"H": { "type": "block", "code": "game:glass-*" },"I": { "type": "item", "code": "game:powderedborax" }},"width": 3,"height": 3,"output": { "type": "block", "code": "caninae:headmount-caninae-canina-baby-canis-lupastor-north", "quantity": 1  }},
{"name": "African Wolf Head Mount (Female)", "ingredientPattern": "_BC,DEF,GHI","ingredients": {"B": { "type": "item", "code": "game:knife-*", "isTool": true },"C": { "type": "item", "code": "game:hammer-*", "isTool": true },"D": { "type": "item", "code": "caninae:pelt-canina-female-canis-lupastor" },"E": { "type": "item", "code": "game:metalnailsandstrips-*" },"F": { "type": "item", "code": "game:clay-*" },"G": { "type": "block", "code": "game:debarkedlog-*" },"H": { "type": "block", "code": "game:glass-*" },"I": { "type": "item", "code": "game:powderedborax" }},"width": 3,"height": 3,"output": { "type": "block", "code": "caninae:headmount-caninae-canina-female-canis-lupastor-north", "quantity": 1  }},
{"name": "African Wolf Head Mount (Male)", "ingredientPattern": "_BC,DEF,GHI","ingredients": {"B": { "type": "item", "code": "game:knife-*", "isTool": true },"C": { "type": "item", "code": "game:hammer-*", "isTool": true },"D": { "type": "item", "code": "caninae:pelt-canina-male-canis-lupastor" },"E": { "type": "item", "code": "game:metalnailsandstrips-*" },"F": { "type": "item", "code": "game:clay-*" },"G": { "type": "block", "code": "game:debarkedlog-*" },"H": { "type": "block", "code": "game:glass-*" },"I": { "type": "item", "code": "game:powderedborax" }},"width": 3,"height": 3,"output": { "type": "block", "code": "caninae:headmount-caninae-canina-male-canis-lupastor-north", "quantity": 1  }},
{"name": "Gray Wolf Head Mount (Baby)", "ingredientPattern": "_BC,DEF,GHI","ingredients": {"B": { "type": "item", "code": "game:knife-*", "isTool": true },"C": { "type": "item", "code": "game:hammer-*", "isTool": true },"D": { "type": "item", "code": "caninae:pelt-canina-baby-canis-lupus" },"E": { "type": "item", "code": "game:metalnailsandstrips-*" },"F": { "type": "item", "code": "game:clay-*" },"G": { "type": "block", "code": "game:debarkedlog-*" },"H": { "type": "block", "code": "game:glass-*" },"I": { "type": "item", "code": "game:powderedborax" }},"width": 3,"height": 3,"output": { "type": "block", "code": "caninae:headmount-caninae-canina-baby-canis-lupus-north", "quantity": 1  }},
{"name": "Gray Wolf Head Mount (Female)", "ingredientPattern": "_BC,DEF,GHI","ingredients": {"B": { "type": "item", "code": "game:knife-*", "isTool": true },"C": { "type": "item", "code": "game:hammer-*", "isTool": true },"D": { "type": "item", "code": "caninae:pelt-canina-female-canis-lupus" },"E": { "type": "item", "code": "game:metalnailsandstrips-*" },"F": { "type": "item", "code": "game:clay-*" },"G": { "type": "block", "code": "game:debarkedlog-*" },"H": { "type": "block", "code": "game:glass-*" },"I": { "type": "item", "code": "game:powderedborax" }},"width": 3,"height": 3,"output": { "type": "block", "code": "caninae:headmount-caninae-canina-female-canis-lupus-north", "quantity": 1  }},
{"name": "Gray Wolf Head Mount (Male)", "ingredientPattern": "_BC,DEF,GHI","ingredients": {"B": { "type": "item", "code": "game:knife-*", "isTool": true },"C": { "type": "item", "code": "game:hammer-*", "isTool": true },"D": { "type": "item", "code": "caninae:pelt-canina-male-canis-lupus" },"E": { "type": "item", "code": "game:metalnailsandstrips-*" },"F": { "type": "item", "code": "game:clay-*" },"G": { "type": "block", "code": "game:debarkedlog-*" },"H": { "type": "block", "code": "game:glass-*" },"I": { "type": "item", "code": "game:powderedborax" }},"width": 3,"height": 3,"output": { "type": "block", "code": "caninae:headmount-caninae-canina-male-canis-lupus-north", "quantity": 1  }},
{"name": "Artic Wolf Head Mount (Baby)", "ingredientPattern": "_BC,DEF,GHI","ingredients": {"B": { "type": "item", "code": "game:knife-*", "isTool": true },"C": { "type": "item", "code": "game:hammer-*", "isTool": true },"D": { "type": "item", "code": "caninae:pelt-canina-baby-canis-lupusarctos" },"E": { "type": "item", "code": "game:metalnailsandstrips-*" },"F": { "type": "item", "code": "game:clay-*" },"G": { "type": "block", "code": "game:debarkedlog-*" },"H": { "type": "block", "code": "game:glass-*" },"I": { "type": "item", "code": "game:powderedborax" }},"width": 3,"height": 3,"output": { "type": "block", "code": "caninae:headmount-caninae-canina-baby-canis-lupusarctos-north", "quantity": 1  }},
{"name": "Artic Wolf Head Mount (Female)", "ingredientPattern": "_BC,DEF,GHI","ingredients": {"B": { "type": "item", "code": "game:knife-*", "isTool": true },"C": { "type": "item", "code": "game:hammer-*", "isTool": true },"D": { "type": "item", "code": "caninae:pelt-canina-female-canis-lupusarctos" },"E": { "type": "item", "code": "game:metalnailsandstrips-*" },"F": { "type": "item", "code": "game:clay-*" },"G": { "type": "block", "code": "game:debarkedlog-*" },"H": { "type": "block", "code": "game:glass-*" },"I": { "type": "item", "code": "game:powderedborax" }},"width": 3,"height": 3,"output": { "type": "block", "code": "caninae:headmount-caninae-canina-female-canis-lupusarctos-north", "quantity": 1  }},
{"name": "Artic Wolf Head Mount (Male)", "ingredientPattern": "_BC,DEF,GHI","ingredients": {"B": { "type": "item", "code": "game:knife-*", "isTool": true },"C": { "type": "item", "code": "game:hammer-*", "isTool": true },"D": { "type": "item", "code": "caninae:pelt-canina-male-canis-lupusarctos" },"E": { "type": "item", "code": "game:metalnailsandstrips-*" },"F": { "type": "item", "code": "game:clay-*" },"G": { "type": "block", "code": "game:debarkedlog-*" },"H": { "type": "block", "code": "game:glass-*" },"I": { "type": "item", "code": "game:powderedborax" }},"width": 3,"height": 3,"output": { "type": "block", "code": "caninae:headmount-caninae-canina-male-canis-lupusarctos-north", "quantity": 1  }},
{"name": "Dingo Head Mount (Baby)", "ingredientPattern": "_BC,DEF,GHI","ingredients": {"B": { "type": "item", "code": "game:knife-*", "isTool": true },"C": { "type": "item", "code": "game:hammer-*", "isTool": true },"D": { "type": "item", "code": "caninae:pelt-canina-baby-canis-lupusdingo" },"E": { "type": "item", "code": "game:metalnailsandstrips-*" },"F": { "type": "item", "code": "game:clay-*" },"G": { "type": "block", "code": "game:debarkedlog-*" },"H": { "type": "block", "code": "game:glass-*" },"I": { "type": "item", "code": "game:powderedborax" }},"width": 3,"height": 3,"output": { "type": "block", "code": "caninae:headmount-caninae-canina-baby-canis-lupusdingo-north", "quantity": 1  }},
{"name": "Dingo Head Mount (Female)", "ingredientPattern": "_BC,DEF,GHI","ingredients": {"B": { "type": "item", "code": "game:knife-*", "isTool": true },"C": { "type": "item", "code": "game:hammer-*", "isTool": true },"D": { "type": "item", "code": "caninae:pelt-canina-female-canis-lupusdingo" },"E": { "type": "item", "code": "game:metalnailsandstrips-*" },"F": { "type": "item", "code": "game:clay-*" },"G": { "type": "block", "code": "game:debarkedlog-*" },"H": { "type": "block", "code": "game:glass-*" },"I": { "type": "item", "code": "game:powderedborax" }},"width": 3,"height": 3,"output": { "type": "block", "code": "caninae:headmount-caninae-canina-female-canis-lupusdingo-north", "quantity": 1  }},
{"name": "Dingo Head Mount (Male)", "ingredientPattern": "_BC,DEF,GHI","ingredients": {"B": { "type": "item", "code": "game:knife-*", "isTool": true },"C": { "type": "item", "code": "game:hammer-*", "isTool": true },"D": { "type": "item", "code": "caninae:pelt-canina-male-canis-lupusdingo" },"E": { "type": "item", "code": "game:metalnailsandstrips-*" },"F": { "type": "item", "code": "game:clay-*" },"G": { "type": "block", "code": "game:debarkedlog-*" },"H": { "type": "block", "code": "game:glass-*" },"I": { "type": "item", "code": "game:powderedborax" }},"width": 3,"height": 3,"output": { "type": "block", "code": "caninae:headmount-caninae-canina-male-canis-lupusdingo-north", "quantity": 1  }},
{"name": "Timber Wolf Head Mount (Baby)", "ingredientPattern": "_BC,DEF,GHI","ingredients": {"B": { "type": "item", "code": "game:knife-*", "isTool": true },"C": { "type": "item", "code": "game:hammer-*", "isTool": true },"D": { "type": "item", "code": "caninae:pelt-canina-baby-canis-lycaon" },"E": { "type": "item", "code": "game:metalnailsandstrips-*" },"F": { "type": "item", "code": "game:clay-*" },"G": { "type": "block", "code": "game:debarkedlog-*" },"H": { "type": "block", "code": "game:glass-*" },"I": { "type": "item", "code": "game:powderedborax" }},"width": 3,"height": 3,"output": { "type": "block", "code": "caninae:headmount-caninae-canina-baby-canis-lycaon-north", "quantity": 1  }},
{"name": "Timber Wolf Head Mount (Female)", "ingredientPattern": "_BC,DEF,GHI","ingredients": {"B": { "type": "item", "code": "game:knife-*", "isTool": true },"C": { "type": "item", "code": "game:hammer-*", "isTool": true },"D": { "type": "item", "code": "caninae:pelt-canina-female-canis-lycaon" },"E": { "type": "item", "code": "game:metalnailsandstrips-*" },"F": { "type": "item", "code": "game:clay-*" },"G": { "type": "block", "code": "game:debarkedlog-*" },"H": { "type": "block", "code": "game:glass-*" },"I": { "type": "item", "code": "game:powderedborax" }},"width": 3,"height": 3,"output": { "type": "block", "code": "caninae:headmount-caninae-canina-female-canis-lycaon-north", "quantity": 1  }},
{"name": "Timber Wolf Head Mount (Male)", "ingredientPattern": "_BC,DEF,GHI","ingredients": {"B": { "type": "item", "code": "game:knife-*", "isTool": true },"C": { "type": "item", "code": "game:hammer-*", "isTool": true },"D": { "type": "item", "code": "caninae:pelt-canina-male-canis-lycaon" },"E": { "type": "item", "code": "game:metalnailsandstrips-*" },"F": { "type": "item", "code": "game:clay-*" },"G": { "type": "block", "code": "game:debarkedlog-*" },"H": { "type": "block", "code": "game:glass-*" },"I": { "type": "item", "code": "game:powderedborax" }},"width": 3,"height": 3,"output": { "type": "block", "code": "caninae:headmount-caninae-canina-male-canis-lycaon-north", "quantity": 1  }},
{"name": "Red Wolf Head Mount (Baby)", "ingredientPattern": "_BC,DEF,GHI","ingredients": {"B": { "type": "item", "code": "game:knife-*", "isTool": true },"C": { "type": "item", "code": "game:hammer-*", "isTool": true },"D": { "type": "item", "code": "caninae:pelt-canina-baby-canis-rufus" },"E": { "type": "item", "code": "game:metalnailsandstrips-*" },"F": { "type": "item", "code": "game:clay-*" },"G": { "type": "block", "code": "game:debarkedlog-*" },"H": { "type": "block", "code": "game:glass-*" },"I": { "type": "item", "code": "game:powderedborax" }},"width": 3,"height": 3,"output": { "type": "block", "code": "caninae:headmount-caninae-canina-baby-canis-rufus-north", "quantity": 1  }},
{"name": "Red Wolf Head Mount (Female)", "ingredientPattern": "_BC,DEF,GHI","ingredients": {"B": { "type": "item", "code": "game:knife-*", "isTool": true },"C": { "type": "item", "code": "game:hammer-*", "isTool": true },"D": { "type": "item", "code": "caninae:pelt-canina-female-canis-rufus" },"E": { "type": "item", "code": "game:metalnailsandstrips-*" },"F": { "type": "item", "code": "game:clay-*" },"G": { "type": "block", "code": "game:debarkedlog-*" },"H": { "type": "block", "code": "game:glass-*" },"I": { "type": "item", "code": "game:powderedborax" }},"width": 3,"height": 3,"output": { "type": "block", "code": "caninae:headmount-caninae-canina-female-canis-rufus-north", "quantity": 1  }},
{"name": "Red Wolf Head Mount (Male)", "ingredientPattern": "_BC,DEF,GHI","ingredients": {"B": { "type": "item", "code": "game:knife-*", "isTool": true },"C": { "type": "item", "code": "game:hammer-*", "isTool": true },"D": { "type": "item", "code": "caninae:pelt-canina-male-canis-rufus" },"E": { "type": "item", "code": "game:metalnailsandstrips-*" },"F": { "type": "item", "code": "game:clay-*" },"G": { "type": "block", "code": "game:debarkedlog-*" },"H": { "type": "block", "code": "game:glass-*" },"I": { "type": "item", "code": "game:powderedborax" }},"width": 3,"height": 3,"output": { "type": "block", "code": "caninae:headmount-caninae-canina-male-canis-rufus-north", "quantity": 1  }},
{"name": "Ethiopian Wolf Head Mount (Baby)", "ingredientPattern": "_BC,DEF,GHI","ingredients": {"B": { "type": "item", "code": "game:knife-*", "isTool": true },"C": { "type": "item", "code": "game:hammer-*", "isTool": true },"D": { "type": "item", "code": "caninae:pelt-canina-baby-canis-simensis" },"E": { "type": "item", "code": "game:metalnailsandstrips-*" },"F": { "type": "item", "code": "game:clay-*" },"G": { "type": "block", "code": "game:debarkedlog-*" },"H": { "type": "block", "code": "game:glass-*" },"I": { "type": "item", "code": "game:powderedborax" }},"width": 3,"height": 3,"output": { "type": "block", "code": "caninae:headmount-caninae-canina-baby-canis-simensis-north", "quantity": 1  }},
{"name": "Ethiopian Wolf Head Mount (Female)", "ingredientPattern": "_BC,DEF,GHI","ingredients": {"B": { "type": "item", "code": "game:knife-*", "isTool": true },"C": { "type": "item", "code": "game:hammer-*", "isTool": true },"D": { "type": "item", "code": "caninae:pelt-canina-female-canis-simensis" },"E": { "type": "item", "code": "game:metalnailsandstrips-*" },"F": { "type": "item", "code": "game:clay-*" },"G": { "type": "block", "code": "game:debarkedlog-*" },"H": { "type": "block", "code": "game:glass-*" },"I": { "type": "item", "code": "game:powderedborax" }},"width": 3,"height": 3,"output": { "type": "block", "code": "caninae:headmount-caninae-canina-female-canis-simensis-north", "quantity": 1  }},
{"name": "Ethiopian Wolf Head Mount (Male)", "ingredientPattern": "_BC,DEF,GHI","ingredients": {"B": { "type": "item", "code": "game:knife-*", "isTool": true },"C": { "type": "item", "code": "game:hammer-*", "isTool": true },"D": { "type": "item", "code": "caninae:pelt-canina-male-canis-simensis" },"E": { "type": "item", "code": "game:metalnailsandstrips-*" },"F": { "type": "item", "code": "game:clay-*" },"G": { "type": "block", "code": "game:debarkedlog-*" },"H": { "type": "block", "code": "game:glass-*" },"I": { "type": "item", "code": "game:powderedborax" }},"width": 3,"height": 3,"output": { "type": "block", "code": "caninae:headmount-caninae-canina-male-canis-simensis-north", "quantity": 1  }},
{"name": "Dhole Head Mount (Baby)", "ingredientPattern": "_BC,DEF,GHI","ingredients": {"B": { "type": "item", "code": "game:knife-*", "isTool": true },"C": { "type": "item", "code": "game:hammer-*", "isTool": true },"D": { "type": "item", "code": "caninae:pelt-canina-baby-cuon-alpinus" },"E": { "type": "item", "code": "game:metalnailsandstrips-*" },"F": { "type": "item", "code": "game:clay-*" },"G": { "type": "block", "code": "game:debarkedlog-*" },"H": { "type": "block", "code": "game:glass-*" },"I": { "type": "item", "code": "game:powderedborax" }},"width": 3,"height": 3,"output": { "type": "block", "code": "caninae:headmount-caninae-canina-baby-cuon-alpinus-north", "quantity": 1  }},
{"name": "Dhole Head Mount (Female)", "ingredientPattern": "_BC,DEF,GHI","ingredients": {"B": { "type": "item", "code": "game:knife-*", "isTool": true },"C": { "type": "item", "code": "game:hammer-*", "isTool": true },"D": { "type": "item", "code": "caninae:pelt-canina-female-cuon-alpinus" },"E": { "type": "item", "code": "game:metalnailsandstrips-*" },"F": { "type": "item", "code": "game:clay-*" },"G": { "type": "block", "code": "game:debarkedlog-*" },"H": { "type": "block", "code": "game:glass-*" },"I": { "type": "item", "code": "game:powderedborax" }},"width": 3,"height": 3,"output": { "type": "block", "code": "caninae:headmount-caninae-canina-female-cuon-alpinus-north", "quantity": 1  }},
{"name": "Dhole Head Mount (Male)", "ingredientPattern": "_BC,DEF,GHI","ingredients": {"B": { "type": "item", "code": "game:knife-*", "isTool": true },"C": { "type": "item", "code": "game:hammer-*", "isTool": true },"D": { "type": "item", "code": "caninae:pelt-canina-male-cuon-alpinus" },"E": { "type": "item", "code": "game:metalnailsandstrips-*" },"F": { "type": "item", "code": "game:clay-*" },"G": { "type": "block", "code": "game:debarkedlog-*" },"H": { "type": "block", "code": "game:glass-*" },"I": { "type": "item", "code": "game:powderedborax" }},"width": 3,"height": 3,"output": { "type": "block", "code": "caninae:headmount-caninae-canina-male-cuon-alpinus-north", "quantity": 1  }},
{"name": "Sardinian Dhole Head Mount (Baby)", "ingredientPattern": "_BC,DEF,GHI","ingredients": {"B": { "type": "item", "code": "game:knife-*", "isTool": true },"C": { "type": "item", "code": "game:hammer-*", "isTool": true },"D": { "type": "item", "code": "caninae:pelt-canina-baby-cynotherium-sardous" },"E": { "type": "item", "code": "game:metalnailsandstrips-*" },"F": { "type": "item", "code": "game:clay-*" },"G": { "type": "block", "code": "game:debarkedlog-*" },"H": { "type": "block", "code": "game:glass-*" },"I": { "type": "item", "code": "game:powderedborax" }},"width": 3,"height": 3,"output": { "type": "block", "code": "caninae:headmount-caninae-canina-baby-cynotherium-sardous-north", "quantity": 1  }},
{"name": "Sardinian Dhole Head Mount (Female)", "ingredientPattern": "_BC,DEF,GHI","ingredients": {"B": { "type": "item", "code": "game:knife-*", "isTool": true },"C": { "type": "item", "code": "game:hammer-*", "isTool": true },"D": { "type": "item", "code": "caninae:pelt-canina-female-cynotherium-sardous" },"E": { "type": "item", "code": "game:metalnailsandstrips-*" },"F": { "type": "item", "code": "game:clay-*" },"G": { "type": "block", "code": "game:debarkedlog-*" },"H": { "type": "block", "code": "game:glass-*" },"I": { "type": "item", "code": "game:powderedborax" }},"width": 3,"height": 3,"output": { "type": "block", "code": "caninae:headmount-caninae-canina-female-cynotherium-sardous-north", "quantity": 1  }},
{"name": "Sardinian Dhole Head Mount (Male)", "ingredientPattern": "_BC,DEF,GHI","ingredients": {"B": { "type": "item", "code": "game:knife-*", "isTool": true },"C": { "type": "item", "code": "game:hammer-*", "isTool": true },"D": { "type": "item", "code": "caninae:pelt-canina-male-cynotherium-sardous" },"E": { "type": "item", "code": "game:metalnailsandstrips-*" },"F": { "type": "item", "code": "game:clay-*" },"G": { "type": "block", "code": "game:debarkedlog-*" },"H": { "type": "block", "code": "game:glass-*" },"I": { "type": "item", "code": "game:powderedborax" }},"width": 3,"height": 3,"output": { "type": "block", "code": "caninae:headmount-caninae-canina-male-cynotherium-sardous-north", "quantity": 1  }},
{"name": "Side-Striped Jackal Head Mount (Baby)", "ingredientPattern": "_BC,DEF,GHI","ingredients": {"B": { "type": "item", "code": "game:knife-*", "isTool": true },"C": { "type": "item", "code": "game:hammer-*", "isTool": true },"D": { "type": "item", "code": "caninae:pelt-canina-baby-lupulella-adusta" },"E": { "type": "item", "code": "game:metalnailsandstrips-*" },"F": { "type": "item", "code": "game:clay-*" },"G": { "type": "block", "code": "game:debarkedlog-*" },"H": { "type": "block", "code": "game:glass-*" },"I": { "type": "item", "code": "game:powderedborax" }},"width": 3,"height": 3,"output": { "type": "block", "code": "caninae:headmount-caninae-canina-baby-lupulella-adusta-north", "quantity": 1  }},
{"name": "Side-Striped Jackal Head Mount (Female)", "ingredientPattern": "_BC,DEF,GHI","ingredients": {"B": { "type": "item", "code": "game:knife-*", "isTool": true },"C": { "type": "item", "code": "game:hammer-*", "isTool": true },"D": { "type": "item", "code": "caninae:pelt-canina-female-lupulella-adusta" },"E": { "type": "item", "code": "game:metalnailsandstrips-*" },"F": { "type": "item", "code": "game:clay-*" },"G": { "type": "block", "code": "game:debarkedlog-*" },"H": { "type": "block", "code": "game:glass-*" },"I": { "type": "item", "code": "game:powderedborax" }},"width": 3,"height": 3,"output": { "type": "block", "code": "caninae:headmount-caninae-canina-female-lupulella-adusta-north", "quantity": 1  }},
{"name": "Side-Striped Jackal Head Mount (Male)", "ingredientPattern": "_BC,DEF,GHI","ingredients": {"B": { "type": "item", "code": "game:knife-*", "isTool": true },"C": { "type": "item", "code": "game:hammer-*", "isTool": true },"D": { "type": "item", "code": "caninae:pelt-canina-male-lupulella-adusta" },"E": { "type": "item", "code": "game:metalnailsandstrips-*" },"F": { "type": "item", "code": "game:clay-*" },"G": { "type": "block", "code": "game:debarkedlog-*" },"H": { "type": "block", "code": "game:glass-*" },"I": { "type": "item", "code": "game:powderedborax" }},"width": 3,"height": 3,"output": { "type": "block", "code": "caninae:headmount-caninae-canina-male-lupulella-adusta-north", "quantity": 1  }},
{"name": "Black-Backed Jackal Head Mount (Baby)", "ingredientPattern": "_BC,DEF,GHI","ingredients": {"B": { "type": "item", "code": "game:knife-*", "isTool": true },"C": { "type": "item", "code": "game:hammer-*", "isTool": true },"D": { "type": "item", "code": "caninae:pelt-canina-baby-lupulella-mesomelas" },"E": { "type": "item", "code": "game:metalnailsandstrips-*" },"F": { "type": "item", "code": "game:clay-*" },"G": { "type": "block", "code": "game:debarkedlog-*" },"H": { "type": "block", "code": "game:glass-*" },"I": { "type": "item", "code": "game:powderedborax" }},"width": 3,"height": 3,"output": { "type": "block", "code": "caninae:headmount-caninae-canina-baby-lupulella-mesomelas-north", "quantity": 1  }},
{"name": "Black-Backed Jackal Head Mount (Female)", "ingredientPattern": "_BC,DEF,GHI","ingredients": {"B": { "type": "item", "code": "game:knife-*", "isTool": true },"C": { "type": "item", "code": "game:hammer-*", "isTool": true },"D": { "type": "item", "code": "caninae:pelt-canina-female-lupulella-mesomelas" },"E": { "type": "item", "code": "game:metalnailsandstrips-*" },"F": { "type": "item", "code": "game:clay-*" },"G": { "type": "block", "code": "game:debarkedlog-*" },"H": { "type": "block", "code": "game:glass-*" },"I": { "type": "item", "code": "game:powderedborax" }},"width": 3,"height": 3,"output": { "type": "block", "code": "caninae:headmount-caninae-canina-female-lupulella-mesomelas-north", "quantity": 1  }},
{"name": "Black-Backed Jackal Head Mount (Male)", "ingredientPattern": "_BC,DEF,GHI","ingredients": {"B": { "type": "item", "code": "game:knife-*", "isTool": true },"C": { "type": "item", "code": "game:hammer-*", "isTool": true },"D": { "type": "item", "code": "caninae:pelt-canina-male-lupulella-mesomelas" },"E": { "type": "item", "code": "game:metalnailsandstrips-*" },"F": { "type": "item", "code": "game:clay-*" },"G": { "type": "block", "code": "game:debarkedlog-*" },"H": { "type": "block", "code": "game:glass-*" },"I": { "type": "item", "code": "game:powderedborax" }},"width": 3,"height": 3,"output": { "type": "block", "code": "caninae:headmount-caninae-canina-male-lupulella-mesomelas-north", "quantity": 1  }},
{"name": "African Wild Dog Head Mount (Baby)", "ingredientPattern": "_BC,DEF,GHI","ingredients": {"B": { "type": "item", "code": "game:knife-*", "isTool": true },"C": { "type": "item", "code": "game:hammer-*", "isTool": true },"D": { "type": "item", "code": "caninae:pelt-canina-baby-lycaon-pictus" },"E": { "type": "item", "code": "game:metalnailsandstrips-*" },"F": { "type": "item", "code": "game:clay-*" },"G": { "type": "block", "code": "game:debarkedlog-*" },"H": { "type": "block", "code": "game:glass-*" },"I": { "type": "item", "code": "game:powderedborax" }},"width": 3,"height": 3,"output": { "type": "block", "code": "caninae:headmount-caninae-canina-baby-lycaon-pictus-north", "quantity": 1  }},
{"name": "African Wild Dog Head Mount (Female)", "ingredientPattern": "_BC,DEF,GHI","ingredients": {"B": { "type": "item", "code": "game:knife-*", "isTool": true },"C": { "type": "item", "code": "game:hammer-*", "isTool": true },"D": { "type": "item", "code": "caninae:pelt-canina-female-lycaon-pictus" },"E": { "type": "item", "code": "game:metalnailsandstrips-*" },"F": { "type": "item", "code": "game:clay-*" },"G": { "type": "block", "code": "game:debarkedlog-*" },"H": { "type": "block", "code": "game:glass-*" },"I": { "type": "item", "code": "game:powderedborax" }},"width": 3,"height": 3,"output": { "type": "block", "code": "caninae:headmount-caninae-canina-female-lycaon-pictus-north", "quantity": 1  }},
{"name": "African Wild Dog Head Mount (Male)", "ingredientPattern": "_BC,DEF,GHI","ingredients": {"B": { "type": "item", "code": "game:knife-*", "isTool": true },"C": { "type": "item", "code": "game:hammer-*", "isTool": true },"D": { "type": "item", "code": "caninae:pelt-canina-male-lycaon-pictus" },"E": { "type": "item", "code": "game:metalnailsandstrips-*" },"F": { "type": "item", "code": "game:clay-*" },"G": { "type": "block", "code": "game:debarkedlog-*" },"H": { "type": "block", "code": "game:glass-*" },"I": { "type": "item", "code": "game:powderedborax" }},"width": 3,"height": 3,"output": { "type": "block", "code": "caninae:headmount-caninae-canina-male-lycaon-pictus-north", "quantity": 1  }},
{"name": "Short-Eared Dog Head Mount (Baby)", "ingredientPattern": "_BC,DEF,GHI","ingredients": {"B": { "type": "item", "code": "game:knife-*", "isTool": true },"C": { "type": "item", "code": "game:hammer-*", "isTool": true },"D": { "type": "item", "code": "caninae:pelt-cerdocyonina-baby-atelocynus-microtis" },"E": { "type": "item", "code": "game:metalnailsandstrips-*" },"F": { "type": "item", "code": "game:clay-*" },"G": { "type": "block", "code": "game:debarkedlog-*" },"H": { "type": "block", "code": "game:glass-*" },"I": { "type": "item", "code": "game:powderedborax" }},"width": 3,"height": 3,"output": { "type": "block", "code": "caninae:headmount-caninae-cerdocyonina-baby-atelocynus-microtis-north", "quantity": 1  }},
{"name": "Short-Eared Dog Head Mount (Female)", "ingredientPattern": "_BC,DEF,GHI","ingredients": {"B": { "type": "item", "code": "game:knife-*", "isTool": true },"C": { "type": "item", "code": "game:hammer-*", "isTool": true },"D": { "type": "item", "code": "caninae:pelt-cerdocyonina-female-atelocynus-microtis" },"E": { "type": "item", "code": "game:metalnailsandstrips-*" },"F": { "type": "item", "code": "game:clay-*" },"G": { "type": "block", "code": "game:debarkedlog-*" },"H": { "type": "block", "code": "game:glass-*" },"I": { "type": "item", "code": "game:powderedborax" }},"width": 3,"height": 3,"output": { "type": "block", "code": "caninae:headmount-caninae-cerdocyonina-female-atelocynus-microtis-north", "quantity": 1  }},
{"name": "Short-Eared Dog Head Mount (Male)", "ingredientPattern": "_BC,DEF,GHI","ingredients": {"B": { "type": "item", "code": "game:knife-*", "isTool": true },"C": { "type": "item", "code": "game:hammer-*", "isTool": true },"D": { "type": "item", "code": "caninae:pelt-cerdocyonina-male-atelocynus-microtis" },"E": { "type": "item", "code": "game:metalnailsandstrips-*" },"F": { "type": "item", "code": "game:clay-*" },"G": { "type": "block", "code": "game:debarkedlog-*" },"H": { "type": "block", "code": "game:glass-*" },"I": { "type": "item", "code": "game:powderedborax" }},"width": 3,"height": 3,"output": { "type": "block", "code": "caninae:headmount-caninae-cerdocyonina-male-atelocynus-microtis-north", "quantity": 1  }},
{"name": "Crab-Eating Fox Head Mount (Baby)", "ingredientPattern": "_BC,DEF,GHI","ingredients": {"B": { "type": "item", "code": "game:knife-*", "isTool": true },"C": { "type": "item", "code": "game:hammer-*", "isTool": true },"D": { "type": "item", "code": "caninae:pelt-cerdocyonina-baby-cerdocyon-thous" },"E": { "type": "item", "code": "game:metalnailsandstrips-*" },"F": { "type": "item", "code": "game:clay-*" },"G": { "type": "block", "code": "game:debarkedlog-*" },"H": { "type": "block", "code": "game:glass-*" },"I": { "type": "item", "code": "game:powderedborax" }},"width": 3,"height": 3,"output": { "type": "block", "code": "caninae:headmount-caninae-cerdocyonina-baby-cerdocyon-thous-north", "quantity": 1  }},
{"name": "Crab-Eating Fox Head Mount (Female)", "ingredientPattern": "_BC,DEF,GHI","ingredients": {"B": { "type": "item", "code": "game:knife-*", "isTool": true },"C": { "type": "item", "code": "game:hammer-*", "isTool": true },"D": { "type": "item", "code": "caninae:pelt-cerdocyonina-female-cerdocyon-thous" },"E": { "type": "item", "code": "game:metalnailsandstrips-*" },"F": { "type": "item", "code": "game:clay-*" },"G": { "type": "block", "code": "game:debarkedlog-*" },"H": { "type": "block", "code": "game:glass-*" },"I": { "type": "item", "code": "game:powderedborax" }},"width": 3,"height": 3,"output": { "type": "block", "code": "caninae:headmount-caninae-cerdocyonina-female-cerdocyon-thous-north", "quantity": 1  }},
{"name": "Crab-Eating Fox Head Mount (Male)", "ingredientPattern": "_BC,DEF,GHI","ingredients": {"B": { "type": "item", "code": "game:knife-*", "isTool": true },"C": { "type": "item", "code": "game:hammer-*", "isTool": true },"D": { "type": "item", "code": "caninae:pelt-cerdocyonina-male-cerdocyon-thous" },"E": { "type": "item", "code": "game:metalnailsandstrips-*" },"F": { "type": "item", "code": "game:clay-*" },"G": { "type": "block", "code": "game:debarkedlog-*" },"H": { "type": "block", "code": "game:glass-*" },"I": { "type": "item", "code": "game:powderedborax" }},"width": 3,"height": 3,"output": { "type": "block", "code": "caninae:headmount-caninae-cerdocyonina-male-cerdocyon-thous-north", "quantity": 1  }},
{"name": "Maned Wolf Head Mount (Baby)", "ingredientPattern": "_BC,DEF,GHI","ingredients": {"B": { "type": "item", "code": "game:knife-*", "isTool": true },"C": { "type": "item", "code": "game:hammer-*", "isTool": true },"D": { "type": "item", "code": "caninae:pelt-cerdocyonina-baby-chrysocyon-brachyurus" },"E": { "type": "item", "code": "game:metalnailsandstrips-*" },"F": { "type": "item", "code": "game:clay-*" },"G": { "type": "block", "code": "game:debarkedlog-*" },"H": { "type": "block", "code": "game:glass-*" },"I": { "type": "item", "code": "game:powderedborax" }},"width": 3,"height": 3,"output": { "type": "block", "code": "caninae:headmount-caninae-cerdocyonina-baby-chrysocyon-brachyurus-north", "quantity": 1  }},
{"name": "Maned Wolf Head Mount (Female)", "ingredientPattern": "_BC,DEF,GHI","ingredients": {"B": { "type": "item", "code": "game:knife-*", "isTool": true },"C": { "type": "item", "code": "game:hammer-*", "isTool": true },"D": { "type": "item", "code": "caninae:pelt-cerdocyonina-female-chrysocyon-brachyurus" },"E": { "type": "item", "code": "game:metalnailsandstrips-*" },"F": { "type": "item", "code": "game:clay-*" },"G": { "type": "block", "code": "game:debarkedlog-*" },"H": { "type": "block", "code": "game:glass-*" },"I": { "type": "item", "code": "game:powderedborax" }},"width": 3,"height": 3,"output": { "type": "block", "code": "caninae:headmount-caninae-cerdocyonina-female-chrysocyon-brachyurus-north", "quantity": 1  }},
{"name": "Maned Wolf Head Mount (Male)", "ingredientPattern": "_BC,DEF,GHI","ingredients": {"B": { "type": "item", "code": "game:knife-*", "isTool": true },"C": { "type": "item", "code": "game:hammer-*", "isTool": true },"D": { "type": "item", "code": "caninae:pelt-cerdocyonina-male-chrysocyon-brachyurus" },"E": { "type": "item", "code": "game:metalnailsandstrips-*" },"F": { "type": "item", "code": "game:clay-*" },"G": { "type": "block", "code": "game:debarkedlog-*" },"H": { "type": "block", "code": "game:glass-*" },"I": { "type": "item", "code": "game:powderedborax" }},"width": 3,"height": 3,"output": { "type": "block", "code": "caninae:headmount-caninae-cerdocyonina-male-chrysocyon-brachyurus-north", "quantity": 1  }},
{"name": "Warrah Head Mount (Baby)", "ingredientPattern": "_BC,DEF,GHI","ingredients": {"B": { "type": "item", "code": "game:knife-*", "isTool": true },"C": { "type": "item", "code": "game:hammer-*", "isTool": true },"D": { "type": "item", "code": "caninae:pelt-cerdocyonina-baby-dusicyon-australis" },"E": { "type": "item", "code": "game:metalnailsandstrips-*" },"F": { "type": "item", "code": "game:clay-*" },"G": { "type": "block", "code": "game:debarkedlog-*" },"H": { "type": "block", "code": "game:glass-*" },"I": { "type": "item", "code": "game:powderedborax" }},"width": 3,"height": 3,"output": { "type": "block", "code": "caninae:headmount-caninae-cerdocyonina-baby-dusicyon-australis-north", "quantity": 1  }},
{"name": "Warrah Head Mount (Female)", "ingredientPattern": "_BC,DEF,GHI","ingredients": {"B": { "type": "item", "code": "game:knife-*", "isTool": true },"C": { "type": "item", "code": "game:hammer-*", "isTool": true },"D": { "type": "item", "code": "caninae:pelt-cerdocyonina-female-dusicyon-australis" },"E": { "type": "item", "code": "game:metalnailsandstrips-*" },"F": { "type": "item", "code": "game:clay-*" },"G": { "type": "block", "code": "game:debarkedlog-*" },"H": { "type": "block", "code": "game:glass-*" },"I": { "type": "item", "code": "game:powderedborax" }},"width": 3,"height": 3,"output": { "type": "block", "code": "caninae:headmount-caninae-cerdocyonina-female-dusicyon-australis-north", "quantity": 1  }},
{"name": "Warrah Head Mount (Male)", "ingredientPattern": "_BC,DEF,GHI","ingredients": {"B": { "type": "item", "code": "game:knife-*", "isTool": true },"C": { "type": "item", "code": "game:hammer-*", "isTool": true },"D": { "type": "item", "code": "caninae:pelt-cerdocyonina-male-dusicyon-australis" },"E": { "type": "item", "code": "game:metalnailsandstrips-*" },"F": { "type": "item", "code": "game:clay-*" },"G": { "type": "block", "code": "game:debarkedlog-*" },"H": { "type": "block", "code": "game:glass-*" },"I": { "type": "item", "code": "game:powderedborax" }},"width": 3,"height": 3,"output": { "type": "block", "code": "caninae:headmount-caninae-cerdocyonina-male-dusicyon-australis-north", "quantity": 1  }},
{"name": "Mainland Warrah Head Mount (Baby)", "ingredientPattern": "_BC,DEF,GHI","ingredients": {"B": { "type": "item", "code": "game:knife-*", "isTool": true },"C": { "type": "item", "code": "game:hammer-*", "isTool": true },"D": { "type": "item", "code": "caninae:pelt-cerdocyonina-baby-dusicyon-avus" },"E": { "type": "item", "code": "game:metalnailsandstrips-*" },"F": { "type": "item", "code": "game:clay-*" },"G": { "type": "block", "code": "game:debarkedlog-*" },"H": { "type": "block", "code": "game:glass-*" },"I": { "type": "item", "code": "game:powderedborax" }},"width": 3,"height": 3,"output": { "type": "block", "code": "caninae:headmount-caninae-cerdocyonina-baby-dusicyon-avus-north", "quantity": 1  }},
{"name": "Mainland Warrah Head Mount (Female)", "ingredientPattern": "_BC,DEF,GHI","ingredients": {"B": { "type": "item", "code": "game:knife-*", "isTool": true },"C": { "type": "item", "code": "game:hammer-*", "isTool": true },"D": { "type": "item", "code": "caninae:pelt-cerdocyonina-female-dusicyon-avus" },"E": { "type": "item", "code": "game:metalnailsandstrips-*" },"F": { "type": "item", "code": "game:clay-*" },"G": { "type": "block", "code": "game:debarkedlog-*" },"H": { "type": "block", "code": "game:glass-*" },"I": { "type": "item", "code": "game:powderedborax" }},"width": 3,"height": 3,"output": { "type": "block", "code": "caninae:headmount-caninae-cerdocyonina-female-dusicyon-avus-north", "quantity": 1  }},
{"name": "Mainland Warrah Head Mount (Male)", "ingredientPattern": "_BC,DEF,GHI","ingredients": {"B": { "type": "item", "code": "game:knife-*", "isTool": true },"C": { "type": "item", "code": "game:hammer-*", "isTool": true },"D": { "type": "item", "code": "caninae:pelt-cerdocyonina-male-dusicyon-avus" },"E": { "type": "item", "code": "game:metalnailsandstrips-*" },"F": { "type": "item", "code": "game:clay-*" },"G": { "type": "block", "code": "game:debarkedlog-*" },"H": { "type": "block", "code": "game:glass-*" },"I": { "type": "item", "code": "game:powderedborax" }},"width": 3,"height": 3,"output": { "type": "block", "code": "caninae:headmount-caninae-cerdocyonina-male-dusicyon-avus-north", "quantity": 1  }},
{"name": "Culpeo Head Mount (Baby)", "ingredientPattern": "_BC,DEF,GHI","ingredients": {"B": { "type": "item", "code": "game:knife-*", "isTool": true },"C": { "type": "item", "code": "game:hammer-*", "isTool": true },"D": { "type": "item", "code": "caninae:pelt-cerdocyonina-baby-lycalopex-culpaeus" },"E": { "type": "item", "code": "game:metalnailsandstrips-*" },"F": { "type": "item", "code": "game:clay-*" },"G": { "type": "block", "code": "game:debarkedlog-*" },"H": { "type": "block", "code": "game:glass-*" },"I": { "type": "item", "code": "game:powderedborax" }},"width": 3,"height": 3,"output": { "type": "block", "code": "caninae:headmount-caninae-cerdocyonina-baby-lycalopex-culpaeus-north", "quantity": 1  }},
{"name": "Culpeo Head Mount (Female)", "ingredientPattern": "_BC,DEF,GHI","ingredients": {"B": { "type": "item", "code": "game:knife-*", "isTool": true },"C": { "type": "item", "code": "game:hammer-*", "isTool": true },"D": { "type": "item", "code": "caninae:pelt-cerdocyonina-female-lycalopex-culpaeus" },"E": { "type": "item", "code": "game:metalnailsandstrips-*" },"F": { "type": "item", "code": "game:clay-*" },"G": { "type": "block", "code": "game:debarkedlog-*" },"H": { "type": "block", "code": "game:glass-*" },"I": { "type": "item", "code": "game:powderedborax" }},"width": 3,"height": 3,"output": { "type": "block", "code": "caninae:headmount-caninae-cerdocyonina-female-lycalopex-culpaeus-north", "quantity": 1  }},
{"name": "Culpeo Head Mount (Male)", "ingredientPattern": "_BC,DEF,GHI","ingredients": {"B": { "type": "item", "code": "game:knife-*", "isTool": true },"C": { "type": "item", "code": "game:hammer-*", "isTool": true },"D": { "type": "item", "code": "caninae:pelt-cerdocyonina-male-lycalopex-culpaeus" },"E": { "type": "item", "code": "game:metalnailsandstrips-*" },"F": { "type": "item", "code": "game:clay-*" },"G": { "type": "block", "code": "game:debarkedlog-*" },"H": { "type": "block", "code": "game:glass-*" },"I": { "type": "item", "code": "game:powderedborax" }},"width": 3,"height": 3,"output": { "type": "block", "code": "caninae:headmount-caninae-cerdocyonina-male-lycalopex-culpaeus-north", "quantity": 1  }},
{"name": "Darwin's Fox Head Mount (Baby)", "ingredientPattern": "_BC,DEF,GHI","ingredients": {"B": { "type": "item", "code": "game:knife-*", "isTool": true },"C": { "type": "item", "code": "game:hammer-*", "isTool": true },"D": { "type": "item", "code": "caninae:pelt-cerdocyonina-baby-lycalopex-fulvipes" },"E": { "type": "item", "code": "game:metalnailsandstrips-*" },"F": { "type": "item", "code": "game:clay-*" },"G": { "type": "block", "code": "game:debarkedlog-*" },"H": { "type": "block", "code": "game:glass-*" },"I": { "type": "item", "code": "game:powderedborax" }},"width": 3,"height": 3,"output": { "type": "block", "code": "caninae:headmount-caninae-cerdocyonina-baby-lycalopex-fulvipes-north", "quantity": 1  }},
{"name": "Darwin's Fox Head Mount (Female)", "ingredientPattern": "_BC,DEF,GHI","ingredients": {"B": { "type": "item", "code": "game:knife-*", "isTool": true },"C": { "type": "item", "code": "game:hammer-*", "isTool": true },"D": { "type": "item", "code": "caninae:pelt-cerdocyonina-female-lycalopex-fulvipes" },"E": { "type": "item", "code": "game:metalnailsandstrips-*" },"F": { "type": "item", "code": "game:clay-*" },"G": { "type": "block", "code": "game:debarkedlog-*" },"H": { "type": "block", "code": "game:glass-*" },"I": { "type": "item", "code": "game:powderedborax" }},"width": 3,"height": 3,"output": { "type": "block", "code": "caninae:headmount-caninae-cerdocyonina-female-lycalopex-fulvipes-north", "quantity": 1  }},
{"name": "Darwin's Fox Head Mount (Male)", "ingredientPattern": "_BC,DEF,GHI","ingredients": {"B": { "type": "item", "code": "game:knife-*", "isTool": true },"C": { "type": "item", "code": "game:hammer-*", "isTool": true },"D": { "type": "item", "code": "caninae:pelt-cerdocyonina-male-lycalopex-fulvipes" },"E": { "type": "item", "code": "game:metalnailsandstrips-*" },"F": { "type": "item", "code": "game:clay-*" },"G": { "type": "block", "code": "game:debarkedlog-*" },"H": { "type": "block", "code": "game:glass-*" },"I": { "type": "item", "code": "game:powderedborax" }},"width": 3,"height": 3,"output": { "type": "block", "code": "caninae:headmount-caninae-cerdocyonina-male-lycalopex-fulvipes-north", "quantity": 1  }},
{"name": "South American Gray Fox Head Mount (Baby)", "ingredientPattern": "_BC,DEF,GHI","ingredients": {"B": { "type": "item", "code": "game:knife-*", "isTool": true },"C": { "type": "item", "code": "game:hammer-*", "isTool": true },"D": { "type": "item", "code": "caninae:pelt-cerdocyonina-baby-lycalopex-griseus" },"E": { "type": "item", "code": "game:metalnailsandstrips-*" },"F": { "type": "item", "code": "game:clay-*" },"G": { "type": "block", "code": "game:debarkedlog-*" },"H": { "type": "block", "code": "game:glass-*" },"I": { "type": "item", "code": "game:powderedborax" }},"width": 3,"height": 3,"output": { "type": "block", "code": "caninae:headmount-caninae-cerdocyonina-baby-lycalopex-griseus-north", "quantity": 1  }},
{"name": "South American Gray Fox Head Mount (Female)", "ingredientPattern": "_BC,DEF,GHI","ingredients": {"B": { "type": "item", "code": "game:knife-*", "isTool": true },"C": { "type": "item", "code": "game:hammer-*", "isTool": true },"D": { "type": "item", "code": "caninae:pelt-cerdocyonina-female-lycalopex-griseus" },"E": { "type": "item", "code": "game:metalnailsandstrips-*" },"F": { "type": "item", "code": "game:clay-*" },"G": { "type": "block", "code": "game:debarkedlog-*" },"H": { "type": "block", "code": "game:glass-*" },"I": { "type": "item", "code": "game:powderedborax" }},"width": 3,"height": 3,"output": { "type": "block", "code": "caninae:headmount-caninae-cerdocyonina-female-lycalopex-griseus-north", "quantity": 1  }},
{"name": "South American Gray Fox Head Mount (Male)", "ingredientPattern": "_BC,DEF,GHI","ingredients": {"B": { "type": "item", "code": "game:knife-*", "isTool": true },"C": { "type": "item", "code": "game:hammer-*", "isTool": true },"D": { "type": "item", "code": "caninae:pelt-cerdocyonina-male-lycalopex-griseus" },"E": { "type": "item", "code": "game:metalnailsandstrips-*" },"F": { "type": "item", "code": "game:clay-*" },"G": { "type": "block", "code": "game:debarkedlog-*" },"H": { "type": "block", "code": "game:glass-*" },"I": { "type": "item", "code": "game:powderedborax" }},"width": 3,"height": 3,"output": { "type": "block", "code": "caninae:headmount-caninae-cerdocyonina-male-lycalopex-griseus-north", "quantity": 1  }},
{"name": "Pampas Fox Head Mount (Baby)", "ingredientPattern": "_BC,DEF,GHI","ingredients": {"B": { "type": "item", "code": "game:knife-*", "isTool": true },"C": { "type": "item", "code": "game:hammer-*", "isTool": true },"D": { "type": "item", "code": "caninae:pelt-cerdocyonina-baby-lycalopex-gymnocercus" },"E": { "type": "item", "code": "game:metalnailsandstrips-*" },"F": { "type": "item", "code": "game:clay-*" },"G": { "type": "block", "code": "game:debarkedlog-*" },"H": { "type": "block", "code": "game:glass-*" },"I": { "type": "item", "code": "game:powderedborax" }},"width": 3,"height": 3,"output": { "type": "block", "code": "caninae:headmount-caninae-cerdocyonina-baby-lycalopex-gymnocercus-north", "quantity": 1  }},
{"name": "Pampas Fox Head Mount (Female)", "ingredientPattern": "_BC,DEF,GHI","ingredients": {"B": { "type": "item", "code": "game:knife-*", "isTool": true },"C": { "type": "item", "code": "game:hammer-*", "isTool": true },"D": { "type": "item", "code": "caninae:pelt-cerdocyonina-female-lycalopex-gymnocercus" },"E": { "type": "item", "code": "game:metalnailsandstrips-*" },"F": { "type": "item", "code": "game:clay-*" },"G": { "type": "block", "code": "game:debarkedlog-*" },"H": { "type": "block", "code": "game:glass-*" },"I": { "type": "item", "code": "game:powderedborax" }},"width": 3,"height": 3,"output": { "type": "block", "code": "caninae:headmount-caninae-cerdocyonina-female-lycalopex-gymnocercus-north", "quantity": 1  }},
{"name": "Pampas Fox Head Mount (Male)", "ingredientPattern": "_BC,DEF,GHI","ingredients": {"B": { "type": "item", "code": "game:knife-*", "isTool": true },"C": { "type": "item", "code": "game:hammer-*", "isTool": true },"D": { "type": "item", "code": "caninae:pelt-cerdocyonina-male-lycalopex-gymnocercus" },"E": { "type": "item", "code": "game:metalnailsandstrips-*" },"F": { "type": "item", "code": "game:clay-*" },"G": { "type": "block", "code": "game:debarkedlog-*" },"H": { "type": "block", "code": "game:glass-*" },"I": { "type": "item", "code": "game:powderedborax" }},"width": 3,"height": 3,"output": { "type": "block", "code": "caninae:headmount-caninae-cerdocyonina-male-lycalopex-gymnocercus-north", "quantity": 1  }},
{"name": "Sechuran Fox Head Mount (Baby)", "ingredientPattern": "_BC,DEF,GHI","ingredients": {"B": { "type": "item", "code": "game:knife-*", "isTool": true },"C": { "type": "item", "code": "game:hammer-*", "isTool": true },"D": { "type": "item", "code": "caninae:pelt-cerdocyonina-baby-lycalopex-sechurae" },"E": { "type": "item", "code": "game:metalnailsandstrips-*" },"F": { "type": "item", "code": "game:clay-*" },"G": { "type": "block", "code": "game:debarkedlog-*" },"H": { "type": "block", "code": "game:glass-*" },"I": { "type": "item", "code": "game:powderedborax" }},"width": 3,"height": 3,"output": { "type": "block", "code": "caninae:headmount-caninae-cerdocyonina-baby-lycalopex-sechurae-north", "quantity": 1  }},
{"name": "Sechuran Fox Head Mount (Female)", "ingredientPattern": "_BC,DEF,GHI","ingredients": {"B": { "type": "item", "code": "game:knife-*", "isTool": true },"C": { "type": "item", "code": "game:hammer-*", "isTool": true },"D": { "type": "item", "code": "caninae:pelt-cerdocyonina-female-lycalopex-sechurae" },"E": { "type": "item", "code": "game:metalnailsandstrips-*" },"F": { "type": "item", "code": "game:clay-*" },"G": { "type": "block", "code": "game:debarkedlog-*" },"H": { "type": "block", "code": "game:glass-*" },"I": { "type": "item", "code": "game:powderedborax" }},"width": 3,"height": 3,"output": { "type": "block", "code": "caninae:headmount-caninae-cerdocyonina-female-lycalopex-sechurae-north", "quantity": 1  }},
{"name": "Sechuran Fox Head Mount (Male)", "ingredientPattern": "_BC,DEF,GHI","ingredients": {"B": { "type": "item", "code": "game:knife-*", "isTool": true },"C": { "type": "item", "code": "game:hammer-*", "isTool": true },"D": { "type": "item", "code": "caninae:pelt-cerdocyonina-male-lycalopex-sechurae" },"E": { "type": "item", "code": "game:metalnailsandstrips-*" },"F": { "type": "item", "code": "game:clay-*" },"G": { "type": "block", "code": "game:debarkedlog-*" },"H": { "type": "block", "code": "game:glass-*" },"I": { "type": "item", "code": "game:powderedborax" }},"width": 3,"height": 3,"output": { "type": "block", "code": "caninae:headmount-caninae-cerdocyonina-male-lycalopex-sechurae-north", "quantity": 1  }},
{"name": "Hoary Fox Head Mount (Baby)", "ingredientPattern": "_BC,DEF,GHI","ingredients": {"B": { "type": "item", "code": "game:knife-*", "isTool": true },"C": { "type": "item", "code": "game:hammer-*", "isTool": true },"D": { "type": "item", "code": "caninae:pelt-cerdocyonina-baby-lycalopex-vetulus" },"E": { "type": "item", "code": "game:metalnailsandstrips-*" },"F": { "type": "item", "code": "game:clay-*" },"G": { "type": "block", "code": "game:debarkedlog-*" },"H": { "type": "block", "code": "game:glass-*" },"I": { "type": "item", "code": "game:powderedborax" }},"width": 3,"height": 3,"output": { "type": "block", "code": "caninae:headmount-caninae-cerdocyonina-baby-lycalopex-vetulus-north", "quantity": 1  }},
{"name": "Hoary Fox Head Mount (Female)", "ingredientPattern": "_BC,DEF,GHI","ingredients": {"B": { "type": "item", "code": "game:knife-*", "isTool": true },"C": { "type": "item", "code": "game:hammer-*", "isTool": true },"D": { "type": "item", "code": "caninae:pelt-cerdocyonina-female-lycalopex-vetulus" },"E": { "type": "item", "code": "game:metalnailsandstrips-*" },"F": { "type": "item", "code": "game:clay-*" },"G": { "type": "block", "code": "game:debarkedlog-*" },"H": { "type": "block", "code": "game:glass-*" },"I": { "type": "item", "code": "game:powderedborax" }},"width": 3,"height": 3,"output": { "type": "block", "code": "caninae:headmount-caninae-cerdocyonina-female-lycalopex-vetulus-north", "quantity": 1  }},
{"name": "Hoary Fox Head Mount (Male)", "ingredientPattern": "_BC,DEF,GHI","ingredients": {"B": { "type": "item", "code": "game:knife-*", "isTool": true },"C": { "type": "item", "code": "game:hammer-*", "isTool": true },"D": { "type": "item", "code": "caninae:pelt-cerdocyonina-male-lycalopex-vetulus" },"E": { "type": "item", "code": "game:metalnailsandstrips-*" },"F": { "type": "item", "code": "game:clay-*" },"G": { "type": "block", "code": "game:debarkedlog-*" },"H": { "type": "block", "code": "game:glass-*" },"I": { "type": "item", "code": "game:powderedborax" }},"width": 3,"height": 3,"output": { "type": "block", "code": "caninae:headmount-caninae-cerdocyonina-male-lycalopex-vetulus-north", "quantity": 1  }},
{"name": "Greaty Bush Dog Head Mount (Baby)", "ingredientPattern": "_BC,DEF,GHI","ingredients": {"B": { "type": "item", "code": "game:knife-*", "isTool": true },"C": { "type": "item", "code": "game:hammer-*", "isTool": true },"D": { "type": "item", "code": "caninae:pelt-cerdocyonina-baby-speothos-pacivorus" },"E": { "type": "item", "code": "game:metalnailsandstrips-*" },"F": { "type": "item", "code": "game:clay-*" },"G": { "type": "block", "code": "game:debarkedlog-*" },"H": { "type": "block", "code": "game:glass-*" },"I": { "type": "item", "code": "game:powderedborax" }},"width": 3,"height": 3,"output": { "type": "block", "code": "caninae:headmount-caninae-cerdocyonina-baby-speothos-pacivorus-north", "quantity": 1  }},
{"name": "Greater Bush Dog Head Mount (Female)", "ingredientPattern": "_BC,DEF,GHI","ingredients": {"B": { "type": "item", "code": "game:knife-*", "isTool": true },"C": { "type": "item", "code": "game:hammer-*", "isTool": true },"D": { "type": "item", "code": "caninae:pelt-cerdocyonina-female-speothos-pacivorus" },"E": { "type": "item", "code": "game:metalnailsandstrips-*" },"F": { "type": "item", "code": "game:clay-*" },"G": { "type": "block", "code": "game:debarkedlog-*" },"H": { "type": "block", "code": "game:glass-*" },"I": { "type": "item", "code": "game:powderedborax" }},"width": 3,"height": 3,"output": { "type": "block", "code": "caninae:headmount-caninae-cerdocyonina-female-speothos-pacivorus-north", "quantity": 1  }},
{"name": "Greater Bush Dog Head Mount (Male)", "ingredientPattern": "_BC,DEF,GHI","ingredients": {"B": { "type": "item", "code": "game:knife-*", "isTool": true },"C": { "type": "item", "code": "game:hammer-*", "isTool": true },"D": { "type": "item", "code": "caninae:pelt-cerdocyonina-male-speothos-pacivorus" },"E": { "type": "item", "code": "game:metalnailsandstrips-*" },"F": { "type": "item", "code": "game:clay-*" },"G": { "type": "block", "code": "game:debarkedlog-*" },"H": { "type": "block", "code": "game:glass-*" },"I": { "type": "item", "code": "game:powderedborax" }},"width": 3,"height": 3,"output": { "type": "block", "code": "caninae:headmount-caninae-cerdocyonina-male-speothos-pacivorus-north", "quantity": 1  }},
{"name": "Bush Dog Head Mount (Baby)", "ingredientPattern": "_BC,DEF,GHI","ingredients": {"B": { "type": "item", "code": "game:knife-*", "isTool": true },"C": { "type": "item", "code": "game:hammer-*", "isTool": true },"D": { "type": "item", "code": "caninae:pelt-cerdocyonina-baby-speothos-venaticus" },"E": { "type": "item", "code": "game:metalnailsandstrips-*" },"F": { "type": "item", "code": "game:clay-*" },"G": { "type": "block", "code": "game:debarkedlog-*" },"H": { "type": "block", "code": "game:glass-*" },"I": { "type": "item", "code": "game:powderedborax" }},"width": 3,"height": 3,"output": { "type": "block", "code": "caninae:headmount-caninae-cerdocyonina-baby-speothos-venaticus-north", "quantity": 1  }},
{"name": "Bush Dog Head Mount (Female)", "ingredientPattern": "_BC,DEF,GHI","ingredients": {"B": { "type": "item", "code": "game:knife-*", "isTool": true },"C": { "type": "item", "code": "game:hammer-*", "isTool": true },"D": { "type": "item", "code": "caninae:pelt-cerdocyonina-female-speothos-venaticus" },"E": { "type": "item", "code": "game:metalnailsandstrips-*" },"F": { "type": "item", "code": "game:clay-*" },"G": { "type": "block", "code": "game:debarkedlog-*" },"H": { "type": "block", "code": "game:glass-*" },"I": { "type": "item", "code": "game:powderedborax" }},"width": 3,"height": 3,"output": { "type": "block", "code": "caninae:headmount-caninae-cerdocyonina-female-speothos-venaticus-north", "quantity": 1  }},
{"name": "Bush Dog Head Mount (Male)", "ingredientPattern": "_BC,DEF,GHI","ingredients": {"B": { "type": "item", "code": "game:knife-*", "isTool": true },"C": { "type": "item", "code": "game:hammer-*", "isTool": true },"D": { "type": "item", "code": "caninae:pelt-cerdocyonina-male-speothos-venaticus" },"E": { "type": "item", "code": "game:metalnailsandstrips-*" },"F": { "type": "item", "code": "game:clay-*" },"G": { "type": "block", "code": "game:debarkedlog-*" },"H": { "type": "block", "code": "game:glass-*" },"I": { "type": "item", "code": "game:powderedborax" }},"width": 3,"height": 3,"output": { "type": "block", "code": "caninae:headmount-caninae-cerdocyonina-male-speothos-venaticus-north", "quantity": 1  }},
{"name": "Gray Fox Head Mount (Baby)", "ingredientPattern": "_BC,DEF,GHI","ingredients": {"B": { "type": "item", "code": "game:knife-*", "isTool": true },"C": { "type": "item", "code": "game:hammer-*", "isTool": true },"D": { "type": "item", "code": "caninae:pelt-urocyonini-baby-urocyon-cinereoargenteus" },"E": { "type": "item", "code": "game:metalnailsandstrips-*" },"F": { "type": "item", "code": "game:clay-*" },"G": { "type": "block", "code": "game:debarkedlog-*" },"H": { "type": "block", "code": "game:glass-*" },"I": { "type": "item", "code": "game:powderedborax" }},"width": 3,"height": 3,"output": { "type": "block", "code": "caninae:headmount-caninae-urocyonini-baby-urocyon-cinereoargenteus-north", "quantity": 1  }},
{"name": "Gray Fox Head Mount (Female)", "ingredientPattern": "_BC,DEF,GHI","ingredients": {"B": { "type": "item", "code": "game:knife-*", "isTool": true },"C": { "type": "item", "code": "game:hammer-*", "isTool": true },"D": { "type": "item", "code": "caninae:pelt-urocyonini-female-urocyon-cinereoargenteus" },"E": { "type": "item", "code": "game:metalnailsandstrips-*" },"F": { "type": "item", "code": "game:clay-*" },"G": { "type": "block", "code": "game:debarkedlog-*" },"H": { "type": "block", "code": "game:glass-*" },"I": { "type": "item", "code": "game:powderedborax" }},"width": 3,"height": 3,"output": { "type": "block", "code": "caninae:headmount-caninae-urocyonini-female-urocyon-cinereoargenteus-north", "quantity": 1  }},
{"name": "Gray Fox Head Mount (Male)", "ingredientPattern": "_BC,DEF,GHI","ingredients": {"B": { "type": "item", "code": "game:knife-*", "isTool": true },"C": { "type": "item", "code": "game:hammer-*", "isTool": true },"D": { "type": "item", "code": "caninae:pelt-urocyonini-male-urocyon-cinereoargenteus" },"E": { "type": "item", "code": "game:metalnailsandstrips-*" },"F": { "type": "item", "code": "game:clay-*" },"G": { "type": "block", "code": "game:debarkedlog-*" },"H": { "type": "block", "code": "game:glass-*" },"I": { "type": "item", "code": "game:powderedborax" }},"width": 3,"height": 3,"output": { "type": "block", "code": "caninae:headmount-caninae-urocyonini-male-urocyon-cinereoargenteus-north", "quantity": 1  }},
{"name": "Island Fox Head Mount (Baby)", "ingredientPattern": "_BC,DEF,GHI","ingredients": {"B": { "type": "item", "code": "game:knife-*", "isTool": true },"C": { "type": "item", "code": "game:hammer-*", "isTool": true },"D": { "type": "item", "code": "caninae:pelt-urocyonini-baby-urocyon-littoralis" },"E": { "type": "item", "code": "game:metalnailsandstrips-*" },"F": { "type": "item", "code": "game:clay-*" },"G": { "type": "block", "code": "game:debarkedlog-*" },"H": { "type": "block", "code": "game:glass-*" },"I": { "type": "item", "code": "game:powderedborax" }},"width": 3,"height": 3,"output": { "type": "block", "code": "caninae:headmount-caninae-urocyonini-baby-urocyon-littoralis-north", "quantity": 1  }},
{"name": "Island Fox Head Mount (Female)", "ingredientPattern": "_BC,DEF,GHI","ingredients": {"B": { "type": "item", "code": "game:knife-*", "isTool": true },"C": { "type": "item", "code": "game:hammer-*", "isTool": true },"D": { "type": "item", "code": "caninae:pelt-urocyonini-female-urocyon-littoralis" },"E": { "type": "item", "code": "game:metalnailsandstrips-*" },"F": { "type": "item", "code": "game:clay-*" },"G": { "type": "block", "code": "game:debarkedlog-*" },"H": { "type": "block", "code": "game:glass-*" },"I": { "type": "item", "code": "game:powderedborax" }},"width": 3,"height": 3,"output": { "type": "block", "code": "caninae:headmount-caninae-urocyonini-female-urocyon-littoralis-north", "quantity": 1  }},
{"name": "Island Fox Head Mount (Male)", "ingredientPattern": "_BC,DEF,GHI","ingredients": {"B": { "type": "item", "code": "game:knife-*", "isTool": true },"C": { "type": "item", "code": "game:hammer-*", "isTool": true },"D": { "type": "item", "code": "caninae:pelt-urocyonini-male-urocyon-littoralis" },"E": { "type": "item", "code": "game:metalnailsandstrips-*" },"F": { "type": "item", "code": "game:clay-*" },"G": { "type": "block", "code": "game:debarkedlog-*" },"H": { "type": "block", "code": "game:glass-*" },"I": { "type": "item", "code": "game:powderedborax" }},"width": 3,"height": 3,"output": { "type": "block", "code": "caninae:headmount-caninae-urocyonini-male-urocyon-littoralis-north", "quantity": 1  }},
{"name": "Common Raccoon Dog Head Mount (Baby)", "ingredientPattern": "_BC,DEF,GHI","ingredients": {"B": { "type": "item", "code": "game:knife-*", "isTool": true },"C": { "type": "item", "code": "game:hammer-*", "isTool": true },"D": { "type": "item", "code": "caninae:pelt-vulpini-baby-nyctereutes-procyonoides" },"E": { "type": "item", "code": "game:metalnailsandstrips-*" },"F": { "type": "item", "code": "game:clay-*" },"G": { "type": "block", "code": "game:debarkedlog-*" },"H": { "type": "block", "code": "game:glass-*" },"I": { "type": "item", "code": "game:powderedborax" }},"width": 3,"height": 3,"output": { "type": "block", "code": "caninae:headmount-caninae-vulpini-baby-nyctereutes-procyonoides-north", "quantity": 1  }},
{"name": "Common Raccoon Dog Head Mount (Female)", "ingredientPattern": "_BC,DEF,GHI","ingredients": {"B": { "type": "item", "code": "game:knife-*", "isTool": true },"C": { "type": "item", "code": "game:hammer-*", "isTool": true },"D": { "type": "item", "code": "caninae:pelt-vulpini-female-nyctereutes-procyonoides" },"E": { "type": "item", "code": "game:metalnailsandstrips-*" },"F": { "type": "item", "code": "game:clay-*" },"G": { "type": "block", "code": "game:debarkedlog-*" },"H": { "type": "block", "code": "game:glass-*" },"I": { "type": "item", "code": "game:powderedborax" }},"width": 3,"height": 3,"output": { "type": "block", "code": "caninae:headmount-caninae-vulpini-female-nyctereutes-procyonoides-north", "quantity": 1  }},
{"name": "Common Raccoon Dog Head Mount (Male)", "ingredientPattern": "_BC,DEF,GHI","ingredients": {"B": { "type": "item", "code": "game:knife-*", "isTool": true },"C": { "type": "item", "code": "game:hammer-*", "isTool": true },"D": { "type": "item", "code": "caninae:pelt-vulpini-male-nyctereutes-procyonoides" },"E": { "type": "item", "code": "game:metalnailsandstrips-*" },"F": { "type": "item", "code": "game:clay-*" },"G": { "type": "block", "code": "game:debarkedlog-*" },"H": { "type": "block", "code": "game:glass-*" },"I": { "type": "item", "code": "game:powderedborax" }},"width": 3,"height": 3,"output": { "type": "block", "code": "caninae:headmount-caninae-vulpini-male-nyctereutes-procyonoides-north", "quantity": 1  }},
{"name": "Japanese Raccoon Dog Head Mount (Baby)", "ingredientPattern": "_BC,DEF,GHI","ingredients": {"B": { "type": "item", "code": "game:knife-*", "isTool": true },"C": { "type": "item", "code": "game:hammer-*", "isTool": true },"D": { "type": "item", "code": "caninae:pelt-vulpini-baby-nyctereutes-viverrinus" },"E": { "type": "item", "code": "game:metalnailsandstrips-*" },"F": { "type": "item", "code": "game:clay-*" },"G": { "type": "block", "code": "game:debarkedlog-*" },"H": { "type": "block", "code": "game:glass-*" },"I": { "type": "item", "code": "game:powderedborax" }},"width": 3,"height": 3,"output": { "type": "block", "code": "caninae:headmount-caninae-vulpini-baby-nyctereutes-viverrinus-north", "quantity": 1  }},
{"name": "Japanese Raccoon Dog Head Mount (Female)", "ingredientPattern": "_BC,DEF,GHI","ingredients": {"B": { "type": "item", "code": "game:knife-*", "isTool": true },"C": { "type": "item", "code": "game:hammer-*", "isTool": true },"D": { "type": "item", "code": "caninae:pelt-vulpini-female-nyctereutes-viverrinus" },"E": { "type": "item", "code": "game:metalnailsandstrips-*" },"F": { "type": "item", "code": "game:clay-*" },"G": { "type": "block", "code": "game:debarkedlog-*" },"H": { "type": "block", "code": "game:glass-*" },"I": { "type": "item", "code": "game:powderedborax" }},"width": 3,"height": 3,"output": { "type": "block", "code": "caninae:headmount-caninae-vulpini-female-nyctereutes-viverrinus-north", "quantity": 1  }},
{"name": "Japanese Raccoon Dog Head Mount (Male)", "ingredientPattern": "_BC,DEF,GHI","ingredients": {"B": { "type": "item", "code": "game:knife-*", "isTool": true },"C": { "type": "item", "code": "game:hammer-*", "isTool": true },"D": { "type": "item", "code": "caninae:pelt-vulpini-male-nyctereutes-viverrinus" },"E": { "type": "item", "code": "game:metalnailsandstrips-*" },"F": { "type": "item", "code": "game:clay-*" },"G": { "type": "block", "code": "game:debarkedlog-*" },"H": { "type": "block", "code": "game:glass-*" },"I": { "type": "item", "code": "game:powderedborax" }},"width": 3,"height": 3,"output": { "type": "block", "code": "caninae:headmount-caninae-vulpini-male-nyctereutes-viverrinus-north", "quantity": 1  }},
{"name": "Bat-Eared Fox Head Mount (Baby)", "ingredientPattern": "_BC,DEF,GHI","ingredients": {"B": { "type": "item", "code": "game:knife-*", "isTool": true },"C": { "type": "item", "code": "game:hammer-*", "isTool": true },"D": { "type": "item", "code": "caninae:pelt-vulpini-baby-otocyon-megalotis" },"E": { "type": "item", "code": "game:metalnailsandstrips-*" },"F": { "type": "item", "code": "game:clay-*" },"G": { "type": "block", "code": "game:debarkedlog-*" },"H": { "type": "block", "code": "game:glass-*" },"I": { "type": "item", "code": "game:powderedborax" }},"width": 3,"height": 3,"output": { "type": "block", "code": "caninae:headmount-caninae-vulpini-baby-otocyon-megalotis-north", "quantity": 1  }},
{"name": "Bat-Eared Fox Head Mount (Female)", "ingredientPattern": "_BC,DEF,GHI","ingredients": {"B": { "type": "item", "code": "game:knife-*", "isTool": true },"C": { "type": "item", "code": "game:hammer-*", "isTool": true },"D": { "type": "item", "code": "caninae:pelt-vulpini-female-otocyon-megalotis" },"E": { "type": "item", "code": "game:metalnailsandstrips-*" },"F": { "type": "item", "code": "game:clay-*" },"G": { "type": "block", "code": "game:debarkedlog-*" },"H": { "type": "block", "code": "game:glass-*" },"I": { "type": "item", "code": "game:powderedborax" }},"width": 3,"height": 3,"output": { "type": "block", "code": "caninae:headmount-caninae-vulpini-female-otocyon-megalotis-north", "quantity": 1  }},
{"name": "Bat-Eared Fox Head Mount (Male)", "ingredientPattern": "_BC,DEF,GHI","ingredients": {"B": { "type": "item", "code": "game:knife-*", "isTool": true },"C": { "type": "item", "code": "game:hammer-*", "isTool": true },"D": { "type": "item", "code": "caninae:pelt-vulpini-male-otocyon-megalotis" },"E": { "type": "item", "code": "game:metalnailsandstrips-*" },"F": { "type": "item", "code": "game:clay-*" },"G": { "type": "block", "code": "game:debarkedlog-*" },"H": { "type": "block", "code": "game:glass-*" },"I": { "type": "item", "code": "game:powderedborax" }},"width": 3,"height": 3,"output": { "type": "block", "code": "caninae:headmount-caninae-vulpini-male-otocyon-megalotis-north", "quantity": 1  }},
{"name": "Bengal Fox Head Mount (Baby)", "ingredientPattern": "_BC,DEF,GHI","ingredients": {"B": { "type": "item", "code": "game:knife-*", "isTool": true },"C": { "type": "item", "code": "game:hammer-*", "isTool": true },"D": { "type": "item", "code": "caninae:pelt-vulpini-baby-vulpes-bengalensis" },"E": { "type": "item", "code": "game:metalnailsandstrips-*" },"F": { "type": "item", "code": "game:clay-*" },"G": { "type": "block", "code": "game:debarkedlog-*" },"H": { "type": "block", "code": "game:glass-*" },"I": { "type": "item", "code": "game:powderedborax" }},"width": 3,"height": 3,"output": { "type": "block", "code": "caninae:headmount-caninae-vulpini-baby-vulpes-bengalensis-north", "quantity": 1  }},
{"name": "Bengal Fox Head Mount (Female)", "ingredientPattern": "_BC,DEF,GHI","ingredients": {"B": { "type": "item", "code": "game:knife-*", "isTool": true },"C": { "type": "item", "code": "game:hammer-*", "isTool": true },"D": { "type": "item", "code": "caninae:pelt-vulpini-female-vulpes-bengalensis" },"E": { "type": "item", "code": "game:metalnailsandstrips-*" },"F": { "type": "item", "code": "game:clay-*" },"G": { "type": "block", "code": "game:debarkedlog-*" },"H": { "type": "block", "code": "game:glass-*" },"I": { "type": "item", "code": "game:powderedborax" }},"width": 3,"height": 3,"output": { "type": "block", "code": "caninae:headmount-caninae-vulpini-female-vulpes-bengalensis-north", "quantity": 1  }},
{"name": "Bengal Fox Head Mount (Male)", "ingredientPattern": "_BC,DEF,GHI","ingredients": {"B": { "type": "item", "code": "game:knife-*", "isTool": true },"C": { "type": "item", "code": "game:hammer-*", "isTool": true },"D": { "type": "item", "code": "caninae:pelt-vulpini-male-vulpes-bengalensis" },"E": { "type": "item", "code": "game:metalnailsandstrips-*" },"F": { "type": "item", "code": "game:clay-*" },"G": { "type": "block", "code": "game:debarkedlog-*" },"H": { "type": "block", "code": "game:glass-*" },"I": { "type": "item", "code": "game:powderedborax" }},"width": 3,"height": 3,"output": { "type": "block", "code": "caninae:headmount-caninae-vulpini-male-vulpes-bengalensis-north", "quantity": 1  }},
{"name": "Blanford's Fox Head Mount (Baby)", "ingredientPattern": "_BC,DEF,GHI","ingredients": {"B": { "type": "item", "code": "game:knife-*", "isTool": true },"C": { "type": "item", "code": "game:hammer-*", "isTool": true },"D": { "type": "item", "code": "caninae:pelt-vulpini-baby-vulpes-cana" },"E": { "type": "item", "code": "game:metalnailsandstrips-*" },"F": { "type": "item", "code": "game:clay-*" },"G": { "type": "block", "code": "game:debarkedlog-*" },"H": { "type": "block", "code": "game:glass-*" },"I": { "type": "item", "code": "game:powderedborax" }},"width": 3,"height": 3,"output": { "type": "block", "code": "caninae:headmount-caninae-vulpini-baby-vulpes-cana-north", "quantity": 1  }},
{"name": "Blanford's Fox Head Mount (Female)", "ingredientPattern": "_BC,DEF,GHI","ingredients": {"B": { "type": "item", "code": "game:knife-*", "isTool": true },"C": { "type": "item", "code": "game:hammer-*", "isTool": true },"D": { "type": "item", "code": "caninae:pelt-vulpini-female-vulpes-cana" },"E": { "type": "item", "code": "game:metalnailsandstrips-*" },"F": { "type": "item", "code": "game:clay-*" },"G": { "type": "block", "code": "game:debarkedlog-*" },"H": { "type": "block", "code": "game:glass-*" },"I": { "type": "item", "code": "game:powderedborax" }},"width": 3,"height": 3,"output": { "type": "block", "code": "caninae:headmount-caninae-vulpini-female-vulpes-cana-north", "quantity": 1  }},
{"name": "Blanford's Fox Head Mount (Male)", "ingredientPattern": "_BC,DEF,GHI","ingredients": {"B": { "type": "item", "code": "game:knife-*", "isTool": true },"C": { "type": "item", "code": "game:hammer-*", "isTool": true },"D": { "type": "item", "code": "caninae:pelt-vulpini-male-vulpes-cana" },"E": { "type": "item", "code": "game:metalnailsandstrips-*" },"F": { "type": "item", "code": "game:clay-*" },"G": { "type": "block", "code": "game:debarkedlog-*" },"H": { "type": "block", "code": "game:glass-*" },"I": { "type": "item", "code": "game:powderedborax" }},"width": 3,"height": 3,"output": { "type": "block", "code": "caninae:headmount-caninae-vulpini-male-vulpes-cana-north", "quantity": 1  }},
{"name": "Cape Fox Head Mount (Baby)", "ingredientPattern": "_BC,DEF,GHI","ingredients": {"B": { "type": "item", "code": "game:knife-*", "isTool": true },"C": { "type": "item", "code": "game:hammer-*", "isTool": true },"D": { "type": "item", "code": "caninae:pelt-vulpini-baby-vulpes-chama" },"E": { "type": "item", "code": "game:metalnailsandstrips-*" },"F": { "type": "item", "code": "game:clay-*" },"G": { "type": "block", "code": "game:debarkedlog-*" },"H": { "type": "block", "code": "game:glass-*" },"I": { "type": "item", "code": "game:powderedborax" }},"width": 3,"height": 3,"output": { "type": "block", "code": "caninae:headmount-caninae-vulpini-baby-vulpes-chama-north", "quantity": 1  }},
{"name": "Cape Fox Head Mount (Female)", "ingredientPattern": "_BC,DEF,GHI","ingredients": {"B": { "type": "item", "code": "game:knife-*", "isTool": true },"C": { "type": "item", "code": "game:hammer-*", "isTool": true },"D": { "type": "item", "code": "caninae:pelt-vulpini-female-vulpes-chama" },"E": { "type": "item", "code": "game:metalnailsandstrips-*" },"F": { "type": "item", "code": "game:clay-*" },"G": { "type": "block", "code": "game:debarkedlog-*" },"H": { "type": "block", "code": "game:glass-*" },"I": { "type": "item", "code": "game:powderedborax" }},"width": 3,"height": 3,"output": { "type": "block", "code": "caninae:headmount-caninae-vulpini-female-vulpes-chama-north", "quantity": 1  }},
{"name": "Cape Fox Head Mount (Male)", "ingredientPattern": "_BC,DEF,GHI","ingredients": {"B": { "type": "item", "code": "game:knife-*", "isTool": true },"C": { "type": "item", "code": "game:hammer-*", "isTool": true },"D": { "type": "item", "code": "caninae:pelt-vulpini-male-vulpes-chama" },"E": { "type": "item", "code": "game:metalnailsandstrips-*" },"F": { "type": "item", "code": "game:clay-*" },"G": { "type": "block", "code": "game:debarkedlog-*" },"H": { "type": "block", "code": "game:glass-*" },"I": { "type": "item", "code": "game:powderedborax" }},"width": 3,"height": 3,"output": { "type": "block", "code": "caninae:headmount-caninae-vulpini-male-vulpes-chama-north", "quantity": 1  }},
{"name": "Corsac Fox Head Mount (Baby)", "ingredientPattern": "_BC,DEF,GHI","ingredients": {"B": { "type": "item", "code": "game:knife-*", "isTool": true },"C": { "type": "item", "code": "game:hammer-*", "isTool": true },"D": { "type": "item", "code": "caninae:pelt-vulpini-baby-vulpes-corsac" },"E": { "type": "item", "code": "game:metalnailsandstrips-*" },"F": { "type": "item", "code": "game:clay-*" },"G": { "type": "block", "code": "game:debarkedlog-*" },"H": { "type": "block", "code": "game:glass-*" },"I": { "type": "item", "code": "game:powderedborax" }},"width": 3,"height": 3,"output": { "type": "block", "code": "caninae:headmount-caninae-vulpini-baby-vulpes-corsac-north", "quantity": 1  }},
{"name": "Corsac Fox Head Mount (Female)", "ingredientPattern": "_BC,DEF,GHI","ingredients": {"B": { "type": "item", "code": "game:knife-*", "isTool": true },"C": { "type": "item", "code": "game:hammer-*", "isTool": true },"D": { "type": "item", "code": "caninae:pelt-vulpini-female-vulpes-corsac" },"E": { "type": "item", "code": "game:metalnailsandstrips-*" },"F": { "type": "item", "code": "game:clay-*" },"G": { "type": "block", "code": "game:debarkedlog-*" },"H": { "type": "block", "code": "game:glass-*" },"I": { "type": "item", "code": "game:powderedborax" }},"width": 3,"height": 3,"output": { "type": "block", "code": "caninae:headmount-caninae-vulpini-female-vulpes-corsac-north", "quantity": 1  }},
{"name": "Corsac Fox Head Mount (Male)", "ingredientPattern": "_BC,DEF,GHI","ingredients": {"B": { "type": "item", "code": "game:knife-*", "isTool": true },"C": { "type": "item", "code": "game:hammer-*", "isTool": true },"D": { "type": "item", "code": "caninae:pelt-vulpini-male-vulpes-corsac" },"E": { "type": "item", "code": "game:metalnailsandstrips-*" },"F": { "type": "item", "code": "game:clay-*" },"G": { "type": "block", "code": "game:debarkedlog-*" },"H": { "type": "block", "code": "game:glass-*" },"I": { "type": "item", "code": "game:powderedborax" }},"width": 3,"height": 3,"output": { "type": "block", "code": "caninae:headmount-caninae-vulpini-male-vulpes-corsac-north", "quantity": 1  }},
{"name": "Tibettan Fox Head Mount (Baby)", "ingredientPattern": "_BC,DEF,GHI","ingredients": {"B": { "type": "item", "code": "game:knife-*", "isTool": true },"C": { "type": "item", "code": "game:hammer-*", "isTool": true },"D": { "type": "item", "code": "caninae:pelt-vulpini-baby-vulpes-ferrilata" },"E": { "type": "item", "code": "game:metalnailsandstrips-*" },"F": { "type": "item", "code": "game:clay-*" },"G": { "type": "block", "code": "game:debarkedlog-*" },"H": { "type": "block", "code": "game:glass-*" },"I": { "type": "item", "code": "game:powderedborax" }},"width": 3,"height": 3,"output": { "type": "block", "code": "caninae:headmount-caninae-vulpini-baby-vulpes-ferrilata-north", "quantity": 1  }},
{"name": "Tibettan Fox Head Mount (Female)", "ingredientPattern": "_BC,DEF,GHI","ingredients": {"B": { "type": "item", "code": "game:knife-*", "isTool": true },"C": { "type": "item", "code": "game:hammer-*", "isTool": true },"D": { "type": "item", "code": "caninae:pelt-vulpini-female-vulpes-ferrilata" },"E": { "type": "item", "code": "game:metalnailsandstrips-*" },"F": { "type": "item", "code": "game:clay-*" },"G": { "type": "block", "code": "game:debarkedlog-*" },"H": { "type": "block", "code": "game:glass-*" },"I": { "type": "item", "code": "game:powderedborax" }},"width": 3,"height": 3,"output": { "type": "block", "code": "caninae:headmount-caninae-vulpini-female-vulpes-ferrilata-north", "quantity": 1  }},
{"name": "Tibettan Fox Head Mount (Male)", "ingredientPattern": "_BC,DEF,GHI","ingredients": {"B": { "type": "item", "code": "game:knife-*", "isTool": true },"C": { "type": "item", "code": "game:hammer-*", "isTool": true },"D": { "type": "item", "code": "caninae:pelt-vulpini-male-vulpes-ferrilata" },"E": { "type": "item", "code": "game:metalnailsandstrips-*" },"F": { "type": "item", "code": "game:clay-*" },"G": { "type": "block", "code": "game:debarkedlog-*" },"H": { "type": "block", "code": "game:glass-*" },"I": { "type": "item", "code": "game:powderedborax" }},"width": 3,"height": 3,"output": { "type": "block", "code": "caninae:headmount-caninae-vulpini-male-vulpes-ferrilata-north", "quantity": 1  }},
{"name": "Arctic Fox Head Mount (Baby)", "ingredientPattern": "_BC,DEF,GHI","ingredients": {"B": { "type": "item", "code": "game:knife-*", "isTool": true },"C": { "type": "item", "code": "game:hammer-*", "isTool": true },"D": { "type": "item", "code": "caninae:pelt-vulpini-baby-vulpes-lagopus" },"E": { "type": "item", "code": "game:metalnailsandstrips-*" },"F": { "type": "item", "code": "game:clay-*" },"G": { "type": "block", "code": "game:debarkedlog-*" },"H": { "type": "block", "code": "game:glass-*" },"I": { "type": "item", "code": "game:powderedborax" }},"width": 3,"height": 3,"output": { "type": "block", "code": "caninae:headmount-caninae-vulpini-baby-vulpes-lagopus-north", "quantity": 1  }},
{"name": "Arctic Fox Head Mount (Female)", "ingredientPattern": "_BC,DEF,GHI","ingredients": {"B": { "type": "item", "code": "game:knife-*", "isTool": true },"C": { "type": "item", "code": "game:hammer-*", "isTool": true },"D": { "type": "item", "code": "caninae:pelt-vulpini-female-vulpes-lagopus" },"E": { "type": "item", "code": "game:metalnailsandstrips-*" },"F": { "type": "item", "code": "game:clay-*" },"G": { "type": "block", "code": "game:debarkedlog-*" },"H": { "type": "block", "code": "game:glass-*" },"I": { "type": "item", "code": "game:powderedborax" }},"width": 3,"height": 3,"output": { "type": "block", "code": "caninae:headmount-caninae-vulpini-female-vulpes-lagopus-north", "quantity": 1  }},
{"name": "Arctic Fox Head Mount (Male)", "ingredientPattern": "_BC,DEF,GHI","ingredients": {"B": { "type": "item", "code": "game:knife-*", "isTool": true },"C": { "type": "item", "code": "game:hammer-*", "isTool": true },"D": { "type": "item", "code": "caninae:pelt-vulpini-male-vulpes-lagopus" },"E": { "type": "item", "code": "game:metalnailsandstrips-*" },"F": { "type": "item", "code": "game:clay-*" },"G": { "type": "block", "code": "game:debarkedlog-*" },"H": { "type": "block", "code": "game:glass-*" },"I": { "type": "item", "code": "game:powderedborax" }},"width": 3,"height": 3,"output": { "type": "block", "code": "caninae:headmount-caninae-vulpini-male-vulpes-lagopus-north", "quantity": 1  }},
{"name": "Kit Fox Head Mount (Baby)", "ingredientPattern": "_BC,DEF,GHI","ingredients": {"B": { "type": "item", "code": "game:knife-*", "isTool": true },"C": { "type": "item", "code": "game:hammer-*", "isTool": true },"D": { "type": "item", "code": "caninae:pelt-vulpini-baby-vulpes-macrotis" },"E": { "type": "item", "code": "game:metalnailsandstrips-*" },"F": { "type": "item", "code": "game:clay-*" },"G": { "type": "block", "code": "game:debarkedlog-*" },"H": { "type": "block", "code": "game:glass-*" },"I": { "type": "item", "code": "game:powderedborax" }},"width": 3,"height": 3,"output": { "type": "block", "code": "caninae:headmount-caninae-vulpini-baby-vulpes-macrotis-north", "quantity": 1  }},
{"name": "Kit Fox Head Mount (Female)", "ingredientPattern": "_BC,DEF,GHI","ingredients": {"B": { "type": "item", "code": "game:knife-*", "isTool": true },"C": { "type": "item", "code": "game:hammer-*", "isTool": true },"D": { "type": "item", "code": "caninae:pelt-vulpini-female-vulpes-macrotis" },"E": { "type": "item", "code": "game:metalnailsandstrips-*" },"F": { "type": "item", "code": "game:clay-*" },"G": { "type": "block", "code": "game:debarkedlog-*" },"H": { "type": "block", "code": "game:glass-*" },"I": { "type": "item", "code": "game:powderedborax" }},"width": 3,"height": 3,"output": { "type": "block", "code": "caninae:headmount-caninae-vulpini-female-vulpes-macrotis-north", "quantity": 1  }},
{"name": "Kit Fox Head Mount (Male)", "ingredientPattern": "_BC,DEF,GHI","ingredients": {"B": { "type": "item", "code": "game:knife-*", "isTool": true },"C": { "type": "item", "code": "game:hammer-*", "isTool": true },"D": { "type": "item", "code": "caninae:pelt-vulpini-male-vulpes-macrotis" },"E": { "type": "item", "code": "game:metalnailsandstrips-*" },"F": { "type": "item", "code": "game:clay-*" },"G": { "type": "block", "code": "game:debarkedlog-*" },"H": { "type": "block", "code": "game:glass-*" },"I": { "type": "item", "code": "game:powderedborax" }},"width": 3,"height": 3,"output": { "type": "block", "code": "caninae:headmount-caninae-vulpini-male-vulpes-macrotis-north", "quantity": 1  }},
{"name": "Pale Fox Head Mount (Baby)", "ingredientPattern": "_BC,DEF,GHI","ingredients": {"B": { "type": "item", "code": "game:knife-*", "isTool": true },"C": { "type": "item", "code": "game:hammer-*", "isTool": true },"D": { "type": "item", "code": "caninae:pelt-vulpini-baby-vulpes-pallida" },"E": { "type": "item", "code": "game:metalnailsandstrips-*" },"F": { "type": "item", "code": "game:clay-*" },"G": { "type": "block", "code": "game:debarkedlog-*" },"H": { "type": "block", "code": "game:glass-*" },"I": { "type": "item", "code": "game:powderedborax" }},"width": 3,"height": 3,"output": { "type": "block", "code": "caninae:headmount-caninae-vulpini-baby-vulpes-pallida-north", "quantity": 1  }},
{"name": "Pale Fox Head Mount (Female)", "ingredientPattern": "_BC,DEF,GHI","ingredients": {"B": { "type": "item", "code": "game:knife-*", "isTool": true },"C": { "type": "item", "code": "game:hammer-*", "isTool": true },"D": { "type": "item", "code": "caninae:pelt-vulpini-female-vulpes-pallida" },"E": { "type": "item", "code": "game:metalnailsandstrips-*" },"F": { "type": "item", "code": "game:clay-*" },"G": { "type": "block", "code": "game:debarkedlog-*" },"H": { "type": "block", "code": "game:glass-*" },"I": { "type": "item", "code": "game:powderedborax" }},"width": 3,"height": 3,"output": { "type": "block", "code": "caninae:headmount-caninae-vulpini-female-vulpes-pallida-north", "quantity": 1  }},
{"name": "Pale Fox Head Mount (Male)", "ingredientPattern": "_BC,DEF,GHI","ingredients": {"B": { "type": "item", "code": "game:knife-*", "isTool": true },"C": { "type": "item", "code": "game:hammer-*", "isTool": true },"D": { "type": "item", "code": "caninae:pelt-vulpini-male-vulpes-pallida" },"E": { "type": "item", "code": "game:metalnailsandstrips-*" },"F": { "type": "item", "code": "game:clay-*" },"G": { "type": "block", "code": "game:debarkedlog-*" },"H": { "type": "block", "code": "game:glass-*" },"I": { "type": "item", "code": "game:powderedborax" }},"width": 3,"height": 3,"output": { "type": "block", "code": "caninae:headmount-caninae-vulpini-male-vulpes-pallida-north", "quantity": 1  }},
{"name": "Ruppell's Fox Head Mount (Baby)", "ingredientPattern": "_BC,DEF,GHI","ingredients": {"B": { "type": "item", "code": "game:knife-*", "isTool": true },"C": { "type": "item", "code": "game:hammer-*", "isTool": true },"D": { "type": "item", "code": "caninae:pelt-vulpini-baby-vulpes-rueppellii" },"E": { "type": "item", "code": "game:metalnailsandstrips-*" },"F": { "type": "item", "code": "game:clay-*" },"G": { "type": "block", "code": "game:debarkedlog-*" },"H": { "type": "block", "code": "game:glass-*" },"I": { "type": "item", "code": "game:powderedborax" }},"width": 3,"height": 3,"output": { "type": "block", "code": "caninae:headmount-caninae-vulpini-baby-vulpes-rueppellii-north", "quantity": 1  }},
{"name": "Ruppell's Fox Head Mount (Female)", "ingredientPattern": "_BC,DEF,GHI","ingredients": {"B": { "type": "item", "code": "game:knife-*", "isTool": true },"C": { "type": "item", "code": "game:hammer-*", "isTool": true },"D": { "type": "item", "code": "caninae:pelt-vulpini-female-vulpes-rueppellii" },"E": { "type": "item", "code": "game:metalnailsandstrips-*" },"F": { "type": "item", "code": "game:clay-*" },"G": { "type": "block", "code": "game:debarkedlog-*" },"H": { "type": "block", "code": "game:glass-*" },"I": { "type": "item", "code": "game:powderedborax" }},"width": 3,"height": 3,"output": { "type": "block", "code": "caninae:headmount-caninae-vulpini-female-vulpes-rueppellii-north", "quantity": 1  }},
{"name": "Ruppell's Fox Head Mount (Male)", "ingredientPattern": "_BC,DEF,GHI","ingredients": {"B": { "type": "item", "code": "game:knife-*", "isTool": true },"C": { "type": "item", "code": "game:hammer-*", "isTool": true },"D": { "type": "item", "code": "caninae:pelt-vulpini-male-vulpes-rueppellii" },"E": { "type": "item", "code": "game:metalnailsandstrips-*" },"F": { "type": "item", "code": "game:clay-*" },"G": { "type": "block", "code": "game:debarkedlog-*" },"H": { "type": "block", "code": "game:glass-*" },"I": { "type": "item", "code": "game:powderedborax" }},"width": 3,"height": 3,"output": { "type": "block", "code": "caninae:headmount-caninae-vulpini-male-vulpes-rueppellii-north", "quantity": 1  }},
{"name": "Swift Fox Head Mount (Baby)", "ingredientPattern": "_BC,DEF,GHI","ingredients": {"B": { "type": "item", "code": "game:knife-*", "isTool": true },"C": { "type": "item", "code": "game:hammer-*", "isTool": true },"D": { "type": "item", "code": "caninae:pelt-vulpini-baby-vulpes-velox" },"E": { "type": "item", "code": "game:metalnailsandstrips-*" },"F": { "type": "item", "code": "game:clay-*" },"G": { "type": "block", "code": "game:debarkedlog-*" },"H": { "type": "block", "code": "game:glass-*" },"I": { "type": "item", "code": "game:powderedborax" }},"width": 3,"height": 3,"output": { "type": "block", "code": "caninae:headmount-caninae-vulpini-baby-vulpes-velox-north", "quantity": 1  }},
{"name": "Swift Fox Head Mount (Female)", "ingredientPattern": "_BC,DEF,GHI","ingredients": {"B": { "type": "item", "code": "game:knife-*", "isTool": true },"C": { "type": "item", "code": "game:hammer-*", "isTool": true },"D": { "type": "item", "code": "caninae:pelt-vulpini-female-vulpes-velox" },"E": { "type": "item", "code": "game:metalnailsandstrips-*" },"F": { "type": "item", "code": "game:clay-*" },"G": { "type": "block", "code": "game:debarkedlog-*" },"H": { "type": "block", "code": "game:glass-*" },"I": { "type": "item", "code": "game:powderedborax" }},"width": 3,"height": 3,"output": { "type": "block", "code": "caninae:headmount-caninae-vulpini-female-vulpes-velox-north", "quantity": 1  }},
{"name": "Swift Fox Head Mount (Male)", "ingredientPattern": "_BC,DEF,GHI","ingredients": {"B": { "type": "item", "code": "game:knife-*", "isTool": true },"C": { "type": "item", "code": "game:hammer-*", "isTool": true },"D": { "type": "item", "code": "caninae:pelt-vulpini-male-vulpes-velox" },"E": { "type": "item", "code": "game:metalnailsandstrips-*" },"F": { "type": "item", "code": "game:clay-*" },"G": { "type": "block", "code": "game:debarkedlog-*" },"H": { "type": "block", "code": "game:glass-*" },"I": { "type": "item", "code": "game:powderedborax" }},"width": 3,"height": 3,"output": { "type": "block", "code": "caninae:headmount-caninae-vulpini-male-vulpes-velox-north", "quantity": 1  }},
{"name": "Red Fox Head Mount (Baby)", "ingredientPattern": "_BC,DEF,GHI","ingredients": {"B": { "type": "item", "code": "game:knife-*", "isTool": true },"C": { "type": "item", "code": "game:hammer-*", "isTool": true },"D": { "type": "item", "code": "caninae:pelt-vulpini-baby-vulpes-vulpes" },"E": { "type": "item", "code": "game:metalnailsandstrips-*" },"F": { "type": "item", "code": "game:clay-*" },"G": { "type": "block", "code": "game:debarkedlog-*" },"H": { "type": "block", "code": "game:glass-*" },"I": { "type": "item", "code": "game:powderedborax" }},"width": 3,"height": 3,"output": { "type": "block", "code": "caninae:headmount-caninae-vulpini-baby-vulpes-vulpes-north", "quantity": 1  }},
{"name": "Red Fox Head Mount (Female)", "ingredientPattern": "_BC,DEF,GHI","ingredients": {"B": { "type": "item", "code": "game:knife-*", "isTool": true },"C": { "type": "item", "code": "game:hammer-*", "isTool": true },"D": { "type": "item", "code": "caninae:pelt-vulpini-female-vulpes-vulpes" },"E": { "type": "item", "code": "game:metalnailsandstrips-*" },"F": { "type": "item", "code": "game:clay-*" },"G": { "type": "block", "code": "game:debarkedlog-*" },"H": { "type": "block", "code": "game:glass-*" },"I": { "type": "item", "code": "game:powderedborax" }},"width": 3,"height": 3,"output": { "type": "block", "code": "caninae:headmount-caninae-vulpini-female-vulpes-vulpes-north", "quantity": 1  }},
{"name": "Red Fox Head Mount (Male)", "ingredientPattern": "_BC,DEF,GHI","ingredients": {"B": { "type": "item", "code": "game:knife-*", "isTool": true },"C": { "type": "item", "code": "game:hammer-*", "isTool": true },"D": { "type": "item", "code": "caninae:pelt-vulpini-male-vulpes-vulpes" },"E": { "type": "item", "code": "game:metalnailsandstrips-*" },"F": { "type": "item", "code": "game:clay-*" },"G": { "type": "block", "code": "game:debarkedlog-*" },"H": { "type": "block", "code": "game:glass-*" },"I": { "type": "item", "code": "game:powderedborax" }},"width": 3,"height": 3,"output": { "type": "block", "code": "caninae:headmount-caninae-vulpini-male-vulpes-vulpes-north", "quantity": 1  }},
{"name": "Fennec Fox Head Mount (Baby)", "ingredientPattern": "_BC,DEF,GHI","ingredients": {"B": { "type": "item", "code": "game:knife-*", "isTool": true },"C": { "type": "item", "code": "game:hammer-*", "isTool": true },"D": { "type": "item", "code": "caninae:pelt-vulpini-baby-vulpes-zerda" },"E": { "type": "item", "code": "game:metalnailsandstrips-*" },"F": { "type": "item", "code": "game:clay-*" },"G": { "type": "block", "code": "game:debarkedlog-*" },"H": { "type": "block", "code": "game:glass-*" },"I": { "type": "item", "code": "game:powderedborax" }},"width": 3,"height": 3,"output": { "type": "block", "code": "caninae:headmount-caninae-vulpini-baby-vulpes-zerda-north", "quantity": 1  }},
{"name": "Fennec Fox Head Mount (Female)", "ingredientPattern": "_BC,DEF,GHI","ingredients": {"B": { "type": "item", "code": "game:knife-*", "isTool": true },"C": { "type": "item", "code": "game:hammer-*", "isTool": true },"D": { "type": "item", "code": "caninae:pelt-vulpini-female-vulpes-zerda" },"E": { "type": "item", "code": "game:metalnailsandstrips-*" },"F": { "type": "item", "code": "game:clay-*" },"G": { "type": "block", "code": "game:debarkedlog-*" },"H": { "type": "block", "code": "game:glass-*" },"I": { "type": "item", "code": "game:powderedborax" }},"width": 3,"height": 3,"output": { "type": "block", "code": "caninae:headmount-caninae-vulpini-female-vulpes-zerda-north", "quantity": 1  }},
{"name": "Fennec Fox Head Mount (Male)", "ingredientPattern": "_BC,DEF,GHI","ingredients": {"B": { "type": "item", "code": "game:knife-*", "isTool": true },"C": { "type": "item", "code": "game:hammer-*", "isTool": true },"D": { "type": "item", "code": "caninae:pelt-vulpini-male-vulpes-zerda" },"E": { "type": "item", "code": "game:metalnailsandstrips-*" },"F": { "type": "item", "code": "game:clay-*" },"G": { "type": "block", "code": "game:debarkedlog-*" },"H": { "type": "block", "code": "game:glass-*" },"I": { "type": "item", "code": "game:powderedborax" }},"width": 3,"height": 3,"output": { "type": "block", "code": "caninae:headmount-caninae-vulpini-male-vulpes-zerda-north", "quantity": 1  }},

]