{
	"editor": {
		"allAngles": true,
		"entityTextureMode": true
	},
	"textureWidth": 64,
	"textureHeight": 48,
	"textureSizes": {
		"bottom": [16,16],
		"skin": [64,48]
	},
	"textures": {
	},
	"elements": [
		{
			"name": "Rotation Point",
			"from": [ 0.0, 0.0, 0.0 ], 
			"to": [ 0.0, 0.0, 0.0 ], 
			"uv": [ 0.0, 0.0 ],
			"faces": {
				"north": { "texture": "#null", "uv": [ 0.0, 0.0, 0.5, 0.5 ], "enabled": false },
				"east": { "texture": "#null", "uv": [ 0.0, 0.0, 0.5, 0.5 ], "enabled": false },
				"south": { "texture": "#null", "uv": [ 0.0, 0.0, 0.5, 0.5 ], "enabled": false },
				"west": { "texture": "#null", "uv": [ 0.0, 0.0, 0.5, 0.5 ], "enabled": false },
				"up": { "texture": "#null", "uv": [ 0.0, 0.0, 0.5, 0.5 ], "enabled": false },
				"down": { "texture": "#null", "uv": [ 0.0, 0.0, 0.5, 0.5 ], "enabled": false }
			},
			"children": [
				{
					"name": "Base",
					"from": [ 0.0, 0.0, 8.0 ], 
					"to": [ 0.0, 0.0, 8.0 ], 
					"autoUnwrap": false,
					"uv": [ 0.0, 0.0 ],
					"rotationOrigin": [ 0.0, 0.0, 8.0 ],
					"faces": {
						"north": { "texture": "#null", "uv": [ 0.0, 0.0, 0.5, 0.5 ], "enabled": false },
						"east": { "texture": "#null", "uv": [ 0.0, 0.0, 0.5, 0.5 ], "enabled": false },
						"south": { "texture": "#null", "uv": [ 0.0, 0.0, 0.5, 0.5 ], "enabled": false },
						"west": { "texture": "#null", "uv": [ 0.0, 0.0, 0.5, 0.5 ], "enabled": false },
						"up": { "texture": "#null", "uv": [ 0.0, 0.0, 0.5, 0.5 ], "enabled": false },
						"down": { "texture": "#null", "uv": [ 0.0, 0.0, 0.5, 0.5 ], "enabled": false }
					},
					"children": [
						{
							"name": "PeltBody",
							"from": [ 0.0, 0.0, -2.6975 ], 
							"to": [ 7.055, 0.3486, 2.6975 ], 
							"unwrapMode": 5,
							"autoUnwrap": false,
							"uv": [ -10.0, 9.5 ],
							"rotationOrigin": [ 0.0, 0.0, -2.6975 ],
							"faces": {
								"north": { "texture": "#skin", "uv": [ 20.5, 6.0, 29.0, 6.5 ], "rotation": 180, "windMode": [-1,-1,-1,-1] },
								"east": { "texture": "#skin", "uv": [ 14.5, 6.0, 21.0, 6.5 ], "rotation": 180, "windMode": [-1,-1,-1,-1] },
								"south": { "texture": "#skin", "uv": [ 6.0, 6.0, 14.5, 6.5 ], "windMode": [-1,-1,-1,-1] },
								"west": { "texture": "#skin", "uv": [ 0.0, 6.0, 6.5, 6.5 ], "rotation": 180, "windMode": [-1,-1,-1,-1] },
								"up": { "texture": "#skin", "uv": [ 6.0, 0.0, 14.5, 6.0 ], "autoUv": false, "windMode": [-1,-1,-1,-1] },
								"down": { "texture": "#bottom", "uv": [ 0.0, 9.5, 8.5, 16.0 ], "autoUv": false, "windMode": [-1,-1,-1,-1] }
							},
							"children": [
								{
									"name": "LBody",
									"from": [ 0.0, 0.0083, 4.98 ], 
									"to": [ 7.055, 0.3403, 9.96 ], 
									"unwrapMode": 5,
									"autoUnwrap": false,
									"uv": [ -3.0, 4.5 ],
									"rotationOrigin": [ 0.0, -0.0083, 4.98 ],
									"rotationY": -3.0,
									"faces": {
										"north": { "texture": "#null", "uv": [ 0.0, 0.0, 8.5, 0.5 ], "enabled": false },
										"east": { "texture": "#skin", "uv": [ 14.0, 7.5, 14.5, 13.5 ], "rotation": 90, "windMode": [-1,-1,-1,-1] },
										"south": { "texture": "#skin", "uv": [ 6.0, 13.5, 14.5, 14.0 ], "windMode": [-1,-1,-1,-1] },
										"west": { "texture": "#skin", "uv": [ 6.0, 7.5, 6.5, 13.5 ], "rotation": 90, "windMode": [-1,-1,-1,-1] },
										"up": { "texture": "#skin", "uv": [ 6.0, 8.0, 14.5, 14.0 ], "windMode": [-1,-1,-1,-1] },
										"down": { "texture": "#bottom", "uv": [ 2.5, 4.5, 11.0, 10.5 ] }
									},
									"children": [
										{
											"name": "LArm",
											"from": [ 0.0, 0.0083, 4.15 ], 
											"to": [ 1.245, 0.3237, 7.47 ], 
											"unwrapMode": 5,
											"autoUnwrap": false,
											"uv": [ 13.0, 12.5 ],
											"rotationOrigin": [ 0.0, 0.0083, 4.15 ],
											"rotationY": -30.0,
											"faces": {
												"north": { "texture": "#null", "uv": [ 0.0, 0.0, 1.5, 0.5 ], "enabled": false },
												"east": { "texture": "#skin", "uv": [ 39.0, 31.5, 39.5, 35.5 ], "rotation": 90 },
												"south": { "texture": "#skin", "uv": [ 37.5, 35.5, 39.0, 36.0 ], "windMode": [-1,-1,-1,-1] },
												"west": { "texture": "#skin", "uv": [ 37.0, 31.5, 37.5, 35.5 ], "rotation": 270, "windMode": [-1,-1,-1,-1] },
												"up": { "texture": "#skin", "uv": [ 37.5, 31.5, 39.0, 35.5 ], "windMode": [-1,-1,-1,-1] },
												"down": { "texture": "#bottom", "uv": [ 14.5, 11.5, 16.0, 15.5 ], "windMode": [-1,-1,-1,-1] }
											},
											"children": [
												{
													"name": "LArmLower",
													"from": [ 1.245, 0.0083, -0.249 ], 
													"to": [ 2.075, 0.3071, 3.071 ], 
													"unwrapMode": 5,
													"autoUnwrap": false,
													"uv": [ 13.0, 11.5 ],
													"rotationOrigin": [ 2.075, 0.0083, -0.249 ],
													"rotationY": -10.0,
													"faces": {
														"north": { "texture": "#null", "uv": [ 0.0, 0.0, 1.0, 0.5 ], "enabled": false },
														"east": { "texture": "#skin", "uv": [ 40.5, 31.5, 41.0, 35.5 ], "rotation": 90 },
														"south": { "texture": "#skin", "uv": [ 39.5, 35.5, 40.5, 36.0 ], "windMode": [-1,-1,-1,-1] },
														"west": { "texture": "#null", "uv": [ 0.0, 0.0, 4.0, 0.5 ], "enabled": false },
														"up": { "texture": "#skin", "uv": [ 39.5, 31.5, 40.5, 35.5 ], "windMode": [-1,-1,-1,-1] },
														"down": { "texture": "#bottom", "uv": [ 14.0, 11.5, 15.0, 15.5 ], "windMode": [-1,-1,-1,-1] }
													}
												}
											]
										}
									]
								},
								{
									"name": "RBody",
									"from": [ 0.0, -0.3403, 0.415 ], 
									"to": [ 7.055, -0.0083, 5.395 ], 
									"unwrapMode": 6,
									"autoUnwrap": false,
									"uv": [ -3.0, 8.0 ],
									"rotationOrigin": [ 0.0, 0.0, 0.415 ],
									"rotationX": 180.0,
									"rotationY": -3.0,
									"faces": {
										"north": { "texture": "#null", "uv": [ 0.0, 0.0, 8.5, 0.5 ], "enabled": false },
										"east": { "texture": "#skin", "uv": [ 20.5, 7.5, 21.0, 13.5 ], "rotation": 90 },
										"south": { "texture": "#skin", "uv": [ 20.5, 13.5, 29.0, 14.0 ], "windMode": [-1,-1,-1,-1] },
										"west": { "texture": "#skin", "uv": [ 28.5, 7.5, 29.0, 13.5 ], "rotation": 270, "windMode": [-1,-1,-1,-1] },
										"up": { "texture": "#bottom", "uv": [ 2.5, 8.0, 11.0, 14.0 ], "windMode": [-1,-1,-1,-1] },
										"down": { "texture": "#skin", "uv": [ 20.5, 8.0, 29.0, 14.0 ], "windMode": [-1,-1,-1,-1] }
									},
									"children": [
										{
											"name": "RArm",
											"from": [ 0.0, 0.0083, 4.15 ], 
											"to": [ 1.245, 0.3237, 7.47 ], 
											"unwrapMode": 6,
											"autoUnwrap": false,
											"uv": [ 4.0, 6.5 ],
											"rotationOrigin": [ 0.0, 0.3237, 4.15 ],
											"rotationY": -30.0,
											"faces": {
												"north": { "texture": "#null", "uv": [ 0.0, 0.0, 1.5, 0.5 ], "enabled": false },
												"east": { "texture": "#skin", "uv": [ 30.5, 33.0, 31.0, 37.0 ], "rotation": 90 },
												"south": { "texture": "#skin", "uv": [ 31.0, 37.0, 32.5, 37.5 ], "rotation": 180, "windMode": [-1,-1,-1,-1] },
												"west": { "texture": "#skin", "uv": [ 32.5, 33.0, 33.0, 37.0 ], "rotation": 270, "windMode": [-1,-1,-1,-1] },
												"up": { "texture": "#bottom", "uv": [ 5.5, 6.5, 7.0, 10.5 ], "windMode": [-1,-1,-1,-1] },
												"down": { "texture": "#skin", "uv": [ 31.0, 33.0, 32.5, 37.0 ], "windMode": [-1,-1,-1,-1] }
											},
											"children": [
												{
													"name": "RArmLower",
													"from": [ 1.245, 0.0083, -0.249 ], 
													"to": [ 2.075, 0.3071, 3.071 ], 
													"unwrapMode": 5,
													"autoUnwrap": false,
													"uv": [ 4.5, 6.5 ],
													"rotationOrigin": [ 2.075, 0.3071, -0.249 ],
													"rotationY": -10.0,
													"faces": {
														"north": { "texture": "#null", "uv": [ 0.0, 0.0, 1.0, 0.5 ], "enabled": false },
														"east": { "texture": "#skin", "uv": [ 35.0, 33.0, 35.5, 37.0 ], "rotation": 90, "windMode": [-1,-1,-1,-1] },
														"south": { "texture": "#skin", "uv": [ 29.5, 37.0, 30.5, 37.5 ], "windMode": [-1,-1,-1,-1] },
														"west": { "texture": "#null", "uv": [ 0.0, 0.0, 4.0, 0.5 ], "enabled": false },
														"up": { "texture": "#bottom", "uv": [ 4.5, 6.5, 5.5, 10.5 ], "windMode": [-1,-1,-1,-1] },
														"down": { "texture": "#skin", "uv": [ 29.5, 33.0, 30.5, 37.0 ], "windMode": [-1,-1,-1,-1] }
													}
												}
											]
										}
									]
								},
								{
									"name": "PeltAbdomen",
									"from": [ 7.055, 0.0083, 0.2075 ], 
									"to": [ 14.94, 0.3403, 5.1875 ], 
									"unwrapMode": 5,
									"autoUnwrap": false,
									"uv": [ -11.0, 10.0 ],
									"rotationOrigin": [ 7.055, 0.0083, 0.2075 ],
									"faces": {
										"north": { "texture": "#skin", "uv": [ 50.5, 6.0, 60.0, 6.5 ], "windMode": [-1,-1,-1,-1] },
										"east": { "texture": "#skin", "uv": [ 44.5, 6.0, 50.5, 6.5 ], "windMode": [-1,-1,-1,-1] },
										"south": { "texture": "#skin", "uv": [ 35.0, 6.0, 44.5, 6.5 ], "windMode": [-1,-1,-1,-1] },
										"west": { "texture": "#null", "uv": [ 0.0, 0.0, 6.0, 0.5 ], "enabled": false, "windMode": [-1,-1,-1,-1] },
										"up": { "texture": "#skin", "uv": [ 35.0, 0.0, 44.5, 6.0 ], "windMode": [-1,-1,-1,-1] },
										"down": { "texture": "#bottom", "uv": [ 0.0, 9.5, 9.5, 15.5 ], "windMode": [-1,-1,-1,-1] }
									},
									"children": [
										{
											"name": "LAbdomen",
											"from": [ 0.0, 0.0083, 4.565 ], 
											"to": [ 7.885, 0.3237, 9.96 ], 
											"unwrapMode": 5,
											"autoUnwrap": false,
											"uv": [ -5.0, 7.5 ],
											"rotationOrigin": [ 0.0, 0.0083, 4.565 ],
											"rotationY": -3.0,
											"faces": {
												"north": { "texture": "#null", "uv": [ 0.0, 0.0, 9.5, 0.5 ], "enabled": false },
												"east": { "texture": "#skin", "uv": [ 44.0, 7.0, 44.5, 13.5 ], "rotation": 90 },
												"south": { "texture": "#skin", "uv": [ 35.0, 13.5, 44.5, 14.0 ], "windMode": [-1,-1,-1,-1] },
												"west": { "texture": "#skin", "uv": [ 35.0, 7.0, 35.5, 13.5 ], "rotation": 90, "windMode": [-1,-1,-1,-1] },
												"up": { "texture": "#skin", "uv": [ 35.0, 7.5, 44.5, 14.0 ], "windMode": [-1,-1,-1,-1] },
												"down": { "texture": "#bottom", "uv": [ 6.0, 8.0, 15.5, 14.5 ], "windMode": [-1,-1,-1,-1] }
											},
											"children": [
												{
													"name": "LLeg",
													"from": [ 5.893, 0.0083, 5.395 ], 
													"to": [ 7.553, 0.3071, 8.715 ], 
													"unwrapMode": 5,
													"autoUnwrap": false,
													"uv": [ 0.0, 5.5 ],
													"rotationOrigin": [ 5.893, 0.0083, 5.395 ],
													"rotationY": 72.0,
													"faces": {
														"north": { "texture": "#null", "uv": [ 0.0, 0.0, 2.0, 0.5 ], "enabled": false },
														"east": { "texture": "#skin", "uv": [ 60.5, 24.0, 61.0, 28.0 ], "rotation": 90, "windMode": [-1,-1,-1,-1] },
														"south": { "texture": "#skin", "uv": [ 58.5, 28.0, 60.5, 28.5 ], "windMode": [-1,-1,-1,-1] },
														"west": { "texture": "#skin", "uv": [ 58.0, 24.0, 58.5, 28.0 ], "rotation": 270, "windMode": [-1,-1,-1,-1] },
														"up": { "texture": "#skin", "uv": [ 58.5, 24.0, 60.5, 28.0 ], "windMode": [-1,-1,-1,-1] },
														"down": { "texture": "#bottom", "uv": [ 2.0, 5.5, 4.0, 9.5 ], "windMode": [-1,-1,-1,-1] }
													},
													"children": [
														{
															"name": "LLegEnd",
															"from": [ 0.0, -0.0083, 3.32 ], 
															"to": [ 1.66, 0.3071, 4.98 ], 
															"unwrapMode": 5,
															"autoUnwrap": false,
															"uv": [ -2.0, 7.5 ],
															"rotationOrigin": [ 0.83, -0.0083, 3.32 ],
															"rotationY": -14.0,
															"faces": {
																"north": { "texture": "#skin", "uv": [ 58.5, 28.0, 60.5, 28.5 ], "rotation": 180 },
																"east": { "texture": "#skin", "uv": [ 60.5, 28.5, 61.0, 30.5 ], "rotation": 90, "windMode": [-1,-1,-1,-1] },
																"south": { "texture": "#skin", "uv": [ 58.5, 30.5, 60.5, 31.0 ], "windMode": [-1,-1,-1,-1] },
																"west": { "texture": "#skin", "uv": [ 58.0, 28.5, 58.5, 30.5 ], "rotation": 270, "windMode": [-1,-1,-1,-1] },
																"up": { "texture": "#skin", "uv": [ 58.5, 28.5, 60.5, 30.5 ], "windMode": [-1,-1,-1,-1] },
																"down": { "texture": "#bottom", "uv": [ 0.0, 8.0, 2.0, 10.0 ], "windMode": [-1,-1,-1,-1] }
															}
														}
													]
												},
												{
													"name": "LLegLower",
													"from": [ 6.64, 0.0166, 3.32 ], 
													"to": [ 7.885, 0.2988, 7.055 ], 
													"unwrapMode": 5,
													"autoUnwrap": false,
													"uv": [ 0.5, 6.0 ],
													"rotationOrigin": [ 7.055, 0.0166, 3.32 ],
													"rotationY": 45.0,
													"faces": {
														"north": { "texture": "#null", "uv": [ 0.0, 0.0, 1.5, 0.5 ], "enabled": false },
														"east": { "texture": "#skin", "uv": [ 62.0, 26.0, 62.5, 30.5 ], "rotation": 90 },
														"south": { "texture": "#null", "uv": [ 0.0, 0.0, 1.5, 0.5 ], "enabled": false },
														"west": { "texture": "#null", "uv": [ 0.0, 0.0, 4.5, 0.5 ], "enabled": false },
														"up": { "texture": "#skin", "uv": [ 60.5, 26.0, 62.0, 30.5 ], "windMode": [-1,-1,-1,-1] },
														"down": { "texture": "#bottom", "uv": [ 1.5, 6.0, 3.0, 10.5 ], "windMode": [-1,-1,-1,-1] }
													}
												}
											]
										},
										{
											"name": "RAbdomen",
											"from": [ 0.0, -0.3071, 0.415 ], 
											"to": [ 7.885, 0.0083, 5.81 ], 
											"unwrapMode": 5,
											"autoUnwrap": false,
											"uv": [ -0.5, 4.5 ],
											"rotationOrigin": [ 0.0, 0.0083, 0.415 ],
											"rotationX": 180.0,
											"rotationY": -3.0,
											"faces": {
												"north": { "texture": "#null", "uv": [ 0.0, 0.0, 9.5, 0.5 ], "enabled": false },
												"east": { "texture": "#skin", "uv": [ 50.5, 7.0, 51.0, 13.5 ], "rotation": 90 },
												"south": { "texture": "#skin", "uv": [ 50.5, 13.5, 60.0, 14.0 ], "windMode": [-1,-1,-1,-1] },
												"west": { "texture": "#skin", "uv": [ 59.5, 7.0, 60.0, 13.5 ], "rotation": 90, "windMode": [-1,-1,-1,-1] },
												"up": { "texture": "#bottom", "uv": [ 0.0, 4.5, 9.5, 11.0 ], "windMode": [-1,-1,-1,-1] },
												"down": { "texture": "#skin", "uv": [ 50.5, 7.5, 60.0, 14.0 ], "windMode": [-1,-1,-1,-1] }
											},
											"children": [
												{
													"name": "RLeg",
													"from": [ 5.893, 0.0083, 5.395 ], 
													"to": [ 7.553, 0.3071, 8.715 ], 
													"unwrapMode": 5,
													"autoUnwrap": false,
													"uv": [ -0.5, 4.5 ],
													"rotationOrigin": [ 5.893, 0.3071, 5.395 ],
													"rotationY": 72.0,
													"faces": {
														"north": { "texture": "#null", "uv": [ 0.0, 0.0, 2.0, 0.5 ], "enabled": false },
														"east": { "texture": "#skin", "uv": [ 47.0, 30.5, 47.5, 34.5 ], "rotation": 90 },
														"south": { "texture": "#skin", "uv": [ 47.5, 34.5, 49.5, 35.0 ], "windMode": [-1,-1,-1,-1] },
														"west": { "texture": "#skin", "uv": [ 49.5, 30.5, 50.0, 34.5 ], "rotation": 270, "windMode": [-1,-1,-1,-1] },
														"up": { "texture": "#bottom", "uv": [ 0.0, 4.5, 2.0, 8.5 ], "windMode": [-1,-1,-1,-1] },
														"down": { "texture": "#skin", "uv": [ 47.5, 30.5, 49.5, 34.5 ], "windMode": [-1,-1,-1,-1] }
													},
													"children": [
														{
															"name": "RLegEnd",
															"from": [ 0.0, -0.0083, 3.32 ], 
															"to": [ 1.66, 0.3071, 4.98 ], 
															"unwrapMode": 5,
															"autoUnwrap": false,
															"uv": [ -0.5, 7.5 ],
															"rotationOrigin": [ 0.83, 0.3154, 3.32 ],
															"rotationY": -14.0,
															"faces": {
																"north": { "texture": "#skin", "uv": [ 47.5, 34.5, 49.5, 35.0 ], "rotation": 180 },
																"east": { "texture": "#skin", "uv": [ 47.0, 35.0, 47.5, 37.0 ], "rotation": 90, "windMode": [-1,-1,-1,-1] },
																"south": { "texture": "#skin", "uv": [ 47.5, 37.0, 49.5, 37.5 ], "windMode": [-1,-1,-1,-1] },
																"west": { "texture": "#skin", "uv": [ 49.5, 35.0, 50.0, 37.0 ], "rotation": 270, "windMode": [-1,-1,-1,-1] },
																"up": { "texture": "#bottom", "uv": [ 0.0, 8.0, 2.0, 10.0 ], "windMode": [-1,-1,-1,-1] },
																"down": { "texture": "#skin", "uv": [ 47.5, 35.0, 49.5, 37.0 ], "windMode": [-1,-1,-1,-1] }
															}
														}
													]
												},
												{
													"name": "RLegLower",
													"from": [ 6.64, 0.0166, 3.32 ], 
													"to": [ 7.885, 0.2988, 7.055 ], 
													"unwrapMode": 5,
													"autoUnwrap": false,
													"uv": [ 14.0, 4.5 ],
													"rotationOrigin": [ 7.055, 0.2988, 3.32 ],
													"rotationY": 45.0,
													"faces": {
														"north": { "texture": "#null", "uv": [ 0.0, 0.0, 1.5, 0.5 ], "enabled": false },
														"east": { "texture": "#skin", "uv": [ 52.0, 32.5, 52.5, 37.0 ], "rotation": 90, "windMode": [-1,-1,-1,-1] },
														"south": { "texture": "#null", "uv": [ 0.0, 0.0, 1.5, 0.5 ], "enabled": false, "windMode": [-1,-1,-1,-1] },
														"west": { "texture": "#null", "uv": [ 0.0, 0.0, 4.5, 0.5 ], "enabled": false },
														"up": { "texture": "#bottom", "uv": [ 14.0, 4.5, 15.5, 9.0 ], "windMode": [-1,-1,-1,-1] },
														"down": { "texture": "#skin", "uv": [ 46.0, 32.5, 47.5, 37.0 ], "windMode": [-1,-1,-1,-1] }
													}
												}
											]
										},
										{
											"name": "PeltTail",
											"from": [ 7.802, 0.0083, 1.6185 ], 
											"to": [ 9.462, 0.3237, 3.3615 ], 
											"autoUnwrap": false,
											"uv": [ 0.0, 0.0 ],
											"rotationOrigin": [ 7.802, 0.0083, 1.6185 ],
											"faces": {
												"north": { "texture": "#skin", "uv": [ 50.0, 0.0, 50.5, 2.0 ], "rotation": 90 },
												"east": { "texture": "#skin", "uv": [ 48.0, 1.5, 50.0, 2.0 ], "windMode": [-1,-1,-1,-1] },
												"south": { "texture": "#skin", "uv": [ 47.0, 0.0, 47.5, 2.0 ], "rotation": 90, "windMode": [-1,-1,-1,-1] },
												"west": { "texture": "#skin", "uv": [ 45.0, 1.5, 47.0, 2.0 ], "windMode": [-1,-1,-1,-1] },
												"up": { "texture": "#skin", "uv": [ 48.0, 0.0, 50.0, 2.0 ], "windMode": [-1,-1,-1,-1] },
												"down": { "texture": "#skin", "uv": [ 45.0, 0.0, 47.0, 2.0 ], "windMode": [-1,-1,-1,-1] }
											},
											"children": [
												{
													"name": "PeltTailEnd",
													"from": [ 1.577, -0.0083, 0.0415 ], 
													"to": [ 3.237, 0.3154, 1.7015 ], 
													"autoUnwrap": false,
													"uv": [ 0.0, 0.0 ],
													"rotationOrigin": [ 1.577, -0.0083, 0.0415 ],
													"faces": {
														"north": { "texture": "#skin", "uv": [ 50.5, 2.0, 51.0, 4.0 ], "rotation": 90, "windMode": [-1,-1,-1,-1] },
														"east": { "texture": "#skin", "uv": [ 48.5, 4.0, 50.5, 4.5 ], "windMode": [-1,-1,-1,-1] },
														"south": { "texture": "#skin", "uv": [ 48.0, 2.0, 48.5, 4.0 ], "rotation": 270, "windMode": [-1,-1,-1,-1] },
														"west": { "texture": "#skin", "uv": [ 48.5, 2.0, 50.5, 2.5 ], "windMode": [-1,-1,-1,-1] },
														"up": { "texture": "#skin", "uv": [ 48.5, 2.0, 50.5, 4.0 ], "windMode": [-1,-1,-1,-1] },
														"down": { "texture": "#skin", "uv": [ 48.5, 3.0, 50.5, 5.0 ], "rotation": 90, "windMode": [-1,-1,-1,-1] }
													}
												}
											]
										}
									]
								},
								{
									"name": "LNeck",
									"from": [ -2.49, 0.0166, 2.739 ], 
									"to": [ 0.0, 0.332, 6.889 ], 
									"unwrapMode": 5,
									"autoUnwrap": false,
									"uv": [ 5.0, 11.5 ],
									"rotationOrigin": [ 0.0, 0.0166, 2.739 ],
									"rotationY": 22.0,
									"faces": {
										"north": { "texture": "#skin", "uv": [ 6.5, 22.5, 9.5, 23.0 ], "rotation": 180 },
										"east": { "texture": "#skin", "uv": [ 0.0, 0.0, 5.0, 0.5 ], "enabled": false, "windMode": [-1,-1,-1,-1] },
										"south": { "texture": "#skin", "uv": [ 6.5, 28.0, 9.5, 28.5 ], "windMode": [-1,-1,-1,-1] },
										"west": { "texture": "#skin", "uv": [ 6.0, 23.0, 6.5, 28.0 ], "rotation": 270, "windMode": [-1,-1,-1,-1] },
										"up": { "texture": "#skin", "uv": [ 6.5, 23.0, 9.5, 28.0 ], "windMode": [-1,-1,-1,-1] },
										"down": { "texture": "#bottom", "uv": [ 7.0, 11.0, 10.0, 16.0 ], "windMode": [-1,-1,-1,-1] }
									}
								},
								{
									"name": "RNeck",
									"from": [ -2.49, -0.2988, 2.656 ], 
									"to": [ 0.0, 0.0166, 6.806 ], 
									"unwrapMode": 6,
									"autoUnwrap": false,
									"uv": [ 8.0, 11.5 ],
									"rotationOrigin": [ 0.0, 0.0166, 2.656 ],
									"rotationX": 180.0,
									"rotationY": 22.0,
									"faces": {
										"north": { "texture": "#skin", "uv": [ 6.5, 20.0, 9.5, 20.5 ] },
										"east": { "texture": "#null", "uv": [ 0.0, 0.0, 5.0, 0.5 ], "enabled": false, "windMode": [-1,-1,-1,-1] },
										"south": { "texture": "#skin", "uv": [ 6.5, 30.5, 9.5, 31.0 ], "rotation": 180, "windMode": [-1,-1,-1,-1] },
										"west": { "texture": "#skin", "uv": [ 12.5, 23.0, 13.0, 28.0 ], "rotation": 270, "windMode": [-1,-1,-1,-1] },
										"up": { "texture": "#bottom", "uv": [ 10.0, 11.0, 13.0, 16.0 ], "windMode": [-1,-1,-1,-1] },
										"down": { "texture": "#skin", "uv": [ 9.5, 23.0, 12.5, 28.0 ], "windMode": [-1,-1,-1,-1] }
									}
								}
							]
						}
					]
				}
			]
		}
	]}