{
	"code": "screw",
	"creativeinventory": {
		"qptech-parts": [ "*" ]
	},
	"drawtype": "json",
	"shape": { "base": "item/part/screw" },
	"maxstacksize": 256,
	"variantgroups": [
		{
			"code": "material",
			"states": [ "brass", "steel","iron" ]
		}
	],
	"attributes": {
    "groundStorageTransform": {
			"translation": {
				"x": 0.01,
				"y": -0.005,
				"z": -0.01
			},
			"rotation": {
				"x": 0,
				"y": 45,
				"z": -8
			},
			"origin": {
				"x": 0.5,
				"y": 0,
				"z": 0.5
			},
			"scale": 1.3
    }
  },
  "behaviors": [
    {
      "name": "GroundStorable",
      "properties": {
        "layout": "Quadrants",
        "collisionBox": {
          "x1": 0,
          "y1": 0,
          "z1": 0,
          "x2": 1,
          "y2": 0.0625,
          "z2": 1
        }
      }
    }
  ],
	"textures": {
		"metal": { "base": "game:block/metal/ingot/{material}" }
	},
		guiTransform: {
		translation: { x: 0, y: -22, z: 0 },
		rotation: { x: -28, y: 3, z: -153 },
		origin: { x: 0.5, y: 0.2, z: 0 },
		scale: 3.83
	},
	"fpHandTransform": {
		"translation": {
			"x": -0.1,
			"y": 0.2,
			"z": 0
		},
		"rotation": {
			"x": 90,
			"y": 99,
			"z": -42
		},
		"origin": {
			"x": 0.5,
			"y": 0,
			"z": 0.5
		},
		"scale": 2.15
	},
	"groundTransform": {
		"translation": {
			"x": 0,
			"y": 0,
			"z": 0
		},
		"rotation": {
			"x": 0,
			"y": 0,
			"z": 0
		},
		"origin": {
			"x": 0.5,
			"y": 0,
			"z": 0.5
		},
		"scale": 4.31
	},
		tpHandTransform: {
		translation: { x: 0.5, y: -0.4, z: 0.5 },
		rotation: { x: -180, y: -180, z: -180 },
		origin: { x: 0, y: 0, z: 0 },
		scale: 0.71
	}

}